window_id,vehicle_id,z_0,z_1,z_2,z_3,z_4,z_5,z_6,z_7,z_8,z_9,z_10,z_11,z_12,z_13,z_14,z_15
47,2234,0.2545385,-0.80495036,0.4633972,0.14711656,-0.0034927577,-0.16697101,0.44388485,-0.14545475,-1.0005609,-0.12774998,-0.1420859,0.8269738,0.3781414,0.5709295,-0.21698637,0.6800657
47,2569,0.2545385,-0.80495036,0.4633972,0.14711659,-0.0034927651,-0.16697101,0.44388485,-0.14545473,-1.0005609,-0.12774998,-0.1420859,0.8269737,0.3781414,0.5709296,-0.2169864,0.6800657
47,3819,0.2545385,-0.8049505,0.4633972,0.14711656,-0.0034927502,-0.16697103,0.44388485,-0.14545476,-1.0005609,-0.12774995,-0.14208591,0.82697374,0.37814134,0.5709296,-0.2169864,0.68006563
47,535,0.24375084,-0.7780907,0.45925224,0.14390616,-0.009335518,-0.16791356,0.43549645,-0.14541262,-0.9713385,-0.12474016,-0.1371414,0.8041732,0.35732883,0.5600739,-0.21404074,0.6564706
47,334,0.2545385,-0.80495036,0.4633972,0.14711656,-0.0034927502,-0.16697101,0.44388488,-0.14545475,-1.0005609,-0.12774995,-0.14208591,0.8269737,0.3781414,0.5709296,-0.21698634,0.68006563
47,2601,0.347371,0.759521,0.72142196,-1.2807785,0.42545855,0.041596882,-0.22146174,-0.7512251,-0.8042176,1.4049486,-0.3310992,0.6373706,1.5605353,0.23254941,1.0646234,0.14644164
47,3254,0.2545385,-0.80495036,0.4633972,0.14711656,-0.0034927577,-0.16697103,0.44388485,-0.14545476,-1.0005609,-0.12774995,-0.14208591,0.8269737,0.3781414,0.57092965,-0.2169864,0.68006563
47,3793,2.4638336,0.3886768,1.1202478,1.493096,-0.25382292,0.63942456,-0.035286814,1.0564425,2.1711652,1.2151806,1.5881773,0.32801569,0.61118364,-0.1999979,1.4470199,0.37614685
47,40,2.4503884,0.34915566,1.1283839,1.4733499,-0.2342901,0.64917654,-0.050660163,1.0046318,2.1861918,1.2154899,1.5764086,0.3210752,0.60342395,-0.18823177,1.4604487,0.36335075
47,3587,0.2545385,-0.8049505,0.4633972,0.1471165,-0.0034927651,-0.16697101,0.44388485,-0.14545473,-1.0005609,-0.12774998,-0.1420859,0.8269738,0.37814134,0.5709295,-0.2169864,0.6800657
47,2362,2.4638333,0.3886768,1.1202478,1.493096,-0.25382292,0.6394247,-0.035286844,1.0564425,2.1711655,1.2151806,1.5881774,0.32801569,0.61118364,-0.1999979,1.4470199,0.3761469
47,2593,0.2545385,-0.80495036,0.4633972,0.14711656,-0.0034927577,-0.166971,0.44388485,-0.14545473,-1.0005609,-0.12774998,-0.1420859,0.82697374,0.37814146,0.5709296,-0.2169864,0.6800657
47,4064,0.2545385,-0.80495036,0.4633972,0.14711656,-0.0034927651,-0.166971,0.44388485,-0.14545473,-1.0005609,-0.12774998,-0.1420859,0.82697374,0.3781414,0.5709295,-0.21698637,0.6800657
47,286,0.28860775,-1.2717705,0.11584408,0.35147232,0.5839587,0.2458494,-0.5508225,-0.9046797,0.82748026,-0.42219934,0.15187597,-0.4824854,-0.30939993,0.8581592,0.18674299,-0.19718695
47,4258,2.450388,0.34915566,1.1283839,1.47335,-0.23429006,0.6491766,-0.050660163,1.0046318,2.1861918,1.2154897,1.5764087,0.3210752,0.60342395,-0.18823177,1.4604486,0.36335075
47,3648,0.2545385,-0.80495036,0.4633972,0.14711656,-0.0034927577,-0.166971,0.44388485,-0.14545473,-1.0005609,-0.12774998,-0.1420859,0.8269737,0.3781414,0.5709295,-0.21698637,0.6800657
47,4313,0.25453845,-0.8049505,0.4633972,0.14711653,-0.0034927502,-0.166971,0.44388485,-0.14545476,-1.0005609,-0.12774995,-0.1420859,0.8269738,0.3781414,0.5709295,-0.2169864,0.68006563
47,1271,2.4805253,0.3786548,1.1320788,1.4998883,-0.24769318,0.6486025,-0.040368557,1.0460839,2.1899087,1.2246615,1.5993906,0.3313915,0.6146335,-0.19701666,1.466747,0.3716365
47,2193,0.3472844,0.7228608,0.73237497,-1.2639949,0.42193568,0.022058532,-0.23814374,-0.7628108,-0.83992887,1.3785945,-0.32518384,0.64246255,1.5528132,0.27090806,1.0271721,0.14718732
47,2855,0.25453845,-0.8049505,0.4633972,0.1471165,-0.0034927651,-0.16697101,0.44388485,-0.14545475,-1.0005609,-0.12774998,-0.1420859,0.8269738,0.37814134,0.5709295,-0.21698637,0.6800657
47,2102,0.25453845,-0.8049505,0.4633972,0.14711659,-0.0034927577,-0.16697101,0.44388485,-0.14545475,-1.0005609,-0.12774998,-0.1420859,0.8269738,0.37814134,0.5709295,-0.21698637,0.6800657
47,2534,0.25453845,-0.8049505,0.46339718,0.14711653,-0.0034927577,-0.166971,0.44388485,-0.14545475,-1.0005609,-0.12774998,-0.1420859,0.8269738,0.37814134,0.5709295,-0.21698637,0.6800657
47,2973,0.25453845,-0.8049505,0.4633972,0.14711653,-0.0034927577,-0.16697101,0.44388485,-0.14545475,-1.0005609,-0.12774998,-0.1420859,0.8269738,0.37814128,0.5709295,-0.21698637,0.6800657
47,24,0.33387092,-1.3003652,0.06378397,0.31523943,0.53729427,0.14321792,-0.5425384,-0.8744891,0.9104222,-0.4178706,0.107825525,-0.44847238,-0.27990752,0.86985296,0.086273074,-0.11892331
47,25,-0.0010062158,0.03489218,-0.7807256,0.2365097,0.47030604,0.23129791,-0.14166144,0.22905874,-0.5273809,-0.3249464,0.13883683,-0.35263067,0.10142419,-0.21698609,0.4499337,-0.10894792
47,29,0.2726849,0.21162654,0.39317948,0.44745076,-0.30915233,-0.65629035,-0.18295538,-0.041988716,-0.59656346,-0.37824118,0.46280247,0.28532445,-0.22115055,0.6537553,-0.43030953,-0.23649028
47,51,0.013973564,-0.8349054,-0.27427858,0.12531658,0.5890014,0.21243158,-0.28971067,-0.60914326,0.3096916,-0.40778354,0.0063204244,-0.37580654,-0.20602727,0.43540645,0.35961202,-0.21284954
47,53,0.27225313,0.28579614,0.4040446,0.5329304,-0.37930092,-0.6622834,-0.20339578,0.034780085,-0.5591251,-0.41336492,0.52558815,0.26671612,-0.28743958,0.6142551,-0.51314807,-0.2769083
47,63,0.08539456,0.12322574,-0.8710692,0.31851453,0.44093168,0.22109115,-0.17163423,0.39550406,-0.62127256,-0.31304818,0.17904148,-0.3521042,0.19370854,-0.2696653,0.38540936,-0.0404772
47,68,-0.5847875,0.12649074,-0.09271814,-0.42990667,0.022195928,0.009057939,0.73555565,-0.1564821,0.36451858,-0.092450686,-0.25024295,0.24458338,-0.5338136,-0.39985195,0.6505794,-0.26085335
47,77,-0.108817145,0.12114141,-0.69787455,0.15784024,0.51955795,0.26631215,-0.115229666,0.12061751,-0.59028274,-0.31244504,0.16403562,-0.36497048,0.03597787,-0.2545709,0.6437691,-0.24499014
47,81,-0.33484018,0.5449388,0.5918288,-0.061912574,-0.3738475,-0.12368833,-0.21310839,-0.23100379,0.085644364,0.18469639,0.12007814,-0.1399295,-0.40173447,0.09438661,-0.36796212,-0.48168737
47,96,-0.5322653,0.14487937,-0.34958696,-0.42741966,-0.06428303,-0.047687653,0.9537997,0.121260345,0.45131612,-0.10672713,-0.34979215,0.39134878,-0.4538777,-0.6074997,0.55749,-0.038431764
47,100,0.33431748,-0.1414173,-1.0108116,-0.5495663,-0.006011732,-0.92286485,-0.19075337,0.009477824,0.6046569,-0.10058258,-0.44598052,-0.022667065,0.33958662,0.110514216,-0.40756494,0.294431
47,102,0.12948075,0.31658328,-0.7464894,0.5406375,0.579665,0.44663516,-0.53805375,0.42863822,-1.0496697,-0.30722684,0.4474994,-0.6238352,0.302239,-0.23399717,0.4967084,-0.2087175
47,111,0.09435198,0.10575271,-0.9023601,0.32593787,0.45646954,0.22419661,-0.179984,0.40217876,-0.6286675,-0.32667854,0.17865533,-0.35406333,0.20605177,-0.2712844,0.3870046,-0.033331335
47,112,-0.22589318,0.6421279,0.5679353,0.11204,-0.42998523,-0.27549797,-0.31507358,-0.14863002,-0.024150029,0.037718385,0.28541124,-0.11689887,-0.44579667,0.20939156,-0.46699512,-0.5699489
47,129,0.031151652,-0.20798469,0.54391694,-0.13359492,0.13651276,0.26636425,0.15700983,-0.5660408,0.9060343,0.3243393,0.08903489,0.002418682,-0.29952586,0.0673872,0.77518034,-0.28949708
47,144,-0.5598606,0.4145599,0.23516673,-0.181015,-0.39869353,0.09698554,0.44854063,0.20180964,0.4056952,0.19050568,-0.16111872,0.0014042407,-0.508752,-0.564279,-0.16465689,-0.12086919
47,148,-0.5875158,0.31799078,0.19830665,-0.26703897,-0.33517337,0.11402478,0.4850533,0.13500789,0.46710503,0.18930514,-0.23318043,-0.0048704445,-0.49852735,-0.5753714,-0.07129766,-0.0860868
47,164,0.42078945,-0.10272132,-1.0820312,-0.57233554,-0.08414799,-1.0347143,-0.22303632,0.08985478,0.6610332,-0.06744183,-0.47971737,-0.008966252,0.4190935,0.11817954,-0.5593113,0.38356316
47,169,-0.2051861,-0.92207456,-0.30938178,-0.2243917,0.5628645,0.03195452,-0.14959168,-0.8233967,0.43353948,-0.39786574,-0.25102654,-0.27517176,-0.2734692,0.43384892,0.32755524,-0.21372052
47,174,-0.25503892,0.7839737,0.4046651,0.017636612,-0.3593747,-0.39602014,-0.21970662,-0.13804746,-0.11311488,-0.05824814,0.30106252,-0.04773224,-0.46275884,0.18600142,-0.17903022,-0.70442253
47,192,-0.40867314,0.03446404,0.53532934,-0.31235015,-0.21068656,1.0757017,-1.2686017,0.22738814,0.2595997,0.68590236,-0.3169144,-1.3812457,0.4699052,-0.37024167,-1.4556502,0.13591406
47,198,-0.36726955,0.08802578,0.49888444,-0.156899,-0.28571552,0.8862148,-1.0349534,0.2672096,0.19357963,0.5218916,-0.21670994,-1.1447421,0.32078487,-0.334192,-1.3771309,0.085897624
47,202,0.13249144,0.3356737,-0.81184053,0.5616102,0.62683684,0.47562203,-0.55888915,0.45737612,-1.1245407,-0.3333897,0.4737516,-0.6413186,0.3293928,-0.2700162,0.5541932,-0.2246139
47,203,0.68445325,0.037034534,-1.3465159,-0.6726425,-0.23884982,-1.3755741,-0.43827596,0.28097898,0.7557147,0.0049994886,-0.5466627,-0.02755984,0.7025951,0.16164431,-0.94620824,0.5580924
47,214,-0.4133362,-0.5894382,-0.096308544,-0.29560947,0.5908973,0.15872934,-0.08511245,-0.8624143,0.19728443,-0.32925847,-0.14571343,-0.30277878,-0.3908634,0.28762844,0.6623047,-0.4866013
47,219,2.207565,0.27246812,1.0784363,1.3040148,-0.19244802,0.61497825,-0.039341927,0.8266347,2.0766702,1.1329359,1.4221267,0.28669745,0.5125573,-0.15648946,1.3906382,0.2994948
47,227,-0.07654147,0.10299018,-0.74798286,0.20375596,0.55294484,0.2911948,-0.16799062,0.15050417,-0.6395799,-0.33602056,0.18853009,-0.39455038,0.073773,-0.25020078,0.6347246,-0.23383358
47,238,-0.34956822,0.108621106,0.49545223,-0.11366152,-0.30383965,0.8242001,-0.97286475,0.2714783,0.16781804,0.47681773,-0.18139827,-1.0706538,0.27907044,-0.31440315,-1.3435181,0.06696732
47,248,0.31276944,-0.16945115,-0.99651504,-0.54733175,0.029400557,-0.8912024,-0.2031833,-0.031351328,0.590337,-0.11707697,-0.437199,-0.037715286,0.3227247,0.123257995,-0.36530232,0.26282716
47,256,-0.3367355,-0.6867367,0.5066818,0.20864083,-0.18154654,1.0770012,0.5679094,0.40428048,-0.34753883,0.10057678,-0.34504756,0.18082006,0.23991346,-0.4577639,-0.5638312,0.81392765
47,261,0.29265752,0.23926395,0.4091068,0.50240505,-0.3442435,-0.67843807,-0.20744672,-0.007031068,-0.62003845,-0.4042827,0.5066905,0.29903156,-0.2354584,0.662036,-0.4877262,-0.25022265
47,269,0.12428686,0.2339662,-0.736154,0.5492038,0.6506638,0.4834555,-0.61888874,0.339238,-1.064318,-0.3400732,0.46228606,-0.67382896,0.3016792,-0.17104286,0.5259056,-0.24995562
47,272,0.2025095,0.30106318,0.40941775,0.4998424,-0.39578584,-0.579553,-0.16015792,0.051282972,-0.4524029,-0.35972708,0.47885597,0.22315846,-0.32537177,0.51718783,-0.5100632,-0.27319032
47,274,0.0038487911,-1.0215856,-0.39761484,-0.15426567,0.45283675,-0.14123067,-0.20837182,-0.6906297,0.64215046,-0.3998411,-0.26842192,-0.24965782,-0.18570292,0.5089878,0.03529136,-0.005322501
47,276,-0.2051861,-0.92207456,-0.30938172,-0.2243917,0.5628645,0.031954512,-0.14959171,-0.82339674,0.43353948,-0.39786574,-0.25102654,-0.27517173,-0.2734692,0.43384892,0.32755524,-0.2137205
47,301,2.383861,0.31194228,1.1159259,1.4204023,-0.21973932,0.6424166,-0.057480574,0.9477188,2.1705792,1.1958842,1.5280365,0.30641687,0.5817102,-0.17683025,1.4335558,0.3531062
47,315,2.4805253,0.3786548,1.1320789,1.4998883,-0.24769315,0.6486026,-0.040368527,1.0460839,2.189909,1.2246616,1.5993909,0.3313915,0.61463344,-0.19701669,1.466747,0.3716365
47,316,1.6913866,0.12517075,0.9924164,0.9516772,-0.09200601,0.5665648,0.012942523,0.44249713,1.8514643,0.96739054,1.1119027,0.23483999,0.31149167,-0.10223006,1.3108548,0.13721573
47,319,0.07494384,0.13040926,-0.8310523,0.29284948,0.40369773,0.19540209,-0.13707575,0.38327587,-0.57331187,-0.29102513,0.15817934,-0.32868338,0.17149228,-0.26312947,0.362679,-0.03314078
47,323,0.47144476,-0.053221136,-0.96552455,0.31923664,0.2918579,-0.15659645,-0.34806284,0.44214386,-0.37145752,-0.19772744,0.055680253,-0.19247523,0.47749925,0.03701494,-0.10321234,0.2525879
47,327,0.23108003,0.2977279,0.40755308,0.5232863,-0.3960208,-0.6115834,-0.17483103,0.05460736,-0.49274474,-0.3856915,0.50242555,0.242083,-0.31583434,0.55058086,-0.5197008,-0.27393287
47,330,-0.6201842,0.0025954843,0.036148965,-0.47413003,0.09029286,0.061593227,0.6054274,-0.37930965,0.41412932,-0.061166547,-0.26412317,0.15784787,-0.5555301,-0.270729,0.664026,-0.3338213
47,331,-0.4961561,0.061088473,-0.33085018,-0.42786288,-0.033463303,-0.047902986,0.86692774,0.041262627,0.47622013,-0.09410227,-0.36596847,0.33254176,-0.42283562,-0.5170864,0.5035588,-0.02508606
47,344,0.53012276,-0.1128194,0.70014304,0.18665646,0.08297866,0.36292467,0.1159505,-0.30716547,1.1865008,0.52792084,0.40366477,0.08427572,-0.11974159,0.037558444,0.97316176,-0.19302294
47,349,-0.032783046,-0.7649127,0.48761123,0.13425429,-0.08100196,0.28802896,0.5197213,0.017808437,-0.68164146,-0.027220003,-0.25037354,0.5639954,0.2637112,0.17317206,-0.32890493,0.69241995
47,353,-0.514799,0.65054166,-0.04574932,-0.20692432,-0.4280626,-0.098303445,0.79468846,0.44540977,0.26335898,0.07202074,-0.14320543,0.2875389,-0.49532533,-0.71980435,0.13058284,-0.14171062
47,359,-0.30205235,0.17740734,0.4628222,0.025767773,-0.363394,0.6330138,-0.73029375,0.29989398,0.11059726,0.32692128,-0.07796498,-0.8275395,0.12874177,-0.27971572,-1.2100334,0.012427151
47,361,0.15836874,0.14681086,-1.0266235,-0.55486965,-0.2175715,-0.81392694,0.40472513,0.3959589,0.6252508,-0.016967393,-0.5144713,0.2995749,0.21926862,-0.34926084,-0.24429213,0.3902604
47,365,0.2812206,-0.17280582,0.39286712,0.5924401,-0.33008304,-0.4362836,0.17059283,0.1440076,-0.666871,-0.42832044,0.33144805,0.5290595,-0.15604319,0.4924215,-0.5197556,0.1597122
47,373,0.684942,0.20246929,-1.4061117,-0.67442024,-0.32216865,-1.4047092,-0.31221762,0.45547235,0.7248708,0.050274096,-0.5493682,0.049662933,0.73017716,0.015084397,-0.9380082,0.58494115
47,374,0.33393815,0.7826718,0.7013383,-1.1652758,0.3884363,0.1874327,-0.18673325,-0.5777838,-0.66417205,1.386823,-0.28376994,0.52795416,1.499055,0.06908704,1.0450511,0.19145036
47,380,-0.3155475,-0.53591335,-0.226346,-0.33719164,0.48881203,-0.007994786,-0.0359309,-0.71818197,0.28434265,-0.29462296,-0.20808208,-0.21939534,-0.30376,0.23357736,0.5181873,-0.34295267
47,389,-0.4961561,0.06108848,-0.33085012,-0.4278629,-0.033463303,-0.04790299,0.86692774,0.041262627,0.47622013,-0.094102286,-0.36596847,0.33254176,-0.42283562,-0.5170864,0.50355875,-0.025086045
47,392,0.46256235,-1.3393216,-0.02503477,0.27177483,0.41050315,-0.079641126,-0.53975236,-0.77479315,1.1056657,-0.39670342,0.038184904,-0.3880487,-0.21233436,0.895048,-0.16115604,0.06454
47,399,0.13955995,0.1267238,-0.63203776,0.42378724,0.48391604,0.30353957,-0.46470132,0.2659179,-0.7329828,-0.2653835,0.3079052,-0.52568,0.23063058,-0.07504335,0.33006322,-0.13980728
47,408,0.27225313,0.28579614,0.40404457,0.5329303,-0.37930092,-0.6622834,-0.20339575,0.034780085,-0.5591252,-0.41336495,0.52558815,0.26671606,-0.28743958,0.614255,-0.513148,-0.2769083
47,412,0.25824204,-1.1070827,-0.32621557,0.01954794,0.35257426,-0.22080776,-0.30038986,-0.5969113,0.8781043,-0.38063252,-0.17305437,-0.2516386,-0.1486251,0.624177,-0.16716887,0.12998527
47,440,-0.035206437,0.09688787,-0.83579326,-0.50191194,-0.15947127,-0.5932093,0.62159574,0.3108124,0.5875261,-0.039806895,-0.48463666,0.3577085,0.013471603,-0.42712435,0.0137990415,0.2955059
47,441,-0.17129388,0.54472935,0.66716087,-0.26666415,-0.2281898,-0.10941163,-0.63728416,-0.31686503,-0.112703815,0.38823873,0.093776695,-0.29248273,-0.00095772743,0.27011806,-0.42476678,-0.42624766
47,445,-0.34925473,0.5995987,0.6162404,-0.20781226,-0.27360016,-0.22478357,-0.37057635,-0.45986846,0.008585751,0.17780438,0.12726817,-0.18958573,-0.3649126,0.24780916,-0.19556855,-0.6570043
47,447,0.30447623,0.18528464,-1.1067172,-0.5784445,-0.2673797,-0.97046995,0.21989772,0.42816174,0.64418787,0.018970683,-0.52092284,0.23430596,0.36019146,-0.25507995,-0.44683474,0.44726115
47,468,-0.16184956,0.29978743,0.40123135,0.2713238,-0.45962048,0.2524899,-0.415144,0.33431798,-0.02410613,0.058747165,0.12733316,-0.43230295,-0.08914918,-0.1419169,-1.0240148,-0.089191034
47,473,-0.4848146,0.025396869,-0.32622987,-0.43019432,-0.017439172,-0.04746569,0.8344567,0.0070002377,0.48591864,-0.09341214,-0.37241223,0.3113767,-0.41386914,-0.48236698,0.49029535,-0.024325922
47,488,-0.03825307,0.08296594,-0.75961125,0.23064272,0.5183986,0.27313903,-0.17021874,0.19353628,-0.60779107,-0.3299069,0.17779145,-0.38661212,0.09226552,-0.23566118,0.5516349,-0.18089971
47,490,-0.09821823,0.69538295,0.50206715,0.24229155,-0.4326682,-0.44531178,-0.39019135,-0.10584821,-0.13491453,-0.11798348,0.4226802,-0.09925522,-0.46770045,0.35098094,-0.46975595,-0.643886
47,494,-0.10547605,-1.0138465,-0.32942927,-0.18671954,0.5326056,-0.034427986,-0.21009988,-0.80717134,0.55443215,-0.4077801,-0.25408316,-0.28441638,-0.24054551,0.5030929,0.1922808,-0.12764421
47,500,-0.012787104,0.046399504,-0.7788279,0.23180448,0.4795457,0.23963377,-0.13941324,0.22259757,-0.5417138,-0.3267175,0.1445759,-0.3563019,0.09572545,-0.22599068,0.4757744,-0.12438555
47,502,-0.08134659,-0.39111295,-0.5168902,0.041602254,0.4525023,0.12993348,-0.073096246,-0.22011088,-0.0056283623,-0.33486798,-0.042969853,-0.27814025,-0.108225584,0.07358348,0.36622912,-0.13193078
47,507,0.4937463,-0.057009652,-0.9967501,0.369394,0.3284463,-0.11686514,-0.40505293,0.46754593,-0.43275058,-0.2190431,0.092071064,-0.23328286,0.5063835,0.03790428,-0.09516798,0.24817884
47,511,-0.44094223,-0.7243283,-0.04688041,-0.29574215,0.69718266,0.22426793,-0.19310966,-1.031992,0.19947127,-0.37391657,-0.12844184,-0.37710834,-0.41654792,0.39322612,0.72550267,-0.56431204
47,516,-0.33986348,-0.96210515,0.49228728,0.48367387,-0.28045458,1.1294869,0.7520795,0.5518674,-0.42164892,-0.13096598,-0.32088274,0.30468994,0.10148546,-0.45084602,-0.7864298,0.9662601
47,538,0.2681739,-0.19261274,0.39454383,0.5250113,-0.29270208,-0.42586783,0.16661274,0.092095315,-0.6728298,-0.38885307,0.29123986,0.5223034,-0.119527295,0.507446,-0.47136867,0.16543007
47,539,0.051102787,0.2561801,-0.6616762,0.42224056,0.5499988,0.39500543,-0.43629983,0.29446846,-0.8975576,-0.2901095,0.3688752,-0.5630422,0.20642406,-0.20209616,0.5246712,-0.23832262
47,546,0.2848995,-1.229393,-0.012967989,0.3357929,0.5932322,0.22734508,-0.5032582,-0.81839705,0.7650625,-0.4406332,0.12854046,-0.44788718,-0.26593667,0.7751527,0.20710172,-0.1646018
47,553,-0.23951793,0.8470534,0.29218975,0.11921488,-0.4329518,-0.39760277,-0.033226043,0.10480264,-0.11479692,-0.11217732,0.32883215,0.052138,-0.5049057,0.034505464,-0.19365303,-0.63084257
47,559,0.08431131,0.28112608,-0.7459708,0.48853266,0.6121309,0.44565836,-0.5085758,0.355771,-1.021338,-0.3236803,0.42432064,-0.6105942,0.26667708,-0.23238638,0.5641285,-0.24632865
47,560,0.256142,0.076282725,0.41017297,0.5451363,-0.35864067,-0.5369511,-0.027725786,0.07735479,-0.58824015,-0.3970028,0.4214381,0.37905288,-0.23036401,0.539524,-0.52091795,-0.07598601
47,564,-0.30877358,0.65773964,0.57343704,-0.15345415,-0.27529278,-0.3108215,-0.40062466,-0.4354003,-0.051929906,0.09230509,0.19801673,-0.17389272,-0.3885154,0.30274737,-0.17898919,-0.72152627
47,567,-0.025069147,0.08548218,-0.814741,0.25335836,0.5466388,0.28984615,-0.18703187,0.22450984,-0.6522893,-0.35024226,0.19285434,-0.39729625,0.11757657,-0.25665858,0.5713909,-0.17744063
47,573,-0.46549088,0.6127745,0.33246088,-0.10968026,-0.34198847,-0.14689049,0.2001011,-0.057060793,0.104297,0.023363464,0.06503426,0.035839766,-0.5445322,-0.16427863,-0.0105960965,-0.48782247
47,584,0.73850775,0.15729076,-1.434193,-0.6904295,-0.30623758,-1.4611366,-0.42942575,0.40535122,0.7509374,0.042244736,-0.5525587,-0.00030824542,0.7740078,0.09627657,-1.012976,0.5953689
47,591,-0.030594736,0.7005274,0.4871589,0.297068,-0.43742168,-0.5136346,-0.42495635,-0.091006815,-0.18132047,-0.17445901,0.47851974,-0.08957036,-0.46665406,0.4144459,-0.480088,-0.65749764
47,599,0.24616006,0.0008935034,0.38760632,0.5569633,-0.35001218,-0.48734945,0.06002836,0.10802895,-0.5679679,-0.40716985,0.3822984,0.40698767,-0.23219715,0.49339396,-0.50371265,-0.0031064153
47,600,-0.3217103,0.786921,0.20838834,0.08712782,-0.46769667,-0.26054642,0.27448672,0.280056,0.0017446727,-0.046280928,0.20421723,0.14537649,-0.5307895,-0.22902364,-0.12986977,-0.45132738
47,605,0.41796783,0.20026273,-1.225802,-0.6141643,-0.28783593,-1.1046715,0.08594224,0.46194196,0.66914064,0.02404131,-0.5384088,0.19914182,0.4786533,-0.1992011,-0.58704656,0.4979928
47,607,0.0070060194,-0.2201837,0.5405113,-0.15112564,0.14817277,0.26902363,0.15781794,-0.5892753,0.9020021,0.31417885,0.077472635,0.00059714913,-0.31014258,0.06981119,0.7837297,-0.30201876
47,634,-0.15528932,0.60815376,0.65581995,-0.20049584,-0.2617967,-0.24608737,-0.5136806,-0.33011812,-0.1554388,0.2989305,0.15953422,-0.1529059,-0.096888244,0.31173956,-0.34070218,-0.4950211
47,640,-0.54750186,0.21986815,-0.24554054,-0.39738643,-0.05957602,-0.040183656,0.8926897,0.08132771,0.36299336,-0.10731693,-0.27283344,0.3475154,-0.49734032,-0.55575204,0.6055669,-0.1420334
47,642,-0.571217,0.30383164,0.21572137,-0.21750394,-0.39280668,0.1640479,0.4508919,0.22417957,0.5195473,0.24479082,-0.24058917,-0.0555202,-0.4770859,-0.6313994,-0.242521,-0.004019141
47,645,0.5197456,0.20823634,-1.2770348,-0.63240916,-0.3036724,-1.2136873,-0.07681063,0.4547791,0.6826075,0.039592832,-0.5362311,0.13125096,0.57313573,-0.1088765,-0.7250242,0.5238554
47,651,-0.07395074,-0.45413265,-0.50548685,0.052934617,0.4835624,0.14661914,-0.11203539,-0.2691463,0.0151762515,-0.3535207,-0.03814424,-0.30005515,-0.11360623,0.11795318,0.3662771,-0.14309768
47,658,-0.25300705,0.6333759,0.58410615,0.07998957,-0.42808542,-0.2411882,-0.30362734,-0.16171843,-0.0036795437,0.0725227,0.25683135,-0.1215057,-0.4382409,0.18068364,-0.46277195,-0.5577779
47,660,2.2075655,0.27246812,1.0784361,1.3040149,-0.19244802,0.61497825,-0.039341897,0.8266346,2.0766697,1.1329358,1.4221267,0.2866974,0.5125574,-0.15648946,1.3906385,0.29949474
47,683,-0.514799,0.65054166,-0.04574932,-0.20692432,-0.42806256,-0.098303445,0.79468834,0.44540972,0.26335898,0.07202074,-0.14320543,0.2875389,-0.49532533,-0.71980435,0.13058284,-0.14171064
47,688,0.29711893,-1.2975199,0.078405544,0.33036864,0.5759744,0.21042594,-0.54510987,-0.89800787,0.8525154,-0.42740777,0.12471301,-0.46864784,-0.29640236,0.8609353,0.14955129,-0.16467765
47,696,-0.066448286,-0.6964885,-0.372747,0.059703276,0.5608899,0.18413198,-0.23082417,-0.5101666,0.16841291,-0.39454862,-0.041035928,-0.36331826,-0.17607053,0.3183058,0.34847492,-0.19736761
47,702,1.0038148,-0.019928128,0.8295927,0.49681187,0.018271774,0.45304248,0.075317755,-0.014835328,1.464328,0.7120813,0.69741356,0.14974426,0.053474307,-0.018199623,1.1321582,-0.06881889
47,721,0.044009984,-1.033182,-0.41322494,-0.13930175,0.4291451,-0.1739157,-0.21673515,-0.66008425,0.6788515,-0.39833984,-0.26982218,-0.24349308,-0.16866875,0.5196058,-0.019154087,0.0340247
47,722,-0.28886074,0.7125273,0.5169454,-0.087586544,-0.30463222,-0.35462597,-0.35475686,-0.34098834,-0.08313508,0.026580092,0.2470411,-0.13212384,-0.42125472,0.2776345,-0.18034379,-0.7355702
47,741,-0.59638673,-0.2703312,0.3046968,-0.52284515,0.20028567,0.15785432,0.29053476,-0.7934057,0.5646201,0.04899719,-0.27960452,-0.041228846,-0.53810805,0.013936646,0.6137615,-0.41019762
47,742,-0.06052129,0.5611788,0.04686697,0.004669428,-0.41833308,-0.019485503,0.6445895,0.5799905,0.5836896,0.26235902,0.03281992,0.24623199,-0.26861972,-0.6607776,0.18484217,0.046782702
47,748,0.6649991,-0.079029426,0.7361398,0.27644414,0.06248208,0.3844892,0.1049919,-0.22119199,1.2552822,0.5793421,0.4891318,0.10285869,-0.0704065,0.023614328,1.0160297,-0.16032869
47,760,0.27656713,-0.12145591,0.4020406,0.62040126,-0.35989165,-0.4467759,0.14160517,0.16359854,-0.64410347,-0.43691084,0.36362305,0.50692725,-0.18977904,0.48248953,-0.5555353,0.12054476
47,771,-0.3367355,-0.6867367,0.5066818,0.20864086,-0.18154655,1.0770012,0.5679094,0.40428042,-0.34753877,0.10057679,-0.34504753,0.18082006,0.23991352,-0.4577639,-0.5638312,0.81392777
47,779,0.16720325,-0.13565394,0.51174766,0.002178207,-0.09411967,-0.34004685,0.023634374,-0.2559885,-0.8012837,0.006295398,0.04035557,0.5270259,0.25594062,0.556782,-0.23531176,0.15050077
47,807,-0.57087666,0.5585369,0.1352191,-0.21012522,-0.332735,-0.03262948,0.64894605,0.19030878,0.22797105,0.043520413,-0.096663415,0.19001098,-0.5731607,-0.5403145,0.2167576,-0.27867514
47,818,-0.57876027,0.27361098,0.21872556,-0.23088291,-0.3852278,0.182729,0.45360345,0.21412295,0.5451965,0.25865147,-0.26072899,-0.06800002,-0.47349215,-0.6412298,-0.24797998,0.01793909
47,823,-0.40859878,0.641785,0.30094963,-0.04010886,-0.38070434,-0.17067733,0.2141714,0.04456997,0.084847406,0.014970474,0.102340974,0.057032973,-0.5308902,-0.17303587,-0.07272875,-0.45475927
47,851,-0.16734177,0.5276573,0.6719426,-0.28144103,-0.22144568,-0.059147682,-0.7129543,-0.30231556,-0.099332616,0.4188603,0.079639934,-0.35968786,0.0413121,0.26029867,-0.48117644,-0.4038058
47,852,0.23515221,0.34122372,0.6467708,-0.7872572,0.21974367,-0.13944823,-0.12528312,-0.59176254,-0.8939105,0.80765957,-0.21781245,0.6156116,1.0364554,0.4094907,0.48110402,0.16245818
47,871,0.2940258,-1.3088982,0.09202774,0.3446707,0.5941902,0.23432034,-0.5602014,-0.9156892,0.8427469,-0.43504122,0.13778415,-0.48269856,-0.30364597,0.8722574,0.16796845,-0.18330893
47,881,-0.6033008,0.16464122,0.2532675,-0.28414837,-0.34258473,0.23426622,0.41807532,0.121614456,0.6197428,0.2971203,-0.3179335,-0.12370945,-0.46438584,-0.62416977,-0.25472146,0.055917174
47,904,0.060908705,-0.8939184,-0.2606454,0.16402997,0.59795946,0.21807116,-0.3197933,-0.62478244,0.36743286,-0.42115948,0.027930342,-0.38439727,-0.20612848,0.47395515,0.34516805,-0.20068324
47,907,-0.1669891,0.5652566,0.6599247,-0.24996065,-0.23587853,-0.16418955,-0.57104635,-0.32969677,-0.1245655,0.35742003,0.111587845,-0.22811902,-0.03861031,0.28386506,-0.3722887,-0.44886312
47,910,-0.29706168,-0.8867836,0.48931664,0.38149565,-0.2356919,0.9546104,0.6908033,0.42366207,-0.43826902,-0.0881192,-0.31202736,0.32730442,0.12136942,-0.33359754,-0.669866,0.87731504
47,911,-0.22547196,0.39620164,0.66370624,-0.44395715,-0.13510236,0.14593995,-0.795341,-0.3262091,-0.022017077,0.5677487,-0.07764514,-0.52568954,0.18587393,0.17911977,-0.50914097,-0.27950454
47,917,2.2075655,0.27246812,1.0784361,1.3040149,-0.19244802,0.61497825,-0.039341897,0.8266347,2.0766697,1.1329358,1.4221267,0.28669745,0.51255727,-0.15648946,1.3906385,0.29949474
47,927,0.08180168,0.07205744,-0.8549123,0.30349612,0.44172037,0.21155289,-0.17271799,0.3542009,-0.5739014,-0.31765175,0.15874943,-0.3483725,0.17960763,-0.2366229,0.36504942,-0.036352023
47,933,-0.48684856,-0.3321741,0.39619333,-0.47034717,0.21280622,0.19256133,0.19287032,-0.85002005,0.6517985,0.11541682,-0.23210025,-0.08775206,-0.489438,0.095039696,0.60476977,-0.39415085
47,934,0.16129673,0.04345146,0.5631597,-0.36134636,0.046871595,-0.24644932,-0.03291452,-0.4193566,-0.8369105,0.34817892,-0.10012182,0.54834956,0.5766109,0.49311388,0.06109655,0.157195
47,943,-0.49212328,0.5854871,0.29768178,-0.115977295,-0.36580008,-0.08553978,0.3096188,0.040994942,0.16613981,0.059647877,0.01525078,0.05681269,-0.54660976,-0.2900021,-0.024235323,-0.394939
47,952,0.08539459,0.12322574,-0.8710692,0.3185146,0.44093168,0.22109118,-0.17163426,0.39550394,-0.62127244,-0.3130482,0.17904148,-0.35210416,0.19370854,-0.26966527,0.38540936,-0.0404772
47,1014,-0.04512456,0.3054244,0.41271147,0.35815692,-0.44060865,-0.0563732,-0.27245322,0.22424379,-0.15367131,-0.09670728,0.2574336,-0.16930023,-0.21866128,0.08653056,-0.7918976,-0.16664721
47,1016,-0.0879958,0.1041551,-0.7394986,0.18457173,0.5409274,0.27909783,-0.14169136,0.1424275,-0.615862,-0.33047023,0.17466146,-0.37861192,0.05998352,-0.2550701,0.6373372,-0.2331464
47,1019,0.19595379,0.15194505,-1.072214,-0.56985116,-0.22527173,-0.8585391,0.3608677,0.41094524,0.63622755,-0.01583644,-0.5233593,0.2891112,0.26165593,-0.3350408,-0.29317033,0.40934807
47,1026,0.24442169,-0.08246562,0.38378552,0.5798246,-0.34965086,-0.43725762,0.1378236,0.14312685,-0.5763114,-0.41522822,0.34865898,0.4537573,-0.21859504,0.45710894,-0.5132933,0.08074871
47,1030,0.26179585,0.23600458,0.39870515,0.43704897,-0.31363586,-0.6546434,-0.19916677,-0.04826203,-0.5795616,-0.36624447,0.46462828,0.26698166,-0.22926936,0.64825326,-0.431924,-0.2574263
47,1035,-0.10547605,-1.0138464,-0.3294292,-0.18671954,0.5326056,-0.03442799,-0.2100999,-0.8071712,0.5544321,-0.4077801,-0.25408316,-0.28441638,-0.24054551,0.5030929,0.1922808,-0.12764421
47,1042,-0.06830715,0.69162893,0.48185652,0.2619092,-0.42731312,-0.47579888,-0.38941988,-0.09603061,-0.1532522,-0.14693883,0.44134218,-0.0920007,-0.4672635,0.37436038,-0.4559524,-0.64429176
47,1048,0.11283702,-0.9740708,-0.4055164,-0.11126607,0.34610313,-0.24205285,-0.20036152,-0.56518245,0.7207626,-0.36227143,-0.2579239,-0.21506241,-0.14650337,0.5091709,-0.117635205,0.10162544
47,1051,0.08431134,0.2811261,-0.7459709,0.48853266,0.6121309,0.4456583,-0.5085757,0.35577106,-1.0213381,-0.3236803,0.42432058,-0.6105942,0.26667708,-0.23238638,0.5641285,-0.24632865
47,1055,-0.052493155,0.10084641,-0.7640461,0.21912561,0.5256694,0.27603185,-0.15709153,0.19120303,-0.6205921,-0.3308107,0.17974916,-0.38206828,0.08656469,-0.25326437,0.5840731,-0.19563557
47,1056,0.088576555,0.3024868,-0.7351079,0.49904764,0.60766506,0.4510695,-0.51966965,0.36712527,-1.0400552,-0.31653368,0.43666947,-0.61881167,0.27252603,-0.23491743,0.56218857,-0.24971193
47,1067,-0.49212328,0.5854872,0.2976818,-0.1159773,-0.3658001,-0.08553978,0.3096188,0.040994912,0.16613981,0.059647873,0.01525078,0.056812674,-0.54660976,-0.2900021,-0.024235323,-0.39493904
47,1098,-0.2051861,-0.92207456,-0.30938172,-0.2243917,0.5628644,0.031954512,-0.14959165,-0.8233968,0.4335395,-0.39786577,-0.25102654,-0.27517173,-0.2734692,0.43384886,0.32755524,-0.2137205
47,1126,-0.25519466,0.026326232,-0.59175366,-0.45276433,-0.06750706,-0.31323832,0.76778126,0.15570179,0.52437526,-0.07832698,-0.43695748,0.3583727,-0.20752466,-0.45167232,0.28748977,0.14703631
47,1131,-0.03712347,0.08068606,-0.7809653,0.23734368,0.5375016,0.28361434,-0.18092486,0.19657513,-0.62941664,-0.34092072,0.18539247,-0.39427662,0.10059622,-0.24219716,0.5697133,-0.1868836
47,1147,-0.35633832,0.5926218,0.6292388,-0.2233999,-0.27699962,-0.20469573,-0.36587295,-0.46084204,0.020200625,0.20682128,0.110442944,-0.19092867,-0.35341862,0.23157595,-0.20401673,-0.6405324
47,1152,0.07263294,0.07931036,-0.86543894,0.30658478,0.4587968,0.22721326,-0.17628989,0.35424674,-0.59735525,-0.32634094,0.1682409,-0.35729152,0.17889214,-0.24917841,0.39327484,-0.050203517
47,1155,-0.03499204,0.68804216,0.53609884,0.1938553,-0.4014932,-0.49818316,-0.46868917,-0.16951072,-0.21376114,-0.07932239,0.4288351,-0.08598067,-0.3769632,0.44414413,-0.45718622,-0.64235353
47,1167,-0.13986747,0.6929567,0.53366137,0.20745547,-0.44134286,-0.39394847,-0.3816608,-0.11651085,-0.1062323,-0.06740817,0.3888051,-0.10530126,-0.4619321,0.30795962,-0.48628682,-0.630894
47,1182,-0.30151853,-0.9129001,0.49590224,0.4073227,-0.24646112,0.99221736,0.70655537,0.45271027,-0.44855052,-0.09728884,-0.31454268,0.33534062,0.12616265,-0.35462403,-0.70162,0.9065435
47,1187,0.2795613,0.27883238,0.40107843,0.5361929,-0.37590557,-0.66883636,-0.20176616,0.034258723,-0.5698878,-0.4196857,0.52761596,0.2735846,-0.28271696,0.62233764,-0.5104378,-0.27235407
47,1195,0.10107669,0.10046341,-0.93267596,0.33683038,0.471583,0.23224428,-0.1873194,0.4160264,-0.64644605,-0.33904126,0.18375158,-0.35864618,0.21783513,-0.28023082,0.39489174,-0.029626995
47,1196,-0.2395864,0.86165416,0.31551534,0.105658725,-0.4288394,-0.41133955,-0.07986602,0.06842765,-0.12886406,-0.105652265,0.33831632,0.039790705,-0.49739337,0.064312726,-0.19690205,-0.6618887
47,1207,-0.008502245,0.061459593,-0.8165736,0.2518909,0.5141848,0.26420066,-0.16529492,0.24018794,-0.6006706,-0.3434988,0.16876507,-0.3758204,0.11673826,-0.2454218,0.5138815,-0.13896225
47,1218,0.15162897,0.14937441,-0.6657692,0.45232183,0.5043878,0.32521972,-0.48881647,0.3006022,-0.78906417,-0.2762457,0.3328263,-0.54389787,0.25500727,-0.0958741,0.34759426,-0.14257362
47,1230,0.4714447,-0.053221136,-0.96552455,0.31923658,0.29185787,-0.15659645,-0.3480629,0.44214386,-0.37145752,-0.19772744,0.055680253,-0.19247521,0.47749925,0.037014943,-0.10321234,0.25258794
47,1231,-0.6506865,-0.20430675,0.25184852,-0.5373257,0.18792933,0.1371023,0.36766964,-0.73761606,0.5004216,0.008834459,-0.29077294,-0.00092449784,-0.56715035,-0.039115123,0.64035124,-0.42907453
47,1233,-0.5998,0.23784637,0.22633383,-0.27702707,-0.3423408,0.17976552,0.45121604,0.13295463,0.5523217,0.2484329,-0.28047404,-0.06766392,-0.48107243,-0.6091881,-0.17444246,-0.008031562
47,1242,0.026460648,0.044437885,-0.78018653,0.27292502,0.47012997,0.24284065,-0.1833795,0.2555173,-0.558616,-0.32220292,0.16133344,-0.37522656,0.12674803,-0.2057701,0.4210232,-0.098954506
47,1259,-0.41574633,0.06284098,0.57674605,-0.37148023,-0.19794688,1.0637927,-1.2808167,0.1870273,0.23965843,0.7417506,-0.33229625,-1.3518083,0.5065941,-0.366515,-1.4174007,0.12936598
47,1279,-0.32833076,-0.86126506,-0.117228284,-0.24048075,0.6197412,0.16033995,-0.2056604,-0.97457045,0.32373533,-0.3702636,-0.19107792,-0.36410457,-0.35652992,0.46872658,0.477098,-0.38641512
47,1293,-0.39667112,0.038522057,0.5159003,-0.29490688,-0.2166188,1.0510179,-1.2563353,0.2306942,0.25790906,0.6619889,-0.30770648,-1.3708633,0.46020103,-0.35931626,-1.4565693,0.12870786
47,1299,-0.6033008,0.16464122,0.2532675,-0.28414837,-0.34258476,0.23426631,0.41807532,0.121614456,0.6197428,0.29712024,-0.3179335,-0.12370945,-0.4643858,-0.6241698,-0.25472152,0.05591716
47,1313,-0.59889066,0.18455264,0.24502078,-0.28136697,-0.34095052,0.21607956,0.4255978,0.121714205,0.5984444,0.2820452,-0.30614185,-0.10776725,-0.4678343,-0.6140047,-0.23008598,0.03661953
47,1315,-0.21549687,0.04033096,-0.6297919,-0.45594054,-0.089223795,-0.36218786,0.75064516,0.18884343,0.5358228,-0.06762696,-0.4454197,0.36168486,-0.17054504,-0.45024532,0.23649776,0.17829528
47,1358,0.22393695,-0.93978095,0.53418267,0.2027074,-0.032025464,0.002624534,0.49857754,-0.0595209,-1.0907415,-0.11224822,-0.185094,0.89261645,0.46427512,0.4943571,-0.34325874,0.8293545
47,1361,-0.4245123,-0.5743605,-0.06237118,-0.28703532,0.5987296,0.17794448,-0.10466385,-0.88039505,0.17275286,-0.32563215,-0.12661178,-0.3233981,-0.40046656,0.29892218,0.68025345,-0.51539755
47,1366,-0.5727443,0.38818672,0.23723131,-0.1967564,-0.40180248,0.11701185,0.42553952,0.20153004,0.44428152,0.20678855,-0.18278986,-0.024547845,-0.5019731,-0.5860178,-0.20525049,-0.09800077
47,1367,-0.20518608,-0.92207456,-0.30938172,-0.22439168,0.5628644,0.03195452,-0.14959165,-0.8233968,0.4335395,-0.39786574,-0.25102654,-0.2751717,-0.2734692,0.43384886,0.3275552,-0.21372052
47,1373,-0.40014783,-0.86553466,0.5025678,0.33546722,-0.22779638,1.1578728,0.64532924,0.474473,-0.37549996,-0.02884128,-0.36172014,0.18544827,0.14589286,-0.47456706,-0.73145545,0.8901874
47,1375,0.4769121,0.43606776,0.18627763,0.2808801,-0.41954607,0.11646368,0.48287913,0.75647706,0.9873004,0.50000346,0.24598911,0.19568117,-0.012508988,-0.60438645,0.23662016,0.29017884
47,1390,1.74748,0.14738731,0.99915475,0.9919019,-0.10743225,0.5675464,0.011886314,0.49037093,1.8682802,0.9854164,1.1450614,0.24246348,0.33278412,-0.10955356,1.3136882,0.15712309
47,1400,0.1413221,-0.1894407,0.57904977,-0.06350322,0.12738383,0.29110983,0.15014705,-0.51025575,0.97307354,0.36939085,0.15971196,0.022855118,-0.2611307,0.058059536,0.8268951,-0.2698733
47,1408,-0.3567259,-0.8742957,-0.032483682,-0.24239586,0.6499108,0.1970754,-0.26154333,-1.0608654,0.30619138,-0.36593923,-0.16447815,-0.41142112,-0.3862698,0.52012146,0.5139577,-0.450057
47,1419,0.24442163,-0.08246562,0.38378555,0.5798247,-0.34965086,-0.43725756,0.13782358,0.14312685,-0.5763114,-0.4152282,0.34865895,0.45375735,-0.21859506,0.4571089,-0.5132933,0.08074874
47,1422,2.227204,0.40696338,0.9744793,1.3388137,-0.2999356,0.56491756,0.036403164,1.0784853,2.0577352,1.1409394,1.4072595,0.31472236,0.5534432,-0.29886052,1.2543566,0.408197
47,1424,-0.23951793,0.8470534,0.29218975,0.11921488,-0.43295178,-0.39760277,-0.033226013,0.10480267,-0.11479689,-0.112177335,0.32883215,0.052137986,-0.5049057,0.03450547,-0.19365303,-0.63084257
47,1438,-0.2816959,0.8516625,0.20670864,0.1384088,-0.49362212,-0.3165583,0.21717766,0.31396705,-0.049980417,-0.07892243,0.26786998,0.15094478,-0.5299257,-0.18951961,-0.17553194,-0.4961826
47,1441,0.13923591,0.33336955,-0.84970975,0.57431656,0.64858943,0.48707154,-0.56952393,0.47337168,-1.1525255,-0.34876263,0.48242265,-0.64820135,0.3447085,-0.28310314,0.57085705,-0.22417188
47,1451,-0.49594668,-0.31129342,0.37646213,-0.47156304,0.20835167,0.18785042,0.22033182,-0.82332593,0.64105695,0.10480015,-0.23069555,-0.069066495,-0.4965527,0.068923704,0.62117547,-0.39632386
47,1470,0.15734729,0.1295036,0.58628404,-0.51634943,0.105386145,-0.19936359,-0.058006197,-0.48605084,-0.8296685,0.50062263,-0.15744478,0.54653573,0.7058294,0.4554212,0.19557218,0.1532132
47,1479,-0.6137717,0.032886893,0.002605319,-0.46335763,0.072709285,0.050040253,0.64258647,-0.32171342,0.4039091,-0.06968101,-0.2622343,0.18189757,-0.55262303,-0.30727625,0.6611661,-0.313899
47,1480,-0.4355484,-0.042999163,-0.38517267,-0.44035608,0.021922313,-0.08393284,0.78289366,-0.02745971,0.49487495,-0.110770814,-0.3923405,0.29677033,-0.37110507,-0.42749402,0.4709291,-0.0052648187
47,1482,-0.07761417,-0.36446285,-0.5728647,0.06592493,0.49475557,0.16006106,-0.10036367,-0.18937549,-0.08719732,-0.3559132,-0.013616607,-0.30045176,-0.07986775,0.040987708,0.41557318,-0.14849763
47,1498,0.44255373,-0.08146168,-1.0865221,-0.57590246,-0.1122137,-1.0649539,-0.22872937,0.11256698,0.67289484,-0.05106219,-0.48476264,-0.004838638,0.43605793,0.12034314,-0.6006242,0.40522343
47,1504,0.08755091,0.08650215,-0.88121307,0.31940264,0.45714545,0.22529602,-0.18437412,0.3761781,-0.6101114,-0.32634687,0.17363092,-0.3580587,0.19416201,-0.25316283,0.3819871,-0.03931898
47,1513,-0.008502245,0.061459593,-0.8165735,0.2518909,0.5141847,0.26420072,-0.16529492,0.24018794,-0.6006705,-0.34349877,0.16876501,-0.3758204,0.11673826,-0.2454218,0.5138815,-0.13896227
47,1522,-0.5849053,0.35214287,0.18877015,-0.25727415,-0.33628303,0.09256897,0.51063764,0.1464878,0.43461436,0.16819195,-0.21335201,0.024244666,-0.5104018,-0.5728098,-0.031666815,-0.11152935
47,1531,0.2681739,-0.19261268,0.39454383,0.5250113,-0.2927021,-0.42586786,0.16661274,0.092095375,-0.67282987,-0.3888531,0.29123986,0.5223033,-0.11952731,0.507446,-0.47136867,0.16543007
47,1538,-0.40368968,-0.7742876,0.4807729,0.29082388,-0.22045442,1.0852242,0.606019,0.42794114,-0.3106678,-0.012777828,-0.34571925,0.13751562,0.10166851,-0.45466155,-0.6738353,0.8013532
47,1550,-0.16671568,0.683676,0.54523146,0.18344681,-0.44261557,-0.3592185,-0.3627819,-0.121088594,-0.083082244,-0.03730212,0.361457,-0.10700338,-0.46000955,0.27599916,-0.4869004,-0.6152133
47,1555,-0.09478675,0.649891,0.59455466,-0.05848454,-0.30859745,-0.38931176,-0.46360937,-0.30265415,-0.18750535,0.14278027,0.26521474,-0.08651815,-0.20894985,0.39470866,-0.34232265,-0.5717292
47,1568,0.23648009,0.30572033,0.41585517,0.53496855,-0.4046212,-0.61825037,-0.18700331,0.0594216,-0.5031319,-0.38950142,0.513954,0.24599288,-0.3160843,0.5568794,-0.5371018,-0.2791983
47,1571,-0.58925354,0.40597177,0.17033249,-0.24692996,-0.34696904,0.069665454,0.55509925,0.17928761,0.39742708,0.14426793,-0.19181183,0.06786315,-0.52653956,-0.59191316,0.013534665,-0.139934
47,1586,-0.11857043,0.12274222,-0.66840386,0.14522995,0.5093461,0.2607587,-0.10886985,0.101187855,-0.57332325,-0.3027137,0.15898189,-0.3619237,0.022342324,-0.24498397,0.6419632,-0.25249675
47,1590,0.684942,0.20246929,-1.4061117,-0.67442024,-0.32216865,-1.4047093,-0.31221762,0.4554724,0.72487074,0.050274096,-0.54936814,0.049662933,0.73017704,0.01508439,-0.9380082,0.584941
47,1607,0.24796715,-0.1484007,0.3870277,0.55692136,-0.32539967,-0.41311318,0.17296135,0.13026312,-0.61002314,-0.40049386,0.31087488,0.48982853,-0.17513683,0.46155244,-0.4944206,0.13760558
47,1620,0.16552866,0.5249264,0.11090587,0.12331574,-0.41394863,0.030144244,0.566456,0.6455818,0.74042314,0.3510977,0.13788962,0.22760056,-0.16719043,-0.62796175,0.2267042,0.12495124
47,1626,-0.5461223,0.4360657,0.23672794,-0.16562232,-0.39103022,0.075657435,0.46532762,0.19162378,0.3658111,0.1715354,-0.13796112,0.024574474,-0.5169994,-0.53283226,-0.12077846,-0.14821438
47,1635,0.044009954,-1.0331821,-0.41322494,-0.13930175,0.42914504,-0.17391571,-0.2167351,-0.66008425,0.67885154,-0.39833984,-0.26982218,-0.24349308,-0.16866878,0.5196058,-0.019154087,0.03402467
47,1640,0.2281721,-0.15599662,0.3752985,0.48133194,-0.28322896,-0.40528744,0.17130408,0.07417971,-0.5923068,-0.36267018,0.2693859,0.46512443,-0.15286909,0.47018754,-0.4273522,0.12914085
47,1645,0.0726096,0.13964012,-0.8387679,0.2951572,0.4126553,0.20195091,-0.14077917,0.38672078,-0.5907485,-0.29415262,0.16498384,-0.33280128,0.17500019,-0.27136207,0.37865943,-0.040456608
47,1651,-0.64285845,-0.24189284,0.2740204,-0.54411846,0.19553801,0.14348692,0.32964295,-0.7753036,0.52535206,0.023045078,-0.298287,-0.024230503,-0.5585358,-0.009950787,0.61667037,-0.4219119
47,1652,0.41796777,0.20026273,-1.2258017,-0.6141643,-0.2878359,-1.1046714,0.08594225,0.46194202,0.66914064,0.024041303,-0.5384088,0.19914182,0.4786533,-0.19920108,-0.5870467,0.49799287
47,1688,0.3777884,-1.3128585,0.04570833,0.30027884,0.49506265,0.06796352,-0.53845716,-0.8500931,0.98317045,-0.40967408,0.086578496,-0.42435658,-0.26302844,0.8836342,0.011971407,-0.06471023
47,1692,0.31961444,-1.3016056,0.07355215,0.3263108,0.5565174,0.17644814,-0.5490558,-0.88711715,0.8851869,-0.42294428,0.11884583,-0.46132374,-0.2874897,0.8690461,0.11414544,-0.14085439
47,1701,0.47630545,-0.07090567,-1.1324378,-0.59103656,-0.12265981,-1.10651,-0.26261154,0.13392386,0.68306184,-0.04891569,-0.49436325,-0.010219231,0.47621214,0.12615547,-0.64510113,0.42459708
47,1711,-4.2557716e-05,0.0299569,-0.797783,0.2384259,0.47964644,0.23444745,-0.14229533,0.23263985,-0.5340558,-0.33239266,0.13927844,-0.35303748,0.1055505,-0.22224298,0.4578752,-0.10844887
47,1717,0.15412825,-1.0269812,-0.39482337,-0.07074013,0.3585702,-0.23094559,-0.23431417,-0.5782409,0.7654908,-0.3780867,-0.23426273,-0.23015955,-0.14607161,0.5441233,-0.1290641,0.10962483
47,1726,0.10107672,0.10046341,-0.93267596,0.33683038,0.471583,0.23224428,-0.18731937,0.4160264,-0.646446,-0.33904126,0.18375161,-0.3586462,0.21783507,-0.2802308,0.39489174,-0.029626995
47,1728,-0.5412399,0.24082166,-0.27500105,-0.3918059,-0.07375437,-0.05038053,0.92235816,0.12629068,0.35911185,-0.112300895,-0.2750157,0.36798692,-0.49166572,-0.5853881,0.60189414,-0.122626305
47,1737,-0.57051134,0.44014925,0.1646617,-0.2288123,-0.33356845,0.035588585,0.5933634,0.16839656,0.3371911,0.113608494,-0.16047587,0.11003508,-0.5389185,-0.5518969,0.09286168,-0.17930198
47,1741,-0.5492691,0.45984942,0.24717583,-0.16318114,-0.39410344,0.060520984,0.44184032,0.17822793,0.34840867,0.16098887,-0.12113287,0.025824279,-0.5238576,-0.51713043,-0.12022166,-0.1797114
47,1754,0.4207895,-0.10272132,-1.0820311,-0.5723355,-0.08414799,-1.0347143,-0.22303629,0.08985478,0.6610332,-0.06744181,-0.4797173,-0.008966245,0.41909343,0.11817954,-0.55931133,0.38356316
47,1757,-0.013015881,0.5205053,0.05645889,0.014091149,-0.4065539,-0.011302307,0.6089071,0.5654892,0.62155926,0.28816113,0.032732107,0.22089101,-0.2351066,-0.6305747,0.16822076,0.079410344
47,1758,0.25176868,-0.8376597,0.4880303,0.15554647,-0.010171242,-0.13584319,0.45302266,-0.1319325,-1.0326017,-0.11770817,-0.15250772,0.8532601,0.40768117,0.56099176,-0.24806328,0.7169577
47,1767,-0.1344726,0.05689758,-0.7499375,-0.486313,-0.119053334,-0.4778253,0.7141297,0.2536459,0.57441825,-0.06027659,-0.47515836,0.3794182,-0.08484131,-0.4571852,0.14427358,0.24363714
47,1781,-0.016553596,-0.9802351,-0.38680238,-0.16006476,0.44292927,-0.1299203,-0.18427247,-0.67645216,0.61664695,-0.3874499,-0.26668876,-0.2427727,-0.1929913,0.48217455,0.05596377,-0.01757273
47,1786,0.13979554,0.318708,0.4032886,0.4780867,-0.41845727,-0.5003484,-0.09974587,0.09040207,-0.34721124,-0.3142821,0.4363283,0.18973519,-0.3654265,0.40907308,-0.5046288,-0.26113418
47,1793,0.25824204,-1.1070827,-0.32621562,0.019547954,0.35257426,-0.22080773,-0.30038986,-0.5969113,0.8781042,-0.38063255,-0.17305437,-0.2516386,-0.14862514,0.624177,-0.16716884,0.1299853
47,1796,-0.38290048,0.0751991,0.49418956,-0.18803686,-0.26947072,0.9183077,-1.0499449,0.25570923,0.21235262,0.5446144,-0.24252163,-1.1796265,0.33830267,-0.34749213,-1.3738137,0.09379047
47,1799,0.03473705,0.25746602,-0.66633046,0.3632574,0.48157555,0.32996196,-0.31942007,0.31255013,-0.79167914,-0.26856,0.30451405,-0.48378038,0.17212641,-0.23159677,0.48962384,-0.19312243
47,1800,-0.3511339,-0.94742155,0.48140472,0.48108238,-0.28052014,1.139277,0.7504517,0.5550482,-0.39463168,-0.13278234,-0.32055652,0.27911872,0.08403754,-0.4648562,-0.7795923,0.9515617
47,1805,-0.6313844,-0.047532022,0.095471546,-0.49132133,0.1208685,0.08129225,0.53976405,-0.47889984,0.4291787,-0.047730707,-0.26524693,0.115067214,-0.5619216,-0.20647228,0.6701159,-0.3707918
47,1824,0.12948069,0.31658328,-0.7464894,0.54063743,0.579665,0.44663522,-0.53805375,0.42863822,-1.0496695,-0.3072268,0.4474994,-0.6238352,0.30223894,-0.23399717,0.4967084,-0.2087175
47,1826,-0.53192586,0.18848023,-0.29970944,-0.407009,-0.06843062,-0.048272602,0.92296946,0.112502486,0.40390602,-0.10445572,-0.31015617,0.36843503,-0.46942413,-0.5812002,0.5700965,-0.08112772
47,1837,-0.57876027,0.27361098,0.21872556,-0.23088291,-0.38522783,0.182729,0.45360345,0.21412292,0.5451964,0.25865144,-0.26072899,-0.06800002,-0.47349215,-0.64122987,-0.24797995,0.01793906
47,1840,-0.112178445,0.6744962,0.49627882,0.22183238,-0.42222604,-0.42266956,-0.36390945,-0.11106631,-0.11539085,-0.10261925,0.39685655,-0.10094215,-0.46407756,0.33209556,-0.45136583,-0.6240003
47,1842,0.19595376,0.15194505,-1.072214,-0.5698511,-0.2252717,-0.85853904,0.3608677,0.41094524,0.6362276,-0.01583644,-0.5233593,0.2891112,0.26165587,-0.33504087,-0.2931704,0.409348
47,1843,-0.44848445,-0.7645724,0.031925455,-0.29316792,0.7199842,0.24541834,-0.26169714,-1.1248372,0.20113432,-0.3675572,-0.111133434,-0.42472488,-0.43420798,0.46912238,0.72392404,-0.605223
47,1851,-0.14652936,-0.82180274,0.4821651,0.23261662,-0.13917717,0.5714863,0.5969609,0.18289164,-0.575291,-0.054419868,-0.28161266,0.46101946,0.20328087,-0.03918565,-0.46066672,0.770735
47,1853,0.24442169,-0.08246562,0.38378552,0.5798247,-0.34965086,-0.43725765,0.13782358,0.14312685,-0.5763114,-0.41522822,0.34865895,0.4537573,-0.21859507,0.45710894,-0.51329327,0.08074871
47,1865,0.28122064,-0.17280585,0.3928671,0.5924402,-0.33008304,-0.43628365,0.17059283,0.14400756,-0.66687095,-0.4283205,0.33144802,0.5290595,-0.15604319,0.4924215,-0.5197556,0.15971223
47,1868,-0.44110847,0.62448347,0.33367372,-0.076332875,-0.3612559,-0.15567431,0.18282023,-0.02684544,0.09618816,0.024004716,0.08558751,0.03524293,-0.5389477,-0.15492344,-0.05607772,-0.48108244
47,1869,-0.38788688,0.07685489,0.59330255,-0.46163648,-0.13835156,0.9398826,-1.2604636,0.054549456,0.20869471,0.76471907,-0.33540332,-1.2708141,0.5071047,-0.25447124,-1.2445327,0.083357304
47,1870,-0.55581784,0.64900064,0.013627782,-0.19989938,-0.40997586,-0.06474729,0.7948767,0.3896398,0.23782115,0.05475055,-0.12122844,0.28657717,-0.5441434,-0.69551665,0.18493487,-0.19821319
47,1874,-0.28442812,0.61143917,-0.016435444,-0.10726052,-0.42677712,-0.07244544,0.71858186,0.52316976,0.4229734,0.16641349,-0.06101269,0.26814085,-0.37375775,-0.6962241,0.14629264,-0.040904254
47,1875,-0.1430054,0.29903096,0.40022534,0.2772181,-0.4454531,0.17115504,-0.3432816,0.29219204,-0.04134105,0.025037661,0.14893422,-0.35204172,-0.13720457,-0.08933084,-0.919628,-0.110877976
47,1877,0.69689226,0.19201818,-1.3938148,-0.67362595,-0.31448048,-1.4089271,-0.36336008,0.42720914,0.7222703,0.049002018,-0.5410544,0.019478992,0.7376392,0.053318962,-0.9601319,0.57434046
47,1892,-0.27560973,0.2790957,0.6812018,-0.5591899,-0.075456716,0.37976545,-1.010283,-0.31358817,0.029752761,0.7025417,-0.19443263,-0.774133,0.34644532,0.11272919,-0.670009,-0.17748111
47,1896,0.08743042,0.122105315,-0.8794074,0.324157,0.45043278,0.22739425,-0.18079716,0.39695507,-0.63357925,-0.3179975,0.18452159,-0.35818204,0.19890493,-0.2706934,0.39215386,-0.043582052
47,1898,-0.2293113,-0.87552834,0.48903424,0.31625533,-0.18839705,0.7940708,0.6526818,0.31647056,-0.51137036,-0.074432276,-0.30377305,0.39288187,0.16810197,-0.20087683,-0.58094454,0.84367955
47,1906,0.6624949,0.026843183,-1.3100119,-0.66221607,-0.22984809,-1.34575,-0.42486045,0.2592255,0.747722,0.0032865554,-0.5386946,-0.030061342,0.6758771,0.16616872,-0.91886103,0.5420878
47,1926,0.113970935,0.2271621,-0.7147148,0.52785224,0.63091105,0.4665816,-0.59256375,0.32364392,-1.0255725,-0.33039454,0.44376713,-0.65659165,0.28342962,-0.16518012,0.51460445,-0.2456643
47,1977,-0.03784038,-0.40602747,-0.6070187,-0.44461715,0.292047,-0.42399952,-0.0653398,-0.4089743,0.4535352,-0.22698858,-0.33353707,-0.09933026,-0.029509872,0.1606853,0.14484116,-0.048329994
47,1982,-0.012787133,0.04639951,-0.778828,0.2318045,0.47954565,0.23963377,-0.1394133,0.2225976,-0.54171383,-0.32671753,0.14457586,-0.3563019,0.09572545,-0.22599068,0.4757744,-0.12438555
47,1988,-0.26668158,0.019711621,-0.59756565,-0.45951718,-0.059942737,-0.3051237,0.77967405,0.15160865,0.52884156,-0.08465976,-0.44101024,0.36540216,-0.21429658,-0.4613374,0.30479002,0.1431171
47,1990,-0.08321059,0.7026887,0.49525797,0.26005465,-0.43654928,-0.46368465,-0.39579174,-0.095574364,-0.14759414,-0.13590729,0.43969816,-0.094426304,-0.47118846,0.36277005,-0.47300863,-0.65032315
47,1994,-0.60599065,0.27789325,0.2145514,-0.27376145,-0.34834924,0.16128898,0.47915792,0.1492669,0.5238432,0.22886565,-0.26482582,-0.035489134,-0.4935759,-0.6189761,-0.1373459,-0.0353965
47,1995,-0.5796212,0.58097106,0.10545695,-0.21102391,-0.35477567,-0.03053169,0.70710456,0.24471411,0.23543097,0.04753365,-0.10790548,0.22630106,-0.57479393,-0.59557605,0.21993086,-0.25723207
47,2000,-0.09900816,-0.22055078,0.5548362,-0.11695047,-0.041967798,0.8071177,0.3394332,0.16405109,-0.3546247,0.45752162,-0.26118004,0.25680333,0.5535915,-0.3150719,-0.08659986,0.5966034
47,2006,0.4937463,-0.057009652,-0.99675,0.369394,0.32844633,-0.11686514,-0.405053,0.46754593,-0.43275058,-0.2190431,0.092071064,-0.23328288,0.5063835,0.03790428,-0.09516798,0.24817884
47,2011,0.40712306,-1.2469698,-0.15869097,0.1706837,0.36068165,-0.17645502,-0.44998512,-0.68083584,1.0419041,-0.38485968,-0.055450097,-0.3267917,-0.17289107,0.7928264,-0.21886428,0.12526596
47,2012,-0.19100152,0.6734853,0.5641498,0.14827491,-0.43572488,-0.3302219,-0.36336938,-0.14738561,-0.06524365,-0.0030239895,0.3340024,-0.11670448,-0.45072794,0.26088357,-0.48111737,-0.6095299
47,2014,0.4937463,-0.057009652,-0.9967501,0.369394,0.32844633,-0.11686514,-0.405053,0.46754593,-0.43275064,-0.2190431,0.092071064,-0.23328286,0.5063835,0.03790428,-0.095167994,0.24817881
47,2027,-0.27560973,0.27909574,0.68120176,-0.5591899,-0.07545672,0.37976545,-1.0102829,-0.31358817,0.029752776,0.7025417,-0.19443263,-0.77413297,0.34644538,0.11272919,-0.6700091,-0.17748111
47,2034,0.20674703,-0.19899678,-0.8550117,-0.5031939,0.065583535,-0.7554693,-0.11491126,-0.09957057,0.55265296,-0.12537056,-0.4054211,-0.032861426,0.20455503,0.10611367,-0.22965266,0.19416347
47,2040,-0.51573545,0.12890723,-0.33625555,-0.42063117,-0.063831046,-0.050308622,0.9232857,0.10410574,0.45463562,-0.09687858,-0.35048977,0.36953008,-0.4419021,-0.5773341,0.52828825,-0.031090766
47,2046,0.0565179,0.13118158,0.604638,-0.45773643,0.096027724,0.5625482,0.15425128,-0.09658225,-0.4450236,0.7582197,-0.25058618,0.3490312,0.84726524,-0.16518337,0.29770827,0.4344644
47,2054,0.2869284,0.23229235,0.40751714,0.45826244,-0.31772807,-0.68016094,-0.21745288,-0.04568909,-0.6242747,-0.3826711,0.48551464,0.2898131,-0.21413457,0.67922056,-0.45225865,-0.25511116
47,2058,-0.28886074,0.71252716,0.5169454,-0.08758654,-0.3046322,-0.35462597,-0.35475686,-0.34098834,-0.08313505,0.026580092,0.2470411,-0.13212384,-0.42125472,0.2776345,-0.18034379,-0.73557013
47,2064,-0.30760163,0.16554523,0.47511065,0.0057813823,-0.3542277,0.6649776,-0.78311527,0.29563385,0.11214235,0.35183415,-0.09014361,-0.8709078,0.15717268,-0.2799486,-1.2412319,0.020191684
47,2081,-0.032347858,0.087110445,-0.787251,0.24209963,0.5331327,0.28233093,-0.17870468,0.20981288,-0.6329118,-0.3398521,0.18655396,-0.39240927,0.10516238,-0.24783078,0.5641373,-0.18059513
47,2089,-0.09572275,-0.074741215,-0.73158264,0.08443682,0.48378634,0.17458487,-0.01753351,0.049953043,-0.3408178,-0.33907786,0.042594083,-0.2698386,-0.004910469,-0.19343725,0.54348326,-0.15670046
47,2092,-0.33986345,-0.96210515,0.49228728,0.4836738,-0.28045458,1.1294869,0.7520795,0.5518675,-0.42164898,-0.13096598,-0.3208827,0.30468994,0.10148543,-0.45084602,-0.78642976,0.9662601
47,2110,-0.31272066,0.58351123,0.60362774,-0.022104055,-0.39478594,-0.16169031,-0.26098832,-0.21977812,0.05305031,0.1571792,0.16675493,-0.13805513,-0.41079575,0.12690343,-0.4075753,-0.51772153
47,2120,0.2017856,0.39670607,0.6552362,-0.90397394,0.2581208,-0.104352154,-0.14434648,-0.6515626,-0.8544998,0.9059279,-0.26828393,0.58134115,1.0882363,0.37974644,0.5661945,0.13761058
47,2121,-0.5126196,0.09580529,-0.34453547,-0.42961854,-0.051633947,-0.0473902,0.9134699,0.08301249,0.47345072,-0.096927874,-0.36500466,0.36358482,-0.43407667,-0.56505394,0.5209985,-0.02137658
47,2134,0.0679827,-1.1179161,-0.43278056,-0.1279414,0.45748425,-0.17565623,-0.25341383,-0.6948953,0.71765506,-0.4248838,-0.27522713,-0.25669906,-0.16385661,0.5646244,-0.04386431,0.048932746
47,2138,-0.59638673,-0.27033117,0.3046968,-0.52284515,0.20028567,0.15785432,0.29053476,-0.7934057,0.5646201,0.048997194,-0.27960452,-0.041228846,-0.53810805,0.01393665,0.6137615,-0.41019762
47,2143,-0.12440997,-0.4588764,-0.49663484,-0.41366944,0.35981715,-0.29721487,-0.05368364,-0.51003397,0.40561667,-0.25257424,-0.2983256,-0.13251649,-0.11448011,0.18272556,0.2667899,-0.13745517
47,2149,-0.011576757,0.0435983,-0.76369584,0.22793557,0.4647013,0.23098287,-0.13257557,0.22025427,-0.522306,-0.3191369,0.1376561,-0.35054862,0.09017268,-0.218445,0.45749086,-0.11720157
47,2162,0.28411105,0.24859789,0.40534967,0.49825722,-0.34577864,-0.67262185,-0.20612553,-0.005895108,-0.6008532,-0.4014434,0.50448555,0.28628248,-0.24580285,0.6514311,-0.4828071,-0.25804806
47,2163,-0.5916667,0.09537728,-0.060824826,-0.4390915,0.036688752,0.021465749,0.70379055,-0.2091689,0.37842524,-0.08384719,-0.2542311,0.22290047,-0.5385262,-0.36813158,0.6492446,-0.2750459
47,2164,0.2673352,0.25346428,0.39707613,0.51242423,-0.36145884,-0.64745903,-0.17712197,0.023818523,-0.5603335,-0.40292054,0.49980438,0.27679348,-0.2722439,0.60911155,-0.48904926,-0.25114518
47,2166,0.033681214,0.20482811,-0.73549324,0.32265806,0.4650951,0.2833141,-0.23834834,0.3237959,-0.7088552,-0.28462097,0.24490213,-0.4218731,0.16145682,-0.2519612,0.47052366,-0.14585613
47,2168,-0.07395069,-0.45413265,-0.50548685,0.052934602,0.4835624,0.14661911,-0.11203542,-0.26914632,0.0151762515,-0.3535207,-0.03814424,-0.30005515,-0.11360623,0.11795317,0.3662771,-0.14309768
47,2198,-0.15311652,0.6722901,0.5271623,0.18950401,-0.43302906,-0.37073466,-0.35229823,-0.11708625,-0.086134896,-0.05232904,0.36360478,-0.10512069,-0.45887476,0.28613466,-0.46976668,-0.6086621
47,2202,-0.27824092,0.013807379,-0.6024586,-0.46619278,-0.052164126,-0.29709497,0.7907797,0.14690566,0.53241813,-0.09095267,-0.4443599,0.3720023,-0.22128305,-0.47041255,0.3226933,0.13820967
47,2204,-0.38854694,0.04927945,0.57100177,-0.42777792,-0.14551105,0.9614331,-1.2496063,0.09007251,0.22942843,0.73735327,-0.33371022,-1.2952265,0.4865399,-0.27247068,-1.2703487,0.103696555
47,2207,-0.5690368,0.17695285,-0.21780919,-0.4201904,-0.027477972,-0.021511301,0.86144197,0.006839305,0.37935,-0.10866753,-0.2790074,0.3289076,-0.5090931,-0.52347195,0.6311597,-0.17372942
47,2223,0.28860775,-1.2717705,0.11584408,0.35147232,0.58395875,0.2458494,-0.5508225,-0.9046797,0.8274802,-0.42219934,0.15187594,-0.4824854,-0.30939993,0.8581592,0.18674299,-0.19718695
47,2225,-0.30205235,0.17740734,0.4628222,0.025767773,-0.363394,0.63301384,-0.73029363,0.29989392,0.11059725,0.3269213,-0.07796498,-0.82753944,0.12874177,-0.2797157,-1.2100335,0.012427166
47,2226,0.0037878156,0.10035228,-0.88133585,-0.51736456,-0.16726273,-0.6394913,0.5743286,0.32437903,0.600254,-0.038067102,-0.49401557,0.34553784,0.056805104,-0.4109117,-0.03842336,0.3157598
47,2227,-0.45776194,0.62635326,0.33850095,-0.0899014,-0.3585394,-0.14925963,0.18858182,-0.038152605,0.10009731,0.025657829,0.078332044,0.03711544,-0.54523957,-0.16474497,-0.04291083,-0.48844996
47,2229,-0.30760163,0.16554523,0.47511065,0.0057813823,-0.3542277,0.66497767,-0.7831154,0.2956338,0.11214234,0.35183415,-0.090143606,-0.87090784,0.15717268,-0.27994862,-1.241232,0.02019167
47,2243,0.03506702,0.06620264,-0.77882385,0.2756914,0.44883877,0.23116988,-0.17143077,0.2807817,-0.5561736,-0.3105811,0.15993866,-0.36483473,0.13233402,-0.21542764,0.40306944,-0.08500399
47,2256,-0.6021843,0.074700594,-0.04982157,-0.45033568,0.04811529,0.031095497,0.69528925,-0.23897019,0.3910082,-0.08175234,-0.2609704,0.21763228,-0.543529,-0.35917014,0.6579765,-0.28357023
47,2271,2.1374857,0.24877182,1.0665506,1.2550781,-0.17847475,0.6126699,-0.030869246,0.77621216,2.0559356,1.1118797,1.3783432,0.28107268,0.48524976,-0.15449892,1.3812178,0.2815125
47,2274,-0.0667167,0.6388351,0.546784,0.07957761,-0.3517444,-0.43392286,-0.43065795,-0.22544526,-0.18187968,0.016502053,0.33730265,-0.08626564,-0.30935612,0.40922982,-0.389661,-0.58564806
47,2300,-0.51819193,0.08790751,-0.35608864,-0.4368259,-0.04470011,-0.045438774,0.9222959,0.08100927,0.4790789,-0.10275336,-0.37070394,0.370669,-0.4356411,-0.57242197,0.5327951,-0.021273315
47,2305,-0.35587966,-0.60259116,-0.18491144,-0.32287496,0.561487,0.067990534,-0.08243364,-0.81325257,0.25311977,-0.32725835,-0.18485984,-0.26731405,-0.33723143,0.27853602,0.58758694,-0.41015285
47,2309,-0.38200468,0.06852315,0.50516814,-0.20404196,-0.26252025,0.94394416,-1.1004801,0.2548145,0.21479897,0.56853735,-0.2501904,-1.2168248,0.3645017,-0.34607497,-1.4008633,0.10171175
47,2310,-0.41253084,-0.94224,-0.0050958395,-0.2810198,0.7479919,0.24175099,-0.31146398,-1.193458,0.2933317,-0.4053934,-0.15536234,-0.44503093,-0.4200308,0.5589696,0.6330162,-0.5454472
47,2328,-0.09478673,0.649891,0.5945546,-0.058484554,-0.30859745,-0.38931176,-0.46360937,-0.30265415,-0.18750538,0.14278027,0.26521477,-0.08651815,-0.20894986,0.39470866,-0.34232265,-0.5717292
47,2329,-0.15842324,-0.85509634,0.48639452,0.26175743,-0.1497348,0.62950134,0.61727965,0.22089863,-0.5807327,-0.06530645,-0.2882057,0.46029472,0.20706028,-0.07305822,-0.49781168,0.80702096
47,2345,-0.267919,0.59738684,-0.017231956,-0.10425953,-0.42240348,-0.07288323,0.70715344,0.5194356,0.43229127,0.17285714,-0.06223304,0.25911367,-0.36172873,-0.68429023,0.13875762,-0.028689131
47,2353,-0.64223945,-0.10524875,0.156524,-0.51087385,0.14963704,0.103332974,0.475446,-0.5805316,0.45296243,-0.028469771,-0.27230167,0.07256952,-0.56699854,-0.14314556,0.6696092,-0.4007069
47,2357,1.9974543,0.43761414,0.82403874,1.1914891,-0.35163474,0.4895495,0.116403125,1.1172805,1.9398146,1.0678445,1.2318805,0.307383,0.4990765,-0.40487045,1.0623248,0.44222593
47,2364,0.115417,0.18753815,-0.6823429,0.480519,0.56281847,0.40049657,-0.51872504,0.30676663,-0.8940412,-0.30466717,0.38132548,-0.59574056,0.2508574,-0.1400438,0.43984216,-0.19803606
47,2372,-0.37580463,0.095631704,0.61869526,-0.5290716,-0.10156566,0.86949134,-1.25768,-0.036452845,0.18489568,0.7944103,-0.33950853,-1.2185776,0.5176475,-0.1879498,-1.1393071,0.049339637
47,2395,-0.5157354,0.12890723,-0.3362555,-0.42063117,-0.063831046,-0.050308622,0.92328584,0.10410574,0.45463562,-0.09687858,-0.35048977,0.36953008,-0.4419021,-0.5773342,0.52828825,-0.031090766
47,2403,-0.58498824,0.5346504,0.13924702,-0.22040789,-0.34381998,-0.008225895,0.63713336,0.20257086,0.27079812,0.06614143,-0.11957198,0.16880842,-0.5682488,-0.5738295,0.16780642,-0.24681461
47,2409,-0.31554753,-0.53591335,-0.226346,-0.33719164,0.4888121,-0.007994778,-0.0359309,-0.71818197,0.28434265,-0.29462302,-0.20808208,-0.21939534,-0.30376,0.23357734,0.5181873,-0.34295267
47,2414,0.07494387,0.13040927,-0.8310523,0.29284948,0.40369773,0.19540209,-0.13707575,0.38327587,-0.57331187,-0.29102507,0.15817934,-0.32868332,0.17149222,-0.26312947,0.362679,-0.033140764
47,2415,-0.24007165,0.8363626,0.22609583,0.13615821,-0.45265624,-0.3676195,0.10559699,0.22152746,-0.08653839,-0.10791973,0.29918265,0.1037008,-0.5103376,-0.06811291,-0.16889052,-0.54906607
47,2434,-0.11902976,0.09872124,-0.719554,0.13771491,0.5237341,0.25655043,-0.08763847,0.11251858,-0.5634159,-0.32295495,0.14349377,-0.3460921,0.027988732,-0.26388383,0.6538692,-0.23893417
47,2440,-0.4746126,-0.0136041045,-0.2902825,-0.4295923,0.012325138,-0.041474324,0.7681532,-0.06287731,0.4792928,-0.09374807,-0.36328572,0.26784426,-0.4120854,-0.41512626,0.48812145,-0.049629778
47,2445,-0.09821825,0.69538295,0.50206715,0.24229155,-0.43266818,-0.44531173,-0.39019135,-0.10584821,-0.1349145,-0.11798347,0.4226802,-0.09925522,-0.46770048,0.3509809,-0.46975595,-0.643886
47,2446,-0.31272066,0.58351123,0.60362774,-0.022104055,-0.3947859,-0.16169031,-0.26098832,-0.21977812,0.053050324,0.1571792,0.16675493,-0.13805513,-0.41079575,0.12690343,-0.40757525,-0.51772153
47,2457,-0.5073226,0.12527946,-0.33153963,-0.41579807,-0.06625492,-0.052572675,0.91186905,0.10180852,0.4547873,-0.09238953,-0.3500635,0.3610084,-0.43615645,-0.56644666,0.5133351,-0.026204854
47,2460,-0.05866626,0.698228,0.48364103,0.26619798,-0.4262681,-0.49024624,-0.40648744,-0.102642804,-0.16490476,-0.15429708,0.45218527,-0.094071135,-0.46536773,0.391427,-0.45702404,-0.6556344
47,2474,2.4503882,0.34915566,1.128384,1.4733499,-0.23429006,0.6491766,-0.050660133,1.004632,2.1861916,1.2154895,1.5764085,0.3210752,0.6034241,-0.18823177,1.4604489,0.36335075
47,2485,0.2673352,0.25346428,0.39707613,0.51242423,-0.36145884,-0.647459,-0.17712194,0.023818523,-0.5603335,-0.40292054,0.49980432,0.27679348,-0.2722439,0.60911155,-0.48904926,-0.25114518
47,2494,0.24755284,0.31787038,0.6465177,-0.7411976,0.20358944,-0.1528388,-0.120108426,-0.5692431,-0.9118171,0.7699946,-0.19815248,0.62966686,1.0167959,0.42292172,0.4434409,0.1724709
47,2502,-0.3309688,0.17646168,0.70623934,-0.66401196,-0.02171138,0.59985673,-1.1921073,-0.30157495,0.07692005,0.8292898,-0.3005494,-0.9925097,0.4840843,0.04372852,-0.806089,-0.08808827
47,2537,0.23130187,0.01391843,0.382751,0.54076856,-0.34727976,-0.4787316,0.060821176,0.10145995,-0.54018533,-0.3960138,0.37394583,0.3871966,-0.24278814,0.47977093,-0.4898041,-0.015473589
47,2546,0.2820644,0.23586726,0.40639955,0.4795038,-0.33265123,-0.66989696,-0.20530242,-0.023309827,-0.60719013,-0.39127707,0.4915905,0.28825742,-0.23259708,0.6589911,-0.46884137,-0.25203967
47,2550,-0.24321637,0.849409,0.24648727,0.13557191,-0.4529319,-0.37797108,0.06513129,0.19384837,-0.09742029,-0.11198168,0.31281182,0.09224963,-0.51333743,-0.043237746,-0.18081768,-0.5785929
47,2564,0.26513645,-0.1606389,0.38940942,0.57711846,-0.3287397,-0.4249502,0.17264527,0.13902274,-0.63812464,-0.41616458,0.32230428,0.509857,-0.16694774,0.4763833,-0.50829417,0.14895996
47,2573,-0.11857043,0.12274222,-0.6684038,0.14522992,0.5093461,0.26075867,-0.10886988,0.101187855,-0.57332313,-0.3027137,0.15898189,-0.36192375,0.022342324,-0.24498394,0.64196324,-0.25249672
47,2578,-0.019626662,0.6741798,0.4816162,0.2946313,-0.42840138,-0.5122176,-0.41245386,-0.09464134,-0.17900907,-0.17564508,0.46992922,-0.08705221,-0.4588666,0.42052042,-0.47028083,-0.63652456
47,2607,0.74083626,0.113551445,-1.4405801,-0.69452286,-0.2884495,-1.4656616,-0.43521872,0.379404,0.76689523,0.028053418,-0.561759,0.0015766472,0.7712904,0.11413117,-1.0096637,0.6044871
47,2616,-0.08363548,-0.24143833,-0.6104597,0.063799396,0.45791745,0.14585954,-0.04344049,-0.08984682,-0.15315588,-0.3329564,-0.0037923455,-0.27114508,-0.06175077,-0.04904876,0.43769807,-0.13799682
47,2626,0.23750746,-0.8937403,0.51941967,0.17774783,-0.022268966,-0.063561715,0.47448757,-0.09598786,-1.0709484,-0.10954998,-0.17116216,0.8802617,0.44488728,0.52824646,-0.3019361,0.77972245
47,2641,0.26733527,0.25346428,0.39707613,0.51242423,-0.36145884,-0.64745903,-0.17712197,0.023818523,-0.56033343,-0.40292054,0.49980438,0.27679348,-0.2722439,0.60911155,-0.48904926,-0.25114518
47,2648,-0.08446644,-0.23724964,-0.63463736,0.0724514,0.48265272,0.16137409,-0.058557183,-0.08531439,-0.1875797,-0.34535995,0.008725129,-0.28295767,-0.05134085,-0.059461206,0.4648314,-0.14957428
47,2650,0.39014855,-1.3518711,0.031011313,0.2986924,0.5046051,0.0553452,-0.56049573,-0.86545026,1.005553,-0.42189446,0.07906253,-0.4322768,-0.25599813,0.905518,-0.011084899,-0.051993266
47,2655,0.0679827,-1.1179161,-0.43278056,-0.12794138,0.45748425,-0.17565623,-0.25341377,-0.6948953,0.71765506,-0.4248838,-0.27522713,-0.25669906,-0.16385661,0.5646244,-0.043864295,0.048932746
47,2659,-0.30620605,0.68260765,0.5703823,-0.13675903,-0.2879054,-0.32357863,-0.40508708,-0.41655567,-0.06465773,0.07930933,0.21627384,-0.16563413,-0.39662862,0.3001241,-0.19041778,-0.73599046
47,2660,-0.514799,0.65054166,-0.04574932,-0.20692432,-0.4280626,-0.098303445,0.79468834,0.44540977,0.26335898,0.07202075,-0.14320543,0.28753883,-0.49532533,-0.7198044,0.13058285,-0.14171062
47,2661,-0.32784945,0.6415483,0.59891,-0.17779163,-0.2756159,-0.27809012,-0.40234783,-0.45334506,-0.032010004,0.12771812,0.17375457,-0.1834544,-0.37878206,0.2855258,-0.18948431,-0.70620453
47,2688,0.018858522,-0.9862877,-0.40594125,-0.14881478,0.41806996,-0.16233927,-0.18397,-0.6420797,0.6476718,-0.38500342,-0.27121788,-0.23177175,-0.17672369,0.48679677,0.005938828,0.021337867
47,2699,-0.576818,0.62155616,0.053859413,-0.20439978,-0.390707,-0.039901115,0.7779263,0.33628273,0.2396302,0.053173307,-0.11908401,0.27068305,-0.5658622,-0.66914934,0.20642704,-0.22053254
47,2701,0.2093679,-0.013879776,0.3743535,0.51958716,-0.33699325,-0.4414432,0.10008545,0.101723045,-0.5096825,-0.37904453,0.33968756,0.3838073,-0.24321082,0.44680616,-0.4674604,0.011239231
47,2702,0.14720595,-0.249295,-0.79026806,-0.4880581,0.115910284,-0.6760984,-0.09752241,-0.1731736,0.5329235,-0.14707461,-0.38933188,-0.046116933,0.14502579,0.11860052,-0.14219578,0.13962436
47,2703,0.29711887,-1.2975197,0.07840556,0.33036864,0.5759743,0.21042594,-0.54510987,-0.8980078,0.85251546,-0.4274077,0.124712996,-0.46864796,-0.2964024,0.8609352,0.14955129,-0.16467765
47,2704,-0.3567259,-0.8742957,-0.032483682,-0.24239585,0.6499108,0.1970754,-0.26154333,-1.0608654,0.30619138,-0.36593926,-0.16447815,-0.41142112,-0.3862698,0.52012146,0.5139577,-0.45005703
47,2730,2.3950496,0.40198714,1.0669103,1.4445187,-0.27513498,0.6148329,-0.0029126406,1.0780053,2.1468797,1.2000533,1.5313923,0.3350013,0.59860736,-0.2488383,1.3866938,0.39103156
47,2732,-0.5804702,0.14166729,-0.13963757,-0.42822936,0.0054944158,-0.0012003109,0.7822155,-0.09918253,0.37263072,-0.098779045,-0.2625728,0.2759639,-0.52482736,-0.44550532,0.6444411,-0.22895223
47,2734,0.10107672,0.10046341,-0.9326761,0.33683038,0.471583,0.23224428,-0.1873194,0.4160264,-0.646446,-0.33904126,0.18375161,-0.35864618,0.21783507,-0.28023082,0.39489174,-0.029626995
47,2735,1.2925787,0.042126015,0.9057507,0.68782234,-0.026015945,0.50093067,0.049037322,0.16730556,1.6220778,0.82316935,0.8746349,0.18664812,0.16109341,-0.047006346,1.2155129,0.009627074
47,2747,-0.6264726,-0.053736866,0.113307565,-0.48785806,0.12460417,0.08225604,0.5168071,-0.498025,0.4254964,-0.043216057,-0.26009655,0.09912184,-0.5609073,-0.18411782,0.6625633,-0.37863693
47,2765,-0.43554842,-0.04299918,-0.38517267,-0.44035608,0.021922313,-0.08393284,0.78289366,-0.027459726,0.49487495,-0.110770814,-0.39234054,0.29677033,-0.37110507,-0.42749408,0.47092915,-0.0052648187
47,2775,0.2626569,0.19445685,0.38981265,0.43172967,-0.30021015,-0.6391166,-0.16403669,-0.047210008,-0.5863486,-0.3667157,0.4429775,0.2861253,-0.21597765,0.6413449,-0.41568774,-0.22147307
47,2776,0.007240236,0.31072956,0.4122094,0.3870591,-0.42915568,-0.19218886,-0.22209188,0.17320392,-0.20893611,-0.16002038,0.31022164,-0.06401597,-0.26623052,0.18847793,-0.69463855,-0.20174329
47,2782,0.27439168,0.25288838,0.3990559,0.5080422,-0.35577792,-0.65831494,-0.18831861,0.013419777,-0.57529265,-0.40379226,0.50277793,0.27982837,-0.26321986,0.625397,-0.4861306,-0.25480977
47,2790,-0.38546202,0.55547774,0.64423877,-0.1986089,-0.32311317,-0.111270204,-0.28183243,-0.37501758,0.083480746,0.26075482,0.06778119,-0.17472798,-0.36069036,0.124704175,-0.285357,-0.54227126
47,2793,0.0035696924,0.03802672,-0.7879616,0.25039887,0.48741037,0.24582037,-0.1657474,0.23085392,-0.55598515,-0.3313433,0.15388557,-0.36883187,0.111990094,-0.21600318,0.4616627,-0.118054256
47,2796,-0.37454998,-0.31295943,0.43202066,-0.39898193,0.20438477,0.21533623,0.18410763,-0.79829764,0.71597254,0.16034527,-0.15934406,-0.06646715,-0.4503337,0.08983384,0.6577179,-0.37831515
47,2797,-0.36726955,0.08802577,0.49888444,-0.156899,-0.2857155,0.8862147,-1.0349532,0.26720965,0.19357961,0.5218916,-0.21670994,-1.1447423,0.32078493,-0.33419198,-1.3771309,0.085897624
47,2802,-0.48481458,0.025396876,-0.32622987,-0.43019435,-0.017439164,-0.047465693,0.8344567,0.0070002675,0.48591864,-0.09341212,-0.3724122,0.31137675,-0.41386914,-0.48236698,0.49029535,-0.024325907
47,2803,0.14024359,0.300862,-0.77150494,0.5629861,0.6130634,0.46851054,-0.5772351,0.42774618,-1.0856923,-0.32543436,0.46530247,-0.64810956,0.32064772,-0.22719544,0.5100702,-0.2167668
47,2807,-0.3805343,-0.89456666,0.4781114,0.4161268,-0.25712714,1.1492864,0.70137286,0.5214017,-0.35782617,-0.09144346,-0.3350295,0.21247162,0.0897775,-0.47874534,-0.7501354,0.9062816
47,2819,-0.350376,0.122429594,0.6855362,-0.6824588,-0.0049088374,0.69157225,-1.2296154,-0.27215105,0.12090486,0.84975106,-0.34397224,-1.0799744,0.51968193,-0.008848421,-0.85737795,-0.037771508
47,2823,-0.46894747,-0.043793708,-0.31897837,-0.434906,0.035135992,-0.04255998,0.75906086,-0.07507217,0.48288083,-0.10832644,-0.3719974,0.26503694,-0.40401128,-0.40699926,0.4972489,-0.047274783
47,2824,0.0035696924,0.03802672,-0.7879615,0.25039887,0.4874103,0.24582031,-0.16574737,0.23085392,-0.5559851,-0.3313433,0.1538856,-0.36883187,0.111990094,-0.21600315,0.4616627,-0.118054256
47,2826,0.4937463,-0.057009667,-0.9967501,0.369394,0.32844633,-0.11686514,-0.40505293,0.46754593,-0.43275058,-0.2190431,0.092071064,-0.23328286,0.50638354,0.037904277,-0.095167994,0.24817884
47,2836,0.6624949,0.026843183,-1.3100119,-0.66221607,-0.22984809,-1.3457499,-0.42486045,0.2592255,0.747722,0.0032865554,-0.5386946,-0.03006135,0.6758771,0.1661687,-0.91886103,0.5420878
47,2839,-0.2983273,0.86035717,0.22275726,0.13107406,-0.4970027,-0.31202334,0.20435098,0.29774654,-0.04894261,-0.075912975,0.2684913,0.1480849,-0.5380337,-0.19124597,-0.17997591,-0.5129663
47,2844,-0.34956822,0.10862111,0.49545223,-0.113661535,-0.30383965,0.8242001,-0.9728646,0.27147835,0.16781804,0.4768177,-0.18139827,-1.0706539,0.27907056,-0.31440315,-1.3435181,0.06696734
47,2851,0.20250946,0.30106318,0.40941775,0.49984235,-0.39578587,-0.579553,-0.16015789,0.051282972,-0.4524029,-0.35972705,0.47885597,0.2231584,-0.32537177,0.51718783,-0.5100631,-0.27319032
47,2887,0.15446159,-1.050846,-0.14377902,0.22903521,0.5890173,0.21545032,-0.39014938,-0.7203336,0.55816686,-0.42610976,0.0603913,-0.4038819,-0.23843867,0.61321056,0.27560216,-0.18141201
47,2890,-0.5039424,0.075609,-0.33807504,-0.42963284,-0.04308528,-0.04745695,0.8900869,0.061209768,0.4781026,-0.09409081,-0.36775854,0.34790576,-0.42728668,-0.54075897,0.50917405,-0.020729244
47,2900,-0.058844805,0.10681483,-0.7405451,0.20863806,0.51033247,0.26762417,-0.14545977,0.18285882,-0.6030999,-0.32003906,0.17352107,-0.37516525,0.0756228,-0.24904293,0.57677996,-0.1965528
47,2906,0.31103286,0.7142731,0.7479123,-1.3051735,0.43501997,0.0903156,-0.24261752,-0.75682473,-0.83470356,1.4219562,-0.36308804,0.6187669,1.5907849,0.2207596,1.017574,0.17572603
47,2910,0.13372058,-0.011172444,0.5427501,-0.29292378,0.017594568,-0.26048505,-0.013472319,-0.3955677,-0.80183697,0.26637286,-0.08629765,0.51854575,0.4766696,0.5018991,-0.008607402,0.14624146
47,2920,-0.27301633,0.71934164,0.45740026,-0.038642496,-0.31999922,-0.36384842,-0.27821013,-0.25202444,-0.0845093,-0.016255252,0.2611345,-0.09834421,-0.44243783,0.23591858,-0.17250012,-0.7045285
47,2924,0.57344365,-0.034916267,-1.2661083,-0.63349885,-0.15461817,-1.2258726,-0.35595348,0.20076677,0.70882684,-0.042672582,-0.52086467,-0.023273744,0.5926563,0.13913433,-0.7710237,0.479491
47,2925,-0.035206422,0.09688787,-0.83579326,-0.50191194,-0.15947127,-0.5932093,0.62159574,0.3108124,0.5875261,-0.039806895,-0.48463675,0.35770845,0.013471603,-0.42712435,0.013799049,0.29550594
47,2931,0.007240236,0.3107296,0.41220942,0.3870591,-0.4291557,-0.19218886,-0.22209188,0.17320392,-0.20893611,-0.16002038,0.31022167,-0.06401597,-0.26623052,0.18847793,-0.69463855,-0.20174329
47,2933,0.23515221,0.34122372,0.64677083,-0.7872572,0.21974367,-0.13944823,-0.12528318,-0.59176254,-0.8939105,0.8076595,-0.21781243,0.6156117,1.0364554,0.4094907,0.48110402,0.16245815
47,2935,-0.45776194,0.62635326,0.33850095,-0.08990139,-0.3585394,-0.14925963,0.18858182,-0.038152575,0.10009731,0.025657829,0.078332044,0.03711544,-0.54523957,-0.16474497,-0.04291083,-0.48844996
47,2944,-0.6076399,0.21003214,0.2390297,-0.2784399,-0.35036334,0.21155813,0.44768924,0.1407862,0.5873496,0.275153,-0.29946175,-0.08784884,-0.4772773,-0.6329661,-0.21641396,0.025937334
47,2953,-0.4086731,0.034464054,0.53532934,-0.31235015,-0.21068656,1.0757016,-1.2686018,0.22738817,0.2595997,0.6859024,-0.3169144,-1.3812457,0.4699052,-0.37024164,-1.4556503,0.13591406
47,2967,0.13249147,0.3356737,-0.81184065,0.5616103,0.6268368,0.47562197,-0.55888927,0.45737612,-1.1245407,-0.3333897,0.47375154,-0.6413186,0.3293929,-0.2700162,0.5541932,-0.2246139
47,2971,-0.2627708,0.8763888,0.2233142,0.15048678,-0.4892364,-0.3541455,0.1459172,0.28031486,-0.082872614,-0.10086677,0.30353323,0.13384224,-0.5279197,-0.1304684,-0.19018967,-0.5450072
47,2992,0.018858522,-0.9862877,-0.40594125,-0.1488148,0.41806996,-0.16233927,-0.18397,-0.6420797,0.6476718,-0.38500345,-0.27121788,-0.23177177,-0.17672369,0.48679677,0.005938843,0.021337867
47,2994,-0.48481458,0.025396876,-0.32622987,-0.43019435,-0.017439164,-0.047465693,0.8344567,0.0070002675,0.48591864,-0.09341214,-0.37241223,0.31137675,-0.41386914,-0.48236698,0.49029535,-0.024325922
47,2997,0.5959891,-0.023149446,-1.272449,-0.6393756,-0.18088526,-1.257865,-0.36418173,0.21765846,0.72721076,-0.028616674,-0.52934533,-0.01973971,0.60984033,0.14646418,-0.8161875,0.50237215
47,2999,-0.60140383,0.23054269,0.23549965,-0.25474316,-0.3742468,0.21450919,0.4561621,0.1850926,0.584751,0.27976534,-0.288995,-0.08178845,-0.4776533,-0.65558475,-0.25013608,0.037259504
47,3011,0.23750746,-0.8937403,0.51941967,0.17774783,-0.022268973,-0.063561715,0.47448757,-0.09598786,-1.0709482,-0.10954998,-0.17116216,0.88026184,0.44488722,0.52824646,-0.3019361,0.77972245
47,3013,0.041773647,0.24933578,-0.63607305,0.40023905,0.52482086,0.37515786,-0.407433,0.279827,-0.85293984,-0.277805,0.34825996,-0.5436893,0.18692452,-0.1945185,0.5067017,-0.23089395
47,3021,-0.58498824,0.53465044,0.13924702,-0.22040789,-0.34381998,-0.008225888,0.63713336,0.20257086,0.27079812,0.06614143,-0.11957198,0.16880842,-0.5682488,-0.5738295,0.16780642,-0.24681461
47,3032,-0.3712199,0.56683344,0.6415179,-0.14648643,-0.3505026,-0.11796342,-0.27860358,-0.32864192,0.07901034,0.23744342,0.09531429,-0.16495544,-0.37740287,0.11854871,-0.33378857,-0.53500354
47,3046,-0.40362555,0.05587557,0.5744532,-0.39697224,-0.1730299,1.0142726,-1.2574996,0.14147046,0.23482007,0.73853266,-0.33256057,-1.3191888,0.4932959,-0.3230431,-1.3407218,0.11753553
47,3048,-0.0420233,0.7054647,0.48702013,0.27897614,-0.42766085,-0.5111259,-0.43062308,-0.10820843,-0.18093048,-0.1680192,0.47064006,-0.09631267,-0.4647474,0.41618153,-0.46445566,-0.6692858
47,3052,-0.06924236,0.09690134,-0.771129,0.21442328,0.5660155,0.29826745,-0.17835572,0.16042426,-0.6548245,-0.34600276,0.19380733,-0.40034318,0.08474594,-0.2542266,0.6388014,-0.23084387
47,3060,0.49370912,0.2136257,-1.2423486,-0.6206188,-0.30196056,-1.180268,-0.048909783,0.4492305,0.6691193,0.040849123,-0.5275778,0.13555272,0.54612267,-0.12033944,-0.6937729,0.5074458
47,3063,-0.54123986,0.24082167,-0.27500105,-0.3918059,-0.07375437,-0.050380535,0.92235816,0.12629068,0.35911182,-0.112300895,-0.2750157,0.36798686,-0.49166572,-0.58538795,0.60189414,-0.1226263
47,3064,0.34055302,-1.2035301,-0.26899886,0.10426141,0.3739537,-0.18914211,-0.37341675,-0.63759756,0.96688783,-0.39902616,-0.114206456,-0.2856523,-0.15615638,0.7049647,-0.18032478,0.13202074
47,3094,-0.46860546,0.60303485,-0.07646187,-0.21956617,-0.4197346,-0.118540324,0.75305414,0.44018686,0.29991132,0.09456851,-0.17068276,0.25452256,-0.4441228,-0.6942582,0.07468441,-0.08647743
47,3103,-0.57087666,0.5585369,0.1352191,-0.21012522,-0.332735,-0.03262949,0.6489461,0.19030875,0.22797105,0.043520417,-0.09666341,0.19001098,-0.5731607,-0.5403145,0.21675761,-0.27867514
47,3109,-0.37444395,-0.021186724,-0.45454234,-0.44039786,-0.0023527965,-0.1569308,0.7818636,0.032323807,0.49458098,-0.10454983,-0.4041962,0.31983215,-0.3193627,-0.4314528,0.41910267,0.041682795
47,3123,-0.62647253,-0.053736866,0.113307565,-0.48785812,0.12460417,0.08225606,0.51680714,-0.498025,0.4254964,-0.043216057,-0.26009655,0.09912184,-0.5609073,-0.1841178,0.6625633,-0.37863693
47,3134,0.1368008,0.28018618,-0.7706706,0.56924313,0.645773,0.4881837,-0.61228836,0.3976273,-1.107085,-0.3387718,0.4779647,-0.6714513,0.3235764,-0.20973113,0.5330747,-0.23886709
47,3142,-0.49869612,0.57015806,0.27892196,-0.11755315,-0.3750842,-0.05953349,0.36118394,0.08521077,0.19323048,0.07583765,-0.007787198,0.06710698,-0.54478586,-0.34237137,-0.028574586,-0.34947944
47,3145,0.0037878454,0.10035227,-0.88133574,-0.51736456,-0.16726273,-0.63949126,0.5743286,0.32437903,0.60025394,-0.038067102,-0.49401557,0.34553784,0.056805074,-0.4109117,-0.03842336,0.3157598
47,3151,0.15409547,0.3162152,0.40685543,0.49845684,-0.42476866,-0.5132694,-0.10615334,0.09869838,-0.36859012,-0.32890615,0.45112306,0.20286934,-0.36296457,0.42228612,-0.52097595,-0.25853136
47,3155,-0.24314737,-0.52063906,-0.33407307,-0.36863846,0.44916272,-0.118093036,-0.046950877,-0.6495817,0.33334428,-0.2840212,-0.2443608,-0.18704575,-0.23145013,0.21930662,0.42884117,-0.26694655
47,3187,-0.19003817,0.48640603,0.66174144,-0.34410778,-0.18615821,-0.010793865,-0.68675363,-0.32404745,-0.07137923,0.46377003,0.021783195,-0.3764379,0.074050814,0.23151697,-0.43716133,-0.36458573
47,3197,0.45668617,-1.3777763,-0.021774396,0.27917916,0.4447481,-0.055441625,-0.5673262,-0.814063,1.1003351,-0.4147434,0.044317193,-0.4073975,-0.21743125,0.9196441,-0.14043568,0.04372883
47,3199,-0.092616245,0.1026442,-0.7070269,0.17630388,0.52636075,0.27214494,-0.13911608,0.12573981,-0.5950895,-0.31905416,0.1695033,-0.37674016,0.048283666,-0.24032542,0.62361497,-0.23534843
47,3208,-0.52673686,0.55986977,0.27669108,-0.12601455,-0.39370468,-0.02142261,0.3966467,0.12512827,0.23386219,0.101552814,-0.034371868,0.06787035,-0.5510489,-0.41229513,-0.05762829,-0.310253
47,3214,0.271794,0.16783948,0.39823267,0.4723428,-0.31886855,-0.62611693,-0.14020613,-0.013082698,-0.6032304,-0.3837198,0.44992626,0.31646836,-0.2172172,0.62873083,-0.45310527,-0.18815583
47,3228,0.31103286,0.7142731,0.7479123,-1.3051736,0.43501997,0.0903156,-0.24261755,-0.75682473,-0.83470356,1.4219564,-0.36308804,0.61876696,1.5907849,0.2207596,1.0175738,0.17572606
47,3231,-0.35585013,-0.9312252,0.46851286,0.48336935,-0.28253052,1.137332,0.7516711,0.55790156,-0.36867726,-0.13914597,-0.3159509,0.26068413,0.06251466,-0.4730069,-0.7716365,0.9352423
47,3252,0.25453845,-0.8049505,0.4633972,0.1471165,-0.0034927577,-0.16697101,0.44388485,-0.14545475,-1.0005609,-0.12774998,-0.1420859,0.8269738,0.37814128,0.5709295,-0.2169864,0.6800657
47,3255,-0.49615607,0.061088465,-0.33085018,-0.42786294,-0.033463303,-0.04790299,0.86692774,0.041262627,0.47622016,-0.094102256,-0.36596847,0.33254176,-0.42283562,-0.5170864,0.50355875,-0.02508606
47,3267,0.15836874,0.14681086,-1.0266234,-0.5548697,-0.2175715,-0.813927,0.40472513,0.3959589,0.62525076,-0.016967393,-0.51447135,0.2995749,0.21926868,-0.3492608,-0.2442921,0.39026034
47,3282,0.09858891,0.29443347,-0.77617264,0.51402587,0.6292673,0.46177533,-0.53195846,0.38455755,-1.0649741,-0.33338335,0.4440291,-0.6257241,0.2895906,-0.24544415,0.57286835,-0.24519044
47,3290,-0.3558998,0.5654375,0.6286244,-0.11441754,-0.3610432,-0.1254937,-0.2661594,-0.2966932,0.07634853,0.21797994,0.10999016,-0.1569911,-0.38530555,0.11644533,-0.35101324,-0.52333415
47,3291,0.1540955,0.3162152,0.40685543,0.49845684,-0.42476866,-0.5132694,-0.10615334,0.09869835,-0.36859012,-0.32890615,0.45112306,0.20286937,-0.36296457,0.42228612,-0.52097595,-0.25853136
47,3292,0.25432792,0.28297412,0.4003665,0.51808596,-0.37660047,-0.64084035,-0.18735856,0.03377208,-0.5309676,-0.3996759,0.5082077,0.25517,-0.29466286,0.5911813,-0.501447,-0.2727375
47,3298,-0.38854694,0.04927945,0.57100177,-0.4277779,-0.14551105,0.9614331,-1.2496064,0.09007251,0.22942843,0.7373532,-0.33371022,-1.2952263,0.4865399,-0.27247068,-1.2703488,0.103696555
47,3314,-0.4245123,-0.5743605,-0.06237124,-0.28703532,0.5987296,0.17794448,-0.10466382,-0.8803951,0.17275286,-0.32563218,-0.12661178,-0.3233981,-0.40046656,0.29892218,0.68025345,-0.51539755
47,3324,-0.13447258,0.056897573,-0.7499375,-0.486313,-0.119053334,-0.47782534,0.71412975,0.2536459,0.57441825,-0.06027659,-0.4751584,0.37941825,-0.08484131,-0.45718527,0.14427356,0.24363717
47,3347,-0.5466707,0.21259996,-0.31331074,-0.409878,-0.06874796,-0.048382632,0.95126915,0.13366571,0.39220554,-0.11616775,-0.30363116,0.38926864,-0.4830726,-0.61060977,0.6025371,-0.09489137
47,3356,0.0070059896,-0.22018373,0.5405113,-0.15112564,0.14817274,0.26902363,0.15781794,-0.58927536,0.90200204,0.31417885,0.07747262,0.00059713423,-0.31014258,0.06981119,0.7837297,-0.30201876
47,3366,0.243148,0.07388125,0.40402758,0.53158146,-0.35378334,-0.52254105,-0.014993429,0.07455513,-0.56573975,-0.38797107,0.40757465,0.36847836,-0.23602891,0.5235998,-0.5063916,-0.073929004
47,3373,0.4937463,-0.057009652,-0.9967501,0.369394,0.32844633,-0.11686514,-0.405053,0.46754593,-0.43275058,-0.2190431,0.092071064,-0.23328286,0.50638354,0.03790428,-0.095167994,0.24817884
47,3378,-0.4086731,0.034464054,0.53532934,-0.31235012,-0.21068656,1.0757017,-1.2686018,0.22738817,0.2595997,0.68590236,-0.31691438,-1.3812456,0.46990526,-0.37024164,-1.4556503,0.13591406
47,3392,0.24442169,-0.08246562,0.38378555,0.5798246,-0.34965086,-0.43725762,0.1378236,0.14312685,-0.5763114,-0.41522822,0.34865895,0.4537574,-0.21859506,0.45710894,-0.51329327,0.08074871
47,3403,0.3579,0.68229043,0.72799104,-1.1983202,0.39905205,0.0020789802,-0.22698307,-0.7329432,-0.86158335,1.3180091,-0.30103245,0.65763575,1.5149974,0.29071555,0.97031343,0.16026467
47,3411,-0.27768743,0.86923325,0.2205381,0.14336346,-0.4940583,-0.33447114,0.17688006,0.29369336,-0.06696479,-0.08924795,0.28728235,0.14219384,-0.5321008,-0.16132253,-0.18606983,-0.5270752
47,3418,-0.45029655,-0.7570714,0.0100426525,-0.29367113,0.72658974,0.24719399,-0.25178295,-1.1095583,0.19146809,-0.37436366,-0.110742025,-0.41807503,-0.43015024,0.45086226,0.7393941,-0.60479844
47,3420,0.36588773,-0.053128615,-0.8972856,0.4689225,0.5243464,0.1561113,-0.583428,0.34070635,-0.6786393,-0.30537423,0.25091457,-0.46103668,0.4335776,0.036833026,0.1450402,0.03335695
47,3422,-0.514799,0.65054166,-0.04574935,-0.20692432,-0.4280626,-0.098303445,0.79468834,0.44540977,0.26335898,0.07202075,-0.14320543,0.2875389,-0.49532533,-0.7198044,0.13058284,-0.14171064
47,3431,-0.03278306,-0.7649127,0.48761117,0.13425429,-0.08100196,0.28802896,0.5197213,0.017808437,-0.6816415,-0.027220003,-0.25037354,0.5639954,0.2637112,0.17317206,-0.32890487,0.6924199
47,3433,-0.41253084,-0.94224,-0.0050958395,-0.2810198,0.7479918,0.24175099,-0.31146398,-1.193458,0.2933317,-0.4053934,-0.15536234,-0.44503087,-0.4200308,0.5589696,0.6330162,-0.54544723
47,3453,-0.22096369,0.41610774,0.6578212,-0.43183324,-0.14065999,0.09864242,-0.72816753,-0.33670834,-0.028771237,0.54505795,-0.06325028,-0.46290225,0.15125698,0.18713158,-0.45116085,-0.29654783
47,3456,-0.5826578,0.30085507,0.21906093,-0.22271508,-0.39603242,0.17382023,0.4586928,0.22697699,0.53085405,0.25101784,-0.24748796,-0.053868935,-0.4818889,-0.6478483,-0.24557151,0.0010452569
47,3460,-0.38528806,0.5847597,0.66172826,-0.22485301,-0.30985746,-0.14286615,-0.33824405,-0.42615867,0.055727318,0.25943038,0.08280859,-0.18573648,-0.35140294,0.16708553,-0.26259118,-0.59599614
47,3463,-0.3114876,0.21103048,0.7023314,-0.6207691,-0.044076037,0.53071827,-1.1435525,-0.2988088,0.056957066,0.7846905,-0.25964835,-0.9263024,0.43897146,0.067319065,-0.77759767,-0.11836712
47,3480,0.13106957,-0.06775306,0.52530533,-0.17841743,-0.027802758,-0.28887364,0.004757941,-0.34492457,-0.7818774,0.15729173,-0.043048,0.50560784,0.36789256,0.5198081,-0.10255067,0.14034733
47,3489,0.2598975,0.20860496,0.38902298,0.42693156,-0.30064684,-0.6434055,-0.17409503,-0.051516563,-0.57861686,-0.3646312,0.44644034,0.2752592,-0.22105423,0.6425557,-0.41244,-0.23518653
47,3490,0.46549353,-0.06581086,-1.055682,0.47496486,0.5104701,0.06380833,-0.5753348,0.44172454,-0.6719257,-0.31036028,0.21637592,-0.39144027,0.53737366,0.019258484,0.071838215,0.13211912
47,3510,0.5959891,-0.02314946,-1.2724489,-0.6393756,-0.18088526,-1.257865,-0.36418173,0.21765846,0.72721076,-0.028616674,-0.52934533,-0.01973971,0.60984033,0.1464642,-0.8161875,0.50237215
47,3532,0.74083614,0.113551445,-1.4405801,-0.69452286,-0.28844953,-1.4656615,-0.43521872,0.379404,0.7668953,0.028053418,-0.56175894,0.0015766472,0.7712904,0.11413117,-1.0096637,0.6044871
47,3563,0.24270728,-0.1662009,0.38211614,0.4953457,-0.28600186,-0.4149071,0.16656542,0.07851675,-0.6212072,-0.37154394,0.27818245,0.48384643,-0.14092925,0.48548403,-0.44187194,0.13893306
47,3570,0.37747893,0.6138822,0.7222197,-1.0766104,0.3544014,-0.03370827,-0.20912233,-0.67597985,-0.9000635,1.209041,-0.2543747,0.68503994,1.4457142,0.3245746,0.8633944,0.18199062
47,3580,0.26739863,0.24505284,0.39941275,0.47670442,-0.33768186,-0.6546833,-0.19226837,-0.013494477,-0.5751439,-0.38651362,0.485088,0.27347594,-0.24925354,0.6336794,-0.46305907,-0.25557342
47,3585,0.15446162,-1.050846,-0.14377902,0.22903521,0.5890173,0.21545026,-0.39014938,-0.7203336,0.55816686,-0.42610976,0.0603913,-0.4038819,-0.23843867,0.61321056,0.27560216,-0.18141201
47,3603,0.20051944,0.12683739,0.3952652,0.42489958,-0.31372872,-0.5214623,-0.056255132,-0.004761234,-0.50555706,-0.32610902,0.37118393,0.2948404,-0.23490067,0.5269146,-0.42677528,-0.13950202
47,3604,0.3666552,0.6453614,0.7248602,-1.1339991,0.37487355,-0.013657674,-0.21483397,-0.7012683,-0.87908006,1.2614517,-0.27790335,0.671918,1.4775763,0.30507636,0.9137763,0.17342961
47,3608,1.8504776,0.16044803,1.0211278,1.0571487,-0.12083541,0.58824176,-0.006414756,0.5578087,1.9368201,1.0209832,1.2042978,0.2493376,0.37415403,-0.12213831,1.3360981,0.19182497
47,3611,0.27604,0.23803203,0.40280387,0.48315984,-0.33773208,-0.6611309,-0.19437277,-0.012812972,-0.5927609,-0.39095524,0.4892462,0.28500563,-0.24127042,0.6435642,-0.469487,-0.2494979
47,3630,-0.39045691,0.7247803,0.2747103,0.009931117,-0.42711753,-0.20779863,0.23195003,0.13957304,0.046358153,-0.011305124,0.15106589,0.09861715,-0.5424502,-0.20678052,-0.101346076,-0.47485387
47,3635,-4.2557716e-05,0.029956907,-0.797783,0.23842593,0.4796465,0.23444745,-0.14229536,0.23263988,-0.5340558,-0.33239266,0.13927844,-0.3530375,0.10555053,-0.22224292,0.4578752,-0.10844886
47,3645,0.11283699,-0.9740708,-0.4055164,-0.11126606,0.3461031,-0.24205285,-0.20036149,-0.5651825,0.7207626,-0.36227143,-0.2579239,-0.21506241,-0.14650337,0.50917095,-0.11763522,0.10162547
47,3646,1.8504776,0.16044803,1.0211278,1.0571487,-0.12083541,0.58824176,-0.006414756,0.5578087,1.9368201,1.0209832,1.2042978,0.2493376,0.37415403,-0.12213831,1.3360981,0.19182497
47,3656,0.19227651,0.3131342,0.41902024,0.5146618,-0.41754946,-0.5619806,-0.15131348,0.07750782,-0.4374354,-0.3523204,0.48152232,0.22500192,-0.33686826,0.48831525,-0.5364586,-0.26936662
47,3666,0.21252984,-0.9258195,0.52963036,0.19703011,-0.03379594,0.009059906,0.49846756,-0.059165627,-1.0666063,-0.108096324,-0.18685088,0.8752387,0.45086432,0.4812933,-0.3373363,0.8170811
47,3674,-0.12929897,0.117497385,-0.64522886,0.12841846,0.49852163,0.25165442,-0.09514099,0.08144617,-0.54772985,-0.29538745,0.14790139,-0.35349166,0.007353157,-0.23713398,0.63891613,-0.2559014
47,3683,-0.6571881,-0.15191832,0.19048104,-0.53168947,0.16769198,0.12293803,0.4455691,-0.6472341,0.483814,-0.01419691,-0.2880331,0.052724615,-0.5725039,-0.1146846,0.6691312,-0.41108155
47,3688,-0.5847874,0.12649074,-0.09271811,-0.42990667,0.02219592,0.009057954,0.73555565,-0.15648212,0.3645186,-0.0924507,-0.25024295,0.24458341,-0.5338136,-0.39985192,0.65057933,-0.26085335
47,3692,0.25629362,-0.13548559,0.3985071,0.584021,-0.34378812,-0.4215149,0.15879619,0.14634389,-0.621876,-0.4113848,0.33194223,0.49657565,-0.18183917,0.46551973,-0.5270158,0.13104147
47,3694,0.2203336,0.36899137,0.65000236,-0.8426374,0.23842719,-0.12495798,-0.13568085,-0.6208262,-0.87583315,0.8533927,-0.24055612,0.59886456,1.0609094,0.39698777,0.5225416,0.14903364
47,3695,-0.066716716,0.6388351,0.546784,0.07957761,-0.3517444,-0.4339229,-0.43065795,-0.22544526,-0.18187965,0.016502053,0.33730263,-0.08626563,-0.30935612,0.40922982,-0.38966107,-0.58564806
47,3699,0.25176868,-0.8376597,0.48803037,0.15554647,-0.010171242,-0.13584319,0.45302266,-0.1319325,-1.0326017,-0.117708184,-0.15250772,0.8532601,0.40768123,0.56099176,-0.24806328,0.7169577
47,3702,0.15162903,0.14937441,-0.6657693,0.45232183,0.5043878,0.32521975,-0.48881647,0.30060214,-0.78906405,-0.2762457,0.33282632,-0.54389787,0.25500727,-0.0958741,0.34759426,-0.14257362
47,3703,0.15982676,0.15807904,-0.6898278,0.47503495,0.52798486,0.34625944,-0.5162399,0.31698483,-0.83403325,-0.28809023,0.35379618,-0.56364244,0.27328634,-0.10502289,0.36481622,-0.14979875
47,3719,-0.24324235,0.87390053,0.3389333,0.09203355,-0.42684558,-0.41885927,-0.11926958,0.03640738,-0.13831593,-0.096179016,0.34401578,0.028998643,-0.4914146,0.08605223,-0.20227145,-0.687396
47,3725,-0.348121,0.14734553,0.69192445,-0.6529836,-0.031977735,0.6899857,-1.2456738,-0.24739422,0.105472594,0.8402238,-0.32461601,-1.0786669,0.5191513,-0.01621864,-0.90909815,-0.048994333
47,3741,0.33387086,-1.300365,0.06378399,0.31523943,0.53729415,0.14321792,-0.5425385,-0.87448907,0.9104222,-0.4178706,0.107825495,-0.44847238,-0.27990752,0.86985296,0.08627308,-0.118923314
47,3742,-0.42451233,-0.5743605,-0.06237124,-0.28703535,0.5987296,0.17794448,-0.10466382,-0.8803951,0.17275286,-0.32563218,-0.12661178,-0.3233981,-0.40046656,0.29892218,0.6802535,-0.51539755
47,3746,0.60425556,0.20851824,-1.3331966,-0.65266126,-0.3142103,-1.306971,-0.20788714,0.45141608,0.70095927,0.04864974,-0.5402048,0.08014871,0.6539327,-0.039149255,-0.838978,0.5511093
47,3756,0.22890079,-0.18549177,0.43475845,0.3628286,-0.23124966,-0.39192888,0.12149934,-0.018858582,-0.70249665,-0.26481393,0.21028617,0.5124303,-0.011767536,0.52281666,-0.40007436,0.16001096
47,3764,0.25135443,0.15855134,0.39564365,0.45440835,-0.3146242,-0.5989397,-0.118706256,-0.0148759335,-0.5744887,-0.36626333,0.42698312,0.30743843,-0.22177291,0.60222226,-0.4404068,-0.17785077
47,3776,-0.3567259,-0.8742957,-0.032483682,-0.24239585,0.6499108,0.1970754,-0.26154333,-1.0608654,0.30619138,-0.3659393,-0.16447815,-0.41142112,-0.3862698,0.52012146,0.5139577,-0.450057
47,3784,-0.37444392,-0.02118674,-0.45454234,-0.44039786,-0.0023527965,-0.1569308,0.7818636,0.032323807,0.49458098,-0.10454983,-0.40419617,0.31983215,-0.3193627,-0.4314528,0.41910267,0.041682795
47,3789,0.33393815,0.7826718,0.7013383,-1.1652757,0.3884363,0.1874327,-0.18673322,-0.5777838,-0.66417205,1.3868229,-0.28376994,0.52795416,1.499055,0.06908704,1.0450511,0.1914503
47,3791,-0.56818783,0.3399034,0.21830721,-0.20539343,-0.3978692,0.14435846,0.45146137,0.22570375,0.48688638,0.22848749,-0.21667245,-0.037759952,-0.48619455,-0.6177691,-0.22400488,-0.036791667
47,3795,-0.4793982,-0.018015638,-0.32878852,-0.43679357,0.020704255,-0.04314542,0.7933979,-0.04387428,0.4826613,-0.1081151,-0.37266493,0.28739953,-0.40997103,-0.4412586,0.50678486,-0.04190062
47,3797,0.12254411,0.3201035,-0.8084135,0.55016375,0.6364043,0.47647426,-0.5569624,0.43420255,-1.11484,-0.3383168,0.46806508,-0.6409283,0.32033908,-0.26321432,0.56695974,-0.23406859
47,3799,-0.20518608,-0.9220747,-0.30938172,-0.2243917,0.5628645,0.03195452,-0.14959165,-0.8233967,0.43353945,-0.39786574,-0.25102654,-0.2751717,-0.2734692,0.43384892,0.32755524,-0.2137205
47,3805,-0.58727044,0.23371488,0.22843596,-0.24739417,-0.37339726,0.2042436,0.4471227,0.1901744,0.5755355,0.2746608,-0.28301266,-0.08642196,-0.46983096,-0.6428451,-0.2552942,0.0384423
47,3811,-0.37726837,-0.91746104,0.48759818,0.42295408,-0.25760198,1.1617925,0.70794713,0.52797586,-0.3809883,-0.091507025,-0.33969823,0.22990562,0.107114375,-0.4780236,-0.76339555,0.92891026
47,3818,-0.010352522,0.057266854,-0.7986537,0.24265768,0.49634385,0.25219357,-0.15185437,0.23429015,-0.5737144,-0.33463484,0.15769854,-0.3659618,0.10711172,-0.2379154,0.49565095,-0.1315723
47,3840,-0.36726955,0.08802577,0.4988845,-0.156899,-0.2857155,0.8862148,-1.0349532,0.26720965,0.19357963,0.5218916,-0.21670994,-1.1447423,0.32078493,-0.33419198,-1.3771309,0.085897595
47,3852,-0.267919,0.59738684,-0.017231956,-0.10425952,-0.42240345,-0.07288323,0.70715344,0.51943564,0.43229127,0.17285714,-0.06223304,0.25911367,-0.36172873,-0.6842903,0.13875762,-0.028689146
47,3854,0.41796783,0.20026273,-1.225802,-0.61416435,-0.2878359,-1.1046714,0.08594225,0.46194202,0.6691406,0.02404131,-0.5384088,0.19914179,0.4786532,-0.1992011,-0.58704656,0.49799275
47,3857,-0.5768541,0.42403996,0.16839944,-0.23621263,-0.33595866,0.047907747,0.5750568,0.16683444,0.35964784,0.12401685,-0.17195478,0.09198235,-0.53438777,-0.56170523,0.064232305,-0.16624719
47,3863,-0.23990741,-0.905339,0.49089164,0.34834272,-0.20185713,0.8511513,0.6763661,0.36076033,-0.51563513,-0.086035915,-0.3085321,0.3935761,0.17026716,-0.23869237,-0.61842984,0.88034797
47,3879,0.25176868,-0.8376597,0.4880303,0.15554647,-0.010171242,-0.13584319,0.45302266,-0.1319325,-1.0326017,-0.117708184,-0.15250772,0.8532601,0.40768123,0.56099176,-0.24806328,0.7169577
47,3887,0.7174276,0.07708505,-1.3786561,-0.6820952,-0.26247478,-1.4201729,-0.46460983,0.3173014,0.75520855,0.018687837,-0.5472423,-0.031053878,0.74050426,0.1572912,-0.98943794,0.57382077
47,3894,-0.10648841,0.025084935,-0.7695051,0.08377041,0.46974355,0.17591578,0.01099214,0.12482637,-0.42031103,-0.3241635,0.05614247,-0.2593008,0.018580139,-0.2660809,0.57626194,-0.15814348
47,3896,-0.13447258,0.05689758,-0.7499374,-0.486313,-0.119053334,-0.47782534,0.71412975,0.2536459,0.57441825,-0.06027659,-0.4751584,0.37941825,-0.08484131,-0.45718527,0.14427356,0.24363717
47,3910,0.74083614,0.113551445,-1.4405801,-0.69452286,-0.28844953,-1.4656615,-0.43521872,0.379404,0.7668953,0.028053418,-0.561759,0.0015766472,0.7712903,0.11413117,-1.0096636,0.6044871
47,3922,-0.45776194,0.62635326,0.33850095,-0.089901395,-0.3585394,-0.14925964,0.18858182,-0.03815259,0.10009731,0.025657829,0.07833206,0.037115455,-0.54523957,-0.16474496,-0.04291083,-0.48844996
47,3923,-0.33986345,-0.96210515,0.49228728,0.48367393,-0.28045458,1.1294868,0.7520795,0.5518675,-0.42164892,-0.13096598,-0.32088274,0.30468994,0.10148543,-0.45084602,-0.7864298,0.96625996
47,3932,0.18627182,-0.15741327,0.49138445,0.1059352,-0.13192245,-0.35411584,0.05335839,-0.1886966,-0.78095293,-0.07230491,0.08744257,0.52824026,0.18451178,0.54939127,-0.28489667,0.15843692
47,3948,0.25497946,-0.19262025,0.41305324,0.4622864,-0.26718414,-0.41861317,0.14020143,0.042886704,-0.6888312,-0.34231898,0.26330635,0.5144334,-0.07811949,0.5247747,-0.44368893,0.15857735
47,3950,-0.11902976,0.09872124,-0.71955395,0.13771488,0.52373403,0.25655043,-0.08763841,0.11251858,-0.5634159,-0.322955,0.14349377,-0.3460921,0.027988762,-0.26388383,0.6538692,-0.23893419
47,3952,-0.39957505,-0.80695033,0.48682892,0.30876338,-0.22351038,1.1062452,0.6228341,0.44411093,-0.33408934,-0.020997308,-0.35010758,0.15833001,0.115685016,-0.4590695,-0.6922288,0.83258975
47,3954,-0.61377174,0.0328869,0.002605319,-0.46335763,0.072709285,0.050040267,0.64258647,-0.32171342,0.40390906,-0.069681026,-0.26223427,0.1818976,-0.55262303,-0.3072763,0.6611661,-0.31389898
47,3955,-0.007407993,0.043845743,-0.7866837,0.23721243,0.48003078,0.24003336,-0.14209476,0.22997886,-0.5436992,-0.32888928,0.14527828,-0.35699424,0.10054442,-0.22659257,0.4700269,-0.11889893
47,3957,0.20278531,-0.17289677,0.473913,0.20344643,-0.1700207,-0.36479485,0.08046116,-0.123166755,-0.757962,-0.1429672,0.13195705,0.52806866,0.11621001,0.53839463,-0.33337492,0.16511935
47,3960,-0.2258932,0.6421279,0.5679353,0.11204,-0.42998528,-0.27549797,-0.31507358,-0.14863002,-0.024150088,0.03771838,0.28541124,-0.11689887,-0.44579667,0.20939156,-0.46699518,-0.5699489
47,3963,0.0028947294,0.043131918,-0.7883625,0.2449284,0.47542197,0.23721993,-0.14963269,0.23893821,-0.5441904,-0.32689083,0.14676398,-0.3582339,0.1087589,-0.22230825,0.454557,-0.11024643
47,3964,-0.102905616,0.032160483,-0.8038714,0.106383935,0.51266915,0.20634457,-0.026066184,0.1319265,-0.48318845,-0.3441802,0.083846964,-0.28657788,0.039049566,-0.2775258,0.6179103,-0.1787534
47,3972,0.27665898,0.60967743,0.69943273,-1.0029191,0.32186353,0.3187535,-0.093813926,-0.4482941,-0.66651857,1.2617561,-0.2914449,0.525788,1.4069395,-0.0023632646,0.85613614,0.2977371
47,3997,-0.29706168,-0.8867836,0.48931664,0.38149577,-0.2356919,0.9546104,0.69080323,0.423662,-0.43826902,-0.088119216,-0.31202736,0.32730442,0.12136945,-0.3335975,-0.66986597,0.87731516
47,3998,-0.40325433,0.04262452,0.50631255,-0.28236818,-0.22240254,1.0279744,-1.2040186,0.22851965,0.2545553,0.6387857,-0.30337575,-1.3348426,0.4326889,-0.3616273,-1.4295635,0.12004414
47,4010,0.12306395,0.33885378,-0.7517819,0.53434134,0.5743963,0.44380924,-0.520707,0.44114816,-1.0570614,-0.30341983,0.44750136,-0.6152704,0.30039585,-0.25310594,0.51072353,-0.21091983
47,4029,-0.5737232,0.15628509,-0.16775407,-0.4227716,-0.009334952,-0.009893745,0.81007624,-0.057245567,0.37457508,-0.10106627,-0.267982,0.29415095,-0.5173119,-0.47344518,0.63432384,-0.2063726
47,4033,-0.3707497,0.75080574,0.25163758,0.03881024,-0.44714022,-0.22236678,0.2544833,0.19772038,0.033100307,-0.021068573,0.16886806,0.11946587,-0.5411535,-0.22547138,-0.11528379,-0.46415043
47,4051,0.2502071,-0.8554275,0.49815738,0.16562788,-0.015643694,-0.1175106,0.4613301,-0.119843185,-1.0461082,-0.11693931,-0.15645176,0.86611617,0.41816443,0.55279636,-0.26636243,0.7371944
47,4053,0.37778834,-1.3128585,0.04570833,0.3002789,0.49506265,0.0679635,-0.53845716,-0.8500932,0.98317045,-0.40967405,0.086578466,-0.42435652,-0.26302844,0.88363415,0.011971399,-0.06471023
47,4057,-0.65182173,-0.16117907,0.20636253,-0.52914244,0.170118,0.12431333,0.42417285,-0.6652411,0.48436135,-0.008033104,-0.28612983,0.03758852,-0.5696254,-0.0941378,0.6573629,-0.41436964
47,4060,0.08587897,0.070808634,-0.8805193,0.3129183,0.45746714,0.22083953,-0.18079406,0.36502707,-0.59449095,-0.3285881,0.16559497,-0.35422802,0.18981487,-0.24585345,0.37757438,-0.03697121
47,4076,-0.55581784,0.64900064,0.013627782,-0.19989938,-0.40997583,-0.06474729,0.7948767,0.3896398,0.23782115,0.054750554,-0.12122844,0.2865771,-0.5441433,-0.6955166,0.18493487,-0.1982132
47,4084,0.041773647,0.24933578,-0.63607305,0.40023905,0.52482086,0.37515786,-0.407433,0.279827,-0.85293984,-0.277805,0.34825996,-0.5436893,0.18692452,-0.1945185,0.5067017,-0.23089395
47,4091,-0.11958526,-0.8104174,0.48439693,0.20260774,-0.121348046,0.5029343,0.57728463,0.13829556,-0.60404944,-0.044186406,-0.27725273,0.48650014,0.22312891,0.014244638,-0.4246362,0.75311846
47,4092,-0.092616245,0.1026442,-0.7070269,0.17630388,0.52636075,0.272145,-0.13911608,0.12573981,-0.5950895,-0.31905416,0.1695033,-0.37674016,0.048283637,-0.24032539,0.62361497,-0.23534843
47,4094,-0.4778679,-0.028068677,-0.32903528,-0.4381444,0.029598743,-0.042319246,0.78313446,-0.056076676,0.48153484,-0.111494206,-0.37246212,0.28150254,-0.4090974,-0.43103313,0.5104557,-0.046198145
47,4107,-0.06830716,0.69162893,0.48185652,0.26190925,-0.42731312,-0.47579893,-0.38941988,-0.09603059,-0.1532522,-0.14693883,0.44134212,-0.0920007,-0.4672635,0.37436038,-0.4559524,-0.64429176
47,4119,0.684942,0.2024693,-1.4061117,-0.67442024,-0.32216862,-1.4047093,-0.31221762,0.4554724,0.72487074,0.050274093,-0.54936814,0.049662977,0.73017704,0.01508439,-0.9380082,0.584941
47,4148,-0.13412383,0.6292181,0.6372898,-0.17672423,-0.27105096,-0.30857524,-0.4844161,-0.33991414,-0.16938524,0.2617149,0.18353102,-0.11095068,-0.120942906,0.34255967,-0.31738937,-0.5204981
47,4158,0.12428683,0.23396622,-0.73615396,0.5492037,0.6506638,0.4834555,-0.6188886,0.33923793,-1.064318,-0.3400733,0.46228606,-0.6738289,0.30167925,-0.17104283,0.52590567,-0.24995562
47,4172,-0.53192586,0.18848023,-0.29970944,-0.407009,-0.06843062,-0.048272595,0.92296946,0.112502456,0.40390602,-0.10445569,-0.31015617,0.36843497,-0.46942413,-0.58120006,0.5700965,-0.08112771
47,4179,-0.5887271,0.6055825,0.06443651,-0.21249342,-0.39049405,-0.024862822,0.7722758,0.32701772,0.25973424,0.0637182,-0.1296058,0.26160938,-0.5689652,-0.67903954,0.19408524,-0.21288593
47,4185,0.2637107,-0.11011781,0.39725745,0.6052329,-0.3566423,-0.4398311,0.142131,0.15686804,-0.61992604,-0.42704585,0.35601565,0.4893263,-0.1986788,0.4712768,-0.54197276,0.109387815
47,4190,-0.27824092,0.013807386,-0.6024585,-0.46619278,-0.052164126,-0.29709497,0.7907797,0.14690575,0.53241813,-0.09095267,-0.4443599,0.3720023,-0.22128306,-0.4704126,0.3226933,0.1382097
47,4195,1.4911178,0.46083006,0.57786834,0.900862,-0.4150211,0.373809,0.28723097,1.0964401,1.6591169,0.88954383,0.8920737,0.2917955,0.333606,-0.55662155,0.7524068,0.44754642
47,4201,-0.25084555,0.81996703,0.38913876,0.039869606,-0.38202873,-0.40774918,-0.19919863,-0.087777585,-0.12621646,-0.06924518,0.31900626,-0.024849765,-0.4704665,0.15997635,-0.18926094,-0.7076191
47,4217,0.08539459,0.12322574,-0.8710692,0.31851453,0.44093168,0.22109115,-0.17163423,0.39550394,-0.62127256,-0.3130482,0.17904148,-0.3521042,0.19370854,-0.2696653,0.3854093,-0.0404772
47,4230,-0.3707497,0.75080574,0.25163758,0.03881024,-0.44714025,-0.22236678,0.2544833,0.19772038,0.033100307,-0.021068573,0.16886806,0.11946587,-0.5411535,-0.22547138,-0.11528379,-0.46415043
47,4241,-0.38528806,0.5847597,0.6617282,-0.22485301,-0.30985746,-0.14286615,-0.3382441,-0.42615867,0.055727318,0.25943038,0.08280859,-0.18573648,-0.35140294,0.16708553,-0.26259118,-0.59599614
47,4256,-0.3563383,0.59262174,0.6292388,-0.2233999,-0.27699962,-0.20469573,-0.36587295,-0.46084204,0.02020061,0.20682128,0.110442944,-0.19092867,-0.35341862,0.23157597,-0.20401673,-0.6405324
47,4263,-0.03784038,-0.4060274,-0.6070187,-0.44461715,0.29204705,-0.42399952,-0.0653398,-0.4089743,0.4535352,-0.22698858,-0.33353704,-0.09933026,-0.029509872,0.16068529,0.14484116,-0.04833001
47,4271,-0.12525542,0.113226205,-0.682502,0.13348581,0.51250386,0.2557665,-0.09164861,0.098732084,-0.5605937,-0.30896127,0.14811367,-0.35041666,0.017886817,-0.2534227,0.6514147,-0.2502545
47,4285,-0.09821825,0.69538295,0.5020671,0.24229155,-0.43266818,-0.44531175,-0.3901914,-0.10584819,-0.13491453,-0.11798348,0.42268026,-0.09925522,-0.46770045,0.35098094,-0.46975595,-0.643886
47,4327,-0.008502275,0.061459593,-0.8165736,0.2518909,0.5141847,0.26420072,-0.16529489,0.24018797,-0.6006706,-0.34349877,0.16876504,-0.3758204,0.11673823,-0.24542177,0.5138815,-0.13896227
47,4333,-0.6104537,0.2501305,0.22328843,-0.2731349,-0.35717142,0.19069093,0.4759977,0.161378,0.55886376,0.25478518,-0.28349903,-0.05557914,-0.48777622,-0.64265835,-0.18193068,0.0014510602
47,4335,-0.5340948,0.4844821,0.24793664,-0.1473913,-0.38619867,0.034451716,0.45867896,0.1665155,0.30542502,0.13961893,-0.09572007,0.05198489,-0.5328109,-0.48239732,-0.07280606,-0.21071666
47,4337,0.24931315,0.024834417,0.38932127,0.56054497,-0.35518944,-0.50240594,0.038774505,0.10550353,-0.5672582,-0.4107885,0.3970794,0.39652812,-0.23952818,0.5025704,-0.50898576,-0.025591463
47,4340,-0.48481458,0.025396876,-0.32622987,-0.43019435,-0.017439172,-0.047465693,0.8344567,0.0070002675,0.48591864,-0.09341214,-0.37241223,0.31137675,-0.41386914,-0.48236704,0.49029535,-0.024325922
47,4343,-0.047507733,0.6464075,0.52024424,0.16590868,-0.3840472,-0.4650873,-0.41624323,-0.16897678,-0.18440334,-0.0579117,0.38760895,-0.08229025,-0.36712518,0.41389364,-0.4245764,-0.59855604
47,4350,-0.37726837,-0.91746104,0.48759818,0.42295408,-0.25760198,1.1617925,0.70794713,0.52797586,-0.3809883,-0.091507025,-0.33969823,0.22990562,0.107114375,-0.47802365,-0.7633955,0.92891026
47,4351,-0.18192488,0.29710406,0.39692566,0.2446451,-0.45119902,0.2827407,-0.4162005,0.32874703,0.001734212,0.08134456,0.10371896,-0.45904773,-0.08234504,-0.16477305,-1.018133,-0.08552073
