window_id,vehicle_id,z_0,z_1,z_2,z_3,z_4,z_5,z_6,z_7,z_8,z_9,z_10,z_11,z_12,z_13,z_14,z_15
135,1481,-0.30972052,0.60907614,-0.6079465,-0.6421015,0.1679508,0.046360493,-0.5582163,0.1655041,0.8368849,-0.3117979,-0.4189853,0.7521025,-0.030753572,0.6081728,0.16838714,0.39605504
135,3400,-0.30972052,0.60907614,-0.6079465,-0.6421014,0.1679508,0.046360537,-0.5582163,0.16550416,0.8368849,-0.31179792,-0.4189853,0.75210255,-0.030753572,0.6081728,0.16838712,0.39605504
135,92,-0.30972052,0.60907614,-0.6079465,-0.64210147,0.16795078,0.046360523,-0.55821633,0.16550416,0.836885,-0.31179792,-0.4189853,0.7521025,-0.030753572,0.6081728,0.16838714,0.39605507
135,603,0.12199385,0.44868398,0.7777337,0.55077434,0.20456679,-0.598695,-0.40185583,0.1315203,-0.3652952,0.6785297,0.11254811,-0.5123891,-0.09696682,0.38718554,0.32209566,0.9462761
135,2425,-0.30972055,0.60907614,-0.6079464,-0.6421015,0.1679508,0.046360508,-0.55821633,0.16550416,0.8368849,-0.31179792,-0.4189853,0.7521025,-0.030753572,0.6081728,0.16838714,0.396055
135,3477,0.2409462,-0.13630524,0.29049346,-0.2355862,-0.76822627,-0.28935373,-0.7749753,0.2701084,-0.1688066,1.2400311,0.44487566,0.23589122,0.31249082,0.2731773,-0.60245085,0.012421141
135,4079,-0.30972052,0.60907614,-0.60794646,-0.6421015,0.1679508,0.046360508,-0.5582163,0.16550413,0.836885,-0.31179792,-0.4189853,0.75210255,-0.030753564,0.6081729,0.16838714,0.39605507
135,1588,-0.30972052,0.6090762,-0.60794646,-0.64210147,0.1679508,0.046360508,-0.5582163,0.16550413,0.8368849,-0.31179792,-0.41898534,0.75210255,-0.030753572,0.6081729,0.16838714,0.3960551
135,844,-0.30972055,0.6090762,-0.6079464,-0.6421015,0.16795078,0.046360508,-0.5582163,0.16550419,0.836885,-0.3117979,-0.4189853,0.75210255,-0.030753572,0.6081728,0.16838714,0.39605504
135,1418,-0.33503276,0.44806954,-0.27979195,-0.74126655,-0.86349905,0.045914263,-1.2241023,0.08835679,-0.108881034,1.1669116,-0.07234921,0.61904216,0.47461182,0.35779402,-1.0873946,0.22346628
135,4187,0.32211298,0.35033098,1.1816609,0.6295597,0.16347729,-0.67506695,-0.29691142,0.6111685,-0.50211155,0.9913818,0.5674762,-0.49282295,-0.30580243,0.696666,0.48643848,1.3639678
135,3637,-0.30972055,0.60907614,-0.6079465,-0.6421016,0.1679508,0.046360523,-0.55821633,0.16550416,0.836885,-0.31179792,-0.41898534,0.75210255,-0.030753564,0.6081728,0.16838714,0.39605507
135,101,0.15645927,0.45928845,0.8745389,0.58170515,0.21618317,-0.6283692,-0.39635456,0.22452918,-0.3955792,0.74438864,0.1830568,-0.51495594,-0.13776737,0.4614419,0.36965075,1.0528932
135,1713,-0.30972052,0.6090762,-0.60794646,-0.6421014,0.1679508,0.046360508,-0.5582163,0.16550413,0.8368849,-0.31179792,-0.4189853,0.7521026,-0.030753579,0.6081728,0.16838714,0.39605504
135,3552,0.31700042,0.3419779,1.1630018,0.6185905,0.1582633,-0.6629136,-0.29209432,0.6050972,-0.49577963,0.976989,0.56399316,-0.48441884,-0.30503702,0.68540037,0.48078862,1.346243
135,224,-0.30432707,0.60995066,-0.59979224,-0.6518208,0.18690588,0.041544154,-0.5642497,0.16873515,0.85588294,-0.32319885,-0.41387406,0.7793446,-0.02173308,0.63714063,0.19469932,0.38375217
135,3361,-0.30972052,0.60907614,-0.6079465,-0.6421015,0.1679508,0.046360508,-0.5582163,0.16550416,0.8368849,-0.31179792,-0.4189853,0.75210255,-0.030753579,0.6081728,0.16838714,0.39605507
135,1281,0.3170004,0.3419779,1.1630017,0.6185905,0.15826328,-0.6629137,-0.29209432,0.6050973,-0.4957797,0.9769891,0.56399316,-0.4844188,-0.30503705,0.68540025,0.48078862,1.346243
135,1287,-0.30432707,0.6099506,-0.59979224,-0.6518208,0.18690589,0.04154414,-0.5642497,0.16873518,0.8558829,-0.32319888,-0.41387406,0.7793447,-0.02173308,0.63714063,0.19469932,0.3837522
135,3615,0.15645927,0.45928845,0.8745389,0.58170515,0.21618316,-0.62836915,-0.39635456,0.22452918,-0.3955792,0.74438864,0.18305677,-0.51495594,-0.1377674,0.4614419,0.36965072,1.0528932
135,4014,0.2662223,-0.16324124,0.31933394,-0.23413032,-0.756973,-0.30672413,-0.7784878,0.27009347,-0.16171974,1.246242,0.47810656,0.2653027,0.32627887,0.30222425,-0.5743177,-0.024672829
135,2,0.31317118,-0.81818813,-0.09578998,0.15108117,-0.25070184,-0.24358079,0.46714354,0.012326628,0.45740625,0.06843659,0.40987432,-0.63096213,-0.019980188,-0.29692423,-0.10632404,-0.15104304
135,3,0.14206931,0.18679747,0.02233183,0.37959665,0.29393524,0.00658457,-0.81478584,-0.38382834,-0.012629089,-0.024270413,-0.7424455,0.027198903,-0.16093448,-0.49303085,0.050576754,-0.720206
135,5,0.08280339,0.43570617,-0.0925806,0.35208118,0.29863027,0.12913431,-0.58634317,-0.23533365,-0.25060564,-0.067902826,-0.7100303,0.07885652,-0.64329207,-0.5679929,0.1664742,-0.1859549
135,22,-0.23363698,0.57094383,-0.4828219,-0.686553,0.30889806,-0.015507214,-0.60679364,0.17391625,0.9386944,-0.36090705,-0.32898498,0.95358306,0.0691099,0.832914,0.3830696,0.2469168
135,32,0.11419108,-0.11312012,0.05423493,0.39826193,0.24228044,-0.13118209,-0.74175555,-0.6300746,0.13242261,0.03479925,-0.6071093,-0.28241807,0.18896309,-0.43797964,-0.06439025,-0.895007
135,35,0.23293063,-0.5274029,0.11824008,0.28140596,-0.16455573,-0.3735978,-0.079109415,-0.3499118,0.18351915,0.34362894,0.2137686,-0.5782946,0.1644004,-0.2841646,-0.17751083,-0.31560177
135,39,0.09102418,-0.021519624,-0.55093783,-0.39585912,-0.16010433,-0.12152677,0.005631298,0.4362482,0.9032874,-0.16200288,-0.014672622,0.12645495,-0.36230996,0.21814251,0.09888069,0.48568603
135,44,0.041253403,-0.5405492,-0.09864205,0.26705673,-0.17699972,-0.25519347,0.10818912,-0.46461797,0.20651375,0.16816495,0.095272064,-0.8036493,0.22504272,-0.4394238,-0.29272863,-0.23976633
135,46,-0.15345067,0.26870784,-0.6627587,-0.55955726,-0.23863974,-0.0021127164,-0.2749853,0.3198698,0.7332994,-0.046270914,-0.1955381,0.29755595,-0.19436353,0.26555452,-0.15456298,0.5402811
135,58,-0.21480703,0.72303367,-0.095135055,0.3694441,0.3424351,-0.04184354,-0.36927515,-0.37398678,-0.34908807,-0.14028864,-0.7076843,-0.24665058,-0.202313,-0.31914026,0.16127586,0.23818809
135,60,-0.17774236,0.24202493,0.34756872,-0.072588764,-0.08271671,0.3336141,0.6981439,0.5963863,-0.35596,-0.4586698,-0.0046672225,0.18472162,0.8031567,0.40459666,-0.2624232,-0.22668058
135,73,0.5534694,-0.43287835,0.24600741,-0.052186035,0.24167834,-0.43594098,-0.09711976,0.2624751,0.77337736,-0.119541585,0.41253692,0.39834777,-0.03629354,0.5435655,0.7322464,-0.32605433
135,88,0.30790207,-0.17102781,0.14657149,0.41780946,0.29389808,-0.023231804,-0.96608,-0.43908954,0.21322572,0.018726256,-0.70527524,0.06355452,-0.01852883,-0.49366754,0.003487505,-1.2326884
135,95,0.5793559,-0.24088898,0.48031577,0.0212145,-0.33488005,0.83784413,0.26100135,1.1811733,-0.33644372,-0.05829879,-0.12654252,0.84377205,-0.59980464,-0.19953182,-0.26863506,-0.8029382
135,107,-0.46342555,0.35532978,0.11664077,-0.0661492,-0.01788327,0.2727952,0.8140761,0.2020022,-0.42078844,-0.5214371,-0.018686458,-0.17380968,0.9121295,0.32764113,-0.27999693,0.091680065
135,109,0.17518699,0.0954834,0.076413,0.4037947,0.3012236,-0.027604587,-0.8963547,-0.4218655,0.07264886,-0.013865333,-0.7670207,0.009352855,-0.010968741,-0.4692995,0.016234435,-0.9239989
135,110,0.33315486,-0.8621166,-0.09241067,0.15773931,-0.25996798,-0.25272587,0.49175614,0.014603719,0.47684938,0.078296214,0.4351322,-0.65482014,-0.018550802,-0.3043875,-0.113739215,-0.16658841
135,117,0.29342297,-0.87822276,-0.11101263,0.18607083,-0.2706398,-0.25039417,0.5180025,-0.060069695,0.4557107,0.08221124,0.41872543,-0.74549836,0.019747484,-0.3673363,-0.17246833,-0.17246205
135,122,0.022003964,-0.4140673,-0.021588482,0.31969202,-0.13026482,-0.30402523,-0.04762292,-0.53768134,0.1240509,0.26413482,0.0016074777,-0.83306205,0.26113325,-0.3894494,-0.28511137,-0.19576462
135,127,-0.13519421,0.22978461,-0.7798135,-0.55020124,-0.123220265,-0.0006481707,-0.07726528,0.37028852,0.9246748,-0.29734495,-0.20786537,0.23219943,-0.33758226,0.25158745,0.02183456,0.63222575
135,133,-0.45561466,0.34662548,0.110969655,-0.06286732,-0.0186638,0.2645505,0.7903773,0.18891102,-0.4107511,-0.5108017,-0.021457046,-0.17495048,0.8957485,0.31547686,-0.27525866,0.08644512
135,141,0.12156499,0.57356787,-0.41053498,0.11799404,0.09381032,0.5390846,0.19588752,0.33657727,-0.7155705,-0.1600662,-0.34566608,0.287702,-1.9731348,-0.8931743,0.37318146,0.82925385
135,146,-0.21179911,-0.40045884,0.036109425,-0.5087008,0.64805144,0.054793462,0.18591423,-1.1329451,-0.3403766,-0.20732678,1.0068233,1.2283114,-0.19044022,0.4076287,0.99915403,-0.30193344
135,147,-0.56199944,0.41535875,-0.058891576,-2.2247434e-05,0.040125556,0.19416903,0.6443202,-0.13915525,-0.40947285,-0.48072734,-0.14883266,-0.38458037,0.8450608,0.16421485,-0.26802972,0.18590394
135,150,-0.46538538,0.7383942,-0.19010276,0.3197171,0.29651254,-0.09482091,-0.15072468,-0.58938986,-0.36925375,-0.22500235,-0.6384039,-0.5545271,0.23639688,-0.2113833,0.02923555,0.36591613
135,154,0.16710627,-0.30714524,-0.326771,-0.195568,-0.49964407,-0.17512253,0.035705075,0.36072037,0.500204,0.33647272,0.1996831,-0.27919215,-0.20725703,-0.07518781,-0.31117207,0.3801042
135,158,-0.0923291,0.2264783,0.43835178,-0.07725171,-0.1032379,0.38740474,0.7122684,0.7634107,-0.37214392,-0.45966834,-0.0059488267,0.31427464,0.7811179,0.44088218,-0.27052236,-0.33067337
135,166,0.2691618,0.4145713,1.0861363,0.62398535,0.1947081,-0.6776753,-0.36205077,0.46846005,-0.4541519,0.9027434,0.39701605,-0.49576968,-0.21689549,0.62276757,0.4465846,1.2287514
135,171,-0.30079314,0.50264496,-0.20277268,0.21788843,0.17130052,0.13200985,-0.04099904,-0.3366709,-0.35218537,-0.24364781,-0.5211294,-0.29849607,-0.024989817,-0.32016784,-0.032928266,0.15008181
135,172,-0.4870883,0.3621584,0.09240388,-0.06339116,-0.013905698,0.27093434,0.8158334,0.15945828,-0.4256779,-0.5257478,-0.029421777,-0.20722646,0.92569304,0.31405017,-0.2894746,0.10432963
135,173,0.23293063,-0.52740294,0.118240066,0.28140593,-0.16455571,-0.3735978,-0.07910943,-0.3499118,0.18351914,0.343629,0.21376857,-0.5782946,0.16440038,-0.2841646,-0.17751083,-0.31560177
135,175,0.19354066,-0.75331014,-0.11340754,0.21242139,-0.2673471,-0.25458574,0.40367436,-0.19055364,0.351548,0.13066863,0.32536343,-0.78509516,0.0774244,-0.41560987,-0.24495628,-0.15169546
135,178,0.35009742,-0.70117956,-0.27209935,-0.042328663,-0.21869367,-0.2246576,0.45892435,0.26909196,0.71023846,-0.077034146,0.35361654,-0.39827785,-0.21939123,-0.11207524,0.048284713,0.039742436
135,183,0.23949867,-0.7118413,-0.30597702,0.008522116,-0.32813933,-0.20236841,0.5335203,0.14959726,0.55559677,0.0121295415,0.36009687,-0.60491216,-0.16199392,-0.28325444,-0.14949778,0.106964074
135,185,-0.65038806,0.4746027,-0.129843,0.01578375,0.068664454,0.19033767,0.66518277,-0.26508468,-0.44451147,-0.50641876,-0.19709128,-0.49403116,0.88941604,0.13162455,-0.2883364,0.25474524
135,197,-0.42846856,0.5451361,-0.19298339,0.23332186,0.20249271,0.032445163,-0.037423164,-0.50004804,-0.32118654,-0.27373943,-0.5408405,-0.45622262,0.32889745,-0.205177,-0.08393329,0.14286818
135,216,0.06334383,0.17323291,0.5224216,-0.059492745,-0.124965474,0.41303384,0.6079261,0.9175954,-0.35571674,-0.39302114,-0.013116255,0.4801046,0.58659047,0.4022341,-0.22127998,-0.43576393
135,235,0.24098977,-0.5314834,0.1352086,0.2937744,-0.15849456,-0.38761437,-0.111550756,-0.37592003,0.17842585,0.3653091,0.20915592,-0.58296204,0.17819802,-0.28271368,-0.18162113,-0.34430417
135,237,-0.50597996,-0.6221793,-0.1706129,-0.6835349,0.14356433,0.33278602,0.36367434,-1.6237444,-1.2109913,0.3917462,1.4791005,1.1935072,-0.4468837,-0.14085391,0.3782827,-0.06612236
135,240,0.58412534,-0.46954492,0.40120617,-0.05305273,0.13467713,-0.4707935,-0.25575987,0.2132068,0.57414204,0.13826291,0.53018,0.4912581,0.110795215,0.59441745,0.6179413,-0.45815828
135,241,0.17330527,0.21437815,-0.08967473,0.32031927,0.24908851,0.17150529,-0.6673041,-0.24493513,-0.13838705,-0.043530703,-0.6623017,0.14905447,-0.6278415,-0.6327919,0.10612598,-0.46928075
135,258,0.28799957,-0.6651935,-0.29820526,-0.02869121,-0.23887336,-0.20066383,0.4678741,0.21289963,0.6397161,-0.07680033,0.31974876,-0.45469445,-0.19761443,-0.17417558,-0.012951173,0.06768103
135,263,-0.6142876,0.46964267,-0.11805555,0.029850952,0.07037462,0.18651392,0.60702276,-0.254597,-0.43126926,-0.4867519,-0.22433208,-0.46516922,0.8535058,0.114713475,-0.28067172,0.21261963
135,278,0.5602227,-0.4334778,0.66518056,-0.09379112,-0.24675897,-0.4867245,-0.655981,0.14700261,0.029100271,0.82901144,0.70729154,0.5881601,0.42732516,0.6185677,0.14674258,-0.57685035
135,279,0.09726832,0.6053903,-0.3894077,0.1304115,0.11244159,0.5203616,0.19630857,0.32288775,-0.7190518,-0.17062943,-0.36387777,0.26568145,-1.8969401,-0.85584736,0.37136966,0.8304251
135,280,-0.36344403,0.33394876,0.21314785,-0.06890658,-0.03300724,0.29236764,0.79041463,0.3680742,-0.40635964,-0.5055344,-0.0060306042,-0.03630437,0.86771345,0.37252626,-0.25834432,0.0051324368
135,283,-0.0060492717,0.28998208,0.43664303,0.50377053,0.19393647,-0.48911804,-0.43060273,-0.32289052,-0.2358871,0.47174835,-0.15241839,-0.69037735,0.1283785,0.06322944,0.09986392,0.45084924
135,291,0.31478018,-0.24832895,-0.23356944,-0.20299655,0.03885487,-0.25719863,0.07252602,0.39036462,0.9039343,-0.22476165,0.15982983,0.1387263,-0.27302054,0.30199882,0.4201191,0.16099292
135,302,0.15036362,-0.124164425,-0.55350655,-0.35130343,-0.15322596,-0.14714693,0.13636003,0.46073237,0.9395381,-0.22203697,0.04227753,0.026621796,-0.40870464,0.1669622,0.15462245,0.48353893
135,305,0.21971938,-0.2409707,-0.035031952,-0.24173981,-0.6912471,-0.23194422,-0.35549283,0.37566158,0.18517165,0.8408256,0.34772754,-0.04587984,0.034109402,0.10350701,-0.50606084,0.24866638
135,309,0.34803662,-0.8775245,-0.06828089,0.1747671,-0.24154079,-0.25971082,0.47700918,-0.00446409,0.47690699,0.07651074,0.43532306,-0.6511106,-0.0016057864,-0.3005576,-0.10011067,-0.2084543
135,312,0.26471835,-0.16604385,0.1290375,0.42077386,0.2890509,-0.05775334,-0.9207003,-0.50155485,0.20069505,0.023611274,-0.68740654,-0.025652766,0.04452439,-0.47946346,-0.010571726,-1.1730263
135,313,-0.30079317,0.50264496,-0.20277268,0.21788844,0.17130052,0.13200985,-0.04099904,-0.33667094,-0.35218537,-0.24364783,-0.52112937,-0.2984961,-0.024989817,-0.32016787,-0.03292826,0.15008181
135,314,0.3327889,-0.21905556,0.38274094,-0.21803913,-0.68705475,-0.34937447,-0.7633686,0.27298063,-0.1118391,1.2022686,0.53548425,0.3239173,0.336558,0.3681112,-0.45791364,-0.10725589
135,325,0.058091633,0.027936876,-0.5014327,-0.36389136,-0.11902371,-0.11387472,-0.05393611,0.36772892,0.825845,-0.1618482,-0.04969114,0.15119392,-0.3085426,0.21784964,0.108527094,0.43284446
135,338,0.14948568,-0.12498986,-0.5340722,-0.33430445,-0.1515972,-0.14894304,0.12988056,0.44370404,0.91026217,-0.21336609,0.042134628,0.017014183,-0.39605495,0.15505287,0.15137862,0.4667916
135,342,0.06742186,-0.29201728,0.13343614,0.34953004,-0.078856066,-0.34914982,-0.14352664,-0.41769105,0.036438614,0.3517623,0.041798294,-0.731357,0.19554746,-0.24137482,-0.17342573,-0.05342191
135,362,-0.01699014,-0.0103947,0.049088754,0.4109591,0.20776488,-0.23885348,-0.5836448,-0.71124125,0.023206977,0.11596687,-0.50844896,-0.5576808,0.2895455,-0.3577059,-0.0947048,-0.51085174
135,363,0.26916173,0.41457134,1.0861365,0.62398535,0.19470808,-0.6776753,-0.36205077,0.46846005,-0.4541519,0.9027435,0.39701605,-0.49576977,-0.21689546,0.62276757,0.44658458,1.2287514
135,367,0.5653786,-0.45038882,0.5909344,-0.056143053,-0.04798863,-0.48613065,-0.5151387,0.11156255,0.2184629,0.5194305,0.62771255,0.5782903,0.34226695,0.61058486,0.3739077,-0.6084205
135,375,0.15125284,0.1920314,-0.021035539,0.35814637,0.27650392,0.065005675,-0.7658201,-0.34414876,-0.05632163,-0.030908655,-0.7161904,0.063227214,-0.31752527,-0.5464536,0.064970516,-0.64018214
135,381,-0.4703899,0.755781,-0.19107702,0.32227114,0.30003193,-0.107504085,-0.14720383,-0.59094036,-0.37739274,-0.21892057,-0.6348174,-0.5641445,0.22086486,-0.20863163,0.041395955,0.405572
135,394,0.0026606843,-0.5795862,-0.14714888,0.27988416,-0.17093292,-0.23028502,0.14624445,-0.5224762,0.22737364,0.12581155,0.059273988,-0.88329947,0.25780508,-0.4837703,-0.32843804,-0.2660313
135,404,0.24965659,-0.72474104,-0.32892054,-0.0058917925,-0.32270518,-0.1980266,0.5550861,0.17114136,0.5921559,-0.015426554,0.3605832,-0.598429,-0.17936814,-0.27435037,-0.13441432,0.11256125
135,405,0.267586,-0.8471695,-0.116945006,0.18880042,-0.26936948,-0.2458733,0.50154847,-0.08324183,0.43317926,0.08320294,0.3962351,-0.7522236,0.029088335,-0.37866235,-0.18613201,-0.16019922
135,423,0.5703238,-0.45153162,0.27438766,-0.05566909,0.22750995,-0.44901437,-0.11694464,0.26346448,0.7580298,-0.080187246,0.4452247,0.42256454,-0.015001927,0.56506705,0.72650504,-0.3527076
135,430,-0.42482698,0.35198522,0.15513697,-0.06588388,-0.020567993,0.27669108,0.8034852,0.2674681,-0.41569236,-0.51438934,-0.013032138,-0.12032997,0.8879894,0.34589976,-0.26496768,0.06773437
135,433,-0.2916324,0.42029276,-0.43208316,-0.6660068,-0.65189874,0.04203394,-0.9039102,0.16316414,0.17816654,0.7349348,-0.17552589,0.4816636,0.22862256,0.28372633,-0.7931284,0.3524275
135,438,-0.6365604,0.45277923,-0.117632136,0.004423946,0.06130828,0.17608176,0.67213064,-0.2405523,-0.42884278,-0.4968199,-0.15573154,-0.47738725,0.8664761,0.14425877,-0.2666623,0.2767965
135,442,0.30981177,-0.86545026,-0.09056192,0.18333004,-0.25524473,-0.2540926,0.48894328,-0.045375675,0.45574534,0.08142638,0.41713363,-0.7030171,0.014930103,-0.33991113,-0.14335275,-0.18737994
135,443,0.21462542,0.07282195,0.5905585,-0.0620453,-0.19282107,0.5434153,0.5969079,1.1070042,-0.38406852,-0.33415943,-0.008227184,0.6463229,0.35583442,0.32393447,-0.24045205,-0.56437266
135,444,-0.323581,0.45331553,-0.3579489,-0.72034156,-0.7933607,0.048401505,-1.1068449,0.12447527,0.014894428,0.9991186,-0.13982555,0.5630402,0.3739105,0.31781834,-0.99402064,0.28527877
135,448,-0.42290482,-0.042602427,-0.19567099,-0.69745564,-0.43459922,0.17302959,-0.5441282,-0.7114097,-0.6667607,0.8646153,0.6448972,0.86170536,0.11486119,0.12811694,-0.46229273,0.058130693
135,453,-0.34377304,0.32463732,0.23312846,-0.072014205,-0.04003176,0.30211908,0.79197425,0.40413293,-0.4043058,-0.50512415,-0.0027588308,-0.007515244,0.8695376,0.38338766,-0.26231745,-0.022855707
135,456,0.578403,-0.20990935,0.5801048,-0.012953557,-0.34704664,0.88945735,0.41102713,1.3538864,-0.39290795,-0.12529555,-0.08941083,0.9293217,-0.4552351,-0.07665547,-0.29993105,-0.84603524
135,460,-0.51285964,0.35985577,0.031129073,-0.044997565,-0.007373212,0.2569427,0.7547075,0.042615086,-0.41616198,-0.51124215,-0.077394694,-0.27359092,0.9225646,0.25319335,-0.30881625,0.0930532
135,461,0.10301662,-0.047776036,-0.57471365,-0.3977602,-0.16474688,-0.12483899,0.052461162,0.45527682,0.93223196,-0.18694977,-0.0011151135,0.09762313,-0.38890693,0.2050305,0.1102802,0.50723016
135,465,0.04561972,0.05056542,-0.5243966,-0.38625082,-0.09987724,-0.106509,-0.060711026,0.37440708,0.85965586,-0.18881054,-0.06522143,0.1816077,-0.31436634,0.24365845,0.12580691,0.44655728
135,469,0.16961175,0.11504561,0.07159386,0.40457302,0.30520883,-0.026262008,-0.89186627,-0.42005208,0.060602576,-0.01475643,-0.7715027,0.010904722,-0.026065018,-0.47105753,0.021912258,-0.89829415
135,470,0.09475539,-0.071812116,-0.56942403,-0.3492852,-0.17636573,-0.12210782,0.102040574,0.41695204,0.8631329,-0.200656,0.0005219877,0.008490816,-0.38746598,0.12636149,0.09191384,0.50256
135,481,-0.48793042,0.3742211,0.0033272821,-0.00971245,0.01829093,0.20511563,0.6267001,-0.0296572,-0.38673735,-0.46349457,-0.122388504,-0.2899208,0.8158951,0.19188511,-0.25804472,0.1159299
135,485,0.17326841,0.20356426,-0.07686812,0.32618293,0.2529039,0.1536233,-0.68916875,-0.26347,-0.12099465,-0.039909355,-0.6708104,0.13723966,-0.5733469,-0.62037444,0.09732303,-0.50993055
135,491,0.07460628,0.16707596,0.52768606,-0.059522636,-0.12824148,0.41843086,0.60597205,0.9313134,-0.35728174,-0.38759452,-0.009731114,0.49269375,0.56461185,0.39659593,-0.21699956,-0.43839437
135,495,-0.6132969,0.45834336,-0.11623018,0.02257558,0.06517142,0.18242271,0.61724085,-0.24802871,-0.4259147,-0.48526737,-0.20419367,-0.46294937,0.8516319,0.12074998,-0.27622253,0.22259131
135,498,0.18088636,-0.49577627,0.083449945,0.28456992,-0.15365508,-0.35201663,-0.08876298,-0.40141508,0.16713713,0.31761792,0.15946642,-0.61544,0.1889896,-0.3109147,-0.20023149,-0.30892855
135,521,0.066361226,0.03147412,-0.5163127,-0.38934892,-0.10273828,-0.11637514,-0.055340707,0.3933526,0.88163245,-0.18062831,-0.047613494,0.18881503,-0.3214044,0.25758982,0.13645744,0.44250584
135,529,0.31630975,-0.62202936,-0.305988,-0.06691945,-0.1884687,-0.20782037,0.42398846,0.27500185,0.7212716,-0.12553911,0.29745206,-0.3505224,-0.23783451,-0.08781871,0.07809403,0.07894622
135,536,-0.4943673,0.54783136,-0.08335294,0.11844115,0.13837482,0.13308807,0.36940026,-0.22326797,-0.41450185,-0.39694223,-0.33903807,-0.37616086,0.54769146,0.023550302,-0.14161259,0.2439104
135,540,0.2504983,0.1654913,0.8421226,0.5326816,0.06065666,-0.5933816,-0.31871524,0.22735086,-0.34917346,0.84363747,0.37215883,-0.5593769,-0.12593605,0.37729457,0.2399467,0.8665651
135,545,0.23048842,-0.15633824,0.11272899,0.40918753,0.27415693,-0.07479244,-0.8694096,-0.5203781,0.18622755,0.023376431,-0.65593636,-0.075729705,0.073874176,-0.46160617,-0.017252259,-1.0981281
135,548,-0.49290308,-0.80524373,-0.13241358,-0.6308404,0.4802882,0.34055614,0.6816891,-1.9150776,-1.2392155,0.06850597,1.6803007,1.3048422,-0.61113375,-0.15223019,0.82313496,-0.1607726
135,552,-0.32151714,0.4525006,-0.3948163,-0.7365851,-0.77768403,0.05148898,-1.0736964,0.14888182,0.07126605,0.95356864,-0.14514734,0.56536907,0.34069356,0.32834196,-0.9662095,0.31610155
135,562,0.1914761,-0.52034575,0.085117266,0.28817767,-0.16118646,-0.35815716,-0.07462387,-0.40028673,0.17702052,0.3260218,0.17541286,-0.630192,0.18961395,-0.3163986,-0.206952,-0.3157843
135,563,0.24236,-0.70907676,-0.30843922,0.004694812,-0.32252616,-0.20114133,0.53136694,0.1548742,0.5628047,0.0036486946,0.3565483,-0.5951547,-0.16573255,-0.2765556,-0.14055938,0.10569196
135,569,0.5745577,-0.23877814,0.46324086,0.026863404,-0.3294286,0.825537,0.24037214,1.1515247,-0.32896346,-0.050584313,-0.1321238,0.82668555,-0.6190291,-0.21542406,-0.26023152,-0.7867128
135,572,-0.061117858,0.5863238,-0.09109594,0.3617541,0.31946608,0.03689371,-0.47684586,-0.29495895,-0.30571026,-0.09550382,-0.7026491,-0.08336803,-0.44659624,-0.44286922,0.17498344,0.05364226
135,576,-0.5820485,0.46492204,-0.11812898,0.04600308,0.07766901,0.16186188,0.53328574,-0.26714393,-0.4089556,-0.45645615,-0.24170731,-0.45055008,0.79000115,0.087898836,-0.25240815,0.20483312
135,585,0.312872,-0.16513863,0.1427361,0.41559076,0.29379004,-0.0062064603,-0.9769632,-0.42224652,0.21138938,0.014195483,-0.7174219,0.08229316,-0.03752746,-0.50497544,0.0017419606,-1.2428643
135,596,-0.60424256,0.4589735,-0.114479445,0.027591422,0.066786535,0.18054335,0.5990385,-0.24818914,-0.42270905,-0.47951856,-0.21408519,-0.45681906,0.8404411,0.11446236,-0.27354872,0.21236312
135,604,0.2734661,0.3881567,1.0776223,0.6086558,0.18083185,-0.65818435,-0.33810604,0.49025175,-0.45342806,0.8951603,0.42616397,-0.48071924,-0.23456424,0.6185384,0.44664258,1.2276106
135,610,-0.04960341,0.1266862,-0.69605047,-0.44216704,-0.042904027,-0.050283544,0.031429186,0.3626115,0.94280344,-0.37825733,-0.15086025,0.15428117,-0.37634468,0.21820933,0.16301535,0.566316
135,612,0.26014096,0.44573337,1.0989095,0.6447116,0.20792122,-0.7010769,-0.38206422,0.4442247,-0.46066353,0.9216793,0.36918312,-0.5282396,-0.2037167,0.62475896,0.4438045,1.2532175
135,619,-0.114761084,0.5654464,-0.32928407,0.16475987,0.13735259,0.3579048,0.11947434,-0.008147597,-0.5671455,-0.22187126,-0.44252744,-0.022078343,-1.0100782,-0.6181245,0.16247843,0.5262198
135,635,-0.16928631,0.5572931,-0.3041067,0.17625172,0.1487693,0.29962325,0.09079291,-0.0970093,-0.5213749,-0.22997765,-0.45729506,-0.09770193,-0.7706243,-0.5440571,0.11830071,0.45480812
135,655,0.23160782,-0.82527184,-0.1298651,0.19926816,-0.2712377,-0.24118692,0.4905594,-0.12833339,0.40971184,0.08649124,0.36841393,-0.78677875,0.05021797,-0.40717757,-0.2171337,-0.15323313
135,666,0.22944564,-0.68717855,-0.29565173,0.012802757,-0.3196837,-0.20069745,0.50968903,0.13777217,0.53536713,0.013999503,0.34597105,-0.59217197,-0.15409878,-0.28014964,-0.14581284,0.10401621
135,686,0.21025148,0.46089864,0.99714816,0.6210496,0.21328604,-0.675534,-0.39728403,0.33329085,-0.42819807,0.84458345,0.2699144,-0.5311404,-0.16290128,0.54701626,0.40420514,1.1594971
135,697,-0.4133045,0.35074833,0.16577366,-0.0653232,-0.02152578,0.2784559,0.79885155,0.28530437,-0.41416898,-0.51217186,-0.013277829,-0.10498882,0.8816181,0.3500845,-0.2619105,0.058091182
135,716,0.2568857,0.25535443,0.903653,0.52856725,0.073752835,-0.6016774,-0.3344676,0.32862756,-0.40041575,0.86971796,0.39823627,-0.49065498,-0.17770094,0.45491526,0.30091617,0.9939889
135,717,0.5745577,-0.23877814,0.46324086,0.026863404,-0.3294286,0.825537,0.24037214,1.1515245,-0.3289635,-0.050584313,-0.1321238,0.82668555,-0.6190291,-0.21542406,-0.26023152,-0.78671277
135,728,0.30272794,-0.15890402,0.1315045,0.40215787,0.2815152,0.004455805,-0.95415133,-0.4054439,0.20344995,0.008866619,-0.7016483,0.084902994,-0.050967623,-0.5028293,0.00070320815,-1.2067195
135,729,0.22392151,-0.82912934,-0.13737154,0.20148897,-0.27422893,-0.23889658,0.49802893,-0.13770217,0.40958047,0.08483818,0.3651445,-0.8028498,0.054617636,-0.417561,-0.22725359,-0.15138558
135,730,0.23293063,-0.52740294,0.11824008,0.28140593,-0.16455571,-0.37359774,-0.07910943,-0.3499118,0.18351914,0.34362894,0.21376857,-0.5782946,0.1644004,-0.28416464,-0.17751083,-0.31560177
135,745,0.22392148,-0.8291292,-0.13737154,0.20148896,-0.27422893,-0.23889661,0.49802887,-0.13770217,0.4095805,0.08483818,0.3651445,-0.8028498,0.05461764,-0.417561,-0.22725365,-0.15138559
135,758,-0.60817593,0.43331632,-0.10417426,0.0039825067,0.055019714,0.16896965,0.6465536,-0.21959335,-0.41230255,-0.48140183,-0.14644898,-0.45096916,0.839264,0.14256236,-0.25521463,0.25879112
135,763,-0.5108713,0.5797889,-0.22958156,0.23695716,0.21610855,0.0012142137,-0.003704384,-0.6036697,-0.33603212,-0.2944433,-0.55069363,-0.56360435,0.44606298,-0.18763278,-0.11072781,0.1950487
135,783,-0.2195096,0.25875962,0.32457557,-0.0770108,-0.07685955,0.33477938,0.73639435,0.5609518,-0.37109226,-0.47645766,-0.0005710125,0.142369,0.8364053,0.4076899,-0.27213472,-0.18735474
135,786,0.58140874,-0.21537077,0.5664314,-0.007470913,-0.3463696,0.8850734,0.38796407,1.3317978,-0.3861252,-0.11385008,-0.096527934,0.9197734,-0.48329005,-0.0977928,-0.2956655,-0.8414278
135,801,0.31630975,-0.6220294,-0.30598798,-0.06691945,-0.18846872,-0.20782039,0.42398846,0.27500182,0.7212717,-0.12553912,0.2974521,-0.35052243,-0.23783451,-0.08781871,0.07809403,0.07894623
135,808,-0.3206961,0.8103601,-0.114223585,0.37497595,0.3550016,-0.091621496,-0.299209,-0.44955432,-0.38596395,-0.16696712,-0.71462333,-0.3728701,-0.053315874,-0.2572081,0.14626718,0.3642975
135,810,0.21495554,-0.18288332,0.0768367,-0.24685633,-0.73155576,-0.24796528,-0.52297795,0.33721194,0.044055596,0.9976832,0.37089002,0.057648666,0.1401695,0.16222045,-0.560882,0.17595623
135,827,-0.50039524,0.3588334,0.0697466,-0.060795046,-0.012305835,0.26209062,0.80353254,0.11823687,-0.42106137,-0.5212864,-0.033994228,-0.23419389,0.9238436,0.2965555,-0.291645,0.11483827
135,832,0.025921062,-0.091158636,0.0067646857,0.39963067,0.21999066,-0.17765847,-0.6513979,-0.7401688,0.09078869,0.05444343,-0.5774815,-0.46865782,0.28095466,-0.43565238,-0.11291001,-0.75255954
135,840,-0.56612724,0.44662836,-0.1080031,0.040757507,0.069360845,0.16130902,0.5297397,-0.24826862,-0.39896515,-0.45017153,-0.22744095,-0.4329196,0.782908,0.09230584,-0.25024536,0.19121724
135,854,0.5856436,-0.22709182,0.5386748,0.0026480407,-0.34519273,0.87416846,0.3425793,1.2849345,-0.37076515,-0.09231427,-0.109316185,0.8983993,-0.53064245,-0.13681856,-0.28885078,-0.8343362
135,856,-0.1351942,0.22978461,-0.7798136,-0.5502011,-0.12322028,-0.0006481707,-0.07726528,0.37028852,0.92467487,-0.29734495,-0.20786537,0.2321994,-0.3375823,0.25158742,0.021834567,0.6322258
135,872,0.045619726,0.050565418,-0.52439654,-0.38625082,-0.09987723,-0.106509,-0.060710996,0.37440708,0.85965586,-0.18881053,-0.06522143,0.1816077,-0.31436634,0.24365845,0.12580693,0.44655728
135,876,0.5685542,-0.45324323,0.56512254,-0.031100132,0.034784317,-0.48638666,-0.44719443,0.10830152,0.2927884,0.39210886,0.5973773,0.56079936,0.29377687,0.60557497,0.4714554,-0.60042524
135,878,0.28650707,-0.70413154,-0.3166996,-0.023620553,-0.25910428,-0.19760527,0.5165282,0.20678446,0.64648616,-0.07698251,0.33795595,-0.50412536,-0.19665828,-0.20505445,-0.04091607,0.072577946
135,880,0.39128992,-0.30128953,-0.032615826,-0.122920044,0.13284114,-0.31987065,-0.0060757846,0.31760332,0.82487893,-0.1907111,0.23291343,0.22587544,-0.16322412,0.38126454,0.54234105,-0.04094863
135,891,0.529696,-0.17999315,0.5932063,-0.02757711,-0.33368656,0.8398858,0.4541698,1.3353596,-0.39276028,-0.15479979,-0.05926556,0.89668685,-0.32712382,-0.00440453,-0.29275733,-0.8047923
135,893,0.020085804,0.6210231,-0.37759542,0.12235178,0.11874339,0.47722244,0.24359052,0.25981116,-0.70866024,-0.19953474,-0.34675863,0.18787107,-1.6818523,-0.7712755,0.33539462,0.83744156
135,903,0.14446819,-0.1677551,0.37172168,0.41411704,-0.02698127,-0.43009126,-0.21702324,-0.22720191,-0.09438718,0.5217824,0.16114223,-0.6610444,0.07681468,-0.040024802,-0.03229917,0.2145142
135,906,0.19122106,-0.14354381,0.09051057,0.4061965,0.26374617,-0.09217034,-0.82650214,-0.5613631,0.16706555,0.027799387,-0.64055717,-0.14810535,0.109249756,-0.45756724,-0.034215413,-1.030207
135,909,-0.5139629,-0.72199935,-0.15411383,-0.66242003,0.27621925,0.3503005,0.5263381,-1.7834442,-1.2816923,0.2738065,1.6096988,1.2420897,-0.53551966,-0.17457631,0.55995625,-0.10149181
135,924,-0.4850661,-0.43367895,-0.18383914,-0.72368693,-0.06749905,0.28648156,0.043091998,-1.3312417,-1.0440154,0.58761895,1.2307436,1.128863,-0.25488138,-0.031579867,0.07868496,-0.025971703
135,925,-0.41438594,0.14203799,-0.21805438,-0.7289904,-0.63364255,0.13467674,-0.8423484,-0.4376783,-0.5092295,1.0410796,0.39664638,0.78136337,0.29173714,0.21697176,-0.75216126,0.108619474
135,928,0.5745577,-0.23877811,0.4632409,0.026863404,-0.32942867,0.825537,0.24037205,1.1515247,-0.3289635,-0.050584313,-0.1321238,0.82668555,-0.61902916,-0.21542405,-0.2602315,-0.7867129
135,932,0.5847228,-0.46909103,0.46205848,-0.04062914,0.111218445,-0.47903377,-0.3160476,0.17708138,0.486693,0.21464865,0.55424714,0.51575893,0.17221315,0.6015078,0.5819674,-0.51444393
135,947,-0.6365604,0.4527792,-0.11763211,0.0044239536,0.061308287,0.17608173,0.67213064,-0.2405523,-0.42884275,-0.4968199,-0.15573154,-0.47738725,0.86647606,0.14425874,-0.2666623,0.2767965
135,951,0.014594711,0.31571662,0.48558357,0.5072172,0.19335449,-0.5067665,-0.4274158,-0.25378987,-0.25345957,0.5009073,-0.11336304,-0.65542674,0.09324117,0.11202009,0.1333259,0.5228308
135,953,0.2039777,-0.7779183,-0.11372441,0.21480598,-0.2734077,-0.25842553,0.42067373,-0.18702547,0.36330193,0.13432592,0.33981234,-0.7987808,0.07669801,-0.42015857,-0.24921498,-0.15754782
135,954,0.3036451,0.3210822,1.0999613,0.60134834,0.13482705,-0.6566602,-0.31170055,0.5226666,-0.47055352,0.9605474,0.51495904,-0.4984253,-0.26221764,0.62287796,0.4264881,1.2502497
135,955,-0.10725041,0.18797281,-0.83960843,-0.53609556,-0.05273454,-0.008217432,0.053257063,0.40975383,1.0489796,-0.4472599,-0.20269181,0.18596649,-0.43117583,0.24300572,0.13948637,0.68169874
135,961,-0.3364061,0.5148216,-0.19603294,0.2309238,0.18442078,0.1062935,-0.05790235,-0.39175856,-0.3380216,-0.25202346,-0.54652536,-0.34681892,0.09527665,-0.2899301,-0.05707331,0.11765514
135,967,0.33877316,-0.63064003,-0.32117355,-0.092781566,-0.2007818,-0.21771565,0.42689872,0.3213835,0.7710225,-0.117646456,0.31370285,-0.32739523,-0.26795822,-0.059501804,0.08933764,0.1059263
135,971,-0.45561466,0.34662548,0.110969655,-0.06286732,-0.018663803,0.2645505,0.7903772,0.18891108,-0.4107511,-0.51080173,-0.021457031,-0.17495048,0.89574856,0.3154768,-0.2752587,0.08644513
135,972,-0.20260772,0.25413433,0.3378921,-0.07615393,-0.07971939,0.33893573,0.7280177,0.58339405,-0.36857432,-0.47269988,-0.0026490837,0.16330567,0.82841605,0.4107271,-0.271027,-0.20645021
135,973,0.21029729,-0.15517426,0.09930409,0.41843644,0.27588296,-0.08526306,-0.8610655,-0.5653343,0.1781914,0.029957298,-0.66545,-0.13239495,0.10169234,-0.47293514,-0.03528756,-1.0864906
135,975,0.24235997,-0.7090768,-0.30843922,0.004694812,-0.3225262,-0.20114133,0.53136694,0.15487418,0.5628048,0.0036486983,0.3565483,-0.59515464,-0.16573255,-0.2765556,-0.14055938,0.105691954
135,989,-0.49592036,0.67519355,-0.22125778,0.2857679,0.2641374,-0.06032946,-0.08947167,-0.61857605,-0.35632157,-0.2547565,-0.60318196,-0.5777722,0.32303315,-0.21175466,-0.030039981,0.30792087
135,998,-0.2308901,0.2661452,0.32612112,-0.08078175,-0.07661055,0.34282267,0.76114357,0.5671847,-0.38097668,-0.4875655,0.0023575127,0.13817182,0.85585064,0.41779807,-0.2791735,-0.18108653
135,1001,0.14360768,0.3040648,-0.10412761,0.3228033,0.2607036,0.17563458,-0.6103918,-0.21525271,-0.19711933,-0.056378108,-0.66593856,0.14249098,-0.6956822,-0.6217531,0.1383352,-0.3235133
135,1005,0.16710627,-0.30714524,-0.326771,-0.19556797,-0.499644,-0.17512253,0.035705104,0.36072037,0.50020397,0.33647272,0.1996831,-0.27919215,-0.207257,-0.07518781,-0.31117207,0.38010415
135,1008,0.5679573,-0.4500831,0.6269181,-0.060279362,-0.09309218,-0.49068844,-0.56126994,0.1103065,0.1561342,0.6036127,0.6543459,0.5929244,0.37744468,0.6183171,0.3220451,-0.62261075
135,1012,0.34263173,-0.6735878,-0.28724277,-0.055472128,-0.20285101,-0.21907617,0.44664395,0.2791651,0.72667634,-0.1017669,0.33301798,-0.37281406,-0.23134464,-0.0951264,0.068614766,0.05405907
135,1018,0.337557,-0.8641989,-0.06552348,0.1806427,-0.23674724,-0.25977445,0.4623621,-0.022846162,0.46489295,0.0782156,0.42247647,-0.65409917,0.007885478,-0.30588228,-0.105456926,-0.21209548
135,1024,-0.06655979,0.118114404,0.15952492,0.43216166,0.18345743,-0.3383847,-0.46367127,-0.5982362,-0.09440945,0.24512143,-0.35175097,-0.68302673,0.25498134,-0.19859657,-0.04032687,-0.053852033
135,1032,0.10772065,-0.5574527,-0.021404194,0.2841008,-0.19078729,-0.31174105,0.04290472,-0.4528294,0.19602896,0.26785547,0.1451272,-0.7748443,0.21845666,-0.4058607,-0.2854236,-0.26715943
135,1047,0.3912867,-0.27515745,0.47171906,-0.17918417,-0.5733013,-0.38264883,-0.74267894,0.22790766,-0.10378717,1.1164156,0.58276635,0.39489874,0.37114352,0.42878416,-0.30658403,-0.24422002
135,1062,0.004474491,-0.5583363,-0.11583516,0.30788374,-0.15911709,-0.2589863,0.088105455,-0.56918466,0.2047278,0.17908685,0.032580093,-0.9214178,0.28119758,-0.4774289,-0.33991432,-0.26999545
135,1071,0.18592924,0.45711213,0.9353855,0.6010269,0.21208909,-0.65334016,-0.397811,0.27684754,-0.40992177,0.79568243,0.22640514,-0.5218855,-0.14714733,0.5025916,0.38354567,1.099657
135,1096,-0.067644924,0.19079575,0.24693525,0.44964662,0.17522198,-0.39375496,-0.421713,-0.5016897,-0.1559056,0.3284925,-0.26604044,-0.7157814,0.21429871,-0.10229449,0.0019318312,0.18274298
135,1101,0.033020288,0.06170143,-0.58833706,-0.42502338,-0.09364171,-0.09449324,-0.029943824,0.4039885,0.92720515,-0.23732999,-0.07760959,0.19122982,-0.3488203,0.25911337,0.13875344,0.4967651
135,1106,-0.44283053,0.5344917,-0.07522272,0.1372245,0.14391513,0.10555051,0.27603972,-0.22234042,-0.384055,-0.35594347,-0.35571718,-0.3439288,0.45880854,-0.008181475,-0.10420642,0.22604604
135,1113,-0.3378922,-0.64156175,-0.03220328,-0.56130254,0.62439895,0.19541101,0.49102497,-1.5745194,-0.80384886,-0.11521469,1.3943155,1.2986891,-0.44348237,0.12175062,0.9963771,-0.25387603
135,1115,-0.32069612,0.8103601,-0.114223585,0.37497595,0.35500157,-0.091621496,-0.299209,-0.44955432,-0.3859639,-0.16696712,-0.7146232,-0.37287012,-0.053315874,-0.2572081,0.14626718,0.36429757
135,1140,0.15848485,0.19460909,-0.045372732,0.33852065,0.261679,0.100504875,-0.7240366,-0.30605274,-0.08435467,-0.034275047,-0.68401325,0.096191145,-0.42647937,-0.5720469,0.0805186,-0.57109755
135,1144,-0.4977368,0.350495,0.032575626,-0.041707985,-0.008368939,0.24823017,0.72857237,0.041537642,-0.40463096,-0.49871847,-0.077970244,-0.26489425,0.89987963,0.24442425,-0.29972473,0.085563764
135,1153,0.03685394,0.344297,0.5427637,0.52272356,0.199292,-0.53325254,-0.43536445,-0.19775163,-0.27517012,0.5422103,-0.08200241,-0.6376904,0.06554014,0.16108644,0.16438188,0.5929249
135,1158,-0.3676369,0.33788088,0.22181368,-0.073801555,-0.03518062,0.3033483,0.8153791,0.3871123,-0.41520035,-0.51616424,-0.001414895,-0.030204728,0.88689494,0.38644603,-0.26610172,0.0022641653
135,1173,0.14360765,0.30406487,-0.104127616,0.3228033,0.2607036,0.17563461,-0.61039186,-0.21525271,-0.19711931,-0.056378108,-0.66593856,0.14249098,-0.6956823,-0.6217531,0.1383352,-0.3235133
135,1174,0.5288523,-0.17534593,0.60597646,-0.031957917,-0.33463016,0.84617335,0.4741373,1.3574747,-0.39972088,-0.1644688,-0.05445274,0.90739375,-0.30621016,0.012524754,-0.29688007,-0.81060207
135,1178,0.4553752,-0.3572844,0.05564443,-0.10872971,0.17078377,-0.3631485,-0.028997809,0.3097941,0.829938,-0.17317367,0.30449063,0.29350504,-0.12736508,0.44906685,0.616429,-0.1353714
135,1188,-0.054113716,0.072182134,0.11170793,0.42154515,0.1912056,-0.30156007,-0.5018815,-0.6466199,-0.052222252,0.19293064,-0.4090555,-0.64130163,0.27193955,-0.2584319,-0.06196568,-0.21844345
135,1204,-0.007459402,0.5773768,-0.32519302,0.12877145,0.114103325,0.40384257,0.1880386,0.19698519,-0.6280853,-0.19142744,-0.34261912,0.13644111,-1.4170796,-0.67648757,0.28896084,0.72070265
135,1215,-0.1614764,0.67619985,-0.09657023,0.3681923,0.33570126,-0.00836008,-0.40823096,-0.3486005,-0.33596846,-0.12734759,-0.7125459,-0.18919113,-0.2894821,-0.36779022,0.16284288,0.16595614
135,1216,0.41548714,-0.09972263,0.6009032,-0.04718288,-0.28897545,0.71858674,0.5133418,1.2552631,-0.38569766,-0.21560004,-0.018853307,0.8058267,-0.063923106,0.12970683,-0.2685828,-0.70875823
135,1220,-0.5003952,0.35883337,0.069746606,-0.060795017,-0.012305833,0.26209062,0.8035324,0.1182369,-0.42106137,-0.5212864,-0.033994228,-0.23419386,0.92384374,0.29655552,-0.291645,0.114838265
135,1239,-0.09020461,0.16208868,-0.8143707,-0.5139734,-0.066618994,-0.01814419,0.06223683,0.4061065,1.0231267,-0.42459488,-0.18411405,0.15978876,-0.42683724,0.22317222,0.13139373,0.66539264
135,1241,-0.26916662,0.39633882,-0.531866,-0.69404864,-0.59069866,0.042249024,-0.77561915,0.2364743,0.35221815,0.57783556,-0.18028718,0.46787104,0.11769441,0.30491152,-0.68262535,0.43679866
135,1254,0.06698816,0.027133264,-0.5371137,-0.400598,-0.10804335,-0.11428234,-0.03951302,0.40730253,0.903343,-0.19100183,-0.04609658,0.18424106,-0.3358533,0.25766414,0.13599733,0.46085903
135,1265,0.5856436,-0.22709182,0.53867483,0.0026480407,-0.34519273,0.87416846,0.3425793,1.2849346,-0.37076515,-0.09231427,-0.10931618,0.8983993,-0.5306425,-0.13681856,-0.28885075,-0.8343362
135,1268,-0.28603852,0.28212023,0.2713449,-0.077706896,-0.062663935,0.31770694,0.7661099,0.47070673,-0.38383132,-0.49018866,0.0035972744,0.059018545,0.8596024,0.391973,-0.27286467,-0.10700519
135,1270,0.34062508,-0.027255617,0.6117459,-0.055676155,-0.25271484,0.65735936,0.5620701,1.222144,-0.3939887,-0.26853395,-0.012199119,0.7571741,0.11242388,0.21951783,-0.2602409,-0.65882367
135,1277,0.498227,-0.38803646,0.1755839,-0.05976648,0.2194181,-0.39773273,-0.07805045,0.2590488,0.7689215,-0.14339703,0.34885028,0.3435525,-0.06570558,0.48668215,0.67691535,-0.2546989
135,1280,-0.49290308,-0.8052439,-0.13241358,-0.6308405,0.48028815,0.3405562,0.6816892,-1.9150774,-1.2392156,0.06850597,1.680301,1.3048421,-0.61113393,-0.15223019,0.82313496,-0.16077262
135,1282,0.35698634,-0.8986194,-0.0666822,0.17858872,-0.24602616,-0.26429453,0.48836166,-0.0050404966,0.4857802,0.08168514,0.44687122,-0.66384524,-7.389113e-05,-0.30505782,-0.10472288,-0.21632463
135,1288,0.32211298,0.35033098,1.1816608,0.6295597,0.16347726,-0.675067,-0.29691142,0.6111685,-0.50211155,0.9913816,0.5674763,-0.49282295,-0.3058024,0.696666,0.48643845,1.3639677
135,1307,0.10624983,-0.055239506,-0.5988781,-0.41295654,-0.17631604,-0.12316892,0.06949328,0.47577468,0.9591502,-0.19241278,0.0033066869,0.09290474,-0.40675512,0.20602351,0.10519202,0.52999216
135,1316,-0.49102068,-0.40625367,-0.19532603,-0.7456292,-0.10438139,0.2875287,-0.0049853474,-1.2980428,-1.0277872,0.6266259,1.2043171,1.1360695,-0.2322481,-0.014457628,0.026629575,-0.0130400555
135,1322,-0.0481612,0.23451439,0.32163978,0.464827,0.1767341,-0.4309818,-0.41255566,-0.41962266,-0.19026966,0.3846495,-0.20963219,-0.7055788,0.17691582,-0.030125141,0.042059243,0.31237847
135,1331,0.09340947,0.52525413,-0.37088192,0.12816678,0.087387994,0.49330682,0.13509728,0.26100388,-0.6428819,-0.1623559,-0.37267703,0.23475048,-1.6944288,-0.8202517,0.2979581,0.66125184
135,1334,-0.56624085,0.41379082,-0.07050707,0.003076218,0.041347396,0.18951587,0.63190234,-0.16134986,-0.40625122,-0.47676238,-0.15531117,-0.3970176,0.84146506,0.15267763,-0.2692846,0.18678379
135,1339,0.57118225,-0.45590833,0.50649786,-0.037885822,0.07579057,-0.47976464,-0.3798334,0.14025259,0.39250967,0.29562488,0.56956446,0.53711903,0.23139074,0.6016344,0.52698785,-0.5531975
135,1342,0.29342294,-0.8782227,-0.111012645,0.18607083,-0.2706398,-0.25039417,0.5180025,-0.06006968,0.45571065,0.08221124,0.4187255,-0.74549836,0.01974748,-0.3673363,-0.17246836,-0.17246206
135,1344,0.19926131,-0.17002618,0.051596604,-0.23884928,-0.72020817,-0.23776774,-0.49938536,0.33531418,0.056197837,0.9628162,0.3445623,0.027016394,0.11758192,0.1377914,-0.55669147,0.20452595
135,1346,-0.2725052,-0.5422128,0.014712341,-0.5262041,0.6391734,0.12594417,0.35495943,-1.3808546,-0.6055406,-0.1539012,1.2282791,1.2619337,-0.3229653,0.24869126,1.0059159,-0.28985485
135,1353,-0.21480706,0.72303367,-0.09513505,0.36944407,0.3424351,-0.04184354,-0.36927518,-0.37398678,-0.34908807,-0.14028864,-0.7076843,-0.24665058,-0.202313,-0.31914023,0.16127586,0.23818806
135,1360,-0.18626752,0.24724478,0.3514527,-0.076880835,-0.08381447,0.3430261,0.7225735,0.60686064,-0.36511934,-0.46946698,-0.0012886673,0.1842593,0.823101,0.41571727,-0.2705289,-0.22523762
135,1374,0.041575797,0.3548606,0.5562267,0.51955736,0.19658472,-0.5363213,-0.42962116,-0.16911197,-0.2808873,0.54799545,-0.06622219,-0.6210163,0.051805805,0.178686,0.176595,0.6221321
135,1381,-0.49290308,-0.80524385,-0.13241357,-0.63084054,0.4802882,0.34055626,0.68168914,-1.9150773,-1.2392155,0.06850597,1.6803007,1.3048422,-0.6111339,-0.15223019,0.82313496,-0.16077262
135,1397,0.022003964,-0.41406724,-0.02158848,0.31969202,-0.13026483,-0.3040253,-0.04762292,-0.53768134,0.1240509,0.26413482,0.0016074628,-0.83306205,0.26113322,-0.3894494,-0.2851114,-0.1957646
135,1401,-0.13802066,0.22912268,0.37969112,-0.07239153,-0.09067394,0.34435463,0.6839859,0.6523857,-0.35139498,-0.45004427,-0.0041536093,0.2349501,0.7817055,0.41241166,-0.2585374,-0.2675386
135,1423,0.302728,-0.15890402,0.13150454,0.40215787,0.2815152,0.00445579,-0.9541513,-0.4054439,0.20344996,0.008866619,-0.70164824,0.084902994,-0.050967623,-0.5028293,0.00070320815,-1.2067195
135,1429,0.23554292,0.4443442,1.0373642,0.6247044,0.20598559,-0.67987794,-0.3854428,0.38901123,-0.43849826,0.8718548,0.3201165,-0.5191733,-0.18216121,0.5795133,0.4208344,1.1891335
135,1432,0.17287719,0.2307541,-0.09050149,0.32642683,0.25682604,0.17506386,-0.6701273,-0.24261342,-0.14730921,-0.044975415,-0.6753608,0.15178618,-0.64330417,-0.6378119,0.111257285,-0.46005055
135,1434,-0.4577661,0.8468628,-0.16717154,0.3647304,0.34767738,-0.11950969,-0.19950637,-0.57962847,-0.41252822,-0.21141143,-0.7097573,-0.5469853,0.1662114,-0.21282458,0.08099725,0.4387574
135,1455,-0.07519734,0.17707774,0.21870273,0.4376547,0.17054638,-0.37843627,-0.41739243,-0.5206963,-0.14457628,0.30497718,-0.27798766,-0.7105337,0.22298318,-0.12336276,-0.0096386,0.14623703
135,1461,-0.12157872,0.5642091,-0.24791789,0.13976824,0.1256171,0.31016034,0.18356223,0.07388282,-0.5474467,-0.22917826,-0.35921007,0.0024767146,-0.8846928,-0.48917833,0.18090433,0.5630548
135,1463,0.26711935,-0.5321257,-0.38717175,-0.12556654,-0.22001725,-0.18608832,0.39709902,0.3132871,0.7420898,-0.13396473,0.24596944,-0.3224471,-0.28678057,-0.08010905,0.047343865,0.19391756
135,1467,0.088581584,-0.24264574,0.20258999,0.36462376,-0.05946844,-0.37137708,-0.18097568,-0.36514986,-0.0030067153,0.3956708,0.06465262,-0.6936892,0.16473319,-0.17880914,-0.1277059,0.013966096
135,1477,0.22364736,0.009068489,0.10213471,0.41764247,0.3067867,-0.023953207,-0.9489655,-0.43796664,0.1251606,-0.003515672,-0.77525306,0.026317902,0.00427169,-0.48795167,0.002999641,-1.0700793
135,1478,0.27327958,-0.74877346,-0.32137898,-0.008361898,-0.32114813,-0.20569667,0.56181437,0.18829954,0.61486113,-0.013436228,0.37807447,-0.5896639,-0.1854679,-0.2607632,-0.12059014,0.09946876
135,1497,-0.09961159,0.5762217,-0.27940607,0.13289785,0.12087898,0.35361916,0.20860331,0.11028391,-0.5862111,-0.22961605,-0.3584404,0.036218904,-1.035214,-0.5474024,0.20097688,0.61396945
135,1501,0.110488884,-0.08552926,-0.5687264,-0.35344228,-0.16735083,-0.12851667,0.11254068,0.43219903,0.89229304,-0.21108797,0.011404231,0.017594151,-0.3952763,0.14198187,0.11284804,0.49902186
135,1503,0.3060961,-0.17046455,0.14319196,0.40459132,0.283028,-0.015366077,-0.94845474,-0.4149866,0.21084508,0.014775101,-0.6867682,0.07713064,-0.03305282,-0.4866979,0.0066001825,-1.2070273
135,1510,0.06636124,0.031474113,-0.51631266,-0.38934895,-0.10273829,-0.11637514,-0.055340692,0.39335254,0.88163245,-0.18062831,-0.04761351,0.18881503,-0.3214044,0.25758982,0.13645744,0.44250587
135,1515,0.13684243,0.13065915,0.55545413,-0.05851356,-0.15265143,0.4648077,0.59265184,1.0042067,-0.36805096,-0.36199132,-0.011827886,0.5604718,0.46887943,0.363165,-0.21996722,-0.489326
135,1539,0.54412377,-0.22091493,0.41032425,0.044512726,-0.3034928,0.76978344,0.17373686,1.0414587,-0.30137527,-0.036045246,-0.15312323,0.76054686,-0.63445127,-0.24975868,-0.23404604,-0.7378275
135,1549,0.04153637,-0.56316143,-0.10457765,0.2734418,-0.17884055,-0.25590062,0.11902894,-0.47858897,0.21619712,0.16784805,0.09636095,-0.8286872,0.23354454,-0.45083892,-0.3037336,-0.25296718
135,1552,0.15859637,0.16398957,0.04117784,0.39710087,0.3073628,-0.0006429106,-0.86119837,-0.40232033,0.013806025,-0.020486273,-0.77222246,0.026495554,-0.11992943,-0.49688953,0.04019982,-0.8070032
135,1560,-0.01699014,-0.010394707,0.049088754,0.4109591,0.2077649,-0.2388535,-0.5836448,-0.71124125,0.023206977,0.11596684,-0.50844896,-0.5576807,0.2895455,-0.3577059,-0.0947048,-0.51085174
135,1561,0.20689565,-0.6691899,-0.022823937,0.24362251,-0.21558522,-0.29612142,0.21318705,-0.26227388,0.28915673,0.19651477,0.27435082,-0.6988864,0.119173855,-0.3642842,-0.21154267,-0.2351648
135,1570,0.26838505,-0.21729052,-0.3782021,-0.2686928,-0.045868367,-0.21688877,0.12655158,0.45223787,0.9611791,-0.23074202,0.12257525,0.08398115,-0.35789758,0.24816683,0.3201018,0.3108095
135,1579,-0.46342558,0.3553298,0.11664077,-0.0661492,-0.01788327,0.27279526,0.81407624,0.2020022,-0.42078847,-0.5214371,-0.018686458,-0.17380968,0.9121296,0.32764104,-0.27999693,0.09168008
135,1580,-0.48187703,-0.37831208,-0.19134137,-0.73250574,-0.12326677,0.27521145,-0.04201962,-1.2500812,-0.99558645,0.6346486,1.155757,1.1055516,-0.20487332,-0.005343415,-0.002748005,-0.010477682
135,1587,-0.45557737,0.6680012,-0.19884893,0.29256976,0.26425368,-0.072171494,-0.13239413,-0.5853317,-0.340175,-0.23413505,-0.60340655,-0.5368484,0.27414584,-0.21345782,-0.005166568,0.2925829
135,1596,0.23461515,-0.6595474,0.03941329,0.2705879,-0.21636075,-0.34550714,0.11449514,-0.308833,0.2599284,0.2917975,0.27822194,-0.6979199,0.1448288,-0.34933263,-0.22504851,-0.276899
135,1600,-0.24740535,0.5440058,-0.25828007,0.20318455,0.1682261,0.2191817,0.026005194,-0.23135853,-0.44430217,-0.24429971,-0.5059769,-0.21187827,-0.38239095,-0.4343987,0.037060786,0.3009331
135,1602,0.033020288,0.06170143,-0.588337,-0.42502332,-0.09364171,-0.09449324,-0.029943809,0.40398845,0.9272051,-0.23732999,-0.07760958,0.19122985,-0.3488203,0.25911334,0.13875344,0.4967651
135,1623,0.3569863,-0.8986193,-0.0666822,0.17858872,-0.24602616,-0.26429453,0.48836178,-0.0050404966,0.4857802,0.081685156,0.44687116,-0.66384524,-7.389113e-05,-0.30505782,-0.10472285,-0.21632463
135,1629,0.58140874,-0.21537074,0.5664314,-0.0074709207,-0.3463696,0.8850734,0.387964,1.3317977,-0.3861252,-0.11385008,-0.096527934,0.9197734,-0.48329,-0.0977928,-0.2956655,-0.84142786
135,1637,0.23596534,-0.8366452,-0.11605989,0.21321909,-0.2778284,-0.25849125,0.47034138,-0.15670547,0.40217388,0.119620055,0.3736434,-0.8086654,0.06533591,-0.41720957,-0.23713258,-0.17198998
135,1641,0.034800887,0.5419513,-0.36272705,0.13649158,0.10049009,0.465702,0.14303811,0.19519097,-0.6311068,-0.18339665,-0.3925847,0.16734287,-1.5182122,-0.76834357,0.2602109,0.63224036
135,1642,0.30867496,-0.16191211,0.13883224,0.40899897,0.28807995,-0.0034358501,-0.9652617,-0.41360894,0.20777537,0.012419131,-0.7077387,0.08448643,-0.04360291,-0.5015366,0.0027881637,-1.2234755
135,1646,0.16715881,0.24726349,-0.095253445,0.32453787,0.25703126,0.17772959,-0.65379614,-0.23378576,-0.16031389,-0.047640726,-0.67122966,0.15229866,-0.6635681,-0.6362586,0.11871677,-0.42463005
135,1647,-0.37033448,0.33462414,0.2005887,-0.065716036,-0.031076817,0.288603,0.780708,0.3444796,-0.40498105,-0.5032301,-0.013581112,-0.050936148,0.8668501,0.36144283,-0.26068345,0.0076691406
135,1658,0.03685393,0.344297,0.5427637,0.52272356,0.19929199,-0.5332525,-0.43536445,-0.19775163,-0.27517006,0.54221016,-0.082002416,-0.63769037,0.06554015,0.16108641,0.16438189,0.5929249
135,1659,0.25146517,-0.87292504,-0.13469145,0.20024791,-0.2844527,-0.24621704,0.5285229,-0.11517763,0.43513116,0.09027882,0.39728183,-0.8119216,0.04484968,-0.41471398,-0.22407064,-0.15962495
135,1660,0.21394107,-0.17666489,-0.4412987,-0.28801072,-0.0939932,-0.18689513,0.1294351,0.4396083,0.9225572,-0.22069578,0.08646391,0.043416508,-0.3720474,0.19524965,0.24158934,0.37576014
135,1670,0.1860075,-0.7287843,-0.1090024,0.21132387,-0.25830552,-0.2520547,0.38175648,-0.19473486,0.3399435,0.1273492,0.31056976,-0.7670224,0.07927179,-0.4080861,-0.2370978,-0.15107338
135,1674,-0.424827,0.35198522,0.15513694,-0.06588388,-0.020567996,0.27669108,0.8034852,0.26746815,-0.4156923,-0.51438934,-0.013032168,-0.12032997,0.8879895,0.34589976,-0.26496765,0.06773437
135,1678,-0.45932275,0.539553,-0.07777255,0.13164672,0.14240995,0.11477183,0.30535376,-0.22279081,-0.39421484,-0.3692817,-0.35183132,-0.3541919,0.48784155,0.0017869025,-0.11670414,0.2306657
135,1687,-0.4858187,-0.52119863,-0.16642517,-0.695387,0.024608634,0.30066204,0.1809914,-1.4563311,-1.1201845,0.5056582,1.3409989,1.1484481,-0.33347514,-0.081582144,0.21205619,-0.053255323
135,1704,0.0064933747,-0.5316687,-0.13721636,0.25793654,-0.17212506,-0.2254627,0.14213513,-0.46780595,0.21115245,0.119524375,0.07018468,-0.8185241,0.2278627,-0.45523942,-0.29741225,-0.22127846
135,1724,0.21747467,-0.18070817,-0.46037126,-0.305309,-0.10733516,-0.18578143,0.13574015,0.46061757,0.9475597,-0.21698499,0.090697706,0.047282495,-0.38586664,0.20210025,0.23319274,0.3952252
135,1733,0.24965656,-0.724741,-0.32892057,-0.005891785,-0.32270515,-0.1980266,0.55508614,0.17114136,0.59215593,-0.0154265575,0.3605832,-0.5984291,-0.17936815,-0.27435037,-0.13441432,0.11256124
135,1766,-0.60817593,0.43331638,-0.10417425,0.0039825216,0.055019714,0.16896962,0.6465536,-0.21959333,-0.41230258,-0.48140183,-0.14644898,-0.45096913,0.83926404,0.14256236,-0.2552146,0.25879112
135,1773,0.0885816,-0.24264568,0.20258999,0.36462376,-0.059468433,-0.37137705,-0.18097568,-0.3651499,-0.0030067163,0.3956708,0.06465262,-0.6936893,0.16473319,-0.17880914,-0.1277059,0.0139660975
135,1775,-0.19551623,0.5481565,-0.41991782,-0.69733405,0.37974438,-0.046543762,-0.6225397,0.17235625,0.97988683,-0.38958442,-0.28402603,1.0388612,0.11353399,0.9307661,0.48998913,0.17357309
135,1779,0.16114944,-0.57215035,0.03560966,0.2958626,-0.18682113,-0.3470931,-0.0064459443,-0.44008166,0.1955839,0.31732896,0.17708799,-0.7328046,0.21150923,-0.37307766,-0.26327172,-0.30675125
135,1784,-0.51285964,0.35985577,0.031129077,-0.04499755,-0.007373212,0.2569427,0.7547075,0.04261507,-0.41616204,-0.5112422,-0.0773947,-0.27359092,0.92256457,0.25319335,-0.30881622,0.09305319
135,1789,0.06698816,0.027133271,-0.5371137,-0.400598,-0.10804335,-0.11428234,-0.039513037,0.4073026,0.9033431,-0.19100182,-0.04609658,0.18424106,-0.3358533,0.2576641,0.13599733,0.46085903
135,1804,-0.39220056,0.260954,-0.2546721,-0.76236254,-0.74945706,0.1082204,-1.0025545,-0.23051655,-0.36033663,1.1217732,0.22824949,0.7405323,0.3663789,0.28216907,-0.9114693,0.16492762
135,1814,0.584556,-0.22236854,0.5527141,-0.0024672672,-0.34647992,0.88054585,0.36472267,1.3090738,-0.37834543,-0.10256905,-0.103192315,0.91001564,-0.508074,-0.118153416,-0.2928995,-0.8395959
135,1830,-0.09433165,0.17284633,-0.8595409,-0.55481553,-0.06845859,-0.010947853,0.06851803,0.4406447,1.0860842,-0.44381905,-0.19004904,0.18767431,-0.45140228,0.2524501,0.13569945,0.7028415
135,1844,0.21025145,0.46089858,0.99714816,0.6210496,0.21328601,-0.67553407,-0.39728403,0.3332909,-0.42819807,0.84458345,0.2699144,-0.5311403,-0.16290128,0.54701614,0.40420517,1.1594973
135,1848,0.17518699,0.0954834,0.07641299,0.40379474,0.30122364,-0.02760458,-0.8963548,-0.42186552,0.07264885,-0.013865333,-0.7670207,0.009352848,-0.0109687485,-0.4692995,0.016234435,-0.9239989
135,1850,0.31150112,-0.8176606,-0.121388525,0.1309395,-0.2706029,-0.24224353,0.48467314,0.040189072,0.47514096,0.07226312,0.41759372,-0.6322697,-0.042735074,-0.29470658,-0.116418086,-0.114003815
135,1855,-0.4454207,0.35775936,0.14608032,-0.069994874,-0.02087467,0.28452486,0.8298077,0.2557196,-0.42598486,-0.526861,-0.011974692,-0.13828292,0.9149526,0.35018122,-0.2779362,0.07620878
135,1856,0.3262184,-0.629329,-0.31335676,-0.07677988,-0.19249755,-0.21180351,0.4304319,0.2936801,0.7436818,-0.12536886,0.30562747,-0.34396192,-0.25014466,-0.07750317,0.08374477,0.08861235
135,1857,0.56537867,-0.45038882,0.59093446,-0.056143023,-0.04798864,-0.4861306,-0.5151386,0.11156255,0.2184629,0.5194305,0.6277125,0.57829034,0.34226698,0.61058486,0.37390772,-0.6084205
135,1882,-0.36008176,0.33180183,0.20358074,-0.06317141,-0.029748207,0.28059584,0.76421434,0.347064,-0.39792892,-0.4947591,-0.012055129,-0.04376384,0.84735346,0.35771683,-0.24969092,0.009894771
135,1884,0.19349203,0.0574344,0.0872347,0.40764874,0.30084,-0.027661882,-0.914958,-0.4281857,0.095751636,-0.010181736,-0.76673967,0.013441913,0.0025617667,-0.47389427,0.009085856,-0.98391414
135,1897,0.2644832,0.26514524,0.9285548,0.5414635,0.07884926,-0.6165803,-0.34060812,0.34037742,-0.40769628,0.8896745,0.40472335,-0.49923816,-0.17878136,0.47142377,0.30808958,1.0174513
135,1902,-0.09793691,0.25935474,-0.0737213,-0.45977122,0.5643459,-0.12549613,-0.45525163,-0.18580195,0.6122849,-0.40159947,0.018224508,0.9783382,0.20024711,0.82883906,0.7628682,-0.15917979
135,1903,0.068705834,0.5359585,-0.3730632,0.13036726,0.09251641,0.4895448,0.14603467,0.23712754,-0.6457766,-0.17349522,-0.38183498,0.20882556,-1.637354,-0.80591273,0.28268307,0.65721244
135,1923,-0.21270743,0.33241194,-0.5909317,-0.6305124,-0.4322432,0.02025342,-0.543002,0.27708116,0.5275661,0.29441208,-0.18323553,0.38517103,-0.027548317,0.2842796,-0.44153214,0.48452947
135,1925,-0.56612724,0.44662833,-0.10800311,0.040757507,0.069360845,0.16130908,0.5297396,-0.24826862,-0.39896515,-0.4501715,-0.22744095,-0.43291962,0.78290796,0.09230584,-0.2502453,0.19121724
135,1937,0.4553752,-0.35728437,0.05564443,-0.10872967,0.17078377,-0.3631485,-0.028997809,0.30979404,0.829938,-0.17317367,0.30449063,0.29350504,-0.12736511,0.44906685,0.6164289,-0.13537139
135,1938,0.30444488,0.37288013,1.146874,0.62762094,0.17510295,-0.6759174,-0.31843907,0.55930305,-0.48771083,0.96076447,0.5080971,-0.49203366,-0.28021115,0.6685358,0.4733434,1.3182998
135,1953,-0.22557661,-0.42817548,0.027951665,-0.52552617,0.65363705,0.070992306,0.21941744,-1.1836615,-0.3844053,-0.2008527,1.0581064,1.25658,-0.21895975,0.3904337,1.0111796,-0.29937866
135,1962,-0.62747717,0.45138943,-0.12137908,0.0123427585,0.061599478,0.17841063,0.6447857,-0.2515757,-0.42558077,-0.4904539,-0.17793116,-0.4751912,0.8613033,0.12989506,-0.27372834,0.24976423
135,1964,0.078215174,0.61175984,-0.38695854,0.12347527,0.11357595,0.4940698,0.21245886,0.3085794,-0.7154538,-0.17297946,-0.3410836,0.24709985,-1.8586609,-0.8279077,0.3789024,0.86526394
135,1969,0.15374753,-0.13728613,0.0706112,0.40509632,0.25381508,-0.11121075,-0.78569555,-0.6057092,0.15179572,0.032928478,-0.6256304,-0.224354,0.15090926,-0.45371288,-0.05326976,-0.9720676
135,1971,0.20689565,-0.6691899,-0.022823941,0.24362251,-0.2155852,-0.29612142,0.21318711,-0.26227385,0.28915676,0.19651477,0.27435076,-0.6988864,0.119173855,-0.3642842,-0.21154267,-0.2351648
135,1983,-0.1147611,0.5654464,-0.32928413,0.16475987,0.13735259,0.35790473,0.11947437,-0.008147597,-0.5671455,-0.22187124,-0.4425274,-0.022078335,-1.0100784,-0.6181244,0.16247843,0.5262198
135,1986,0.1396814,0.5256042,-0.42910534,0.10031617,0.06830386,0.55586505,0.19671245,0.3378614,-0.70235527,-0.15418333,-0.32464474,0.30166173,-1.9955382,-0.91789544,0.35486525,0.7939381
135,1989,0.57364285,-0.4547312,0.34014606,-0.041359268,0.19958195,-0.4594221,-0.17914198,0.22816482,0.6663656,0.0048370287,0.4738211,0.44662532,0.0460492,0.5714272,0.68767273,-0.40978602
135,1996,-0.5820485,0.46492204,-0.118128985,0.04600308,0.077669,0.16186188,0.5332858,-0.26714393,-0.40895554,-0.45645615,-0.24170731,-0.45055008,0.79000115,0.08789885,-0.25240824,0.20483312
135,1999,0.1728589,0.19065093,-0.061523233,0.33453247,0.25879228,0.13103698,-0.7182726,-0.28933042,-0.0994294,-0.035637707,-0.68393373,0.12060069,-0.5038818,-0.6059575,0.085914545,-0.56282175
135,2024,-0.07510959,0.12557293,0.15846208,0.42604014,0.1759726,-0.34135324,-0.4448585,-0.58922386,-0.102627,0.24833272,-0.33540046,-0.6913553,0.2527,-0.18882771,-0.039305173,-0.015422403
135,2044,0.15125284,0.1920314,-0.021035539,0.35814637,0.2765039,0.065005675,-0.7658201,-0.34414876,-0.05632163,-0.030908655,-0.71619046,0.063227214,-0.3175253,-0.5464536,0.06497051,-0.64018226
135,2049,-0.3800737,0.317799,-0.26790273,-0.76518655,-0.7796976,0.09190181,-1.0671164,-0.14035887,-0.281262,1.1313739,0.1431754,0.71613425,0.39866096,0.313754,-0.9594683,0.18537353
135,2052,0.10007533,0.40965432,0.72170055,0.55677265,0.20849107,-0.5872597,-0.41511795,0.024134263,-0.34420845,0.65557873,0.059341416,-0.57756674,-0.044644456,0.3213536,0.27285573,0.845941
135,2053,0.022003971,-0.41406724,-0.021588482,0.31969202,-0.13026483,-0.30402523,-0.047622904,-0.53768134,0.1240509,0.26413482,0.0016074777,-0.83306205,0.26113322,-0.38944936,-0.28511137,-0.19576462
135,2057,-0.5132294,-0.7020941,-0.16048476,-0.65470123,0.24582137,0.3478192,0.5068363,-1.7487937,-1.2744459,0.29051656,1.5779521,1.2098377,-0.52500564,-0.18632779,0.51970315,-0.08713789
135,2068,0.18902269,0.052544132,0.08687444,0.4009509,0.29347593,-0.032245107,-0.9006987,-0.42510122,0.09725515,-0.010621138,-0.7509658,0.008435845,0.011322364,-0.46428093,0.008703161,-0.9698845
135,2072,0.2137337,-0.2536492,-0.082500674,-0.23795342,-0.6713864,-0.22286193,-0.29245895,0.38430485,0.23776613,0.77304274,0.32818714,-0.089718826,-0.008002106,0.07592566,-0.48490798,0.28156137
135,2091,0.33877313,-0.6306401,-0.32117355,-0.09278158,-0.20078179,-0.21771564,0.42689878,0.32138345,0.7710225,-0.117646456,0.31370285,-0.3273952,-0.2679582,-0.05950181,0.08933764,0.10592629
135,2093,-0.5094452,-0.7623365,-0.15088803,-0.6449971,0.36319512,0.35150415,0.6097807,-1.8465612,-1.2722946,0.17889048,1.6433918,1.2611012,-0.57877123,-0.17855257,0.6735505,-0.12103361
135,2101,-0.09011426,0.16581544,-0.8346261,-0.53358305,-0.06566525,-0.015854403,0.06567319,0.42395404,1.056238,-0.4347954,-0.18552598,0.17506605,-0.43898487,0.23974872,0.1368652,0.68198836
135,2103,0.06667816,0.44134668,-0.08927096,0.34296173,0.28854722,0.11324002,-0.55953765,-0.23044795,-0.25066358,-0.06979464,-0.68662834,0.062617145,-0.6111631,-0.540165,0.16708736,-0.14852896
135,2109,-0.49290305,-0.80524373,-0.13241357,-0.6308405,0.4802882,0.3405562,0.6816892,-1.9150772,-1.2392156,0.06850597,1.680301,1.3048421,-0.61113393,-0.15223019,0.82313496,-0.16077262
135,2136,0.24011159,-0.819798,-0.1261768,0.19181052,-0.27032575,-0.24074674,0.4899916,-0.10813321,0.41208017,0.084050134,0.37448496,-0.76568806,0.03909681,-0.3938209,-0.20370403,-0.14672135
135,2148,0.17649043,0.21850556,-0.08468386,0.32913804,0.2581699,0.16881482,-0.68568677,-0.25314954,-0.13560016,-0.042334065,-0.67991865,0.14889726,-0.6189312,-0.6361017,0.10512942,-0.49095708
135,2153,-0.15380982,0.24187791,0.3870987,-0.07879739,-0.09115712,0.36147434,0.7266116,0.67117345,-0.36886302,-0.47019514,-0.0016051829,0.23408571,0.8186369,0.43280253,-0.2731966,-0.26549774
135,2157,0.060714163,0.37217838,0.60417354,0.53077805,0.20021847,-0.5537183,-0.43039,-0.11616122,-0.29617113,0.577504,-0.035232835,-0.60429126,0.027950397,0.21907923,0.20330632,0.6782701
135,2165,-0.09961158,0.57622164,-0.27940607,0.13289785,0.120878994,0.3536191,0.20860334,0.11028388,-0.586211,-0.22961606,-0.3584404,0.03621889,-1.035214,-0.5474024,0.20097685,0.61396945
135,2180,0.23160782,-0.82527184,-0.12986511,0.19926816,-0.2712377,-0.2411869,0.4905594,-0.12833339,0.40971187,0.08649124,0.36841398,-0.7867788,0.05021797,-0.4071776,-0.21713367,-0.15323313
135,2191,-0.49290308,-0.80524385,-0.13241357,-0.6308404,0.4802882,0.3405562,0.68168914,-1.9150772,-1.2392155,0.06850596,1.6803007,1.3048422,-0.61113375,-0.15223019,0.82313496,-0.16077262
135,2197,-0.067644924,0.19079575,0.24693525,0.4496466,0.17522198,-0.39375496,-0.421713,-0.5016897,-0.15590563,0.3284925,-0.26604047,-0.7157814,0.21429873,-0.10229449,0.0019318312,0.18274295
135,2201,0.32076633,-0.6716011,-0.27307403,-0.034577034,-0.22635025,-0.21566027,0.4433365,0.24063194,0.66477233,-0.06705282,0.33422998,-0.41184458,-0.20609486,-0.13512117,0.021753985,0.049660265
135,2206,0.08118462,-0.003056109,-0.55768615,-0.40928864,-0.15795936,-0.116052635,-0.013868347,0.4374034,0.91004217,-0.15921976,-0.025466658,0.14860326,-0.35821536,0.23278037,0.09415603,0.49001005
135,2212,0.2854286,-0.7443527,-0.31437507,-0.011752628,-0.3021108,-0.20642811,0.54925084,0.19743896,0.62918824,-0.02950421,0.37273192,-0.5620704,-0.18868032,-0.24031168,-0.092905425,0.08449608
135,2217,-0.13316928,0.22953545,-0.7425077,-0.5260259,-0.11717391,-0.005996622,-0.096018195,0.3454592,0.8827484,-0.27942753,-0.20591155,0.22936219,-0.3137898,0.24389562,0.021809094,0.5998209
135,2218,0.2721133,-0.07091545,0.11649691,0.4236342,0.3078759,-0.004383728,-0.9852174,-0.43740785,0.16565615,0.0048237517,-0.77211356,0.05916018,-0.027592685,-0.51608944,-0.0025489107,-1.180356
135,2224,0.21777481,0.092362665,0.7028875,0.48660424,0.040472485,-0.538487,-0.30528244,0.09984258,-0.28879854,0.7419973,0.30568075,-0.5504385,-0.081159234,0.26517656,0.17567445,0.68010277
135,2239,-0.12073751,0.07142298,-0.010343309,-0.44672143,0.6142171,-0.09011503,-0.28208342,-0.46217912,0.344832,-0.36511075,0.28833103,1.0362983,0.120586246,0.72318006,0.8573881,-0.23135073
135,2240,0.07131464,-0.10356074,0.031236216,0.3962966,0.23021127,-0.15240547,-0.69506043,-0.67740524,0.114556,0.040395048,-0.5902542,-0.36778566,0.23540986,-0.43383965,-0.086393036,-0.8268879
135,2249,-0.33503276,0.44806957,-0.27979198,-0.74126655,-0.863499,0.045914263,-1.2241021,0.08835676,-0.10888103,1.1669117,-0.07234922,0.6190423,0.47461185,0.35779405,-1.0873945,0.22346628
135,2258,0.22586173,-0.6450917,0.03190899,0.26373738,-0.21264552,-0.33554322,0.11947389,-0.29883438,0.25757787,0.27518627,0.2705878,-0.68532646,0.1394627,-0.34573683,-0.21749038,-0.26470232
135,2263,-0.4703899,0.7557809,-0.19107702,0.32227117,0.30003193,-0.107504085,-0.14720386,-0.59094036,-0.37739277,-0.21892057,-0.6348174,-0.56414455,0.22086486,-0.20863163,0.041395955,0.40557203
135,2264,0.5827185,-0.22643971,0.5237134,0.008325465,-0.34070054,0.86418104,0.32194763,1.2581861,-0.36393413,-0.084153816,-0.11555217,0.88363266,-0.55026644,-0.15299404,-0.28179318,-0.8219617
135,2270,0.081913956,-0.04867246,-0.5550658,-0.35020018,-0.17716634,-0.117940634,0.065022215,0.40223464,0.8379449,-0.17891854,-0.011848569,0.028977118,-0.3681998,0.13365737,0.07724808,0.49137288
135,2277,0.2721133,-0.07091547,0.1164969,0.42363423,0.30787587,-0.0043837205,-0.98521745,-0.43740782,0.16565615,0.0048237517,-0.77211356,0.059160165,-0.027592685,-0.51608944,-0.0025489032,-1.180356
135,2280,0.09154364,-0.06525224,-0.599109,-0.37786463,-0.18873505,-0.11700272,0.10197149,0.44172582,0.8983768,-0.20022212,-0.0020333081,0.024220966,-0.40335104,0.14196303,0.0819456,0.5306115
135,2286,0.5282904,-0.3999054,0.6260769,-0.12341715,-0.35614437,-0.46668404,-0.6960517,0.18560016,-0.00482729,0.9452172,0.6897859,0.5417921,0.4146165,0.57781494,0.0072567984,-0.4834694
135,2288,-0.09894046,0.11167406,-0.00093008205,-0.42565006,0.60864186,-0.11299111,-0.32957038,-0.38686657,0.41345412,-0.37733614,0.21470466,1.0014117,0.1565313,0.7499399,0.84405375,-0.2341219
135,2293,-0.010526933,-0.060437582,-0.00399906,0.3921581,0.2042843,-0.19921668,-0.6049335,-0.75308883,0.063440055,0.06521331,-0.55151033,-0.5231334,0.3059822,-0.41568872,-0.12162984,-0.6552908
135,2306,0.15894938,-0.08915029,0.44850537,0.42494142,-0.009554051,-0.45309556,-0.2510307,-0.15033625,-0.14949727,0.5721529,0.18934649,-0.61396825,0.033950996,0.035710454,0.022064816,0.32609493
135,2314,0.49296218,-0.36645928,0.5852259,-0.14253756,-0.42929688,-0.44562417,-0.7159742,0.20550683,-0.03230092,1.012787,0.66540563,0.49921772,0.40046087,0.53829575,-0.09244884,-0.4073295
135,2327,-0.25110507,0.2676245,0.2971024,-0.076960064,-0.07119391,0.3275892,0.7474628,0.513885,-0.37605438,-0.48251185,-0.0014369041,0.101109244,0.8501258,0.39765963,-0.27603242,-0.15509021
135,2332,0.41548708,-0.09972266,0.6009033,-0.047182865,-0.28897545,0.7185868,0.51334167,1.2552629,-0.38569766,-0.21560004,-0.018853307,0.8058267,-0.06392312,0.12970683,-0.26858267,-0.7087581
135,2339,0.281375,-0.7482457,-0.13931832,0.10780662,-0.28105596,-0.23772562,0.44574726,0.052213863,0.45324254,0.08464457,0.38980412,-0.60036874,-0.060383383,-0.28292763,-0.12508258,-0.05883175
135,2348,0.099090524,0.14495045,0.5262583,-0.056073137,-0.1360537,0.41978008,0.57576025,0.9320096,-0.3480329,-0.36728808,-0.009845197,0.50683403,0.51703674,0.3717129,-0.2106067,-0.453703
135,2350,0.5896813,-0.47304496,0.47492164,-0.05459679,0.076998964,-0.4819883,-0.34436488,0.18429619,0.46369743,0.26941296,0.573652,0.5324274,0.1923054,0.61255896,0.5462527,-0.52202183
135,2355,0.17447165,-0.3378522,-0.35736796,-0.18843612,-0.45706126,-0.17160705,0.10489647,0.35376504,0.54853964,0.24710013,0.19773504,-0.2942683,-0.23162383,-0.085994095,-0.25883433,0.3650046
135,2385,-0.056720037,0.13498028,-0.763412,-0.4915045,-0.04873912,-0.03941153,0.055946037,0.4062852,1.021959,-0.41175008,-0.15807864,0.17254084,-0.4146097,0.2422007,0.16617613,0.6226018
135,2411,0.29990724,-0.1272533,0.12691686,0.4145702,0.2966096,0.0070920438,-0.981606,-0.41754186,0.19067053,0.009143721,-0.73982507,0.08613544,-0.05503552,-0.518932,-0.00042404234,-1.2166821
135,2421,0.12183153,-0.10006855,-0.5571001,-0.34179014,-0.15980116,-0.13423364,0.12375493,0.43061748,0.8925467,-0.21744859,0.020097211,0.009401381,-0.39441553,0.13916534,0.12657088,0.48596522
135,2431,0.010035478,-0.5108634,-0.08548851,0.3105257,-0.14864117,-0.27181435,0.043042675,-0.5577737,0.17872515,0.20334767,0.022016063,-0.88721406,0.27362254,-0.44776335,-0.32014787,-0.24837385
135,2451,-0.13643491,-0.0694708,0.023293383,-0.44469953,0.62591994,-0.057180405,-0.15008414,-0.65367824,0.139483,-0.31780106,0.49068743,1.0727714,0.042662904,0.62541723,0.901927,-0.2671761
135,2454,-0.56345785,0.4184716,-0.02623029,-0.016405828,0.030670706,0.22336875,0.7126542,-0.070719376,-0.42902118,-0.5067577,-0.12655567,-0.35486257,0.8911943,0.20778641,-0.28478754,0.1742574
135,2465,0.52758956,-0.20737132,0.39152205,0.049958825,-0.29124874,0.7448293,0.15425323,1.0004646,-0.29350024,-0.034224242,-0.15948546,0.7338216,-0.6320664,-0.25648594,-0.22169101,-0.71170956
135,2470,-0.43697143,0.8664328,-0.1597301,0.38020575,0.3646629,-0.10903228,-0.2303766,-0.5647173,-0.41977018,-0.2073455,-0.74146307,-0.51791245,0.11753975,-0.23108745,0.09454058,0.42353466
135,2477,-0.30255568,0.7833415,-0.107156895,0.36711246,0.34405372,-0.08967018,-0.3047186,-0.43292236,-0.37142992,-0.1605769,-0.69760865,-0.35183004,-0.061734904,-0.2560082,0.14623253,0.34210038
135,2483,-0.17774236,0.24202493,0.34756872,-0.072588764,-0.08271671,0.3336141,0.69814396,0.5963863,-0.35595995,-0.4586698,-0.0046672374,0.18472159,0.8031566,0.40459666,-0.26242322,-0.22668056
135,2486,-0.0636369,0.097842485,0.13376635,0.42686984,0.18698736,-0.3210231,-0.480129,-0.6255376,-0.0754426,0.21918248,-0.38026094,-0.6668329,0.2651931,-0.228634,-0.051866204,-0.13028942
135,2487,0.2826289,-0.76443636,-0.16662717,0.09265259,-0.30275008,-0.23768315,0.47506458,0.07371211,0.47682053,0.087662876,0.4027534,-0.6173876,-0.079181716,-0.28901199,-0.14101943,-0.029271815
135,2491,-0.13900599,0.6557734,-0.087792955,0.3653424,0.3291798,-0.0078590065,-0.4231426,-0.33103293,-0.32353693,-0.117774665,-0.70336217,-0.16560629,-0.3100305,-0.37095279,0.16787988,0.14527908
135,2492,0.20778841,-0.42897823,-0.40943867,-0.17349571,-0.36783433,-0.17029126,0.26058924,0.34957328,0.66033757,0.066344485,0.21563873,-0.32697842,-0.2778207,-0.097986564,-0.14059028,0.32040796
135,2497,0.1396814,0.52560425,-0.4291053,0.10031617,0.06830386,0.5558651,0.19671248,0.33786133,-0.7023553,-0.15418331,-0.32464474,0.3016617,-1.9955382,-0.91789556,0.3548653,0.7939382
135,2500,0.17524546,0.46983907,0.9249794,0.60491353,0.22018974,-0.65627205,-0.4050487,0.25261545,-0.41058657,0.7893151,0.20567343,-0.5317034,-0.1423615,0.49367538,0.38108945,1.098294
135,2515,0.17266992,0.1021782,0.5745916,-0.062057428,-0.17244783,0.50124675,0.5982519,1.055241,-0.3753188,-0.35060877,-0.007181287,0.60223734,0.4238196,0.3492347,-0.23077297,-0.5271582
135,2516,-0.1842537,0.3026447,-0.62515473,-0.59555614,-0.33471492,0.009423181,-0.41222352,0.29647756,0.6280889,0.12529847,-0.19027537,0.34434307,-0.10810493,0.27662396,-0.29839596,0.5102616
135,2527,-0.47811913,-0.46382764,-0.17013186,-0.7011757,-0.03103399,0.28490317,0.091425434,-1.3662343,-1.0628426,0.55107534,1.260828,1.1221611,-0.2770451,-0.04895091,0.13109945,-0.04094536
135,2528,0.2865071,-0.70413154,-0.31669956,-0.023620553,-0.25910425,-0.19760528,0.516528,0.2067844,0.64648616,-0.07698251,0.33795592,-0.50412536,-0.19665828,-0.20505445,-0.04091607,0.072577946
135,2540,-0.31043193,0.29591042,0.2615211,-0.0802174,-0.058347665,0.3213315,0.79350156,0.45692745,-0.3963423,-0.50313705,0.0049898177,0.03755056,0.8808521,0.3971975,-0.2787149,-0.08379549
135,2579,-0.48131317,-0.79238945,-0.13071957,-0.61328137,0.48790768,0.33159882,0.6781524,-1.8884907,-1.2106475,0.04892872,1.6478629,1.2811571,-0.61229295,-0.1548521,0.8294854,-0.15870869
135,2582,-0.14044699,0.030938767,-0.019948706,-0.46714234,0.61996406,-0.067395106,-0.23379134,-0.5347937,0.27824277,-0.35382712,0.3608724,1.0705495,0.0820019,0.6951648,0.87157243,-0.2282251
135,2583,0.1543448,0.15000549,0.054387838,0.39650083,0.30314127,-0.01977092,-0.8638874,-0.40984172,0.031900525,-0.018799812,-0.76406777,0.011887051,-0.06386779,-0.47390914,0.03266034,-0.82729506
135,2603,-0.42482698,0.35198522,0.15513694,-0.0658839,-0.020567996,0.27669108,0.8034852,0.26746815,-0.41569233,-0.51438934,-0.013032153,-0.12032997,0.8879894,0.34589982,-0.26496765,0.06773437
135,2614,-0.33618125,0.31772533,0.23989749,-0.07422594,-0.04449909,0.30681384,0.79322463,0.4168792,-0.40254948,-0.5049212,-0.00040228665,0.0030505508,0.87275827,0.38703337,-0.26634732,-0.036966253
135,2624,0.5602227,-0.4334778,0.66518056,-0.09379109,-0.24675894,-0.4867245,-0.655981,0.14700261,0.029100267,0.82901144,0.70729154,0.5881601,0.42732513,0.6185677,0.1467426,-0.5768503
135,2631,-0.49598122,0.35377342,0.05232986,-0.05036228,-0.010624407,0.2554453,0.7618765,0.08129889,-0.41184905,-0.50863874,-0.05814202,-0.24682814,0.90988314,0.26936054,-0.29584137,0.09559763
135,2634,-0.29163238,0.42029276,-0.43208313,-0.66600674,-0.65189874,0.042033955,-0.9039102,0.16316414,0.17816652,0.7349348,-0.17552589,0.4816636,0.22862254,0.28372636,-0.79312843,0.3524275
135,2639,-0.56237024,0.41507754,-0.06400493,0.0025241375,0.041085675,0.19194432,0.63505805,-0.14962018,-0.4076311,-0.4779691,-0.15433897,-0.3892757,0.84165907,0.15756693,-0.26845965,0.18390203
135,2646,0.2737499,-0.70042163,-0.29761958,-0.005824104,-0.27123144,-0.20006433,0.5077729,0.17916366,0.6048561,-0.04832945,0.34108827,-0.5263044,-0.17644554,-0.22625098,-0.066876076,0.066910125
135,2658,0.17330521,0.21437815,-0.089674726,0.32031924,0.24908853,0.17150532,-0.6673041,-0.24493513,-0.13838705,-0.043530703,-0.66230166,0.14905447,-0.62784153,-0.6327919,0.10612599,-0.46928066
135,2665,0.35009745,-0.7011795,-0.27209938,-0.042328663,-0.21869366,-0.22465761,0.4589243,0.26909193,0.71023846,-0.077034146,0.35361654,-0.39827788,-0.21939126,-0.11207524,0.048284713,0.039742444
135,2668,-0.53561324,0.44393578,-0.110299155,0.05809424,0.077961706,0.13569652,0.45402068,-0.26524508,-0.37712115,-0.4196852,-0.24722032,-0.42127377,0.7185459,0.063512385,-0.22158346,0.18542095
135,2672,0.5793558,-0.24088898,0.4803158,0.021214493,-0.33488002,0.8378442,0.2610014,1.1811732,-0.33644378,-0.058298785,-0.12654252,0.84377205,-0.5998046,-0.19953181,-0.2686351,-0.80293834
135,2679,0.15894938,-0.08915027,0.44850534,0.42494142,-0.009554049,-0.45309561,-0.2510307,-0.15033625,-0.14949727,0.5721529,0.18934649,-0.6139683,0.033950996,0.03571044,0.022064809,0.32609493
135,2683,0.27843294,-0.6996011,-0.2965663,-0.007798493,-0.2635483,-0.19985469,0.50443006,0.18354908,0.6126679,-0.056348097,0.33872956,-0.5160537,-0.17842309,-0.21821338,-0.0557388,0.06166848
135,2686,0.27120963,0.4482968,1.1287261,0.6565041,0.21046484,-0.71355855,-0.3817577,0.4658747,-0.47368386,0.9480198,0.3914547,-0.5355969,-0.21553823,0.6458484,0.45506117,1.2872645
135,2696,-0.1195173,0.22085905,0.39184663,-0.07168066,-0.094963126,0.34834313,0.67250437,0.67273057,-0.3469561,-0.4446413,-0.0061177164,0.25593,0.77270913,0.41316298,-0.25857833,-0.290358
135,2708,0.17518696,0.0954834,0.07641299,0.4037947,0.30122364,-0.027604595,-0.89635473,-0.4218655,0.07264886,-0.013865337,-0.7670207,0.0093528405,-0.0109687485,-0.46929947,0.016234431,-0.92399883
135,2711,-0.33095765,0.44735327,-0.31282005,-0.754346,-0.8384899,0.047217265,-1.1894993,0.110826045,-0.048814986,1.1130954,-0.07870636,0.6243751,0.4417322,0.371785,-1.0483159,0.24937034
135,2736,0.288663,-0.23080313,-0.30447748,-0.22798079,0.0035790587,-0.23434523,0.10276951,0.41543844,0.9290674,-0.23722273,0.13300839,0.10421956,-0.31514788,0.26745144,0.37351987,0.23244484
135,2749,0.2625693,0.39710277,1.0601873,0.6063065,0.18445845,-0.6566187,-0.3476742,0.46708694,-0.44329616,0.878613,0.3982563,-0.48321325,-0.21623102,0.60609365,0.43831173,1.203864
135,2759,-0.4959812,0.35377342,0.052329868,-0.05036231,-0.010624407,0.25544536,0.76187646,0.08129889,-0.411849,-0.50863874,-0.05814203,-0.24682814,0.90988314,0.26936054,-0.2958414,0.09559765
135,2764,0.28581208,-0.1687667,0.14097393,0.41528207,0.28911105,-0.044573434,-0.9358725,-0.4634174,0.20830618,0.019721542,-0.6864089,0.023363583,0.01622174,-0.47684526,0.00094849616,-1.1942198
135,2772,0.46385688,-0.13310018,0.6066387,-0.042379104,-0.30959058,0.7731417,0.5007577,1.3033158,-0.39210555,-0.19545497,-0.031364664,0.8515433,-0.1596204,0.08466102,-0.28201205,-0.75504446
135,2779,0.22304583,-0.0009197742,0.10116486,0.4110872,0.29933086,-0.024087623,-0.93828434,-0.43340972,0.12876764,-0.0035255589,-0.76061535,0.026190959,0.0057735927,-0.4833771,0.0018604249,-1.0639279
135,2780,-0.032917723,0.11410265,-0.7211188,-0.47726077,-0.07069691,-0.05299835,0.03276868,0.4101878,0.99623644,-0.35699326,-0.13543117,0.1743159,-0.39935914,0.24347743,0.14799713,0.5948573
135,2788,-0.39254057,0.35053402,0.2019459,-0.07131005,-0.029560922,0.30395234,0.82461184,0.35285845,-0.42436212,-0.52409005,-0.012082383,-0.060588263,0.90341085,0.37836143,-0.27475265,0.01830538
135,2794,-0.32069612,0.81036,-0.11422359,0.37497595,0.3550016,-0.0916215,-0.299209,-0.44955435,-0.3859639,-0.16696712,-0.71462333,-0.3728701,-0.05331586,-0.2572081,0.14626716,0.3642975
135,2795,-0.2869686,0.603925,-0.5744675,-0.6682538,0.22097263,0.027844563,-0.57733154,0.17600533,0.8895929,-0.336983,-0.39601678,0.83267814,3.0733645e-05,0.69557214,0.24644509,0.3519925
135,2805,0.20237458,-0.7037492,-0.055413473,0.23419036,-0.23900035,-0.28484282,0.28254896,-0.24067616,0.31073898,0.18085782,0.2965306,-0.73820263,0.10580164,-0.3869443,-0.23066983,-0.20498541
135,2809,-0.21480703,0.7230337,-0.09513505,0.3694441,0.3424351,-0.041843534,-0.36927515,-0.37398675,-0.3490881,-0.14028864,-0.7076843,-0.2466506,-0.202313,-0.31914023,0.1612759,0.23818806
135,2813,0.26968163,-0.7502076,-0.23441276,0.048085436,-0.32615465,-0.22551924,0.51175797,0.1223042,0.52149373,0.06324181,0.39639336,-0.6148193,-0.12565675,-0.2847851,-0.1499196,0.04373059
135,2818,0.17326835,0.20356427,-0.07686812,0.3261829,0.2529039,0.15362333,-0.68916875,-0.26347002,-0.12099466,-0.039909355,-0.67081034,0.13723966,-0.5733469,-0.62037444,0.09732303,-0.50993055
135,2832,-0.23363698,0.57094383,-0.48282194,-0.68655294,0.30889806,-0.015507214,-0.60679364,0.17391625,0.9386944,-0.36090702,-0.328985,0.95358306,0.069109894,0.8329139,0.38306957,0.2469168
135,2840,0.28069347,-0.5551488,-0.38899505,-0.12705332,-0.22193855,-0.18981868,0.41372108,0.3240669,0.76141876,-0.13608456,0.25973842,-0.32757092,-0.29178005,-0.0772537,0.05185967,0.18876141
135,2849,0.18902269,0.052544132,0.08687444,0.4009509,0.29347596,-0.032245114,-0.90069866,-0.42510116,0.09725514,-0.0106211305,-0.7509657,0.008435845,0.011322364,-0.46428096,0.008703165,-0.9698845
135,2850,0.006411426,-0.60800886,-0.14150645,0.30264536,-0.16029389,-0.24283272,0.122557744,-0.5768577,0.23537655,0.14197212,0.042610615,-0.92779887,0.28561303,-0.49952793,-0.3464723,-0.3149252
135,2858,0.28655395,-0.87556726,-0.11400519,0.18826991,-0.27290678,-0.25008154,0.5183333,-0.06878981,0.45110387,0.084373966,0.4151721,-0.75484335,0.023539577,-0.37445346,-0.18059689,-0.16959716
135,2861,0.17104602,-0.1415197,0.07957451,0.40545034,0.25818264,-0.10180336,-0.80445486,-0.5851279,0.15978278,0.029906195,-0.6326483,-0.18951473,0.13275053,-0.45581505,-0.0451553,-1.0010861
135,2867,0.3387732,-0.6306401,-0.32117355,-0.09278158,-0.2007818,-0.21771564,0.42689872,0.3213835,0.77102244,-0.117646456,0.31370285,-0.32739523,-0.26795822,-0.05950181,0.08933765,0.10592631
135,2878,-0.4525679,0.35605156,0.1380471,-0.07060445,-0.021573251,0.28442985,0.83173674,0.2422688,-0.4261958,-0.52802366,-0.012653977,-0.14877306,0.9211162,0.34606633,-0.28259748,0.0780271
135,2881,0.066678144,0.44134665,-0.08927096,0.34296173,0.28854722,0.11324003,-0.55953765,-0.23044795,-0.25066358,-0.06979464,-0.68662834,0.062617145,-0.6111631,-0.54016495,0.16708736,-0.14852896
135,2886,-0.19551623,0.5481565,-0.41991782,-0.697334,0.37974435,-0.046543762,-0.6225397,0.17235625,0.97988683,-0.38958442,-0.28402603,1.0388612,0.113533996,0.9307661,0.4899891,0.17357309
135,2897,-0.11228352,0.19257651,-0.8165866,-0.51630634,-0.047592968,-0.008801587,0.0414422,0.38581446,1.0117552,-0.43899053,-0.20685521,0.17797789,-0.41370803,0.23019525,0.13635346,0.6610563
135,2898,-0.11744332,0.29627848,-0.12800874,-0.5032382,0.54831046,-0.10979624,-0.4733709,-0.14986694,0.66345316,-0.40574858,-0.013234869,1.0046691,0.18168263,0.8499837,0.73578405,-0.111328505
135,2904,0.57118225,-0.45590833,0.5064978,-0.037885793,0.07579056,-0.47976464,-0.3798334,0.14025259,0.39250967,0.2956249,0.56956446,0.53711903,0.23139073,0.6016344,0.52698785,-0.55319744
135,2914,-0.2594531,0.5338385,-0.24553189,0.2062594,0.16871247,0.19895436,0.010861024,-0.25542042,-0.4229923,-0.24394313,-0.5085505,-0.23155253,-0.300827,-0.40807897,0.021274582,0.2667219
135,2928,0.1729162,-0.35852295,-0.38174444,-0.16363591,-0.37219173,-0.16465485,0.18675737,0.31676468,0.58549845,0.105013266,0.18032175,-0.30554932,-0.2519567,-0.10234533,-0.16523841,0.32670948
135,2939,0.32981727,-0.6486964,-0.2859314,-0.054251187,-0.19356173,-0.21427059,0.42971575,0.26891208,0.7122212,-0.108744174,0.3156239,-0.3626079,-0.22673404,-0.09395182,0.07260412,0.0557299
135,2956,0.322287,-0.8408967,-0.11955639,0.1340988,-0.27627388,-0.24720241,0.4984098,0.042415008,0.48511216,0.07818152,0.43196934,-0.64484453,-0.04255252,-0.29858583,-0.12047916,-0.1212121
135,2961,-0.05377828,0.13191897,-0.7303911,-0.46688145,-0.042066425,-0.04472062,0.044693395,0.38362923,0.9845401,-0.39958414,-0.15551093,0.16482905,-0.39571768,0.23173356,0.16872013,0.5941184
135,2962,0.10475425,-0.11507977,0.047383048,0.402561,0.24208297,-0.13611889,-0.73685324,-0.65233845,0.12946843,0.03876325,-0.6105213,-0.31179023,0.20223977,-0.44477102,-0.07468831,-0.8902831
135,2966,0.022003964,-0.41406724,-0.02158848,0.31969202,-0.13026483,-0.30402523,-0.047622904,-0.5376814,0.124050915,0.26413485,0.0016074777,-0.83306205,0.26113322,-0.3894494,-0.28511134,-0.19576462
135,2968,0.24094617,-0.13630518,0.29049346,-0.2355862,-0.76822627,-0.28935373,-0.7749753,0.27010843,-0.1688066,1.2400311,0.4448756,0.23589125,0.31249085,0.2731773,-0.60245085,0.0124211395
135,2985,0.3293777,-0.6452236,-0.3082106,-0.06875124,-0.19393116,-0.21172039,0.44044542,0.28565118,0.73815006,-0.1237296,0.31250745,-0.35771766,-0.24299756,-0.087013006,0.0783968,0.07575163
135,2986,-0.21179909,-0.40045884,0.036109425,-0.50870085,0.6480514,0.054793462,0.18591426,-1.1329452,-0.34037662,-0.20732678,1.0068235,1.2283114,-0.19044025,0.4076287,0.9991541,-0.30193344
135,2990,0.32981724,-0.6486964,-0.28593138,-0.05425117,-0.19356173,-0.21427059,0.42971575,0.26891208,0.71222126,-0.108744174,0.3156239,-0.3626079,-0.22673407,-0.09395182,0.07260412,0.055729892
135,3008,0.15667522,0.26156145,-0.105160676,0.31334454,0.24829216,0.18017213,-0.6167329,-0.21842903,-0.17766044,-0.051684804,-0.6483624,0.15034443,-0.6894513,-0.6295089,0.12780616,-0.36403292
135,3009,0.14279583,-0.13691708,0.38370183,0.4101372,-0.02359031,-0.43108588,-0.22929192,-0.20799765,-0.11073511,0.5277089,0.16101411,-0.6378068,0.06488441,-0.022714086,-0.018285953,0.24295855
135,3016,-0.6377252,0.45413965,-0.12028401,0.0068268403,0.060514897,0.1831189,0.6691589,-0.24573652,-0.43204638,-0.49928567,-0.1683284,-0.47938943,0.8766845,0.14008334,-0.27754158,0.2603426
135,3019,0.21509925,-0.48302856,0.123861246,0.28390983,-0.14481361,-0.3699179,-0.1277977,-0.37437665,0.1612325,0.33972856,0.17659074,-0.5576856,0.17468932,-0.27562565,-0.16901559,-0.3230365
135,3023,-0.36369744,0.3579585,-0.26644975,-0.7490844,-0.7990586,0.074194655,-1.114259,-0.06993301,-0.2252498,1.1344993,0.07265882,0.6786528,0.42537996,0.32705012,-0.9918025,0.19259962
135,3025,0.15667522,0.26156148,-0.105160676,0.31334454,0.24829216,0.18017213,-0.6167329,-0.21842903,-0.17766044,-0.051684804,-0.64836246,0.15034443,-0.6894513,-0.6295089,0.12780616,-0.36403292
135,3026,-0.42103,0.85314775,-0.15051553,0.3757773,0.35819063,-0.11405702,-0.23641865,-0.54652774,-0.410873,-0.19828613,-0.72640854,-0.50076056,0.101050615,-0.22722915,0.10267792,0.42252868
135,3042,0.10007534,0.40965432,0.72170055,0.55677265,0.20849107,-0.5872597,-0.41511795,0.024134248,-0.34420845,0.65557873,0.059341416,-0.57756674,-0.04464444,0.32135364,0.27285573,0.845941
135,3057,-0.4525679,0.35605156,0.1380471,-0.070604436,-0.021573251,0.28442985,0.83173674,0.24226883,-0.4261958,-0.52802366,-0.012653977,-0.14877306,0.9211162,0.34606633,-0.28259748,0.0780271
135,3059,-0.19551626,0.5481565,-0.41991782,-0.697334,0.37974432,-0.046543762,-0.6225397,0.17235625,0.97988683,-0.38958445,-0.28402603,1.0388612,0.113534,0.930766,0.4899891,0.17357309
135,3074,-0.25089782,0.5770458,-0.20558673,0.1372377,0.13712448,0.258125,0.24720834,-0.03315136,-0.51824015,-0.2883929,-0.36661875,-0.12812749,-0.4340786,-0.33361474,0.07773117,0.4751366
135,3075,0.15036362,-0.12416441,-0.55350655,-0.3513034,-0.15322596,-0.14714693,0.13636,0.4607323,0.93953806,-0.22203694,0.04227753,0.026621781,-0.4087047,0.16696224,0.15462245,0.48353896
135,3078,-0.09894046,0.111674055,-0.0009300839,-0.42565006,0.60864186,-0.1129911,-0.32957038,-0.38686654,0.4134541,-0.3773361,0.21470469,1.0014118,0.1565313,0.7499399,0.84405375,-0.2341219
135,3088,-0.6365604,0.4527792,-0.11763212,0.0044239536,0.061308287,0.17608173,0.67213064,-0.2405523,-0.42884278,-0.49681997,-0.15573154,-0.47738722,0.866476,0.14425874,-0.26666224,0.2767965
135,3105,-0.13287072,0.54919976,-0.30759707,0.16888653,0.13936478,0.32111907,0.094782844,-0.04719855,-0.532551,-0.21968745,-0.44207287,-0.05158993,-0.8828197,-0.5735917,0.14197958,0.47769508
135,3106,0.020085804,0.6210231,-0.37759545,0.12235177,0.11874339,0.47722244,0.24359055,0.25981113,-0.70866024,-0.19953474,-0.3467586,0.18787113,-1.6818523,-0.7712754,0.33539462,0.83744156
135,3117,0.21509928,-0.4830285,0.123861246,0.28390983,-0.14481361,-0.3699179,-0.1277977,-0.37437665,0.1612325,0.33972856,0.17659071,-0.55768555,0.17468931,-0.27562565,-0.16901556,-0.3230365
135,3126,-0.49327984,0.36750132,0.09784907,-0.06709548,-0.014769742,0.27998966,0.8378574,0.17222929,-0.43428725,-0.53556085,-0.02668646,-0.20516866,0.94301265,0.3251424,-0.29628018,0.10455415
135,3135,0.3079021,-0.17102787,0.14657149,0.41780946,0.29389805,-0.023231804,-0.96607995,-0.43908954,0.21322572,0.018726256,-0.7052752,0.06355452,-0.01852883,-0.49366757,0.003487505,-1.2326885
135,3152,-0.30972052,0.60907614,-0.60794646,-0.6421015,0.1679508,0.046360508,-0.5582163,0.16550416,0.83688486,-0.31179792,-0.41898534,0.7521025,-0.030753572,0.6081728,0.16838714,0.39605504
135,3154,0.058723442,-0.095773764,0.02554148,0.39050528,0.22395456,-0.15780765,-0.6754863,-0.6789327,0.10745795,0.039659712,-0.5777743,-0.38132086,0.24310625,-0.4256448,-0.08706657,-0.7942995
135,3157,-0.45557737,0.6680011,-0.19884893,0.29256976,0.26425368,-0.07217149,-0.13239413,-0.5853317,-0.340175,-0.23413505,-0.60340655,-0.5368484,0.2741458,-0.21345784,-0.0051665604,0.2925829
135,3171,-0.06468676,0.5587668,-0.3497167,0.15338956,0.124075435,0.4040621,0.13331376,0.05911079,-0.5964645,-0.21155922,-0.42804027,0.044133924,-1.1980051,-0.67976046,0.19314918,0.5648648
135,3172,0.25979763,-0.71924853,-0.19468108,0.0699616,-0.305966,-0.22731681,0.4633726,0.088718414,0.47578138,0.07549511,0.37830406,-0.5963025,-0.09777509,-0.28110927,-0.14140826,0.013716203
135,3175,0.34803662,-0.8775245,-0.06828089,0.17476708,-0.24154082,-0.25971082,0.47700924,-0.00446409,0.476907,0.07651073,0.43532306,-0.6511106,-0.0016057827,-0.30055758,-0.10011063,-0.20845428
135,3212,0.3016656,0.36432964,1.1390957,0.62102056,0.17025954,-0.6672454,-0.3104078,0.5623503,-0.48346004,0.9525704,0.5125133,-0.48943138,-0.2798011,0.6641742,0.47042814,1.3126096
135,3213,-0.28696856,0.603925,-0.57446754,-0.6682538,0.22097263,0.027844548,-0.57733154,0.17600533,0.8895929,-0.336983,-0.39601678,0.83267814,3.072247e-05,0.69557214,0.24644515,0.3519925
135,3216,0.22364736,0.0090684965,0.1021347,0.41764247,0.3067867,-0.023953214,-0.9489655,-0.43796664,0.1251606,-0.0035156682,-0.775253,0.026317902,0.0042716824,-0.4879516,0.002999641,-1.0700793
135,3218,0.08719761,0.6062494,-0.3975268,0.11775188,0.1087465,0.49621654,0.21718736,0.3170946,-0.7186407,-0.16630112,-0.32573605,0.256027,-1.9126383,-0.843976,0.39337724,0.89363223
135,3224,-0.0077016614,0.08855047,-0.6493256,-0.43993682,-0.10181391,-0.06997153,-0.0031636208,0.39394102,0.9245682,-0.27549574,-0.109172285,0.15993583,-0.3660289,0.22511205,0.113394186,0.54485977
135,3229,0.26458728,-0.723925,-0.31499806,-0.007281691,-0.31095916,-0.20298338,0.5394764,0.18067017,0.6005734,-0.016896054,0.36251283,-0.5732126,-0.1809726,-0.25479275,-0.11318862,0.097915486
135,3251,0.3231248,-0.839535,-0.09388164,0.15420505,-0.25628492,-0.24873242,0.47902822,0.013719946,0.4664181,0.07500698,0.42318958,-0.6429685,-0.019582223,-0.30072343,-0.11077575,-0.15768802
135,3258,0.25688568,0.2553544,0.9036529,0.52856725,0.07375283,-0.6016774,-0.3344676,0.32862756,-0.40041572,0.86971796,0.39823627,-0.49065498,-0.17770094,0.45491526,0.30091617,0.9939889
135,3259,0.2620672,-0.73036164,-0.22148994,0.054205682,-0.3186004,-0.22512281,0.48976916,0.10987723,0.50125074,0.06751807,0.38569713,-0.6045654,-0.11644323,-0.2826056,-0.14698696,0.037672434
135,3260,0.097268306,0.6053903,-0.38940772,0.1304115,0.11244161,0.52036154,0.19630851,0.3228878,-0.71905184,-0.17062944,-0.36387777,0.26568145,-1.89694,-0.85584736,0.37136963,0.83042514
135,3283,0.41548708,-0.099722646,0.6009033,-0.04718288,-0.28897545,0.7185868,0.5133417,1.255263,-0.38569766,-0.21560006,-0.018853307,0.8058267,-0.06392312,0.12970683,-0.2685827,-0.7087581
135,3295,0.034800887,0.5419513,-0.36272702,0.13649157,0.10049008,0.46570206,0.14303811,0.195191,-0.63110685,-0.18339664,-0.39258474,0.16734287,-1.5182122,-0.76834345,0.2602109,0.63224036
135,3300,-0.38306874,-0.6950962,-0.06637634,-0.5685835,0.5806726,0.24060409,0.5637794,-1.6796653,-0.9413314,-0.06736639,1.474983,1.2783035,-0.5104534,0.014913902,0.9426622,-0.2187434
135,3311,0.17810681,-0.33049768,-0.3396714,-0.19938523,-0.4952359,-0.1762953,0.06458746,0.37152275,0.52875763,0.31658012,0.21013546,-0.28669888,-0.21840233,-0.074262075,-0.29934967,0.37908605
135,3315,0.39012125,-0.06361427,0.62343067,-0.053724416,-0.27596706,0.7093427,0.55584985,1.2766987,-0.4012401,-0.24790312,-0.016219586,0.8055903,0.02252153,0.1821298,-0.27217954,-0.70226425
135,3323,0.24846682,-0.8173902,-0.11816087,0.19010311,-0.26753724,-0.24379723,0.48182273,-0.09960517,0.4127702,0.08703649,0.37832195,-0.7505859,0.035383623,-0.3835927,-0.19405499,-0.1500263
135,3330,0.05149001,0.17695196,0.51614773,-0.060748704,-0.12323353,0.4092219,0.61301,0.90409017,-0.3545117,-0.39827412,-0.013837084,0.46683696,0.6068332,0.40687785,-0.22636339,-0.43142176
135,3331,0.3245778,-0.84442437,-0.10066825,0.14844145,-0.2641435,-0.24850832,0.4885229,0.024234205,0.4730016,0.07752915,0.42936355,-0.6456644,-0.026458222,-0.3004889,-0.11448515,-0.14714175
135,3333,-0.44802624,0.8582247,-0.16326737,0.372586,0.35631123,-0.11490665,-0.21429926,-0.5720109,-0.41684783,-0.20953847,-0.7258378,-0.5331994,0.14266542,-0.22105573,0.088094555,0.4330357
135,3334,-0.6274772,0.45138946,-0.121379085,0.012342744,0.061599478,0.17841063,0.6447857,-0.2515757,-0.4255808,-0.4904539,-0.17793114,-0.4751912,0.8613033,0.12989506,-0.2737283,0.24976423
135,3338,0.088581614,-0.24264571,0.20258999,0.36462376,-0.059468433,-0.37137705,-0.18097568,-0.36514992,-0.0030067079,0.3956708,0.06465262,-0.6936892,0.16473319,-0.17880914,-0.1277059,0.0139660975
135,3344,0.18902269,0.05254413,0.08687444,0.40095094,0.29347596,-0.032245114,-0.9006988,-0.42510116,0.09725514,-0.010621142,-0.7509657,0.008435853,0.011322364,-0.46428096,0.008703165,-0.9698845
135,3350,0.20778841,-0.42897817,-0.40943873,-0.17349568,-0.3678343,-0.17029127,0.26058924,0.34957334,0.66033757,0.066344485,0.2156387,-0.32697842,-0.2778207,-0.097986564,-0.14059028,0.320408
135,3363,0.1396394,0.5355219,-0.41692877,0.11114163,0.07684196,0.5531339,0.17914473,0.33450797,-0.69999075,-0.15491705,-0.34621266,0.30088842,-1.9689038,-0.91085386,0.3503689,0.7695121
135,3370,-0.30079314,0.50264496,-0.20277265,0.21788843,0.17130052,0.13200985,-0.040999055,-0.3366709,-0.35218534,-0.24364781,-0.52112937,-0.2984961,-0.024989817,-0.32016787,-0.03292828,0.15008184
135,3394,0.28238657,-0.090813614,0.12105801,0.42317507,0.30620402,-0.0012191162,-0.9891808,-0.43405545,0.17601086,0.0058072247,-0.7665969,0.06621934,-0.03133711,-0.51836693,-0.0033042356,-1.2024009
135,3399,-0.32151714,0.45250064,-0.3948163,-0.73658496,-0.77768403,0.05148898,-1.0736963,0.14888185,0.07126605,0.95356876,-0.14514734,0.56536907,0.3406936,0.32834196,-0.9662096,0.31610158
135,3410,-0.13295487,0.22977796,0.39431944,-0.07650677,-0.094464965,0.35702902,0.7026536,0.6813042,-0.3583957,-0.4577332,-0.0009730309,0.25139335,0.79484016,0.42616883,-0.26547608,-0.28062916
135,3429,0.32937774,-0.64522356,-0.3082106,-0.06875124,-0.19393115,-0.21172039,0.44044542,0.28565118,0.7381501,-0.1237296,0.31250745,-0.35771766,-0.24299753,-0.08701301,0.0783968,0.07575163
135,3432,0.0040695593,0.5956527,-0.34701738,0.12611994,0.116346285,0.4341957,0.21140261,0.22314546,-0.66197103,-0.19466402,-0.34388745,0.15800399,-1.5285966,-0.7160007,0.30907804,0.7706164
135,3435,0.106770314,0.42220375,0.73909706,0.55444705,0.20695476,-0.5906195,-0.4103914,0.058644086,-0.35095015,0.6625298,0.07651068,-0.5565475,-0.06140929,0.34231386,0.28850433,0.8783377
135,3440,-0.007459402,0.5773768,-0.32519308,0.12877145,0.114103325,0.40384263,0.18803863,0.19698521,-0.6280854,-0.19142745,-0.34261912,0.13644111,-1.4170794,-0.67648757,0.2889608,0.7207025
135,3455,-0.29833108,-0.59230214,-0.002481699,-0.56067836,0.64694345,0.15710951,0.41472852,-1.4721823,-0.68618536,-0.13914539,1.3226378,1.3171835,-0.3772753,0.2174659,1.0256917,-0.28289807
135,3458,-0.39193642,0.3470318,0.19192344,-0.06768405,-0.027517648,0.2933283,0.8050149,0.33234128,-0.4167478,-0.5153175,-0.014280185,-0.06973785,0.88775176,0.3658317,-0.26785088,0.025088664
135,3464,0.26895562,-0.65535724,-0.2997672,-0.018513821,-0.23940185,-0.19352658,0.4704718,0.18835086,0.61395216,-0.07954277,0.30867526,-0.47384226,-0.18471935,-0.19465852,-0.02804713,0.067243636
135,3471,0.14761385,0.19229376,-0.008451839,0.36480853,0.2820078,0.047990456,-0.7803837,-0.35592544,-0.044145525,-0.029357798,-0.7251008,0.051953293,-0.2705567,-0.53045094,0.06066815,-0.66270155
135,3472,-0.40675813,0.1837432,-0.21998137,-0.71893334,-0.6698851,0.12354356,-0.89774364,-0.37084037,-0.47061166,1.0631772,0.32941657,0.7427452,0.3252496,0.22449335,-0.80638695,0.11977884
135,3478,0.3360843,-0.6816313,-0.27179468,-0.040008046,-0.21907651,-0.22050163,0.44644475,0.2570019,0.6894191,-0.07421683,0.3415698,-0.3982072,-0.21414638,-0.118766494,0.04023638,0.044893175
135,3497,0.21565893,-0.44642714,-0.40625393,-0.15835962,-0.32152367,-0.17147842,0.29645288,0.33093384,0.674714,0.001842659,0.2148939,-0.32564154,-0.27951053,-0.09770815,-0.08657975,0.28703004
135,3498,0.329467,-0.63779444,-0.39622986,-0.13584879,-0.24243653,-0.20564501,0.47074836,0.3674166,0.8247444,-0.12702712,0.31504768,-0.3487283,-0.3130322,-0.06990267,0.055128776,0.18002708
135,3501,-0.5132294,-0.70209414,-0.16048476,-0.6547012,0.24582139,0.3478192,0.50683635,-1.7487937,-1.2744457,0.29051656,1.5779521,1.2098377,-0.5250057,-0.18632779,0.5197031,-0.0871379
135,3509,-0.5077939,0.37394738,0.011917273,-0.02550938,0.008922571,0.22994049,0.692199,-0.003225118,-0.4048738,-0.4894878,-0.104184926,-0.2905632,0.87115985,0.2202743,-0.2833154,0.11276955
135,3519,0.5792644,-0.45041874,0.67232835,-0.0913394,-0.22075328,-0.49486518,-0.6437118,0.1592322,0.06825203,0.8023631,0.7121212,0.5989552,0.42106414,0.6384301,0.18618746,-0.5912274
135,3523,0.33744964,-0.64769727,-0.3201883,-0.08240781,-0.1979377,-0.21497156,0.4459508,0.30800703,0.7645609,-0.12605606,0.31782353,-0.34769848,-0.25893456,-0.07409552,0.08537391,0.09175822
135,3537,-0.29163238,0.42029274,-0.43208313,-0.66600674,-0.6518987,0.042033955,-0.9039102,0.16316414,0.17816652,0.7349348,-0.17552589,0.4816636,0.22862254,0.28372636,-0.79312843,0.35242745
135,3540,0.33075246,-0.88157725,-0.078838885,0.18343297,-0.24737641,-0.25781608,0.48718333,-0.03140512,0.46979356,0.07786308,0.427378,-0.6858506,0.011092432,-0.32478333,-0.124459796,-0.20596893
135,3543,0.019144192,-0.596488,-0.13310955,0.28702307,-0.17174551,-0.24261259,0.1375206,-0.5269748,0.23208983,0.14272073,0.07065952,-0.8862874,0.2608068,-0.48125783,-0.32906887,-0.28446168
135,3545,0.034800887,0.5419513,-0.36272702,0.13649157,0.10049009,0.465702,0.14303811,0.195191,-0.63110685,-0.18339664,-0.39258474,0.16734287,-1.5182122,-0.76834345,0.26021087,0.63224036
135,3551,0.3327889,-0.21905556,0.38274097,-0.21803916,-0.6870549,-0.3493745,-0.7633686,0.27298066,-0.11183909,1.2022686,0.53548414,0.32391733,0.33655804,0.36811113,-0.45791364,-0.10725588
135,3557,-0.22357658,0.5424928,-0.26983038,0.19161397,0.15900543,0.23875318,0.049279854,-0.1886455,-0.46388218,-0.237868,-0.48098403,-0.17685297,-0.49596736,-0.46146655,0.063323125,0.35274923
135,3559,0.24247906,0.045817956,0.5949663,-0.061584167,-0.20722477,0.5651798,0.5855677,1.1278837,-0.3821392,-0.31871566,-0.00721702,0.66931057,0.30924717,0.30168924,-0.2462492,-0.5908472
135,3576,-0.35187384,-0.6586357,-0.04345694,-0.55393714,0.60981596,0.20917551,0.51905084,-1.6094677,-0.85146743,-0.10352719,1.4141386,1.2773876,-0.46889082,0.075643644,0.97649497,-0.2405384
135,3581,0.29990727,-0.12725332,0.12691686,0.41457018,0.2966096,0.0070920438,-0.981606,-0.4175419,0.19067055,0.009143721,-0.7398251,0.086135425,-0.05503552,-0.518932,-0.0004240498,-1.2166823
135,3590,-0.05300694,0.029740058,0.05938524,0.40406597,0.18887827,-0.26593345,-0.5185322,-0.6900346,-0.01669183,0.14322282,-0.45054823,-0.61432177,0.29132798,-0.31243852,-0.08719871,-0.34760165
135,3594,-0.25089782,0.5770458,-0.2055867,0.13723771,0.1371245,0.25812495,0.24720834,-0.033151373,-0.51824015,-0.2883929,-0.36661875,-0.12812749,-0.4340786,-0.33361474,0.07773117,0.47513667
135,3596,0.2854286,-0.74435264,-0.31437507,-0.011752635,-0.3021108,-0.20642811,0.5492508,0.19743896,0.62918824,-0.02950421,0.37273192,-0.56207037,-0.18868032,-0.24031168,-0.092905425,0.08449609
135,3607,-0.2958345,0.2887991,0.27411202,-0.08154554,-0.06274979,0.32584858,0.79014415,0.47901955,-0.39322597,-0.50082624,0.0068775117,0.056735314,0.8781115,0.4024792,-0.27952924,-0.10207085
135,3618,-0.13643494,-0.0694708,0.023293383,-0.44469947,0.62591994,-0.057180405,-0.15008412,-0.65367824,0.139483,-0.31780106,0.4906875,1.0727714,0.0426629,0.62541735,0.90192705,-0.2671761
135,3619,-0.006049264,0.28998208,0.43664297,0.5037705,0.19393647,-0.48911804,-0.4306027,-0.32289052,-0.2358871,0.4717483,-0.15241839,-0.6903773,0.1283785,0.06322946,0.099863924,0.45084924
135,3620,-0.41438586,0.14203799,-0.21805441,-0.7289904,-0.6336425,0.13467674,-0.8423484,-0.43767834,-0.5092295,1.0410795,0.39664632,0.78136337,0.29173714,0.21697173,-0.7521613,0.10861946
135,3626,-0.21480703,0.72303367,-0.09513504,0.3694441,0.3424351,-0.04184355,-0.36927515,-0.37398675,-0.34908807,-0.14028864,-0.7076843,-0.2466506,-0.20231304,-0.31914023,0.1612759,0.23818806
135,3640,0.21075046,-0.7921264,-0.121931694,0.20872569,-0.27074906,-0.24936043,0.4468373,-0.16655934,0.37944865,0.11196278,0.34616542,-0.7938958,0.067359686,-0.4161246,-0.23692936,-0.15492913
135,3647,0.20800373,-0.15810895,0.10747685,-0.23926413,-0.7322299,-0.24981752,-0.567302,0.32087895,0.0034682397,1.0285125,0.36483955,0.07696899,0.16519198,0.17062667,-0.5693972,0.16007638
135,3653,-0.00957723,0.19659632,0.48691425,-0.06976933,-0.11778243,0.40774792,0.66307753,0.8520949,-0.3646112,-0.42929935,-0.012837663,0.4059945,0.6956493,0.4263794,-0.25476277,-0.40220588
135,3654,0.30609614,-0.17046458,0.14319196,0.40459135,0.283028,-0.0153661,-0.94845474,-0.41498664,0.21084505,0.014775101,-0.6867682,0.07713064,-0.03305282,-0.4866979,0.0066001825,-1.2070274
135,3658,-0.10927729,0.5688356,-0.26657635,0.13468298,0.121834576,0.33465827,0.19846468,0.09341398,-0.56886953,-0.22917277,-0.35682678,0.02155272,-0.9687637,-0.5221684,0.19120127,0.5911103
135,3664,-0.5155137,0.3847931,0.0051261615,-0.0212292,0.015106294,0.22622027,0.6883893,-0.016847908,-0.4084391,-0.49018565,-0.11206575,-0.30123618,0.86787957,0.21542916,-0.2798792,0.12503248
135,3671,0.09955647,-0.5811546,-0.039813787,0.2858265,-0.19975312,-0.30755854,0.07306199,-0.46289676,0.20676115,0.2615389,0.14963919,-0.8104093,0.2256985,-0.42541748,-0.30362707,-0.26594386
135,3676,0.34676385,-0.8807942,-0.07636621,0.16885479,-0.25333527,-0.25978,0.48825002,0.0053349286,0.47993213,0.08295551,0.4429466,-0.65787077,-0.0088145025,-0.30350068,-0.108617626,-0.19280091
135,3684,-0.05368098,0.2089048,0.44234148,-0.06568921,-0.104108736,0.37222666,0.6467589,0.7621484,-0.35095048,-0.4296223,-0.016882986,0.33770764,0.7204548,0.41397527,-0.2505011,-0.35422054
135,3690,0.22846922,-0.67614394,-0.26353258,0.028213605,-0.31724796,-0.20803076,0.48106378,0.119793385,0.5035034,0.039757166,0.3475625,-0.58645016,-0.1361195,-0.279092,-0.14825842,0.087204985
135,3705,0.31397384,-0.007585518,0.61005366,-0.058795072,-0.24167168,0.6355975,0.57475585,1.2027807,-0.39257964,-0.28437498,-0.009057894,0.73593134,0.17020606,0.24564177,-0.2587165,-0.64209455
135,3706,0.32463968,-0.6142699,-0.3552203,-0.11257943,-0.21509217,-0.20881703,0.433222,0.33574542,0.78477764,-0.1246707,0.3016133,-0.32954678,-0.2859099,-0.06345642,0.074619025,0.14358291
135,3711,0.3016656,0.36432964,1.1390957,0.62102056,0.17025952,-0.6672454,-0.3104078,0.5623503,-0.48346004,0.9525704,0.5125133,-0.48943138,-0.2798011,0.6641742,0.47042814,1.3126096
135,3747,0.21509928,-0.4830285,0.123861246,0.28390983,-0.14481361,-0.3699179,-0.1277977,-0.37437665,0.1612325,0.33972856,0.17659071,-0.55768555,0.17468931,-0.27562565,-0.16901556,-0.3230365
135,3762,0.31034616,-0.6991467,-0.30889618,-0.039727874,-0.25065082,-0.20746586,0.49322677,0.24124151,0.6770488,-0.07399592,0.34346327,-0.45917135,-0.214477,-0.1663681,-0.010737345,0.07333525
135,3768,-0.48793045,0.3742211,0.0033272821,-0.00971245,0.01829093,0.20511566,0.62670016,-0.02965723,-0.38673732,-0.46349454,-0.1223885,-0.2899208,0.8158951,0.19188514,-0.25804472,0.11592991
135,3778,0.21653739,-0.8014393,-0.11090472,0.21766734,-0.27703604,-0.26306862,0.43329006,-0.1831103,0.37496126,0.13808215,0.3536998,-0.8077518,0.07632154,-0.421635,-0.25006196,-0.16677618
135,3792,0.28098932,-0.67286134,-0.30479,-0.024298154,-0.24523556,-0.1972793,0.48297226,0.20339212,0.63349193,-0.07787922,0.3211049,-0.47533613,-0.19351843,-0.18993475,-0.026318908,0.069831036
135,3800,-0.22357658,0.5424928,-0.26983038,0.19161397,0.15900543,0.23875318,0.049279854,-0.1886455,-0.46388218,-0.237868,-0.48098403,-0.17685297,-0.49596736,-0.46146655,0.063323125,0.35274923
135,3801,-0.5155137,0.38479307,0.0051261634,-0.0212292,0.015106294,0.22622027,0.6883893,-0.016847923,-0.4084391,-0.49018565,-0.11206575,-0.30123618,0.86787957,0.21542916,-0.2798792,0.1250325
135,3809,0.09909054,0.14495045,0.5262583,-0.05607312,-0.1360537,0.41978008,0.5757602,0.9320097,-0.3480329,-0.36728808,-0.009845197,0.50683403,0.51703674,0.37171283,-0.2106067,-0.453703
135,3824,0.24094617,-0.13630518,0.29049343,-0.2355862,-0.76822627,-0.28935373,-0.7749753,0.27010843,-0.16880661,1.2400311,0.4448756,0.23589128,0.31249085,0.2731773,-0.60245085,0.012421141
135,3838,0.30938,-0.17601714,0.1480465,0.42433822,0.29878968,-0.026196942,-0.97432995,-0.45194024,0.21670213,0.020096872,-0.7136184,0.05559478,-0.009921763,-0.49786678,0.0008029118,-1.2499615
135,3844,0.29983202,-0.8806006,-0.108048126,0.18383092,-0.2710963,-0.25213185,0.5176969,-0.0518305,0.4588725,0.08413178,0.42406112,-0.73842925,0.01576551,-0.36160553,-0.16733253,-0.17285585
135,3850,-0.07473323,0.59682137,-0.084921904,0.36100563,0.3189569,0.021330118,-0.4668566,-0.2977372,-0.3040919,-0.0968875,-0.6962313,-0.098320276,-0.41179574,-0.42026693,0.17544991,0.07349135
135,3853,-0.09793691,0.25935474,-0.073721305,-0.45977122,0.56434584,-0.12549613,-0.45525163,-0.18580195,0.61228496,-0.40159944,0.018224508,0.9783382,0.20024712,0.82883906,0.7628681,-0.15917979
135,3865,-0.65775865,0.48351538,-0.1302299,0.016411051,0.07089507,0.19620635,0.6754859,-0.26486027,-0.45237017,-0.51333857,-0.2031767,-0.4979603,0.9010951,0.13484731,-0.2939474,0.25544024
135,3872,0.082803376,0.43570614,-0.0925806,0.35208115,0.2986303,0.12913434,-0.58634317,-0.23533365,-0.2506056,-0.06790282,-0.71003026,0.07885655,-0.64329195,-0.5679929,0.1664742,-0.18595488
135,3874,0.31478018,-0.24832895,-0.23356941,-0.20299655,0.038854867,-0.25719866,0.07252599,0.39036462,0.9039343,-0.22476166,0.15982985,0.13872626,-0.2730205,0.30199882,0.42011914,0.16099294
135,3881,0.31150115,-0.81766057,-0.12138853,0.13093948,-0.2706029,-0.24224353,0.48467314,0.040189072,0.47514096,0.07226314,0.41759372,-0.6322697,-0.042735074,-0.29470658,-0.1164181,-0.114003815
135,3898,-0.44446605,-0.11594378,-0.20625177,-0.7246727,-0.37748155,0.20441292,-0.43955374,-0.83838284,-0.7489412,0.83187014,0.76727086,0.93494517,0.035977535,0.097313255,-0.375851,0.051643938
135,3902,-0.2958345,0.2887991,0.27411202,-0.08154554,-0.06274979,0.32584858,0.79014415,0.47901955,-0.39322597,-0.50082624,0.0068775117,0.0567353,0.8781115,0.4024792,-0.27952924,-0.10207086
135,3908,0.009488463,-0.5946734,-0.14101508,0.28887153,-0.16617775,-0.23659946,0.13632219,-0.5390128,0.23278229,0.13244611,0.057086676,-0.8946446,0.2672543,-0.48643366,-0.33191937,-0.28963694
135,3911,0.08534422,-0.05581174,-0.57950246,-0.36486483,-0.18233211,-0.11659131,0.08454667,0.42181715,0.8692428,-0.19195151,-0.008223817,0.02628868,-0.38649836,0.13745067,0.079762906,0.5125847
135,3919,-0.6142877,0.46964264,-0.118055545,0.02985096,0.07037462,0.18651389,0.6070227,-0.254597,-0.4312692,-0.4867519,-0.2243321,-0.46516922,0.85350585,0.11471349,-0.28067172,0.21261965
135,3928,0.15434477,0.15000549,0.054387838,0.39650083,0.30314124,-0.01977092,-0.8638874,-0.40984175,0.031900533,-0.018799812,-0.76406777,0.011887051,-0.06386779,-0.47390917,0.032660343,-0.82729506
135,3929,0.17524546,0.46983907,0.9249794,0.60491353,0.22018974,-0.65627205,-0.4050487,0.25261545,-0.41058657,0.7893151,0.20567343,-0.5317034,-0.14236152,0.49367538,0.38108948,1.0982941
135,3942,0.5540571,-0.19640079,0.5873314,-0.020921491,-0.34126553,0.8644439,0.43324763,1.3447951,-0.39221612,-0.14021994,-0.07330772,0.9130611,-0.38768673,-0.039081797,-0.29754046,-0.82732993
135,3959,-0.28696856,0.603925,-0.57446754,-0.6682538,0.22097263,0.027844548,-0.57733154,0.17600533,0.8895929,-0.336983,-0.39601678,0.83267814,3.072247e-05,0.69557214,0.24644515,0.3519925
135,3969,-0.5538923,0.4109471,-0.029825862,-0.012795843,0.030728675,0.21386729,0.6880216,-0.08050041,-0.41870067,-0.4953752,-0.12836513,-0.35352868,0.87119,0.19675663,-0.2769686,0.17141329
135,3974,0.2644889,0.030009024,0.6074753,-0.06396752,-0.22004434,0.59386915,0.59611315,1.1658119,-0.38952214,-0.31435084,-0.004935354,0.6967533,0.28047058,0.29460713,-0.2557487,-0.6136953
135,3984,-0.48736688,0.3488994,0.026514027,-0.033040874,-0.004820397,0.23811318,0.6927626,0.024932936,-0.39540443,-0.48561922,-0.09155646,-0.26544765,0.8755511,0.22738275,-0.29174507,0.07897338
135,3994,0.15605462,0.46576473,0.8847128,0.5938412,0.21598735,-0.6424302,-0.4006865,0.21267071,-0.40479535,0.76569396,0.18104237,-0.5435664,-0.12863171,0.4623206,0.3607544,1.0679127
135,4000,-0.5128596,0.35985574,0.031129077,-0.044997536,-0.007373212,0.25694275,0.7547075,0.042615086,-0.416162,-0.5112422,-0.0773947,-0.27359095,0.9225645,0.25319338,-0.30881625,0.0930532
135,4004,-0.47751826,0.6806569,-0.2108534,0.29390755,0.26922846,-0.064832725,-0.116004184,-0.6057762,-0.3516272,-0.24648969,-0.61448395,-0.55857354,0.29838902,-0.21504822,-0.017261952,0.29799333
135,4007,0.3912899,-0.30128953,-0.032615826,-0.12292003,0.13284114,-0.31987065,-0.0060757697,0.31760326,0.8248789,-0.1907111,0.23291343,0.22587547,-0.16322413,0.38126454,0.54234105,-0.04094863
135,4009,-0.5066875,0.36604393,0.022955306,-0.034097813,0.00044408347,0.24412523,0.7185189,0.021435186,-0.4095597,-0.4989184,-0.09387268,-0.27879262,0.89495313,0.23536968,-0.29664844,0.09682699
135,4036,-0.007459402,0.5773768,-0.32519308,0.12877145,0.114103325,0.40384263,0.18803863,0.19698521,-0.6280853,-0.19142745,-0.34261912,0.13644111,-1.4170794,-0.67648757,0.2889608,0.7207026
135,4038,-0.52063227,0.59555185,-0.23986304,0.24313521,0.22423702,-0.016293734,-0.011633158,-0.62557256,-0.34000155,-0.28715056,-0.55228287,-0.5849461,0.42758608,-0.1953167,-0.09626158,0.23453537
135,4039,0.099090524,0.14495046,0.52625835,-0.05607312,-0.1360537,0.41978002,0.5757602,0.93200946,-0.3480329,-0.36728805,-0.009845197,0.50683403,0.51703674,0.37171283,-0.21060666,-0.453703
135,4048,-0.048342764,0.5765932,-0.09520322,0.36386487,0.32112756,0.05031413,-0.48938733,-0.2935873,-0.30549148,-0.09401596,-0.7110935,-0.069969274,-0.47434852,-0.4629106,0.17388564,0.030675173
135,4050,0.17266992,0.1021782,0.5745916,-0.062057443,-0.17244782,0.5012467,0.59825194,1.055241,-0.37531883,-0.35060874,-0.007181287,0.6022374,0.4238196,0.3492347,-0.23077294,-0.52715814
135,4052,0.034308262,0.18288945,0.48550978,-0.051864393,-0.112121224,0.37973875,0.576153,0.8400341,-0.33933714,-0.38710392,-0.02427607,0.42703328,0.5956331,0.38532612,-0.21431372,-0.40268555
135,4070,0.26471838,-0.16604382,0.1290375,0.4207739,0.28905094,-0.05775334,-0.9207003,-0.5015547,0.20069507,0.023611274,-0.6874066,-0.025652759,0.044524394,-0.4794635,-0.010571726,-1.1730264
135,4081,0.21373367,-0.25364918,-0.08250067,-0.2379534,-0.6713864,-0.22286195,-0.29245895,0.38430485,0.23776607,0.77304274,0.32818714,-0.08971882,-0.008002121,0.07592565,-0.48490798,0.28156134
135,4087,0.32906812,-0.6271602,-0.311191,-0.07810039,-0.189348,-0.21324699,0.42644805,0.2969988,0.7477008,-0.12636505,0.30538177,-0.33705178,-0.25158292,-0.07164974,0.08970517,0.08768601
135,4090,-0.08209892,0.1546101,-0.8048502,-0.5092163,-0.061988287,-0.023061581,0.064180866,0.4073005,1.0255105,-0.42457584,-0.17768347,0.16118994,-0.42599,0.22704178,0.14096974,0.6572754
135,4103,0.06698818,0.027133271,-0.5371137,-0.400598,-0.10804335,-0.11428234,-0.039513037,0.40730253,0.9033431,-0.19100183,-0.04609658,0.18424106,-0.3358533,0.2576641,0.13599733,0.46085903
135,4104,0.29990727,-0.12725332,0.12691683,0.41457018,0.2966096,0.0070920438,-0.98160595,-0.4175419,0.19067055,0.009143721,-0.7398251,0.086135425,-0.05503552,-0.5189319,-0.0004240498,-1.2166823
135,4120,-0.6219861,0.4415232,-0.10688373,0.0016075149,0.05605492,0.17638485,0.667871,-0.22142856,-0.422232,-0.4920487,-0.14734593,-0.46011367,0.85915667,0.14873323,-0.26378015,0.26476908
135,4124,-0.17774236,0.24202493,0.34756875,-0.072588764,-0.08271671,0.33361405,0.6981439,0.5963863,-0.35595998,-0.4586698,-0.0046672225,0.18472162,0.8031566,0.40459666,-0.26242325,-0.22668055
135,4127,-0.40675813,0.1837432,-0.21998137,-0.71893334,-0.66988504,0.12354356,-0.89774364,-0.37084037,-0.47061166,1.0631772,0.32941657,0.7427452,0.32524958,0.22449335,-0.80638695,0.11977884
135,4138,0.07344688,0.0004767701,-0.5195877,-0.36909205,-0.13780978,-0.118245296,-0.019684806,0.392148,0.84941506,-0.16369864,-0.032217503,0.12682402,-0.33172527,0.20672935,0.10392014,0.45325065
135,4140,-0.49290302,-0.8052438,-0.13241357,-0.6308404,0.4802882,0.3405562,0.68168914,-1.9150772,-1.2392157,0.06850596,1.6803007,1.3048421,-0.6111338,-0.15223019,0.823135,-0.1607726
135,4149,-0.4525679,0.35605156,0.1380471,-0.07060445,-0.021573251,0.28442985,0.83173674,0.2422688,-0.4261958,-0.52802366,-0.012653977,-0.14877306,0.9211162,0.34606633,-0.28259748,0.07802709
135,4152,0.020085812,0.6210231,-0.37759542,0.12235177,0.11874339,0.47722238,0.24359055,0.25981116,-0.7086603,-0.19953474,-0.3467586,0.18787116,-1.6818525,-0.7712755,0.33539462,0.8374415
135,4153,-0.19066295,0.53941935,-0.27602464,0.18375075,0.1507563,0.258735,0.058516636,-0.14036876,-0.47874352,-0.22834708,-0.4636053,-0.13393997,-0.61332107,-0.4911083,0.09025368,0.38852444
135,4157,0.025921054,-0.09115865,0.0067646895,0.39963067,0.21999066,-0.17765847,-0.65139794,-0.7401689,0.09078869,0.054443423,-0.5774815,-0.46865782,0.28095466,-0.43565243,-0.112909995,-0.7525595
135,4161,0.21777481,0.092362665,0.7028875,0.48660424,0.040472485,-0.538487,-0.30528244,0.09984264,-0.28879854,0.7419972,0.3056808,-0.5504385,-0.08115925,0.2651766,0.17567444,0.6801028
135,4173,0.33075246,-0.88157725,-0.078838885,0.18343297,-0.24737641,-0.25781608,0.48718333,-0.03140512,0.46979356,0.07786308,0.42737806,-0.6858507,0.011092432,-0.32478333,-0.124459796,-0.20596895
135,4177,0.263397,-0.21119773,-0.3601028,-0.25266308,-0.032893375,-0.21710335,0.11818583,0.4309846,0.93595576,-0.23380494,0.116911024,0.08169035,-0.34339857,0.24199075,0.32694048,0.29191896
135,4180,0.27211332,-0.07091547,0.1164969,0.42363426,0.3078759,-0.0043837354,-0.98521745,-0.43740782,0.16565615,0.0048237517,-0.77211356,0.05916021,-0.027592685,-0.51608956,-0.0025489107,-1.180356
135,4184,0.1728589,0.19065093,-0.06152323,0.33453247,0.25879228,0.13103698,-0.7182726,-0.28933042,-0.09942941,-0.035637707,-0.68393373,0.12060069,-0.50388175,-0.6059575,0.085914545,-0.56282175
135,4205,-0.6433426,0.46193865,-0.12291696,0.009230733,0.06310862,0.18712874,0.6715928,-0.25066572,-0.43775883,-0.50342214,-0.1777145,-0.4844101,0.8842087,0.13891745,-0.28257653,0.25847852
135,4216,0.19122103,-0.14354381,0.09051057,0.4061965,0.26374617,-0.09217033,-0.8265022,-0.56136304,0.16706556,0.027799394,-0.64055717,-0.14810535,0.10924976,-0.45756727,-0.034215398,-1.030207
135,4220,-0.20877516,0.2531011,0.32216138,-0.07232829,-0.07603286,0.32594067,0.7100889,0.5527551,-0.3615415,-0.46509847,-0.005071163,0.14533556,0.8156272,0.39657447,-0.26420486,-0.19201013
135,4222,0.52798384,-0.16642672,0.63034075,-0.039797284,-0.3364992,0.85899216,0.51086056,1.3995895,-0.41316843,-0.18269414,-0.04706327,0.92823476,-0.2667353,0.043802693,-0.30563062,-0.8238704
135,4227,-0.5156458,-0.7493394,-0.16823483,-0.64275503,0.3240657,0.35841286,0.60648763,-1.8237158,-1.284085,0.20147492,1.6248126,1.2290992,-0.5867928,-0.20964932,0.6246987,-0.09618634
135,4239,0.2058694,0.025012821,0.09513439,0.40659225,0.2965997,-0.029498115,-0.91989857,-0.43016177,0.11402182,-0.0073485784,-0.7562033,0.015530586,0.012903728,-0.47242224,0.0048297457,-1.0193512
135,4245,0.051489994,0.17695196,0.5161477,-0.060748704,-0.12323351,0.4092219,0.61301,0.90409017,-0.35451168,-0.39827412,-0.013837084,0.46683702,0.6068332,0.4068779,-0.22636339,-0.43142176
135,4247,-0.24492356,0.3674684,-0.5222553,-0.64541245,-0.53071755,0.028971925,-0.7005988,0.2308934,0.3789159,0.48997694,-0.17794994,0.42476293,0.080604106,0.28245935,-0.5968738,0.42863643
135,4257,0.14455923,-0.104334705,0.4011259,0.40740505,-0.017307932,-0.43419343,-0.24859938,-0.18828365,-0.12800275,0.53582174,0.1605637,-0.60878414,0.05278053,-0.0010934323,-0.0003040284,0.26739374
135,4259,0.28069347,-0.5551488,-0.3889951,-0.12705332,-0.22193855,-0.18981868,0.41372108,0.3240669,0.7614188,-0.13608456,0.25973842,-0.32757092,-0.29178002,-0.07725369,0.051859666,0.18876141
135,4278,-0.53561324,0.44393578,-0.110299155,0.05809424,0.077961706,0.13569652,0.45402068,-0.26524508,-0.37712115,-0.4196852,-0.24722032,-0.4212738,0.718546,0.063512385,-0.22158343,0.18542096
135,4282,-0.5060262,0.3624441,0.06359515,-0.058883525,-0.010309,0.26158273,0.8017228,0.106856525,-0.4228212,-0.5221457,-0.039448373,-0.24254215,0.92613715,0.29219508,-0.29370636,0.11743048
135,4288,0.14446819,-0.16775507,0.37172166,0.41411704,-0.02698127,-0.43009126,-0.21702324,-0.22720191,-0.09438719,0.5217824,0.1611422,-0.6610444,0.07681468,-0.040024795,-0.032299176,0.21451421
135,4315,0.19174391,0.08868272,0.5882023,-0.065086536,-0.1839467,0.5265592,0.6098098,1.0913951,-0.382635,-0.34814352,-0.004465267,0.62807995,0.40390238,0.34607324,-0.23988464,-0.5494531
135,4323,-0.13643494,-0.0694708,0.023293383,-0.44469947,0.62591994,-0.057180405,-0.15008412,-0.65367824,0.139483,-0.31780106,0.4906875,1.0727714,0.0426629,0.62541735,0.90192705,-0.2671761
135,4332,0.019144192,-0.596488,-0.13310955,0.28702307,-0.17174551,-0.24261259,0.1375206,-0.5269748,0.23208983,0.14272073,0.07065952,-0.8862874,0.2608068,-0.48125783,-0.32906887,-0.28446168
135,4334,-0.08232018,0.15714195,-0.8279759,-0.5306821,-0.06924262,-0.019870736,0.067470446,0.42783406,1.0565162,-0.42781055,-0.17820151,0.17279437,-0.43950096,0.23987654,0.13721316,0.67801183
135,4339,0.2412279,-0.717557,-0.295502,0.015076585,-0.33311263,-0.20667,0.5315579,0.14405653,0.5465228,0.026367832,0.36772126,-0.61216295,-0.15578194,-0.2872283,-0.1563741,0.102176756
135,4345,0.1860075,-0.7287843,-0.10900239,0.21132387,-0.2583055,-0.2520547,0.38175642,-0.19473486,0.33994356,0.12734921,0.31056976,-0.7670224,0.07927179,-0.4080861,-0.2370978,-0.15107337
