window_id,vehicle_id,z_0,z_1,z_2,z_3,z_4,z_5,z_6,z_7,z_8,z_9,z_10,z_11,z_12,z_13,z_14,z_15
83,115,-0.44939637,-1.1676109,0.05786994,-0.7287574,-1.0210108,-0.23168461,-0.47264206,1.4337146,0.33517486,0.6764358,-0.18024641,-0.26426274,0.65032166,0.48096195,-0.0035812482,0.82456374
83,1152,0.5784275,-0.051230684,0.34439576,-0.75292003,-0.52657455,-0.40012938,0.49483734,-0.6357882,-0.42177495,-0.3715201,0.051089734,0.016015,0.027392764,-0.1001201,-0.21957156,0.69273984
83,1194,-0.743811,-0.859045,0.4420035,0.13886747,-0.35690644,-0.14549573,1.2918838,-0.5067696,0.20156565,0.2825501,0.047240585,0.008629821,0.14222257,0.512612,-0.4614938,0.28766578
83,1782,0.57842755,-0.05123067,0.34439576,-0.75292003,-0.52657455,-0.40012938,0.49483734,-0.63578826,-0.42177492,-0.3715201,0.051089734,0.016015008,0.02739276,-0.100120105,-0.21957159,0.69273984
83,2408,-0.42368615,-1.1673067,0.0619037,-0.70203197,-1.0037591,-0.21944888,-0.49177164,1.4380847,0.3346617,0.6660787,-0.17119275,-0.263877,0.6366025,0.4752839,-0.007975556,0.84056795
83,3773,-0.95041096,-0.62419105,0.5919257,0.14139988,-0.275899,-0.14094323,0.69865936,0.084681496,0.17635939,0.15651365,-0.49684438,-0.16385879,0.13228364,0.27224997,-0.18668407,0.056501098
83,831,0.57842755,-0.051230684,0.34439576,-0.75292003,-0.52657455,-0.40012938,0.4948374,-0.6357882,-0.42177495,-0.37152004,0.051089734,0.016015008,0.027392764,-0.100120105,-0.21957159,0.69273984
83,25,0.5784274,-0.0512307,0.3443958,-0.75292003,-0.52657455,-0.40012932,0.49483728,-0.6357882,-0.42177495,-0.37152007,0.051089793,0.016015,0.027392771,-0.10012009,-0.21957153,0.69273984
83,927,0.57842755,-0.0512307,0.34439576,-0.75292003,-0.52657455,-0.40012938,0.4948374,-0.6357882,-0.42177492,-0.37152004,0.051089764,0.016015008,0.027392767,-0.1001201,-0.21957159,0.69273984
83,1812,-0.7438109,-0.859045,0.44200346,0.13886748,-0.3569064,-0.14549573,1.291884,-0.50676954,0.20156565,0.28255016,0.047240615,0.008629821,0.14222258,0.5126119,-0.46149373,0.28766578
83,2786,0.020462692,-0.59323645,0.7847472,0.3804713,0.70742136,-0.0029003993,1.3570907,-1.0734979,0.08120568,-0.3796839,0.8250228,0.08285251,-0.21282049,0.13251682,-0.36481252,-0.19833466
83,1207,0.5784275,-0.05123067,0.34439576,-0.75292003,-0.52657455,-0.40012938,0.49483734,-0.63578826,-0.42177498,-0.3715201,0.051089734,0.016015016,0.027392764,-0.100120105,-0.21957159,0.69273984
83,542,-0.9681575,-0.62627554,0.6002992,0.1382209,-0.2859547,-0.14158414,0.69419414,0.09852511,0.175661,0.15983851,-0.51102483,-0.1678594,0.14252788,0.2763479,-0.18036199,0.053815197
83,809,-0.7438111,-0.859045,0.4420035,0.13886748,-0.35690638,-0.14549573,1.291884,-0.5067696,0.20156562,0.2825501,0.047240585,0.008629814,0.1422226,0.512612,-0.46149385,0.28766578
83,3702,0.3874017,0.14100036,0.399607,-0.48524848,-0.21112895,-0.19777645,0.5845776,-0.7723315,-0.40405205,-0.19044557,0.0625239,0.15439402,0.04942301,0.03642857,0.18420193,0.4856555
83,4202,-0.39785784,-0.862128,1.0389785,0.37135062,0.68669164,-0.10271549,0.99333936,-0.41994977,0.3937148,-0.4658308,0.24266231,-0.23237321,-0.39346817,-0.10445948,-0.48856026,-0.40934375
83,1010,0.020462677,-0.59323645,0.7847472,0.3804713,0.70742136,-0.0029003993,1.3570905,-1.0734978,0.081205666,-0.3796839,0.8250227,0.0828525,-0.21282049,0.13251682,-0.36481255,-0.19833466
83,1504,0.57842755,-0.051230684,0.34439576,-0.75292003,-0.52657455,-0.40012938,0.49483734,-0.63578826,-0.42177495,-0.3715201,0.051089734,0.016015,0.027392764,-0.100120105,-0.21957159,0.69273984
83,2289,0.5784275,-0.0512307,0.34439576,-0.75292003,-0.52657455,-0.40012938,0.49483728,-0.6357882,-0.42177492,-0.3715201,0.051089734,0.016014993,0.027392767,-0.1001201,-0.21957156,0.69273984
83,4055,-0.74381095,-0.859045,0.4420035,0.13886748,-0.35690638,-0.14549573,1.2918841,-0.5067696,0.20156562,0.2825501,0.047240585,0.008629814,0.1422226,0.512612,-0.4614938,0.28766578
83,1960,0.57842755,-0.051230714,0.34439576,-0.75292003,-0.5265746,-0.40012932,0.49483728,-0.6357882,-0.42177492,-0.37152007,0.051089764,0.016014993,0.027392771,-0.10012009,-0.21957153,0.69273984
83,2793,0.57842743,-0.051230714,0.34439576,-0.75292003,-0.52657455,-0.40012932,0.49483728,-0.6357882,-0.42177495,-0.3715201,0.051089764,0.016014993,0.027392767,-0.10012009,-0.21957153,0.69273984
83,6,0.3206727,0.27292305,0.30901945,1.0543867,0.2617525,0.6739859,-0.27073613,-0.070046335,-0.43617558,0.37351888,0.24366719,0.7448437,-0.1581625,0.039751053,0.4444201,0.43711758
83,14,0.2695679,0.1919384,-0.29552835,0.33899483,0.11252035,-0.058934048,-0.4608915,0.30604663,0.24533737,-0.7156396,-0.13313031,-0.59486556,-0.2686101,-0.45904258,-0.5415992,0.113551155
83,19,-0.14265087,0.1759729,-0.23988901,0.61877215,0.3905655,-0.021037944,-0.46057528,0.47963908,0.50107384,-0.6653991,-0.3696249,-0.6222458,-0.41600418,-0.47801894,-0.5478455,-0.27341187
83,27,0.019766614,0.25218394,-0.53360647,-0.39283982,0.096421115,-0.044748314,-0.01760069,-0.08566594,-0.30788177,0.29113382,0.53050643,0.14091311,0.33196673,0.1342203,0.19881544,-0.8584306
83,45,0.4550801,0.3989009,-0.40088463,0.25817585,-0.050262764,-0.0119354725,-0.49378598,0.18436423,0.0054314733,-0.65061194,-0.09422746,-0.5103434,-0.1644937,-0.4133619,-0.399174,0.2929299
83,57,-0.37596154,0.69689834,-0.030525729,0.4406551,-0.27762297,0.29423913,0.00494761,0.03719975,-0.7833163,0.34661317,-0.112176,0.42318296,0.46958125,0.39080197,0.49813205,-0.23931825
83,69,0.6304072,0.25164518,-0.2646249,-0.27910128,-0.4114505,-0.19983526,-0.28962642,-0.017421722,-0.14192203,-0.59190077,-0.08957705,-0.4302621,-0.033117794,-0.33633152,-0.42815995,0.5898863
83,75,0.6959768,0.05461473,0.29616264,-0.8933954,-0.62235135,-0.43024772,0.51907074,-0.7711456,-0.52716255,-0.36563194,0.07157782,0.051068947,0.081495315,-0.08728182,-0.15123841,0.7956524
83,76,-0.98434305,-0.42008266,0.572154,0.22913602,-0.22825381,-0.08569597,0.4711361,0.23235174,0.116737515,0.10311513,-0.63694847,-0.16990262,0.13215192,0.21252918,-0.08399718,-0.06081368
83,98,-0.034926325,0.58979857,0.18427403,0.9609231,-0.025880143,0.5533146,-0.19800742,-0.00055114925,-0.6543566,0.25114584,-0.070225984,0.5615837,0.120652504,0.12729365,0.4261155,0.26946673
83,102,0.14929073,0.30886066,0.14597918,-0.9339981,0.57402754,-0.056821674,-0.18691763,-1.0059503,1.3785423,0.7239268,-1.2488904,0.62890226,-0.9885941,-0.09129188,1.2261595,0.33082697
83,104,-0.4083426,0.6758541,0.0021775812,0.4387935,-0.31316182,0.29116794,0.011973977,0.06528832,-0.7850981,0.35904992,-0.14397395,0.4205706,0.49042585,0.40851742,0.50372034,-0.19981897
83,120,-0.28825098,0.2921492,0.057651818,0.28311014,-0.2594165,0.2411211,-0.0769394,0.2413488,-0.5532333,0.38536614,-0.017771423,0.3514046,0.41175193,0.3687538,0.4162814,-0.04550764
83,128,0.4074273,-1.0127898,0.21823943,0.1772857,0.15100059,0.34950477,-0.7491118,0.90344346,0.35886085,0.65956855,0.6127024,0.41120923,-0.020171417,0.26700795,0.21571153,0.6320641
83,149,0.3241129,-0.73585093,0.23044124,0.28831744,0.18863943,0.38414723,-0.58815515,0.6668501,0.1720554,0.60944647,0.5421246,0.4809013,-0.014076792,0.25571734,0.28202558,0.46281347
83,156,0.8082977,-0.8043356,-0.012708813,-0.051215976,0.8024773,0.19378874,-0.28403306,0.10174568,-0.003859356,0.4986667,1.2945915,0.43078768,-0.17077038,0.034036726,0.039338965,-0.44065318
83,157,-0.33912614,0.666628,-0.03701821,0.42982557,-0.24084735,0.28155512,-0.0026348755,0.034599304,-0.7478755,0.321082,-0.09312227,0.3986578,0.434889,0.36084768,0.47391427,-0.24222347
83,168,-0.38779214,0.5029887,0.013174817,0.30198032,-0.32643834,0.2361257,0.0052573383,0.1450696,-0.6990409,0.3739164,-0.093406275,0.3676926,0.49068972,0.40172613,0.4651096,-0.15802613
83,180,0.027002946,-0.1657345,0.18166246,0.3802742,0.33164376,-0.050087184,0.04572566,0.066008374,0.26835883,-0.60517067,0.015000731,-0.44084,-0.29003027,-0.3103881,-0.48199618,-0.06804161
83,182,-0.9239008,-0.70826185,0.5681065,0.132131,-0.31002003,-0.14774394,0.8684474,-0.06594321,0.19108447,0.19702451,-0.36852393,-0.12513039,0.14207716,0.3412051,-0.2633519,0.11499755
83,184,-0.3814877,0.6608968,0.0032656938,0.44536343,-0.2836223,0.28718704,0.005229965,0.061428607,-0.7629131,0.3374734,-0.1360485,0.40589684,0.46123338,0.38540086,0.48724592,-0.1962991
83,188,-0.85199785,-0.14477578,0.44108662,0.35788506,-0.22112978,0.022702225,0.3058825,0.22681287,-0.05213687,0.096808374,-0.5877229,-0.07156939,0.1665151,0.2092862,0.015853077,-0.049592018
83,194,0.5529945,0.06860022,-0.15065594,-0.2848855,-0.3605299,-0.24412997,-0.21831962,0.029799372,-0.025531843,-0.6128817,-0.08350733,-0.44917822,-0.087493055,-0.34743553,-0.5389434,0.5334941
83,234,-0.18848068,0.3075695,-0.19283448,0.71989834,0.3252566,0.09913558,-0.431575,0.42172527,0.27351707,-0.5312604,-0.39054245,-0.46142364,-0.3013238,-0.37854126,-0.33145154,-0.21403843
83,247,-0.33443856,-0.25147676,0.22298525,0.5039185,0.497339,-0.10680443,0.03208875,0.25741482,0.5920901,-0.6042429,-0.2565264,-0.53654957,-0.4487275,-0.3700388,-0.58669424,-0.38699108
83,249,-0.3972823,0.7045897,-0.027786523,0.43516928,-0.30186644,0.29626226,0.010131195,0.04365191,-0.7986079,0.36201823,-0.121011406,0.4322335,0.49174395,0.40812066,0.50974464,-0.2363568
83,259,-0.7908668,-0.85293615,0.47039586,0.13124402,-0.36264876,-0.14915046,1.241087,-0.43961596,0.20308268,0.27649176,-0.021696597,-0.0151179135,0.15170857,0.49416354,-0.43523222,0.2638319
83,269,0.057049185,0.26039433,0.13146761,-0.988224,0.7707402,-0.028370745,-0.3429047,-0.98496413,1.7969371,0.886285,-1.5118742,0.6951112,-1.2322955,-0.13378417,1.3732948,0.26193032
83,270,-0.91347474,-0.6689217,0.5690973,0.14203215,-0.2868585,-0.14186592,0.80596197,-0.02248153,0.18345189,0.17604183,-0.40036684,-0.13469002,0.1307991,0.31266782,-0.23709458,0.094689675
83,296,0.6382282,0.27990437,-0.26291215,-0.27531937,-0.4098531,-0.18648751,-0.27688003,-0.04511583,-0.1746661,-0.57696605,-0.08057067,-0.41425985,-0.01779066,-0.32390952,-0.388949,0.5966604
83,310,0.73338896,0.11166619,0.27244055,-0.95433533,-0.65826,-0.43668664,0.52941304,-0.8300774,-0.5540894,-0.3426444,0.06405866,0.07849552,0.09849817,-0.08047724,-0.09897796,0.8410902
83,319,0.03538567,0.25787103,0.11971187,-0.9993533,0.71409744,-0.04805117,-0.3835867,-0.88933194,1.7744079,0.88028926,-1.5385987,0.6601811,-1.1970986,-0.13461119,1.3472832,0.29133877
83,321,0.641809,0.11097191,-0.08610134,-0.52052677,-0.5223902,-0.31483412,-0.06445832,-0.18508095,-0.1961498,-0.5360132,-0.07311256,-0.31181574,-0.017806888,-0.2800433,-0.4321819,0.66709375
83,323,0.55359447,0.059213467,0.22233574,-0.53416216,-0.38456258,-0.2926656,0.3437475,-0.5317403,-0.3562084,-0.40780574,0.06622583,-0.08657619,0.026106417,-0.12687562,-0.1864556,0.5968584
83,345,-0.5696858,-0.8068732,-0.02409935,-0.7028918,-0.9768026,-0.22945194,-0.2726683,1.1327305,0.13937685,0.61254483,-0.2353028,-0.21150689,0.67964196,0.46302477,0.06109916,0.5012052
83,368,-0.35602564,0.69258595,-0.036786154,0.44139507,-0.26097068,0.2932768,0.0010903999,0.030558333,-0.77704865,0.339624,-0.09777051,0.42028505,0.45693225,0.37989518,0.49213147,-0.2441189
83,370,-0.31920218,0.4240811,-0.49405807,-0.38509908,-0.17581856,-0.04250005,0.04022122,0.03488083,-0.35130396,0.2419994,0.16369274,0.07156025,0.46411264,0.23236172,0.2684206,-0.733786
83,376,0.84420455,-0.686622,-0.35878444,-0.44707754,0.7421298,0.031890772,-0.2418114,-0.036148787,-0.033121735,0.53689975,1.4877578,0.35652322,-0.024931028,0.010189258,0.02258268,-0.78878725
83,377,-0.2446239,0.2268632,-0.18291126,0.68848145,0.3748819,0.04597334,-0.4177531,0.45661384,0.4065346,-0.56702065,-0.42547575,-0.53296596,-0.36087728,-0.40914002,-0.41649592,-0.29302168
83,384,-0.59781975,-0.69294214,-0.06207727,-0.70024633,-0.9572761,-0.2254058,-0.2197731,1.0402725,0.079779714,0.59803444,-0.23577702,-0.18964297,0.6909856,0.4604331,0.084479675,0.39147112
83,391,-0.3777906,-0.38544813,0.3921246,0.4672089,0.5262187,-0.119348034,0.21936603,0.14758047,0.5755883,-0.5678819,-0.19161713,-0.48191684,-0.4416107,-0.31570375,-0.5697822,-0.40188554
83,395,-0.21843208,0.39174944,-0.52963763,-0.40487108,-0.11036179,-0.042928047,0.022589885,-0.0063462853,-0.35971776,0.265122,0.28741008,0.09703085,0.44955543,0.21627691,0.25850165,-0.785694
83,400,-0.4093277,0.2394284,-0.05468355,0.6656436,0.23336083,0.0787113,-0.31734288,0.43969387,0.25455895,-0.4059795,-0.5133367,-0.39287722,-0.21982974,-0.25417596,-0.24678642,-0.26278025
83,407,0.4532637,-0.13191077,-0.7099062,-0.7389194,0.3555951,-0.18307753,-0.10346155,-0.13830575,-0.12771544,0.33320725,1.0538667,0.07124221,0.22993292,-0.008136361,0.043049593,-1.0190704
83,414,-0.31079155,0.3180154,-0.10934092,0.71074104,0.22985515,0.12048649,-0.367203,0.41556913,0.18019578,-0.42734843,-0.45355007,-0.37295556,-0.20780817,-0.2749837,-0.22763443,-0.20577171
83,424,-0.13834602,0.42784083,-0.2103882,0.7726054,0.2571372,0.17008221,-0.45343477,0.3827802,0.102840364,-0.48060584,-0.35509798,-0.3635832,-0.22060306,-0.3296946,-0.22433996,-0.1321712
83,428,0.58717734,0.17768449,-0.22205384,-0.2646515,-0.38203108,-0.21284224,-0.27092248,0.017663553,-0.08661853,-0.6005166,-0.093477085,-0.44144243,-0.058731403,-0.3417067,-0.47439694,0.55645454
83,432,-0.3180844,0.19607203,-0.705587,-0.8150567,-0.01006037,-0.2589308,0.08128075,0.008585423,0.056952477,0.18009664,0.2667234,-0.12222161,0.31897092,0.058810115,0.067484856,-1.0979242
83,454,0.17929469,-0.35546556,0.44651878,0.28301424,0.4419272,-0.03815776,0.7744784,-0.6556152,0.09037897,-0.5039337,0.53655875,-0.14695206,-0.20792195,-0.06931248,-0.43910635,-0.015995547
83,455,0.56199974,0.05964154,-0.1192507,-0.32470605,-0.37853587,-0.25502825,-0.1736364,-0.013949573,-0.0527045,-0.59458756,-0.07375881,-0.4230922,-0.07421769,-0.33130914,-0.51721984,0.5526571
83,457,0.5981932,0.0096800625,0.09057494,-0.5320649,-0.44342065,-0.32377493,0.14376515,-0.32591915,-0.22682586,-0.51125777,0.008522332,-0.22953005,-0.030930094,-0.23505066,-0.39299923,0.62626207
83,464,0.5789269,0.41979718,-0.1401773,-0.16427705,-0.28407705,-0.07499869,-0.09080149,-0.2511574,-0.33822685,-0.4266529,-0.032102466,-0.2553543,0.051370732,-0.20024416,-0.06755053,0.5533151
83,471,0.50421244,-1.4364371,0.18285367,-0.023391247,0.043712128,0.27075988,-0.9890378,1.286224,0.6549071,0.7024034,0.6665981,0.2516883,-0.009077366,0.27975103,0.08037868,0.9002478
83,478,-0.52976966,0.658352,0.05080925,0.41611978,-0.39175987,0.26995522,0.03740503,0.12561557,-0.7535053,0.34583676,-0.26690763,0.37546778,0.5272452,0.43629268,0.49782395,-0.15656164
83,484,0.037725776,0.08844356,-0.7201666,-0.7631358,0.116917364,-0.21889423,-0.013785362,-0.0482879,-0.06388045,0.21656685,0.59312844,-0.05984031,0.30492952,0.034894623,0.06549959,-1.0058398
83,489,-0.43607718,-0.60769534,0.6515803,0.4190235,0.59482604,-0.14087872,0.51660407,-0.035227686,0.5735139,-0.53864765,-0.067601144,-0.41762376,-0.44633567,-0.24880488,-0.57576823,-0.4403551
83,497,0.2391394,0.033246234,-0.7684635,-0.78168786,0.20903859,-0.20125376,-0.056392126,-0.11278203,-0.13426156,0.28257436,0.8403276,0.010861352,0.30833727,0.030539343,0.072735116,-1.0504303
83,503,0.647945,0.30811125,-0.2732007,-0.2752392,-0.41581655,-0.17859145,-0.2789064,-0.05964771,-0.19754288,-0.5688075,-0.07995762,-0.4056682,-0.0071109505,-0.31804398,-0.36389968,0.60530853
83,504,-0.05183018,0.40725535,0.26969177,0.82413185,-0.046700977,0.5060593,-0.13758953,0.045595855,-0.6392827,0.3787129,0.019208938,0.5947212,0.15363404,0.22484168,0.4620414,0.24830821
83,506,0.4720747,0.073737696,0.3583151,1.0526022,0.41277295,0.704885,-0.313613,-0.072276324,-0.28751802,0.4113618,0.3920673,0.79210484,-0.29618508,0.00041761994,0.43069145,0.48103216
83,507,0.55359447,0.05921346,0.22233574,-0.53416216,-0.38456258,-0.2926656,0.3437475,-0.5317404,-0.35620838,-0.40780574,0.06622577,-0.08657619,0.026106413,-0.12687561,-0.18645558,0.5968584
83,522,-0.147157,0.21589535,-0.21625112,0.64879954,0.3815423,0.026729204,-0.43831807,0.43871707,0.4103346,-0.6135359,-0.3643754,-0.5702417,-0.37799752,-0.4369767,-0.4595738,-0.25459844
83,530,-0.5015063,0.6836257,0.036177605,0.43313533,-0.38443935,0.2876575,0.032173723,0.10224563,-0.7921301,0.37140816,-0.22506678,0.41306448,0.5363944,0.4452596,0.51709515,-0.17112768
83,556,-0.05520995,0.31735387,-0.50164026,-0.34704384,-0.00087064505,-0.016664281,-0.009785473,-0.051978678,-0.3878377,0.30593085,0.45034194,0.16020657,0.40094998,0.19304147,0.25017622,-0.7823565
83,558,-0.97565615,-0.5353329,0.58229494,0.18121128,-0.26535887,-0.114848,0.60504985,0.14722592,0.1477972,0.13952939,-0.5582707,-0.16363034,0.14076115,0.254625,-0.14207631,0.007129535
83,571,-0.38406527,0.53955615,0.19430095,0.6107436,-0.28517503,0.3519292,-0.036095727,0.13625973,-0.696067,0.3281542,-0.24117418,0.42135864,0.37227148,0.33745754,0.45780438,0.07850978
83,574,-0.89991087,-0.69152224,0.55584246,0.13839453,-0.30143902,-0.14212495,0.8566473,-0.07013109,0.18382642,0.19012378,-0.35552758,-0.121521406,0.13803011,0.33675203,-0.25957903,0.11887644
83,588,0.666405,0.11330612,-0.09958653,-0.54370093,-0.538878,-0.32454693,-0.07115573,-0.19290772,-0.19614759,-0.5487791,-0.0671013,-0.3214607,-0.017667934,-0.28954527,-0.4485101,0.68356895
83,594,0.46165115,0.047009,0.36238754,1.028169,0.40956885,0.69198835,-0.31224817,-0.055395037,-0.29028127,0.42319816,0.40199393,0.78772604,-0.2850368,0.014494449,0.42885593,0.465579
83,598,0.4787125,-0.17739156,-0.66147095,-0.69579804,0.38431308,-0.1679719,-0.11376463,-0.122856915,-0.11323951,0.33187038,1.0588412,0.08065459,0.19745097,-0.01651072,0.035099886,-0.97270894
83,621,0.8700458,-0.7305268,-0.32600176,-0.4156007,0.767967,0.055305704,-0.25555974,-0.022039324,-0.027985863,0.5575162,1.5180442,0.38422114,-0.04247806,0.017941773,0.02440507,-0.76326907
83,629,-0.48252308,0.10821283,-0.7723434,-1.0443331,-0.03593456,-0.3784237,0.13928513,0.051867574,0.26990438,0.16860168,0.17130595,-0.22738984,0.29632753,0.01959212,-0.0084037185,-1.2517409
83,632,-0.3005653,0.20214406,-0.6746805,-0.7629485,-0.0090531,-0.2392947,0.07241145,0.012591094,0.031564534,0.17301984,0.2579366,-0.11258092,0.31373465,0.06134501,0.07577362,-1.0489339
83,639,-0.16180444,0.21939674,-0.21605413,0.66074234,0.38548616,0.032601904,-0.43944365,0.44069916,0.4135129,-0.6125456,-0.37334338,-0.5719268,-0.37882897,-0.43799534,-0.45744663,-0.26509377
83,641,-0.13569826,0.40704617,-0.2144642,0.76540303,0.27659467,0.15706678,-0.45542854,0.38968775,0.13893113,-0.49826056,-0.3554306,-0.387587,-0.24190882,-0.34752965,-0.25078762,-0.14550975
83,659,0.47221422,-1.2531507,0.20524706,0.07577816,0.101919904,0.31778198,-0.8874753,1.1151047,0.51241946,0.7036587,0.66886795,0.34685963,-0.013376182,0.28208664,0.15426323,0.78247213
83,671,-0.631465,-0.008117601,-0.22035922,-0.5027137,-0.56066954,-0.16188636,0.07564795,0.40636554,-0.1561182,0.3684638,-0.20543641,-0.06661822,0.54401267,0.3133493,0.1953552,-0.26934046
83,672,-0.43700498,0.59413534,0.17263435,0.5906774,-0.3370138,0.34923118,-0.018545281,0.13473591,-0.74303734,0.34860367,-0.2630513,0.43281746,0.43036032,0.37782276,0.48489434,0.04312346
83,676,-0.84733534,-0.8226861,0.5069432,0.12463054,-0.35352707,-0.15288134,1.1391919,-0.3260144,0.20638242,0.25803822,-0.13258995,-0.051819995,0.15404886,0.45462885,-0.3858704,0.21785337
83,691,-0.17420168,0.33261937,-0.20271404,0.7354259,0.31660458,0.113799594,-0.44246018,0.41611934,0.24606049,-0.5297258,-0.38135815,-0.44932956,-0.29020175,-0.3770203,-0.31807604,-0.19941196
83,698,-0.77438706,-0.1516211,0.17343906,0.49262488,0.18963584,-0.080351844,0.1269337,0.31412616,0.50079113,-0.23535727,-0.59758997,-0.36580372,-0.24495898,-0.075305685,-0.37553683,-0.40128568
83,699,0.6470213,0.19876379,-0.21970423,-0.4574894,-0.54546857,-0.28235763,-0.2341222,-0.056322128,-0.16791172,-0.54660386,-0.1370801,-0.3777687,-0.007461644,-0.30894455,-0.43977034,0.66994035
83,700,-0.38041627,0.17201176,-0.7024438,-0.85901546,-0.027166411,-0.29008067,0.09827787,0.035142466,0.12269932,0.16172226,0.2033292,-0.16292852,0.30539012,0.045173824,0.04420994,-1.1090183
83,701,0.019766629,0.2521839,-0.53360647,-0.39283994,0.09642112,-0.04474833,-0.017600685,-0.08566597,-0.30788177,0.29113382,0.53050625,0.14091314,0.33196676,0.1342203,0.19881544,-0.8584306
83,707,-0.53596973,0.16444135,-0.2955432,-0.42691603,-0.42806453,-0.10625951,0.0681403,0.27240098,-0.24412543,0.32618672,-0.0937444,-0.0013914332,0.5178706,0.2948317,0.23535725,-0.42324802
83,709,-0.19646713,0.21316509,-0.18915601,0.65949154,0.3728294,0.036391903,-0.41764122,0.44169497,0.4009323,-0.5828818,-0.39349473,-0.5479275,-0.36364207,-0.41586483,-0.4293148,-0.26766682
83,711,0.3285578,0.24839793,0.31672412,1.043937,0.27172768,0.6677119,-0.26934204,-0.06511,-0.41699958,0.36932492,0.24940872,0.735981,-0.16967387,0.03490378,0.43786952,0.4412185
83,715,0.49482602,0.056232944,0.3684224,1.0672631,0.42713812,0.7224828,-0.3202319,-0.078335226,-0.2929793,0.4345265,0.42595273,0.8218059,-0.30440208,0.0047937986,0.44009358,0.48972806
83,720,0.15966149,0.05265612,-0.11066748,0.35927242,0.19867271,-0.057571575,-0.27500355,0.2328354,0.26379722,-0.66774744,-0.09357366,-0.5367937,-0.27900335,-0.40139598,-0.5155204,0.03634277
83,731,-0.6023166,0.04903175,-0.24612372,-0.47985312,-0.5131761,-0.14556837,0.07572928,0.35962903,-0.18030974,0.35226315,-0.16999042,-0.046514347,0.53252506,0.30485028,0.20738032,-0.32664353
83,735,-0.49467677,-1.0193623,0.0068629235,-0.7334509,-0.9989439,-0.2298146,-0.39798212,1.3111119,0.25839344,0.66063267,-0.18210739,-0.23444434,0.6688962,0.47924483,0.027116612,0.6717546
83,753,-0.17114986,0.40929946,-0.17684747,0.75590426,0.22891232,0.16885155,-0.42765146,0.38155988,0.08442888,-0.45571226,-0.36850482,-0.34879118,-0.19367719,-0.3025165,-0.20137429,-0.12464571
83,754,-0.13810423,0.21329525,-0.21681441,0.6436938,0.3792704,0.024660088,-0.43859094,0.43753597,0.4089337,-0.6170996,-0.35754046,-0.5721226,-0.37674597,-0.43869308,-0.4626121,-0.2480376
83,755,0.38005465,0.31923378,-0.36964375,0.30085546,0.020045428,-0.03034921,-0.4932024,0.2430912,0.1118235,-0.68147063,-0.11365253,-0.5471955,-0.21566446,-0.43835518,-0.46686876,0.21442473
83,756,-0.5175256,0.15783064,-0.005699426,0.6273124,0.24563423,0.033486344,-0.27325165,0.47091568,0.349978,-0.3942473,-0.5813276,-0.4249844,-0.24302973,-0.24337174,-0.28131363,-0.33381963
83,759,0.64877546,0.0053658485,0.3157466,-0.8366567,-0.58454347,-0.42111313,0.50749433,-0.7134575,-0.4837173,-0.37367168,0.06684154,0.033193097,0.059033126,-0.095764965,-0.18866816,0.7515899
83,764,-0.5655269,0.1287447,0.010229215,0.61739093,0.2520918,0.016481135,-0.2592733,0.48594064,0.3920763,-0.39208603,-0.61200976,-0.4403522,-0.25429183,-0.24127753,-0.29880825,-0.3678123
83,766,0.33728552,0.04126271,0.25286362,0.05680898,0.13006093,-0.036510006,0.51672846,-0.6122456,-0.19964403,-0.36996737,0.31212705,-0.08478725,-0.028654225,-0.032176472,-0.11109256,0.24206707
83,769,-0.7849933,-0.3633935,0.27737683,0.39600155,0.051466808,-0.10332286,0.48227108,0.06784417,0.4233718,-0.08740215,-0.42399663,-0.25047585,-0.14841327,0.092990175,-0.40041602,-0.23142952
83,770,0.4414032,0.12554333,0.3559566,1.0675755,0.36439848,0.7113124,-0.3076309,-0.07010344,-0.33253592,0.4152112,0.3586681,0.79819846,-0.25687304,0.013559394,0.44565564,0.49934715
83,772,0.43299907,0.19165494,-0.15592037,0.18436164,0.008287948,-0.037352875,-0.19334741,-0.012715638,-0.0076655447,-0.6250685,0.047282577,-0.43750697,-0.15639278,-0.34330457,-0.40734875,0.2787388
83,782,0.40799785,0.07916245,0.35651383,1.0084887,0.3557247,0.6763745,-0.3007707,-0.037200958,-0.33906046,0.43683827,0.36931813,0.7816167,-0.2305837,0.045998983,0.44021696,0.4490403
83,800,-0.18864846,0.21905202,-0.20339097,0.6666615,0.38082293,0.036424637,-0.4302305,0.44480222,0.41085953,-0.59672356,-0.39061117,-0.55966693,-0.372538,-0.4278833,-0.44321597,-0.27281168
83,814,0.26830798,0.16919675,0.33767274,0.94942474,0.22544038,0.6181094,-0.24947408,-0.0018754601,-0.43522474,0.41357517,0.26031917,0.7143944,-0.10927034,0.0976157,0.43950647,0.40016395
83,817,-0.14165837,0.4063797,-0.22472681,0.77268875,0.2885566,0.153578,-0.4645499,0.39734197,0.16079786,-0.5107513,-0.3615157,-0.40195894,-0.25502613,-0.3594488,-0.26834974,-0.16117513
83,822,0.5217037,0.3114821,0.18203968,-0.83245325,-0.4540708,-0.29638082,0.31136465,-0.7425154,-0.31036967,-0.07127499,-0.24662502,0.19883423,0.006692511,-0.016350668,0.29697248,0.72283983
83,830,-0.9729213,-0.5942769,0.5872652,0.15632221,-0.28416845,-0.13055272,0.67375237,0.10463241,0.16519412,0.15816523,-0.51935494,-0.16111228,0.14532103,0.2767544,-0.17188561,0.0397024
83,835,0.07919298,0.27339166,-0.47335702,-0.2739034,0.09705736,0.012914229,-0.038622208,-0.09547764,-0.41386968,0.32483017,0.5694481,0.2109643,0.35177353,0.16907379,0.24305138,-0.7761731
83,841,-0.1827328,-0.53123236,0.62132573,0.38398954,0.53180987,-0.07552038,0.54379946,-0.20056355,0.34100425,-0.54804903,0.15576696,-0.34183532,-0.3499053,-0.21080504,-0.50260913,-0.2505118
83,842,0.22548197,0.16763404,-0.25362146,0.34641564,0.12378381,-0.05660583,-0.4311502,0.3121006,0.24547404,-0.68733644,-0.14861624,-0.5737813,-0.26344034,-0.43664363,-0.51671356,0.09643682
83,850,0.41510737,0.09296661,0.17733249,0.0064492524,0.06794587,-0.05046483,0.4412319,-0.59753466,-0.2161413,-0.40771997,0.30186582,-0.12399888,-0.022370905,-0.06994445,-0.14008886,0.29961884
83,853,0.63860714,0.16738154,-0.18499906,-0.48301992,-0.5507285,-0.2986132,-0.19562949,-0.076759696,-0.16744787,-0.5405426,-0.1333752,-0.36007118,-0.01187782,-0.30115315,-0.4460941,0.6710043
83,857,-0.41088915,0.5813849,-0.026903063,0.30825862,-0.31823042,0.22349426,0.018618919,0.109543845,-0.69401044,0.3226813,-0.14062636,0.33327448,0.48095366,0.37959,0.45532167,-0.20905334
83,863,-0.5256252,0.06558443,-0.7761389,-1.1039392,-0.04002679,-0.41358972,0.15509339,0.07031885,0.3373394,0.16757308,0.1425384,-0.2569399,0.28296387,0.0055797473,-0.033480726,-1.2825811
83,864,0.09423728,0.23682758,-0.45730627,-0.27235803,0.124351606,-0.00015813857,-0.043080308,-0.08540329,-0.3664134,0.29283315,0.5546823,0.17906062,0.31176737,0.13731991,0.21367058,-0.7562481
83,865,0.7097921,-0.49053773,-0.4912517,-0.5675888,0.60900205,-0.06338595,-0.18847613,-0.07777548,-0.05133506,0.44203943,1.3227159,0.229389,0.054912724,-0.016992236,0.015223838,-0.8725828
83,874,-0.13066424,0.3420979,-0.5112918,-0.37824073,-0.04867038,-0.034448467,0.004324738,-0.025797755,-0.3617456,0.278118,0.36807394,0.1200925,0.41622695,0.19659345,0.24649543,-0.779222
83,888,-0.6759785,-0.12510654,-0.19305979,-0.57594955,-0.6910813,-0.19082214,0.052889936,0.5186537,-0.13526951,0.42870027,-0.24803671,-0.0975409,0.60599047,0.35519856,0.18306223,-0.14442596
83,889,0.3423522,-0.0038818568,0.06560773,0.20674054,0.14054054,-0.04360021,0.077890456,-0.16261134,0.034213096,-0.60326743,0.16748211,-0.36955237,-0.18550365,-0.28156683,-0.4277084,0.17980081
83,897,0.85168445,-0.76152563,-0.22767918,-0.30942515,0.7773068,0.09183077,-0.2643205,0.02051799,-0.012613773,0.5344381,1.4448804,0.3896439,-0.08513767,0.018032579,0.023689784,-0.657436
83,926,0.5217037,0.3114821,0.18203968,-0.83245325,-0.4540708,-0.29638082,0.31136465,-0.7425154,-0.31036967,-0.07127499,-0.24662504,0.19883423,0.006692511,-0.016350668,0.29697248,0.7228397
83,935,0.30620652,-1.445061,0.15224716,-0.22313657,-0.26872382,0.16508323,-0.91911983,1.3863126,0.5737691,0.7669861,0.5065559,0.15282236,0.18807863,0.36992168,0.07172987,0.954793
83,942,-0.109815225,0.22291847,-0.23800872,0.6393468,0.3770198,0.0188069,-0.45699245,0.4424104,0.41213185,-0.6335547,-0.346536,-0.57894826,-0.38366553,-0.4522946,-0.4797172,-0.23559195
83,944,-0.2352162,0.3748954,-0.1562805,0.7460457,0.23268428,0.15002328,-0.41098344,0.4010491,0.13319579,-0.45260203,-0.4082556,-0.36772805,-0.20329858,-0.29835632,-0.2214837,-0.16643104
83,948,0.07919295,0.2733917,-0.47335696,-0.27390334,0.09705736,0.012914229,-0.038622208,-0.09547764,-0.41386968,0.32483017,0.5694481,0.21096434,0.3517735,0.16907378,0.24305135,-0.7761731
83,952,0.69597685,0.05461473,0.29616266,-0.8933953,-0.6223513,-0.43024772,0.51907074,-0.7711457,-0.52716255,-0.36563194,0.07157779,0.05106893,0.08149533,-0.08728182,-0.15123841,0.7956523
83,982,-0.57553595,0.34442356,0.2241684,0.5993467,-0.1948854,0.22763124,0.01951576,0.19026352,-0.3750831,0.089907795,-0.4671154,0.13040932,0.22267663,0.18859741,0.20468059,-0.0038052052
83,983,0.47406805,0.3367501,-0.31770772,0.17202267,-0.09800636,-0.030544817,-0.4066174,0.1258856,-0.038842782,-0.6225413,-0.06877068,-0.4831034,-0.12557547,-0.3784907,-0.3749654,0.34973302
83,986,-0.9099198,-0.784685,0.544741,0.1179941,-0.35113892,-0.1550096,1.0186808,-0.19354784,0.20189014,0.2392265,-0.25832003,-0.0921279,0.16157459,0.40916935,-0.3287033,0.17200656
83,991,0.36849785,0.022461496,0.032071084,0.2014988,0.126424,-0.043876275,0.048305146,-0.15806234,0.029786244,-0.6161304,0.16623956,-0.38215792,-0.18573725,-0.29501873,-0.43544286,0.19455837
83,994,0.104773715,0.44006532,0.2445474,0.9681312,0.091739595,0.56872714,-0.2048152,-0.021485418,-0.5464964,0.27253807,0.040428698,0.5907928,-0.0011535771,0.07953206,0.40873152,0.33234224
83,996,0.0897976,0.28969184,0.13394946,-0.89732456,0.6430248,-0.032518372,-0.26126623,-0.9402158,1.5115461,0.7695435,-1.3412677,0.63464195,-1.0627464,-0.108730525,1.2548491,0.2904874
83,1003,-0.26642978,-0.07396278,0.02762203,0.5381613,0.43623206,-0.0784163,-0.17976874,0.36739677,0.557593,-0.61737096,-0.32070148,-0.571453,-0.42556867,-0.40679997,-0.56359386,-0.33408841
83,1021,-0.33731794,0.42460412,-0.46038592,-0.35243818,-0.18987694,-0.033481397,0.041673385,0.050040886,-0.3582647,0.23880808,0.1292747,0.07420005,0.46220616,0.238001,0.27400574,-0.6948683
83,1022,0.82401747,-0.7971009,-0.07796033,-0.13526902,0.79393774,0.15883598,-0.27769393,0.0783571,-0.0042992085,0.5100416,1.3426379,0.41532505,-0.14473648,0.027416503,0.032418616,-0.5046525
83,1036,0.6504276,0.028503604,0.048299924,-0.5762875,-0.48349136,-0.34060484,0.11408661,-0.33299392,-0.2297438,-0.5359539,0.012729645,-0.25170296,-0.02766703,-0.2553278,-0.42220068,0.66284883
83,1040,-0.91768456,-0.8067844,0.54606885,0.112832665,-0.36186674,-0.15897569,1.0532222,-0.2167125,0.20761329,0.24995647,-0.2425536,-0.08727524,0.1664768,0.42394117,-0.3430825,0.18060169
83,1049,0.36585653,-1.4306774,0.16178283,-0.15663442,-0.17768162,0.19472837,-0.9393097,1.3558915,0.59055054,0.73794717,0.54607743,0.17493539,0.13022627,0.34198245,0.07145639,0.93795323
83,1054,0.48863858,0.045886844,0.36696655,1.0513798,0.42760578,0.7102677,-0.31804502,-0.070649266,-0.2809468,0.4253819,0.41861266,0.80528283,-0.3054483,0.0029707495,0.43265083,0.48312882
83,1058,0.85174096,-0.752221,-0.25545835,-0.34177497,0.7700664,0.080165535,-0.26114094,0.0115326345,-0.015549667,0.5394325,1.4596941,0.38519347,-0.071252,0.018839836,0.023837984,-0.68508196
83,1063,-0.2236565,0.27097553,-0.20176674,0.7177486,0.36084008,0.07211934,-0.43884897,0.44864386,0.36079493,-0.56599647,-0.41316888,-0.51383615,-0.34163696,-0.4084538,-0.39332467,-0.2697237
83,1066,-0.13691056,-1.2990997,0.09889176,-0.52527857,-0.718335,-0.065287605,-0.66021085,1.420237,0.43709487,0.7278549,0.108949274,-0.086720385,0.46146214,0.4387979,0.027366363,0.88990545
83,1075,-0.52655226,0.04319314,-0.75863993,-1.09699,-0.02873712,-0.4203499,0.15510474,0.079256,0.36355352,0.15416281,0.12578505,-0.27117968,0.26237297,-0.007825638,-0.047767453,-1.2686164
83,1084,-0.31079155,0.31801534,-0.10934089,0.710741,0.22985515,0.12048648,-0.367203,0.41556913,0.18019581,-0.42734843,-0.4535501,-0.3729555,-0.20780817,-0.2749837,-0.22763443,-0.20577168
83,1088,0.3241129,-0.73585093,0.23044124,0.28831744,0.18863946,0.38414723,-0.5881551,0.66685015,0.1720554,0.6094465,0.54212457,0.48090136,-0.014076792,0.25571734,0.2820256,0.46281344
83,1095,-0.6847616,-0.17844221,-0.16745417,-0.58618593,-0.7377613,-0.19770016,0.03827375,0.5697557,-0.125899,0.44730616,-0.26901802,-0.110551864,0.6220938,0.36941037,0.17513204,-0.0765374
83,1100,-0.4778642,0.6826539,0.035964787,0.44255278,-0.37642533,0.29424703,0.026264437,0.09642841,-0.80397433,0.37742543,-0.20363331,0.4247371,0.5331954,0.44272125,0.5206624,-0.16253933
83,1111,-0.97565615,-0.53533304,0.5822949,0.1812113,-0.26535887,-0.11484799,0.6050499,0.14722592,0.1477972,0.13952933,-0.5582707,-0.16363034,0.14076114,0.254625,-0.14207631,0.0071295425
83,1112,0.43657172,0.38397044,-0.39364368,0.26889813,-0.03616,-0.014627181,-0.49354148,0.1980246,0.02574426,-0.6531188,-0.100796744,-0.51456916,-0.1745133,-0.41626,-0.4097845,0.2759347
83,1114,-0.35903612,0.53058064,0.20491627,0.63416934,-0.27374932,0.37198323,-0.04472561,0.12948757,-0.70237315,0.34535766,-0.21520787,0.4495951,0.36284572,0.3360742,0.4668828,0.09904808
83,1118,-0.4158401,0.6856102,0.002096489,0.44107908,-0.3251289,0.2960821,0.0139609575,0.06462452,-0.8001177,0.37088376,-0.14350897,0.4319036,0.5035388,0.41918844,0.51351047,-0.19999295
83,1133,0.6396365,0.34553382,-0.2727766,-0.25966188,-0.4127876,-0.1603509,-0.27188712,-0.07587919,-0.23015869,-0.5415559,-0.08780125,-0.38162237,0.0077593504,-0.2999441,-0.31108114,0.6067227
83,1137,0.76212204,-0.56702375,-0.45627606,-0.54608536,0.6540186,-0.037193447,-0.2077229,-0.06312391,-0.04218445,0.4802314,1.3940401,0.27148366,0.031988073,-0.0077565815,0.0154352635,-0.8529972
83,1142,-0.10498571,0.22537369,-0.24425791,0.6392876,0.37770918,0.01661947,-0.4625998,0.44556975,0.41621822,-0.63833815,-0.34592107,-0.5815508,-0.38719746,-0.45677432,-0.48588586,-0.23507059
83,1148,0.59819317,0.0096800625,0.09057494,-0.5320648,-0.44342065,-0.32377493,0.14376518,-0.3259192,-0.22682586,-0.51125765,0.008522332,-0.22953005,-0.030930094,-0.23505068,-0.39299923,0.6262622
83,1151,0.80829763,-0.8043355,-0.012708828,-0.051216036,0.8024773,0.19378874,-0.28403306,0.101745665,-0.003859356,0.49866676,1.2945915,0.43078768,-0.17077038,0.034036733,0.03933897,-0.44065312
83,1156,-0.7914234,-0.6593778,0.36930564,0.2547276,-0.19067249,-0.12940237,0.9709882,-0.27409232,0.3094646,0.13159235,-0.15804304,-0.1026685,0.020745482,0.3455009,-0.45487154,0.051867682
83,1161,-0.34421438,0.6807655,-0.03942503,0.43538067,-0.24963927,0.28837466,-0.0012036972,0.030130789,-0.7649897,0.33323306,-0.08999908,0.41264606,0.44667482,0.37102935,0.48460206,-0.24629498
83,1165,-0.5394563,0.62959445,0.12260952,0.48215517,-0.40477112,0.29022732,0.025311291,0.1553894,-0.7428246,0.33347058,-0.3220282,0.3729685,0.5056017,0.42290315,0.48746935,-0.051104426
83,1180,0.01865995,-0.24532509,0.15654147,0.2771274,-0.039783604,0.3002333,-0.33095056,0.46959478,-0.1775487,0.48576057,0.2517333,0.3960476,0.19576284,0.3051648,0.3375348,0.22780499
83,1183,-0.54830736,0.6507529,0.1110713,0.4776318,-0.4212163,0.296497,0.029009134,0.14886096,-0.76908576,0.35386842,-0.31224877,0.39245057,0.52851427,0.4405132,0.50435513,-0.06542048
83,1195,0.03538567,0.25787103,0.119711876,-0.9993532,0.7140975,-0.04805117,-0.3835867,-0.88933206,1.7744077,0.88028926,-1.5385988,0.6601811,-1.1970987,-0.13461119,1.3472831,0.29133874
83,1213,-0.2446239,0.2268632,-0.18291126,0.68848145,0.37488192,0.045973334,-0.41775304,0.4566138,0.40653467,-0.56702065,-0.42547575,-0.53296596,-0.36087728,-0.40914002,-0.41649592,-0.29302165
83,1228,-0.24571258,0.22792977,-0.6691041,-0.7075088,0.009820513,-0.2051255,0.05740743,-0.014507413,-0.033232413,0.19413741,0.31305814,-0.06625794,0.32332107,0.076091245,0.10030454,-1.0380383
83,1230,0.55359447,0.05921346,0.22233574,-0.53416216,-0.38456258,-0.2926656,0.34374756,-0.5317404,-0.35620838,-0.40780574,0.06622583,-0.08657619,0.026106413,-0.12687561,-0.18645558,0.5968584
83,1244,0.70723724,0.19486287,-0.24418233,-0.5308329,-0.5956666,-0.31535494,-0.24024598,-0.08163822,-0.16854279,-0.57535213,-0.12467386,-0.3950873,-0.0075151483,-0.32993808,-0.4838673,0.71541774
83,1249,-0.054757565,0.5968891,0.1759855,0.9438442,-0.036130212,0.5371045,-0.19297488,0.0075129867,-0.6529539,0.23684986,-0.09084934,0.5385911,0.13004832,0.12812226,0.4177995,0.25480202
83,1256,0.40799785,0.07916245,0.35651386,1.0084887,0.35572472,0.6763745,-0.3007707,-0.037200958,-0.3390605,0.43683827,0.36931807,0.7816165,-0.23058367,0.045998976,0.44021696,0.4490403
83,1262,0.37837374,0.16213977,0.37302798,-0.57375395,-0.13173422,-0.19494294,0.51004106,-0.8266622,-0.19501817,-0.086076185,-0.088097975,0.21487729,-0.076605536,0.015344003,0.30573133,0.48773667
83,1273,-0.45341355,0.21287653,-0.04095602,0.65677565,0.24091327,0.06250481,-0.30495077,0.45383716,0.2952508,-0.40449816,-0.5420063,-0.40749598,-0.23191875,-0.25304335,-0.26404604,-0.2955625
83,1275,0.6469655,0.36584467,-0.27202743,-0.26111063,-0.41303977,-0.15335444,-0.26246887,-0.09604865,-0.24807759,-0.5304128,-0.085870236,-0.370376,0.015373153,-0.29322726,-0.28451592,0.61500204
83,1301,0.12247522,-0.5051906,0.64108425,0.32946065,0.6138057,-0.022885531,1.1556814,-0.9602798,0.0901753,-0.4545051,0.7600156,-0.016137302,-0.21647921,0.044659533,-0.42231172,-0.1204741
83,1304,0.55594003,0.062028706,-0.14391886,-0.29455915,-0.36378822,-0.24875994,-0.20920222,0.02202703,-0.026621051,-0.6129456,-0.0800567,-0.44653606,-0.08753789,-0.34674597,-0.54147184,0.5369469
83,1306,-0.014235213,0.20861563,0.1266273,-1.0903558,0.9290117,-0.032071337,-0.49507207,-0.9656471,2.1905265,1.0407255,-1.7741221,0.75078505,-1.4560958,-0.17620362,1.5106566,0.22954789
83,1312,-0.54980624,0.6237464,0.08212325,0.4127906,-0.4076346,0.26023397,0.038947314,0.15476961,-0.7283341,0.33321387,-0.3029759,0.35151064,0.5227998,0.43140167,0.48417923,-0.11202599
83,1317,-0.7443876,-0.70460784,0.39998472,0.21762413,-0.24907893,-0.12270504,1.06693,-0.35759765,0.2332533,0.18402193,-0.0776428,-0.048667617,0.07150589,0.40179762,-0.42943883,0.15141395
83,1321,-0.2517461,0.40336034,-0.5240944,-0.40428713,-0.13105619,-0.04625728,0.02805601,0.007426411,-0.35117614,0.2501377,0.24380988,0.08053054,0.45285958,0.21811998,0.25800917,-0.7712672
83,1324,-0.07490181,0.6040757,0.16810285,0.9268273,-0.047386482,0.5210958,-0.18795317,0.015996978,-0.6519752,0.22298689,-0.11177342,0.5159036,0.14018841,0.12928796,0.40998548,0.24127111
83,1332,0.6495252,0.43070155,-0.26575547,-0.21011117,-0.3755374,-0.10672349,-0.2378322,-0.14450246,-0.30490142,-0.50097317,-0.064523906,-0.34217024,0.03735328,-0.27041337,-0.1956085,0.60927975
83,1335,0.8082976,-0.8043356,-0.012708843,-0.051216036,0.8024773,0.19378874,-0.28403306,0.101745665,-0.003859356,0.4986667,1.2945914,0.43078762,-0.17077038,0.034036733,0.039338972,-0.44065312
83,1354,-0.56361634,0.63512576,0.09602472,0.4353227,-0.42001575,0.27207756,0.03780339,0.15726838,-0.7410061,0.33884364,-0.31988227,0.36191696,0.5294005,0.43888324,0.49087232,-0.095026165
83,1357,-0.18141909,0.36781678,-0.52408975,-0.39902326,-0.082349576,-0.042118274,0.01512935,-0.014333606,-0.35510558,0.2683996,0.3219477,0.10336219,0.4331888,0.2052242,0.25030997,-0.78674483
83,1365,-0.07820828,-0.09925835,0.13204299,0.26825905,-0.11576689,0.2749998,-0.25627315,0.41633847,-0.2813339,0.45435357,0.16295153,0.37259936,0.26491418,0.3254082,0.3578401,0.15940446
83,1369,-0.96796554,-0.6724254,0.59801817,0.13161096,-0.29611272,-0.150011,0.77221483,0.03618644,0.19075337,0.17834912,-0.46646804,-0.15390761,0.13883209,0.30112413,-0.21802104,0.071561664
83,1389,0.6104262,0.40968883,-0.1895221,-0.18786004,-0.3244484,-0.0929991,-0.15342055,-0.19934702,-0.31928426,-0.46605933,-0.042556405,-0.29979533,0.043205068,-0.23470706,-0.13770956,0.5781964
83,1394,-0.9654476,-0.70452523,0.596347,0.1286312,-0.30313876,-0.15443517,0.8317718,-0.013441622,0.20042604,0.19045977,-0.42852306,-0.14238651,0.13828349,0.32204318,-0.24494326,0.08448161
83,1416,0.53432953,0.041463725,-0.116497055,-0.28827795,-0.35154685,-0.24831884,-0.18719612,0.02107735,-0.02245316,-0.6017589,-0.08082172,-0.4357366,-0.08928846,-0.3373979,-0.53496563,0.5250293
83,1430,-0.019078925,0.38900062,0.2763968,0.843081,-0.022038884,0.5254175,-0.1502775,0.03749527,-0.6272217,0.392825,0.049390227,0.62025595,0.13167706,0.21816716,0.46775368,0.26445466
83,1436,-0.96012384,-0.6492164,0.59570694,0.1364496,-0.28582528,-0.14582545,0.7364553,0.060082957,0.18420908,0.16756146,-0.4819883,-0.15890114,0.13523315,0.28676188,-0.20278949,0.063493624
83,1448,0.42026544,0.35798025,0.1494118,-0.8198314,-0.2853348,-0.2365856,0.18528533,-0.7293067,-0.03743896,0.08719243,-0.44947752,0.26562768,-0.13300087,-0.011458384,0.49981228,0.6491605
83,1454,-0.2972933,0.41268373,-0.5111987,-0.40325454,-0.15564898,-0.05053726,0.03657329,0.025714755,-0.33630297,0.23630626,0.187953,0.063550845,0.45363992,0.21986313,0.25702152,-0.7542442
83,1456,-0.48660696,0.045583352,-0.7825956,-1.112478,-0.038845703,-0.4172641,0.14408866,0.07429007,0.3300973,0.16493277,0.17214656,-0.2649048,0.28667358,0.0004137447,-0.038658135,-1.254791
83,1458,0.5995292,0.42011705,-0.13074563,-0.17694584,-0.27750745,-0.077390924,-0.065685056,-0.28909242,-0.3461514,-0.43376946,-0.006974101,-0.2532459,0.053300694,-0.199562,-0.064562954,0.55834323
83,1466,-0.28550908,0.64813197,0.11551911,0.823234,-0.12780893,0.4164111,-0.15870808,0.09545548,-0.6155656,0.13715293,-0.29068908,0.35843438,0.21429677,0.15857138,0.3536176,0.09501821
83,1473,0.4720747,0.0737377,0.3583151,1.0526022,0.41277298,0.70488507,-0.313613,-0.072276354,-0.28751802,0.4113618,0.3920673,0.7921047,-0.29618505,0.00041761622,0.43069142,0.4810322
83,1475,0.3170519,0.3604011,0.12311083,-0.90022886,-0.0026561618,-0.18120281,0.008703679,-0.78852975,0.49012792,0.33278614,-0.7804637,0.3839966,-0.43495044,-0.03918486,0.7819211,0.55719984
83,1483,0.45805234,0.17354733,0.102001615,-0.031365424,-0.01104467,-0.0542621,0.31111538,-0.51481396,-0.24525651,-0.41703206,0.225084,-0.15901934,-0.0064201355,-0.104200594,-0.12244145,0.3574989
83,1486,0.6287951,0.1862174,-0.21329884,-0.4603465,-0.5521641,-0.28874385,-0.23685867,-0.03850925,-0.15803407,-0.5381649,-0.15436026,-0.3732522,-0.009888583,-0.30498224,-0.44416034,0.6654042
83,1487,0.4380005,-1.0906523,0.2167278,0.15536544,0.15388483,0.34309387,-0.79568326,0.96392196,0.41787916,0.6659096,0.63338774,0.3908921,-0.034284398,0.26237574,0.19311452,0.67885435
83,1492,-0.3541019,0.4402334,-0.46683955,-0.35654083,-0.19975239,-0.031028777,0.04604485,0.047062486,-0.36665958,0.24693437,0.12435272,0.082136616,0.4726965,0.24724588,0.2818954,-0.70965517
83,1502,-0.45282066,0.6859635,0.03282371,0.45450675,-0.36422196,0.30205697,0.020054378,0.08671278,-0.8158337,0.3821228,-0.18091276,0.43754524,0.5276546,0.43889022,0.52403796,-0.15989271
83,1511,-0.53661126,0.02578742,-0.76111406,-1.1191481,-0.030882224,-0.43295163,0.15924037,0.08600089,0.38446486,0.1553034,0.12083089,-0.28116897,0.25996011,-0.011903186,-0.05619455,-1.276259
83,1516,0.7804962,-0.7874787,0.0065639764,-0.027146399,0.7799766,0.19854474,-0.281336,0.114868134,-0.010363221,0.48770016,1.2485536,0.42450368,-0.16670541,0.039328545,0.044614684,-0.411204
83,1524,-0.79086673,-0.85293615,0.4703958,0.13124402,-0.36264876,-0.14915046,1.2410868,-0.43961602,0.20308268,0.27649182,-0.021696568,-0.0151179135,0.15170859,0.49416348,-0.43523222,0.26383194
83,1525,0.6418089,0.1109719,-0.08610134,-0.52052677,-0.52239025,-0.31483412,-0.064458326,-0.18508098,-0.19614978,-0.5360132,-0.07311258,-0.31181574,-0.017806888,-0.28004333,-0.4321819,0.66709375
83,1527,0.63822824,0.27990437,-0.26291215,-0.2753193,-0.40985307,-0.18648748,-0.27688006,-0.0451158,-0.1746661,-0.57696605,-0.08057068,-0.41425985,-0.01779066,-0.32390952,-0.38894904,0.5966604
83,1532,-0.43429,-0.6883379,0.7657008,0.4010436,0.61961514,-0.13413657,0.65751725,-0.14385787,0.529998,-0.5169607,0.015562683,-0.3674813,-0.4322023,-0.20584543,-0.555357,-0.43551072
83,1533,-0.16991644,0.14648736,-0.2202311,0.6011064,0.38928035,-0.038823508,-0.44417602,0.49211293,0.52828866,-0.6592049,-0.3847814,-0.6254937,-0.42024952,-0.47228953,-0.55867,-0.2867871
83,1536,0.47447497,0.084388405,0.361043,1.0658838,0.4075331,0.7154871,-0.31453925,-0.0775778,-0.3017946,0.4205019,0.39648783,0.8066571,-0.29118562,0.004030088,0.43872616,0.4890636
83,1545,-0.4060626,-0.8210318,1.0045983,0.36845455,0.6521491,-0.09972228,0.94260436,-0.3767928,0.37870866,-0.44447935,0.19433725,-0.2290222,-0.37778214,-0.098941624,-0.4596542,-0.39147076
83,1547,-0.54060334,0.4091536,0.19686764,0.6315696,-0.18834633,0.25414893,-0.018321559,0.18555462,-0.41572317,0.0873362,-0.4525581,0.15611626,0.22831695,0.18479823,0.22930074,-0.0013292953
83,1553,0.27662736,0.23769598,0.27649102,-0.70563745,0.16822216,-0.12849022,0.22103907,-0.9008589,0.44603992,0.25257587,-0.5670764,0.38769644,-0.44681463,-0.023721145,0.70135987,0.41540155
83,1557,-0.40515533,0.58030903,0.17942742,0.61265785,-0.3083923,0.36162043,-0.029406149,0.12574989,-0.7342746,0.349028,-0.2401714,0.44479132,0.40401894,0.36254176,0.480159,0.054859452
83,1558,0.5042124,-1.4364371,0.18285367,-0.023391217,0.043712124,0.2707599,-0.9890379,1.2862239,0.6549071,0.70240337,0.66659796,0.25168836,-0.009077367,0.27975103,0.08037868,0.9002478
83,1565,-0.38865834,0.60658,-0.026739046,0.3459518,-0.30650494,0.24761142,0.012486368,0.08614372,-0.7306568,0.34708118,-0.11090353,0.3744943,0.48252133,0.38780022,0.47364253,-0.21606389
83,1566,-0.53596973,0.16444136,-0.29554325,-0.4269161,-0.4280645,-0.10625951,0.06814028,0.27240095,-0.24412541,0.32618672,-0.0937444,-0.0013914183,0.5178706,0.2948317,0.23535725,-0.42324796
83,1569,0.5594171,0.41443127,-0.14907752,-0.14661172,-0.28627533,-0.07185879,-0.11701422,-0.21020865,-0.32798243,-0.42596215,-0.052837282,-0.2629413,0.0471377,-0.20402792,-0.07846024,0.545625
83,1572,0.020597517,0.27673167,-0.45262784,-0.27733222,0.051792275,0.0036865696,-0.02925923,-0.059764773,-0.39796153,0.30504036,0.49247646,0.1808211,0.36163488,0.17551434,0.24250406,-0.73260343
83,1574,0.12048428,0.2477126,-0.4461522,-0.2367256,0.13549152,0.021300115,-0.04878536,-0.10147482,-0.40615946,0.31614816,0.5885255,0.21615501,0.3189135,0.15080555,0.23137677,-0.75555766
83,1576,-0.1560238,0.21558222,-0.20556788,0.6506606,0.3757245,0.033225827,-0.42970556,0.43396312,0.3974597,-0.60251844,-0.36730286,-0.5616021,-0.36855257,-0.42793646,-0.4443456,-0.25164634
83,1585,-0.3744896,0.60371,-0.023684084,0.35947374,-0.28552985,0.24826588,0.007941462,0.08137399,-0.71761954,0.33015156,-0.11205655,0.36591274,0.46128455,0.3726905,0.46325976,-0.21399748
83,1592,0.4719473,0.42305547,-0.40324557,0.24733415,-0.07313405,-0.0028824806,-0.48852724,0.16548043,-0.03524126,-0.63144743,-0.09034203,-0.49031305,-0.14404084,-0.39810145,-0.3673502,0.31740868
83,1593,-0.4023714,0.6121894,0.11692122,0.7568915,-0.1582407,0.35531384,-0.13275754,0.14586729,-0.5546,0.10033485,-0.38043654,0.2689703,0.23543143,0.16998631,0.31433326,0.02542498
83,1595,-0.238746,-1.3024043,0.08829142,-0.61108935,-0.82045066,-0.11873758,-0.60536826,1.4394802,0.43055487,0.7410821,0.031529903,-0.1327089,0.5195711,0.4577455,0.016394913,0.880769
83,1618,0.6310477,0.37609714,-0.25648636,-0.24273899,-0.39841658,-0.13976379,-0.24648352,-0.10611707,-0.26321927,-0.5113848,-0.086444646,-0.35387832,0.022690691,-0.27902097,-0.2510079,0.6064043
83,1619,-0.1376798,0.42991087,-0.2044888,0.77042806,0.24749908,0.17372376,-0.4491837,0.3790323,0.08787167,-0.47341096,-0.35263565,-0.3552922,-0.2102992,-0.3219234,-0.21341863,-0.122995496
83,1622,0.5403533,0.0409886,-0.11146523,-0.3006656,-0.3581179,-0.25173092,-0.17768514,0.008984104,-0.029889002,-0.5990001,-0.0775352,-0.43064278,-0.08568901,-0.33469084,-0.53099465,0.53211164
83,1628,0.578927,0.41979715,-0.1401773,-0.16427699,-0.28407705,-0.07499869,-0.09080149,-0.25115743,-0.33822685,-0.4266529,-0.032102466,-0.25535432,0.051370732,-0.20024417,-0.06755053,0.55331516
83,1632,0.6507284,-0.40597305,-0.5537867,-0.6243291,0.54744226,-0.10087864,-0.16717374,-0.09431583,-0.06458442,0.4121225,1.2612904,0.18286856,0.09770077,-0.020092472,0.017017283,-0.91523707
83,1645,0.7333889,0.11166618,0.27244055,-0.9543352,-0.65826005,-0.43668664,0.5294129,-0.8300775,-0.5540894,-0.3426444,0.06405863,0.07849552,0.09849816,-0.08047723,-0.09897796,0.8410903
83,1649,0.4898926,0.19379252,0.0777845,-0.056502968,-0.03643491,-0.06089039,0.2910328,-0.5189484,-0.2561916,-0.42815632,0.2237342,-0.16952159,-0.0013376754,-0.11564184,-0.12845701,0.38284257
83,1655,-0.34476668,-0.27828482,0.27242184,0.48392004,0.48402998,-0.106389344,0.081259504,0.23138463,0.5618262,-0.57366765,-0.24582617,-0.5046936,-0.42831483,-0.3390909,-0.5548245,-0.3716585
83,1661,0.0143586695,-0.20611808,0.22294672,0.38037792,0.35621375,-0.053555414,0.09841071,0.031279743,0.2795451,-0.6093969,0.040519714,-0.43625116,-0.29988682,-0.30538768,-0.49560022,-0.086987525
83,1663,-0.21070081,0.21029523,-0.18384741,0.66227436,0.37343335,0.036259636,-0.41375136,0.44496262,0.4057877,-0.57857686,-0.4019475,-0.5461826,-0.36337155,-0.4132923,-0.42739266,-0.27493095
83,1673,0.6382281,0.27990437,-0.26291215,-0.2753193,-0.40985307,-0.18648751,-0.27688003,-0.0451158,-0.1746661,-0.57696605,-0.0805707,-0.4142598,-0.01779066,-0.32390952,-0.38894904,0.5966604
83,1681,-0.5570029,0.6592666,0.10498123,0.47135112,-0.43071133,0.29729158,0.03150539,0.1477239,-0.77824026,0.36248988,-0.31101888,0.3984794,0.5402059,0.4494737,0.5109302,-0.07380587
83,1695,-0.35154724,0.059509166,-0.74339193,-0.9930079,-0.021651648,-0.35491472,0.09779237,0.05698739,0.20074606,0.1797684,0.26465768,-0.20695819,0.3067591,0.024449466,0.00047509372,-1.1411587
83,1696,-0.3005653,0.20214406,-0.6746805,-0.76294863,-0.009053089,-0.2392947,0.07241145,0.012591079,0.031564534,0.17301984,0.25793648,-0.11258092,0.31373465,0.06134502,0.07577362,-1.0489339
83,1703,-0.5476872,0.59674805,0.09928534,0.4158196,-0.39597976,0.2523648,0.036445312,0.16681416,-0.6982651,0.3125776,-0.32036337,0.3282395,0.5014512,0.41552544,0.46605292,-0.092311114
83,1714,0.3497603,0.19892631,0.331826,1.0271301,0.2965749,0.6575458,-0.268218,-0.0577859,-0.37705368,0.36120534,0.26458508,0.72091883,-0.19704647,0.022790166,0.42428747,0.45039305
83,1756,-0.12613437,0.19440234,-0.24632646,0.627058,0.38736996,-0.008613899,-0.4656859,0.46942216,0.47511935,-0.6612646,-0.36003605,-0.6123266,-0.40840057,-0.47495535,-0.5317528,-0.26038522
83,1760,0.114107326,0.25446385,-0.4629889,-0.257192,0.12684438,0.017091494,-0.046136566,-0.10409674,-0.40994328,0.32350314,0.59613425,0.21727394,0.33166793,0.15690997,0.23508692,-0.77302635
83,1769,0.598858,0.20219874,-0.17325075,-0.37454847,-0.46896076,-0.23802026,-0.19246317,-0.07202357,-0.18384239,-0.5212104,-0.11419915,-0.35423636,-0.0048844293,-0.28427592,-0.37933043,0.62067485
83,1790,-0.13348587,0.24693933,-0.5990211,-0.5524039,0.036694795,-0.12747858,0.022946477,-0.041367143,-0.16984999,0.23782931,0.39845902,0.029929161,0.3355107,0.110081136,0.15154481,-0.9409362
83,1794,0.4787125,-0.17739156,-0.66147095,-0.69579804,0.3843131,-0.1679719,-0.11376463,-0.122856945,-0.11323951,0.33187044,1.0588412,0.08065459,0.19745098,-0.01651072,0.035099886,-0.97270894
83,1799,0.22481973,0.36813396,0.08916657,-0.9636104,0.27564865,-0.12457849,-0.16892487,-0.85158527,1.0000533,0.5642885,-1.1047469,0.49904805,-0.7366886,-0.07713903,1.0473236,0.4692944
83,1809,-0.39785784,-0.862128,1.0389785,0.37135062,0.68669164,-0.10271551,0.99333936,-0.4199497,0.39371473,-0.4658308,0.24266237,-0.23237322,-0.39346817,-0.10445949,-0.48856032,-0.40934375
83,1815,-0.44257432,0.13662283,-0.78097016,-1.0167917,-0.039309673,-0.353356,0.12705487,0.034482136,0.2056903,0.18865253,0.21847546,-0.19338398,0.32297087,0.040735655,0.017778486,-1.2410449
83,1822,0.534481,-0.252155,-0.6097904,-0.65112555,0.44153342,-0.14083916,-0.13121065,-0.11189133,-0.097620204,0.35236543,1.1131492,0.11471115,0.15628654,-0.02054079,0.02889169,-0.9379101
83,1824,0.120162025,0.29859126,0.13943204,-0.91670036,0.605768,-0.04566309,-0.22526756,-0.9706044,1.4427973,0.74508333,-1.2954301,0.6308871,-1.0247991,-0.10088943,1.2382193,0.3123809
83,1827,-0.68446064,0.13476339,0.31104177,0.49021876,-0.20421496,0.13660347,0.13335794,0.21375069,-0.23260733,0.0858185,-0.51794463,0.035025015,0.19611885,0.19345155,0.12224765,-0.02036786
83,1828,-0.40832806,-0.8048804,0.9641735,0.37487727,0.6536708,-0.10781254,0.8973923,-0.3406133,0.41335648,-0.46558648,0.17172262,-0.2586859,-0.39226365,-0.12216296,-0.48734868,-0.40395954
83,1836,0.061747506,-1.3742365,0.1221218,-0.3967158,-0.52055854,0.04036989,-0.7760986,1.4036171,0.49961013,0.7597706,0.29491448,0.029399782,0.34054527,0.41143858,0.050580937,0.9214206
83,1866,0.59231174,0.06647088,-0.13233589,-0.35118404,-0.39601812,-0.26403677,-0.17567122,-0.031290323,-0.05950494,-0.60715276,-0.06308162,-0.43017006,-0.071795866,-0.33978632,-0.52883166,0.57254905
83,1872,0.56662995,0.18198785,-0.13737424,-0.33318684,-0.42395288,-0.22131814,-0.16374397,-0.07432121,-0.17702101,-0.51272833,-0.10087086,-0.3457711,-0.011093194,-0.2744462,-0.36421815,0.58906424
83,1879,-0.72095287,0.049035013,0.34409723,0.4443819,-0.20341197,0.09855737,0.17549647,0.22449204,-0.17113052,0.08072248,-0.53615856,-0.006478153,0.18112485,0.19129913,0.087757066,-0.025487766
83,1891,0.84015274,-0.783296,-0.13969104,-0.20550546,0.791435,0.13146156,-0.27234268,0.051570952,-0.008078605,0.52051985,1.3893797,0.40600616,-0.1225055,0.02190183,0.028050482,-0.56949127
83,1899,-0.23132004,0.18472792,0.08098611,0.27934802,-0.2212674,0.24849577,-0.122516245,0.28815174,-0.48131987,0.4013071,0.029511869,0.35440385,0.3715442,0.35513616,0.3983958,0.012562923
83,1908,-0.897674,-0.23837176,0.48197114,0.3091221,-0.2164174,-0.019257754,0.35447866,0.23766299,0.017139092,0.0910161,-0.6113293,-0.11574814,0.14829,0.20763022,-0.020559713,-0.062165737
83,1918,-0.370556,0.4485453,-0.45440322,-0.3410689,-0.2040134,-0.025793202,0.048910186,0.049658343,-0.3682024,0.24566813,0.104648024,0.08597173,0.47058323,0.25069723,0.2852275,-0.7053634
83,1920,0.7323469,-0.53153527,-0.46147662,-0.5447918,0.63072395,-0.047099233,-0.19814292,-0.06531289,-0.045669787,0.45774406,1.3474412,0.24998884,0.039192464,-0.012594041,0.015398718,-0.84902847
83,1926,-0.022588924,0.19111899,0.13520445,-1.0013018,0.9234494,-0.015793063,-0.47403187,-0.9242804,2.110107,0.98630255,-1.7070178,0.7159673,-1.4175527,-0.17530997,1.4446733,0.20150247
83,1941,-0.0027654022,0.2942167,-0.48663086,-0.32085183,0.02989211,-0.0056344867,-0.021098811,-0.063465565,-0.40297478,0.3191427,0.49903685,0.18183772,0.3880077,0.18827064,0.25009605,-0.77005064
83,1946,0.10100429,0.30972147,0.2993312,0.89845586,0.071221024,0.58016026,-0.19937982,0.018511921,-0.5639444,0.42610395,0.1477983,0.6878284,0.043297764,0.1818168,0.47422495,0.32716465
83,1956,-0.19205704,0.39243942,-0.15587382,0.740889,0.21927547,0.1623092,-0.4086249,0.38137653,0.084523916,-0.44019938,-0.3789466,-0.34164017,-0.18571445,-0.28718743,-0.19229963,-0.12711257
83,1959,0.4787125,-0.17739159,-0.6614709,-0.69579816,0.38431308,-0.1679719,-0.11376463,-0.122856975,-0.11323951,0.33187038,1.0588411,0.08065459,0.19745097,-0.016510718,0.035099883,-0.9727088
83,1973,-0.42208928,-0.7431741,0.83897054,0.39368454,0.6459764,-0.12885533,0.75112844,-0.22122031,0.5054909,-0.51453584,0.08548275,-0.33975643,-0.42793548,-0.18495055,-0.5519375,-0.43505487
83,1976,0.5217037,0.3114821,0.18203968,-0.83245313,-0.4540708,-0.29638082,0.31136465,-0.74251544,-0.31036967,-0.07127499,-0.24662504,0.19883423,0.006692509,-0.01635067,0.2969725,0.72283983
83,2006,0.4951583,0.119003356,0.30607814,-0.5388274,-0.32770503,-0.25452054,0.48946285,-0.6885847,-0.41681018,-0.30229056,0.08540687,0.042488366,0.061115384,-0.03750566,0.0043671355,0.5629987
83,2016,-0.50150627,0.6836257,0.03617762,0.43313536,-0.38443938,0.2876575,0.032173716,0.10224563,-0.7921301,0.37140816,-0.22506677,0.41306448,0.5363943,0.44525954,0.51709515,-0.17112765
83,2025,-0.42370397,0.63978255,0.038019747,0.43958664,-0.32851368,0.28232002,0.014131725,0.095088154,-0.7645401,0.34853458,-0.17696269,0.399633,0.487161,0.40528938,0.49259266,-0.15087245
83,2028,0.33780515,-0.026518255,-0.7352236,-0.7425846,0.26888028,-0.18815814,-0.08097284,-0.12548462,-0.14751801,0.29883927,0.9256363,0.03834735,0.27713943,0.01546324,0.06443879,-1.021595
83,2050,0.2770192,0.2943499,0.29779232,1.024872,0.23080969,0.6426418,-0.25476462,-0.055820614,-0.44405913,0.34555078,0.1982128,0.699909,-0.13238367,0.04327055,0.4302415,0.41537213
83,2059,0.6227503,0.22668374,-0.25640988,-0.2802516,-0.40647838,-0.20778947,-0.2882501,-0.0045768023,-0.12028048,-0.60057646,-0.090470836,-0.43877816,-0.04349,-0.34259155,-0.45226067,0.58269584
83,2063,-0.071576685,-0.35817412,0.4053069,0.383263,0.44200185,-0.06455797,0.30300134,-0.07715291,0.3125281,-0.58811563,0.099532634,-0.39712816,-0.32691902,-0.26676914,-0.5059243,-0.16438544
83,2071,-0.5405674,0.6701822,0.052063107,0.4204789,-0.4071435,0.2763894,0.039717652,0.12542045,-0.7712553,0.35945517,-0.26886588,0.38876444,0.5428072,0.4489651,0.5089722,-0.15441576
83,2080,0.4025908,0.112090275,-0.06455968,0.19339797,0.06591908,-0.039711393,-0.07692371,-0.083482355,0.0087400675,-0.61991334,0.10401791,-0.40904427,-0.17149921,-0.32020482,-0.4190141,0.2384503
83,2083,-0.4223294,0.65594757,0.030555308,0.44529977,-0.33084998,0.28976303,0.01450146,0.08539368,-0.782101,0.36088884,-0.16615176,0.4157743,0.4959695,0.41345006,0.5028725,-0.16251618
83,2084,0.05480358,0.26908064,-0.45399076,-0.26611796,0.08004135,0.009662889,-0.035613686,-0.075816095,-0.40252778,0.3104335,0.52828526,0.19421409,0.34924686,0.16827889,0.2397064,-0.74514306
83,2086,-0.4343291,0.57140744,0.13577852,0.7377273,-0.172041,0.34043282,-0.1041017,0.14776869,-0.5345787,0.10966824,-0.3925508,0.25749922,0.23961715,0.17831388,0.30058822,0.026301183
83,2090,0.48989266,0.19379252,0.077784516,-0.05650294,-0.03643492,-0.06089039,0.2910328,-0.51894844,-0.2561916,-0.42815632,0.2237342,-0.1695216,-0.0013376744,-0.11564184,-0.12845701,0.38284254
83,2099,-0.61458534,0.25713128,0.25873068,0.5519464,-0.1961819,0.18867132,0.062055044,0.20355798,-0.31374377,0.0841084,-0.48709017,0.08690818,0.20944902,0.1875841,0.17045537,-0.009173825
83,2104,0.1329362,0.4239384,0.25085163,0.9841105,0.11430481,0.58654743,-0.21561761,-0.030380994,-0.5357291,0.28857207,0.068143904,0.61654115,-0.020867005,0.07556917,0.41640648,0.34481072
83,2106,0.28777468,-0.09543361,0.17076695,0.22807698,0.21596521,-0.042917967,0.22743021,-0.2508676,0.05375947,-0.5790385,0.23424107,-0.32037345,-0.19637784,-0.23641445,-0.4276355,0.12221865
83,2107,0.26039577,-0.16155532,0.24115388,0.2412043,0.27364057,-0.04214882,0.3606044,-0.34787226,0.06471495,-0.56226236,0.3080026,-0.2795349,-0.2000322,-0.19665901,-0.43082112,0.08654311
83,2108,-0.42218655,0.14726782,-0.75240237,-0.964267,-0.042172976,-0.33130723,0.11708264,0.037842557,0.17261568,0.18340702,0.21314913,-0.18128842,0.32243693,0.045760877,0.029651172,-1.1887656
83,2114,-0.022588924,0.19111899,0.13520446,-1.0013018,0.9234495,-0.015793048,-0.4740318,-0.9242803,2.110107,0.98630244,-1.7070178,0.7159672,-1.4175526,-0.17530996,1.4446734,0.20150247
83,2123,0.63958037,0.19613984,-0.20862772,-0.42315504,-0.5096857,-0.2656904,-0.22365186,-0.06163469,-0.16452241,-0.5519345,-0.11799282,-0.38230276,-0.01212467,-0.30957812,-0.43300426,0.65062356
83,2133,0.84015274,-0.783296,-0.13969101,-0.2055054,0.79143506,0.13146156,-0.27234265,0.051570937,-0.00807862,0.52051985,1.3893796,0.40600622,-0.12250551,0.02190183,0.028050482,-0.56949127
83,2140,-0.3508523,0.65652585,-0.037454396,0.41062483,-0.255209,0.27444527,0.00084232166,0.044239253,-0.74476606,0.32694924,-0.09681611,0.39402628,0.4459404,0.36696026,0.47432196,-0.23967022
83,2146,-0.18141909,0.3678168,-0.5240897,-0.3990232,-0.08234956,-0.042118274,0.015129343,-0.014333576,-0.3551056,0.26839966,0.3219477,0.10336219,0.43318883,0.2052242,0.25030994,-0.78674483
83,2156,0.49322313,0.38416758,-0.38509822,0.20694962,-0.087075524,-0.022803046,-0.46880037,0.15069675,-0.022207893,-0.6506646,-0.07312612,-0.50617737,-0.14547428,-0.40738016,-0.39941263,0.33644024
83,2166,-0.022588924,0.19111899,0.13520445,-1.0013018,0.9234495,-0.015793048,-0.4740318,-0.9242804,2.110107,0.98630244,-1.7070177,0.7159672,-1.4175526,-0.17530997,1.4446735,0.20150249
83,2177,0.2845629,0.22883768,-0.30201513,0.33027828,0.08045803,-0.045437627,-0.45946556,0.2890888,0.19023287,-0.68222433,-0.13646647,-0.55963904,-0.2430266,-0.4346135,-0.49600136,0.14221019
83,2184,-0.5636164,0.63512576,0.09602472,0.4353227,-0.42001575,0.27207756,0.037803397,0.15726838,-0.7410061,0.33884364,-0.31988224,0.36191696,0.5294006,0.4388832,0.49087235,-0.095026165
83,2185,0.2549063,0.30577713,0.29197443,1.0103052,0.21517074,0.62703305,-0.24679981,-0.048959583,-0.44810355,0.331532,0.17501706,0.67750996,-0.119437724,0.045008227,0.42333695,0.40444985
83,2203,0.85174096,-0.752221,-0.2554583,-0.34177485,0.7700664,0.080165535,-0.26114094,0.0115326345,-0.015549667,0.53943247,1.459694,0.38519347,-0.071251996,0.018839834,0.023837984,-0.68508184
83,2220,0.20074116,0.07550394,-0.15441369,0.35035288,0.18541437,-0.061980143,-0.3097942,0.23380432,0.2676656,-0.6961146,-0.08318898,-0.5595321,-0.28510833,-0.42481592,-0.5427406,0.05328777
83,2228,0.18065794,0.06490794,-0.13337924,0.35456863,0.19139934,-0.059785277,-0.29306775,0.2335019,0.2653136,-0.6818303,-0.08864829,-0.5480397,-0.2819012,-0.41312402,-0.5290737,0.045226663
83,2244,-0.7312798,0.05797711,0.05178155,0.58585143,0.28696463,-0.043963134,-0.20763372,0.52966017,0.5366244,-0.3662336,-0.726256,-0.46613377,-0.3069656,-0.22140567,-0.34728992,-0.5112908
83,2252,-0.8864315,-0.80592215,0.5288839,0.1187793,-0.35680756,-0.15481134,1.0762086,-0.25315148,0.20413217,0.25015587,-0.2026616,-0.07471985,0.16159968,0.43228924,-0.35535222,0.19452298
83,2279,0.27434927,-1.4522877,0.14717391,-0.25725183,-0.31277114,0.14966285,-0.90693516,1.3996968,0.56753033,0.7812266,0.4857949,0.14167053,0.21553141,0.3826515,0.07176553,0.9611325
83,2284,0.100614,0.059590176,-0.7728797,-0.8278674,0.14770778,-0.23327194,-0.022577833,-0.07550445,-0.067330085,0.24942796,0.7001301,-0.044163104,0.3150706,0.031287335,0.060283847,-1.0691243
83,2287,-0.5096274,0.035533972,-0.777167,-1.1219895,-0.034844056,-0.4270646,0.15208147,0.07903059,0.35895067,0.15944071,0.15034798,-0.27485776,0.2738857,-0.0075906795,-0.049015157,-1.2689011
83,2292,-0.44567186,0.35094613,-0.39623594,-0.37790135,-0.29233736,-0.056331053,0.06256884,0.12904453,-0.32573208,0.28278786,0.027495444,0.06120172,0.4955478,0.27382854,0.27407536,-0.6134312
83,2296,-0.5282336,0.67596066,0.043640018,0.423725,-0.3939345,0.27818504,0.03738717,0.11566833,-0.77113473,0.3570357,-0.257515,0.39144528,0.5352698,0.443676,0.5080471,-0.16658065
83,2298,-0.3972823,0.7045897,-0.027786523,0.43516928,-0.30186644,0.29626226,0.010131195,0.043651864,-0.7986079,0.36201823,-0.121011406,0.4322335,0.49174395,0.4081206,0.50974464,-0.2363568
83,2301,-0.9510957,-0.35115066,0.5366259,0.25833434,-0.21682754,-0.063343406,0.42311245,0.23795643,0.08693975,0.09470233,-0.63054675,-0.1532488,0.1319666,0.20726718,-0.06182138,-0.06768076
83,2313,-0.6766886,-0.40842023,-0.11587171,-0.66173434,-0.90437376,-0.22012286,-0.061998636,0.793079,-0.071268655,0.53869176,-0.27969855,-0.14961074,0.6965003,0.4354807,0.138736,0.15370259
83,2316,-0.13767979,0.4299108,-0.2044888,0.77042806,0.24749908,0.17372376,-0.4491837,0.3790323,0.08787167,-0.4734109,-0.35263565,-0.3552922,-0.21029918,-0.32192335,-0.21341863,-0.12299551
83,2317,0.6301732,0.31761628,-0.2633859,-0.25942662,-0.40774095,-0.16784126,-0.2713178,-0.06091118,-0.2102933,-0.55053544,-0.08646259,-0.39055628,-0.0003627101,-0.30479214,-0.33573094,0.5969938
83,2319,0.3587637,0.1610195,0.35191703,-0.6920532,0.023955783,-0.18349265,0.39917308,-0.9141066,0.15263885,0.07365909,-0.31137422,0.30897564,-0.28934827,-0.017010443,0.48355106,0.46755084
83,2323,0.45558262,0.063674614,0.36223966,1.0387042,0.39859858,0.70035803,-0.31166965,-0.05969879,-0.31425563,0.43679667,0.4041649,0.8037454,-0.2718819,0.02452614,0.43906707,0.46476275
83,2326,-0.17173304,0.34615925,-0.21529071,0.7480396,0.320801,0.11867169,-0.45400333,0.41826248,0.24708036,-0.5365285,-0.3815201,-0.45206672,-0.2939343,-0.3834705,-0.32291237,-0.20435745
83,2346,-0.11559135,0.20448957,-0.23913677,0.6259183,0.37725887,0.0013531074,-0.45845377,0.45660973,0.44282353,-0.64598525,-0.35189462,-0.59338284,-0.39370692,-0.4615834,-0.505982,-0.24271205
83,2364,0.120162025,0.29859126,0.13943206,-0.91670036,0.60576797,-0.045663096,-0.22526754,-0.9706044,1.4427972,0.74508333,-1.29543,0.63088703,-1.0247991,-0.10088943,1.2382193,0.3123809
83,2378,0.06174752,-1.3742363,0.122121796,-0.3967158,-0.5205585,0.04036989,-0.77609867,1.403617,0.49961025,0.7597706,0.2949146,0.029399797,0.34054527,0.41143858,0.050580937,0.9214206
83,2381,-0.8976741,-0.23837176,0.4819712,0.3091221,-0.21641743,-0.019257754,0.35447866,0.23766299,0.017139077,0.0910161,-0.6113293,-0.11574814,0.14829,0.20763023,-0.02055972,-0.062165722
83,2390,-0.13385205,0.21006837,-0.24792866,0.6491544,0.39896014,0.008193284,-0.46673584,0.45990366,0.46205765,-0.6552028,-0.36250198,-0.6088218,-0.40747806,-0.47228152,-0.5156449,-0.27141404
83,2393,0.17662348,0.22547334,0.3177845,0.9019016,0.14919637,0.5718458,-0.21898402,0.021641716,-0.48176962,0.38962084,0.18369299,0.6584837,-0.03872655,0.12536807,0.43291837,0.35818928
83,2404,-0.6773972,0.05200945,0.05762738,0.57915443,0.26822835,-0.030555606,-0.21262583,0.5162005,0.49112052,-0.3752761,-0.68462586,-0.46645677,-0.2824231,-0.22729552,-0.33195743,-0.44824973
83,2405,0.12825416,0.23860174,-0.42598665,-0.21370587,0.1441805,0.026247691,-0.05185052,-0.09779537,-0.40341863,0.30980587,0.58147156,0.21627845,0.30581287,0.14510305,0.22796321,-0.7346325
83,2414,0.67259413,0.030521609,0.3054026,-0.8655653,-0.60428214,-0.42585295,0.5126726,-0.7419907,-0.5058888,-0.3695346,0.06863546,0.042193055,0.070525564,-0.09154441,-0.16978395,0.7741828
83,2419,-0.39292985,0.05800098,-0.74779207,-1.0173798,-0.02997905,-0.36956173,0.11047129,0.06451352,0.23305678,0.17448564,0.23108631,-0.22231892,0.30217856,0.020309107,-0.008337788,-1.1640277
83,2430,-0.17173304,0.34615925,-0.21529065,0.7480396,0.320801,0.11867169,-0.45400333,0.41826248,0.24708036,-0.5365285,-0.3815201,-0.45206678,-0.2939343,-0.38347054,-0.32291234,-0.20435742
83,2436,0.5204519,-1.3236972,0.21317141,0.08147946,0.1499668,0.31852707,-0.9271466,1.1458144,0.58809364,0.68336296,0.6871048,0.3245384,-0.067578696,0.25070697,0.1223959,0.8192208
83,2439,-0.5175256,0.15783064,-0.005699396,0.6273124,0.24563423,0.033486344,-0.27325165,0.47091568,0.349978,-0.3942473,-0.58132756,-0.4249844,-0.2430297,-0.24337175,-0.28131366,-0.33381966
83,2449,0.7621222,-0.56702375,-0.45627606,-0.54608524,0.65401864,-0.037193462,-0.20772292,-0.06312385,-0.042184442,0.4802314,1.3940405,0.27148366,0.03198807,-0.007756581,0.0154352635,-0.8529972
83,2453,0.1329525,0.23366165,-0.43156695,-0.22375438,0.14458773,0.02335694,-0.052274216,-0.098680705,-0.4031958,0.31426126,0.5919809,0.21707647,0.30873555,0.14572513,0.22741985,-0.74064386
83,2462,0.6242427,-0.36393154,-0.5815995,-0.64592254,0.5212907,-0.11548649,-0.1568866,-0.10471076,-0.07355452,0.3997211,1.2347262,0.16505273,0.11711056,-0.020515453,0.019766897,-0.9365902
83,2466,0.21267025,0.375741,0.26803634,1.028082,0.17675903,0.63739437,-0.2494938,-0.05213347,-0.5016376,0.33615047,0.14619231,0.6901487,-0.07618249,0.065357685,0.4391892,0.38343138
83,2469,0.6005567,0.14294267,-0.21011145,-0.2893426,-0.3849434,-0.23063429,-0.25758654,0.0114967525,-0.065474,-0.62017477,-0.07973291,-0.45480812,-0.069926016,-0.35408753,-0.5127879,0.56208116
83,2472,0.30620652,-1.4450612,0.15224716,-0.2231367,-0.26872376,0.16508323,-0.91911983,1.3863126,0.5737691,0.76698613,0.50655586,0.15282239,0.18807863,0.3699217,0.07172987,0.95479286
83,2488,0.21263097,-0.21434098,0.48746365,0.18775444,0.40279722,-0.017292447,0.9990956,-0.95359886,-0.10896856,-0.3341896,0.6106412,0.046981663,-0.07637588,0.09942162,-0.16800404,0.05827315
83,2520,0.6114034,0.3794637,-0.2457548,-0.22424296,-0.38661936,-0.13019277,-0.24005827,-0.102837384,-0.2685784,-0.49691838,-0.092145056,-0.34269714,0.025550544,-0.2687217,-0.23041922,0.5948918
83,2521,0.6487755,0.005365841,0.3157466,-0.8366568,-0.58454347,-0.42111313,0.5074944,-0.7134576,-0.48371726,-0.37367168,0.06684151,0.03319308,0.059033126,-0.09576497,-0.18866816,0.75159
83,2525,-0.4093277,0.2394284,-0.05468358,0.66564363,0.23336077,0.0787113,-0.31734294,0.43969384,0.25455892,-0.4059795,-0.5133367,-0.39287728,-0.21982975,-0.254176,-0.24678642,-0.2627802
83,2529,0.41822577,-0.09602231,-0.73613816,-0.7660781,0.32020497,-0.19666784,-0.09437151,-0.13823557,-0.1348788,0.32527107,1.0224065,0.054011792,0.25492647,-0.0018996717,0.047909893,-1.0344578
83,2539,-0.54260695,-0.888265,-0.007080391,-0.71061766,-0.9860531,-0.2302927,-0.31706405,1.1992639,0.18358552,0.62728196,-0.22101265,-0.2226844,0.6733646,0.46688184,0.046204526,0.5705223
83,2545,0.85168433,-0.76152563,-0.22767912,-0.3094252,0.7773068,0.09183077,-0.26432055,0.020517975,-0.012613773,0.53443795,1.4448802,0.3896439,-0.08513768,0.018032579,0.023689799,-0.657436
83,2548,0.4079978,0.079162456,0.35651386,1.0084885,0.35572472,0.67637444,-0.3007707,-0.037200958,-0.33906046,0.4368382,0.36931807,0.7816166,-0.2305837,0.045998983,0.44021693,0.44904035
83,2552,-0.21979548,0.020910695,-0.087100014,0.5767466,0.4320724,-0.06052655,-0.29851457,0.41766912,0.55876577,-0.6529765,-0.3416732,-0.6078629,-0.43703893,-0.4492558,-0.57984513,-0.32558742
83,2561,0.48863852,0.04588685,0.3669665,1.0513797,0.4276057,0.7102678,-0.31804502,-0.070649266,-0.2809468,0.42538196,0.4186126,0.80528283,-0.30544826,0.0029707476,0.43265086,0.48312882
83,2565,-0.2517461,0.40336034,-0.52409434,-0.40428713,-0.13105622,-0.04625728,0.028056003,0.0074264407,-0.35117614,0.2501377,0.24380994,0.08053054,0.45285955,0.21812,0.25800914,-0.77126706
83,2576,0.4966439,-1.2913009,0.21270177,0.07947767,0.124604814,0.31814677,-0.9070127,1.132065,0.5487581,0.6950631,0.6783671,0.33658338,-0.03954763,0.2674119,0.13882148,0.80433047
83,2580,0.7072373,0.19486286,-0.24418233,-0.5308329,-0.59566665,-0.31535488,-0.24024595,-0.08163822,-0.16854279,-0.57535213,-0.12467386,-0.3950873,-0.0075151473,-0.329938,-0.4838673,0.71541774
83,2599,-0.7590657,-0.7276951,0.40839177,0.2108368,-0.25965157,-0.12802681,1.0958507,-0.37153733,0.23973173,0.19440679,-0.07288945,-0.04648606,0.07592014,0.41318747,-0.4396938,0.15611908
83,2600,0.4416132,0.3462789,0.15637001,-0.8451017,-0.30726182,-0.2516399,0.20505212,-0.7473489,-0.056803077,0.0716501,-0.4295196,0.26329362,-0.12602024,-0.014629162,0.4767178,0.6651585
83,2615,0.3759002,-0.9785539,0.21002117,0.1668894,0.12140172,0.34651983,-0.72986716,0.8926504,0.32683432,0.6692071,0.59780645,0.41773176,0.009980994,0.28407955,0.23004007,0.61298895
83,2620,-0.1958316,0.07986525,-0.7353046,-0.8947704,0.033115387,-0.29763603,0.05221715,0.013834447,0.091187164,0.18837298,0.3912022,-0.15013306,0.30571607,0.02809049,0.027620435,-1.0839425
83,2623,-0.7590657,-0.7276951,0.40839177,0.21083684,-0.25965157,-0.12802683,1.0958507,-0.37153733,0.23973173,0.19440679,-0.07288948,-0.04648606,0.07592014,0.41318747,-0.4396938,0.1561191
83,2625,0.6216683,0.19709994,-0.17901142,-0.39815798,-0.48127097,-0.24904917,-0.19082436,-0.08408904,-0.18189366,-0.53509593,-0.10419604,-0.36242807,-0.0070298235,-0.29343188,-0.39820057,0.63468003
83,2628,0.66367257,0.4300668,-0.2834646,-0.23176643,-0.3971254,-0.120245904,-0.25463438,-0.13636771,-0.29762894,-0.5121163,-0.07088262,-0.35151118,0.034324512,-0.2800416,-0.21804798,0.62162805
83,2630,0.2959907,0.0023631305,-0.73620784,-0.7387762,0.24221528,-0.18728076,-0.07298777,-0.11661577,-0.14824381,0.2866196,0.87772286,0.027317539,0.28777745,0.023280615,0.0705435,-1.0153452
83,2632,0.09871055,-0.47107044,0.6945126,0.30838713,0.6115429,-0.00990691,1.250986,-1.0539308,0.017448634,-0.37353915,0.76929116,0.0675621,-0.17020686,0.11666322,-0.30347392,-0.1116423
83,2637,0.35666496,-0.035832435,-0.7523284,-0.7636827,0.28028363,-0.19324835,-0.08309009,-0.13475427,-0.14598103,0.30850065,0.9586263,0.042617157,0.27852818,0.0130980965,0.061716877,-1.0439017
83,2645,0.06266183,-0.11556867,0.09772157,0.37526506,0.30308965,-0.058868557,-0.04949738,0.12098545,0.2877964,-0.637026,-0.014947712,-0.4814946,-0.2975308,-0.34727728,-0.51117975,-0.047243685
83,2664,-0.52374375,0.6331258,0.14117189,0.51721674,-0.4073237,0.31057674,0.014937796,0.15353277,-0.7635588,0.34814543,-0.31464764,0.39857244,0.50297576,0.42216238,0.49746743,-0.014219545
83,2673,0.47221428,-1.2531507,0.20524706,0.07577816,0.101919904,0.31778204,-0.8874753,1.1151047,0.5124194,0.70365864,0.66886795,0.34685963,-0.01337618,0.28208658,0.15426323,0.782472
83,2709,0.57251203,0.40823698,-0.11185159,-0.15445629,-0.25777444,-0.07011266,-0.05513086,-0.28010362,-0.33889395,-0.4227994,-0.011317611,-0.24540341,0.049918763,-0.19110847,-0.05466398,0.5390225
83,2725,0.49322313,0.38416758,-0.38509822,0.2069496,-0.08707554,-0.022803053,-0.46880037,0.15069675,-0.022207893,-0.6506646,-0.07312614,-0.5061774,-0.14547427,-0.40738016,-0.39941263,0.33644024
83,2734,0.5784275,-0.05123073,0.34439576,-0.75292003,-0.5265745,-0.40012932,0.49483728,-0.6357882,-0.42177495,-0.3715201,0.051089764,0.016014993,0.027392771,-0.1001201,-0.21957153,0.69273984
83,2738,-0.13569826,0.40704617,-0.21446417,0.76540303,0.27659467,0.15706676,-0.45542854,0.38968772,0.13893113,-0.49826056,-0.3554306,-0.387587,-0.24190879,-0.34752965,-0.2507876,-0.14550976
83,2744,-0.3725405,-1.2200003,0.06921688,-0.6885648,-0.9451389,-0.189364,-0.5178018,1.4316044,0.37020302,0.7057081,-0.09616265,-0.21003658,0.60233146,0.47321692,0.0058757067,0.8399004
83,2745,0.33780515,-0.026518255,-0.73522365,-0.7425847,0.26888028,-0.18815814,-0.08097284,-0.12548465,-0.14751801,0.29883933,0.9256362,0.03834735,0.27713948,0.015463242,0.06443879,-1.0215948
83,2767,-0.1591923,0.35975984,-0.20523714,0.7455543,0.2993812,0.13076816,-0.4460842,0.40532577,0.20263046,-0.51680964,-0.37073052,-0.425027,-0.26939115,-0.36488736,-0.29018724,-0.1761421
83,2771,-0.41192234,0.40223023,-0.4037518,-0.33435848,-0.24381322,-0.034923084,0.057543255,0.09031111,-0.34966913,0.2590844,0.051101267,0.07838744,0.47577938,0.2620394,0.28355306,-0.6442529
83,2773,0.41822577,-0.09602231,-0.73613816,-0.76607823,0.32020494,-0.19666784,-0.09437151,-0.13823557,-0.1348788,0.32527107,1.0224065,0.054011807,0.25492647,-0.0018996736,0.047909893,-1.0344578
83,2783,-0.599103,0.06354593,-0.26540768,-0.49329498,-0.5129925,-0.1451013,0.0768463,0.34892243,-0.19168143,0.35991997,-0.15172365,-0.038758814,0.54369825,0.3104414,0.21409985,-0.35050216
83,2784,-0.76217246,-0.08997595,0.13833003,0.51915056,0.22049257,-0.0705474,0.02718912,0.3792292,0.5135992,-0.27459824,-0.6370192,-0.39588535,-0.26493967,-0.119157776,-0.36686498,-0.43612704
83,2792,-0.023577899,0.19586103,0.13387027,-1.0610791,0.9279874,-0.027818397,-0.48997575,-0.9438659,2.1672106,1.0251272,-1.7540317,0.7379113,-1.4412373,-0.17231394,1.4880399,0.21708012
83,2800,-0.22287072,0.22302136,-0.19831781,0.6848577,0.38383102,0.041629914,-0.4292485,0.45496958,0.42046547,-0.58974326,-0.41232866,-0.55538577,-0.37229756,-0.4260883,-0.43884802,-0.29202685
83,2801,-0.13110586,0.22079635,-0.25134975,0.6572745,0.39997795,0.015730496,-0.46962732,0.4556939,0.451231,-0.6521676,-0.3616833,-0.60385776,-0.40533003,-0.47084028,-0.5071075,-0.26993975
83,2803,0.27662742,0.23769598,0.27649102,-0.7056376,0.16822211,-0.12849022,0.22103907,-0.9008589,0.44603992,0.25257587,-0.5670764,0.3876965,-0.44681463,-0.02372114,0.70135987,0.41540152
83,2810,-0.40087742,0.64957607,0.021200627,0.4430548,-0.30721724,0.28607273,0.009794943,0.077251285,-0.76721954,0.3484159,-0.1523216,0.40739113,0.47664344,0.39780056,0.49272394,-0.17357889
83,2820,0.2391394,0.03324622,-0.7684635,-0.78168786,0.20903856,-0.20125382,-0.056392126,-0.11278206,-0.13426156,0.28257436,0.8403275,0.010861337,0.30833727,0.030539347,0.072735116,-1.0504302
83,2822,0.6386071,0.16738154,-0.18499906,-0.48301998,-0.55072856,-0.2986132,-0.19562949,-0.076759726,-0.16744787,-0.5405426,-0.13337521,-0.36007118,-0.011877819,-0.30115315,-0.4460941,0.6710043
83,2826,0.36544657,0.16393697,0.35734105,-0.6534257,-0.027720295,-0.18736075,0.43491656,-0.88641465,0.037950665,0.021416903,-0.24030724,0.27860373,-0.2201524,-0.0072557633,0.42619106,0.4749958
83,2828,0.114107326,0.25446385,-0.46298897,-0.2571921,0.12684438,0.017091502,-0.046136566,-0.10409674,-0.40994328,0.32350314,0.5961342,0.21727394,0.33166796,0.15690997,0.23508692,-0.77302635
83,2833,0.59823954,0.05555834,0.18328644,-0.5736257,-0.41869977,-0.31441385,0.30750817,-0.5185197,-0.3361143,-0.442212,0.06795752,-0.12133138,0.018851995,-0.15567772,-0.24081635,0.6259366
83,2837,0.85168433,-0.7615255,-0.22767912,-0.3094252,0.7773068,0.09183077,-0.26432055,0.020517975,-0.012613773,0.53443795,1.4448802,0.3896439,-0.08513767,0.018032579,0.023689792,-0.657436
83,2842,-0.42208928,-0.7431741,0.8389705,0.39368454,0.6459764,-0.12885532,0.75112844,-0.22122031,0.50549096,-0.5145358,0.08548275,-0.33975643,-0.42793548,-0.18495055,-0.55193746,-0.43505493
83,2866,-0.7664048,-0.7531874,0.40540367,0.2015336,-0.27741545,-0.13349149,1.1356391,-0.39722705,0.24559495,0.21088608,-0.052680284,-0.03998232,0.084859096,0.432891,-0.45491225,0.17191902
83,2869,-0.14985307,0.046049774,0.09429197,0.27417237,-0.16921288,0.27311197,-0.2009791,0.3535717,-0.3860864,0.44786727,0.116084635,0.38388926,0.3263185,0.3520475,0.38921416,0.07803038
83,2873,0.8494742,-0.7693964,-0.19801293,-0.27445522,0.78278935,0.10497648,-0.26719123,0.030272499,-0.011675239,0.5303746,1.4279975,0.3956797,-0.09786424,0.018964801,0.025084406,-0.62800956
83,2876,-0.48280668,0.039296463,-0.7513407,-1.0761703,-0.041242793,-0.40751475,0.13974248,0.084941596,0.3220964,0.1585419,0.1539321,-0.26322544,0.27963513,0.0009227637,-0.036605723,-1.2120632
83,2884,-0.23874602,-1.3024042,0.08829142,-0.61108935,-0.8204506,-0.11873758,-0.6053683,1.43948,0.43055493,0.74108213,0.031529933,-0.13270892,0.5195711,0.45774555,0.016394913,0.880769
83,2902,0.27662742,0.23769598,0.27649102,-0.70563745,0.16822213,-0.12849024,0.22103907,-0.90085876,0.44603992,0.25257587,-0.5670764,0.3876965,-0.44681463,-0.023721142,0.70135987,0.41540152
83,2905,0.26830798,0.16919675,0.33767274,0.94942474,0.22544038,0.61810946,-0.24947412,-0.0018754601,-0.4352247,0.41357523,0.2603191,0.7143944,-0.10927035,0.09761571,0.43950644,0.40016392
83,2908,0.1787964,0.060173325,-0.72699094,-0.7328273,0.17454976,-0.1929716,-0.049074553,-0.08408141,-0.12749726,0.24682845,0.73769736,-0.012597963,0.3024594,0.03273488,0.07521768,-0.9911897
83,2929,-0.66265553,-0.48304394,-0.094974205,-0.6690607,-0.9274057,-0.22260408,-0.09921782,0.86038625,-0.03716658,0.5533896,-0.27813202,-0.16229658,0.6988592,0.4437489,0.12339815,0.22383226
83,2940,0.14827578,0.052525915,-0.75682753,-0.79196787,0.16477661,-0.21637385,-0.03672542,-0.082633436,-0.096424624,0.2545064,0.7347605,-0.026147723,0.3105883,0.031621255,0.06654171,-1.0388039
83,2942,0.41804695,0.35209215,-0.38326633,0.27831993,-0.011737276,-0.023989081,-0.49231017,0.21425608,0.06679182,-0.67186946,-0.101807475,-0.53434545,-0.19397347,-0.43001863,-0.44096357,0.25181282
83,2943,0.8331872,-0.7928498,-0.10716535,-0.17043921,0.7927018,0.14487955,-0.27498797,0.06572379,-0.0062046945,0.51643413,1.3672355,0.41108716,-0.13377334,0.024788553,0.030093715,-0.5352694
83,2949,0.20781763,-0.3290385,0.4059723,0.2721312,0.41940963,-0.042403355,0.7250797,-0.6327034,0.09105517,-0.5236887,0.52461046,-0.17055836,-0.2089172,-0.090948895,-0.45363355,0.0030836612
83,2974,-0.3744896,0.60371,-0.023684084,0.35947374,-0.28552988,0.24826586,0.007941462,0.08137399,-0.71761954,0.33015156,-0.11205655,0.36591274,0.4612845,0.3726905,0.46325982,-0.21399751
83,2979,-0.68151236,-0.43313876,-0.09512545,-0.6552938,-0.91329885,-0.22334127,-0.06557985,0.8130598,-0.05724752,0.5352313,-0.29907238,-0.16022213,0.68973297,0.4326842,0.13063921,0.18664104
83,2991,-0.12347086,0.21389334,-0.24119754,0.64276505,0.3878532,0.012351789,-0.46027744,0.45158163,0.43882954,-0.6442393,-0.3549124,-0.59450155,-0.39547333,-0.4618933,-0.4984957,-0.2541983
83,2993,0.6227503,0.22668374,-0.25640988,-0.2802516,-0.40647838,-0.2077895,-0.2882501,-0.004576832,-0.12028048,-0.60057646,-0.090470836,-0.43877816,-0.043489996,-0.34259155,-0.45226067,0.58269584
83,3000,-0.14165837,0.40637973,-0.22472678,0.7726888,0.28855664,0.15357798,-0.4645499,0.39734197,0.1607979,-0.5107513,-0.36151573,-0.401959,-0.25502616,-0.3594488,-0.26834968,-0.16117513
83,3002,-0.8046427,-0.54996073,0.32319003,0.31361872,-0.093686916,-0.123403326,0.7842125,-0.13942754,0.3754332,0.04294932,-0.26507074,-0.16978878,-0.050087932,0.24756342,-0.4513625,-0.07154252
83,3029,0.08370809,-0.10009062,0.06942101,0.37277842,0.29625642,-0.06111093,-0.07449409,0.12668946,0.2922878,-0.65316296,-0.012934178,-0.49548906,-0.30202508,-0.36152124,-0.5267172,-0.039448142
83,3034,0.5970224,0.4072263,-0.22614376,-0.17135277,-0.34115428,-0.09333335,-0.21483491,-0.12821445,-0.2949315,-0.47637767,-0.07483548,-0.32503682,0.034083385,-0.25228137,-0.17294684,0.5756904
83,3037,0.26830798,0.16919675,0.33767274,0.94942474,0.22544038,0.61810946,-0.24947412,-0.0018754601,-0.43522474,0.41357523,0.2603191,0.7143944,-0.109270334,0.09761572,0.43950647,0.40016392
83,3039,0.40742737,-1.0127897,0.21823943,0.17728572,0.15100056,0.3495047,-0.74911183,0.90344346,0.35886082,0.6595685,0.6127025,0.41120923,-0.020171417,0.26700798,0.21571152,0.6320641
83,3041,0.59072405,0.13203569,-0.12910907,-0.3538994,-0.4149201,-0.2423395,-0.1544995,-0.076711446,-0.1360088,-0.55504423,-0.07247533,-0.37858272,-0.03413226,-0.30185553,-0.43232727,0.5903084
83,3050,0.4846841,-1.4457989,0.1812908,-0.04974374,-0.0031208098,0.2593065,-0.98665744,1.3075767,0.6398296,0.71809804,0.6529678,0.24376287,0.022538416,0.2970268,0.08083451,0.9153731
83,3079,0.6470212,0.19876379,-0.21970426,-0.4574894,-0.54546857,-0.28235763,-0.23412223,-0.056322128,-0.16791174,-0.54660386,-0.13708009,-0.3777687,-0.007461644,-0.30894458,-0.4397704,0.6699405
83,3093,0.49515837,0.11900335,0.3060781,-0.5388273,-0.327705,-0.25452054,0.48946285,-0.6885846,-0.41681018,-0.30229056,0.0854069,0.042488366,0.061115377,-0.037505664,0.004367128,0.5629988
83,3095,0.73338896,0.11166617,0.27244055,-0.95433533,-0.65826005,-0.43668664,0.529413,-0.8300775,-0.5540894,-0.3426444,0.06405866,0.07849552,0.09849816,-0.08047724,-0.09897796,0.8410903
83,3101,0.28777462,-0.09543359,0.17076695,0.22807698,0.21596521,-0.042917967,0.22743021,-0.2508676,0.053759485,-0.5790385,0.23424107,-0.32037345,-0.19637784,-0.23641442,-0.4276355,0.122218646
83,3114,-0.15125039,0.42165977,-0.19541295,0.7653995,0.24321368,0.17070094,-0.44179142,0.38101453,0.090820625,-0.467983,-0.35989514,-0.35447717,-0.20700678,-0.31615672,-0.21151227,-0.12670422
83,3115,-0.5243179,0.074693926,-0.799957,-1.1290361,-0.048846297,-0.41672313,0.15642022,0.0640329,0.326643,0.17928152,0.16263771,-0.25188372,0.30024904,0.013219874,-0.027425438,-1.3035439
83,3116,0.14176555,-0.44466892,0.18398152,0.27767494,0.052962016,0.33267868,-0.43603456,0.5501064,-0.032339483,0.5371944,0.36908394,0.43004662,0.11098092,0.28579828,0.31624585,0.32097226
83,3119,0.62166834,0.19709994,-0.17901142,-0.39815798,-0.48127097,-0.24904917,-0.19082434,-0.08408904,-0.18189366,-0.53509593,-0.10419606,-0.36242807,-0.0070298235,-0.29343188,-0.3982006,0.63468015
83,3122,0.4616511,0.047009,0.36238754,1.0281689,0.40956885,0.6919882,-0.31224817,-0.055395097,-0.29028124,0.42319816,0.401994,0.7877261,-0.2850368,0.014494445,0.42885596,0.46557897
83,3132,-0.59781975,-0.69294214,-0.0620773,-0.7002462,-0.957276,-0.2254058,-0.2197731,1.0402725,0.079779714,0.5980345,-0.23577702,-0.18964297,0.6909856,0.4604331,0.084479675,0.39147112
83,3133,-0.17585364,0.22113168,-0.20403521,0.66002715,0.37770525,0.035781328,-0.4291504,0.43941188,0.401129,-0.5941182,-0.38315406,-0.554868,-0.37018502,-0.4243157,-0.43861055,-0.2634881
83,3139,-0.49467677,-1.0193622,0.0068629384,-0.7334508,-0.9989439,-0.22981466,-0.39798212,1.3111118,0.25839347,0.6606328,-0.18210742,-0.23444434,0.66889626,0.47924483,0.027116619,0.6717546
83,3141,0.010295942,0.08158472,-0.74995834,-0.82049775,0.10745913,-0.24086522,-0.0023440272,-0.047682583,-0.03610243,0.22525118,0.5932517,-0.071556315,0.31392515,0.0344792,0.058023453,-1.0520698
83,3149,-0.6892289,-0.24377012,-0.15917213,-0.62442255,-0.8103686,-0.2065502,0.010509528,0.63899606,-0.12556335,0.48959327,-0.26925224,-0.11790039,0.6644265,0.40137148,0.17099053,-0.009053946
83,3160,-0.39785782,-0.862128,1.0389785,0.37135062,0.68669164,-0.10271551,0.99333936,-0.41994965,0.39371473,-0.4658308,0.24266237,-0.23237322,-0.39346814,-0.10445948,-0.4885602,-0.40934375
83,3164,-0.283365,0.32847938,-0.108330056,0.7076993,0.21924514,0.12920739,-0.3659612,0.40318647,0.14731094,-0.42019737,-0.43414742,-0.35724336,-0.194335,-0.26797485,-0.20861197,-0.1786086
83,3165,0.03538567,0.25787103,0.119711876,-0.9993533,0.71409744,-0.04805117,-0.38358676,-0.88933194,1.7744079,0.88028914,-1.5385987,0.66018105,-1.1970985,-0.13461119,1.3472831,0.29133874
83,3166,-0.6453866,0.09504135,0.01987648,0.6148027,0.272497,-0.009286739,-0.24929728,0.51487195,0.47202736,-0.39809388,-0.66647655,-0.4714914,-0.2828916,-0.2473756,-0.33790976,-0.4383805
83,3167,-0.8216189,-0.84496605,0.4893384,0.12656876,-0.363017,-0.15166102,1.2015971,-0.39052767,0.2052261,0.2708317,-0.0714277,-0.03182196,0.1560628,0.47978672,-0.41482037,0.24487978
83,3168,0.61140347,0.3794637,-0.2457548,-0.2242429,-0.38661933,-0.13019277,-0.24005826,-0.10283741,-0.2685784,-0.49691838,-0.092145056,-0.34269717,0.02555054,-0.2687217,-0.23041925,0.5948918
83,3184,0.5758196,0.07461548,-0.12523897,-0.33427718,-0.3870334,-0.25405777,-0.17137584,-0.029679388,-0.06839674,-0.5927312,-0.06884965,-0.4186092,-0.0673109,-0.329415,-0.5062357,0.5633936
83,3186,-0.20097364,0.24530703,-0.6595198,-0.66017056,0.021251295,-0.17627977,0.04492826,-0.033661872,-0.09034702,0.21538235,0.35854518,-0.025711857,0.33481884,0.09176351,0.12254446,-1.0223786
83,3189,0.21263097,-0.21434101,0.4874637,0.18775444,0.40279725,-0.017292447,0.99909574,-0.95359886,-0.10896857,-0.3341896,0.6106412,0.046981663,-0.07637588,0.09942162,-0.16800404,0.05827315
83,3194,0.28456283,0.2288377,-0.30201507,0.33027828,0.08045803,-0.045437627,-0.4594655,0.2890888,0.19023287,-0.6822244,-0.13646647,-0.559639,-0.24302657,-0.43461353,-0.49600136,0.1422102
83,3195,0.63017327,0.31761628,-0.2633859,-0.2594265,-0.40774095,-0.16784126,-0.2713178,-0.06091118,-0.21029331,-0.55053544,-0.08646259,-0.39055628,-0.0003627101,-0.30479217,-0.33573094,0.5969938
83,3204,-0.51016563,0.61495006,0.1474911,0.52206326,-0.38385645,0.30437517,0.009703159,0.15575522,-0.73435,0.32344645,-0.3212036,0.3774479,0.4745094,0.39993674,0.47813314,-0.006065801
83,3207,0.14176555,-0.44466892,0.18398152,0.27767494,0.052962016,0.33267868,-0.43603456,0.5501064,-0.032339483,0.5371944,0.36908394,0.43004662,0.11098092,0.28579822,0.31624585,0.32097226
83,3211,-0.61458534,0.25713128,0.25873068,0.5519464,-0.1961819,0.18867132,0.06205505,0.203558,-0.31374377,0.0841084,-0.48709017,0.08690818,0.20944901,0.1875841,0.17045535,-0.009173825
83,3215,-0.4343291,0.57140744,0.13577852,0.7377273,-0.172041,0.34043282,-0.1041017,0.14776869,-0.5345787,0.109668225,-0.3925508,0.25749922,0.23961715,0.17831388,0.3005882,0.026301183
83,3233,0.09423728,0.2368276,-0.4573062,-0.27235803,0.124351606,-0.00015813857,-0.043080308,-0.08540329,-0.36641338,0.29283315,0.5546824,0.17906056,0.31176734,0.13731991,0.21367058,-0.7562481
83,3245,-0.19205704,0.3924394,-0.15587385,0.740889,0.21927547,0.16230921,-0.4086249,0.3813765,0.0845239,-0.44019932,-0.3789466,-0.3416402,-0.18571445,-0.28718746,-0.19229963,-0.12711257
83,3249,0.13295247,0.23366165,-0.4315669,-0.22375432,0.14458771,0.02335694,-0.052274212,-0.098680735,-0.4031958,0.31426126,0.5919808,0.21707653,0.30873555,0.14572513,0.22741985,-0.74064386
83,3262,0.49446613,0.35358676,-0.3436088,0.17480738,-0.09956684,-0.030103713,-0.4267276,0.12596254,-0.0364367,-0.6382273,-0.06366086,-0.49452782,-0.13156657,-0.39204797,-0.38880813,0.35366195
83,3277,-0.4081716,0.66487765,0.014743507,0.44267476,-0.31854454,0.29129934,0.012130439,0.072889194,-0.7851219,0.36184,-0.1477302,0.42089295,0.4917281,0.40976274,0.5041898,-0.18221629
83,3278,0.56199974,0.059641548,-0.11925067,-0.32470605,-0.37853587,-0.25502825,-0.17363639,-0.013949543,-0.0527045,-0.59458756,-0.07375881,-0.4230922,-0.07421769,-0.33130914,-0.51721984,0.55265707
83,3281,-0.74381095,-0.859045,0.44200346,0.13886745,-0.35690647,-0.14549573,1.2918838,-0.5067696,0.20156562,0.2825501,0.047240585,0.008629821,0.14222257,0.5126119,-0.4614938,0.28766578
83,3293,0.22481976,0.36813393,0.08916658,-0.9636104,0.27564865,-0.12457849,-0.16892487,-0.85158527,1.0000532,0.56428844,-1.104747,0.49904805,-0.7366887,-0.07713903,1.0473237,0.46929437
83,3303,-0.2855091,0.64813197,0.11551912,0.823234,-0.12780893,0.4164111,-0.15870807,0.09545547,-0.61556554,0.1371529,-0.29068908,0.35843432,0.21429677,0.15857139,0.3536176,0.09501821
83,3336,0.12048431,0.2477126,-0.44615233,-0.23672572,0.13549154,0.021300115,-0.04878536,-0.10147479,-0.4061595,0.31614822,0.5885254,0.21615501,0.3189135,0.15080552,0.23137677,-0.75555754
83,3352,-0.0031066537,0.22910637,0.12494105,-1.1184894,0.91309136,-0.033995688,-0.4749912,-0.99789464,2.1683888,1.0461104,-1.7616335,0.76633674,-1.4396156,-0.1642354,1.5300378,0.2404428
83,3358,-0.41192234,0.40223023,-0.4037518,-0.33435848,-0.24381325,-0.034923084,0.057543255,0.09031108,-0.34966913,0.2590844,0.051101238,0.078387424,0.47577938,0.26203936,0.28355303,-0.6442528
83,3359,-0.21795976,0.277371,-0.19552664,0.71460104,0.35051405,0.077425726,-0.43317646,0.4416975,0.33803424,-0.55309093,-0.4094986,-0.49789238,-0.33013985,-0.39735103,-0.37460518,-0.2557872
83,3362,0.05863531,0.5104916,0.2224176,0.98845255,0.04708401,0.58334106,-0.20814598,-0.023938775,-0.6057385,0.28164172,0.012222439,0.60821056,0.048544616,0.10391895,0.4289277,0.31407195
83,3364,0.5788948,0.15329547,-0.1311328,-0.34591475,-0.41982555,-0.2334819,-0.15732187,-0.075841606,-0.15473719,-0.53449357,-0.08582361,-0.36278498,-0.023166608,-0.2886022,-0.40085632,0.59010637
83,3365,-0.34020257,-0.26499817,0.24727927,0.49370596,0.49062178,-0.107125536,0.056169055,0.24531816,0.57809025,-0.58913314,-0.2520015,-0.52100456,-0.43891373,-0.35484698,-0.57142895,-0.3797987
83,3368,-0.5290502,0.017814904,-0.7346099,-1.0875945,-0.027432323,-0.42555064,0.15463057,0.09403831,0.3827849,0.14550982,0.10599372,-0.28295678,0.24835451,-0.016224831,-0.057993762,-1.2399681
83,3372,-0.77438706,-0.1516211,0.17343906,0.49262488,0.18963584,-0.080351844,0.12693371,0.31412616,0.50079113,-0.23535727,-0.59758997,-0.36580378,-0.24495898,-0.075305685,-0.37553683,-0.40128568
83,3373,0.6418089,0.110971905,-0.08610134,-0.52052677,-0.5223902,-0.31483412,-0.064458326,-0.18508098,-0.19614978,-0.5360132,-0.07311258,-0.31181574,-0.017806888,-0.28004333,-0.43218195,0.66709375
83,3382,-0.7849933,-0.3633935,0.2773768,0.39600155,0.051466808,-0.10332286,0.48227108,0.06784418,0.4233718,-0.08740215,-0.4239966,-0.25047585,-0.14841326,0.09299017,-0.40041602,-0.23142949
83,3383,0.5083941,0.37719595,-0.37734205,0.18758178,-0.097654276,-0.027238764,-0.45657045,0.13527766,-0.03060989,-0.65341824,-0.063197196,-0.50727963,-0.13903616,-0.40643007,-0.4007306,0.3513417
83,3388,-0.18215166,0.4583986,0.24881157,0.74128836,-0.16248137,0.44794816,-0.09858468,0.09247081,-0.68207806,0.36827153,-0.083103254,0.5334198,0.2580368,0.27885035,0.4693749,0.20865065
83,3402,-0.31920218,0.42408112,-0.49405813,-0.38509908,-0.17581853,-0.04250005,0.040221214,0.034880877,-0.35130402,0.2419994,0.16369271,0.07156025,0.46411267,0.23236173,0.2684206,-0.733786
83,3406,0.51175046,0.41196418,-0.4176613,0.21694948,-0.088528864,-0.018030085,-0.4949851,0.15371716,-0.024765596,-0.6627867,-0.07039645,-0.5154838,-0.14865302,-0.41882604,-0.40498528,0.3390682
83,3420,0.49515837,0.11900335,0.30607814,-0.5388273,-0.327705,-0.25452054,0.48946285,-0.6885846,-0.41681018,-0.30229056,0.0854069,0.042488366,0.061115377,-0.037505664,0.004367128,0.5629988
83,3426,-0.054757565,0.596889,0.1759855,0.9438441,-0.036130205,0.5371045,-0.19297488,0.0075130016,-0.6529539,0.23684986,-0.090849325,0.5385911,0.1300483,0.12812226,0.41779953,0.25480202
83,3441,-0.83213615,-0.83277833,0.49533653,0.12515843,-0.3601145,-0.15170108,1.1702236,-0.3591596,0.20448062,0.26548058,-0.099605605,-0.0411203,0.1565855,0.4686719,-0.40022048,0.23415574
83,3450,-0.30289814,-0.15000528,0.12032509,0.5144376,0.4495088,-0.09127168,-0.081912436,0.32158914,0.56006736,-0.59447646,-0.30083323,-0.5425542,-0.42457315,-0.37735745,-0.5565175,-0.34858444
83,3467,-0.5406034,0.4091536,0.19686764,0.6315696,-0.18834633,0.25414893,-0.018321559,0.18555465,-0.41572317,0.0873362,-0.45255813,0.15611626,0.22831695,0.18479824,0.22930074,-0.0013292804
83,3476,-0.18141909,0.36781678,-0.5240898,-0.39902326,-0.08234956,-0.042118274,0.015129358,-0.014333606,-0.35510564,0.2683996,0.3219477,0.1033622,0.43318883,0.20522419,0.25030997,-0.7867447
83,3485,-0.7461047,0.017265797,0.36048084,0.43173495,-0.21323389,0.08840311,0.20028959,0.22238936,-0.1571368,0.088390276,-0.5437262,-0.013135053,0.18429777,0.197932,0.077023,-0.025448643
83,3493,-0.8216189,-0.84496593,0.4893384,0.12656876,-0.363017,-0.15166102,1.2015971,-0.39052767,0.2052261,0.2708317,-0.0714277,-0.03182196,0.1560628,0.47978672,-0.41482037,0.24487978
83,3500,0.11201511,0.30537832,0.109108314,-0.9872683,0.548669,-0.07291578,-0.30026162,-0.8819163,1.4784392,0.76747274,-1.3729138,0.605492,-1.0205449,-0.10784674,1.2453209,0.36361432
83,3524,-0.38098022,0.6857848,-0.023066685,0.43727413,-0.2795994,0.2897811,0.005537726,0.0451916,-0.7735682,0.34187406,-0.12143496,0.41442555,0.46700373,0.38883597,0.4930027,-0.23032022
83,3529,0.12377648,0.23752463,-0.44821006,-0.2451218,0.14136553,0.0144206695,-0.050021227,-0.09831858,-0.39014116,0.30612588,0.58531046,0.20323066,0.30967894,0.14143781,0.22198474,-0.753749
83,3535,0.3800546,0.31923383,-0.36964375,0.30085546,0.020045426,-0.030349217,-0.49320245,0.2430912,0.11182353,-0.68147063,-0.11365257,-0.54719555,-0.21566446,-0.43835515,-0.4668687,0.21442473
83,3558,-0.31591448,0.42695567,-0.5098418,-0.40230396,-0.17762288,-0.04530631,0.040913567,0.029261798,-0.35629356,0.25098425,0.18063962,0.07585752,0.47367543,0.2366735,0.2713165,-0.7517332
83,3560,0.59127533,0.09103754,-0.1205578,-0.3576062,-0.40374205,-0.255692,-0.15315598,-0.06204149,-0.09825659,-0.58048373,-0.062975734,-0.40107882,-0.053559992,-0.31912008,-0.4813059,0.5815296
83,3572,-0.3892104,0.4819662,0.02057536,0.29154915,-0.32495517,0.22684333,0.004816629,0.15727043,-0.67885983,0.36195242,-0.10306388,0.34971482,0.48226437,0.39355624,0.4537173,-0.14554584
83,3588,-0.4223294,0.65594757,0.030555308,0.44529977,-0.33084998,0.28976303,0.01450146,0.0853937,-0.782101,0.36088884,-0.16615176,0.4157743,0.4959695,0.41345006,0.5028726,-0.16251618
83,3595,0.4616511,0.047009,0.36238754,1.0281689,0.40956885,0.6919882,-0.31224817,-0.055395097,-0.29028124,0.42319816,0.401994,0.7877261,-0.2850368,0.014494445,0.42885596,0.46557897
83,3601,0.2046948,-0.2917959,0.37391144,0.2676369,0.38170853,-0.04066115,0.6385489,-0.55419296,0.08274092,-0.52085525,0.460701,-0.19018662,-0.2027819,-0.10836983,-0.43766207,0.021108352
83,3606,0.65072846,-0.40597305,-0.55378675,-0.6243291,0.54744226,-0.100878626,-0.16717374,-0.09431577,-0.06458441,0.41212243,1.2612907,0.18286853,0.09770076,-0.020092472,0.017017283,-0.9152372
83,3612,-0.30568677,0.65037024,0.11426363,0.8251002,-0.12987977,0.4145589,-0.15887141,0.101213485,-0.6082378,0.13661312,-0.30377546,0.35377944,0.21566257,0.16201603,0.35037208,0.080300495
83,3631,0.5042124,-1.4364372,0.18285367,-0.023391187,0.043712128,0.2707599,-0.9890379,1.2862238,0.6549071,0.7024035,0.66659796,0.25168836,-0.009077362,0.27975103,0.08037868,0.9002478
83,3661,-0.21795976,0.277371,-0.19552664,0.71460104,0.35051405,0.077425726,-0.43317646,0.4416975,0.33803424,-0.55309093,-0.4094986,-0.49789238,-0.33013985,-0.39735103,-0.37460518,-0.2557872
83,3686,-0.16991644,0.14648736,-0.2202311,0.60110646,0.38928035,-0.038823515,-0.44417602,0.4921129,0.5282886,-0.6592049,-0.3847814,-0.6254937,-0.42024955,-0.47228953,-0.55867004,-0.28678706
83,3689,0.16505687,-1.3789684,0.1320442,-0.31362286,-0.41957912,0.09395936,-0.834786,1.3897953,0.51097375,0.7503193,0.37459147,0.07545459,0.28171912,0.3936265,0.06019596,0.9352244
83,3700,0.59819317,0.0096800625,0.09057493,-0.5320649,-0.44342062,-0.32377487,0.14376515,-0.32591915,-0.22682586,-0.5112577,0.008522332,-0.22953004,-0.030930094,-0.23505068,-0.39299923,0.62626207
83,3707,0.027002916,-0.16573453,0.18166246,0.3802742,0.33164376,-0.050087184,0.04572565,0.066008374,0.26835883,-0.60517067,0.015000701,-0.44084,-0.2900303,-0.31038806,-0.48199606,-0.06804161
83,3716,-0.40515536,0.580309,0.17942743,0.6126578,-0.3083923,0.36162043,-0.02940615,0.12574989,-0.7342746,0.349028,-0.2401714,0.44479132,0.40401897,0.3625418,0.48015904,0.054859444
83,3717,0.33306825,0.26768273,-0.337175,0.31665412,0.0555719,-0.040761895,-0.47860128,0.2688155,0.16146499,-0.69104844,-0.122044936,-0.56222147,-0.23388362,-0.44259733,-0.4923132,0.17399178
83,3721,-0.4540695,0.04507436,-0.7506738,-1.0585198,-0.039296433,-0.39552122,0.13029586,0.07892087,0.29254863,0.16460524,0.17908084,-0.24994296,0.2884353,0.00797748,-0.026948348,-1.1956598
83,3727,0.49121386,0.42518073,-0.41710007,0.23790751,-0.07916016,-0.008076444,-0.49804813,0.16235381,-0.030660972,-0.64712304,-0.08243118,-0.5029716,-0.14711998,-0.40933976,-0.38401002,0.3258003
83,3729,0.65411294,0.20106655,-0.21906365,-0.45328495,-0.53770065,-0.27856022,-0.22946607,-0.06574798,-0.17068431,-0.55164987,-0.12605555,-0.38038373,-0.007727241,-0.31103113,-0.43884987,0.66940176
83,3731,-0.7349183,-0.8348887,0.44509542,0.1471577,-0.34125316,-0.13995075,1.2556772,-0.48410684,0.19354576,0.26782125,0.030310243,0.003605336,0.13544223,0.49537387,-0.44593096,0.2751326
83,3734,0.43657166,0.3839704,-0.39364374,0.26889816,-0.036159992,-0.014627181,-0.49354142,0.19802462,0.025744274,-0.6531188,-0.10079673,-0.5145691,-0.17451331,-0.41626003,-0.4097845,0.2759347
83,3738,0.47207475,0.073737696,0.3583151,1.0526023,0.41277295,0.704885,-0.313613,-0.072276324,-0.28751802,0.4113618,0.39206737,0.7921048,-0.29618505,0.000417619,0.4306914,0.4810322
83,3743,0.4983775,0.42060268,-0.41153324,0.22677639,-0.0866692,-0.01054877,-0.4907096,0.15469798,-0.036480226,-0.64664143,-0.07794812,-0.5020465,-0.14260623,-0.4075055,-0.38343376,0.33486012
83,3745,0.054406136,-0.5675161,0.73868775,0.3608832,0.6750597,-0.011006653,1.2882757,-1.0319964,0.08661772,-0.4058246,0.8011621,0.047423825,-0.21462758,0.101567805,-0.38650808,-0.17131749
83,3758,-0.114132814,0.078981325,-0.7444933,-0.8733417,0.056242913,-0.2762848,0.031037465,-0.009311467,0.03653173,0.20950563,0.47669178,-0.11646187,0.31602323,0.034332514,0.042500604,-1.0714006
83,3763,0.12377648,0.23752463,-0.44821006,-0.2451218,0.14136553,0.0144206695,-0.050021227,-0.09831861,-0.39014116,0.30612588,0.58531046,0.20323066,0.30967894,0.14143781,0.22198474,-0.753749
83,3780,-0.2833069,0.4052083,-0.51186925,-0.40326455,-0.14868161,-0.050823323,0.033469357,0.02355218,-0.33720404,0.23757137,0.2012549,0.06479712,0.45140362,0.21761863,0.25511625,-0.7533171
83,3781,0.07490432,-0.34242496,0.1765815,0.27773705,0.0060941577,0.30886757,-0.37430084,0.5070817,-0.104985826,0.49644184,0.2961458,0.39880776,0.14940986,0.2877704,0.31915188,0.27621102
83,3783,-0.40039662,0.25609213,-0.07138328,0.68039167,0.23958081,0.08481242,-0.33235818,0.44104692,0.25468707,-0.41584575,-0.50987524,-0.3966605,-0.2251907,-0.26368633,-0.25309417,-0.2658353
83,3785,0.061747536,-1.3742366,0.1221218,-0.39671573,-0.5205585,0.040369887,-0.7760986,1.403617,0.4996102,0.7597705,0.29491448,0.029399797,0.34054524,0.4114386,0.050580937,0.92142045
83,3794,0.42288798,0.3475945,-0.3919778,0.27943558,-0.0057210773,-0.02867487,-0.50091743,0.21926987,0.08291754,-0.6872064,-0.098808944,-0.54822534,-0.20304249,-0.44179785,-0.46007878,0.2469202
83,3797,0.15077512,0.30953795,0.1515811,-0.8614776,0.51710665,-0.05247964,-0.15198326,-0.95330644,1.234133,0.6560698,-1.1546195,0.58526266,-0.89854604,-0.077790454,1.1497756,0.33030838
83,3808,0.28119344,0.011811905,-0.7180377,-0.71345174,0.23561978,-0.1803843,-0.07153268,-0.1099793,-0.15040836,0.27698505,0.8480307,0.025229871,0.28348976,0.024373638,0.073035836,-0.9940487
83,3813,-0.40237138,0.61218953,0.11692122,0.75689155,-0.1582407,0.35531384,-0.13275754,0.14586729,-0.5546,0.10033484,-0.38043654,0.2689703,0.23543145,0.16998631,0.3143333,0.02542498
83,3820,-0.5498062,0.6237464,0.08212325,0.4127906,-0.40763462,0.260234,0.03894732,0.15476963,-0.72833407,0.33321387,-0.3029759,0.35151064,0.52279985,0.4314016,0.48417923,-0.112026006
83,3828,0.09812702,-0.026395038,-0.011199623,0.36917004,0.24538624,-0.05872771,-0.17628372,0.19696233,0.27847975,-0.6437901,-0.07336581,-0.5076817,-0.2859816,-0.37136364,-0.5058079,-0.0065174177
83,3834,-0.23782948,-0.6280906,0.7294767,0.37988165,0.57962304,-0.08852103,0.6580076,-0.25320458,0.3726502,-0.5410272,0.17970592,-0.32654858,-0.37143344,-0.19434117,-0.51710504,-0.29880723
83,3845,0.6487755,0.005365841,0.3157466,-0.8366569,-0.58454347,-0.42111313,0.50749445,-0.7134576,-0.48371732,-0.37367168,0.06684151,0.03319308,0.059033126,-0.09576497,-0.18866816,0.75159
83,3851,0.18104686,0.3070822,0.17408407,-0.80023396,0.4226919,-0.06305419,-0.063495785,-0.9293078,1.0100342,0.55119747,-0.9935018,0.53062254,-0.76410294,-0.056728967,1.0392616,0.34831864
83,3866,-0.75324845,-0.018486515,0.093625225,0.5549033,0.2569626,-0.05884801,-0.09375325,0.4595763,0.53463817,-0.32564506,-0.6866187,-0.43833464,-0.28945994,-0.17481013,-0.36365414,-0.48064438
83,3869,-0.79205406,-0.5999377,0.34053487,0.28465277,-0.146115,-0.12377024,0.8761482,-0.20915917,0.3364763,0.089141026,-0.20606416,-0.13358629,-0.01070197,0.2993193,-0.45120293,-0.0036926493
83,3880,-0.1049857,0.22537372,-0.24425785,0.6392876,0.37770918,0.01661947,-0.4625998,0.44556975,0.41621816,-0.6383381,-0.34592107,-0.5815508,-0.38719743,-0.45677435,-0.48588586,-0.23507059
83,3889,-0.38045174,0.46377197,-0.46299493,-0.34176603,-0.20286816,-0.023399882,0.05164566,0.04173766,-0.3713827,0.24933542,0.103743285,0.0924408,0.4733186,0.25483987,0.2893126,-0.7268604
83,3892,0.57251203,0.40823695,-0.11185159,-0.15445629,-0.25777447,-0.070112675,-0.05513086,-0.28010362,-0.33889395,-0.4227994,-0.011317611,-0.24540341,0.049918763,-0.19110847,-0.054663993,0.5390225
83,3906,-0.18215166,0.4583986,0.24881157,0.74128836,-0.16248137,0.44794816,-0.09858468,0.09247081,-0.682078,0.36827153,-0.08310327,0.5334198,0.2580368,0.27885035,0.4693749,0.20865063
83,3917,0.05704917,0.26039433,0.13146761,-0.98822415,0.7707402,-0.028370738,-0.34290463,-0.98496413,1.7969371,0.886285,-1.5118743,0.6951112,-1.2322956,-0.13378417,1.3732947,0.2619303
83,3935,0.61971194,0.34867746,-0.26045936,-0.24257955,-0.4017896,-0.15080947,-0.26357672,-0.07409364,-0.23716438,-0.5256877,-0.09364714,-0.36903596,0.011707217,-0.28838068,-0.28866383,0.5958364
83,3944,0.05863531,0.5104916,0.2224176,0.98845255,0.04708401,0.58334106,-0.20814599,-0.023938805,-0.6057386,0.28164172,0.012222469,0.6082105,0.048544616,0.103918955,0.42892766,0.31407195
83,3962,-0.34470785,0.4339961,-0.47272694,-0.3648831,-0.19597557,-0.034360386,0.044442557,0.045776993,-0.36395663,0.24687819,0.13493887,0.0793062,0.47237346,0.24445021,0.27901545,-0.71218884
83,3965,0.22481976,0.36813393,0.08916658,-0.9636103,0.27564865,-0.12457849,-0.16892487,-0.85158527,1.0000532,0.5642885,-1.1047469,0.49904805,-0.7366887,-0.07713902,1.0473236,0.46929437
83,3971,-0.17682871,0.6359303,0.14130062,0.87792575,-0.09850729,0.47521955,-0.17485031,0.053783223,-0.6512939,0.18374719,-0.19759572,0.44367123,0.18872643,0.14962046,0.39033782,0.17971027
83,3981,0.6069629,0.11608227,-0.13336451,-0.3697274,-0.41965735,-0.2538647,-0.1569667,-0.07689917,-0.12046218,-0.5743511,-0.06345582,-0.3939858,-0.04248716,-0.31521726,-0.46321267,0.5967469
83,3989,-0.17682871,0.6359303,0.14130062,0.87792575,-0.09850729,0.47521955,-0.17485031,0.053783223,-0.6512939,0.18374719,-0.19759572,0.44367123,0.18872643,0.14962046,0.39033782,0.17971027
83,3999,0.54035336,0.040988594,-0.11146526,-0.30066553,-0.35811788,-0.25173092,-0.17768516,0.008984119,-0.029888995,-0.59900016,-0.07753521,-0.43064278,-0.08568901,-0.33469084,-0.5309946,0.5321115
83,4012,-0.1958316,0.07986525,-0.7353046,-0.89477026,0.033115387,-0.29763603,0.05221715,0.0138344765,0.091187164,0.18837298,0.3912022,-0.15013306,0.30571604,0.02809049,0.027620435,-1.0839427
83,4021,-0.3519506,0.29370034,-0.09772225,0.7018674,0.23791376,0.10503995,-0.35668635,0.42942291,0.21827757,-0.42656535,-0.48021168,-0.387285,-0.21900006,-0.27390236,-0.24361089,-0.23751047
83,4022,-0.49869293,0.09731368,-0.7982628,-1.0951166,-0.04263688,-0.39747536,0.14731719,0.05198659,0.29136184,0.17921819,0.17990476,-0.23552965,0.3053374,0.01978615,-0.014750443,-1.2896428
83,4026,-0.66702735,0.06443549,0.04664062,0.58973515,0.26863584,-0.023785733,-0.22375815,0.51568615,0.48432267,-0.38260007,-0.67834896,-0.46840042,-0.28155255,-0.23353747,-0.33349517,-0.4437602
83,4028,-0.6500604,-0.042865217,-0.21798383,-0.5347549,-0.6051244,-0.17319918,0.07108612,0.43981868,-0.14985804,0.39093596,-0.21709353,-0.075821735,0.5678808,0.3283114,0.19275893,-0.23786864
83,4030,-0.13810423,0.21329525,-0.21681441,0.6436938,0.37927046,0.024660088,-0.43859094,0.43753597,0.40893364,-0.6170996,-0.35754046,-0.5721226,-0.37674597,-0.43869305,-0.4626122,-0.24803755
83,4031,0.009909198,0.22576669,0.12386771,-1.089175,0.8757441,-0.038930237,-0.46307707,-0.9716549,2.0954614,1.0100375,-1.7204002,0.7393687,-1.3988605,-0.16629057,1.4841468,0.25353825
83,4059,0.41822577,-0.09602231,-0.73613816,-0.7660781,0.32020494,-0.1966678,-0.0943715,-0.13823557,-0.1348788,0.32527107,1.0224063,0.054011792,0.25492647,-0.0018996736,0.047909893,-1.0344578
83,4069,0.5168401,-1.3569548,0.20755956,0.05394,0.11598409,0.30913505,-0.9446791,1.1869206,0.59611106,0.6987522,0.68961024,0.3134023,-0.044295978,0.26517344,0.11530894,0.84458697
83,4072,0.54924303,0.111801185,-0.1715319,-0.2557756,-0.35404387,-0.22224666,-0.23724933,0.032682687,-0.048535213,-0.60048205,-0.090972215,-0.44195843,-0.07645437,-0.3394895,-0.5017942,0.52926147
83,4080,0.49515837,0.11900335,0.3060781,-0.5388273,-0.327705,-0.25452054,0.48946285,-0.6885846,-0.41681018,-0.30229056,0.0854069,0.042488366,0.061115377,-0.037505664,0.004367128,0.5629988
83,4082,-0.23128104,0.25059497,-0.19271941,0.70321846,0.36667702,0.06016832,-0.4286148,0.4512923,0.38012862,-0.56597835,-0.4175279,-0.5218361,-0.34988895,-0.4082498,-0.40299845,-0.27859527
83,4084,-0.014235213,0.20861562,0.1266273,-1.0903558,0.92901176,-0.03207133,-0.49507213,-0.965647,2.1905265,1.0407256,-1.7741222,0.75078505,-1.4560957,-0.17620361,1.5106566,0.22954789
83,4088,0.11201511,0.30537832,0.109108314,-0.98726845,0.54866904,-0.07291576,-0.30026162,-0.8819163,1.4784392,0.76747274,-1.3729138,0.60549194,-1.0205449,-0.10784674,1.2453209,0.36361432
83,4089,0.4846841,-1.4457989,0.1812908,-0.049743712,-0.0031208023,0.2593065,-0.98665744,1.3075765,0.6398296,0.718098,0.6529678,0.24376287,0.02253842,0.2970268,0.08083451,0.9153731
83,4093,0.55299467,0.06860022,-0.15065594,-0.2848855,-0.3605299,-0.24413,-0.21831965,0.029799372,-0.025531828,-0.6128817,-0.083507314,-0.44917828,-0.08749306,-0.3474355,-0.5389434,0.5334941
83,4096,-0.051830187,0.40725535,0.26969177,0.82413185,-0.046700962,0.5060593,-0.13758953,0.04559587,-0.6392827,0.3787129,0.019208968,0.59472126,0.15363406,0.22484164,0.46204138,0.2483082
83,4101,0.32292825,0.3612057,0.12561864,-0.8617934,-0.042839386,-0.18139555,0.03068763,-0.75875247,0.39772958,0.28892082,-0.7218263,0.3566962,-0.3785188,-0.03215766,0.7324651,0.5618156
83,4116,-0.28986675,0.4133608,-0.52675194,-0.41976085,-0.15424964,-0.05322957,0.03642723,0.018989086,-0.34084883,0.24522583,0.20866984,0.068369985,0.46143103,0.22293894,0.25893122,-0.77285814
83,4118,0.5784275,-0.05123073,0.34439576,-0.75292003,-0.5265745,-0.40012932,0.49483728,-0.6357882,-0.42177495,-0.3715201,0.051089764,0.016014986,0.027392771,-0.1001201,-0.21957153,0.69273984
83,4122,-0.5409603,0.65570605,0.058890656,0.41646188,-0.40374386,0.2702093,0.03920173,0.13315094,-0.7557719,0.34899187,-0.27742258,0.3753549,0.53421414,0.44154474,0.49977937,-0.14503534
83,4125,0.054803595,0.26908064,-0.45399076,-0.26611784,0.08004135,0.009662896,-0.035613682,-0.075816125,-0.40252778,0.31043345,0.52828515,0.19421403,0.34924686,0.16827887,0.2397064,-0.74514306
83,4132,-0.436374,-0.64800346,0.7086997,0.4117031,0.60893303,-0.1374386,0.58714986,-0.08991957,0.55291903,-0.52845275,-0.027013749,-0.39279217,-0.4412007,-0.22847386,-0.56675905,-0.43977544
83,4150,0.5939811,0.091585025,-0.17869906,-0.31072858,-0.38239065,-0.24973728,-0.23158717,0.010967672,-0.0389006,-0.6289898,-0.072411016,-0.45985782,-0.08216403,-0.35877505,-0.54718274,0.55889285
83,4155,-0.2907119,-0.6983857,0.8318081,0.3795067,0.6123118,-0.088403106,0.76759195,-0.3078181,0.36898988,-0.50878984,0.19959259,-0.28825045,-0.3728684,-0.1590232,-0.4957952,-0.33166364
83,4159,-0.23782948,-0.6280906,0.72947675,0.37988165,0.57962304,-0.08852105,0.6580076,-0.25320458,0.3726502,-0.5410272,0.17970592,-0.32654858,-0.37143344,-0.19434117,-0.517105,-0.29880726
83,4162,0.21263097,-0.21434101,0.48746365,0.18775444,0.40279725,-0.017292447,0.99909574,-0.95359886,-0.10896857,-0.3341896,0.6106412,0.046981663,-0.07637588,0.09942162,-0.16800404,0.05827315
83,4166,-0.34710807,-0.77597976,0.94296014,0.37464923,0.64349794,-0.09049894,0.88788855,-0.36823583,0.36439997,-0.47223926,0.22119325,-0.24555117,-0.3731676,-0.11928298,-0.47371292,-0.36415812
83,4197,-0.46338958,-1.1444811,0.04514043,-0.7416179,-1.0231327,-0.23455767,-0.4579236,1.4150152,0.32334155,0.6811579,-0.17804983,-0.2569102,0.66069376,0.48530003,0.0050436333,0.7931402
83,4200,-0.89991087,-0.6915221,0.55584246,0.13839452,-0.301439,-0.14212494,0.8566473,-0.07013112,0.18382642,0.19012378,-0.35552758,-0.121521406,0.1380301,0.33675203,-0.25957903,0.11887645
83,4204,-0.16634157,0.35717806,-0.21464117,0.7518281,0.31155574,0.12636635,-0.45444763,0.41341382,0.22636285,-0.5296305,-0.37728927,-0.44051486,-0.28299844,-0.37689653,-0.30899742,-0.19285572
83,4217,0.69597685,0.054614738,0.29616266,-0.8933953,-0.62235135,-0.43024772,0.51907074,-0.7711457,-0.52716255,-0.36563194,0.07157779,0.05106893,0.08149533,-0.08728183,-0.15123838,0.7956524
83,4219,-0.66265553,-0.48304388,-0.094974205,-0.6690607,-0.9274057,-0.22260408,-0.09921781,0.8603864,-0.037166573,0.55338955,-0.27813202,-0.16229658,0.6988592,0.4437489,0.12339815,0.22383225
83,4238,0.4414031,0.12554333,0.3559566,1.0675753,0.36439848,0.71131235,-0.30763087,-0.07010338,-0.33253592,0.41521114,0.3586682,0.79819864,-0.25687307,0.013559395,0.44565564,0.49934712
83,4242,-0.5290502,0.01781492,-0.7346099,-1.0875945,-0.027432315,-0.42555064,0.15463057,0.09403831,0.3827849,0.14550985,0.10599372,-0.28295678,0.24835451,-0.016224831,-0.057993777,-1.2399681
83,4255,-0.6759785,-0.12510651,-0.19305982,-0.57594955,-0.6910813,-0.19082214,0.05288995,0.5186537,-0.13526951,0.4287002,-0.24803671,-0.0975409,0.6059904,0.3551985,0.18306223,-0.14442593
83,4262,-0.30568674,0.65037024,0.11426363,0.8251002,-0.12987977,0.4145589,-0.15887141,0.1012135,-0.6082378,0.13661309,-0.30377546,0.35377944,0.21566257,0.16201603,0.35037208,0.080300495
83,4267,-0.24194582,0.2181164,-0.18218882,0.6822838,0.37777394,0.041264746,-0.41621274,0.45671332,0.41489583,-0.57222694,-0.42305285,-0.5407936,-0.3648641,-0.41252443,-0.424272,-0.29436067
83,4268,-0.31591448,0.4269557,-0.5098418,-0.40230396,-0.17762288,-0.045306303,0.040913567,0.029261798,-0.35629356,0.25098425,0.18063962,0.07585752,0.47367543,0.23667349,0.2713165,-0.7517332
83,4273,0.040279076,0.5152745,0.21623,0.9718462,0.03625641,0.5679742,-0.20325927,-0.015185267,-0.60327435,0.26844615,-0.007654637,0.5864577,0.057642423,0.10466619,0.42159984,0.3035608
83,4277,0.5788948,0.15329547,-0.1311328,-0.34591475,-0.41982555,-0.2334819,-0.15732187,-0.075841606,-0.15473719,-0.53449357,-0.08582361,-0.36278498,-0.023166608,-0.2886022,-0.40085632,0.59010637
83,4280,-0.43607718,-0.6076952,0.6515803,0.4190235,0.59482604,-0.14087872,0.5166041,-0.035227686,0.57351404,-0.53864765,-0.067601144,-0.41762376,-0.4463357,-0.24880488,-0.5757682,-0.44035503
83,4300,0.4457969,0.10790749,0.35772264,1.0562508,0.37332034,0.7040416,-0.30728668,-0.06606972,-0.31405386,0.40888655,0.3603546,0.787559,-0.26657245,0.008809885,0.4388404,0.49767128
83,4301,0.020597517,0.27673167,-0.45262778,-0.27733234,0.05179228,0.003686577,-0.029259227,-0.059764862,-0.39796153,0.30504036,0.49247646,0.18082108,0.3616349,0.17551436,0.24250409,-0.73260343
83,4305,-0.07420205,0.31936684,-0.49414343,-0.34573433,-0.013067499,-0.020659156,-0.007657323,-0.0399566,-0.3782805,0.2919234,0.41963995,0.14497761,0.4000264,0.1911012,0.24672708,-0.76685274
83,4308,-0.4083281,-0.8048805,0.96417344,0.37487727,0.6536708,-0.10781255,0.8973923,-0.34061325,0.41335648,-0.46558648,0.17172262,-0.2586859,-0.39226365,-0.12216297,-0.48734862,-0.40395948
83,4309,-0.16991644,0.14648736,-0.2202311,0.60110646,0.38928035,-0.038823515,-0.44417602,0.4921129,0.52828854,-0.6592049,-0.3847814,-0.6254937,-0.42024955,-0.47228953,-0.55867004,-0.28678706
83,4316,-0.07157667,-0.35817415,0.40530694,0.383263,0.44200185,-0.06455797,0.30300134,-0.07715291,0.31252807,-0.58811563,0.099532664,-0.39712816,-0.32691905,-0.26676917,-0.5059243,-0.16438541
83,4329,-0.1574242,0.6298115,0.14369887,0.87631416,-0.09364783,0.47600693,-0.17454913,0.049252167,-0.65304446,0.18372457,-0.18513688,0.44690025,0.1838317,0.14429303,0.39104986,0.19262317
83,4344,-0.2972933,0.4126837,-0.5111987,-0.4032546,-0.155649,-0.05053726,0.0365733,0.025714725,-0.33630297,0.23630626,0.187953,0.06355086,0.45363995,0.21986312,0.25702152,-0.7542442
83,4346,0.15169384,-0.37771454,0.48499805,0.2952751,0.46429628,-0.03254918,0.82423145,-0.681349,0.08653237,-0.4830143,0.54972094,-0.121477656,-0.20579879,-0.04639659,-0.42157042,-0.034842268
83,4348,-0.17295007,0.25137764,-0.58969766,-0.55323374,0.021191409,-0.13792409,0.02903235,-0.0220083,-0.1387245,0.20553647,0.33546913,-0.0041373223,0.32459605,0.0997664,0.13926859,-0.9221761
