window_id,vehicle_id,z_0,z_1,z_2,z_3,z_4,z_5,z_6,z_7,z_8,z_9,z_10,z_11,z_12,z_13,z_14,z_15
97,3029,-0.641572,-0.28583202,0.45980936,-1.1168369,-0.07532364,-0.039869964,-0.27790713,-1.2706653,0.30559313,-0.013828248,-0.39127374,-0.37578782,0.44081998,0.26385397,-0.48258054,-0.35952008
97,979,-0.6288237,-0.28631675,0.4455999,-1.0954852,-0.08106882,-0.045921937,-0.27179897,-1.2405038,0.30463845,-0.017353788,-0.38690296,-0.37011626,0.43481994,0.26750812,-0.4787249,-0.3459039
97,2565,0.7777051,-0.9988645,-0.5942289,0.2599272,0.23862734,0.06417186,-0.4971708,-0.36709988,-0.14654955,-1.3082973,0.8006288,-0.22476882,0.26083606,0.2961364,0.7413408,0.046571016
97,3828,-0.641572,-0.285832,0.45980936,-1.1168369,-0.075323634,-0.039869964,-0.2779072,-1.2706652,0.3055932,-0.013828263,-0.39127374,-0.37578782,0.44081992,0.26385397,-0.48258054,-0.35952008
97,3707,-0.62882376,-0.28631675,0.44559997,-1.0954853,-0.08106882,-0.04592192,-0.27179897,-1.240504,0.30463845,-0.017353773,-0.386903,-0.37011638,0.43481994,0.26750812,-0.47872496,-0.34590393
97,180,-0.64157194,-0.285832,0.45980936,-1.116837,-0.075323634,-0.039869964,-0.2779072,-1.2706654,0.30559307,-0.013828248,-0.39127377,-0.37578782,0.44081992,0.26385394,-0.48258054,-0.35952008
97,2942,-0.64157206,-0.285832,0.45980936,-1.1168371,-0.075323634,-0.03986998,-0.27790713,-1.2706654,0.30559313,-0.013828263,-0.39127377,-0.37578782,0.44081992,0.26385397,-0.4825806,-0.35952008
97,2063,-0.6288237,-0.28631675,0.4455999,-1.0954854,-0.08106882,-0.04592192,-0.27179897,-1.2405038,0.30463845,-0.017353773,-0.38690296,-0.37011632,0.43481988,0.26750812,-0.47872496,-0.34590393
97,3717,-0.641572,-0.285832,0.45980936,-1.1168369,-0.07532364,-0.03986998,-0.27790713,-1.2706652,0.30559313,-0.013828248,-0.39127377,-0.37578788,0.44081992,0.26385397,-0.48258054,-0.35952008
97,4316,-0.641572,-0.285832,0.45980936,-1.116837,-0.075323634,-0.039869964,-0.2779072,-1.2706653,0.30559313,-0.013828248,-0.39127377,-0.37578782,0.44081992,0.26385394,-0.48258054,-0.35952008
97,841,-0.641572,-0.28583202,0.45980936,-1.116837,-0.075323634,-0.03986998,-0.27790713,-1.2706653,0.30559313,-0.013828248,-0.3912737,-0.37578782,0.44081986,0.26385397,-0.48258054,-0.35952008
97,4159,-0.641572,-0.285832,0.45980936,-1.116837,-0.075323634,-0.039869964,-0.2779072,-1.2706653,0.3055932,-0.013828248,-0.3912737,-0.37578782,0.44081992,0.26385397,-0.48258054,-0.35952008
97,14,-0.641572,-0.285832,0.45980936,-1.116837,-0.07532364,-0.03986998,-0.27790713,-1.2706653,0.30559313,-0.013828248,-0.3912737,-0.37578776,0.44081992,0.26385397,-0.48258054,-0.35952008
97,1661,-0.641572,-0.285832,0.45980936,-1.1168371,-0.07532365,-0.039869964,-0.27790713,-1.2706654,0.30559313,-0.013828248,-0.39127377,-0.37578788,0.44081992,0.26385397,-0.48258054,-0.35952008
97,377,0.116355315,-0.47760087,0.78605354,-0.4930464,0.49501416,0.2897979,-0.76044244,-0.5300871,-0.26901788,-1.3671764,0.7410973,0.21374425,0.94897467,-0.4495687,0.4418449,-0.21468696
97,4155,-0.641572,-0.28583202,0.45980936,-1.116837,-0.075323634,-0.03986998,-0.2779072,-1.2706653,0.3055932,-0.013828263,-0.3912737,-0.37578782,0.44081986,0.26385397,-0.48258054,-0.35952005
97,6,0.29208297,-0.30282664,0.1250984,-0.31709272,-0.31490225,-0.09437783,-0.4376771,-0.15567301,0.18570177,-0.8217145,0.46458635,-0.32849178,0.9579738,0.5045913,-0.4069964,0.46877623
97,15,0.4413333,-0.44623733,-0.1755319,0.5434038,-0.26248616,0.06921172,0.27900454,-0.169439,-0.19866534,-0.55321014,0.5749078,-0.19148499,0.108772136,0.7215802,0.4021396,0.15613632
97,19,0.19760668,0.82695305,0.3030935,-0.40667635,0.5729934,1.0812687,0.6486082,-0.79935855,-0.712094,1.2614213,0.4083668,0.44660258,-0.1502921,-1.098123,0.3797026,-0.6154477
97,21,-0.30038506,0.19298208,-0.24753363,-0.75715363,-0.07994867,-0.14992106,0.20596777,-0.25796413,0.23843135,0.45950997,-0.50549734,0.036224157,0.33712667,0.11654329,-0.47264254,0.24128856
97,23,-0.15121683,-0.22508025,-0.7610414,-0.29323244,-0.46712017,-0.794324,-1.1572151,0.703289,0.3378861,1.1678771,1.2569526,-0.7186215,-0.7118372,-0.86847466,0.082194775,-0.6892248
97,27,0.40175256,-0.3835433,-0.14573517,0.56862664,-0.31443667,0.07000046,0.3724954,-0.12286095,-0.2133495,-0.4653292,0.5421638,-0.16995704,0.08373175,0.76153636,0.3809846,0.16443004
97,38,-0.17608511,0.4996528,0.42661315,0.7190928,0.5887482,-0.30560648,-0.26726002,0.02742558,0.42461312,-0.16676015,-0.4715392,-0.078899354,-0.08758369,-0.5030344,-0.1181097,0.29496533
97,54,0.292083,-0.30282664,0.1250984,-0.31709266,-0.31490225,-0.094377816,-0.4376771,-0.15567301,0.18570174,-0.8217146,0.46458635,-0.32849172,0.9579739,0.5045913,-0.4069964,0.46877617
97,85,-0.18429458,0.7195025,0.4792664,0.86970586,0.695982,-0.30786693,-0.14183949,0.029671468,0.47798818,-0.043178357,-0.521207,-0.05397074,-0.043286934,-0.607444,-0.12808548,0.4194758
97,92,-0.18349057,0.6887158,0.47744912,0.8692282,0.658633,-0.29658604,-0.12202345,0.011888631,0.46125716,-0.03500703,-0.49379158,-0.06775296,-0.059246667,-0.5667925,-0.11403267,0.39436477
97,98,0.29813305,-0.32804835,0.14669167,-0.3028754,-0.3147722,-0.083509535,-0.45091033,-0.16781779,0.1769193,-0.85685027,0.47650728,-0.33261922,0.9497995,0.51202035,-0.39403144,0.4473577
97,120,0.28210744,0.33414394,-0.57930154,-0.14410655,-0.13268527,-0.024608307,0.48717004,0.8988026,-0.053903323,0.15941635,-0.26266962,0.5395117,0.35895464,0.12433377,-0.23760954,0.7061882
97,128,0.36664858,0.1911146,-0.5418466,-0.11453359,-0.06441646,0.1323099,0.44925892,0.8618114,-0.17257106,-0.07578129,-0.29181316,0.5969784,0.29882154,0.1678093,-0.14206702,0.6002137
97,146,-0.17969343,0.5949792,0.46853042,0.8079436,0.6982498,-0.35861498,-0.34552538,-0.015326448,0.508106,-0.17823233,-0.485718,-0.13611495,-0.054674264,-0.6065355,-0.14743516,0.36821687
97,149,0.37230232,0.19564667,-0.55247515,-0.11966708,-0.059586674,0.13965279,0.45578158,0.87650377,-0.17911994,-0.080625266,-0.30298507,0.61009824,0.30127788,0.16846472,-0.14169277,0.6082778
97,155,-0.20405683,0.6900767,0.50574666,1.0316014,0.40985176,-0.17712678,0.2886987,-0.094611585,0.3485787,0.24671087,-0.33687228,-0.11033201,-0.15718538,-0.29543358,0.02099043,0.31600124
97,156,-0.56747514,-0.42308384,-0.0407629,-0.43384653,-0.264504,0.14861387,-0.023427516,0.570076,-0.31876177,-0.15028884,-0.922442,0.44187155,-0.9211159,0.22473826,0.098636016,-0.81368124
97,162,0.25037605,-0.10897386,0.7222772,-0.3678972,0.696296,0.5101852,-0.5194952,-0.35087365,-0.48346603,-0.8274113,0.94613475,0.49243551,0.7928478,-0.92772335,0.69075465,-0.2997856
97,168,0.25890177,0.31791353,-0.5440373,-0.14496894,-0.14380768,-0.042884156,0.46003675,0.84181654,-0.03117381,0.16932088,-0.23938909,0.49852404,0.35348952,0.1220476,-0.24456877,0.6765603
97,182,-0.3110406,0.17454877,-0.22970267,-0.81817704,-0.07217179,-0.14898264,0.15987188,-0.3454411,0.25759518,0.4359849,-0.49650547,-0.011714786,0.38734454,0.13576208,-0.50534433,0.23937427
97,184,0.37748715,0.09839639,-0.4022417,-0.17238356,-0.11750713,0.04911059,0.1851068,0.54552674,-0.033284634,-0.17827758,-0.031393312,0.30560178,0.4965241,0.21108527,-0.24800834,0.60632104
97,188,-0.022772178,0.13623959,-0.21558253,-0.47939712,-0.24832687,-0.24727239,0.03736435,-0.08676204,0.2807812,0.22468689,0.015138261,-0.15927964,0.60895026,0.23368284,-0.48549652,0.48246586
97,208,-0.5457832,-0.5307553,0.06611169,-0.2618873,-0.3456019,0.10519333,0.022952154,0.38258767,-0.29553378,-0.19187644,-0.761657,0.2799544,-0.90147245,0.4126358,0.16541755,-0.80397284
97,224,-0.18374145,0.5144774,0.43730247,0.72880095,0.6261163,-0.33062464,-0.32213813,0.023411892,0.45232773,-0.19229126,-0.48813063,-0.09626728,-0.08231169,-0.5389227,-0.13141876,0.30906862
97,237,-0.4381812,-0.104404554,0.22814602,-0.05803758,0.44604465,-0.5021985,-1.0415578,0.49900746,0.3380537,-0.7324152,-0.891541,0.08877446,-0.34275964,-0.3783068,-0.16224046,-0.15965414
97,243,-0.1725708,0.5702374,0.45990562,0.92693996,0.35240886,-0.15614752,0.24521798,-0.08365768,0.30524904,0.18082413,-0.30109134,-0.09410748,-0.15835948,-0.2456557,0.01993952,0.2594356
97,247,0.018423945,0.5226551,0.3658932,-0.5571298,0.43695477,0.8880787,0.48517966,-0.95507705,-0.5298531,0.8829113,0.1370239,0.2788118,-0.06064787,-0.716772,0.17815214,-0.59611005
97,249,0.3913198,0.08415258,-0.3977725,-0.19198756,-0.11132696,0.058735017,0.15464051,0.5219046,-0.029766738,-0.21499759,-0.018393677,0.2897791,0.52689195,0.21783596,-0.25902683,0.61429906
97,264,-0.20666462,0.6161841,0.4665004,0.80677426,0.615762,-0.29541725,-0.1539682,0.039652232,0.42941326,-0.07631105,-0.51319885,-0.05597481,-0.09880337,-0.5214271,-0.10617775,0.33493876
97,267,-0.035909526,-0.31000352,-1.0428207,-0.35629869,-0.57758176,-0.9758021,-1.466286,0.6841834,0.4557675,1.5011996,1.8559054,-1.0349098,-0.7353786,-1.0999148,0.11417487,-0.7759728
97,285,-0.2053814,-0.1369611,-0.46236396,-0.080085784,-0.33424136,-0.6221315,-0.814071,0.54153854,0.27578992,0.8567865,0.8041107,-0.52870893,-0.6371116,-0.61330354,0.08472993,-0.5428359
97,299,-0.26257864,0.45376754,0.40895343,0.54957724,0.73917055,-0.45111972,-0.6676513,0.17026368,0.52187943,-0.3998,-0.6801181,-0.059276238,-0.095491484,-0.66076416,-0.19792551,0.27568543
97,304,-0.5135315,-0.545485,0.12330465,-0.1299255,-0.39904863,0.08820533,0.0756767,0.27412015,-0.28545707,-0.17479017,-0.626678,0.1787107,-0.87786746,0.5017465,0.20017341,-0.7776657
97,307,-0.051791184,-0.4351156,0.5982696,-0.63106817,0.28916416,0.15312394,-0.60382617,-0.6704179,-0.0768989,-1.0433899,0.36678308,0.01455681,0.8221938,-0.14168946,0.109399974,-0.14851683
97,343,-0.18840072,0.6974422,0.4633386,0.8256939,0.68602777,-0.30371654,-0.1503775,0.064739585,0.462327,-0.059818327,-0.54476845,-0.023446336,-0.046437986,-0.60276026,-0.13054638,0.40601754
97,345,0.6014147,0.054437816,-0.710543,-0.2250617,0.2888155,0.5380849,0.13207828,0.61918116,-0.4300297,0.18821076,0.01859013,0.6805742,-0.13086684,-0.58420986,0.20142682,-0.055535525
97,356,-0.020699836,-0.098855436,0.43977988,1.0678427,-0.34290487,0.0005690679,0.55444956,-0.67214113,0.051241145,0.21464157,0.5029814,-0.57455325,-0.32493716,0.63834643,0.29251665,-0.11810742
97,364,-0.18429461,0.71950245,0.47926646,0.8697058,0.695982,-0.307867,-0.14183955,0.02967146,0.47798818,-0.043178357,-0.521207,-0.053970754,-0.043286934,-0.60744405,-0.12808548,0.41947573
97,366,-0.104229294,-0.26401794,-0.9813635,-0.38956952,-0.5461185,-0.94996864,-1.4236344,0.7733037,0.42516255,1.4368962,1.6504003,-0.92085373,-0.75925314,-1.0835389,0.08998464,-0.7752088
97,368,0.2821074,0.334144,-0.57930154,-0.14410655,-0.13268527,-0.024608307,0.48717004,0.8988026,-0.05390332,0.15941635,-0.2626696,0.5395117,0.35895464,0.12433377,-0.23760957,0.70618826
97,370,0.33453614,0.008670092,-0.41682112,0.17804015,-0.21129753,0.123806104,0.55281186,0.58589584,-0.25271696,-0.048685104,-0.014204763,0.3782892,0.0670147,0.38376614,0.12563252,0.34618735
97,376,-0.52710986,-0.40328398,-0.055585302,-0.42691338,-0.24587637,0.18378636,0.012034461,0.5686403,-0.3351246,-0.1457772,-0.91771746,0.47405574,-0.89787734,0.20446165,0.10159016,-0.78869
97,383,0.5395257,-0.58806753,-0.30296493,0.4772169,-0.13644198,0.06219937,0.08097295,-0.21053655,-0.18644333,-0.7440421,0.65246004,-0.20606819,0.15217802,0.61682373,0.49990883,0.13830845
97,391,0.008047402,0.46416837,0.36299396,-0.54528105,0.4073173,0.8379584,0.44872063,-0.9171592,-0.49789006,0.79701227,0.116264395,0.26732635,-0.04269301,-0.65666914,0.16020656,-0.57286346
97,395,0.50033283,-0.43839154,-0.5793667,0.07677397,0.07808688,0.14502804,0.022893175,0.2581182,-0.23018162,-0.48583764,0.25386846,0.23337945,0.045290045,0.120533526,0.42767555,0.08345756
97,400,-0.3845803,0.11292085,-0.07885417,-0.7895882,-0.18891549,-0.28586048,0.04873018,-0.57551503,0.3725335,0.49748468,-0.2726563,-0.27260962,0.4621246,0.2057479,-0.5603542,0.19442417
97,406,-0.0052050278,-0.2753632,-1.0890636,-0.37890667,-0.56387544,-0.99336284,-1.4969412,0.72484255,0.4764012,1.5616065,1.9152801,-1.0336312,-0.70593625,-1.1822854,0.09605844,-0.75150543
97,407,-0.38045457,-0.48251325,0.0007608831,-0.21440442,-0.28252196,0.22455595,0.14006995,0.34842038,-0.34921837,-0.20052652,-0.7033438,0.36326268,-0.8094278,0.37244654,0.1917595,-0.70727694
97,418,-0.5818203,-0.45787907,-0.010809995,-0.4010582,-0.29008022,0.13930051,-0.01424773,0.53129333,-0.31934473,-0.16418135,-0.9069081,0.4061783,-0.9384476,0.28120267,0.11831069,-0.830169
97,422,-0.11236594,0.17249301,0.4567541,0.91781205,0.110860795,-0.15813659,0.06773266,-0.39955795,0.26630336,0.040173486,0.057239853,-0.41221395,-0.2626129,0.03843777,0.088827565,0.03027463
97,432,0.22351077,-0.15924421,-0.05248951,0.58269024,-0.46896505,0.0727853,0.674877,0.1053954,-0.25938034,-0.095806934,0.35264,-0.027677208,-0.05545292,0.8017699,0.29718968,0.13199422
97,434,-0.06413484,-0.3190532,-0.9359924,-0.27227533,-0.5723342,-0.91932577,-1.3564162,0.59750444,0.42446834,1.4001343,1.7415035,-1.0130866,-0.7443931,-0.9697384,0.13366364,-0.76588106
97,437,-0.073670916,-0.30868804,-0.8578822,-0.19447948,-0.56140924,-0.87492776,-1.2627916,0.525535,0.40653318,1.3425688,1.6737459,-1.000664,-0.74007374,-0.8858697,0.14715116,-0.7445511
97,467,-0.12189723,-0.2913467,-0.40516156,0.17603716,-0.4832624,-0.58499306,-0.7129715,0.14733243,0.27308047,0.9031731,1.1734377,-0.8362721,-0.6803501,-0.36850405,0.20431593,-0.6094171
97,471,0.36964583,0.16423577,-0.4619072,-0.17300396,-0.11639286,0.035602923,0.2571541,0.6482492,-0.04128316,-0.106306255,-0.08741364,0.37055337,0.4824829,0.1931431,-0.25192392,0.65388244
97,478,0.41205522,0.027356416,-0.34466797,-0.21164818,-0.12685005,0.053750448,0.05402918,0.40280068,0.0015015975,-0.29561877,0.07937647,0.18443288,0.6052504,0.24918452,-0.28461617,0.6120139
97,484,-0.15727869,-0.56186223,0.10658157,0.15890364,-0.37290838,0.25881243,0.36678725,0.024104297,-0.36697984,-0.27963606,-0.32562733,0.1640041,-0.6481607,0.68166745,0.32666233,-0.552236
97,496,-0.49559715,-0.5170009,0.16920987,-0.015267909,-0.41120672,0.08242452,0.1303345,0.18739578,-0.26801437,-0.1416122,-0.5475637,0.10955591,-0.8623053,0.5423251,0.22200015,-0.74475473
97,497,-0.057514958,-0.51696575,0.12841949,0.3070978,-0.41228387,0.24228638,0.46621633,-0.04423064,-0.3563789,-0.25151426,-0.13404475,0.09385479,-0.5426671,0.75322056,0.35447147,-0.445009
97,504,0.17685075,0.30812722,-0.4165793,-0.2771513,-0.3077581,-0.29322445,0.15967056,0.4164573,0.24645878,0.24868023,0.1279456,-0.00059993565,0.6938215,0.200337,-0.46352458,0.7845231
97,512,-0.05345332,0.39898646,0.3935128,-0.60689276,0.37622806,0.7768599,0.3806337,-0.9700558,-0.43770915,0.7200458,0.077532224,0.21525602,0.0056743547,-0.5870324,0.1104811,-0.5719549
97,522,0.26084587,0.5244012,0.46694648,-0.3757642,0.6853397,0.88676846,0.17387834,-0.54218817,-0.6642482,0.51110876,0.73926985,0.546461,0.24320954,-1.1864609,0.5948355,-0.49371892
97,524,-0.09325563,-0.2968577,-0.64856976,-0.014406741,-0.5248401,-0.74022686,-1.0052568,0.34514675,0.3461625,1.1464458,1.451696,-0.9304583,-0.71286637,-0.6480905,0.17636266,-0.6805773
97,548,-0.44825843,-0.047953054,0.25148457,-0.017190203,0.50343144,-0.5261847,-1.0702044,0.4945342,0.37397045,-0.73563635,-0.91897416,0.076470576,-0.33005574,-0.43400884,-0.17727551,-0.12094095
97,556,0.60703653,-0.681948,-0.6698391,0.032197244,0.22448972,0.16010645,-0.23473106,0.10366373,-0.2290104,-0.7810816,0.37876466,0.16831863,0.062617384,0.039701894,0.5861687,-0.0124662
97,566,-0.53632444,-0.077959076,0.51385444,-1.1319411,0.115925014,0.24297588,-0.13221528,-1.3676444,0.085334286,0.18531403,-0.2933136,-0.22699234,0.3921855,-0.009825781,-0.3468459,-0.47331887
97,574,-0.23720136,0.26978636,-0.28655207,-0.6995302,-0.18908507,-0.28139132,0.16552846,-0.16452833,0.32683057,0.5131148,-0.2913666,-0.082837224,0.51840997,0.15469863,-0.5528979,0.43989414
97,579,-0.025354646,-0.043587893,0.5015856,1.1749243,-0.29121527,-0.025176056,0.5151677,-0.7790542,0.11592217,0.25450218,0.5508882,-0.6725737,-0.3362819,0.5817826,0.28988728,-0.0998593
97,586,-0.14915124,0.19734964,-0.2358561,-0.5722777,-0.22314158,-0.269284,0.11517826,-0.13455153,0.30236733,0.39217544,-0.1440439,-0.121058375,0.5278461,0.188705,-0.5052925,0.43126
97,594,0.16289487,0.20953035,-0.33019763,-0.29539752,-0.29281723,-0.24881636,0.088773906,0.29886055,0.23032402,0.122639894,0.12899947,-0.03559184,0.6784749,0.22901824,-0.44269496,0.6873812
97,597,-0.1725708,0.57023734,0.45990562,0.9269399,0.35240892,-0.15614752,0.24521798,-0.08365768,0.30524904,0.1808241,-0.30109134,-0.09410748,-0.15835948,-0.2456557,0.019939523,0.25943565
97,598,-0.44409838,-0.45962712,-0.021974698,-0.30391228,-0.26711842,0.21724832,0.09279159,0.43625015,-0.35074133,-0.184746,-0.80565715,0.4148786,-0.85683465,0.31156296,0.16100289,-0.7499433
97,618,-0.09325563,-0.2968577,-0.6485697,-0.014406726,-0.5248401,-0.7402268,-1.005257,0.34514675,0.34616244,1.1464456,1.4516957,-0.9304584,-0.7128664,-0.6480905,0.17636268,-0.6805773
97,620,-0.20461205,0.34869963,0.47345042,0.8285853,0.35741743,-0.25485116,-0.12012185,-0.16035433,0.3457803,-0.07330889,-0.27085787,-0.24753189,-0.22811121,-0.22685863,-0.008398149,0.1347617
97,621,-0.55637234,-0.39332467,-0.067628056,-0.45998806,-0.24604444,0.1639818,-0.021524101,0.605092,-0.32636827,-0.13224833,-0.93768233,0.4784138,-0.91544175,0.17679943,0.08920845,-0.80654293
97,629,0.07643981,-0.1700739,0.011471946,0.50740904,-0.5062058,0.118214324,0.76039255,0.19021262,-0.31959608,0.01672566,0.1405248,0.09946472,-0.2583784,0.78724724,0.31867242,-0.05308918
97,632,0.28091845,-0.2212637,-0.05295562,0.6061884,-0.44123486,0.07492211,0.59782976,0.0051796287,-0.24522647,-0.21702033,0.42857897,-0.09746379,0.00048998,0.8276205,0.30903614,0.15785472
97,639,0.2635766,0.40840095,0.49072343,-0.356898,0.6749793,0.80352396,0.055092692,-0.46658987,-0.62393445,0.28491655,0.7730891,0.5474318,0.3280053,-1.1359901,0.61318076,-0.44878435
97,643,-0.047100462,-0.116314635,0.429125,1.0156347,-0.34995672,0.0044775307,0.5419364,-0.62214077,0.03220588,0.1997256,0.44677055,-0.53527474,-0.35126922,0.6370948,0.29016677,-0.14819232
97,659,0.25890177,0.31791353,-0.5440372,-0.14496897,-0.14380768,-0.042884156,0.46003675,0.8418165,-0.03117381,0.16932088,-0.23938909,0.49852407,0.3534895,0.1220476,-0.2445688,0.6765602
97,663,-0.45050207,-0.49739593,0.20071891,0.07547652,-0.41527364,0.07739008,0.17419808,0.11679441,-0.2491177,-0.12564196,-0.45926407,0.059792295,-0.8109389,0.56774074,0.23214015,-0.6906244
97,671,0.32268962,0.07234308,-0.39550722,0.19124356,-0.23560034,0.092521265,0.5727341,0.6184919,-0.22819045,0.017947525,0.0054432265,0.3718038,0.08988466,0.3617525,0.08637859,0.37861502
97,674,-0.04905867,-0.32712567,-0.99244815,-0.3304649,-0.5749092,-0.9417023,-1.410973,0.6479792,0.4324507,1.4313035,1.781912,-1.0085931,-0.7370712,-1.0266168,0.12301457,-0.77328867
97,691,-0.2746737,-0.27192652,0.31304008,-0.8166509,0.019830838,-0.03823045,-0.3477947,-0.8020995,0.17548473,-0.4197318,-0.07335592,-0.2200386,0.6484737,0.17530291,-0.32125336,-0.039879523
97,695,-0.4428037,-0.07617229,0.2397788,-0.0374372,0.47538194,-0.5146076,-1.0571505,0.49616736,0.35672128,-0.7345578,-0.90475875,0.08193115,-0.33583394,-0.40682977,-0.17007098,-0.1398758
97,700,0.1051266,-0.06364547,-0.047058307,0.5080818,-0.49238387,0.0705844,0.7827851,0.28783584,-0.2815964,0.090556085,0.17224088,0.12186124,-0.16416743,0.72393936,0.27379805,0.067989305
97,715,0.18107483,0.12486023,-0.2623033,-0.29499644,-0.2822864,-0.21025632,0.018818334,0.22823507,0.21050252,-0.023041815,0.15906122,-0.062737495,0.6944087,0.26231545,-0.42384005,0.6349161
97,720,-0.64157206,-0.28583202,0.45980936,-1.1168371,-0.07532364,-0.039869964,-0.2779072,-1.2706653,0.3055932,-0.013828248,-0.39127377,-0.37578782,0.44081992,0.26385394,-0.48258054,-0.35952008
97,725,-0.17273468,-0.24958882,0.298221,0.7262033,-0.3522321,-0.1235632,0.15745726,-0.42590702,0.064798,0.20523173,0.3799751,-0.5433396,-0.5368585,0.4290806,0.2677547,-0.3614863
97,727,0.36964583,0.1642358,-0.4619072,-0.17300396,-0.116392866,0.035602923,0.2571541,0.6482492,-0.041283164,-0.106306255,-0.08741363,0.37055337,0.48248297,0.1931431,-0.2519239,0.65388244
97,731,0.32502937,0.026848316,-0.3695389,0.17126876,-0.20760618,0.113462836,0.51808447,0.56362945,-0.22537784,-0.028442979,0.0004387647,0.3607301,0.07927867,0.3365054,0.08660971,0.3334849
97,735,0.5606316,0.13567948,-0.722354,-0.25402546,0.2653747,0.5262744,0.23474172,0.7674022,-0.43297482,0.17823154,-0.13781011,0.7784833,-0.09309135,-0.51765525,0.14053774,0.04647465
97,743,-0.13638684,-0.32075563,-0.22228928,0.2744391,-0.44207954,-0.4463681,-0.48514456,0.012502387,0.19981296,0.64828277,0.90093863,-0.7115791,-0.63270205,-0.1328416,0.21621895,-0.5496222
97,744,0.16978529,-0.104913056,-0.051755793,0.560216,-0.49461892,0.07212138,0.74600524,0.1974603,-0.27399397,0.0124833435,0.28032705,0.03788379,-0.109209426,0.7807354,0.2883775,0.105943725
97,753,-0.4195895,0.08879116,-0.05351495,-0.8736496,-0.16645695,-0.27108103,0.009727091,-0.68100584,0.385585,0.4748119,-0.31019357,-0.30304718,0.48782617,0.21862826,-0.5876783,0.1639546
97,754,0.2669694,0.28137636,0.57054585,-0.3723334,0.7099235,0.7429789,-0.10962625,-0.44354385,-0.60235816,-0.017419145,0.8485453,0.5498357,0.4734167,-1.1218448,0.6588843,-0.41623157
97,756,-0.40225986,0.1432102,-0.10477401,-0.82629925,-0.1797609,-0.29235852,0.06452278,-0.5720922,0.38084108,0.53381383,-0.31082273,-0.26013657,0.46986496,0.19536647,-0.57796526,0.21136461
97,764,-0.3832729,0.14642072,-0.11257391,-0.7974169,-0.18534175,-0.29240996,0.07197055,-0.5371105,0.37363678,0.52785176,-0.2938367,-0.25009832,0.4661678,0.19363679,-0.5678039,0.22275217
97,769,-0.14920634,-0.3738436,0.47845852,-0.71551293,0.1754426,0.074683726,-0.49500763,-0.7373486,0.030447438,-0.797188,0.16187608,-0.08854991,0.7483717,0.007569775,-0.08076237,-0.10398445
97,770,0.249298,-0.12124181,-0.061028652,-0.3321287,-0.26656386,-0.11128649,-0.23094682,0.015305668,0.17428787,-0.49593192,0.28152877,-0.17339176,0.8283681,0.38716453,-0.4054991,0.53259474
97,780,-0.08684639,-0.07613137,0.47042745,1.0103369,-0.2872784,-0.017150313,0.4469267,-0.61877,0.071588054,0.20690432,0.38309345,-0.54176855,-0.39707989,0.5233612,0.26496488,-0.17150778
97,781,-0.21076426,0.57822186,0.46374834,0.79207283,0.5877032,-0.29241312,-0.1620103,0.0313716,0.41630018,-0.088205904,-0.49945322,-0.06744468,-0.11646172,-0.49042803,-0.09814738,0.3064447
97,782,0.1830835,0.14834437,-0.27988476,-0.30297518,-0.29087847,-0.22801696,0.021989256,0.24390055,0.22391166,-0.00011870265,0.16874126,-0.070105314,0.71990067,0.26189652,-0.4405786,0.6679342
97,793,0.035664976,-0.025694937,0.48447746,1.2237847,-0.28625232,-0.019587606,0.565235,-0.826648,0.13137206,0.2697712,0.63510585,-0.6968106,-0.26167595,0.6001204,0.2908957,-0.0334277
97,795,0.03566497,-0.025694922,0.48447746,1.2237846,-0.28625232,-0.019587599,0.56523496,-0.826648,0.13137206,0.26977122,0.6351057,-0.6968106,-0.26167592,0.6001204,0.29089564,-0.033427685
97,800,0.26727054,0.06845334,0.66567236,-0.37002236,0.7235682,0.6186407,-0.35513663,-0.38284856,-0.5451183,-0.48378018,0.9356934,0.5329079,0.6719503,-1.0479832,0.7015984,-0.35162765
97,804,-0.57777673,-0.4792325,0.023086714,-0.35568124,-0.30720916,0.13041657,0.004221827,0.4875515,-0.31417218,-0.18037552,-0.87697476,0.37263352,-0.927019,0.33119524,0.1312428,-0.8207872
97,814,0.17846784,0.3148327,-0.42395747,-0.26245248,-0.30317098,-0.287472,0.18068463,0.44869018,0.23527049,0.25742385,0.11197574,0.025967121,0.67057407,0.19210033,-0.45135915,0.77982515
97,817,-0.3452819,-0.16478178,0.17421883,-0.8551954,-0.09117521,-0.11427194,-0.20436127,-0.78666866,0.2655874,-0.07613137,-0.2181536,-0.277318,0.5503541,0.25616255,-0.4657026,0.009414017
97,835,0.70544165,-0.9003341,-0.742711,0.012426801,0.34594467,0.14390974,-0.4813468,-0.06147659,-0.20235631,-1.0478177,0.5258661,0.0690621,0.102312155,-0.020227104,0.71962744,-0.0787234
97,838,-0.16732466,0.67551255,0.44811267,0.81358397,0.65729725,-0.28284365,-0.11781399,0.056436572,0.4436341,-0.047642753,-0.51326346,-0.016878039,-0.038580656,-0.5773578,-0.123527646,0.39886582
97,849,-0.23169595,0.46585065,0.4520641,0.7353612,0.49455002,-0.2766453,-0.16639464,0.028840572,0.3643186,-0.11587764,-0.47660953,-0.079945624,-0.17686146,-0.38974828,-0.070533425,0.21472432
97,857,0.33050486,0.27410412,-0.5603961,-0.10783243,-0.11848477,0.028067008,0.46666867,0.8817769,-0.09889905,0.061848566,-0.23348266,0.5413146,0.34922698,0.15303364,-0.19605613,0.6762319
97,863,0.07941722,-0.12430419,-0.01159877,0.5140894,-0.5111904,0.10194135,0.7913929,0.23959403,-0.31457913,0.054276243,0.14458495,0.11619229,-0.23374861,0.7782796,0.3106613,-0.009833738
97,864,0.44133335,-0.44623727,-0.17553188,0.54340374,-0.26248616,0.069211714,0.27900457,-0.169439,-0.19866535,-0.5532101,0.57490784,-0.19148499,0.108772166,0.7215802,0.4021396,0.15613629
97,865,-0.50927246,-0.43964362,-0.04103384,-0.3893904,-0.2550578,0.20642166,0.044598922,0.51750726,-0.3508252,-0.17173599,-0.90337414,0.45923078,-0.9045097,0.25844347,0.13058384,-0.79285413
97,870,-0.58830065,-0.48990548,0.026698668,-0.3557951,-0.314502,0.12877369,0.002052173,0.48400134,-0.31688985,-0.18275997,-0.88206077,0.36670268,-0.9416122,0.34330475,0.13702406,-0.8341818
97,874,0.5664689,-0.5968975,-0.63199633,0.04770018,0.17250472,0.15602154,-0.14409111,0.15444815,-0.22944309,-0.677534,0.3326347,0.19113757,0.054721467,0.068085656,0.529087,0.0171265
97,883,-0.32821852,0.32923263,0.36910725,0.37834263,0.6977432,-0.48350012,-0.80609095,0.28920066,0.4895485,-0.5095756,-0.78641146,-0.0038099885,-0.15983526,-0.62244594,-0.20275377,0.17085521
97,888,0.4351378,0.035770327,-0.51557726,0.040226355,-0.049632788,0.24298093,0.38253173,0.6011964,-0.29047298,0.052631944,0.046113327,0.45701396,0.02608461,0.028274491,0.13311407,0.22522967
97,897,-0.55637234,-0.39332467,-0.06762805,-0.45998806,-0.24604443,0.1639818,-0.021524057,0.605092,-0.3263682,-0.13224833,-0.9376823,0.47841376,-0.9154418,0.17679943,0.089208454,-0.8065428
97,899,-0.11870388,0.19106147,0.45033252,0.8729486,0.18915713,-0.1956162,-0.041630536,-0.34939587,0.30093092,-0.030005693,-0.0122954175,-0.38548592,-0.23648444,-0.048214927,0.050222687,0.059768036
97,908,0.26454884,0.44170058,0.49037457,-0.3658697,0.6859535,0.8307342,0.081745595,-0.4931112,-0.6389028,0.3411108,0.77385306,0.5490391,0.3126439,-1.1605166,0.6150063,-0.4632759
97,909,-0.4482585,-0.04795307,0.25148457,-0.017190218,0.50343156,-0.52618474,-1.0702045,0.49453413,0.37397045,-0.7356363,-0.9189741,0.07647058,-0.3300557,-0.43400884,-0.17727551,-0.12094096
97,935,0.45579073,0.10390669,-0.59161633,-0.20557265,0.1649569,0.44565678,0.3514642,0.7769734,-0.38265938,-0.022931032,-0.3312701,0.7703155,-0.01031173,-0.20392515,0.054512754,0.18711166
97,942,0.23860788,0.78576005,0.31651074,-0.35942543,0.60005724,1.0263988,0.5389208,-0.6564583,-0.7054996,1.1242435,0.53260714,0.50310504,-0.06207315,-1.1622907,0.45789355,-0.5703218
97,944,-0.3845803,0.11292079,-0.07885416,-0.7895882,-0.18891549,-0.28586048,0.04873018,-0.5755149,0.3725335,0.49748456,-0.27265632,-0.27260962,0.46212453,0.2057479,-0.5603542,0.19442417
97,948,0.62567204,-0.7267902,-0.36955416,0.4234022,-0.02605325,0.062080033,-0.120576456,-0.30533302,-0.1608674,-0.9330665,0.7307459,-0.250542,0.20142877,0.52905554,0.55568546,0.1134104
97,956,-0.16239837,-0.19520202,0.40168685,0.8592958,-0.33912116,-0.071214676,0.2955116,-0.52892655,0.0549002,0.17683941,0.3453932,-0.54823995,-0.50491726,0.52091813,0.27750614,-0.30340564
97,963,-0.526712,-0.54583466,0.11773084,-0.14634676,-0.39828303,0.0898155,0.068976246,0.2887889,-0.28973895,-0.17400146,-0.64783204,0.1882898,-0.89326423,0.4962756,0.19901994,-0.7910952
97,976,0.5677777,0.15760067,-0.7520827,-0.2690317,0.26344562,0.52641743,0.27509844,0.83408403,-0.43808222,0.135346,-0.20152119,0.8205445,-0.05141692,-0.46436352,0.117431685,0.12246074
97,982,0.0330348,0.12961683,-0.2209091,-0.3954695,-0.2684468,-0.24337073,0.04222642,0.008174226,0.25998986,0.17450705,0.06972059,-0.13585582,0.606068,0.23746651,-0.4539642,0.50902545
97,986,-0.43157318,0.08908221,-0.052216485,-0.9015258,-0.1599289,-0.26987654,0.0023706406,-0.7071106,0.39140344,0.47670972,-0.32505372,-0.3099154,0.4972179,0.22027603,-0.5985814,0.16069506
97,994,0.25127512,-0.2677656,0.10399322,-0.3116089,-0.31172395,-0.10769786,-0.37902516,-0.15000357,0.18957011,-0.7036114,0.41633067,-0.30702835,0.88837093,0.4727627,-0.39820197,0.44196624
97,1003,0.23161244,0.8182889,0.3021145,-0.36357802,0.58964217,1.0481527,0.58798385,-0.6856196,-0.7111695,1.2014276,0.49899802,0.4928056,-0.10148803,-1.1545503,0.43573883,-0.5838054
97,1007,0.3882309,0.15945297,-0.55160177,-0.13226806,-0.02827543,0.1974347,0.45444947,0.8741614,-0.21976925,-0.14895138,-0.35019854,0.6494928,0.27303568,0.17467988,-0.115379974,0.5702032
97,1020,-0.18349054,0.6887159,0.47744912,0.86922807,0.658633,-0.29658604,-0.12202345,0.011888608,0.46125722,-0.035007022,-0.4937916,-0.06775299,-0.059246667,-0.5667924,-0.11403267,0.39436483
97,1022,-0.55001616,-0.40306866,-0.052110612,-0.43685883,-0.25329673,0.15498362,-0.018059656,0.5811793,-0.31829673,-0.13976587,-0.91423,0.45651728,-0.90261954,0.19835506,0.09218362,-0.79634655
97,1028,-0.5640508,-0.4729455,0.01844393,-0.3527236,-0.3012162,0.13049397,0.004065782,0.48441827,-0.30980372,-0.17886668,-0.86373746,0.37266573,-0.91165715,0.32108295,0.12753943,-0.8076695
97,1054,0.1830835,0.14834434,-0.27988482,-0.30297524,-0.29087847,-0.22801693,0.021989256,0.24390057,0.22391166,-0.00011870265,0.16874126,-0.070105314,0.71990085,0.26189652,-0.44057858,0.66793424
97,1063,-0.18708447,-0.3441819,0.45431423,-0.77364564,0.16511858,0.050131522,-0.48332155,-0.77982914,0.0646521,-0.7203529,0.120504506,-0.11759883,0.7600661,0.01959145,-0.13000332,-0.088263154
97,1064,-0.13989908,0.4346286,0.45753992,0.93374455,0.26476213,-0.1499816,0.19733217,-0.20690088,0.292037,0.14162743,-0.15763266,-0.21053988,-0.18647557,-0.1440051,0.045129403,0.1854463
97,1066,0.5703542,0.12166569,-0.71195436,-0.246704,0.28678295,0.5331904,0.15076727,0.6787878,-0.4278317,0.29478398,-0.0041916147,0.7189541,-0.1613302,-0.6656815,0.18072718,-0.07813017
97,1068,-0.63328105,-0.24274352,0.49458897,-1.1759125,-0.004837781,0.04674174,-0.26307034,-1.3470292,0.24802397,0.008684173,-0.38869336,-0.33745757,0.4586678,0.19417787,-0.46025395,-0.40372717
97,1075,0.0698012,-0.21214308,0.03264841,0.49598265,-0.4998053,0.13349499,0.73092616,0.14898926,-0.32443815,-0.017224818,0.12665907,0.08979941,-0.28543413,0.79189855,0.32519975,-0.0960195
97,1091,-0.39825904,-0.001028806,0.023212839,-0.8711168,-0.14769161,-0.21714221,-0.061500624,-0.726707,0.34999013,0.2970055,-0.28726777,-0.30182007,0.50140876,0.24161324,-0.5528792,0.10438982
97,1100,0.3925017,0.05282888,-0.3685677,-0.17901318,-0.11347832,0.06587906,0.13239908,0.4808367,-0.031856574,-0.24168201,0.0050506517,0.26567584,0.51774305,0.2260262,-0.247684,0.58365315
97,1104,-0.5710574,-0.5329952,0.062014755,-0.2865665,-0.34590244,0.11170006,0.018205255,0.40486068,-0.30656356,-0.19451419,-0.80462605,0.29791516,-0.93099135,0.4120537,0.16535068,-0.8287972
97,1108,-0.23913959,-0.1436156,-0.21338908,0.030690238,-0.2522052,-0.43123466,-0.5044107,0.41227168,0.172565,0.50479215,0.37042046,-0.3109556,-0.57003415,-0.324969,0.086646676,-0.44855797
97,1110,0.700322,-0.86826247,-0.7513937,0.013353184,0.3308541,0.15906215,-0.43076128,-0.02354373,-0.2208144,-1.0184741,0.4931619,0.09792963,0.09489659,0.0013067722,0.7090329,-0.061526448
97,1113,-0.45134923,0.021063924,0.2796778,0.04523819,0.56165254,-0.54634166,-1.0809579,0.47307503,0.41350573,-0.7232772,-0.92993724,0.05407253,-0.31241053,-0.48892373,-0.18971081,-0.073641926
97,1114,0.21008894,0.29135215,-0.42553937,-0.23967807,-0.27751642,-0.24120875,0.19028121,0.48550755,0.19541483,0.20264259,0.090642564,0.07690156,0.639592,0.18834771,-0.4191032,0.75981647
97,1122,-0.25897434,0.00554204,-0.07421203,0.21727276,-0.14319488,-0.38787067,-0.3470546,0.32331246,0.20126893,0.4654941,0.21837154,-0.27482793,-0.5180107,-0.29899454,0.08390455,-0.32512122
97,1123,-0.22906333,0.4269935,0.44309735,0.7190908,0.45121184,-0.26051754,-0.14291199,0.02254083,0.33960766,-0.110585846,-0.45373127,-0.08104172,-0.19210286,-0.34534454,-0.056713346,0.18540956
97,1124,0.5704937,0.11825609,-0.72191656,-0.26253927,0.29512858,0.55246407,0.17806831,0.71236247,-0.4433496,0.23720291,-0.07469328,0.7591394,-0.15018535,-0.62241167,0.17407563,-0.050935306
97,1129,-0.19417065,0.69813997,0.48622608,0.87834525,0.66947365,-0.3059634,-0.13490681,0.012126811,0.46953958,-0.038761884,-0.5055682,-0.07425752,-0.06522198,-0.57512677,-0.11569083,0.3958544
97,1137,-0.38045463,-0.48251322,0.0007608719,-0.21440439,-0.28252196,0.22455594,0.14006993,0.34842044,-0.34921837,-0.20052652,-0.70334375,0.36326265,-0.80942786,0.37244654,0.19175948,-0.70727694
97,1151,-0.5597587,-0.43784893,-0.01990354,-0.40115255,-0.27569294,0.14070208,-0.013362542,0.5367906,-0.31231803,-0.15932652,-0.8928239,0.41502774,-0.9089217,0.2559194,0.10693964,-0.80391246
97,1156,-0.29733515,0.18132833,-0.24118294,-0.7608631,-0.07334034,-0.13956359,0.19808877,-0.27206558,0.23302208,0.4417801,-0.5075511,0.035547137,0.33528197,0.11924654,-0.4688949,0.22974227
97,1161,0.2985889,0.30360603,-0.548182,-0.1643038,-0.1389985,-0.03227204,0.41160423,0.8185891,-0.026668034,0.10902184,-0.19697773,0.4698588,0.4178596,0.14152831,-0.26341707,0.71176463
97,1181,-0.034955584,-0.5084406,0.13052174,0.35076436,-0.43224052,0.23890194,0.49960274,-0.061851695,-0.36006445,-0.24421668,-0.081579134,0.07022961,-0.5246365,0.79020363,0.36866692,-0.42127275
97,1183,0.28401703,0.18704218,-0.40298516,-0.24693249,-0.19372946,-0.09941684,0.15066792,0.47191972,0.10253425,-0.0031876564,0.031921893,0.1624776,0.6004875,0.19724874,-0.35956982,0.6851773
97,1189,-0.06413483,-0.3190532,-0.93599224,-0.27227533,-0.5723342,-0.91932577,-1.356416,0.5975044,0.42446834,1.4001343,1.7415034,-1.0130868,-0.744393,-0.96973854,0.13366364,-0.76588094
97,1209,0.37792516,0.17998454,-0.5465856,-0.11769366,-0.053235255,0.15565121,0.45226705,0.8687855,-0.19059059,-0.103224605,-0.30764586,0.61471117,0.29250416,0.17343298,-0.13164946,0.5939202
97,1211,0.22466356,0.8422823,0.32085985,-0.39533913,0.6124605,1.0799437,0.59811455,-0.7367408,-0.72832847,1.2282519,0.49859962,0.49283677,-0.09596856,-1.1796441,0.43589082,-0.6041526
97,1213,0.13088576,-0.4061764,0.7920235,-0.50630397,0.5385041,0.33829367,-0.73599803,-0.5323227,-0.30610716,-1.2777785,0.78276175,0.25397938,0.94912916,-0.5402321,0.4738373,-0.23487633
97,1222,-0.14449564,0.22210598,0.41613275,-0.6615604,0.28508008,0.6143308,0.24111387,-0.9710239,-0.30750626,0.48646456,-0.011261322,0.12821345,0.09000524,-0.3954695,0.014671335,-0.5247805
97,1228,0.22758439,-0.16236988,-0.052957878,0.57462615,-0.4594462,0.071885645,0.6587729,0.10055559,-0.25302342,-0.103748344,0.35254446,-0.028486028,-0.04797077,0.7879551,0.29057568,0.13394286
97,1232,-0.16666386,0.5861215,0.46003097,0.79797655,0.7041254,-0.36081773,-0.3646469,-0.019528382,0.5137583,-0.19081815,-0.4755962,-0.13894534,-0.040913455,-0.61596245,-0.15350007,0.37437403
97,1238,0.23304516,-0.23291996,0.757989,-0.3757646,0.66622674,0.44409913,-0.6186039,-0.35914195,-0.44107312,-1.051602,0.9309333,0.44495788,0.86182594,-0.82250214,0.66583425,-0.26857594
97,1249,0.22018138,-0.19418985,0.04736136,-0.35218257,-0.31578004,-0.14355078,-0.33433056,-0.12640408,0.21865027,-0.5788278,0.3765413,-0.2993598,0.8967418,0.4487759,-0.43428883,0.48924953
97,1253,-0.1725708,0.57023734,0.45990562,0.92693996,0.35240886,-0.15614755,0.24521798,-0.08365768,0.30524904,0.18082413,-0.30109134,-0.09410748,-0.15835948,-0.2456557,0.01993952,0.25943565
97,1266,-0.42202917,-0.4670378,0.22153081,0.14196649,-0.41289902,0.07274719,0.20915444,0.074679255,-0.23277208,-0.10241903,-0.40155295,0.028458953,-0.7738578,0.57346165,0.23612145,-0.6474365
97,1273,-0.39125204,0.15424106,-0.11884272,-0.8263243,-0.18118909,-0.29560363,0.066060714,-0.5541599,0.38240248,0.5353768,-0.3041996,-0.25729656,0.48473722,0.19498837,-0.58399874,0.23299144
97,1302,-0.032942303,-0.29862493,-1.0946443,-0.39686286,-0.5775701,-1.0140754,-1.531087,0.73089325,0.4810362,1.5604043,1.9099092,-1.052716,-0.7391673,-1.1751703,0.101838306,-0.7842941
97,1317,-0.30615512,0.18660274,-0.24525888,-0.793639,-0.06816099,-0.1416323,0.18888879,-0.2958011,0.24235146,0.4464739,-0.5179677,0.025636747,0.35595933,0.12191443,-0.4864862,0.23818226
97,1320,-0.3139805,-0.5175098,0.035460204,-0.10217965,-0.30715746,0.23928162,0.20687187,0.24116534,-0.35689443,-0.23326921,-0.59691197,0.30422735,-0.7653267,0.46966255,0.23618834,-0.6661217
97,1321,0.40327525,-0.2973549,-0.47743517,0.083115265,-0.009997055,0.16397919,0.17753573,0.3269201,-0.23616204,-0.2829909,0.12634662,0.28581315,-0.008889951,0.15158473,0.30482414,0.087478355
97,1324,0.19291088,-0.139705,0.009623971,-0.35538465,-0.3239888,-0.17119844,-0.28352493,-0.10023594,0.2353627,-0.46310323,0.34832403,-0.2881757,0.87005466,0.42448848,-0.4464153,0.50591344
97,1335,-0.56405073,-0.4729455,0.018443927,-0.3527236,-0.30121619,0.13049395,0.0040658116,0.48441833,-0.30980375,-0.17886668,-0.8637374,0.3726657,-0.9116572,0.32108295,0.12753943,-0.8076695
97,1336,-0.17944375,0.7338278,0.4839205,1.0291615,0.42121032,-0.15770815,0.3480413,-0.065694004,0.34632587,0.28973448,-0.3428169,-0.06273545,-0.1151244,-0.3211736,0.015784968,0.35973418
97,1348,-0.17139244,-0.27067783,0.24616536,0.6746353,-0.36242384,-0.1533926,0.090374865,-0.38373113,0.07416019,0.23329097,0.4224953,-0.5563364,-0.55017567,0.38291094,0.26579267,-0.38669717
97,1351,-0.40655115,0.10571891,-0.06796,-0.84260225,-0.17955782,-0.28502274,0.025787607,-0.6383997,0.38643634,0.49528676,-0.2891668,-0.29725656,0.48572642,0.21359588,-0.58344483,0.18565382
97,1354,0.2930229,0.1665389,-0.39444947,-0.24763931,-0.18157074,-0.077624366,0.14132436,0.4613415,0.089141056,-0.036546044,0.025064416,0.17070256,0.59246856,0.199345,-0.34945643,0.66782117
97,1357,0.52432305,-0.5047076,-0.5946843,0.062952586,0.11726487,0.15274264,-0.04675643,0.21177405,-0.23046257,-0.56347215,0.28234035,0.21704216,0.045448624,0.09660511,0.46710083,0.049934983
97,1365,0.3377049,0.27921432,-0.5720954,-0.11328551,-0.113199845,0.03499523,0.47194374,0.89747965,-0.10498219,0.05609937,-0.24337193,0.55424523,0.35415906,0.15330097,-0.19667469,0.68660164
97,1369,-0.14915124,0.19734964,-0.2358561,-0.5722778,-0.22314158,-0.269284,0.11517826,-0.1345515,0.30236733,0.39217538,-0.14404386,-0.121058345,0.52784604,0.188705,-0.5052924,0.43126
97,1371,0.21173055,0.83533275,0.30440897,-0.39391583,0.58527315,1.078681,0.63270265,-0.7652129,-0.718271,1.2546875,0.44627225,0.46553898,-0.1344364,-1.130429,0.40344822,-0.60852987
97,1386,0.016077235,-0.03198287,0.4928717,1.2150021,-0.28857276,-0.022920243,0.5479784,-0.8189821,0.12863165,0.26561764,0.61417574,-0.6972176,-0.28695026,0.596992,0.29172617,-0.055360876
97,1394,-0.14915124,0.19734961,-0.2358561,-0.5722778,-0.22314158,-0.269284,0.11517826,-0.13455153,0.30236733,0.39217538,-0.14404386,-0.121058345,0.5278461,0.188705,-0.5052924,0.43126
97,1420,0.08607932,-0.08458386,-0.031631738,0.50833756,-0.50296926,0.08384074,0.79616505,0.27821708,-0.29887176,0.08431141,0.14936534,0.1291969,-0.20147906,0.74627304,0.2910619,0.031053215
97,1430,0.18512622,0.29159886,-0.4094805,-0.23193116,-0.29195958,-0.26204276,0.19310862,0.4617623,0.20922749,0.23494986,0.09907865,0.054161802,0.62415135,0.18700917,-0.4192326,0.74139607
97,1431,-0.30374345,0.21358788,0.2804324,0.54627955,0.07143445,-0.18897276,0.08897183,0.12869689,0.16204245,0.17030603,-0.29510555,-0.05873196,-0.40069523,-0.076546445,0.084870115,-0.088252395
97,1435,0.31600413,0.13244647,-0.38124263,-0.24301206,-0.16440412,-0.04254985,0.123497576,0.44703543,0.066361114,-0.09686945,0.025450394,0.18131305,0.5868061,0.20691104,-0.3325212,0.64676076
97,1436,-0.14915124,0.19734964,-0.23585613,-0.5722778,-0.22314157,-0.269284,0.11517826,-0.13455153,0.30236733,0.39217532,-0.14404388,-0.121058375,0.5278461,0.188705,-0.5052924,0.43126
97,1444,-0.4355314,-0.49515003,0.20764028,0.095663935,-0.41590706,0.07727338,0.18461089,0.099867195,-0.24530411,-0.12515497,-0.43626964,0.049891993,-0.79437184,0.5740517,0.23401801,-0.6752836
97,1454,0.3177369,-0.062108696,-0.41675383,0.12457612,-0.15344012,0.14006661,0.4212001,0.50327986,-0.23933274,-0.007862464,0.028486222,0.3488984,-0.010173887,0.23247474,0.15988813,0.20079173
97,1456,0.061896604,-0.33934397,0.086571366,0.48104078,-0.48499164,0.17824295,0.6517892,0.01241447,-0.33542272,-0.1199747,0.11142158,0.042715475,-0.35870305,0.82387096,0.35219336,-0.21190284
97,1466,0.13730979,-0.006427139,-0.09087014,-0.3684656,-0.33549392,-0.24332698,-0.1700563,-0.046340734,0.27811104,-0.18929313,0.2946816,-0.27182895,0.82441956,0.36354637,-0.48096913,0.56209266
97,1469,0.6644638,-0.79041326,-0.7224277,0.021829948,0.28704482,0.15688342,-0.35047245,0.033492006,-0.22396582,-0.9208506,0.45121357,0.12698057,0.08445785,0.016104966,0.66100794,-0.037579365
97,1473,0.19242147,0.107440025,-0.24717037,-0.3030826,-0.28493416,-0.20968108,-0.012351558,0.21099204,0.21391894,-0.0743887,0.18330044,-0.082559735,0.7294531,0.27830714,-0.43162462,0.6442495
97,1481,-0.20029208,0.6759269,0.467646,0.81807214,0.68743455,-0.31986243,-0.1961702,0.05929092,0.47071916,-0.086816445,-0.5493528,-0.04302886,-0.05898138,-0.60134965,-0.1323986,0.39125043
97,1487,0.34704968,0.22114512,-0.54866844,-0.11898421,-0.077339105,0.09837852,0.45808464,0.8716276,-0.14750272,-0.02361828,-0.2880836,0.5874177,0.3072176,0.15448363,-0.1610293,0.61946005
97,1490,-0.15333524,-0.1742928,0.42702436,0.88364196,-0.32884353,-0.049869895,0.3376089,-0.53962845,0.04647647,0.16148967,0.32102555,-0.52708864,-0.48564285,0.53699154,0.2745292,-0.27935278
97,1496,-0.1659899,0.27082527,0.46885073,0.86300635,0.2751605,-0.23126282,-0.089558735,-0.2664364,0.32999086,-0.05260551,-0.13707873,-0.33144137,-0.23700024,-0.1366611,0.022251258,0.095945895
97,1505,0.70381033,-0.8984536,-0.74862754,0.0011827499,0.35156116,0.16458657,-0.46800148,-0.051633134,-0.2175279,-1.0478258,0.49652442,0.091157965,0.08893836,-0.019305125,0.71923923,-0.086439475
97,1511,0.07800868,-0.09186399,-0.024476595,0.505101,-0.50344336,0.08769943,0.7953165,0.2737774,-0.3025208,0.08129944,0.13810706,0.13185953,-0.2139828,0.7480632,0.2944732,0.016803205
97,1516,-0.5572195,-0.43176082,-0.02929072,-0.4112847,-0.2698769,0.14280581,-0.018098518,0.5458635,-0.31241712,-0.15589958,-0.8967595,0.4228104,-0.9077954,0.24173176,0.10310152,-0.8030061
97,1518,-0.21611384,-0.13492316,-0.3872739,-0.04935874,-0.30959263,-0.56430334,-0.72034186,0.50645965,0.24433209,0.7544777,0.67134184,-0.46054736,-0.6163665,-0.5296384,0.08266853,-0.5139277
97,1521,0.1541181,-0.3585035,0.78608704,-0.48393244,0.57504356,0.3703391,-0.7086719,-0.49780464,-0.34197932,-1.217198,0.819593,0.30274582,0.9307671,-0.6172443,0.5202642,-0.24708213
97,1524,-0.3144566,0.25788397,-0.2821676,-0.7640277,-0.11820711,-0.21637689,0.22196126,-0.21813,0.28380126,0.5457154,-0.47376177,0.0060022622,0.38910806,0.11391187,-0.51501787,0.31863564
97,1532,-0.63814116,-0.25824738,0.4873637,-1.1638967,-0.023892015,0.021783158,-0.27095574,-1.3295066,0.26565504,-0.0033280551,-0.3921332,-0.34872857,0.45681477,0.21589646,-0.4678362,-0.39278108
97,1536,0.249298,-0.12124181,-0.061028644,-0.33212864,-0.26656386,-0.11128649,-0.2309468,0.015305676,0.17428787,-0.49593192,0.2815288,-0.17339176,0.8283682,0.38716453,-0.40549907,0.53259474
97,1541,-0.07238994,-0.31218234,-0.8326282,-0.18097617,-0.55322075,-0.8508586,-1.2260815,0.5072808,0.39376342,1.303457,1.6321906,-0.97761345,-0.7303938,-0.85253483,0.14889616,-0.73350394
97,1545,-0.28196433,0.06225249,0.44804525,-0.78507704,0.19242343,0.4403913,0.0905865,-1.0568862,-0.14888662,0.30694643,-0.120075144,-0.0004579723,0.19097418,-0.20591225,-0.115197524,-0.49038547
97,1547,0.05347325,0.10233307,-0.1966886,-0.3654667,-0.27977857,-0.23747216,0.020301208,0.016923636,0.25240582,0.11734992,0.10504077,-0.14401582,0.6141959,0.25260156,-0.4405921,0.5029568
97,1557,0.18750268,0.27912015,-0.40482038,-0.21975921,-0.27945787,-0.2413121,0.2044874,0.47262174,0.18999837,0.22079587,0.07788365,0.0806506,0.59192157,0.1814146,-0.39932364,0.7164329
97,1558,0.33499545,0.25480878,-0.5518713,-0.107931376,-0.10844271,0.046773106,0.45984834,0.8712816,-0.11120199,0.035453722,-0.24237093,0.5480617,0.33704442,0.15461951,-0.18527018,0.6562041
97,1572,0.7749046,-0.9524855,-0.5491615,0.33581963,0.16297087,0.061144553,-0.411016,-0.38852245,-0.15166022,-1.248999,0.8530712,-0.2761111,0.2709612,0.39491338,0.717695,0.081191316
97,1573,-0.45134923,0.021063924,0.2796778,0.045238197,0.5616524,-0.54634166,-1.0809579,0.47307503,0.4135058,-0.7232772,-0.92993736,0.054072544,-0.31241053,-0.48892373,-0.18971081,-0.073641926
97,1574,0.7555743,-0.9631123,-0.65574646,0.16424051,0.28137374,0.10291315,-0.49207586,-0.2540062,-0.17321749,-1.2109691,0.69732714,-0.113116056,0.19862655,0.17752308,0.7340102,-0.0018976927
97,1576,0.26496837,0.3315609,0.5439477,-0.37150198,0.70077395,0.7708084,-0.047101185,-0.46272188,-0.6129989,0.09782036,0.82039714,0.5476489,0.41970837,-1.1306367,0.6423362,-0.43180203
97,1577,-0.21478337,0.74789953,0.52708155,1.0856432,0.4382349,-0.1870823,0.30934212,-0.10611282,0.37189627,0.27985367,-0.34647918,-0.12253374,-0.15220442,-0.3205536,0.020819597,0.34642404
97,1593,0.08871585,0.054681152,-0.14965604,-0.3390885,-0.30664253,-0.23856325,-0.0437582,0.0066083297,0.2556113,0.0030084103,0.18507844,-0.18684572,0.6716887,0.29255903,-0.4404823,0.5116829
97,1595,0.49391153,0.12206477,-0.6452903,-0.22909333,0.20198855,0.4791348,0.32341105,0.7940499,-0.40547997,0.03686273,-0.28637096,0.79012907,-0.032851353,-0.30252582,0.07920793,0.15364422
97,1619,-0.3528526,-0.13432607,0.13380337,-0.8446301,-0.11117124,-0.12507036,-0.15627311,-0.76135886,0.27871788,0.020166367,-0.25086978,-0.27249768,0.5065273,0.2606846,-0.4814254,0.01453796
97,1634,0.547053,0.14676154,-0.720782,-0.25812,0.24835068,0.5163494,0.28668606,0.81878126,-0.4306559,0.11154732,-0.22367236,0.8120103,-0.051317655,-0.42504597,0.10906717,0.12370318
97,1650,-0.09467036,-0.17047721,0.40243483,0.90444523,-0.36468595,0.0124433115,0.4992118,-0.536292,-0.004583709,0.15703085,0.3437028,-0.46705934,-0.4081888,0.63861954,0.28804588,-0.2172052
97,1663,0.26727054,0.06845337,0.66567236,-0.3700223,0.7235681,0.6186407,-0.35513663,-0.38284856,-0.5451183,-0.48378015,0.9356933,0.53290784,0.6719502,-1.0479833,0.70159847,-0.35162765
97,1681,0.28746718,0.20850688,-0.41824812,-0.25506264,-0.20398283,-0.11819029,0.14979714,0.48403776,0.11700849,0.014895618,0.046776563,0.15094471,0.63096493,0.19972554,-0.37749892,0.7197912
97,1691,0.03868952,-0.45131704,0.7256015,-0.5911495,0.44428173,0.2424949,-0.7214129,-0.6175692,-0.194161,-1.2395087,0.60381436,0.14023761,0.93187195,-0.361964,0.3184749,-0.1930457
97,1695,0.006896928,-0.4790733,0.12724502,0.40495157,-0.45041484,0.23050003,0.5437835,-0.073366135,-0.35700518,-0.22776471,-0.0044348314,0.046085715,-0.47774833,0.8201157,0.3750215,-0.3677234
97,1696,0.08045718,-0.13943508,-0.0053778514,0.5063126,-0.50571465,0.106734306,0.774349,0.22532451,-0.31414354,0.039783,0.14299425,0.112954356,-0.23699671,0.7732705,0.30918092,-0.022318453
97,1703,0.33628336,0.0841009,-0.34944135,-0.2208574,-0.1561401,-0.012051389,0.098604105,0.4131881,0.045345604,-0.15975916,0.047280803,0.17355785,0.5721572,0.21949919,-0.30727744,0.6087271
97,1705,0.17638686,0.804333,0.29116988,-0.41164643,0.5387616,1.0748208,0.6803283,-0.8405058,-0.6949446,1.2685345,0.3380766,0.41005418,-0.18748017,-1.0263993,0.33593118,-0.6197759
97,1707,-0.032942303,-0.29862493,-1.0946441,-0.39686286,-0.5775701,-1.0140754,-1.5310869,0.73089343,0.48103613,1.5604043,1.9099094,-1.052716,-0.73916733,-1.1751704,0.10183831,-0.7842941
97,1713,-0.1827442,0.5295914,0.44019735,0.7433942,0.6212288,-0.3223294,-0.28990895,0.02125857,0.44803488,-0.16995609,-0.48423246,-0.091754496,-0.08189956,-0.5334564,-0.12627484,0.31459475
97,1730,-0.45062587,0.10623488,0.31147808,0.12219106,0.6259726,-0.564082,-1.0772284,0.44592905,0.4564051,-0.69865465,-0.9366087,0.03077285,-0.289355,-0.5493366,-0.2021606,-0.016271189
97,1756,0.18321696,0.8177514,0.3024245,-0.41962892,0.5604212,1.084117,0.66472614,-0.834183,-0.7058393,1.2663121,0.36923343,0.42735696,-0.1657767,-1.0640988,0.3552205,-0.62223935
97,1760,0.7867131,-0.9632413,-0.56945896,0.32790744,0.17642936,0.065740615,-0.42292666,-0.3842302,-0.15560207,-1.2608304,0.85555714,-0.26975787,0.27193487,0.38367382,0.73036635,0.080714926
97,1787,-0.20308813,0.47741956,0.4363327,0.72826326,0.50444806,-0.26490444,-0.14956568,0.03140092,0.36487156,-0.107710354,-0.4622177,-0.062385693,-0.14494511,-0.40757108,-0.07827294,0.23932882
97,1794,-0.20377824,-0.5516837,0.08576444,0.077235274,-0.3480302,0.25427562,0.31623277,0.0876488,-0.36274683,-0.26898423,-0.4133913,0.21054913,-0.68202835,0.61247575,0.29863828,-0.5863035
97,1809,-0.633281,-0.24274352,0.49458897,-1.1759125,-0.004837781,0.046741746,-0.26307034,-1.3470291,0.24802394,0.008684158,-0.3886934,-0.33745757,0.4586678,0.19417787,-0.4602539,-0.40372717
97,1815,0.1051266,-0.06364548,-0.047058314,0.5080818,-0.49238387,0.070584394,0.78278506,0.28783584,-0.28159636,0.090556085,0.17224088,0.12186125,-0.16416743,0.72393924,0.27379805,0.067989305
97,1822,-0.4442207,-0.4693153,-0.017190337,-0.29216027,-0.27492815,0.22180545,0.10283455,0.4253252,-0.35767138,-0.18988803,-0.80159575,0.40872654,-0.86515886,0.33175725,0.1718003,-0.75632817
97,1828,-0.61920846,-0.19955464,0.5070075,-1.190522,0.033051535,0.10235494,-0.23523937,-1.3815879,0.20762001,0.055317327,-0.3731462,-0.31497023,0.45142257,0.14030235,-0.43961787,-0.4278289
97,1836,0.5470529,0.1467615,-0.720782,-0.25811994,0.24835068,0.5163494,0.28668606,0.8187813,-0.43065596,0.11154732,-0.22367236,0.8120103,-0.051317655,-0.4250459,0.10906719,0.12370318
97,1847,-0.30771586,-0.35368884,0.29711005,0.43191826,-0.40432283,0.050136346,0.3326977,-0.14336355,-0.15415828,0.0011052489,-0.12979463,-0.14877084,-0.6431773,0.606301,0.26053908,-0.4895237
97,1860,-0.26367104,0.008548617,-0.024911553,0.24485263,-0.12383047,-0.3494593,-0.28315789,0.2956375,0.18221475,0.3986892,0.1350266,-0.23288912,-0.5032837,-0.24487056,0.08537621,-0.3032654
97,1862,0.14323087,-0.07908666,-0.052617036,0.53663266,-0.4967616,0.070921406,0.76686954,0.24550483,-0.27588362,0.06051649,0.2358301,0.07640726,-0.13126355,0.7530534,0.2772149,0.09331952
97,1886,0.060813654,-0.46398208,0.7411078,-0.5573687,0.45196906,0.25377607,-0.72973084,-0.59046537,-0.21348393,-1.2797593,0.6369755,0.15776818,0.9309091,-0.37629086,0.34972414,-0.19884765
97,1890,0.029213227,-0.016124547,0.47493547,1.2067946,-0.29315028,-0.01172439,0.5934578,-0.7900876,0.11529438,0.27522838,0.60779417,-0.66124463,-0.26113486,0.605628,0.29166606,-0.030511275
97,1891,-0.55500627,-0.4044723,-0.04705765,-0.43570018,-0.25539392,0.15203822,-0.018917233,0.58112603,-0.31711733,-0.14239842,-0.9177508,0.45396,-0.903808,0.20417912,0.091243275,-0.7974452
97,1894,-0.21635714,0.39702582,0.45390648,0.76195633,0.41688314,-0.25816035,-0.13735421,-0.050376847,0.3444137,-0.09763048,-0.37997833,-0.147226,-0.20247808,-0.30249166,-0.039651062,0.16812097
97,1899,0.34061807,0.21744135,-0.53702456,-0.11184494,-0.08457185,0.08837309,0.45179754,0.85577154,-0.13940376,-0.015935019,-0.27319977,0.57123595,0.30539194,0.15468015,-0.16171922,0.6120717
97,1902,-0.41575888,-0.1498326,0.21212068,-0.06569171,0.3872476,-0.4731002,-0.9916447,0.47161752,0.30734628,-0.7110924,-0.8334375,0.07978696,-0.34844568,-0.3195755,-0.14290191,-0.18637994
97,1918,0.4500029,0.12533402,-0.59602505,-0.19878353,0.13637689,0.41039777,0.37968647,0.8128952,-0.36163193,-0.046029456,-0.35045594,0.7663133,0.043451674,-0.13878979,0.021399867,0.26620048
97,1920,-0.5271099,-0.40328398,-0.055585302,-0.42691338,-0.24587637,0.18378636,0.012034461,0.5686403,-0.3351246,-0.1457772,-0.91771734,0.4740557,-0.89787734,0.20446165,0.10159016,-0.7886899
97,1929,-0.005205035,-0.2753632,-1.0890639,-0.37890667,-0.56387544,-0.99336296,-1.4969413,0.7248426,0.4764012,1.5616065,1.91528,-1.0336312,-0.7059362,-1.1822853,0.09605845,-0.7515054
97,1932,-0.1887272,0.63877636,0.4683597,0.8386543,0.621627,-0.29042214,-0.12989314,0.013909563,0.4402877,-0.05115612,-0.48455536,-0.06992796,-0.079815686,-0.5285029,-0.10484281,0.35795802
97,1934,-0.45156857,0.06555271,0.2952348,0.082079716,0.5958184,-0.5553978,-1.0793128,0.46285194,0.4349407,-0.71146667,-0.9368469,0.045495555,-0.30023336,-0.52153623,-0.19683178,-0.0437831
97,1940,0.7193018,-0.9209647,-0.71858215,0.05339438,0.32989782,0.12869526,-0.4901325,-0.116101235,-0.19117314,-1.0988479,0.57528347,0.016722858,0.13159794,0.033134446,0.72478366,-0.057113472
97,1941,0.7054417,-0.9003342,-0.74271095,0.012426801,0.34594467,0.14390974,-0.4813468,-0.061476603,-0.20235631,-1.0478176,0.5258661,0.0690621,0.10231214,-0.02022712,0.71962744,-0.0787234
97,1949,-0.06968961,0.099891275,0.42586672,0.87171054,0.08954255,-0.15272798,0.01753451,-0.42709678,0.26126856,-0.005099058,0.11520062,-0.431639,-0.23874408,0.052809983,0.08177413,0.015513614
97,1953,-0.4080725,0.16590485,0.3262819,0.1990917,0.64565206,-0.5397983,-0.99945694,0.39013356,0.467337,-0.64492846,-0.8809461,0.014056608,-0.24680147,-0.56839186,-0.20133467,0.039255977
97,1958,-0.45134923,0.021063924,0.27967778,0.04523819,0.5616524,-0.5463417,-1.0809579,0.47307503,0.41350585,-0.7232773,-0.92993736,0.054072544,-0.31241053,-0.48892373,-0.18971081,-0.07364191
97,1959,-0.45903274,-0.449841,-0.028895155,-0.3297845,-0.26010197,0.21307251,0.07714997,0.46101254,-0.34764612,-0.179378,-0.8312669,0.42928058,-0.86369014,0.28885558,0.1486366,-0.7566616
97,1973,-0.61920846,-0.19955462,0.5070075,-1.190522,0.033051565,0.102354944,-0.23523937,-1.3815879,0.20762001,0.055317312,-0.3731462,-0.31497023,0.45142257,0.14030235,-0.43961787,-0.42782897
97,1975,-0.005205035,-0.2753632,-1.0890639,-0.37890667,-0.56387544,-0.9933631,-1.4969412,0.72484267,0.4764012,1.5616065,1.91528,-1.0336312,-0.70593613,-1.1822852,0.09605845,-0.7515054
97,1978,0.3261835,0.0107252,-0.44985837,0.15100756,-0.19305025,0.1215346,0.5145727,0.5985183,-0.25005865,0.024175718,0.012707353,0.38171005,0.029937468,0.2955565,0.14423925,0.29632843
97,2007,-0.24635705,0.55114317,0.4458053,0.8475016,0.29434013,-0.13765009,0.30959022,0.040489838,0.24183293,0.20313215,-0.41766572,0.0060604364,-0.22482765,-0.19122334,0.04249682,0.19810791
97,2016,0.42608628,0.045039535,-0.3719477,-0.22103299,-0.116979614,0.062044553,0.06717065,0.4400282,-0.007320702,-0.297563,0.06066583,0.21188515,0.61596644,0.24699748,-0.28870797,0.63839793
97,2028,-0.10222886,-0.54942083,0.120678306,0.24996077,-0.4013668,0.25515878,0.42944866,-0.025016218,-0.36779392,-0.27056313,-0.21605805,0.11893324,-0.6005361,0.7406876,0.35371944,-0.50193167
97,2038,-0.076320924,-0.06704901,0.48801506,1.0707518,-0.2921003,-0.022385053,0.46591544,-0.67610556,0.086418,0.22408271,0.4352411,-0.5929332,-0.39025605,0.5471348,0.27656147,-0.15746132
97,2048,0.029213227,-0.016124561,0.47493553,1.2067946,-0.2931503,-0.01172439,0.5934578,-0.7900875,0.11529438,0.27522838,0.6077942,-0.66124463,-0.26113483,0.605628,0.2916661,-0.030511267
97,2055,-0.18357506,0.6770715,0.461366,0.9653149,0.37783882,-0.1405089,0.35396612,-0.030756906,0.30767012,0.27027562,-0.35383064,-0.028978467,-0.13374868,-0.28130984,0.022712184,0.3184783
97,2057,-0.41575888,-0.1498326,0.21212067,-0.06569171,0.3872476,-0.4731002,-0.9916447,0.47161746,0.30734634,-0.7110924,-0.8334375,0.07978695,-0.34844568,-0.3195755,-0.14290191,-0.18637994
97,2062,0.26858634,0.15397125,0.6048857,-0.35435802,0.70142543,0.65468115,-0.24284635,-0.3704577,-0.55995744,-0.2740107,0.8878943,0.54735214,0.572694,-1.0662369,0.6789564,-0.3691156
97,2071,0.33628336,0.08410093,-0.3494413,-0.22085737,-0.1561401,-0.012051396,0.09860411,0.4131881,0.045345634,-0.15975916,0.047280803,0.17355785,0.5721572,0.21949919,-0.30727744,0.60872716
97,2084,0.70544165,-0.9003342,-0.742711,0.012426801,0.34594467,0.14390974,-0.4813468,-0.061476603,-0.20235631,-1.0478176,0.52586603,0.06906211,0.10231214,-0.020227134,0.71962744,-0.0787234
97,2104,0.29813308,-0.32804835,0.14669167,-0.3028754,-0.31477225,-0.08350955,-0.4509104,-0.16781779,0.1769193,-0.85685027,0.47650728,-0.33261922,0.9497995,0.51202035,-0.39403144,0.4473577
97,2108,0.0782089,-0.18888631,0.020354936,0.51134574,-0.5073441,0.124313965,0.7511563,0.16597313,-0.32185614,0.0015401542,0.1469647,0.087060526,-0.26685086,0.79809934,0.32430762,-0.06762159
97,2119,-0.19244382,0.74633837,0.4988795,1.0491575,0.43317166,-0.16896467,0.33525157,-0.07445721,0.35736185,0.28785864,-0.35051003,-0.07854903,-0.12495157,-0.3279578,0.015509468,0.36043715
97,2133,-0.5472327,-0.42969906,-0.02557858,-0.40088993,-0.26859155,0.14112991,-0.014246345,0.5370449,-0.30826557,-0.15747607,-0.88304734,0.41756326,-0.89403945,0.24348113,0.101968735,-0.79109675
97,2151,0.034527987,-0.013197243,0.48258245,1.223767,-0.28180647,-0.01879415,0.575145,-0.81611806,0.13165574,0.27701703,0.6262535,-0.6866313,-0.25715408,0.5932447,0.2886909,-0.025705084
97,2158,0.26412672,0.022598594,0.674146,-0.36397278,0.713254,0.5847708,-0.39476085,-0.35738087,-0.52663803,-0.5667418,0.93624574,0.5289248,0.6994028,-1.0163516,0.6996786,-0.33441222
97,2160,-0.16892943,-0.19947039,0.3911578,0.82685035,-0.33697543,-0.06947413,0.28564015,-0.49706054,0.04739672,0.16929471,0.3177833,-0.521278,-0.5087553,0.5081339,0.27142254,-0.31082034
97,2184,0.30336654,0.1721909,-0.40487045,-0.25745237,-0.17905296,-0.075705364,0.13615713,0.46911114,0.09011166,-0.04557304,0.027417682,0.1722815,0.61239976,0.2017497,-0.3577142,0.6868216
97,2185,0.28320843,-0.2857041,0.09489172,-0.29721832,-0.28482956,-0.06769726,-0.37534767,-0.1136522,0.15425788,-0.76665705,0.39598936,-0.260758,0.8732452,0.4675824,-0.37248078,0.43761152
97,2196,-0.16877344,-0.30085346,0.13841084,0.56715685,-0.3837096,-0.2170301,-0.046818376,-0.28806287,0.095118865,0.3063416,0.5132431,-0.58144987,-0.5754617,0.27659732,0.25601482,-0.4349609
97,2203,-0.4437,-0.4495281,-0.026899062,-0.31576747,-0.2591634,0.21205905,0.08203463,0.44722605,-0.34317678,-0.17925216,-0.8088434,0.4206143,-0.84774214,0.29055715,0.14971128,-0.7430066
97,2237,-0.13638684,-0.32075563,-0.22228928,0.2744391,-0.44207954,-0.44636816,-0.48514467,0.012502402,0.199813,0.6482827,0.9009387,-0.7115792,-0.63270205,-0.1328416,0.21621896,-0.5496221
97,2244,-0.36644265,0.15465656,-0.1493232,-0.8256219,-0.14426228,-0.24625488,0.0920164,-0.50055486,0.34186524,0.5007101,-0.36311477,-0.18400756,0.452255,0.17788465,-0.5581862,0.2277983
97,2254,0.15831283,0.2829609,-0.3938244,-0.2918352,-0.298127,-0.2799834,0.14737883,0.36680448,0.24332957,0.2353267,0.110108696,-0.009549409,0.67350173,0.20118566,-0.45742995,0.7438739
97,2262,-0.12213876,0.19881302,0.47034842,0.9399049,0.13471246,-0.17070068,0.055437684,-0.40274882,0.28295428,0.04119672,0.04344455,-0.42137757,-0.26288712,0.017371505,0.08420684,0.04343742
97,2278,-0.14189506,0.24021387,0.47162127,0.89937246,0.23396492,-0.2175216,-0.062738314,-0.3361246,0.32603413,-0.030881986,-0.055198237,-0.38539472,-0.23890936,-0.089689925,0.040145386,0.08208269
97,2279,0.40083206,0.10754663,-0.53250307,-0.15130882,0.044755235,0.30253243,0.41635448,0.8094166,-0.2878282,-0.14838518,-0.37138417,0.69506824,0.14906952,0.061188564,-0.0441841,0.40086794
97,2283,-0.20538136,-0.1369611,-0.46236396,-0.080085814,-0.33424136,-0.6221314,-0.814071,0.5415386,0.27578998,0.8567864,0.80411077,-0.52870893,-0.6371116,-0.6133036,0.08472993,-0.5428359
97,2287,0.061709393,-0.2689552,0.05966719,0.48986995,-0.49595788,0.15562448,0.70175636,0.090204425,-0.3333223,-0.061340347,0.113323025,0.07173148,-0.32523525,0.8104126,0.34011683,-0.1533716
97,2288,-0.17823252,0.53984874,0.42945266,0.7030221,0.70415914,-0.36928445,-0.42737925,0.051607594,0.49874258,-0.24829164,-0.53239554,-0.087622434,-0.043626577,-0.6260955,-0.16789152,0.34996265
97,2292,0.3250294,0.026848316,-0.3695389,0.17126876,-0.20760618,0.113462836,0.51808447,0.56362945,-0.22537784,-0.028442979,0.00043876097,0.3607301,0.0792787,0.3365054,0.08660971,0.3334849
97,2298,0.31690127,0.2559167,-0.5110102,-0.15695332,-0.13957869,-0.018252641,0.35991123,0.75279653,-0.026699297,0.047134966,-0.14783657,0.42495018,0.43479782,0.16060415,-0.25774238,0.68671244
97,2301,-0.12268966,0.172292,-0.22011156,-0.53140223,-0.22868249,-0.25852847,0.10426108,-0.12242144,0.28877175,0.35209766,-0.10878214,-0.12323856,0.5198048,0.196325,-0.4845841,0.4206019
97,2316,-0.3896574,-0.034117416,0.053201206,-0.869503,-0.14031678,-0.19694524,-0.089135155,-0.73877954,0.3352334,0.22530249,-0.27634734,-0.29828325,0.50932485,0.2479661,-0.5383824,0.08416408
97,2318,-0.16877344,-0.30085346,0.1384108,0.5671569,-0.3837096,-0.2170301,-0.04681839,-0.28806287,0.095118865,0.3063416,0.5132431,-0.58144987,-0.5754617,0.27659732,0.25601482,-0.43496084
97,2323,0.18107483,0.12486023,-0.2623033,-0.29499638,-0.2822864,-0.21025635,0.018818334,0.22823508,0.21050258,-0.023041807,0.15906122,-0.06273751,0.6944087,0.26231545,-0.42384005,0.6349162
97,2336,-0.23496899,0.45829743,0.45239007,0.73409325,0.48258004,-0.27271718,-0.15699206,0.028148852,0.3571955,-0.11194606,-0.4738891,-0.080210656,-0.18463767,-0.37646365,-0.06559333,0.20559587
97,2343,0.31808066,0.3142252,-0.5806726,-0.1249132,-0.13129064,-0.004897237,0.47523475,0.90049434,-0.07256951,0.110960364,-0.23141465,0.53404737,0.37678194,0.14520901,-0.2245237,0.7163834
97,2346,0.24533376,0.75132036,0.36443794,-0.37945032,0.64163136,1.0189193,0.46065563,-0.65532327,-0.7128802,1.0113122,0.59777236,0.5202645,0.014096551,-1.2033459,0.5017643,-0.56694466
97,2352,-0.30874267,0.10821125,-0.16837247,-0.7627738,-0.07167896,-0.12419978,0.1426805,-0.39484918,0.23307799,0.38517874,-0.4674315,-0.027195513,0.32600823,0.14539786,-0.45763016,0.15182863
97,2371,-0.2005589,0.63174194,0.47179657,0.82902324,0.62505317,-0.2978682,-0.15018018,0.023055136,0.4405074,-0.06635192,-0.50068784,-0.069239765,-0.09034613,-0.53004104,-0.106865466,0.34848547
97,2380,0.6014147,0.054437846,-0.7105431,-0.22506173,0.28881553,0.53808486,0.13207826,0.6191811,-0.43002975,0.18821079,0.018590122,0.6805742,-0.13086684,-0.5842098,0.2014268,-0.055535533
97,2390,0.24993783,0.65960103,0.37400067,-0.35540944,0.6260929,0.9492778,0.3734516,-0.58137494,-0.6787791,0.8426745,0.6199277,0.5233326,0.07063354,-1.1584653,0.5147548,-0.52735287
97,2396,-0.12310632,-0.25871533,-0.9527748,-0.37363583,-0.5394331,-0.94173616,-1.4032148,0.768519,0.41817498,1.4119292,1.6038995,-0.9077176,-0.7687754,-1.0595161,0.093028195,-0.7748038
97,2405,0.7621733,-0.9255317,-0.54588956,0.34640026,0.14311427,0.058538895,-0.3720371,-0.36330408,-0.15752023,-1.2135235,0.84281075,-0.26583657,0.26379874,0.4107495,0.7129634,0.09014803
97,2419,0.044034388,-0.39417586,0.10412839,0.45649523,-0.4737394,0.20151055,0.61756796,-0.024210691,-0.3465829,-0.16415991,0.07020119,0.044166,-0.404631,0.8291779,0.36459172,-0.27195615
97,2430,-0.1292004,-0.38992,0.49150229,-0.68545014,0.18194747,0.088559814,-0.5014501,-0.7153505,0.011692435,-0.8390238,0.18302196,-0.07233015,0.7420731,0.0006788373,-0.054158222,-0.1130048
97,2436,0.42589965,0.10710126,-0.5608449,-0.17757834,0.103031516,0.3713314,0.39214414,0.79800093,-0.33406615,-0.095099956,-0.36460772,0.7369318,0.07591557,-0.05728413,0.0007236451,0.30554688
97,2437,-0.31369543,-0.5204947,0.04051881,-0.08716099,-0.31744146,0.24362302,0.22489896,0.23485525,-0.36483324,-0.23328936,-0.591072,0.29994217,-0.7724992,0.49157697,0.24717811,-0.669519
97,2439,-0.36067837,0.14220136,-0.12229267,-0.77514464,-0.17736611,-0.27419776,0.08130807,-0.50136894,0.35445476,0.50576204,-0.2966649,-0.22264978,0.45259672,0.1891376,-0.5507352,0.22459845
97,2447,-0.28196427,0.06225249,0.4480452,-0.785077,0.19242346,0.4403913,0.0905865,-1.0568862,-0.14888662,0.30694643,-0.12007515,-0.0004580021,0.1909742,-0.20591228,-0.115197524,-0.49038547
97,2449,-0.4973862,-0.4482079,-0.03704463,-0.37129456,-0.25911763,0.20977655,0.054989323,0.49824893,-0.35257137,-0.17585595,-0.8842897,0.44865718,-0.8992277,0.27359003,0.14001505,-0.7882531
97,2453,0.5925309,-0.67337626,-0.3382216,0.4426204,-0.06473342,0.061339006,-0.05085589,-0.27772152,-0.1647468,-0.8622655,0.69930583,-0.2380288,0.18599236,0.5574712,0.52631414,0.12409848
97,2462,-0.4945251,-0.43793386,-0.04040473,-0.37755126,-0.25352722,0.20548636,0.04852417,0.5063324,-0.34645164,-0.17041992,-0.8823967,0.4522799,-0.8890998,0.25743312,0.13084961,-0.7796344
97,2472,0.30889452,0.30848128,-0.56898254,-0.121116325,-0.13459986,-0.009188704,0.47222483,0.8859224,-0.06848643,0.1165784,-0.22801077,0.52543116,0.36727598,0.14361294,-0.22238255,0.7023619
97,2475,0.33882543,0.24861068,-0.51504457,-0.16441558,-0.13654473,-0.0106894,0.33963677,0.74578625,-0.02764345,0.015027776,-0.12767802,0.41424453,0.46594757,0.17126435,-0.2645924,0.70540667
97,2501,-0.43818125,-0.10440454,0.228146,-0.058037594,0.44604465,-0.50219846,-1.0415578,0.49900746,0.33805364,-0.73241514,-0.8915411,0.088774465,-0.34275964,-0.3783068,-0.16224048,-0.15965414
97,2510,-0.42202917,-0.4670378,0.22153081,0.14196649,-0.41289902,0.072747186,0.20915446,0.074679255,-0.23277211,-0.10241903,-0.40155295,0.028458923,-0.7738578,0.5734617,0.23612146,-0.6474365
97,2517,-0.57274395,-0.52570534,0.052043073,-0.3040734,-0.33667004,0.1158786,0.011708811,0.42002112,-0.30759728,-0.19438985,-0.82155794,0.31324828,-0.93193275,0.394977,0.1583341,-0.82916504
97,2525,-0.39125204,0.15424106,-0.11884275,-0.8263243,-0.18118909,-0.29560363,0.06606071,-0.5541599,0.38240254,0.5353768,-0.30419964,-0.25729653,0.48473722,0.19498837,-0.5839988,0.23299147
97,2527,-0.4381813,-0.10440454,0.22814602,-0.05803758,0.44604465,-0.50219846,-1.0415577,0.49900752,0.33805364,-0.73241514,-0.8915411,0.088774465,-0.34275964,-0.3783068,-0.16224046,-0.15965414
97,2529,-0.3301535,-0.5147325,0.0300593,-0.12096515,-0.30699492,0.23887156,0.19804567,0.26063633,-0.36019528,-0.22860742,-0.6195123,0.3144632,-0.78182536,0.46059042,0.2329103,-0.68032366
97,2538,-0.3233636,0.12907892,-0.18410264,-0.79690474,-0.067545585,-0.13266693,0.1467973,-0.4020688,0.244687,0.41022772,-0.48959786,-0.027691722,0.34260207,0.14158046,-0.47724938,0.16850345
97,2539,0.5703542,0.12166569,-0.71195436,-0.246704,0.28678298,0.5331904,0.15076727,0.6787878,-0.42783165,0.29478395,-0.0041916147,0.7189541,-0.1613302,-0.66568154,0.18072718,-0.07813017
97,2542,-0.10755212,-0.3023425,-0.4809988,0.10743037,-0.49158594,-0.62459177,-0.79847664,0.2104539,0.2899531,0.9563904,1.2437682,-0.84946537,-0.68148124,-0.44762075,0.19440182,-0.6269597
97,2545,-0.5550062,-0.4044723,-0.047057644,-0.43570018,-0.25539392,0.15203822,-0.018917233,0.58112603,-0.31711733,-0.14239842,-0.91775084,0.45396003,-0.90380806,0.20417912,0.09124328,-0.7974451
97,2548,0.15105705,0.2638904,-0.37790275,-0.28469563,-0.29086405,-0.2662769,0.14818597,0.35131833,0.23276629,0.22403511,0.09745083,-0.0029833019,0.6445214,0.19879737,-0.4419909,0.71026766
97,2560,-0.06122016,0.3642912,0.39278597,-0.6031299,0.35911092,0.74792296,0.35885257,-0.9527532,-0.41836655,0.66995084,0.06335578,0.20691551,0.016258813,-0.5509239,0.098537296,-0.559503
97,2561,0.21558183,0.026673406,-0.18626243,-0.30420887,-0.2719453,-0.16984491,-0.080431,0.15093693,0.19225995,-0.22020462,0.21183568,-0.10320562,0.74984956,0.31007957,-0.4131558,0.6000898
97,2566,-0.032942303,-0.29862493,-1.0946441,-0.39686286,-0.5775701,-1.0140755,-1.531087,0.73089325,0.48103607,1.5604043,1.9099094,-1.0527159,-0.73916733,-1.1751705,0.10183831,-0.7842942
97,2574,-0.1685414,0.55703324,0.44258022,0.7483799,0.70328903,-0.36548412,-0.40203595,0.011981659,0.5071338,-0.2240248,-0.49821806,-0.11684069,-0.039587766,-0.62111026,-0.16150972,0.36233777
97,2576,0.45579067,0.10390672,-0.5916163,-0.20557268,0.1649569,0.44565672,0.3514642,0.7769734,-0.38265938,-0.02293101,-0.33127013,0.7703155,-0.01031173,-0.20392512,0.054512758,0.18711172
97,2582,-0.22975692,0.5356973,0.43315798,0.6467991,0.75798583,-0.423667,-0.56082255,0.11858149,0.52991885,-0.32468846,-0.6329284,-0.07149345,-0.06290199,-0.67947704,-0.19301815,0.33664668
97,2594,-0.015219174,-0.04199785,0.5018968,1.1906221,-0.2926259,-0.025600076,0.52370334,-0.79607,0.12028207,0.25882512,0.5725423,-0.6856489,-0.32566288,0.5891774,0.29198945,-0.08997393
97,2599,-0.30615515,0.1866028,-0.24525885,-0.793639,-0.06816098,-0.14163229,0.18888879,-0.2958011,0.24235146,0.44647396,-0.5179677,0.025636747,0.35595927,0.121914424,-0.48648626,0.23818226
97,2608,-0.020699814,-0.09885542,0.43977988,1.0678427,-0.34290487,0.00056906044,0.55444956,-0.6721411,0.051241145,0.21464157,0.5029814,-0.57455325,-0.3249372,0.63834643,0.2925167,-0.11810743
97,2613,-0.1378167,-0.32505557,-0.18599121,0.29560247,-0.4331689,-0.417885,-0.43811828,-0.014234342,0.18492402,0.59813595,0.8478181,-0.68610585,-0.6220639,-0.08670078,0.2188252,-0.536105
97,2615,0.3554405,0.1974782,-0.53819627,-0.11716589,-0.06841597,0.11870165,0.44718802,0.8553324,-0.16026273,-0.056800857,-0.28993237,0.58875966,0.29862222,0.16045302,-0.14950354,0.59962624
97,2618,-0.49559715,-0.5170009,0.16920988,-0.015267909,-0.41120666,0.08242452,0.1303345,0.1873958,-0.26801437,-0.1416122,-0.5475636,0.1095559,-0.8623053,0.5423251,0.22200017,-0.7447548
97,2620,0.021203682,-0.44904003,0.119928755,0.41501594,-0.45004454,0.21986689,0.5592489,-0.056864828,-0.34822804,-0.20775253,0.017275304,0.048779592,-0.44759673,0.80851406,0.36522537,-0.33394957
97,2627,-0.03495557,-0.50844055,0.13052174,0.35076433,-0.43224055,0.23890193,0.49960274,-0.06185168,-0.36006445,-0.24421668,-0.081579134,0.07022961,-0.52463657,0.7902037,0.36866692,-0.4212727
97,2630,-0.38045457,-0.48251322,0.00076087937,-0.21440436,-0.28252196,0.22455595,0.14006993,0.34842038,-0.34921837,-0.20052652,-0.70334387,0.36326265,-0.80942786,0.37244654,0.19175947,-0.707277
97,2637,-0.27517244,-0.54082,0.058654975,-0.020169914,-0.33497167,0.25303352,0.26634488,0.17367122,-0.37193757,-0.25246227,-0.52659875,0.26420274,-0.74994844,0.55361575,0.2757724,-0.64737093
97,2645,-0.6381411,-0.25824738,0.4873637,-1.1638967,-0.023892015,0.021783158,-0.27095574,-1.3295065,0.26565504,-0.00332807,-0.39213324,-0.34872845,0.4568149,0.21589646,-0.4678362,-0.39278108
97,2649,-0.14189506,0.24021387,0.47162127,0.89937246,0.23396489,-0.21752156,-0.062738314,-0.3361246,0.32603407,-0.030881986,-0.055198234,-0.38539478,-0.23890936,-0.089689896,0.040145386,0.0820827
97,2664,0.27894568,0.25099123,-0.4405052,-0.26198453,-0.22823298,-0.16160728,0.15844423,0.5042321,0.14697339,0.07053366,0.06966093,0.12814091,0.66836077,0.19976133,-0.4060657,0.7702931
97,2673,0.41018513,0.11732465,-0.54398197,-0.15203933,0.041525573,0.29777277,0.4179591,0.8230517,-0.2855209,-0.14905122,-0.3637951,0.6945213,0.16771445,0.06704239,-0.05108941,0.42423248
97,2690,-0.28666,0.12103245,0.12469095,0.3905455,-0.02147916,-0.27061296,-0.09659685,0.22603324,0.1728806,0.291581,-0.08895971,-0.13653222,-0.45106938,-0.17135076,0.08240922,-0.19209516
97,2691,-0.21635711,0.39702576,0.45390648,0.76195633,0.41688314,-0.25816035,-0.13735424,-0.050376847,0.3444137,-0.09763047,-0.3799784,-0.147226,-0.2024781,-0.30249166,-0.039651077,0.16812097
97,2698,0.096034594,0.6503428,0.3329273,-0.50330275,0.49581423,0.998793,0.5867285,-0.92665887,-0.6217314,1.0482533,0.20707372,0.34436423,-0.12175343,-0.8519402,0.24694483,-0.6134554
97,2700,0.036412872,-0.027540922,0.4564587,1.167762,-0.29112238,-0.0064456686,0.58367926,-0.7581475,0.10529126,0.2575226,0.5898006,-0.63028026,-0.2510292,0.59662586,0.28366047,-0.03078252
97,2721,-0.22061864,-0.2571505,0.3574155,0.67676824,-0.38782007,0.028838366,0.42304516,-0.34102786,-0.078843735,0.08994354,0.09339925,-0.3135126,-0.5449472,0.63002783,0.2785654,-0.36420345
97,2724,-0.18374145,0.51447743,0.43730247,0.728801,0.6261164,-0.3306247,-0.32213813,0.023411892,0.45232767,-0.19229126,-0.48813063,-0.09626725,-0.08231169,-0.5389228,-0.13141873,0.30906868
97,2738,-0.39825898,-0.001028806,0.023212839,-0.87111694,-0.14769161,-0.21714221,-0.06150064,-0.72670704,0.34999007,0.29700547,-0.28726777,-0.30182,0.5014087,0.24161322,-0.5528792,0.10438982
97,2739,-0.361523,0.27588773,0.356659,0.31364647,0.68428683,-0.5063619,-0.88014704,0.33139518,0.48399734,-0.560398,-0.8299979,0.0056366026,-0.1921891,-0.6080503,-0.20432994,0.12464589
97,2744,0.559063,0.12769437,-0.71516603,-0.2537341,0.2703939,0.53091186,0.22256318,0.74927074,-0.43393445,0.18635514,-0.12670124,0.7716961,-0.107195735,-0.53530854,0.14776258,0.022131741
97,2745,-0.17590675,-0.5615967,0.100749224,0.13626197,-0.3714754,0.25951374,0.3563687,0.043180883,-0.37096685,-0.27716917,-0.3541495,0.17641889,-0.66775364,0.6716507,0.32323423,-0.5696298
97,2755,-0.22163013,0.39729095,0.47054994,0.7986333,0.41273174,-0.2668138,-0.14395277,-0.08845432,0.3569439,-0.090897,-0.35508686,-0.18834236,-0.21358058,-0.29101467,-0.032378327,0.16365896
97,2762,-0.17273471,-0.24958882,0.298221,0.7262034,-0.3522321,-0.123563185,0.15745725,-0.42590708,0.06479798,0.20523173,0.37997508,-0.5433396,-0.53685856,0.42908067,0.2677547,-0.3614863
97,2767,-0.34528193,-0.16478178,0.17421885,-0.8551954,-0.09117521,-0.114271924,-0.20436127,-0.7866687,0.26558733,-0.07613138,-0.2181536,-0.277318,0.5503541,0.25616255,-0.4657026,0.009414017
97,2768,-0.5506635,-0.50530344,0.04422587,-0.30411315,-0.3214277,0.11850654,0.014486134,0.425897,-0.3009991,-0.19027975,-0.8099297,0.32405752,-0.9016093,0.37015685,0.14627038,-0.801435
97,2771,0.3250294,0.026848286,-0.3695389,0.17126876,-0.20760618,0.113462836,0.51808447,0.5636295,-0.22537784,-0.028442971,0.00043875724,0.3607301,0.07927867,0.3365054,0.08660971,0.3334849
97,2783,0.4343849,0.06052819,-0.5245193,0.057604935,-0.06952119,0.22401358,0.41031164,0.62425786,-0.2850682,0.074102566,0.0570359,0.4517883,0.04103572,0.05087053,0.12857084,0.25803226
97,2784,-0.334672,0.11707753,-0.14149913,-0.78770447,-0.117599934,-0.19136839,0.10017733,-0.46830487,0.2941137,0.43198675,-0.38627142,-0.12986359,0.40077263,0.17167886,-0.51113933,0.18703942
97,2795,-0.17953128,0.5965165,0.46569932,0.7953532,0.72621834,-0.37650877,-0.39650363,-0.0068467706,0.5266982,-0.20681264,-0.50178,-0.1380238,-0.042922735,-0.63782316,-0.16130373,0.37961382
97,2800,0.24365807,-0.13705213,0.746952,-0.38955086,0.69763255,0.5062152,-0.5564534,-0.3843984,-0.47863543,-0.89713186,0.95038146,0.47098494,0.8281074,-0.90663785,0.67935115,-0.29757538
97,2801,0.2504604,0.6852042,0.37742257,-0.3666227,0.63849294,0.97273,0.3910541,-0.6063908,-0.69199485,0.881394,0.62220967,0.5252632,0.06335332,-1.1802412,0.5173566,-0.53962594
97,2811,0.18518141,0.3035004,-0.4149822,-0.24328522,-0.30324078,-0.2807063,0.18202604,0.45387328,0.22658996,0.2459639,0.119812675,0.030355468,0.65633285,0.19281808,-0.4382269,0.76693213
97,2820,0.0068969205,-0.4790733,0.12724501,0.40495163,-0.45041484,0.23050003,0.5437835,-0.073366165,-0.35700518,-0.2277647,-0.0044348314,0.046085715,-0.47774833,0.8201158,0.3750215,-0.3677234
97,2825,-0.1796934,0.5949792,0.46853042,0.8079436,0.6982497,-0.35861498,-0.34552544,-0.015326463,0.50810605,-0.17823233,-0.48571804,-0.13611498,-0.05467426,-0.60653555,-0.14743517,0.36821693
97,2827,-0.4073278,0.12589857,0.30883354,0.15722,0.61776495,-0.5312289,-1.0033224,0.40834624,0.4466074,-0.65920943,-0.8818507,0.030468568,-0.25505573,-0.54357046,-0.19737504,0.013825119
97,2828,0.7781356,-0.98439205,-0.6181826,0.23325308,0.25014764,0.09165782,-0.4865895,-0.33666646,-0.1656681,-1.2717156,0.770409,-0.19038936,0.23639303,0.266314,0.7386227,0.03098917
97,2835,-0.20308813,0.4774195,0.4363327,0.7282632,0.50444806,-0.26490444,-0.14956565,0.031400926,0.36487156,-0.10771035,-0.4622177,-0.06238568,-0.14494511,-0.40757102,-0.078272924,0.23932885
97,2837,-0.52710986,-0.40328398,-0.055585302,-0.42691338,-0.24587637,0.18378635,0.012034446,0.5686403,-0.3351246,-0.1457772,-0.91771746,0.47405574,-0.89787734,0.20446163,0.10159016,-0.7886899
97,2842,0.15324071,0.74662805,0.29333866,-0.42530113,0.51047635,1.0445743,0.66285866,-0.86154485,-0.6679543,1.1978999,0.2822899,0.38017598,-0.18402484,-0.9481072,0.30081066,-0.61210954
97,2863,-0.5135315,-0.545485,0.12330465,-0.12992546,-0.39904863,0.08820533,0.0756767,0.2741201,-0.28545702,-0.17479017,-0.626678,0.1787107,-0.8778674,0.5017465,0.20017342,-0.7776656
97,2866,-0.2944903,0.21013305,-0.25935817,-0.71962464,-0.09303594,-0.16188367,0.23157552,-0.20321448,0.23535483,0.48315603,-0.49818972,0.054708153,0.31859398,0.107293986,-0.4604348,0.25479442
97,2869,0.34102592,0.32364202,-0.60856366,-0.13106935,-0.119322225,0.0129745975,0.4874757,0.93989736,-0.089800976,0.092183426,-0.24788219,0.5636723,0.38975388,0.14827457,-0.22268352,0.7425832
97,2873,-0.5563723,-0.39332467,-0.067628056,-0.45998818,-0.24604443,0.1639818,-0.021524087,0.605092,-0.32636824,-0.13224833,-0.9376823,0.4784138,-0.9154418,0.17679943,0.08920845,-0.8065429
97,2876,0.05440451,-0.37454775,0.095075905,0.47778213,-0.48598036,0.19240987,0.64047045,-0.014422171,-0.34610724,-0.14645047,0.097861044,0.03624867,-0.387095,0.8433856,0.36690667,-0.24527918
97,2877,-0.16369957,-0.2977051,0.02033969,0.49558586,-0.41267237,-0.30898285,-0.2011949,-0.20549308,0.142478,0.45629573,0.6821094,-0.6632261,-0.60885316,0.13438515,0.24946605,-0.48031944
97,2882,-0.18815467,0.7186994,0.48174852,0.87095934,0.6990156,-0.31265515,-0.15206812,0.02855739,0.48168337,-0.04797706,-0.5241809,-0.058750764,-0.045926876,-0.60963553,-0.12886317,0.41820723
97,2884,0.5589464,0.11826661,-0.7078442,-0.25341398,0.27612323,0.53703094,0.2088372,0.72962797,-0.43564612,0.19283882,-0.11406436,0.7642704,-0.12128164,-0.5532465,0.1557371,-0.0033326223
97,2886,-0.26257867,0.45376748,0.40895343,0.54957724,0.73917055,-0.45111972,-0.6676513,0.17026368,0.5218795,-0.3998,-0.68011796,-0.059276253,-0.095491484,-0.6607642,-0.1979255,0.27568543
97,2905,0.16142544,0.27249134,-0.38528383,-0.2766298,-0.2978591,-0.27399272,0.1486084,0.3682114,0.23609309,0.22637022,0.11389447,-0.0059149265,0.65875465,0.20119068,-0.44581813,0.7299086
97,2908,-0.021856755,-0.49552304,0.1300052,0.3711003,-0.44002926,0.23601876,0.519604,-0.062837064,-0.36022133,-0.23512208,-0.05652127,0.06402594,-0.5095845,0.80142,0.3716392,-0.40226626
97,2938,0.18800747,0.28583646,-0.4003247,-0.22750203,-0.30174932,-0.27127284,0.17923947,0.4458061,0.21769507,0.23056743,0.12526882,0.030951992,0.6388533,0.19444026,-0.42403162,0.745273
97,2940,-0.23618576,-0.5533762,0.07253472,0.03702312,-0.34648922,0.25584674,0.29644662,0.12065059,-0.3705374,-0.26325774,-0.460839,0.2304161,-0.7196061,0.59498674,0.294709,-0.6197464
97,2943,-0.5563723,-0.39332467,-0.067628056,-0.45998818,-0.24604443,0.1639818,-0.021524087,0.605092,-0.32636827,-0.13224833,-0.9376823,0.4784138,-0.9154418,0.17679943,0.08920845,-0.8065429
97,2957,0.377426,0.12515137,-0.5195095,-0.1324264,-0.012188911,0.23384066,0.44274724,0.8351655,-0.24315766,-0.16868395,-0.37011993,0.6588311,0.21731424,0.15537389,-0.08966717,0.49357736
97,2963,-0.14714295,0.4674219,0.46864283,0.95764357,0.2857265,-0.15745203,0.20153171,-0.20659204,0.3056081,0.15369949,-0.17093445,-0.21245354,-0.18327662,-0.16368063,0.042374697,0.20298697
97,2965,-0.44825843,-0.04795307,0.25148457,-0.017190218,0.50343156,-0.5261847,-1.0702044,0.49453413,0.37397045,-0.7356363,-0.9189741,0.07647056,-0.33005574,-0.4340089,-0.17727554,-0.12094095
97,2982,0.096034594,0.6503428,0.3329273,-0.50330275,0.4958143,0.998793,0.5867286,-0.92665887,-0.6217314,1.0482535,0.20707372,0.34436423,-0.12175343,-0.8519402,0.24694481,-0.6134554
97,2991,0.26084587,0.5244011,0.46694648,-0.3757642,0.6853398,0.8867685,0.17387834,-0.5421881,-0.66424817,0.51110876,0.7392698,0.546461,0.24320957,-1.186461,0.5948356,-0.49371892
97,3000,-0.2578081,-0.28815702,0.3223986,-0.7913183,0.026361987,-0.022034146,-0.35017365,-0.78322387,0.15708633,-0.45629874,-0.064058155,-0.20269755,0.63605994,0.17179017,-0.29852113,-0.05144714
97,3001,0.029213227,-0.016124561,0.47493547,1.2067947,-0.29315028,-0.01172439,0.59345776,-0.7900875,0.11529438,0.27522838,0.60779417,-0.66124463,-0.26113483,0.605628,0.2916661,-0.030511275
97,3002,-0.3186333,0.13705409,-0.19482149,-0.797948,-0.0651759,-0.1307092,0.15275422,-0.38475448,0.24225591,0.41134506,-0.49658895,-0.016570717,0.34500304,0.13840985,-0.47802895,0.1792271
97,3004,-0.050353877,-0.32228687,-1.0190345,-0.3432374,-0.58340025,-0.96625537,-1.4484825,0.66653556,0.44575083,1.4746549,1.8265747,-1.0335371,-0.748151,-1.0623115,0.12173192,-0.7852172
97,3007,-0.23943913,0.47513813,0.4639166,0.7570605,0.49918547,-0.2836511,-0.16998868,0.014840066,0.3730719,-0.111303635,-0.4739321,-0.09752247,-0.18390876,-0.3901505,-0.06814757,0.21560995
97,3014,-0.2394391,0.47513813,0.4639166,0.7570605,0.49918547,-0.2836511,-0.1699887,0.014840066,0.3730719,-0.111303635,-0.47393212,-0.09752247,-0.18390876,-0.39015043,-0.06814757,0.21560992
97,3015,-0.04905867,-0.32712567,-0.99244803,-0.3304649,-0.5749091,-0.9417023,-1.4109731,0.6479791,0.4324507,1.4313036,1.7819118,-1.008593,-0.7370711,-1.0266167,0.12301457,-0.7732886
97,3017,-0.14010668,-0.22580689,-0.8853188,-0.33746195,-0.5069345,-0.89879304,-1.3209817,0.75768876,0.3968621,1.3459389,1.4822634,-0.84397495,-0.7536458,-1.0116442,0.08801268,-0.740716
97,3031,0.70381033,-0.8984536,-0.7486276,0.0011827499,0.35156116,0.16458654,-0.46800154,-0.05163315,-0.2175279,-1.0478258,0.49652442,0.09115798,0.08893838,-0.01930514,0.7192393,-0.08643947
97,3036,-0.225723,0.41465157,0.44665313,0.7324178,0.4373946,-0.25936723,-0.14066885,-0.00174319,0.3399256,-0.106475145,-0.4288748,-0.10340837,-0.19734553,-0.32843304,-0.050173428,0.17737325
97,3037,0.17685075,0.30812716,-0.41657937,-0.2771513,-0.3077581,-0.2932244,0.15967056,0.41645724,0.24645878,0.24868017,0.1279456,-0.00059990585,0.69382155,0.200337,-0.46352464,0.7845232
97,3039,0.41018507,0.11732465,-0.54398197,-0.15203933,0.041525573,0.29777277,0.4179591,0.82305175,-0.2855209,-0.14905122,-0.3637951,0.6945213,0.16771445,0.06704239,-0.05108941,0.42423248
97,3056,-0.032942303,-0.29862493,-1.0946442,-0.39686286,-0.5775701,-1.0140755,-1.5310869,0.73089325,0.4810362,1.5604043,1.9099095,-1.052716,-0.73916733,-1.1751705,0.10183831,-0.7842941
97,3078,-0.21347228,0.5405288,0.4320979,0.6649138,0.7427968,-0.40559274,-0.51530296,0.100003004,0.5194844,-0.29902554,-0.6039068,-0.07317287,-0.055799123,-0.66490346,-0.18559307,0.34317768
97,3092,-0.3238888,-0.36472952,0.29566845,0.41547078,-0.40867704,0.05086874,0.32525885,-0.1321358,-0.16037238,-0.0043899715,-0.15214711,-0.14190525,-0.66255456,0.6115886,0.26261172,-0.50817066
97,3110,-0.06682915,-0.06484179,0.4969207,1.1049907,-0.29548025,-0.02533812,0.47449076,-0.7114024,0.09487313,0.22983044,0.4696652,-0.6249461,-0.38287717,0.56340426,0.28345805,-0.14806898
97,3111,-0.13989908,0.4346286,0.45753986,0.9337446,0.26476213,-0.1499816,0.19733217,-0.20690088,0.292037,0.14162746,-0.15763266,-0.21053985,-0.18647557,-0.1440051,0.045129403,0.1854463
97,3115,0.064749464,-0.2520586,0.052084647,0.49206817,-0.4970144,0.14848971,0.7091492,0.10640978,-0.32988566,-0.048036322,0.11911894,0.07577527,-0.31227958,0.8042143,0.33499077,-0.13573879
97,3116,0.3305048,0.27410418,-0.5603961,-0.10783243,-0.11848478,0.028067015,0.46666867,0.8817769,-0.09889905,0.061848566,-0.23348266,0.5413146,0.34922698,0.15303364,-0.19605614,0.6762318
97,3122,0.20497708,0.042573333,-0.19715352,-0.29252988,-0.2734145,-0.17442201,-0.05314301,0.1650364,0.1915269,-0.17300041,0.19692987,-0.09087321,0.71956986,0.2972185,-0.4067939,0.5923999
97,3133,0.26696938,0.2813763,0.5705459,-0.37233353,0.7099234,0.7429788,-0.10962625,-0.44354385,-0.60235816,-0.017419204,0.84854525,0.5498357,0.4734167,-1.1218449,0.6588844,-0.41623163
97,3136,0.25037602,-0.108973876,0.7222773,-0.36789727,0.696296,0.5101852,-0.5194952,-0.3508737,-0.48346597,-0.82741135,0.9461348,0.49243551,0.7928478,-0.92772347,0.69075465,-0.2997856
97,3141,0.024776645,-0.43849498,0.11519355,0.44782,-0.47779182,0.21967229,0.6042108,-0.04933068,-0.36376995,-0.19367988,0.04033123,0.040730894,-0.45079753,0.85535926,0.3843977,-0.3213783
97,3146,-0.15945834,0.538114,0.42822963,0.7237744,0.68285906,-0.35048223,-0.3821237,0.024104059,0.48823994,-0.22177473,-0.4926916,-0.09742996,-0.037616797,-0.60438657,-0.15817893,0.3526181
97,3147,0.029213235,-0.016124547,0.47493547,1.2067946,-0.2931503,-0.01172439,0.59345776,-0.7900875,0.11529438,0.2752284,0.60779417,-0.66124463,-0.26113486,0.6056281,0.2916661,-0.030511267
97,3156,-0.5457832,-0.5307553,0.06611169,-0.2618873,-0.34560192,0.105193324,0.02295214,0.38258767,-0.29553378,-0.19187644,-0.76165694,0.2799544,-0.9014725,0.4126358,0.16541755,-0.8039729
97,3159,-0.5502437,-0.5399537,0.10227729,-0.19455262,-0.38348722,0.09835661,0.054351196,0.3320704,-0.29825673,-0.17943245,-0.7106966,0.22749886,-0.9147452,0.4712835,0.18820345,-0.8102799
97,3161,0.22758439,-0.16236988,-0.052957878,0.57462615,-0.4594462,0.071885645,0.6587728,0.10055559,-0.2530234,-0.10374834,0.35254446,-0.028486028,-0.047970764,0.7879551,0.2905757,0.13394286
97,3164,-0.40154502,0.1305199,-0.09130223,-0.82187265,-0.18332063,-0.29216683,0.053848326,-0.5870151,0.38208902,0.5221497,-0.2975144,-0.272246,0.47162688,0.20122403,-0.57636714,0.202991
97,3167,-0.31445658,0.25788403,-0.2821676,-0.76402766,-0.11820711,-0.21637692,0.22196126,-0.21813,0.28380126,0.5457154,-0.4737618,0.0060022622,0.38910806,0.11391186,-0.51501787,0.31863564
97,3169,-0.44825843,-0.04795307,0.25148457,-0.017190218,0.50343156,-0.5261847,-1.0702044,0.49453413,0.37397045,-0.7356363,-0.9189741,0.07647056,-0.33005574,-0.4340089,-0.17727551,-0.12094095
97,3173,-0.53145653,-0.41541475,-0.054712832,-0.4258619,-0.24931869,0.18860656,0.0142428875,0.5619255,-0.34071586,-0.15245445,-0.9241317,0.4720755,-0.9102661,0.21752879,0.10927482,-0.7994084
97,3186,0.3124874,-0.25782898,-0.052995197,0.6190291,-0.4260506,0.07572068,0.5542213,-0.051444665,-0.2371957,-0.2865354,0.47105387,-0.13668346,0.030718185,0.8436733,0.3169821,0.17068125
97,3198,-0.18059155,0.72791415,0.48664707,1.0309454,0.4210489,-0.16085158,0.33797935,-0.07262772,0.34838802,0.2833203,-0.33874354,-0.07160944,-0.118508644,-0.3192382,0.015696257,0.35554332
97,3203,0.19291086,-0.139705,0.009623967,-0.3553847,-0.3239888,-0.17119844,-0.283525,-0.10023594,0.23536275,-0.4631032,0.34832403,-0.2881757,0.8700546,0.42448848,-0.44641533,0.5059133
97,3204,0.24012193,0.26051962,-0.4188286,-0.23527153,-0.2577756,-0.20283167,0.17405923,0.48470098,0.16973396,0.1373016,0.08941009,0.09547033,0.6384772,0.1950424,-0.40284166,0.74710447
97,3207,0.35549128,0.221109,-0.5584919,-0.12511303,-0.06993232,0.10991031,0.4613868,0.8829551,-0.1559696,-0.036079794,-0.29963973,0.6006313,0.31004164,0.15619226,-0.15950893,0.62535095
97,3209,-0.18357506,0.6770716,0.46136606,0.9653149,0.37783882,-0.14050892,0.35396612,-0.03075692,0.30767012,0.27027565,-0.35383064,-0.028978467,-0.13374868,-0.28130984,0.022712184,0.31847823
97,3215,0.100402966,0.03871873,-0.13236806,-0.34603566,-0.31736213,-0.24236391,-0.07815473,-0.00895571,0.26382226,-0.04557523,0.21753612,-0.21295679,0.7134407,0.31270862,-0.45256197,0.5251593
97,3233,0.3295785,-0.27538702,-0.05105236,0.61192286,-0.4067999,0.07427751,0.5127327,-0.08350557,-0.22172432,-0.3157591,0.4897934,-0.15512866,0.050728373,0.82448775,0.30668193,0.17492126
97,3238,-0.15490901,0.5012908,0.479971,0.98265326,0.3055211,-0.16415401,0.20906886,-0.20599695,0.31847674,0.16816562,-0.18434453,-0.21374482,-0.18064153,-0.1821407,0.040443633,0.22050361
97,3239,0.39554885,0.06413147,-0.36696845,-0.23088486,-0.13558772,0.027013972,0.068555266,0.4230078,0.021716788,-0.24706809,0.06797467,0.18335415,0.6221668,0.24046752,-0.3074533,0.64315766
97,3245,-0.3528526,-0.13432606,0.13380337,-0.8446301,-0.111171246,-0.1250704,-0.15627308,-0.76135886,0.27871788,0.020166397,-0.2508698,-0.2724977,0.5065273,0.2606846,-0.4814254,0.01453796
97,3249,0.7840881,-0.9748758,-0.57738674,0.30580515,0.19641683,0.06561871,-0.44686705,-0.37865967,-0.15288343,-1.2765952,0.8376368,-0.2550548,0.2685667,0.35580745,0.7336562,0.06986487
97,3272,-0.14350748,0.412858,0.47994345,0.98582464,0.24337855,-0.16229601,0.18460105,-0.27919644,0.3053416,0.14758423,-0.10046015,-0.28517708,-0.20783672,-0.10900216,0.061504535,0.16740797
97,3277,0.38853705,0.10260245,-0.41072983,-0.18418981,-0.11631681,0.049505573,0.17485346,0.5476364,-0.029600628,-0.18980262,-0.023876635,0.3012007,0.5220229,0.21487688,-0.25887185,0.6269419
97,3300,-0.4428037,-0.07617229,0.23977879,-0.037437186,0.47538182,-0.51460755,-1.0571504,0.49616736,0.35672128,-0.73455787,-0.90475875,0.08193114,-0.33583394,-0.40682977,-0.17007098,-0.1398758
97,3303,0.14516886,-0.018230379,-0.081908256,-0.37851208,-0.3363775,-0.23950906,-0.1913855,-0.057880923,0.27982092,-0.22379947,0.30647463,-0.28251934,0.84862083,0.37486163,-0.48750985,0.5679144
97,3336,0.55970937,-0.61475706,-0.3317144,0.4679805,-0.113772675,0.05887333,0.04673943,-0.21479367,-0.18570921,-0.7807258,0.6726797,-0.2091026,0.161351,0.6000547,0.52476716,0.1368467
97,3348,-0.15508738,0.26439083,0.48093075,0.90746504,0.25663793,-0.22818686,-0.073567435,-0.3233217,0.33675528,-0.032874063,-0.082229204,-0.37997696,-0.24077392,-0.11127214,0.034483436,0.092343256
97,3361,-0.18840072,0.69744205,0.46333855,0.825694,0.68602777,-0.30371654,-0.15037747,0.064739585,0.462327,-0.059818327,-0.54476845,-0.023446336,-0.046437986,-0.60276026,-0.13054639,0.40601748
97,3362,0.29208297,-0.30282664,0.12509842,-0.31709266,-0.31490228,-0.0943778,-0.4376771,-0.15567301,0.18570171,-0.82171464,0.46458635,-0.32849172,0.9579738,0.5045913,-0.4069964,0.46877617
97,3365,0.15324071,0.74662805,0.29333866,-0.42530107,0.51047623,1.0445743,0.66285866,-0.86154485,-0.6679543,1.1978998,0.28228986,0.38017595,-0.18402484,-0.9481073,0.30081066,-0.61210954
97,3368,0.0782089,-0.18888631,0.020354938,0.51134574,-0.5073441,0.124313965,0.7511563,0.16597313,-0.32185614,0.0015401542,0.1469647,0.08706051,-0.26685086,0.79809934,0.32430762,-0.06762159
97,3372,-0.32331553,0.109434545,-0.14784162,-0.77172285,-0.10104743,-0.1645772,0.116118774,-0.44034666,0.26895863,0.4114688,-0.41300717,-0.091155976,0.36796486,0.16229318,-0.48704433,0.16939862
97,3374,0.41978186,0.05229631,-0.38103908,-0.20759101,-0.107924476,0.07252236,0.09953418,0.47259027,-0.024899751,-0.28153652,0.025760181,0.2503756,0.5763827,0.23695853,-0.27083617,0.62292415
97,3382,-0.33718303,0.14991528,-0.19918017,-0.8284257,-0.0653333,-0.14271824,0.1507507,-0.40751547,0.25703782,0.43591475,-0.50823414,-0.029525071,0.35997817,0.13825135,-0.4969293,0.1867479
97,3387,0.06601706,-0.31061772,0.07659185,0.4965875,-0.49626753,0.16858271,0.67995137,0.037194952,-0.33618757,-0.094777144,0.12620467,0.045342654,-0.34342042,0.8314991,0.35175082,-0.1847072
97,3391,-0.19533455,0.63329613,0.4861343,0.8305155,0.7477107,-0.38691866,-0.39163852,-0.012146927,0.5414509,-0.19305882,-0.5176203,-0.14808905,-0.049680322,-0.6539246,-0.16163538,0.39255875
97,3396,0.024776645,-0.438495,0.11519355,0.44782,-0.47779185,0.2196723,0.6042108,-0.049330696,-0.36376995,-0.19367988,0.04033123,0.04073091,-0.45079753,0.8553593,0.38439766,-0.3213783
97,3400,-0.17332396,0.68497103,0.45975226,0.83459675,0.6681287,-0.29348147,-0.13240261,0.040911824,0.45708263,-0.04908199,-0.5105968,-0.037326574,-0.042163193,-0.5844064,-0.12417604,0.40281552
97,3413,-0.30374348,0.21358788,0.2804324,0.5462796,0.07143447,-0.18897276,0.08897182,0.12869689,0.16204245,0.17030603,-0.29510558,-0.05873196,-0.40069517,-0.076546475,0.08487011,-0.0882524
97,3428,-0.2589743,0.0055420697,-0.07421203,0.21727276,-0.14319488,-0.38787067,-0.34705466,0.3233125,0.20126893,0.46549404,0.21837154,-0.274828,-0.51801074,-0.29899448,0.08390455,-0.32512122
97,3449,-0.28885433,-0.25438577,0.27653015,-0.8155707,-0.013870791,-0.05109909,-0.30604136,-0.7916549,0.19354962,-0.3418103,-0.120425336,-0.23158479,0.6075536,0.20742622,-0.35784847,-0.034101456
97,3450,0.12918258,0.7017248,0.30771732,-0.4507746,0.4981449,1.0195668,0.6320934,-0.88282037,-0.6451461,1.1320591,0.24870387,0.36264336,-0.16187334,-0.89994496,0.27711198,-0.6101741
97,3466,-0.1865739,0.62438726,0.4844187,0.983401,0.37691072,-0.16664381,0.26497024,-0.0988798,0.32726145,0.21267429,-0.30949047,-0.111383855,-0.15993518,-0.26487982,0.022371238,0.28415173
97,3467,0.033034816,0.12961686,-0.2209091,-0.3954695,-0.26844683,-0.24337076,0.04222642,0.008174233,0.2599898,0.17450705,0.069720596,-0.13585582,0.606068,0.23746651,-0.45396423,0.50902545
97,3470,-0.46662977,-0.5129708,0.18060102,0.021550588,-0.4124112,0.079654865,0.14633934,0.15644746,-0.25885838,-0.1397396,-0.5007086,0.08908315,-0.82936966,0.5517208,0.22459634,-0.71510476
97,3476,0.52276605,-0.469523,-0.6038341,0.07517962,0.09792863,0.13998166,-0.01242657,0.24427903,-0.22856466,-0.5298306,0.2842867,0.22144607,0.05762043,0.111934066,0.45569766,0.0830542
97,3493,-0.2970998,0.24842817,-0.2767167,-0.7276827,-0.12550128,-0.213179,0.22481291,-0.19146155,0.27424973,0.5301636,-0.45192847,0.012494609,0.37736973,0.11499472,-0.4986403,0.31716168
97,3499,-0.2699201,0.10137892,0.44962507,-0.7869308,0.21410221,0.4753719,0.115271136,-1.0721203,-0.17380646,0.3585713,-0.10227512,0.012658313,0.18034121,-0.24823366,-0.099216044,-0.5036989
97,3504,0.42353728,0.030363768,-0.35937786,-0.20951395,-0.11376899,0.071239315,0.06859882,0.431243,-0.01612103,-0.3063457,0.057084434,0.21593414,0.59402364,0.24665177,-0.27500585,0.6144397
97,3506,-0.24427003,0.5153167,0.43414372,0.8181373,0.26768526,-0.12828374,0.31056237,0.047619633,0.22274603,0.19230703,-0.41106927,0.014062673,-0.23390123,-0.16564511,0.047426578,0.17466979
97,3507,-0.19000643,0.5440974,0.45196253,0.7573028,0.65366995,-0.3446471,-0.33647776,0.013253249,0.4734555,-0.1901833,-0.49591476,-0.11123896,-0.0785548,-0.56359565,-0.13693024,0.32695025
97,3508,0.5045445,0.06261042,-0.6136717,-0.03715822,0.043029726,0.32146615,0.31449443,0.640982,-0.3333702,0.12683085,0.07743544,0.5221488,-0.0056137815,-0.16531451,0.1591072,0.16796757
97,3524,0.37748715,0.09839636,-0.40224165,-0.17238356,-0.11750713,0.04911059,0.1851068,0.54552674,-0.033284634,-0.17827758,-0.031393312,0.30560178,0.4965241,0.21108529,-0.24800834,0.6063211
97,3527,0.7651809,-0.97777945,-0.63007665,0.20408204,0.26332536,0.090947725,-0.49214208,-0.30229712,-0.16506626,-1.2522907,0.73795176,-0.15858212,0.22254148,0.22937414,0.7367518,0.017377779
97,3528,-0.24897844,0.26317668,-0.2807808,-0.7078064,-0.1795001,-0.2713899,0.17051919,-0.17875518,0.3207187,0.5148245,-0.31421402,-0.07383111,0.4989043,0.1505127,-0.5466488,0.41806734
97,3529,0.5925309,-0.6733763,-0.3382216,0.44262046,-0.06473342,0.061339006,-0.050855875,-0.27772152,-0.16474682,-0.8622656,0.6993058,-0.2380288,0.18599236,0.55747116,0.52631414,0.12409848
97,3538,-0.32388884,-0.36472952,0.29566848,0.41547072,-0.40867704,0.050868735,0.32525888,-0.1321358,-0.16037238,-0.0043899566,-0.15214711,-0.14190522,-0.66255456,0.6115886,0.26261172,-0.50817066
97,3547,0.0056718662,-0.046370566,0.47780395,1.1542113,-0.28221014,-0.019660272,0.51703626,-0.76853985,0.11660613,0.24368161,0.5654331,-0.6536379,-0.29658923,0.5709011,0.27976412,-0.07366125
97,3550,-0.1720708,0.6999119,0.46645546,0.99302685,0.3950071,-0.14445357,0.35535467,-0.051589385,0.32476246,0.28136626,-0.3375035,-0.0447184,-0.11729568,-0.2988366,0.019194772,0.34101778
97,3561,-0.39616466,-0.42990845,0.24799444,0.23479247,-0.41189477,0.065269955,0.24990866,0.006468244,-0.20903172,-0.065803245,-0.32482415,-0.028904453,-0.7442769,0.58697915,0.24620837,-0.6051706
97,3562,-0.6381411,-0.25824738,0.4873637,-1.1638967,-0.02389203,0.021783158,-0.27095574,-1.3295065,0.26565504,-0.00332807,-0.39213324,-0.34872845,0.4568149,0.21589646,-0.4678362,-0.39278108
97,3572,0.25890177,0.31791347,-0.5440373,-0.14496897,-0.14380768,-0.042884156,0.46003675,0.8418166,-0.03117381,0.16932088,-0.23938909,0.49852404,0.3534895,0.1220476,-0.24456882,0.6765602
97,3574,-0.025354631,-0.043587893,0.50158566,1.1749241,-0.29121527,-0.025176056,0.51516765,-0.7790542,0.11592214,0.2545022,0.55088824,-0.6725738,-0.3362819,0.5817826,0.28988728,-0.099859305
97,3578,-0.32388884,-0.36472952,0.29566848,0.41547072,-0.40867704,0.05086874,0.32525888,-0.1321358,-0.16037239,-0.0043899566,-0.1521471,-0.14190522,-0.6625546,0.6115886,0.26261172,-0.50817066
97,3588,0.3946319,0.021838635,-0.33982122,-0.16498707,-0.11615954,0.07291654,0.110796995,0.44139087,-0.034327615,-0.26854622,0.029450111,0.24199311,0.50923127,0.23459873,-0.23606563,0.554267
97,3598,-0.076320924,-0.06704903,0.48801506,1.0707518,-0.2921003,-0.022385053,0.46591544,-0.6761055,0.086418,0.22408268,0.4352411,-0.59293306,-0.39025602,0.5471347,0.27656144,-0.15746132
97,3606,-0.31398046,-0.5175098,0.035460204,-0.10217966,-0.3071575,0.23928165,0.20687187,0.24116533,-0.35689443,-0.23326921,-0.596912,0.30422735,-0.76532674,0.46966255,0.23618837,-0.6661218
97,3612,0.12471551,0.007178962,-0.10172993,-0.36016452,-0.33160746,-0.24469353,-0.14214025,-0.03616491,0.27474147,-0.14437485,0.27301505,-0.25595582,0.790087,0.3485247,-0.47239226,0.5499766
97,3613,-0.02194219,-0.29456556,-1.1000016,-0.38969827,-0.57729405,-1.0149881,-1.5302358,0.7243732,0.48514515,1.5737259,1.9332829,-1.0605617,-0.73044556,-1.1844047,0.10186979,-0.7770038
97,3625,-0.037489347,-0.30899608,-1.0937623,-0.3958925,-0.58117914,-1.0162401,-1.5349272,0.7216975,0.4821754,1.5571461,1.9116144,-1.0608464,-0.74590904,-1.1675339,0.10552937,-0.79157275
97,3631,0.4090344,0.10601282,-0.54096925,-0.15997885,0.064665824,0.32603675,0.40823787,0.80454516,-0.3035029,-0.13290325,-0.37054273,0.7092688,0.12439553,0.022829488,-0.028899025,0.3685078
97,3661,0.014730737,-0.46724066,0.67144334,-0.5745232,0.3666465,0.20686744,-0.67008775,-0.61805594,-0.15058118,-1.1933868,0.5027809,0.08942349,0.8682332,-0.24785514,0.2373474,-0.17618409
97,3678,0.23343751,-0.027676687,-0.13741855,-0.32574582,-0.27796468,-0.15762787,-0.15504391,0.09377431,0.19646214,-0.33868974,0.2574671,-0.14795628,0.81313485,0.3494666,-0.42518142,0.59482646
97,3689,0.56437844,0.13752195,-0.72835976,-0.25718594,0.26524842,0.5284007,0.24295315,0.7810206,-0.43516678,0.1613332,-0.15266937,0.78749704,-0.08146825,-0.5011725,0.13542943,0.06496005
97,3697,-0.2206186,-0.2571505,0.3574155,0.67676824,-0.3878201,0.028838359,0.4230452,-0.34102786,-0.078843735,0.08994356,0.09339928,-0.31351265,-0.5449472,0.6300278,0.27856538,-0.36420345
97,3710,-0.047100462,-0.116314635,0.429125,1.0156345,-0.3499567,0.0044775084,0.5419364,-0.6221408,0.03220588,0.19972563,0.44677055,-0.53527474,-0.35126922,0.63709486,0.2901668,-0.14819232
97,3716,0.21008894,0.2913521,-0.42553937,-0.23967807,-0.27751642,-0.24120878,0.19028121,0.48550755,0.19541486,0.20264259,0.090642564,0.07690157,0.639592,0.18834771,-0.41910324,0.75981647
97,3721,0.064749464,-0.2520586,0.052084647,0.49206817,-0.49701437,0.14848971,0.7091492,0.10640978,-0.3298857,-0.048036315,0.11911892,0.075775266,-0.31227958,0.80421436,0.33499077,-0.1357388
97,3723,-0.12345935,-0.25537807,-0.9337535,-0.36739457,-0.53225756,-0.9242006,-1.3758919,0.76313144,0.40837306,1.3855658,1.5679982,-0.88503265,-0.76027066,-1.0396761,0.090982966,-0.7644845
97,3731,-0.2944903,0.21013305,-0.25935817,-0.71962464,-0.09303594,-0.1618837,0.23157552,-0.20321442,0.23535483,0.48315603,-0.49818975,0.054708153,0.31859398,0.107293986,-0.4604348,0.25479442
97,3738,0.24584764,-0.09458923,-0.08317423,-0.34457326,-0.26925737,-0.124505326,-0.21917252,0.03349033,0.18414907,-0.46456096,0.27399486,-0.16983694,0.8419992,0.38145962,-0.4199328,0.55947864
97,3758,-0.10222887,-0.54942083,0.1206783,0.24996077,-0.40136683,0.25515878,0.42944866,-0.025016218,-0.36779392,-0.27056313,-0.21605805,0.11893324,-0.6005361,0.7406876,0.35371944,-0.50193167
97,3761,-0.005205035,-0.2753632,-1.0890638,-0.37890667,-0.56387544,-0.99336296,-1.4969412,0.7248426,0.4764012,1.5616065,1.9152799,-1.0336313,-0.70593625,-1.1822851,0.09605845,-0.7515054
97,3763,0.49110347,-0.5184121,-0.24165289,0.50836825,-0.19776906,0.06550123,0.17741644,-0.18846466,-0.19250631,-0.64942664,0.6135949,-0.19765928,0.13000208,0.66628563,0.45207328,0.1465102
97,3780,0.36332375,-0.16684285,-0.45014638,0.11097428,-0.09155017,0.14887096,0.31298554,0.42478,-0.23750311,-0.13363314,0.082310654,0.3154724,-0.0015745834,0.20282593,0.22635764,0.15986608
97,3781,0.33392346,0.31651944,-0.59774226,-0.12838022,-0.12078883,0.011498176,0.4835372,0.92601955,-0.08752085,0.093523726,-0.24593636,0.5569314,0.38091537,0.14703663,-0.2200307,0.72869307
97,3783,-0.40655115,0.10571894,-0.06796,-0.8426022,-0.17955782,-0.28502268,0.025787607,-0.63839966,0.38643628,0.49528676,-0.2891668,-0.29725656,0.48572642,0.21359588,-0.58344483,0.18565385
97,3804,0.005671859,-0.04637058,0.47780395,1.1542113,-0.28221014,-0.019660272,0.51703626,-0.76853985,0.11660613,0.24368164,0.56543314,-0.6536379,-0.29658923,0.5709011,0.27976412,-0.07366125
97,3808,-0.10222887,-0.54942083,0.1206783,0.24996077,-0.40136683,0.25515878,0.42944866,-0.025016218,-0.36779392,-0.27056313,-0.21605805,0.11893324,-0.6005361,0.7406876,0.35371944,-0.50193167
97,3812,-0.1720708,0.6999119,0.4664554,0.99302685,0.3950071,-0.14445357,0.35535467,-0.051589385,0.32476246,0.28136626,-0.3375035,-0.0447184,-0.11729568,-0.2988366,0.019194772,0.34101778
97,3817,0.70544165,-0.9003341,-0.742711,0.012426801,0.34594467,0.14390974,-0.4813468,-0.061476603,-0.20235631,-1.0478176,0.52586603,0.0690621,0.10231214,-0.02022712,0.71962744,-0.0787234
97,3820,0.3160041,0.13244644,-0.38124257,-0.24301206,-0.16440412,-0.042549834,0.12349758,0.44703543,0.066361114,-0.09686944,0.025450401,0.18131305,0.5868061,0.20691104,-0.3325212,0.6467608
97,3821,-0.076320924,-0.06704903,0.48801506,1.0707518,-0.2921003,-0.022385053,0.46591538,-0.6761055,0.086418,0.22408268,0.4352411,-0.59293306,-0.39025602,0.5471347,0.27656144,-0.15746132
97,3830,-0.48503336,-0.44567204,-0.033642985,-0.3599491,-0.257027,0.2110056,0.062059462,0.48858947,-0.35011446,-0.17775054,-0.87091464,0.44556314,-0.8847251,0.27552375,0.13970228,-0.77529377
97,3834,-0.59000087,-0.117996275,0.5240652,-1.1998695,0.09241256,0.19132745,-0.18464513,-1.4224963,0.14107697,0.14592594,-0.33286107,-0.2770905,0.4360674,0.043324664,-0.39916047,-0.46349937
97,3835,-0.076622345,-0.30731845,-0.75547683,-0.12301245,-0.5335079,-0.7925945,-1.1229364,0.44919986,0.3658505,1.217939,1.5309644,-0.932626,-0.7130186,-0.7640198,0.15679187,-0.7041123
97,3842,-0.21152279,0.24525863,-0.26581687,-0.65608716,-0.20397116,-0.28226823,0.14706603,-0.16099866,0.32228637,0.4773813,-0.23726922,-0.10273868,0.52194303,0.16721743,-0.5383037,0.43464452
97,3846,-0.22836566,0.4819314,0.45318234,0.7416651,0.50924754,-0.27913505,-0.16744174,0.030729353,0.37185258,-0.11352102,-0.48126855,-0.07674673,-0.1674324,-0.40579414,-0.07538086,0.22832964
97,3859,-0.16634071,-0.2988469,0.05985952,0.51823235,-0.4033518,-0.27863544,-0.15039484,-0.23238172,0.12670389,0.40647817,0.62455297,-0.6357256,-0.59830606,0.18171489,0.25109482,-0.4659378
97,3861,-0.19643739,0.73798543,0.49201703,0.88658524,0.71603525,-0.32171768,-0.16018264,0.027476795,0.4930086,-0.047079302,-0.5358123,-0.064420074,-0.047311157,-0.6243805,-0.13195348,0.42698514
97,3862,-0.21170253,0.3796227,0.4613434,0.78733194,0.3948557,-0.2563637,-0.13131727,-0.091448694,0.34557617,-0.08857077,-0.3391867,-0.18496397,-0.21167065,-0.2748949,-0.02843723,0.1558067
97,3866,-0.33753672,0.122422755,-0.15151542,-0.79748553,-0.10596451,-0.1809702,0.11037047,-0.46103352,0.28656423,0.43417913,-0.41259238,-0.110581785,0.39021808,0.16483182,-0.5078714,0.18318893
97,3870,-0.17944375,0.7338278,0.4839205,1.0291615,0.42121044,-0.15770818,0.3480413,-0.06569402,0.34632587,0.2897345,-0.3428169,-0.06273547,-0.115124404,-0.3211736,0.015784966,0.35973412
97,3875,-0.15333524,-0.1742928,0.42702436,0.88364184,-0.32884353,-0.049869895,0.33760893,-0.5396285,0.04647647,0.16148964,0.32102555,-0.52708876,-0.48564285,0.53699154,0.2745292,-0.27935278
97,3880,0.22732794,0.8295547,0.31180125,-0.37998778,0.6005496,1.0636057,0.5929993,-0.71248454,-0.719264,1.2147222,0.4979299,0.49203107,-0.09909926,-1.1661247,0.4352067,-0.5943872
97,3889,0.32596508,0.08450392,-0.4044537,0.2017507,-0.24715263,0.087107316,0.59193975,0.63402915,-0.23113206,0.02797912,0.013118997,0.3719955,0.0959971,0.37752795,0.0887443,0.39539552
97,3899,-0.31500039,0.29290247,0.31090087,0.6085642,0.1217078,-0.20044751,0.109077506,0.1233252,0.19164605,0.1954591,-0.3255959,-0.06039776,-0.38669354,-0.11834048,0.078138955,-0.041011102
97,3903,-0.24635711,0.5511432,0.4458053,0.84750164,0.2943401,-0.13765009,0.3095902,0.040489834,0.2418329,0.20313215,-0.41766572,0.0060604215,-0.22482766,-0.19122331,0.04249682,0.19810794
97,3906,0.24584764,-0.09458923,-0.08317423,-0.34457326,-0.26925737,-0.124505326,-0.21917252,0.03349033,0.18414907,-0.46456096,0.27399486,-0.16983694,0.8419992,0.38145962,-0.4199328,0.55947864
97,3912,-0.18796545,0.608579,0.44197422,0.7659254,0.6334746,-0.29800862,-0.18541618,0.066447586,0.4345377,-0.10037516,-0.52501637,-0.02944702,-0.06910293,-0.5510288,-0.121893495,0.35169417
97,3918,-0.2024189,0.36467355,0.4517042,0.7742675,0.37899843,-0.24562488,-0.11739524,-0.09021269,0.33373457,-0.08595673,-0.3275335,-0.17736036,-0.20904812,-0.2612489,-0.025343146,0.14937322
97,3944,0.2942895,-0.3143942,0.13972321,-0.31933922,-0.32285663,-0.10011543,-0.45840973,-0.17695399,0.19364177,-0.8398371,0.48775992,-0.3521236,0.9771957,0.51576924,-0.41357592,0.46919757
97,3947,-0.20666462,0.6161841,0.4665004,0.8067743,0.615762,-0.29541725,-0.1539682,0.039652225,0.42941314,-0.07631106,-0.51319885,-0.055974796,-0.09880337,-0.5214271,-0.10617775,0.33493882
97,3962,0.32596508,0.08450392,-0.4044537,0.2017507,-0.24715263,0.08710732,0.5919398,0.6340291,-0.23113208,0.027979136,0.013118997,0.3719955,0.0959971,0.37752795,0.0887443,0.39539558
97,3967,0.24098751,-0.23784819,0.08167097,-0.33436388,-0.31528866,-0.12638213,-0.36971408,-0.14609693,0.20613118,-0.6609725,0.40875772,-0.31305203,0.90766495,0.4674248,-0.41979426,0.4702205
97,3971,0.18762305,-0.10864322,-0.015186526,-0.37987542,-0.32839847,-0.19063304,-0.27826488,-0.09300229,0.25309533,-0.4268918,0.3457476,-0.29595998,0.8992105,0.42129076,-0.4712599,0.54251456
97,4008,0.05583887,0.569048,0.35191762,-0.5278155,0.46035978,0.93311006,0.5252415,-0.9329463,-0.56954396,0.9366627,0.16656798,0.30960095,-0.08478543,-0.7675946,0.20852423,-0.59977686
97,4012,0.054153945,-0.36652368,0.09220491,0.48801523,-0.4949442,0.19057043,0.65711355,-0.006829515,-0.3503852,-0.13737036,0.10360689,0.035698265,-0.3869829,0.855916,0.37178534,-0.23868209
97,4022,0.07800868,-0.09186399,-0.024476603,0.505101,-0.50344336,0.08769943,0.79531646,0.2737774,-0.3025208,0.081299454,0.13810709,0.13185951,-0.21398282,0.7480632,0.29447317,0.016803235
97,4026,-0.35071096,0.13238502,-0.1462084,-0.81246114,-0.1232678,-0.20942579,0.09717699,-0.4866293,0.31223136,0.4593156,-0.38740954,-0.14815429,0.42080766,0.17299359,-0.5316739,0.20090781
97,4054,-0.22163016,0.3972909,0.47054994,0.79863334,0.41273162,-0.26681376,-0.14395274,-0.08845432,0.3569439,-0.090897,-0.35508686,-0.18834236,-0.21358058,-0.2910146,-0.03237832,0.16365899
97,4056,0.24012193,0.26051962,-0.4188286,-0.23527153,-0.2577756,-0.20283167,0.17405923,0.48470098,0.16973396,0.13730156,0.08941009,0.09547033,0.6384772,0.1950424,-0.40284166,0.74710447
97,4058,-0.20405686,0.6900767,0.50574666,1.0316014,0.4098517,-0.17712678,0.2886987,-0.094611585,0.34857863,0.2467109,-0.33687222,-0.11033201,-0.15718538,-0.29543358,0.020990428,0.31600124
97,4059,0.064749464,-0.2520586,0.052084647,0.49206817,-0.49701437,0.14848971,0.7091492,0.10640978,-0.3298857,-0.048036322,0.11911892,0.075775266,-0.31227958,0.80421436,0.33499077,-0.1357388
97,4066,-0.14716566,-0.21882656,0.37309182,0.78590804,-0.37489808,0.020420238,0.45615244,-0.44029957,-0.04063385,0.11843854,0.2279953,-0.389787,-0.46730936,0.6307398,0.28228104,-0.28578684
97,4069,0.37230232,0.19564664,-0.5524751,-0.11966711,-0.059586674,0.13965279,0.45578158,0.8765038,-0.17911994,-0.08062526,-0.30298504,0.6100983,0.3012779,0.16846472,-0.14169277,0.60827774
97,4074,0.27396366,0.32612443,-0.56551445,-0.13851963,-0.1368584,-0.028880715,0.48196125,0.88097036,-0.04972909,0.16266018,-0.25528494,0.5278189,0.3501826,0.124188036,-0.23481387,0.6910768
97,4079,-0.20029211,0.67592686,0.467646,0.81807214,0.68743455,-0.31986248,-0.1961702,0.05929092,0.47071922,-0.08681644,-0.5493528,-0.043028846,-0.058981374,-0.6013496,-0.1323986,0.39125037
97,4082,-0.12920037,-0.38992003,0.49150229,-0.68545014,0.1819475,0.088559814,-0.5014501,-0.71535045,0.011692449,-0.83902377,0.18302199,-0.07233015,0.7420731,0.0006788373,-0.054158222,-0.1130048
97,4089,0.43980724,0.121843606,-0.5835656,-0.18949755,0.11850166,0.38877422,0.3898669,0.8141305,-0.34705073,-0.07055896,-0.36033845,0.7546171,0.066515766,-0.09445892,0.0072428994,0.2968796
97,4099,-0.06889973,0.16597253,-0.22082369,-0.5229946,-0.25548244,-0.27944404,0.046791792,-0.12276383,0.31070852,0.29418743,-0.008420974,-0.18229458,0.61824775,0.22822449,-0.5147986,0.487765
97,4100,0.5606316,0.13567951,-0.7223541,-0.25402546,0.2653747,0.5262744,0.23474172,0.7674021,-0.43297482,0.17823154,-0.13781011,0.7784833,-0.093091354,-0.5176553,0.14053774,0.046474636
97,4116,0.342003,-0.097882554,-0.4425075,0.11950536,-0.12901527,0.14371274,0.38511056,0.48514974,-0.2413246,-0.052878626,0.050557956,0.34115607,-0.002983138,0.22172853,0.18825027,0.19537579
97,4122,0.33628336,0.08410096,-0.34944135,-0.22085737,-0.1561401,-0.012051389,0.098604105,0.4131881,0.04534562,-0.15975916,0.047280803,0.17355785,0.57215726,0.21949919,-0.30727744,0.60872716
97,4125,0.7684886,-0.9726783,-0.6435987,0.19230485,0.26992705,0.10367654,-0.4894123,-0.2899996,-0.1737827,-1.2363185,0.72820324,-0.14461657,0.2129291,0.21491346,0.7370303,0.011331081
97,4141,0.2774537,-0.23659839,0.046576183,-0.31169403,-0.27901968,-0.08106087,-0.33783633,-0.07688576,0.1617877,-0.6923314,0.36683354,-0.2385262,0.8704039,0.445881,-0.38632363,0.47309738
97,4166,-0.64157206,-0.285832,0.45980936,-1.1168371,-0.075323634,-0.03986998,-0.2779072,-1.2706654,0.30559313,-0.013828248,-0.39127377,-0.37578788,0.44081986,0.26385394,-0.48258054,-0.35952008
97,4188,-0.05762645,-0.32734245,-0.96455497,-0.30415833,-0.5757021,-0.93057054,-1.3861873,0.62316614,0.42732954,1.4126512,1.7608032,-1.0110047,-0.7424187,-0.995531,0.1287047,-0.7724267
97,4189,-0.0580943,-0.27695194,-1.0516531,-0.40422857,-0.56676656,-0.98184365,-1.4816225,0.7619181,0.45352358,1.5165377,1.7999082,-0.9860852,-0.7431725,-1.1432818,0.09125067,-0.7786687
97,4196,-0.37580082,0.16086328,-0.1551066,-0.85669917,-0.1370303,-0.24597932,0.086832345,-0.5201405,0.34841138,0.5063488,-0.3792432,-0.18817043,0.466928,0.17830811,-0.57262117,0.23330392
97,4200,-0.21152279,0.24525863,-0.26581687,-0.65608716,-0.20397116,-0.28226823,0.14706603,-0.16099866,0.32228637,0.4773813,-0.23726922,-0.10273868,0.52194303,0.16721743,-0.5383037,0.43464452
97,4203,0.048032686,-0.012563154,0.46365875,1.1963735,-0.2759522,-0.013355143,0.57821983,-0.7889127,0.12612224,0.268321,0.61628145,-0.65722907,-0.23549193,0.5822163,0.28000477,-0.012089819
97,4204,-0.20994282,-0.3277143,0.39573622,-0.7680911,0.10363394,0.023834027,-0.42470324,-0.7705122,0.09902386,-0.61940813,0.040568456,-0.14898863,0.6972355,0.08923193,-0.19658938,-0.075443506
97,4209,-0.2206186,-0.2571505,0.35741544,0.67676824,-0.3878201,0.028838366,0.42304516,-0.34102786,-0.078843735,0.08994356,0.09339928,-0.31351265,-0.5449472,0.63002783,0.27856538,-0.36420345
97,4219,0.58039635,0.039837092,-0.68249136,-0.20870702,0.2632972,0.511196,0.12828866,0.59438604,-0.4108094,0.1851537,0.035949156,0.6471882,-0.13056672,-0.55589885,0.1963973,-0.060732152
97,4228,-0.17864901,0.60918367,0.47369546,0.8181926,0.725804,-0.37423307,-0.3791417,-0.021891125,0.52954656,-0.19137892,-0.49061963,-0.14873737,-0.04388246,-0.6345176,-0.1573145,0.3845045
97,4238,0.28264722,-0.26168233,0.07304386,-0.3097934,-0.2864398,-0.07869214,-0.3663708,-0.09949967,0.16342817,-0.7384432,0.39132437,-0.25934276,0.88840896,0.46260935,-0.3867121,0.46414667
97,4242,0.06601706,-0.31061772,0.07659185,0.4965875,-0.4962675,0.16858271,0.67995137,0.037194952,-0.33618757,-0.09477714,0.12620467,0.045342654,-0.34342042,0.83149916,0.35175082,-0.18470721
97,4250,0.1541181,-0.3585035,0.78608704,-0.48393244,0.5750437,0.37033916,-0.7086719,-0.49780464,-0.34197932,-1.2171981,0.81959313,0.30274585,0.93076724,-0.6172444,0.52026427,-0.24708211
97,4255,0.440772,0.1025669,-0.57353085,-0.19508414,0.14370814,0.42404675,0.3672054,0.7793289,-0.3687033,-0.048564665,-0.34904113,0.760515,0.010829963,-0.15345581,0.037626583,0.21782394
97,4267,0.2436581,-0.13705213,0.746952,-0.3895508,0.69763255,0.5062152,-0.5564534,-0.3843984,-0.47863543,-0.89713186,0.9503814,0.4709849,0.8281074,-0.90663797,0.67935115,-0.29757538
97,4280,0.012961589,0.493775,0.3648312,-0.5511369,0.42208526,0.8631348,0.46728158,-0.936766,-0.5139426,0.84089637,0.12693104,0.27280557,-0.05204656,-0.6870545,0.16933703,-0.58495504
97,4281,0.3305048,0.27410418,-0.5603961,-0.10783243,-0.11848477,0.028067015,0.46666867,0.8817769,-0.09889905,0.061848566,-0.23348266,0.5413146,0.34922698,0.15303364,-0.19605614,0.6762318
97,4294,0.034528002,-0.013197243,0.4825825,1.223767,-0.28180647,-0.018794134,0.57514507,-0.81611806,0.13165575,0.27701703,0.62625355,-0.6866312,-0.25715408,0.5932446,0.28869092,-0.025705077
97,4304,-0.020699836,-0.098855436,0.43977988,1.0678427,-0.34290487,0.000569053,0.55444956,-0.6721411,0.05124116,0.21464157,0.50298136,-0.5745534,-0.3249372,0.63834643,0.2925167,-0.11810742
97,4305,0.60430896,-0.646338,-0.67594755,0.04606183,0.20371172,0.14793365,-0.1989132,0.13385917,-0.22717212,-0.7456881,0.38098642,0.17137064,0.073601045,0.056507222,0.574052,0.01907958
97,4308,-0.6381411,-0.25824738,0.4873637,-1.1638967,-0.02389203,0.021783158,-0.27095574,-1.3295065,0.26565504,-0.00332807,-0.39213324,-0.34872845,0.4568149,0.21589646,-0.4678362,-0.39278108
97,4309,0.17638685,0.8043331,0.29116988,-0.41164637,0.5387615,1.0748208,0.6803283,-0.8405058,-0.6949447,1.2685344,0.33807656,0.41005415,-0.18748017,-1.026399,0.33593124,-0.61977583
97,4320,0.6014147,0.054437816,-0.7105431,-0.22506176,0.28881553,0.53808486,0.13207826,0.6191811,-0.43002975,0.18821079,0.018590122,0.6805742,-0.13086684,-0.58420974,0.2014268,-0.055535533
97,4329,0.24098751,-0.23784819,0.08167097,-0.33436388,-0.31528866,-0.12638213,-0.36971408,-0.14609693,0.20613118,-0.6609725,0.40875772,-0.31305203,0.90766495,0.4674248,-0.41979423,0.4702205
97,4331,-0.17273471,-0.24958882,0.298221,0.7262034,-0.3522321,-0.123563185,0.15745725,-0.42590708,0.064798,0.2052317,0.37997508,-0.5433396,-0.53685856,0.42908067,0.2677547,-0.3614863
97,4344,0.32248214,0.022487283,-0.42427433,0.17050079,-0.21301535,0.11573511,0.54789567,0.6012897,-0.24802895,-0.0022903085,-0.0055033974,0.3808941,0.05121825,0.34872097,0.12675358,0.32942444
97,4348,0.35746828,-0.3172679,-0.08272703,0.5919856,-0.3678866,0.07284815,0.45136768,-0.10447341,-0.21436048,-0.37596828,0.50782424,-0.1628738,0.06681261,0.79471004,0.32794875,0.17146845
