window_id,vehicle_id,z_0,z_1,z_2,z_3,z_4,z_5,z_6,z_7,z_8,z_9,z_10,z_11,z_12,z_13,z_14,z_15
165,808,-0.096677184,0.43443048,-0.05056818,-0.1446932,0.71366525,-0.16272214,0.5555477,-0.08577795,0.6254754,0.058298104,0.18806386,0.20888299,-0.3758986,-0.5130459,-0.017359719,1.0950465
165,1544,0.74166113,-0.6879157,-0.28403223,-0.21131486,0.88471746,-0.20608822,0.19461064,0.38172835,-0.7579601,-0.0186079,-0.08279598,-0.07153568,-0.47143495,1.0348977,1.1310612,0.11409068
165,4095,-0.66685224,-0.9712938,0.1560593,-0.1515339,-0.4913017,-0.75333,0.071964905,-0.8676611,-0.39377382,-0.67749643,-1.360892,-0.107486606,-0.6863246,1.4999762,-0.4696193,0.46522024
165,212,-0.096677154,0.43443048,-0.050568163,-0.1446932,0.71366525,-0.16272214,0.5555477,-0.08577795,0.6254755,0.05829811,0.18806386,0.20888302,-0.37589848,-0.5130459,-0.017359719,1.0950465
165,834,0.5815475,-0.5033724,-0.048503205,-0.17427582,0.6066661,-0.3032747,0.015439361,0.3567944,-0.6291459,-0.073158324,-0.09222716,0.008698091,-0.37795192,0.9102491,0.8059188,-0.007729441
165,961,-0.096677184,0.43443042,-0.050568163,-0.1446932,0.7136651,-0.16272214,0.55554783,-0.08577797,0.6254753,0.05829811,0.18806386,0.20888299,-0.37589854,-0.5130459,-0.017359689,1.0950469
165,3370,-0.108970314,0.44099164,-0.05116053,-0.14938796,0.7272625,-0.16294119,0.56554097,-0.09156208,0.6442443,0.05217196,0.18036675,0.22327846,-0.380978,-0.5265177,-0.027456328,1.127143
165,4194,-0.096677184,0.43443042,-0.050568163,-0.1446932,0.7136651,-0.16272216,0.5555478,-0.08577798,0.6254754,0.05829812,0.18806386,0.20888299,-0.37589854,-0.51304585,-0.017359704,1.0950468
165,536,0.9738727,0.16737178,-0.41506863,-0.52099466,1.185582,-0.5321305,0.6881707,0.5048789,0.4361792,0.49395263,0.66446066,-0.05570165,-0.86589867,-0.083531484,0.58339417,0.5890367
165,2914,-0.096677154,0.43443048,-0.05056818,-0.1446932,0.7136651,-0.16272214,0.5555477,-0.08577798,0.6254755,0.05829811,0.18806386,0.20888299,-0.3758986,-0.5130459,-0.017359704,1.0950468
165,313,-0.07023734,0.42205274,-0.040304348,-0.13498077,0.6807897,-0.16361672,0.5197324,-0.06592737,0.58326745,0.06585918,0.19746484,0.19111833,-0.3552869,-0.48282295,0.001397118,1.0209265
165,974,-0.096677125,0.43443042,-0.050568163,-0.1446932,0.71366525,-0.16272214,0.5555477,-0.08577797,0.6254754,0.05829812,0.18806386,0.20888299,-0.37589848,-0.5130459,-0.017359734,1.0950465
165,2715,-0.108970314,0.4409917,-0.05116053,-0.14938796,0.7272626,-0.16294119,0.56554097,-0.09156206,0.6442441,0.052171946,0.18036675,0.22327843,-0.38097805,-0.5265176,-0.027456328,1.127143
165,3651,0.5815476,-0.50337243,-0.048503175,-0.17427579,0.6066661,-0.3032747,0.015439391,0.3567944,-0.62914586,-0.07315831,-0.09222719,0.008698091,-0.37795186,0.910249,0.8059188,-0.0077294707
165,624,0.7572541,-0.7308386,-0.28666887,-0.2280387,0.9268215,-0.23745196,0.21585642,0.3852082,-0.78264713,-0.045827,-0.10697824,-0.07046145,-0.5340786,1.1057919,1.1584471,0.15153286
165,3557,-0.096677184,0.43443048,-0.050568163,-0.1446932,0.7136651,-0.16272214,0.5555477,-0.08577797,0.6254755,0.05829812,0.18806386,0.20888299,-0.37589854,-0.5130459,-0.017359704,1.0950465
165,3772,-0.108970284,0.44099164,-0.051160544,-0.1493879,0.7272626,-0.16294119,0.56554097,-0.09156206,0.6442442,0.05217196,0.18036675,0.2232784,-0.3809781,-0.5265177,-0.027456328,1.1271429
165,551,-0.62732995,-1.0123067,0.013805032,-0.19809762,-0.47580624,-0.6205168,0.07112105,-0.8403026,-0.37083185,-0.6042809,-1.3797231,-0.087941706,-0.62047964,1.4401866,-0.41341475,0.437507
165,2677,-0.6668523,-0.9712939,0.15605928,-0.1515339,-0.4913017,-0.75333,0.071964875,-0.8676611,-0.39377385,-0.67749643,-1.3608919,-0.107486606,-0.6863248,1.4999762,-0.4696193,0.46522024
165,3105,-0.108970314,0.4409917,-0.051160544,-0.1493879,0.7272626,-0.16294119,0.56554097,-0.09156205,0.6442442,0.05217196,0.18036675,0.2232784,-0.38097805,-0.5265177,-0.027456313,1.127143
165,4153,-0.096677184,0.43443042,-0.05056818,-0.1446932,0.713665,-0.16272216,0.5555478,-0.08577798,0.6254755,0.058298104,0.18806386,0.20888299,-0.37589854,-0.5130459,-0.017359719,1.0950466
165,9,-0.6099235,0.4699958,0.65197325,0.6207518,-0.4170042,0.5316514,-0.051190853,-0.16281655,-0.38192648,-0.39686197,0.06875661,0.07584944,-0.16701673,-0.0712903,0.15223932,0.1347445
165,12,0.29914266,-0.1783046,-0.1874933,-0.034846038,-0.19126393,0.017075986,-0.18062541,0.14153318,-0.15804572,0.1534683,0.11170378,-0.18205953,0.16339427,0.128287,0.006637931,-0.6065223
165,18,-0.04301749,-0.22561081,0.20138764,-0.009820998,-0.34210965,-1.0745515,0.18538053,-0.4568431,0.25650725,-0.0836716,0.1101012,-0.66019815,-0.29349703,0.22905885,-0.94544554,-0.3902954
165,31,0.56413966,-0.020183936,0.26621976,0.019558262,0.34712783,-0.13996235,-0.23946485,0.51673734,-0.6120582,0.016092002,0.25708064,0.10946706,-0.08651008,0.5187083,0.7536223,-0.39260232
165,34,0.13422456,0.090068296,0.31535432,0.2473428,-0.17837684,0.2997192,-0.35903507,0.26543486,-0.5873825,-0.11918655,0.14642476,0.032111377,0.14214906,0.301075,0.4394433,-0.49517527
165,41,-0.1425432,-0.49205005,-1.0260613,-0.3267153,-0.4067585,0.940924,0.047935873,-0.26195753,0.17069626,0.36648604,-0.5203859,0.0009791553,0.27727544,-0.13812877,0.028038457,-0.084776044
165,42,0.44726744,0.106348716,-0.012365907,0.0040957853,-0.09755479,-0.34494776,-0.2409925,0.26867616,-0.059554823,0.30617353,0.56549203,-0.38294095,0.52052104,-0.22894096,-0.15279648,-0.95196605
165,43,-0.69895875,-0.7848369,0.47508743,-0.04626429,-0.68266225,-1.2371821,0.16796078,-0.99972403,-0.0867337,-0.7464307,-1.0132024,-0.41681492,-0.9149222,1.3301038,-1.0677339,0.28513858
165,59,0.32955515,0.03439264,0.30276823,0.032047708,-0.06044866,-1.1199185,0.020790324,0.05890327,0.32102665,0.016532257,0.5255159,-0.45793268,-0.018447652,-0.13359493,-0.8208523,-0.62018764
165,64,-0.5753136,0.46523052,0.59849775,0.59267163,-0.29375383,0.5152141,0.075896695,-0.18042153,-0.3399623,-0.37475944,0.11392889,0.050470784,-0.29237372,-0.08469708,0.19619088,0.25127527
165,65,0.44458696,0.1503303,0.03271614,0.022741586,-0.088432744,-0.349858,-0.26731846,0.30558914,-0.059390783,0.2932427,0.59080637,-0.35607958,0.5330332,-0.24910048,-0.1430473,-0.9507048
165,71,0.22600123,-0.09878296,0.4868758,-0.6382095,0.24303311,-0.38185972,-1.2155887,0.8456181,0.6649473,-0.32329097,-1.0407078,1.5880365,0.8686532,0.03634029,-0.49541506,0.5889318
165,79,0.37902218,0.096602805,0.2787559,0.038655877,-0.03180462,-1.0761299,-0.01284574,0.12108168,0.29717284,0.08200058,0.62445414,-0.47591487,0.10359453,-0.21952973,-0.75907063,-0.7047256
165,83,-0.46865273,0.38823295,0.569343,0.5672363,-0.35547996,0.5577119,-0.04303597,-0.09248741,-0.46278128,-0.3382107,0.089970574,0.053268716,-0.21707143,0.035232086,0.29569483,0.07482043
165,94,0.4433368,0.30927983,0.18716577,0.09059848,-0.027570248,-0.5583046,-0.26279387,0.37204647,0.06937343,0.2633423,0.76387906,-0.36339772,0.5291466,-0.39534175,-0.28639764,-0.92370856
165,114,-0.033400193,-0.60952544,-0.6625982,-0.25741097,-0.20373794,0.33681643,-0.016348466,-0.22081342,-0.15724827,0.14731486,-0.59341973,-0.037525013,0.16432205,0.35494405,0.13452461,-0.10547683
165,116,0.04522398,-0.28154844,-0.76907396,-0.21929783,-0.31713015,0.42592376,0.054920986,-0.15455157,0.21214598,0.41757262,-0.07410678,-0.24402201,0.41089413,-0.2929089,-0.16036034,-0.39980236
165,124,0.4114505,0.10129647,0.15474512,0.02542933,-0.058598146,-0.78459543,-0.10314688,0.18338391,0.1587401,0.17574263,0.60962915,-0.44284564,0.27555734,-0.23246443,-0.5247289,-0.8145419
165,125,0.70521045,-0.65441704,-0.19283941,-0.21334842,0.8298191,-0.26721525,0.1402619,0.3912511,-0.739707,-0.062465414,-0.10170296,-0.027853057,-0.49521285,1.054505,1.0447166,0.095154285
165,133,-0.5014037,0.5008319,0.33476847,0.35696912,0.20907956,0.20372333,0.45068765,-0.30784515,0.15673983,-0.22742406,0.2060557,0.02368547,-0.4271332,-0.38320765,0.010791764,0.7742442
165,141,-0.001570642,0.16459377,0.22495306,-0.43416283,0.3515887,-0.23870686,-0.48203695,0.37783936,0.68831646,-0.15277484,-0.56912637,1.001719,0.4709018,-0.30989116,-0.3595614,0.79636407
165,152,0.4433368,0.30927983,0.18716577,0.09059848,-0.027570248,-0.5583046,-0.26279384,0.37204647,0.06937344,0.2633423,0.76387906,-0.36339772,0.5291466,-0.39534178,-0.28639764,-0.92370856
165,153,0.59086275,-0.528999,-0.06383543,-0.18155122,0.63494956,-0.31031996,0.038455486,0.3540979,-0.6378434,-0.07927434,-0.101765215,0.0010186732,-0.4085716,0.9377832,0.82635033,0.023151278
165,158,-0.36796188,0.41669738,0.48825997,0.19479138,-0.004553199,0.073339775,-0.17924105,3.144145e-05,0.14646974,-0.25949422,-0.10020098,0.40798742,0.17388952,-0.30208462,-0.12886178,0.41907594
165,170,-0.45820755,0.38360482,0.56688017,0.5646786,-0.360336,0.56232864,-0.05635871,-0.08291848,-0.47170764,-0.33568102,0.089146614,0.056174994,-0.20776244,0.04247802,0.30308303,0.05680284
165,172,-0.5107234,0.5045824,0.35251093,0.35417834,0.19536802,0.19247894,0.4111005,-0.29973492,0.16241705,-0.23689511,0.18382734,0.05199477,-0.38360995,-0.38779485,-0.009899244,0.7637043
165,176,-0.13687345,0.45209724,-0.04149905,-0.1841811,0.7476499,-0.16995686,0.53852487,-0.08115612,0.70522785,0.025675759,0.11899943,0.31205043,-0.34259862,-0.5635921,-0.076165795,1.2002151
165,187,0.3826051,0.058779895,0.31062782,0.13407663,0.18009439,0.03449495,-0.23558898,0.41229272,-0.61600304,-0.034893528,0.23714578,0.08575457,-0.07339384,0.42675698,0.68636197,-0.36429185
165,190,0.24942873,-0.16622652,-0.26727936,-0.11506099,-0.16380842,-0.5273224,0.05016394,-0.11942688,0.17772418,0.29844052,0.2991328,-0.5430766,0.29395705,-0.1617156,-0.48568472,-0.6886488
165,193,-0.69443434,-0.8548717,0.39747795,-0.078017674,-0.63098824,-1.173589,0.17089765,-0.99466527,-0.1398263,-0.74108267,-1.1036608,-0.36452892,-0.8954541,1.3851942,-0.97272015,0.33386883
165,197,-0.108970284,0.44099164,-0.05116053,-0.1493879,0.7272626,-0.16294119,0.56554097,-0.09156205,0.6442442,0.05217196,0.18036674,0.2232784,-0.3809781,-0.5265177,-0.027456313,1.127143
165,200,0.4472674,0.10634871,-0.012365907,0.004095778,-0.097554795,-0.34494776,-0.2409925,0.26867616,-0.059554823,0.30617353,0.56549203,-0.38294095,0.52052104,-0.22894095,-0.1527965,-0.95196605
165,217,0.16224644,0.16019072,0.36996537,0.24917057,-0.15273933,0.26134497,-0.37950012,0.30727848,-0.59168744,-0.10815817,0.18803129,0.07428458,0.12533295,0.28421327,0.47653696,-0.507657
165,228,0.3992288,0.10617324,0.1278781,0.09643476,-0.031111836,-0.1250601,-0.3113113,0.36680973,-0.29042554,0.1442402,0.45003825,-0.19375682,0.3877874,-0.0033433046,0.16960388,-0.7626989
165,232,0.21529213,0.13704646,0.34803843,0.20874685,-0.08733011,0.1842588,-0.3565009,0.32690626,-0.5710076,-0.08073589,0.19625445,0.0705657,0.107697144,0.3012487,0.49316397,-0.48690313
165,252,-0.17931819,0.34585857,0.5237106,0.07610312,-0.020185813,-0.054286063,-0.44909072,0.21001148,0.12245569,-0.21306252,-0.17567334,0.5467016,0.4137648,-0.22154403,-0.121632576,0.19410774
165,257,0.31300393,-0.04588394,0.12127778,0.009911962,-0.11319274,-0.6762913,-0.05588621,0.08691029,0.12808049,0.06545541,0.36130816,-0.35041088,0.040193126,-0.021890108,-0.49203917,-0.607696
165,263,0.74660003,0.15961686,-0.2505758,-0.53842854,0.97263086,-0.4731853,0.32851994,0.5120045,0.5318588,0.3299666,0.30291882,0.27898446,-0.4650088,-0.15824391,0.31830084,0.6366787
165,266,-0.40783077,0.48538536,0.6857397,0.5118138,-0.3888186,0.33381563,-0.31287545,0.03286992,-0.3791975,-0.35062253,0.10645448,0.16341475,0.10857339,-0.071986794,0.11501013,-0.16142474
165,268,-0.4657489,0.40369397,0.5965029,0.5731066,-0.3684659,0.5565203,-0.088023506,-0.06861526,-0.477603,-0.354221,0.088911384,0.07962033,-0.18445323,0.034188874,0.29136515,0.034490854
165,279,-0.0252541,0.20014888,0.18811612,-0.3780148,0.33552846,-0.21013217,-0.37101138,0.30243897,0.64511204,-0.114521265,-0.46458817,0.8631802,0.4109308,-0.34132662,-0.3143302,0.76109743
165,280,-0.5917142,0.509311,0.45482096,0.4669771,0.019534618,0.32363343,0.33439624,-0.31021017,0.016026512,-0.312461,0.1608431,0.04003921,-0.38225317,-0.320623,0.02303648,0.64148116
165,297,0.06239797,-0.36332297,-0.7667199,-0.23406342,-0.31083164,0.5066642,-0.017106399,-0.11836338,0.09294397,0.3710581,-0.20371062,-0.16441555,0.3822317,-0.13358594,-0.018225327,-0.37346867
165,300,0.016625121,-0.24576907,-0.7703923,-0.22053364,-0.29889277,0.31847322,0.13309722,-0.21108198,0.30456245,0.44185787,-0.018852249,-0.3041262,0.39579982,-0.37537554,-0.26954868,-0.37247697
165,328,0.44263116,0.3283495,0.2051273,0.09990669,-0.02416484,-0.56715894,-0.27141622,0.3848291,0.074398756,0.25925106,0.7824513,-0.35934672,0.5367947,-0.4094817,-0.2918902,-0.93074656
165,332,0.46178818,-0.04429874,0.046605505,0.046699457,0.12107015,-0.09297578,-0.24014609,0.37779218,-0.40289393,0.11425039,0.34521547,-0.15999809,0.25599104,0.19015157,0.36561728,-0.63396335
165,337,0.6350152,-0.47878343,-0.1950154,-0.10380193,0.58374226,-0.025559906,0.012448475,0.3845916,-0.70088005,0.03552568,0.019467816,-0.06081567,-0.19001685,0.7601655,0.946561,-0.16641
165,358,0.2657365,-0.14391835,0.5129765,-0.6489461,0.22495767,-0.3945651,-1.2987669,0.9019033,0.64487743,-0.33370116,-1.0829147,1.6272807,0.9024598,0.09464054,-0.4971262,0.54232013
165,379,0.107662424,0.38731948,-0.03514208,-0.011299849,0.7316134,-0.07575355,0.73047847,-0.015295416,0.31843317,0.091768116,0.4622712,-0.05772966,-0.78217167,-0.29858378,0.29542935,0.8509363
165,385,-0.5608991,0.45535433,0.6460021,0.60159326,-0.3962021,0.51197404,-0.07285735,-0.12474629,-0.4031597,-0.38266456,0.075129524,0.08595869,-0.15838756,-0.045569,0.18478411,0.09881675
165,413,-0.49935466,0.44967526,0.5634735,0.5396389,-0.22645655,0.44171244,0.080451235,-0.1450488,-0.30615678,-0.33352453,0.13812155,0.04870449,-0.28248394,-0.088357314,0.20451578,0.24265578
165,417,-0.05008906,0.27318794,0.44371298,0.41442487,-0.4403835,0.54326844,-0.45798618,0.21087691,-0.6175934,-0.17771071,0.2014314,0.035561398,0.25147402,0.14604315,0.35303015,-0.6097873
165,421,0.76130354,-0.73444295,-0.28152618,-0.23090482,0.933198,-0.24218377,0.21143253,0.39225656,-0.7873529,-0.050278828,-0.11065021,-0.061469875,-0.53945154,1.1149253,1.1609725,0.15056673
165,426,-0.31311804,-0.09571712,-0.53611624,-0.10267522,-0.17179029,-0.5295376,0.7102863,-0.7180673,0.72590256,0.34728307,0.17965649,-0.6591665,-0.1390085,-0.5355725,-0.97552955,-0.009870023
165,435,0.5472455,-0.012342393,0.27788645,0.03566947,0.32853338,-0.10953458,-0.2501026,0.51403606,-0.6296213,0.00195764,0.25258046,0.116541475,-0.08520405,0.5204369,0.7572917,-0.40186346
165,453,-0.57004535,0.5080401,0.48050317,0.44968107,0.0033615828,0.2927264,0.25509822,-0.26894498,0.011683419,-0.3155146,0.1354553,0.08538368,-0.31005383,-0.31056857,0.010632262,0.5911652
165,456,-0.18262619,0.37166244,0.5329132,0.109029785,0.01852052,-0.047022622,-0.3780669,0.19177088,0.092982054,-0.21937835,-0.11732054,0.5068042,0.31564006,-0.2133628,-0.075455785,0.21449932
165,462,0.56413966,-0.02018395,0.26621976,0.019558262,0.34712783,-0.13996235,-0.23946485,0.51673734,-0.6120583,0.016092002,0.25708064,0.10946709,-0.08651005,0.5187082,0.7536223,-0.39260232
165,486,0.050459757,-0.36321884,-0.81618404,-0.24527809,-0.3235885,0.5240941,0.011181027,-0.13980332,0.14192435,0.39650255,-0.18670827,-0.18469022,0.4000568,-0.19260363,-0.069030255,-0.3836714
165,491,-0.18970862,0.3269587,0.5184735,-0.019523121,0.008668438,-0.088353194,-0.5560172,0.2617011,0.26188052,-0.22778586,-0.3179083,0.71905154,0.56168234,-0.28653833,-0.23575577,0.29984477
165,492,-0.010116503,-0.31460416,-0.8190214,-0.24847174,-0.32590532,0.5002914,0.07864283,-0.19960234,0.23285857,0.4122873,-0.17092454,-0.20167314,0.37260312,-0.27822232,-0.14458999,-0.2963871
165,495,0.7048126,0.24131145,-0.29639646,-0.3802372,1.0523622,-0.4140005,0.67677873,0.35134134,0.4220375,0.37354052,0.5854638,-0.031084478,-0.7968312,-0.16521654,0.47473678,0.676399
165,508,0.43359432,0.10746424,0.060667172,0.016100045,-0.07270659,-0.5559866,-0.1686539,0.23048037,0.046937704,0.24942869,0.5911419,-0.41260403,0.3995005,-0.23500332,-0.32710144,-0.8807119
165,517,-0.3963359,-0.9063872,-0.17299429,-0.21607998,-0.29719102,-0.3481205,0.033959508,-0.60174453,-0.37966454,-0.3746552,-1.1582345,-0.034187466,-0.37296712,1.1595749,-0.12870407,0.30286565
165,525,0.3846504,0.27595338,0.2086733,0.1414946,-0.13339281,-0.24309628,-0.3654116,0.38849512,-0.13549525,0.19091149,0.6354126,-0.2603355,0.53019077,-0.24807775,-0.075688004,-0.93356776
165,526,0.5815475,-0.5033724,-0.048503205,-0.17427582,0.6066661,-0.30327472,0.015439421,0.3567944,-0.6291459,-0.073158294,-0.09222719,0.008698106,-0.37795192,0.910249,0.8059188,-0.0077293813
165,527,-0.13753343,-0.5180877,-1.0767556,-0.34766087,-0.40572712,0.9375461,0.06595747,-0.2769199,0.19680831,0.38791934,-0.5273986,-0.017863661,0.29568553,-0.15819615,-0.0022285134,-0.10204509
165,543,0.17330928,-0.1570348,-0.12689477,-0.07853373,-0.19572592,-0.6766152,0.08505602,-0.20067918,0.1902833,0.20190543,0.26768172,-0.5705738,0.14833255,-0.06971903,-0.58421266,-0.5985204
165,561,0.72909576,-0.67927873,-0.23881564,-0.21571949,0.8701458,-0.2475274,0.17955221,0.38640785,-0.7545929,-0.048607424,-0.09033209,-0.05826153,-0.5097728,1.0652435,1.0986948,0.11988491
165,569,-0.5440078,0.44274992,0.5724038,0.57224613,-0.31432104,0.5013191,0.050033465,-0.17019215,-0.3425799,-0.34700072,0.11050096,0.032015085,-0.25077635,-0.071874574,0.19428365,0.20395687
165,570,0.5641397,-0.02018395,0.26621974,0.019558258,0.34712777,-0.13996235,-0.23946485,0.51673734,-0.6120583,0.016092017,0.25708064,0.10946706,-0.08651008,0.5187082,0.7536222,-0.39260232
165,576,0.4891894,0.012034878,0.16116408,-0.5957205,0.5866244,-0.45055485,-0.52322674,0.7154031,0.59829926,-0.025909975,-0.4142365,0.99651366,0.2502965,-0.026591804,-0.1204904,0.5899712
165,578,-0.5671632,0.4985209,0.443107,0.45337492,0.019458309,0.3092863,0.32214546,-0.29739058,0.0138260275,-0.29714465,0.16374636,0.033942014,-0.3658535,-0.31228918,0.02782379,0.6168455
165,587,0.36691833,-0.1921237,0.13402767,0.034839507,0.20619172,0.008991495,-0.20429902,0.33225664,-0.5968394,-0.07246983,0.032591388,0.04797955,-0.056227222,0.5636359,0.6073612,-0.29592827
165,590,0.3171115,0.031989835,0.28037658,0.03136382,-0.07330908,-1.0347787,0.006007567,0.057025664,0.28262416,0.029728577,0.49268767,-0.43953928,-0.001692012,-0.11481683,-0.74584866,-0.6040529
165,592,0.3846504,0.27595338,0.2086733,0.1414946,-0.13339281,-0.24309628,-0.36541164,0.3884951,-0.13549526,0.19091149,0.63541263,-0.2603355,0.53019077,-0.24807772,-0.075687975,-0.93356776
165,596,0.107662424,0.38731948,-0.035142064,-0.011299856,0.7316133,-0.07575355,0.73047847,-0.015295401,0.31843317,0.091768116,0.46227118,-0.05772966,-0.78217167,-0.29858375,0.29542935,0.8509363
165,602,0.24110082,-0.14432906,-0.22764257,-0.101584636,-0.16052063,-0.56379,0.055656746,-0.12511218,0.17957258,0.28540033,0.3151156,-0.54948395,0.27535975,-0.15896851,-0.4960635,-0.6727666
165,617,-0.45998532,0.40381223,0.59523344,0.5691772,-0.3696953,0.55031127,-0.09564989,-0.06473988,-0.47547287,-0.35132205,0.09018168,0.07956621,-0.17401002,0.03237995,0.28762326,0.024600834
165,619,-0.13289326,0.3907193,0.04006497,-0.34400836,0.7377559,-0.21740885,0.22448121,0.08237885,0.85807395,-0.0702963,-0.19587111,0.7008394,-0.08253814,-0.571738,-0.24657726,1.2939063
165,631,0.00916855,-0.52087176,-0.7277614,-0.25571528,-0.23193377,0.42176926,-0.01384671,-0.17514265,-0.06439246,0.24308124,-0.44921207,-0.076563284,0.25936663,0.16336073,0.09657258,-0.20245609
165,635,-0.13289323,0.3907193,0.04006496,-0.34400842,0.7377559,-0.21740884,0.22448121,0.08237886,0.85807395,-0.07029627,-0.19587103,0.70083934,-0.08253811,-0.57173806,-0.2465773,1.2939063
165,636,0.030881554,-0.20255406,0.084557936,-0.03519983,-0.28705245,-0.9403795,0.15200035,-0.3714156,0.22929546,0.017046183,0.16420808,-0.631428,-0.1354547,0.12681945,-0.8173616,-0.4621593
165,646,0.29133952,-0.32240683,-0.509227,-0.112242155,-0.26181942,0.56879556,-0.27897334,0.1716822,-0.3277291,0.26477528,-0.11120802,-0.06244263,0.35398307,0.18509804,0.36330548,-0.6243223
165,652,-0.31311804,-0.09571712,-0.53611624,-0.10267522,-0.17179029,-0.5295376,0.7102863,-0.71806717,0.72590256,0.34728307,0.1796565,-0.6591665,-0.1390085,-0.5355726,-0.97552955,-0.009870023
165,667,0.69276094,-0.581542,-0.24075484,-0.15384918,0.72598124,-0.0947788,0.09020887,0.39244908,-0.74168265,0.00957787,-0.029632837,-0.059207946,-0.31825387,0.89544535,1.0454326,-0.048916668
165,669,0.046921402,-0.30680394,-0.7959126,-0.22717363,-0.32812375,0.48336202,0.037401587,-0.14579445,0.19185293,0.41494322,-0.10597062,-0.22190872,0.41436917,-0.2722109,-0.13155967,-0.40467274
165,690,-0.16835728,-0.5200245,-1.0652096,-0.33031324,-0.4375953,1.0704625,0.025948182,-0.25987747,0.14441669,0.3519665,-0.5794136,0.05315487,0.26090816,-0.11272423,0.07644752,-0.058970124
165,693,-0.2714845,-0.20294179,-0.6591098,-0.18353343,-0.23391566,-0.13072535,0.49088877,-0.58635426,0.5508492,0.35491687,-0.033167213,-0.46452397,0.04118602,-0.3997963,-0.6322185,-0.015895337
165,697,-0.56789714,0.49499422,0.4529915,0.4676162,-0.010704145,0.32805747,0.30896372,-0.29358402,-0.01510945,-0.30142426,0.16626853,0.022872686,-0.3662364,-0.29519615,0.04019934,0.5827061
165,719,-0.44666767,0.41291207,0.5993391,0.55440867,-0.38239834,0.5168082,-0.13870776,-0.050861567,-0.4558489,-0.34503287,0.09242031,0.08549744,-0.11381914,0.012790379,0.25319064,-0.017465293
165,726,-0.47861284,0.4795581,0.3701868,0.39629945,0.13906255,0.24957357,0.40964353,-0.27905074,0.056084543,-0.23943287,0.2201908,-0.0015705377,-0.43627697,-0.31849077,0.068768814,0.66377616
165,733,0.039751947,-0.26141602,-0.7590371,-0.21501616,-0.30944887,0.37692308,0.08004217,-0.16980991,0.2430155,0.4257165,-0.042479753,-0.26974475,0.4091257,-0.32445988,-0.20029008,-0.39748356
165,737,0.026134625,-0.24543567,-0.7723279,-0.22045806,-0.2971754,0.30366355,0.13338922,-0.20766991,0.30738366,0.44724092,-0.0040996224,-0.31562272,0.40682226,-0.38275826,-0.27960402,-0.39231315
165,740,-0.5006262,0.48575813,0.4810098,0.35360375,0.008180454,0.19918932,0.10265504,-0.17820096,0.06743395,-0.2960375,0.054576978,0.20442474,-0.13225766,-0.31512177,-0.045972213,0.5349436
165,774,0.076381646,-0.17903383,0.025629051,-0.044610366,-0.25536355,-0.8500962,0.12568687,-0.31062683,0.20899019,0.075303085,0.19940405,-0.6055348,-0.042706206,0.06557351,-0.72825587,-0.50066316
165,775,0.28806162,-0.3193667,-0.4988914,-0.106075935,-0.2646952,0.592252,-0.2883836,0.17876808,-0.34537882,0.2559873,-0.12180489,-0.046880454,0.34476557,0.20160341,0.38913134,-0.61285764
165,783,-0.5671632,0.49852085,0.443107,0.4533749,0.019458294,0.3092863,0.32214546,-0.29739058,0.013826042,-0.29714465,0.16374636,0.033942014,-0.3658535,-0.31228918,0.027823776,0.61684537
165,787,-0.5097231,0.49386173,0.3804412,0.40643483,0.14858541,0.25875014,0.42645836,-0.29709163,0.072157234,-0.25637585,0.21303308,0.011335075,-0.45063895,-0.33668852,0.054400623,0.7065542
165,796,-0.14313248,0.2836827,0.47793746,0.42279658,-0.30207455,0.45711505,-0.28250933,0.13267934,-0.5780432,-0.22769219,0.13324805,0.08152121,0.0055117905,0.17062953,0.4092018,-0.30149055
165,797,-0.23828584,0.41064495,0.47035325,0.32021025,-0.0023298562,0.11341278,-0.0040217936,0.0028495193,-0.12587225,-0.19082674,0.17493342,0.110571384,-0.11499046,-0.14000203,0.14636229,0.18926468
165,820,0.13422456,0.09006829,0.31535435,0.24734277,-0.17837684,0.2997192,-0.35903507,0.26543486,-0.58738256,-0.11918658,0.14642474,0.032111347,0.14214906,0.30107504,0.43944326,-0.4951753
165,821,-0.38698018,-0.43613005,0.40734428,-0.0017987043,-0.5727228,-1.261022,0.19882153,-0.76256573,0.16928622,-0.4251356,-0.35189974,-0.6150547,-0.6434526,0.7195366,-1.1536846,-0.096723646
165,836,-0.070268184,-0.41515028,-0.92202544,-0.29887855,-0.3519622,0.68935966,0.06760882,-0.23641524,0.20145658,0.39147913,-0.36268657,-0.10531618,0.3233539,-0.19231783,-0.05652806,-0.17929278
165,854,-0.6391157,0.48012155,0.63611263,0.6379991,-0.3535715,0.5747851,0.059069768,-0.20395052,-0.37175837,-0.41319954,0.08903469,0.061519057,-0.29064858,-0.080074385,0.18827917,0.25096324
165,866,0.3826051,0.058779903,0.31062785,0.13407663,0.18009433,0.03449495,-0.23558897,0.41229275,-0.61600304,-0.034893528,0.23714578,0.08575457,-0.07339381,0.42675692,0.686362,-0.36429188
165,887,0.0016902685,-0.2708385,-0.8148549,-0.23708546,-0.30775163,0.357934,0.14347307,-0.22831467,0.3183791,0.4489195,-0.051506102,-0.295991,0.3948934,-0.38004747,-0.274895,-0.35660756
165,891,-0.25935954,0.42095876,0.49161327,0.31193605,-0.0012087673,0.10676795,-0.035086244,0.009687468,-0.10249746,-0.21151337,0.14072435,0.16214779,-0.081081316,-0.15642914,0.117222175,0.21402779
165,898,0.017503306,-0.25304574,-0.7900167,-0.22675222,-0.3010334,0.3182677,0.1405492,-0.21694946,0.31665283,0.4505501,-0.015332788,-0.31327784,0.40549698,-0.38863745,-0.28545213,-0.38342035
165,900,0.30443954,0.09699987,0.3408068,0.1695464,0.027189672,0.11777359,-0.33584857,0.3851034,-0.6064105,-0.069979206,0.210323,0.09371787,0.050991282,0.3741454,0.578815,-0.47095838
165,905,-0.5440078,0.44274992,0.5724038,0.57224613,-0.31432104,0.5013191,0.050033495,-0.17019215,-0.3425799,-0.34700072,0.11050098,0.032015085,-0.2507764,-0.071874574,0.19428365,0.20395693
165,922,-0.266782,-0.51521987,-1.1012168,-0.36629215,-0.40842876,0.909857,0.17763142,-0.41009662,0.29471293,0.3726371,-0.59630746,-0.019417599,0.20135808,-0.19059286,-0.08696374,0.07433197
165,928,-0.3042499,0.43363374,0.5203652,0.37146932,-0.05401089,0.16871296,-0.013947174,-0.016920626,-0.16038726,-0.23678517,0.15946147,0.1250242,-0.13072462,-0.13684386,0.14320423,0.19395146
165,941,0.29914266,-0.17830457,-0.1874933,-0.034846045,-0.19126393,0.017075986,-0.18062542,0.14153318,-0.15804572,0.1534683,0.11170376,-0.18205953,0.16339427,0.128287,0.006637886,-0.6065223
165,945,-0.16246933,0.45491493,-0.019470155,-0.24788731,0.7569262,-0.18268092,0.45060217,-0.043111414,0.78938854,-0.012236387,0.0032806844,0.46471417,-0.24760269,-0.6078672,-0.15366301,1.2756302
165,947,0.1428124,0.37437576,-0.045943543,-0.032282032,0.7285588,-0.097828,0.7017069,0.009463154,0.3159445,0.11025412,0.4612016,-0.056032427,-0.7519085,-0.28604838,0.29958087,0.8127599
165,966,-0.20494026,-0.8263493,-0.47283417,-0.25880137,-0.22032976,0.05473903,0.0046612173,-0.40316275,-0.3099017,-0.11514133,-0.94783366,0.0019782484,-0.10604869,0.8037006,0.06354543,0.11705884
165,969,0.4502131,0.22615173,0.110756315,0.049896486,-0.044994384,-0.48214012,-0.25480998,0.33630723,0.01576887,0.28014022,0.6775563,-0.36357445,0.5192795,-0.31967002,-0.22559854,-0.92841196
165,972,-0.5560903,0.5088834,0.49919593,0.39129397,0.014019132,0.24251519,0.15711175,-0.21596724,0.06596281,-0.32738173,0.062034875,0.19910216,-0.1988888,-0.33099362,-0.043628797,0.5989623
165,980,0.53345895,-0.013286009,0.26578593,0.03840859,0.32270774,-0.10825991,-0.2258166,0.49186698,-0.6096897,0.010822147,0.25439098,0.09734869,-0.09589599,0.5042532,0.7457875,-0.375391
165,984,0.3790222,0.096602805,0.2787559,0.03865588,-0.03180462,-1.0761298,-0.01284574,0.12108168,0.29717287,0.08200058,0.62445414,-0.4759149,0.10359451,-0.21952975,-0.75907063,-0.7047256
165,987,-0.14254323,-0.4920501,-1.0260614,-0.32671526,-0.4067585,0.940924,0.047935903,-0.26195765,0.17069632,0.366486,-0.5203861,0.0009791553,0.27727544,-0.13812876,0.028038457,-0.084776044
165,990,0.2892889,-0.21172322,-0.42577976,-0.14750993,-0.17450687,-0.17844376,-0.05409804,-0.011092633,0.063803256,0.3609421,0.20365264,-0.41040492,0.4372273,-0.15096074,-0.22901702,-0.7203419
165,995,0.26503858,-0.15279083,-0.30010188,-0.11923208,-0.15355366,-0.4365409,0.019814745,-0.07802877,0.14409035,0.3260435,0.29399556,-0.50416934,0.35270607,-0.17812096,-0.39780042,-0.6927589
165,998,-0.42070854,0.444005,0.49004096,0.24757901,0.004109487,0.117012575,-0.08337393,-0.062213987,0.12729856,-0.27819943,-0.054602206,0.35051328,0.06957205,-0.31267253,-0.10621798,0.47277632
165,999,0.3179108,0.07135179,0.36912674,0.05072506,-0.049496345,-1.2097744,0.041286573,0.04813894,0.35127816,-0.005807951,0.56082296,-0.47359082,-0.054014042,-0.14633444,-0.871374,-0.58925784
165,1011,-0.1164844,-0.4798388,-1.0079662,-0.3267174,-0.38599545,0.85764456,0.05822517,-0.2582601,0.18438777,0.3797867,-0.480097,-0.036412984,0.2953778,-0.15323523,-0.0024826825,-0.116316915
165,1033,-0.2928197,-0.46103644,-1.0419462,-0.34604424,-0.37794632,0.7192055,0.25930476,-0.47073093,0.37104848,0.37649918,-0.51065826,-0.10313365,0.17090802,-0.24662903,-0.20464286,0.092743486
165,1034,0.02320847,-0.48277736,-0.7340299,-0.24963981,-0.24972966,0.44216365,-0.01632692,-0.15975669,-0.029603377,0.27262533,-0.3904547,-0.09652097,0.2876207,0.09525582,0.073219396,-0.24270838
165,1039,0.449222,0.111094296,0.011515677,0.0074692518,-0.08102087,-0.4413538,-0.20730026,0.25623283,-0.009323567,0.29166356,0.5895017,-0.4023878,0.47647583,-0.24228966,-0.23105377,-0.93284273
165,1052,0.44726744,0.10634871,-0.0123658925,0.004095778,-0.09755479,-0.34494776,-0.24099252,0.26867616,-0.059554823,0.30617353,0.56549203,-0.38294095,0.52052104,-0.22894096,-0.1527965,-0.9519659
165,1073,-0.34517133,-0.4034785,-1.002393,-0.32371116,-0.33493793,0.40780067,0.42831331,-0.6019409,0.5319464,0.39703673,-0.36978817,-0.2677991,0.11062193,-0.3640195,-0.45776066,0.102855414
165,1087,0.4430744,0.2343399,0.12013944,0.054322742,-0.04485275,-0.48749673,-0.25092185,0.333103,0.02137132,0.2765027,0.6793544,-0.36246458,0.51268744,-0.32254377,-0.2275827,-0.91242445
165,1099,0.35905823,0.09230858,0.33634418,0.04744426,-0.029036596,-1.1943572,0.02440831,0.090861596,0.35033575,0.034697592,0.62161183,-0.4867409,0.01791428,-0.20251365,-0.8593128,-0.65841496
165,1106,0.26412046,-0.0681044,0.4280871,-0.5920085,0.27652013,-0.3818648,-1.0606191,0.7941364,0.6071329,-0.25768992,-0.8771528,1.4127595,0.7405702,0.030434564,-0.40218583,0.5385808
165,1130,-0.31776714,-0.17441817,-0.64117014,-0.15975323,-0.19881351,-0.3872245,0.6580358,-0.7103671,0.69436276,0.36321187,0.07382704,-0.60579675,-0.06559922,-0.49538392,-0.88792884,-0.0065518618
165,1135,0.6655512,0.112715796,-0.12562814,-0.5497981,0.8382702,-0.46277797,0.06302644,0.56860673,0.5409124,0.22353585,0.08730696,0.4851243,-0.23798998,-0.114984095,0.1861307,0.60246694
165,1141,-0.6543728,0.47695708,0.6542871,0.6517918,-0.4246538,0.58831406,-0.0027172565,-0.19869393,-0.3951714,-0.41796178,0.06763679,0.06256352,-0.22597755,-0.0701911,0.16704577,0.18480822
165,1144,-0.48494047,0.48445618,0.2909854,0.37028706,0.22006577,0.24242379,0.5390856,-0.3344565,0.1337161,-0.20464331,0.2537415,-0.052807726,-0.5218876,-0.3665936,0.058155656,0.7865193
165,1160,-0.67586136,-0.95316756,0.23866561,-0.13355994,-0.532881,-0.9770198,0.14510186,-0.94503176,-0.2629,-0.70735234,-1.260962,-0.23412552,-0.80258125,1.4587154,-0.72281635,0.41783974
165,1162,0.59379005,-0.3602656,-0.12625885,-0.057068445,0.44721165,-0.023318019,-0.07402389,0.39484978,-0.6376603,0.052616917,0.11646823,-0.08632496,-0.05024518,0.60556,0.7914245,-0.32921302
165,1163,0.38714677,0.098256946,0.22165555,0.034544062,-0.046715103,-0.9276797,-0.054057226,0.14662567,0.22804174,0.122955926,0.60574377,-0.45378894,0.17504328,-0.21710677,-0.6371536,-0.7382605
165,1168,0.429846,0.32977802,0.2158429,0.11476516,-0.05178342,-0.49718434,-0.30215836,0.39406833,0.03012763,0.24335828,0.7654231,-0.3381148,0.5519529,-0.38806212,-0.25029385,-0.9464017
165,1176,0.9364976,0.17585298,-0.39817482,-0.52822906,1.1742013,-0.5256174,0.65938014,0.49937686,0.464345,0.47035465,0.6188365,-0.0049774647,-0.82488614,-0.1075315,0.5447416,0.6231872
165,1179,-0.29764423,0.40879208,0.5856743,0.4487573,-0.3566902,0.32998538,-0.30195338,0.061479516,-0.39638352,-0.27487266,0.11911778,0.11500913,0.10778296,-0.012334343,0.18082984,-0.20893605
165,1192,0.44654915,0.33200273,0.20714208,0.10037878,-0.02302353,-0.57077426,-0.27585804,0.3906472,0.07496089,0.26036224,0.79131615,-0.3604995,0.54429305,-0.415367,-0.29597363,-0.94328356
165,1198,-0.064673275,-0.65402377,-0.62481195,-0.25818887,-0.20219696,0.28078645,-0.013843164,-0.2550425,-0.19200723,0.09585292,-0.66650814,-0.027078167,0.11268376,0.44740435,0.1278021,-0.059911102
165,1201,-0.13753349,-0.5180877,-1.0767556,-0.3476609,-0.40572715,0.93754596,0.0659575,-0.27691993,0.19680831,0.38791934,-0.52739865,-0.017863661,0.29568553,-0.15819615,-0.0022284985,-0.102045074
165,1210,0.29206452,-0.2666993,-0.48238343,-0.14681002,-0.20722061,0.09995964,-0.1320844,0.049607985,-0.068978556,0.33566326,0.079078555,-0.2869325,0.42021745,-0.035702724,-0.01946485,-0.6884279
165,1217,0.018603668,-0.23882835,-0.7528879,-0.21495494,-0.2961561,0.31075597,0.12739713,-0.2058264,0.29547313,0.43586472,-0.015949726,-0.3011564,0.39109457,-0.3666083,-0.2605984,-0.36962384
165,1220,-0.5659329,0.5360323,0.3283326,0.39845058,0.2782752,0.2606855,0.60244143,-0.37476066,0.18074003,-0.25790215,0.24647786,-0.0058273226,-0.59183913,-0.4200073,0.03163126,0.9261035
165,1224,-0.54561937,0.5264649,0.32607973,0.3876101,0.26576397,0.24700658,0.5724317,-0.35796565,0.1735918,-0.24752545,0.24186671,-0.0038164407,-0.55994225,-0.40939978,0.03177297,0.8896384
165,1243,-0.3435052,-0.30345327,-0.86068326,-0.26102337,-0.2776506,0.044983342,0.5410589,-0.66604555,0.6235392,0.392156,-0.1687386,-0.43008763,0.05461119,-0.44025853,-0.66248035,0.05315554
165,1245,0.228834,-0.11823748,0.50686,-0.66562396,0.24026862,-0.3886304,-1.2873926,0.8831537,0.6946883,-0.342003,-1.1100239,1.6670022,0.9223981,0.03807815,-0.529771,0.60626745
165,1248,0.70521045,-0.6544171,-0.19283941,-0.21334842,0.8298191,-0.26721525,0.14026184,0.3912511,-0.739707,-0.0624654,-0.10170299,-0.027853042,-0.49521285,1.0545051,1.0447166,0.095154315
165,1255,0.38714677,0.098256946,0.22165555,0.034544062,-0.046715118,-0.9276798,-0.054057226,0.14662567,0.22804177,0.12295592,0.60574377,-0.45378894,0.17504327,-0.21710676,-0.6371535,-0.7382605
165,1260,0.43691063,0.03415727,0.30441612,0.09998123,0.19548407,0.0039421916,-0.28590518,0.4562582,-0.63080966,-0.03217013,0.23151073,0.10750803,-0.030873194,0.46132928,0.6894672,-0.43196636
165,1261,-0.095852256,-0.45123863,-0.95848525,-0.31306827,-0.36758536,0.7819173,0.056674883,-0.24555364,0.18093196,0.37853414,-0.4370581,-0.059516087,0.30070657,-0.15547225,-0.012496516,-0.13512032
165,1270,-0.587312,0.50512165,0.46500558,0.4752151,-0.006705016,0.33310837,0.31283313,-0.30127546,-0.008156985,-0.31491107,0.16024905,0.035548553,-0.37170392,-0.30498475,0.031566694,0.6049001
165,1289,-0.6852528,-0.85337853,0.37442097,-0.08229139,-0.6162509,-1.1036748,0.1462007,-0.9630848,-0.17766304,-0.7278412,-1.1239653,-0.32511917,-0.85480493,1.3885633,-0.8923297,0.34253958
165,1308,-0.24976131,0.30915993,0.48037413,0.47084627,-0.39211693,0.54326177,-0.25297153,0.05361058,-0.5500852,-0.24922147,0.108749025,0.0554246,-0.004715249,0.121003196,0.356797,-0.24885058
165,1310,0.067818105,0.21626918,0.42643052,0.2982557,-0.11948348,0.23994066,-0.29034206,0.25132483,-0.5597006,-0.14479762,0.18242243,0.08765033,0.021671101,0.23819211,0.4719857,-0.35110626
165,1314,-0.17789343,0.29666784,0.4807082,0.43831667,-0.33859184,0.48172402,-0.28372484,0.108885065,-0.56744826,-0.23317552,0.1263974,0.07338363,0.018098325,0.1477526,0.38365605,-0.2987329
165,1318,-0.3451714,-0.4034785,-1.0023931,-0.3237112,-0.33493793,0.40780067,0.42831343,-0.601941,0.5319463,0.39703673,-0.36978817,-0.26779908,0.110621914,-0.3640195,-0.45776072,0.102855414
165,1323,-0.3178498,-0.25658262,-0.76962084,-0.22518057,-0.2562563,-0.049453907,0.5304498,-0.64091265,0.60087657,0.37530565,-0.103435725,-0.45391035,0.04204355,-0.4269467,-0.6627555,0.027233332
165,1326,-0.46557468,0.4390977,0.5466875,0.5165738,-0.2108014,0.4112987,0.07196359,-0.12916428,-0.2958766,-0.31269318,0.14501543,0.044255078,-0.26499283,-0.08643462,0.20517705,0.22435817
165,1337,0.40249538,0.30624145,0.21824625,0.13323943,-0.09916506,-0.36226195,-0.33849114,0.39164153,-0.054952197,0.21201974,0.6993921,-0.29649314,0.54260004,-0.31804833,-0.16265425,-0.93919766
165,1338,-0.29364592,-0.06861073,-0.48505723,-0.08187466,-0.1595635,-0.5860821,0.7063726,-0.7018157,0.7149606,0.3383889,0.22136444,-0.6749033,-0.15022998,-0.5335086,-0.98689044,-0.031777173
165,1340,0.40561825,0.1155055,0.1323269,0.09725538,-0.026764333,-0.14747755,-0.31134266,0.37292925,-0.27594212,0.147805,0.46859813,-0.20007953,0.39526746,-0.021168917,0.14870077,-0.77542794
165,1343,0.7633467,0.23547614,-0.3298644,-0.42464593,1.1271034,-0.44997793,0.70941216,0.38451934,0.46068755,0.39587057,0.6036419,-0.015824363,-0.84717053,-0.16489258,0.49290708,0.71708786
165,1350,-0.3620746,0.4708948,0.66359687,0.48058167,-0.3718857,0.29505563,-0.33048218,0.05476097,-0.36832744,-0.32380658,0.11503798,0.1570189,0.13854969,-0.06719211,0.114406526,-0.19344774
165,1359,0.0074025393,-0.25113893,-0.77654386,-0.22335911,-0.30155784,0.33400828,0.13471417,-0.21705902,0.3045125,0.4388835,-0.034536034,-0.2955554,0.387891,-0.37020683,-0.26414388,-0.3567491
165,1360,-0.5700453,0.50804013,0.48050317,0.449681,0.0033615828,0.2927264,0.25509822,-0.26894498,0.011683419,-0.31551456,0.13545528,0.08538368,-0.31005383,-0.31056863,0.010632262,0.5911653
165,1376,-0.048091963,0.26377338,0.4364337,0.4081655,-0.4221388,0.54078627,-0.44588476,0.2079969,-0.62832296,-0.1786488,0.1862882,0.042908177,0.22254606,0.16617161,0.3771109,-0.58488846
165,1377,0.31790924,0.0893768,0.350461,0.180676,0.13096276,0.10013494,-0.2497108,0.3914763,-0.63872886,-0.07788554,0.2236441,0.10417777,-0.07665311,0.412985,0.674535,-0.360829
165,1378,0.2223629,-0.10015553,0.49525723,-0.6375087,0.2385597,-0.38260013,-1.2282941,0.84927523,0.6638601,-0.32933643,-1.0504966,1.5992696,0.87661046,0.039329287,-0.50028396,0.58786464
165,1382,0.43356305,0.11065373,0.04546839,0.015997577,-0.07618827,-0.5121167,-0.17859171,0.2363427,0.027095094,0.2618376,0.5855502,-0.40606064,0.41884503,-0.23483774,-0.28829905,-0.8836825
165,1395,0.29698944,-0.10624081,0.19257739,0.097713016,0.08933914,0.08969864,-0.25326678,0.312851,-0.5899509,-0.08740458,0.06786129,0.04361187,0.006257698,0.4827765,0.5494944,-0.3583287
165,1401,-0.37042677,0.41531503,0.50296456,0.17934096,-0.0012654811,0.06565501,-0.21595713,0.020528063,0.16736066,-0.2705787,-0.13304058,0.45577532,0.21091586,-0.31110185,-0.1503441,0.43172136
165,1402,0.0057936013,-0.25434524,-0.7731868,-0.2237772,-0.3007964,0.33886367,0.13090657,-0.2165294,0.2974411,0.4346379,-0.04483235,-0.2890352,0.3825253,-0.35930076,-0.25415292,-0.34868044
165,1410,0.19690567,-0.14160876,-0.15078866,-0.08113993,-0.17901254,-0.6297761,0.070186004,-0.16713491,0.17801002,0.22938086,0.2865521,-0.55466735,0.19248804,-0.09928577,-0.5346643,-0.6148624
165,1411,0.35905826,0.09230858,0.33634418,0.047444258,-0.029036596,-1.1943572,0.02440831,0.090861596,0.35033575,0.034697592,0.62161183,-0.4867409,0.01791431,-0.20251366,-0.8593128,-0.65841496
165,1417,0.47417116,-0.08481428,0.026314773,0.03366839,0.15734392,-0.082754515,-0.22093312,0.37694895,-0.43195826,0.10456717,0.31056276,-0.14848866,0.21758538,0.24419674,0.41662484,-0.5929151
165,1421,0.06509541,0.0722962,0.33225474,-0.5377722,0.3345274,-0.2985327,-0.7780507,0.56513995,0.729951,-0.23844829,-0.79574025,1.2942495,0.64504194,-0.20660308,-0.44775674,0.7845119
165,1426,0.6658553,-0.5243653,-0.21554652,-0.12265476,0.64550316,-0.043311547,0.0384178,0.39733502,-0.7272184,0.023290291,0.0030242652,-0.056709938,-0.23757584,0.81785953,0.9946841,-0.13086686
165,1427,0.06697102,0.15885326,0.36632997,0.30947754,-0.27660218,0.39023453,-0.40013433,0.24826485,-0.6001761,-0.14276418,0.16798495,0.036044493,0.18549907,0.24433535,0.40658358,-0.5438
165,1439,0.01464887,0.23913643,0.4169102,0.3566001,-0.34119874,0.44205582,-0.42847407,0.23826712,-0.60840356,-0.15072462,0.18729138,0.052503765,0.2029415,0.19264613,0.39814913,-0.5635139
165,1450,-0.30907068,0.3848611,0.5099722,0.10992988,0.0030763,0.014796093,-0.33446637,0.105763026,0.2016187,-0.2577425,-0.2001361,0.55171037,0.33100113,-0.3032137,-0.18054861,0.38999525
165,1457,-0.6099235,0.4699958,0.6519732,0.6207518,-0.41700423,0.5316514,-0.051190868,-0.16281655,-0.38192645,-0.39686197,0.06875661,0.07584944,-0.16701673,-0.0712903,0.15223932,0.13474444
165,1460,-0.18822756,-0.5366807,-1.065065,-0.3392721,-0.43551192,1.1020732,0.021730006,-0.27004537,0.12748197,0.33655035,-0.6370038,0.08541992,0.23219381,-0.07378805,0.112828314,-0.0041145682
165,1474,-0.6194462,0.4788766,0.6745845,0.6350903,-0.41240886,0.5456251,-0.054062754,-0.15455395,-0.40222666,-0.41606343,0.06678946,0.09454414,-0.18445368,-0.06250568,0.16855985,0.14052612
165,1476,0.28522962,-0.18360846,-0.38490617,-0.13849038,-0.1617416,-0.27022845,-0.028777778,-0.028952852,0.093351245,0.35640973,0.24523011,-0.44364116,0.42077354,-0.17210357,-0.28489214,-0.71531755
165,1488,0.6607685,-0.6036012,-0.1501759,-0.1984559,0.7533822,-0.27643377,0.10644944,0.37306884,-0.6993097,-0.06360638,-0.0960342,-0.024957955,-0.45848948,1.0026302,0.96500087,0.06821093
165,1489,0.4120902,0.12453845,0.13729863,0.09787482,-0.021906227,-0.17082316,-0.31128424,0.37935382,-0.26142383,0.15045033,0.48674524,-0.20569682,0.4020202,-0.038324453,0.12734559,-0.7872293
165,1497,0.30692992,-0.062996164,0.39032787,-0.609839,0.33562437,-0.4020158,-0.9976953,0.7992922,0.6229553,-0.22838035,-0.8284433,1.3813825,0.67428935,0.025003409,-0.36989495,0.5624794
165,1499,-0.22746205,-0.54260814,-1.1085031,-0.36855704,-0.42433324,1.0390078,0.092750385,-0.3386198,0.20956153,0.36107758,-0.6464812,0.048335165,0.2262967,-0.12851804,0.027815133,0.04649195
165,1500,-0.55825436,0.5110888,0.40662178,0.45688924,0.12971911,0.3218491,0.47240424,-0.32544112,0.036903337,-0.29009816,0.22705615,-0.0055449456,-0.5269625,-0.3303672,0.0786833,0.7355503
165,1507,0.8494759,0.21375123,-0.3688053,-0.4726977,1.1775622,-0.49109286,0.71605927,0.4345847,0.47129753,0.43415362,0.6289776,-0.019470721,-0.8714009,-0.14186737,0.5266725,0.69872236
165,1508,0.0057936013,-0.25434518,-0.7731868,-0.2237772,-0.3007964,0.33886367,0.13090657,-0.2165294,0.2974411,0.4346379,-0.04483235,-0.2890352,0.3825253,-0.35930076,-0.25415292,-0.34868044
165,1512,-0.33399498,0.44199097,0.53242505,0.3953068,-0.0642324,0.20213042,0.0049268603,-0.03335455,-0.17580482,-0.2557028,0.15797368,0.123057574,-0.16085373,-0.13495548,0.15158446,0.21504322
165,1515,-0.14494002,0.30478215,0.52828044,-0.07786416,0.0074255615,-0.12702192,-0.6577718,0.3306415,0.29273394,-0.2223221,-0.38099462,0.8074437,0.66421306,-0.28183147,-0.26542798,0.26837543
165,1523,0.41268027,0.043229155,0.3129554,0.12198756,0.215312,0.018399984,-0.2378977,0.436088,-0.63419306,-0.039917693,0.23793988,0.10111281,-0.08943774,0.45766568,0.71512663,-0.36726883
165,1534,0.32429588,0.08825609,0.3280331,0.15088186,0.0495504,0.08281118,-0.3252606,0.3889408,-0.59000933,-0.054644555,0.21345532,0.08775899,0.048703074,0.37477574,0.57770675,-0.46177647
165,1539,-0.6382681,0.46795642,0.63858575,0.64043957,-0.42034033,0.57877654,-0.000567317,-0.19657016,-0.39007747,-0.40381145,0.07140368,0.05218017,-0.2202694,-0.068225294,0.1683996,0.1769382
165,1548,0.33907595,0.082283355,0.36558828,0.050058857,-0.034928024,-1.2555834,0.04938519,0.060082376,0.37633434,0.006136462,0.6045007,-0.49443182,-0.041910633,-0.17933501,-0.9132527,-0.6243309
165,1554,0.42964405,0.32977632,0.21395195,0.11091136,-0.044862196,-0.51159203,-0.29356527,0.38971007,0.040044844,0.24653587,0.76442486,-0.3402754,0.54479504,-0.39016762,-0.25463346,-0.93301165
165,1559,-0.53174126,0.51441425,0.34622383,0.36843815,0.21622822,0.21445458,0.4661106,-0.32490963,0.1693995,-0.24477428,0.19937728,0.035734743,-0.44180512,-0.399211,-0.0016105026,0.8132764
165,1564,-0.09313956,0.2708282,0.5231016,-0.1175826,-0.014788359,-0.1496376,-0.7363598,0.3843465,0.292608,-0.20218429,-0.41558588,0.83944386,0.7445129,-0.25982404,-0.2731554,0.20285234
165,1581,-0.23828587,0.41064495,0.47035322,0.32021025,-0.0023298413,0.11341277,-0.0040217787,0.0028495193,-0.12587225,-0.19082677,0.17493342,0.110571384,-0.11499049,-0.14000203,0.14636229,0.18926468
165,1604,-0.18822762,-0.5366807,-1.065065,-0.3392721,-0.43551186,1.1020733,0.021729976,-0.27004537,0.127482,0.33655035,-0.63700384,0.08541992,0.2321938,-0.07378805,0.11282832,-0.0041145682
165,1605,0.6088205,-0.39810073,-0.14753905,-0.06773736,0.48573413,-0.009483069,-0.05353965,0.3965056,-0.66848123,0.04552052,0.0887703,-0.07753225,-0.088140324,0.65645915,0.84695566,-0.29155326
165,1608,-0.1806069,-0.5207125,-1.0320644,-0.3281403,-0.4293343,1.0794467,0.012664154,-0.25866026,0.114136964,0.3285833,-0.62212706,0.08502108,0.2284806,-0.064096525,0.12309107,-0.0070881844
165,1610,0.013444051,-0.26083148,-0.80469495,-0.23238248,-0.3034261,0.330594,0.14412002,-0.22206628,0.3216213,0.45351708,-0.025579482,-0.31090945,0.40553492,-0.3907361,-0.28728306,-0.3786325
165,1625,-0.3229277,0.44598013,0.53179723,0.38127694,-0.040011346,0.17614914,0.0036066025,-0.025722727,-0.15447661,-0.25129703,0.16055205,0.13473633,-0.15373836,-0.14686048,0.14181119,0.2256374
165,1627,0.5231792,-0.2117363,-0.0408282,-0.010003924,0.2835383,-0.05841655,-0.15588568,0.3805961,-0.5224196,0.0780826,0.21247713,-0.11632925,0.09413473,0.41177922,0.58120465,-0.4667675
165,1644,0.41268027,0.043229155,0.3129554,0.12198755,0.215312,0.018399984,-0.2378977,0.43608797,-0.634193,-0.039917693,0.23793988,0.10111281,-0.08943771,0.45766568,0.71512663,-0.36726883
165,1647,-0.55825436,0.51108885,0.40662175,0.45688924,0.12971911,0.3218491,0.47240424,-0.3254411,0.03690332,-0.2900981,0.22705615,-0.0055449307,-0.52696246,-0.33036727,0.0786833,0.7355503
165,1648,0.7195479,-0.67579967,-0.21301144,-0.21910307,0.8573359,-0.26489252,0.15819953,0.39205548,-0.7511548,-0.06176974,-0.10527629,-0.03498864,-0.5099725,1.0726855,1.0720103,0.111534804
165,1656,0.29233283,-0.25060505,-0.36818546,-0.06808867,-0.23602547,0.38420004,-0.2511772,0.16953555,-0.2881277,0.21658124,-0.022244915,-0.09760368,0.26852947,0.17939888,0.26224914,-0.6102099
165,1657,0.2892889,-0.21172328,-0.4257797,-0.1475099,-0.17450687,-0.17844376,-0.05409801,-0.011092633,0.063803256,0.36094207,0.20365264,-0.41040492,0.4372273,-0.15096073,-0.22901705,-0.72034186
165,1671,-0.3465572,-0.34234393,-0.9223106,-0.28769177,-0.29472357,0.14836644,0.5197262,-0.65783024,0.6113826,0.40095997,-0.23066121,-0.39003593,0.07263367,-0.429713,-0.62267756,0.06522742
165,1706,-0.24976128,0.30915993,0.48037416,0.47084627,-0.39211693,0.54326177,-0.25297153,0.05361058,-0.5500852,-0.24922147,0.10874902,0.0554246,-0.004715219,0.121003196,0.35679698,-0.24885057
165,1710,-0.31000924,0.43471748,0.6131493,0.4480583,-0.35619688,0.2848044,-0.32237357,0.065182835,-0.36793298,-0.2838148,0.12208975,0.1300464,0.14224415,-0.04509457,0.13820088,-0.21314839
165,1725,-0.3465572,-0.342344,-0.9223106,-0.28769177,-0.29472357,0.14836644,0.5197262,-0.6578301,0.6113827,0.40095997,-0.23066124,-0.39003593,0.072633624,-0.429713,-0.62267756,0.06522736
165,1732,0.01156944,0.23205182,0.458741,0.34531412,-0.15374978,0.32352233,-0.2898679,0.2332227,-0.60184944,-0.18965733,0.16625321,0.107171714,-0.01195313,0.2489052,0.49130753,-0.3339617
165,1735,0.6511801,-0.5000038,-0.20622608,-0.1126282,0.61440206,-0.03186709,0.024366185,0.3918752,-0.7137592,0.03140083,0.012553841,-0.057867594,-0.20989127,0.78560907,0.97143674,-0.15107046
165,1738,-0.20690566,-0.5400603,-1.0785923,-0.3521748,-0.42882985,1.0816125,0.048243552,-0.29746503,0.15641344,0.34326047,-0.65228856,0.07843247,0.2232555,-0.08754489,0.088580556,0.030400068
165,1740,0.28008014,-0.15491246,-0.332104,-0.12676123,-0.14866856,-0.38172758,0.0017842054,-0.0525648,0.12845409,0.34612375,0.2896896,-0.4844836,0.39076543,-0.18961704,-0.3546115,-0.70771605
165,1746,-0.22520283,-0.55978775,-1.1287956,-0.37100005,-0.43587044,1.1030889,0.07275091,-0.32433486,0.18915007,0.35806593,-0.6720661,0.07353118,0.22682665,-0.11236532,0.059902027,0.0442428
165,1748,-0.62406385,0.4778725,0.66651005,0.63219255,-0.42018807,0.54307616,-0.051790386,-0.1641688,-0.38988113,-0.41053826,0.06577051,0.08538249,-0.17546491,-0.07072726,0.15480207,0.1418384
165,1749,-0.01271829,0.18187085,0.20615275,-0.40709025,0.34358892,-0.22476232,-0.42749262,0.34070274,0.6671376,-0.13356984,-0.5177812,0.9332965,0.44119984,-0.32518336,-0.33709094,0.77857125
165,1753,-0.5772153,-0.5534162,0.51827306,0.0056243613,-0.6945735,-1.305129,0.18605216,-0.9110644,0.08816117,-0.6143017,-0.6314634,-0.55633247,-0.8226058,1.0053418,-1.2038906,0.08458564
165,1811,-0.27749643,-0.5663012,-1.1788982,-0.3934696,-0.42947498,1.0153826,0.16806103,-0.41534498,0.28998193,0.38083673,-0.6618295,0.012812942,0.20988145,-0.17958528,-0.062176824,0.083619565
165,1816,0.16287558,0.057725407,0.2924762,0.2191504,-0.1336296,0.25765747,-0.3395372,0.27183238,-0.5803635,-0.10963225,0.1349408,0.030807674,0.121880844,0.32696435,0.45237625,-0.4710449
165,1819,0.4433368,0.3092798,0.18716577,0.09059848,-0.027570248,-0.55830455,-0.26279387,0.37204647,0.06937344,0.2633423,0.763879,-0.36339772,0.5291466,-0.39534178,-0.28639764,-0.92370856
165,1821,0.2860414,-0.21408983,-0.42186153,-0.13777477,-0.18854603,-0.05715088,-0.0966752,0.023557127,0.002306074,0.34449905,0.1529888,-0.34663516,0.43021202,-0.10219501,-0.12088391,-0.687842
165,1831,-0.110913545,-0.47472185,-1.0014237,-0.32536414,-0.38153356,0.8372599,0.060680404,-0.2570973,0.18786412,0.3824374,-0.46810603,-0.045439452,0.29948485,-0.1581572,-0.010392547,-0.12398982
165,1849,0.7572542,-0.73083854,-0.28666884,-0.2280387,0.9268216,-0.23745196,0.21585642,0.3852082,-0.78264713,-0.045827,-0.10697827,-0.070461445,-0.53407866,1.105792,1.1584471,0.15153286
165,1855,-0.48621696,0.49250495,0.34322032,0.3390984,0.18482903,0.17584579,0.38386983,-0.28352937,0.15875205,-0.2211087,0.18054228,0.049779058,-0.350482,-0.37778506,-0.010249183,0.7271724
165,1880,0.29133952,-0.32240683,-0.5092269,-0.11224214,-0.26181945,0.5687956,-0.27897334,0.17168221,-0.32772914,0.26477528,-0.11120802,-0.062442645,0.35398307,0.18509807,0.36330545,-0.62432235
165,1881,-0.49935472,0.44967526,0.5634735,0.5396388,-0.22645654,0.44171244,0.080451235,-0.14504883,-0.30615678,-0.33352453,0.13812155,0.048704475,-0.28248388,-0.0883573,0.20451578,0.24265578
165,1883,-0.26999164,0.3767348,0.5589566,0.44980678,-0.35171822,0.38571727,-0.2931024,0.07271725,-0.44803694,-0.26800472,0.11787317,0.1078012,0.07312603,0.03739935,0.24462894,-0.22499116
165,1887,0.101564035,0.12398317,0.33968985,0.2780254,-0.2272031,0.3466357,-0.3795269,0.25716573,-0.5950059,-0.13046587,0.15685731,0.03429146,0.16320994,0.2737042,0.4251812,-0.5196909
165,1904,0.008928508,-0.24855863,-0.7564058,-0.2186467,-0.2990142,0.33587933,0.12218298,-0.20892042,0.28564316,0.42835578,-0.043904454,-0.2837212,0.37954873,-0.348662,-0.24159771,-0.34692046
165,1915,-0.49230647,-0.50510764,0.46485353,-0.0016981736,-0.6437602,-1.3184934,0.20343862,-0.857339,0.1432127,-0.52831453,-0.49570036,-0.6022146,-0.7473298,0.8698917,-1.2205833,-0.010554105
165,1943,-0.66685224,-0.9712938,0.1560593,-0.1515339,-0.49130166,-0.75333005,0.071964905,-0.8676611,-0.39377385,-0.6774965,-1.360892,-0.1074866,-0.6863247,1.499976,-0.4696193,0.4652203
165,1944,-0.5180032,0.4109683,0.59875727,0.59281605,-0.3738076,0.573686,-0.039012656,-0.11474243,-0.45512974,-0.36557245,0.08039418,0.06427416,-0.22296904,0.015305948,0.2707468,0.102493584
165,1948,0.31710708,0.006417811,0.22825181,0.023082096,-0.08530099,-0.9236795,-0.013611823,0.06614809,0.2350271,0.043007486,0.45093614,-0.41265437,0.015376404,-0.086936176,-0.66642606,-0.60699797
165,1950,0.5328994,-0.4319545,-0.0021445602,-0.123932384,0.5145631,-0.22937919,-0.04041095,0.35566396,-0.62675214,-0.07669783,-0.06305009,0.02180937,-0.3002959,0.8323478,0.7606714,-0.08102155
165,1954,-0.302914,-0.51434517,-1.1203198,-0.373529,-0.4014338,0.8427327,0.24168445,-0.47012672,0.35769758,0.38218603,-0.5848816,-0.060633697,0.17890748,-0.22862388,-0.16610217,0.10488734
165,1961,-0.30800277,-0.2452944,-0.74348193,-0.21593985,-0.25113663,-0.06907097,0.5211097,-0.62926173,0.58820534,0.36945724,-0.08928087,-0.4559479,0.04120131,-0.41821676,-0.65488434,0.018660545
165,1963,0.7969189,0.23070902,-0.34830076,-0.4481767,1.1669546,-0.4696349,0.72717273,0.40373892,0.47876683,0.40822434,0.61544544,-0.009838775,-0.875395,-0.16203457,0.5049629,0.736683
165,1964,-0.0015706271,0.16459377,0.22495306,-0.43416277,0.35158876,-0.23870686,-0.48203695,0.3778394,0.68831646,-0.15277481,-0.5691263,1.0017192,0.47090173,-0.30989107,-0.35956147,0.79636395
165,1974,0.44548905,0.2692163,0.15166426,0.06756148,-0.03014645,-0.539915,-0.24828133,0.348303,0.05505462,0.2715314,0.72097135,-0.3660183,0.5139363,-0.35987395,-0.26651037,-0.90835345
165,1996,0.71810055,0.15888347,-0.23182732,-0.5239085,0.9293972,-0.45984226,0.29208094,0.5017166,0.5213578,0.316493,0.2783759,0.28727996,-0.4203449,-0.15929449,0.2968571,0.6139761
165,2004,-0.42463845,0.40877718,0.58863926,0.53641605,-0.3811177,0.49039006,-0.15668394,-0.040074363,-0.4425115,-0.32978994,0.09649043,0.081750125,-0.083148226,0.0074170884,0.24029244,-0.0422678
165,2005,0.444587,0.1503303,0.032716133,0.022741575,-0.08843275,-0.349858,-0.26731846,0.30558914,-0.05939077,0.2932427,0.59080637,-0.35607955,0.53303313,-0.24910048,-0.14304724,-0.9507047
165,2013,0.3956488,0.049267225,0.3079872,0.121988624,0.14325112,0.04636932,-0.2961415,0.4305314,-0.6263275,-0.041742116,0.22366945,0.09832722,-0.009394899,0.4363659,0.66067064,-0.4413862
165,2017,-0.5597103,-0.5459179,0.5108723,0.004788235,-0.68330336,-1.3258371,0.19626017,-0.9057801,0.10605618,-0.59932506,-0.5992134,-0.57445,-0.8152819,0.9772881,-1.2244192,0.061938465
165,2070,0.3525672,0.3288833,-0.14330956,-0.15690932,0.8754183,-0.20981821,0.7312293,0.13205181,0.35439828,0.20530495,0.5261504,-0.056509763,-0.8157074,-0.24095589,0.38254392,0.7916943
165,2075,0.41430455,0.0405655,0.295467,0.10459548,0.16437101,0.014037639,-0.2851451,0.43383262,-0.61020374,-0.02705805,0.22726397,0.0918985,-0.012106612,0.4366752,0.65952146,-0.43188894
165,2085,-0.30697227,-0.46597427,-1.056777,-0.35045004,-0.37736154,0.70316106,0.2829939,-0.49394318,0.39443675,0.38090655,-0.5107301,-0.11703223,0.16239482,-0.26010013,-0.23372537,0.10278186
165,2097,0.44654915,0.33200276,0.20714208,0.10037879,-0.023023516,-0.57077426,-0.27585804,0.3906472,0.07496092,0.26036224,0.7913161,-0.3604995,0.54429305,-0.415367,-0.2959736,-0.94328356
165,2098,-0.55971044,-0.5459179,0.51087224,0.004788235,-0.68330336,-1.3258371,0.19626014,-0.9057801,0.10605618,-0.59932506,-0.5992135,-0.57445014,-0.8152819,0.9772881,-1.2244192,0.061938524
165,2105,0.62233984,-0.56290644,-0.10734995,-0.18912873,0.688735,-0.2938022,0.07328002,0.35990778,-0.6628541,-0.07040094,-0.09798181,-0.014990225,-0.43102837,0.96436816,0.8894646,0.047579527
165,2115,-0.24913597,0.3177498,0.49275747,0.47495815,-0.3995604,0.54373145,-0.2752026,0.06363652,-0.55868423,-0.25647667,0.11006536,0.065300584,0.014829025,0.11878821,0.35238513,-0.27305964
165,2128,-0.29364595,-0.06861073,-0.48505723,-0.08187466,-0.1595635,-0.58608216,0.70637274,-0.7018157,0.71496046,0.33838892,0.22136444,-0.6749032,-0.15022995,-0.5335086,-0.98689044,-0.031777173
165,2130,0.0016902834,-0.27083856,-0.8148549,-0.23708543,-0.30775166,0.357934,0.14347304,-0.22831467,0.3183791,0.44891953,-0.051506102,-0.295991,0.39489338,-0.38004747,-0.27489504,-0.3566076
165,2135,-0.070268184,-0.41515028,-0.92202544,-0.29887852,-0.3519622,0.6893596,0.06760882,-0.2364152,0.20145658,0.3914791,-0.36268663,-0.10531618,0.3233539,-0.19231783,-0.056528077,-0.17929277
165,2139,-0.2774964,-0.5663012,-1.1788983,-0.39346957,-0.42947498,1.0153826,0.16806106,-0.41534504,0.28998193,0.38083676,-0.6618294,0.012812942,0.20988145,-0.1795853,-0.062176824,0.083619535
165,2150,0.42605448,-0.2585076,0.08627163,-0.020432092,0.30178848,-0.0712883,-0.16360405,0.34672338,-0.59152424,-0.05429402,0.007519737,0.04774925,-0.101567015,0.6211777,0.6448197,-0.24548988
165,2152,-0.49358362,0.4863885,0.37600368,0.38800943,0.14591816,0.23498334,0.39519554,-0.28276202,0.0815672,-0.24608192,0.20092481,0.024130613,-0.408031,-0.33652258,0.042119592,0.6861234
165,2165,0.211246,-0.07907227,0.47660565,-0.593386,0.2177873,-0.3635636,-1.1620986,0.80301106,0.6205231,-0.30292815,-0.9749508,1.4991822,0.8408687,0.027752005,-0.4645528,0.5424974
165,2175,-0.3101547,0.38680124,0.4949457,0.125482,-0.0026221424,0.02355741,-0.2982996,0.08293538,0.18254644,-0.24754038,-0.16948518,0.5047305,0.29756758,-0.296898,-0.16127178,0.37913093
165,2178,-0.31311804,-0.09571712,-0.53611624,-0.10267524,-0.17179029,-0.5295376,0.7102863,-0.71806717,0.72590256,0.34728307,0.17965649,-0.6591665,-0.1390085,-0.5355726,-0.97552955,-0.009870023
165,2181,0.29499477,-0.30120307,-0.5242433,-0.13268614,-0.2386603,0.3639061,-0.20247716,0.112735674,-0.19707312,0.31090802,-0.011082262,-0.17730038,0.39504093,0.062311806,0.17351884,-0.66928184
165,2182,0.45093706,0.27543098,0.15592855,0.0690036,-0.025702208,-0.5541202,-0.24973053,0.3550095,0.06260121,0.27234071,0.73403376,-0.36856812,0.5188151,-0.37046942,-0.27859005,-0.917909
165,2189,0.4130425,0.11061329,0.12692384,0.026212417,-0.06269908,-0.7040567,-0.12210286,0.19762716,0.12303823,0.19957674,0.6037117,-0.42990765,0.31428748,-0.23637447,-0.4522024,-0.81946695
165,2190,-0.25816932,-0.19111626,-0.6301558,-0.17363873,-0.22839358,-0.15173104,0.47803754,-0.5710869,0.5345943,0.3485958,-0.01720412,-0.46641967,0.04269412,-0.38902682,-0.62166715,-0.028645605
165,2210,-0.23920941,-0.547015,-1.1261324,-0.37423864,-0.42539984,1.0327015,0.1121244,-0.3571069,0.23106816,0.36709684,-0.6476723,0.038575977,0.22274877,-0.14395113,0.00396128,0.054432005
165,2211,0.30970407,-0.06645502,0.051610775,0.005927004,-0.13275968,-0.49975538,-0.08922722,0.10683461,0.053693324,0.08806636,0.3130393,-0.30910748,0.07380034,0.0074390005,-0.3641872,-0.61093813
165,2215,0.45093703,0.27543098,0.15592855,0.0690036,-0.025702208,-0.5541202,-0.24973053,0.3550095,0.06260121,0.27234071,0.73403376,-0.36856815,0.5188151,-0.3704694,-0.27859008,-0.917909
165,2219,0.054940015,-0.37475473,-0.8032769,-0.24522844,-0.31740403,0.5214592,-0.0016835183,-0.13269356,0.11715883,0.38437724,-0.20746315,-0.172374,0.3908055,-0.15735763,-0.04212749,-0.37596387
165,2230,-0.14437923,-0.4741701,-0.99639976,-0.31212687,-0.40979165,0.9474351,0.03554429,-0.25086376,0.1550326,0.35446143,-0.5107069,0.011394694,0.26888093,-0.13018721,0.044912294,-0.08023155
165,2236,-0.09390044,0.3039348,0.10827653,-0.34855726,0.5397495,-0.20680352,-0.043162167,0.17094679,0.75084317,-0.09011924,-0.31268913,0.75823826,0.14512035,-0.46605673,-0.27655944,1.0398561
165,2245,-0.40783077,0.48538542,0.6857397,0.5118138,-0.38881856,0.33381563,-0.31287548,0.03286992,-0.3791975,-0.35062253,0.10645448,0.16341475,0.10857341,-0.071986794,0.115010135,-0.1614247
165,2250,-0.6989587,-0.784837,0.47508743,-0.04626429,-0.6826621,-1.2371821,0.16796072,-0.99972415,-0.0867337,-0.74643075,-1.0132023,-0.41681492,-0.9149222,1.3301036,-1.0677336,0.28513876
165,2251,0.38902825,0.09582445,0.2322783,0.034394518,-0.043475874,-0.96386504,-0.04620169,0.1431139,0.24441388,0.11444648,0.6131741,-0.46074557,0.1619133,-0.21964285,-0.66998863,-0.7401329
165,2259,-0.31857586,0.42251158,0.60492426,0.4611738,-0.3659673,0.33611244,-0.3096403,0.057249486,-0.3962052,-0.29135665,0.11522509,0.1261999,0.11189376,-0.021722432,0.16924995,-0.20408714
165,2260,-0.6989587,-0.784837,0.47508743,-0.04626429,-0.6826621,-1.237182,0.16796072,-0.99972415,-0.0867337,-0.74643075,-1.0132022,-0.41681492,-0.9149222,1.3301038,-1.0677338,0.2851387
165,2264,-0.2533854,0.358149,0.5093044,0.053581692,0.0010397434,-0.03395181,-0.43130025,0.17167133,0.22402877,-0.23958158,-0.24612466,0.61484915,0.43684083,-0.29434872,-0.20254418,0.3396689
165,2266,0.024344653,-0.2462026,-0.77687097,-0.22284958,-0.2964181,0.29983848,0.13838015,-0.21193966,0.31363812,0.4498982,-0.004034996,-0.3187667,0.40750945,-0.38764662,-0.2861562,-0.39053074
165,2290,0.06781812,0.2162692,0.42643052,0.29825568,-0.119483486,0.23994066,-0.29034206,0.25132483,-0.5597006,-0.14479762,0.18242243,0.08765033,0.021671101,0.2381921,0.4719857,-0.35110626
165,2295,0.4114505,0.101296455,0.15474512,0.02542933,-0.05859813,-0.78459543,-0.10314688,0.18338391,0.15874004,0.17574264,0.60962903,-0.4428457,0.27555737,-0.23246446,-0.5247289,-0.8145419
165,2325,-0.302914,-0.51434517,-1.1203197,-0.373529,-0.4014338,0.8427326,0.24168448,-0.47012672,0.35769758,0.382186,-0.58488166,-0.06063369,0.17890747,-0.2286239,-0.16610226,0.10488728
165,2331,0.60882056,-0.39810067,-0.14753905,-0.06773736,0.48573413,-0.009483069,-0.053539634,0.3965056,-0.6684813,0.04552052,0.0887703,-0.077532254,-0.08814035,0.6564591,0.84695566,-0.29155326
165,2332,-0.20975068,0.3919021,0.5176343,0.17489687,0.010531485,-0.0032077208,-0.26343223,0.1256671,0.030148417,-0.2154547,-0.029329687,0.38972688,0.19046786,-0.1975859,-0.014683083,0.2108371
165,2338,-0.29764423,0.40879208,0.5856743,0.4487573,-0.35669017,0.32998538,-0.30195338,0.061479524,-0.39638352,-0.27487266,0.11911778,0.11500913,0.10778296,-0.012334343,0.18082985,-0.20893607
165,2340,0.4025449,0.31202185,0.21985698,0.13043208,-0.09232459,-0.38542098,-0.33070326,0.38832763,-0.03779085,0.21671522,0.70735455,-0.30291003,0.5427832,-0.3301794,-0.17647612,-0.9308088
165,2341,-0.31000924,0.43471748,0.6131493,0.44805828,-0.35619688,0.2848044,-0.32237357,0.06518282,-0.367933,-0.28381482,0.12208976,0.13004637,0.14224415,-0.04509457,0.13820088,-0.21314839
165,2342,-0.587312,0.50512165,0.46500555,0.4752151,-0.006705001,0.33310843,0.31283313,-0.30127543,-0.008156955,-0.3149111,0.16024905,0.035548553,-0.3717038,-0.30498475,0.031566694,0.6049
165,2347,-0.2714845,-0.20294176,-0.6591097,-0.18353346,-0.23391566,-0.13072534,0.49088877,-0.58635414,0.5508492,0.35491687,-0.033167183,-0.46452397,0.04118602,-0.39979634,-0.6322185,-0.015895307
165,2348,-0.15805703,0.31134802,0.50810504,-0.042348303,0.0051424205,-0.10637517,-0.58662677,0.28671893,0.26323882,-0.21161762,-0.32660484,0.7274113,0.595876,-0.27618203,-0.23535034,0.2682623
165,2358,0.11913678,-0.1814857,-0.059121832,-0.06697341,-0.23169541,-0.77849597,0.11327924,-0.26994467,0.20988345,0.13628982,0.22673956,-0.59876364,0.046708107,0.0012652241,-0.6815809,-0.55384076
165,2360,0.14998253,0.16710925,0.38066038,0.2630326,-0.16857772,0.28623962,-0.38903987,0.30685088,-0.6044892,-0.11935979,0.18809308,0.07877913,0.12959635,0.28349546,0.47729382,-0.5182357
165,2363,0.02613464,-0.24543573,-0.7723279,-0.22045803,-0.2971754,0.30366355,0.13338919,-0.20766991,0.3073836,0.44724092,-0.0040996075,-0.3156227,0.40682226,-0.38275826,-0.27960405,-0.39231318
165,2397,0.7034188,-0.60708433,-0.25666493,-0.17029363,0.77319455,-0.12749994,0.124562874,0.38485864,-0.7363734,0.009512991,-0.044819653,-0.06213873,-0.35524988,0.92225516,1.0687108,0.0070337057
165,2400,0.53345895,-0.013286009,0.26578593,0.038408592,0.32270774,-0.10825992,-0.2258166,0.49186698,-0.6096897,0.010822147,0.25439098,0.09734869,-0.09589599,0.5042532,0.7457875,-0.375391
165,2410,-0.10728651,0.28061652,0.46606606,0.3946215,-0.28180888,0.39699137,-0.29391077,0.14970462,-0.55238783,-0.20247811,0.14514384,0.0755243,0.038328975,0.15861447,0.3909896,-0.32394248
165,2428,-0.29764423,0.40879208,0.5856743,0.4487573,-0.35669017,0.32998538,-0.30195338,0.061479516,-0.39638352,-0.27487266,0.11911779,0.11500913,0.107782945,-0.012334343,0.18082985,-0.20893605
165,2432,-0.6989587,-0.784837,0.4750874,-0.04626429,-0.6826621,-1.237182,0.16796072,-0.99972403,-0.0867337,-0.74643075,-1.0132022,-0.41681492,-0.9149223,1.3301038,-1.0677338,0.2851387
165,2433,-0.3178498,-0.25658268,-0.76962084,-0.22518057,-0.2562563,-0.049453907,0.5304498,-0.6409128,0.60087645,0.37530562,-0.103435695,-0.45391035,0.042043522,-0.42694667,-0.66275537,0.027233332
165,2448,-0.6391273,-0.99783087,0.059031054,-0.1829597,-0.4810293,-0.6609941,0.07092737,-0.8478333,-0.37773097,-0.6267336,-1.3720133,-0.09411491,-0.6406106,1.4573311,-0.43084177,0.4452465
165,2454,-0.54170126,0.5206242,0.33717567,0.38023365,0.23959145,0.23388089,0.5211241,-0.3434609,0.17033264,-0.24792925,0.22021273,0.015568987,-0.50317734,-0.4043552,0.015339792,0.8534025
165,2455,-0.6989587,-0.784837,0.4750874,-0.04626429,-0.6826621,-1.237182,0.16796075,-0.99972415,-0.0867337,-0.7464307,-1.0132023,-0.41681492,-0.9149222,1.3301039,-1.0677338,0.2851387
165,2458,-0.04301752,-0.22561078,0.20138764,-0.009820983,-0.34210968,-1.0745516,0.1853805,-0.4568431,0.25650722,-0.083671615,0.11010119,-0.66019815,-0.29349703,0.22905885,-0.9454453,-0.39029536
165,2463,0.43691063,0.03415727,0.30441612,0.09998123,0.19548413,0.003942184,-0.28590518,0.45625824,-0.63080966,-0.032170117,0.23151073,0.107508,-0.030873194,0.46132925,0.6894672,-0.43196636
165,2465,-0.31200826,0.42730206,0.51306754,0.3881084,-0.07313239,0.20142089,0.0065036714,-0.028827995,-0.18670784,-0.23713768,0.16716632,0.099528015,-0.1587267,-0.12161444,0.16388476,0.18775138
165,2473,0.62233984,-0.5629065,-0.10734995,-0.1891287,0.6887351,-0.2938022,0.07328002,0.35990778,-0.6628541,-0.07040094,-0.09798184,-0.014990255,-0.43102843,0.96436816,0.8894646,0.047579527
165,2497,-0.05043547,0.23388046,0.15782973,-0.38241464,0.41558632,-0.21338125,-0.26435387,0.26286992,0.7013074,-0.11007613,-0.43050802,0.8511451,0.32769936,-0.39104447,-0.31411228,0.87984836
165,2504,-0.63826793,0.46795642,0.6385857,0.6404395,-0.42034033,0.5787765,-0.000567317,-0.19657013,-0.39007744,-0.4038115,0.07140368,0.05218017,-0.2202694,-0.068225294,0.1683996,0.17693827
165,2506,-0.25314048,0.35679886,0.52284837,0.039078772,0.00705719,-0.041463535,-0.46328884,0.19172886,0.24229214,-0.24942544,-0.27476263,0.65853125,0.46551526,-0.30056554,-0.2202079,0.35179314
165,2508,-0.17549983,0.4316442,0.11349867,0.16734925,0.49214956,0.07574807,0.6467436,-0.17121017,0.23644742,-0.04637766,0.36293977,-0.05772178,-0.66111535,-0.3331392,0.18158261,0.8292453
165,2523,0.63501513,-0.4787836,-0.1950154,-0.10380194,0.58374226,-0.025559898,0.01244846,0.38459164,-0.70088005,0.035525694,0.0194678,-0.06081567,-0.19001688,0.76016545,0.946561,-0.16641003
165,2541,0.039751947,-0.26141602,-0.7590371,-0.21501613,-0.30944887,0.37692308,0.08004214,-0.16980985,0.24301544,0.4257165,-0.042479753,-0.26974475,0.4091257,-0.32445988,-0.20029002,-0.39748356
165,2551,-0.20494029,-0.82634926,-0.4728341,-0.25880143,-0.22032976,0.05473903,0.0046612173,-0.40316275,-0.3099017,-0.11514139,-0.94783366,0.0019782335,-0.10604872,0.80370057,0.06354543,0.11705887
165,2553,0.05101335,-0.30175275,-0.7792003,-0.22192937,-0.3267678,0.48265058,0.026885241,-0.13669693,0.17800808,0.4082781,-0.105739474,-0.21551228,0.41204435,-0.26000163,-0.11675677,-0.40426418
165,2554,0.40876317,-0.24442123,0.10132268,-0.001612708,0.2768505,-0.03798095,-0.17663786,0.34513232,-0.60491574,-0.0663977,0.010365754,0.052583665,-0.09461792,0.615211,0.64379454,-0.2599746
165,2556,-0.49935466,0.44967526,0.56347346,0.5396388,-0.22645654,0.44171244,0.080451235,-0.14504883,-0.30615675,-0.33352453,0.13812155,0.048704475,-0.28248394,-0.088357314,0.20451578,0.24265578
165,2568,0.34316045,0.086778015,0.3591683,0.050357275,-0.033416077,-1.2262006,0.03746158,0.0734109,0.36221072,0.012182027,0.6044002,-0.4839343,-0.022545472,-0.18258825,-0.88454723,-0.62749064
165,2587,-0.24913597,0.3177498,0.4927575,0.47495812,-0.39956042,0.5437314,-0.27520263,0.06363652,-0.55868423,-0.25647667,0.11006536,0.065300584,0.014829025,0.11878821,0.3523851,-0.27305964
165,2597,-0.13586694,-0.47156006,-0.9922644,-0.3129524,-0.4030273,0.9205145,0.039361507,-0.25011578,0.15998122,0.35923997,-0.4985587,-0.0009791851,0.27515036,-0.13505487,0.034486145,-0.09079975
165,2603,-0.5097232,0.4938618,0.3804412,0.40643486,0.14858541,0.25875008,0.42645836,-0.29709163,0.072157264,-0.25637585,0.21303308,0.01133509,-0.450639,-0.33668855,0.054400623,0.7065542
165,2614,-0.5440806,0.48813397,0.4333305,0.44243565,0.016670182,0.2982003,0.30997872,-0.28452966,0.00797011,-0.2832957,0.16717778,0.02719085,-0.35181904,-0.30215725,0.034741476,0.5904554
165,2617,-0.45610183,0.47060555,0.3610415,0.37658647,0.1404388,0.2250828,0.38454354,-0.2636246,0.06403175,-0.22492298,0.21397309,0.0048870146,-0.40104455,-0.316133,0.06190689,0.64176583
165,2622,0.42081332,0.105372176,0.11759335,0.022489991,-0.062383607,-0.6942654,-0.12876257,0.20384046,0.11542192,0.20488092,0.6038469,-0.4296054,0.3252288,-0.23563138,-0.4455349,-0.8374306
165,2629,-0.48028928,0.39310926,0.58029866,0.5794465,-0.3654487,0.57755345,-0.04884799,-0.0924412,-0.47591466,-0.3504355,0.086230725,0.061317697,-0.2213573,0.038618915,0.3015651,0.07251537
165,2631,-0.5317413,0.51441425,0.34622383,0.36843815,0.21622825,0.21445455,0.46611065,-0.32490966,0.1693995,-0.24477425,0.19937728,0.035734728,-0.44180518,-0.39921102,-0.0016105026,0.8132764
165,2633,-0.01134187,-0.31678206,-0.8334693,-0.25190243,-0.32612887,0.49477088,0.08995144,-0.20711643,0.24830157,0.4203488,-0.16356286,-0.21206717,0.37625474,-0.29417372,-0.163459,-0.30263108
165,2636,0.35616988,0.092957586,0.33309335,0.0482622,-0.031214565,-1.1681807,0.017283857,0.094415046,0.33825615,0.03563845,0.61174977,-0.47633144,0.024820179,-0.19757946,-0.83439255,-0.6497165
165,2654,0.036524445,-0.26588386,-0.7739424,-0.21952885,-0.30965805,0.37267113,0.09134777,-0.17923895,0.2572824,0.43226922,-0.04011926,-0.2783155,0.41035506,-0.3367412,-0.21754116,-0.3996673
165,2656,-0.057135865,-0.39467752,-0.8854922,-0.2842092,-0.34654665,0.66475993,0.0552565,-0.21932045,0.18667343,0.3846841,-0.33722037,-0.10892006,0.324193,-0.1865219,-0.047381848,-0.1931404
165,2672,-0.6692798,0.47505432,0.642539,0.6682917,-0.41161454,0.6287786,0.05066435,-0.22094396,-0.41041952,-0.42477667,0.077157855,0.043706074,-0.28996205,-0.061331306,0.19711937,0.22601691
165,2678,0.046197906,0.104621604,0.28840512,-0.49111745,0.31503478,-0.26984543,-0.67747784,0.49226823,0.69269407,-0.19664145,-0.7017651,1.1613438,0.5947888,-0.24053073,-0.40585724,0.7465147
165,2680,0.5018562,0.29398465,-0.2098707,-0.25253037,0.9589348,-0.29610756,0.71689063,0.2240941,0.3874298,0.2760694,0.5537347,-0.0446413,-0.81799,-0.21154362,0.4231183,0.7536833
165,2682,0.29197633,-0.25299126,-0.4649418,-0.13323021,-0.2150841,0.17274201,-0.16183804,0.078652896,-0.106723756,0.32560465,0.060557365,-0.24654332,0.41703838,-0.012919415,0.05111566,-0.66781735
165,2684,0.4311859,0.32899752,0.21721214,0.117593095,-0.057374515,-0.48427355,-0.31065667,0.39891425,0.02007702,0.24073853,0.7660264,-0.33570006,0.5586778,-0.38511366,-0.24543372,-0.9598551
165,2685,-0.46671468,0.38854292,0.5641442,0.5594019,-0.35620683,0.5410294,-0.045202613,-0.09597269,-0.44594893,-0.33081093,0.09069349,0.047896072,-0.20317943,0.024693202,0.27910084,0.073955595
165,2692,0.211246,-0.07907225,0.47660565,-0.59338605,0.21778733,-0.3635636,-1.1620988,0.80301106,0.6205232,-0.30292815,-0.9749508,1.4991822,0.84086865,0.027752005,-0.4645528,0.5424974
165,2693,0.449222,0.111094296,0.011515692,0.0074692443,-0.08102086,-0.4413538,-0.20730026,0.25623283,-0.009323582,0.29166356,0.5895017,-0.4023878,0.4764759,-0.24228963,-0.23105377,-0.93284273
165,2694,-0.22746211,-0.5426082,-1.1085031,-0.36855704,-0.42433324,1.0390079,0.092750385,-0.33861977,0.20956159,0.36107758,-0.6464812,0.04833515,0.2262967,-0.12851803,0.027815148,0.04649189
165,2696,-0.47832108,0.47217435,0.49988517,0.30158347,0.0063827634,0.16138758,-0.0011768043,-0.120313436,0.10888034,-0.3021221,-0.01742275,0.30360144,-0.021308258,-0.32403558,-0.090721965,0.5239626
165,2705,0.009168565,-0.52087176,-0.7277614,-0.25571525,-0.23193377,0.42176926,-0.01384671,-0.17514262,-0.064392455,0.24308123,-0.44921207,-0.0765633,0.25936663,0.16336074,0.096572585,-0.2024561
165,2707,-0.0164596,-0.3355962,-0.8413547,-0.25943142,-0.3305633,0.5335568,0.0746686,-0.2036691,0.22648832,0.41088998,-0.20425874,-0.18632215,0.36943543,-0.2632055,-0.12932906,-0.28279182
165,2723,0.29593146,-0.22737737,-0.322032,-0.05899643,-0.22165126,0.289257,-0.23253484,0.16320413,-0.25753772,0.20488442,0.017143473,-0.122643694,0.24427135,0.16438627,0.20161054,-0.6117251
165,2737,0.53078866,0.026819453,0.11226588,-0.58984685,0.6383289,-0.46071845,-0.41854757,0.69745946,0.5853777,0.018682212,-0.31902105,0.9066697,0.15460041,-0.032568153,-0.061229914,0.5881833
165,2772,-0.15557545,0.32844758,0.50773656,0.05373825,-0.03151329,-0.06867765,-0.4779306,0.22486442,0.12991753,-0.19552884,-0.18898186,0.5497721,0.45437688,-0.21579671,-0.1305224,0.1663898
165,2788,-0.47861284,0.4795581,0.3701868,0.39629945,0.13906258,0.24957357,0.40964353,-0.2790507,0.056084514,-0.23943284,0.2201908,-0.0015705228,-0.4362769,-0.3184908,0.06876881,0.66377616
165,2808,-0.018988669,0.25086603,0.423416,0.38150296,-0.3817925,0.4903968,-0.43289435,0.21912283,-0.61474043,-0.16203994,0.18547237,0.04492259,0.21030726,0.17753145,0.3866827,-0.5681245
165,2815,-0.42402232,0.48905498,0.69479686,0.5256474,-0.39247805,0.35504866,-0.30431518,0.026418842,-0.39110303,-0.36311668,0.10289703,0.16775897,0.08991741,-0.0675001,0.12402279,-0.14808986
165,2829,-0.33674598,-0.28877896,-0.83033895,-0.2496376,-0.27056292,0.011378109,0.53886503,-0.6600683,0.6164428,0.3855979,-0.14872631,-0.43847123,0.049218535,-0.43446538,-0.663533,0.046520144
165,2868,-0.47832108,0.47217435,0.49988517,0.30158347,0.0063827634,0.16138758,-0.0011768043,-0.120313436,0.10888037,-0.3021221,-0.01742275,0.30360144,-0.021308258,-0.32403558,-0.090721965,0.5239626
165,2871,-0.26678205,-0.5152199,-1.1012167,-0.36629218,-0.4084288,0.909857,0.17763151,-0.41009662,0.29471296,0.3726371,-0.5963076,-0.019417644,0.20135808,-0.19059284,-0.08696374,0.07433194
165,2880,-0.010116503,-0.31460416,-0.81902146,-0.24847174,-0.32590532,0.5002914,0.07864283,-0.19960234,0.23285851,0.41228727,-0.17092451,-0.20167314,0.37260312,-0.27822238,-0.14459002,-0.2963871
165,2883,0.7196493,-0.6690798,-0.2260969,-0.21350229,0.85440826,-0.25211254,0.16951282,0.38468096,-0.7470813,-0.051154077,-0.09130794,-0.053386502,-0.5035641,1.057291,1.0800434,0.11325136
165,2916,0.030872643,-0.44367802,-0.7726687,-0.2524477,-0.27944607,0.46744448,-0.0031826794,-0.15822184,0.039662927,0.32095647,-0.31913328,-0.13294424,0.33316562,-0.013862003,0.010755613,-0.2979387
165,2947,0.30970407,-0.06645502,0.051610775,0.005927004,-0.13275968,-0.49975532,-0.08922722,0.10683461,0.053693324,0.08806636,0.3130393,-0.30910748,0.07380034,0.0074389977,-0.36418715,-0.61093813
165,2959,0.44136435,0.11564925,-0.0010029376,0.007755555,-0.101472095,-0.3111105,-0.2634272,0.2842388,-0.08039161,0.2998653,0.55246127,-0.35794342,0.53215784,-0.21998711,-0.11679262,-0.9457444
165,2970,-0.027358294,-0.36137468,-0.8581029,-0.26774922,-0.33848706,0.59211475,0.059420392,-0.2033189,0.20272964,0.39926326,-0.2568322,-0.15339048,0.3545957,-0.22732311,-0.08947313,-0.25523418
165,2977,-0.50144374,0.50432044,0.3726711,0.38914576,0.19674927,0.2335793,0.44824678,-0.29199058,0.10215697,-0.2520681,0.22013493,0.026355669,-0.46687198,-0.35410008,0.051534176,0.747401
165,2981,-0.2714845,-0.20294176,-0.6591097,-0.18353346,-0.23391566,-0.13072535,0.49088877,-0.58635414,0.5508492,0.35491687,-0.033167243,-0.46452397,0.041186005,-0.39979634,-0.63221836,-0.015895307
165,2989,0.66076857,-0.6036012,-0.15017593,-0.1984559,0.7533822,-0.27643377,0.10644935,0.37306887,-0.6993097,-0.06360635,-0.09603414,-0.02495794,-0.45848948,1.0026302,0.96500087,0.0682109
165,3003,0.43356305,0.11065373,0.04546839,0.015997577,-0.07618827,-0.5121167,-0.17859171,0.2363427,0.027095094,0.2618376,0.5855502,-0.40606064,0.41884503,-0.23483774,-0.28829905,-0.8836825
165,3006,-0.3465572,-0.34234393,-0.9223106,-0.2876918,-0.29472357,0.14836644,0.51972616,-0.65783024,0.6113827,0.40095997,-0.23066124,-0.39003593,0.072633624,-0.429713,-0.62267756,0.0652273
165,3010,0.054940015,-0.37475473,-0.8032769,-0.24522844,-0.31740403,0.5214592,-0.0016835183,-0.13269356,0.11715886,0.3843773,-0.20746309,-0.172374,0.3908055,-0.15735763,-0.04212746,-0.37596387
165,3012,0.2842212,0.10554892,0.37120366,0.20464966,0.10518497,0.13304192,-0.2571206,0.38064903,-0.64896035,-0.09980935,0.21715356,0.113351166,-0.07720183,0.40454656,0.6666753,-0.35903385
165,3016,0.06727592,0.3905545,-0.010399163,0.015007392,0.6834035,-0.054895014,0.7017254,-0.035006166,0.3010085,0.07247178,0.4422226,-0.05664994,-0.7458713,-0.29988927,0.27522323,0.830369
165,3018,0.15790966,-0.036739662,0.4562258,-0.6440374,0.3060693,-0.3717667,-1.1070982,0.7807456,0.74465287,-0.3284571,-1.0232553,1.5954335,0.8226643,-0.06359503,-0.52397525,0.72821605
165,3022,-0.21190318,-0.83080465,-0.41752195,-0.24908805,-0.20442438,-0.008085281,0.0010462552,-0.40976766,-0.34060955,-0.14852372,-0.96977305,0.006440282,-0.13768901,0.8618965,0.07411223,0.14604911
165,3024,0.727628,-0.65968573,-0.26669148,-0.19179785,0.8314439,-0.1649177,0.15744881,0.38858223,-0.7655691,-0.019279823,-0.068835974,-0.06642163,-0.43224573,1.0065727,1.1085562,0.056025445
165,3038,-0.3691157,-0.9069624,-0.2799983,-0.23594755,-0.31628603,-0.20501642,0.025129199,-0.57093084,-0.34785238,-0.3124921,-1.1303344,-0.024676055,-0.31042534,1.0701722,-0.10771015,0.24742809
165,3043,-0.14342871,-0.47821337,-0.9976909,-0.31471094,-0.4074974,0.945025,0.03551224,-0.25160348,0.15333262,0.35427672,-0.5165926,0.012224048,0.26779813,-0.12499347,0.04753159,-0.077745914
165,3051,-0.44666767,0.41291207,0.5993391,0.5544086,-0.38239834,0.5168082,-0.13870776,-0.050861552,-0.4558489,-0.34503287,0.09242031,0.08549744,-0.11381914,0.012790382,0.25319064,-0.017465323
165,3054,-0.052465603,0.26870877,0.4385719,0.4109796,-0.43254077,0.54068726,-0.44892955,0.2056,-0.61816186,-0.17711636,0.19248627,0.0374479,0.23582232,0.15323263,0.36161476,-0.5918131
165,3058,-0.50464594,0.50210416,0.27553645,0.3630582,0.2785221,0.24265073,0.60313714,-0.35605633,0.17941001,-0.20925495,0.2606656,-0.042047873,-0.5778034,-0.39860862,0.05227156,0.8826511
165,3080,0.45093703,0.27543098,0.15592855,0.0690036,-0.025702208,-0.5541202,-0.24973053,0.3550095,0.06260121,0.27234071,0.73403376,-0.36856815,0.5188151,-0.37046936,-0.27859008,-0.917909
165,3088,-0.17549986,0.4316442,0.11349869,0.16734925,0.4921495,0.07574807,0.6467436,-0.17121017,0.23644742,-0.04637766,0.3629398,-0.05772178,-0.6611154,-0.3331392,0.18158261,0.8292453
165,3089,-0.5772152,-0.55341613,0.51827306,0.0056243613,-0.6945735,-1.3051292,0.18605216,-0.9110645,0.08816114,-0.6143017,-0.63146347,-0.55633247,-0.8226058,1.0053418,-1.2038903,0.08458561
165,3096,0.28431943,-0.1796755,-0.3854727,-0.13563564,-0.16442278,-0.23808162,-0.04054132,-0.018525168,0.08014962,0.3571462,0.23750359,-0.4286858,0.42886108,-0.16897446,-0.25559932,-0.70934534
165,3106,0.046197906,0.104621604,0.28840512,-0.49111745,0.31503478,-0.26984543,-0.6774779,0.49226823,0.69269407,-0.19664145,-0.7017651,1.1613438,0.5947888,-0.24053073,-0.4058573,0.7465147
165,3120,-0.13285473,-0.5018353,-1.0467645,-0.33726254,-0.40061343,0.9165158,0.05983381,-0.2684616,0.18764994,0.38097954,-0.5127815,-0.018802702,0.291602,-0.15249974,0.0043447763,-0.10228354
165,3126,-0.5002983,0.5014704,0.35692787,0.36726478,0.19467512,0.20931794,0.42725623,-0.29442713,0.13384712,-0.2389558,0.20265825,0.035165682,-0.41972685,-0.37005442,0.019996256,0.7492461
165,3131,0.4617882,-0.044298768,0.046605505,0.046699464,0.12107015,-0.09297578,-0.24014609,0.37779212,-0.40289396,0.11425039,0.34521547,-0.15999809,0.25599104,0.19015157,0.3656173,-0.63396335
165,3140,-0.14437923,-0.47417003,-0.99639976,-0.31212685,-0.40979165,0.9474351,0.03554429,-0.25086373,0.15503263,0.35446143,-0.510707,0.011394694,0.26888093,-0.1301872,0.044912294,-0.08023155
165,3150,0.007486135,-0.52388126,-0.74641234,-0.26150516,-0.23553023,0.4259355,-0.0054198354,-0.18186557,-0.04849474,0.25292242,-0.44523913,-0.08437299,0.26683816,0.14555882,0.0806566,-0.20825653
165,3162,-0.42463845,0.40877718,0.5886392,0.5364161,-0.3811177,0.49039006,-0.15668392,-0.040074363,-0.44251153,-0.3297899,0.09649043,0.081750154,-0.0831482,0.0074170874,0.24029244,-0.0422678
165,3170,-0.1425432,-0.49205005,-1.0260614,-0.3267153,-0.4067585,0.94092387,0.047935903,-0.26195762,0.17069632,0.36648604,-0.52038604,0.0009791553,0.27727544,-0.13812877,0.028038442,-0.084776044
165,3176,-0.3301233,-0.30660522,-0.85995626,-0.26264754,-0.28113234,0.07642299,0.5161158,-0.64368665,0.60135114,0.39096367,-0.17845088,-0.41202968,0.06737083,-0.42786607,-0.63145685,0.043675363
165,3182,-0.34517133,-0.4034785,-1.0023932,-0.3237112,-0.33493793,0.40780067,0.42831343,-0.601941,0.5319463,0.39703673,-0.36978817,-0.2677991,0.110621914,-0.36401954,-0.45776072,0.102855384
165,3183,0.29143214,-0.27312654,-0.41543,-0.07762521,-0.24820517,0.4800259,-0.27149284,0.17914177,-0.31979,0.22972475,-0.060170144,-0.071350105,0.2963836,0.19305019,0.3257318,-0.6105243
165,3222,0.33907598,0.082283355,0.3655883,0.050058857,-0.034928024,-1.2555835,0.04938519,0.06008237,0.37633434,0.006136447,0.6045008,-0.49443182,-0.041910633,-0.17933503,-0.9132527,-0.6243309
165,3223,0.28990662,-0.20602621,-0.42008716,-0.14327934,-0.17668517,-0.15774852,-0.063562706,-0.0016457886,0.05350603,0.35920027,0.20026775,-0.3991732,0.43899184,-0.1467448,-0.20818174,-0.7153945
165,3225,0.40444225,0.3007509,0.216583,0.13452236,-0.103632376,-0.34427744,-0.34607282,0.39589086,-0.070141725,0.20871413,0.69316185,-0.29082662,0.5435501,-0.30730733,-0.15051278,-0.9486934
165,3227,-0.34251165,-0.4205953,-1.0222676,-0.33245224,-0.3444695,0.4706872,0.40472984,-0.58691835,0.5101851,0.3954496,-0.40396124,-0.23809712,0.11903228,-0.3455485,-0.41758654,0.108285695
165,3244,-0.45998526,0.40381223,0.59523344,0.5691772,-0.36969528,0.5503113,-0.09564988,-0.06473987,-0.4754729,-0.3513221,0.09018169,0.07956621,-0.17401005,0.03237995,0.28762323,0.024600804
165,3253,0.5328492,0.29118454,-0.22876349,-0.27606508,0.9977709,-0.314748,0.7346836,0.24082401,0.4076064,0.2892512,0.56398046,-0.038308144,-0.84321874,-0.2122397,0.43307114,0.77425086
165,3257,-0.38046366,0.4575138,0.64512306,0.49017763,-0.3707911,0.32236004,-0.28230864,0.026287653,-0.36779284,-0.31980377,0.11031371,0.13629764,0.090543926,-0.060986426,0.1298296,-0.14602003
165,3260,0.12220326,0.0072968304,0.41038412,-0.5944174,0.30786243,-0.34082025,-0.9783095,0.6945907,0.7260053,-0.29142007,-0.9249722,1.4658127,0.75418824,-0.11589417,-0.48808965,0.73256695
165,3261,0.21532412,-0.00012800097,0.25440913,0.17424503,-0.05120483,0.19671117,-0.30849838,0.28894857,-0.58387554,-0.098563224,0.11386092,0.034545466,0.0822216,0.38166434,0.49043474,-0.43285072
165,3271,-0.16835728,-0.5200244,-1.0652097,-0.33031324,-0.4375953,1.0704625,0.025948182,-0.25987744,0.14441663,0.3519665,-0.57941353,0.05315484,0.26090816,-0.112724245,0.076447524,-0.058970153
165,3274,0.44157273,0.10910165,-0.009391382,0.0052552596,-0.104217105,-0.30441672,-0.26107684,0.27947745,-0.08280604,0.3033377,0.5484948,-0.36190242,0.53373325,-0.21783793,-0.11412668,-0.9474461
165,3276,-0.56617445,0.50925565,0.42823693,0.45802867,0.08193517,0.31762356,0.40532428,-0.31233543,0.025897145,-0.2975765,0.19846873,0.016511306,-0.45826668,-0.32329953,0.05624363,0.68627095
165,3280,-0.35253298,-0.37327266,-0.9719584,-0.30721697,-0.31201702,0.24867027,0.49779844,-0.6488544,0.5963744,0.40532768,-0.28682613,-0.35006744,0.08581649,-0.41606984,-0.57776177,0.08153263
165,3283,-0.14139003,0.3086279,0.5295474,-0.010614626,-0.02286461,-0.09774743,-0.5914611,0.2928694,0.19908568,-0.21021873,-0.2906493,0.68470645,0.5759214,-0.23734215,-0.19511497,0.19238237
165,3286,0.8467314,0.18426244,-0.3449957,-0.53738797,1.1083567,-0.5029033,0.54777384,0.49254537,0.51015604,0.41305578,0.49312308,0.11630237,-0.688345,-0.15145497,0.44795552,0.6606872
165,3287,-0.027876213,-0.23772334,0.15992227,-0.025250651,-0.3311966,-1.0689794,0.18932365,-0.452835,0.264676,-0.059523165,0.118627325,-0.6687093,-0.25984085,0.20521525,-0.9484087,-0.41670078
165,3299,-0.6210152,0.46857357,0.61954033,0.62903565,-0.35592818,0.5710466,0.059202567,-0.20009795,-0.3753103,-0.3982594,0.093724504,0.046987966,-0.2855798,-0.072060555,0.19530378,0.2343112
165,3310,0.21532412,-0.00012800097,0.25440913,0.17424504,-0.05120483,0.19671117,-0.30849838,0.2889486,-0.58387554,-0.098563254,0.11386092,0.034545466,0.0822216,0.38166434,0.49043474,-0.43285072
165,3315,-0.121273726,0.28235453,0.5529405,-0.0955747,-0.02894634,-0.14017841,-0.7491755,0.37612525,0.28235474,-0.22360909,-0.42223012,0.85033995,0.7506153,-0.26195285,-0.28052077,0.20348874
165,3321,0.19309089,0.14580663,0.3687449,0.23625141,0.0013064742,0.17619075,-0.2567306,0.31094617,-0.5906662,-0.09865469,0.2039786,0.07970178,-0.030003741,0.31905672,0.57199275,-0.34862432
165,3327,0.17370018,0.15576616,0.36144173,0.23579276,-0.13793224,0.23213218,-0.37079215,0.30767822,-0.57433975,-0.096455276,0.19079018,0.06876922,0.12568805,0.27988747,0.46980834,-0.4989742
165,3328,-0.12664858,0.2928385,0.5428612,-0.05894562,-0.024846867,-0.12425039,-0.68276364,0.34233227,0.24597225,-0.21580085,-0.3635884,0.7770975,0.6763067,-0.25045577,-0.2433751,0.19518408
165,3337,-0.37042683,0.41531503,0.50296456,0.17934096,-0.0012654662,0.06565499,-0.21595713,0.020528063,0.1673606,-0.27057874,-0.13304058,0.45577544,0.21091588,-0.31110188,-0.1503441,0.43172124
165,3349,-0.3178498,-0.25658262,-0.76962084,-0.22518057,-0.25625634,-0.049453903,0.5304498,-0.6409128,0.60087657,0.37530562,-0.103435695,-0.45391035,0.042043522,-0.4269467,-0.6627555,0.027233332
165,3351,0.41209024,0.12453845,0.13729863,0.09787482,-0.021906242,-0.17082316,-0.31128424,0.37935382,-0.26142386,0.15045033,0.48674524,-0.20569682,0.40202016,-0.038324445,0.12734559,-0.7872293
165,3354,0.45247817,0.18442093,0.06608275,0.032798138,-0.06625635,-0.42183322,-0.25950184,0.31988186,-0.020344615,0.2900769,0.6390587,-0.3663436,0.53167903,-0.2874177,-0.1915074,-0.9516624
165,3355,-0.29893133,0.36091232,0.54551387,0.49375567,-0.40275455,0.51213,-0.27952814,0.052618258,-0.5253124,-0.28826955,0.10682256,0.091436565,0.023339912,0.07765984,0.30256903,-0.23855528
165,3357,-0.10259059,-0.45797974,-0.96727514,-0.31464544,-0.3736785,0.8085163,0.053220972,-0.2465753,0.17626804,0.37527344,-0.4516703,-0.048146635,0.29612172,-0.14948581,-0.0025564283,-0.12686503
165,3380,-0.096677184,0.43443048,-0.05056818,-0.14469317,0.713665,-0.16272214,0.5555478,-0.08577798,0.6254754,0.05829811,0.18806386,0.20888296,-0.3758986,-0.5130459,-0.017359719,1.0950468
165,3384,0.48189378,-0.34956396,0.038052812,-0.07881471,0.41359565,-0.16395739,-0.098772146,0.3500459,-0.60024816,-0.060878024,-0.030947357,0.03431937,-0.20117639,0.72551244,0.6971613,-0.15729748
165,3401,0.032460183,-0.24752177,-0.7662119,-0.21760193,-0.2980178,0.3107804,0.12202956,-0.19827014,0.29354566,0.4430857,-0.006301895,-0.31016797,0.40792292,-0.3707844,-0.26560986,-0.39895532
165,3423,0.2920645,-0.2666993,-0.48238355,-0.14681002,-0.20722061,0.09995966,-0.13208441,0.049607977,-0.068978556,0.3356633,0.079078555,-0.28693247,0.42021745,-0.03570273,-0.01946485,-0.6884279
165,3427,0.05402094,0.21844012,0.404753,0.32706675,-0.29148483,0.39203125,-0.41672957,0.2568027,-0.6028946,-0.13961542,0.18679065,0.058880314,0.18385093,0.2163767,0.41705954,-0.5498405
165,3437,-0.41653633,0.4403413,0.6351067,0.5272501,-0.36924943,0.42706943,-0.21581957,-0.00587517,-0.42082456,-0.34464395,0.100844674,0.124414295,-0.016995594,-0.018476523,0.199709,-0.07924083
165,3439,-0.13687345,0.45209718,-0.041499034,-0.18418112,0.7476499,-0.16995686,0.53852487,-0.081156135,0.70522785,0.025675759,0.118999444,0.31205043,-0.34259862,-0.5635921,-0.076165795,1.2002152
165,3440,0.23540118,-0.11222328,0.4939295,-0.6456785,0.24092081,-0.3857929,-1.2424213,0.86333644,0.6672784,-0.32782495,-1.0603971,1.6086628,0.88230664,0.048495397,-0.5013387,0.5842639
165,3442,-0.3100092,0.43471748,0.6131493,0.44805828,-0.35619688,0.28480434,-0.32237357,0.065182835,-0.36793298,-0.28381482,0.12208975,0.13004637,0.14224413,-0.04509457,0.13820088,-0.21314839
165,3446,-0.070268184,-0.41515028,-0.92202544,-0.29887852,-0.3519622,0.6893596,0.06760885,-0.2364152,0.20145658,0.3914791,-0.3626867,-0.10531618,0.3233539,-0.19231781,-0.05652806,-0.17929278
165,3457,0.50373775,-0.18419574,-0.024265215,-0.0001507923,0.24532637,-0.0565041,-0.17208096,0.37285516,-0.50284773,0.081603244,0.22233264,-0.11945744,0.11920419,0.37880203,0.5442495,-0.48659438
165,3458,-0.53535604,0.499219,0.39918628,0.4455558,0.11702144,0.30996382,0.4477579,-0.3102221,0.028650567,-0.27619565,0.22555064,-0.010051161,-0.49945712,-0.31824955,0.081738934,0.6981354
165,3474,-0.050435483,0.23388046,0.15782973,-0.38241467,0.41558626,-0.21338125,-0.26435387,0.26286992,0.7013074,-0.11007613,-0.43050802,0.8511451,0.32769933,-0.39104447,-0.31411234,0.87984824
165,3487,-0.06529161,-0.6534302,-0.64635307,-0.26257277,-0.20925671,0.2985373,-0.008522183,-0.25737303,-0.17590144,0.107981324,-0.65873235,-0.031998962,0.12306811,0.42376545,0.11573024,-0.06918478
165,3488,-0.50168216,0.4113248,0.5936502,0.5772277,-0.36951876,0.5387861,-0.051702797,-0.10659498,-0.4363425,-0.35190743,0.08476265,0.062057287,-0.19526978,0.0039632246,0.25240517,0.086309105
165,3491,0.56413966,-0.02018395,0.26621976,0.01955825,0.34712783,-0.13996235,-0.23946485,0.51673734,-0.6120582,0.016092017,0.25708064,0.10946706,-0.08651002,0.5187082,0.7536223,-0.39260232
165,3494,0.039186105,0.18919243,0.3867518,0.33780256,-0.31791437,0.43482095,-0.41756868,0.24206027,-0.61018157,-0.1524781,0.1782497,0.03793262,0.20309994,0.2209743,0.39901656,-0.5653926
165,3514,-0.5440078,0.44274992,0.5724038,0.57224613,-0.314321,0.50131917,0.050033465,-0.17019215,-0.3425799,-0.34700072,0.11050098,0.032015055,-0.2507764,-0.071874574,0.19428365,0.20395687
165,3516,0.013444036,-0.26083148,-0.80469507,-0.23238245,-0.3034261,0.33059394,0.14412,-0.2220662,0.32162127,0.45351705,-0.025579467,-0.31090948,0.40553492,-0.39073613,-0.28728303,-0.3786325
165,3517,-0.51392317,0.50843024,0.3680039,0.3878523,0.19990402,0.23364975,0.45624995,-0.30360687,0.11758897,-0.25319332,0.2153745,0.02743259,-0.46565402,-0.36602688,0.038474873,0.7671931
165,3526,-0.6543728,0.47695708,0.6542871,0.65179175,-0.4246538,0.58831406,-0.0027172416,-0.19869393,-0.39517137,-0.41796172,0.0676368,0.06256352,-0.22597761,-0.070191115,0.16704577,0.18480822
165,3534,-0.27749994,0.38345742,0.5753604,0.46545392,-0.3607239,0.4115969,-0.30788556,0.08052344,-0.47566926,-0.2847046,0.11618899,0.121068716,0.07224627,0.047330968,0.2583152,-0.24207434
165,3545,-0.13687345,0.45209718,-0.041499034,-0.1841811,0.7476499,-0.16995686,0.53852487,-0.081156135,0.70522785,0.025675759,0.11899944,0.31205043,-0.34259862,-0.563592,-0.076165795,1.2002152
165,3549,-0.20690572,-0.5400603,-1.0785923,-0.3521748,-0.42882985,1.0816125,0.048243552,-0.29746503,0.15641344,0.34326047,-0.6522885,0.07843247,0.2232555,-0.08754489,0.08858056,0.030400038
165,3569,0.024344668,-0.24620257,-0.7768709,-0.22284961,-0.29641813,0.29983848,0.13838015,-0.21193963,0.31363818,0.44989824,-0.004034996,-0.3187667,0.40750945,-0.38764662,-0.28615624,-0.39053074
165,3575,-0.5772152,-0.5534162,0.51827306,0.0056243613,-0.6945735,-1.3051292,0.18605216,-0.9110644,0.08816114,-0.6143017,-0.63146347,-0.55633247,-0.8226058,1.0053418,-1.2038903,0.08458561
165,3577,0.5328994,-0.4319545,-0.0021445602,-0.12393237,0.5145631,-0.22937918,-0.040410966,0.35566396,-0.62675214,-0.0766978,-0.06305006,0.021809354,-0.3002959,0.8323478,0.7606714,-0.08102155
165,3582,0.7706092,0.16165423,-0.2688402,-0.5514963,1.0127512,-0.48426992,0.36424,0.5190919,0.5436386,0.3426948,0.32536092,0.27077976,-0.5063721,-0.1599419,0.33665153,0.66062486
165,3594,0.42301646,-0.013179719,0.24627978,-0.589394,0.48858747,-0.43167645,-0.68716806,0.74042416,0.5921248,-0.09658706,-0.5478526,1.116621,0.39735782,-0.0023632199,-0.20216185,0.5631248
165,3597,-0.68579423,0.48209792,0.6539699,0.6803654,-0.41543883,0.64243907,0.055282637,-0.22678554,-0.41638482,-0.43722492,0.074507564,0.049226224,-0.3014211,-0.062333178,0.19852379,0.23721114
165,3600,0.75725424,-0.73083854,-0.28666884,-0.22803867,0.9268217,-0.23745197,0.21585642,0.3852082,-0.78264713,-0.045827,-0.10697824,-0.070461445,-0.53407866,1.105792,1.1584471,0.15153286
165,3605,0.36321425,0.09540929,0.31089967,0.045276396,-0.03213495,-1.1250383,0.0049572587,0.10459207,0.31928748,0.054509312,0.6140561,-0.47407028,0.05591747,-0.2048923,-0.7978227,-0.66673434
165,3624,0.011503965,-0.26979345,-0.8218396,-0.2387366,-0.30545843,0.33705854,0.14912678,-0.22787017,0.32893482,0.45861602,-0.03131324,-0.31337202,0.40958723,-0.39610448,-0.29462832,-0.380292
165,3634,-0.68579423,0.48209792,0.6539699,0.6803654,-0.41543883,0.64243907,0.055282637,-0.22678554,-0.41638482,-0.43722492,0.07450758,0.049226224,-0.30142117,-0.062333178,0.19852377,0.2372112
165,3636,0.21581353,-0.089080825,0.48477626,-0.61556655,0.22792229,-0.37220383,-1.1944373,0.82494485,0.64335454,-0.31561032,-1.0131391,1.548713,0.8596108,0.03150456,-0.48302725,0.56621087
165,3642,-0.5608991,0.45535433,0.64600205,0.60159326,-0.3962021,0.51197404,-0.07285735,-0.12474629,-0.4031597,-0.38266456,0.075129524,0.08595872,-0.15838756,-0.04556899,0.18478411,0.09881672
165,3662,-0.0020932406,-0.56559986,-0.6767842,-0.2516197,-0.19969913,0.37453008,-0.024650782,-0.18382442,-0.13869376,0.18528204,-0.52795905,-0.0431775,0.20364149,0.28752786,0.15217602,-0.14228094
165,3664,-0.34865642,0.47190356,0.1966589,0.26787168,0.39104596,0.1635155,0.63365716,-0.268808,0.2131873,-0.13261813,0.311086,-0.04611452,-0.62827283,-0.37180743,0.11504981,0.87217104
165,3669,0.32533294,0.0751895,0.36642185,0.050390787,-0.04459013,-1.2233499,0.043998018,0.05197479,0.3592272,-0.00044320524,0.5759014,-0.4811876,-0.048685208,-0.15804031,-0.8841361,-0.6019075
165,3670,0.29360738,-0.31555408,-0.5313213,-0.1285393,-0.24832644,0.45207232,-0.22877857,0.13325249,-0.2465905,0.29599798,-0.053254604,-0.13333075,0.3804209,0.10850547,0.24704054,-0.652211
165,3677,-0.12851152,-0.45155352,-0.95746887,-0.3002324,-0.39712203,0.8933054,0.03243196,-0.23930022,0.15046936,0.3524588,-0.47698617,-0.0047472417,0.2728668,-0.13128999,0.03935133,-0.09585214
165,3691,0.7126426,0.14072184,-0.19858417,-0.5481829,0.92351854,-0.4701755,0.21681498,0.5381808,0.5442133,0.28381538,0.20670816,0.3750313,-0.3705721,-0.14331551,0.25911462,0.63435555
165,3701,0.0143723935,-0.24351998,-0.7631729,-0.21796027,-0.29923964,0.3219747,0.12986375,-0.20964253,0.29925838,0.43737313,-0.022297442,-0.2989409,0.39076334,-0.36921942,-0.26228362,-0.3660205
165,3704,0.31126538,-0.12639011,0.18222938,0.087493144,0.11539754,0.080320075,-0.24459973,0.31935477,-0.5997764,-0.089316934,0.058731392,0.048081502,-0.009679422,0.50579375,0.568221,-0.3465444
165,3705,-0.13569298,0.29453868,0.55447984,-0.06803451,-0.021249682,-0.12622315,-0.7046437,0.3523239,0.2645238,-0.22743705,-0.38927716,0.81366074,0.6988806,-0.26109695,-0.26138672,0.21437451
165,3720,0.73322463,-0.6733215,-0.2749362,-0.20041281,0.85608995,-0.18253264,0.17557676,0.38460338,-0.7625668,-0.019680083,-0.07640308,-0.06859879,-0.45195502,1.0207986,1.1200799,0.08513999
165,3735,0.40444225,0.3007509,0.216583,0.13452236,-0.103632376,-0.3442775,-0.34607282,0.3958909,-0.070141725,0.20871413,0.69316185,-0.29082662,0.5435501,-0.3073073,-0.15051278,-0.9486935
165,3736,0.45021313,0.22615173,0.110756315,0.049896486,-0.04499439,-0.48214012,-0.25480998,0.3363072,0.015768886,0.28014022,0.6775562,-0.36357445,0.5192795,-0.31967,-0.2255986,-0.92841196
165,3739,0.47170866,-0.09830271,0.019901738,0.029841237,0.16089788,-0.070297636,-0.2155746,0.37108094,-0.4435438,0.10053682,0.2900848,-0.14184204,0.20281407,0.26555607,0.43629232,-0.57300216
165,3740,0.14869215,-0.17333473,-0.10250622,-0.07615916,-0.21371886,-0.7232683,0.09900759,-0.23454708,0.20180964,0.17340843,0.24660505,-0.58554435,0.10373807,-0.03775166,-0.633754,-0.5816333
165,3753,-0.05043547,0.23388046,0.15782973,-0.38241467,0.41558632,-0.21338125,-0.26435387,0.26286992,0.7013074,-0.11007616,-0.43050796,0.8511451,0.32769933,-0.39104447,-0.31411234,0.87984824
165,3755,0.30189487,-0.32366693,-0.5273353,-0.122228436,-0.25619507,0.5220319,-0.26231205,0.16209166,-0.29322278,0.28383398,-0.081716835,-0.09503391,0.3755787,0.14766109,0.31108844,-0.6548763
165,3757,-0.42463845,0.40877718,0.5886392,0.5364161,-0.3811177,0.49039006,-0.15668392,-0.040074363,-0.44251153,-0.32978994,0.09649043,0.081750154,-0.083148226,0.0074170874,0.24029246,-0.04226777
165,3759,0.028113171,-0.44842196,-0.79098225,-0.25833452,-0.28258765,0.4738564,0.0045941025,-0.16503271,0.0529235,0.32889682,-0.31936812,-0.13800794,0.33852193,-0.027577102,-0.0019734204,-0.30046773
165,3760,0.61041486,-0.55176437,-0.09115374,-0.18781027,0.66921985,-0.30376118,0.061072096,0.356664,-0.65132976,-0.075017065,-0.10143888,-0.008887678,-0.42374653,0.9553952,0.8628987,0.041104198
165,3768,-0.48789233,0.49755764,0.2682686,0.34855026,0.28508025,0.22901009,0.59227365,-0.34359887,0.18608373,-0.19992116,0.2584189,-0.035565853,-0.56411713,-0.39683834,0.05241953,0.87521136
165,3770,0.3846504,0.27595338,0.2086733,0.14149459,-0.13339281,-0.24309628,-0.3654116,0.38849506,-0.13549526,0.19091149,0.63541263,-0.26033553,0.53019077,-0.24807769,-0.075687975,-0.93356776
165,3798,0.61041486,-0.55176437,-0.09115374,-0.18781027,0.66921973,-0.30376118,0.061072096,0.356664,-0.65132976,-0.075017065,-0.10143888,-0.008887678,-0.42374653,0.9553952,0.8628987,0.041104198
165,3807,0.44458696,0.1503303,0.032716148,0.022741575,-0.088432744,-0.349858,-0.26731846,0.30558914,-0.059390776,0.2932427,0.59080637,-0.35607955,0.53303313,-0.2491005,-0.14304727,-0.9507048
165,3816,0.45247817,0.18442093,0.06608275,0.032798138,-0.06625635,-0.42183322,-0.25950184,0.31988186,-0.02034463,0.2900769,0.6390587,-0.3663436,0.53167903,-0.28741774,-0.1915074,-0.9516624
165,3826,-0.32526666,-0.45777798,-1.0545386,-0.3493887,-0.36667213,0.627415,0.3293302,-0.5336584,0.4378542,0.3865524,-0.48515177,-0.15757269,0.14581859,-0.28703466,-0.2977129,0.11301851
165,3833,-0.68525267,-0.8533784,0.374421,-0.08229137,-0.61625075,-1.1036749,0.1462007,-0.96308494,-0.17766304,-0.72784114,-1.1239655,-0.32511917,-0.85480505,1.3885633,-0.8923297,0.34253958
165,3837,-0.017654613,0.25154024,0.42419925,0.3868517,-0.40395623,0.50186473,-0.44883597,0.22250132,-0.6075393,-0.16249102,0.20034955,0.0339088,0.24803925,0.16010974,0.36157677,-0.60547554
165,3860,-0.5462606,0.5152996,0.30017167,0.40171885,0.2612724,0.28042477,0.62742424,-0.38296887,0.15757924,-0.23725522,0.26657015,-0.053955227,-0.6163613,-0.40016776,0.056371495,0.8988776
165,3865,0.8467315,0.18426244,-0.3449957,-0.5373879,1.1083566,-0.5029033,0.5477739,0.49254537,0.51015615,0.41305578,0.4931231,0.11630237,-0.688345,-0.15145497,0.4479555,0.6606872
165,3876,0.035683617,-0.26053226,-0.76996934,-0.21924579,-0.30448407,0.34694284,0.10199715,-0.18647844,0.26901478,0.4353469,-0.028943926,-0.2903714,0.40880615,-0.3462397,-0.23472342,-0.3996644
165,3885,0.34316045,0.08677801,0.3591683,0.050357275,-0.033416077,-1.2262006,0.03746158,0.0734109,0.36221072,0.012182027,0.6044002,-0.4839343,-0.022545472,-0.18258825,-0.8845471,-0.62749064
165,3902,0.7633467,0.23547614,-0.3298644,-0.424646,1.1271037,-0.449978,0.70941216,0.38451934,0.46068755,0.3958706,0.603642,-0.015824348,-0.84717053,-0.16489257,0.49290705,0.717088
165,3916,-0.56617445,0.50925565,0.42823693,0.45802867,0.08193517,0.31762356,0.40532428,-0.31233543,0.025897145,-0.2975765,0.19846873,0.016511306,-0.45826668,-0.32329953,0.05624363,0.68627095
165,3931,-0.4628638,0.41881078,0.6108703,0.5679254,-0.38420275,0.53390795,-0.13093928,-0.05634722,-0.46570948,-0.35824543,0.089912206,0.09125963,-0.13123228,0.014916973,0.2599324,-0.003884852
165,3940,-0.43762487,0.39181298,0.5770389,0.55522364,-0.3619036,0.5398086,-0.09367518,-0.05881825,-0.47340432,-0.33474362,0.09483302,0.06911142,-0.16972615,0.038724974,0.2945642,0.014209032
165,3966,0.75428647,-0.7161227,-0.26098517,-0.22857013,0.9171151,-0.2499943,0.19663207,0.39730886,-0.7783195,-0.05362694,-0.104460925,-0.05241278,-0.5345149,1.1042644,1.140056,0.13945892
165,3978,-0.31076247,-0.40136075,0.34416234,-0.011243679,-0.5240104,-1.2261837,0.19883282,-0.7013457,0.19450489,-0.34393942,-0.25295046,-0.63270915,-0.55620223,0.60783017,-1.1225326,-0.17435053
165,3984,-0.5117057,0.5099173,0.2756154,0.35744065,0.2969516,0.23712234,0.61186147,-0.35832223,0.19824702,-0.21322954,0.25652945,-0.027647913,-0.5834927,-0.41120023,0.04443246,0.9124342
165,3986,0.032460198,-0.24752177,-0.7662119,-0.21760193,-0.2980178,0.31078047,0.12202959,-0.19827014,0.29354563,0.4430857,-0.006301895,-0.31016797,0.40792292,-0.37078437,-0.26560986,-0.39895532
165,3993,-0.20690572,-0.54006034,-1.0785923,-0.3521748,-0.42882985,1.0816125,0.048243552,-0.29746503,0.15641344,0.34326047,-0.6522885,0.07843247,0.2232555,-0.08754489,0.08858056,0.030400038
165,4003,0.2860414,-0.21408983,-0.42186153,-0.1377748,-0.18854603,-0.057150885,-0.0966752,0.023557127,0.002306074,0.34449905,0.15298882,-0.34663516,0.43021202,-0.10219501,-0.12088388,-0.687842
165,4019,-0.4862169,0.4925049,0.34322032,0.33909842,0.18482903,0.17584579,0.38386977,-0.28352934,0.15875208,-0.2211087,0.18054228,0.049779058,-0.350482,-0.37778506,-0.010249183,0.7271724
165,4035,0.27008566,-0.07392517,0.21530727,0.12435666,0.045382872,0.1278591,-0.27282423,0.3071378,-0.59377027,-0.09569678,0.08088216,0.04400505,0.028551057,0.4551883,0.5337012,-0.383381
165,4037,0.53345895,-0.0132859945,0.26578593,0.038408592,0.32270774,-0.10825991,-0.2258166,0.49186698,-0.6096897,0.010822147,0.25439098,0.09734869,-0.09589599,0.5042532,0.7457875,-0.375391
165,4039,-0.30907068,0.38486108,0.5099722,0.10992988,0.003076315,0.014796093,-0.33446637,0.10576302,0.20161867,-0.2577425,-0.2001361,0.5517105,0.33100116,-0.30321372,-0.18054864,0.38999525
165,4041,0.26503858,-0.15279083,-0.30010188,-0.11923208,-0.15355366,-0.4365409,0.019814745,-0.07802875,0.14409032,0.32604352,0.29399556,-0.50416934,0.35270604,-0.17812094,-0.39780036,-0.6927589
165,4044,0.44263116,0.32834947,0.20512727,0.09990668,-0.024164855,-0.5671589,-0.27141625,0.3848291,0.07439874,0.25925106,0.7824512,-0.35934675,0.5367947,-0.40948176,-0.29189026,-0.93074656
165,4047,0.4472674,0.10634871,-0.012365922,0.004095778,-0.09755479,-0.34494776,-0.24099252,0.26867616,-0.059554815,0.3061735,0.56549203,-0.38294095,0.52052104,-0.22894096,-0.1527965,-0.9519659
165,4050,-0.1118536,0.28256494,0.53212696,-0.113379695,-0.009040579,-0.14686468,-0.73077667,0.37652773,0.30142042,-0.21506274,-0.42158973,0.85410494,0.7390189,-0.27061749,-0.28166598,0.2272698
165,4052,-0.49358362,0.4863885,0.37600368,0.38800943,0.14591813,0.23498334,0.39519554,-0.28276202,0.08156723,-0.24608195,0.20092481,0.024130613,-0.40803105,-0.33652255,0.042119592,0.6861234
165,4062,0.29259026,-0.28284055,-0.50254446,-0.12989026,-0.23373592,0.31533247,-0.19375663,0.10571546,-0.17343953,0.31388706,0.010211006,-0.19369292,0.40116543,0.040326815,0.1434963,-0.6664822
165,4077,0.42481673,0.3268513,0.21781975,0.118826896,-0.061540432,-0.47168517,-0.31107405,0.39475736,0.013789803,0.23733217,0.75455946,-0.33026588,0.55332386,-0.37630376,-0.23399916,-0.94742906
165,4098,-0.50849926,-0.50572056,0.4897016,0.0056685135,-0.656031,-1.3223182,0.19951306,-0.86609304,0.13462344,-0.5491823,-0.5141267,-0.59510833,-0.7710425,0.89606386,-1.2210745,0.0096592605
165,4102,-0.17549986,0.43164426,0.11349868,0.16734925,0.4921495,0.075748056,0.64674366,-0.17121017,0.2364474,-0.04637766,0.3629398,-0.05772178,-0.6611154,-0.33313924,0.18158261,0.8292452
165,4108,-0.13263708,0.30765593,0.5154966,0.0006674379,-0.026611611,-0.094374135,-0.56319124,0.27888986,0.17766178,-0.19732407,-0.26024622,0.6411665,0.5465148,-0.22569658,-0.17351764,0.17250249
165,4111,-0.5462606,0.5152996,0.30017167,0.40171888,0.26127246,0.28042477,0.62742424,-0.38296887,0.15757924,-0.23725522,0.26657015,-0.053955227,-0.6163613,-0.40016776,0.056371495,0.8988776
165,4121,-0.37073374,-0.4358232,0.38124946,-0.008792542,-0.56258786,-1.2524965,0.20040022,-0.75247407,0.17667273,-0.4036901,-0.33417612,-0.62131894,-0.617273,0.69320506,-1.1513132,-0.11894524
165,4124,-0.567897,0.49499422,0.45299152,0.4676162,-0.010704145,0.32805747,0.30896372,-0.293584,-0.01510945,-0.30142426,0.16626853,0.022872701,-0.3662364,-0.29519615,0.04019934,0.5827061
165,4128,-0.16246933,0.45491493,-0.019470155,-0.24788728,0.75692606,-0.18268092,0.45060217,-0.043111414,0.78938854,-0.012236401,0.0032806844,0.46471417,-0.24760269,-0.6078672,-0.15366301,1.2756302
165,4129,-0.432496,0.39640647,0.5787513,0.5493261,-0.3700391,0.52653325,-0.11478149,-0.053364605,-0.46449167,-0.3323599,0.09609409,0.071238056,-0.14001887,0.028360497,0.27747136,-0.0069315135
165,4134,0.616745,-0.5600553,-0.09115885,-0.19140035,0.68048,-0.30701807,0.060979024,0.36271012,-0.6584674,-0.07871772,-0.10603276,-0.0026074797,-0.431127,0.9676284,0.87119985,0.043411106
165,4135,0.29004824,-0.25151682,-0.46622163,-0.14634758,-0.20023438,0.033325367,-0.11435268,0.03514772,-0.036469117,0.34132323,0.10849629,-0.31542414,0.42530373,-0.06417312,-0.06896007,-0.6936754
165,4137,0.60882056,-0.39810073,-0.14753905,-0.06773735,0.48573413,-0.009483069,-0.053539634,0.3965056,-0.6684813,0.04552052,0.0887703,-0.07753225,-0.088140324,0.6564591,0.84695566,-0.29155326
165,4142,0.0029446483,-0.271259,-0.82056427,-0.23761615,-0.30970687,0.35978532,0.14474575,-0.22821507,0.32230908,0.45205587,-0.046904325,-0.29922786,0.39952105,-0.38660413,-0.2803004,-0.36314458
165,4152,0.055503294,0.08858955,0.3092957,-0.51479053,0.32446465,-0.28367364,-0.7276397,0.5280895,0.71197236,-0.21691966,-0.7491361,1.2273352,0.6206442,-0.22465141,-0.42707673,0.76578677
165,4175,-0.4246385,0.40877718,0.5886392,0.5364161,-0.3811177,0.49039012,-0.15668394,-0.04007435,-0.4425115,-0.32978994,0.09649043,0.081750154,-0.083148226,0.0074170884,0.24029246,-0.0422678
165,4183,-0.48829377,0.48721248,0.3698082,0.38512683,0.15834507,0.23259573,0.4086697,-0.28274623,0.0850257,-0.24216315,0.20846756,0.019445837,-0.42193747,-0.33782268,0.047710463,0.69474816
165,4198,-0.63576823,0.48212636,0.6763406,0.6437398,-0.42103562,0.5595107,-0.046222717,-0.16678551,-0.4014121,-0.42209232,0.06393719,0.09114757,-0.1913171,-0.06648597,0.16403507,0.15138516
165,4205,0.9738726,0.16737178,-0.41506863,-0.5209947,1.185582,-0.5321305,0.6881707,0.50487894,0.43617913,0.49395263,0.66446054,-0.055701658,-0.86589867,-0.0835315,0.58339417,0.5890367
165,4207,0.31979662,0.030672424,0.29047006,0.031155553,-0.06983989,-1.0670298,0.011729881,0.05529149,0.29672512,0.02247575,0.5004653,-0.44527566,-0.011537537,-0.11772114,-0.77438414,-0.60737336
165,4208,0.29421064,-0.2643839,-0.38939595,-0.07489588,-0.24112096,0.4031375,-0.25411177,0.16965859,-0.28778306,0.2221429,-0.032498777,-0.09553014,0.277876,0.17895702,0.2641499,-0.6192951
165,4210,0.29360738,-0.31555408,-0.5313213,-0.1285393,-0.24832642,0.45207238,-0.22877857,0.13325249,-0.24659051,0.29599798,-0.053254575,-0.13333076,0.3804209,0.10850546,0.24704053,-0.652211
165,4214,0.4229712,-0.025732085,0.26444477,-0.61197215,0.49257395,-0.44036174,-0.73604596,0.7677195,0.6152729,-0.11706951,-0.59921646,1.1811631,0.42886737,0.0049558803,-0.2284506,0.5863439
165,4222,-0.26289123,0.42082036,0.50289124,0.28686535,-0.00715816,0.08006461,-0.08985507,0.025135353,-0.07019982,-0.21781066,0.10036367,0.2131784,-0.009386733,-0.17230824,0.07650122,0.21380171
165,4224,0.38295215,0.23385258,0.19058864,0.13147858,-0.11324258,-0.20690553,-0.3540271,0.38044226,-0.17663369,0.17671186,0.5825213,-0.23963661,0.49370372,-0.18385623,-0.011860281,-0.88559854
165,4240,-0.4260686,0.4891792,0.23495054,0.30969822,0.34589162,0.19661005,0.620684,-0.31050104,0.20664084,-0.17142525,0.283687,-0.03555715,-0.6043708,-0.38991594,0.0800232,0.8905281
165,4249,-0.63911587,0.48012155,0.6361126,0.6379991,-0.35357153,0.57478505,0.059069768,-0.2039505,-0.37175837,-0.41319942,0.08903468,0.061519086,-0.29064858,-0.080074385,0.18827917,0.25096324
165,4254,-0.32526666,-0.45777798,-1.0545386,-0.3493887,-0.36667213,0.6274151,0.32933027,-0.5336584,0.4378542,0.3865524,-0.48515177,-0.15757269,0.14581859,-0.28703466,-0.2977129,0.11301851
165,4269,0.039186105,0.18919243,0.3867518,0.33780253,-0.31791437,0.43482095,-0.41756868,0.24206027,-0.61018157,-0.1524781,0.1782497,0.03793262,0.20309994,0.2209743,0.39901656,-0.5653926
165,4278,0.48918945,0.012034863,0.16116408,-0.5957206,0.5866244,-0.4505549,-0.5232268,0.71540296,0.59829926,-0.025910005,-0.41423655,0.99651366,0.2502965,-0.026591808,-0.12049037,0.5899713
165,4282,-0.4862169,0.4925049,0.34322032,0.33909842,0.18482903,0.17584579,0.38386977,-0.28352934,0.15875208,-0.2211087,0.18054228,0.049779058,-0.350482,-0.37778506,-0.010249183,0.7271724
165,4287,0.44136438,0.11564925,-0.0010029376,0.007755555,-0.101472095,-0.3111105,-0.2634272,0.28423882,-0.08039161,0.2998653,0.55246127,-0.35794342,0.5321578,-0.21998711,-0.11679265,-0.9457443
165,4292,0.4575695,0.3089463,-0.19501916,-0.22723195,0.95539355,-0.27044103,0.7426414,0.19429874,0.38984045,0.25361347,0.550784,-0.04509446,-0.84292597,-0.22675984,0.4136017,0.79288363
165,4295,0.0089285225,-0.24855863,-0.7564057,-0.21864668,-0.2990142,0.33587927,0.12218295,-0.20892039,0.28564313,0.42835578,-0.043904483,-0.2837212,0.37954873,-0.34866205,-0.24159771,-0.34692046
165,4296,-0.5291115,0.43777746,0.6234478,0.5825421,-0.38620296,0.5028523,-0.07655878,-0.112103045,-0.40456808,-0.36292964,0.07905984,0.077432215,-0.15227841,-0.032525748,0.19845605,0.08253533
165,4297,-0.18402892,-0.5130898,-1.0225582,-0.329266,-0.42145845,1.051451,0.02323556,-0.26689887,0.12526682,0.330119,-0.6182938,0.077227116,0.22408713,-0.0696879,0.11179072,0.0063996315
165,4307,-0.33674598,-0.2887789,-0.83033895,-0.24963763,-0.27056292,0.011378095,0.538865,-0.6600683,0.6164427,0.38559788,-0.14872631,-0.43847123,0.04921855,-0.43446535,-0.66353285,0.046520114
165,4315,-0.14139003,0.3086279,0.5295474,-0.010614626,-0.02286461,-0.09774743,-0.5914612,0.2928694,0.19908568,-0.2102187,-0.2906493,0.6847065,0.5759214,-0.23734215,-0.19511497,0.19238237
165,4318,0.33907598,0.082283355,0.3655883,0.050058857,-0.034928024,-1.2555835,0.04938519,0.060082376,0.37633434,0.006136447,0.6045008,-0.49443182,-0.041910633,-0.17933503,-0.9132527,-0.6243309
165,4330,-0.68579423,0.48209792,0.6539699,0.6803654,-0.41543883,0.64243907,0.055282637,-0.22678554,-0.41638482,-0.43722492,0.074507564,0.049226224,-0.3014211,-0.062333178,0.19852379,0.23721114
165,4342,0.05101335,-0.30175275,-0.7792003,-0.22192934,-0.3267678,0.48265058,0.026885226,-0.13669696,0.17800811,0.40827814,-0.105739444,-0.21551226,0.41204435,-0.2600016,-0.11675677,-0.40426418
