window_id,vehicle_id,z_0,z_1,z_2,z_3,z_4,z_5,z_6,z_7,z_8,z_9,z_10,z_11,z_12,z_13,z_14,z_15
130,23,0.68274605,-0.025308609,0.8368263,-0.049760565,0.5967884,-0.34087777,0.032532647,-0.3706512,-0.6177428,0.6857875,-0.43652815,0.23301698,-0.3768038,0.32218057,-0.33362043,0.32930106
130,3613,0.6827462,-0.025308609,0.8368263,-0.04976055,0.5967884,-0.34087777,0.032532647,-0.3706512,-0.6177428,0.68578756,-0.43652815,0.23301698,-0.37680382,0.32218057,-0.33362043,0.32930106
130,4097,0.6827462,-0.025308609,0.8368263,-0.04976052,0.59678835,-0.34087777,0.032532647,-0.3706512,-0.6177428,0.68578756,-0.43652803,0.23301698,-0.37680382,0.32218057,-0.33362043,0.329301
130,143,-0.21466678,-1.3512686,0.97784686,1.5627823,-0.8131928,0.17215115,-0.15959069,0.7132674,0.546703,-1.5225557,0.058469206,0.44543827,0.51968074,0.32506686,-0.4392991,0.09427117
130,205,-0.29563797,-0.13299042,1.0473088,0.41395777,0.2695533,-0.12344905,0.35299736,-0.18611977,0.3610384,-0.0025523677,0.59615177,0.7285703,-0.47609162,0.6452978,-0.33448803,-0.16514333
130,615,-0.29818466,-0.12641266,1.0143527,0.40095997,0.2588004,-0.12083314,0.3463543,-0.17281158,0.35935518,-0.011320971,0.59193575,0.714532,-0.46969837,0.63233286,-0.3255034,-0.16738415
130,2498,-0.19035885,-1.3711631,0.96794295,1.5796391,-0.83208925,0.16429105,-0.18413404,0.7375271,0.4951778,-1.5194856,0.048609227,0.4807024,0.5386943,0.32180387,-0.45981002,0.1348321
130,3976,-0.7681279,-0.36281145,0.63629025,0.29496747,-0.17325458,0.024699293,0.18692777,0.048406452,0.81856656,-0.41433924,0.6259068,0.2924233,-0.24820626,0.740275,-0.1823683,-0.60893077
130,1518,0.6827462,-0.025308609,0.8368263,-0.049760535,0.59678835,-0.34087777,0.032532644,-0.3706512,-0.6177428,0.6857877,-0.43652803,0.23301698,-0.37680382,0.32218057,-0.33362043,0.32930106
130,2095,0.6827462,-0.025308609,0.8368263,-0.049760535,0.5967884,-0.3408778,0.032532647,-0.3706512,-0.6177428,0.68578756,-0.43652815,0.23301698,-0.3768038,0.32218057,-0.33362043,0.329301
130,2336,0.08870271,0.042228527,1.1843978,-0.092512965,0.407471,-0.15422055,0.16943377,-0.12279904,-0.26843917,0.53684485,0.062434502,0.47648412,-0.7174095,0.84668714,-0.59456277,0.04877065
130,2542,0.6827462,-0.025308609,0.8368263,-0.04976055,0.5967884,-0.34087777,0.032532644,-0.3706512,-0.6177428,0.68578756,-0.43652815,0.233017,-0.3768038,0.32218057,-0.33362043,0.32930106
130,1267,-0.29563797,-0.13299042,1.0473088,0.41395783,0.26955333,-0.12344905,0.35299736,-0.18611978,0.3610384,-0.0025523528,0.59615177,0.7285703,-0.47609162,0.64529777,-0.3344881,-0.16514331
130,781,0.10240206,0.049180016,1.2015105,-0.10189745,0.4103079,-0.14901747,0.18311796,-0.102990165,-0.291315,0.5483072,0.03652838,0.43396187,-0.74904585,0.8478181,-0.6044687,0.066308424
130,2055,0.6827462,-0.025308624,0.8368263,-0.049760535,0.59678835,-0.3408778,0.032532644,-0.3706512,-0.6177428,0.6857876,-0.4365281,0.233017,-0.3768038,0.32218057,-0.3336205,0.32930106
130,2690,0.6827462,-0.025308609,0.8368263,-0.049760535,0.59678835,-0.3408778,0.032532644,-0.3706512,-0.6177428,0.6857876,-0.4365281,0.233017,-0.3768038,0.32218057,-0.33362043,0.32930106
130,3413,0.6827462,-0.025308594,0.8368263,-0.04976055,0.5967884,-0.3408778,0.032532644,-0.3706512,-0.6177428,0.68578756,-0.4365281,0.233017,-0.37680382,0.32218057,-0.33362043,0.32930106
130,3766,-0.19035885,-1.3711631,0.96794295,1.5796392,-0.83208925,0.16429104,-0.184134,0.737527,0.49517778,-1.5194856,0.048609227,0.4807024,0.5386944,0.32180387,-0.45981008,0.13483213
130,2751,0.6827462,-0.025308609,0.8368263,-0.04976055,0.5967884,-0.3408778,0.032532644,-0.3706512,-0.6177428,0.6857876,-0.43652815,0.23301698,-0.3768038,0.32218057,-0.33362043,0.329301
130,593,0.6827462,-0.025308609,0.8368263,-0.04976055,0.5967884,-0.3408778,0.032532644,-0.37065116,-0.6177428,0.6857876,-0.4365281,0.23301698,-0.37680382,0.32218057,-0.3336205,0.329301
130,3087,-0.21466677,-1.3512686,0.9778466,1.5627823,-0.81319284,0.17215118,-0.15959069,0.71326727,0.546703,-1.5225556,0.0584692,0.44543827,0.5196808,0.32506686,-0.43929905,0.09427117
130,1349,-0.7681278,-0.36281148,0.6362903,0.29496747,-0.17325455,0.0246993,0.18692777,0.048406452,0.81856644,-0.41433924,0.6259069,0.29242328,-0.24820626,0.740275,-0.1823683,-0.60893077
130,3202,0.6827462,-0.025308594,0.8368263,-0.049760535,0.5967884,-0.3408778,0.032532644,-0.3706512,-0.6177428,0.6857876,-0.4365281,0.23301698,-0.37680382,0.32218057,-0.3336205,0.32930106
130,2,-0.5919262,-0.13775218,0.2492574,0.003479123,-0.029306673,0.008174561,0.12698959,-0.16222584,0.7838776,-0.17425483,0.560516,0.18278804,-0.19506949,0.4165537,0.09307867,-0.60861564
130,3,0.22818434,-0.66558963,-0.27136537,0.50974697,-0.7196061,-0.10158787,-0.6067574,0.88894415,-1.0548878,-0.3795119,-0.0183288,0.9833461,0.49257818,0.1363306,-0.6128236,0.7968391
130,5,-0.31941137,-1.0271277,0.91593933,1.1466575,-0.632629,0.43912604,-0.15887171,0.45387346,0.70635223,-1.114033,-0.0126568675,0.047733746,0.45142385,0.3897816,-0.40966725,-0.19709495
130,22,0.52751946,0.012680978,0.43878013,0.070814565,0.4874843,-0.38110465,0.11317309,-0.3596113,-0.33734706,0.35639453,-0.27647734,0.19804278,-0.18795699,-0.023789853,-0.04928767,0.25449312
130,32,-0.48210672,0.024047501,-0.32576165,-0.88743544,-0.34920493,0.33955336,-0.40961057,0.3017377,-0.064254016,0.39939594,0.18042104,0.12192798,-0.18383938,0.70564735,-0.28154904,-0.55250704
130,35,-0.44468904,0.15026085,-0.6584089,-0.6915249,-0.17803538,-0.083939835,-0.092535645,0.15768638,0.05742179,0.119631015,0.38193756,0.13266055,-0.23337269,0.21767323,0.18859555,-0.3947974
130,44,-0.30604348,0.15457805,-0.8763194,-0.69393873,-0.28987846,-0.15008608,-0.16402274,0.3543292,-0.33894822,0.09103712,0.26821333,0.23763606,-0.13288502,0.11484971,0.097374186,-0.12749955
130,46,0.1349777,-0.09577091,0.5191531,0.39901376,0.42980114,-0.30248576,0.1645469,-0.5401398,0.2733857,0.05519738,0.21364754,0.5023496,-0.059676245,0.01793772,0.0699043,-0.040049955
130,73,0.19481936,0.106763035,-0.4884615,0.26788324,0.2849106,-0.447095,0.24910921,-0.5300868,0.29032442,-0.2263056,0.19495468,0.23430401,0.2767654,-0.8194048,0.6977278,0.116240636
130,85,0.31053033,0.016883247,1.0677298,-0.01223889,0.49612036,-0.25555718,0.15562087,-0.24540693,-0.37081382,0.54895973,-0.096590266,0.41588426,-0.5714997,0.5965781,-0.46501637,0.16601847
130,88,-0.42100954,0.037302673,-0.25476825,-0.74866545,-0.28761095,0.37045082,-0.37419915,0.22710398,0.0025155842,0.36393413,0.12762931,0.044053577,-0.109972686,0.6085214,-0.26813602,-0.51326495
130,92,0.39595214,0.018472448,0.73299366,0.018550694,0.47858003,-0.30930525,0.1327049,-0.28774536,-0.3394371,0.44078246,-0.17446227,0.30497214,-0.38157177,0.29336965,-0.25482607,0.19614868
130,101,-0.1664012,-0.034541905,-0.8153608,-0.5548793,-0.43742588,-0.10805343,-0.41533983,0.6277537,-0.78116584,0.12194688,0.16208246,0.58806324,0.036598273,0.25240853,-0.25904822,0.16354962
130,109,0.27719402,-0.7736211,-0.21126701,0.67141515,-0.7758142,-0.124977,-0.6221642,0.94601476,-1.0728822,-0.49634013,-0.032047093,1.0532995,0.55491024,0.10394538,-0.6357534,0.8793955
130,110,-0.673394,-0.22122899,0.39212787,0.10152452,-0.07616549,0.019701585,0.15192124,-0.11278871,0.83311033,-0.2519742,0.60842294,0.21964061,-0.21854854,0.5347642,0.013667926,-0.6356694
130,117,-0.78956723,-0.33863288,0.5650063,0.20333292,-0.17201513,0.028103359,0.16804805,0.037406135,0.8166468,-0.35877666,0.64748067,0.2844069,-0.27440545,0.7444099,-0.14584209,-0.6454362
130,122,-0.325379,0.1584572,-0.87510335,-0.79403037,-0.31580618,-0.087460995,-0.2340017,0.35175472,-0.34986195,0.17698449,0.27529693,0.2371133,-0.13653356,0.19013613,0.0570034,-0.1960024
130,127,-0.030129656,-0.11417787,0.7465517,0.41643512,0.3754432,-0.23624215,0.2430265,-0.4132544,0.3098489,0.038158543,0.37062258,0.60380787,-0.22876823,0.2687679,-0.09061159,-0.08610101
130,141,0.10065696,0.21879962,0.25258762,0.03615026,0.047817275,1.0051249,-0.24748716,-0.31894854,0.3051219,0.31591266,-0.5967195,-0.84288126,0.60575074,-0.1031301,-0.24843822,-0.22305608
130,146,0.702777,-0.007303372,0.20800506,0.27498406,0.5524123,-0.5089954,0.0855843,-0.5479822,-0.25435936,0.22885287,-0.31590867,0.18093818,0.09652536,-0.43395233,0.2012679,0.32092607
130,147,0.4070414,0.108309984,-0.118416525,0.109536216,-0.22994834,0.65247667,-0.40802357,0.015065579,-0.5549123,0.20832011,-0.5945315,-0.1636167,0.738541,-0.28570616,-0.33867306,0.3705436
130,154,-0.040324792,0.13413519,-0.45787686,0.10197975,0.2059266,-0.30166888,0.24320453,-0.48978457,0.51418,-0.19779414,0.3643536,0.15726891,0.14479321,-0.6329152,0.6839807,-0.10688019
130,155,0.48695448,0.2598863,0.43752378,-0.10083223,0.29467446,-0.2834309,0.47867104,0.32875404,-0.5487429,0.09386086,-0.5985469,-0.8937174,-0.7823418,-0.0764447,-0.07101494,0.5307384
130,166,-0.23537652,0.0029481351,-0.747612,-0.61284804,-0.3885982,-0.06351241,-0.37399486,0.5267128,-0.59163,0.15461972,0.19756702,0.47983533,-0.023958176,0.2935262,-0.20250113,0.008455351
130,171,-0.016991243,0.21767297,0.25628656,-0.047901526,0.06982137,0.94233084,-0.21011186,-0.32206106,0.43764308,0.31322715,-0.48066676,-0.82466835,0.47431085,-0.002373591,-0.21086045,-0.36030066
130,175,-0.5805697,-0.0086705685,-0.14552075,-0.3618939,-0.08854174,-0.0139803365,0.014373297,-0.015688512,0.5231246,-0.0211985,0.5139331,0.13062103,-0.24842554,0.38694525,0.14575908,-0.5939137
130,178,-0.117774814,0.2703767,-0.963826,0.053352132,-0.056552492,-0.42994177,0.30181605,0.15946075,-0.056330204,-0.4766269,0.20934856,-0.1319845,0.018646285,-0.7832591,0.6324769,0.260615
130,183,-0.22952268,0.16640954,-0.40151143,-0.20222935,0.14927316,-0.115850344,0.10196499,-0.40634373,0.6257231,-0.02447059,0.41305208,-0.0033697933,0.013597123,-0.3020653,0.55670846,-0.4058813
130,185,0.28812572,0.18592298,0.26252997,0.2333961,0.009297699,1.0149937,-0.26391262,-0.29278913,0.08920455,0.24613923,-0.74178666,-0.7854881,0.7772185,-0.26916564,-0.28777647,0.026068598
130,197,-0.05353734,0.20282361,0.23315386,-0.073044404,0.0635286,0.8669096,-0.19012406,-0.29125142,0.4424249,0.28519404,-0.41933328,-0.75516206,0.41067085,0.033540595,-0.19254883,-0.37739283
130,199,-0.18351644,0.46602666,0.3473369,0.061177,-0.2824115,-0.13675216,1.0776052,1.4434335,-0.11286855,-0.8140252,-0.25288808,-2.1341705,-1.6203276,-0.04853341,0.04171454,0.7780089
130,206,-0.46297258,0.15217148,-0.6472844,-0.6991698,-0.1633363,-0.07551627,-0.08914895,0.12440899,0.111591935,0.12902513,0.40580183,0.11868872,-0.23849726,0.21884762,0.21390656,-0.43328038
130,210,0.7545413,-0.019230902,0.8673214,-0.03345786,0.63124126,-0.36371127,0.057648543,-0.3714081,-0.68604374,0.7040445,-0.50831676,0.18119565,-0.39634326,0.27556902,-0.32842815,0.38657236
130,223,-0.4479405,0.07073481,-0.5665983,-0.81832695,-0.29657528,0.06583163,-0.29878747,0.29421556,-0.11735731,0.27952027,0.31762028,0.23405254,-0.21140134,0.48693785,-0.091339365,-0.424667
130,224,0.575485,0.006507933,0.3700158,0.10422625,0.50117844,-0.40992144,0.10749652,-0.39776754,-0.33381602,0.33331287,-0.30275953,0.18072093,-0.12400198,-0.12163016,0.011557866,0.27534753
130,237,0.6093714,-0.025297105,0.18428387,0.30960345,0.53291166,-0.50368655,0.11301094,-0.5745179,-0.14920402,0.18110031,-0.22215785,0.24438177,0.1049389,-0.42360485,0.23225535,0.2729569
130,241,0.28836414,-0.7801058,-0.19744207,0.7100465,-0.76783174,-0.13377258,-0.6112696,0.94018734,-1.061059,-0.51988834,-0.034369856,1.0525779,0.5643808,0.082363,-0.6290103,0.8947805
130,243,0.20014778,0.4175019,0.31861752,-0.017151624,-0.0065221786,-0.22969726,0.87981915,0.98423904,-0.38340238,-0.44671708,-0.5402474,-1.772395,-1.2654543,-0.20136926,0.058599856,0.74305546
130,258,-0.12928037,0.28730536,-1.0099851,0.05572383,-0.10763971,-0.43738925,0.30053553,0.3018964,-0.17461824,-0.52508587,0.16107404,-0.17749076,-0.011891767,-0.76593864,0.57334024,0.32900763
130,263,0.2549415,0.19810829,0.27112693,0.21386845,0.034251306,1.0077847,-0.24463132,-0.31222203,0.156142,0.24778128,-0.71542495,-0.81144065,0.7445936,-0.25217617,-0.2678597,-0.0239034
130,279,0.098164946,0.21625814,0.242326,0.03376767,0.046252415,0.9822663,-0.24255365,-0.31010696,0.2977642,0.30668843,-0.58381146,-0.8210051,0.5941728,-0.10172911,-0.24282502,-0.21804225
130,283,-0.28467208,-0.091041625,-0.6041505,-0.6605454,-0.45641947,0.022702768,-0.44910073,0.59764075,-0.6016047,0.21378973,0.18407676,0.5450485,-0.06249113,0.5183002,-0.34600335,-0.052132428
130,291,0.2282272,0.08024654,-0.41833055,0.3098076,0.32418087,-0.45732608,0.23711002,-0.5864656,0.2966375,-0.19513357,0.1807859,0.26623178,0.28424302,-0.80576396,0.6839889,0.11457007
130,302,0.17106572,0.01676403,-0.1771762,0.31521267,0.34785336,-0.3946534,0.19329894,-0.59342444,0.34541684,-0.110455304,0.18462957,0.32872975,0.19121239,-0.55385077,0.52077603,0.01862289
130,305,-0.026408747,0.10692462,-0.41489726,0.15261091,0.2034041,-0.32531315,0.2544804,-0.45331433,0.45811525,-0.21843481,0.33279067,0.21149522,0.1373398,-0.5976014,0.62665814,-0.055041164
130,309,-0.6877245,-0.23459598,0.4144296,0.11573802,-0.08291356,0.021931529,0.15585461,-0.10833453,0.84488595,-0.26255438,0.6187049,0.22490342,-0.22264361,0.5532272,0.003910221,-0.6430472
130,312,-0.49782664,-0.0027225167,-0.33992937,-0.9135625,-0.3830992,0.32993025,-0.42871127,0.34731185,-0.10788861,0.40201318,0.19157597,0.16505656,-0.199543,0.74953467,-0.3045448,-0.5471161
130,313,-0.021505952,0.21392617,0.24977641,-0.04809101,0.06953329,0.919379,-0.20282307,-0.3141141,0.4354533,0.30192807,-0.46707988,-0.80453473,0.46084985,0.00068329275,-0.20461465,-0.3579526
130,314,0.043720514,0.11894802,-0.5250571,0.20456173,0.2011481,-0.40280035,0.29799455,-0.42967254,0.35210168,-0.27958038,0.28960598,0.21637592,0.19008201,-0.73795164,0.6799965,0.06840621
130,325,0.14757591,-0.07464947,0.14032023,0.31986356,0.3835326,-0.37236017,0.1784428,-0.5410476,0.27252087,0.0018394664,0.14064912,0.41049397,0.03997635,-0.2130591,0.2562354,0.002258405
130,338,0.17353609,0.027820162,-0.20831127,0.30453062,0.3401507,-0.39525738,0.19261765,-0.58384,0.3385958,-0.1188354,0.1824818,0.31580442,0.20029631,-0.57570314,0.53484416,0.023533687
130,340,-0.27320075,0.16544625,-0.9463699,-0.7326018,-0.32016492,-0.14835408,-0.20597982,0.38570577,-0.43498442,0.11556605,0.2502762,0.26330423,-0.09979478,0.09150748,0.08451676,-0.0861253
130,342,-0.34291273,0.15296084,-0.82613295,-0.79487437,-0.3036513,-0.06682007,-0.2325984,0.33010492,-0.2981772,0.18769401,0.2818275,0.22430809,-0.1499892,0.22372141,0.048233487,-0.23685797
130,343,0.33800748,0.021970473,0.87359214,-0.010478273,0.47341138,-0.27278408,0.13720739,-0.2545389,-0.3446646,0.48352137,-0.1309839,0.35047814,-0.46859545,0.44346088,-0.35425878,0.16741346
130,362,-0.35342836,-0.08123301,-0.5297007,-0.74463433,-0.45056286,0.0977094,-0.4478563,0.54767996,-0.47773716,0.26735055,0.1965879,0.46552825,-0.11623685,0.6131399,-0.34465325,-0.19190319
130,363,-0.2122737,-0.005907476,-0.7635561,-0.58785707,-0.39793366,-0.07804867,-0.38084254,0.5516427,-0.64109826,0.13966316,0.1846565,0.50723404,-0.0047086477,0.27396446,-0.21499456,0.05558984
130,364,0.21217957,0.025232747,1.145303,-0.036463022,0.465273,-0.21297391,0.16240871,-0.19988213,-0.32642403,0.54809064,-0.019483298,0.46131992,-0.63632137,0.719727,-0.5325102,0.11366372
130,367,0.093242496,0.12565905,-0.52861375,0.20199306,0.215089,-0.40907213,0.27342328,-0.42290375,0.30260518,-0.26572293,0.23960157,0.20700872,0.21545106,-0.7511449,0.6648673,0.08938001
130,375,0.27719402,-0.773621,-0.211267,0.6714152,-0.77581424,-0.12497701,-0.62216413,0.94601464,-1.0728822,-0.49634007,-0.032047093,1.0532995,0.5549103,0.103945374,-0.6357534,0.8793956
130,381,-0.17987363,0.19723988,0.1816112,-0.20881483,0.04991433,0.7679162,-0.17786369,-0.2544228,0.50864923,0.29477772,-0.26965952,-0.66720986,0.2578325,0.15802398,-0.16349177,-0.499784
130,394,-0.280815,0.16491121,-0.92246765,-0.7121754,-0.30474436,-0.15217058,-0.18538001,0.36983803,-0.39638713,0.101478316,0.2546128,0.24906616,-0.10917606,0.08917851,0.09549706,-0.097848915
130,404,-0.19096847,0.19718333,-0.5333896,-0.15463136,0.10850041,-0.17789555,0.13286425,-0.28978178,0.4707809,-0.11346251,0.36079788,-0.037336767,0.029880509,-0.41850764,0.57292056,-0.26153517
130,405,-0.7363827,-0.25038722,0.38200778,0.051698938,-0.1451836,0.021200553,0.12658936,0.013506895,0.75580525,-0.26691195,0.6160192,0.23620062,-0.266659,0.64967525,-0.062380552,-0.6436499
130,422,-0.08826519,0.5456549,0.2458034,0.05522956,-0.29193127,-0.1755592,1.2109079,1.5680034,-0.207277,-0.9186996,-0.4339869,-2.5145085,-1.7049333,-0.23903853,0.13935775,0.91302145
130,423,0.1850408,0.11012627,-0.49230927,0.2546314,0.2755641,-0.44062787,0.2469562,-0.5120751,0.28519535,-0.2275171,0.19463475,0.22899777,0.26920223,-0.80495155,0.6870525,0.11254902
130,433,0.47025982,-0.083808124,0.21086149,0.44218445,0.5445049,-0.43989673,0.05175397,-0.76804733,0.1761572,0.084090866,-0.03979644,0.36103773,0.21647415,-0.43206716,0.32888186,0.08956395
130,438,0.29583824,0.14984927,0.18415405,0.21094991,-0.046928316,0.89711475,-0.2765542,-0.20526943,-0.043300554,0.20937777,-0.6849491,-0.6142234,0.7362325,-0.25031072,-0.2917837,0.097048566
130,442,-0.7688674,-0.3403017,0.5881076,0.24446015,-0.15362483,0.028630137,0.17872047,-0.0023430511,0.8521937,-0.3708714,0.6470428,0.27626258,-0.24890476,0.7075424,-0.12715176,-0.64192265
130,444,0.5271503,-0.08364169,0.20536734,0.45954895,0.5655183,-0.469126,0.05650854,-0.7823002,0.13140096,0.095754676,-0.074495554,0.3525445,0.23175448,-0.4794708,0.34086692,0.13285752
130,448,0.5479585,-0.02804412,0.14461656,0.31544906,0.50714815,-0.4756669,0.089996226,-0.5817248,-0.06735194,0.13966683,-0.16812567,0.25948673,0.13549557,-0.42308897,0.25370592,0.2170396
130,460,0.494575,0.08981828,-0.28632304,0.07738833,-0.326831,0.5252681,-0.48940048,0.1270915,-0.8539486,0.21054655,-0.5617898,0.0793406,0.7677237,-0.33335534,-0.36848474,0.54537374
130,461,0.11674902,-0.04208082,0.041939527,0.3027172,0.35505953,-0.35212612,0.17173642,-0.5462075,0.33310604,-0.03995782,0.17344834,0.38129675,0.07811741,-0.29121327,0.33224702,-0.031154752
130,465,0.0110477805,-0.097523645,0.42952675,0.35236484,0.34806266,-0.29241222,0.2279594,-0.42892763,0.30044153,-0.0008170977,0.27860183,0.5069444,-0.11762213,0.05918458,0.066109404,-0.052121833
130,469,0.2883641,-0.7801059,-0.19744208,0.7100464,-0.7678318,-0.13377258,-0.6112696,0.94018716,-1.061059,-0.5198884,-0.03436987,1.0525777,0.5643808,0.082363,-0.6290103,0.8947805
130,470,0.13689971,0.00673151,-0.12908058,0.29046828,0.33229092,-0.37215373,0.18531173,-0.5509516,0.33689445,-0.095521204,0.18417816,0.33605087,0.14898434,-0.4624436,0.45575345,-0.0025221258
130,481,0.53865623,0.07480459,-0.2572561,0.101180896,-0.36265162,0.6238518,-0.5375086,0.13051054,-0.91721845,0.2454026,-0.64309806,0.036627628,0.8474105,-0.3423379,-0.42288858,0.58633345
130,485,-0.04604742,-1.3314892,0.6998031,1.481722,-0.9041601,0.09074244,-0.34310204,0.88132066,0.0035179108,-1.346864,0.021661177,0.7038386,0.6120713,0.269001,-0.5762568,0.4269495
130,495,0.27586022,0.18706523,0.27413434,0.22950919,0.016502764,1.023858,-0.25891086,-0.30017036,0.115775265,0.24840993,-0.7395421,-0.803689,0.76986927,-0.2591579,-0.28574115,0.0060021877
130,498,-0.4131987,0.14211978,-0.6997923,-0.69499236,-0.22094572,-0.09974129,-0.111565776,0.23660523,-0.0680581,0.10988677,0.33963698,0.16776879,-0.2229256,0.2230313,0.13468355,-0.31689277
130,514,0.06464401,0.1183919,-0.52395874,0.21041517,0.20852834,-0.40947062,0.2909703,-0.43006748,0.33110344,-0.2746802,0.2702493,0.21910632,0.2003901,-0.74456435,0.67422366,0.08071728
130,529,-0.09934341,0.23115157,-0.8010423,0.024598897,0.034901384,-0.3773177,0.2716789,-0.06572637,0.15027916,-0.36116618,0.26264763,-0.040774703,0.053851508,-0.7122626,0.6516529,0.10542874
130,536,0.16636527,0.19056514,0.16755573,0.10153653,0.02133918,0.8220618,-0.21576145,-0.24193719,0.15012917,0.21446604,-0.5535376,-0.640252,0.58950317,-0.17317927,-0.2164007,-0.07181801
130,540,-0.4915551,0.10181057,-0.5416741,-0.86744255,-0.26731154,0.08387677,-0.2626983,0.23064545,-0.0006490797,0.29678366,0.34226424,0.15868911,-0.25978374,0.5042603,-0.038175046,-0.5212891
130,545,-0.46339205,0.040972933,-0.29931468,-0.8383476,-0.312255,0.33753094,-0.38033488,0.25908652,-0.016184926,0.37993547,0.16989157,0.087557204,-0.16936263,0.65976,-0.2575395,-0.54920566
130,548,0.61295927,-0.013425961,0.20221971,0.2666667,0.5236102,-0.49039924,0.11189178,-0.5308873,-0.19370404,0.20394325,-0.24993156,0.21705334,0.06870646,-0.38236088,0.19651747,0.2797914
130,552,0.5051496,-0.08075783,0.20013969,0.44703954,0.5535977,-0.4568144,0.053866915,-0.76898956,0.1434055,0.09016829,-0.06345472,0.35098547,0.22541422,-0.4626184,0.33556002,0.11771031
130,557,0.8578756,0.031684466,0.8731549,-0.030177891,0.66326964,-0.39273617,0.15248677,-0.2975471,-0.80240285,0.6745365,-0.6681853,-0.043060243,-0.4749844,0.15694156,-0.29200906,0.5051381
130,562,-0.4272322,0.14911404,-0.68687934,-0.696903,-0.20169985,-0.09347731,-0.10168139,0.20082664,-0.01355055,0.1142975,0.35832208,0.14884393,-0.22844821,0.21677394,0.16264121,-0.35205984
130,563,-0.20761156,0.18346843,-0.47190344,-0.18045375,0.13059685,-0.14791992,0.11711354,-0.3521127,0.547153,-0.06746726,0.3863306,-0.019737378,0.025291704,-0.36580274,0.56798023,-0.33384427
130,576,0.22285408,0.19469102,0.24114685,0.17780028,0.031590782,0.9480605,-0.23301071,-0.2901652,0.16071334,0.23565048,-0.66183245,-0.7587991,0.6914863,-0.22343212,-0.25053787,-0.043856457
130,585,-0.46349528,0.05574526,-0.23603895,-0.7976751,-0.27428278,0.39419657,-0.36174968,0.19956674,0.07229334,0.38619202,0.14381783,-0.00037495792,-0.14673205,0.6432113,-0.25224578,-0.5862669
130,596,0.27586022,0.18706523,0.27413434,0.22950919,0.016502764,1.0238577,-0.2589108,-0.3001704,0.11577528,0.24840996,-0.7395423,-0.80368894,0.7698693,-0.25915793,-0.28574115,0.006002173
130,597,0.5750171,0.19496897,0.49096656,-0.09991489,0.39493725,-0.30620062,0.3459792,0.114709646,-0.5916374,0.2567386,-0.601142,-0.58450097,-0.6199912,-0.03362398,-0.110609755,0.47267556
130,603,-0.31867617,0.02997408,-0.6638844,-0.68438935,-0.3453575,-0.009162441,-0.34005365,0.4252416,-0.3889505,0.20115125,0.24367747,0.37774134,-0.09399864,0.36725315,-0.15723796,-0.1670962
130,604,-0.28467208,-0.091041595,-0.6041504,-0.66054535,-0.4564195,0.022702754,-0.44910073,0.59764075,-0.6016047,0.21378976,0.18407676,0.54504853,-0.062491134,0.5183002,-0.34600335,-0.052132443
130,610,-0.20925632,-0.123055786,0.8891102,0.40436077,0.2876528,-0.17260978,0.32617489,-0.24011016,0.3318047,-0.0054321066,0.5178335,0.6750219,-0.38808388,0.48863685,-0.23359634,-0.12346329
130,612,-0.2122737,-0.005907461,-0.7635562,-0.5878571,-0.39793366,-0.07804867,-0.38084248,0.55164266,-0.64109826,0.13966316,0.1846565,0.5072339,-0.0047086403,0.27396446,-0.21499456,0.05558987
130,619,0.03025651,0.22533563,0.24229409,-0.0024812073,0.079037756,0.919706,-0.200497,-0.3249993,0.39863998,0.2894972,-0.5030486,-0.80880636,0.50745773,-0.0612749,-0.19993068,-0.2992744
130,628,0.12775198,-0.072295904,0.12484209,0.32923847,0.37942094,-0.36498877,0.18055838,-0.5605643,0.31591374,-0.013004437,0.16501372,0.41406983,0.050415672,-0.2335538,0.2851194,-0.017825916
130,635,-0.006955594,0.21956475,0.25104022,-0.037840664,0.07275267,0.9318931,-0.2060292,-0.32176673,0.42896205,0.30557635,-0.48269564,-0.81736636,0.47905436,-0.016143426,-0.20626928,-0.3459769
130,655,-0.70088005,-0.1875841,0.24536218,-0.061850443,-0.12874207,0.015094399,0.09563489,0.0013661124,0.7058264,-0.19899818,0.5944506,0.20476863,-0.2639258,0.5848969,-0.0040171966,-0.6408852
130,666,-0.23767287,0.15502648,-0.3414796,-0.22390012,0.16794714,-0.08865622,0.08612713,-0.45004296,0.6818277,0.013531655,0.42377293,0.012789257,0.009094164,-0.2491109,0.54017293,-0.46227312
130,670,-0.15931588,0.40589765,0.4584192,0.06709479,-0.20041266,-0.14175078,0.9681734,1.2588985,-0.11983219,-0.66673183,-0.19753136,-1.7993894,-1.5080322,0.058893993,-0.03213522,0.6982407
130,686,-0.1664012,-0.03454192,-0.81536084,-0.5548793,-0.4374259,-0.10805343,-0.4153398,0.6277536,-0.7811657,0.121946864,0.16208246,0.58806324,0.036598273,0.25240853,-0.25904822,0.16354965
130,714,0.30804056,0.018541642,1.0217803,-0.013778105,0.48730192,-0.2555268,0.15001538,-0.2440731,-0.35846427,0.52996033,-0.098538265,0.4027341,-0.54754126,0.56696975,-0.4411788,0.15961854
130,718,-0.05353734,0.20282361,0.23315386,-0.073044404,0.0635286,0.8669096,-0.19012406,-0.29125145,0.4424249,0.28519404,-0.41933322,-0.75516206,0.41067085,0.033540595,-0.19254883,-0.37739283
130,728,-0.4634953,0.05574526,-0.23603895,-0.7976751,-0.27428278,0.39419657,-0.36174965,0.19956672,0.07229334,0.38619202,0.14381783,-0.00037495792,-0.14673205,0.64321125,-0.25224578,-0.5862669
130,729,-0.6379928,-0.08488026,0.024095759,-0.24032427,-0.103787474,0.00198628,0.04787919,-0.013954662,0.61254394,-0.09181432,0.5534733,0.15830839,-0.2585297,0.47741932,0.08502036,-0.62561893
130,730,-0.444689,0.15026085,-0.6584088,-0.691525,-0.17803538,-0.083939835,-0.09253562,0.1576864,0.05742179,0.119631,0.38193756,0.13266055,-0.23337272,0.21767323,0.18859556,-0.39479738
130,745,-0.70088005,-0.1875841,0.2453622,-0.06185043,-0.12874207,0.015094399,0.0956349,0.0013661124,0.7058264,-0.19899818,0.59445065,0.20476864,-0.2639258,0.5848969,-0.004017204,-0.6408851
130,758,0.2895084,0.13174626,0.10317321,0.1549644,-0.09662194,0.8119426,-0.3011411,-0.13562839,-0.15094435,0.20498818,-0.62923515,-0.48078263,0.69602144,-0.22170591,-0.29731017,0.13484026
130,763,-0.05353734,0.20282361,0.23315383,-0.073044404,0.0635286,0.8669096,-0.19012406,-0.29125142,0.4424249,0.285194,-0.41933322,-0.7551621,0.41067085,0.033540588,-0.19254883,-0.37739283
130,801,-0.100894876,0.22372997,-0.76782024,0.013825551,0.04411418,-0.363772,0.2613712,-0.08599298,0.17330445,-0.34083918,0.26539257,-0.025810763,0.05268515,-0.68116444,0.63712883,0.079359695
130,808,-0.25516078,0.016025081,0.30201775,-0.048912868,-0.053217344,0.7178955,-0.16766182,-0.15257214,0.5979098,0.085029356,-0.19577713,-0.5776768,0.24383399,0.24712764,-0.19713701,-0.5233838
130,810,-0.0191399,0.10632477,-0.42446828,0.16470097,0.20794609,-0.33528006,0.26208428,-0.4649554,0.45948163,-0.22435248,0.33565292,0.21603015,0.14523754,-0.62052596,0.64250773,-0.044860944
130,832,-0.39206135,-0.07540019,-0.47804177,-0.78179765,-0.4423269,0.14929596,-0.44446054,0.5124176,-0.3962725,0.29623908,0.198099,0.40677875,-0.14137264,0.66269964,-0.34442765,-0.27370006
130,840,0.22751752,0.19811556,0.2604428,0.19690086,0.044231683,0.96351194,-0.22474647,-0.30627128,0.18414867,0.23217624,-0.6752355,-0.786684,0.7019156,-0.23436901,-0.2476932,-0.047760814
130,856,-0.077428035,-0.11637765,0.7897683,0.41258645,0.35305923,-0.21703684,0.26190707,-0.36900875,0.31641132,0.02918525,0.40920413,0.6229194,-0.27154562,0.33100182,-0.13152862,-0.098024994
130,868,-0.15030962,0.55361587,0.22191204,0.056656346,-0.33649316,-0.15988979,1.2298051,1.6233577,-0.1564475,-0.97167385,-0.3868429,-2.5579295,-1.7357479,-0.2232238,0.14571759,0.9010885
130,876,0.15969917,0.12679763,-0.5569698,0.23954748,0.24417579,-0.4472023,0.27594745,-0.46677527,0.27197757,-0.2691983,0.20937228,0.20680961,0.26424032,-0.83752996,0.7086666,0.13457121
130,878,-0.12194435,0.2930817,-1.0020494,0.034946635,-0.11003622,-0.4222389,0.2821571,0.3094246,-0.18753305,-0.5067002,0.15174076,-0.1776603,-0.0075348094,-0.7429988,0.549938,0.32038325
130,880,0.21025509,0.09707928,-0.45621914,0.28003561,0.30181637,-0.44727975,0.23758069,-0.5522382,0.29194173,-0.20857131,0.18559994,0.2450649,0.27989298,-0.8074734,0.6872303,0.11123176
130,893,0.10962799,0.1994237,0.21029635,0.044814453,0.030344833,0.9123068,-0.23263046,-0.27154842,0.24182642,0.27027157,-0.55994827,-0.73978114,0.5758207,-0.10848145,-0.23460884,-0.17264447
130,906,-0.48399317,-0.028957188,-0.34832996,-0.87910503,-0.39547703,0.2887337,-0.42294547,0.38393217,-0.15170854,0.36991474,0.1958695,0.21958569,-0.19891289,0.74738705,-0.31279343,-0.4990887
130,909,0.5919322,-0.018175542,0.19330607,0.27739048,0.5191825,-0.48895344,0.113707595,-0.5407729,-0.16470814,0.19160366,-0.22614811,0.23401332,0.07727278,-0.3832165,0.20619802,0.2660603
130,924,0.573459,-0.019936875,0.14880435,0.3011986,0.5108797,-0.48543102,0.10120958,-0.56246567,-0.11180374,0.15449941,-0.19680153,0.24036112,0.1188738,-0.4261369,0.24387443,0.24361874
130,925,0.5675485,-0.052438334,0.16707282,0.3880396,0.5431904,-0.48734796,0.07651132,-0.6772748,-0.00052012503,0.12652239,-0.14329655,0.29673284,0.18812454,-0.47232342,0.2990954,0.20007335
130,932,0.15969917,0.12679763,-0.5569698,0.23954748,0.24417579,-0.44720227,0.27594745,-0.46677527,0.27197757,-0.2691983,0.20937228,0.20680961,0.26424035,-0.83753,0.7086666,0.13457118
130,937,-0.18578129,0.54257476,0.2534693,0.05775346,-0.3528503,-0.14373226,1.2211387,1.6332175,-0.1312195,-0.96425706,-0.34097135,-2.5268872,-1.758615,-0.17175323,0.11813049,0.8802618
130,947,0.28518882,0.14681005,0.16596253,0.19544677,-0.051882975,0.8658091,-0.27341473,-0.19099568,-0.052288383,0.20262197,-0.6607469,-0.5816875,0.7139228,-0.23947099,-0.2852159,0.09556691
130,951,-0.27909237,-0.09385377,-0.6225635,-0.66151655,-0.46586832,0.018083952,-0.45779994,0.6120546,-0.6298351,0.21379408,0.18239534,0.5578071,-0.054772805,0.51246595,-0.3516749,-0.034672245
130,953,-0.56793416,0.015727773,-0.19622914,-0.40332684,-0.08415514,-0.015988253,0.0044750758,-0.02010319,0.5016972,0.0027291402,0.5053676,0.11877661,-0.24733645,0.3624413,0.16633669,-0.59168816
130,954,-0.49253133,0.0029488057,-0.3340087,-0.901362,-0.37278733,0.32766053,-0.4197026,0.33539662,-0.09483236,0.39583772,0.18911104,0.15628085,-0.19649094,0.73593616,-0.29642004,-0.5463142
130,955,-0.18334232,-0.13632926,0.9553461,0.44162822,0.32551962,-0.17726395,0.31836912,-0.29882967,0.3484565,0.01521612,0.51396316,0.6971192,-0.37726703,0.49313942,-0.23619513,-0.12760434
130,961,-0.036739454,0.20665148,0.21852316,-0.0601054,0.06730601,0.8439146,-0.18416816,-0.28808448,0.4229357,0.27268726,-0.41926712,-0.73633033,0.41631845,0.010456555,-0.18380408,-0.35164464
130,967,-0.07324087,0.1806061,-0.6356175,0.033407524,0.1353708,-0.3357581,0.25294325,-0.3317306,0.37626004,-0.25124326,0.33925748,0.07456922,0.10898619,-0.6764695,0.6977271,-0.03786494
130,973,-0.48400673,0.03584577,-0.27169436,-0.8561371,-0.3192417,0.38659197,-0.39504156,0.2512514,0.0102624,0.4061583,0.16112384,0.051166795,-0.16746047,0.69476783,-0.2777899,-0.5864756
130,975,-0.20761156,0.18346843,-0.47190338,-0.18045375,0.13059685,-0.14791992,0.11711353,-0.35211268,0.547153,-0.06746726,0.3863306,-0.019737378,0.025291704,-0.36580276,0.5679802,-0.3338443
130,989,-0.15041065,0.19915013,0.23217021,-0.16971488,0.054221377,0.86059237,-0.1941075,-0.2853256,0.5205077,0.31705266,-0.34063727,-0.7519409,0.3219323,0.13643757,-0.19029696,-0.49277794
130,1001,-0.28130785,-1.162201,0.92206204,1.3078445,-0.71201736,0.30125567,-0.15573123,0.5737121,0.6252253,-1.2926075,0.032539792,0.23933776,0.4663969,0.36457923,-0.4152773,-0.07182658
130,1005,-0.05056575,0.1284882,-0.43108088,0.09483732,0.20001662,-0.2899292,0.23444706,-0.4697701,0.5074072,-0.19170487,0.35690898,0.1614052,0.13064098,-0.59027165,0.6506836,-0.115926184
130,1012,-0.113778435,0.24618614,-0.8594342,0.03085114,-0.006102022,-0.39439702,0.28191873,0.037028342,0.06337984,-0.40669504,0.23844354,-0.08020784,0.030936845,-0.72357494,0.6319133,0.16423987
130,1018,-0.7220073,-0.2762887,0.4810648,0.16524698,-0.10863718,0.025391124,0.16511655,-0.07507165,0.857865,-0.30304804,0.6359316,0.24332175,-0.23141,0.6099445,-0.03999059,-0.64878637
130,1020,0.14648914,0.044099674,1.1967689,-0.08447446,0.43052045,-0.16886403,0.18258137,-0.12703349,-0.31381974,0.55663615,0.007782519,0.4264623,-0.7301135,0.8090299,-0.5879153,0.09140502
130,1024,-0.4405928,-0.05296436,-0.41448453,-0.83549976,-0.4202395,0.21491861,-0.43381444,0.45001793,-0.27453688,0.3352634,0.20141222,0.31826985,-0.17553332,0.7118432,-0.328898,-0.38843155
130,1032,-0.3943512,0.14168893,-0.77384496,-0.71808016,-0.2587504,-0.116717495,-0.1355229,0.28951263,-0.16908172,0.11309124,0.32713753,0.19757724,-0.20549113,0.2065897,0.11835849,-0.26140308
130,1037,0.21340558,0.07106636,-0.3741321,0.3011188,0.32392412,-0.43947536,0.22386792,-0.57765657,0.30270928,-0.17739041,0.17905498,0.27293006,0.2636703,-0.7487359,0.6461342,0.09152107
130,1041,-0.20418362,0.54746044,0.21361081,0.06824066,-0.3725945,-0.14757648,1.2306638,1.6534628,-0.106996864,-1.0076146,-0.3271168,-2.5546663,-1.7506374,-0.19714442,0.14416039,0.88142943
130,1047,0.025596097,0.11899154,-0.5050932,0.19001858,0.20004949,-0.38320622,0.2885364,-0.43311527,0.37904084,-0.26851234,0.3016789,0.21142462,0.17824474,-0.7095256,0.67127734,0.039139226
130,1062,-0.2703228,0.16456094,-0.9478404,-0.73800737,-0.32374656,-0.14420533,-0.21443954,0.38926962,-0.4443932,0.12173643,0.24767998,0.2677697,-0.09647841,0.095512696,0.07806751,-0.08486624
130,1064,0.39420786,0.3171385,0.3929811,-0.085751064,0.19540277,-0.26328152,0.61113137,0.54203904,-0.49769738,-0.07648459,-0.5852847,-1.1904613,-0.9431226,-0.11687012,-0.029983953,0.59375834
130,1071,-0.14116663,-0.06661831,-0.8062469,-0.5177283,-0.45793703,-0.11887939,-0.44045103,0.66761786,-0.84592915,0.11555215,0.15159126,0.65006614,0.060253523,0.26763994,-0.3071798,0.22027467
130,1078,-0.0849493,0.5358155,0.23837234,0.046156213,-0.28074,-0.17334285,1.1816465,1.5288582,-0.20311588,-0.89260304,-0.42609,-2.4517581,-1.6668572,-0.23064765,0.13560346,0.88743675
130,1096,-0.45778435,0.05739841,-0.24401599,-0.7916299,-0.27126577,0.37756726,-0.3560213,0.20148969,0.065932706,0.3771965,0.14791751,0.011469156,-0.14847012,0.6326528,-0.24521844,-0.5755194
130,1101,-0.0030929893,-0.106874496,0.48348057,0.37309325,0.35089025,-0.2877999,0.24142659,-0.42653874,0.30834267,-0.0011248216,0.3027938,0.53119737,-0.13905877,0.09259795,0.042553328,-0.05464454
130,1106,0.15305877,0.1850438,0.18444155,0.08157091,0.009740086,0.8695282,-0.23477763,-0.24133897,0.15795608,0.23997506,-0.5697263,-0.6726166,0.59712636,-0.14432839,-0.23793937,-0.095980555
130,1113,0.5724865,0.0040576607,0.17037402,0.22287188,0.48888782,-0.46196237,0.10448725,-0.4795929,-0.18717387,0.18819267,-0.24046563,0.19124044,0.053025834,-0.35618964,0.18462665,0.25514638
130,1115,-0.22033538,0.1999962,0.20119159,-0.25039047,0.04569209,0.81022835,-0.19098091,-0.2670643,0.5560864,0.3285271,-0.25600082,-0.7049068,0.24014279,0.20703202,-0.17671314,-0.5616389
130,1122,0.60200095,0.15837865,0.48733974,-0.098096356,0.4388822,-0.3131239,0.26359743,-0.0020938143,-0.59063804,0.32586434,-0.5841475,-0.39573598,-0.5062286,-0.02200257,-0.11727153,0.4229281
130,1123,-0.17497724,0.42846364,0.40305883,0.07062505,-0.2378766,-0.13928708,1.0116847,1.337406,-0.10834491,-0.73820394,-0.21418382,-1.9352968,-1.5472187,0.008545585,0.0049830973,0.72949857
130,1129,0.14648914,0.044099674,1.1967689,-0.08447446,0.43052047,-0.16886403,0.1825814,-0.1270335,-0.31381974,0.55663615,0.007782504,0.42646235,-0.7301136,0.8090298,-0.5879153,0.09140499
130,1140,0.26598617,-0.8787546,-0.08464923,0.8445542,-0.8073381,-0.11441499,-0.59162253,0.95959514,-0.9614922,-0.6456914,-0.032175764,1.0380665,0.5925698,0.09355728,-0.63535476,0.8737024
130,1144,0.49457505,0.08981827,-0.28632304,0.07738833,-0.326831,0.5252681,-0.48940054,0.1270915,-0.8539486,0.21054655,-0.5617899,0.07934061,0.7677236,-0.33335528,-0.36848474,0.54537374
130,1153,-0.2846721,-0.09104161,-0.6041504,-0.66054535,-0.4564195,0.022702768,-0.44910076,0.5976407,-0.6016046,0.21378973,0.18407676,0.54504853,-0.062491134,0.5183002,-0.34600335,-0.052132457
130,1173,-0.28130782,-1.1622009,0.92206204,1.3078444,-0.7120174,0.3012557,-0.15573126,0.57371217,0.6252253,-1.2926077,0.032539792,0.23933777,0.46639696,0.3645792,-0.41527724,-0.07182659
130,1178,0.20019996,0.10086568,-0.4596746,0.26682281,0.2931889,-0.4395234,0.23454294,-0.5365366,0.2903257,-0.20925835,0.18620534,0.23895155,0.27322498,-0.7938507,0.6785195,0.10500197
130,1188,-0.2846721,-0.091041625,-0.6041504,-0.66054535,-0.45641953,0.022702761,-0.44910076,0.5976407,-0.6016047,0.21378973,0.18407676,0.54504853,-0.062491126,0.5183002,-0.34600335,-0.052132443
130,1204,0.10463801,0.192298,0.1815465,0.03507276,0.022327762,0.8578695,-0.22485971,-0.24614266,0.21548393,0.2505798,-0.5294942,-0.68278474,0.54913604,-0.10326345,-0.2239546,-0.15761104
130,1212,0.03809336,0.5039934,0.2910722,0.037276,-0.18132108,-0.20177767,1.1097876,1.3745677,-0.29633728,-0.7520242,-0.50002277,-2.2873669,-1.5702646,-0.23811927,0.11005062,0.88218594
130,1215,-0.25516078,0.016025066,0.3020177,-0.048912868,-0.053217344,0.7178956,-0.16766182,-0.15257214,0.59790975,0.085029356,-0.1957771,-0.57767683,0.24383405,0.24712762,-0.19713701,-0.5233838
130,1225,-0.46697748,0.1504629,-0.6058872,-0.6785163,-0.14020672,-0.06699338,-0.07961584,0.09221253,0.16595645,0.12689137,0.41287673,0.1079443,-0.23900568,0.22122356,0.22280705,-0.45829523
130,1239,-0.26456583,-0.1398105,1.0386211,0.43463415,0.29006276,-0.14184812,0.3498135,-0.22426587,0.36078224,0.002264984,0.5799819,0.7307957,-0.4523012,0.60676616,-0.3101021,-0.15164617
130,1241,0.40863928,-0.09307268,0.2734679,0.44478196,0.5331846,-0.41672316,0.070855595,-0.7540216,0.21313691,0.081623144,0.009409413,0.39630312,0.17559609,-0.35377088,0.29194576,0.05812992
130,1252,0.6827462,-0.025308609,0.8368263,-0.049760535,0.59678835,-0.3408778,0.032532644,-0.3706512,-0.6177428,0.68578756,-0.4365281,0.23301698,-0.37680382,0.32218057,-0.33362043,0.329301
130,1253,0.48695442,0.2598863,0.43752372,-0.10083224,0.29467446,-0.28343087,0.478671,0.328754,-0.5487429,0.09386092,-0.59854686,-0.89371765,-0.7823417,-0.07644467,-0.07101491,0.5307383
130,1254,0.14034179,-0.066788435,0.1299,0.2985428,0.3718813,-0.3628821,0.1713129,-0.5171982,0.26198995,0.002065234,0.13562448,0.39802915,0.034511037,-0.19957864,0.24492098,-0.0025681108
130,1277,0.19481939,0.106763035,-0.4884615,0.26788324,0.2849106,-0.447095,0.24910924,-0.53008676,0.29032442,-0.22630563,0.19495468,0.23430401,0.27676538,-0.81940484,0.69772786,0.116240695
130,1278,-0.46697754,0.1504629,-0.6058871,-0.67851627,-0.14020672,-0.06699338,-0.07961585,0.09221253,0.16595647,0.12689137,0.41287667,0.107944295,-0.23900566,0.22122358,0.22280702,-0.45829517
130,1281,-0.49122405,0.09670752,-0.48881775,-0.8429825,-0.2479859,0.09615488,-0.25664315,0.20852247,0.04255466,0.29487297,0.33886796,0.15165186,-0.26081365,0.518448,-0.04748606,-0.54014355
130,1282,-0.7220073,-0.27628866,0.4810645,0.16524692,-0.10863715,0.025391117,0.16511655,-0.07507165,0.85786486,-0.30304804,0.63593155,0.24332175,-0.23141,0.6099445,-0.039990596,-0.64878637
130,1287,0.575485,0.0065079182,0.37001586,0.10422625,0.50117844,-0.40992144,0.10749652,-0.39776754,-0.33381602,0.33331287,-0.30275953,0.18072093,-0.12400198,-0.12163016,0.01155787,0.27534747
130,1288,-0.4323318,0.066165365,-0.5417261,-0.7795869,-0.28366497,0.059764296,-0.28809968,0.28804058,-0.1096721,0.26059785,0.30667788,0.23965538,-0.19993024,0.47271982,-0.094821125,-0.4066968
130,1307,0.11385244,-0.05198428,0.07147397,0.3084882,0.3602195,-0.35223448,0.1734947,-0.5476283,0.33200496,-0.0313828,0.17341368,0.39190865,0.06563606,-0.2647217,0.31330657,-0.032221287
130,1316,0.5734589,-0.019936875,0.14880432,0.3011986,0.5108797,-0.48543102,0.10120957,-0.5624657,-0.11180377,0.15449938,-0.1968015,0.24036111,0.1188738,-0.42613685,0.24387443,0.24361874
130,1319,-0.05714073,0.1571222,-0.5482828,0.04794453,0.18262002,-0.31279373,0.24195385,-0.4540973,0.47734997,-0.2009747,0.37108406,0.12671432,0.13838539,-0.6588017,0.71208316,-0.10074143
130,1322,-0.33881724,-0.084522024,-0.5476723,-0.7276017,-0.45404592,0.081754774,-0.44994512,0.56129485,-0.5084394,0.25620723,0.19369921,0.48458934,-0.10410485,0.5937968,-0.34663194,-0.1603244
130,1334,0.3938807,0.12240109,-0.021574661,0.15124305,-0.18134129,0.7570466,-0.38282773,-0.056446824,-0.421411,0.22060919,-0.6499829,-0.31679046,0.7686791,-0.28953844,-0.33803493,0.30569506
130,1339,0.13016894,0.1280635,-0.554564,0.22495116,0.22958088,-0.43403858,0.28021288,-0.44671807,0.28501526,-0.27378654,0.22530815,0.20617422,0.2448909,-0.8105047,0.6970018,0.11997022
130,1342,-0.78956723,-0.33863282,0.56500626,0.20333286,-0.17201513,0.028103381,0.16804805,0.037406135,0.8166468,-0.35877666,0.64748067,0.2844069,-0.27440542,0.74440986,-0.14584209,-0.64543617
130,1344,-0.0191399,0.10632477,-0.42446822,0.164701,0.20794606,-0.3352801,0.26208425,-0.46495542,0.45948163,-0.22435248,0.33565292,0.21603015,0.14523754,-0.620526,0.64250773,-0.04486093
130,1346,0.70875645,-0.014559269,0.22002907,0.29294246,0.5632162,-0.5211053,0.09861032,-0.56540823,-0.25228545,0.23017877,-0.31203026,0.19456184,0.09533518,-0.4413312,0.20746063,0.33046877
130,1353,-0.3055333,-0.18238452,0.41990542,0.16316937,-0.15702432,0.62257016,-0.13785863,-0.033397797,0.653175,-0.17078534,-0.12063731,-0.4395805,0.23630637,0.30227703,-0.21915217,-0.49290347
130,1374,-0.17490876,-0.0895973,-0.7506212,-0.5440453,-0.46910313,-0.08528745,-0.454339,0.6695166,-0.8073758,0.13932401,0.15929823,0.6483575,0.032896996,0.34539604,-0.33651465,0.16798039
130,1397,-0.30867845,0.16235271,-0.90279144,-0.78377897,-0.32008535,-0.10321842,-0.23113701,0.3641998,-0.38255212,0.1642023,0.26705647,0.24515773,-0.124464095,0.1616268,0.063690685,-0.16372246
130,1418,0.567276,-0.036170274,0.15923737,0.3381319,0.52385795,-0.48553422,0.088726774,-0.6106227,-0.06344098,0.14355624,-0.17184322,0.26887023,0.14728177,-0.4391656,0.26287198,0.22375436
130,1423,-0.38654432,0.014214277,-0.25492173,-0.6850582,-0.29462904,0.3449321,-0.37561733,0.24747784,-0.04086885,0.32953802,0.11762561,0.08092668,-0.08123769,0.5757583,-0.2779432,-0.450072
130,1429,-0.1664012,-0.034541905,-0.81536084,-0.5548793,-0.4374259,-0.10805343,-0.41533977,0.6277537,-0.78116584,0.12194688,0.16208246,0.5880632,0.036598273,0.25240853,-0.25904822,0.16354962
130,1432,-0.19035886,-1.3711629,0.96794295,1.5796391,-0.8320893,0.16429107,-0.18413407,0.7375271,0.4951778,-1.5194856,0.048609227,0.4807024,0.5386944,0.32180387,-0.45981002,0.1348321
130,1455,-0.2238789,-0.09604898,-0.67818826,-0.59016275,-0.4648427,-0.037374437,-0.45259675,0.6404027,-0.7156743,0.17018658,0.17005096,0.6070572,-0.009696156,0.42778438,-0.34559757,0.07128407
130,1461,0.120299906,0.19412509,0.18076824,0.03670165,0.013360668,0.88361764,-0.24133858,-0.24753603,0.19232191,0.26511514,-0.5507654,-0.6932519,0.5737408,-0.1121283,-0.2370619,-0.14361684
130,1463,-0.053306177,0.14973848,-0.49176723,0.055130288,0.19256017,-0.2914207,0.2292557,-0.46793392,0.501582,-0.18389523,0.3656218,0.13269752,0.13551298,-0.6218926,0.68369514,-0.12341205
130,1467,-0.3662986,0.14918202,-0.76474595,-0.8000215,-0.28700086,-0.038805798,-0.23029667,0.29786855,-0.22668332,0.20456132,0.29122227,0.20342004,-0.16840884,0.26626587,0.040544286,-0.293134
130,1477,-0.04657176,-0.3160963,-0.300709,-0.070970535,-0.5084087,0.116951466,-0.51503915,0.5931435,-0.6643021,0.00919193,0.031998225,0.56208605,0.237824,0.3400767,-0.49173403,0.25890893
130,1478,-0.16527915,0.2243036,-0.65190905,-0.10811451,0.07203793,-0.23248662,0.16699639,-0.1956449,0.35086685,-0.19418335,0.327263,-0.07650788,0.042004697,-0.52963823,0.6025689,-0.1396114
130,1481,0.33965078,0.016576067,0.9778582,-0.0048965067,0.49368373,-0.27131176,0.14796741,-0.2591474,-0.36787388,0.52314025,-0.12294562,0.38411587,-0.518627,0.51296186,-0.40825891,0.17668654
130,1496,-0.1910245,0.51119184,0.305,0.05323772,-0.33021244,-0.13461648,1.1655394,1.5706204,-0.124455184,-0.89863557,-0.30042833,-2.3751915,-1.7235016,-0.10498254,0.07530586,0.8404056
130,1497,0.120299935,0.19412509,0.1807682,0.03670165,0.013360668,0.88361764,-0.24133858,-0.247536,0.19232191,0.26511517,-0.55076534,-0.6932519,0.5737407,-0.11212829,-0.2370619,-0.14361684
130,1501,0.14942306,0.0074819773,-0.13819683,0.30259615,0.34046134,-0.38063183,0.18874916,-0.569374,0.34149107,-0.09849919,0.18467441,0.3366958,0.16204077,-0.49047977,0.47609293,0.004323572
130,1503,-0.4840067,0.035845757,-0.2716944,-0.8561371,-0.3192417,0.386592,-0.39504156,0.25125143,0.01026243,0.4061583,0.16112383,0.051166803,-0.16746047,0.6947678,-0.27778983,-0.5864756
130,1506,-0.54293716,0.059692517,-0.302346,-0.4833055,-0.08118803,-0.024157673,-0.016132813,-0.019268844,0.4480624,0.04652959,0.48947644,0.10337941,-0.24494919,0.31420404,0.2040671,-0.57841915
130,1509,0.09071401,-0.08101854,0.25622916,0.32456106,0.36340284,-0.33601025,0.19541168,-0.4824203,0.2754507,0.0010720119,0.19458103,0.44495636,-0.028042965,-0.094756365,0.1708014,-0.01971601
130,1510,0.09071404,-0.08101855,0.25622916,0.32456112,0.36340287,-0.33601025,0.19541168,-0.4824203,0.2754507,0.0010720119,0.19458105,0.44495636,-0.028042965,-0.094756395,0.17080142,-0.01971598
130,1549,-0.3060435,0.15457805,-0.8763194,-0.6939387,-0.28987846,-0.15008608,-0.16402271,0.35432914,-0.33894828,0.09103712,0.26821333,0.23763604,-0.13288502,0.11484972,0.097374186,-0.12749955
130,1552,0.19366917,-1.0535427,0.13135324,1.0647038,-0.8772202,-0.0632312,-0.55131686,0.9870906,-0.75560117,-0.86705905,-0.017307296,0.99706984,0.6268374,0.14642282,-0.6537778,0.8014078
130,1560,-0.48399314,-0.028957233,-0.34832996,-0.879105,-0.39547706,0.28873366,-0.4229454,0.38393217,-0.15170851,0.36991474,0.19586949,0.21958569,-0.1989129,0.74738705,-0.31279343,-0.4990887
130,1561,-0.47537073,0.1538504,-0.515075,-0.6326697,-0.07228766,-0.041587945,-0.056858204,-0.016219247,0.32873103,0.12789783,0.44191414,0.0681377,-0.22897127,0.20274925,0.2746931,-0.5363357
130,1570,0.2123588,0.06269475,-0.3496981,0.3098219,0.33071658,-0.43792313,0.22224131,-0.5876514,0.30995846,-0.16960901,0.18035577,0.28297514,0.25851166,-0.7329716,0.636637,0.08527543
130,1577,0.58859503,0.17734423,0.48876083,-0.0999716,0.41673368,-0.30952924,0.30539182,0.056596883,-0.5914347,0.29153994,-0.59327346,-0.49174517,-0.56380254,-0.027920328,-0.11398524,0.4475829
130,1580,0.55051816,-0.014680579,0.14340581,0.28169918,0.49630365,-0.4732105,0.10138663,-0.53946906,-0.108180135,0.15151358,-0.18943171,0.23561624,0.10584495,-0.40295178,0.23278351,0.23142327
130,1587,-0.16488187,0.19543621,0.18861158,-0.18444794,0.054338463,0.766114,-0.17113358,-0.2569219,0.50347185,0.28242117,-0.282215,-0.6692171,0.27046275,0.14048189,-0.16167852,-0.48135322
130,1596,-0.47984898,0.15445633,-0.5957299,-0.6847431,-0.12290306,-0.057516113,-0.076785944,0.054182388,0.22199713,0.1367265,0.4340502,0.09048839,-0.23908985,0.21521014,0.25132936,-0.4958275
130,1600,-0.0058918744,0.22342293,0.28114247,-0.034176394,0.07522431,0.992555,-0.21880814,-0.34342134,0.4524429,0.32986483,-0.51358753,-0.8743139,0.5047675,-0.012491584,-0.22233145,-0.3650492
130,1602,-0.0030930042,-0.10687451,0.48348063,0.37309325,0.35089028,-0.2877999,0.24142659,-0.42653877,0.30834267,-0.0011248216,0.3027938,0.53119737,-0.13905877,0.09259794,0.042553328,-0.05464454
130,1623,-0.7220073,-0.27628857,0.48106468,0.16524698,-0.10863715,0.025391102,0.16511655,-0.07507165,0.857865,-0.30304807,0.6359316,0.24332175,-0.23141,0.6099445,-0.039990596,-0.6487863
130,1637,-0.6291761,-0.09583518,0.0583259,-0.20396139,-0.10195991,0.00041607767,0.055725947,-0.007946584,0.61215687,-0.111249864,0.54222757,0.16595635,-0.2529266,0.48242474,0.06586029,-0.6103604
130,1641,0.051075265,0.2315692,0.24077682,0.018281206,0.08597927,0.9187162,-0.19704765,-0.33291107,0.38902283,0.28333303,-0.51654094,-0.8127591,0.52570474,-0.08882813,-0.1955453,-0.27716914
130,1642,-0.3343531,-0.037501678,-0.2659701,-0.59962946,-0.33233595,0.31480053,-0.40455732,0.3049689,-0.14663863,0.2881256,0.10226811,0.15888497,-0.030466512,0.5449695,-0.31643754,-0.34106013
130,1646,-0.22068411,-1.2711641,0.9444643,1.4528832,-0.7789799,0.24527594,-0.18296695,0.6579341,0.55146754,-1.4025042,0.030888997,0.35984594,0.51928174,0.33191937,-0.44151008,0.043051705
130,1658,-0.15973875,-0.08751279,-0.7894327,-0.53999484,-0.47906217,-0.10105412,-0.46105734,0.6879501,-0.85357964,0.13366964,0.15609579,0.66556585,0.048692174,0.31948775,-0.3358494,0.2033991
130,1659,-0.6979077,-0.1943568,0.26433802,-0.04243204,-0.1289233,0.0146473795,0.099830545,0.0050716065,0.70612395,-0.20970279,0.5897717,0.20924306,-0.26140732,0.58926725,-0.014856689,-0.63375705
130,1660,0.19610322,0.050810307,-0.29428732,0.30268633,0.33304885,-0.41758844,0.20625445,-0.58351666,0.3211786,-0.14728479,0.18017589,0.2935905,0.235174,-0.6667812,0.59395456,0.057178244
130,1670,-0.54698503,0.06261561,-0.31881082,-0.4985162,-0.08650545,-0.024618968,-0.020225741,-0.015440244,0.43989033,0.05295991,0.49323356,0.103053406,-0.24773791,0.314383,0.20802929,-0.5806848
130,1678,0.15305874,0.18504381,0.18444155,0.08157091,0.009740088,0.86952806,-0.23477766,-0.24133897,0.15795608,0.23997506,-0.56972635,-0.67261666,0.59712636,-0.14432839,-0.2379394,-0.095980555
130,1679,0.16851878,0.12050621,-0.53391933,0.24388926,0.2538712,-0.44581062,0.26575965,-0.47900155,0.27204126,-0.25430307,0.20243724,0.21528688,0.26439467,-0.8227322,0.69731855,0.12879415
130,1687,0.5881293,-0.020848319,0.18065687,0.29142475,0.5196044,-0.49160475,0.11233898,-0.5534733,-0.1456308,0.1789628,-0.2154481,0.24016419,0.092658944,-0.4009472,0.22119491,0.260912
130,1702,-0.56793416,0.015727773,-0.19622913,-0.40332684,-0.08415514,-0.015988246,0.0044750776,-0.020103186,0.5016972,0.0027291477,0.5053676,0.11877661,-0.24733645,0.36244127,0.16633669,-0.5916882
130,1704,-0.2770737,0.16337919,-0.889468,-0.68389434,-0.28713498,-0.15207265,-0.17111176,0.35340267,-0.364885,0.088810764,0.25060362,0.24086244,-0.10916369,0.08514865,0.09767257,-0.10235107
130,1713,0.5133711,0.010160327,0.5735011,0.065132454,0.5050975,-0.36989108,0.12381007,-0.3523179,-0.36280176,0.40661773,-0.25875092,0.2405985,-0.2615418,0.08359485,-0.12801456,0.25597656
130,1716,-0.13523422,-0.124625385,0.7566337,0.40851927,0.3113974,-0.21803963,0.30398244,-0.3100998,0.32571617,-0.007816896,0.44973654,0.6338213,-0.3019467,0.34588307,-0.1357384,-0.09305556
130,1724,0.20095742,0.03212566,-0.24831142,0.3311506,0.35183504,-0.42324796,0.2098178,-0.61428434,0.33636385,-0.13574862,0.18437311,0.31752625,0.23000693,-0.6511119,0.5853382,0.05389841
130,1733,-0.20761156,0.18346843,-0.47190338,-0.18045375,0.13059685,-0.14791992,0.11711353,-0.35211268,0.547153,-0.06746726,0.3863306,-0.019737363,0.025291704,-0.36580276,0.5679802,-0.3338443
130,1766,0.2719976,0.14308129,0.14927338,0.1786284,-0.056692116,0.835214,-0.26979905,-0.17653953,-0.058200687,0.1959931,-0.635579,-0.5504284,0.689631,-0.22567725,-0.27882493,0.09096588
130,1770,0.20014781,0.41750193,0.31861746,-0.017151624,-0.006522175,-0.22969727,0.8798192,0.9842391,-0.38340238,-0.446717,-0.5402474,-1.7723951,-1.2654543,-0.20136926,0.058599852,0.74305546
130,1773,-0.34291273,0.15296084,-0.82613295,-0.7948744,-0.3036513,-0.06682007,-0.2325984,0.33010495,-0.2981772,0.18769401,0.2818275,0.2243081,-0.1499892,0.22372144,0.048233487,-0.23685797
130,1775,0.6719166,-0.0031749755,0.21346344,0.2484685,0.5362465,-0.4894099,0.08289613,-0.52231514,-0.25031865,0.23274222,-0.30401278,0.18053505,0.074556254,-0.39306584,0.18042196,0.3029567
130,1779,-0.4194472,0.14441173,-0.7069058,-0.7046886,-0.2208842,-0.09806666,-0.11283099,0.23111345,-0.06065321,0.115049474,0.34709093,0.1640262,-0.2250424,0.22257566,0.14286342,-0.32657635
130,1784,0.49457505,0.08981827,-0.28632304,0.0773883,-0.32683098,0.5252681,-0.48940054,0.1270915,-0.8539486,0.21054655,-0.5617899,0.07934061,0.76772374,-0.33335537,-0.36848474,0.54537374
130,1787,0.09480208,0.051183514,1.1593949,-0.104447395,0.39930612,-0.14652148,0.1788725,-0.09893076,-0.2764677,0.5291532,0.038340062,0.4216997,-0.7289598,0.82357,-0.5836201,0.05790846
130,1789,0.109998554,-0.07052368,0.19118284,0.3017686,0.36152464,-0.34334776,0.17972487,-0.48806164,0.2657281,0.0016731471,0.16492975,0.41668475,-0.0010345429,-0.13780043,0.20088057,-0.01511094
130,1804,0.5940324,-0.07420614,0.2022595,0.44453406,0.5787775,-0.5062931,0.076786324,-0.74877435,0.028177813,0.12874919,-0.1364005,0.32828295,0.21429455,-0.5015438,0.32236075,0.20442395
130,1830,-0.18334232,-0.1363293,0.9553461,0.44162822,0.32551962,-0.17726395,0.31836915,-0.29882967,0.3484565,0.01521612,0.51396316,0.6971192,-0.37726703,0.4931394,-0.2361951,-0.12760434
130,1844,-0.16735809,-0.021937698,-0.79777426,-0.5427601,-0.41579753,-0.10798309,-0.39368358,0.59958416,-0.7378211,0.11210976,0.1612157,0.5610401,0.031803206,0.2357761,-0.23696561,0.14634104
130,1848,0.11847702,-0.47478527,-0.34766746,0.20845686,-0.61948836,-0.022254206,-0.58146876,0.76816165,-0.9707159,-0.1585837,0.003550291,0.8180227,0.37978172,0.21870263,-0.57581973,0.6005741
130,1850,-0.53512967,-0.0776985,0.13115014,-0.0720485,0.011976516,-0.0028375313,0.10932132,-0.2256338,0.7722961,-0.108247414,0.54373336,0.1554957,-0.17241585,0.31049842,0.17884952,-0.60132694
130,1856,-0.08287384,0.20812988,-0.71990305,0.022146046,0.08780673,-0.35487375,0.25956473,-0.20280838,0.26604873,-0.30204627,0.29863685,0.015489183,0.083741225,-0.6955246,0.67663234,0.029336527
130,1857,0.13016894,0.1280635,-0.55456406,0.22495116,0.22958088,-0.43403855,0.28021288,-0.44671807,0.28501526,-0.27378654,0.22530815,0.20617422,0.2448909,-0.8105047,0.6970018,0.11997016
130,1894,-0.19102451,0.51119184,0.305,0.05323772,-0.33021247,-0.13461648,1.1655394,1.5706203,-0.124455184,-0.89863557,-0.30042833,-2.3751917,-1.7235016,-0.10498254,0.07530585,0.84040546
130,1897,-0.49122408,0.09670753,-0.4888177,-0.8429824,-0.2479859,0.09615488,-0.25664318,0.20852248,0.042554647,0.294873,0.33886796,0.15165186,-0.26081365,0.51844794,-0.04748606,-0.5401435
130,1902,0.68412197,-0.0037858486,0.19493876,0.26597244,0.54064375,-0.50010204,0.08341263,-0.5357347,-0.24242702,0.21949005,-0.30574185,0.17814387,0.095804326,-0.42720914,0.2013249,0.30874032
130,1903,0.0666416,0.23447925,0.2276947,0.021598697,0.08192156,0.9148321,-0.20285976,-0.32849285,0.36311638,0.28394726,-0.52388483,-0.80253315,0.53816825,-0.10375348,-0.19697513,-0.25566614
130,1922,-0.63799274,-0.08488026,0.024095774,-0.24032427,-0.103787474,0.00198628,0.04787918,-0.013954662,0.61254394,-0.09181431,0.55347323,0.15830839,-0.2585297,0.47741932,0.08502036,-0.625619
130,1923,0.3098146,-0.1002661,0.38298696,0.4451053,0.5030821,-0.37496138,0.10767736,-0.69169354,0.24814829,0.07032352,0.09196328,0.4449576,0.09254659,-0.21826273,0.21294984,0.018282354
130,1925,0.2275176,0.19811556,0.2604428,0.19690083,0.044231683,0.9635118,-0.22474647,-0.30627123,0.18414867,0.23217621,-0.6752355,-0.78668404,0.7019155,-0.23436901,-0.24769317,-0.0477608
130,1937,0.21025506,0.09707928,-0.45621914,0.28003556,0.3018164,-0.4472798,0.23758066,-0.55223835,0.29194173,-0.20857131,0.18559995,0.2450649,0.27989298,-0.8074734,0.6872304,0.11123176
130,1938,-0.31270632,0.022422537,-0.677907,-0.6834555,-0.35773805,-0.012706056,-0.3520683,0.44447696,-0.421774,0.2015664,0.24097939,0.39640015,-0.086111456,0.3678748,-0.16968283,-0.14693779
130,1953,0.7011056,-0.013814017,0.2161618,0.28876603,0.5585745,-0.5164081,0.09458487,-0.5618393,-0.24649104,0.22851813,-0.30700564,0.19572005,0.096362956,-0.43583,0.20591463,0.3236701
130,1962,0.2941717,0.17696741,0.24320917,0.23536582,-0.0026804842,0.9799453,-0.26285514,-0.27149636,0.054610744,0.23091254,-0.72836554,-0.7396767,0.76825315,-0.27103117,-0.28582728,0.049996242
130,1964,0.09004617,0.20798865,0.21074806,0.026171342,0.04105427,0.9114841,-0.22736576,-0.2823384,0.27492902,0.278079,-0.54363763,-0.75293964,0.5579583,-0.09666856,-0.22569601,-0.202799
130,1969,0.0645847,-0.4504158,-0.31728184,0.1307997,-0.60890394,0.04738328,-0.5846723,0.7312121,-0.889678,-0.101562575,0.0042957366,0.73985624,0.35027778,0.2789349,-0.5778673,0.49754733
130,1971,-0.47537073,0.1538504,-0.515075,-0.6326697,-0.07228766,-0.04158794,-0.056858197,-0.016219243,0.32873103,0.1278978,0.44191414,0.068137705,-0.22897124,0.20274925,0.27469307,-0.5363357
130,1983,0.04460074,0.22994891,0.24044286,0.011526555,0.08395414,0.91787314,-0.19795889,-0.33049577,0.39180315,0.2851288,-0.5115178,-0.810557,0.51955456,-0.08063403,-0.19640292,-0.28391176
130,1989,0.18692389,0.114315175,-0.5272393,0.26877183,0.27148795,-0.45804098,0.26976147,-0.5132764,0.2821212,-0.2519827,0.20327783,0.22544044,0.27892664,-0.85045516,0.71799445,0.13560213
130,1996,0.21808904,0.19870469,0.24175657,0.18241678,0.043174244,0.9320921,-0.21991363,-0.2965029,0.17949301,0.22594836,-0.6510161,-0.7580017,0.68064207,-0.22815534,-0.23820151,-0.05007498
130,1999,0.27719405,-0.77362096,-0.211267,0.67141527,-0.77581424,-0.124977,-0.62216413,0.9460147,-1.0728822,-0.4963401,-0.032047108,1.0532997,0.55491024,0.103945374,-0.6357534,0.8793956
130,2019,-0.09868887,0.1842147,0.24235348,-0.109269045,0.046082318,0.8663815,-0.19412363,-0.2719139,0.46360523,0.29087994,-0.38991868,-0.74320495,0.37028447,0.094374165,-0.2029408,-0.4219895
130,2020,-0.19102451,0.51119184,0.305,0.05323772,-0.33021244,-0.13461648,1.1655394,1.5706203,-0.124455184,-0.89863557,-0.30042833,-2.3751915,-1.7235016,-0.104982525,0.07530585,0.84040546
130,2024,-0.35342836,-0.08123304,-0.52970064,-0.74463433,-0.4505628,0.0977094,-0.44785637,0.54767996,-0.47773722,0.26735055,0.1965879,0.46552825,-0.11623685,0.61313987,-0.3446532,-0.1919032
130,2044,-0.015321851,-1.3019675,0.6271113,1.4359835,-0.9045569,0.06517294,-0.36947235,0.89844644,-0.095727146,-1.2930782,0.023235999,0.75152963,0.61418974,0.25056303,-0.5847194,0.48001224
130,2049,0.57682645,-0.07030466,0.1917849,0.43398106,0.56773174,-0.49642605,0.07357957,-0.73693687,0.03824471,0.12149822,-0.12791474,0.32454133,0.21213967,-0.49318302,0.3209349,0.19234015
130,2052,-0.48399314,-0.028957203,-0.34833,-0.87910503,-0.39547703,0.2887337,-0.42294538,0.38393214,-0.15170851,0.36991474,0.1958695,0.21958569,-0.19891289,0.74738705,-0.31279343,-0.4990887
130,2053,-0.2944438,0.16463396,-0.9277708,-0.7737169,-0.32483694,-0.118250385,-0.22830513,0.37689894,-0.41288593,0.15170723,0.2601543,0.25385138,-0.114077345,0.13682944,0.069079116,-0.13366133
130,2057,0.5919323,-0.018175527,0.19330613,0.27739048,0.5191825,-0.4889534,0.1137076,-0.54077286,-0.16470814,0.19160363,-0.22614811,0.23401332,0.07727278,-0.38321656,0.20619802,0.2660603
130,2068,0.17181048,-0.59159946,-0.2887611,0.37731218,-0.6827104,-0.050089598,-0.6000175,0.83619845,-1.0006329,-0.28315568,-0.010997072,0.90038735,0.44315848,0.18601379,-0.60110253,0.6945017
130,2072,-0.040089354,0.107265554,-0.4168135,0.15001996,0.20751277,-0.3206182,0.26038617,-0.48171642,0.4960079,-0.21415555,0.35780644,0.20298004,0.13607937,-0.60930514,0.65386784,-0.07670678
130,2091,-0.07324089,0.1806061,-0.63561743,0.03340754,0.13537082,-0.33575806,0.25294322,-0.33173057,0.37626004,-0.2512433,0.33925748,0.07456922,0.10898619,-0.6764695,0.6977271,-0.03786494
130,2093,0.61295927,-0.013425961,0.20221971,0.2666667,0.5236101,-0.49039927,0.11189178,-0.53088725,-0.19370404,0.20394328,-0.24993159,0.21705332,0.068706445,-0.38236088,0.19651747,0.27979153
130,2100,-0.7363827,-0.25038722,0.38200778,0.051698968,-0.1451836,0.021200567,0.12658936,0.013506891,0.75580525,-0.26691195,0.6160192,0.2362006,-0.26665896,0.64967525,-0.062380552,-0.6436498
130,2101,-0.22599046,-0.1389437,0.9997333,0.43882877,0.3082286,-0.15899694,0.33439827,-0.26258287,0.35719338,0.008960739,0.54820293,0.71505916,-0.4156267,0.55275774,-0.27405417,-0.14137414
130,2103,-0.3751309,-0.9390737,0.89939094,1.0401491,-0.57098436,0.46345648,-0.119730376,0.38456482,0.78080285,-1.0474946,0.0020599663,-0.04214558,0.39699796,0.41077936,-0.37514693,-0.29130396
130,2113,-0.38692,0.14028688,-0.76728743,-0.7074567,-0.25743544,-0.11836241,-0.13398477,0.29274526,-0.17467615,0.10780097,0.3196547,0.20024616,-0.20172217,0.20421705,0.112094134,-0.25179315
130,2116,-0.4194472,0.14441173,-0.7069058,-0.7046886,-0.2208842,-0.09806666,-0.11283099,0.23111345,-0.06065321,0.11504946,0.34709096,0.1640262,-0.2250424,0.22257566,0.14286342,-0.32657638
130,2119,0.575017,0.19496897,0.49096662,-0.09991489,0.39493722,-0.30620062,0.34597918,0.11470966,-0.5916375,0.25673857,-0.60114187,-0.584501,-0.6199911,-0.03362398,-0.11060974,0.47267562
130,2136,-0.70088005,-0.18758407,0.2453622,-0.061850443,-0.12874207,0.015094407,0.09563489,0.0013661087,0.7058264,-0.19899818,0.5944506,0.20476864,-0.26392576,0.5848969,-0.004017189,-0.6408851
130,2148,-0.14955965,-1.3648807,0.894415,1.5574263,-0.85684264,0.14641403,-0.2319127,0.7823333,0.3522573,-1.4745196,0.03891757,0.5444812,0.56369436,0.30839404,-0.4977057,0.2207608
130,2154,-0.20418362,0.54746044,0.21361078,0.06824066,-0.3725945,-0.14757648,1.2306637,1.6534628,-0.106996864,-1.0076146,-0.32711673,-2.5546665,-1.7506375,-0.19714445,0.14416039,0.8814293
130,2157,-0.21887037,-0.097440064,-0.69918495,-0.59278125,-0.47426632,-0.042049184,-0.46048197,0.6541972,-0.7435645,0.17015198,0.16848454,0.61761695,-0.002176486,0.4200992,-0.34907317,0.087977275
130,2165,0.120299935,0.19412509,0.18076824,0.036701635,0.013360666,0.8836175,-0.24133858,-0.247536,0.19232191,0.2651151,-0.55076534,-0.6932519,0.5737409,-0.11212829,-0.23706193,-0.14361686
130,2197,-0.3689459,-0.07844071,-0.5050354,-0.756871,-0.44439414,0.11722836,-0.44330388,0.5302715,-0.43915614,0.277198,0.19775519,0.44038278,-0.12785485,0.6324998,-0.34245968,-0.22645777
130,2201,-0.13131687,0.27379853,-0.96365935,0.04697813,-0.08191711,-0.42403454,0.29560384,0.23310007,-0.10817072,-0.49208492,0.18414266,-0.14995651,-0.0057589486,-0.7442505,0.5847811,0.2803418
130,2206,0.15564871,-0.08011454,0.14515428,0.33781058,0.39337417,-0.3811681,0.1840738,-0.5618319,0.2802972,0.0007918924,0.14395592,0.41985816,0.0470021,-0.22919905,0.2686268,0.0075880587
130,2217,0.0089506805,-0.08837785,0.6092845,0.3601128,0.37113202,-0.24491028,0.20196334,-0.42323908,0.2913357,0.041104168,0.30227128,0.5361621,-0.1676709,0.18387493,-0.030640334,-0.085228965
130,2218,-0.23861274,-0.11366524,-0.278212,-0.42535958,-0.3719139,0.2456244,-0.4282051,0.38236305,-0.29697403,0.1963081,0.07940289,0.27809286,0.055040263,0.4627041,-0.35950655,-0.15177315
130,2224,-0.44842306,0.12740798,-0.6349798,-0.8482304,-0.27138126,0.03503406,-0.24327466,0.2439425,-0.072214276,0.26265046,0.3295725,0.1649165,-0.22715685,0.40476975,0.0064232647,-0.4443588
130,2239,0.61970675,-0.0056461245,0.33397698,0.1677622,0.5254264,-0.44704255,0.100164734,-0.4630274,-0.3055301,0.31031778,-0.3007384,0.2003507,-0.05259412,-0.21358627,0.069137774,0.2911178
130,2240,-0.48646873,-0.019465089,-0.34500754,-0.88584566,-0.38870516,0.29927722,-0.42173466,0.3699052,-0.13537028,0.37715223,0.19437914,0.20132548,-0.19856697,0.74359727,-0.30732578,-0.51274675
130,2249,0.5536494,-0.07729058,0.19810157,0.4491467,0.5677277,-0.48346418,0.064198375,-0.76234937,0.08650691,0.107599296,-0.101331025,0.33844954,0.2242611,-0.48943478,0.33291322,0.16251142
130,2258,-0.47674525,0.15568727,-0.56344366,-0.6640036,-0.10057435,-0.050532468,-0.06877681,0.022670459,0.26805365,0.13369262,0.43693566,0.07893489,-0.23362672,0.20719057,0.26321417,-0.5136402
130,2263,-0.18416074,0.20318168,0.1922975,-0.21972883,0.050372217,0.80368567,-0.18954483,-0.26738214,0.52277446,0.31684336,-0.28197438,-0.6995375,0.26858643,0.16480069,-0.1725698,-0.51806176
130,2270,0.12582865,-0.012170106,-0.064501315,0.2917825,0.33703256,-0.36502555,0.18308702,-0.53982764,0.32890686,-0.074848756,0.17960683,0.35464716,0.11655211,-0.3904992,0.40224916,-0.010960206
130,2277,-0.046047404,-1.331489,0.69980323,1.4817219,-0.90416,0.090742454,-0.343102,0.88132054,0.003517881,-1.346864,0.021661177,0.70383865,0.6120714,0.269001,-0.5762568,0.42694956
130,2278,0.13798746,0.46488202,0.32886022,0.020431325,-0.08885868,-0.22317977,1.0157359,1.1991055,-0.3626835,-0.60296506,-0.5419388,-2.0731592,-1.4481817,-0.22677541,0.08114497,0.8438313
130,2280,0.14993507,-0.010849431,-0.088178016,0.31590337,0.3503762,-0.38552216,0.19344962,-0.57089275,0.33127198,-0.08416156,0.1802768,0.35786387,0.14139476,-0.4481339,0.44152528,0.009031221
130,2286,0.0406079,0.11915417,-0.51762396,0.19531576,0.19689023,-0.39628905,0.2910682,-0.41507995,0.34282336,-0.2750986,0.28235656,0.2144371,0.18376434,-0.7175607,0.66235036,0.06468035
130,2288,0.6642672,-0.007909074,0.27546632,0.22385536,0.54148847,-0.47928977,0.09321679,-0.5082631,-0.28155774,0.2717411,-0.30930072,0.19236672,0.021354996,-0.32345927,0.13452694,0.30792505
130,2293,-0.4405928,-0.05296439,-0.4144845,-0.8354998,-0.4202395,0.21491861,-0.43381444,0.45001796,-0.2745369,0.3352634,0.20141222,0.31826985,-0.17553332,0.71184313,-0.328898,-0.38843155
130,2306,-0.44842306,0.12740798,-0.6349798,-0.8482306,-0.2713813,0.035034053,-0.24327466,0.2439425,-0.072214276,0.26265052,0.3295725,0.1649165,-0.22715685,0.40476972,0.0064232647,-0.44435877
130,2312,0.19481939,0.106763035,-0.4884615,0.26788324,0.28491056,-0.44709504,0.24910921,-0.53008676,0.29032445,-0.22630563,0.19495468,0.23430401,0.2767654,-0.81940484,0.69772786,0.116240695
130,2314,0.06464401,0.1183919,-0.52395874,0.21041514,0.20852837,-0.40947062,0.2909703,-0.4300675,0.33110344,-0.2746802,0.2702493,0.21910632,0.20039013,-0.7445644,0.6742236,0.08071728
130,2350,0.18692386,0.114315175,-0.5272393,0.26877183,0.27148795,-0.45804098,0.26976147,-0.51327634,0.2821212,-0.2519827,0.20327783,0.22544044,0.27892667,-0.8504551,0.71799445,0.13560219
130,2351,0.48695436,0.2598863,0.43752372,-0.10083223,0.29467446,-0.28343087,0.47867098,0.32875404,-0.5487429,0.0938609,-0.59854686,-0.8937175,-0.78234166,-0.076444685,-0.071014926,0.5307383
130,2355,-0.044351548,0.13195288,-0.44616216,0.098355785,0.20317695,-0.29623055,0.23883751,-0.48004022,0.5102531,-0.19501317,0.36021543,0.15876243,0.13867632,-0.6137562,0.6684676,-0.110617295
130,2411,-0.30415124,-0.06041476,-0.2724687,-0.5494539,-0.34626076,0.29510742,-0.41456467,0.33018973,-0.19756037,0.26267326,0.09407614,0.19676134,-0.0028947666,0.52022946,-0.3312816,-0.28179634
130,2421,0.164103,0.027131595,-0.19687733,0.29432154,0.33523026,-0.38585067,0.18688357,-0.5717759,0.338055,-0.113820985,0.18152604,0.31426638,0.19028956,-0.5507489,0.51780343,0.013977617
130,2425,0.5133712,0.010160334,0.57350105,0.065132454,0.5050975,-0.3698911,0.12381007,-0.35231793,-0.36280182,0.40661773,-0.25875098,0.2405985,-0.2615418,0.083594844,-0.12801456,0.25597656
130,2431,-0.2703228,0.16456094,-0.94784033,-0.7380074,-0.3237466,-0.14420533,-0.21443954,0.3892696,-0.44439313,0.12173643,0.24767998,0.2677697,-0.09647841,0.0955127,0.07806751,-0.08486621
130,2451,0.6826432,-0.009814858,0.20442663,0.2795689,0.5472228,-0.50900996,0.097379304,-0.5478569,-0.23753887,0.21860227,-0.29826236,0.19115284,0.09140501,-0.42967176,0.20601584,0.31462276
130,2452,0.68163645,-0.005643353,0.19609995,0.26955748,0.54156303,-0.5016484,0.0852472,-0.5398976,-0.2380684,0.21893415,-0.30141348,0.18354923,0.09664763,-0.42686045,0.20275043,0.30789405
130,2454,0.5103221,0.07807145,-0.2354222,0.10360287,-0.33660775,0.60976565,-0.50688916,0.11342229,-0.8475456,0.22948235,-0.62181246,0.0154256895,0.81583923,-0.32955506,-0.40127754,0.54666495
130,2470,-0.20676818,0.20689285,0.24576385,-0.2330657,0.051056385,0.901304,-0.20923907,-0.30077732,0.5822334,0.36077535,-0.31167477,-0.7910278,0.2893916,0.19887133,-0.200227,-0.57603407
130,2477,-0.22397102,0.21276951,0.17235593,-0.28654808,0.041236322,0.8084773,-0.20713559,-0.26519153,0.5402416,0.352566,-0.24478416,-0.6954182,0.23592404,0.21036293,-0.17645869,-0.5686601
130,2486,-0.4405928,-0.05296439,-0.4144845,-0.83549976,-0.4202395,0.21491861,-0.43381444,0.45001796,-0.2745369,0.33526343,0.20141222,0.31826985,-0.17553332,0.71184313,-0.328898,-0.38843155
130,2487,-0.36244425,0.095622495,-0.17847125,-0.2743109,0.1263018,-0.024000153,0.05696053,-0.38567233,0.727846,0.064305715,0.46986747,0.062731236,-0.10405632,0.02349205,0.3956458,-0.573537
130,2492,-0.04975292,0.14023593,-0.45057815,0.07240851,0.20016468,-0.28243417,0.22588587,-0.47378907,0.5128222,-0.18142408,0.35886198,0.14215061,0.13411507,-0.60024697,0.6634114,-0.12924552
130,2497,0.081712335,0.23098706,0.22991039,0.01694329,0.063642725,0.957077,-0.2293106,-0.3227432,0.32967785,0.30638283,-0.5548996,-0.8184246,0.5691104,-0.1022771,-0.2215953,-0.2416323
130,2500,-0.14891663,-0.07268648,-0.8057537,-0.53174984,-0.46764442,-0.11223719,-0.44959053,0.6762448,-0.85208523,0.12471872,0.15418461,0.6554567,0.055360697,0.2867131,-0.31659758,0.2132713
130,2516,0.21597826,-0.10116778,0.47552508,0.4304279,0.4689454,-0.33650807,0.14261891,-0.6169759,0.26536202,0.064235084,0.16431482,0.48499936,0.006324075,-0.08507411,0.13233815,-0.013032973
130,2527,0.5734589,-0.019936875,0.14880435,0.30119866,0.51087976,-0.485431,0.10120959,-0.56246567,-0.11180377,0.15449941,-0.19680153,0.24036111,0.1188738,-0.42613685,0.24387442,0.24361877
130,2528,-0.120232776,0.28930056,-0.9698607,0.00946182,-0.07193324,-0.39698097,0.2658113,0.20038943,-0.086188495,-0.4530369,0.18931647,-0.16829075,0.015991837,-0.7467312,0.592561,0.24304606
130,2579,0.65205944,-0.010755539,0.21067105,0.26828903,0.53709924,-0.50000286,0.106792256,-0.5360786,-0.226035,0.21800584,-0.28001684,0.20193332,0.072315805,-0.40020493,0.19532509,0.30184567
130,2582,0.71253276,-0.009959623,0.21193428,0.28367078,0.5592154,-0.5153255,0.08704282,-0.55769587,-0.25676677,0.2310817,-0.3192377,0.18418208,0.10084308,-0.44227588,0.2050261,0.32694507
130,2583,0.26598617,-0.8787546,-0.08464923,0.84455407,-0.80733824,-0.11441499,-0.5916225,0.9595951,-0.96149206,-0.64569134,-0.03217578,1.0380664,0.5925697,0.09355728,-0.63535476,0.8737023
130,2610,-0.4698672,0.1571731,-0.54871535,-0.6504427,-0.090151496,-0.048462152,-0.0648434,0.010850858,0.28290683,0.1297003,0.43293005,0.07418828,-0.22834486,0.19985259,0.2660935,-0.51515853
130,2624,0.09496716,0.12125591,-0.53641504,0.22216375,0.22098112,-0.42252097,0.28813,-0.44504657,0.31572843,-0.2742951,0.25326452,0.21731359,0.22196805,-0.779074,0.6895224,0.098403856
130,2631,0.4738914,0.0867187,-0.29902846,0.059722856,-0.32576403,0.4912745,-0.48034373,0.13827333,-0.8442309,0.20148078,-0.5304931,0.10592607,0.73551464,-0.31516743,-0.35788727,0.5302732
130,2634,0.47025982,-0.083808124,0.21086149,0.44218445,0.5445049,-0.43989673,0.05175397,-0.7680472,0.1761572,0.084090866,-0.039796427,0.36103773,0.21647415,-0.43206716,0.32888186,0.08956395
130,2639,0.40704134,0.108309984,-0.11841652,0.109536186,-0.22994837,0.65247655,-0.4080236,0.015065581,-0.5549123,0.20832014,-0.59453154,-0.1636167,0.7385408,-0.28570616,-0.338673,0.37054354
130,2646,-0.13492224,0.25988543,-0.81085217,-0.056171596,0.016183026,-0.3077219,0.21022332,-0.043014605,0.16811216,-0.30482653,0.27128428,-0.1244681,0.04589366,-0.6576342,0.62360805,0.028506562
130,2649,0.36919287,0.34096068,0.40548462,-0.06674194,0.15674505,-0.26092312,0.6825911,0.6515791,-0.49448344,-0.1506904,-0.5923767,-1.3484014,-1.0417591,-0.12918945,-0.021391585,0.6502448
130,2658,-0.22068411,-1.2711641,0.9444643,1.4528832,-0.7789799,0.24527594,-0.18296695,0.6579341,0.55146754,-1.4025042,0.030888982,0.359846,0.5192818,0.33191937,-0.44151014,0.043051705
130,2665,-0.118575886,0.26136613,-0.9293003,0.048700795,-0.043061092,-0.41944477,0.2968998,0.12605451,-0.02022773,-0.4573243,0.21876805,-0.11548956,0.01955133,-0.7611272,0.6300543,0.23319285
130,2668,0.19676563,0.18968588,0.20778154,0.14501639,0.025074385,0.8862238,-0.22389248,-0.26446024,0.15296881,0.22217885,-0.6110068,-0.69903386,0.6428776,-0.19877806,-0.23528422,-0.054204777
130,2679,-0.3686318,0.1475227,-0.74112594,-0.7913021,-0.2782018,-0.033395484,-0.22559816,0.28725496,-0.2041744,0.20342264,0.29068792,0.19777164,-0.17190969,0.27373093,0.038581025,-0.30434075
130,2683,-0.12797356,0.27468264,-0.88553846,-0.02819182,-0.014801435,-0.3463884,0.23599091,0.03951125,0.07903035,-0.36439776,0.24639611,-0.1486995,0.03913852,-0.7131373,0.63140184,0.11137526
130,2686,-0.21579444,0.0020824969,-0.75296146,-0.58735317,-0.3861514,-0.07631595,-0.36918294,0.5346863,-0.6136315,0.1378443,0.18586242,0.49045783,-0.0104845315,0.2698806,-0.20267968,0.040171072
130,2708,0.15471268,-0.53830636,-0.32349104,0.3068334,-0.65356094,-0.04920776,-0.5902835,0.80949223,-1.0013957,-0.23122916,-0.004263431,0.8740184,0.41671577,0.192496,-0.58893114,0.6662674
130,2711,0.5502502,-0.08241877,0.20734115,0.45962656,0.5725897,-0.48146755,0.061259184,-0.7782793,0.102888465,0.10581783,-0.093388125,0.34673744,0.22943062,-0.4888332,0.3371451,0.15423264
130,2736,0.22153461,0.079558335,-0.40743282,0.3011223,0.32085294,-0.449083,0.23076582,-0.57707274,0.29564816,-0.18951765,0.17886236,0.2649449,0.27633345,-0.783978,0.66886497,0.10599856
130,2742,0.025596052,0.11899154,-0.50509316,0.19001861,0.20004949,-0.3832062,0.2885364,-0.4331153,0.3790408,-0.2685123,0.3016789,0.21142462,0.17824474,-0.70952564,0.6712774,0.039139226
130,2749,-0.28261912,0.007694125,-0.7165909,-0.66085625,-0.38180918,-0.03391917,-0.37177202,0.49276695,-0.51231575,0.18634552,0.2248827,0.4438882,-0.059166748,0.34527758,-0.19310968,-0.0755745
130,2759,0.4738914,0.0867187,-0.29902846,0.059722856,-0.3257641,0.49127457,-0.48034373,0.13827334,-0.8442309,0.20148072,-0.53049314,0.10592607,0.73551476,-0.31516743,-0.35788727,0.5302732
130,2764,-0.4641587,0.0534361,-0.24872535,-0.8066439,-0.28127724,0.38272348,-0.3653192,0.21063836,0.056038097,0.38554654,0.15010093,0.016978726,-0.151916,0.6469298,-0.25293887,-0.5801436
130,2766,-0.47956303,0.14343263,-0.46735328,-0.6019147,-0.056262903,-0.03756878,-0.045142658,-0.033990998,0.36732596,0.11855305,0.4454292,0.0711056,-0.23212129,0.21477138,0.27002785,-0.5475473
130,2779,-0.013232499,-0.35822746,-0.3149721,-0.017156094,-0.547924,0.10173911,-0.5473024,0.6442109,-0.7524859,-0.015508063,0.023847625,0.6203839,0.27569205,0.3268795,-0.52830034,0.3384164
130,2780,-0.21380912,-0.12966105,0.92833126,0.4194684,0.29535136,-0.17271844,0.33524716,-0.24551508,0.335142,-0.0007463321,0.53045887,0.69318765,-0.40184733,0.5099977,-0.24817957,-0.12313682
130,2794,-0.25516078,0.016025081,0.30201775,-0.048912868,-0.05321735,0.7178956,-0.16766182,-0.15257215,0.59790975,0.085029356,-0.1957771,-0.5776768,0.24383405,0.24712762,-0.19713704,-0.5233838
130,2795,0.63883543,-0.002335012,0.26231623,0.20740964,0.5254242,-0.46679887,0.093164034,-0.48819706,-0.2710598,0.26247343,-0.29782528,0.18728271,0.013511546,-0.30877525,0.13034013,0.29366612
130,2805,-0.50021124,0.1438236,-0.50369626,-0.64246166,-0.07686606,-0.037534706,-0.056443945,-0.017185133,0.34619254,0.13442081,0.4611609,0.075487435,-0.24544409,0.23021643,0.27299306,-0.557938
130,2812,-0.4405928,-0.05296439,-0.4144845,-0.8354998,-0.4202395,0.21491858,-0.4338144,0.45001796,-0.2745369,0.3352634,0.20141222,0.31826985,-0.17553332,0.71184313,-0.328898,-0.38843155
130,2813,-0.3083883,0.1204472,-0.23105808,-0.24458857,0.16558743,-0.042024422,0.071249284,-0.47512946,0.7730229,0.05829861,0.4733625,0.031321935,-0.04323265,-0.115458,0.49359488,-0.55946684
130,2818,0.03374304,-1.2306015,0.5034787,1.3344309,-0.886514,0.02739545,-0.40324545,0.907759,-0.23802459,-1.186346,0.01825805,0.80570304,0.60669005,0.21937585,-0.5854991,0.5451055
130,2832,0.64412117,-0.00805822,0.3595168,0.17103662,0.5401095,-0.45435286,0.10440598,-0.4692364,-0.3314102,0.32818872,-0.32058913,0.19685942,-0.06325188,-0.21169633,0.06002488,0.3089
130,2835,0.01425232,0.15926778,0.8943455,-0.052771166,0.20892006,-0.1469759,0.4092758,0.30419058,-0.21271217,0.14842674,-0.03145422,-0.25274557,-0.92967486,0.55715406,-0.38822728,0.24119096
130,2840,-0.053306177,0.14973848,-0.49176723,0.055130288,0.19256017,-0.2914207,0.2292557,-0.46793392,0.5015821,-0.18389523,0.3656218,0.13269752,0.13551298,-0.6218926,0.6836951,-0.123412065
130,2845,0.81500065,-0.0034999698,0.88296986,-0.025645614,0.65564996,-0.3812079,0.092535295,-0.35374272,-0.7483504,0.705171,-0.58303547,0.10151468,-0.42455235,0.2234673,-0.31685454,0.4421987
130,2849,0.03157206,-0.40376842,-0.33106387,0.05607249,-0.5845404,0.07136117,-0.5736445,0.6987404,-0.8509748,-0.054257378,0.013977453,0.6921995,0.31883168,0.29940203,-0.5617663,0.4371817
130,2850,-0.2781435,0.16488951,-0.9601415,-0.7480098,-0.32933554,-0.14723387,-0.21295339,0.3942677,-0.44771865,0.1225018,0.25351357,0.26685727,-0.102436565,0.09786196,0.082417265,-0.087095246
130,2857,0.24295524,0.023810662,1.1044753,-0.02915138,0.4720262,-0.22602981,0.15983817,-0.21123642,-0.3376393,0.54015803,-0.046488404,0.43899,-0.6087051,0.668927,-0.50253904,0.12885867
130,2861,-0.48400778,0.017259397,-0.3282398,-0.88832885,-0.3553755,0.33179376,-0.41005623,0.3123212,-0.07378283,0.39459887,0.18368351,0.13490404,-0.18834406,0.7125452,-0.2842505,-0.54812795
130,2867,-0.082842164,0.20144385,-0.69140714,0.014339671,0.09619321,-0.3434048,0.25032976,-0.22257602,0.28593057,-0.28392676,0.30206817,0.030261032,0.08483449,-0.6703869,0.66482294,0.0077511966
130,2886,0.69551146,-0.006480649,0.2236258,0.2604019,0.54954123,-0.5003877,0.08429651,-0.53667295,-0.2631921,0.2405211,-0.31700087,0.18105641,0.07940299,-0.40712893,0.18386905,0.31739336
130,2897,-0.13926837,-0.13324451,0.91044784,0.4432999,0.34324816,-0.19613636,0.30165863,-0.33511952,0.33798644,0.022881366,0.47881883,0.6790851,-0.33957428,0.43372157,-0.19854815,-0.1129218
130,2904,0.15969917,0.12679763,-0.5569698,0.23954748,0.24417576,-0.4472023,0.27594742,-0.46677527,0.27197757,-0.2691983,0.20937228,0.20680961,0.26424035,-0.83752996,0.7086666,0.13457118
130,2914,-0.01052548,0.22097316,0.26818395,-0.04058832,0.07273401,0.96728814,-0.21451023,-0.33296606,0.44426876,0.3215181,-0.4975865,-0.84945035,0.49030146,-0.008631334,-0.216399,-0.36165813
130,2917,0.6712196,-0.008433253,0.19884081,0.27636224,0.5415156,-0.5060068,0.100971796,-0.5418034,-0.23098847,0.21259356,-0.29153496,0.19086334,0.088155754,-0.4262873,0.20683941,0.30990207
130,2928,-0.049752936,0.14023593,-0.45057815,0.07240854,0.20016468,-0.28243417,0.22588587,-0.47378907,0.5128222,-0.18142408,0.35886198,0.14215061,0.13411507,-0.60024697,0.66341144,-0.1292455
130,2939,-0.11377843,0.24618615,-0.8594341,0.03085114,-0.006102018,-0.39439708,0.2819187,0.037028346,0.06337984,-0.40669507,0.23844354,-0.08020784,0.030936845,-0.72357494,0.6319133,0.16423987
130,2956,-0.53512967,-0.0776985,0.13115014,-0.0720485,0.011976514,-0.0028375387,0.109321326,-0.2256338,0.7722961,-0.10824743,0.54373336,0.1554957,-0.17241585,0.31049842,0.17884952,-0.60132694
130,2961,-0.23613729,-0.12401089,0.9369737,0.40566862,0.28093886,-0.15717947,0.3345244,-0.21956766,0.3382278,-0.0049661994,0.5429402,0.69108737,-0.4174237,0.5378542,-0.26605213,-0.13551632
130,2962,-0.4130059,-0.07108557,-0.45799267,-0.80927145,-0.44176346,0.17814308,-0.44831824,0.49688655,-0.36089632,0.3165799,0.19963887,0.37820715,-0.15390845,0.690072,-0.3463415,-0.31638184
130,2963,0.48695436,0.2598863,0.43752372,-0.10083224,0.29467443,-0.2834309,0.47867098,0.328754,-0.5487429,0.0938609,-0.59854686,-0.89371765,-0.7823417,-0.076444685,-0.071014926,0.5307383
130,2965,0.5724864,0.0040576607,0.17037405,0.22287191,0.48888776,-0.4619624,0.10448725,-0.47959283,-0.18717387,0.18819267,-0.2404656,0.19124044,0.05302585,-0.35618964,0.18462667,0.25514638
130,2966,-0.2944438,0.16463396,-0.9277708,-0.77371687,-0.3248369,-0.118250385,-0.22830513,0.37689897,-0.412886,0.15170723,0.2601543,0.25385138,-0.114077345,0.13682944,0.069079116,-0.13366133
130,2968,0.018733054,0.11796934,-0.49087197,0.17860694,0.19792175,-0.37280774,0.27889866,-0.42698172,0.38164696,-0.2580901,0.30078155,0.21280622,0.16998172,-0.68331045,0.65447223,0.026289538
130,2985,-0.10089488,0.22372997,-0.76782024,0.013825566,0.044114176,-0.363772,0.26137117,-0.08599298,0.17330447,-0.34083912,0.26539257,-0.025810778,0.05268515,-0.6811644,0.63712883,0.079359695
130,2986,0.72206783,-0.011132166,0.21900995,0.2862854,0.56462336,-0.5189445,0.08768253,-0.56209105,-0.26444966,0.2365987,-0.32546562,0.1842157,0.099905975,-0.4441564,0.20361659,0.333157
130,2990,-0.10920124,0.25415665,-0.8972082,0.0460497,-0.016428258,-0.40986788,0.2930803,0.058391653,0.036551386,-0.43012366,0.23540072,-0.095426306,0.03542731,-0.76221395,0.6492177,0.19668274
130,3007,-0.030817509,0.2384234,0.8028046,-0.002058968,0.088326424,-0.1521089,0.6050454,0.61490476,-0.20008478,-0.10501368,-0.090791,-0.7580247,-1.1445148,0.4142282,-0.29114354,0.40782744
130,3008,-0.22068411,-1.2711641,0.94446445,1.4528832,-0.7789799,0.24527588,-0.18296695,0.6579341,0.55146754,-1.4025042,0.03088899,0.359846,0.51928186,0.33191937,-0.44151014,0.043051705
130,3009,-0.42391068,0.13711129,-0.69631344,-0.84577316,-0.2830157,0.0098224655,-0.24391502,0.26601225,-0.13422963,0.24894702,0.32092443,0.17867187,-0.20703802,0.35663328,0.021355066,-0.39430237
130,3016,0.2797877,0.17391284,0.21684106,0.21970032,-0.0042534806,0.9240525,-0.25074244,-0.2532897,0.047219917,0.21334419,-0.6892513,-0.6892233,0.7325003,-0.26143885,-0.2697013,0.049927518
130,3019,-0.42039588,0.14783645,-0.6781278,-0.6873614,-0.1999745,-0.093580216,-0.100738175,0.2031608,-0.017263725,0.110349886,0.35075533,0.15049349,-0.22545671,0.21644656,0.15548588,-0.3448186
130,3023,0.5536494,-0.07729058,0.1981016,0.4491467,0.5677277,-0.48346418,0.064198375,-0.7623494,0.08650691,0.107599296,-0.101331025,0.33844954,0.22426108,-0.48943478,0.33291322,0.16251142
130,3026,-0.20966794,0.20532313,0.22970028,-0.23500532,0.051620767,0.86461365,-0.19955099,-0.29010978,0.57419884,0.3456197,-0.29121172,-0.75922924,0.27187657,0.197451,-0.18904255,-0.56824225
130,3036,-0.18351644,0.4660266,0.34733683,0.061177,-0.28241152,-0.13675217,1.0776052,1.4434333,-0.11286849,-0.81402516,-0.25288808,-2.1341705,-1.6203274,-0.04853338,0.041714545,0.7780088
130,3042,-0.15250902,-0.06476313,-0.8326564,-0.55463076,-0.4749529,-0.11463079,-0.4542738,0.6809926,-0.8665018,0.13309965,0.15878835,0.6537818,0.052687027,0.2829495,-0.3096094,0.21203782
130,3074,0.12073761,0.18528366,0.17920662,0.027370796,-0.0036455207,0.8973359,-0.2564,-0.23408374,0.16882743,0.27432728,-0.5584153,-0.68687314,0.57979965,-0.098586336,-0.252545,-0.13875905
130,3075,0.17353609,0.027820162,-0.20831127,0.30453056,0.3401507,-0.39525738,0.19261765,-0.58383995,0.3385958,-0.11883539,0.1824818,0.31580442,0.20029631,-0.5757031,0.53484416,0.023533687
130,3078,0.68163645,-0.005643353,0.19609998,0.26955748,0.541563,-0.5016484,0.0852472,-0.5398977,-0.2380684,0.21893415,-0.30141348,0.18354923,0.09664766,-0.42686045,0.20275043,0.30789405
130,3082,-0.119628355,0.5506259,0.23288067,0.054721788,-0.31460226,-0.1673289,1.2213854,1.5972761,-0.18241522,-0.946057,-0.41178912,-2.538958,-1.7214284,-0.23169991,0.14296514,0.9072578
130,3088,0.2958382,0.14984927,0.18415408,0.21094991,-0.046928324,0.8971149,-0.2765542,-0.20526944,-0.043300554,0.20937777,-0.6849491,-0.6142235,0.73623246,-0.25031066,-0.29178375,0.097048566
130,3105,0.04278609,0.22921148,0.24989949,0.007284701,0.08029383,0.94261205,-0.20666799,-0.33420673,0.39546522,0.29718837,-0.52259904,-0.8289837,0.5280602,-0.07335147,-0.20596735,-0.2920819
130,3106,0.10962802,0.1994237,0.21029635,0.044814453,0.030344833,0.9123068,-0.23263046,-0.27154836,0.24182642,0.27027154,-0.55994827,-0.73978114,0.5758206,-0.10848144,-0.23460884,-0.17264448
130,3111,0.36919287,0.34096065,0.4054845,-0.06674194,0.15674505,-0.2609231,0.6825911,0.651579,-0.49448344,-0.1506904,-0.59237677,-1.3484015,-1.0417591,-0.12918945,-0.021391585,0.6502448
130,3117,-0.44468904,0.15026085,-0.6584088,-0.691525,-0.17803538,-0.083939835,-0.09253564,0.1576864,0.05742179,0.119631015,0.38193756,0.13266055,-0.23337269,0.21767321,0.18859556,-0.39479738
130,3135,-0.47100598,0.037983567,-0.288934,-0.84393644,-0.31541932,0.3542073,-0.3851948,0.25746807,-0.0073590875,0.38807067,0.16692808,0.07582269,-0.16924042,0.6730971,-0.26508272,-0.5619457
130,3154,-0.19035885,-1.371163,0.96794283,1.579639,-0.83208925,0.16429107,-0.18413404,0.7375271,0.49517778,-1.5194856,0.048609234,0.4807024,0.5386944,0.32180387,-0.45981008,0.1348321
130,3157,-0.16677868,0.19707395,0.20261328,-0.19023456,0.051797703,0.8035145,-0.18320513,-0.26616678,0.5124351,0.30140337,-0.29880685,-0.69987833,0.28402293,0.1480816,-0.17395668,-0.49469578
130,3171,0.044600755,0.22994891,0.24044283,0.01152657,0.08395414,0.91787314,-0.19795889,-0.33049572,0.39180315,0.2851288,-0.5115179,-0.810557,0.5195546,-0.08063401,-0.19640292,-0.28391176
130,3172,-0.31326497,0.11623128,-0.21777274,-0.24606171,0.1573268,-0.038956005,0.06805271,-0.45066762,0.75491,0.056221716,0.46450353,0.038207464,-0.05353352,-0.08752653,0.46656793,-0.5543438
130,3175,-0.6960337,-0.25227252,0.44230264,0.14236324,-0.09593869,0.021220066,0.15948558,-0.08426075,0.8377973,-0.2856779,0.6178172,0.23442751,-0.22312748,0.575208,-0.0218549,-0.6345651
130,3185,0.19610319,0.050810307,-0.29428732,0.30268633,0.33304888,-0.4175884,0.20625442,-0.5835166,0.3211786,-0.14728479,0.18017589,0.2935905,0.23517397,-0.6667812,0.59395456,0.057178244
130,3198,0.10984096,0.4723771,0.310795,0.016803294,-0.10985503,-0.21499766,1.0267977,1.2272311,-0.34082898,-0.63068604,-0.5260906,-2.100945,-1.4616653,-0.22540072,0.08771026,0.8377944
130,3212,-0.32511088,0.036753662,-0.64894146,-0.6841762,-0.33300892,-0.005542867,-0.32795033,0.406053,-0.35542843,0.20014513,0.24667433,0.35918102,-0.10220049,0.3669871,-0.14504097,-0.18723223
130,3216,0.08232427,-0.45677334,-0.3277306,0.15522413,-0.6111872,0.025182635,-0.5834892,0.7416212,-0.9148021,-0.119058505,0.004027799,0.76380867,0.3601162,0.25816336,-0.5763228,0.5302296
130,3224,-0.16012698,-0.12462461,0.8023517,0.4074598,0.3036521,-0.2022578,0.31047487,-0.2871787,0.32849637,-0.0067635626,0.47275084,0.64785135,-0.33069408,0.39462405,-0.16908823,-0.103967674
130,3229,-0.17908514,0.20266369,-0.5475565,-0.14995901,0.102889,-0.18491986,0.13343275,-0.26673713,0.43937254,-0.12486407,0.34364617,-0.039783582,0.033807836,-0.42882156,0.5641931,-0.23713154
130,3236,-0.21380912,-0.12966105,0.92833126,0.41946852,0.29535136,-0.17271844,0.33524716,-0.24551511,0.335142,-0.00074633956,0.53045887,0.69318765,-0.40184733,0.5099977,-0.24817957,-0.12313682
130,3251,-0.5919262,-0.13775218,0.24925743,0.003479153,-0.029306673,0.008174576,0.12698959,-0.16222586,0.78387773,-0.17425483,0.560516,0.18278804,-0.19506949,0.41655374,0.09307867,-0.6086157
130,3258,-0.48069635,0.09225933,-0.51554847,-0.8438393,-0.26243913,0.08810231,-0.26872876,0.231643,-0.0021674335,0.2936153,0.3341825,0.17182322,-0.24901667,0.51007485,-0.056825265,-0.511605
130,3260,0.100656986,0.21879959,0.25258768,0.036150247,0.047817275,1.0051249,-0.24748719,-0.3189485,0.3051219,0.31591266,-0.5967195,-0.84288126,0.60575074,-0.10313012,-0.24843822,-0.22305608
130,3295,0.07108906,0.2357368,0.24300729,0.029633522,0.08417466,0.9416243,-0.20683467,-0.33880156,0.3722218,0.29157856,-0.54112786,-0.82867944,0.55308145,-0.106729895,-0.20373236,-0.25930262
130,3300,0.5724864,0.0040576607,0.17037405,0.22287188,0.48888776,-0.4619624,0.10448725,-0.47959283,-0.18717387,0.18819267,-0.2404656,0.19124044,0.053025834,-0.35618964,0.18462667,0.25514632
130,3304,0.03809336,0.5039934,0.2910722,0.037276,-0.18132111,-0.20177765,1.1097877,1.3745676,-0.29633728,-0.752024,-0.5000227,-2.2873666,-1.5702646,-0.23811927,0.11005062,0.88218594
130,3311,-0.040324807,0.13413519,-0.45787692,0.10197978,0.20592657,-0.30166888,0.24320456,-0.48978457,0.51418,-0.19779414,0.3643536,0.15726891,0.14479324,-0.6329152,0.6839807,-0.1068802
130,3331,-0.5919263,-0.13775215,0.24925746,0.003479138,-0.029306673,0.008174576,0.12698959,-0.16222587,0.7838776,-0.17425483,0.560516,0.18278804,-0.19506949,0.41655374,0.09307867,-0.6086157
130,3334,0.2753422,0.17965905,0.24759884,0.22953497,0.01055436,0.96438646,-0.24729848,-0.2774235,0.089450605,0.2230657,-0.70920545,-0.7433991,0.745009,-0.2611401,-0.27240247,0.026497036
130,3338,-0.3662986,0.14918202,-0.7647459,-0.8000215,-0.28700086,-0.0388058,-0.23029667,0.29786855,-0.22668335,0.20456132,0.29122227,0.20342004,-0.16840884,0.26626587,0.040544286,-0.29313403
130,3344,0.0645847,-0.45041585,-0.31728184,0.13079964,-0.60890406,0.04738328,-0.5846723,0.731212,-0.889678,-0.10156256,0.0042957515,0.7398563,0.35027778,0.2789349,-0.5778673,0.49754727
130,3348,0.05346659,0.48654634,0.27370667,0.012706414,-0.15229362,-0.19983919,1.0486275,1.2825613,-0.29489765,-0.6880329,-0.4918571,-2.1555095,-1.4868575,-0.22469097,0.102281466,0.8263931
130,3350,-0.04975292,0.14023593,-0.45057815,0.07240851,0.20016468,-0.28243417,0.2258859,-0.47378907,0.51282215,-0.18142408,0.35886198,0.14215061,0.13411507,-0.60024697,0.6634114,-0.12924552
130,3360,0.7545414,-0.019230902,0.8673214,-0.033457845,0.63124126,-0.36371127,0.057648543,-0.3714081,-0.68604374,0.70404446,-0.5083168,0.18119565,-0.39634332,0.27556902,-0.32842815,0.38657242
130,3361,0.46605644,0.009801075,0.69298524,0.05020435,0.50535715,-0.34471506,0.1336991,-0.32909572,-0.36482593,0.4406285,-0.21938671,0.28563848,-0.33674514,0.20561099,-0.20746554,0.23633493
130,3370,-0.026412115,0.21167292,0.2393003,-0.052232355,0.06876668,0.89471006,-0.19686338,-0.30559656,0.43113542,0.29254165,-0.45143574,-0.7821734,0.44636098,0.0037909374,-0.19781385,-0.35581645
130,3386,-0.15030962,0.55361587,0.22191195,0.056656346,-0.33649316,-0.15988979,1.229805,1.6233578,-0.15644756,-0.9716738,-0.3868429,-2.55793,-1.7357476,-0.22322384,0.1457176,0.9010885
130,3394,-0.13375387,-0.21440896,-0.27413654,-0.21713573,-0.42354766,0.16796443,-0.45127255,0.47636026,-0.46138927,0.082119666,0.05221905,0.41685516,0.1482431,0.38283253,-0.41359353,0.061695978
130,3399,0.5104908,-0.076435566,0.19208704,0.43844074,0.55013657,-0.45907545,0.055030316,-0.755532,0.12768114,0.09210781,-0.072229326,0.34277716,0.22209644,-0.46451896,0.3316722,0.12593983
130,3400,0.24110204,0.027818054,1.0540516,-0.036298037,0.46100312,-0.22529486,0.15303847,-0.20673521,-0.32808593,0.5230522,-0.051624388,0.4211303,-0.58631814,0.63850844,-0.4786502,0.12344812
130,3417,-0.20418362,0.54746044,0.21361078,0.06824066,-0.3725945,-0.14757648,1.2306637,1.6534628,-0.106996894,-1.0076146,-0.32711673,-2.5546663,-1.7506375,-0.19714442,0.1441604,0.88142955
130,3429,-0.097865306,0.23777571,-0.8329136,0.036865905,0.02526141,-0.390656,0.28183946,-0.04457776,0.12737094,-0.38215938,0.26008266,-0.055199772,0.054684542,-0.74248815,0.6654012,0.1323088
130,3432,0.10463804,0.192298,0.1815465,0.035072774,0.022327762,0.8578695,-0.22485968,-0.24614266,0.21548393,0.2505798,-0.5294942,-0.6827848,0.54913604,-0.10326347,-0.2239546,-0.15761104
130,3435,-0.20677973,-0.09367064,-0.70446324,-0.5748049,-0.46655104,-0.054329667,-0.45333222,0.6508533,-0.7482369,0.15947777,0.16638593,0.6214929,0.005201988,0.39876488,-0.342003,0.10500078
130,3440,0.10463804,0.192298,0.1815465,0.035072774,0.02232776,0.8578695,-0.22485971,-0.24614266,0.21548393,0.25057983,-0.5294942,-0.6827848,0.54913604,-0.10326345,-0.2239546,-0.15761104
130,3443,-0.053306192,0.14973848,-0.49176723,0.05513026,0.19256017,-0.2914207,0.2292557,-0.46793392,0.5015821,-0.18389523,0.3656218,0.13269752,0.13551301,-0.62189245,0.68369514,-0.12341206
130,3455,0.64441514,-0.008074045,0.20398326,0.2612167,0.53051054,-0.49399367,0.10308955,-0.52766126,-0.22252071,0.21439335,-0.27739173,0.19776565,0.07189449,-0.39591327,0.19379422,0.2955501
130,3464,-0.1276859,0.29635584,-1.0310555,0.04397224,-0.114571,-0.43700692,0.29506248,0.32168826,-0.19465896,-0.52706313,0.1538337,-0.19146486,-0.012645215,-0.77186465,0.5722681,0.33597237
130,3471,0.060852304,-1.2388976,0.46289963,1.3318046,-0.9112537,0.0178098,-0.43912825,0.9454659,-0.33623138,-1.1640772,0.011055186,0.85300255,0.6278516,0.21560642,-0.61825335,0.6072147
130,3477,0.13016891,0.1280635,-0.55456406,0.22495113,0.22958088,-0.43403855,0.2802129,-0.4467181,0.28501526,-0.27378654,0.22530812,0.20617422,0.2448909,-0.8105046,0.6970019,0.11997016
130,3478,-0.118575886,0.26136616,-0.92930037,0.048700795,-0.043061078,-0.4194448,0.29689974,0.12605451,-0.02022773,-0.45732433,0.21876806,-0.11548957,0.019551322,-0.76112723,0.63005435,0.23319288
130,3497,-0.04975292,0.14023593,-0.45057815,0.07240854,0.20016468,-0.28243417,0.2258859,-0.47378907,0.5128222,-0.18142408,0.35886198,0.14215061,0.13411507,-0.6002469,0.66341144,-0.12924552
130,3498,-0.05581154,0.15445076,-0.54574263,0.058305636,0.18844545,-0.31607231,0.24717686,-0.47065422,0.49094516,-0.20252421,0.37837195,0.13003908,0.1426099,-0.6710938,0.72494286,-0.10193334
130,3509,0.5263672,0.07485458,-0.26601744,0.09193893,-0.35881606,0.59899783,-0.52923554,0.13506247,-0.9079386,0.2379857,-0.62176925,0.053213764,0.8263897,-0.33445987,-0.41308618,0.576993
130,3519,0.09640145,0.11987359,-0.5424196,0.23183726,0.22391227,-0.42944276,0.29565093,-0.45657435,0.32260442,-0.27918172,0.26028877,0.22128223,0.22619712,-0.7955473,0.70373005,0.10325049
130,3523,-0.08287384,0.20812988,-0.71990305,0.022146016,0.08780674,-0.35487372,0.25956473,-0.20280838,0.26604873,-0.30204627,0.29863685,0.015489183,0.08374121,-0.6955246,0.6766323,0.029336527
130,3537,0.47025976,-0.083808124,0.21086149,0.4421845,0.5445049,-0.43989673,0.05175397,-0.7680472,0.1761572,0.084090866,-0.03979644,0.36103773,0.21647415,-0.43206716,0.3288818,0.08956392
130,3540,-0.7688674,-0.34030166,0.58810765,0.24446021,-0.15362489,0.028630137,0.17872047,-0.0023430549,0.8521936,-0.37087142,0.64704275,0.2762626,-0.24890482,0.7075424,-0.12715177,-0.64192265
130,3543,-0.280815,0.16491121,-0.9224677,-0.7121755,-0.30474433,-0.15217058,-0.18538001,0.36983806,-0.39638713,0.101478316,0.2546128,0.24906614,-0.10917606,0.08917851,0.09549706,-0.097848915
130,3545,0.049327776,0.23289117,0.22632428,0.014044598,0.087253965,0.89224327,-0.19113272,-0.3266853,0.38298568,0.27491465,-0.50099105,-0.7903429,0.5133302,-0.09142822,-0.18650837,-0.27226555
130,3550,0.8578756,0.03168445,0.87315476,-0.030177861,0.66326964,-0.39273617,0.15248677,-0.29754707,-0.80240285,0.6745365,-0.66818523,-0.043060243,-0.47498444,0.15694158,-0.29200906,0.5051381
130,3551,0.018733054,0.11796934,-0.49087197,0.17860697,0.19792175,-0.37280777,0.2788987,-0.42698172,0.381647,-0.2580901,0.30078155,0.21280621,0.16998172,-0.68331045,0.65447223,0.026289538
130,3552,-0.47572753,0.11621906,-0.5500359,-0.8373546,-0.24811172,0.06507918,-0.2359795,0.20873128,0.016451776,0.27286404,0.33911872,0.14314069,-0.24911788,0.4559918,-0.007843375,-0.5059607
130,3576,0.6732079,-0.011625633,0.21342488,0.27663755,0.54609483,-0.5076527,0.10461417,-0.54510796,-0.2368254,0.2215518,-0.29292327,0.1971554,0.079742916,-0.41607612,0.20002063,0.3130455
130,3581,-0.15807873,-0.20262384,-0.283233,-0.27360648,-0.43126833,0.1941748,-0.46655032,0.4729823,-0.45170268,0.117698155,0.057986915,0.39857167,0.13320723,0.41457674,-0.4187857,0.021384701
130,3590,-0.39206138,-0.07540019,-0.47804177,-0.78179765,-0.44232696,0.14929596,-0.4444605,0.5124176,-0.3962725,0.2962391,0.198099,0.40677875,-0.14137264,0.6626997,-0.3444276,-0.27370006
130,3594,0.12073761,0.18528366,0.17920662,0.02737078,-0.0036455207,0.8973359,-0.25639996,-0.23408374,0.16882741,0.27432725,-0.5584153,-0.68687314,0.5797997,-0.09858632,-0.25254494,-0.13875905
130,3596,-0.44754001,0.010488629,-0.026975468,-0.17978533,0.064338595,-0.014797568,0.08037935,-0.28681996,0.72867966,-0.02121941,0.4971788,0.113711186,-0.14480196,0.17846611,0.2730747,-0.5778516
130,3615,-0.14774764,-0.06567043,-0.8183832,-0.53707767,-0.46626213,-0.11592701,-0.44734058,0.67383814,-0.8547236,0.124869116,0.15541884,0.65111643,0.055640794,0.276572,-0.3084398,0.21447231
130,3618,0.7171415,-0.009363815,0.23297758,0.27167946,0.56200737,-0.51101947,0.08679539,-0.5497789,-0.27533135,0.24730468,-0.32913494,0.18115777,0.083319746,-0.42060196,0.18732223,0.33135533
130,3619,-0.2238789,-0.096048966,-0.67818826,-0.59016275,-0.4648427,-0.03737444,-0.45259675,0.6404027,-0.7156743,0.17018658,0.17005096,0.6070572,-0.009696133,0.4277844,-0.34559762,0.07128401
130,3620,0.58663213,-0.054741085,0.1774704,0.39517277,0.5536519,-0.49665326,0.07972773,-0.6860019,-0.015075773,0.13513902,-0.15506886,0.29707468,0.1879856,-0.48011464,0.29902333,0.21371447
130,3626,-0.22021854,0.20784365,0.15131254,-0.2829867,0.038785975,0.76281273,-0.19697148,-0.24739757,0.5177816,0.33108473,-0.22610615,-0.6514388,0.2205053,0.2039429,-0.16534477,-0.5479256
130,3640,-0.6291761,-0.095835164,0.05832587,-0.20396139,-0.10195991,0.00041607022,0.055725947,-0.007946584,0.61215687,-0.111249864,0.54222757,0.16595635,-0.25292662,0.4824247,0.06586029,-0.6103604
130,3641,-0.7484851,-0.2913895,0.4735266,0.1340879,-0.15699589,0.021655016,0.14676762,0.034202814,0.76844084,-0.3161985,0.61580646,0.2625638,-0.26673323,0.6915599,-0.11334987,-0.62805825
130,3647,0.00011858344,0.11704373,-0.46755785,0.15631981,0.18969557,-0.3525052,0.26414245,-0.4080862,0.3854478,-0.24433091,0.30082613,0.21083237,0.15103704,-0.63325524,0.6225674,0.0030736178
130,3654,-0.45665222,0.06028059,-0.22834168,-0.783858,-0.26516435,0.39858335,-0.35585672,0.1884459,0.08294281,0.38279954,0.13679634,-0.013296276,-0.13882515,0.6301659,-0.2479627,-0.5836876
130,3658,0.120299935,0.19412509,0.18076824,0.03670162,0.013360668,0.8836175,-0.24133855,-0.24753603,0.19232191,0.26511514,-0.5507654,-0.6932519,0.57374084,-0.1121283,-0.2370619,-0.14361686
130,3664,0.5386561,0.07480459,-0.2572561,0.101180896,-0.36265162,0.62385166,-0.53750855,0.13051054,-0.91721845,0.2454026,-0.64309806,0.036627643,0.84741056,-0.34233794,-0.42288858,0.5863334
130,3671,-0.3451562,0.14359371,-0.84490395,-0.70830584,-0.2887586,-0.1407208,-0.15626359,0.34561905,-0.2914138,0.09927369,0.2922926,0.23176548,-0.16510555,0.1603249,0.09606693,-0.17159514
130,3676,-0.6877245,-0.23459592,0.41442966,0.11573802,-0.082913555,0.021931536,0.15585464,-0.10833451,0.84488606,-0.26255438,0.618705,0.22490343,-0.22264361,0.5532271,0.003910221,-0.64304715
130,3681,-0.7763475,-0.32808718,0.54364514,0.19134976,-0.16920349,0.02503495,0.16295424,0.040460963,0.799659,-0.3517854,0.6365333,0.2814646,-0.27028346,0.72991085,-0.1419353,-0.6355832
130,3690,-0.2566027,0.14766932,-0.32865623,-0.22969727,0.16613597,-0.08321278,0.08650096,-0.45752463,0.70228326,0.02051711,0.44100964,0.017229423,-0.0024410486,-0.22818461,0.5402174,-0.4821399
130,3706,-0.058276206,0.16034877,-0.55316013,0.037165895,0.17621192,-0.31023705,0.23720184,-0.4366103,0.46240038,-0.20012012,0.36369032,0.123001255,0.13438573,-0.6479787,0.6999265,-0.09833551
130,3711,-0.3444706,0.03489759,-0.6420081,-0.7060072,-0.33665746,0.0056606606,-0.33251655,0.40122038,-0.3364748,0.21446562,0.2580589,0.35270828,-0.11520047,0.39166725,-0.14711785,-0.21540149
130,3726,-0.3451562,0.14359371,-0.84490395,-0.7083058,-0.2887586,-0.1407208,-0.15626359,0.345619,-0.2914138,0.09927369,0.2922926,0.23176548,-0.16510555,0.1603249,0.09606693,-0.17159514
130,3747,-0.4272322,0.14911404,-0.68687934,-0.69690293,-0.20169982,-0.09347731,-0.10168139,0.20082666,-0.01355052,0.1142975,0.3583221,0.14884393,-0.22844821,0.21677394,0.16264121,-0.35205984
130,3750,0.07647017,0.07899406,1.0931935,-0.093559235,0.3536062,-0.14698152,0.23641843,-0.002164349,-0.26195097,0.4369888,0.018844724,0.25383812,-0.7776209,0.7568163,-0.53527313,0.10146339
130,3762,-0.12774368,0.2801615,-0.9975155,0.057572857,-0.089932315,-0.43761313,0.30346262,0.24822874,-0.1307602,-0.5095239,0.1832802,-0.1595655,-0.0010571033,-0.7767716,0.59998536,0.30578887
130,3768,0.53865623,0.07480459,-0.2572561,0.101180926,-0.36265162,0.62385166,-0.53750855,0.13051055,-0.91721845,0.24540263,-0.64309794,0.036627643,0.84741056,-0.34233794,-0.42288858,0.5863334
130,3769,0.14648914,0.044099674,1.1967689,-0.08447446,0.43052047,-0.16886403,0.1825814,-0.1270335,-0.31381974,0.55663615,0.007782504,0.4264623,-0.73011357,0.8090299,-0.5879153,0.09140502
130,3792,-0.1313542,0.28947765,-1.0057874,0.05718772,-0.113699965,-0.43320695,0.29780102,0.32178834,-0.186421,-0.5294711,0.15264948,-0.18717872,-0.018392175,-0.75631994,0.5595496,0.33354706
130,3800,0.0029532611,0.22212358,0.26090252,-0.028724134,0.07399284,0.95566475,-0.21146366,-0.33037275,0.42894703,0.31280103,-0.50166667,-0.83890086,0.49766728,-0.02483967,-0.21275617,-0.34174848
130,3801,0.53865623,0.07480459,-0.2572561,0.101180926,-0.36265162,0.62385166,-0.53750855,0.13051055,-0.91721845,0.2454026,-0.64309794,0.036627643,0.84741056,-0.34233794,-0.42288858,0.5863334
130,3824,0.009654805,0.11758812,-0.479523,0.1674683,0.19361639,-0.36280194,0.27167353,-0.41677034,0.3826617,-0.25157183,0.3002327,0.21126981,0.16058812,-0.65844995,0.63828987,0.015165791
130,3838,-0.48210675,0.024047494,-0.32576165,-0.8874354,-0.34920496,0.33955333,-0.4096106,0.3017377,-0.064254016,0.39939588,0.18042102,0.12192798,-0.18383938,0.70564735,-0.2815491,-0.55250704
130,3844,-0.78956735,-0.33863285,0.5650062,0.20333295,-0.17201513,0.028103374,0.16804805,0.037406135,0.8166468,-0.35877663,0.64748067,0.2844069,-0.27440542,0.74441,-0.14584206,-0.6454361
130,3850,-0.3394399,-0.41795248,0.58491975,0.4405898,-0.27988464,0.5701549,-0.12086169,0.087853715,0.7204279,-0.45580202,-0.07700893,-0.3275686,0.27351344,0.34462148,-0.26173759,-0.44791508
130,3853,0.54522276,0.010405086,0.34854364,0.093801424,0.48339748,-0.39782986,0.10422471,-0.38370252,-0.31047347,0.3177732,-0.28291112,0.18154025,-0.1218199,-0.112911314,0.014276512,0.2553473
130,3865,0.28812566,0.18592298,0.26252997,0.23339604,0.009297701,1.0149937,-0.26391262,-0.29278916,0.08920455,0.24613923,-0.74178654,-0.78548825,0.7772186,-0.2691657,-0.28777647,0.026068598
130,3874,0.21006986,0.08918227,-0.42717797,0.2801354,0.3057096,-0.44162855,0.22916037,-0.5508102,0.2876859,-0.1961139,0.17858809,0.25146484,0.27103466,-0.7773823,0.6636496,0.10400109
130,3881,-0.53512967,-0.077698484,0.13115017,-0.072048515,0.011976512,-0.0028375313,0.10932132,-0.2256338,0.7722961,-0.10824743,0.5437334,0.1554957,-0.17241585,0.31049842,0.17884952,-0.60132694
130,3898,0.5672761,-0.03617029,0.15923746,0.3381319,0.5238579,-0.4855342,0.088726774,-0.61062276,-0.06344101,0.14355624,-0.17184325,0.26887023,0.14728177,-0.43916565,0.26287198,0.22375436
130,3903,0.8578756,0.03168445,0.87315476,-0.030177876,0.66326964,-0.39273617,0.15248677,-0.29754707,-0.80240285,0.6745365,-0.66818523,-0.043060243,-0.47498444,0.15694158,-0.29200906,0.5051381
130,3908,-0.2645307,0.16521907,-0.91677016,-0.7008293,-0.30195603,-0.15057275,-0.19178584,0.36923432,-0.4083086,0.10125419,0.24432527,0.25684345,-0.09556057,0.080977164,0.087596454,-0.08472851
130,3911,0.13992798,-0.022155106,-0.04362102,0.3131551,0.35276285,-0.37509748,0.18602484,-0.564032,0.3314063,-0.069114685,0.17741424,0.3671499,0.1208178,-0.39626,0.40474296,-0.0037855208
130,3919,0.26687604,0.19695407,0.27559966,0.22007023,0.027760187,1.0287243,-0.25514933,-0.31308043,0.14103353,0.25568882,-0.7338288,-0.8213665,0.7638578,-0.25815383,-0.27857774,-0.0129466355
130,3928,0.1547127,-0.5383064,-0.32349107,0.3068334,-0.65356094,-0.04920776,-0.5902835,0.80949223,-1.0013957,-0.23122916,-0.0042634457,0.87401843,0.41671577,0.192496,-0.58893114,0.66626745
130,3929,-0.16582403,-0.04132007,-0.8224652,-0.56017905,-0.4479723,-0.1077389,-0.4259483,0.64110243,-0.80152094,0.12674409,0.16252409,0.60137254,0.038811497,0.26134384,-0.2702446,0.17157112
130,3933,-0.2645307,0.16521907,-0.91677016,-0.7008293,-0.30195603,-0.15057275,-0.19178584,0.36923432,-0.4083086,0.10125419,0.24432527,0.25684345,-0.09556057,0.080977164,0.08759645,-0.08472851
130,3947,0.04851739,0.112407185,0.97392106,-0.08531713,0.28977823,-0.14546776,0.2946435,0.111978516,-0.23142788,0.31553036,-0.0005880743,0.05566284,-0.81186455,0.6569175,-0.45954567,0.14403869
130,3969,0.43244568,0.10119876,-0.20419516,0.08699767,-0.26716715,0.5609698,-0.42869076,0.07034002,-0.6769917,0.19494694,-0.5541063,-0.03314309,0.7247165,-0.30162144,-0.3361838,0.44064772
130,3984,0.50544,0.08626418,-0.28425223,0.077193394,-0.3395268,0.5498121,-0.5056031,0.13101372,-0.8768972,0.22297546,-0.5808076,0.07315947,0.7874749,-0.33346564,-0.38403893,0.55663323
130,3994,-0.48400667,0.035845757,-0.2716944,-0.8561371,-0.3192417,0.386592,-0.39504153,0.25125143,0.0102624,0.40615827,0.16112384,0.051166795,-0.16746046,0.6947678,-0.2777899,-0.5864756
130,4000,0.49457505,0.08981827,-0.28632307,0.07738833,-0.32683098,0.5252681,-0.48940054,0.1270915,-0.8539485,0.21054655,-0.5617899,0.07934061,0.7677236,-0.33335534,-0.36848474,0.54537374
130,4002,0.81500065,-0.0034999847,0.88297,-0.025645614,0.65564996,-0.38120788,0.092535295,-0.35374272,-0.7483504,0.705171,-0.58303547,0.10151468,-0.42455235,0.22346729,-0.31685454,0.4421987
130,4004,-0.15148522,0.19640239,0.2103524,-0.17521065,0.0513471,0.8205428,-0.18758866,-0.26956636,0.502238,0.30308312,-0.31973207,-0.7122569,0.3044715,0.13559969,-0.18063633,-0.48054326
130,4006,-0.56793416,0.01572778,-0.19622913,-0.40332684,-0.08415514,-0.015988253,0.0044750776,-0.020103183,0.5016972,0.0027291551,0.5053676,0.11877661,-0.24733645,0.36244124,0.16633669,-0.5916882
130,4007,0.21025506,0.09707928,-0.45621914,0.28003556,0.30181637,-0.44727978,0.23758066,-0.5522382,0.29194173,-0.20857131,0.18559994,0.2450649,0.27989298,-0.8074734,0.68723035,0.11123179
130,4009,0.50544,0.08626418,-0.28425226,0.077193394,-0.33952677,0.5498121,-0.5056031,0.13101372,-0.8768972,0.22297549,-0.5808076,0.07315947,0.7874749,-0.33346564,-0.38403893,0.55663323
130,4014,0.043720514,0.11894802,-0.52505714,0.2045617,0.2011481,-0.40280035,0.29799455,-0.42967248,0.35210168,-0.2795804,0.28960598,0.21637592,0.19008201,-0.73795164,0.67999655,0.06840624
130,4036,0.10463804,0.192298,0.1815465,0.035072774,0.02232776,0.8578695,-0.22485971,-0.24614266,0.21548393,0.25057983,-0.5294942,-0.6827848,0.54913604,-0.10326345,-0.2239546,-0.15761104
130,4038,-0.09868887,0.1842147,0.24235348,-0.109269045,0.046082318,0.8663815,-0.19412363,-0.2719139,0.46360523,0.29087994,-0.38991868,-0.74320495,0.37028444,0.094374165,-0.2029408,-0.4219895
130,4070,-0.48400778,0.017259397,-0.3282398,-0.8883289,-0.3553755,0.33179376,-0.41005623,0.31232116,-0.07378283,0.3945988,0.1836835,0.13490404,-0.18834406,0.7125452,-0.28425044,-0.5481279
130,4079,0.428848,0.012560517,0.7432421,0.03449835,0.49691686,-0.32571483,0.13723436,-0.30841327,-0.3581753,0.45159945,-0.19359814,0.30519968,-0.37537363,0.27190015,-0.24743842,0.2177097
130,4081,-0.040089354,0.107265554,-0.4168135,0.15001999,0.20751277,-0.32061824,0.26038614,-0.48171648,0.49600786,-0.21415555,0.35780644,0.20298004,0.1360794,-0.60930514,0.65386784,-0.07670675
130,4087,-0.08287384,0.20812988,-0.71990305,0.022146016,0.08780674,-0.3548737,0.25956473,-0.20280838,0.26604873,-0.30204627,0.29863685,0.015489183,0.08374121,-0.6955246,0.6766323,0.029336527
130,4090,-0.29563797,-0.13299042,1.047309,0.41395783,0.26955333,-0.12344904,0.35299736,-0.18611978,0.3610384,-0.0025523603,0.59615177,0.7285703,-0.47609165,0.64529777,-0.33448803,-0.16514333
130,4103,0.14757591,-0.0746495,0.14032023,0.31986356,0.38353264,-0.37236017,0.1784428,-0.54104763,0.27252087,0.001839459,0.14064912,0.41049397,0.039976366,-0.21305907,0.25623542,0.0022583902
130,4104,-0.3041512,-0.06041476,-0.2724687,-0.54945385,-0.34626073,0.29510745,-0.4145647,0.33018973,-0.19756034,0.26267326,0.09407614,0.19676135,-0.002894774,0.52022946,-0.3312816,-0.28179634
130,4120,0.29006264,0.13821031,0.13866244,0.1763844,-0.07689896,0.850579,-0.29221055,-0.16414566,-0.10451645,0.20854178,-0.65282345,-0.53842294,0.7122493,-0.22997156,-0.2967692,0.1161782
130,4123,-0.1910245,0.51119184,0.30499995,0.05323772,-0.33021247,-0.13461646,1.1655393,1.5706203,-0.124455154,-0.8986355,-0.30042833,-2.3751915,-1.7235016,-0.10498251,0.07530585,0.84040534
130,4127,0.5666692,-0.04758568,0.1652389,0.37168056,0.5365122,-0.48704508,0.080451705,-0.65433156,-0.02165316,0.13205218,-0.152842,0.28814095,0.17412078,-0.45953524,0.28551096,0.20804434
130,4138,0.12775198,-0.07229589,0.12484206,0.32923847,0.379421,-0.36498877,0.18055838,-0.56056434,0.31591374,-0.013004437,0.16501372,0.41406983,0.050415657,-0.2335538,0.28511938,-0.017825916
130,4140,0.5616765,-0.0072936863,0.18061723,0.24288662,0.49545574,-0.46747902,0.109396115,-0.50195616,-0.16411364,0.18673873,-0.22041146,0.21809869,0.059066437,-0.35270244,0.19014618,0.24839033
130,4152,0.10962802,0.19942369,0.21029632,0.044814453,0.030344833,0.9123068,-0.23263046,-0.27154836,0.24182642,0.27027157,-0.5599483,-0.73978114,0.5758206,-0.10848144,-0.23460884,-0.17264447
130,4153,0.0029532611,0.22212358,0.26090252,-0.028724134,0.07399284,0.95566475,-0.21146366,-0.33037272,0.42894703,0.31280103,-0.50166667,-0.83890086,0.49766728,-0.02483967,-0.21275617,-0.34174848
130,4157,-0.49253136,0.0029488057,-0.3340087,-0.90136194,-0.37278733,0.32766053,-0.41970265,0.33539668,-0.09483227,0.3958377,0.18911104,0.15628083,-0.19649097,0.73593616,-0.29642004,-0.5463142
130,4161,-0.47133023,0.11818917,-0.5765334,-0.8465405,-0.25815168,0.05853863,-0.24163672,0.22126922,-0.011038467,0.27395236,0.33853182,0.1508098,-0.24443969,0.44701582,-0.00629548,-0.4913168
130,4164,-0.39435118,0.14168893,-0.77384496,-0.71808016,-0.2587504,-0.1167175,-0.1355229,0.28951263,-0.16908166,0.11309125,0.32713753,0.19757724,-0.20549116,0.2065897,0.11835849,-0.26140305
130,4170,-0.3394399,-0.41795248,0.58491975,0.4405898,-0.27988464,0.5701549,-0.12086169,0.087853715,0.7204279,-0.45580202,-0.07700893,-0.3275686,0.27351344,0.34462145,-0.26173759,-0.44791508
130,4173,-0.7688674,-0.34030166,0.58810765,0.24446018,-0.15362489,0.028630137,0.17872047,-0.0023430549,0.8521936,-0.37087142,0.64704275,0.2762626,-0.24890482,0.7075424,-0.12715177,-0.64192265
130,4177,0.22153461,0.079558335,-0.40743285,0.3011223,0.32085297,-0.449083,0.23076582,-0.5770727,0.29564816,-0.18951765,0.17886236,0.2649449,0.27633345,-0.783978,0.66886497,0.10599856
130,4180,-0.114047304,-0.24036384,-0.28009775,-0.18364519,-0.44647542,0.15852655,-0.46935114,0.50585717,-0.51119554,0.06652921,0.047553122,0.45125926,0.17018092,0.37558377,-0.43479437,0.10801755
130,4184,-0.14955965,-1.3648807,0.8944149,1.5574263,-0.85684264,0.14641403,-0.2319127,0.7823333,0.3522573,-1.4745195,0.03891757,0.5444813,0.56369436,0.30839404,-0.49770576,0.22076084
130,4187,-0.4826475,0.113345824,-0.5406441,-0.8454752,-0.24943358,0.07325776,-0.24099368,0.20877571,0.023298979,0.28024197,0.3407802,0.14154969,-0.25449592,0.47138706,-0.01427009,-0.517963
130,4193,0.8578756,0.03168445,0.87315476,-0.030177861,0.66326964,-0.39273617,0.15248677,-0.29754707,-0.80240285,0.6745365,-0.66818523,-0.043060243,-0.47498444,0.15694158,-0.29200906,0.5051381
130,4205,0.2866681,0.17550276,0.22928818,0.22631471,-0.0039815716,0.9520931,-0.2574448,-0.2619769,0.05018796,0.22283736,-0.7084612,-0.71396613,0.75014186,-0.26562312,-0.2780547,0.04970567
130,4216,-0.48399317,-0.028957203,-0.34833,-0.879105,-0.3954771,0.28873366,-0.42294544,0.3839322,-0.15170854,0.36991474,0.19586949,0.21958569,-0.19891289,0.7473871,-0.31279337,-0.4990887
130,4228,-0.048593476,0.26250297,0.74246633,0.005733058,0.045523547,-0.15060559,0.6536637,0.7054506,-0.18678257,-0.18809113,-0.10798864,-0.90906286,-1.1887523,0.35690522,-0.24880598,0.44708693
130,4239,0.11847705,-0.47478533,-0.34766746,0.20845683,-0.61948836,-0.022254206,-0.58146876,0.76816165,-0.97071564,-0.1585837,0.0035502613,0.8180228,0.37978172,0.21870261,-0.57581973,0.600574
130,4247,0.38198748,-0.104315504,0.34029347,0.46609575,0.53351265,-0.40779176,0.08980094,-0.74524987,0.2262816,0.07964528,0.041760623,0.4262895,0.14482015,-0.30433097,0.25936213,0.050659463
130,4257,-0.46285987,0.12540697,-0.63087744,-0.867575,-0.27621266,0.04643078,-0.251288,0.24184853,-0.061331183,0.2770731,0.33776316,0.16108322,-0.23549643,0.42597657,0.0012016669,-0.46588874
130,4259,-0.053306192,0.14973848,-0.49176723,0.05513026,0.19256017,-0.2914207,0.2292557,-0.46793398,0.50158215,-0.18389523,0.3656218,0.13269752,0.13551301,-0.6218926,0.6836951,-0.12341206
130,4265,0.40644458,0.303977,0.3874334,-0.09328621,0.21490249,-0.26464707,0.57442135,0.4871298,-0.49861404,-0.04023937,-0.5805398,-1.1088266,-0.892635,-0.11064045,-0.034077547,0.56612116
130,4278,0.19676569,0.18968588,0.20778154,0.14501639,0.025074385,0.8862238,-0.22389248,-0.26446024,0.1529688,0.22217885,-0.6110068,-0.6990339,0.6428776,-0.19877806,-0.23528422,-0.054204777
130,4323,0.64285386,-0.00023978949,0.207933,0.23186328,0.5213566,-0.475255,0.08105859,-0.50484264,-0.23742649,0.22841269,-0.28909886,0.18240194,0.06447316,-0.36850798,0.17136559,0.28512615
130,4332,-0.2777064,0.1641552,-0.90737087,-0.6969659,-0.29618683,-0.15311481,-0.17841148,0.36227748,-0.3827196,0.09455947,0.2522579,0.24605717,-0.10802922,0.08556265,0.09654874,-0.097926736
130,4334,-0.26456583,-0.13981047,1.0386211,0.4346341,0.29006276,-0.14184812,0.34981343,-0.22426584,0.3607822,0.0022649989,0.57998186,0.7307956,-0.45230123,0.6067661,-0.3101021,-0.15164617
130,4345,-0.53017914,0.08196607,-0.3548205,-0.523449,-0.07937701,-0.027896028,-0.026525311,-0.019250639,0.4213512,0.06893764,0.48119223,0.09563827,-0.24385405,0.2903895,0.22251953,-0.5719786
