window_id,vehicle_id,z_0,z_1,z_2,z_3,z_4,z_5,z_6,z_7,z_8,z_9,z_10,z_11,z_12,z_13,z_14,z_15
48,301,0.22173093,-0.7521402,1.2785628,-0.2639918,-0.4518315,-0.76461583,-0.0837605,-0.15315199,0.7114321,-0.07220495,0.8293022,0.14612421,0.8007741,-0.97842515,0.40731573,-0.20572448
48,933,0.3834601,-0.16971941,0.9497865,-0.17628597,-0.608952,-0.42126173,0.32999167,-0.1237691,0.5695788,-0.44345886,0.6718609,-0.16297844,0.5728494,-0.3720453,0.2324295,-0.0150493905
48,1758,-0.41346192,-0.2087827,-0.061730996,0.16906713,0.40086108,-0.22308032,-0.68091965,0.27559015,-0.041141286,0.39336,-0.6180929,0.2136158,-0.21344592,-0.906602,0.28016558,-0.27466
48,2502,-0.48241407,-0.95926785,-0.81984234,-0.47644874,0.0999085,-0.33487487,-0.3289095,-0.6252871,0.6232391,0.0016795248,1.352932,1.0715803,-0.05145967,0.41643888,-0.074509695,-0.20204273
48,3252,-0.39764172,-0.20435084,-0.052856818,0.1664611,0.38542682,-0.21615611,-0.6598866,0.26922476,-0.03522417,0.3779585,-0.6059964,0.20319483,-0.20663497,-0.88178563,0.2738958,-0.26653835
48,3699,-0.41346198,-0.20878272,-0.061730996,0.16906713,0.40086108,-0.22308026,-0.68091965,0.27559015,-0.04114127,0.39336,-0.6180929,0.2136158,-0.21344592,-0.90660214,0.28016558,-0.27466002
48,3879,-0.41346198,-0.20878273,-0.061730996,0.16906711,0.40086108,-0.22308026,-0.68091965,0.27559012,-0.04114127,0.39336,-0.6180929,0.2136158,-0.21344593,-0.90660214,0.28016558,-0.27466002
48,1651,0.3856789,-0.1409302,0.91365576,-0.16955741,-0.60352135,-0.38960826,0.34544188,-0.1200915,0.55190337,-0.45408353,0.64813197,-0.17674217,0.54846203,-0.32724527,0.21613044,-0.0043081567
48,2626,-0.41346198,-0.20878273,-0.061730996,0.16906713,0.40086108,-0.22308029,-0.68091965,0.27559015,-0.04114127,0.39336,-0.6180929,0.2136158,-0.21344592,-0.906602,0.28016558,-0.27466002
48,4051,-0.41346192,-0.20878273,-0.061730996,0.1690671,0.40086108,-0.22308029,-0.6809195,0.27559018,-0.041141257,0.39336005,-0.61809283,0.21361575,-0.21344595,-0.906602,0.28016558,-0.27466
48,3011,-0.3976416,-0.20435083,-0.052856818,0.1664611,0.38542682,-0.21615611,-0.6598866,0.26922476,-0.0352242,0.37795845,-0.60599643,0.20319483,-0.20663501,-0.88178563,0.27389586,-0.26653832
48,3608,0.22651766,-0.75686634,1.2985964,-0.26738325,-0.46134517,-0.7782772,-0.083842814,-0.15473866,0.72094584,-0.07469997,0.8435331,0.14633557,0.81240046,-0.996187,0.41446126,-0.20875469
48,3694,-0.37717384,-0.17935589,0.28079218,-0.004187428,0.23233867,-0.79274225,-0.18000793,0.2742606,0.39862567,-0.1106226,0.4860684,0.34926388,0.2979784,-1.1805258,0.8421054,-0.53225785
48,316,0.22651768,-0.75686634,1.2985964,-0.26738325,-0.46134514,-0.7782774,-0.083842844,-0.15473868,0.7209458,-0.074699976,0.8435329,0.14633563,0.8124005,-0.996187,0.41446128,-0.20875466
48,1358,-0.3976416,-0.20435083,-0.052856848,0.16646111,0.38542682,-0.21615611,-0.6598866,0.26922473,-0.03522417,0.3779585,-0.60599643,0.20319483,-0.206635,-0.88178563,0.27389583,-0.26653832
48,3666,-0.41346198,-0.20878273,-0.061730996,0.16906711,0.40086108,-0.22308026,-0.6809195,0.27559015,-0.041141286,0.39336,-0.61809283,0.21361572,-0.21344593,-0.90660214,0.2801656,-0.27466002
48,441,-0.47053027,-0.94152844,-0.75278354,-0.45268416,0.0968712,-0.35292798,-0.30614385,-0.59916335,0.6278386,-0.020409137,1.3294573,1.0233996,-0.005627878,0.38201797,-0.024681542,-0.19966522
48,907,-0.46730673,-0.92835516,-0.73161715,-0.42871785,0.08595851,-0.36457443,-0.31565663,-0.5898908,0.62939405,-0.019521907,1.2834238,1.0095717,-0.008489236,0.35039455,-0.0144360885,-0.20402172
48,349,-0.39764166,-0.20435083,-0.052856863,0.1664611,0.38542688,-0.21615614,-0.6598866,0.26922476,-0.035224155,0.37795845,-0.60599643,0.20319489,-0.206635,-0.88178563,0.27389577,-0.26653832
48,934,-0.38052112,-0.17497437,0.29292437,-0.00069860043,0.23725677,-0.8021944,-0.18597212,0.28549162,0.39720386,-0.10737943,0.48224714,0.34540918,0.2987132,-1.2066077,0.8533794,-0.53646773
48,3431,-0.39764166,-0.20435084,-0.052856848,0.16646111,0.38542682,-0.21615611,-0.6598866,0.26922476,-0.035224184,0.3779585,-0.60599643,0.20319483,-0.206635,-0.88178563,0.2738958,-0.26653832
48,344,0.22651768,-0.75686634,1.2985964,-0.26738325,-0.46134514,-0.7782773,-0.083842814,-0.15473866,0.7209458,-0.07469998,0.84353286,0.14633563,0.81240046,-0.996187,0.4144613,-0.20875469
48,651,0.1427308,0.3646468,0.46758652,-0.14547355,0.098932624,-0.25282377,0.592525,0.09393392,0.023438282,-0.24322744,0.65790015,-0.23323074,0.50944597,-0.2634144,0.2642749,0.24156773
48,4148,-0.47053027,-0.94152844,-0.7527835,-0.45268413,0.09687117,-0.35292798,-0.30614388,-0.59916335,0.6278387,-0.020409122,1.3294573,1.0233997,-0.0056278706,0.38201797,-0.024681546,-0.19966522
48,24,0.4716766,0.34117657,0.7677764,-0.17898427,0.05301647,0.41233844,0.4750177,0.34815174,-0.4361782,-0.07807551,0.35998353,-0.56022257,0.17877264,-0.21995261,-0.0870807,0.034426313
48,25,-0.18573394,0.5162263,-0.38905388,0.023504587,0.48018634,-0.0318041,0.45971453,0.11993747,-0.3097431,-0.068924576,0.19635871,-0.150171,0.29966938,0.3534168,0.24567178,0.26208964
48,29,-0.19762498,-0.12658983,0.008794799,0.41619816,-0.13771124,-0.15644498,-0.5489353,0.091134116,0.14959978,0.13180885,-0.94143957,0.04524453,-0.26489276,-0.28753617,0.17710912,-0.039189003
48,51,0.33111337,0.374986,0.7298834,-0.19763143,0.08919838,0.053009197,0.56164455,0.2511473,-0.22102232,-0.14882334,0.601442,-0.41919369,0.39293122,-0.35855272,0.10567797,0.13586181
48,53,-0.20971712,-0.19457132,-0.092090786,0.44115022,-0.13889995,-0.083964124,-0.64264286,0.028500956,0.11969458,0.20516092,-1.0623938,0.09309727,-0.32645863,-0.22122517,0.061638333,-0.035855316
48,63,-0.31797206,0.5615996,-0.55561465,0.03804962,0.61816806,-0.13436411,0.4453333,0.10876875,-0.32318217,-0.0057795495,0.20642656,-0.076141156,0.34690672,0.36009866,0.30746272,0.2955152
48,68,0.38636836,-0.12845635,0.885542,-0.15571766,-0.6107702,-0.37288278,0.35262138,-0.12828754,0.54395986,-0.46719503,0.62856185,-0.18188037,0.5352635,-0.2845643,0.21048161,0.0044644773
48,77,-0.24306315,0.5484684,-0.5509347,0.07701073,0.37032223,-0.22586097,0.5918452,-0.024501257,-0.10160583,-0.29148737,0.29263222,-0.066913314,0.3897348,0.53331745,0.37885454,0.36572763
48,81,-0.005151674,-0.22119175,-0.009724617,0.35061207,-0.3684547,-0.09773733,-0.30348262,-0.19862816,0.33828297,-0.06557301,-0.65297335,0.07456443,-0.16865571,0.080311164,-0.05595295,0.0031945184
48,96,0.38474923,0.1166572,0.37302935,0.043698784,-0.61051476,0.014328942,0.4835425,-0.1860155,0.31380937,-0.6178944,0.2444663,-0.2909959,0.24625179,0.4100219,0.05763393,0.1420016
48,100,0.6244774,0.016682163,0.77417004,-0.5196733,-0.04288417,0.9513243,-0.05889611,0.4388051,-0.7365605,0.45058063,0.08452099,-0.43710044,-0.4088505,-0.36647138,-0.7778774,-0.23931149
48,102,-0.5626663,0.6254379,-0.8095465,0.049376976,0.9002704,-0.33417434,0.3871436,0.1072961,-0.3583941,0.16635871,0.23368797,0.06414309,0.43878865,0.28566617,0.40579912,0.34233883
48,111,-0.3224244,0.57674336,-0.5545394,0.03438712,0.63590974,-0.13636778,0.45291778,0.117729,-0.34006113,0.0014226437,0.22015443,-0.08058262,0.3550189,0.3496024,0.31316948,0.29690117
48,112,-0.038413048,-0.23283999,-0.06621002,0.41099185,-0.37764135,-0.08177833,-0.38982597,-0.20318623,0.3201631,-0.023763835,-0.7983924,0.09102601,-0.22372629,0.10927263,-0.07162619,0.021158531
48,129,0.23329665,-0.73676324,1.2750664,-0.26786056,-0.46568382,-0.7492352,-0.0698947,-0.15487939,0.7083132,-0.086366385,0.8348951,0.13356689,0.79170185,-0.9621382,0.39783072,-0.20555803
48,144,0.12472221,-0.04254722,-0.1222226,0.4703049,-0.6390845,0.02391009,-0.03968866,-0.35581675,0.415227,-0.39018393,-0.6962405,-0.05477661,-0.14072965,0.7423998,-0.09005467,0.23438114
48,148,0.16067372,-0.40419155,-0.43277997,-0.60713667,-0.11714926,0.51136917,-0.3218023,-0.2652107,-0.091847956,0.37378624,0.5499982,0.48388085,-0.7032406,0.3579825,-0.91071147,-0.1345436
48,164,0.6251446,-0.04069528,0.9211647,-0.6555138,0.07494776,0.96669817,-0.1656951,0.52602214,-0.8111615,0.6424438,0.19994867,-0.41450244,-0.4378593,-0.62359047,-0.84951115,-0.3196335
48,169,0.009445235,0.48011404,-0.27050427,0.09139639,-0.044407144,-0.1984119,0.762238,-0.12638119,0.119471595,-0.6470295,0.39456138,-0.17854008,0.38903695,0.63552827,0.37648878,0.36982062
48,174,0.029238254,-0.1981257,-0.10368377,0.42866167,-0.49529615,-0.03062652,-0.27550143,-0.3032835,0.3749345,-0.14470667,-0.76995283,0.053276613,-0.20997156,0.3804165,-0.13659284,0.096329235
48,192,-0.1914292,-0.3565951,-0.46126533,0.26201165,-0.14887416,0.09916546,-0.6365917,-0.23862554,0.12906818,0.24491605,-0.8074581,0.3335838,-0.4678704,0.17199996,-0.31891805,-0.02526357
48,198,-0.18174264,-0.30643737,-0.30729648,0.358506,-0.15634793,0.047149733,-0.63209283,-0.16246481,0.13563217,0.22314695,-0.95555997,0.21660814,-0.38822722,0.052783474,-0.19225462,-0.017724015
48,202,-0.56249785,0.65799916,-0.8027992,0.04340407,0.93082696,-0.3137939,0.4029807,0.13302593,-0.40778464,0.18028766,0.24996686,0.042199627,0.44315183,0.27470008,0.40946752,0.3404756
48,203,0.6244774,0.016682152,0.7741701,-0.5196733,-0.04288417,0.95132434,-0.05889611,0.43880504,-0.73656046,0.4505807,0.08452099,-0.4371004,-0.4088505,-0.36647138,-0.77787733,-0.23931146
48,214,0.55555665,0.033378847,0.8154523,-0.4983972,0.020041317,0.74962723,0.026968747,0.42168728,-0.6024806,0.36535612,0.23298219,-0.41780883,-0.24290039,-0.4384742,-0.5902289,-0.19733727
48,219,0.33264846,-0.3202722,0.71794367,-0.15370046,-0.49998632,-0.18414308,0.12738197,-0.14828794,0.42728907,-0.26252875,0.40925863,-0.10122384,0.34314972,-0.2111637,0.06632895,-0.066423826
48,227,-0.28862655,0.585049,-0.6653683,0.09168903,0.45516253,-0.1654989,0.5669308,0.004412449,-0.19342048,-0.23933487,0.22813156,-0.07039856,0.35585862,0.60344267,0.36784166,0.36104652
48,238,-0.17298326,-0.27158326,-0.211416,0.4116103,-0.16783696,0.011587799,-0.63001907,-0.10926158,0.13726695,0.20980445,-1.0330068,0.1491695,-0.34901732,-0.027585387,-0.11296605,-0.015496075
48,248,0.63276863,0.0039163344,0.8135114,-0.5595572,-0.01617089,0.97557896,-0.091014236,0.46683043,-0.77391964,0.508631,0.106352516,-0.43623486,-0.4292087,-0.43191156,-0.8133219,-0.26414478
48,256,-0.34750456,-0.2420204,-0.11524683,0.1667656,0.29436687,-0.1651196,-0.61252165,0.1525629,0.021503396,0.3259646,-0.5805139,0.22988,-0.21515712,-0.67971385,0.1675058,-0.22893077
48,261,-0.20847747,-0.14825608,-0.024310216,0.43324122,-0.14033194,-0.14176716,-0.5912136,0.0735507,0.14247264,0.15875763,-0.9952549,0.06348233,-0.28935933,-0.27616867,0.14769897,-0.039656036
48,269,-0.5956775,0.65962446,-0.85786957,0.052361332,0.9323661,-0.38470024,0.41502222,0.095297106,-0.35192645,0.1536758,0.27387127,0.08463287,0.47430325,0.29720306,0.4419859,0.36489156
48,272,-0.18128589,-0.20728093,-0.107732624,0.41860905,-0.14606379,-0.04322414,-0.6102145,-0.0017803349,0.11638179,0.19575164,-1.030169,0.090798944,-0.31954747,-0.15747786,0.010581017,-0.024757095
48,274,-0.029342905,0.50071007,-0.36975956,0.10670805,0.005168736,-0.1744755,0.74966884,-0.12150573,0.07968329,-0.6225707,0.35070112,-0.16700062,0.3687001,0.6991205,0.37643692,0.3802546
48,276,0.009445235,0.48011404,-0.27050424,0.0913964,-0.044407144,-0.19841184,0.762238,-0.1263812,0.119471595,-0.6470295,0.39456138,-0.17854008,0.389037,0.6355282,0.3764888,0.36982062
48,319,-0.3198083,0.5541116,-0.56683844,0.042248297,0.607101,-0.14062984,0.44361353,0.098132916,-0.30662024,-0.01567015,0.1999237,-0.06855314,0.3452679,0.37432167,0.30877078,0.29832676
48,323,-0.46099073,0.57910633,-0.33919322,-0.07855359,1.0772595,-0.14893092,0.23129933,0.36352998,-0.6530786,0.5288905,0.24537879,-0.08924224,0.38688588,-0.24531981,0.24595582,0.18917376
48,326,-0.4933877,-1.0130992,-1.2241571,-0.57984483,0.14108115,-0.057412267,-0.45505753,-0.7508266,0.48345608,0.15630332,1.2832851,1.2420315,-0.37207133,0.7869575,-0.48371148,-0.12631994
48,327,-0.19459596,-0.20723289,-0.10900366,0.43048635,-0.1432538,-0.054823294,-0.6321235,0.0066117,0.11518975,0.20590377,-1.0542332,0.095576465,-0.32771337,-0.17985326,0.023514688,-0.029204376
48,330,0.37349674,-0.23796466,0.99776846,-0.1867688,-0.60065633,-0.46075958,0.27730268,-0.12615223,0.5894264,-0.399818,0.6861611,-0.13208884,0.5962486,-0.44884756,0.25244358,-0.040938057
48,331,0.39588934,0.18596981,0.14682247,0.12061508,-0.5720788,0.25407797,0.4910156,-0.18832621,0.1536535,-0.61974096,0.024965279,-0.3454352,0.07020069,0.7114904,-0.049512044,0.18261997
48,353,0.20094642,-0.37656856,-0.40029353,-0.64469206,-0.118216455,0.5615078,-0.28875786,-0.23898882,-0.13585655,0.37273887,0.58503276,0.4496133,-0.7059463,0.35674906,-0.93369424,-0.14321473
48,359,-0.15145054,-0.24074678,-0.15669936,0.4160638,-0.1814108,0.0048260093,-0.59637094,-0.07455396,0.13111086,0.18738234,-1.0306717,0.10710353,-0.32838386,-0.044195503,-0.07740241,-0.0062632784
48,361,0.46482807,0.29208046,0.093711995,0.09226047,-0.4763852,0.48546517,0.56879425,-0.08214575,-0.08797179,-0.58563316,0.002991952,-0.43900958,-0.017481867,0.7977185,-0.11954872,0.18351266
48,365,-0.34587693,-0.18807165,0.12224916,0.17744015,0.15723804,-0.49813432,-0.43953523,0.21829486,0.23240249,0.091472894,-0.20743269,0.24920356,0.015299999,-0.8994359,0.5256109,-0.35145172
48,373,0.5670326,0.1643963,0.45665878,-0.19937444,-0.27267182,0.72487736,0.27952307,0.19323432,-0.4137839,-0.09360289,0.021690764,-0.46178356,-0.19761376,0.21185744,-0.43452078,-0.018700741
48,374,-0.29612494,-0.2154621,-0.058651686,0.19781557,0.21472842,-0.15776859,-0.5682124,0.14950629,0.040695094,0.2788677,-0.61228174,0.17347306,-0.20150505,-0.6199331,0.16811618,-0.1955711
48,380,0.5985553,-0.021105599,0.8942,-0.582646,0.04736805,0.8635891,-0.08618575,0.48022398,-0.7033823,0.5192157,0.21208382,-0.41760057,-0.34532893,-0.5536592,-0.72938335,-0.26832813
48,389,0.39253414,0.18949436,0.11773209,0.13022596,-0.56261444,0.27774978,0.48550993,-0.1881124,0.13757783,-0.6143512,-0.005489558,-0.34725124,0.049380757,0.74238425,-0.060829192,0.1866799
48,392,0.41117135,0.37494558,0.5754905,-0.12601934,0.040762573,0.37946975,0.516713,0.28885457,-0.39626342,-0.1628941,0.3193049,-0.5226487,0.17595747,-0.02845475,-0.03808886,0.07796499
48,399,-0.45351994,0.5614066,-0.6367916,0.026873114,0.7823213,-0.2841369,0.38098985,0.10894297,-0.31374288,0.12757352,0.23824993,0.020712689,0.4127469,0.2287824,0.35241574,0.31080323
48,408,-0.20971715,-0.1945713,-0.092090786,0.44115016,-0.13889995,-0.083964124,-0.642643,0.028500952,0.11969458,0.20516095,-1.0623937,0.0930973,-0.32645863,-0.2212252,0.061638333,-0.0358553
48,412,0.11697538,0.43323445,-0.08893809,0.038168505,0.01894541,0.06011481,0.6307738,0.017741263,-0.0940382,-0.44184524,0.27256942,-0.28398055,0.26050347,0.49207056,0.20460075,0.26887012
48,440,0.45227286,0.28160214,0.08092306,0.09877,-0.48165745,0.4686973,0.5615721,-0.09539652,-0.06659298,-0.5890552,-0.0036027208,-0.42804587,-0.014216501,0.8053012,-0.11370654,0.1865243
48,445,0.031314835,-0.21329914,0.026049092,0.3201105,-0.4086375,-0.12147991,-0.22074106,-0.23606716,0.3876902,-0.1298396,-0.5413411,0.064215615,-0.12182693,0.11365472,-0.055121474,0.001586251
48,447,0.49113137,0.2800941,0.16978744,0.048723746,-0.43495342,0.5227817,0.5378393,-0.022641087,-0.14643864,-0.51531583,0.0058090016,-0.45613086,-0.034296464,0.6906369,-0.1577045,0.15395495
48,468,-0.16990995,-0.24453598,-0.16713548,0.43462545,-0.17773628,-0.003954351,-0.6321634,-0.06858052,0.12664673,0.2062251,-1.0749398,0.115897894,-0.3446502,-0.065081924,-0.06975528,-0.010433108
48,473,0.39970523,0.21698372,0.04835324,0.15429525,-0.5590637,0.35216087,0.49748114,-0.19104783,0.08850352,-0.62471175,-0.065212235,-0.36699677,-0.0016452782,0.842312,-0.09172805,0.19949663
48,488,-0.2537912,0.56435454,-0.55328786,0.058777798,0.48711276,-0.11219902,0.5184488,0.06084604,-0.25631458,-0.15154792,0.21942839,-0.10177942,0.33759457,0.48600745,0.31832206,0.31809855
48,490,-0.049749702,-0.23746558,-0.052122816,0.39509425,-0.36140674,-0.102259025,-0.38687614,-0.18397345,0.31653416,-0.023687974,-0.7551412,0.10052076,-0.20102204,0.06640267,-0.03264118,0.004053667
48,494,-0.0073692054,0.4981509,-0.31311816,0.09893296,-0.02867435,-0.20049296,0.77314925,-0.12911795,0.10971039,-0.6534127,0.39301333,-0.17476167,0.39106756,0.6670959,0.38812122,0.38044456
48,500,-0.23569867,0.56157017,-0.49590635,0.042915016,0.5082973,-0.07949807,0.4991615,0.09456145,-0.2996428,-0.105442464,0.21852747,-0.12407459,0.32806432,0.42611766,0.29420888,0.29682273
48,502,0.1548514,0.37546068,0.47614262,-0.14673416,0.106369734,-0.22150661,0.5943016,0.109940246,-0.009490505,-0.23347849,0.6514362,-0.25150764,0.49794412,-0.260892,0.25221166,0.23417282
48,507,-0.48027545,0.59286356,-0.38540512,-0.07071003,1.0781803,-0.18226801,0.2498686,0.34219015,-0.6291065,0.50177705,0.2599576,-0.0701197,0.40477276,-0.21004754,0.2698356,0.20681947
48,511,0.51928294,0.10220827,0.7463938,-0.43403068,-0.011003137,0.62364495,0.15354225,0.36004654,-0.5057575,0.20831558,0.30368277,-0.41328412,-0.13926975,-0.33471522,-0.45560625,-0.12682194
48,516,-0.53612137,-0.26198453,-0.1466304,0.20635547,0.49533266,-0.28615683,-0.8606365,0.29259446,-0.061991125,0.5101836,-0.72700334,0.3136327,-0.27530682,-1.0810038,0.31271195,-0.33972177
48,538,-0.35384446,-0.17865604,0.2068999,0.09330059,0.19283229,-0.6300895,-0.31713566,0.24951893,0.3048479,-0.00012616813,0.107257225,0.28494135,0.14468554,-1.0371456,0.6688358,-0.43145284
48,539,-0.38141203,0.55371827,-0.5585888,0.021987513,0.72864884,-0.17646869,0.3844082,0.14129682,-0.36211383,0.114442766,0.20463595,-0.04426758,0.36337286,0.24308151,0.30641943,0.28263623
48,546,0.5218519,0.33257842,0.9468638,-0.2327981,0.063402355,0.40476802,0.47248104,0.39225686,-0.45525342,-0.0317218,0.45186368,-0.5936856,0.21706335,-0.4022828,-0.09965325,0.0141666755
48,553,0.02035588,-0.17879358,-0.1474148,0.48552644,-0.53360486,-0.026942223,-0.28376937,-0.32560492,0.38754153,-0.16927215,-0.8489095,0.05225031,-0.2304747,0.47386184,-0.13278414,0.13597208
48,559,-0.463332,0.6153977,-0.6663261,0.02893508,0.8318692,-0.23535545,0.40192002,0.14595291,-0.39944738,0.1471489,0.2367948,-0.0123459995,0.4047349,0.2522023,0.35679153,0.30968258
48,560,-0.24307194,-0.15680584,-0.042238712,0.42794946,-0.0834886,-0.1422895,-0.6389133,0.101328716,0.107856385,0.20730826,-1.021771,0.07944304,-0.3034879,-0.34550026,0.15648079,-0.060823433
48,564,0.030635998,-0.20921087,-0.0026335865,0.34766477,-0.43246314,-0.10590033,-0.23171124,-0.25398082,0.39007503,-0.13690728,-0.5937178,0.0619756,-0.1400852,0.17625818,-0.070786886,0.02411636
48,565,0.1588588,-0.41843778,-0.45081592,-0.6575078,-0.0857619,0.53353214,-0.33388385,-0.25750065,-0.11728446,0.41165075,0.6097221,0.5111195,-0.729845,0.33876857,-0.9454268,-0.15045479
48,567,-0.2585511,0.5784479,-0.5581599,0.057499215,0.5055919,-0.10667692,0.52208817,0.07073852,-0.27773356,-0.14045446,0.22481236,-0.10692588,0.33996868,0.48146868,0.3202718,0.31788346
48,573,0.05074641,-0.009672213,-0.090434015,0.5169523,-0.595909,-0.14546897,-0.003646478,-0.32477757,0.5018071,-0.4268401,-0.6385075,-0.013534203,-0.06628382,0.629917,0.08982227,0.23124331
48,584,0.59035796,0.10288943,0.56884444,-0.31477255,-0.19625647,0.80034566,0.15114474,0.27579468,-0.5175807,0.10125485,0.038305797,-0.44512367,-0.27867448,0.0077183247,-0.56309146,-0.098044895
48,591,-0.25200087,-0.57188183,-0.3136072,-0.014271447,-0.15278074,-0.29784375,-0.31329632,-0.36878982,0.5031484,-0.05904877,0.30083296,0.5311619,-0.03259626,0.11001071,0.060108744,-0.14535937
48,599,-0.23839852,-0.17050119,-0.06536502,0.4004197,-0.04824683,-0.099007055,-0.63918984,0.099995896,0.074171394,0.23309776,-1.0105991,0.082681865,-0.30683607,-0.33448443,0.11714216,-0.06281433
48,600,0.02809921,-0.115763895,-0.16135415,0.5256039,-0.5755575,-0.0472679,-0.20394367,-0.34010136,0.4228732,-0.25871933,-0.8381447,0.02852583,-0.19905947,0.59284705,-0.07461751,0.19256034
48,605,0.4779523,0.27598608,0.15245008,0.057058003,-0.43303162,0.5068196,0.5361397,-0.032767773,-0.12978189,-0.5209443,0.0016196594,-0.44570664,-0.029427044,0.7018047,-0.14652663,0.15902108
48,607,0.22651768,-0.75686646,1.2985964,-0.26738325,-0.46134517,-0.7782773,-0.083842844,-0.15473868,0.7209458,-0.07469998,0.84353304,0.14633566,0.8124006,-0.99618685,0.41446128,-0.20875463
48,634,-0.50197715,-1.0050114,-1.0680835,-0.54464436,0.10986316,-0.20438631,-0.41744897,-0.7128614,0.55762094,0.09313482,1.3412272,1.2060862,-0.24300043,0.5951424,-0.30591792,-0.1896218
48,640,0.3893982,0.015901014,0.6355109,-0.065697014,-0.6183839,-0.19187881,0.43788865,-0.1549194,0.44456148,-0.5600487,0.45957997,-0.24425527,0.3982439,0.05772157,0.13643816,0.077288814
48,642,0.19255286,-0.108900465,-0.1277647,0.2733384,-0.5890493,0.17982356,-0.0765025,-0.32981798,0.2864017,-0.2729776,-0.54727745,-0.034881756,-0.23081477,0.6892432,-0.28824064,0.15664114
48,645,0.5072067,0.2619987,0.22850193,0.01413166,-0.41112512,0.54849565,0.5038613,0.016031165,-0.18312992,-0.45607898,0.0066588745,-0.4634923,-0.048792474,0.60527754,-0.19110182,0.12968294
48,653,0.2917462,-0.5637819,1.0617809,-0.25680238,-0.48817742,-0.49819535,0.027148321,-0.15074705,0.5896273,-0.1659639,0.71797097,0.025945455,0.6037577,-0.665357,0.24717861,-0.1655094
48,658,-0.036523998,-0.23480278,-0.05802183,0.40501556,-0.37967885,-0.09225969,-0.38165918,-0.20706852,0.32940078,-0.029857665,-0.776891,0.093990535,-0.21573901,0.098022655,-0.06756998,0.014471613
48,660,0.33264846,-0.3202722,0.7179436,-0.15370046,-0.49998635,-0.18414308,0.12738195,-0.14828794,0.42728907,-0.26252875,0.40925863,-0.10122385,0.34314972,-0.21116373,0.066328965,-0.06642381
48,683,0.19734234,-0.38786936,-0.41863394,-0.66786337,-0.10922362,0.5709121,-0.30302998,-0.24362804,-0.14427187,0.39374402,0.61330736,0.47183064,-0.7274189,0.35420874,-0.957499,-0.15094194
48,688,0.48046735,0.34874064,0.8071617,-0.19318314,0.061310038,0.4041098,0.48343065,0.35918084,-0.44318306,-0.071159035,0.3942156,-0.568699,0.19568175,-0.2639909,-0.08247292,0.033796646
48,696,0.31567365,0.36736113,0.7061938,-0.19263123,0.08499169,0.028188884,0.5593881,0.23486394,-0.19373392,-0.15881582,0.5996607,-0.4009065,0.39969778,-0.3462263,0.116928495,0.14389713
48,699,-0.22329432,0.48455292,0.15442081,-0.16543612,1.0098562,0.13914867,0.13449138,0.54588085,-0.8449258,0.69473183,0.20200151,-0.28949326,0.26324725,-0.56740844,0.04507006,0.0415325
48,702,0.2779445,-0.6378766,1.1838071,-0.27844918,-0.48995337,-0.6188347,-0.004820809,-0.15091872,0.65400475,-0.13980183,0.81001127,0.06690322,0.6986514,-0.82200336,0.3221383,-0.19182408
48,721,-0.03316742,0.5009968,-0.379623,0.106907934,0.016057223,-0.16374458,0.7415459,-0.11621094,0.067843586,-0.61064386,0.3394211,-0.16712913,0.36169088,0.70263183,0.37083814,0.37842387
48,722,0.024022475,-0.2101773,-0.056964025,0.39690912,-0.4699421,-0.07785733,-0.2673127,-0.28485587,0.39034158,-0.13706356,-0.69472975,0.0652073,-0.17935671,0.2705202,-0.103510976,0.056329183
48,741,0.28730923,-0.5977088,1.2209234,-0.25110126,-0.5066752,-0.66362953,0.019492835,-0.13837567,0.67190254,-0.16586868,0.7930221,0.04663597,0.7340255,-0.833483,0.35287282,-0.16099358
48,742,0.26453614,-0.18717945,-0.14116165,-0.2379034,-0.33034956,0.40244585,-0.054593265,-0.2139209,0.032676958,-0.0102712065,0.10918928,0.10044983,-0.37582117,0.47288156,-0.56006646,-0.003647536
48,748,0.2779445,-0.63787663,1.1838074,-0.2784492,-0.4899533,-0.6188347,-0.004820809,-0.15091872,0.65400475,-0.13980183,0.8100112,0.06690322,0.6986514,-0.82200336,0.32213828,-0.19182408
48,760,-0.31180143,-0.1895503,0.03582625,0.27575043,0.08550364,-0.3312708,-0.5513967,0.17157216,0.15651608,0.17358887,-0.5680262,0.18839917,-0.1313489,-0.69197476,0.34873384,-0.23813036
48,771,-0.37529838,-0.23987426,-0.12682071,0.16073686,0.33594292,-0.16813456,-0.6400447,0.17977336,-0.0043274164,0.3550695,-0.5934985,0.238848,-0.22379677,-0.7261461,0.18355274,-0.23984733
48,779,-0.3904224,-0.17803127,0.28670353,0.009965559,0.24388003,-0.80189466,-0.2107828,0.2889869,0.39000672,-0.08998627,0.44766548,0.3478001,0.28453392,-1.222701,0.84996974,-0.5370143
48,807,0.16775057,-0.4609239,-0.50276375,-0.8340863,0.0014202148,0.6262454,-0.38145432,-0.23206303,-0.21410556,0.5448971,0.80837405,0.59854937,-0.83327454,0.28272077,-1.0813352,-0.20712027
48,818,0.19255286,-0.108900465,-0.1277647,0.2733384,-0.5890492,0.17982356,-0.0765025,-0.32981798,0.2864017,-0.2729776,-0.5472774,-0.034881756,-0.23081477,0.6892432,-0.28824064,0.15664116
48,823,0.047324836,-0.039769724,-0.0920884,0.4976545,-0.5660372,-0.115452304,-0.0533707,-0.30800077,0.46507418,-0.364039,-0.67223096,-0.006398678,-0.098690495,0.58954906,0.046709113,0.21304712
48,851,-0.50197715,-1.0050116,-1.0680835,-0.54464436,0.10986316,-0.20438628,-0.41744897,-0.7128614,0.5576209,0.09313485,1.3412273,1.2060862,-0.2430004,0.5951424,-0.30591792,-0.1896218
48,852,-0.4029783,-0.20849939,0.13154772,0.10079615,0.25495008,-0.5964765,-0.40215597,0.24822205,0.25830102,0.076581806,0.019175462,0.31817082,0.092147194,-1.0528153,0.6279893,-0.43509796
48,871,0.5180043,0.32234174,0.9168715,-0.22128275,0.053994745,0.41910756,0.46088976,0.38465902,-0.45183784,-0.034591466,0.41608152,-0.5887922,0.19759879,-0.36439928,-0.10878247,0.011343874
48,881,0.15554914,-0.44360852,-0.4846108,-0.73139757,-0.04646583,0.56734043,-0.361057,-0.25366527,-0.15322258,0.4718826,0.6956343,0.5584954,-0.7789929,0.31601623,-1.0061059,-0.17482358
48,904,0.3645438,0.38944256,0.7831136,-0.20967005,0.094533384,0.100944795,0.56769127,0.28322402,-0.27300632,-0.13130061,0.6089502,-0.45651025,0.38137996,-0.3865994,0.08340234,0.119734064
48,910,-0.48816097,-0.23990671,-0.11039591,0.19314222,0.45880115,-0.26261437,-0.7917228,0.28872076,-0.054847553,0.46545187,-0.6872488,0.27249315,-0.25105435,-1.0173489,0.3026081,-0.31464353
48,911,-0.5054326,-1.0237789,-1.2060628,-0.5779608,0.13601434,-0.09375949,-0.4506537,-0.754345,0.50529176,0.14384261,1.3104085,1.2491744,-0.343206,0.7509961,-0.44735745,-0.14734408
48,917,0.33264846,-0.3202722,0.71794367,-0.15370046,-0.49998635,-0.18414308,0.12738197,-0.14828792,0.42728907,-0.26252875,0.40925863,-0.10122385,0.34314972,-0.21116373,0.06632895,-0.066423826
48,927,-0.30298465,0.57319796,-0.51432556,0.025798636,0.62903666,-0.1207896,0.45203304,0.12976566,-0.3505711,0.00692147,0.22612303,-0.095493555,0.3519246,0.32479352,0.30240887,0.2880457
48,943,0.072885275,-0.02183246,-0.10745868,0.5058231,-0.61009836,-0.085958645,-0.02144295,-0.3363701,0.4715057,-0.41137028,-0.6687649,-0.025373772,-0.09514818,0.6728535,0.026878886,0.23456058
48,952,-0.31797206,0.5615995,-0.55561465,0.03804962,0.618168,-0.13436408,0.4453333,0.10876875,-0.32318217,-0.0057795644,0.20642653,-0.076141156,0.34690666,0.36009866,0.30746275,0.29551524
48,1014,-0.16987988,-0.23809959,-0.1586999,0.42894197,-0.17020327,-0.005460039,-0.62565243,-0.057747673,0.12197501,0.20496306,-1.0652891,0.11032066,-0.34009665,-0.075682044,-0.060225725,-0.011524975
48,1016,-0.26527834,0.56281,-0.6047608,0.085366264,0.3992012,-0.21462537,0.58684754,-0.02124838,-0.12523071,-0.28060126,0.27191323,-0.061858043,0.38156056,0.5679802,0.38116,0.36905512
48,1019,0.4710315,0.285142,0.122566275,0.07541629,-0.45571527,0.49237883,0.55581164,-0.059219018,-0.105105594,-0.55779684,0.0063764527,-0.44197404,-0.020157248,0.75173825,-0.12927216,0.17246103
48,1026,-0.2546302,-0.17687733,-0.039007217,0.3494884,0.018525884,-0.13802223,-0.61638844,0.12834431,0.072639674,0.2361041,-0.8876752,0.10452476,-0.26494753,-0.44623026,0.15762067,-0.110211276
48,1030,-0.19224685,-0.13436998,0.0022164434,0.41369286,-0.14179543,-0.14811413,-0.5474349,0.08036949,0.15087911,0.13215491,-0.93852293,0.04890573,-0.2654825,-0.2748793,0.16215298,-0.03840313
48,1035,-0.00736925,0.4981509,-0.3131182,0.09893297,-0.028674334,-0.20049293,0.7731494,-0.12911794,0.10971039,-0.6534127,0.39301327,-0.17476167,0.39106756,0.66709584,0.38812116,0.38044456
48,1042,-0.054306477,-0.24991369,0.014403924,0.33306146,-0.35098106,-0.19028406,-0.31919822,-0.17096671,0.3616435,-0.07331279,-0.5503443,0.12434384,-0.10850474,-0.03680986,0.06488379,-0.050979145
48,1048,-0.005044669,0.4513296,-0.34207213,0.09837226,0.014768839,-0.08417712,0.672769,-0.09092965,0.037357226,-0.5501933,0.26367268,-0.18221666,0.3043831,0.68010175,0.30696517,0.34485897
48,1051,-0.463332,0.61539775,-0.66632605,0.028935079,0.83186907,-0.23535545,0.40192,0.14595291,-0.39944738,0.14714897,0.23679483,-0.0123459995,0.4047349,0.2522023,0.35679153,0.30968258
48,1055,-0.25491387,0.5571032,-0.5811922,0.07096083,0.4558823,-0.12346305,0.5294423,0.036248367,-0.22159804,-0.18954127,0.21189436,-0.09178111,0.33549207,0.5313605,0.32729536,0.3294322
48,1056,-0.47992218,0.61440635,-0.689149,0.03247355,0.8427431,-0.25152427,0.39682007,0.13936321,-0.39155555,0.15232489,0.23403868,0.0011245459,0.40908247,0.25602606,0.3634882,0.3143019
48,1067,0.07320328,-0.023869762,-0.11935532,0.51727974,-0.624196,-0.08047886,-0.031712174,-0.3470967,0.47379017,-0.41284406,-0.6913762,-0.023360208,-0.10541949,0.69264436,0.01634036,0.23902515
48,1076,0.1317653,-0.48240018,-0.55938005,-0.88848025,0.06139788,0.6159894,-0.39479008,-0.2336098,-0.21829091,0.5868523,0.90934795,0.6660752,-0.8654889,0.26406714,-1.1001109,-0.21755916
48,1098,0.009445235,0.4801141,-0.2705043,0.09139639,-0.044407144,-0.19841184,0.7622379,-0.1263812,0.119471595,-0.6470295,0.39456132,-0.17854007,0.38903695,0.6355282,0.3764888,0.36982065
48,1107,-0.12095764,0.41820592,0.26659682,-0.16731545,0.8704986,0.20872124,0.12928,0.5291483,-0.79029006,0.6299262,0.16771156,-0.3275552,0.21532305,-0.5467793,-0.008734964,0.01678621
48,1117,-0.28770286,0.5319865,0.06786634,-0.15972227,1.086221,0.086480245,0.15088114,0.54470867,-0.86573225,0.7134787,0.23032543,-0.2612348,0.29884565,-0.55654407,0.08757033,0.065008044
48,1126,0.449477,0.25239825,0.10160758,0.08871001,-0.48150226,0.46184486,0.5295557,-0.09472866,-0.052456036,-0.56289816,-0.018549852,-0.41551363,-0.02050798,0.7715161,-0.12997752,0.17434499
48,1131,-0.25851315,0.5672794,-0.56724906,0.06243518,0.4821658,-0.122702226,0.5262612,0.052184127,-0.24516971,-0.16527629,0.22346967,-0.09652869,0.342328,0.50064325,0.32646838,0.32463875
48,1134,0.12907958,-0.48044318,-0.5482884,-0.8838643,0.06909366,0.6052261,-0.39041302,-0.22959161,-0.2127976,0.5869703,0.91507226,0.662789,-0.85528207,0.25150353,-1.0839487,-0.21415585
48,1147,0.02868864,-0.2193562,0.02862896,0.3132085,-0.3999423,-0.122910276,-0.22619325,-0.23316525,0.38481534,-0.12118253,-0.53352755,0.069129765,-0.12161681,0.09388904,-0.056352433,-0.0071386844
48,1148,-0.4256183,0.6026499,-0.18593293,-0.12127811,1.1683226,-0.056166157,0.19816184,0.47607243,-0.81193143,0.66574466,0.26227236,-0.16618697,0.36813855,-0.42245677,0.1933417,0.13733396
48,1152,-0.28293723,0.5725561,-0.4948393,0.025673915,0.6117283,-0.09778379,0.4570409,0.13450965,-0.35841525,-0.0012697726,0.22317734,-0.11061252,0.34212554,0.3300381,0.29241616,0.28321746
48,1155,-0.32324326,-0.69976777,-0.45751476,-0.20034635,-0.05018898,-0.32316607,-0.2740097,-0.44614372,0.55137116,-0.06177202,0.73563164,0.70420563,0.0013786666,0.19787592,0.043621533,-0.17425838
48,1167,-0.051724702,-0.23647413,-0.08311951,0.42706457,-0.37215135,-0.07566647,-0.41921446,-0.19869684,0.30868527,-0.0056078434,-0.842848,0.09660226,-0.24093096,0.1087832,-0.07356635,0.024139956
48,1171,-0.42550218,0.58943415,-0.20897853,-0.112472355,1.1369793,-0.07102634,0.20230624,0.45016593,-0.77147406,0.6323644,0.25366884,-0.15166101,0.36747754,-0.3842127,0.19948113,0.14577715
48,1182,-0.4881609,-0.23990674,-0.11039588,0.19314222,0.4588011,-0.26261437,-0.7917229,0.28872076,-0.05484754,0.4654518,-0.6872488,0.27249312,-0.25105435,-1.0173489,0.3026081,-0.31464353
48,1187,-0.21189666,-0.18795729,-0.08495301,0.44291577,-0.13870075,-0.091936454,-0.640383,0.03559959,0.12150311,0.20135605,-1.0608009,0.089474946,-0.32416606,-0.22923759,0.073997505,-0.035843246
48,1195,-0.3297972,0.5911184,-0.5630118,0.03370437,0.65284985,-0.13724072,0.45931417,0.12425893,-0.35560966,0.0072478503,0.22819123,-0.08307095,0.36041713,0.34800997,0.3191181,0.2993518
48,1196,0.020355895,-0.17879358,-0.1474148,0.4855265,-0.5336048,-0.026942208,-0.28376943,-0.32560495,0.38754153,-0.16927215,-0.8489094,0.05225028,-0.2304747,0.47386187,-0.13278414,0.13597208
48,1207,-0.2524393,0.57569826,-0.53125817,0.049286574,0.5168897,-0.09653424,0.511901,0.085364155,-0.29453516,-0.118077435,0.22585985,-0.11462101,0.33778745,0.45006937,0.31050327,0.30845842
48,1218,-0.4666927,0.5614545,-0.675283,0.036541793,0.7735835,-0.30489498,0.38763335,0.08819222,-0.28792447,0.10610604,0.23622164,0.03773482,0.4181124,0.26311457,0.36512196,0.32254592
48,1230,-0.4609908,0.5791064,-0.33919328,-0.078553595,1.0772595,-0.14893089,0.23129933,0.36352998,-0.6530787,0.5288905,0.24537879,-0.089242235,0.38688594,-0.24531975,0.24595582,0.18917376
48,1231,0.30999207,-0.5312604,1.1951823,-0.24300292,-0.5339602,-0.6331269,0.070116825,-0.13737501,0.66354257,-0.2141856,0.7854272,0.010063857,0.71503997,-0.7707771,0.33679643,-0.14032495
48,1233,0.1747087,-0.29511058,-0.31376654,-0.28890848,-0.28883684,0.38490385,-0.2195223,-0.28653845,0.050985537,0.12719709,0.16184536,0.28923064,-0.51814395,0.47640583,-0.67392194,-0.027933545
48,1242,-0.2361201,0.5484327,-0.43205297,0.019636586,0.5555983,-0.074155346,0.45998913,0.13104557,-0.33694237,-0.028241947,0.22284013,-0.129485,0.32956737,0.32298625,0.27214357,0.2727141
48,1259,-0.3704204,-0.80789393,-1.0706842,-0.37779838,0.057502255,0.079716064,-0.4873747,-0.6312738,0.338052,0.19935927,0.6841168,0.99199224,-0.46419758,0.7014255,-0.55974305,-0.07608349
48,1276,0.5035076,0.33871406,0.88226604,-0.21431969,0.061284855,0.40670475,0.47613573,0.37700173,-0.45029294,-0.049569324,0.42264405,-0.58294475,0.20578973,-0.3366222,-0.09292505,0.02256599
48,1279,0.13833669,0.3902895,-0.0015336722,0.01638972,-0.09290531,-0.074913874,0.67332685,-0.049014587,0.066150084,-0.5438725,0.38227132,-0.24288785,0.32775384,0.43596247,0.25177553,0.2811649
48,1293,-0.355074,-0.7477578,-0.9935377,-0.27107373,0.02537176,0.076101884,-0.5345063,-0.5771771,0.30813503,0.21874818,0.43728736,0.90679014,-0.47860688,0.611325,-0.5271837,-0.07368042
48,1296,-0.12095767,0.41820592,0.2665968,-0.16731544,0.8704987,0.20872124,0.12928,0.5291482,-0.79029006,0.6299263,0.16771153,-0.32755518,0.21532305,-0.5467793,-0.008734964,0.01678621
48,1299,0.1900434,-0.1966651,-0.19628721,-0.012006247,-0.42703316,0.28114063,-0.1271489,-0.29229608,0.16470328,-0.08275731,-0.18516462,0.10695177,-0.34980088,0.5672467,-0.46314335,0.06404806
48,1313,0.1900434,-0.19666508,-0.19628718,-0.0120062325,-0.42703316,0.28114063,-0.12714887,-0.29229608,0.16470328,-0.08275733,-0.1851646,0.10695174,-0.34980088,0.5672467,-0.46314335,0.06404806
48,1315,0.44947702,0.25239825,0.10160758,0.08871002,-0.48150226,0.46184486,0.5295557,-0.09472865,-0.05245602,-0.56289816,-0.018549845,-0.4155137,-0.020507973,0.7715161,-0.12997752,0.17434499
48,1361,0.55555665,0.033378847,0.8154523,-0.49839708,0.020041317,0.7496273,0.026968762,0.42168728,-0.60248065,0.36535618,0.23298225,-0.41780883,-0.24290039,-0.4384742,-0.590229,-0.19733727
48,1366,0.15319967,-0.062486473,-0.10841626,0.44033217,-0.65637386,0.059704915,-0.053504765,-0.36118165,0.39302677,-0.37318945,-0.6890002,-0.06481817,-0.15958576,0.7344917,-0.1406537,0.21662928
48,1367,0.00944525,0.48011404,-0.27050427,0.0913964,-0.044407144,-0.19841184,0.7622379,-0.12638122,0.119471595,-0.6470295,0.39456132,-0.17854008,0.38903695,0.6355282,0.37648886,0.36982065
48,1373,-0.38169432,-0.24630983,-0.12959197,0.167148,0.3337397,-0.18065484,-0.65125513,0.17435862,0.004549384,0.35741577,-0.5969379,0.24850488,-0.2259411,-0.73892117,0.18737859,-0.24622798
48,1375,0.34854484,-0.039477576,0.09616278,0.08540575,-0.5682132,0.2809962,0.1380578,-0.22292118,0.18420205,-0.34752256,-0.24716762,-0.19654748,-0.10754503,0.58094764,-0.27766192,0.103922814
48,1390,0.2917462,-0.56378186,1.061781,-0.25680238,-0.4881774,-0.4981953,0.027148291,-0.15074705,0.5896274,-0.1659639,0.717971,0.02594547,0.6037577,-0.665357,0.24717861,-0.1655094
48,1400,0.22173093,-0.75214016,1.2785628,-0.2639918,-0.45183152,-0.76461583,-0.08376053,-0.15315199,0.7114321,-0.07220496,0.82930225,0.14612421,0.80077404,-0.97842515,0.40731576,-0.20572448
48,1408,0.19661526,0.34854674,0.12303059,-0.028210508,-0.100663185,-0.006689161,0.62045157,-0.0029572966,0.023150861,-0.47345978,0.3765268,-0.2721163,0.29092348,0.32849228,0.1835495,0.23458251
48,1419,-0.28758883,-0.18287681,-0.008466288,0.33131814,0.04274723,-0.22951777,-0.60743463,0.1495849,0.10975655,0.21632409,-0.77671945,0.14367709,-0.2158184,-0.563401,0.24714923,-0.16610563
48,1422,0.3732288,-0.020035028,0.28146774,0.03984017,-0.5862702,0.15007713,0.24755137,-0.19929168,0.28877115,-0.4329622,-0.010934234,-0.24185792,0.03736116,0.40806302,-0.12649226,0.08264844
48,1424,0.020355895,-0.1787936,-0.1474148,0.48552647,-0.5336048,-0.026942208,-0.28376943,-0.32560492,0.38754153,-0.16927215,-0.84890944,0.05225028,-0.2304747,0.4738619,-0.13278414,0.13597208
48,1438,0.037730187,-0.13569683,-0.15506127,0.48942643,-0.5428564,-0.004033357,-0.2208389,-0.32187703,0.38242537,-0.21709171,-0.83167076,0.02220793,-0.21255426,0.5642477,-0.11590348,0.17717119
48,1441,-0.5651734,0.67581594,-0.8021195,0.04066395,0.9496792,-0.30776286,0.41125554,0.14534229,-0.432378,0.18916321,0.2609124,0.03341408,0.44772083,0.2670974,0.4130047,0.34075332
48,1451,0.26707393,-0.6625702,1.2606645,-0.26045513,-0.49186963,-0.7118756,-0.023132488,-0.14410366,0.6932524,-0.12914424,0.81889874,0.08433592,0.7678356,-0.90509474,0.37804848,-0.18122461
48,1470,-0.39724636,-0.20200947,0.15506782,0.08423951,0.25026107,-0.62361205,-0.36535153,0.25377512,0.27787012,0.046480834,0.09029441,0.3201835,0.124432415,-1.0674121,0.6604442,-0.44816306
48,1479,0.37861615,-0.2088849,0.9767487,-0.18225208,-0.6044217,-0.44195712,0.29898357,-0.1248065,0.5803244,-0.4178439,0.6784161,-0.14598577,0.58444124,-0.4156954,0.24319729,-0.030664183
48,1480,0.4497156,0.23214059,0.116525695,0.09646412,-0.5254695,0.4343471,0.5195124,-0.12602106,-0.0048963875,-0.58256465,-0.020677842,-0.40716222,-0.015289877,0.7784376,-0.13258554,0.1719823
48,1482,0.06963447,0.44186687,0.28880078,-0.11182146,0.1764293,-0.2562911,0.6280806,0.088152125,-0.03282702,-0.25461036,0.6407329,-0.21834561,0.5134366,-0.13583532,0.3058431,0.27425224
48,1486,-0.22329432,0.48455298,0.15442081,-0.1654361,1.0098562,0.13914867,0.13449138,0.545881,-0.84492594,0.69473183,0.20200154,-0.28949323,0.26324725,-0.56740844,0.045070045,0.0415325
48,1498,0.633899,-0.037511013,0.92914766,-0.65955234,0.07380791,0.9840406,-0.1675052,0.5334386,-0.82756513,0.6496947,0.19561324,-0.42231023,-0.44542712,-0.62858534,-0.8602277,-0.3236104
48,1504,-0.31115127,0.5689626,-0.53269696,0.03056324,0.6261289,-0.13069297,0.44983673,0.12005911,-0.3372975,0.0015452057,0.22044232,-0.08550892,0.3522802,0.33794716,0.3064017,0.29216745
48,1513,-0.2524393,0.5756982,-0.53125817,0.049286578,0.5168897,-0.09653424,0.511901,0.08536415,-0.29453516,-0.118077435,0.22585988,-0.11462101,0.3377875,0.45006937,0.31050324,0.30845842
48,1522,0.15554914,-0.44360852,-0.48461074,-0.73139757,-0.04646583,0.5673404,-0.36105707,-0.25366527,-0.15322258,0.47188255,0.69563425,0.5584955,-0.7789929,0.31601623,-1.0061059,-0.17482355
48,1531,-0.3538444,-0.17865606,0.2068999,0.09330057,0.19283229,-0.6300895,-0.31713572,0.24951893,0.3048479,-0.00012618303,0.107257195,0.28494135,0.14468554,-1.0371457,0.66883576,-0.43145284
48,1538,-0.3539049,-0.23364696,-0.12300491,0.151982,0.32006586,-0.1476909,-0.609545,0.1707849,-0.0034925044,0.33698866,-0.5770987,0.22485885,-0.21699889,-0.68004644,0.16714835,-0.22519773
48,1550,-0.050956815,-0.23908472,-0.09295297,0.43512443,-0.3811645,-0.06815076,-0.42688087,-0.20629498,0.30888823,-0.0036704987,-0.8634149,0.0968276,-0.24893223,0.12775898,-0.08462132,0.03026133
48,1555,-0.48241407,-0.95926785,-0.81984246,-0.47644868,0.09990847,-0.33487487,-0.3289095,-0.6252872,0.62323916,0.0016795397,1.352932,1.0715802,-0.05145967,0.41643888,-0.074509695,-0.20204276
48,1568,-0.20349866,-0.21184742,-0.116199374,0.44037563,-0.14363945,-0.060107112,-0.6505201,0.005280045,0.11585508,0.21466526,-1.0750949,0.102559,-0.33578455,-0.18833509,0.024515279,-0.03195896
48,1571,0.1386849,-0.47492564,-0.5436266,-0.85703313,0.040044844,0.61215234,-0.39042774,-0.23628846,-0.20973106,0.5666977,0.8594637,0.64176166,-0.84885156,0.2751457,-1.0850956,-0.20987794
48,1586,-0.22916257,0.53321517,-0.52863747,0.075170055,0.35109824,-0.2192577,0.5853656,-0.026618097,-0.0904001,-0.29490003,0.28660145,-0.06995298,0.3829906,0.5260901,0.36926228,0.3602729
48,1590,0.53609216,0.22834755,0.3247016,-0.050502717,-0.3679548,0.6104617,0.43293273,0.08471606,-0.26087862,-0.3386191,-0.001099959,-0.47459963,-0.08924289,0.45944947,-0.26505798,0.081980504
48,1607,-0.3080716,-0.18345155,0.087457806,0.20987149,0.11777893,-0.3967136,-0.4625105,0.18973391,0.19262066,0.11781883,-0.3573342,0.20522726,-0.04700555,-0.7672683,0.42226052,-0.28552884
48,1620,0.29931656,-0.1192746,-0.058810785,-0.083797865,-0.44214553,0.35671085,0.026424557,-0.22705741,0.09733327,-0.16316803,-0.06911382,-0.026632547,-0.2707132,0.55135083,-0.44525814,0.05190648
48,1626,0.1247222,-0.04254722,-0.12222257,0.4703049,-0.6390845,0.02391006,-0.03968866,-0.35581675,0.415227,-0.3901839,-0.6962404,-0.05477661,-0.14072967,0.7423998,-0.09005466,0.23438114
48,1635,-0.03316742,0.5009968,-0.37962306,0.10690792,0.016057223,-0.16374464,0.7415459,-0.11621094,0.067843586,-0.61064386,0.3394211,-0.16712913,0.36169082,0.70263183,0.3708381,0.3784239
48,1640,-0.32774127,-0.17545368,0.1799619,0.11882244,0.16772825,-0.552475,-0.34084132,0.23067117,0.27137846,0.025541544,-0.012345873,0.2521709,0.09499562,-0.9445282,0.59001124,-0.38342476
48,1645,-0.29577076,0.53678834,-0.532042,0.03970694,0.5843664,-0.11299907,0.43324202,0.10444396,-0.30893862,-0.013443261,0.18472311,-0.08264024,0.32780325,0.3653348,0.28883255,0.2864746
48,1652,0.47795227,0.27598614,0.15245008,0.057058,-0.4330316,0.5068196,0.5361397,-0.032767776,-0.12978189,-0.52094436,0.0016196445,-0.4457066,-0.029427044,0.7018047,-0.14652662,0.15902108
48,1665,0.5218519,0.33257842,0.94686383,-0.23279811,0.063402355,0.404768,0.47248107,0.39225686,-0.45525342,-0.0317218,0.45186362,-0.5936857,0.21706332,-0.40228286,-0.09965325,0.014166668
48,1688,0.42523447,0.37070918,0.60824716,-0.13426109,0.047541916,0.4027877,0.5041374,0.30688396,-0.41985607,-0.13789977,0.31458724,-0.5354205,0.16670506,-0.058373153,-0.055680573,0.06492919
48,1692,0.4716766,0.34117657,0.76777637,-0.17898428,0.053016484,0.41233844,0.4750177,0.3481518,-0.4361781,-0.078075536,0.35998353,-0.56022257,0.17877266,-0.21995261,-0.0870807,0.034426313
48,1701,0.62536585,0.041474193,0.7349737,-0.47300377,-0.08305208,0.92774343,-0.005873978,0.4057982,-0.6957444,0.3677539,0.07084101,-0.44750813,-0.38096815,-0.2802889,-0.73387486,-0.20814508
48,1711,-0.21839485,0.54696065,-0.45374048,0.034056067,0.5020226,-0.0654687,0.48560932,0.105391555,-0.30483943,-0.089588135,0.21535662,-0.133374,0.32098836,0.39297277,0.27786982,0.2842974
48,1717,0.018854544,0.45675546,-0.29329327,0.08652891,0.01926303,-0.056452483,0.67251986,-0.06740268,0.0052182674,-0.53155214,0.27340868,-0.20565753,0.29955733,0.6438563,0.29079652,0.33213672
48,1726,-0.32979715,0.5911184,-0.5630118,0.033704367,0.65284985,-0.13724075,0.45931417,0.12425893,-0.3556096,0.0072478503,0.2281912,-0.083070956,0.36041713,0.34800994,0.31911814,0.2993518
48,1728,0.3861946,0.032695852,0.59465456,-0.047711156,-0.6185707,-0.16709886,0.44739208,-0.16155893,0.42983133,-0.5724493,0.4292747,-0.24932185,0.37903768,0.11095485,0.12827966,0.08853116
48,1737,0.13877589,-0.48102146,-0.55461764,-0.87280834,0.04332912,0.6205583,-0.39849588,-0.23873559,-0.21656235,0.5787811,0.87692493,0.6542965,-0.86386037,0.27506143,-1.1024572,-0.21532115
48,1741,0.124722205,-0.04254722,-0.1222226,0.4703049,-0.6390846,0.023910075,-0.039688677,-0.35581672,0.415227,-0.39018393,-0.6962404,-0.054776624,-0.14072967,0.7423998,-0.09005466,0.23438114
48,1754,0.6076293,0.01966831,0.7342932,-0.48529676,-0.060057618,0.91944975,-0.039797664,0.4116155,-0.6943323,0.40642682,0.06360214,-0.42824486,-0.38947678,-0.3155323,-0.7436775,-0.21805921
48,1757,0.29931656,-0.1192746,-0.058810815,-0.08379787,-0.4421455,0.35671085,0.026424557,-0.22705743,0.09733327,-0.16316803,-0.06911382,-0.026632547,-0.2707132,0.55135083,-0.44525814,0.051906485
48,1767,0.45193845,0.28006673,0.0805202,0.10027953,-0.48773593,0.4658817,0.5619929,-0.10010787,-0.06093976,-0.5930587,-0.0033570603,-0.42735004,-0.013309114,0.8093922,-0.113498606,0.1870365
48,1769,-0.12095764,0.41820592,0.2665968,-0.16731544,0.8704987,0.20872124,0.12928,0.5291482,-0.79029006,0.6299263,0.16771156,-0.32755518,0.21532305,-0.5467793,-0.008734964,0.01678621
48,1781,-0.030775279,0.4764716,-0.3636518,0.10730299,-0.005813405,-0.18179823,0.73038316,-0.12930004,0.10124093,-0.6159058,0.33476683,-0.15596773,0.36236376,0.68964434,0.36907682,0.3753248
48,1786,-0.15389901,-0.21378101,-0.12214428,0.4009445,-0.15658912,-0.005151242,-0.5771071,-0.029856127,0.11436865,0.18301108,-1.0056194,0.084536046,-0.31405282,-0.088181525,-0.03487475,-0.00961633
48,1793,0.10487371,0.44793594,-0.11522937,0.04411559,0.021955207,0.04357612,0.64779425,0.009018351,-0.08803502,-0.4590987,0.28435796,-0.27862,0.27141196,0.51313245,0.22166184,0.27993745
48,1796,-0.18174267,-0.30643737,-0.30729645,0.35850605,-0.15634793,0.047149718,-0.63209283,-0.16246481,0.13563217,0.22314695,-0.9555598,0.21660814,-0.38822722,0.05278349,-0.1922546,-0.017724007
48,1799,-0.31098056,0.5119636,-0.477781,0.019706693,0.6425601,-0.11280663,0.37716573,0.14124389,-0.34439462,0.08188161,0.17366862,-0.07937734,0.32340395,0.25261682,0.26438525,0.26092768
48,1800,-0.40680474,-0.23862243,-0.13587949,0.15820418,0.38110536,-0.17462759,-0.6765764,0.21090971,-0.031855077,0.39020106,-0.6160303,0.2480489,-0.23451854,-0.7864486,0.20380273,-0.25471857
48,1805,0.36541557,-0.2723041,1.0086979,-0.19010665,-0.5851909,-0.46622443,0.24645865,-0.124183774,0.58868676,-0.37015432,0.6783166,-0.11731958,0.5962174,-0.4765115,0.25459388,-0.052652948
48,1824,-0.58858395,0.65026706,-0.84121686,0.05003246,0.9366043,-0.3552009,0.3972438,0.11070368,-0.37361664,0.17630222,0.25128347,0.072687626,0.45605063,0.2847618,0.42444336,0.3520316
48,1826,0.38168985,0.07366399,0.4903525,0.00032634195,-0.6205995,-0.09730311,0.4684516,-0.17901258,0.38698828,-0.6031424,0.34860978,-0.26505268,0.3265317,0.25200272,0.105920814,0.11688559
48,1837,0.19255286,-0.10890047,-0.12776473,0.27333844,-0.5890493,0.17982356,-0.0765025,-0.329818,0.2864017,-0.2729776,-0.5472774,-0.034881756,-0.23081477,0.6892432,-0.28824064,0.15664116
48,1840,-0.03892824,-0.22591121,-0.077732205,0.4062616,-0.35596514,-0.048247486,-0.39389017,-0.18490563,0.2873204,-0.007368535,-0.8214546,0.07945439,-0.23399515,0.12688127,-0.080787435,0.032924246
48,1842,0.46318686,0.28619093,0.10503281,0.0847528,-0.46108827,0.4839849,0.559373,-0.07059658,-0.09347612,-0.5689616,0.0031651035,-0.43676886,-0.017528173,0.771652,-0.121250436,0.1784316
48,1843,0.45487428,0.14284742,0.63135064,-0.33036414,-0.051982313,0.45631832,0.2698193,0.26701728,-0.34271872,0.024217725,0.3269491,-0.38527045,-0.021542616,-0.1845335,-0.28667483,-0.039853416
48,1851,-0.3976416,-0.20435084,-0.052856848,0.1664611,0.38542682,-0.21615614,-0.6598866,0.26922482,-0.03522417,0.3779585,-0.60599643,0.20319483,-0.206635,-0.88178563,0.2738958,-0.26653832
48,1853,-0.2546302,-0.17687733,-0.03900723,0.3494884,0.018525869,-0.13802223,-0.6163883,0.1283443,0.072639674,0.23610416,-0.8876752,0.10452476,-0.26494753,-0.4462302,0.15762064,-0.110211276
48,1858,-0.35113358,0.57747775,-0.017649919,-0.15383068,1.1604664,0.034015,0.16625965,0.5426888,-0.88462657,0.7317829,0.25751594,-0.23258866,0.3336295,-0.5455985,0.12912023,0.08812349
48,1865,-0.34587693,-0.18807167,0.122249156,0.17744014,0.15723804,-0.49813432,-0.43953517,0.21829487,0.23240249,0.091472864,-0.2074327,0.24920353,0.015300002,-0.899436,0.525611,-0.35145172
48,1868,0.044736773,-0.029059341,-0.09321898,0.5165884,-0.5896851,-0.14020602,-0.04033366,-0.32224008,0.49169618,-0.39347804,-0.6688131,-0.0034421682,-0.08723656,0.60627043,0.06905704,0.22054672
48,1869,-0.18990651,-0.40752906,-0.6174491,0.121549174,-0.13128777,0.15729813,-0.5996933,-0.3186734,0.12854186,0.2507737,-0.563257,0.45759133,-0.5344743,0.31277812,-0.45037043,-0.031412616
48,1870,0.18434295,-0.4312184,-0.46097302,-0.7710215,-0.038285673,0.6118742,-0.35141173,-0.22843201,-0.19526707,0.49093953,0.721925,0.5400517,-0.79120904,0.30169234,-1.0358951,-0.18751565
48,1872,-0.35113358,0.57747775,-0.017649934,-0.15383069,1.1604664,0.034015015,0.16625965,0.54268885,-0.88462657,0.7317829,0.2575159,-0.23258866,0.3336295,-0.5455985,0.12912023,0.08812349
48,1874,0.23911633,-0.26447192,-0.2576488,-0.40226838,-0.25463897,0.4684971,-0.15360549,-0.23486315,-0.032858893,0.14357328,0.30640626,0.2501163,-0.5205973,0.43889725,-0.7208725,-0.059802927
48,1875,-0.14468512,-0.23056906,-0.14496773,0.4067682,-0.1769198,0.009585947,-0.57932293,-0.06365961,0.12528309,0.18055743,-1.0151173,0.095451295,-0.3211311,-0.04281068,-0.07053078,-0.0028542727
48,1877,0.548203,0.20037034,0.3800518,-0.110324234,-0.32778656,0.658561,0.3679323,0.13096125,-0.32406455,-0.2361395,0.0021536425,-0.46978006,-0.13340579,0.35501376,-0.33455643,0.040196408
48,1892,-0.4933877,-1.0130992,-1.2241573,-0.57984483,0.14108115,-0.05741225,-0.45505753,-0.7508266,0.48345602,0.15630329,1.2832853,1.2420315,-0.37207133,0.7869575,-0.48371145,-0.12631992
48,1896,-0.32846993,0.5714664,-0.57351166,0.039913572,0.62822914,-0.14490886,0.45181546,0.106112115,-0.3239709,-0.0083504915,0.21315885,-0.070941314,0.3542757,0.36777014,0.31681713,0.30132842
48,1898,-0.45744973,-0.22624336,-0.08807263,0.18419178,0.43505698,-0.2475925,-0.74683166,0.28515515,-0.049548954,0.43613508,-0.6602132,0.24696612,-0.23529334,-0.97514355,0.29543266,-0.29857343
48,1906,0.61424387,-0.017160347,0.8110221,-0.57153565,0.00579381,0.96365935,-0.12239075,0.46982,-0.7684827,0.5432284,0.10381519,-0.41542637,-0.4356056,-0.4635311,-0.82039094,-0.27324617
48,1926,-0.59567744,0.6596245,-0.85786957,0.052361332,0.93236595,-0.38470024,0.4150222,0.09529709,-0.35192645,0.1536758,0.27387124,0.08463287,0.47430325,0.29720306,0.44198596,0.3648916
48,1968,0.28139222,-0.61168236,1.1392512,-0.27561212,-0.48440558,-0.5732601,0.008824408,-0.14915003,0.63004184,-0.14784065,0.7844346,0.05256249,0.66399765,-0.7685765,0.29528415,-0.1846858
48,1977,0.6322886,-0.034678485,0.90765613,-0.6479525,0.061694697,0.988971,-0.16338778,0.5245975,-0.8251712,0.6372516,0.17684641,-0.4213363,-0.45082074,-0.5997205,-0.8621294,-0.31711447
48,1982,-0.22522879,0.5461858,-0.48457557,0.04367248,0.48723418,-0.07638992,0.49364924,0.08760153,-0.28297663,-0.11402003,0.21010119,-0.12314332,0.32149613,0.42922765,0.28713885,0.29398465
48,1988,0.45176786,0.25768507,0.09634106,0.09558003,-0.4976602,0.4596929,0.5385934,-0.1057168,-0.04479997,-0.57978344,-0.016230427,-0.4183462,-0.019003026,0.7913699,-0.12716687,0.17832422
48,1990,-0.05551514,-0.24554937,-0.026018843,0.37205392,-0.35869154,-0.14509209,-0.36367127,-0.18044388,0.33895743,-0.04388787,-0.67074907,0.115198284,-0.16235127,0.018547878,0.011880875,-0.021754354
48,1994,0.16712481,-0.32465488,-0.3545515,-0.35464072,-0.25996566,0.41205275,-0.25532833,-0.29374862,0.024272896,0.18558133,0.24271518,0.34460708,-0.57158273,0.46278387,-0.73567474,-0.049772613
48,1995,0.16775057,-0.4609239,-0.50276375,-0.8340862,0.0014202148,0.62624544,-0.38145432,-0.23206304,-0.21410556,0.5448971,0.808374,0.59854937,-0.8332746,0.28272077,-1.0813352,-0.20712027
48,2000,-0.34750462,-0.24202037,-0.11524683,0.1667656,0.29436687,-0.1651196,-0.61252165,0.15256287,0.021503396,0.3259646,-0.58051383,0.22988003,-0.2151571,-0.67971385,0.1675058,-0.22893077
48,2006,-0.42534584,0.53687704,-0.4279492,-0.035212707,0.897353,-0.19882576,0.28622565,0.23927107,-0.46822506,0.33356854,0.23041892,-0.04316084,0.3857888,-0.040466875,0.27386832,0.2333675
48,2011,0.24729812,0.4129727,0.1888376,-0.028573507,0.023079112,0.20648977,0.5881785,0.13260359,-0.22871219,-0.32894957,0.28995177,-0.39211655,0.2191976,0.2833621,0.09869293,0.18895504
48,2012,-0.048851132,-0.24070267,-0.08311531,0.42632475,-0.37987167,-0.07825972,-0.4173086,-0.2079144,0.3167138,-0.009042323,-0.8376312,0.09930146,-0.23971324,0.11288558,-0.07973228,0.02243647
48,2014,-0.48027545,0.5928635,-0.38540512,-0.07071004,1.0781803,-0.18226801,0.2498686,0.3421902,-0.62910634,0.50177693,0.25995764,-0.07011971,0.40477276,-0.21004757,0.26983562,0.2068195
48,2027,-0.49338764,-1.0130992,-1.2241573,-0.57984483,0.14108115,-0.05741225,-0.45505753,-0.75082666,0.48345602,0.15630332,1.2832853,1.2420315,-0.37207133,0.7869575,-0.48371148,-0.12631992
48,2034,0.6142438,-0.017160345,0.81102216,-0.57153565,0.005793825,0.9636594,-0.12239078,0.46982,-0.76848274,0.5432284,0.10381516,-0.41542637,-0.43560553,-0.46353123,-0.820391,-0.2732462
48,2040,0.3875442,0.12997802,0.32362348,0.059326753,-0.59863985,0.07127239,0.4815403,-0.18425569,0.2750755,-0.61316276,0.19184306,-0.3031108,0.20424958,0.47420314,0.029992,0.15037046
48,2043,0.32748455,-0.35239518,0.75832576,-0.1651014,-0.5013781,-0.22194044,0.113110915,-0.15177763,0.4478283,-0.25139797,0.44628945,-0.084357396,0.3744319,-0.26193175,0.0864119,-0.07755158
48,2046,-0.32029969,-0.23524107,-0.095612824,0.17384669,0.2547553,-0.1604446,-0.5822536,0.1385911,0.03855537,0.29724887,-0.574754,0.21116847,-0.20533986,-0.6380284,0.15940505,-0.21389672
48,2054,-0.21199447,-0.13644001,0.00010457635,0.430308,-0.13774733,-0.16806732,-0.5785109,0.08955717,0.15231928,0.1459217,-0.96870655,0.058513075,-0.27570784,-0.3095939,0.18047771,-0.047030576
48,2058,0.02858536,-0.20566845,-0.04284206,0.38063344,-0.4561371,-0.07794945,-0.25075954,-0.27301916,0.384831,-0.13843258,-0.66560745,0.05926299,-0.1678046,0.2547239,-0.09582216,0.052451722
48,2064,-0.15145057,-0.24074677,-0.15669936,0.4160638,-0.1814108,0.004826024,-0.59637094,-0.07455396,0.13111086,0.18738225,-1.0306718,0.1071035,-0.32838386,-0.044195503,-0.07740242,-0.0062632784
48,2081,-0.2537912,0.56435454,-0.5532879,0.058777798,0.48711264,-0.11219905,0.5184488,0.060846046,-0.25631458,-0.15154792,0.21942845,-0.101779416,0.33759457,0.48600742,0.318322,0.31809855
48,2089,-0.11547601,0.5005471,-0.15992081,-0.0030426416,0.23153737,-0.3447712,0.6552168,-0.019377235,0.025120988,-0.34049606,0.51772404,-0.101127364,0.5014905,0.217558,0.40018037,0.3546867
48,2092,-0.5200149,-0.25545895,-0.13614073,0.20267828,0.4821247,-0.2773444,-0.8386152,0.28973222,-0.059342995,0.4956332,-0.7155432,0.30056524,-0.26816523,-1.0573051,0.3075475,-0.33083227
48,2110,-0.0077506453,-0.21758825,-0.015850127,0.35530534,-0.3636971,-0.08929722,-0.3097256,-0.19231221,0.32884717,-0.06005296,-0.6705773,0.071139336,-0.17511897,0.0879246,-0.05650967,0.009079486
48,2120,-0.34153634,-0.19999592,0.09765477,0.11591023,0.21125942,-0.4660617,-0.39225546,0.2094829,0.21238396,0.091122895,-0.1077306,0.259334,0.035757143,-0.8767499,0.4983043,-0.35439518
48,2121,0.3968125,0.16318654,0.25403246,0.088218555,-0.6043397,0.14171255,0.5018176,-0.1933306,0.22994936,-0.636171,0.13831332,-0.32627982,0.15781139,0.5842376,0.0050110817,0.16747627
48,2134,-0.03408152,0.5129336,-0.38218814,0.10581774,0.024060965,-0.16211052,0.7500429,-0.11169501,0.05691126,-0.6116805,0.3481075,-0.17160732,0.36599845,0.70405823,0.37503818,0.3806863
48,2138,0.28730923,-0.5977088,1.2209234,-0.25110123,-0.5066752,-0.6636294,0.01949282,-0.13837567,0.67190254,-0.16586868,0.7930221,0.046635956,0.7340255,-0.833483,0.3528728,-0.1609936
48,2143,0.633899,-0.037511017,0.92914766,-0.65955245,0.073807895,0.98404056,-0.1675052,0.5334386,-0.82756513,0.6496947,0.1956132,-0.42231026,-0.44542712,-0.62858534,-0.8602277,-0.3236104
48,2149,-0.21002752,0.5307708,-0.44976485,0.037209492,0.48022014,-0.060843095,0.47887456,0.0966995,-0.2874391,-0.09898569,0.20194444,-0.13112147,0.31186318,0.40314913,0.27063504,0.28209472
48,2162,-0.2147198,-0.16156271,-0.0424463,0.437362,-0.13542108,-0.13244371,-0.6123723,0.06501507,0.13602534,0.17552152,-1.0165954,0.07464853,-0.3004821,-0.27502206,0.13036218,-0.04266686
48,2163,0.3834601,-0.16971943,0.9497865,-0.17628598,-0.608952,-0.42126173,0.32999167,-0.12376909,0.5695788,-0.44345886,0.67186093,-0.16297843,0.57284933,-0.3720453,0.23242947,-0.0150493905
48,2164,-0.20467407,-0.17491758,-0.06309222,0.4304491,-0.13524924,-0.09989412,-0.61390424,0.048508294,0.12409397,0.18570828,-1.0253122,0.077750325,-0.30835944,-0.23961714,0.09242269,-0.036414824
48,2166,-0.2761861,0.52003294,-0.4593876,0.022224458,0.5977213,-0.08632286,0.40649796,0.13610898,-0.33982158,0.034355164,0.18097591,-0.102450214,0.31667686,0.2906698,0.26182324,0.26310945
48,2168,0.20165324,0.40229255,0.5483118,-0.16427559,0.12405491,-0.14359291,0.60292053,0.16280526,-0.09670399,-0.20573707,0.65866524,-0.30931234,0.47931653,-0.29516688,0.21978837,0.20944086
48,2198,-0.050956815,-0.23908474,-0.09295297,0.4351245,-0.3811645,-0.06815077,-0.42688087,-0.20629495,0.30888826,-0.0036704987,-0.86341476,0.0968276,-0.24893223,0.12775898,-0.08462132,0.030261323
48,2202,0.45007563,0.25702435,0.09537151,0.098716736,-0.5044492,0.4527266,0.5405602,-0.11202545,-0.035730377,-0.58674693,-0.014142267,-0.41712904,-0.015915964,0.7959424,-0.12342292,0.179743
48,2204,-0.1705648,-0.3755833,-0.54403013,0.16115694,-0.14023432,0.15123084,-0.583701,-0.28429914,0.12072551,0.2347112,-0.63617253,0.3930135,-0.50005096,0.2748691,-0.40900773,-0.024730079
48,2207,0.39830452,-0.008055542,0.69922495,-0.091040686,-0.626778,-0.22977029,0.4266979,-0.14900202,0.4688648,-0.54838884,0.5099528,-0.2391829,0.42911476,-0.0166426,0.15060124,0.06097655
48,2223,0.5218519,0.33257842,0.94686383,-0.2327981,0.063402355,0.404768,0.47248104,0.39225686,-0.45525342,-0.0317218,0.45186362,-0.59368575,0.21706332,-0.40228292,-0.09965326,0.0141666755
48,2225,-0.15145057,-0.2407468,-0.15669933,0.41606376,-0.1814108,0.004826024,-0.59637094,-0.07455396,0.13111086,0.18738222,-1.0306717,0.10710353,-0.32838386,-0.044195503,-0.07740241,-0.006263286
48,2226,0.447122,0.27736193,0.084776305,0.09480261,-0.46714127,0.46348822,0.55485046,-0.08779149,-0.06801875,-0.57717574,-0.003415525,-0.42386532,-0.012094196,0.7871102,-0.11074241,0.1841626
48,2227,0.03827852,-0.016516937,-0.10506338,0.54137915,-0.6100885,-0.15980329,-0.028567165,-0.33711553,0.51446176,-0.4219297,-0.6756633,-0.00043220818,-0.079533935,0.6355555,0.09129418,0.2331829
48,2229,-0.1596415,-0.24669711,-0.1643905,0.42562357,-0.1831203,-0.0010399073,-0.6137786,-0.07833563,0.1337026,0.19502857,-1.0489306,0.11527753,-0.33570904,-0.05142513,-0.07784132,-0.009407699
48,2243,-0.24954408,0.54417264,-0.44498712,0.021018695,0.57146513,-0.076210484,0.44610453,0.13365918,-0.34211093,-0.0094386935,0.2109159,-0.12229782,0.32609522,0.31704217,0.27031463,0.27062526
48,2256,0.38346013,-0.16971941,0.9497864,-0.17628598,-0.608952,-0.42126173,0.32999167,-0.12376909,0.5695789,-0.44345886,0.671861,-0.16297843,0.5728494,-0.3720453,0.2324295,-0.015049383
48,2271,0.33264846,-0.3202722,0.7179436,-0.15370047,-0.49998635,-0.18414308,0.12738195,-0.14828792,0.42728907,-0.26252875,0.40925863,-0.101223856,0.34314972,-0.21116373,0.066328965,-0.066423826
48,2274,-0.46730673,-0.9283553,-0.7316173,-0.4287178,0.08595851,-0.36457455,-0.31565663,-0.58989084,0.62939405,-0.019521892,1.2834238,1.0095717,-0.008489244,0.35039455,-0.014436096,-0.20402175
48,2300,0.39426988,0.1653468,0.23071145,0.09559336,-0.59450567,0.16292493,0.4958886,-0.19199601,0.21507037,-0.6295118,0.11211198,-0.32830378,0.13944852,0.6084641,-0.005368434,0.17066032
48,2305,0.5892549,0.0010402128,0.8726613,-0.5681458,0.043615833,0.83740747,-0.052889034,0.46722692,-0.6878028,0.48204914,0.23061222,-0.41844422,-0.3217888,-0.52503324,-0.69797003,-0.25032794
48,2309,-0.18174261,-0.30643743,-0.30729648,0.35850605,-0.15634793,0.047149733,-0.63209283,-0.16246481,0.13563217,0.22314692,-0.9555599,0.21660808,-0.38822716,0.05278349,-0.1922546,-0.017724022
48,2310,0.32488126,0.2643183,0.38871652,-0.19708851,-0.061951093,0.21447057,0.46138507,0.14222828,-0.17602845,-0.21959516,0.3942782,-0.33037823,0.14776325,0.0477885,-0.044532187,0.0976966
48,2328,-0.48848373,-0.9798395,-0.9361046,-0.5115657,0.1143733,-0.25830877,-0.36342528,-0.6633583,0.585639,0.04546465,1.3476782,1.1230906,-0.13887325,0.52084446,-0.18840507,-0.18506917
48,2329,-0.41346198,-0.20878273,-0.061731026,0.1690671,0.40086114,-0.22308026,-0.6809195,0.27559015,-0.04114127,0.39336005,-0.61809283,0.2136158,-0.21344595,-0.90660214,0.2801656,-0.27466002
48,2345,0.25021106,-0.23195753,-0.21226695,-0.33695984,-0.2850897,0.44333136,-0.11266482,-0.2257299,-0.0076632947,0.081303656,0.22665113,0.18962991,-0.46385962,0.45326194,-0.65748423,-0.037756123
48,2353,0.34154174,-0.41516918,1.1419184,-0.2256262,-0.58017135,-0.587309,0.16225544,-0.13860366,0.6523333,-0.3022594,0.774991,-0.04641132,0.68778175,-0.6609354,0.31547558,-0.10394081
48,2357,0.3732288,-0.020035028,0.28146774,0.039840166,-0.5862702,0.15007715,0.24755137,-0.19929169,0.28877115,-0.43296218,-0.010934226,-0.24185792,0.03736116,0.40806302,-0.12649226,0.08264844
48,2364,-0.50614697,0.59387577,-0.7362767,0.04308024,0.82101846,-0.32548732,0.39826354,0.09021487,-0.30975968,0.11745483,0.24533898,0.050404206,0.43339252,0.28157115,0.38911945,0.33626184
48,2372,-0.17401412,-0.40766245,-0.62686676,0.08517025,-0.12794164,0.17431685,-0.56183314,-0.3296557,0.12856248,0.23557016,-0.49284178,0.46315017,-0.5281454,0.34722018,-0.47164142,-0.028210752
48,2395,0.38488033,0.13254306,0.3008032,0.06625048,-0.58808625,0.09261605,0.4761368,-0.18246886,0.25995886,-0.6064312,0.16633397,-0.3053211,0.18618283,0.49751168,0.019642502,0.15371126
48,2403,0.12907958,-0.48044318,-0.54828846,-0.88386434,0.06909363,0.6052261,-0.39041308,-0.22959162,-0.21279757,0.5869703,0.9150724,0.662789,-0.85528207,0.25150353,-1.0839487,-0.21415585
48,2406,-0.35113358,0.5774777,-0.017649919,-0.15383068,1.1604664,0.034015,0.16625965,0.5426888,-0.88462657,0.7317829,0.2575159,-0.23258866,0.33362943,-0.5455985,0.12912023,0.08812349
48,2409,0.6129396,-0.023673609,0.91205496,-0.61249673,0.056557238,0.90260684,-0.10971701,0.49922574,-0.74649394,0.5615405,0.21772534,-0.42062485,-0.37691462,-0.58257663,-0.7733245,-0.28745
48,2414,-0.30832738,0.53631794,-0.55839384,0.04495128,0.5827239,-0.13188092,0.43595636,0.090714246,-0.29037583,-0.024914056,0.18462497,-0.06864336,0.33387995,0.3836414,0.29912543,0.2945635
48,2415,0.0479493,-0.15737674,-0.13536784,0.44288558,-0.50366247,0.027512848,-0.23249924,-0.2988521,0.34644896,-0.17558566,-0.80232126,0.01744172,-0.2166607,0.5084858,-0.1486029,0.15139326
48,2434,-0.21674603,0.5500758,-0.43707108,0.05325906,0.3295408,-0.3032663,0.6352403,-0.033773456,-0.044250906,-0.32297605,0.39479718,-0.06676029,0.44956452,0.43073237,0.41138244,0.37638712
48,2440,0.43239725,0.23138534,0.08727205,0.12786198,-0.55769944,0.3947367,0.52020943,-0.16471505,0.044973195,-0.6192398,-0.03423249,-0.39401433,-0.005828228,0.82200253,-0.11089875,0.18727374
48,2445,-0.049749702,-0.23746558,-0.0521228,0.39509425,-0.36140674,-0.102258995,-0.3868762,-0.18397346,0.31653416,-0.023687959,-0.75514114,0.10052079,-0.20102203,0.06640266,-0.032641176,0.0040536597
48,2446,-0.014037982,-0.22540927,-0.018132538,0.36435997,-0.3730137,-0.10436435,-0.32265255,-0.20197533,0.34153354,-0.058909416,-0.6780453,0.08172187,-0.17779979,0.076488405,-0.05446757,0.0024332553
48,2457,0.38488036,0.13254306,0.3008032,0.06625048,-0.58808625,0.09261604,0.47613683,-0.18246888,0.25995886,-0.6064312,0.16633394,-0.3053211,0.18618281,0.4975117,0.019642524,0.15371126
48,2460,-0.07166594,-0.27849033,0.0134316385,0.2940601,-0.33705926,-0.22488604,-0.29607305,-0.18496992,0.3871917,-0.08947317,-0.43688414,0.15566048,-0.06930626,-0.057450622,0.09546206,-0.078640364
48,2474,0.34350145,-0.23535353,0.5848464,-0.08348581,-0.54407763,-0.09480171,0.1602302,-0.17822209,0.39844298,-0.32390642,0.2772004,-0.13816434,0.25475255,-0.012418181,0.012060583,-0.018803738
48,2485,-0.20467407,-0.17491758,-0.06309222,0.43044907,-0.13524924,-0.09989412,-0.61390424,0.048508294,0.12409397,0.18570828,-1.0253122,0.077750295,-0.30835944,-0.23961714,0.09242269,-0.036414824
48,2494,-0.39724636,-0.20200948,0.1550678,0.084239505,0.25026107,-0.623612,-0.36535153,0.2537751,0.27787012,0.04648082,0.09029444,0.32018355,0.124432415,-1.0674123,0.66044414,-0.44816306
48,2537,-0.2237733,-0.16493957,-0.056965053,0.3928893,-0.05841153,-0.09169425,-0.61482894,0.0958752,0.078435495,0.21745265,-0.9901,0.073063225,-0.29829878,-0.31145146,0.11269761,-0.055530407
48,2546,-0.21259424,-0.14437273,-0.01582314,0.43428412,-0.1385414,-0.15443783,-0.59073853,0.08040445,0.14649,0.15591049,-0.989105,0.06325096,-0.2855665,-0.29344139,0.16215932,-0.043755136
48,2550,0.03398311,-0.16736798,-0.1398508,0.4647667,-0.5199283,-0.0031332374,-0.25668097,-0.3128572,0.3695967,-0.17460117,-0.82326066,0.035104036,-0.22199921,0.4899035,-0.13810523,0.1432521
48,2564,-0.32917613,-0.18461987,0.11525454,0.18228807,0.14523137,-0.46352535,-0.436919,0.20963275,0.21997622,0.0949578,-0.2426478,0.23194894,0.00024740584,-0.85366666,0.492137,-0.32967025
48,2573,-0.22916254,0.53321517,-0.5286374,0.075170055,0.35109824,-0.21925767,0.58536553,-0.026618093,-0.0904001,-0.29490003,0.28660148,-0.06995298,0.38299066,0.5260901,0.36926228,0.3602729
48,2578,-0.3237089,-0.6933275,-0.4570052,-0.17094848,-0.06422886,-0.32085818,-0.29688093,-0.44491544,0.547962,-0.05304505,0.66897285,0.6957009,-0.014549762,0.19396725,0.038430102,-0.16981283
48,2580,-0.22329432,0.48455298,0.15442081,-0.16543612,1.0098562,0.13914867,0.13449138,0.54588103,-0.84492594,0.69473183,0.20200157,-0.28949323,0.26324725,-0.56740844,0.045070045,0.0415325
48,2607,0.57419336,0.1372491,0.5006664,-0.24278662,-0.24068224,0.7538582,0.22561036,0.22690871,-0.45326352,-0.014535129,0.020640217,-0.45410898,-0.22884785,0.12879008,-0.48445424,-0.049975462
48,2616,0.036568597,0.42704028,0.22297066,-0.09378398,0.16631222,-0.29373723,0.62061393,0.055006474,0.013891585,-0.27386048,0.6162189,-0.1832231,0.51482606,-0.08762708,0.322692,0.28828147
48,2641,-0.20467407,-0.17491758,-0.0630922,0.4304491,-0.13524924,-0.09989409,-0.61390424,0.048508294,0.12409397,0.18570828,-1.0253122,0.077750325,-0.30835944,-0.23961714,0.09242269,-0.036414824
48,2648,0.03656861,0.42704028,0.22297066,-0.093783975,0.16631222,-0.29373723,0.62061393,0.055006474,0.013891585,-0.27386045,0.6162189,-0.18322308,0.51482606,-0.08762708,0.322692,0.28828147
48,2650,0.42256486,0.35944277,0.60303193,-0.13209708,0.03839095,0.39521313,0.4981812,0.29812035,-0.40254378,-0.14330052,0.30711162,-0.5273162,0.16514942,-0.0524545,-0.05545083,0.06590995
48,2655,-0.03408152,0.5129336,-0.3821882,0.10581774,0.024060965,-0.16211055,0.7500428,-0.111695,0.056911267,-0.6116805,0.3481075,-0.17160732,0.3659984,0.70405823,0.37503818,0.3806863
48,2659,0.013812333,-0.2206911,-0.04595065,0.39754677,-0.46770677,-0.10740791,-0.2801328,-0.28525954,0.40485948,-0.13087356,-0.6824077,0.080073625,-0.17416254,0.22235799,-0.0886039,0.037603796
48,2660,0.19734234,-0.38786936,-0.41863382,-0.66786337,-0.10922362,0.5709121,-0.30302998,-0.24362805,-0.14427187,0.39374396,0.6133072,0.47183058,-0.7274189,0.35420874,-0.95749915,-0.15094194
48,2661,0.028172225,-0.21459332,0.00662449,0.34020078,-0.42645714,-0.11686884,-0.233264,-0.25147808,0.3936255,-0.13282141,-0.57679003,0.067563385,-0.13463779,0.14794493,-0.06518701,0.01245524
48,2688,-0.032434344,0.488869,-0.37659663,0.10773301,0.008667305,-0.16549863,0.7325108,-0.12039226,0.078492284,-0.6087096,0.33070248,-0.16250478,0.35744715,0.70012796,0.36645037,0.3759168
48,2699,0.17970675,-0.44373798,-0.47914463,-0.79268223,-0.029994026,0.6191879,-0.36561307,-0.23412482,-0.20160066,0.5100043,0.75094503,0.5627525,-0.81036013,0.30079907,-1.0573257,-0.19421151
48,2701,-0.23949996,-0.17749633,-0.07350269,0.3941225,-0.03760478,-0.08871712,-0.6445445,0.09876386,0.06517406,0.24346167,-1.0102957,0.0869475,-0.30922782,-0.3368539,0.10566566,-0.0658687
48,2702,0.64108264,-0.026977569,0.89664066,-0.6386691,0.044701934,1.0061327,-0.15491644,0.5216094,-0.83372617,0.6239804,0.15914983,-0.42973518,-0.45804292,-0.5735022,-0.86901784,-0.31178582
48,2703,0.5035076,0.338714,0.88226604,-0.21431972,0.061284855,0.40670475,0.47613573,0.37700176,-0.450293,-0.04956931,0.4226441,-0.58294475,0.20578973,-0.3366222,-0.09292505,0.022565983
48,2704,0.19661526,0.34854674,0.123030595,-0.028210511,-0.10066319,-0.006689161,0.62045157,-0.0029572966,0.023150869,-0.47345978,0.37652674,-0.2721163,0.29092348,0.32849228,0.18354952,0.23458251
48,2730,0.3564026,-0.16050941,0.48771742,-0.0567761,-0.54242,-0.0018671602,0.19262324,-0.1720254,0.34893048,-0.35051534,0.19083646,-0.17799976,0.17936438,0.11394055,-0.039162155,0.009954989
48,2732,0.38791263,-0.11575791,0.86204815,-0.143311,-0.6186509,-0.3586706,0.36183727,-0.13602285,0.5377031,-0.48165762,0.61422026,-0.18779977,0.52493644,-0.24625996,0.20705086,0.012381539
48,2734,-0.32979715,0.59111845,-0.5630118,0.033704367,0.65284985,-0.13724075,0.4593142,0.12425891,-0.3556096,0.0072478354,0.22819123,-0.08307095,0.36041713,0.34800994,0.3191181,0.2993518
48,2735,0.28139222,-0.61168236,1.1392514,-0.27561212,-0.48440558,-0.5732601,0.008824408,-0.14915003,0.63004184,-0.14784065,0.7844346,0.052562505,0.6639976,-0.7685765,0.29528415,-0.18468577
48,2747,0.3610081,-0.2768121,0.9973624,-0.18754466,-0.57514906,-0.4572056,0.23789376,-0.1220089,0.58130425,-0.3603167,0.66296023,-0.11470168,0.58691055,-0.47096685,0.24973777,-0.053206824
48,2765,0.45505613,0.240844,0.113748826,0.09479948,-0.52183115,0.44716454,0.52719665,-0.11995513,-0.019604087,-0.58354056,-0.018224873,-0.4135121,-0.018261287,0.7845557,-0.13483526,0.1728932
48,2775,-0.19188416,-0.121949494,0.016386017,0.4057926,-0.13290247,-0.15482022,-0.5327126,0.094723046,0.14849441,0.124969214,-0.9191466,0.039790064,-0.25619942,-0.2872801,0.17960519,-0.039077006
48,2776,-0.15574026,-0.22878276,-0.14226285,0.40949506,-0.16578563,-0.00036855042,-0.59203327,-0.051617846,0.12085221,0.18931517,-1.0226868,0.09797284,-0.32329738,-0.070185155,-0.05656574,-0.009379178
48,2782,-0.20796195,-0.17161514,-0.057401806,0.43290365,-0.13541879,-0.10931696,-0.61467755,0.053278506,0.1274107,0.18349633,-1.0239971,0.07732996,-0.30661488,-0.25061038,0.10322624,-0.038528822
48,2790,0.018528283,-0.22493161,0.03244555,0.31137824,-0.3817989,-0.12776385,-0.24761441,-0.2167419,0.3744412,-0.10159058,-0.5420293,0.07441935,-0.12687579,0.052244276,-0.049372256,-0.019370899
48,2793,-0.1973933,0.53752255,-0.3885756,0.016881196,0.51431763,-0.03939058,0.4660934,0.13458245,-0.33587217,-0.049733415,0.21671382,-0.15314916,0.3134799,0.3295719,0.2543336,0.26340473
48,2796,0.25908995,-0.67345494,1.2541218,-0.2575533,-0.4809704,-0.71205276,-0.034518212,-0.14338921,0.6899643,-0.11735338,0.8079507,0.09264216,0.7657154,-0.90848684,0.37853035,-0.18271714
48,2797,-0.17615944,-0.2832107,-0.23782206,0.40264368,-0.16259849,0.023851424,-0.6341535,-0.12736532,0.13789138,0.21529672,-1.0241787,0.16423783,-0.35723782,-0.003373891,-0.13650161,-0.015196748
48,2802,0.40918782,0.21877377,0.06486797,0.14518784,-0.5590514,0.36069605,0.5027735,-0.18332902,0.07950249,-0.622319,-0.053546935,-0.37410897,-0.000801377,0.8299314,-0.09632267,0.1945428
48,2803,-0.61357,0.67551464,-0.87227327,0.05083955,0.97096354,-0.37700975,0.4092091,0.11322611,-0.38735765,0.18351138,0.27044234,0.0809319,0.47400498,0.28500265,0.4438548,0.36243385
48,2807,-0.40680468,-0.23862243,-0.13587946,0.15820417,0.38110542,-0.17462762,-0.6765764,0.21090971,-0.031855077,0.390201,-0.6160303,0.24804887,-0.23451854,-0.7864485,0.20380273,-0.2547185
48,2822,-0.35113358,0.5774777,-0.017649919,-0.15383068,1.1604664,0.034015,0.16625965,0.5426888,-0.88462657,0.7317829,0.2575159,-0.23258866,0.33362943,-0.5455985,0.12912023,0.0881235
48,2823,0.44018942,0.22251303,0.118766025,0.102898076,-0.5336505,0.4083679,0.5127444,-0.1386417,0.0230086,-0.588771,-0.0205049,-0.39788443,-0.006560907,0.77313924,-0.12229282,0.17321575
48,2824,-0.1973933,0.5375225,-0.38857555,0.016881194,0.51431763,-0.03939058,0.46609342,0.13458245,-0.33587217,-0.049733415,0.21671382,-0.15314916,0.31347996,0.3295719,0.2543336,0.26340473
48,2826,-0.45705968,0.5689039,-0.47579128,-0.031276107,0.93460935,-0.22731735,0.30446097,0.23724723,-0.47967696,0.3339949,0.25260004,-0.03089264,0.4077984,-0.027270049,0.30038163,0.2490494
48,2836,0.6057559,0.09773596,0.6088476,-0.35085782,-0.17555954,0.83910567,0.12435067,0.3065985,-0.56718266,0.1552805,0.050729655,-0.4532686,-0.30337554,-0.049518794,-0.604334,-0.12255474
48,2839,0.029282019,-0.12819675,-0.16231537,0.51443136,-0.56377417,-0.030497566,-0.21981868,-0.3352892,0.40719205,-0.23695937,-0.8447504,0.029571936,-0.20917264,0.578709,-0.0948528,0.18447833
48,2844,-0.17298323,-0.27158326,-0.21141598,0.4116103,-0.16783696,0.011587784,-0.63001895,-0.10926159,0.13726696,0.20980445,-1.0330068,0.1491695,-0.34901732,-0.027585357,-0.11296606,-0.015496075
48,2851,-0.18128586,-0.20728092,-0.10773268,0.41860908,-0.14606379,-0.04322414,-0.6102145,-0.0017803321,0.11638179,0.19575164,-1.030169,0.090798944,-0.31954747,-0.15747789,0.010581024,-0.024757095
48,2887,0.41984546,0.35582727,0.84405655,-0.21800949,0.07504758,0.20410332,0.5251376,0.31651497,-0.3229463,-0.097230926,0.5476276,-0.49900848,0.3221748,-0.39522675,0.016420156,0.08117655
48,2890,0.39048305,0.1704629,0.20203844,0.104539506,-0.5846464,0.1859736,0.49276653,-0.19135058,0.19934651,-0.6253648,0.08407339,-0.33033735,0.11994135,0.6381608,-0.016013816,0.17504233
48,2900,-0.25491387,0.55710316,-0.58119226,0.070960835,0.4558823,-0.12346311,0.52944225,0.036248364,-0.22159804,-0.18954127,0.2118944,-0.09178112,0.335492,0.5313605,0.32729536,0.32943222
48,2906,-0.35389304,-0.21460767,0.029542029,0.16187663,0.23614284,-0.3708849,-0.5066631,0.19906797,0.14178297,0.19222966,-0.3345482,0.24406072,-0.070007585,-0.8389822,0.3886636,-0.311073
48,2910,-0.4027499,-0.19667883,0.204452,0.049445685,0.25103074,-0.71113676,-0.3001384,0.2666234,0.33235088,-0.014315575,0.26042625,0.34479704,0.19881915,-1.1394143,0.7515569,-0.49529687
48,2920,0.030741706,-0.20321737,-0.05702719,0.38839036,-0.46234322,-0.061116397,-0.2541369,-0.2780446,0.37834126,-0.13879427,-0.688138,0.05537784,-0.17758521,0.28694955,-0.10828009,0.06386952
48,2924,0.62854207,0.06706357,0.7010282,-0.437108,-0.11577402,0.9144235,0.040867016,0.37898502,-0.66929734,0.29948097,0.06729377,-0.4579711,-0.3608011,-0.20404145,-0.6999727,-0.18283272
48,2925,0.46006706,0.28906167,0.085234545,0.09820481,-0.48664483,0.47657317,0.5699508,-0.093749985,-0.07379022,-0.59530985,0.0016282871,-0.43520015,-0.01485106,0.8106499,-0.11551218,0.1868853
48,2931,-0.15574026,-0.22878277,-0.14226285,0.40949506,-0.16578563,-0.00036855042,-0.59203327,-0.051617842,0.12085221,0.18931517,-1.0226868,0.09797284,-0.32329738,-0.070185155,-0.05656574,-0.009379178
48,2933,-0.38325763,-0.20031749,0.14526093,0.08678502,0.24168858,-0.5911455,-0.36252603,0.24443361,0.26630127,0.050107867,0.06136868,0.30663332,0.11065857,-1.023597,0.62854177,-0.4287255
48,2935,0.03827852,-0.016516939,-0.10506338,0.54137915,-0.6100886,-0.15980329,-0.028567165,-0.33711556,0.51446176,-0.42192966,-0.6756633,-0.00043220818,-0.079533935,0.6355555,0.09129416,0.23318288
48,2944,0.1900434,-0.19666508,-0.19628721,-0.0120062325,-0.4270332,0.28114063,-0.12714887,-0.29229608,0.16470328,-0.08275731,-0.1851646,0.10695177,-0.34980088,0.5672467,-0.46314338,0.06404806
48,2953,-0.355074,-0.7477578,-0.9935376,-0.2710737,0.02537176,0.076101884,-0.5345062,-0.5771771,0.30813503,0.21874818,0.43728736,0.90679,-0.47860682,0.611325,-0.5271837,-0.07368044
48,2967,-0.56249785,0.6579992,-0.80279934,0.04340406,0.93082696,-0.3137939,0.4029807,0.13302594,-0.40778458,0.1802876,0.24996683,0.04219961,0.4431519,0.27470008,0.40946752,0.34047562
48,2971,0.033572704,-0.15352395,-0.15953135,0.4885412,-0.54102325,0.00051905215,-0.24877906,-0.32583353,0.3779437,-0.19556333,-0.84963405,0.031365752,-0.22594972,0.54464954,-0.13425031,0.16542017
48,2992,-0.032434344,0.488869,-0.3765967,0.107733004,0.008667305,-0.16549866,0.7325107,-0.12039226,0.078492284,-0.6087096,0.33070248,-0.16250476,0.35744715,0.70012796,0.36645037,0.3759168
48,2994,0.39325017,0.20918821,0.05057308,0.15255013,-0.55122125,0.34308437,0.48833632,-0.1893015,0.094750546,-0.6157528,-0.067702934,-0.36053967,0.00041247904,0.8283899,-0.08944897,0.19759473
48,2997,0.64108264,-0.026977567,0.89664066,-0.6386691,0.044701934,1.0061327,-0.15491644,0.5216094,-0.83372617,0.6239804,0.1591498,-0.42973518,-0.45804292,-0.5735022,-0.8690178,-0.31178582
48,2999,0.19452477,-0.13249218,-0.14426452,0.19891836,-0.54849625,0.20954792,-0.090094,-0.3198054,0.25283116,-0.22329009,-0.4571711,-0.00079229474,-0.2624759,0.6590532,-0.33695668,0.13236767
48,3013,-0.35560656,0.5317557,-0.52323705,0.019624593,0.6957086,-0.15811302,0.3764329,0.13966393,-0.34905207,0.105942786,0.1928263,-0.05349332,0.34949166,0.23806009,0.28931725,0.27331015
48,3021,0.13877589,-0.48102146,-0.55461764,-0.8728084,0.04332912,0.6205584,-0.39849594,-0.23873559,-0.21656232,0.5787811,0.87692493,0.6542965,-0.8638604,0.27506143,-1.1024572,-0.21532112
48,3032,0.0058332086,-0.2275901,0.016292334,0.33455,-0.3847575,-0.12823887,-0.27725035,-0.21508741,0.37046683,-0.089023545,-0.5910014,0.08036217,-0.14374031,0.05452545,-0.04852985,-0.014488392
48,3046,-0.16564846,-0.3482061,-0.45655233,0.2182913,-0.1453203,0.11989095,-0.5780382,-0.24372447,0.12786418,0.21888769,-0.7205286,0.3265119,-0.4504881,0.21104945,-0.33531162,-0.01853367
48,3048,-0.14963156,-0.40659642,-0.124833286,0.15306295,-0.25334865,-0.26164877,-0.29302996,-0.26498497,0.44168562,-0.08255556,-0.09777376,0.31827602,-0.043237515,0.010927677,0.087869205,-0.11244195
48,3052,-0.28862655,0.58504903,-0.6653684,0.091689005,0.45516264,-0.16549896,0.5669308,0.004412449,-0.19342054,-0.23933485,0.22813156,-0.07039856,0.35585862,0.6034426,0.36784163,0.3610465
48,3055,0.13176529,-0.48240012,-0.5593802,-0.88848025,0.061397865,0.6159894,-0.39479008,-0.23360981,-0.21829088,0.5868523,0.90934783,0.66607535,-0.865489,0.26406714,-1.1001109,-0.21755919
48,3060,0.5045368,0.25483721,0.23625204,0.009654049,-0.403697,0.5440914,0.49528968,0.020605508,-0.18146949,-0.44525534,0.005827971,-0.45983547,-0.048112176,0.58785427,-0.19218907,0.12604316
48,3063,0.38619462,0.032695852,0.59465456,-0.047711153,-0.6185707,-0.1670988,0.44739205,-0.16155896,0.4298314,-0.5724493,0.42927477,-0.24932186,0.37903768,0.110954866,0.12827966,0.08853116
48,3064,0.13885264,0.4393413,-0.042472392,0.0264648,0.02319263,0.08334716,0.6326513,0.03923368,-0.122688845,-0.42656788,0.285013,-0.30579096,0.25844157,0.4575098,0.1915636,0.25784883
48,3079,-0.18715736,0.46150422,0.20034993,-0.16840293,0.965728,0.1645728,0.13053131,0.5441595,-0.8306227,0.67844975,0.191605,-0.30451274,0.2469729,-0.56975067,0.0247323,0.030890912
48,3094,0.23911633,-0.26447192,-0.25764883,-0.4022684,-0.25463897,0.4684971,-0.15360555,-0.23486316,-0.03285888,0.14357328,0.3064062,0.2501163,-0.5205973,0.43889728,-0.7208724,-0.059802957
48,3103,0.14714247,-0.46876132,-0.51588213,-0.8628633,0.043273777,0.6099353,-0.38034692,-0.22570619,-0.21141215,0.5643115,0.87157744,0.6274651,-0.8349551,0.25447342,-1.0740867,-0.21328369
48,3109,0.44527102,0.23821203,0.10712154,0.09311405,-0.50237346,0.44263625,0.5210743,-0.11253096,-0.022977486,-0.5711486,-0.021164812,-0.40749294,-0.01680775,0.7729144,-0.12942503,0.17303392
48,3123,0.3610081,-0.2768121,0.9973624,-0.18754466,-0.57514906,-0.45720547,0.23789376,-0.1220089,0.5813043,-0.3603167,0.66296023,-0.11470168,0.5869105,-0.47096685,0.24973777,-0.05320681
48,3134,-0.58833015,0.65033466,-0.84960526,0.052753415,0.9230673,-0.37233883,0.4076983,0.09658821,-0.35161328,0.1553415,0.2617489,0.08076948,0.46464002,0.2983845,0.43319994,0.35981488
48,3142,0.08295752,-0.028253283,-0.123642355,0.5067919,-0.6222659,-0.05292599,-0.035550997,-0.34643137,0.4563238,-0.403562,-0.69705075,-0.03016211,-0.11518113,0.70489347,-0.0089253485,0.23932406
48,3145,0.45511556,0.2829622,0.08829085,0.09512371,-0.47721335,0.47063607,0.5625309,-0.089743406,-0.071473435,-0.58567095,0.0006422773,-0.43040127,-0.013218053,0.7961627,-0.11394894,0.18466803
48,3151,-0.16531208,-0.21629871,-0.12731466,0.41187605,-0.1547069,-0.012708187,-0.5981227,-0.026328553,0.11325958,0.19340509,-1.0293852,0.09056553,-0.32278675,-0.10321459,-0.028700665,-0.013102107
48,3155,0.6129396,-0.023673609,0.91205496,-0.6124967,0.056557238,0.90260684,-0.10971701,0.49922574,-0.74649394,0.5615406,0.2177253,-0.42062485,-0.37691462,-0.58257663,-0.7733245,-0.28745
48,3187,-0.50543255,-1.0237789,-1.206063,-0.57796085,0.13601431,-0.09375946,-0.45065376,-0.75434494,0.50529176,0.14384258,1.3104085,1.2491742,-0.343206,0.7509961,-0.44735748,-0.14734405
48,3197,0.30540675,0.40081477,0.32644257,-0.06340972,0.026846647,0.26255924,0.5670446,0.1856209,-0.2834881,-0.27586406,0.3054048,-0.43761247,0.20757851,0.1737808,0.053769298,0.15161422
48,3199,-0.2730253,0.56222355,-0.6371306,0.09206796,0.40986288,-0.1920548,0.5739738,-0.01834366,-0.141472,-0.27117282,0.24182042,-0.0615424,0.36415625,0.5971773,0.3720588,0.36563957
48,3208,0.08271034,-0.028725611,-0.13264993,0.5176373,-0.63547504,-0.05169739,-0.041879565,-0.35626894,0.46116418,-0.40791893,-0.7134926,-0.028288588,-0.121420056,0.7213226,-0.014335841,0.24342549
48,3214,-0.21215811,-0.1294154,0.0020483285,0.42257696,-0.1251525,-0.16224708,-0.57193637,0.09908723,0.14236493,0.14782083,-0.96229255,0.05215521,-0.27322775,-0.31128898,0.18362847,-0.04556019
48,3228,-0.3307433,-0.20599648,0.042377695,0.15400279,0.21550995,-0.3588817,-0.47022435,0.19260776,0.14793713,0.16723263,-0.3091595,0.22798103,-0.056556515,-0.7988334,0.38186002,-0.29878142
48,3231,-0.49208772,-0.2567735,-0.15000087,0.18794927,0.45580518,-0.24425302,-0.79703605,0.25920236,-0.050900817,0.46893963,-0.6869907,0.29508886,-0.2628891,-0.97071636,0.26919916,-0.30951118
48,3255,0.38485086,0.17932712,0.1435731,0.12214334,-0.56286335,0.23922367,0.4836281,-0.18898174,0.16377163,-0.61382395,0.023313828,-0.33662575,0.07533653,0.7009165,-0.041305274,0.18309194
48,3267,0.46572596,0.2787788,0.12387753,0.073091134,-0.44697586,0.48705602,0.54750663,-0.055999145,-0.102842495,-0.54807836,0.0034258142,-0.43675876,-0.019656051,0.7392661,-0.12861001,0.17045382
48,3282,-0.463332,0.6153978,-0.666326,0.02893508,0.8318692,-0.23535548,0.40192,0.14595291,-0.39944738,0.14714897,0.23679486,-0.0123459995,0.4047349,0.2522023,0.35679156,0.30968258
48,3290,0.0022151172,-0.22569044,0.009156883,0.3383591,-0.37807503,-0.11901204,-0.28506225,-0.20871079,0.35980642,-0.08117141,-0.60815567,0.07871619,-0.15098636,0.0598761,-0.049971074,-0.009821497
48,3291,-0.16531208,-0.21629871,-0.12731466,0.41187605,-0.1547069,-0.012708187,-0.5981227,-0.026328553,0.11325958,0.19340509,-1.0293852,0.09056553,-0.32278675,-0.10321459,-0.028700665,-0.013102107
48,3292,-0.19814444,-0.19446601,-0.09033039,0.43009964,-0.14000927,-0.07202466,-0.6245997,0.023614928,0.11821416,0.19804019,-1.0426593,0.0881398,-0.31996423,-0.20368445,0.05059568,-0.032071806
48,3298,-0.18990651,-0.40752906,-0.6174491,0.12154917,-0.13128777,0.15729813,-0.5996933,-0.3186734,0.12854186,0.25077376,-0.563257,0.45759133,-0.5344743,0.3127781,-0.45037043,-0.03141261
48,3314,0.55555665,0.03337884,0.8154522,-0.49839714,0.020041317,0.7496273,0.026968747,0.42168725,-0.60248053,0.36535624,0.23298225,-0.41780883,-0.24290042,-0.4384742,-0.5902289,-0.19733727
48,3324,0.45193845,0.2800666,0.08052019,0.10027955,-0.48773593,0.46588176,0.561993,-0.10010788,-0.06093979,-0.59305876,-0.0033570603,-0.42735004,-0.013309117,0.8093922,-0.1134986,0.18703648
48,3347,0.3875262,0.05716239,0.54351187,-0.022062194,-0.6281632,-0.13262714,0.4640088,-0.1741912,0.41078532,-0.59654737,0.3939424,-0.2602584,0.35469818,0.18870062,0.11871687,0.104027405
48,3356,0.22651768,-0.75686634,1.2985964,-0.26738322,-0.46134517,-0.7782772,-0.083842814,-0.15473868,0.72094584,-0.07469998,0.84353304,0.14633563,0.8124005,-0.996187,0.41446128,-0.20875469
48,3366,-0.23165071,-0.15600963,-0.040403917,0.4165757,-0.08372978,-0.13005255,-0.6205939,0.09725198,0.10564908,0.20032933,-1.0020281,0.07394886,-0.2969457,-0.32803753,0.14588338,-0.056802966
48,3373,-0.42534584,0.53687704,-0.4279492,-0.03521271,0.897353,-0.19882576,0.28622565,0.23927107,-0.46822506,0.33356854,0.23041892,-0.04316084,0.38578886,-0.040466845,0.27386832,0.2333675
48,3378,-0.19142914,-0.35659504,-0.46126533,0.26201168,-0.14887416,0.09916546,-0.63659155,-0.23862557,0.12906818,0.24491605,-0.8074581,0.33358374,-0.4678704,0.17199996,-0.31891805,-0.02526357
48,3392,-0.2546302,-0.17687733,-0.03900723,0.3494884,0.018525869,-0.13802226,-0.6163883,0.1283443,0.07263967,0.23610413,-0.8876753,0.10452476,-0.26494753,-0.44623026,0.15762064,-0.110211305
48,3403,-0.35055363,-0.20930457,0.05200155,0.14670926,0.22921991,-0.40225095,-0.46910283,0.20386212,0.16430128,0.15934524,-0.26010844,0.24862877,-0.035281017,-0.85221446,0.42535794,-0.32551718
48,3411,0.025827661,-0.14908932,-0.16778189,0.51035374,-0.55818963,-0.019055352,-0.25171122,-0.33744186,0.3967265,-0.20898494,-0.865538,0.038242787,-0.22590517,0.5577265,-0.11988479,0.17167422
48,3418,0.49951696,0.12613484,0.7102527,-0.40603077,-0.02064833,0.5703434,0.19935599,0.33315265,-0.46358973,0.14832667,0.32532188,-0.40683493,-0.09908149,-0.289323,-0.40105167,-0.09809207
48,3420,-0.45346248,0.5888444,-0.5753978,0.0013909806,0.8456145,-0.27687466,0.37907764,0.15752481,-0.38091707,0.18847117,0.27743015,-0.0029013157,0.43070275,0.13315664,0.34869906,0.29677403
48,3422,0.19734234,-0.38786936,-0.41863394,-0.6678633,-0.10922362,0.5709121,-0.30302998,-0.24362805,-0.1442719,0.39374396,0.6133073,0.47183052,-0.7274189,0.35420874,-0.95749915,-0.15094197
48,3433,0.30799234,0.27273053,0.3558009,-0.17040683,-0.07183391,0.17910345,0.4846917,0.11961708,-0.13977872,-0.26019078,0.39047918,-0.32244033,0.17133288,0.08705905,-0.008429706,0.11777877
48,3453,-0.49338764,-1.0130992,-1.2241573,-0.5798449,0.14108112,-0.05741225,-0.45505753,-0.7508267,0.48345596,0.15630332,1.2832854,1.2420315,-0.37207133,0.7869575,-0.48371148,-0.12631994
48,3456,0.18141675,-0.10387538,-0.14178675,0.30163512,-0.60467255,0.16187038,-0.08124548,-0.3425433,0.30473107,-0.28665853,-0.57287157,-0.02834858,-0.23113684,0.7090287,-0.2722053,0.1665674
48,3460,0.016093284,-0.2312072,0.027495593,0.3214331,-0.39701447,-0.1378705,-0.25573534,-0.2313449,0.38821292,-0.10481136,-0.5514473,0.0823611,-0.13006796,0.05691299,-0.052339703,-0.02090104
48,3463,-0.41215414,-0.87638813,-1.1380594,-0.44336227,0.08726445,0.049200803,-0.4872248,-0.6758921,0.37804824,0.19499388,0.86505103,1.0795254,-0.44993705,0.74340296,-0.5560563,-0.08793443
48,3480,-0.38532203,-0.19020095,0.2214019,0.032816153,0.23992047,-0.71517664,-0.25843635,0.26250836,0.34605944,-0.04341741,0.3162288,0.33785835,0.22214285,-1.1215794,0.7589543,-0.49449942
48,3489,-0.1870637,-0.1220278,0.016477004,0.40483743,-0.13816246,-0.15150158,-0.5267174,0.09031788,0.15084475,0.120485514,-0.91547924,0.03818223,-0.25486517,-0.27643403,0.17505991,-0.03628715
48,3490,-0.47480345,0.60346997,-0.57416195,-0.0069180843,0.8986682,-0.27929443,0.36681962,0.18196373,-0.42035878,0.23584107,0.28418732,-0.0038808286,0.4379006,0.08992198,0.3501556,0.29136053
48,3510,0.6055721,0.07221297,0.645194,-0.38774627,-0.14292805,0.85914093,0.07549298,0.33631775,-0.5993382,0.2269876,0.049293824,-0.44482288,-0.32686317,-0.12704855,-0.6431246,-0.1493823
48,3532,0.5976377,0.07410896,0.62629724,-0.3705539,-0.15235434,0.83924943,0.088046305,0.32147604,-0.5745381,0.20123282,0.04387685,-0.4403815,-0.31440175,-0.100509256,-0.6227323,-0.13760284
48,3563,-0.32774127,-0.17545366,0.1799619,0.11882244,0.16772825,-0.552475,-0.34084126,0.23067117,0.27137846,0.025541544,-0.012345858,0.25217086,0.09499562,-0.9445281,0.59001124,-0.38342476
48,3570,-0.32382697,-0.19612537,0.086343884,0.12084011,0.20154953,-0.42262673,-0.3918493,0.20043308,0.1947811,0.0990628,-0.15242183,0.23949549,0.015369458,-0.8236388,0.456097,-0.328732
48,3580,-0.2011325,-0.16167046,-0.038628742,0.42234245,-0.1344735,-0.11809154,-0.590683,0.06151262,0.13272303,0.16817048,-0.99048144,0.06864673,-0.2919258,-0.25872478,0.11837893,-0.039619006
48,3585,0.4440319,0.34689248,0.85656375,-0.21829543,0.07632485,0.26645526,0.50380456,0.33582246,-0.36218244,-0.07487944,0.5060435,-0.52289003,0.2839588,-0.383315,-0.019827388,0.061845966
48,3603,-0.18129611,-0.12779832,0.013480142,0.38304022,-0.11655271,-0.13131191,-0.51724935,0.09409915,0.13366173,0.12993696,-0.89172745,0.037521034,-0.24946041,-0.2801704,0.15945116,-0.040583648
48,3604,-0.36894727,-0.21282418,0.0620708,0.1406602,0.24056724,-0.44485188,-0.46853718,0.21363327,0.18116556,0.15141222,-0.2138335,0.26862875,-0.014801044,-0.90401506,0.46730238,-0.3512167
48,3611,-0.20847741,-0.14825608,-0.024310216,0.43324122,-0.14033194,-0.14176716,-0.5912136,0.07355071,0.14247264,0.15875763,-0.99525505,0.0634823,-0.28935933,-0.27616867,0.14769897,-0.03965605
48,3630,0.033360243,-0.05232986,-0.122831255,0.5337828,-0.5911157,-0.11846574,-0.09503552,-0.33138752,0.47575146,-0.35445163,-0.7388792,0.009612322,-0.12604676,0.6150501,0.031453334,0.21894032
48,3635,-0.21662912,0.5476356,-0.44107765,0.029904176,0.51151055,-0.058413282,0.48033357,0.1151483,-0.31803566,-0.0753103,0.21551043,-0.1385514,0.3193885,0.37599668,0.27287713,0.27921104
48,3645,-0.005044684,0.4513296,-0.3420722,0.09837226,0.014768854,-0.08417709,0.67276895,-0.09092966,0.03735721,-0.5501933,0.26367268,-0.18221666,0.3043831,0.6801017,0.30696514,0.34485897
48,3646,0.2917462,-0.56378186,1.061781,-0.25680238,-0.48817742,-0.49819535,0.027148277,-0.15074705,0.5896274,-0.1659639,0.71797097,0.02594547,0.6037577,-0.665357,0.24717864,-0.1655094
48,3656,-0.19710174,-0.2213211,-0.1317144,0.4402225,-0.1503576,-0.045358002,-0.65023565,-0.013385661,0.11697771,0.21582302,-1.0802201,0.10736352,-0.3401509,-0.1587719,-0.00043419749,-0.02713696
48,3674,-0.20294735,0.50085163,-0.483415,0.071089126,0.31400517,-0.20906712,0.57024163,-0.031309925,-0.06609008,-0.299229,0.27467743,-0.073989384,0.37035167,0.50781596,0.3501423,0.34918487
48,3683,0.32761884,-0.49519306,1.2187498,-0.24662457,-0.5793917,-0.6595173,0.11738275,-0.1481166,0.69092643,-0.26701513,0.83584684,-0.005490735,0.74334055,-0.76601803,0.35187146,-0.13243142
48,3688,0.3863684,-0.12845632,0.885542,-0.15571766,-0.6107702,-0.37288278,0.3526214,-0.12828754,0.54395986,-0.46719506,0.6285618,-0.18188035,0.5352635,-0.28456435,0.21048161,0.00446447
48,3692,-0.30311155,-0.18396828,0.06943618,0.2341121,0.100884795,-0.36541826,-0.49054304,0.18048719,0.17796913,0.13636321,-0.4384677,0.19385245,-0.07919948,-0.7279049,0.3883035,-0.26289102
48,3695,-0.46730667,-0.9283553,-0.7316172,-0.4287178,0.08595851,-0.3645745,-0.31565663,-0.5898908,0.62939405,-0.019521892,1.2834237,1.0095717,-0.008489244,0.35039455,-0.0144360885,-0.20402172
48,3702,-0.49536753,0.5821386,-0.7117106,0.038600557,0.8106559,-0.32468438,0.39210492,0.09072206,-0.3019578,0.119840205,0.24646065,0.04879512,0.43192005,0.2641684,0.3817133,0.33116674
48,3703,-0.51872855,0.60186523,-0.7413781,0.039963797,0.84298223,-0.33929956,0.39749986,0.09456386,-0.3170923,0.13141796,0.256261,0.056059018,0.44362402,0.26499802,0.3958138,0.33829275
48,3719,0.021588355,-0.1872272,-0.13233066,0.46946192,-0.5239544,-0.03354597,-0.28476015,-0.32043815,0.38751233,-0.16106454,-0.8249333,0.05523376,-0.22391291,0.4380461,-0.13240053,0.12069498
48,3725,-0.32461798,-0.65845925,-0.87991613,-0.1310988,-0.020837948,0.08166549,-0.5914813,-0.4970653,0.25952026,0.2442599,0.10168233,0.7816154,-0.5003179,0.4957239,-0.4890819,-0.06459295
48,3741,0.45512414,0.3482018,0.70326513,-0.15978505,0.047540262,0.4147598,0.48163128,0.3316676,-0.42985654,-0.10022201,0.33259305,-0.55061936,0.16785719,-0.15118876,-0.079517834,0.043775294
48,3742,0.55555665,0.03337884,0.8154522,-0.49839714,0.020041317,0.74962723,0.026968747,0.42168725,-0.60248053,0.36535618,0.23298225,-0.41780883,-0.24290042,-0.4384742,-0.590229,-0.19733727
48,3746,0.5360921,0.22834755,0.3247016,-0.050502717,-0.3679548,0.6104617,0.43293273,0.084716044,-0.26087856,-0.33861917,-0.0010999516,-0.47459966,-0.089242876,0.45944947,-0.26505798,0.081980504
48,3756,-0.37073582,-0.1772734,0.2508191,0.050616678,0.2180143,-0.7180132,-0.2612721,0.27036077,0.34866205,-0.046764508,0.28154597,0.3150184,0.21676625,-1.1336898,0.7612034,-0.4850504
48,3764,-0.20532143,-0.1307776,0.0035561323,0.40996164,-0.11827648,-0.15292586,-0.55934036,0.09855755,0.13756569,0.14636692,-0.9422298,0.049874708,-0.2669993,-0.3074282,0.17583123,-0.046218477
48,3776,0.19661526,0.34854674,0.12303059,-0.028210511,-0.10066319,-0.006689161,0.62045157,-0.0029572966,0.023150869,-0.47345978,0.37652668,-0.27211627,0.29092348,0.32849228,0.18354952,0.23458251
48,3784,0.4438386,0.24957664,0.094928764,0.098061636,-0.49989238,0.44495398,0.53259975,-0.11272485,-0.028885812,-0.58023703,-0.017472036,-0.41098332,-0.014725305,0.7875885,-0.12205405,0.17855479
48,3789,-0.28712314,-0.20290032,-0.0068027526,0.188781,0.19165176,-0.21760963,-0.5161524,0.16128126,0.08196074,0.22504154,-0.51397336,0.17233112,-0.14870252,-0.6554494,0.23394859,-0.21774155
48,3791,0.16157803,-0.065406896,-0.10021025,0.41966635,-0.6413628,0.07824922,-0.048960418,-0.35014716,0.37524647,-0.36192745,-0.67328554,-0.07233012,-0.15975116,0.72414505,-0.15384082,0.21133557
48,3795,0.426166,0.22376989,0.08771794,0.12677814,-0.55130523,0.38712496,0.5110278,-0.16394432,0.05072195,-0.6109201,-0.038185894,-0.38766015,-0.0050157234,0.81116116,-0.10981307,0.18561621
48,3797,-0.5651733,0.675816,-0.8021196,0.040663954,0.9496792,-0.30776286,0.41125554,0.14534229,-0.432378,0.18916324,0.26091236,0.033414096,0.4477209,0.2670974,0.4130047,0.34075332
48,3799,0.00944525,0.48011404,-0.27050427,0.0913964,-0.044407144,-0.1984119,0.7622379,-0.12638122,0.119471595,-0.6470295,0.39456132,-0.17854007,0.38903695,0.6355282,0.37648886,0.36982062
48,3805,0.1887872,-0.15379806,-0.1717113,0.15047686,-0.5254735,0.22709036,-0.111727595,-0.32324117,0.23475423,-0.18440676,-0.39455482,0.037724316,-0.2958961,0.64824766,-0.37703565,0.11705417
48,3811,-0.40680474,-0.23862243,-0.13587949,0.15820418,0.38110536,-0.17462765,-0.6765764,0.21090971,-0.031855077,0.390201,-0.6160303,0.24804887,-0.23451854,-0.7864485,0.20380273,-0.2547185
48,3818,-0.22522879,0.5461858,-0.48457557,0.043672483,0.48723418,-0.076389894,0.4936492,0.08760153,-0.28297663,-0.11402003,0.21010119,-0.12314332,0.32149613,0.42922765,0.28713885,0.29398465
48,3840,-0.18550384,-0.2861215,-0.24216583,0.41315073,-0.16250958,0.016826153,-0.6525444,-0.12567334,0.13801196,0.22388646,-1.045747,0.16969204,-0.36467403,-0.015820742,-0.1319184,-0.018265001
48,3852,0.25021106,-0.23195751,-0.21226692,-0.33695987,-0.2850897,0.44333136,-0.11266479,-0.2257299,-0.0076632947,0.081303656,0.2266511,0.18962991,-0.46385962,0.45326194,-0.65748423,-0.037756108
48,3854,0.49113137,0.28009415,0.16978744,0.04872375,-0.43495342,0.5227818,0.5378393,-0.022641089,-0.14643864,-0.51531583,0.0058089867,-0.45613086,-0.03429646,0.69063675,-0.1577045,0.15395495
48,3857,0.13877589,-0.48102146,-0.5546177,-0.87280834,0.04332912,0.6205584,-0.39849594,-0.23873559,-0.21656232,0.5787811,0.87692493,0.6542965,-0.8638604,0.27506143,-1.1024572,-0.21532112
48,3863,-0.45744973,-0.22624336,-0.08807263,0.1841918,0.43505704,-0.2475925,-0.74683166,0.28515518,-0.04954897,0.43613502,-0.66021323,0.24696615,-0.23529334,-0.97514343,0.29543272,-0.29857343
48,3868,-0.4256183,0.6026499,-0.18593296,-0.12127811,1.1683226,-0.056166157,0.19816184,0.4760724,-0.81193143,0.66574454,0.26227236,-0.16618696,0.36813855,-0.42245683,0.1933417,0.13733396
48,3882,0.14714248,-0.46876132,-0.5158822,-0.8628633,0.043273777,0.6099353,-0.38034692,-0.22570619,-0.21141215,0.5643115,0.87157744,0.6274651,-0.8349551,0.25447342,-1.0740867,-0.21328369
48,3887,0.62536585,0.0414742,0.7349737,-0.4730038,-0.08305207,0.92774355,-0.005873993,0.40579814,-0.69574445,0.3677539,0.07084102,-0.44750813,-0.38096815,-0.2802889,-0.7338749,-0.20814502
48,3894,-0.13131258,0.51765895,-0.19356552,0.0016731385,0.25169626,-0.34657848,0.6618884,-0.018227138,0.011070199,-0.33928287,0.5173557,-0.09823455,0.50447446,0.23747936,0.40929744,0.3609422
48,3896,0.45193845,0.2800666,0.08052019,0.10027955,-0.48773593,0.4658817,0.561993,-0.10010788,-0.06093979,-0.59305876,-0.0033570603,-0.42735004,-0.013309117,0.8093922,-0.1134986,0.18703648
48,3910,0.5748795,0.15884085,0.4761997,-0.2229351,-0.26040542,0.7464753,0.25943393,0.20908906,-0.44130468,-0.05836004,0.029894061,-0.4621657,-0.21631248,0.17932299,-0.46251303,-0.033845775
48,3922,0.03827852,-0.016516937,-0.10506341,0.5413791,-0.6100885,-0.15980329,-0.028567165,-0.33711556,0.51446176,-0.42192966,-0.6756633,-0.00043220818,-0.07953394,0.6355555,0.09129416,0.2331829
48,3923,-0.53612125,-0.26198453,-0.14663035,0.20635547,0.49533266,-0.2861569,-0.8606365,0.2925945,-0.06199111,0.5101836,-0.72700334,0.3136327,-0.27530682,-1.0810039,0.31271195,-0.33972174
48,3932,-0.40075386,-0.18308355,0.2689693,0.028315688,0.24496806,-0.79075605,-0.245976,0.28782335,0.37800765,-0.066753626,0.38848767,0.3503187,0.2604913,-1.2204129,0.83552784,-0.53133637
48,3948,-0.3420925,-0.17295529,0.2258649,0.07510296,0.1909033,-0.6401077,-0.28101355,0.2506083,0.31664807,-0.02368617,0.1652686,0.28078473,0.16837333,-1.0384934,0.68202525,-0.43605486
48,3950,-0.21674606,0.5500758,-0.43707114,0.05325906,0.32954073,-0.3032663,0.6352403,-0.033773456,-0.04425089,-0.32297605,0.39479718,-0.06676029,0.44956458,0.43073237,0.41138244,0.37638712
48,3952,-0.385082,-0.23867704,-0.13273752,0.15668544,0.35341984,-0.1646926,-0.6496813,0.1905335,-0.017132461,0.3673297,-0.59957296,0.2410506,-0.227794,-0.7399559,0.18683791,-0.24282554
48,3954,0.37861615,-0.2088849,0.97674876,-0.18225206,-0.6044217,-0.44195718,0.29898357,-0.12480649,0.58032435,-0.4178439,0.6784161,-0.14598577,0.5844412,-0.41569552,0.24319729,-0.030664176
48,3955,-0.21002752,0.5307708,-0.44976473,0.037209492,0.48022014,-0.060843095,0.47887453,0.0966995,-0.2874391,-0.09898569,0.20194444,-0.13112147,0.31186312,0.40314913,0.270635,0.28209472
48,3957,-0.3904224,-0.17803127,0.28670353,0.009965559,0.24388003,-0.80189466,-0.2107828,0.2889869,0.39000672,-0.08998627,0.44766548,0.3478001,0.28453392,-1.2227008,0.84996974,-0.5370143
48,3960,-0.038413048,-0.23283999,-0.06620999,0.41099185,-0.37764135,-0.08177833,-0.38982603,-0.20318623,0.32016307,-0.023763835,-0.7983925,0.09102604,-0.22372629,0.10927263,-0.07162619,0.021158531
48,3963,-0.18573397,0.5162263,-0.38905388,0.023504587,0.4801864,-0.03180413,0.4597145,0.11993746,-0.3097431,-0.06892459,0.19635871,-0.150171,0.29966944,0.3534168,0.24567178,0.26208964
48,3964,-0.14547408,0.5340033,-0.22336626,0.0056033465,0.2708005,-0.34782517,0.66834736,-0.016441667,-0.002922833,-0.33771342,0.51778007,-0.09619973,0.50747955,0.25473067,0.41760594,0.36648944
48,3972,-0.3179865,-0.22437759,-0.07379618,0.20170489,0.2343117,-0.16819559,-0.59813225,0.15366825,0.035803102,0.29955116,-0.6273036,0.19124073,-0.21147326,-0.6516508,0.17426234,-0.20754248
48,3997,-0.47302765,-0.23329055,-0.100220144,0.18881896,0.44710833,-0.25419575,-0.76995397,0.28673202,-0.052826732,0.4514462,-0.6749767,0.25988868,-0.24378847,-0.995226,0.29814693,-0.3062763
48,3998,-0.163254,-0.30023295,-0.29780778,0.33466157,-0.15656242,0.058294453,-0.5926074,-0.16554028,0.13734068,0.20380515,-0.90407616,0.2075128,-0.37245208,0.0755882,-0.19938998,-0.012894146
48,4010,-0.54574066,0.61893964,-0.7854674,0.046737786,0.88831955,-0.31107593,0.38319036,0.11537766,-0.3674388,0.16820541,0.22504225,0.050583035,0.42714518,0.2804356,0.3929498,0.33397698
48,4029,0.3968433,-0.03795183,0.7495084,-0.10776384,-0.6257551,-0.26848704,0.40893722,-0.14486311,0.49066556,-0.530066,0.5431546,-0.22562543,0.45779467,-0.085875005,0.16725841,0.046520323
48,4033,0.03397268,-0.063717835,-0.13050848,0.52829397,-0.5831106,-0.09795727,-0.11442801,-0.32929885,0.45916808,-0.3327995,-0.7573892,0.010602698,-0.14130291,0.6127329,0.0077090487,0.21492323
48,4053,0.42256486,0.35944277,0.60303193,-0.13209708,0.03839095,0.39521316,0.4981812,0.29812035,-0.40254378,-0.14330052,0.30711162,-0.5273162,0.16514942,-0.05245453,-0.055450827,0.06590996
48,4057,0.32761884,-0.49519306,1.2187498,-0.24662457,-0.5793917,-0.6595173,0.11738275,-0.14811662,0.6909264,-0.26701513,0.83584684,-0.005490735,0.74334055,-0.76601803,0.35187146,-0.13243142
48,4060,-0.2822237,0.55082524,-0.48213077,0.023023259,0.6017376,-0.10882722,0.44157386,0.12753356,-0.33604908,0.0030028075,0.21571168,-0.10053023,0.34079927,0.31495905,0.28709778,0.27942458
48,4076,0.18434295,-0.43121833,-0.46097308,-0.7710214,-0.038285702,0.6118742,-0.35141173,-0.22843203,-0.1952671,0.49093947,0.721925,0.5400516,-0.79120904,0.3016923,-1.035895,-0.18751568
48,4084,-0.35560656,0.5317556,-0.523237,0.01962459,0.6957086,-0.15811302,0.3764329,0.13966393,-0.34905207,0.105942786,0.1928263,-0.05349332,0.34949166,0.23806009,0.28931725,0.27331015
48,4091,-0.3976416,-0.20435084,-0.052856848,0.1664611,0.38542688,-0.21615608,-0.6598866,0.2692248,-0.035224184,0.3779585,-0.60599643,0.20319486,-0.206635,-0.88178563,0.27389583,-0.2665383
48,4092,-0.26242796,0.5467246,-0.6400673,0.09548338,0.39854085,-0.15938292,0.5560069,-0.015904654,-0.14804141,-0.26617852,0.2075921,-0.06755864,0.33954722,0.6165494,0.35184836,0.35591602
48,4094,0.43239725,0.23138534,0.087272055,0.12786198,-0.55769944,0.39473674,0.52020943,-0.16471507,0.044973187,-0.6192398,-0.03423249,-0.39401436,-0.005828228,0.82200265,-0.11089875,0.18727374
48,4107,-0.054306448,-0.24991369,0.014403939,0.3330615,-0.35098106,-0.19028406,-0.31919822,-0.17096671,0.3616435,-0.07331279,-0.5503443,0.12434384,-0.10850474,-0.03680983,0.06488379,-0.050979145
48,4119,0.552123,0.20888402,0.37417614,-0.10505614,-0.3361909,0.66160095,0.3795127,0.12623797,-0.32435107,-0.2502625,0.005032994,-0.47461382,-0.13198325,0.37295783,-0.33124486,0.04444285
48,4158,-0.5956774,0.65962446,-0.85786957,0.05236133,0.93236595,-0.38470024,0.4150222,0.09529708,-0.35192645,0.15367582,0.27387127,0.084632844,0.47430325,0.29720306,0.44198596,0.3648916
48,4172,0.38168985,0.07366399,0.4903525,0.0003263387,-0.6205995,-0.09730311,0.46845156,-0.1790126,0.38698828,-0.6031424,0.3486098,-0.2650527,0.3265317,0.25200272,0.10592083,0.11688559
48,4179,0.16775057,-0.4609239,-0.50276375,-0.8340863,0.0014201999,0.62624544,-0.38145432,-0.23206303,-0.21410556,0.5448971,0.808374,0.59854925,-0.83327454,0.28272077,-1.0813352,-0.2071203
48,4185,-0.2954015,-0.18626128,0.024853915,0.2829413,0.07358517,-0.29112053,-0.5528327,0.16229905,0.14077663,0.18059531,-0.6140419,0.16987509,-0.15134318,-0.64040804,0.30978465,-0.21333173
48,4190,0.4438386,0.24957667,0.094928764,0.098061636,-0.49989238,0.44495398,0.53259975,-0.11272485,-0.028885812,-0.58023703,-0.017472036,-0.41098332,-0.014725305,0.7875886,-0.12205405,0.17855479
48,4195,0.34854484,-0.039477576,0.09616278,0.085405745,-0.5682133,0.2809962,0.1380578,-0.22292118,0.18420206,-0.34752256,-0.24716762,-0.19654748,-0.10754503,0.58094764,-0.27766192,0.103922814
48,4201,0.029238254,-0.19812572,-0.10368377,0.42866167,-0.49529615,-0.030626535,-0.2755014,-0.30328357,0.3749345,-0.14470667,-0.76995283,0.053276613,-0.20997156,0.3804165,-0.13659284,0.09632923
48,4217,-0.3224244,0.57674336,-0.5545394,0.03438712,0.63590986,-0.13636775,0.45291775,0.117728986,-0.34006113,0.0014226288,0.22015446,-0.080582626,0.35501897,0.3496024,0.3131695,0.2969012
48,4230,0.03397268,-0.063717835,-0.13050848,0.52829397,-0.5831106,-0.09795727,-0.11442801,-0.32929885,0.45916808,-0.3327995,-0.7573892,0.010602698,-0.14130291,0.6127329,0.0077090487,0.21492323
48,4241,0.024812415,-0.2265208,0.034044534,0.306352,-0.3885622,-0.12525325,-0.23812115,-0.22497919,0.37907708,-0.10773583,-0.53036106,0.0735226,-0.122947976,0.0625502,-0.05604166,-0.018790811
48,4256,0.022375315,-0.22200924,0.020670429,0.32922196,-0.41261163,-0.13372914,-0.23821643,-0.24315004,0.39598024,-0.12339775,-0.55344266,0.076225996,-0.12733416,0.09977172,-0.053930677,-0.005501561
48,4263,0.633899,-0.037511013,0.92914766,-0.6595524,0.073807865,0.98404056,-0.1675052,0.5334386,-0.82756513,0.6496947,0.1956132,-0.42231026,-0.44542712,-0.62858534,-0.86022764,-0.3236104
48,4271,-0.21674606,0.5500758,-0.43707114,0.05325906,0.32954073,-0.3032663,0.6352403,-0.03377346,-0.04425089,-0.32297605,0.39479718,-0.06676029,0.44956458,0.43073237,0.41138244,0.37638712
48,4285,-0.049749702,-0.23746558,-0.0521228,0.39509425,-0.36140674,-0.102258995,-0.3868762,-0.18397346,0.31653416,-0.023687959,-0.75514114,0.10052079,-0.20102203,0.06640266,-0.032641176,0.0040536597
48,4327,-0.2524393,0.57569826,-0.53125817,0.049286578,0.51688963,-0.09653424,0.511901,0.08536415,-0.29453516,-0.11807743,0.22585988,-0.11462101,0.3377875,0.45006943,0.31050327,0.30845842
48,4333,0.18216696,-0.26544687,-0.27248922,-0.2211192,-0.31855756,0.35781735,-0.18534392,-0.27994746,0.07764751,0.069577485,0.07740676,0.23339525,-0.46532124,0.4900151,-0.61241513,-0.005911611
48,4335,0.113039896,-0.037391447,-0.12675413,0.479903,-0.62993646,0.00898321,-0.038274646,-0.35123256,0.42188925,-0.3918544,-0.69960827,-0.049062416,-0.13504505,0.73648685,-0.0702374,0.23778209
48,4337,-0.23680106,-0.16430816,-0.05990833,0.40917993,-0.062022388,-0.10754819,-0.6356374,0.09844658,0.08384423,0.22284117,-1.0163257,0.07876775,-0.3065598,-0.32620367,0.12558767,-0.057975076
48,4340,0.39970523,0.21698372,0.048353255,0.15429525,-0.5590637,0.35216087,0.49748108,-0.19104783,0.08850351,-0.62471175,-0.065212235,-0.36699677,-0.0016452819,0.842312,-0.091728054,0.19949663
48,4343,-0.3725506,-0.781942,-0.5575473,-0.30779874,0.010091901,-0.3379352,-0.26202014,-0.4977846,0.58128095,-0.058509097,0.9897708,0.81749177,0.0124947075,0.26016283,0.029099189,-0.188155
48,4350,-0.3995338,-0.24074954,-0.13540804,0.15884115,0.3687849,-0.17478819,-0.6676916,0.20022671,-0.022205666,0.38052025,-0.60804623,0.24854472,-0.23178442,-0.7706721,0.197988,-0.2519452
48,4351,-0.16990995,-0.24453601,-0.16713548,0.4346254,-0.17773628,-0.003954351,-0.6321633,-0.06858054,0.12664673,0.2062251,-1.0749397,0.11589792,-0.34465015,-0.065081894,-0.06975528,-0.010433093
