window_id,vehicle_id,z_0,z_1,z_2,z_3,z_4,z_5,z_6,z_7,z_8,z_9,z_10,z_11,z_12,z_13,z_14,z_15
105,3731,-0.06503238,0.23652804,0.4987383,0.1376516,-1.2241796,-0.29998463,-0.18465497,0.25612402,-0.9082366,0.302806,0.08651009,-0.6590184,0.68981373,0.044430256,0.17292869,0.36424002
105,935,-0.3353924,0.49344254,0.22430891,-0.48825788,-0.55305123,0.37290835,-0.8310218,-0.78527313,0.46924764,1.1190808,0.1381177,-0.3757524,-0.34829158,-0.10117352,-0.17684963,-0.1355566
105,1598,-0.06503238,0.23652801,0.4987383,0.1376516,-1.2241797,-0.29998463,-0.18465497,0.25612402,-0.90823674,0.30280602,0.08651011,-0.6590184,0.68981373,0.044430256,0.17292869,0.36424005
105,3493,-0.06503238,0.23652801,0.4987383,0.1376516,-1.2241796,-0.29998463,-0.18465497,0.25612402,-0.9082366,0.30280602,0.08651009,-0.6590184,0.68981373,0.044430286,0.17292869,0.36424005
105,3561,-0.24103329,0.11941773,0.7907516,0.37369078,-0.74372095,-0.61252034,0.59365845,-1.4941399,0.37981355,0.47857547,0.80427915,-0.9812293,-1.7058953,0.16555244,-0.4033447,-0.8642667
105,299,0.8951489,0.6009165,0.45414448,0.556199,-0.13915505,-0.7531037,-0.2640431,0.08437849,0.3934651,0.12834886,0.2121745,0.265184,-0.557736,0.224202,-0.8879822,0.45201957
105,1524,-0.06503238,0.23652801,0.4987383,0.13765164,-1.2241797,-0.29998463,-0.18465497,0.25612402,-0.90823674,0.30280602,0.08651009,-0.6590184,0.68981373,0.044430256,0.17292869,0.36424005
105,1589,-0.06503238,0.23652798,0.4987383,0.13765164,-1.2241797,-0.2999847,-0.18465497,0.25612402,-0.90823674,0.30280602,0.08651011,-0.6590184,0.68981373,0.044430256,0.17292869,0.36424002
105,643,-0.2410333,0.1194177,0.7907517,0.37369078,-0.74372107,-0.61252034,0.59365845,-1.4941399,0.37981355,0.47857547,0.8042792,-0.98122954,-1.7058955,0.16555244,-0.4033447,-0.8642667
105,735,-0.31155556,0.4811026,0.28938463,-0.43290406,-0.57785153,0.34105808,-0.77045274,-0.78638077,0.43640593,1.0353829,0.18596622,-0.39006,-0.3706894,-0.12111154,-0.19705611,-0.13636597
105,3232,-0.06503238,0.23652807,0.4987383,0.13765167,-1.2241797,-0.29998463,-0.18465497,0.25612402,-0.9082366,0.30280602,0.08651009,-0.6590184,0.68981373,0.044430286,0.17292869,0.36424005
105,3612,-0.06503238,0.23652804,0.49873826,0.1376516,-1.2241797,-0.2999847,-0.18465497,0.25612402,-0.9082366,0.30280602,0.08651009,-0.6590184,0.6898137,0.044430256,0.17292869,0.36424005
105,886,-0.06503238,0.23652804,0.49873826,0.13765167,-1.2241796,-0.29998463,-0.18465497,0.25612402,-0.90823674,0.30280602,0.08651009,-0.6590184,0.68981373,0.044430286,0.17292869,0.36424002
105,3738,-0.25596553,0.37651438,0.032521337,-0.5615983,-0.66088074,0.23834354,-0.7486106,-0.084250465,-0.14246571,1.0861169,-0.12989722,-0.29999137,0.3128584,-0.073201254,0.18902215,0.11292289
105,608,-0.06503238,0.23652798,0.4987383,0.13765164,-1.2241797,-0.2999847,-0.18465497,0.25612402,-0.90823674,0.30280602,0.08651011,-0.6590184,0.6898137,0.044430286,0.17292869,0.36424002
105,1369,-0.06503238,0.23652798,0.49873826,0.1376516,-1.2241797,-0.2999847,-0.18465497,0.25612402,-0.90823674,0.30280602,0.08651011,-0.6590184,0.68981373,0.044430256,0.17292869,0.36424005
105,3710,-0.2410333,0.11941779,0.7907516,0.37369084,-0.74372107,-0.6125204,0.59365845,-1.4941398,0.37981355,0.4785754,0.8042792,-0.9812294,-1.7058953,0.16555244,-0.40334463,-0.86426675
105,1958,0.89514875,0.6009165,0.45414448,0.5561991,-0.13915499,-0.75310373,-0.26404306,0.08437848,0.3934651,0.12834886,0.2121745,0.265184,-0.55773604,0.22420207,-0.8879822,0.45201963
105,3528,-0.06503238,0.23652804,0.4987383,0.1376516,-1.2241796,-0.29998463,-0.18465497,0.25612402,-0.90823674,0.30280602,0.08651009,-0.6590184,0.68981373,0.044430286,0.17292869,0.36424002
105,4200,-0.06503238,0.23652801,0.4987383,0.13765167,-1.2241797,-0.2999847,-0.18465497,0.25612402,-0.90823674,0.30280602,0.08651009,-0.65901834,0.6898137,0.044430256,0.17292869,0.36424002
105,6,-0.25739694,0.33061182,-0.03351268,-0.46393842,-0.7120391,0.13061102,-0.69178784,0.11476932,-0.3224286,1.0192242,-0.22974612,-0.33577,0.55344355,0.043672293,0.26924396,0.21263728
105,15,-0.85944104,-0.54823095,-0.53821766,-0.21533337,0.9292611,0.15732054,-0.06131071,-0.033963785,0.51022273,0.13404539,-0.20839395,-0.0035425872,0.12060583,0.37540677,0.48259887,-0.2267098
105,22,0.72890055,0.19704914,0.33901018,0.070547834,-0.059371427,0.082608104,-0.34395617,0.31894952,0.014758185,-0.31867114,0.2232481,0.38809046,-0.044818886,-0.34224644,-0.46249098,0.56285423
105,23,0.076484054,-0.23345204,0.4988567,-0.49797267,0.40949565,0.011470601,-0.002025172,0.51848257,-0.34393254,-0.1824386,0.42322597,0.46566266,-0.06747473,-0.65719664,0.22149964,-0.14093153
105,27,-0.8435254,-0.52478695,-0.5405444,-0.2810484,0.9507459,0.16748309,-0.084124476,0.004279718,0.50917506,0.19559342,-0.22357525,0.050300106,0.1219441,0.3238922,0.4957116,-0.24276556
105,28,-0.84316206,-0.5214063,-0.54396176,-0.30482402,0.96210593,0.17306463,-0.097098425,0.011078343,0.5151329,0.22146615,-0.22549693,0.06353078,0.11969122,0.3131239,0.4997143,-0.24926211
105,38,0.66891897,0.7077823,0.3651225,0.52913374,0.35522425,-0.67683727,-0.5387098,0.49817425,0.23211229,-0.1583427,0.059826016,0.6706844,0.07370502,-0.067822024,-0.5727729,0.45473742
105,85,0.75462353,-0.11541928,-0.012018859,-0.061247803,-0.3309232,0.8561355,-0.34499466,0.06861481,0.10852534,-0.6254969,0.10460806,0.18027717,0.040923864,-0.38827404,-0.5379332,0.8913345
105,92,0.81045926,-0.12599277,-0.052273065,-0.015948877,-0.37810034,0.95660895,-0.4027928,0.02381581,0.17092703,-0.7019788,0.092228964,0.1538916,0.057709664,-0.36665493,-0.6192577,1.0226929
105,99,-0.4598859,0.48010814,-0.18929675,-0.72490865,-0.19958816,0.4935341,-1.0095106,-0.6398478,0.6756396,1.3931638,-0.16849451,-0.15529083,-0.1998097,-0.007160574,-0.029546164,-0.14639665
105,120,-0.5449767,-0.38029915,-0.0098050535,0.48311287,-0.111481145,-0.25497723,0.2709541,0.056649067,-0.2578127,-0.46672502,-0.0029233992,-0.5148909,0.4598958,0.44816902,0.323714,0.1331873
105,127,0.59103155,0.14628458,-0.6844369,0.07727276,-0.3711713,0.5656167,0.3786867,-0.17846154,-0.018144682,-0.2834892,-0.5625156,0.12075489,0.026059091,-0.054342285,-0.29392684,0.11493414
105,128,-0.7771238,-0.4018365,-0.42936102,0.1682228,0.29948777,-0.0877506,0.10303013,0.067570694,0.043496385,-0.070026726,-0.30321133,-0.31513107,0.47114974,0.50364065,0.4759447,-0.030793682
105,132,0.7210238,1.6300982,0.3337999,1.412362,0.9866643,-1.8642144,-1.0029315,0.7649715,0.70995724,0.0135432035,-0.25866258,1.161951,0.30388582,0.45515677,-0.95334,0.50738585
105,136,0.7112452,1.574695,0.33645907,1.3604581,0.9530855,-1.7976795,-0.9757209,0.7479408,0.6854795,0.0070534274,-0.2391255,1.1315011,0.28905964,0.42723158,-0.9278576,0.5013573
105,146,0.62126565,1.8185364,0.27718675,1.6071203,1.175006,-2.1511264,-1.0637461,0.7874512,0.858498,0.09361657,-0.36581296,1.2440636,0.34744835,0.62055635,-0.9816119,0.44268727
105,149,-0.7664572,-0.3946215,-0.4269586,0.13803153,0.31446087,-0.07119657,0.08337858,0.0706403,0.061792612,-0.04450678,-0.3004747,-0.29152584,0.45527965,0.48156914,0.47256342,-0.034305096
105,155,0.09006448,-0.12644483,0.6172166,-0.58326304,0.3880992,-0.23341404,0.22832808,0.7180356,-0.69412756,-0.090926774,0.43036556,0.5868385,-0.06077761,-0.8396249,0.35610494,-0.48264146
105,156,-0.13947105,-0.27116537,0.46009716,-0.42168465,0.32371014,0.31610516,-0.5769298,-0.2599917,0.47642636,0.29296833,0.636404,-0.029973269,-0.4841256,-0.07508816,-0.08953779,0.01961863
105,188,-0.10820889,0.26403987,0.4205899,0.10342862,-1.2703575,-0.29525018,-0.24698427,0.27135658,-0.93715763,0.42353666,0.008491531,-0.6939922,0.7734868,0.10741806,0.20775709,0.3680753
105,199,0.3008104,-0.10058889,0.6408694,-0.5351927,0.20419802,-0.110261604,0.108589694,0.67927176,-0.6303836,-0.13297349,0.46951926,0.54999983,-0.07243612,-0.82052875,0.1772999,-0.24626364
105,205,0.5140301,2.1659617,0.16464695,1.9762905,1.4688404,-2.6354244,-1.1948928,0.8128163,1.1408771,0.2089087,-0.55532295,1.3865085,0.4093278,0.9337745,-1.1029222,0.392586
105,208,-0.26872241,-0.51313794,-0.057635963,-0.085152104,0.6251589,0.4524392,-0.22927943,-0.13574062,0.5042304,-0.37826496,0.23293816,0.0053855777,-0.08399612,0.099847764,0.023991711,0.28321186
105,224,0.66891885,0.70778245,0.36512253,0.52913374,0.35522425,-0.6768372,-0.5387098,0.49817425,0.23211227,-0.15834272,0.059826016,0.6706844,0.073705,-0.067822054,-0.572773,0.45473742
105,237,0.9417441,0.28184894,0.2930796,0.23113795,-0.4255159,-0.16541861,-0.0154000595,-0.013530999,0.11674905,-0.037752584,0.17841342,0.11835679,-0.52148956,-0.02796778,-0.7286807,0.41577655
105,243,0.08547135,-0.11445714,0.60967624,-0.5449013,0.3621148,-0.23542164,0.21931005,0.687904,-0.65455043,-0.081199676,0.41929358,0.55936426,-0.061990865,-0.8046253,0.33997482,-0.46276093
105,249,-0.33357257,-0.24238944,0.24793531,0.33913618,-0.38314742,-0.23969813,0.089250475,0.0923187,-0.36001328,-0.25555763,0.15831679,-0.516042,0.4122104,0.27166417,0.22972849,0.20909202
105,254,0.27650896,0.27286822,-0.5030496,-0.11812827,-0.08945881,-0.22934584,1.0053144,0.11155158,-0.5553262,0.18168962,-0.5946328,0.31812274,-0.06713732,-0.17007308,0.23439701,-0.93745697
105,264,0.7444936,-0.12932861,0.011735618,-0.061977938,-0.31561375,0.8583056,-0.36304528,0.07548593,0.116815284,-0.64084715,0.13011676,0.18203118,0.045018435,-0.39747968,-0.5374791,0.9070148
105,267,-0.009780109,-0.20969792,0.71134746,-0.60414594,0.48024762,-0.20152743,-0.024725161,0.5220499,-0.3983735,0.048344053,0.5802364,0.45537066,-0.2378329,-0.663181,0.26903814,-0.3790586
105,277,0.6367208,0.060175836,-0.649657,0.13181041,-0.4093855,0.83813596,0.088052556,-0.23279156,0.17689691,-0.48408744,-0.47443628,0.06657449,0.082045764,-0.062128633,-0.45366812,0.51550233
105,285,0.076484054,-0.23345202,0.4988567,-0.49797273,0.40949565,0.011470571,-0.0020251572,0.51848257,-0.34393242,-0.18243858,0.42322594,0.46566266,-0.06747473,-0.6571967,0.22149962,-0.1409315
105,304,-0.32357943,-0.6158762,-0.3502728,0.074404046,0.7631905,0.59833616,-0.14815205,-0.16363512,0.62084734,-0.6634757,0.026331693,-0.0021657646,0.082766145,0.23218128,0.012512378,0.45871615
105,306,0.5027385,0.3343283,-0.9238261,0.116968855,-0.38309497,0.10352194,0.94078517,-0.25629586,-0.19732052,0.12185053,-0.86533976,0.10352405,-0.10566213,0.15484366,-0.06635425,-0.55613625
105,311,-0.33950624,0.43853056,-0.26357743,-0.777701,-0.5432149,0.33583903,-0.9509007,0.008713961,-0.060227424,1.4072633,-0.3766961,-0.20181622,0.47173584,0.010732293,0.30009425,0.12867466
105,325,0.2226435,0.24820551,-0.38413098,-0.14231385,-0.035055295,-0.30327368,0.97885394,0.16773023,-0.57795227,0.20001343,-0.51074386,0.3359252,-0.076587215,-0.2103641,0.27843645,-0.966342
105,343,0.709151,-0.10900207,0.050777733,-0.09236352,-0.2968223,0.7506287,-0.3040619,0.09620727,0.0735477,-0.5450958,0.13988912,0.18843418,0.004717231,-0.394222,-0.47537696,0.78946763
105,345,-0.32921064,0.3791765,0.29521608,-0.24488191,-0.579145,0.27864498,-0.6449698,-0.7890914,0.38339847,0.78692836,0.2202206,-0.48112214,-0.31790453,-0.026845753,-0.19453108,-0.07735549
105,352,0.11156191,-0.054292873,0.88780975,0.022438154,-0.47205412,-0.18120135,0.036715984,-0.8249902,0.26635495,0.25264788,0.92213523,-0.55146927,-1.202694,-0.073103145,-0.41408396,-0.27617818
105,356,-0.24158713,-0.50358486,-0.22085431,0.19266628,0.48197752,0.54093,-0.10142836,-0.41069663,0.65656495,-0.6072232,0.118518025,-0.17324229,-0.1368635,0.24526897,-0.14026195,0.42864406
105,364,0.81045926,-0.12599277,-0.052273005,-0.015948892,-0.37810034,0.95660895,-0.40279284,0.023815818,0.17092703,-0.70197886,0.092228964,0.1538916,0.057709664,-0.36665493,-0.61925757,1.0226929
105,366,-0.14788099,-0.20595291,0.5544554,-0.6100757,0.638262,-0.27831697,0.16205925,0.6596627,-0.5284194,-0.04632111,0.38418245,0.5775888,-0.07877128,-0.7534429,0.4479043,-0.5182481
105,367,0.5027385,0.3343283,-0.923826,0.116968855,-0.38309497,0.103521936,0.94078517,-0.25629586,-0.19732052,0.12185053,-0.86533976,0.10352405,-0.10566212,0.15484363,-0.06635424,-0.55613613
105,368,-0.5449767,-0.3802991,-0.009805024,0.48311287,-0.111481115,-0.2549773,0.27095416,0.05664906,-0.25781262,-0.46672502,-0.002923414,-0.51489085,0.45989573,0.44816908,0.323714,0.1331873
105,370,-0.47264445,-0.45966944,0.027038276,0.61854666,0.029412195,-0.027697697,0.17024127,-0.31418222,0.13874504,-0.7355443,0.19699979,-0.565318,0.15872756,0.45283267,0.09644239,0.25315762
105,383,-0.82085097,-0.57300353,-0.47097954,-0.069748305,0.8289321,0.14325926,-0.010568678,-0.08593105,0.48251987,-0.033061188,-0.14631434,-0.0945542,0.112240374,0.42014745,0.42381066,-0.1550983
105,395,-0.5927433,-0.4961175,-0.116799206,0.38172287,0.2862209,0.011004776,0.111330286,-0.22450422,0.24194637,-0.47881,0.09277345,-0.40578526,0.13192548,0.44399884,0.2209819,0.098019704
105,396,0.5140301,2.1659617,0.16464695,1.9762905,1.4688402,-2.635424,-1.1948928,0.81281644,1.1408771,0.20890868,-0.55532295,1.3865085,0.40932786,0.93377423,-1.1029223,0.39258593
105,406,-0.122326225,-0.20508078,0.621396,-0.6338517,0.618715,-0.29119772,0.11642769,0.65192,-0.5190165,0.003962934,0.44942844,0.56775403,-0.12270033,-0.7473737,0.42036396,-0.51759994
105,416,0.6287892,0.36810195,-1.036597,0.17225422,-0.49220794,0.20208865,0.9481721,-0.33074987,-0.16615605,0.07469208,-0.9454335,0.07211171,-0.11062406,0.20468658,-0.17476448,-0.45912683
105,422,0.08773239,-0.11362583,0.62518525,-0.5549042,0.36818117,-0.25128013,0.22637978,0.7044567,-0.67620707,-0.07938419,0.42814815,0.57068396,-0.06362366,-0.8188038,0.34613296,-0.4784357
105,423,0.5582795,0.29954195,-0.91765547,0.123210326,-0.4107604,0.2612465,0.8063352,-0.2677464,-0.14016753,0.0015812442,-0.82617974,0.09737538,-0.069694854,0.121334076,-0.15429837,-0.36277467
105,432,-0.8298068,-0.5067624,-0.53749466,-0.3553701,0.9746292,0.18345371,-0.12423653,0.029752515,0.520157,0.27280557,-0.22393386,0.09582496,0.1121856,0.27933714,0.5033425,-0.25938386
105,433,0.67802477,0.09500599,-0.7399088,0.1644174,-0.45723146,0.84268934,0.15360957,-0.27571595,0.17276742,-0.4706995,-0.5549111,0.051849917,0.076008946,-0.017289817,-0.4766947,0.48713917
105,434,-0.122326225,-0.20508078,0.62139595,-0.6338517,0.618715,-0.29119766,0.11642766,0.65192,-0.5190165,0.003962934,0.44942844,0.56775403,-0.12270033,-0.7473737,0.42036396,-0.51759994
105,437,0.24536821,-0.13650379,0.87884057,-0.21539375,-0.23358156,0.017668366,-0.24136086,-0.35603637,0.16856219,0.18008986,0.9043907,-0.22518803,-0.8404116,-0.22675055,-0.3257743,-0.02572681
105,444,0.66790426,0.08678198,-0.72305703,0.16231118,-0.44885653,0.84471434,0.13577768,-0.2726342,0.18269616,-0.47381335,-0.5389581,0.05011139,0.07617611,-0.02072066,-0.47489953,0.5001472
105,461,0.3184417,0.24984267,-0.62143624,-0.059096217,-0.15302472,-0.018868163,0.8732369,-0.009326503,-0.37733153,0.09559258,-0.6364708,0.24334423,-0.046849027,-0.09115367,0.12193647,-0.70115095
105,467,0.26641703,-0.22660828,0.8577839,-0.42230415,0.055853307,0.104940616,-0.3476153,0.0848583,-0.018302634,0.04773987,0.8578653,0.08374263,-0.50903517,-0.40923882,-0.15526608,0.06428307
105,471,-0.35234064,-0.25745714,0.2481383,0.37984818,-0.39708966,-0.25895458,0.108769685,0.071406916,-0.3700995,-0.28642094,0.16653319,-0.5554016,0.41968912,0.30863282,0.22978431,0.21036617
105,496,-0.27205166,-0.5248015,-0.0842835,-0.06806339,0.63689464,0.47347534,-0.23006973,-0.14910205,0.5242513,-0.40589792,0.2191245,-0.0012286156,-0.07404039,0.11850068,0.014394492,0.30596474
105,497,-0.29633856,-0.48180354,0.012501001,0.27320212,0.3025573,0.37281406,-0.14028811,-0.3916484,0.52208227,-0.57905674,0.29653075,-0.3103162,-0.08410821,0.26916793,-0.07284757,0.3816356
105,504,-0.28962624,0.1271686,0.17554429,-0.05406335,-0.6879711,-0.054026634,-0.29082692,0.005486086,-0.3816606,0.41425043,-0.0077258497,-0.48603636,0.4287907,0.10278368,0.20666645,0.16987638
105,514,0.5813794,0.35795635,-1.0117567,0.15865828,-0.45555353,0.17395197,0.94838905,-0.3143121,-0.16913503,0.08997657,-0.928406,0.07837915,-0.107078806,0.19585681,-0.13809365,-0.4924001
105,515,-0.727126,-0.49208426,-0.3859808,-0.35280508,0.87853867,0.20708382,-0.1883871,-0.011962473,0.5086925,0.24357036,-0.077980205,0.062311694,0.038883097,0.23591432,0.42253253,-0.19210903
105,523,-0.4397235,-0.4459715,0.059938475,0.642348,-0.013360083,-0.028386995,0.17259234,-0.320621,0.12162992,-0.76813716,0.21792032,-0.57692397,0.1572337,0.4354836,0.07292287,0.27981186
105,524,0.12979515,-0.22377455,0.7822411,-0.522477,0.2718163,-0.03884898,-0.19698754,0.3036222,-0.20086572,0.058667205,0.72491056,0.26711333,-0.3772998,-0.525295,0.059710413,-0.15432684
105,548,0.9039327,0.51309705,0.44206536,0.47216052,-0.20933683,-0.62007344,-0.20694923,0.062997416,0.32560802,0.09270532,0.22725563,0.22310251,-0.5625632,0.15934435,-0.8464448,0.44417572
105,552,0.6655365,0.10527974,-0.7246041,0.15324275,-0.44694686,0.78502697,0.19300392,-0.2646407,0.14664775,-0.42771995,-0.55205035,0.05757962,0.057554714,-0.014838666,-0.4474215,0.42369145
105,556,-0.64338326,-0.5190398,-0.17397454,0.33372498,0.36887544,0.02015993,0.10673274,-0.21025719,0.27610722,-0.42642948,0.056733847,-0.37391174,0.12833458,0.46362892,0.25880748,0.05309377
105,574,-0.06503238,0.23652801,0.4987383,0.1376516,-1.2241797,-0.2999847,-0.18465497,0.25612402,-0.90823674,0.30280602,0.08651011,-0.65901834,0.68981373,0.044430256,0.17292869,0.36424002
105,579,0.0946973,-0.049730465,0.87083316,0.036162615,-0.4731974,-0.18924047,0.055211335,-0.8388994,0.27320492,0.25293437,0.9041635,-0.5590852,-1.2030748,-0.06560698,-0.40756202,-0.28854954
105,586,-0.06503238,0.23652801,0.4987383,0.1376516,-1.2241797,-0.2999847,-0.18465497,0.25612402,-0.9082366,0.30280602,0.08651011,-0.65901834,0.68981373,0.044430256,0.17292869,0.36424
105,594,-0.2848512,0.25054595,0.0872938,-0.31786877,-0.66932106,0.089092925,-0.5234521,-0.028645277,-0.26450494,0.7694427,-0.086284384,-0.39203906,0.38650572,0.023790091,0.20992213,0.13698785
105,597,0.087128356,-0.16181438,0.50887054,-0.5422291,0.36822772,-0.08366041,0.14939484,0.60944074,-0.5379689,-0.13363566,0.38461137,0.5215454,-0.050976522,-0.7552776,0.3018367,-0.33305323
105,598,-0.43183824,-0.5100944,0.010034084,-0.22208847,0.6774698,0.27792487,-0.23820856,-0.1241446,0.46235946,-0.08117438,0.29625443,-0.014402121,-0.16736986,0.13446355,0.15655485,0.021662429
105,610,0.28267136,0.23834857,-0.3676313,-0.14751035,-0.0679674,-0.24325757,0.9230405,0.17142592,-0.5678474,0.15878746,-0.48217708,0.33816993,-0.074983865,-0.23114789,0.22630265,-0.8756194
105,614,0.6296294,0.06365912,-0.624979,0.105492994,-0.3917477,0.80101264,0.11282036,-0.2010528,0.13291566,-0.4654768,-0.46059072,0.08861199,0.0792339,-0.08821182,-0.42561066,0.46383756
105,615,0.54947996,0.15816343,-0.6458807,0.039838582,-0.3293168,0.46231878,0.44942465,-0.13310851,-0.088635296,-0.21867079,-0.5505072,0.14927728,0.0104263425,-0.077839315,-0.22145322,-0.017272562
105,618,0.164194,-0.2264517,0.79445064,-0.49670446,0.21852793,0.004963964,-0.23994856,0.24925652,-0.14802432,0.055729724,0.75462264,0.22052082,-0.405245,-0.49095544,0.0063758865,-0.091609895
105,621,-0.20652775,-0.4048133,0.19950616,-0.2568117,0.4951995,0.39352277,-0.40894476,-0.2067404,0.49845624,-0.052243996,0.44573534,-0.014016569,-0.2940899,0.021897078,-0.03818328,0.15106864
105,628,0.30463037,0.25548923,-0.55435574,-0.09171618,-0.124516144,-0.108883485,0.91911685,0.05058799,-0.45545223,0.1320473,-0.6034929,0.27843726,-0.057758186,-0.13351715,0.1689382,-0.79343677
105,632,-0.84316206,-0.52140635,-0.5439619,-0.30482405,0.96210593,0.17306463,-0.097098425,0.011078343,0.5151329,0.22146618,-0.22549687,0.063530795,0.11969119,0.31312397,0.4997143,-0.24926211
105,644,-0.3235348,-0.40409407,0.21189442,-0.3620484,0.55663157,0.29306024,-0.42177662,-0.19618864,0.48847204,0.15789175,0.4616514,-0.009950429,-0.34017754,0.04918477,0.052608714,-0.023073018
105,659,-0.48645404,-0.34449098,0.06703138,0.46397644,-0.20031284,-0.26132512,0.23485735,0.064921215,-0.30003947,-0.43011603,0.044835433,-0.52840036,0.45373452,0.4066265,0.29622993,0.15874131
105,663,-0.25895417,-0.52837515,-0.24639896,0.19143753,0.521782,0.55366313,-0.10191868,-0.40809274,0.6683667,-0.6257955,0.11081201,-0.17032962,-0.12465262,0.26376978,-0.13202956,0.43380433
105,670,0.32279542,-0.09797692,0.6195333,-0.5011026,0.16634662,-0.07001801,0.073905885,0.63770455,-0.5725497,-0.14247824,0.45913458,0.5188818,-0.075139605,-0.7833874,0.13521513,-0.17807533
105,671,-0.30229962,-0.3090278,0.3234066,0.59364665,-0.2807734,-0.034737334,0.11444095,-0.40196157,0.02595441,-0.6715062,0.38579947,-0.6331735,0.032259308,0.26728514,-0.035347976,0.2736473
105,674,0.121296465,-0.06320331,0.87794054,0.0047478527,-0.44793487,-0.1571631,0.012376308,-0.77908003,0.25950247,0.23646748,0.9116246,-0.5203317,-1.1590016,-0.08694212,-0.4028641,-0.24515735
105,695,0.93487644,0.35630304,0.31160775,0.30488783,-0.36289102,-0.2870534,-0.0649953,0.008016333,0.17385428,-0.0077275857,0.171781,0.15503292,-0.5202107,0.027980626,-0.76427394,0.42183882
105,714,0.79319346,-0.1311071,-0.04627928,-0.01521346,-0.3672309,0.95215666,-0.4084941,0.022542782,0.18082014,-0.69896483,0.09783372,0.15059388,0.05808142,-0.3631568,-0.6111715,1.0213345
105,715,-0.2942909,0.35058606,0.0060371757,-0.4911775,-0.69820964,0.17815726,-0.6939248,-0.048873186,-0.21584582,1.0416424,-0.16725866,-0.35654807,0.3975883,-0.0034009218,0.22197264,0.123291895
105,725,0.16419399,-0.22645171,0.79445076,-0.49670446,0.21852791,0.004963994,-0.23994856,0.2492565,-0.14802435,0.055729724,0.75462264,0.22052081,-0.405245,-0.49095547,0.0063758865,-0.09160985
105,727,-0.33245072,-0.2474639,0.2622329,0.35697877,-0.39414567,-0.24598421,0.09408292,0.076926485,-0.36153135,-0.27246484,0.17617176,-0.5338564,0.40417588,0.28089973,0.22185445,0.2123269
105,731,-0.2518199,-0.14981195,0.4563458,0.4184028,-0.4456752,0.011419952,-0.014250316,-0.50344414,0.019750863,-0.38145086,0.45362344,-0.6367594,-0.10139109,0.12864986,-0.09173813,0.181088
105,743,0.25014013,-0.16412696,0.8871875,-0.2961036,-0.13598908,0.024799898,-0.267534,-0.20576395,0.09398727,0.15458384,0.8996142,-0.11681767,-0.7436003,-0.2964416,-0.26313922,-0.020828635
105,744,-0.8018495,-0.5234175,-0.47936526,-0.358706,0.9565096,0.20286791,-0.16630113,-0.0049718022,0.5362154,0.26334575,-0.14718167,0.067010865,0.07148947,0.28610477,0.4669082,-0.22979452
105,770,-0.32657275,0.43487424,-0.2150347,-0.74101883,-0.58136755,0.3153609,-0.92140377,-0.0041628033,-0.08759868,1.3657879,-0.34144604,-0.22771044,0.45756584,0.0015448928,0.28368336,0.12891686
105,780,-0.014451347,0.018108517,0.8770821,0.17721818,-0.6181437,-0.35679996,0.2525075,-1.1558771,0.3370619,0.36039016,0.91247743,-0.76598084,-1.4674823,0.039782435,-0.45426244,-0.51592344
105,781,0.7199528,-0.12825032,0.1265251,-0.13118453,-0.26992518,0.7366578,-0.32528192,0.15541638,0.023784682,-0.567486,0.20526145,0.225205,0.012144677,-0.45870143,-0.4651611,0.7888934
105,782,-0.2906365,0.33962536,0.014886737,-0.48483998,-0.6766658,0.17968772,-0.6800401,-0.052789465,-0.2018531,1.0144097,-0.15397291,-0.34586972,0.3786726,-0.012666553,0.21707287,0.11915407
105,793,-0.22158255,-0.19126159,0.30199197,0.30706573,-0.16243239,-0.013308853,0.22857627,-0.9981488,0.54005396,-0.08456959,0.48553976,-0.60695595,-0.94826674,0.21733984,-0.31358275,-0.18984668
105,795,-0.10080085,0.057260603,0.8329947,0.26766247,-0.6751098,-0.4429,0.3812745,-1.303238,0.370184,0.39532015,0.862651,-0.85923207,-1.5579937,0.09469515,-0.44712573,-0.6340076
105,804,-0.20652775,-0.4048133,0.19950616,-0.2568117,0.49519956,0.3935228,-0.40894476,-0.20674042,0.4984562,-0.052244,0.4457353,-0.014016569,-0.2940899,0.021897078,-0.03818325,0.15106864
105,814,-0.30076027,-0.08906754,0.31316018,0.38595617,-0.7028969,-0.30431724,0.11604029,0.09938185,-0.5947937,-0.18521768,0.10423349,-0.6260687,0.5227806,0.23219344,0.21781713,0.22307649
105,816,-0.27950144,0.1626384,0.0010022223,-0.23741348,-0.64709306,-0.006944105,-0.452298,0.25798976,-0.4440172,0.68611634,-0.21419461,-0.357305,0.64891523,0.121804565,0.31075338,0.2281509
105,828,0.2114436,0.2570768,-0.3540134,-0.1578429,-0.017769322,-0.3643983,1.0240464,0.20302764,-0.635383,0.22221509,-0.5047915,0.35872436,-0.0802975,-0.23516586,0.3114003,-1.0405893
105,835,-0.67791307,-0.5376451,-0.21066791,0.30380386,0.4259236,0.026784524,0.10543001,-0.20407121,0.2993561,-0.3961557,0.03709361,-0.35425192,0.122371346,0.47783503,0.28286356,0.022162922
105,838,0.71830153,-0.11062231,0.027118102,-0.08336954,-0.30477232,0.7838933,-0.31493694,0.08808641,0.08352364,-0.5697682,0.12496264,0.18673983,0.018630274,-0.39288345,-0.49122328,0.8169162
105,849,0.6315056,-0.1280738,0.27391583,-0.24096763,-0.16352396,0.53897,-0.23996136,0.2793461,-0.12357068,-0.4510505,0.29443112,0.29835892,-0.02130505,-0.54962754,-0.31521815,0.55785507
105,856,0.6532078,0.12069312,-0.7150446,0.13110106,-0.43131,0.71895194,0.25195536,-0.2407281,0.09490584,-0.38248935,-0.55690646,0.07615591,0.04451303,-0.024897844,-0.40651202,0.33213836
105,857,-0.65135384,-0.43730983,-0.16092193,0.47583973,0.061438397,-0.22672121,0.3050518,0.050775997,-0.16560277,-0.479904,-0.101610646,-0.47136164,0.4699884,0.5115589,0.37935832,0.0812463
105,862,-0.24538036,0.14967039,0.062216103,-0.17129269,-0.6799093,-0.060805634,-0.37377688,0.29914278,-0.5106453,0.5746296,-0.1824461,-0.36446208,0.6631407,0.10039717,0.30368206,0.2482146
105,863,-0.67148745,-0.48392573,-0.30887058,-0.30480728,0.80727917,0.20366266,-0.18333241,-0.032490283,0.48399585,0.17454141,-0.016467854,0.032601073,0.014178894,0.22001043,0.37793332,-0.14870284
105,864,-0.85944104,-0.5482309,-0.53821766,-0.21533337,0.9292612,0.15732054,-0.061310716,-0.033963785,0.5102227,0.13404542,-0.20839395,-0.0035425872,0.120605856,0.3754067,0.48259887,-0.22670983
105,874,-0.64515054,-0.52329123,-0.1688326,0.36509615,0.34828937,0.0118898,0.11661863,-0.22582541,0.2678245,-0.45423642,0.06390302,-0.40055907,0.13432828,0.48083392,0.25121704,0.06425958
105,880,0.569204,0.34025437,-0.9378294,0.10826753,-0.4168259,0.15554231,0.92894435,-0.24449386,-0.22691438,0.077591665,-0.8695575,0.12102496,-0.09277314,0.124477714,-0.10792843,-0.5124502
105,883,0.6758245,1.8154457,0.2638346,1.6764159,0.99312085,-2.2571638,-0.9406029,0.56165713,0.99839973,0.25068966,-0.33354408,1.0666734,0.040932678,0.8271618,-1.1516498,0.40188468
105,888,-0.2900302,0.06136684,0.4203894,0.19251357,-0.5533107,0.10623051,-0.23127082,-0.6745306,0.14529118,0.06281275,0.38749653,-0.63553625,-0.21010152,0.080507755,-0.14532968,0.0645605
105,897,-0.13947105,-0.27116534,0.46009722,-0.42168468,0.3237101,0.31610513,-0.5769298,-0.25999165,0.4764264,0.2929683,0.636404,-0.029973269,-0.48412555,-0.07508816,-0.08953776,0.01961863
105,899,0.13977079,-0.10713178,0.6061278,-0.54989123,0.324516,-0.20417894,0.2068376,0.6928297,-0.6657975,-0.09441543,0.42221648,0.56541526,-0.05900838,-0.817737,0.30737472,-0.42719287
105,909,0.9144887,0.50401574,0.37433165,0.45750505,-0.23060359,-0.55013967,-0.17741793,0.05232749,0.30049613,0.060713746,0.17858893,0.22439754,-0.5299618,0.14510733,-0.83844084,0.43976802
105,912,-0.2643042,-0.16513222,0.44361848,0.4489991,-0.44337624,0.0029787421,-0.00019791722,-0.5103437,0.01826033,-0.4128243,0.44968224,-0.656418,-0.088068575,0.15596497,-0.08956208,0.1897411
105,924,0.86564577,0.043651655,0.0065852404,-0.004667446,-0.501113,0.4302318,0.06083764,-0.033676878,-0.01928328,-0.26148927,0.016152978,0.083065435,-0.2587874,-0.22301887,-0.52444,0.47925025
105,925,0.63693154,0.06496066,-0.64573824,0.11892845,-0.40327162,0.82124174,0.10730365,-0.21744438,0.14999288,-0.47583124,-0.47501487,0.0793165,0.082545266,-0.075232744,-0.4402389,0.48478281
105,931,-0.64827573,-0.52090096,-0.17940652,0.31451845,0.38607013,0.023900762,0.101429075,-0.20362915,0.28271568,-0.40798637,0.05385679,-0.3606637,0.12269464,0.45885167,0.26585087,0.042010292
105,932,0.52410364,0.32286525,-0.8902067,0.0897,-0.37780225,0.13122553,0.9086993,-0.22196381,-0.2252262,0.0878671,-0.8308021,0.12766573,-0.092228785,0.1074138,-0.07593962,-0.5265703
105,948,-0.83200884,-0.58787227,-0.47197774,-0.020150706,0.8127262,0.13311699,0.010663196,-0.107185826,0.4781899,-0.081302606,-0.14132316,-0.13000794,0.11698024,0.45484647,0.4173275,-0.14350103
105,956,0.25391808,-0.22751833,0.8552344,-0.43408477,0.077972054,0.08836991,-0.33027118,0.10503575,-0.04090914,0.046891056,0.85018265,0.10098441,-0.5011678,-0.42364046,-0.13529909,0.038388826
105,963,-0.28680173,-0.56192714,-0.18010083,-0.0068885237,0.6781479,0.52884537,-0.2077871,-0.1694326,0.5705756,-0.5096599,0.15641345,-0.011981875,-0.022396713,0.16885048,0.0006441176,0.3747487
105,976,-0.53276086,0.42613435,-0.32868353,-0.7498306,-0.064530864,0.49392253,-0.99627244,-0.5715231,0.7097261,1.4083847,-0.26889575,-0.107707754,-0.12831338,0.048303276,0.043242328,-0.1609673
105,982,-0.26170552,0.14269641,0.016876936,-0.21635377,-0.6114257,-0.023244396,-0.4019173,0.29466367,-0.45187697,0.61162186,-0.2063265,-0.32271606,0.6448279,0.0952529,0.31330848,0.23123357
105,994,-0.2679014,0.2880506,-0.026333839,-0.38695526,-0.72713965,0.07330967,-0.6168361,0.1736716,-0.3952392,0.933302,-0.24199794,-0.36080766,0.615817,0.07849845,0.2907115,0.22446473
105,1007,-0.74519277,-0.19384041,-0.56745756,-0.2664082,0.37773782,0.15851323,-0.3299158,-0.024067804,0.3258962,0.5187208,-0.40181655,-0.13220389,0.3506766,0.37396356,0.43780732,-0.0713405
105,1020,0.81045914,-0.12599277,-0.052273035,-0.015948877,-0.37810034,0.956609,-0.40279284,0.02381581,0.17092703,-0.70197886,0.09222895,0.1538916,0.057709664,-0.36665493,-0.6192576,1.0226928
105,1022,-0.15786159,-0.29316664,0.4164644,-0.40324396,0.3619461,0.32628173,-0.5507586,-0.25468963,0.47964245,0.2456457,0.6067684,-0.025590807,-0.4586311,-0.059793934,-0.07650419,0.027298734
105,1037,0.46381262,0.2477457,-0.78355753,0.046063572,-0.30268258,0.23809785,0.73711336,-0.16953884,-0.18182105,-0.020458043,-0.712411,0.14847648,-0.038841926,0.019641817,-0.077689715,-0.38364744
105,1054,-0.29758948,0.291889,0.051313385,-0.3665934,-0.7070235,0.10733328,-0.5812685,-0.035757095,-0.2695776,0.87135607,-0.1261714,-0.40258193,0.41401404,0.03363034,0.2202894,0.13601968
105,1064,0.08726333,-0.11808853,0.6371895,-0.5758446,0.3850342,-0.26149672,0.2347093,0.725627,-0.70337975,-0.0807767,0.43797052,0.5874856,-0.064266786,-0.83976555,0.358678,-0.4979866
105,1066,-0.315776,0.3554929,0.3244974,-0.21915543,-0.5813657,0.26324582,-0.6056811,-0.77505064,0.3557564,0.7314194,0.24671715,-0.4865573,-0.32118946,-0.03701839,-0.19123471,-0.07313189
105,1103,0.65937185,0.117450655,-0.7332649,0.14342792,-0.4404419,0.7509649,0.23467043,-0.25507337,0.11571713,-0.403319,-0.56688666,0.06801037,0.053275034,-0.017097145,-0.42429805,0.36622244
105,1108,0.122511685,-0.23840064,0.46432692,-0.47073436,0.35427332,0.088512115,-0.028510496,0.4782918,-0.2991183,-0.21458635,0.41706777,0.4348212,-0.061598316,-0.629472,0.17615555,-0.05876811
105,1110,-0.7265198,-0.56216305,-0.27996418,0.22637828,0.5392059,0.05971358,0.0836359,-0.18862264,0.35962713,-0.32487747,-0.0037430525,-0.29902703,0.1056609,0.48942086,0.3162997,-0.024112657
105,1113,0.8951489,0.6009164,0.45414448,0.5561991,-0.13915499,-0.7531038,-0.26404306,0.084378496,0.3934651,0.12834886,0.2121745,0.265184,-0.55773604,0.22420207,-0.8879822,0.45201963
105,1114,-0.27941176,0.20243782,-0.0057066083,-0.26637518,-0.69607663,-0.00011315942,-0.4918038,0.24197623,-0.45688727,0.755268,-0.22959061,-0.37674505,0.66050404,0.121376336,0.30928275,0.23173887
105,1122,0.16001143,-0.23463309,0.4599983,-0.47110873,0.3271906,0.115209624,-0.03551072,0.48187965,-0.3071932,-0.2297523,0.41745746,0.43918645,-0.05464433,-0.6407526,0.1557723,-0.030913398
105,1123,0.49434254,-0.121879235,0.38216886,-0.3508491,-0.02861704,0.31985146,-0.112515345,0.40243953,-0.2816635,-0.3197926,0.34634846,0.37590396,-0.041407436,-0.6314652,-0.12550181,0.26351613
105,1124,-0.33539236,0.4934426,0.22430892,-0.48825788,-0.5530512,0.37290838,-0.8310218,-0.78527325,0.46924764,1.1190809,0.1381177,-0.3757524,-0.34829158,-0.10117355,-0.17684966,-0.1355566
105,1129,0.81045926,-0.12599277,-0.052273035,-0.015948877,-0.37810034,0.956609,-0.40279284,0.023815818,0.17092703,-0.70197886,0.09222895,0.1538916,0.057709657,-0.36665493,-0.6192578,1.0226928
105,1137,-0.47871706,-0.5684005,-0.07467911,-0.14721902,0.7288709,0.28537726,-0.17480253,-0.12450914,0.47392276,-0.19821659,0.24452746,-0.04014367,-0.10542894,0.19693261,0.18109052,0.058484163
105,1139,-0.22993463,0.2847743,0.035497084,-0.3787741,-0.71732867,0.08407943,-0.6068545,0.14277422,-0.36749867,0.88400096,-0.17658369,-0.34663028,0.5482814,0.034721345,0.2558669,0.22749004
105,1151,-0.15482834,-0.3286951,0.34897602,-0.33418512,0.3887034,0.35737017,-0.49535242,-0.23647721,0.4797607,0.111585684,0.55342495,-0.0244679,-0.3969118,-0.039974004,-0.07497605,0.09308529
105,1161,-0.44948304,-0.31162196,0.12739883,0.4376185,-0.29387927,-0.27183133,0.18362916,0.068047345,-0.34189108,-0.3589787,0.081114486,-0.5606928,0.46156037,0.39176193,0.27927285,0.1784554
105,1178,0.51769924,0.26302662,-0.86974764,0.11403467,-0.37524801,0.3034069,0.72344434,-0.25767916,-0.097286075,-0.037036847,-0.77269673,0.09400006,-0.05196981,0.100011945,-0.15376619,-0.29268992
105,1183,-0.41932538,-0.28666052,0.19820392,0.71131915,-0.5490115,-0.4572397,0.41332915,0.15758911,-0.6497171,-0.6429769,0.055991665,-0.7031464,0.6515647,0.45092127,0.29150972,0.2539097
105,1189,0.056610227,-0.21609831,0.7454592,-0.5693502,0.38480425,-0.124568686,-0.109937966,0.4228059,-0.30541947,0.05727061,0.64940023,0.36933458,-0.3022722,-0.5973256,0.1722326,-0.27289057
105,1191,0.3359139,0.21650699,-0.40325132,-0.115605526,-0.11709885,-0.10319598,0.8116703,0.11463851,-0.4661493,0.08511721,-0.47574818,0.29976782,-0.0635554,-0.20457783,0.13522263,-0.69101465
105,1209,-0.740062,-0.27132595,-0.5389075,-0.17646302,0.42395332,0.10010418,-0.20781001,0.041321523,0.26903588,0.35156047,-0.3740937,-0.12728773,0.3745678,0.38046274,0.4609851,-0.06373392
105,1212,0.09506425,-0.15452707,0.5372462,-0.5719315,0.3778199,-0.1189494,0.17810032,0.65026194,-0.60014033,-0.12284482,0.39889935,0.55020136,-0.052803062,-0.7945944,0.32348874,-0.38447857
105,1232,0.62126565,1.8185362,0.27718675,1.6071202,1.175006,-2.1511266,-1.0637462,0.78745127,0.8584981,0.09361654,-0.36581278,1.2440634,0.34744835,0.62055635,-0.9816118,0.44268733
105,1237,0.67368436,0.10213563,-0.7269871,0.15788297,-0.4533707,0.8034473,0.17838162,-0.2691089,0.15645774,-0.44102585,-0.5507037,0.0544682,0.06110789,-0.0146686435,-0.46017063,0.44832772
105,1241,0.65937173,0.117450684,-0.7332649,0.14342795,-0.4404419,0.7509648,0.23467043,-0.25507343,0.11571713,-0.40331894,-0.56688666,0.06801036,0.053275034,-0.017097175,-0.42429805,0.3662224
105,1249,-0.25246936,0.3412007,-0.012152761,-0.44231957,-0.7699903,0.10910104,-0.6828686,0.12100066,-0.3697391,1.0211254,-0.22760837,-0.36690724,0.57816124,0.049607426,0.26781574,0.22031407
105,1250,0.6287892,0.36810195,-1.036597,0.17225428,-0.492208,0.20208865,0.9481722,-0.33074987,-0.16615602,0.07469208,-0.9454335,0.07211171,-0.11062406,0.20468658,-0.17476451,-0.45912677
105,1253,0.097187266,-0.13332425,0.60432446,-0.586381,0.38815618,-0.20860876,0.21659541,0.7116145,-0.6828611,-0.10278957,0.42769116,0.5857568,-0.05810254,-0.838323,0.34790534,-0.4606266
105,1266,-0.2908481,-0.5823244,-0.21640846,0.013235435,0.69962275,0.5609188,-0.21215275,-0.18820404,0.5999085,-0.54842174,0.14099869,-0.020616397,-0.010857049,0.1955716,-0.013692878,0.40719217
105,1267,0.59103155,0.14628452,-0.6844368,0.07727273,-0.3711714,0.5656167,0.3786867,-0.17846154,-0.018144712,-0.2834892,-0.56251556,0.12075489,0.026059099,-0.054342285,-0.29392678,0.114934154
105,1277,0.54128504,0.27987358,-0.90393054,0.12643121,-0.39882177,0.29921404,0.75509787,-0.27350038,-0.10438135,-0.027153276,-0.80461144,0.089043714,-0.058364302,0.117836595,-0.16445458,-0.3083111
105,1287,0.7061235,0.3036741,0.36498457,0.15860717,0.036564335,-0.09692396,-0.37278068,0.36697152,0.041776508,-0.27653468,0.19898666,0.44922894,-0.023432694,-0.29606056,-0.466488,0.5145521
105,1302,-0.098157436,-0.20127568,0.57524204,-0.6038476,0.5878301,-0.24721648,0.12641826,0.64973545,-0.51310456,-0.049872227,0.40711337,0.5677443,-0.083121076,-0.7553698,0.4098085,-0.46337354
105,1316,0.8186283,0.056348458,-0.14053032,0.008818969,-0.47366184,0.49764615,0.09726019,-0.054416686,-0.016091213,-0.2989805,-0.10121174,0.099774815,-0.17850488,-0.20380095,-0.4893148,0.4431039
105,1321,-0.5572081,-0.48436102,-0.07714811,0.45553046,0.20898733,-0.001143828,0.1320644,-0.2489474,0.20957357,-0.55893236,0.11927912,-0.45254707,0.14413698,0.44692168,0.18473768,0.14550966
105,1336,0.16001143,-0.23463309,0.4599983,-0.47110873,0.32719058,0.115209624,-0.03551072,0.48187965,-0.3071932,-0.2297523,0.41745746,0.43918645,-0.05464433,-0.64075255,0.1557723,-0.030913398
105,1346,0.5140302,2.1659617,0.16464695,1.9762907,1.4688404,-2.635424,-1.1948928,0.81281644,1.1408771,0.2089087,-0.5553229,1.3865086,0.40932786,0.93377435,-1.1029223,0.392586
105,1348,0.16419402,-0.22645171,0.79445076,-0.49670446,0.21852793,0.004963979,-0.23994856,0.2492565,-0.14802432,0.055729724,0.75462264,0.22052084,-0.405245,-0.4909554,0.006375864,-0.09160988
105,1354,-0.41932535,-0.28666052,0.19820392,0.7113192,-0.5490116,-0.45723975,0.41332915,0.15758911,-0.6497171,-0.6429769,0.05599165,-0.70314646,0.6515647,0.45092127,0.29150972,0.2539097
105,1355,-0.24948514,0.3113754,-0.016190141,-0.44142413,-0.69532645,0.1215803,-0.6653575,0.12188645,-0.32252157,0.97187966,-0.21165468,-0.32969493,0.5431612,0.038541615,0.26482716,0.21512283
105,1357,-0.5994692,-0.5024053,-0.12311429,0.4203956,0.27025107,0.004792437,0.12599641,-0.24112056,0.23711722,-0.51506656,0.0901919,-0.43336743,0.1440512,0.46746913,0.21447523,0.11169002
105,1386,-0.21161726,-0.07639328,0.5076946,0.3361044,-0.39569575,-0.22828154,0.3522541,-1.1844269,0.47463048,0.10969179,0.62570906,-0.7526042,-1.2357258,0.19298321,-0.3630627,-0.42188996
105,1418,0.63677645,0.057277665,-0.44149825,0.038596243,-0.36443013,0.65052825,0.13395041,-0.11063214,0.041693255,-0.38354653,-0.3310725,0.12216896,0.007412456,-0.1543713,-0.3813277,0.37545687
105,1420,-0.66152394,-0.5069195,-0.287634,-0.22756448,0.7700546,0.21308786,-0.17155045,-0.091174096,0.49588668,0.08480861,0.021260321,-0.029428601,0.0005084872,0.2616628,0.33756816,-0.10341193
105,1431,0.115625426,-0.1726112,0.512612,-0.5476188,0.3667492,-0.059618548,0.13374811,0.61430454,-0.54015684,-0.15873799,0.39758626,0.5297485,-0.048893392,-0.7645811,0.28193247,-0.30182308
105,1435,-0.420131,-0.28543478,0.18625537,0.66086924,-0.51060724,-0.4283626,0.3768647,0.15475753,-0.6075548,-0.5917366,0.053440228,-0.67237616,0.6275709,0.43363914,0.29257673,0.24221796
105,1436,-0.07352857,0.24500132,0.48358974,0.13029675,-1.2407128,-0.2995755,-0.20081861,0.25809416,-0.9174305,0.3325644,0.07055767,-0.670193,0.70965844,0.059206188,0.1797611,0.36676276
105,1437,0.37488458,0.24001691,-0.7012497,-0.008783281,-0.21760271,0.123443566,0.78494346,-0.09488502,-0.2583622,0.034974523,-0.6666838,0.18991835,-0.039924234,-0.032277107,0.025569879,-0.52575415
105,1442,-0.29233378,0.27737737,-0.080889374,-0.39967632,-0.6895778,0.07478143,-0.62096095,0.20385846,-0.38894066,0.94961125,-0.28811342,-0.34490806,0.65076655,0.104406565,0.31681117,0.22198051
105,1444,-0.25895417,-0.52837515,-0.24639896,0.1914375,0.521782,0.5536631,-0.10191868,-0.40809274,0.6683666,-0.6257954,0.11081201,-0.17032965,-0.12465262,0.26376978,-0.13202956,0.43380427
105,1454,-0.48754847,-0.4605663,0.0020266771,0.55393213,0.08651134,-0.01511921,0.1538648,-0.28444177,0.15994084,-0.6726335,0.17497568,-0.51504004,0.14929481,0.4329652,0.12257444,0.21918657
105,1466,-0.27515304,0.17278051,0.01800996,-0.22281691,-0.6898774,-0.021490395,-0.45064515,0.25494573,-0.47312096,0.6884236,-0.20764945,-0.383516,0.6614135,0.12842232,0.30674687,0.2356365
105,1469,-0.6779132,-0.53764516,-0.21066791,0.3038038,0.4259236,0.02678454,0.10542999,-0.20407118,0.2993561,-0.3961557,0.03709361,-0.35425198,0.122371346,0.4778351,0.28286356,0.02216293
105,1473,-0.29887643,0.36297625,-0.0047390163,-0.50118357,-0.71800417,0.17951745,-0.7111937,-0.04809034,-0.22578344,1.0736507,-0.18119942,-0.36629224,0.41393745,0.0051485896,0.2264944,0.12607452
105,1481,0.8522103,-0.08790976,0.15752095,-0.13109827,-0.37035793,0.70128185,-0.30025935,0.14578345,-0.011806563,-0.5165554,0.2204881,0.21428704,-0.058206044,-0.44577694,-0.5302102,0.8065742
105,1487,-0.7021471,-0.42852426,-0.2769194,0.32068354,0.18682206,-0.15715428,0.21610439,0.07878035,-0.06714621,-0.29212168,-0.1946641,-0.37666678,0.467556,0.48860005,0.42692527,0.026725791
105,1490,0.1950241,-0.097157255,0.9080262,-0.113728374,-0.35314906,-0.084731594,-0.116628185,-0.57801247,0.20660323,0.2294502,0.93759745,-0.3807022,-1.0326179,-0.15668303,-0.37705106,-0.15296488
105,1496,0.22750434,-0.10457226,0.6164708,-0.53393704,0.25354922,-0.13793565,0.14122608,0.67457086,-0.6282251,-0.120603316,0.44401923,0.5497512,-0.06268246,-0.8094002,0.22839375,-0.30981672
105,1505,-0.8208511,-0.57300353,-0.47097954,-0.0697483,0.82893217,0.14325926,-0.010568678,-0.08593108,0.4825199,-0.033061195,-0.14631434,-0.09455417,0.11224039,0.42014733,0.42381066,-0.15509833
105,1509,0.22562674,0.2595385,-0.35655466,-0.15908937,-0.026749417,-0.3600707,1.0247881,0.20359533,-0.63933384,0.22128949,-0.5059887,0.3601182,-0.082118265,-0.23672286,0.30398613,-1.0348724
105,1511,-0.66152394,-0.5069195,-0.287634,-0.22756448,0.7700546,0.21308786,-0.17155045,-0.091174096,0.49588665,0.084808595,0.021260336,-0.029428616,0.0005084872,0.2616628,0.33756816,-0.10341193
105,1518,0.1300493,-0.2377868,0.46956158,-0.47847486,0.35476536,0.08625731,-0.024839632,0.48848122,-0.31364504,-0.21685305,0.42047006,0.44306904,-0.060919672,-0.6405518,0.17726466,-0.06374623
105,1519,-0.24234736,0.07242915,0.70266855,0.39348775,-0.6715149,-0.5214539,0.55599725,-1.4695646,0.42683718,0.38346106,0.7536398,-0.95589435,-1.6196864,0.19947603,-0.4121945,-0.76400876
105,1536,-0.32657275,0.43487418,-0.21503472,-0.7410189,-0.5813676,0.3153609,-0.92140377,-0.0041628033,-0.08759868,1.3657881,-0.3414461,-0.22771041,0.4575659,0.0015448928,0.2836834,0.12891686
105,1537,0.8358456,0.046707526,-0.053432792,-0.0011596084,-0.4815609,0.45633256,0.074371144,-0.03967841,-0.016715974,-0.2759624,-0.031863496,0.09156353,-0.22174516,-0.21588771,-0.50220895,0.4600188
105,1540,-0.76541007,-0.574522,-0.3712298,0.10494901,0.6789845,0.10421986,0.05394739,-0.13912214,0.41997734,-0.2225804,-0.074126974,-0.2006381,0.10631493,0.4593914,0.3597684,-0.07598457
105,1541,-0.07047644,-0.20363799,0.6674625,-0.62060124,0.55445844,-0.2540298,0.04127069,0.5921862,-0.45536116,0.03945475,0.5117142,0.5176223,-0.17836279,-0.70327747,0.34646177,-0.45397252
105,1547,-0.26178855,0.1777206,0.025238827,-0.2210607,-0.6923663,-0.03286338,-0.4275148,0.2862506,-0.4964055,0.6684185,-0.21697728,-0.3635072,0.67459524,0.105163485,0.3122751,0.23831448
105,1557,-0.40328795,-0.26644427,0.21403891,0.6920516,-0.5924605,-0.4643429,0.3942975,0.17907438,-0.6812482,-0.60309905,0.052420184,-0.7073333,0.6732404,0.43809018,0.2932256,0.26266012
105,1558,-0.702147,-0.42852426,-0.27691945,0.32068348,0.18682206,-0.15715428,0.21610442,0.07878035,-0.06714624,-0.29212168,-0.19466405,-0.37666678,0.467556,0.48859987,0.42692524,0.026725784
105,1570,0.2746833,0.2632903,-0.49729273,-0.11814835,-0.08887614,-0.2072051,0.97630405,0.104989335,-0.53151107,0.17252487,-0.5819085,0.31093884,-0.06617604,-0.16787782,0.2252981,-0.90279317
105,1573,0.8678423,0.75491405,0.4342367,0.69874096,0.005817473,-0.9455845,-0.34979308,0.147173,0.46707606,0.14051515,0.1464735,0.36747706,-0.48130494,0.2979382,-0.9203628,0.44480824
105,1575,0.4794313,0.17788666,-0.57162416,-0.015196279,-0.2594664,0.2797791,0.5704973,-0.053410515,-0.21276146,-0.116257064,-0.5284791,0.1989229,-0.014362443,-0.11936043,-0.10233704,-0.24132319
105,1577,0.10286388,-0.15750638,0.53471595,-0.572946,0.37825215,-0.110792086,0.17525727,0.6521585,-0.60142136,-0.13210127,0.39941975,0.55344737,-0.05050202,-0.79738057,0.3181476,-0.3755312
105,1580,0.8564832,0.036756814,0.041889817,-0.012115538,-0.49172008,0.41072604,0.0501249,-0.02396354,-0.018346295,-0.2503868,0.044168368,0.082561165,-0.27012622,-0.22928026,-0.51742655,0.47804642
105,1593,-0.27723268,0.16691124,-0.0014739931,-0.23826015,-0.65408,-0.011470914,-0.4486359,0.27083355,-0.45644787,0.6875103,-0.22293381,-0.35393095,0.66165745,0.11884382,0.31537557,0.2306565
105,1595,-0.66862917,0.15370995,-0.5670618,-0.6440773,0.2652634,0.39878774,-0.7922578,-0.27024192,0.6337484,1.1389834,-0.43280655,-0.018136904,0.123487175,0.20021433,0.25816616,-0.12967671
105,1602,0.22555587,0.2377412,-0.31663695,-0.166022,-0.020821974,-0.3313521,0.96370566,0.20942193,-0.6108235,0.20017955,-0.46104002,0.35649824,-0.08161524,-0.24946655,0.28814092,-0.9713322
105,1634,-0.6335803,0.29912832,-0.4863123,-0.72365093,0.10773866,0.45593017,-0.9098939,-0.4379493,0.68925107,1.3339342,-0.3837579,-0.06916268,0.002923198,0.1391196,0.1645404,-0.17076416
105,1650,-0.22203067,-0.18042505,0.32511073,0.31847048,-0.19297712,-0.038447157,0.24725974,-1.0368001,0.53932214,-0.06560017,0.5059212,-0.63538647,-0.99388796,0.22361311,-0.3270437,-0.21807058
105,1654,-0.07352857,0.24500132,0.48358974,0.13029675,-1.2407128,-0.2995755,-0.20081861,0.25809416,-0.9174305,0.3325644,0.07055767,-0.6701931,0.70965844,0.059206188,0.1797611,0.36676276
105,1660,0.54128504,0.27987355,-0.90393054,0.12643121,-0.3988217,0.29921404,0.75509775,-0.27350038,-0.10438135,-0.02715329,-0.80461144,0.089043714,-0.058364302,0.117836595,-0.16445458,-0.3083111
105,1679,0.5721358,0.31234878,-0.93836415,0.12330629,-0.4209749,0.25103343,0.8370141,-0.26758063,-0.16104695,0.010061197,-0.8478651,0.10281882,-0.070796,0.12339279,-0.15274501,-0.39010173
105,1681,-0.40021083,-0.28052208,0.21347244,0.69634944,-0.5412183,-0.4439553,0.40394726,0.15664172,-0.6364715,-0.6421495,0.07059041,-0.6833629,0.62996644,0.42544243,0.28074855,0.25586307
105,1696,-0.6119963,-0.49958497,-0.22599536,-0.19072756,0.7102391,0.21499458,-0.16969028,-0.10212757,0.47849172,0.03148582,0.0680508,-0.049390584,-0.017380565,0.24503449,0.2996748,-0.064344466
105,1703,-0.38147947,-0.27440572,0.23260385,0.6096468,-0.50418395,-0.3893193,0.31717378,0.12382454,-0.55678296,-0.5460402,0.10960223,-0.6510442,0.5609359,0.3905954,0.25946012,0.24560618
105,1707,-0.15542059,-0.20345725,0.56404376,-0.61715233,0.64449453,-0.29248178,0.1634748,0.665468,-0.5341995,-0.033454202,0.38841218,0.58153886,-0.08204992,-0.7571733,0.45546028,-0.5334474
105,1713,0.6364143,0.3289377,0.39500758,0.16537799,0.10575572,-0.2080008,-0.35069364,0.39332592,0.037344933,-0.21841717,0.2024548,0.46883625,-0.026983045,-0.28094137,-0.40913707,0.42371887
105,1730,0.80424094,1.2975893,0.3687587,1.1988249,0.49152035,-1.6208606,-0.6460173,0.36805606,0.71817017,0.18780467,-0.082252756,0.7251359,-0.22609258,0.5584997,-1.0527662,0.43079722
105,1743,0.4146543,0.16417521,-0.48216668,-0.056833863,-0.19800211,0.18958284,0.5799619,-0.0030715019,-0.24694255,-0.06391339,-0.46557152,0.21944319,-0.031730916,-0.15047769,-0.03260035,-0.32125705
105,1744,0.27736703,0.22711816,-0.3520368,-0.14819705,-0.063614175,-0.22730057,0.8920394,0.16945116,-0.5470922,0.1493909,-0.46284026,0.33267185,-0.07462018,-0.23266593,0.21959256,-0.84327775
105,1750,0.5277834,0.28501752,-0.87786806,0.07905634,-0.36520416,0.2543286,0.79846835,-0.21398531,-0.18786836,-0.013243556,-0.7934263,0.13469115,-0.046771497,0.063170105,-0.11598656,-0.39576322
105,1760,-0.7691083,-0.57569516,-0.38101706,0.087496445,0.6968104,0.109257914,0.04948622,-0.13194667,0.42686445,-0.20803824,-0.08124034,-0.18728535,0.10593817,0.45303705,0.36511478,-0.08308981
105,1787,0.7281803,-0.1261397,0.1446358,-0.14804296,-0.26633328,0.72124237,-0.3162076,0.17634578,-0.005025819,-0.5617739,0.2172609,0.23977369,0.009791158,-0.47868317,-0.45711684,0.76934475
105,1794,-0.37540445,-0.5432219,-0.04052478,0.100021884,0.5049341,0.34984988,-0.15221372,-0.26430613,0.5107005,-0.4469323,0.27160174,-0.19341536,-0.07916301,0.24920341,0.038539328,0.2686079
105,1804,0.33582506,0.2511642,-0.6456574,-0.04589787,-0.17198025,0.010754004,0.8603687,-0.03090839,-0.35261497,0.08523319,-0.6492678,0.23085949,-0.04686903,-0.07426907,0.09888218,-0.66604465
105,1815,-0.76243937,-0.50219595,-0.43611392,-0.36565912,0.9211071,0.205486,-0.17804086,0.0011089444,0.52042615,0.26283282,-0.12003456,0.075837545,0.05850707,0.251101,0.4489127,-0.21444519
105,1830,0.50361705,0.16057476,-0.5887165,0.0058428794,-0.28411436,0.3664467,0.49536565,-0.08729996,-0.14422801,-0.16383597,-0.5207911,0.1740668,-0.0046379305,-0.10292752,-0.1557835,-0.12341967
105,1836,-0.63358045,0.29912838,-0.48631224,-0.7236509,0.10773867,0.45593017,-0.90989375,-0.43794924,0.68925107,1.3339342,-0.3837579,-0.06916268,0.002923198,0.13911963,0.1645404,-0.17076416
105,1846,0.6185329,0.06239058,-0.60686576,0.09141965,-0.37758768,0.7805548,0.12049112,-0.1842648,0.11484854,-0.45515376,-0.4485731,0.09876129,0.07782167,-0.101497084,-0.40795535,0.4387719
105,1847,-0.24158713,-0.50358486,-0.22085434,0.1926663,0.48197752,0.54093003,-0.10142836,-0.41069657,0.65656495,-0.6072232,0.118518025,-0.17324229,-0.13686348,0.24526897,-0.14026198,0.42864406
105,1857,0.5197772,0.3381517,-0.88342094,0.07937501,-0.3729465,0.0696055,0.9620471,-0.20547633,-0.26479083,0.1307289,-0.83900976,0.13903075,-0.10660381,0.10681921,-0.04684872,-0.6008357
105,1862,-0.8018495,-0.5234175,-0.47936526,-0.358706,0.95650965,0.20286791,-0.16630113,-0.0049718022,0.5362154,0.26334575,-0.14718165,0.06701086,0.07148948,0.28610483,0.4669082,-0.22979455
105,1890,-0.21303803,-0.35907948,0.010467738,0.24475081,0.18757942,0.32037055,0.023040399,-0.6474531,0.6022038,-0.3975034,0.27299088,-0.3496403,-0.46234804,0.21753055,-0.22149613,0.19407062
105,1891,-0.13317597,-0.27643925,0.4406451,-0.39822698,0.32685712,0.33429557,-0.56598663,-0.26664054,0.48162138,0.24816531,0.6225487,-0.033128858,-0.47216016,-0.07125454,-0.09774295,0.04279136
105,1894,0.456409,-0.11198646,0.45200348,-0.3942598,0.021300077,0.20764741,-0.056580834,0.47628623,-0.37509635,-0.27272075,0.37786776,0.42177087,-0.048995733,-0.6801512,-0.0555866,0.13805933
105,1899,-0.702147,-0.42852426,-0.27691945,0.32068348,0.18682206,-0.1571543,0.21610439,0.07878035,-0.06714623,-0.2921217,-0.19466408,-0.37666684,0.46755606,0.4886,0.42692524,0.026725784
105,1902,0.97417915,0.06073326,0.22635199,0.02111277,-0.62496054,0.21724471,0.11927077,-0.09051505,-0.03641987,-0.1365115,0.19211191,0.0014765412,-0.5246204,-0.18603608,-0.6412744,0.42562753
105,1918,-0.66309154,0.12100676,-0.5650754,-0.6327306,0.2898379,0.3891741,-0.75983655,-0.23466851,0.6108539,1.0918868,-0.42674416,-0.007447824,0.1379838,0.19556952,0.27797148,-0.12225941
105,1929,-0.14788097,-0.20595291,0.5544554,-0.61007565,0.638262,-0.27831697,0.16205925,0.65966266,-0.5284194,-0.046321113,0.38418245,0.57758874,-0.07877128,-0.7534429,0.44790426,-0.5182481
105,1932,0.7360749,-0.13230532,-0.010878116,-0.04338944,-0.31957978,0.8804061,-0.37508637,0.051774636,0.14944935,-0.65101165,0.115749106,0.16624966,0.049641423,-0.376196,-0.5479536,0.93201643
105,1934,0.80424106,1.2975893,0.36875874,1.1988249,0.49152035,-1.6208603,-0.6460173,0.3680561,0.71817005,0.1878047,-0.082252756,0.7251359,-0.22609258,0.5584997,-1.0527662,0.43079722
105,1940,-0.76341665,-0.57766724,-0.34238103,0.17050637,0.6219322,0.08172283,0.07117605,-0.17045273,0.39800617,-0.27344915,-0.047933713,-0.25713587,0.10956128,0.49363568,0.3444072,-0.055266157
105,1941,-0.6973964,-0.544672,-0.23810175,0.23911668,0.48894578,0.04706669,0.081355855,-0.18803881,0.333552,-0.33196425,0.021486148,-0.31198895,0.10446097,0.47025922,0.30222833,-0.00946103
105,1949,0.08547133,-0.114457145,0.60967624,-0.54490125,0.36211476,-0.23542164,0.21931008,0.687904,-0.65455043,-0.081199676,0.41929358,0.5593642,-0.061990865,-0.8046253,0.33997482,-0.46276087
105,1953,0.7434679,1.4634583,0.32747355,1.3523998,0.665128,-1.8267448,-0.7427546,0.42657745,0.8177483,0.21165717,-0.16763686,0.83486724,-0.13637877,0.64977527,-1.0768875,0.4142862
105,1959,-0.35577095,-0.44106507,0.15012935,-0.31129164,0.59028924,0.28956878,-0.3585993,-0.17266034,0.4750956,0.07040093,0.41079682,-0.015121996,-0.28298792,0.07359144,0.086167574,-0.0041905344
105,1975,0.013443664,-0.21204479,0.71706045,-0.58598775,0.44165522,-0.16732825,-0.058220163,0.47799426,-0.3544033,0.051394783,0.60155463,0.41819525,-0.2612178,-0.63183826,0.23066366,-0.33345008
105,1978,-0.5064106,-0.46975392,-0.0133545995,0.5526065,0.10096046,-0.017143607,0.1537495,-0.28930384,0.16786665,-0.6633785,0.16759248,-0.52093506,0.15154387,0.45041814,0.13148826,0.20964015
105,1989,0.4912779,0.3184713,-0.8312558,0.06391941,-0.34476143,0.060754128,0.9262947,-0.18482928,-0.2569566,0.1293619,-0.79345345,0.14351684,-0.1065359,0.0875383,-0.03143149,-0.5876153
105,2007,0.16253613,-0.21795745,0.49977168,-0.49218136,0.32975316,0.061677583,-0.0018830597,0.5268335,-0.37594065,-0.2126568,0.429903,0.46728557,-0.057204004,-0.68154824,0.17810203,-0.09176567
105,2016,-0.34955728,-0.25358182,0.22868004,0.40114355,-0.38311297,-0.26900798,0.15440902,0.106079705,-0.3949826,-0.33777204,0.13474897,-0.5279363,0.4438169,0.29405108,0.24175496,0.21168526
105,2021,-0.39749652,-0.26862174,0.2289914,0.71219623,-0.60404134,-0.47116435,0.4050025,0.16967595,-0.68756413,-0.62842673,0.06790125,-0.71916986,0.6671645,0.44093588,0.2850906,0.26770562
105,2028,-0.30071303,-0.49672985,-0.008792549,0.22823454,0.3573019,0.39167976,-0.15491794,-0.3579368,0.5337949,-0.5598668,0.2849969,-0.27159268,-0.077742524,0.2583129,-0.057550512,0.3797421
105,2037,0.63752866,0.12517703,-0.7005744,0.116162196,-0.41533476,0.6795292,0.27866223,-0.22367735,0.068414874,-0.3569371,-0.5518995,0.08712291,0.038060218,-0.033450067,-0.3787557,0.2816582
105,2038,-0.15207388,0.08493644,0.83195305,0.32016832,-0.72270846,-0.5145147,0.46893647,-1.407722,0.37839818,0.4295122,0.85706127,-0.9289377,-1.6430433,0.12894109,-0.44612533,-0.72949
105,2048,-0.22093411,-0.4240492,-0.09600186,0.22094233,0.32031363,0.42852485,-0.040263712,-0.5344993,0.62790763,-0.4982826,0.20044935,-0.26541454,-0.30570036,0.22698256,-0.18616846,0.31167275
105,2055,0.1300493,-0.23778681,0.46956158,-0.47847486,0.35476536,0.08625731,-0.024839632,0.48848122,-0.31364504,-0.21685305,0.42047006,0.44306898,-0.060919672,-0.6405518,0.17726466,-0.06374623
105,2057,0.96667504,0.05488886,0.26123163,0.015597835,-0.6184929,0.19540569,0.11109623,-0.08389686,-0.03468719,-0.123593554,0.21977715,-0.0012179017,-0.5398924,-0.18971169,-0.636687,0.42299443
105,2072,0.5481607,0.29192394,-0.8898822,0.1480733,-0.41948456,0.24508074,0.77530134,-0.3021217,-0.07878281,0.027984217,-0.8000449,0.060522035,-0.10227625,0.163555,-0.16836748,-0.32378298
105,2084,-0.6725631,-0.53181124,-0.20942774,0.27234322,0.4406376,0.033764124,0.09412441,-0.1888576,0.30452764,-0.36742687,0.034908682,-0.32944232,0.11477272,0.4585745,0.28836238,0.012085967
105,2104,-0.27643365,0.35444087,-0.0885084,-0.5370566,-0.66691,0.17893961,-0.7510865,0.08891565,-0.25696924,1.1050473,-0.2626875,-0.30247396,0.5318117,0.03631535,0.27637547,0.19344477
105,2108,-0.6374439,-0.5012856,-0.25795195,-0.21223271,0.7415642,0.21335346,-0.17167203,-0.09559943,0.48676965,0.061999135,0.0430153,-0.037188113,-0.008174166,0.25181338,0.32013327,-0.085902885
105,2119,0.08886175,-0.14461493,0.55714196,-0.57640755,0.38371915,-0.15666582,0.2012184,0.6730008,-0.63463676,-0.112562574,0.4031336,0.5634003,-0.053206854,-0.81052303,0.33900738,-0.42394918
105,2133,-0.24728316,-0.47665346,0.03816746,-0.1583859,0.5884048,0.42142045,-0.28917778,-0.1392387,0.4863355,-0.2565988,0.30901462,0.0104620755,-0.15106565,0.063231796,0.016812563,0.22829463
105,2151,-0.22203065,-0.18042505,0.32511073,0.31847048,-0.19297715,-0.03844714,0.24725977,-1.0368003,0.53932214,-0.06560017,0.5059212,-0.6353865,-0.9938881,0.22361311,-0.3270437,-0.21807058
105,2160,0.2501401,-0.16412696,0.8871875,-0.29610357,-0.135989,0.024799898,-0.26753402,-0.20576395,0.093987286,0.15458384,0.89961416,-0.11681764,-0.74360037,-0.2964416,-0.2631392,-0.020828635
105,2171,-0.37117025,-0.22615321,0.24475874,0.6155765,-0.61061084,-0.42382908,0.32853162,0.1635114,-0.6552782,-0.5097581,0.07206178,-0.67839825,0.6293459,0.3798103,0.27227086,0.25432694
105,2184,-0.4072406,-0.28308693,0.19236024,0.6508907,-0.49312997,-0.41699004,0.37696788,0.15700124,-0.59401405,-0.6002238,0.059854284,-0.64950985,0.61012554,0.41175005,0.28641427,0.24136823
105,2185,-0.27643368,0.35444093,-0.0885084,-0.5370566,-0.66691,0.17893961,-0.7510865,0.088915646,-0.25696927,1.1050473,-0.2626875,-0.30247396,0.53181165,0.03631538,0.27637547,0.19344479
105,2196,0.121296465,-0.06320331,0.87794054,0.0047478527,-0.44793475,-0.1571631,0.012376323,-0.7790801,0.25950247,0.23646748,0.9116246,-0.52033174,-1.1590016,-0.08694211,-0.40286404,-0.24515732
105,2203,-0.43183824,-0.5100944,0.010034114,-0.22208847,0.67746973,0.27792484,-0.23820856,-0.1241446,0.46235946,-0.08117438,0.29625443,-0.014402151,-0.16736987,0.13446361,0.15655485,0.021662422
105,2216,0.50361705,0.1605748,-0.5887165,0.0058428794,-0.28411436,0.3664467,0.49536565,-0.08729996,-0.14422807,-0.16383597,-0.5207912,0.1740668,-0.0046379305,-0.102927506,-0.15578356,-0.12341967
105,2217,0.45605966,0.1736744,-0.54403055,-0.02900432,-0.23801996,0.24940558,0.5754504,-0.03701286,-0.22446725,-0.098416254,-0.5095268,0.20590144,-0.019383445,-0.12919815,-0.07763604,-0.27050203
105,2237,0.013443664,-0.21204479,0.71706045,-0.58598775,0.44165522,-0.16732825,-0.05822017,0.47799432,-0.3544033,0.051394783,0.60155463,0.41819525,-0.2612178,-0.6318382,0.23066366,-0.33345002
105,2254,-0.29595497,0.19783983,0.12091085,-0.18780707,-0.696845,0.012964442,-0.4149068,-0.013220683,-0.33400902,0.6116288,-0.05930181,-0.4528001,0.42377448,0.076514065,0.21398209,0.15397802
105,2262,0.08410527,-0.12481344,0.61440325,-0.5752535,0.3853597,-0.23440023,0.22690415,0.71015674,-0.68379307,-0.087607846,0.42709824,0.5798795,-0.06133339,-0.83088994,0.355172,-0.48069406
105,2265,-0.021131888,-0.2165854,0.55994153,-0.5704013,0.5255588,-0.15138341,0.070407405,0.61063325,-0.45808128,-0.10600446,0.42459106,0.53887504,-0.07783994,-0.72840106,0.3316762,-0.33638936
105,2278,0.14120449,-0.10749853,0.60676134,-0.54120773,0.31728065,-0.19880001,0.1960234,0.6840291,-0.6497437,-0.09414041,0.4235044,0.5573432,-0.060117755,-0.8079214,0.29898605,-0.41127676
105,2279,-0.74519265,-0.19384041,-0.5674577,-0.2664082,0.37773782,0.15851325,-0.32991576,-0.024067804,0.3258962,0.51872087,-0.4018166,-0.13220392,0.3506766,0.37396362,0.43780726,-0.0713405
105,2280,0.5277834,0.28501752,-0.8778678,0.07905634,-0.36520416,0.2543286,0.7984685,-0.21398534,-0.18786824,-0.0132435635,-0.7934263,0.13469115,-0.046771497,0.063170075,-0.11598656,-0.39576322
105,2283,0.24425131,-0.22919361,0.8415618,-0.44313288,0.09840322,0.085708834,-0.32607222,0.13088033,-0.049911648,0.046672814,0.83317447,0.1205469,-0.47812867,-0.4303281,-0.11511769,0.032483496
105,2286,0.51771355,0.26466927,-0.8137115,0.12493034,-0.38477343,0.23665282,0.7219503,-0.27128142,-0.070812136,0.022528015,-0.73274624,0.068322174,-0.10318489,0.13280594,-0.15263358,-0.29832542
105,2288,0.50072086,2.08735,0.18708408,1.8976243,1.4305165,-2.5348582,-1.1686406,0.8106644,1.0843405,0.18411633,-0.52019566,1.3573298,0.41283774,0.8625128,-1.0496479,0.38729084
105,2292,-0.2643042,-0.16513222,0.44361848,0.44899917,-0.44337624,0.0029787421,-0.00019791722,-0.5103437,0.018260345,-0.41282433,0.4496822,-0.65641797,-0.088068575,0.15596497,-0.089562066,0.1897411
105,2298,-0.4406613,-0.3101976,0.12479265,0.41461158,-0.26339787,-0.25234222,0.1743721,0.06936554,-0.31582156,-0.3530425,0.08283396,-0.53020656,0.44002807,0.36869028,0.2753982,0.17361112
105,2301,-0.10820889,0.26403987,0.4205899,0.10342862,-1.2703575,-0.29525018,-0.24698429,0.27135658,-0.9371575,0.42353666,0.008491531,-0.6939922,0.77348685,0.10741806,0.20775707,0.3680753
105,2303,0.37488458,0.24001691,-0.7012497,-0.008783281,-0.21760271,0.123443566,0.78494334,-0.09488501,-0.2583622,0.034974523,-0.6666838,0.18991835,-0.039924234,-0.032277122,0.025569879,-0.5257542
105,2312,0.4848204,0.30432382,-0.826336,0.0672286,-0.340167,0.09920698,0.8841715,-0.19357733,-0.22727206,0.102353,-0.7791046,0.1357714,-0.097829446,0.08572295,-0.045446955,-0.5380669
105,2318,0.09653272,-0.22130704,0.7709847,-0.5473835,0.32320687,-0.08131422,-0.15532748,0.3551051,-0.25191563,0.06146138,0.69691414,0.31156415,-0.3514331,-0.55862737,0.11071648,-0.21542765
105,2323,-0.2906365,0.3396253,0.014886707,-0.48483998,-0.67666584,0.17968772,-0.68004024,-0.052789465,-0.20185307,1.0144097,-0.15397288,-0.34586972,0.3786726,-0.012666523,0.21707287,0.11915407
105,2336,0.52092624,-0.12141512,0.36255336,-0.33888498,-0.049023822,0.35513762,-0.12652338,0.3911947,-0.270017,-0.344695,0.3357658,0.37128937,-0.034221448,-0.62714267,-0.15403867,0.3035037
105,2343,-0.58918166,-0.40601948,-0.04568714,0.52877057,-0.09629561,-0.27318984,0.3021338,0.03800576,-0.25759706,-0.50329244,-0.021417275,-0.5503559,0.4791714,0.50413454,0.3383835,0.12529044
105,2350,0.51506317,0.26671717,-0.86332405,0.09263228,-0.3622703,0.28719473,0.7448286,-0.23176847,-0.13680851,-0.03328611,-0.7714627,0.11543369,-0.045311186,0.07491511,-0.13386074,-0.33180255
105,2369,0.9302021,0.04463923,0.08799851,-0.003502354,-0.54935336,0.39962614,0.04584092,-0.036065355,-0.023982689,-0.24450874,0.08318396,0.06391348,-0.3222381,-0.23067644,-0.57564884,0.5152143
105,2371,0.7360749,-0.13230532,-0.010878116,-0.04338944,-0.31957978,0.88040614,-0.37508637,0.051774636,0.14944935,-0.6510116,0.115749106,0.16624966,0.049641415,-0.376196,-0.5479536,0.93201655
105,2380,-0.2887084,0.3065617,0.38233477,-0.16448055,-0.583389,0.23093334,-0.5262888,-0.74418795,0.3006395,0.6155049,0.2993313,-0.4961931,-0.32558852,-0.055823132,-0.18494225,-0.062462628
105,2396,-0.103678435,-0.20269814,0.57811654,-0.61209893,0.59970015,-0.25697297,0.13461244,0.6589206,-0.52608705,-0.048822578,0.4081403,0.57557327,-0.08352624,-0.7630111,0.4188653,-0.4790972
105,2405,-0.76541007,-0.5745221,-0.37122986,0.10494898,0.6789845,0.10421986,0.053947404,-0.13912211,0.41997734,-0.2225804,-0.074126944,-0.20063807,0.10631493,0.45939133,0.3597684,-0.07598455
105,2419,-0.40509224,-0.49332747,-0.027355254,0.1617134,0.39037317,0.2899589,-0.1375943,-0.31936514,0.49074855,-0.39198616,0.2541901,-0.27030385,-0.07658169,0.29140177,0.039629534,0.22787091
105,2421,0.3748846,0.24001691,-0.7012497,-0.008783281,-0.21760271,0.12344357,0.78494334,-0.09488501,-0.2583622,0.034974523,-0.6666838,0.18991834,-0.039924234,-0.032277122,0.025569871,-0.52575415
105,2425,0.5140301,2.1659617,0.16464695,1.9762907,1.4688404,-2.6354241,-1.1948928,0.81281644,1.1408771,0.2089087,-0.55532295,1.3865085,0.40932786,0.9337746,-1.1029221,0.392586
105,2436,-0.65878046,0.08898604,-0.56543183,-0.6203289,0.316942,0.37904084,-0.7288718,-0.1990345,0.59112406,1.0452422,-0.4225784,0.004658848,0.15302621,0.19300628,0.2966302,-0.114656195
105,2437,-0.45707604,-0.5840148,-0.09896994,-0.042920813,0.678959,0.3025074,-0.12541142,-0.13494162,0.47003514,-0.33412862,0.22091156,-0.08143321,-0.057552733,0.22018927,0.16067818,0.14264156
105,2449,-0.36700064,-0.4447268,0.12967621,-0.2972784,0.5980489,0.28088987,-0.3308056,-0.15954511,0.4655125,0.049502663,0.38697475,-0.01061137,-0.26316488,0.07413748,0.10116891,-0.0073349476
105,2453,-0.8294841,-0.56525934,-0.48792443,-0.11448977,0.85791093,0.14803964,-0.026056953,-0.0685084,0.4899839,0.01647459,-0.16293265,-0.06550129,0.113409504,0.4042206,0.44019458,-0.17566581
105,2472,-0.53200203,-0.3772654,-0.004115641,0.46591967,-0.092197195,-0.23914795,0.26274338,0.056031637,-0.23822173,-0.46512276,0.0051401258,-0.49097425,0.4386345,0.42541727,0.3165178,0.13172619
105,2475,-0.39946792,-0.28521276,0.17365623,0.3787263,-0.3025645,-0.24414857,0.13675791,0.07579593,-0.3251329,-0.30910712,0.11524145,-0.52100587,0.42258465,0.3291879,0.25711736,0.18452092
105,2478,0.2746832,0.2632902,-0.49729273,-0.11814835,-0.08887614,-0.20720516,0.97630405,0.104989335,-0.53151095,0.17252484,-0.5819085,0.31093884,-0.06617604,-0.16787781,0.2252981,-0.90279317
105,2496,0.58866346,0.3369993,-0.9594228,0.12121992,-0.43400478,0.20296082,0.9034171,-0.2616762,-0.20423672,0.046310164,-0.87891257,0.1124696,-0.08297836,0.1299105,-0.13759461,-0.46131855
105,2501,0.95575583,0.049522743,0.297738,0.007884875,-0.60905015,0.16804124,0.106980756,-0.07498808,-0.036609188,-0.10719905,0.2478341,-0.0023812652,-0.5558258,-0.19461516,-0.6275679,0.4124207
105,2510,-0.29084814,-0.5823244,-0.2164084,0.01323542,0.69962275,0.5609188,-0.21215276,-0.18820406,0.5999085,-0.54842174,0.14099869,-0.020616397,-0.010857046,0.19557157,-0.013692908,0.40719217
105,2516,0.52565813,0.15405232,-0.6171092,0.02477689,-0.30707604,0.430207,0.4552243,-0.11562927,-0.101709664,-0.19947375,-0.53067803,0.1569344,0.004897386,-0.088433966,-0.19545043,-0.04856348
105,2517,-0.2868017,-0.56192714,-0.18010074,-0.006888509,0.67814785,0.52884537,-0.2077871,-0.1694326,0.5705757,-0.5096599,0.15641347,-0.01198189,-0.022396706,0.16885048,0.0006441176,0.3747487
105,2524,-0.8102937,-0.5887056,-0.43707487,0.033064246,0.76607275,0.12207729,0.031981677,-0.12053652,0.45785147,-0.14354572,-0.11663289,-0.15968232,0.113829374,0.46095857,0.39561725,-0.11723162
105,2527,0.9439968,0.20489043,0.30783343,0.15703674,-0.48224336,-0.06658018,0.02152586,-0.030296355,0.06704946,-0.05550805,0.21120405,0.078845754,-0.53818023,-0.08336805,-0.694217,0.41318452
105,2529,-0.4787171,-0.5684005,-0.07467911,-0.14721902,0.7288709,0.28537726,-0.17480253,-0.12450914,0.47392276,-0.19821659,0.24452746,-0.040143684,-0.105428934,0.19693261,0.18109053,0.058484163
105,2539,-0.40993592,0.48720324,-0.036590487,-0.6443641,-0.31675172,0.45616525,-0.93652487,-0.6865568,0.6086308,1.2878875,-0.06144826,-0.21648349,-0.261853,-0.055773452,-0.08646958,-0.14818282
105,2542,0.013443664,-0.21204479,0.71706045,-0.5859878,0.44165522,-0.16732828,-0.058220163,0.47799432,-0.3544033,0.051394783,0.60155463,0.41819525,-0.2612178,-0.6318382,0.23066366,-0.33345002
105,2563,0.55862296,1.8957483,0.21532051,1.7518471,1.1535333,-2.3825383,-0.98871243,0.60798943,1.0615572,0.26981977,-0.4031961,1.1423495,0.12810008,0.88374865,-1.1018426,0.34491542
105,2566,-0.22902296,-0.43811965,-0.11392495,0.22135212,0.3434874,0.44009137,-0.042544506,-0.5311417,0.6360581,-0.5125473,0.19285469,-0.2618258,-0.29423922,0.23724523,-0.1825513,0.3201156
105,2574,0.49423966,2.0461473,0.19973879,1.8565259,1.410546,-2.4829438,-1.1545532,0.8102213,1.0538032,0.1707547,-0.50124013,1.3423554,0.41465032,0.82474744,-1.0215403,0.3841346
105,2576,-0.6379299,0.32737613,-0.47933474,-0.7296737,0.07705797,0.46080923,-0.92873955,-0.4764297,0.70304096,1.372417,-0.38216847,-0.08668321,-0.016652558,0.14080003,0.14635853,-0.1825252
105,2579,0.51097965,2.0714622,0.16397524,1.9037244,1.3753331,-2.5429516,-1.1393197,0.73972017,1.1365532,0.22973022,-0.511369,1.3051755,0.32429212,0.93402267,-1.0987573,0.3854065
105,2582,0.5140301,2.1659617,0.16464695,1.9762905,1.4688404,-2.635424,-1.1948926,0.81281644,1.1408771,0.2089087,-0.5553229,1.3865085,0.40932786,0.93377423,-1.1029223,0.392586
105,2594,-0.050883394,0.03004323,0.84292924,0.2094992,-0.6258886,-0.3793518,0.2973583,-1.1933477,0.35179776,0.3645359,0.8759358,-0.7875706,-1.4769235,0.057824463,-0.44273823,-0.54830766
105,2596,0.47834393,0.26029846,-0.8114277,0.052357092,-0.31672394,0.23577113,0.76329863,-0.17833634,-0.19169965,-0.014765397,-0.7382414,0.1479988,-0.040244572,0.029315084,-0.08187809,-0.40076685
105,2613,-0.25255865,-0.34114438,0.29488307,-0.38644528,0.4673403,0.30042163,-0.4713392,-0.20920958,0.47755507,0.21106559,0.50671333,-0.0044591725,-0.3831287,-0.009445637,0.0062585995,-0.010929927
105,2615,-0.7771237,-0.4018365,-0.42936108,0.1682228,0.29948777,-0.0877506,0.103030115,0.06757069,0.0434964,-0.07002673,-0.30321127,-0.315131,0.47114974,0.5036408,0.47594464,-0.030793682
105,2618,-0.2751529,-0.53640884,-0.11113086,-0.050502956,0.6483875,0.49495363,-0.23096167,-0.16303001,0.54463816,-0.43403748,0.20528187,-0.00806962,-0.064091995,0.13734874,0.004276119,0.32924253
105,2630,-0.4787171,-0.5684005,-0.07467914,-0.14721902,0.7288709,0.28537726,-0.17480253,-0.12450914,0.47392276,-0.19821659,0.24452746,-0.04014367,-0.105428934,0.19693261,0.18109053,0.058484163
105,2634,0.6451186,0.06781319,-0.68538,0.15461989,-0.4281096,0.85173285,0.09573564,-0.26193374,0.20041814,-0.4842213,-0.5030701,0.049609892,0.07972239,-0.033316955,-0.46956813,0.5280199
105,2647,-0.26281238,0.16375703,0.018507034,-0.22469413,-0.6525291,-0.024120614,-0.42015007,0.2869866,-0.4708012,0.6494901,-0.21385686,-0.34218973,0.65786195,0.09844357,0.3126006,0.23278195
105,2649,0.14120449,-0.10749852,0.60676134,-0.54120773,0.31728065,-0.19880001,0.19602337,0.6840291,-0.6497438,-0.09414041,0.4235044,0.5573432,-0.060117755,-0.8079214,0.29898605,-0.41127676
105,2651,0.38198394,0.21058309,-0.46032998,-0.085968055,-0.16188987,0.003054142,0.754063,0.06514939,-0.4004722,0.030470707,-0.49953198,0.27217615,-0.05027529,-0.17827353,0.06730175,-0.5723325
105,2652,0.08641493,-0.23340282,0.5071679,-0.50600886,0.40798837,0.010174438,-0.0008517504,0.52786297,-0.35733566,-0.18414724,0.43024066,0.47283638,-0.06826265,-0.667971,0.22061776,-0.14335941
105,2653,0.22498691,0.25735456,-0.39485356,-0.1425866,-0.036867738,-0.31932914,1.0064335,0.1712545,-0.59848773,0.20781165,-0.5261195,0.34185708,-0.07663499,-0.21133065,0.28614905,-0.99740946
105,2664,-0.408654,-0.2797559,0.22275524,0.7358568,-0.5951896,-0.47730416,0.42289224,0.15878388,-0.68462026,-0.6579204,0.069221556,-0.7299242,0.6656937,0.4569492,0.2854972,0.26593903
105,2667,0.23199347,0.2497136,-0.34459642,-0.16291477,-0.028150618,-0.3364122,0.9931495,0.20390238,-0.62426937,0.20690921,-0.4877295,0.35833865,-0.08024997,-0.2428791,0.29133004,-0.9973446
105,2673,-0.74519277,-0.19384041,-0.56745756,-0.2664082,0.37773785,0.15851323,-0.3299158,-0.02406779,0.3258962,0.5187208,-0.40181655,-0.13220389,0.3506766,0.37396362,0.43780726,-0.07134049
105,2674,0.5027385,0.3343283,-0.9238261,0.116968825,-0.38309497,0.103521936,0.94078517,-0.25629586,-0.19732052,0.12185053,-0.86533976,0.10352405,-0.10566212,0.15484366,-0.06635422,-0.55613625
105,2687,-0.07047644,-0.20363799,0.6674625,-0.6206012,0.5544585,-0.2540298,0.041270703,0.5921863,-0.4553611,0.03945475,0.5117143,0.5176223,-0.17836279,-0.70327747,0.34646177,-0.45397264
105,2690,0.16001144,-0.2346331,0.4599983,-0.47110873,0.3271906,0.115209624,-0.035510726,0.4818797,-0.3071932,-0.2297523,0.41745746,0.43918645,-0.05464433,-0.6407526,0.1557723,-0.030913398
105,2691,0.42448643,-0.11117351,0.47462735,-0.41196018,0.04664266,0.16367759,-0.036922596,0.49412555,-0.39535943,-0.24166161,0.38879928,0.43068653,-0.056071058,-0.68861055,-0.018802963,0.0847624
105,2700,-0.24103329,0.11941776,0.7907517,0.37369084,-0.74372107,-0.6125204,0.59365857,-1.4941398,0.37981355,0.47857547,0.8042792,-0.9812294,-1.7058953,0.16555241,-0.4033447,-0.86426675
105,2711,0.6585984,0.07341185,-0.7013484,0.15690471,-0.43783206,0.86016047,0.10458152,-0.2644565,0.19333063,-0.48983115,-0.5163714,0.05174751,0.0829611,-0.033218324,-0.4768076,0.52766585
105,2721,-0.26698127,-0.60456395,-0.38037804,0.13683678,0.7029583,0.6824133,-0.18942384,-0.22136004,0.68546796,-0.7319212,0.008587599,-0.032215565,0.09508124,0.25647113,-0.06912517,0.57569426
105,2724,0.66891885,0.7077824,0.36512253,0.52913374,0.35522425,-0.6768372,-0.5387099,0.49817425,0.23211227,-0.1583427,0.059826016,0.6706844,0.073705,-0.06782207,-0.5727729,0.45473742
105,2736,0.52427936,0.33253825,-0.9429635,0.13582252,-0.40572882,0.14405666,0.9146813,-0.2827044,-0.1639652,0.10027435,-0.872509,0.0866694,-0.10568911,0.17193022,-0.09981219,-0.5014313
105,2739,0.68444633,1.6292274,0.28900957,1.5049772,0.8399335,-2.0345895,-0.8380796,0.49055868,0.91093457,0.2338827,-0.25270593,0.94763464,-0.043201055,0.7373719,-1.0968051,0.39523238
105,2742,0.6287892,0.36810195,-1.036597,0.17225425,-0.49220794,0.20208865,0.9481721,-0.3307498,-0.16615605,0.07469211,-0.9454335,0.07211171,-0.11062406,0.20468658,-0.17476451,-0.45912677
105,2744,-0.44244492,0.48865658,-0.120889604,-0.6916828,-0.26283413,0.47906542,-0.98828876,-0.67509127,0.6482638,1.3616961,-0.11829309,-0.19332175,-0.2309171,-0.024981856,-0.05775345,-0.14984776
105,2755,0.3919554,-0.11067764,0.4990034,-0.4304182,0.07325554,0.11814252,-0.016834117,0.51303166,-0.4166617,-0.2101438,0.4009234,0.44030088,-0.063347146,-0.6978363,0.019115262,0.029929593
105,2762,-0.0074171275,0.010708749,0.86662483,0.16263102,-0.5967833,-0.33704668,0.23312062,-1.1166974,0.33186162,0.34715226,0.90147483,-0.73909533,-1.4297557,0.028590113,-0.44387805,-0.49044627
105,2768,-0.24101436,-0.46273533,0.063881606,-0.1719506,0.57196414,0.40447956,-0.29141837,-0.13031541,0.47018552,-0.23090288,0.32202804,0.015039921,-0.16104636,0.045962274,0.021438576,0.21111059
105,2770,0.33586922,0.26180667,-0.65678954,-0.04829219,-0.17121674,-0.010415599,0.89402986,-0.024498045,-0.37892637,0.095681585,-0.666359,0.23918805,-0.046405606,-0.07713966,0.111201696,-0.7065613
105,2771,-0.3180126,-0.32142317,0.30676162,0.6170405,-0.27511418,-0.03988485,0.12563723,-0.41108125,0.028549895,-0.6930295,0.37782153,-0.64963216,0.042748347,0.29235318,-0.03178736,0.27698302
105,2783,-0.29003024,0.061366826,0.4203894,0.19251354,-0.55331075,0.10623052,-0.23127082,-0.6745307,0.14529118,0.06281275,0.38749653,-0.63553625,-0.21010153,0.080507755,-0.14532968,0.064560495
105,2795,0.62126553,1.8185364,0.27718675,1.6071203,1.1750059,-2.1511266,-1.0637461,0.7874511,0.858498,0.09361654,-0.36581284,1.2440634,0.3474484,0.62055624,-0.9816119,0.44268733
105,2811,-0.31623554,-0.14488888,0.2892468,0.4465577,-0.63171935,-0.3332156,0.18653092,0.13188855,-0.5903224,-0.3019257,0.0984987,-0.6119668,0.54148734,0.2645965,0.23617738,0.23092617
105,2820,-0.29858172,-0.4636549,0.051882416,0.25327575,0.27339822,0.3328497,-0.13992149,-0.38028824,0.48997942,-0.5255125,0.31743386,-0.31235802,-0.09961349,0.25381634,-0.05785788,0.33999392
105,2825,0.7112452,1.5746949,0.33645907,1.3604583,0.9530854,-1.7976797,-0.9757209,0.7479408,0.6854795,0.007053435,-0.23912556,1.1315011,0.2890597,0.42723152,-0.92785746,0.5013573
105,2827,0.77331865,1.3788815,0.34879795,1.274123,0.57809085,-1.7233543,-0.69268024,0.39786452,0.76607823,0.19964916,-0.124255195,0.77966297,-0.18144491,0.6032002,-1.062974,0.42087626
105,2828,-0.75577295,-0.576452,-0.3212075,0.21217479,0.584171,0.0663213,0.08728768,-0.18362887,0.3780731,-0.31213874,-0.0320137,-0.28655046,0.11345039,0.5056548,0.3339592,-0.040795058
105,2832,0.5140301,2.1659617,0.16464695,1.9762907,1.4688405,-2.635424,-1.1948928,0.81281644,1.1408771,0.2089087,-0.5553229,1.3865085,0.40932786,0.93377423,-1.1029223,0.392586
105,2835,0.73629355,-0.122786626,0.17016521,-0.1799013,-0.25359344,0.6930875,-0.29386824,0.21528828,-0.060267285,-0.5530215,0.23295128,0.26868418,0.008757882,-0.51575017,-0.4364465,0.7257992
105,2837,-0.3235348,-0.4040941,0.21189441,-0.3620484,0.55663157,0.29306024,-0.42177665,-0.19618864,0.48847204,0.15789172,0.46165138,-0.009950444,-0.34017754,0.04918477,0.05260872,-0.023073032
105,2857,0.71180856,-0.1307896,0.10946688,-0.114876844,-0.27310568,0.7520268,-0.3349774,0.13511482,0.052299462,-0.5734544,0.19423369,0.21096103,0.014451988,-0.43933865,-0.47322148,0.80881286
105,2863,-0.28966057,-0.62747204,-0.40170255,0.13538288,0.74128765,0.68386805,-0.18114564,-0.22295542,0.69206977,-0.74381167,0.003657788,-0.032823876,0.09882711,0.27467874,-0.05711078,0.56632096
105,2865,0.50881946,0.32622963,-0.8436581,0.067937836,-0.35854828,0.061118655,0.93849266,-0.18945394,-0.26348087,0.1312254,-0.8049524,0.14307642,-0.10984396,0.09194204,-0.040073402,-0.5903233
105,2869,-0.646436,-0.4340656,-0.13586733,0.5051964,0.01064086,-0.24932529,0.3117026,0.043352075,-0.19927818,-0.49212524,-0.08431269,-0.5104485,0.4839872,0.5285847,0.37277195,0.093067676
105,2873,-0.13947105,-0.27116534,0.4600972,-0.42168468,0.32371014,0.31610513,-0.5769298,-0.2599917,0.4764264,0.29296836,0.636404,-0.029973298,-0.48412555,-0.07508817,-0.08953779,0.019618623
105,2876,-0.42279434,-0.50272346,-0.040364683,0.14565064,0.41123533,0.2909337,-0.14761792,-0.32030594,0.5009804,-0.3687669,0.25107002,-0.2704519,-0.07806805,0.3038424,0.04991754,0.21519667
105,2877,0.08194205,-0.22056222,0.7529141,-0.5494906,0.34094474,-0.08657144,-0.14288333,0.3739554,-0.26035362,0.057846434,0.6741834,0.32729796,-0.32891995,-0.5642878,0.13120735,-0.2248856
105,2884,-0.42651087,0.48766083,-0.079725206,-0.6681738,-0.28891176,0.46746707,-0.96222985,-0.67989933,0.6282767,1.3247863,-0.09074105,-0.2044261,-0.24557263,-0.040151566,-0.0714939,-0.14890803
105,2886,0.5255674,2.136374,0.18914132,1.9535258,1.4202185,-2.637093,-1.1492735,0.7840302,1.1166795,0.22804561,-0.52387094,1.349523,0.34720916,0.93293047,-1.1076614,0.3619774
105,2897,0.4560596,0.17367437,-0.54403055,-0.02900432,-0.23801996,0.24940558,0.5754504,-0.03701286,-0.22446725,-0.098416254,-0.5095268,0.20590144,-0.019383445,-0.12919815,-0.07763604,-0.27050203
105,2904,0.569204,0.34025443,-0.9378294,0.10826756,-0.4168259,0.15554231,0.92894447,-0.24449383,-0.22691435,0.07759168,-0.8695574,0.12102496,-0.09277314,0.124477744,-0.10792842,-0.5124503
105,2905,-0.29420215,0.23474547,0.093639284,-0.2691893,-0.6904252,0.057777405,-0.48772934,-0.023586795,-0.29721323,0.7216083,-0.08314569,-0.42395794,0.41081554,0.05262348,0.21477768,0.14462389
105,2913,-0.20652775,-0.4048133,0.19950616,-0.2568117,0.49519956,0.39352277,-0.40894476,-0.20674042,0.49845624,-0.052244,0.44573534,-0.014016584,-0.29408988,0.021897078,-0.03818325,0.15106864
105,2917,0.31620777,0.22647277,-0.37521908,-0.13348553,-0.09560226,-0.17566149,0.8625424,0.14677036,-0.5184839,0.12300942,-0.4704066,0.3198728,-0.07288685,-0.22085217,0.17704658,-0.77721334
105,2938,-0.36372524,-0.1976345,0.26630142,0.60214466,-0.6657539,-0.42130643,0.30446452,0.14443752,-0.67367136,-0.46469092,0.08002554,-0.7012264,0.625905,0.36975524,0.26138687,0.25263882
105,2957,-0.7038975,-0.145742,-0.5770488,-0.40616962,0.43056464,0.23509598,-0.43016493,-0.013073489,0.40399614,0.6547244,-0.41161418,-0.031681836,0.2960903,0.283026,0.4255116,-0.084592015
105,2961,0.3359139,0.21650702,-0.40325126,-0.11560552,-0.11709885,-0.10319598,0.8116704,0.11463851,-0.46614924,0.08511721,-0.47574824,0.29976782,-0.0635554,-0.20457783,0.13522263,-0.69101477
105,2963,0.09371348,-0.15071617,0.54427934,-0.5752809,0.37875438,-0.13178672,0.18790227,0.6589217,-0.61468136,-0.11789085,0.40044162,0.5553456,-0.05304622,-0.8018708,0.32974365,-0.40074384
105,2965,0.9039327,0.513097,0.4420653,0.47216046,-0.2093368,-0.62007344,-0.20694923,0.06299742,0.32560804,0.0927053,0.22725563,0.22310252,-0.5625632,0.15934435,-0.8464448,0.44417566
105,2984,-0.05159548,-0.20788452,0.5529404,-0.42006248,0.20088068,0.34026164,-0.63891804,-0.2973888,0.4817494,0.32416594,0.6961707,-0.050318256,-0.5358697,-0.12273161,-0.16166142,0.06474291
105,3004,-0.103678435,-0.20269814,0.57811654,-0.61209893,0.59970015,-0.25697297,0.13461244,0.6589206,-0.52608705,-0.048822574,0.40814033,0.57557327,-0.08352624,-0.7630111,0.4188653,-0.47909725
105,3007,0.63442385,-0.121362515,0.29758048,-0.28446788,-0.14162849,0.49805576,-0.19907854,0.3322053,-0.20267904,-0.43740368,0.30604106,0.3392688,-0.019206565,-0.59917307,-0.27953494,0.4851175
105,3015,0.08194205,-0.22056222,0.7529141,-0.5494906,0.34094474,-0.08657144,-0.14288333,0.3739554,-0.26035362,0.057846434,0.6741834,0.327298,-0.32891995,-0.5642878,0.13120735,-0.22488563
105,3017,0.047832265,-0.23012237,0.5167019,-0.5125563,0.43788087,-0.030557796,0.012170494,0.5361814,-0.36417475,-0.15981844,0.42601597,0.47877258,-0.07258209,-0.6690099,0.24808484,-0.18731923
105,3023,0.42831734,0.26123762,-0.757977,0.015054107,-0.26528013,0.14945209,0.80990314,-0.12413563,-0.25744474,0.026454762,-0.7130564,0.17980242,-0.043116316,-0.008180559,-0.012691222,-0.5093629
105,3031,-0.7701893,-0.58047,-0.3569136,0.15550978,0.6427702,0.08761185,0.0689549,-0.16363607,0.4063681,-0.26198566,-0.05893205,-0.24383073,0.11049919,0.49095413,0.3510228,-0.062564924
105,3036,0.49434248,-0.12187924,0.3821689,-0.3508491,-0.028617054,0.31985146,-0.112515345,0.40243953,-0.28166357,-0.3197926,0.34634846,0.37590393,-0.041407436,-0.6314652,-0.12550181,0.2635162
105,3037,-0.30748838,-0.09439088,0.31549287,0.41889805,-0.726434,-0.32667875,0.13763332,0.10233485,-0.6224178,-0.21221247,0.102743685,-0.65192336,0.5446043,0.25396475,0.22169752,0.2297988
105,3039,-0.7113546,-0.077315174,-0.5908358,-0.44820344,0.38646954,0.26662177,-0.51342106,-0.07542515,0.45303127,0.76564217,-0.4314369,-0.04324703,0.27381974,0.28669015,0.3916918,-0.092374414
105,3056,-0.14030686,-0.20556363,0.6006043,-0.6278075,0.6319038,-0.295276,0.134011,0.65747154,-0.5226737,-0.007470973,0.42608356,0.5731412,-0.10674231,-0.74985826,0.43683925,-0.5260773
105,3061,0.49127796,0.3184713,-0.8312557,0.06391941,-0.34476143,0.06075412,0.9262947,-0.18482931,-0.25695664,0.1293619,-0.79345345,0.14351684,-0.106535904,0.0875383,-0.03143149,-0.58761525
105,3073,-0.79672456,-0.50687927,-0.48517445,-0.37138814,0.9529478,0.19892067,-0.16237843,0.012496643,0.5277023,0.28086805,-0.1660965,0.085861,0.080148056,0.2651265,0.4749517,-0.23818393
105,3078,0.5140301,2.1659617,0.16464695,1.9762907,1.4688404,-2.635424,-1.1948928,0.81281644,1.1408771,0.2089087,-0.5553229,1.3865085,0.40932786,0.93377423,-1.1029224,0.392586
105,3092,-0.3082639,-0.61328983,-0.35574535,0.0879377,0.74804384,0.61994827,-0.16078237,-0.177323,0.6376491,-0.6785718,0.02366285,-0.009373561,0.08456211,0.23760042,-0.0083878115,0.48853505
105,3110,0.18295789,-0.095520675,0.8926307,-0.09743319,-0.35879117,-0.084977195,-0.10321618,-0.5965141,0.21698427,0.22229248,0.9235354,-0.39383197,-1.0343846,-0.14769551,-0.37592903,-0.15462987
105,3111,0.12291327,-0.10922888,0.59628487,-0.54935265,0.33719248,-0.20619015,0.21329737,0.6890471,-0.6624346,-0.09431423,0.41463712,0.5643693,-0.05702894,-0.8137282,0.31803763,-0.4383902
105,3116,-0.65135396,-0.43730983,-0.1609219,0.47583973,0.06143838,-0.22672118,0.30505177,0.050776012,-0.16560277,-0.479904,-0.101610675,-0.47136164,0.46998847,0.5115589,0.37935832,0.0812463
105,3122,-0.2886567,0.41419798,-0.06946486,-0.63441,-0.6667734,0.2633615,-0.83144987,-0.05322525,-0.14357203,1.2284414,-0.22528373,-0.29333532,0.39226764,-0.030884385,0.22993928,0.12363933
105,3146,0.48798832,2.0037847,0.21358812,1.8143715,1.3901939,-2.4300334,-1.1400006,0.81050444,1.0215384,0.15652469,-0.48129684,1.3273711,0.4168257,0.78529286,-0.9923555,0.3807736
105,3147,-0.34585887,-0.43457612,0.16791473,-0.32777792,0.5845118,0.29745507,-0.3866425,-0.18566455,0.48598865,0.09615364,0.431085,-0.017120853,-0.30261225,0.072910905,0.0722541,-0.004098907
105,3161,-0.8187101,-0.5140253,-0.51180923,-0.3684992,0.96909857,0.1957551,-0.15460663,0.011948824,0.53426445,0.2862698,-0.18776105,0.083180785,0.090593815,0.28177372,0.48728216,-0.24886943
105,3169,0.9223211,0.43200535,0.35808688,0.38432747,-0.29179013,-0.4319654,-0.1305622,0.03259802,0.24416852,0.03241641,0.18644771,0.18969598,-0.53144705,0.08910146,-0.8043364,0.43466204
105,3173,-0.25255865,-0.34114438,0.29488307,-0.38644528,0.4673403,0.30042166,-0.47133917,-0.20920958,0.4775551,0.21106559,0.50671333,-0.0044591725,-0.38312876,-0.009445637,0.006258592,-0.010929927
105,3174,0.5140301,2.1659617,0.16464695,1.9762907,1.4688404,-2.635424,-1.1948928,0.81281644,1.1408771,0.2089087,-0.5553229,1.3865085,0.40932786,0.93377423,-1.1029224,0.392586
105,3181,0.5910317,0.14628458,-0.6844369,0.07727276,-0.37117136,0.56561667,0.3786867,-0.17846148,-0.018144727,-0.2834892,-0.56251556,0.12075489,0.026059099,-0.0543423,-0.29392678,0.11493415
105,3185,0.53379714,0.27708086,-0.89903367,0.121324405,-0.3910333,0.2985282,0.7529321,-0.26737475,-0.10809174,-0.02903013,-0.8004414,0.09302676,-0.054735407,0.11138716,-0.15815362,-0.31241363
105,3186,-0.8287382,-0.5102284,-0.53278494,-0.32268894,0.9574229,0.17605174,-0.10596188,0.021680921,0.5113251,0.23713133,-0.22182687,0.078393586,0.11628577,0.2909597,0.49784106,-0.24918197
105,3198,0.11348079,-0.17722218,0.5046551,-0.52954775,0.35695893,-0.04019338,0.10925113,0.58988166,-0.49862882,-0.16138694,0.3959943,0.5103194,-0.050467808,-0.73978233,0.265703,-0.26458472
105,3203,-0.28386268,0.24644962,-0.04113719,-0.34162265,-0.6952904,0.04336089,-0.564806,0.21465984,-0.4167187,0.8639324,-0.25621927,-0.35978025,0.64762264,0.10701978,0.30955857,0.22523606
105,3204,-0.4054053,-0.27684098,0.22471029,0.72950375,-0.5971334,-0.47580636,0.41867033,0.16214478,-0.6855427,-0.6505888,0.06885424,-0.7264557,0.6659879,0.452108,0.2854524,0.266266
105,3207,-0.7021471,-0.42852426,-0.2769194,0.32068348,0.18682206,-0.15715425,0.21610439,0.07878035,-0.06714621,-0.29212168,-0.19466408,-0.37666684,0.467556,0.4886,0.42692527,0.026725784
105,3215,-0.27723268,0.16691124,-0.0014739931,-0.23826015,-0.65408,-0.011470914,-0.44863594,0.27083355,-0.4564478,0.6875103,-0.22293384,-0.35393095,0.66165745,0.11884382,0.31537554,0.23065649
105,3224,0.2256267,0.25953847,-0.3565546,-0.15908937,-0.026749402,-0.3600707,1.0247883,0.20359533,-0.6393337,0.22128949,-0.50598866,0.3601182,-0.082118265,-0.23672286,0.30398613,-1.0348724
105,3233,-0.85559154,-0.53521836,-0.5477797,-0.26284406,0.9521884,0.16455427,-0.07672076,-0.008204997,0.51267636,0.17994222,-0.22341053,0.033876695,0.12329455,0.34475604,0.49550086,-0.24176578
105,3236,0.38198394,0.21058309,-0.46033004,-0.085968055,-0.16188987,0.003054127,0.754063,0.06514939,-0.40047225,0.030470707,-0.49953198,0.27217615,-0.05027529,-0.17827351,0.067301765,-0.5723326
105,3238,0.097187236,-0.13332425,0.60432446,-0.586381,0.38815618,-0.20860876,0.21659544,0.7116146,-0.6828611,-0.10278957,0.42769116,0.5857567,-0.058102537,-0.838323,0.34790534,-0.46062666
105,3239,-0.37242353,-0.27377415,0.22603379,0.5421958,-0.4446494,-0.3424018,0.26824528,0.112477764,-0.4884328,-0.49064657,0.1187733,-0.6015446,0.51147014,0.355378,0.25171253,0.23176809
105,3249,-0.7701894,-0.58047,-0.35691354,0.15550978,0.6427702,0.087611854,0.0689549,-0.16363604,0.4063681,-0.26198566,-0.05893202,-0.24383073,0.11049922,0.49095413,0.35102284,-0.062564924
105,3263,0.9781121,0.059439912,0.16413686,0.01594843,-0.61936915,0.2948889,0.10383654,-0.08491056,-0.033114582,-0.17690174,0.14296658,0.01702638,-0.4605142,-0.20086576,-0.63333654,0.4619072
105,3272,0.087263346,-0.11808852,0.6371895,-0.5758446,0.3850342,-0.26149678,0.23470935,0.72562706,-0.70337975,-0.0807767,0.43797052,0.5874857,-0.064266786,-0.83976555,0.358678,-0.49798667
105,3277,-0.3185104,-0.23710707,0.26886153,0.3339671,-0.3948652,-0.23562269,0.07840471,0.08551077,-0.35776678,-0.2513983,0.17774263,-0.5167326,0.39814144,0.25999007,0.21862279,0.21392359
105,3297,0.77788746,0.0526416,-0.16621712,0.005328402,-0.44446307,0.50342554,0.10146971,-0.05238028,-0.012033105,-0.30165568,-0.12180306,0.10695784,-0.15374318,-0.2020848,-0.4596451,0.42037416
105,3300,0.92836344,0.35649115,0.34129214,0.30865657,-0.35414773,-0.31167352,-0.078694,0.01211644,0.18443094,0.0035292432,0.19430745,0.15313242,-0.5333881,0.031651437,-0.7662675,0.42547727
105,3303,-0.28568956,0.21236128,-0.015872806,-0.2709598,-0.7193049,-0.0019365549,-0.50722766,0.24334359,-0.47053728,0.7835942,-0.24244608,-0.39152724,0.6806339,0.13576436,0.3144148,0.23586479
105,3348,0.22210237,-0.1030766,0.6222851,-0.5518252,0.26946968,-0.15766881,0.16612023,0.6969558,-0.6663953,-0.11827076,0.44416025,0.56822926,-0.061137892,-0.83203244,0.24827403,-0.34937072
105,3361,0.7347326,-0.10743484,0.04778768,-0.08923939,-0.31378812,0.7693898,-0.31346676,0.09400247,0.07330291,-0.558805,0.13979718,0.18832776,0.0052125454,-0.39769784,-0.49565947,0.81474423
105,3362,-0.26564234,0.34287262,-0.056732774,-0.49803334,-0.6933405,0.15339541,-0.7192211,0.10052608,-0.2921565,1.0596625,-0.24347128,-0.3210925,0.54124343,0.038361877,0.27132043,0.20274144
105,3368,-0.6561636,-0.49267536,-0.28678587,-0.25695986,0.7757787,0.2081762,-0.17499396,-0.06301132,0.4850583,0.11649381,0.009491995,-0.0015791804,0.005317919,0.23656431,0.35039043,-0.11769977
105,3374,-0.33411586,-0.24330632,0.25007975,0.36803162,-0.39810753,-0.2550056,0.1139361,0.09680489,-0.38233754,-0.28930494,0.1557005,-0.5278305,0.42602676,0.27977833,0.23074202,0.21453542
105,3377,-0.06503238,0.23652801,0.4987383,0.1376516,-1.2241797,-0.2999847,-0.18465497,0.25612405,-0.9082366,0.30280602,0.08651009,-0.65901834,0.6898137,0.044430256,0.17292869,0.36424
105,3387,-0.4791405,-0.50744843,-0.09478456,0.045151398,0.50155026,0.27280885,-0.16021349,-0.25834125,0.50051427,-0.24759513,0.20183234,-0.20784833,-0.06315656,0.2919025,0.12031428,0.13455208
105,3391,0.6877943,1.6581086,0.32562238,1.4441236,1.0290996,-1.9142253,-1.0123405,0.77073574,0.7347425,0.026712276,-0.27723414,1.1757473,0.3178792,0.48003307,-0.94422024,0.48774803
105,3399,0.6592388,0.068687975,-0.69088924,0.15175103,-0.43434912,0.86658466,0.09324002,-0.25710177,0.19134633,-0.4978425,-0.5060375,0.05577182,0.08638981,-0.043013617,-0.47817147,0.53747773
105,3400,0.7546234,-0.11541928,-0.012018859,-0.06124778,-0.3309232,0.8561354,-0.34499463,0.0686148,0.108525336,-0.62549686,0.104608074,0.18027717,0.040923856,-0.38827404,-0.53793323,0.8913344
105,3412,-0.769207,-0.319247,-0.51693404,-0.044635043,0.3782851,0.028991401,-0.099489965,0.04222177,0.1905341,0.20613253,-0.36017334,-0.20834844,0.4201411,0.44718572,0.47090822,-0.05251755
105,3413,0.1300493,-0.23778681,0.46956158,-0.47847492,0.3547654,0.086257316,-0.02483964,0.48848128,-0.3136451,-0.21685304,0.42047006,0.44306904,-0.060919672,-0.6405518,0.17726466,-0.063746214
105,3428,0.16384235,-0.21566588,0.50603855,-0.5023367,0.3349015,0.050541885,0.009881437,0.5405391,-0.39773986,-0.21044281,0.4321841,0.4776337,-0.056852125,-0.694983,0.18671288,-0.11073713
105,3466,0.08712834,-0.16181438,0.50887054,-0.5422292,0.36822772,-0.08366044,0.14939487,0.60944074,-0.5379689,-0.13363566,0.3846114,0.5215454,-0.050976522,-0.7552775,0.3018367,-0.33305323
105,3467,-0.28393745,0.1477187,-0.025830328,-0.26755688,-0.5703638,0.019858167,-0.45361513,0.2658369,-0.3930439,0.6831534,-0.22611664,-0.30495685,0.62295574,0.10091862,0.31683126,0.21275544
105,3470,-0.28966057,-0.62747204,-0.4017026,0.13538288,0.7412876,0.68386805,-0.18114564,-0.22295542,0.69206977,-0.74381167,0.003657788,-0.03282386,0.09882712,0.27467874,-0.057110764,0.56632096
105,3476,-0.60503244,-0.500446,-0.12885043,0.3508798,0.31596968,0.014737427,0.103603736,-0.21336077,0.25247833,-0.44670376,0.08530435,-0.3859337,0.12504798,0.44006535,0.23533681,0.07785008
105,3477,0.55827963,0.299542,-0.91765547,0.123210326,-0.4107604,0.2612465,0.8063352,-0.26774633,-0.14016753,0.0015812516,-0.82617974,0.09737538,-0.069694854,0.121334076,-0.15429834,-0.36277467
105,3482,0.35466886,-0.09851189,0.60199344,-0.48305547,0.13651647,-0.026326418,0.04564354,0.613933,-0.5412632,-0.16405998,0.4530058,0.5034796,-0.07392435,-0.76834345,0.096748486,-0.11774403
105,3507,0.66891897,0.7077824,0.36512253,0.52913374,0.35522425,-0.6768372,-0.5387099,0.49817425,0.23211226,-0.1583427,0.05982603,0.67068434,0.073705,-0.06782204,-0.5727729,0.45473742
105,3508,-0.27482492,0.08310333,0.44159788,0.1475964,-0.55990833,0.1152225,-0.25572687,-0.6697907,0.14760406,0.11490456,0.39822495,-0.613494,-0.23193188,0.046433628,-0.14868256,0.049598724
105,3519,0.5483074,0.3316661,-0.91400826,0.09989767,-0.39882267,0.14414093,0.9179399,-0.23423521,-0.22485656,0.08251689,-0.85000145,0.123511195,-0.09319222,0.11683795,-0.09363911,-0.5172436
105,3524,-0.3185104,-0.23710707,0.26886153,0.3339671,-0.39486516,-0.23562269,0.078404725,0.085510775,-0.35776678,-0.2513983,0.17774265,-0.5167326,0.39814144,0.25999007,0.21862279,0.2139236
105,3527,-0.8269836,-0.5922693,-0.45822242,0.014563039,0.7892401,0.1256757,0.024235293,-0.119285,0.46908614,-0.118185416,-0.129582,-0.15254624,0.116862446,0.4673287,0.40694973,-0.1302001
105,3529,-0.81747687,-0.5783651,-0.46074614,-0.036607698,0.80900407,0.13740808,0.0021554232,-0.09756149,0.47580245,-0.06851056,-0.13687788,-0.11572413,0.11253111,0.4344875,0.4141894,-0.14221253
105,3537,0.66790426,0.08678198,-0.72305703,0.16231121,-0.44885653,0.8447142,0.13577771,-0.2726342,0.18269616,-0.47381335,-0.53895825,0.05011139,0.07617612,-0.02072066,-0.4748996,0.5001472
105,3538,-0.22902295,-0.43811965,-0.11392495,0.22135212,0.3434874,0.44009137,-0.0425445,-0.5311417,0.6360581,-0.5125473,0.19285469,-0.2618258,-0.29423916,0.23724523,-0.18255126,0.32011557
105,3547,-0.10080084,0.057260618,0.8329947,0.26766247,-0.6751098,-0.4429,0.3812745,-1.3032379,0.37018403,0.3953201,0.86265105,-0.85923207,-1.5579934,0.09469518,-0.44712573,-0.6340077
105,3550,0.090727374,-0.16005819,0.51391745,-0.55202734,0.37244004,-0.09165765,0.15966806,0.6222527,-0.55850995,-0.13338566,0.38694918,0.53174657,-0.05025907,-0.7684005,0.30836296,-0.34866738
105,3564,-0.64973164,0.17449033,-0.55535054,-0.67588353,0.26138088,0.4181947,-0.82395077,-0.27838135,0.6525699,1.1745821,-0.42341065,-0.0002257973,0.10168217,0.1738998,0.24447063,-0.1291676
105,3572,-0.46459925,-0.33298197,0.087852105,0.43723947,-0.20313133,-0.24911968,0.21381569,0.06812402,-0.29182693,-0.40729147,0.060550183,-0.510483,0.4355862,0.37904093,0.28651664,0.16081485
105,3574,-0.23246722,0.03697884,0.6594869,0.38470966,-0.6115015,-0.450534,0.5075619,-1.408713,0.43991917,0.31444404,0.7274107,-0.91287875,-1.5329481,0.19991413,-0.4059608,-0.6797211
105,3578,-0.3245718,-0.62558085,-0.36925796,0.08567761,0.77245563,0.6164105,-0.15186559,-0.17501582,0.6373514,-0.6835324,0.018259108,-0.0074542165,0.08825454,0.24646929,0.0031716973,0.47712666
105,3588,-0.30818623,-0.23304093,0.27265027,0.33412606,-0.38983834,-0.23244382,0.08567694,0.09253892,-0.35860547,-0.2655074,0.178301,-0.50231004,0.39361936,0.24496743,0.21558508,0.21598363
105,3598,-0.15625668,0.09279668,0.8466486,0.33651108,-0.74837774,-0.5332371,0.4881753,-1.448247,0.38052726,0.4380464,0.8716958,-0.9583062,-1.6807239,0.1380794,-0.45749313,-0.7522054
105,3606,-0.5080518,-0.6114973,-0.13096929,-0.08280238,0.7593067,0.27959403,-0.11008214,-0.10920213,0.46338645,-0.30080774,0.20425898,-0.055105597,-0.049643964,0.2336007,0.20544365,0.08677711
105,3613,-0.098157436,-0.20127568,0.57524204,-0.6038476,0.5878301,-0.24721651,0.12641826,0.64973545,-0.51310456,-0.049872223,0.40711337,0.5677443,-0.083121076,-0.7553698,0.40980846,-0.4633736
105,3616,0.038886048,-0.22625436,0.5367865,-0.53467774,0.46365535,-0.06533657,0.02521433,0.5669921,-0.4003221,-0.14876284,0.432215,0.50420445,-0.07288906,-0.6953892,0.26753148,-0.22659953
105,3620,0.6177758,0.058328867,-0.5043138,0.050524324,-0.35721976,0.694952,0.1338731,-0.12977974,0.05975856,-0.40920213,-0.376374,0.12099394,0.040868536,-0.14198974,-0.37761194,0.38325208
105,3623,0.61877966,0.058424607,-0.6143199,0.106341645,-0.38523072,0.7983354,0.10244723,-0.20227249,0.1436941,-0.46313626,-0.4509195,0.08452591,0.07712813,-0.08566815,-0.4224714,0.46990275
105,3625,-0.15542057,-0.20345725,0.5640438,-0.61715233,0.64449453,-0.29248178,0.1634748,0.665468,-0.5341996,-0.033454195,0.38841218,0.5815388,-0.08204993,-0.7571733,0.4554603,-0.5334474
105,3631,-0.71135473,-0.077315174,-0.5908358,-0.44820344,0.3864695,0.26662177,-0.51342106,-0.07542515,0.4530313,0.7656422,-0.4314369,-0.04324703,0.27381974,0.2866901,0.3916918,-0.092374414
105,3647,0.57522464,0.31257516,-0.9411509,0.16079111,-0.44546455,0.2490089,0.81604207,-0.31902987,-0.092671335,0.03183434,-0.8460928,0.058950767,-0.101932466,0.18011996,-0.1796656,-0.3452779
105,3675,0.67263484,0.076068014,-0.7154865,0.15902148,-0.4470724,0.87693447,0.10496296,-0.26621038,0.18943791,-0.5025799,-0.5264864,0.054137252,0.089317724,-0.036061168,-0.48739332,0.5376719
105,3678,-0.2962227,0.42795688,-0.09037119,-0.6516079,-0.67919695,0.26821205,-0.8534756,-0.050046116,-0.14839959,1.2680885,-0.24697547,-0.2979161,0.41167837,-0.020861566,0.2380853,0.1259452
105,3689,-0.5266458,0.445427,-0.28689358,-0.7409297,-0.118681505,0.4883629,-0.99359226,-0.6116972,0.6927264,1.4188731,-0.23961993,-0.14177288,-0.15521346,0.03747204,0.02568353,-0.17431118
105,3697,-0.21032293,-0.376172,-0.021685183,0.23059787,0.22998804,0.35796124,-0.0036944598,-0.5942506,0.60385776,-0.4290448,0.24612562,-0.31122226,-0.3986789,0.21032485,-0.20532897,0.23805763
105,3714,-0.02113188,-0.21658538,0.55994153,-0.5704013,0.52555877,-0.15138341,0.07040742,0.61063325,-0.45808128,-0.10600446,0.42459106,0.5388749,-0.07783994,-0.72840106,0.3316762,-0.33638936
105,3716,-0.38579068,-0.2695676,0.24104239,0.7091677,-0.5909729,-0.461195,0.40369835,0.16111678,-0.6712171,-0.6410013,0.084115565,-0.70683604,0.64398116,0.42586878,0.2746844,0.26792264
105,3718,-0.29818845,0.0690676,0.21112981,0.08248033,-0.714619,-0.13777225,-0.1700005,0.037680387,-0.464963,0.24525544,0.01526621,-0.54274064,0.47692865,0.15331998,0.21567336,0.18908218
105,3723,0.038886048,-0.22625436,0.5367865,-0.53467774,0.46365535,-0.06533657,0.025214344,0.5669921,-0.4003221,-0.14876284,0.432215,0.50420445,-0.07288906,-0.6953892,0.26753148,-0.22659953
105,3724,0.21294904,0.2551956,-0.3789058,-0.14767885,-0.025295436,-0.33511633,1.0101074,0.18227859,-0.60880923,0.21149164,-0.51720476,0.34735292,-0.07621334,-0.21976955,0.2981061,-1.0131629
105,3761,-0.09388022,0.049378663,0.82129323,0.25240636,-0.65219784,-0.4225524,0.36140105,-1.2617407,0.36529556,0.3818345,0.85042137,-0.83072567,-1.5186193,0.083537966,-0.4362952,-0.6073846
105,3767,0.19056776,0.24140987,-0.32278952,-0.15779081,-0.0022346824,-0.36157286,0.9898063,0.20582083,-0.613189,0.21540353,-0.4756,0.3535263,-0.080289625,-0.23802061,0.31344864,-1.0147377
105,3769,0.79410815,-0.12837633,-0.020524949,-0.035264865,-0.3580917,0.9227351,-0.393847,0.04634621,0.14844899,-0.6827304,0.113665506,0.16601402,0.051497996,-0.38319486,-0.59398437,0.9878258
105,3780,-0.5779716,-0.49450386,-0.09716588,0.45462942,0.22710377,-0.0017580986,0.13329345,-0.2531392,0.21907823,-0.5514701,0.10802902,-0.45695156,0.14794391,0.4655628,0.1946531,0.13598017
105,3781,-0.6177546,-0.42238635,-0.09548828,0.5121359,-0.025750637,-0.25370723,0.30717218,0.038933307,-0.21550998,-0.5017096,-0.053371772,-0.5189953,0.47235012,0.5106809,0.35471994,0.10621339
105,3804,-0.21308017,-0.067180544,0.526639,0.34834927,-0.4231065,-0.2513724,0.3709869,-1.2225436,0.47574466,0.12615296,0.64328074,-0.7801639,-1.2786549,0.2008112,-0.37597665,-0.44805622
105,3812,0.1551947,-0.20516825,0.4867113,-0.49187887,0.329671,0.0489349,0.027088702,0.5356823,-0.40133992,-0.21022186,0.41026884,0.47467554,-0.049980383,-0.69191074,0.19243662,-0.124197885
105,3817,-0.773002,-0.5758476,-0.39170536,0.0645356,0.7166785,0.115380995,0.04202524,-0.12317674,0.43477222,-0.1868603,-0.08918266,-0.17115314,0.10560037,0.44428483,0.37175387,-0.091846675
105,3820,-0.41337496,-0.2847048,0.18563062,0.6373917,-0.48571426,-0.40992194,0.36231366,0.15165521,-0.58150434,-0.5785858,0.058232516,-0.6494159,0.6062989,0.41582116,0.28810394,0.23766185
105,3821,0.23810968,-0.14615406,0.88944733,-0.25023985,-0.19385172,-0.0011309087,-0.23126882,-0.3032819,0.12761864,0.18006507,0.9080399,-0.18519051,-0.81904507,-0.25773215,-0.29360256,-0.05365981
105,3830,-0.43183824,-0.5100944,0.010034114,-0.22208849,0.6774697,0.27792484,-0.23820855,-0.1241446,0.46235943,-0.08117438,0.29625446,-0.014402121,-0.16736986,0.13446361,0.15655485,0.021662429
105,3835,-0.07047644,-0.20363799,0.6674625,-0.62060124,0.5544585,-0.2540298,0.041270718,0.5921863,-0.4553611,0.03945475,0.5117142,0.5176223,-0.17836279,-0.70327747,0.34646177,-0.45397264
105,3859,0.25391808,-0.22751832,0.85523427,-0.4340848,0.07797204,0.08836992,-0.33027118,0.10503574,-0.040909126,0.046891026,0.8501827,0.100984395,-0.5011678,-0.42364043,-0.13529912,0.038388826
105,3861,0.7546234,-0.11541928,-0.01201883,-0.061247773,-0.3309232,0.8561354,-0.34499463,0.0686148,0.10852534,-0.62549686,0.104608074,0.18027717,0.040923856,-0.38827407,-0.53793323,0.89133453
105,3862,0.32279548,-0.09797693,0.6195333,-0.5011026,0.16634664,-0.07001801,0.07390593,0.6377045,-0.5725498,-0.14247824,0.45913458,0.51888186,-0.075139605,-0.7833873,0.13521513,-0.1780753
105,3870,0.15273656,-0.19946845,0.4927811,-0.51007706,0.34145296,0.025713488,0.05603358,0.56013006,-0.44485423,-0.20513189,0.40905285,0.49413043,-0.04836221,-0.71664476,0.21266292,-0.16853954
105,3874,0.5314107,0.28779185,-0.89894223,0.091015056,-0.37430632,0.26744854,0.7989228,-0.23016633,-0.17328745,-0.017531484,-0.8090024,0.12576732,-0.045519434,0.07757297,-0.12556869,-0.38469535
105,3875,-0.10080085,0.057260618,0.8329947,0.26766247,-0.6751098,-0.44290006,0.3812745,-1.303238,0.37018403,0.3953201,0.8626511,-0.85923207,-1.5579935,0.09469521,-0.44712573,-0.6340077
105,3889,-0.3180126,-0.32142317,0.30676162,0.6170405,-0.27511418,-0.039884865,0.12563723,-0.41108125,0.028549895,-0.6930296,0.37782153,-0.64963216,0.042748347,0.29235312,-0.031787373,0.27698302
105,3890,0.20720685,0.24459514,-0.32237485,-0.15997754,-0.012306988,-0.3606152,0.9922434,0.20845225,-0.6202171,0.21638662,-0.47524214,0.35587245,-0.083615154,-0.24092036,0.30605972,-1.01094
105,3898,0.70253026,0.059603617,-0.34994254,0.031066373,-0.40544927,0.60343045,0.12640837,-0.094572306,0.020834759,-0.3576959,-0.26195866,0.11454512,-0.053318962,-0.16911429,-0.42078102,0.39775693
105,3903,0.14207889,-0.1954141,0.48883462,-0.50836474,0.3434484,0.017510772,0.063389525,0.5597124,-0.44525793,-0.19779535,0.40203118,0.4926175,-0.04743001,-0.71421576,0.221023,-0.18026797
105,3905,0.2226435,0.24820551,-0.38413098,-0.14231384,-0.035055295,-0.30327368,0.97885394,0.16773023,-0.57795227,0.2000134,-0.51074386,0.33592516,-0.076587215,-0.2103641,0.27843645,-0.966342
105,3906,-0.30778953,0.42789918,-0.13695496,-0.68285,-0.6406255,0.2851157,-0.8774922,-0.031584278,-0.12574062,1.3015757,-0.2816735,-0.2717669,0.42948085,-0.010888606,0.255428,0.12772591
105,3911,0.4384934,0.26942202,-0.73670554,0.045654476,-0.2958688,0.0884376,0.8164238,-0.16345774,-0.20486256,0.098263286,-0.6998423,0.13870193,-0.09944095,0.057613403,-0.025095336,-0.5039382
105,3912,0.781723,-0.09078883,0.22865131,-0.16145769,-0.31805092,0.5955627,-0.2710265,0.17228426,-0.032675087,-0.43842855,0.26347664,0.21980792,-0.089720115,-0.4505831,-0.4559816,0.70615757
105,3918,0.32279548,-0.09797693,0.6195333,-0.5011026,0.16634664,-0.07001801,0.07390593,0.6377045,-0.5725498,-0.14247824,0.45913458,0.51888186,-0.075139605,-0.7833873,0.13521513,-0.1780753
105,3947,0.762089,-0.13077089,-0.019751698,-0.03919317,-0.3366356,0.90341717,-0.38367516,0.049375936,0.14904259,-0.6684747,0.111783296,0.16684145,0.0534378,-0.37938288,-0.56943476,0.9587082
105,3962,-0.38861877,-0.3852179,0.19682387,0.65125835,-0.16975872,-0.046083033,0.1582016,-0.39032543,0.06392642,-0.7390915,0.31174862,-0.64583343,0.09452188,0.3785257,0.015418738,0.27317137
105,3967,-0.29233378,0.27737737,-0.080889404,-0.39967632,-0.68957776,0.07478143,-0.62096095,0.20385846,-0.38894066,0.94961125,-0.28811336,-0.34490806,0.65076655,0.104406565,0.31681117,0.22198051
105,3970,0.4848204,0.30432385,-0.8263359,0.0672286,-0.34016693,0.099206984,0.8841715,-0.19357736,-0.227272,0.102353,-0.7791046,0.1357714,-0.097829446,0.08572295,-0.045446955,-0.5380669
105,3971,-0.2839679,0.23200303,-0.028716952,-0.30992633,-0.7060922,0.022648647,-0.5371784,0.22707552,-0.44088176,0.82627124,-0.24970232,-0.37304688,0.6609666,0.11747396,0.31130987,0.229234
105,3975,0.37756342,0.18834928,-0.4420866,-0.08457139,-0.15913163,0.05122052,0.6868286,0.053435683,-0.35039738,0.005263984,-0.4675734,0.2575938,-0.046991587,-0.17701991,0.045949392,-0.49404043
105,4007,0.51506317,0.26671717,-0.86332405,0.09263225,-0.3622703,0.28719473,0.7448286,-0.23176847,-0.13680854,-0.03328611,-0.7714627,0.11543369,-0.045311183,0.07491508,-0.13386074,-0.33180255
105,4012,-0.45312637,-0.49916747,-0.06573054,0.067923024,0.4678023,0.27214777,-0.15464704,-0.2642337,0.4885059,-0.27906564,0.22043727,-0.21738635,-0.06877514,0.2812203,0.10158475,0.15525092
105,4014,0.54816055,0.29192394,-0.8898822,0.14807336,-0.41948456,0.24508074,0.77530134,-0.3021217,-0.07878281,0.02798421,-0.8000449,0.060522035,-0.10227625,0.163555,-0.16836748,-0.32378298
105,4022,-0.8018495,-0.5234174,-0.47936526,-0.358706,0.95650965,0.20286791,-0.16630113,-0.0049717873,0.5362154,0.26334572,-0.14718162,0.06701085,0.07148947,0.28610483,0.4669082,-0.22979458
105,4032,0.47050545,0.29300675,-0.79896057,0.061369717,-0.3268053,0.09780299,0.861369,-0.18520035,-0.21841002,0.09985187,-0.75448275,0.13592643,-0.097974986,0.077602535,-0.040275343,-0.52474594
105,4034,-0.3815022,-0.5377519,-0.03350374,0.03204508,0.5412826,0.32859743,-0.15359995,-0.20281257,0.48298734,-0.38404286,0.26413333,-0.14130558,-0.07806247,0.21040723,0.078675106,0.22334321
105,4045,-0.6525465,-0.43559605,-0.13265273,0.52185196,-0.011038139,-0.26274872,0.31730902,0.04019642,-0.21628508,-0.4964298,-0.08327602,-0.5332558,0.49724692,0.54551625,0.37446886,0.09653338
105,4054,0.3919554,-0.11067764,0.4990034,-0.4304182,0.07325554,0.11814252,-0.01683411,0.5130317,-0.4166617,-0.2101438,0.4009234,0.44030094,-0.063347146,-0.6978363,0.01911527,0.0299296
105,4056,-0.41309956,-0.2790324,0.22594957,0.75230324,-0.62009454,-0.4925779,0.43056354,0.1609406,-0.7071514,-0.66229504,0.06706327,-0.7509412,0.68345076,0.47150394,0.28860235,0.27024156
105,4058,0.16029939,-0.20997828,0.4909126,-0.4904194,0.3274955,0.056445003,0.014381215,0.53139263,-0.3899478,-0.21293966,0.4174549,0.4711483,-0.052051842,-0.68728274,0.18450552,-0.10762891
105,4059,-0.6119963,-0.49958503,-0.22599536,-0.19072755,0.7102391,0.21499458,-0.1696903,-0.10212755,0.47849172,0.031485803,0.0680508,-0.04939057,-0.017380573,0.24503449,0.2996748,-0.06434448
105,4061,0.65697443,0.055616394,-0.38180748,0.027916148,-0.37314087,0.61290693,0.13074568,-0.093698844,0.026356146,-0.36249304,-0.28693599,0.12220333,-0.024138667,-0.16675608,-0.38823158,0.37358934
105,4066,-0.21303803,-0.35907948,0.010467708,0.24475084,0.18757942,0.32037055,0.023040399,-0.64745325,0.6022037,-0.39750347,0.27299088,-0.3496403,-0.46234804,0.21753049,-0.22149616,0.19407062
105,4069,-0.7664572,-0.3946215,-0.42695865,0.13803153,0.31446084,-0.07119654,0.08337857,0.070640296,0.061792612,-0.04450678,-0.30047464,-0.2915259,0.4552796,0.48156908,0.47256348,-0.03430511
105,4074,-0.48576227,-0.34690338,0.05332358,0.44184256,-0.15995388,-0.2419265,0.22974217,0.06780661,-0.27093086,-0.4255155,0.03774734,-0.4961176,0.43624365,0.38903996,0.29749745,0.15046184
105,4079,0.781723,-0.09078883,0.22865131,-0.16145769,-0.31805092,0.5955627,-0.2710265,0.17228426,-0.032675087,-0.43842855,0.26347664,0.21980792,-0.089720115,-0.4505831,-0.4559816,0.70615757
105,4099,-0.15531167,0.28543535,0.32251108,0.050455466,-1.267928,-0.27764887,-0.30756438,0.29220995,-0.9357854,0.5407623,-0.08094652,-0.6976509,0.84228367,0.15825316,0.24768189,0.36308628
105,4100,-0.4424449,0.48865658,-0.120889604,-0.6916828,-0.26283413,0.47906542,-0.98828864,-0.67509127,0.6482638,1.3616961,-0.11829309,-0.19332175,-0.23091711,-0.024981856,-0.05775345,-0.14984773
105,4103,0.19056776,0.2414099,-0.32278952,-0.15779081,-0.0022346824,-0.3615728,0.9898063,0.20582083,-0.613189,0.21540353,-0.4756,0.3535263,-0.080289625,-0.23802061,0.31344864,-1.0147377
105,4116,-0.5447674,-0.48461133,-0.053400367,0.5174126,0.15542626,-0.015115708,0.14887199,-0.277174,0.18831837,-0.6187613,0.1404697,-0.50124764,0.15335886,0.46666428,0.16146946,0.17618296
105,4122,-0.39067626,-0.27799302,0.21367458,0.61549956,-0.48781413,-0.39273185,0.33517948,0.1369238,-0.5606345,-0.5607949,0.08923581,-0.6402886,0.57333463,0.39255574,0.26984555,0.24128938
105,4125,-0.73464346,-0.56558657,-0.2968317,0.21419577,0.5607583,0.06567568,0.08363241,-0.18195187,0.36808646,-0.31683436,-0.017097488,-0.28598547,0.1076508,0.48894992,0.32339993,-0.03106229
105,4127,0.75507295,0.054887637,-0.22301278,0.012047082,-0.4315079,0.5345641,0.10872568,-0.06326598,-0.0038196146,-0.31927288,-0.16522454,0.11116768,-0.12091563,-0.19337854,-0.44644612,0.4129238
105,4140,0.22555587,0.2377412,-0.3166369,-0.166022,-0.020822003,-0.3313521,0.96370554,0.20942193,-0.6108235,0.20017952,-0.46104008,0.35649827,-0.08161524,-0.24946655,0.28814095,-0.9713322
105,4141,-0.28785133,0.36602354,-0.12540823,-0.5988311,-0.610598,0.22532727,-0.7942598,0.06450311,-0.18917707,1.1641039,-0.27962023,-0.26233655,0.49469393,0.017117143,0.27696759,0.17188278
105,4156,0.67421603,0.09741476,-0.73824966,0.16215844,-0.45444936,0.8304055,0.16311175,-0.27366942,0.16707785,-0.46144748,-0.55572546,0.05313804,0.07267663,-0.016399086,-0.46959233,0.47212386
105,4177,0.5574063,0.29661956,-0.9224777,0.12710376,-0.41168928,0.27483928,0.7962049,-0.27326787,-0.1298461,-0.007313192,-0.8273809,0.09383072,-0.06597037,0.12376371,-0.16006315,-0.3477559
105,4188,-0.14030686,-0.20556363,0.6006043,-0.6278075,0.6319038,-0.295276,0.134011,0.65747154,-0.5226737,-0.007470973,0.42608356,0.5731412,-0.10674231,-0.74985826,0.43683922,-0.5260773
105,4189,-0.02113188,-0.21658538,0.55994153,-0.5704013,0.52555877,-0.15138341,0.07040742,0.61063325,-0.45808128,-0.10600446,0.42459106,0.5388749,-0.07783994,-0.72840106,0.3316762,-0.33638936
105,4193,0.11405678,-0.17966868,0.49733552,-0.5199456,0.350582,-0.02577132,0.095156446,0.57519114,-0.4745107,-0.16395476,0.39407605,0.49920362,-0.050689355,-0.72568464,0.2557544,-0.24162628
105,4203,-0.15625668,0.09279671,0.8466486,0.33651108,-0.74837786,-0.5332371,0.48817536,-1.448247,0.38052726,0.4380464,0.8716958,-0.9583062,-1.6807239,0.1380794,-0.4574932,-0.7522054
105,4206,-0.24745317,0.2870453,0.006685674,-0.3818891,-0.72486025,0.07799965,-0.6115695,0.1585384,-0.38323638,0.9077557,-0.20804478,-0.35446537,0.5822781,0.055933446,0.27253905,0.22676057
105,4209,-0.27822894,-0.6158462,-0.39050272,0.1357976,0.7219174,0.6827637,-0.18527961,-0.22191142,0.6884073,-0.73741627,0.006440684,-0.03240849,0.09676047,0.2652385,-0.062967755,0.5706341
105,4219,-0.33539236,0.49344254,0.22430892,-0.48825788,-0.5530511,0.37290835,-0.83102167,-0.78527325,0.46924764,1.1190809,0.1381177,-0.3757524,-0.34829158,-0.10117355,-0.17684966,-0.1355566
105,4228,0.6252476,1.8639187,0.2627734,1.6522065,1.1990741,-2.2081583,-1.0800567,0.7881281,0.89283955,0.10862126,-0.38740474,1.2607911,0.34704083,0.6616889,-1.0105348,0.44510525
105,4235,-0.2864576,0.080322444,0.21398044,0.045377344,-0.69874513,-0.112292364,-0.19878015,0.0303725,-0.4368892,0.2789907,0.021237671,-0.51798874,0.45103508,0.12745032,0.20768833,0.18415266
105,4238,-0.29591084,0.38629395,-0.14138713,-0.621528,-0.6290792,0.23461077,-0.8212478,0.05481138,-0.18857443,1.2122135,-0.29630488,-0.26976955,0.5031156,0.021914303,0.28039795,0.16858758
105,4255,-0.71526706,-0.044169962,-0.59516895,-0.46661162,0.36349952,0.28060025,-0.5513723,-0.10831098,0.4765463,0.81828165,-0.43903542,-0.050804704,0.26059705,0.28859946,0.3741047,-0.09795004
105,4264,-0.2777671,-0.43871707,0.074171945,0.25065988,0.24165253,0.32219422,-0.13743123,-0.3678059,0.47081348,-0.5138405,0.31836694,-0.30251068,-0.10004444,0.2267569,-0.061428778,0.33745492
105,4281,-0.4193254,-0.28666052,0.19820392,0.71131915,-0.5490115,-0.4572397,0.41332915,0.15758911,-0.6497171,-0.6429769,0.05599165,-0.70314646,0.6515647,0.45092133,0.29150975,0.2539097
105,4294,-0.20193744,0.108287215,0.8194841,0.3582074,-0.74957865,-0.5782162,0.5472375,-1.4787478,0.38068596,0.46134835,0.8389827,-0.9748261,-1.7010686,0.15473127,-0.4317121,-0.81524634
105,4305,-0.6907811,-0.5418254,-0.22703114,0.25640523,0.46839112,0.03959109,0.087679714,-0.19176604,0.32148093,-0.3477785,0.02818419,-0.3244323,0.10888505,0.4710779,0.29701146,-0.0014998764
105,4320,-0.33539236,0.49344254,0.22430892,-0.48825788,-0.5530511,0.37290835,-0.83102167,-0.78527325,0.46924764,1.1190809,0.1381177,-0.3757524,-0.34829158,-0.10117355,-0.17684966,-0.1355566
105,4321,-0.10820889,0.26403987,0.4205899,0.10342862,-1.2703575,-0.29525018,-0.24698429,0.2713566,-0.93715763,0.42353666,0.008491531,-0.6939922,0.77348685,0.10741806,0.20775707,0.3680753
105,4322,-0.65135396,-0.43730986,-0.1609219,0.47583967,0.061438397,-0.22672118,0.30505177,0.050776005,-0.16560274,-0.479904,-0.101610675,-0.4713617,0.46998847,0.511559,0.37935832,0.0812463
105,4325,-0.45251787,-0.59111273,-0.10086131,0.010865614,0.6499754,0.32082003,-0.12791143,-0.18872388,0.4951735,-0.38393295,0.23315202,-0.12714632,-0.06275286,0.25377253,0.12647794,0.17944475
105,4329,-0.23751229,0.30330437,0.01924029,-0.39961326,-0.7350121,0.092121474,-0.6321604,0.1362521,-0.36886278,0.92972594,-0.19405447,-0.3535818,0.5592268,0.04025075,0.26017687,0.22551349
105,4331,-0.01445134,0.018108532,0.8770821,0.17721815,-0.61814374,-0.35679996,0.25250748,-1.1558771,0.33706188,0.3603902,0.9124775,-0.7659809,-1.4674822,0.039782435,-0.45426238,-0.5159234
105,4334,0.39855307,0.1933612,-0.4672201,-0.07379962,-0.17796598,0.07497149,0.6863253,0.039798915,-0.34307572,-0.0076914355,-0.48538524,0.25242308,-0.043486074,-0.16856976,0.026008427,-0.47342855
105,4344,-0.35750192,-0.34937876,0.26740596,0.64791596,-0.24877177,-0.049212918,0.14501074,-0.42472398,0.038415924,-0.7179682,0.35879084,-0.673759,0.059533477,0.3413646,-0.016206942,0.2706573
105,4349,0.53832996,0.3493281,-0.90976524,0.08959262,-0.39126545,0.07262573,0.98075306,-0.21839641,-0.2669284,0.13354024,-0.8623252,0.13462836,-0.10958709,0.119719,-0.057831742,-0.6053077
