window_id,vehicle_id,z_0,z_1,z_2,z_3,z_4,z_5,z_6,z_7,z_8,z_9,z_10,z_11,z_12,z_13,z_14,z_15
121,3991,-0.3107033,-1.0536543,-0.17398268,-0.06756379,-0.26123783,0.12516376,-0.34182733,0.22167566,1.1947082,-0.17995614,-0.54164696,0.025613979,1.2561505,-0.69961536,-1.0267643,-0.012460485
121,3905,1.9577271,0.45540938,0.07649309,2.2927496,1.3070393,1.3415042,0.3389925,-0.61583376,0.41589627,1.0526019,0.4465685,-1.9932747,0.24913919,-1.9578753,1.1124694,-0.6513556
121,828,1.9808744,0.4928829,0.09680728,2.2989213,1.3045261,1.3384689,0.35018522,-0.6421746,0.44461218,1.0976574,0.44906127,-1.9752401,0.2408497,-1.974273,1.1213936,-0.6821073
121,2334,-0.31070334,-1.0536543,-0.1739827,-0.0675638,-0.26123786,0.12516373,-0.34182733,0.22167566,1.1947083,-0.17995614,-0.54164696,0.025613949,1.2561506,-0.69961536,-1.0267644,-0.012460485
121,3387,-0.3107033,-1.0536543,-0.17398268,-0.06756379,-0.26123786,0.1251637,-0.3418273,0.22167566,1.1947082,-0.17995614,-0.54164696,0.025613993,1.2561505,-0.6996154,-1.0267644,-0.012460515
121,1817,-0.31070328,-1.0536543,-0.17398268,-0.0675638,-0.26123786,0.12516373,-0.34182733,0.22167566,1.1947082,-0.17995614,-0.54164696,0.025613993,1.2561505,-0.6996154,-1.0267644,-0.0124605
121,3161,-0.3107033,-1.0536543,-0.17398268,-0.0675638,-0.26123783,0.1251637,-0.3418273,0.22167566,1.1947082,-0.17995614,-0.54164696,0.025613979,1.2561505,-0.6996154,-1.0267644,-0.0124605
121,4012,-0.3107033,-1.0536543,-0.17398268,-0.0675638,-0.26123783,0.12516373,-0.34182733,0.22167566,1.1947083,-0.17995614,-0.54164696,0.025613993,1.2561505,-0.6996154,-1.0267644,-0.0124605
121,621,0.0014194734,-1.0937957,-0.40916693,-0.23995586,0.115267135,0.22797486,-0.30551067,0.22903219,1.3718433,0.04022088,-0.8031485,0.035050005,0.7973229,-0.73345923,-0.77209604,-0.4132098
121,4,-0.31070334,-1.0536546,-0.17398268,-0.0675638,-0.26123783,0.12516376,-0.34182733,0.22167566,1.1947083,-0.17995614,-0.54164696,0.025613979,1.2561505,-0.6996154,-1.0267643,-0.012460515
121,390,-0.09823257,-0.003248632,-0.56461537,0.48951492,0.20486861,-0.30445337,-0.41879722,0.12242891,-1.1376895,0.31972343,-0.20264116,0.011945024,-0.15018213,-0.69354457,-0.24932006,0.92347413
121,1696,-0.31070337,-1.0536546,-0.17398268,-0.06756379,-0.26123783,0.12516376,-0.34182736,0.22167566,1.1947083,-0.17995614,-0.54164696,0.025613979,1.2561505,-0.69961536,-1.0267644,-0.0124605
121,3724,1.9808744,0.4928829,0.096807264,2.298921,1.3045261,1.3384689,0.35018522,-0.6421746,0.44461223,1.0976572,0.44906127,-1.97524,0.24084973,-1.9742731,1.1213937,-0.68210727
121,189,-0.31070334,-1.0536546,-0.17398268,-0.0675638,-0.26123786,0.12516376,-0.34182733,0.22167566,1.1947083,-0.17995614,-0.54164696,0.025613993,1.2561505,-0.6996154,-1.0267643,-0.0124605
121,1662,-0.31070337,-1.0536546,-0.17398268,-0.0675638,-0.26123783,0.12516373,-0.34182736,0.22167566,1.1947082,-0.17995614,-0.54164696,0.025613964,1.2561505,-0.69961536,-1.0267643,-0.0124605
121,4325,-0.31070337,-1.0536544,-0.17398268,-0.06756382,-0.26123783,0.12516376,-0.3418274,0.22167566,1.1947082,-0.17995614,-0.54164696,0.025613964,1.2561505,-0.69961536,-1.0267643,-0.0124605
121,2,-0.61248225,-0.0822103,-0.4922382,-0.26118013,0.2086948,0.4105741,-0.62615746,0.24157645,-1.0020237,-0.7578431,0.06027575,-0.9265897,0.41282958,0.22115487,0.16268216,0.55703133
121,3,0.021960286,-0.16407862,0.63041234,-0.21421635,-0.6731591,0.34119275,-0.3222152,-0.62030995,-0.4136878,0.8519401,0.026563615,0.27457196,0.3424017,0.3670416,0.123591706,-0.36438704
121,22,0.28488117,-0.061490983,0.27549025,0.20916328,0.20510912,-0.5342214,0.5775784,0.35981184,0.1902794,-0.3006835,0.19518442,0.30368257,-0.42342448,0.17771532,-0.011042923,-0.053790674
121,23,-0.05060525,-0.11895928,0.35401222,0.52254725,-0.32534796,-0.19622086,0.4751774,0.12361547,0.13894433,-0.41619223,0.48823,0.43374783,0.06220583,0.0848212,-0.1527778,0.44765025
121,32,0.080503926,-0.119271934,0.6449447,-0.30759448,-0.583984,0.24837342,-0.24063596,-0.56601846,-0.24665615,0.84379697,-0.035460576,0.27808648,0.25683406,0.4013874,0.13995035,-0.51501167
121,35,-0.079326496,-0.3305516,0.2908437,-0.42752862,-0.24614137,0.47736546,-0.34725216,-0.23589244,-0.4572365,0.18695548,-0.01960449,-0.13865207,0.20161727,0.48248273,0.32347143,-0.27410412
121,44,-0.20394786,-0.2698739,0.06097228,-0.36814624,-0.10532978,0.45580968,-0.39206403,-0.07785839,-0.58400905,-0.107961595,0.0030280352,-0.3444838,0.22750703,0.39232877,0.27489352,-0.032545365
121,85,0.2809534,0.036988348,0.3958649,0.3750514,0.045688473,-0.45706296,0.663686,0.24006778,0.162893,-0.32003626,0.38741034,0.42876393,-0.44197217,0.22321884,0.0681673,0.06365694
121,88,0.061980315,-0.17160234,0.65498227,-0.25278446,-0.65126,0.32744566,-0.28291065,-0.6100669,-0.34191704,0.86022013,0.005154267,0.29541522,0.30044338,0.39067024,0.14379366,-0.43865103
121,92,0.30743757,-0.06897074,0.33021706,0.31067684,0.17889428,-0.5669038,0.64906025,0.36150926,0.20245522,-0.33005652,0.27144486,0.38829964,-0.44672677,0.18634753,-0.009373307,-0.0018771887
121,101,-0.036442805,-0.5575181,0.34642163,-0.35864693,-0.3647736,0.7414663,-0.37261966,-0.30929366,-0.58774006,0.16430365,0.061387196,-0.07121432,0.21228507,0.5173649,0.41722137,-0.19625136
121,109,0.030456517,-0.10971293,0.55568147,-0.22351927,-0.57597387,0.26343063,-0.2686696,-0.5250994,-0.3467875,0.74709696,0.00032630563,0.22803561,0.28428915,0.3289281,0.09816055,-0.35242853
121,110,-0.5025544,-0.082610786,-0.44898406,-0.22025028,0.17515512,0.26367483,-0.54911184,0.19461615,-0.89472854,-0.5165025,-0.023014903,-0.7045152,0.2796567,0.11430818,0.090336174,0.51099294
121,119,0.057643007,-0.18947408,0.68386835,-0.25152117,-0.68723154,0.35430923,-0.30386648,-0.6467055,-0.3657915,0.90169317,0.013906404,0.31182975,0.32349953,0.40638295,0.1531517,-0.44607672
121,122,-0.07932648,-0.3305516,0.2908437,-0.42752862,-0.24614134,0.47736546,-0.3472522,-0.23589239,-0.45723656,0.18695551,-0.019604504,-0.13865207,0.20161724,0.48248276,0.3234715,-0.27410412
121,127,0.16644596,-0.10674077,-0.0424702,-0.34855798,0.58755195,-0.5595953,0.27988046,0.6185991,0.16998279,-0.30014327,-0.196699,-0.18958044,-0.34916762,0.21750589,-0.008336768,-0.39245203
121,143,0.030456517,-0.1097129,0.5556814,-0.22351927,-0.57597387,0.26343068,-0.2686696,-0.5250993,-0.34678742,0.7470969,0.00032632053,0.22803561,0.28428915,0.3289281,0.098160535,-0.35242856
121,146,0.2702659,-1.4534445,0.2830008,0.051752687,0.22597459,0.28612396,0.44709045,0.47416452,-0.24237362,-0.7358672,0.24394925,0.048834413,-0.45999396,0.41315466,0.4498983,0.08933556
121,154,-0.24983327,0.7076132,-0.14444491,-0.62614924,0.423235,-0.7809011,-0.110279284,0.31919256,0.12194134,0.022835977,-0.362385,-0.45684767,0.039124347,0.15735112,-0.20761307,-0.4286151
121,155,0.06654404,-0.5299156,0.44436795,0.5185127,-0.25513366,-0.14800757,0.55135596,0.19526336,0.02921344,-0.49197015,0.49017882,0.48895025,-0.12696944,0.19653535,0.00047710538,0.4498725
121,156,-0.12153758,1.107052,-1.6522874,-0.67139065,-0.27483878,1.507613,-0.20246044,-0.7875633,0.8157089,-0.5332209,-0.14686097,0.9496877,-1.3835536,0.017433763,0.6407642,0.072062165
121,166,-0.04477826,-0.6328881,0.31997198,-0.41062933,-0.3161855,0.8077074,-0.3925437,-0.26754028,-0.61017716,0.07942477,0.058179885,-0.122196525,0.1912052,0.56723243,0.48118556,-0.20281982
121,175,0.043381277,-0.7934804,-0.6964573,0.17424542,0.1461737,-0.39981842,-0.47258547,0.05651599,-1.0948629,0.8604052,-0.6192309,0.8280077,-0.79363424,-0.7970233,-0.24625939,0.928996
121,178,-0.02642114,-0.31418982,-0.62765604,0.43900785,0.16885678,-0.39311254,-0.4533054,0.07723327,-1.1806324,0.6308347,-0.37997618,0.40620536,-0.43126547,-0.81064403,-0.28570777,0.99558455
121,183,-0.51142675,0.57722664,-0.5430939,-0.012493715,0.16783291,-0.49071223,-0.46232477,0.105783015,-0.65040886,0.040131256,-0.2605952,-0.5171022,0.2756064,-0.3494536,-0.43226588,0.5670373
121,195,-0.06314513,-0.17550328,-0.9142931,-0.42768794,-0.030145392,0.75930476,-0.25883126,-0.17490235,1.1690457,-0.18919903,-0.5420949,0.3993917,-0.05760027,-0.43212998,-0.215173,-0.2357419
121,199,0.17520474,0.26923132,0.30008093,0.40944436,0.0042155236,-0.53007376,0.58739305,0.2160886,0.24199647,-0.27356645,0.34787965,0.36809492,-0.25213218,0.0812253,-0.13400786,0.11493328
121,205,0.1487379,-0.14364916,-0.09394414,-0.31342044,0.60187805,-0.5931456,0.26543495,0.6684259,0.15695311,-0.32578623,-0.22710785,-0.21694544,-0.29000354,0.15551534,-0.079901375,-0.33250237
121,206,-0.29059178,0.23613095,-0.4249278,0.30998108,0.13283014,-0.13112578,-0.47989485,0.059143826,-1.0375543,0.06555039,-0.05586484,-0.3937891,0.20135307,-0.3871747,-0.16801803,0.7224491
121,208,-0.04616491,-1.1361842,-0.30994746,-0.10489595,0.017095998,0.18636462,-0.26791957,0.22883639,1.3094912,0.0027777627,-0.7017809,0.049388006,0.89633286,-0.7225269,-0.8142427,-0.28336596
121,223,-0.010175474,-0.5519444,0.39163113,-0.45709682,-0.32731885,0.69553614,-0.35922286,-0.3035824,-0.49892893,0.21668613,0.014775574,-0.06097947,0.176716,0.58176064,0.45296544,-0.3325405
121,224,0.29713172,-0.28873065,0.31846148,0.19795719,0.18555464,-0.3599634,0.58507305,0.3441362,0.11387104,-0.3710881,0.25153542,0.28915942,-0.469941,0.264028,0.12561445,-0.041565
121,237,0.3485025,-0.33553377,0.19899753,-0.105085865,0.4706329,-0.4955087,0.5243405,0.50699055,0.18271558,-0.30526528,0.033187523,0.11767422,-0.56215,0.30307862,0.12466283,-0.34574324
121,243,0.09432128,-0.40073428,0.40891135,0.4901959,-0.18929088,-0.24439177,0.54971445,0.22474374,0.08781649,-0.4467791,0.433675,0.46451658,-0.13323626,0.15705246,-0.055749096,0.37432957
121,254,1.9808745,0.49288288,0.096807264,2.298921,1.3045262,1.3384688,0.35018522,-0.6421747,0.44461218,1.0976571,0.44906121,-1.9752402,0.24084967,-1.9742732,1.1213936,-0.68210727
121,258,-0.19771501,0.72365946,-0.26278794,-0.036154673,-0.06257947,-0.85791576,-0.23973697,-0.33535388,-0.09251421,0.9779347,-0.50977135,0.20656593,-0.21420388,-0.48667064,-0.51969916,0.25097618
121,264,0.2736714,0.25104108,0.45705557,0.478188,-0.02946283,-0.45253253,0.7327402,0.14817601,0.17874192,-0.30037388,0.5245089,0.48964196,-0.46649483,0.24615657,0.10503571,0.09890452
121,267,-0.12314108,0.6791312,0.43872195,0.69377947,-0.5396676,-0.13946863,0.6040781,-0.17825541,0.19485182,-0.34342802,0.8254459,0.5052039,0.009085469,0.16165765,-0.018561676,0.47979015
121,283,0.01576183,-0.3689027,0.53267986,-0.3618887,-0.5002333,0.5347154,-0.33368766,-0.47608617,-0.4335796,0.54186827,0.014859721,0.10716574,0.25756302,0.5033284,0.31016296,-0.39409578
121,291,0.2846494,-0.07259706,0.05070337,-0.46342728,0.6978712,-0.06826675,0.07676633,0.4051527,0.17389128,-0.15631777,-0.2083055,-0.5769363,-0.28390387,0.2697668,0.3884207,-0.68237936
121,302,1.2897238,0.14271168,0.05674029,1.1643267,1.0933108,0.8273965,0.23557124,-0.16588905,0.27692795,0.5060768,0.19911535,-1.42732,0.0055745766,-1.0214349,0.8737272,-0.6582522
121,304,-0.088293314,-1.0877973,-0.22719315,0.008921564,-0.074367926,0.16745386,-0.21556771,0.19992715,1.2190986,-0.039464705,-0.56827307,0.07865895,0.9193553,-0.6776077,-0.79694754,-0.16096382
121,305,-0.24801125,0.71169114,-0.1455679,-0.61184084,0.41302994,-0.77810276,-0.10757818,0.31247267,0.11870951,0.025342971,-0.35727644,-0.45079815,0.042214684,0.14721876,-0.21380633,-0.41639173
121,306,0.028167257,0.41155374,0.10005485,-0.7971753,0.5389862,-0.58871025,0.02554515,0.35228938,0.3372574,0.039820015,-0.37480286,-0.3401401,-0.24464542,0.41250417,0.09616007,-0.78847915
121,309,-0.59666,-0.029708087,-0.49703318,-0.25248766,0.21952942,0.34834477,-0.59507865,0.2548981,-0.9582209,-0.74036074,0.045751467,-0.9095175,0.39545488,0.19028075,0.12541808,0.544204
121,312,0.079480276,-0.12465435,0.6376605,-0.32300323,-0.5667982,0.24939147,-0.24031577,-0.55292,-0.24064368,0.8261709,-0.04085739,0.26535314,0.24913746,0.4108061,0.14980106,-0.5236248
121,314,-0.10486747,0.54943985,-0.023647103,-0.7106317,0.483529,-0.67364264,-0.03951419,0.34316227,0.23057896,0.01668597,-0.368361,-0.395594,-0.10987989,0.28425795,-0.049432307,-0.6050303
121,325,1.6291969,0.13766354,0.017225258,1.8040671,1.1946626,1.1546627,0.27707118,-0.37519833,0.30949298,0.7387827,0.3260529,-1.7301046,0.17063972,-1.5711043,0.9696127,-0.5679294
121,338,0.8155427,0.049896896,0.046678737,0.43731317,0.89070344,0.41134253,0.1690169,0.09924662,0.20851985,0.17603758,0.024775103,-1.032223,-0.11929845,-0.4324975,0.6319246,-0.6314332
121,340,-0.09469849,-0.3829048,0.2549756,-0.43356067,-0.22055915,0.53568554,-0.36521846,-0.20539391,-0.5003626,0.107319996,-0.007945195,-0.18050629,0.19741237,0.4961999,0.3561592,-0.23452985
121,342,-0.032036718,-0.36563292,0.35379094,-0.44629627,-0.27881172,0.4959714,-0.3240372,-0.27035466,-0.4139165,0.25385615,-0.025759831,-0.07700425,0.17863837,0.51014525,0.3469845,-0.34436983
121,343,0.2914807,-0.013472557,0.36022973,0.35347345,0.10684062,-0.51613307,0.65575725,0.3017435,0.18168497,-0.3280987,0.3303147,0.41163808,-0.43512693,0.19463418,0.019036412,0.04411125
121,348,-0.33304074,0.65823877,-1.0153725,-0.41664582,-0.30055216,0.98125637,-0.18384805,-0.39300403,0.8502353,-0.5348635,-0.11075692,0.56003964,-0.30075738,-0.13518569,0.0050447136,0.12051991
121,362,0.049142394,-0.25209823,0.54972076,-0.35484424,-0.48770383,0.39164934,-0.27110428,-0.47057715,-0.322396,0.61568654,-0.019523501,0.15434925,0.22792923,0.45587328,0.23987965,-0.4512198
121,363,-0.03178188,-0.62278974,0.32836398,-0.4255373,-0.30598152,0.785833,-0.3780789,-0.2620252,-0.5786792,0.0912326,0.04643187,-0.11303724,0.17589122,0.5714598,0.48074913,-0.23217213
121,364,0.2728155,0.055258423,0.38579702,0.35963842,0.04284005,-0.44881636,0.6481785,0.23221435,0.15952508,-0.31100556,0.3770426,0.41278148,-0.43254662,0.21850528,0.06619054,0.058588684
121,366,-0.08811332,0.3584212,0.4313409,0.65000784,-0.47235534,-0.15317868,0.57318693,-0.06661898,0.16055462,-0.37851462,0.72537273,0.5040499,0.016776808,0.14674936,-0.051335707,0.48376352
121,367,-0.017266817,0.5261392,0.06971123,-0.76392055,0.51182127,-0.6680926,0.009345047,0.32937664,0.33000174,0.07645163,-0.38048297,-0.34410846,-0.19217297,0.35699064,0.021529317,-0.7431953
121,394,-0.11907621,-0.36476675,0.20311248,-0.42110276,-0.18548396,0.5235177,-0.36979887,-0.16667584,-0.52042997,0.04148744,-0.005402148,-0.22452585,0.19843271,0.47373152,0.34282488,-0.18434721
121,396,0.33054507,-1.1005358,0.27367166,0.02324447,0.35185862,-0.046635747,0.5235765,0.52812946,-0.066926874,-0.60182685,0.18202542,0.11109884,-0.53453946,0.38455716,0.3275082,-0.07716844
121,404,-0.5756138,0.55647385,-0.55383193,-0.04587798,0.20311055,-0.34868672,-0.4943461,0.18319207,-0.72947,-0.21583357,-0.16372688,-0.7116194,0.39220953,-0.23629662,-0.35542184,0.5749264
121,405,-0.3670687,-0.18849227,-0.4916853,-0.13296676,0.16404806,0.057480782,-0.5019666,0.15819564,-0.88035357,-0.17328279,-0.17109698,-0.3405136,0.03124275,-0.10807509,-0.018866561,0.5730654
121,416,-0.022793952,0.53414387,0.062348954,-0.7503586,0.50191915,-0.6698377,0.008266993,0.3251558,0.32274407,0.075874045,-0.3772694,-0.34229302,-0.18331021,0.34344375,0.009780437,-0.72506493
121,422,0.13631569,0.03406146,0.27633706,0.4063523,-0.0076868236,-0.5064536,0.53983575,0.27538216,0.22529003,-0.32611895,0.29681116,0.36611587,-0.1626499,0.047723413,-0.20072645,0.18303195
121,423,0.13839842,0.1447916,0.15738857,-0.8176061,0.58999217,-0.39775324,0.077659845,0.40054548,0.3278729,-0.05513371,-0.32918432,-0.31515175,-0.3653197,0.51715493,0.26016003,-0.8495036
121,433,0.19585279,-0.19902632,-0.06014405,-0.25521737,0.59343076,-0.61114955,0.3129915,0.6676173,0.17324227,-0.3141412,-0.20766759,-0.15789361,-0.31312886,0.13682911,-0.09207239,-0.3189762
121,442,-0.59908617,-0.12854046,-0.49278972,-0.26992223,0.21556321,0.45411822,-0.6230048,0.25029173,-1.006464,-0.7858576,0.06481035,-0.9296218,0.39613402,0.23709324,0.19301961,0.55434066
121,444,0.2127021,-0.21701083,-0.040514715,-0.24429402,0.58771074,-0.6038382,0.33014345,0.6574805,0.17603642,-0.31142724,-0.19269696,-0.13633123,-0.33425194,0.14707942,-0.076703675,-0.32463288
121,448,0.34136653,-0.31598458,0.16642946,-0.1500921,0.5094827,-0.52049404,0.49781048,0.5329635,0.19090194,-0.29648536,-0.008491874,0.078602985,-0.5489974,0.28855497,0.105951995,-0.37587202
121,461,1.9577271,0.45540938,0.07649311,2.2927494,1.3070393,1.3415043,0.3389925,-0.61583364,0.4158963,1.0526019,0.4465685,-1.9932747,0.24913922,-1.957875,1.1124693,-0.6513556
121,465,0.5621309,-0.43971822,-0.057107367,0.18230143,0.7929441,0.24718204,0.1835628,0.3688317,0.05606592,-0.18780471,-0.029406056,-0.780297,-0.18980733,-0.21795943,0.43909496,-0.40887702
121,467,-0.23402967,1.0090612,0.37563232,0.7290125,-0.6200602,-0.12208305,0.5899597,-0.29179123,0.2521148,-0.33861932,0.9004319,0.4704343,0.08184741,0.13466837,-0.05687722,0.51864797
121,469,0.021960288,-0.16407868,0.6304124,-0.21421635,-0.6731591,0.34119275,-0.32221514,-0.6203098,-0.4136878,0.85194016,0.026563615,0.2745719,0.3424017,0.36704162,0.12359168,-0.36438704
121,496,-0.04362036,-0.69954264,-0.60806924,-0.30813515,0.04038974,0.44818267,-0.2853335,0.05683635,1.3038288,-0.06250957,-0.6867776,0.18272163,0.47588646,-0.6103754,-0.5600899,-0.33237213
121,497,-0.3795886,-0.9067836,-0.28141522,-0.07007611,-0.33353522,0.29487202,-0.33951515,0.14080296,1.24971,-0.26685244,-0.46853322,0.15406807,1.2024541,-0.673381,-0.9885441,0.05823961
121,498,-0.34793967,0.14278662,-0.21495652,-0.04517889,0.06257154,0.29930076,-0.46387294,0.0123235285,-0.80736125,-0.30080238,0.07455246,-0.6950316,0.3872561,0.09016953,0.11112149,0.3338269
121,514,-0.062125657,0.58329207,0.027381621,-0.72582436,0.4860262,-0.70189327,-0.010238439,0.321341,0.29528514,0.07337494,-0.3760413,-0.35768002,-0.14308673,0.3056852,-0.035275623,-0.67458606
121,515,-0.33699384,-1.0285003,-0.21180943,-0.07346235,-0.28685692,0.1851975,-0.3451553,0.20371944,1.2257637,-0.21148273,-0.5241033,0.08034755,1.2500429,-0.69578284,-1.0261136,0.010870278
121,529,-0.18102169,1.0668612,-0.019582119,-0.21992832,-0.023682311,-0.9656006,-0.1291636,-0.34958878,0.213628,0.9331573,-0.4400832,0.0004774779,-0.064684674,-0.21846803,-0.45282757,-0.1746893
121,540,-0.0034396946,-0.47626564,0.37923217,-0.44944856,-0.30482042,0.6077199,-0.32744908,-0.2844497,-0.44495568,0.23175061,-0.0042883754,-0.054528333,0.16192362,0.54636174,0.40731114,-0.34466004
121,545,0.07977305,-0.13583735,0.6589846,-0.3062871,-0.60242355,0.27005062,-0.25099698,-0.5837059,-0.26147372,0.8594527,-0.029199809,0.28615987,0.26693344,0.4107835,0.14858891,-0.5164722
121,548,0.32350197,-0.5080731,0.2177766,-0.055820853,0.39254287,-0.34519556,0.50590634,0.47587207,0.102367125,-0.37727425,0.079780504,0.112724975,-0.52759796,0.30848324,0.1692761,-0.24002917
121,552,0.19585279,-0.19902626,-0.060144052,-0.25521737,0.5934308,-0.61114955,0.31299147,0.6676173,0.17324224,-0.3141412,-0.20766759,-0.15789361,-0.31312883,0.1368291,-0.09207239,-0.31897616
121,563,-0.4302591,0.6382634,-0.50701976,0.01600033,0.094969176,-0.6849251,-0.41348305,-0.03416279,-0.51263523,0.40056968,-0.3796391,-0.23769978,0.103697054,-0.4719785,-0.5277292,0.53623384
121,579,-0.29475918,0.9151068,0.29314545,0.6859255,-0.60283864,-0.13680793,0.5123915,-0.2394802,0.2973293,-0.36157632,0.8023362,0.42059833,0.20008859,0.06306109,-0.17520319,0.5362657
121,585,0.079659246,-0.16436568,0.70720553,-0.2814169,-0.67485344,0.3111005,-0.27961951,-0.6466204,-0.30576038,0.936918,-0.008551374,0.33087665,0.30227214,0.41790265,0.15099902,-0.5090597
121,597,0.041664585,-0.5987117,0.43721318,0.5204667,-0.27627492,-0.120186,0.5309873,0.19969194,0.02286996,-0.5094317,0.4843436,0.4859572,-0.08800865,0.18799667,-0.016045302,0.48099393
121,603,-0.031781886,-0.62278986,0.32836398,-0.42553726,-0.30598155,0.78583324,-0.3780789,-0.26202524,-0.5786794,0.09123257,0.046431884,-0.11303724,0.17589122,0.5714598,0.4807492,-0.23217213
121,604,0.015761834,-0.36890277,0.5326799,-0.3618887,-0.5002333,0.53471553,-0.33368763,-0.47608623,-0.4335796,0.54186815,0.014859721,0.10716571,0.25756305,0.5033283,0.31016296,-0.39409572
121,606,1.4922849,0.24275473,0.03751502,1.5503683,1.1614138,0.9921042,0.26282644,-0.3022283,0.2993896,0.6644691,0.2826842,-1.6249496,0.10472839,-1.3522854,0.9312428,-0.61917484
121,610,0.20554204,-0.37446526,0.05147642,-0.50124604,0.60120684,-0.2863256,0.26057768,0.5773518,0.10386385,-0.38551143,-0.13770357,-0.21660577,-0.48609835,0.4097914,0.256122,-0.51577365
121,612,-0.037599307,-0.6330317,0.3475656,-0.4316728,-0.3262172,0.8017434,-0.39491197,-0.2857297,-0.5933779,0.11880803,0.04980114,-0.106885836,0.19261491,0.5868915,0.48946524,-0.24288198
121,615,0.14369568,-0.14736831,-0.10565784,-0.29840153,0.5987191,-0.6020056,0.26234928,0.67526305,0.15341341,-0.32788825,-0.23300108,-0.21985811,-0.27139214,0.13539304,-0.10195142,-0.31189743
121,618,-0.26801866,1.002433,0.33893403,0.7160541,-0.620317,-0.12828396,0.5594724,-0.28245375,0.26876283,-0.34747487,0.8716439,0.44551152,0.13298818,0.10567759,-0.103846654,0.5308786
121,628,1.7889324,0.2543439,0.04007601,2.035724,1.259106,1.2597737,0.30472144,-0.4810718,0.35247692,0.8752502,0.3829862,-1.8613791,0.20586586,-1.7529963,1.0488776,-0.6055383
121,644,-0.12770176,1.0490606,-1.6641632,-0.69383276,-0.25958163,1.5201067,-0.21890903,-0.7612438,0.8488447,-0.54602504,-0.17496227,0.9524479,-1.3505201,0.002276305,0.61171836,0.058232248
121,655,-0.19390735,-0.49930546,-0.61087215,-0.004440978,0.1544358,-0.14253333,-0.5082598,0.10594711,-0.9951748,0.3094849,-0.394408,0.20432226,-0.36189458,-0.43550158,-0.12524474,0.76009077
121,663,-0.31003603,-0.45892057,0.16346985,0.49035063,-0.51448965,0.041940153,0.13845958,0.07052274,0.49372298,-0.37357503,0.24207194,0.28342903,0.72839415,-0.24714428,-0.53496385,0.5157083
121,666,-0.666963,0.45362815,-0.60106725,-0.08590953,0.23574919,-0.13472517,-0.5812541,0.24056043,-0.8862618,-0.48307198,-0.065918446,-0.90346813,0.4875226,-0.11271831,-0.23544656,0.64473754
121,670,0.18698688,0.31677905,0.33497077,0.42048505,-0.019623771,-0.49477917,0.61459976,0.17386,0.21757644,-0.26913738,0.40182543,0.3859024,-0.30187762,0.12401043,-0.064269274,0.1126976
121,674,-0.25893217,1.001481,0.33457285,0.69901013,-0.6059623,-0.13117307,0.55506104,-0.2778863,0.2626599,-0.3402146,0.8574115,0.4356777,0.11970947,0.10806254,-0.09644221,0.5154079
121,684,-0.01973635,-0.93119586,-0.4659462,-0.25801522,0.08981609,0.29609868,-0.29119462,0.1697334,1.3383285,0.00260216,-0.7517003,0.07351804,0.6945183,-0.6846177,-0.6986659,-0.3844049
121,686,-0.036442805,-0.557518,0.34642166,-0.35864693,-0.3647736,0.7414663,-0.37261963,-0.30929366,-0.58774006,0.16430365,0.061387196,-0.071214296,0.21228501,0.51736486,0.41722137,-0.19625136
121,704,-0.024176363,-0.60447276,0.35814947,-0.44196212,-0.31854507,0.76097465,-0.37604508,-0.2833841,-0.5530657,0.14368407,0.035402402,-0.092278846,0.17916462,0.58296525,0.47685456,-0.27494103
121,714,0.29457533,-0.035547107,0.3455289,0.3455291,0.13036543,-0.5387448,0.65170044,0.32695234,0.18827137,-0.3320796,0.30741805,0.40418947,-0.42994383,0.18213943,-0.0016681552,0.03876199
121,728,0.07965924,-0.16436574,0.7072055,-0.2814169,-0.67485344,0.3111005,-0.27961954,-0.6466205,-0.30576038,0.93691814,-0.008551389,0.33087665,0.30227217,0.4179027,0.150999,-0.5090598
121,729,0.24954535,-1.0119485,-0.69383514,0.30444184,0.15720308,-0.4998939,-0.40804324,0.05783555,-1.1480316,1.145202,-0.7172188,1.1984764,-1.057679,-0.9773114,-0.26342753,0.9901231
121,730,-0.38595438,0.49331123,-0.34105757,0.21418068,0.12145257,-0.060438663,-0.4514996,0.05309996,-0.8835101,-0.16407856,0.052400142,-0.69989365,0.42093074,-0.21144296,-0.13846712,0.560328
121,743,-0.23434807,1.0004658,0.35923222,0.7064711,-0.60346925,-0.1283006,0.5752828,-0.2815183,0.25128865,-0.3342361,0.874164,0.45233744,0.084584214,0.12718473,-0.06548798,0.5059445
121,745,0.22917013,-0.9899435,-0.6823471,0.24679619,0.13676797,-0.51103985,-0.40540674,0.034554765,-1.082216,1.1602786,-0.7377126,1.1934056,-1.0552783,-0.95017886,-0.27365592,0.9411629
121,781,0.23262395,0.33931896,0.41012216,0.47204015,-0.038110077,-0.4766232,0.69224924,0.14017877,0.21332103,-0.27726537,0.49217397,0.45149863,-0.3924757,0.18969521,0.026607156,0.10440382
121,795,-0.31237495,0.742712,0.25122005,0.63364077,-0.5765966,-0.13851444,0.44620234,-0.17264822,0.30809748,-0.37376496,0.7022541,0.3845209,0.28018922,0.016440004,-0.24979451,0.537434
121,801,-0.19459918,0.97547305,-0.107957065,-0.14479116,-0.052740335,-0.95130765,-0.17759061,-0.37934563,0.10894377,1.000803,-0.47519797,0.09384407,-0.12726845,-0.33017102,-0.49052924,-0.01203239
121,804,-0.06330854,-0.29048142,-0.83340126,-0.39214975,-0.01690635,0.68025494,-0.26213172,-0.120552,1.2015821,-0.15880615,-0.5705156,0.34186828,0.08105052,-0.4748206,-0.30272,-0.2560025
121,810,-0.22705446,0.62619597,-0.14963262,-0.63222516,0.442868,-0.7236265,-0.09919011,0.35388398,0.10921667,-0.03531424,-0.35498458,-0.4582585,0.0066261515,0.17399451,-0.17008619,-0.42451257
121,856,0.16644597,-0.10674074,-0.042470198,-0.34855798,0.58755195,-0.5595952,0.27988043,0.6185991,0.16998279,-0.30014324,-0.196699,-0.18958044,-0.3491676,0.21750589,-0.008336768,-0.39245203
121,869,-0.34706956,0.6740175,-0.44323543,0.019214004,0.04076939,-0.8078327,-0.3454647,-0.1234324,-0.37061158,0.6365788,-0.45145738,-0.04078635,-0.018764555,-0.526389,-0.5758465,0.46227372
121,873,-0.3227575,0.19416371,0.2037372,0.5377474,-0.52637076,-0.11545317,0.30907726,0.0059907585,0.30518034,-0.41654554,0.4829144,0.33717096,0.45416224,-0.07099104,-0.39651465,0.56229633
121,876,0.12328601,0.21763659,0.15959486,-0.81765795,0.5748081,-0.44345692,0.07009101,0.37883583,0.34539935,-0.015994921,-0.34220648,-0.31261796,-0.34486422,0.500127,0.22856839,-0.8540237
121,878,-0.24547197,0.6539178,-0.35160148,0.008223265,-0.049500674,-0.84791696,-0.2868225,-0.2835848,-0.21159104,0.91774935,-0.5187822,0.18378417,-0.18070194,-0.5485158,-0.56254756,0.37486768
121,880,0.11523254,-0.025921166,0.089420564,-0.7917831,0.60835594,-0.29332343,0.058742244,0.46681622,0.2264646,-0.1871368,-0.30550402,-0.3633324,-0.35248047,0.5094189,0.2832188,-0.75109994
121,897,-0.121537566,1.107052,-1.6522871,-0.67139065,-0.27483875,1.507613,-0.20246044,-0.7875633,0.8157088,-0.5332208,-0.14686096,0.94968784,-1.3835537,0.017433763,0.6407641,0.072062165
121,906,0.09006423,-0.110076696,0.6567937,-0.36960053,-0.5457325,0.22002539,-0.22994387,-0.550411,-0.19181743,0.848316,-0.06450272,0.26541746,0.23450303,0.4392781,0.16226368,-0.5914517
121,909,0.34729645,-0.3817192,0.22206578,-0.078819185,0.43741277,-0.4477756,0.53431535,0.48687786,0.16159734,-0.3252861,0.0658032,0.13371123,-0.56770694,0.31943503,0.15252836,-0.3157289
121,924,0.33153796,-0.31302777,0.15752983,-0.15711963,0.50044197,-0.50786424,0.48283204,0.5263523,0.1836912,-0.2948398,-0.015971184,0.06698494,-0.53553087,0.28136897,0.10178667,-0.36871484
121,925,0.28704292,-0.29818842,0.06511157,-0.21627264,0.5592151,-0.54816556,0.4099393,0.59911513,0.18357542,-0.3038373,-0.10938097,-0.035585582,-0.45322213,0.22469479,0.02871257,-0.36901346
121,932,0.12423028,0.22275135,0.16595379,-0.83025634,0.5815071,-0.45099598,0.068925284,0.37900168,0.35436442,-0.008419625,-0.34744307,-0.31447703,-0.34783164,0.5091661,0.23312627,-0.870728
121,951,0.015761832,-0.36890265,0.5326799,-0.3618887,-0.5002333,0.53471565,-0.3336876,-0.4760861,-0.4335796,0.5418683,0.014859736,0.10716571,0.25756302,0.5033283,0.31016296,-0.39409572
121,953,0.15481798,-0.7913153,-0.6964948,0.37450764,0.15445653,-0.5276675,-0.44741258,0.053193808,-1.2035735,1.067151,-0.63840806,1.0036631,-0.88323003,-0.97938913,-0.30929255,1.042
121,954,0.08001138,-0.09526682,0.63885516,-0.3402591,-0.5510278,0.21168205,-0.23263866,-0.5460495,-0.21165442,0.8382949,-0.055548012,0.2622403,0.2433204,0.41252962,0.14108224,-0.55035734
121,956,-0.16354801,0.8965143,0.40113494,0.6862041,-0.5602654,-0.14122973,0.5946847,-0.24209344,0.22247088,-0.31824848,0.84852505,0.46562278,0.02026435,0.15262558,-0.02240841,0.46338212
121,973,0.076476395,-0.11862394,0.65817547,-0.292276,-0.61073697,0.25375053,-0.25160587,-0.5883118,-0.264627,0.8733688,-0.027560666,0.292953,0.27329987,0.39624465,0.13213636,-0.5046536
121,975,-0.6120377,0.52343225,-0.57089186,-0.063073725,0.22164568,-0.2511053,-0.52206,0.2185891,-0.7883356,-0.35894492,-0.110200234,-0.8116862,0.4418862,-0.17424363,-0.3010261,0.595957
121,1004,-0.60510147,-0.10595766,-0.4936998,-0.27463576,0.21759199,0.42719606,-0.6219377,0.25311282,-0.99908227,-0.7761513,0.058976144,-0.9263227,0.39828658,0.23303828,0.17795752,0.54999876
121,1006,-0.6120377,0.52343225,-0.5708918,-0.063073754,0.22164568,-0.2511053,-0.52206004,0.2185891,-0.78833556,-0.3589449,-0.11020024,-0.8116863,0.4418862,-0.17424363,-0.30102608,0.59595704
121,1012,-0.17509106,1.107803,0.028879888,-0.27976257,0.019629091,-0.9688026,-0.09808045,-0.29000795,0.26837853,0.84450096,-0.41511205,-0.08867629,-0.005676776,-0.13868928,-0.4247203,-0.28718215
121,1018,-0.61119527,-0.059066355,-0.50297844,-0.2599279,0.21868202,0.38428733,-0.6157688,0.25409913,-0.98937064,-0.76233417,0.05425203,-0.92609745,0.40510434,0.20757988,0.14574568,0.5587479
121,1020,0.2854643,0.13387337,0.4429953,0.43556848,0.00056144595,-0.44687608,0.7078363,0.1908498,0.16692016,-0.31223565,0.46950787,0.47291446,-0.46288776,0.24447706,0.100651264,0.08423212
121,1024,0.07569015,-0.18228838,0.6002024,-0.36395133,-0.50925577,0.3043336,-0.24176192,-0.5030117,-0.24719077,0.7224126,-0.044040218,0.20976292,0.222175,0.44651723,0.20257483,-0.5248457
121,1037,0.53166026,-0.009708822,0.027133517,0.03261313,0.7475321,0.17662802,0.12761909,0.24386743,0.15587917,-0.014023066,-0.072524905,-0.7801241,-0.1838473,-0.11175061,0.4727525,-0.58128476
121,1044,-0.59666,-0.029707998,-0.4970331,-0.25248766,0.21952942,0.3483449,-0.5950785,0.2548981,-0.9582209,-0.7403607,0.045751467,-0.9095175,0.39545488,0.19028072,0.12541805,0.54420406
121,1050,-0.3271519,0.31915516,0.21521068,0.5754452,-0.544019,-0.12695494,0.34567764,-0.03418024,0.3144153,-0.414117,0.5418657,0.3544445,0.4255823,-0.056298245,-0.37553144,0.5680673
121,1059,-0.32609096,-0.40380886,0.18678772,0.52070177,-0.54351974,0.034837008,0.16727702,0.06409788,0.43535134,-0.4023277,0.30379426,0.30538088,0.7028672,-0.21055499,-0.51106346,0.56602645
121,1064,0.07793876,-0.53814614,0.44793558,0.5421978,-0.24166104,-0.18574645,0.5677429,0.21821572,0.058667965,-0.49585977,0.48685694,0.5079318,-0.119795054,0.18118866,-0.03182655,0.44807512
121,1071,-0.00982875,-0.39500794,0.47807968,-0.3594412,-0.4625592,0.5687442,-0.3499688,-0.4331819,-0.47615656,0.44906747,0.024496272,0.052101225,0.2562018,0.5006622,0.32558548,-0.3377818
121,1078,0.08055866,-0.4687129,0.4163494,0.497564,-0.2113544,-0.2091261,0.5443949,0.22066477,0.06824246,-0.46678603,0.44531208,0.47006148,-0.12225237,0.16645093,-0.044240512,0.40479165
121,1096,0.079747714,-0.15232834,0.6920201,-0.28470552,-0.6548029,0.2953306,-0.2701237,-0.628052,-0.29281294,0.91567665,-0.014118969,0.319498,0.292161,0.41152996,0.14628364,-0.5076432
121,1109,0.28251332,0.05936876,0.41729334,0.40212324,0.025024652,-0.45040965,0.6813656,0.22333941,0.16176033,-0.32152438,0.42060977,0.44970113,-0.44750032,0.23221956,0.0806355,0.07784419
121,1113,0.3275969,-0.4128454,0.2219052,-0.0652563,0.3958351,-0.38757887,0.514271,0.46168882,0.12983431,-0.34155595,0.07808025,0.124197796,-0.5414822,0.3124152,0.16108276,-0.27215782
121,1122,-0.009159859,-0.6144155,0.32302734,0.44780096,-0.2176534,-0.19566576,0.43042934,0.2737018,0.08362784,-0.48756403,0.33745527,0.404011,0.04886476,0.07626491,-0.18128416,0.45456225
121,1123,0.19685672,0.30833036,0.35444602,0.43843088,-0.025837302,-0.49161583,0.634327,0.1699832,0.21742007,-0.27556175,0.42437357,0.4061575,-0.318621,0.13774076,-0.047609486,0.117015064
121,1129,0.28159064,0.11150579,0.42860526,0.41281506,0.009730503,-0.4435865,0.68962145,0.200362,0.16318768,-0.31124365,0.44402766,0.45592326,-0.45360976,0.2384319,0.09347269,0.07723358
121,1137,-0.33251238,0.6949868,-1.074746,-0.4325903,-0.31392804,1.0454037,-0.19188279,-0.43285468,0.86713886,-0.5458156,-0.108198375,0.6005553,-0.36504215,-0.12979513,0.044643566,0.12752634
121,1151,-0.087567925,0.48575336,-1.4099804,-0.63532436,-0.15044057,1.2567043,-0.24902606,-0.50969625,0.99859595,-0.4006916,-0.36590368,0.7878408,-0.8779171,-0.1771261,0.28916097,-0.0792604
121,1153,0.0427419,-0.3123763,0.5452622,-0.3595615,-0.492228,0.46006152,-0.29221135,-0.47075924,-0.36479583,0.5807775,-0.0048024505,0.13926749,0.23272154,0.47878766,0.27573508,-0.43131796
121,1178,0.11765444,-0.046495676,0.08543249,-0.7828965,0.60378,-0.27454504,0.059802894,0.46835232,0.21600416,-0.19980258,-0.29939362,-0.36283022,-0.35368654,0.50656956,0.28746748,-0.7378035
121,1188,0.0427419,-0.3123763,0.54526216,-0.3595615,-0.49222788,0.4600614,-0.29221135,-0.47075924,-0.36479583,0.5807775,-0.0048024654,0.13926749,0.23272154,0.47878763,0.27573508,-0.43131796
121,1212,0.06060732,-0.53061426,0.43495184,0.4986501,-0.25589037,-0.13303824,0.53551537,0.19008172,0.02302695,-0.48663065,0.4769988,0.4717577,-0.122569665,0.19668722,0.0053043813,0.4433744
121,1225,0.15481797,-0.7913153,-0.6964949,0.37450764,0.15445653,-0.5276675,-0.44741252,0.053193808,-1.2035733,1.067151,-0.63840806,1.0036631,-0.8832301,-0.9793892,-0.30929253,1.042
121,1241,0.1667359,-0.20482293,-0.11006215,-0.26461047,0.6278194,-0.64065856,0.28789383,0.7198889,0.16614848,-0.3412875,-0.24103019,-0.20723231,-0.27030766,0.1154104,-0.13100053,-0.29992837
121,1253,0.0544533,-0.6053989,0.45193058,0.5386958,-0.27281034,-0.13210347,0.55141795,0.20434923,0.02395837,-0.5151658,0.49955314,0.50496733,-0.10518187,0.19526598,-0.009436518,0.48399168
121,1267,0.16644597,-0.10674074,-0.042470198,-0.34855795,0.58755195,-0.5595952,0.27988046,0.6185992,0.16998279,-0.30014327,-0.196699,-0.18958044,-0.3491676,0.21750587,-0.008336753,-0.392452
121,1277,0.11765444,-0.046495706,0.08543251,-0.7828965,0.60378003,-0.27454504,0.05980289,0.4683523,0.21600416,-0.1998026,-0.2993936,-0.36283022,-0.35368654,0.50656956,0.28746754,-0.7378035
121,1278,-0.29059175,0.23613098,-0.4249278,0.30998108,0.13283013,-0.13112578,-0.4798948,0.059143826,-1.0375543,0.06555039,-0.05586484,-0.3937891,0.20135304,-0.38717467,-0.16801803,0.7224491
121,1282,-0.60069305,-0.07211128,-0.4890431,-0.24512964,0.19270056,0.36394003,-0.6205447,0.21697989,-0.98663443,-0.6766935,0.034052536,-0.87152576,0.38603112,0.18294297,0.13317902,0.5641668
121,1287,0.2849547,-0.16271487,0.29010347,0.18682662,0.1924292,-0.43069205,0.56775606,0.34148526,0.14610907,-0.3284459,0.21664722,0.28062236,-0.44332322,0.22259042,0.06540203,-0.055153504
121,1302,-0.07121159,0.07594997,0.41761142,0.62806106,-0.42339823,-0.16674651,0.542955,0.030299738,0.15550864,-0.4160846,0.6375927,0.5034104,0.053085364,0.11862315,-0.10692684,0.49794632
121,1307,1.9577272,0.45540938,0.07649309,2.29275,1.3070391,1.3415042,0.3389925,-0.61583364,0.4158963,1.0526019,0.4465685,-1.9932748,0.24913922,-1.9578748,1.1124694,-0.6513556
121,1316,0.3297699,-0.31976375,0.15831178,-0.16596276,0.500708,-0.49548703,0.47895545,0.5244436,0.17955661,-0.29748377,-0.015238866,0.060943633,-0.5394339,0.28897965,0.11271633,-0.37377405
121,1319,-0.19351973,1.1374851,0.07815475,-0.4534614,0.15860868,-1.0036819,-0.064399846,-0.11666235,0.33775535,0.63524085,-0.39297843,-0.26296863,0.087970324,0.033583917,-0.3616227,-0.5048626
121,1322,0.0427419,-0.3123763,0.5452622,-0.3595615,-0.492228,0.46006152,-0.29221135,-0.47075918,-0.36479583,0.5807775,-0.0048024505,0.13926749,0.23272154,0.47878766,0.27573508,-0.43131793
121,1339,0.028167253,0.41155377,0.10005485,-0.7971753,0.5389862,-0.5887102,0.025545172,0.35228938,0.3372574,0.039820023,-0.37480283,-0.3401401,-0.24464542,0.41250417,0.09616007,-0.78847915
121,1342,-0.6266608,-0.11367291,-0.51254797,-0.26739717,0.21998057,0.44868347,-0.6437327,0.2553806,-1.0354449,-0.8008343,0.068070546,-0.9537459,0.41634727,0.23250699,0.1828279,0.58066326
121,1346,0.30016208,-1.3548292,0.28700224,0.044397503,0.2784717,0.16255292,0.48681283,0.50365937,-0.17741868,-0.69724953,0.2270032,0.0795953,-0.5015079,0.41182524,0.41149676,0.026249856
121,1349,-0.53603566,-0.09485054,-0.47218007,-0.22135466,0.18131042,0.29683498,-0.58192647,0.20048061,-0.94374067,-0.55806893,-0.00974004,-0.7485731,0.30741018,0.12548333,0.10299638,0.5454788
121,1362,0.26966566,0.2643965,0.45431453,0.4818751,-0.032093883,-0.4557287,0.73179257,0.14507255,0.18236917,-0.2981285,0.525956,0.48810494,-0.46056077,0.24138284,0.09790225,0.10111508
121,1386,-0.35702667,-0.0062154233,0.24573538,0.5735239,-0.60414743,-0.024797648,0.2892036,0.005746588,0.24039719,-0.45753065,0.52103835,0.37221462,0.51664346,-0.05644243,-0.37763143,0.66196936
121,1397,-0.07932648,-0.3305516,0.29084364,-0.42752862,-0.24614134,0.4773654,-0.34725222,-0.23589244,-0.4572365,0.18695551,-0.01960449,-0.13865207,0.20161724,0.48248273,0.32347143,-0.27410412
121,1418,0.3223582,-0.37395385,0.13823694,-0.19118063,0.519285,-0.47794902,0.45780692,0.54731494,0.16514088,-0.31689894,-0.0371567,0.030120626,-0.52699935,0.2831957,0.11193739,-0.37313938
121,1420,-0.3795886,-0.9067836,-0.28141522,-0.07007611,-0.33353525,0.29487208,-0.33951515,0.14080296,1.2497101,-0.26685244,-0.46853328,0.15406807,1.202454,-0.673381,-0.9885441,0.058239624
121,1423,0.056826554,-0.19810024,0.6684959,-0.24303874,-0.67900956,0.36393812,-0.3013013,-0.63333905,-0.37432745,0.8745771,0.018400267,0.30352294,0.31792718,0.39888692,0.15421356,-0.4257336
121,1429,-0.049892467,-0.6598196,0.31465134,-0.40354103,-0.32245222,0.8420341,-0.4031959,-0.26901487,-0.6369946,0.06058222,0.06900674,-0.12910047,0.19696131,0.5715195,0.49356347,-0.18198751
121,1437,1.831961,0.37495488,0.048220947,2.1018853,1.288844,1.2685719,0.30901098,-0.5203273,0.37293723,0.93802106,0.40400422,-1.9219419,0.22318444,-1.8131818,1.0735488,-0.6368032
121,1444,-0.295437,-0.506271,0.14019692,0.45949075,-0.48754516,0.051550627,0.11069432,0.073845804,0.5504763,-0.34513015,0.1842442,0.26359034,0.75102615,-0.28138545,-0.5554632,0.46625042
121,1463,-0.20238313,0.87072635,-0.023304299,-0.5665922,0.3084659,-0.8611319,-0.073322795,0.13495302,0.23293212,0.27345282,-0.3661944,-0.36340487,0.056301333,0.12904137,-0.25371736,-0.49731115
121,1465,-0.5196827,0.59298337,-0.51490283,-0.04091561,0.19369026,-0.41861677,-0.43945196,0.16918126,-0.6398184,-0.13249156,-0.19257633,-0.63941437,0.34978682,-0.26253513,-0.3855974,0.5140246
121,1467,-0.018543199,-0.42202637,0.39151683,-0.46295914,-0.30771577,0.5527928,-0.3367147,-0.30035928,-0.42738846,0.28118458,-0.018666297,-0.054998778,0.18148857,0.54643357,0.3841095,-0.37268132
121,1478,-0.517554,0.58907086,-0.5220575,-0.033410534,0.18741824,-0.43806592,-0.44516692,0.15357012,-0.6425129,-0.08757971,-0.21055277,-0.60826445,0.3314711,-0.2856272,-0.39830786,0.52750343
121,1481,0.2880438,-0.04183677,0.32660887,0.3248997,0.14101022,-0.54186124,0.63307333,0.3357619,0.18709044,-0.32847098,0.28184026,0.3846048,-0.41757864,0.17113328,-0.015467286,0.03230557
121,1496,0.16164504,0.20336223,0.285914,0.40922078,0.006828055,-0.53475165,0.5711262,0.23968619,0.24344721,-0.28769562,0.3259493,0.36480868,-0.21872938,0.062345073,-0.16804193,0.1341624
121,1501,1.2897236,0.14271165,0.056740277,1.1643268,1.0933108,0.8273965,0.2355712,-0.16588908,0.27692786,0.5060767,0.19911532,-1.4273201,0.0055745766,-1.0214349,0.8737271,-0.6582521
121,1503,0.0764764,-0.11862394,0.6581755,-0.292276,-0.61073697,0.25375053,-0.25160587,-0.5883118,-0.26462698,0.8733687,-0.027560666,0.292953,0.27329984,0.3962446,0.13213633,-0.5046536
121,1506,0.13189314,-0.85329163,-0.6787543,0.19738647,0.13770919,-0.48597348,-0.4293283,0.041728497,-1.0565943,1.0215863,-0.6830615,1.0101289,-0.9162679,-0.8691926,-0.27678514,0.9102612
121,1509,0.7929883,-0.31491885,-0.0660475,0.5952059,0.86023843,0.49425957,0.17899862,0.18129522,0.0902551,0.019284189,0.051440522,-1.0341051,-0.04931483,-0.57960457,0.53644735,-0.39330387
121,1510,0.79298824,-0.31491885,-0.0660475,0.5952059,0.8602383,0.49425957,0.17899863,0.18129522,0.0902551,0.019284166,0.051440522,-1.0341051,-0.049314834,-0.57960457,0.5364474,-0.39330384
121,1518,-0.045644272,-0.24861678,0.3067246,0.4558088,-0.26578817,-0.2139201,0.42629448,0.18425195,0.13227743,-0.41894,0.38926417,0.38558388,0.08031518,0.05691299,-0.1925793,0.42110932
121,1519,-0.31237498,0.742712,0.25122005,0.63364077,-0.57659674,-0.13851444,0.44620234,-0.17264822,0.30809748,-0.37376496,0.70225406,0.38452077,0.28018922,0.016440004,-0.24979451,0.537434
121,1535,-0.17509109,1.107803,0.028879888,-0.27976257,0.019629091,-0.9688026,-0.098080434,-0.29000798,0.26837853,0.844501,-0.41511205,-0.08867629,-0.005676776,-0.1386893,-0.4247203,-0.28718215
121,1546,-0.23117791,-0.21592698,0.027351804,-0.37233034,-0.07349084,0.40272036,-0.3982984,-0.05335954,-0.57998323,-0.12822253,-0.008236304,-0.38040644,0.23667452,0.37558067,0.24889018,-0.018076718
121,1552,0.027914058,-0.08773452,0.5336592,-0.22536936,-0.54971504,0.23679855,-0.25740308,-0.5004152,-0.33104363,0.72104114,-0.0071824044,0.21220313,0.27323478,0.31692934,0.087372065,-0.3470224
121,1560,0.08441606,-0.18456772,0.64630127,-0.37357432,-0.5461898,0.30595496,-0.25009903,-0.5454054,-0.2402398,0.79354197,-0.045944303,0.24362315,0.23628214,0.465117,0.20673563,-0.56458956
121,1561,-0.05194011,-0.25908402,-0.6454603,0.4886184,0.17898041,-0.36334115,-0.4792097,0.06943807,-1.2339826,0.59129024,-0.34509382,0.3206632,-0.37366042,-0.82716763,-0.27935982,1.0370243
121,1570,0.4945001,-0.032814562,0.03600201,-0.08254193,0.7718905,0.13638002,0.11349982,0.28671703,0.16766593,-0.04109621,-0.105606124,-0.7667334,-0.21146089,-0.02383577,0.48305148,-0.63553846
121,1577,0.0362445,-0.61622226,0.42679647,0.50328803,-0.27425596,-0.10962586,0.51442546,0.20203063,0.020974472,-0.50706136,0.4660988,0.4707147,-0.07750121,0.18346207,-0.020043492,0.476579
121,1580,0.3485025,-0.3355337,0.19899753,-0.10508585,0.47063294,-0.49550873,0.52434045,0.50699055,0.18271558,-0.30526525,0.033187523,0.11767425,-0.56215,0.30307865,0.12466283,-0.3457432
121,1596,-0.1372043,-0.0433698,-0.530565,0.42459527,0.17911872,-0.22119239,-0.46225914,0.096337445,-1.1579556,0.28937048,-0.1824747,-0.03867288,-0.09530491,-0.60315543,-0.19632861,0.88054246
121,1597,-0.18873622,1.1627651,-1.7030808,-0.67191744,-0.3100145,1.6089209,-0.22156641,-0.81682813,0.8880265,-0.6074897,-0.119902,0.98152566,-1.3240283,0.009574608,0.61448383,0.104432404
121,1602,0.15766917,-0.54461193,-0.07822987,-0.39802796,0.6030377,-0.12549254,0.15826695,0.6086829,-0.03775955,-0.50046647,-0.14958255,-0.39283156,-0.32608837,0.28040925,0.22042574,-0.33009863
121,1623,-0.5210905,-0.089711934,-0.46337622,-0.21855554,0.17841318,0.28330097,-0.56718796,0.19811806,-0.9234658,-0.5411769,-0.014821276,-0.7294856,0.2950992,0.11867094,0.09685917,0.53303593
121,1637,-0.1428271,-0.6115869,-0.6601927,0.04383725,0.14156441,-0.22160849,-0.5260628,0.070830286,-1.0509508,0.50946134,-0.4805733,0.41441375,-0.5083891,-0.5619417,-0.17014474,0.84471625
121,1642,0.046428718,-0.22269258,0.65633094,-0.23094243,-0.6841098,0.39964262,-0.31464338,-0.63269484,-0.40848666,0.84756917,0.031735927,0.29038054,0.32755768,0.3991317,0.16389097,-0.39418024
121,1650,-0.3417506,0.05312398,0.22481948,0.54967475,-0.56701016,-0.061599284,0.28917107,0.015257403,0.2677459,-0.44065326,0.4910348,0.35423028,0.497617,-0.06673226,-0.39187264,0.61777645
121,1659,0.2262032,-0.9739568,-0.67133164,0.22221309,0.13500705,-0.50717026,-0.39521375,0.03384608,-1.0479611,1.1428771,-0.73560727,1.1775968,-1.048349,-0.92810464,-0.26965836,0.91046625
121,1660,0.49450016,-0.032814592,0.03600201,-0.08254193,0.7718905,0.13638002,0.11349982,0.28671703,0.16766594,-0.041096218,-0.10560611,-0.7667334,-0.21146089,-0.023835763,0.48305148,-0.63553846
121,1670,0.029624052,-0.5737933,-0.7163268,0.4545783,0.16477937,-0.42437917,-0.51010287,0.047865883,-1.2987678,0.85002184,-0.50404066,0.67918444,-0.64074963,-0.9387193,-0.29633063,1.1122262
121,1679,0.13839844,0.1447916,0.15738857,-0.8176061,0.58999217,-0.39775324,0.077659845,0.40054548,0.32787293,-0.055133715,-0.32918435,-0.31515178,-0.3653197,0.517155,0.2601601,-0.8495036
121,1683,-0.11498508,0.8332682,-1.6318932,-0.71527576,-0.21486467,1.4836818,-0.24771929,-0.67552626,0.92015785,-0.5179602,-0.26371944,0.9288753,-1.2244511,-0.059450667,0.5152235,0.0050736666
121,1702,0.24954537,-1.0119483,-0.69383514,0.30444178,0.15720308,-0.4998939,-0.40804324,0.05783555,-1.1480316,1.1452019,-0.7172188,1.1984764,-1.0576789,-0.9773114,-0.26342753,0.9901231
121,1704,-0.11907621,-0.36476675,0.20311248,-0.42110276,-0.18548393,0.5235177,-0.36979887,-0.16667584,-0.52042997,0.04148744,-0.0054021627,-0.22452585,0.19843277,0.4737315,0.34282488,-0.18434721
121,1707,-0.097789094,0.52008414,0.42765602,0.6524143,-0.49038973,-0.15447628,0.57943046,-0.11353803,0.17667629,-0.350303,0.7543298,0.49284774,0.009295791,0.14963554,-0.03760211,0.46395588
121,1713,0.2899958,-0.0628151,0.28604972,0.2304413,0.20168787,-0.5430636,0.5933383,0.36138326,0.19342616,-0.30709815,0.21094398,0.32097268,-0.42924854,0.17932594,-0.011609167,-0.043948516
121,1716,0.18284489,-0.52336884,-0.038138345,-0.41515902,0.61881155,-0.14920866,0.19205442,0.60529673,-0.004237935,-0.48146948,-0.13430989,-0.35941094,-0.38025674,0.33021525,0.25737268,-0.38782135
121,1733,-0.6257786,0.51138985,-0.577952,-0.06657983,0.22271259,-0.23204187,-0.5369351,0.21980716,-0.8103521,-0.3764584,-0.103539355,-0.8279378,0.4522863,-0.16487832,-0.2910778,0.6084184
121,1745,-0.15050116,1.1274791,-1.7004513,-0.6944436,-0.2823221,1.5741789,-0.22146156,-0.8006271,0.8615209,-0.57570124,-0.1494388,0.9721111,-1.3743302,0.013882433,0.6358909,0.07592969
121,1752,-0.36513647,0.44930756,-0.86564505,-0.353666,-0.31502137,0.8521687,-0.19948983,-0.29771194,0.8855521,-0.50021374,-0.14120145,0.47726256,-0.02350714,-0.20564432,-0.16525723,0.122850955
121,1770,0.02732492,-0.64710355,0.41025293,0.49586275,-0.26675165,-0.11768429,0.49713168,0.21924809,0.031907402,-0.50950843,0.4403097,0.46039099,-0.04859442,0.1636548,-0.051072896,0.47868687
121,1773,-0.11700986,-0.38555136,0.2325728,-0.43035424,-0.21164295,0.54773927,-0.38384795,-0.19608986,-0.5307525,0.07756698,-0.001875639,-0.20874071,0.21130106,0.4951954,0.3580554,-0.20520213
121,1775,0.17741746,-0.22786155,-0.098292165,-0.26493427,0.6357087,-0.63772345,0.30044693,0.72449684,0.16774386,-0.347456,-0.23218465,-0.19810572,-0.2893348,0.1302589,-0.11494489,-0.31015643
121,1787,0.28138217,0.18029481,0.44663936,0.44441757,-0.009528369,-0.4458223,0.712711,0.17357054,0.16975516,-0.30419582,0.48555094,0.47431278,-0.46438253,0.2454592,0.10471141,0.08504397
121,1789,1.0709908,-0.16119716,-0.04239659,0.9911488,0.9775276,0.7061163,0.21048318,0.00071308017,0.16813147,0.26198962,0.13706397,-1.2640982,0.022294305,-0.91130865,0.6771286,-0.45653626
121,1804,0.25098026,-0.3091375,0.00066296756,-0.22642243,0.58431965,-0.5683818,0.36565447,0.64960945,0.1716811,-0.32609695,-0.16075635,-0.09873346,-0.38330585,0.17678544,-0.031448424,-0.33483326
121,1820,-0.21510397,1.049853,0.02938006,-0.5265416,0.2435207,-0.97339416,-0.07219968,0.00971894,0.29947716,0.46500754,-0.38655913,-0.33175254,0.091068335,0.0887164,-0.3209472,-0.5232787
121,1830,0.19588377,-0.14969459,0.008622535,-0.4139198,0.61843854,-0.51252496,0.29576516,0.61301315,0.18381917,-0.30725026,-0.1780076,-0.1861338,-0.42891636,0.30815446,0.090893865,-0.4826752
121,1844,-0.04477826,-0.63288796,0.31997198,-0.41062933,-0.31618547,0.8077073,-0.39254367,-0.26754034,-0.61017716,0.07942478,0.0581799,-0.122196525,0.1912052,0.56723243,0.48118556,-0.20281982
121,1847,-0.2853162,-0.48330107,0.13302061,0.44008926,-0.47081873,0.04680729,0.107803866,0.07066737,0.5489178,-0.33143666,0.17185579,0.25060314,0.73200595,-0.2796189,-0.5437075,0.44311982
121,1848,0.051442318,-0.23011795,0.6323642,-0.20581305,-0.675678,0.40291497,-0.30406305,-0.60982525,-0.41798702,0.81379724,0.039283574,0.2901855,0.3132876,0.3739457,0.15452729,-0.35417408
121,1850,-0.62666076,-0.11367288,-0.5125479,-0.26739717,0.21998057,0.44868347,-0.64373285,0.2553806,-1.0354449,-0.80083436,0.068070576,-0.9537457,0.4163472,0.23250696,0.18282788,0.58066326
121,1856,-0.1731104,1.1356709,0.073191635,-0.36239558,0.081728235,-0.9818685,-0.07091265,-0.2128984,0.32016256,0.7471901,-0.39781523,-0.17845926,0.048510514,-0.047013246,-0.39016378,-0.41322345
121,1857,0.039933037,0.40251744,0.10825003,-0.7895881,0.53198504,-0.57699454,0.032778665,0.34600908,0.34171838,0.042896576,-0.3705086,-0.32973862,-0.25161105,0.4122784,0.1015179,-0.7890685
121,1894,0.16198243,0.25407612,0.27534688,0.39091852,0.014128804,-0.5374663,0.5637237,0.22955047,0.24470744,-0.2722569,0.31741822,0.34747016,-0.22623953,0.06163717,-0.16249552,0.11444041
121,1897,-0.022163454,-0.58220327,0.3364084,-0.43371657,-0.29733673,0.73393404,-0.3597134,-0.25957283,-0.5370465,0.119397804,0.03066808,-0.10047433,0.1657851,0.5628317,0.4609024,-0.26226458
121,1902,0.27026588,-1.4534446,0.28300083,0.051752657,0.22597459,0.28612402,0.44709045,0.47416452,-0.24237365,-0.73586714,0.24394925,0.04883443,-0.45999396,0.4131547,0.4498983,0.089335546
121,1922,0.22892293,-0.9802693,-0.6948413,0.30909678,0.14333838,-0.52263075,-0.41971478,0.03748037,-1.1464816,1.1772758,-0.72389,1.1942458,-1.0417297,-0.98904973,-0.28415358,1.0011225
121,1923,0.13574237,-0.11702764,-0.1377633,-0.26468873,0.6068212,-0.6576336,0.2591061,0.7042097,0.16726816,-0.31946552,-0.25874692,-0.22765142,-0.22620618,0.08558246,-0.16872473,-0.27992904
121,1924,-0.1304244,1.1158606,-1.6914241,-0.6931652,-0.27810466,1.5509773,-0.21637008,-0.80122936,0.8420271,-0.5527055,-0.15431741,0.9677838,-1.397657,0.015138506,0.64772993,0.07123813
121,1937,0.11523254,-0.025921226,0.08942055,-0.7917831,0.60835594,-0.29332343,0.058742248,0.46681625,0.2264646,-0.18713677,-0.30550402,-0.36333242,-0.35248047,0.5094189,0.28321886,-0.75109994
121,1938,-0.024176355,-0.6044729,0.35814947,-0.44196212,-0.3185451,0.7609745,-0.37604505,-0.28338405,-0.5530658,0.14368407,0.035402372,-0.092278846,0.17916462,0.58296525,0.47685456,-0.274941
121,1953,0.30009377,-1.2608429,0.26808837,0.029392928,0.3000563,0.09333205,0.48278743,0.51164466,-0.1438514,-0.662308,0.19786562,0.076701805,-0.49564928,0.38800344,0.36867112,-0.0017267764
121,1959,-0.21991073,1.0831267,-1.5658929,-0.61667436,-0.31079006,1.489845,-0.20669174,-0.73656523,0.8671802,-0.59984887,-0.1036456,0.906216,-1.1334532,-0.0089768,0.50452495,0.116116196
121,1965,-0.24901207,-0.57373714,0.07904517,0.36848602,-0.40327457,0.056135267,0.050465696,0.08548607,0.67784405,-0.26907146,0.040762126,0.21042977,0.7751398,-0.35449302,-0.59311503,0.32765925
121,1971,-0.005187832,-0.417312,-0.66274595,0.4444172,0.1658984,-0.4079022,-0.47661147,0.06409635,-1.226782,0.7223519,-0.43106115,0.51685494,-0.51490223,-0.8627994,-0.29179433,1.0422714
121,1975,-0.17314917,0.9205681,0.40592596,0.70464766,-0.5775199,-0.13409238,0.603017,-0.25584656,0.22748774,-0.3238922,0.8713826,0.47785866,0.024738558,0.15525034,-0.020897806,0.47795188
121,1980,-0.08880365,0.6564412,-1.4337336,-0.6413511,-0.16525126,1.2657901,-0.21772501,-0.54976344,0.8928076,-0.4366975,-0.29727745,0.8058158,-1.0155791,-0.10432304,0.3805409,-0.03629326
121,1989,0.11845414,0.2434079,0.15979373,-0.81859255,0.57095736,-0.4626882,0.06769657,0.37261897,0.35322347,-0.0019855648,-0.3480066,-0.31182563,-0.33743703,0.4927063,0.21544756,-0.85636634
121,2007,0.002172269,-0.6633421,0.35699502,0.47265747,-0.2383321,-0.16554631,0.45428026,0.26224184,0.06678459,-0.5037803,0.37297952,0.43098003,0.023220487,0.10481816,-0.1422448,0.4739598
121,2020,0.17791273,0.24739465,0.31329697,0.43182042,-0.0023562014,-0.53385687,0.601772,0.22053753,0.24201357,-0.28490895,0.36469758,0.3882081,-0.2528816,0.084326506,-0.13491003,0.13068518
121,2024,0.06477955,-0.23365411,0.57399434,-0.36182094,-0.49699888,0.3645731,-0.25722668,-0.4841443,-0.28984275,0.6578541,-0.029246464,0.17992921,0.221445,0.4570018,0.23133789,-0.48629087
121,2033,-0.2053649,0.9072646,-0.1668187,-0.1041055,-0.058151543,-0.93503284,-0.20643061,-0.3741553,0.037497055,1.0109569,-0.49319714,0.1324601,-0.15319836,-0.3928107,-0.51081073,0.08548553
121,2038,-0.3061239,0.83910596,0.27375177,0.66234183,-0.5942601,-0.13404576,0.48122782,-0.2122246,0.2981137,-0.36806527,0.7601399,0.40372527,0.23758727,0.042968046,-0.20675413,0.54053897
121,2048,-0.3641376,-0.2598007,0.22508952,0.56769633,-0.6013241,0.015139312,0.22392976,0.04796776,0.32632923,-0.45853558,0.42382032,0.35340536,0.6445088,-0.13278995,-0.4665594,0.65842736
121,2049,0.24135439,-0.29692456,-0.008786049,-0.23051266,0.5837129,-0.56981665,0.3566341,0.6511117,0.16896561,-0.32651624,-0.16642979,-0.10877761,-0.37226188,0.1715401,-0.038472846,-0.3300875
121,2053,-0.13801628,-0.33030042,0.15402967,-0.4009339,-0.1534389,0.49330524,-0.36471918,-0.12982681,-0.5278765,-0.012597457,-0.004955724,-0.25862873,0.19681016,0.4404005,0.31681126,-0.13641538
121,2055,-0.037381615,-0.38156214,0.29612654,0.44297692,-0.23580283,-0.22433692,0.41652095,0.22985986,0.1224207,-0.44114533,0.34974408,0.3823182,0.08363479,0.04867054,-0.21200424,0.4283347
121,2057,0.34729645,-0.3817192,0.22206575,-0.078819185,0.43741274,-0.44777557,0.53431535,0.48687786,0.16159734,-0.3252861,0.0658032,0.13371123,-0.56770694,0.319435,0.15252839,-0.3157289
121,2068,0.04465497,-0.19575211,0.6712469,-0.21389219,-0.7088336,0.3693523,-0.31972265,-0.652372,-0.41033614,0.89828193,0.03183484,0.31504774,0.34035867,0.3820181,0.13827728,-0.38996983
121,2072,-0.22705443,0.626196,-0.1496326,-0.63222516,0.442868,-0.7236265,-0.09919014,0.35388398,0.10921666,-0.03531424,-0.35498455,-0.4582585,0.0066261515,0.17399451,-0.17008619,-0.42451257
121,2093,0.32875308,-0.6097096,0.2223829,-0.0444154,0.39839524,-0.31007954,0.51027626,0.49515602,0.08081892,-0.4142169,0.08814116,0.110073105,-0.5291639,0.31575203,0.18718831,-0.21891184
121,2100,-0.61248225,-0.08221027,-0.49223816,-0.26118013,0.2086948,0.41057417,-0.62615746,0.24157645,-1.0020237,-0.7578431,0.06027575,-0.92658967,0.41282958,0.22115487,0.16268213,0.5570313
121,2101,0.19712326,-0.21027294,0.022781149,-0.4325681,0.5994031,-0.43578336,0.2825149,0.5907575,0.15888932,-0.32415175,-0.16446422,-0.19430713,-0.44022268,0.3341463,0.1386142,-0.48569304
121,2113,-0.020862479,-0.43659344,0.42312875,-0.3522143,-0.4226164,0.6138176,-0.35261568,-0.3829219,-0.5105203,0.3439222,0.0361221,0.006036639,0.2393741,0.4949807,0.34642714,-0.2801302
121,2116,-0.34793973,0.1427866,-0.21495652,-0.045178875,0.06257154,0.29930076,-0.46387294,0.012323543,-0.8073612,-0.30080238,0.07455246,-0.6950315,0.3872561,0.09016951,0.11112149,0.33382687
121,2119,0.046584133,-0.6126133,0.45116985,0.5411451,-0.2820291,-0.12311439,0.5466628,0.20119579,0.023724087,-0.51805997,0.5018487,0.50472957,-0.093778,0.19335526,-0.012696713,0.49234068
121,2125,-0.19771503,0.7236595,-0.26278797,-0.036154658,-0.06257947,-0.85791576,-0.239737,-0.33535382,-0.09251421,0.97793484,-0.50977135,0.2065659,-0.21420388,-0.48667064,-0.51969916,0.25097618
121,2133,-0.04362036,-0.69954276,-0.6080692,-0.30813512,0.040389746,0.44818273,-0.2853335,0.05683635,1.3038287,-0.06250957,-0.68677765,0.18272163,0.47588646,-0.61037546,-0.5600899,-0.33237213
121,2136,0.22917011,-0.9899436,-0.6823471,0.24679613,0.13676797,-0.51103985,-0.40540674,0.03455475,-1.082216,1.1602787,-0.73771256,1.1934056,-1.0552784,-0.9501788,-0.2736559,0.9411629
121,2151,-0.34185958,0.0125594735,0.23554757,0.54783654,-0.57687926,-0.040684134,0.28486812,0.013457447,0.24119857,-0.4438029,0.49691814,0.3551517,0.4961561,-0.056769714,-0.37343758,0.63099194
121,2157,0.015761832,-0.36890277,0.5326798,-0.3618887,-0.5002333,0.5347154,-0.33368766,-0.47608617,-0.4335796,0.5418683,0.014859721,0.10716571,0.25756302,0.5033283,0.31016296,-0.39409578
121,2172,-0.019816145,-0.52582276,0.35677198,-0.44022197,-0.30411923,0.67106426,-0.35062647,-0.27583647,-0.49934348,0.17814347,0.014723316,-0.081693016,0.1718516,0.5547093,0.43221462,-0.29868874
121,2196,-0.29475912,0.9151069,0.29314536,0.6859256,-0.60283864,-0.13680792,0.51239145,-0.2394802,0.29732928,-0.36157626,0.80233616,0.42059827,0.20008856,0.06306109,-0.17520317,0.5362657
121,2197,0.0427419,-0.3123763,0.5452622,-0.3595615,-0.49222794,0.46006146,-0.29221135,-0.4707593,-0.36479586,0.5807776,-0.0048024356,0.13926749,0.23272154,0.47878763,0.27573508,-0.43131793
121,2203,-0.33304077,0.65823877,-1.0153726,-0.41664582,-0.30055225,0.98125625,-0.18384805,-0.3930041,0.8502352,-0.5348635,-0.11075692,0.56003976,-0.30075735,-0.13518567,0.0050447285,0.12051988
121,2206,1.6291969,0.13766351,0.017225243,1.8040671,1.1946627,1.1546625,0.2770712,-0.37519827,0.309493,0.73878264,0.3260529,-1.7301046,0.17063972,-1.5711043,0.9696126,-0.5679294
121,2214,-0.2539171,-0.51308,0.09473509,0.37873778,-0.41285804,0.042253762,0.07129337,0.08062757,0.6197265,-0.28372687,0.08099131,0.2118484,0.73911256,-0.3209086,-0.56412774,0.35362744
121,2216,0.19009121,-0.12799978,-0.0017492808,-0.39594296,0.61103857,-0.5306047,0.2950315,0.6134137,0.18564302,-0.30045024,-0.18180935,-0.18378106,-0.41108367,0.28806204,0.06611973,-0.4646503
121,2217,0.16644597,-0.10674074,-0.0424702,-0.34855798,0.58755195,-0.5595952,0.27988046,0.6185991,0.16998279,-0.30014324,-0.196699,-0.18958044,-0.3491676,0.21750587,-0.008336768,-0.392452
121,2218,0.061463665,-0.3029094,0.6978743,-0.22765832,-0.733956,0.4893953,-0.33263105,-0.67501426,-0.4469519,0.8725979,0.053321168,0.32134515,0.33778203,0.43152377,0.20566677,-0.39925766
121,2224,-0.072523534,-0.3806344,0.33412114,-0.43999845,-0.28635302,0.5331564,-0.36828926,-0.27800512,-0.47977808,0.22939116,-0.0099775195,-0.11472976,0.2169106,0.51832443,0.35590583,-0.29985735
121,2237,-0.11433177,0.65846884,0.43253824,0.6744889,-0.5227319,-0.14351779,0.5957489,-0.1661607,0.18991977,-0.33854014,0.80354464,0.49476004,0.0019932836,0.16040601,-0.017847061,0.46559584
121,2240,0.094047576,-0.07474142,0.6209691,-0.357805,-0.509416,0.17436877,-0.20338711,-0.50939953,-0.16478926,0.8088494,-0.073284,0.25256813,0.21058661,0.40677533,0.13677444,-0.5715643
121,2246,-0.63771725,0.06331915,-0.56922287,-0.19582404,0.24855717,0.28937665,-0.61223114,0.2847502,-0.99648684,-0.77867997,0.046233058,-0.9736939,0.4351791,0.11586884,0.058865994,0.6277339
121,2249,0.24135439,-0.29692468,-0.008786045,-0.23051265,0.58371294,-0.56981665,0.3566341,0.6511117,0.16896562,-0.32651627,-0.16642979,-0.10877763,-0.3722619,0.1715401,-0.038472854,-0.33008748
121,2258,0.2289229,-0.9802693,-0.6948413,0.30909678,0.14333838,-0.52263075,-0.41971478,0.037480354,-1.1464816,1.1772758,-0.72389,1.1942458,-1.0417297,-0.98904973,-0.28415358,1.0011225
121,2270,1.7473177,0.37351486,0.03889835,1.9972017,1.2414474,1.1924372,0.30028582,-0.4803711,0.35008562,0.8803686,0.38026953,-1.8476008,0.20748353,-1.7275112,1.0190288,-0.60809433
121,2278,0.11123115,-0.10591224,0.2769807,0.37332264,-0.042366907,-0.42657816,0.49309883,0.27594823,0.18854873,-0.3451689,0.27340668,0.3494873,-0.120572865,0.056623638,-0.18579519,0.21319506
121,2280,1.4922849,0.24275473,0.037515014,1.5503684,1.1614139,0.9921042,0.26282647,-0.30222824,0.29938963,0.6644692,0.2826842,-1.6249495,0.10472838,-1.3522855,0.9312428,-0.61917484
121,2283,-0.19083655,0.97058487,0.37512136,0.6789094,-0.5707514,-0.133886,0.58170813,-0.2656728,0.23404813,-0.31522363,0.8515755,0.44838297,0.035409324,0.14446391,-0.03190493,0.46556455
121,2286,-0.08982292,0.55607235,-0.008374732,-0.71271074,0.48274377,-0.6804649,-0.028352834,0.33710048,0.25048885,0.033375636,-0.37042952,-0.3810296,-0.120917745,0.28844354,-0.046015143,-0.62379193
121,2288,0.27291656,-1.2730339,0.3018193,0.0769839,0.19996826,0.20570692,0.47252047,0.4354467,-0.19294131,-0.67786306,0.26124042,0.09873764,-0.4697088,0.40855157,0.41983968,0.071071655
121,2291,-0.18650483,1.1427522,0.08181485,-0.43060917,0.13637865,-1.0015827,-0.06571878,-0.14824295,0.3388795,0.6751984,-0.39648357,-0.23810603,0.07740741,0.012988272,-0.369793,-0.48615292
121,2293,0.08441606,-0.18456778,0.6463012,-0.37357432,-0.5461898,0.30595508,-0.250099,-0.54540527,-0.24023989,0.793542,-0.045944303,0.24362318,0.23628208,0.465117,0.20673566,-0.56458956
121,2303,0.81554264,0.049896866,0.04667875,0.43731317,0.89070344,0.4113424,0.1690169,0.099246606,0.20851985,0.17603758,0.024775103,-1.032223,-0.11929845,-0.43249753,0.6319245,-0.6314332
121,2306,-0.027967166,-0.41373363,0.38124305,-0.45827374,-0.30404076,0.54835844,-0.34184986,-0.29638827,-0.4362239,0.27234674,-0.017155424,-0.065231204,0.18771201,0.5406864,0.37831348,-0.35949844
121,2312,0.13839842,0.14479163,0.1573886,-0.817606,0.58999217,-0.39775324,0.077659845,0.40054545,0.32787293,-0.055133715,-0.32918432,-0.31515175,-0.3653197,0.517155,0.2601601,-0.8495035
121,2336,0.1869869,0.31677905,0.3349708,0.42048505,-0.019623786,-0.49477917,0.6145998,0.17386,0.21757644,-0.26913738,0.40182543,0.3859024,-0.30187762,0.12401043,-0.06426928,0.11269763
121,2350,0.13474312,0.13340798,0.14714432,-0.8059397,0.5854112,-0.38714612,0.07688372,0.40442657,0.3141518,-0.068550475,-0.3242482,-0.3171264,-0.36087227,0.5074764,0.2556395,-0.8288935
121,2355,-0.21784739,0.7751851,-0.08056495,-0.58386934,0.3530495,-0.80340505,-0.087426074,0.22189805,0.17262352,0.1431375,-0.35596445,-0.3998347,0.0491774,0.1379409,-0.2296624,-0.45273712
121,2366,-0.21732403,0.6893742,-0.30266023,-0.013887301,-0.061226293,-0.8520727,-0.2616782,-0.31756362,-0.14588907,0.96043324,-0.51600283,0.20339702,-0.20310205,-0.51884615,-0.540229,0.3090362
121,2369,0.34029266,-0.2913632,0.177935,-0.12731144,0.48339382,-0.5163139,0.5055039,0.5110823,0.19135012,-0.28807455,0.00783506,0.0975457,-0.5469523,0.2867288,0.1042182,-0.3603964
121,2396,-0.08030005,0.3220957,0.4225577,0.62788105,-0.4529595,-0.1578669,0.5610665,-0.048873335,0.15476269,-0.37577313,0.6971221,0.4919694,0.014216289,0.14271723,-0.055358157,0.47105885
121,2411,0.06146367,-0.30290934,0.69787437,-0.22765832,-0.73395586,0.48939535,-0.33263102,-0.67501414,-0.4469519,0.8725978,0.053321183,0.32134515,0.33778206,0.4315238,0.20566674,-0.3992577
121,2421,0.86748254,0.081926614,0.023838826,0.6074641,0.8720993,0.47719035,0.18003684,0.041826457,0.18418056,0.21270204,0.070761904,-1.0776997,-0.0691639,-0.56848687,0.6243732,-0.5539051
121,2425,0.2899958,-0.06281507,0.28604972,0.2304413,0.20168787,-0.5430636,0.5933383,0.36138326,0.19342616,-0.30709815,0.21094398,0.32097268,-0.42924854,0.17932594,-0.011609152,-0.043948524
121,2437,-0.38031054,0.27736178,-0.64372975,-0.24968049,-0.31030968,0.6345035,-0.17607579,-0.17818531,0.86231065,-0.44476032,-0.14413321,0.34805846,0.26198342,-0.25772583,-0.3385535,0.12438929
121,2438,-0.49183434,0.59046507,-0.52838993,-0.012088031,0.16332847,-0.51838416,-0.44315645,0.099313185,-0.61756223,0.07456653,-0.27255803,-0.487642,0.25880393,-0.35896263,-0.44404817,0.54443717
121,2451,0.3020498,-1.1448661,0.25787035,0.018547595,0.31424135,0.025249451,0.4842269,0.50744367,-0.106971554,-0.6197487,0.17808373,0.08031367,-0.49547374,0.3709699,0.33389443,-0.03410215
121,2459,-0.1954942,0.96200943,0.39854646,0.71892345,-0.5979527,-0.12672915,0.60231364,-0.2741042,0.23687327,-0.32923013,0.89009094,0.47979814,0.04303021,0.15047294,-0.029977284,0.49511832
121,2464,-0.076434985,0.21393153,0.41312632,0.61717856,-0.4329166,-0.16384998,0.5460827,-0.01092872,0.15423018,-0.39032224,0.6595622,0.48797256,0.03236013,0.1289533,-0.08072537,0.47627985
121,2478,1.4922849,0.24275474,0.037515014,1.5503684,1.1614139,0.9921042,0.26282644,-0.30222824,0.29938963,0.6644692,0.2826842,-1.6249493,0.10472838,-1.3522854,0.9312428,-0.61917484
121,2484,-0.19455099,0.8232058,-0.20302734,-0.07349545,-0.063402444,-0.8924364,-0.2153013,-0.36007974,-0.013299562,0.99421525,-0.4962992,0.17002569,-0.1862779,-0.43016657,-0.50866526,0.15376824
121,2486,0.06477955,-0.23365411,0.57399434,-0.36182094,-0.49699882,0.3645731,-0.25722674,-0.4841443,-0.28984275,0.657854,-0.02924645,0.17992921,0.22144502,0.4570018,0.23133789,-0.4862909
121,2487,-0.59666,-0.029707968,-0.49703312,-0.25248766,0.21952942,0.3483449,-0.5950786,0.2548981,-0.9582209,-0.7403607,0.045751467,-0.9095175,0.39545488,0.19028072,0.12541808,0.544204
121,2492,-0.22126375,0.95146644,-0.008908223,-0.5588783,0.28969538,-0.9159895,-0.08325476,0.08753658,0.25377807,0.3501909,-0.37935907,-0.36485672,0.0782652,0.11583027,-0.28340548,-0.5076418
121,2496,1.2897238,0.14271165,0.056740277,1.1643267,1.0933108,0.8273965,0.2355712,-0.16588908,0.2769279,0.50607675,0.19911535,-1.4273201,0.005574569,-1.0214349,0.8737271,-0.65825206
121,2498,0.038388647,-0.20839539,0.6910169,-0.22163358,-0.7291007,0.38850263,-0.33758467,-0.6768068,-0.42607906,0.92474294,0.035479486,0.31995457,0.3577441,0.3998327,0.14932607,-0.40186846
121,2500,-0.023632448,-0.48123178,0.41122302,-0.3564396,-0.41546014,0.661633,-0.36268374,-0.37168214,-0.53701603,0.3031803,0.045368657,-0.010089442,0.23516876,0.50884676,0.37311268,-0.26216167
121,2509,-0.33665353,-0.39824793,0.19396952,0.5411495,-0.56170034,0.036973268,0.17427966,0.059381306,0.43929613,-0.41207904,0.32335472,0.31905717,0.7161406,-0.21053337,-0.518361,0.5856675
121,2516,0.1484463,-0.15099081,-0.1056238,-0.29667574,0.6106801,-0.6170045,0.2693299,0.6873668,0.15940401,-0.32954067,-0.23500744,-0.21751232,-0.2754055,0.13596022,-0.1057763,-0.31685597
121,2517,-0.019736346,-0.93119586,-0.4659462,-0.25801522,0.08981609,0.29609862,-0.29119462,0.1697334,1.3383285,0.00260216,-0.75170034,0.07351804,0.6945183,-0.6846177,-0.69866586,-0.3844049
121,2527,0.33153793,-0.31302777,0.15752983,-0.15711963,0.5004419,-0.50786424,0.48283204,0.52635235,0.1836912,-0.2948398,-0.015971199,0.06698494,-0.53553087,0.28136894,0.10178672,-0.36871484
121,2528,-0.6377173,0.063319206,-0.56922287,-0.19582406,0.24855717,0.28937665,-0.61223114,0.2847502,-0.99648684,-0.77867997,0.046233073,-0.97369385,0.43517917,0.11586884,0.05886601,0.62773377
121,2529,-0.36470512,0.48494002,-0.9287783,-0.37645116,-0.32438102,0.9184905,-0.20975712,-0.3348327,0.9041719,-0.5146949,-0.14206623,0.5168482,-0.08931126,-0.19944786,-0.12556246,0.12652814
121,2542,-0.11130762,0.6019013,0.4326486,0.67283535,-0.51547706,-0.14633553,0.59143853,-0.14682758,0.1857148,-0.34691486,0.7903127,0.49854028,0.00924968,0.15585716,-0.027734913,0.4720664
121,2566,-0.35542354,-0.26616272,0.22128406,0.55043006,-0.58773816,0.0160608,0.21884602,0.051108584,0.3162427,-0.4517266,0.4107929,0.34334028,0.6300829,-0.1291647,-0.4554944,0.64494497
121,2579,0.33591524,-0.85150814,0.25583595,-0.006530285,0.37811404,-0.18807031,0.5276631,0.5128196,0.013731882,-0.5063545,0.14088573,0.120519474,-0.54284185,0.35696554,0.26073128,-0.15448444
121,2582,0.30012053,-1.4449769,0.31150618,0.063911766,0.24990383,0.23883894,0.49304327,0.4881513,-0.2125338,-0.731339,0.2632494,0.08654997,-0.50920707,0.4402046,0.4614907,0.056523204
121,2583,0.030456517,-0.10971293,0.5556814,-0.22351927,-0.57597387,0.26343063,-0.26866958,-0.5250994,-0.34678748,0.74709696,0.00032630563,0.22803561,0.28428912,0.32892808,0.09816055,-0.35242853
121,2585,-0.06756236,-0.6446487,0.28791645,-0.36990702,-0.32547635,0.84130037,-0.40956464,-0.26305684,-0.6668142,0.035443805,0.081894174,-0.14395347,0.2121414,0.5432208,0.47257692,-0.12916613
121,2610,-0.09823255,-0.003248632,-0.5646154,0.48951486,0.20486863,-0.30445337,-0.41879728,0.12242892,-1.1376895,0.31972343,-0.20264117,0.011945024,-0.15018213,-0.6935446,-0.24932006,0.92347413
121,2618,-0.039142612,-1.1147158,-0.37129515,-0.16987973,0.049123988,0.23217508,-0.28777602,0.22651717,1.3387661,-0.005139798,-0.7367506,0.06420463,0.84658545,-0.7203287,-0.79247147,-0.32328874
121,2630,-0.21991073,1.0831267,-1.565893,-0.6166744,-0.31079003,1.4898448,-0.20669171,-0.73656523,0.86718017,-0.59984887,-0.10364561,0.906216,-1.1334531,-0.0089768,0.5045249,0.116116196
121,2634,0.18526268,-0.17546967,-0.070044465,-0.25631398,0.58445454,-0.6108186,0.3005827,0.66098064,0.17122242,-0.30785656,-0.21481767,-0.16676164,-0.29633996,0.12494831,-0.10434958,-0.31050152
121,2646,-0.47050726,0.59934306,-0.52055645,-0.0051799864,0.15140574,-0.56016654,-0.4300308,0.07523464,-0.58710694,0.14938818,-0.2995962,-0.42899466,0.22266573,-0.38745952,-0.46474302,0.53530544
121,2649,0.09673352,-0.34152249,0.37083486,0.44175932,-0.15077561,-0.27489972,0.52227336,0.23617654,0.09887167,-0.41924408,0.38197547,0.42216706,-0.13089,0.13557634,-0.07814795,0.32980394
121,2652,-0.045644272,-0.24861678,0.3067246,0.45580885,-0.26578814,-0.21392009,0.4262945,0.18425195,0.13227743,-0.41894,0.38926417,0.38558394,0.080315195,0.05691298,-0.19257928,0.42110932
121,2653,1.7473174,0.3735149,0.03889835,1.9972019,1.2414474,1.1924372,0.30028582,-0.48037103,0.35008562,0.8803686,0.38026953,-1.8476008,0.20748353,-1.7275112,1.0190288,-0.60809433
121,2665,-0.2053649,0.9072645,-0.16681871,-0.1041055,-0.05815153,-0.93503284,-0.20643058,-0.37415543,0.037497047,1.0109569,-0.4931972,0.1324601,-0.15319836,-0.3928107,-0.5108108,0.08548555
121,2674,0.013404403,0.44396314,0.089974396,-0.7895659,0.53305304,-0.6121863,0.019515067,0.34744668,0.33394152,0.048779637,-0.3770976,-0.34344816,-0.22889014,0.39760146,0.074993104,-0.77576184
121,2683,-0.26308298,0.6245817,-0.38304222,0.012399763,-0.02592206,-0.82405627,-0.29889625,-0.23596236,-0.25888014,0.8377806,-0.5041083,0.14462645,-0.15915489,-0.54701436,-0.55925816,0.40859544
121,2686,-0.053441163,-0.6789913,0.32431942,-0.40386832,-0.3370534,0.86698794,-0.41585484,-0.2831436,-0.65549165,0.0683461,0.07563929,-0.12678652,0.20734173,0.5823165,0.5046181,-0.1801713
121,2687,-0.13139677,0.77240586,0.4309579,0.69348836,-0.5461873,-0.14178185,0.6075023,-0.20514536,0.20497774,-0.3310122,0.84005845,0.49483162,0.0022630095,0.16358244,-0.011525631,0.46872383
121,2690,-0.029533703,-0.48875442,0.3171919,0.4621679,-0.24170226,-0.2049402,0.42996165,0.24395332,0.10500627,-0.46894303,0.3618437,0.40409374,0.07357784,0.06342811,-0.19717042,0.4550988
121,2708,0.038388643,-0.20839539,0.691017,-0.22163358,-0.7291007,0.3885027,-0.3375847,-0.6768068,-0.42607906,0.92474294,0.0354795,0.31995457,0.35774416,0.3998327,0.14932613,-0.40186846
121,2711,0.22085142,-0.23874494,-0.031827696,-0.23849618,0.5855572,-0.59453595,0.33797616,0.6551877,0.17417629,-0.3153181,-0.18494475,-0.12809071,-0.34427032,0.15315044,-0.06681069,-0.32510373
121,2721,-0.21732469,-0.69596183,0.035204865,0.3286794,-0.35294792,0.077435374,0.0032294989,0.098920636,0.8014818,-0.21839634,-0.06761765,0.18593793,0.8302142,-0.4297762,-0.6426622,0.24066061
121,2727,-0.19771507,0.7236595,-0.262788,-0.036154687,-0.06257945,-0.8579159,-0.23973697,-0.33535382,-0.09251421,0.9779347,-0.50977135,0.20656584,-0.21420386,-0.48667064,-0.5196991,0.2509762
121,2736,-0.062125657,0.5832921,0.027381621,-0.72582436,0.48602623,-0.7018932,-0.010238454,0.321341,0.29528517,0.07337494,-0.37604126,-0.35768005,-0.14308673,0.30568516,-0.035275616,-0.6745861
121,2742,-0.062125664,0.5832921,0.027381621,-0.72582436,0.48602623,-0.7018932,-0.010238461,0.321341,0.29528514,0.07337494,-0.3760413,-0.35768005,-0.14308673,0.3056852,-0.035275616,-0.6745861
121,2762,-0.29551178,0.8468367,0.26769418,0.6435485,-0.576421,-0.13985676,0.47800598,-0.20839489,0.2924977,-0.35920072,0.74524975,0.39218736,0.21957305,0.045978293,-0.19785385,0.52141386
121,2764,0.088033915,-0.16514006,0.71621716,-0.29411983,-0.67088354,0.30665693,-0.27265096,-0.6470709,-0.2882462,0.9444301,-0.0148112625,0.33606285,0.29438713,0.4267918,0.15679826,-0.5315937
121,2766,0.15481797,-0.7913152,-0.6964948,0.37450758,0.15445653,-0.5276675,-0.44741258,0.053193808,-1.2035732,1.0671508,-0.63840806,1.003663,-0.88323003,-0.97938913,-0.3092925,1.042
121,2768,-0.06387387,-0.35670897,-0.82217646,-0.3798514,-0.018940628,0.6748767,-0.27355477,-0.110158056,1.2421844,-0.14824738,-0.5919217,0.33565247,0.13584745,-0.50389344,-0.33938366,-0.26388168
121,2779,0.057667527,-0.2555016,0.6683125,-0.21548733,-0.7067683,0.43227378,-0.316215,-0.64442205,-0.42595556,0.8555107,0.04354979,0.3115676,0.3255406,0.39836317,0.17263411,-0.38062835
121,2780,0.20367791,-0.36989382,0.043498017,-0.5004767,0.6153232,-0.30948102,0.26355082,0.5936962,0.10883647,-0.38826412,-0.14394453,-0.21916705,-0.4831829,0.40527582,0.24388443,-0.5160625
121,2791,-0.3781084,0.12695947,-0.57033867,-0.22397555,-0.30061463,0.56063426,-0.18735498,-0.11809039,0.89151603,-0.41589385,-0.18211989,0.30998105,0.3937167,-0.30396077,-0.42865574,0.10959265
121,2795,0.29793793,-1.0877391,0.34696925,0.11878446,0.19150935,0.11386821,0.5335376,0.40370232,-0.13281769,-0.6251364,0.30856562,0.16794913,-0.51656777,0.42420015,0.41370928,0.03526771
121,2805,0.22620319,-0.9739568,-0.67133176,0.22221306,0.13500705,-0.50717026,-0.39521378,0.03384608,-1.0479611,1.142877,-0.7356072,1.1775968,-1.048349,-0.92810464,-0.26965836,0.9104664
121,2812,0.07569015,-0.18228838,0.60020244,-0.36395133,-0.50925577,0.30433366,-0.2417619,-0.5030117,-0.24719077,0.7224125,-0.044040203,0.20976289,0.22217494,0.44651726,0.20257486,-0.5248457
121,2813,-0.5756138,0.55647385,-0.553832,-0.04587798,0.20311055,-0.34868672,-0.49434617,0.18319207,-0.7294699,-0.21583359,-0.16372688,-0.7116193,0.39220953,-0.23629662,-0.35542187,0.5749263
121,2820,-0.32634187,-1.0436282,-0.18739793,-0.06636272,-0.2777165,0.15118825,-0.34282845,0.2138523,1.2095864,-0.19429684,-0.5303463,0.052859247,1.2601528,-0.6984092,-1.0304292,0.0024684668
121,2832,0.30234635,-0.39888927,0.3260643,0.18495551,0.19157837,-0.2896369,0.582674,0.35203028,0.07964647,-0.40672818,0.2645257,0.27143103,-0.4857524,0.29260698,0.17600386,-0.03868039
121,2835,0.24867816,0.35031298,0.44080156,0.47988716,-0.049075812,-0.4527139,0.71792877,0.11715369,0.19164735,-0.2789262,0.5317846,0.470841,-0.4387083,0.22752066,0.08428745,0.10037449
121,2837,-0.20092171,1.0847192,-1.5734133,-0.6322152,-0.29308385,1.4809182,-0.20579487,-0.7339529,0.85201263,-0.5892616,-0.11581159,0.9007622,-1.1724927,-0.0014970107,0.5257852,0.10017815
121,2840,-0.20400806,0.995623,0.018294856,-0.5331768,0.25732696,-0.9395822,-0.065924354,0.043342143,0.28553382,0.41288447,-0.37925178,-0.33173043,0.0778228,0.09749289,-0.30260596,-0.51660216
121,2850,-0.09469849,-0.3829048,0.2549756,-0.43356067,-0.22055915,0.53568554,-0.3652185,-0.20539391,-0.5003626,0.107319996,-0.00794518,-0.18050629,0.1974124,0.4961999,0.3561592,-0.23452985
121,2853,-0.215104,1.049853,0.029380068,-0.5265416,0.2435207,-0.9733943,-0.07219968,0.009718925,0.29947716,0.46500748,-0.3865592,-0.33175254,0.09106838,0.088716395,-0.32094717,-0.5232787
121,2854,-0.14788412,0.81589365,0.42934954,0.7101567,-0.56545186,-0.13781783,0.61166483,-0.22382066,0.2135666,-0.33372512,0.8617208,0.4978829,0.014874898,0.16138339,-0.016292632,0.4821909
121,2857,0.28957647,0.014327496,0.4010972,0.38745305,0.054116763,-0.47090453,0.6762896,0.25426626,0.16844591,-0.3289094,0.3901062,0.4412471,-0.44761735,0.22296865,0.0629549,0.06701125
121,2861,0.07864465,-0.11504561,0.6228669,-0.3127664,-0.5576575,0.23965397,-0.23324779,-0.5401722,-0.2390436,0.80876607,-0.040143773,0.25979787,0.24416146,0.39670214,0.1401553,-0.5075761
121,2863,-0.2490121,-0.57373714,0.07904517,0.36848602,-0.40327445,0.056135237,0.0504657,0.08548608,0.6778441,-0.26907146,0.04076214,0.2104298,0.7751399,-0.35449302,-0.59311503,0.3276593
121,2867,-0.17813718,1.1414284,0.074146055,-0.37905872,0.09213042,-0.99216235,-0.07494775,-0.20584261,0.32488516,0.74616843,-0.40318048,-0.18613239,0.051128186,-0.036803007,-0.38802797,-0.42816472
121,2873,-0.11498509,0.8332683,-1.631893,-0.71527576,-0.21486467,1.4836819,-0.24771926,-0.67552626,0.92015785,-0.5179602,-0.26371944,0.9288752,-1.2244511,-0.05945067,0.5152235,0.0050736964
121,2876,-0.41909796,-0.7224586,-0.3869305,-0.08607818,-0.3672491,0.43631145,-0.3354163,0.05509758,1.268784,-0.33475116,-0.4114185,0.22170068,1.1003569,-0.6348781,-0.9100255,0.094642326
121,2886,0.2702659,-1.4534446,0.28300083,0.051752687,0.22597459,0.28612396,0.44709048,0.47416452,-0.24237365,-0.7358672,0.24394925,0.04883443,-0.45999396,0.4131547,0.44989836,0.08933556
121,2889,-0.30402946,0.63379973,0.21282828,0.56471,-0.5258088,-0.15031467,0.39584643,-0.11818367,0.3054208,-0.36698568,0.6066534,0.34086108,0.3018095,-0.009615313,-0.2847728,0.50412107
121,2897,0.19588378,-0.14969459,0.008622535,-0.4139198,0.6184386,-0.51252496,0.29576516,0.61301315,0.18381917,-0.30725026,-0.1780076,-0.1861338,-0.4289164,0.30815443,0.090893865,-0.48267522
121,2904,0.124230295,0.22275135,0.16595381,-0.8302562,0.5815071,-0.45099598,0.06892529,0.37900168,0.35436448,-0.008419603,-0.34744307,-0.31447703,-0.34783164,0.50916606,0.2331263,-0.8707281
121,2913,-0.044332985,-0.5778258,-0.69149387,-0.34578282,0.028323084,0.5290477,-0.28075615,0.001835227,1.2728096,-0.09339075,-0.6577963,0.24346094,0.33398104,-0.56676686,-0.47208148,-0.3131494
121,2917,0.31744564,-0.8229933,0.23961979,-0.00963743,0.35983565,-0.17795672,0.50308555,0.49903664,0.005762309,-0.49864307,0.12892754,0.10488571,-0.5126266,0.33590832,0.24304517,-0.13674045
121,2928,-0.22210361,0.7964837,-0.07445516,-0.5867981,0.35021198,-0.82191235,-0.08957819,0.21038301,0.18118238,0.16533102,-0.36132884,-0.40006733,0.054972,0.13785848,-0.23695472,-0.46226436
121,2939,-0.20167586,0.81642866,-0.21627554,-0.06551431,-0.06269716,-0.9013182,-0.22624543,-0.36076322,-0.031137519,1.0095288,-0.5059465,0.17658846,-0.18641624,-0.44811484,-0.51933616,0.17412207
121,2956,-0.6542076,0.1534685,-0.5797089,-0.17431769,0.25209126,0.21034095,-0.61431366,0.28331816,-0.98669916,-0.7416962,0.032903552,-0.98253196,0.46060848,0.0765808,0.0024579018,0.6364551
121,2961,0.2101339,-0.3011866,0.05831494,-0.49319312,0.59779143,-0.33312997,0.2719273,0.56670564,0.13179556,-0.3506925,-0.142496,-0.19871333,-0.48841333,0.39780056,0.23328502,-0.52881825
121,2963,0.06060732,-0.53061426,0.43495184,0.49864998,-0.25589037,-0.13303825,0.5355154,0.19008172,0.02302695,-0.48663065,0.4769988,0.4717577,-0.122569665,0.1966872,0.005304396,0.4433744
121,2965,0.3299312,-0.76922035,0.24383211,-0.018351749,0.37853855,-0.22143728,0.517912,0.5020233,0.032352284,-0.47577426,0.12437646,0.11515625,-0.5335585,0.3417723,0.23677908,-0.17085859
121,2966,-0.079326496,-0.3305516,0.29084364,-0.42752862,-0.24614137,0.4773654,-0.34725216,-0.23589244,-0.45723656,0.18695551,-0.019604504,-0.13865207,0.20161727,0.48248273,0.3234715,-0.27410412
121,2968,-0.1501183,0.5134015,-0.0885919,-0.6694243,0.46640325,-0.64083654,-0.0643756,0.36492512,0.15229544,-0.049411554,-0.353748,-0.4270494,-0.06890714,0.23871657,-0.08132066,-0.5020735
121,2980,-0.65420765,0.1534685,-0.5797089,-0.17431769,0.2520913,0.21034095,-0.61431366,0.28331813,-0.98669916,-0.74169624,0.032903552,-0.98253196,0.46060848,0.07658079,0.0024579167,0.6364552
121,2984,-0.061325435,0.23321621,-1.27933,-0.5789628,-0.10163975,1.1246608,-0.26243234,-0.40959075,1.0821847,-0.31858748,-0.44766605,0.68529373,-0.63511336,-0.27594283,0.13653742,-0.14620927
121,2985,-0.17311038,1.135671,0.07319165,-0.36239558,0.08172824,-0.9818685,-0.07091268,-0.21289837,0.32016256,0.74719,-0.3978152,-0.17845926,0.048510514,-0.04701325,-0.39016378,-0.41322342
121,2986,0.29043773,-1.4506863,0.3031144,0.060462236,0.241207,0.25664833,0.4784128,0.48308694,-0.22339174,-0.734078,0.25819135,0.07428938,-0.49380192,0.4323191,0.4593166,0.06811008
121,2990,-0.19293374,1.006243,-0.08490707,-0.16249125,-0.048554868,-0.9592762,-0.16635212,-0.37845305,0.1376087,0.9917393,-0.46709818,0.07220252,-0.111901194,-0.30318698,-0.4831683,-0.05268848
121,3007,0.2154225,0.35260522,0.3775814,0.43914774,-0.029497027,-0.47664762,0.65753764,0.14383414,0.2115278,-0.26597878,0.45448107,0.4155593,-0.36552846,0.16899309,0.002774164,0.09624714
121,3009,0.0082837865,-0.38321587,0.40154174,-0.462931,-0.2981874,0.4967812,-0.2989414,-0.29216063,-0.36785838,0.30705124,-0.034982413,-0.027462289,0.15497011,0.5281783,0.36045778,-0.40515503
121,3015,-0.13633497,0.7530656,0.44022214,0.7123877,-0.5594586,-0.13733792,0.6140675,-0.2048041,0.20557615,-0.34100473,0.854892,0.5098977,0.012123793,0.16377541,-0.015690029,0.48725957
121,3023,0.2306024,-0.27147004,-0.017242793,-0.23204145,0.57223785,-0.56627965,0.3438697,0.6412892,0.16641693,-0.31929243,-0.17211707,-0.117085114,-0.35645324,0.16111727,-0.048343167,-0.32210642
121,3036,0.1783995,0.3207965,0.3138361,0.40051672,-0.009650052,-0.5004188,0.59482086,0.180916,0.21892837,-0.26334146,0.37600887,0.36489713,-0.2864448,0.109955095,-0.08208254,0.10595116
121,3040,-0.22210361,0.79648364,-0.07445516,-0.5867981,0.35021198,-0.8219123,-0.089578204,0.21038301,0.18118238,0.165331,-0.3613288,-0.40006733,0.054972015,0.13785848,-0.23695472,-0.46226436
121,3042,-0.036442813,-0.5575181,0.34642166,-0.35864693,-0.3647736,0.7414663,-0.37261963,-0.30929366,-0.58773994,0.16430366,0.06138718,-0.07121431,0.21228504,0.5173649,0.41722137,-0.19625136
121,3047,0.18284489,-0.52336884,-0.038138345,-0.41515902,0.61881155,-0.14920866,0.19205442,0.60529673,-0.004237935,-0.48146948,-0.13430989,-0.35941094,-0.38025674,0.33021525,0.25737268,-0.38782135
121,3078,0.30012053,-1.4449769,0.3115062,0.063911766,0.24990384,0.238839,0.49304327,0.4881513,-0.2125338,-0.731339,0.2632494,0.08654997,-0.50920707,0.44020456,0.4614907,0.056523204
121,3091,-0.30769464,0.5683931,0.21191251,0.5632775,-0.525988,-0.14977892,0.383829,-0.097800404,0.30699527,-0.375292,0.58878493,0.34056342,0.32797992,-0.020759434,-0.30574292,0.5142197
121,3092,-0.10612857,-1.0318769,-0.16651268,0.08243632,-0.12665781,0.14413312,-0.17594448,0.17656654,1.1554838,-0.056135196,-0.47993988,0.08831464,0.92140424,-0.64344543,-0.7752477,-0.09343592
121,3098,0.056923248,-0.29628298,0.7067655,-0.21755165,-0.7518761,0.48511943,-0.34151214,-0.69005036,-0.45828,0.8980331,0.057036325,0.3319947,0.3501821,0.4260978,0.1964695,-0.39256823
121,3107,-0.19549422,0.96200943,0.39854643,0.71892345,-0.5979527,-0.12672912,0.60231364,-0.27410418,0.23687327,-0.32923013,0.89009094,0.47979802,0.04303021,0.15047294,-0.029977284,0.49511838
121,3110,-0.26785678,0.9826131,0.3225818,0.69280016,-0.6024997,-0.1346164,0.5434716,-0.26833907,0.2670672,-0.3446128,0.8424696,0.42811126,0.13763258,0.09727231,-0.11444558,0.51939005
121,3111,0.09432128,-0.40073422,0.40891135,0.49019596,-0.18929091,-0.24439177,0.54971445,0.22474374,0.08781649,-0.44677904,0.43367505,0.46451658,-0.13323626,0.15705246,-0.055749096,0.3743295
121,3117,0.24954537,-1.0119483,-0.69383514,0.30444178,0.15720308,-0.4998939,-0.40804324,0.057835564,-1.1480316,1.145202,-0.7172188,1.1984764,-1.0576789,-0.9773114,-0.26342753,0.9901231
121,3135,0.07582972,-0.13207087,0.6724247,-0.29719803,-0.6244427,0.27031663,-0.26106298,-0.6037452,-0.2736558,0.8893445,-0.024654478,0.29883456,0.28150922,0.4086724,0.14182825,-0.51335466
121,3147,-0.21991073,1.0831267,-1.565893,-0.6166744,-0.31079003,1.4898448,-0.20669171,-0.73656523,0.8671802,-0.59984887,-0.10364561,0.90621614,-1.1334531,-0.008976801,0.5045249,0.116116196
121,3173,-0.121537566,1.1070518,-1.6522872,-0.67139065,-0.27483875,1.5076132,-0.20246044,-0.78756344,0.8157088,-0.5332209,-0.14686096,0.9496877,-1.3835537,0.017433759,0.640764,0.072062165
121,3175,-0.42727232,-0.1777015,-0.47877008,-0.17423144,0.16998124,0.16960827,-0.53599143,0.17449334,-0.91120106,-0.3242697,-0.10824771,-0.49479914,0.13384548,-0.0070203817,0.042937666,0.55665183
121,3185,0.49450013,-0.032814622,0.036001995,-0.08254191,0.77189064,0.13638002,0.11349982,0.28671706,0.16766593,-0.041096214,-0.1056061,-0.7667334,-0.21146089,-0.02383577,0.48305142,-0.63553846
121,3198,0.03713704,-0.63863647,0.4439075,0.5391277,-0.28533718,-0.11850138,0.5356708,0.20750251,0.025987644,-0.5229222,0.49208242,0.50046635,-0.07412323,0.18462898,-0.02709873,0.50074327
121,3212,-0.026209679,-0.6121143,0.32196885,-0.4218694,-0.2973831,0.7710141,-0.36630574,-0.25202855,-0.56516165,0.08454761,0.043154553,-0.11145893,0.16638249,0.56176066,0.47285563,-0.23127782
121,3216,0.051442318,-0.23011795,0.6323642,-0.20581305,-0.6756779,0.4029149,-0.30406302,-0.60982525,-0.41798702,0.81379724,0.03928359,0.2901855,0.31328756,0.37394568,0.15452729,-0.35417408
121,3224,0.16989256,-0.506197,-0.0060103424,-0.49723384,0.6128283,-0.2119459,0.21460785,0.6183222,0.03150493,-0.46967945,-0.1461758,-0.28120324,-0.431041,0.3948152,0.25565732,-0.4426035
121,3235,-0.30402943,0.6337997,0.21282822,0.56471,-0.5258088,-0.15031466,0.39584646,-0.11818361,0.3054208,-0.3669857,0.6066534,0.34086108,0.30180946,-0.009615314,-0.2847728,0.50412107
121,3236,0.20367791,-0.36989382,0.043498017,-0.5004767,0.6153232,-0.30948102,0.2635508,0.59369624,0.10883647,-0.3882641,-0.14394453,-0.21916705,-0.4831829,0.40527582,0.2438844,-0.5160625
121,3237,-0.08756794,0.48575336,-1.4099802,-0.63532436,-0.15044057,1.2567047,-0.24902606,-0.50969625,0.99859583,-0.40069157,-0.36590368,0.78784084,-0.8779171,-0.17712608,0.2891609,-0.07926041
121,3238,-0.05490898,-0.0423989,0.3560768,0.52735686,-0.33639172,-0.19654074,0.4813272,0.10078018,0.14320865,-0.40461427,0.50773954,0.4332916,0.056618117,0.0887043,-0.14329328,0.44209367
121,3246,-0.13042437,1.1158606,-1.691424,-0.6931652,-0.2781046,1.5509775,-0.21637008,-0.80122936,0.8420271,-0.5527055,-0.15431741,0.9677839,-1.3976572,0.015138508,0.64773005,0.071238145
121,3251,-0.6377003,0.0074787736,-0.5441823,-0.22318897,0.23412198,0.341508,-0.629132,0.26720172,-1.0118275,-0.7739555,0.052448764,-0.9675484,0.4361716,0.15943626,0.1008565,0.6057884
121,3258,-0.020583782,-0.5970094,0.34994,-0.44009614,-0.30830753,0.74987113,-0.36678094,-0.27206638,-0.5428911,0.13288276,0.03254628,-0.09419296,0.17039207,0.5754625,0.471645,-0.27262938
121,3300,0.33953884,-0.35822698,0.22203276,-0.07677314,0.4204995,-0.43756768,0.5270404,0.4704232,0.15827113,-0.31816846,0.06881115,0.1326934,-0.55964124,0.31628326,0.15184896,-0.30858028
121,3304,0.11123115,-0.10591224,0.2769807,0.37332264,-0.042366907,-0.42657816,0.49309886,0.27594823,0.18854873,-0.3451689,0.27340668,0.34948736,-0.12057286,0.056623645,-0.18579519,0.21319509
121,3309,-0.37067217,-0.036519557,0.25499204,0.5970781,-0.62846196,-0.009406477,0.29195535,0.0023236573,0.23959976,-0.47188687,0.5403196,0.38844645,0.5376276,-0.057249695,-0.3839345,0.6919455
121,3311,-0.20679179,0.89641523,-0.016484518,-0.56579983,0.30267322,-0.8792857,-0.075518884,0.1191743,0.24195397,0.29981032,-0.37083244,-0.36267748,0.06228306,0.12652186,-0.2620256,-0.5042795
121,3326,-0.0098287575,-0.39500794,0.47807956,-0.3594412,-0.4625593,0.5687443,-0.34996882,-0.43318197,-0.47615656,0.44906747,0.024496257,0.052101225,0.25620186,0.50066227,0.32558548,-0.3377818
121,3331,-0.6051014,-0.10595769,-0.49369982,-0.27463576,0.21759199,0.42719606,-0.6219377,0.25311282,-0.99908227,-0.77615136,0.058976144,-0.9263227,0.39828658,0.23303829,0.17795752,0.5499987
121,3338,-0.072523534,-0.3806344,0.33412114,-0.43999845,-0.286353,0.5331564,-0.36828923,-0.27800512,-0.47977808,0.22939116,-0.009977505,-0.114729755,0.21691063,0.5183244,0.35590583,-0.29985735
121,3344,0.051137872,-0.21950296,0.695473,-0.2146016,-0.733765,0.39551,-0.32757547,-0.67607653,-0.42053273,0.92518044,0.03785932,0.33357733,0.3473607,0.3955971,0.1508535,-0.40080893
121,3348,0.10860209,-0.15238592,0.29546273,0.3829138,-0.06441377,-0.39426425,0.4961321,0.2674029,0.17117645,-0.35751903,0.29203677,0.36218464,-0.12154395,0.07257641,-0.16357662,0.23355049
121,3350,-0.22544964,0.82409227,-0.06584114,-0.58575594,0.34354842,-0.84101593,-0.09097213,0.1926462,0.19216132,0.19456595,-0.36603886,-0.39813012,0.06045703,0.13551664,-0.24524072,-0.470905
121,3361,0.2996058,-0.07961318,0.30654147,0.2686909,0.19510147,-0.5568407,0.6212752,0.3674525,0.1976172,-0.32207492,0.2379029,0.35372353,-0.43852752,0.18339099,-0.012253419,-0.023899227
121,3386,0.10242671,-0.31220224,0.34995198,0.42597023,-0.122808486,-0.31119302,0.51412576,0.2541503,0.12250645,-0.4057394,0.35015398,0.4072553,-0.12357614,0.114635125,-0.109398454,0.30359194
121,3394,0.057480667,-0.27020523,0.6814367,-0.21691087,-0.72172904,0.4512196,-0.32483554,-0.6598306,-0.43685845,0.8691835,0.04809861,0.31802166,0.33376145,0.4086162,0.18162034,-0.38531327
121,3399,0.22085142,-0.238745,-0.031827696,-0.23849618,0.5855572,-0.59453595,0.33797616,0.6551877,0.1741763,-0.3153181,-0.18494475,-0.12809071,-0.34427032,0.15315044,-0.0668107,-0.32510373
121,3400,0.2838741,0.010456085,0.38017833,0.36589834,0.06803987,-0.4785722,0.6575231,0.26543653,0.16900443,-0.32459995,0.36176443,0.42095536,-0.43528697,0.20992264,0.046188712,0.058570594
121,3413,-0.034048077,-0.41267154,0.27571428,0.4118798,-0.21018827,-0.23225689,0.39714876,0.24890426,0.119422495,-0.43710026,0.31065464,0.35888553,0.084927656,0.039385807,-0.22289513,0.4110307
121,3429,-0.19268727,1.0311308,-0.06503954,-0.1836735,-0.039052784,-0.96655524,-0.15598133,-0.36902097,0.16278839,0.97327745,-0.45955032,0.04549773,-0.09376317,-0.27467152,-0.47538853,-0.093893096
121,3435,-0.023632448,-0.48123178,0.41122302,-0.35643956,-0.41546014,0.661633,-0.36268374,-0.3716822,-0.5370161,0.3031803,0.045368657,-0.010089442,0.23516873,0.50884676,0.37311268,-0.26216167
121,3443,-0.21090312,1.133531,0.06141918,-0.48287025,0.1876213,-1.0149851,-0.073310725,-0.08105853,0.3290577,0.59623575,-0.39681593,-0.29045415,0.09683151,0.05023904,-0.35770592,-0.5163291
121,3470,-0.1467927,-0.96732044,-0.103761286,0.17428187,-0.20946199,0.1419869,-0.12661618,0.14739637,1.0661074,-0.10557419,-0.3527299,0.12386234,0.9221319,-0.5923016,-0.7453566,0.01994142
121,3477,0.08093025,0.3302042,0.13616952,-0.8143393,0.55865335,-0.53030527,0.050657857,0.36315632,0.35617214,0.024610221,-0.36562002,-0.3228876,-0.29777196,0.45564285,0.15725313,-0.834996
121,3478,-0.19268729,1.0311308,-0.06503954,-0.1836735,-0.039052784,-0.96655524,-0.15598133,-0.36902103,0.16278839,0.97327745,-0.45955032,0.04549773,-0.09376317,-0.27467152,-0.47538853,-0.093893096
121,3482,0.22345327,0.3450482,0.3928063,0.45574638,-0.033462778,-0.47767684,0.6740969,0.14313647,0.2123101,-0.27200937,0.47209334,0.43310654,-0.37741444,0.17791775,0.012716994,0.101394385
121,3497,-0.20238313,0.87072635,-0.023304299,-0.5665922,0.3084659,-0.8611318,-0.073322795,0.13495302,0.23293212,0.27345282,-0.36619437,-0.36340484,0.056301318,0.12904137,-0.25371733,-0.49731117
121,3498,-0.21927159,1.101018,0.042018496,-0.5052033,0.2174485,-1.0040712,-0.07362337,-0.03282039,0.31433833,0.52869165,-0.3926232,-0.316443,0.10117715,0.06781693,-0.34575737,-0.5188817
121,3507,0.2849547,-0.16271487,0.29010344,0.18682659,0.19242921,-0.43069208,0.56775606,0.34148526,0.14610909,-0.3284459,0.2166472,0.2806223,-0.44332322,0.22259042,0.06540203,-0.055153504
121,3513,-0.3687929,0.3555107,-0.65389335,-0.2594864,-0.2964455,0.6341549,-0.15756875,-0.19003299,0.8210665,-0.44830304,-0.12370345,0.35046393,0.19027135,-0.22545555,-0.29174787,0.12215415
121,3519,-0.017266817,0.52613926,0.069711216,-0.7639204,0.5118213,-0.6680926,0.009345055,0.32937664,0.3300017,0.07645163,-0.380483,-0.3441085,-0.19217299,0.35699064,0.021529332,-0.74319535
121,3523,-0.18650483,1.1427523,0.08181486,-0.43060917,0.13637865,-1.0015826,-0.06571875,-0.14824295,0.3388795,0.67519844,-0.39648354,-0.23810603,0.0774074,0.012988276,-0.369793,-0.48615292
121,3530,0.2843368,-0.31883827,0.04782272,-0.21226984,0.5817096,-0.56767917,0.409056,0.6320262,0.1861966,-0.31797585,-0.1233463,-0.0507643,-0.4404243,0.21612133,0.011197954,-0.36322436
121,3537,0.21220782,-0.22265914,-0.04535804,-0.24740435,0.6009301,-0.615774,0.33212772,0.6719084,0.1785976,-0.31713557,-0.1968794,-0.14043802,-0.3349205,0.14891294,-0.07979511,-0.32837075
121,3538,-0.38108268,-0.18756643,0.24283794,0.59085846,-0.62862885,0.008155465,0.25213,0.037601978,0.27499458,-0.48345336,0.48292333,0.37706482,0.61399156,-0.09570538,-0.44192553,0.70092446
121,3539,-0.1818084,0.6594161,-0.28023565,-0.02552487,-0.060108393,-0.82080287,-0.23650366,-0.31795076,-0.115952976,0.9490199,-0.5069528,0.2300375,-0.24306178,-0.49703386,-0.50574595,0.2805603
121,3540,-0.36706874,-0.18849227,-0.4916853,-0.13296676,0.16404806,0.057480752,-0.5019666,0.15819566,-0.88035357,-0.1732828,-0.17109698,-0.3405136,0.03124275,-0.1080751,-0.018866561,0.5730654
121,3543,-0.11907619,-0.36476675,0.20311248,-0.42110276,-0.18548396,0.5235177,-0.36979887,-0.16667584,-0.52042997,0.04148744,-0.0054021776,-0.22452584,0.19843277,0.4737315,0.34282494,-0.18434721
121,3548,0.0014194734,-1.0937957,-0.40916696,-0.23995586,0.11526713,0.22797486,-0.30551064,0.22903219,1.3718433,0.04022087,-0.8031485,0.03505002,0.79732287,-0.73345935,-0.772096,-0.41320977
121,3550,0.0362445,-0.61622226,0.42679647,0.5032879,-0.27425596,-0.109625876,0.51442546,0.20203063,0.020974472,-0.5070614,0.4660988,0.4707147,-0.07750121,0.18346207,-0.020043492,0.47657907
121,3551,-0.15011832,0.5134015,-0.088591896,-0.6694243,0.46640325,-0.6408366,-0.06437562,0.36492512,0.15229544,-0.04941155,-0.353748,-0.4270494,-0.06890714,0.23871657,-0.08132066,-0.5020735
121,3552,0.0007882379,-0.41933087,0.40251434,-0.4621303,-0.30918545,0.5416291,-0.31722522,-0.30028483,-0.4012448,0.29393554,-0.023265764,-0.03488314,0.16552883,0.5421618,0.3807338,-0.38987374
121,3574,-0.30802476,0.7220398,0.24015042,0.61213386,-0.56003594,-0.14267012,0.43348628,-0.15980041,0.305637,-0.36952078,0.67634225,0.3706301,0.2799338,0.01138281,-0.25500098,0.52434516
121,3581,0.061463665,-0.3029094,0.6978743,-0.22765832,-0.733956,0.48939535,-0.33263105,-0.67501426,-0.4469519,0.87259775,0.053321183,0.3213451,0.33778203,0.43152374,0.20566674,-0.39925766
121,3590,0.06477955,-0.23365417,0.57399434,-0.36182094,-0.49699894,0.3645731,-0.25722674,-0.48414436,-0.28984278,0.657854,-0.02924645,0.17992921,0.22144502,0.4570018,0.23133789,-0.4862909
121,3596,-0.67174286,0.3639325,-0.6033887,-0.11492963,0.25826648,0.0011690557,-0.59598655,0.2777251,-0.9358342,-0.62906444,-0.011233434,-0.9699358,0.49382997,-0.035754003,-0.14297035,0.6512507
121,3606,-0.23497303,0.95180726,-1.4736233,-0.592613,-0.29706421,1.4028556,-0.20730135,-0.65231466,0.8832749,-0.59615827,-0.12326477,0.86772215,-0.9756359,-0.04036517,0.39757603,0.10991511
121,3613,-0.06068482,0.021416306,0.3911646,0.58122265,-0.3818806,-0.1806886,0.51617235,0.06295669,0.14890149,-0.40973097,0.5780903,0.47201198,0.050620057,0.10662972,-0.12065875,0.47002584
121,3615,-0.06756236,-0.6446487,0.28791648,-0.36990702,-0.32547635,0.84130037,-0.40956464,-0.26305687,-0.66681415,0.035443805,0.081894174,-0.14395347,0.2121414,0.5432208,0.47257692,-0.12916613
121,3620,0.28704292,-0.29818848,0.065111585,-0.21627264,0.5592151,-0.54816556,0.4099393,0.5991152,0.18357542,-0.30383733,-0.10938097,-0.035585582,-0.45322216,0.2246948,0.028712586,-0.36901346
121,3641,0.043381285,-0.7934803,-0.6964574,0.17424539,0.1461737,-0.39981842,-0.4725854,0.05651599,-1.0948629,0.8604051,-0.61923087,0.8280077,-0.79363424,-0.7970233,-0.24625939,0.928996
121,3647,-0.10486746,0.54943985,-0.023647107,-0.7106317,0.483529,-0.67364264,-0.039514177,0.34316227,0.23057896,0.01668597,-0.36836094,-0.395594,-0.10987989,0.28425795,-0.0494323,-0.60503024
121,3654,0.076726675,-0.16474053,0.68888706,-0.27207267,-0.6640482,0.31198177,-0.27657166,-0.6310725,-0.3122499,0.91027284,-0.005591184,0.32070345,0.2973548,0.40680274,0.14712931,-0.4873233
121,3655,-0.36242038,-0.048800737,0.2466495,0.57541287,-0.6109495,-0.012732685,0.2826116,0.011680499,0.23491561,-0.4649241,0.51771295,0.37475497,0.52898896,-0.05824389,-0.38173455,0.67522
121,3667,-0.27247122,0.8456255,-1.2367622,-0.5088589,-0.27944347,1.1719196,-0.17743719,-0.5140587,0.83720535,-0.569623,-0.10484514,0.7080762,-0.67656255,-0.064973995,0.22287844,0.108924806
121,3672,-0.5196827,0.59298337,-0.5149028,-0.040915623,0.19369026,-0.41861677,-0.43945202,0.16918126,-0.6398184,-0.13249156,-0.19257633,-0.63941437,0.3497868,-0.26253513,-0.38559744,0.5140247
121,3676,-0.61248225,-0.08221027,-0.49223816,-0.26118013,0.2086948,0.4105741,-0.62615746,0.24157645,-1.0020237,-0.75784314,0.06027575,-0.92658967,0.41282958,0.22115487,0.1626821,0.55703133
121,3681,-0.407159,-0.14376375,-0.47683963,-0.15647633,0.16863206,0.11249095,-0.5098947,0.17252754,-0.8763058,-0.28102928,-0.12446171,-0.45585954,0.11124291,-0.04289079,0.008793369,0.5506137
121,3690,-0.47050726,0.59934306,-0.52055645,-0.0051799864,0.15140574,-0.5601666,-0.43003067,0.07523465,-0.58710694,0.1493882,-0.2995962,-0.42899466,0.22266573,-0.38745952,-0.46474302,0.53530544
121,3697,-0.35542354,-0.26616266,0.22128403,0.5504302,-0.58773816,0.0160608,0.218846,0.051108554,0.3162427,-0.4517266,0.41079283,0.34334028,0.6300829,-0.1291647,-0.4554944,0.64494497
121,3706,-0.6238402,0.50502104,-0.573304,-0.07446684,0.22920725,-0.20743553,-0.53202003,0.23233142,-0.8091994,-0.4169562,-0.087829284,-0.84856033,0.45805848,-0.1434828,-0.27314198,0.5988123
121,3726,-0.29059175,0.23613098,-0.42492783,0.30998114,0.13283014,-0.13112578,-0.47989473,0.059143826,-1.0375543,0.06555039,-0.05586485,-0.3937891,0.20135304,-0.38717467,-0.16801803,0.7224492
121,3732,-0.6783088,0.3827383,-0.60875005,-0.1060013,0.25232464,-0.028861433,-0.60147905,0.26701957,-0.9367272,-0.5937636,-0.024805456,-0.9585586,0.49771416,-0.056230646,-0.16621052,0.6599704
121,3747,-0.37422666,0.27940917,-0.25064653,0.02646023,0.07520983,0.18104312,-0.46052346,0.021925986,-0.8170077,-0.2692878,0.07211521,-0.7172822,0.4175843,0.004479618,0.024035707,0.39493674
121,3750,0.27571413,0.20463519,0.4425887,0.4329678,-0.014876649,-0.43484357,0.70353866,0.16083653,0.16611238,-0.29536748,0.48415387,0.46344346,-0.46271884,0.24682671,0.11143492,0.07912801
121,3761,-0.2794082,0.94213355,0.30371317,0.6803266,-0.5959009,-0.1369065,0.52317876,-0.24959141,0.27914798,-0.35126078,0.813064,0.41858977,0.16692707,0.07927768,-0.14482309,0.52269125
121,3766,0.035371684,0.028318048,0.48292935,-0.24068865,-0.46456948,0.08729595,-0.20141062,-0.42547163,-0.2306827,0.69051796,-0.050521344,0.18919225,0.22558564,0.26893592,0.028199777,-0.37062904
121,3769,0.2772199,0.09243742,0.4119147,0.38951996,0.020979568,-0.44284302,0.6709333,0.21065994,0.1606996,-0.3094198,0.41692668,0.43732327,-0.4440376,0.2307353,0.084058255,0.06923486
121,3774,-0.24227993,0.62313783,-0.36325732,0.011516765,-0.044422418,-0.832209,-0.28631538,-0.26896483,-0.22590607,0.89486843,-0.51693344,0.18798985,-0.18942711,-0.5519591,-0.55707955,0.39012092
121,3792,-0.20167586,0.8164287,-0.21627554,-0.0655143,-0.06269716,-0.9013182,-0.22624543,-0.36076322,-0.031137519,1.0095288,-0.5059465,0.17658846,-0.18641627,-0.44811484,-0.5193361,0.17412204
121,3804,-0.30769464,0.5683931,0.21191251,0.5632776,-0.525988,-0.14977892,0.383829,-0.097800344,0.30699527,-0.375292,0.58878493,0.34056336,0.32797995,-0.020759434,-0.30574292,0.5142196
121,3821,-0.16410501,0.8689374,0.42791954,0.7274754,-0.5846939,-0.1348882,0.61712915,-0.24437672,0.22317553,-0.33522397,0.88535523,0.5014373,0.025568284,0.1598529,-0.019971639,0.4943729
121,3824,-0.13903144,0.517429,-0.071614146,-0.6843647,0.4732628,-0.6463555,-0.059827976,0.36085975,0.17131278,-0.034638386,-0.35815626,-0.4215235,-0.0805736,0.25490516,-0.06889474,-0.53170455
121,3830,-0.28997108,0.8287668,-1.107758,-0.4559937,-0.26915804,1.0418007,-0.1531716,-0.4513676,0.7965808,-0.55273265,-0.08305791,0.61062014,-0.5334345,-0.0702123,0.14336978,0.110346586
121,3835,-0.11391142,0.57480717,0.44138068,0.6924393,-0.52422214,-0.14693895,0.59950906,-0.14149731,0.18726423,-0.35853964,0.80241084,0.5147915,0.017708607,0.15483025,-0.034760945,0.49009854
121,3838,0.080503926,-0.119271934,0.6449447,-0.30759445,-0.58398414,0.24837348,-0.24063593,-0.56601846,-0.24665615,0.8437969,-0.035460576,0.27808648,0.2568341,0.4013874,0.13995035,-0.51501167
121,3844,-0.5025544,-0.082610756,-0.4489841,-0.2202503,0.17515512,0.26367477,-0.5491119,0.19461617,-0.8947285,-0.5165024,-0.023014903,-0.7045152,0.27965662,0.11430816,0.09033619,0.5109929
121,3855,-0.34843484,0.6852721,-0.4440276,0.024321645,0.028911136,-0.8190432,-0.3518919,-0.14791793,-0.3660481,0.674838,-0.46118975,-0.020966232,-0.03158328,-0.53770787,-0.5827864,0.4699691
121,3862,0.13631567,0.03406146,0.27633706,0.40635237,-0.0076868236,-0.5064536,0.53983575,0.27538216,0.22529003,-0.32611895,0.29681122,0.36611593,-0.1626499,0.047723416,-0.20072645,0.18303195
121,3874,0.28464937,-0.07259703,0.050703377,-0.4634273,0.6978712,-0.06826669,0.07676633,0.40515268,0.1738913,-0.15631777,-0.2083055,-0.57693624,-0.28390384,0.26976684,0.3884207,-0.6823793
121,3875,-0.30612388,0.83910596,0.27375183,0.66234183,-0.59426,-0.13404574,0.48122782,-0.2122246,0.29811373,-0.36806524,0.76014,0.40372533,0.23758718,0.04296804,-0.20675412,0.54053897
121,3881,-0.61248225,-0.08221027,-0.49223813,-0.26118013,0.2086948,0.4105741,-0.62615746,0.24157645,-1.0020237,-0.75784314,0.06027575,-0.92658967,0.41282964,0.22115487,0.16268213,0.55703133
121,3898,0.31960672,-0.37430772,0.13237146,-0.20279315,0.52661896,-0.47737145,0.4509349,0.55220413,0.16445771,-0.31815356,-0.044474512,0.020002216,-0.5250804,0.28328976,0.11238144,-0.3792811
121,3903,0.009059504,-0.63645947,0.346264,0.44236335,-0.22385019,-0.16139677,0.4418053,0.25712034,0.06246543,-0.48776892,0.3526036,0.40680444,0.00936836,0.10731597,-0.12962624,0.44674617
121,3908,-0.09469849,-0.3829048,0.2549756,-0.43356067,-0.22055915,0.53568554,-0.36521852,-0.20539391,-0.5003626,0.10732001,-0.00794518,-0.18050629,0.1974124,0.4961999,0.3561592,-0.23452985
121,3911,1.7473177,0.37351486,0.03889835,1.9972019,1.2414474,1.1924372,0.30028582,-0.48037103,0.35008562,0.8803686,0.38026953,-1.8476008,0.20748353,-1.7275112,1.0190289,-0.60809433
121,3928,0.04465497,-0.19575217,0.67124695,-0.21389219,-0.70883346,0.3693523,-0.31972262,-0.652372,-0.41033614,0.8982819,0.031834856,0.31504768,0.34035867,0.3820181,0.13827728,-0.38996983
121,3929,-0.06756236,-0.6446487,0.28791648,-0.36990702,-0.32547635,0.84130037,-0.40956464,-0.26305687,-0.66681415,0.035443805,0.081894174,-0.14395347,0.2121414,0.5432208,0.47257692,-0.12916613
121,3933,-0.23843955,-0.2931905,0.058279328,-0.38467228,-0.1124548,0.4942964,-0.4381741,-0.09209448,-0.63660884,-0.11424494,0.011091307,-0.37643886,0.26179862,0.4207266,0.29744005,-0.020462677
121,3947,0.27163258,0.23268831,0.44601607,0.44059536,-0.024738222,-0.43104878,0.7069558,0.1480863,0.16682595,-0.29164773,0.49713546,0.4653796,-0.46229598,0.24840343,0.11504705,0.08264321
121,3970,0.08093025,0.3302042,0.13616952,-0.8143394,0.55865335,-0.53030527,0.050657857,0.36315632,0.35617214,0.024610214,-0.36562002,-0.3228876,-0.29777196,0.45564285,0.15725313,-0.8349959
121,3973,-0.2395858,0.599404,-0.369048,0.009438172,-0.03566459,-0.81988275,-0.2823147,-0.24888256,-0.23549679,0.86567456,-0.5121114,0.18363152,-0.19061965,-0.5475083,-0.5504166,0.39362806
121,3976,-0.5933256,-0.044843495,-0.48887217,-0.26172036,0.21647383,0.3595681,-0.5956162,0.2523121,-0.95714074,-0.7391132,0.046187714,-0.9030931,0.39108586,0.20230441,0.13594969,0.5351633
121,4001,-0.6257787,0.5113898,-0.577952,-0.06657982,0.22271259,-0.23204187,-0.536935,0.21980716,-0.8103521,-0.37645844,-0.10353935,-0.82793784,0.45228624,-0.16487835,-0.29107776,0.60841846
121,4006,0.15481797,-0.7913153,-0.69649476,0.37450758,0.15445653,-0.5276675,-0.44741252,0.053193808,-1.2035732,1.067151,-0.63840806,1.003663,-0.88323003,-0.97938913,-0.3092925,1.042
121,4007,0.2888987,-0.07774255,0.047192536,-0.44515014,0.69170976,-0.056119084,0.07865294,0.40058067,0.16709855,-0.15912268,-0.2012173,-0.5774543,-0.2800792,0.25777376,0.38773054,-0.6681419
121,4014,-0.10888459,0.53322464,-0.033901855,-0.7013724,0.4786229,-0.6598327,-0.0419484,0.34707224,0.21581352,0.0018799752,-0.3641125,-0.39839107,-0.10559131,0.2768884,-0.051367775,-0.5855497
121,4032,-0.017266817,0.5261392,0.069711216,-0.76392055,0.51182127,-0.6680926,0.009345047,0.32937664,0.3300017,0.07645163,-0.380483,-0.3441085,-0.19217297,0.35699067,0.021529332,-0.7431953
121,4043,-0.18159938,1.1269978,0.03852745,-0.31192952,0.037746757,-0.99377894,-0.101662375,-0.28147402,0.28550798,0.8504271,-0.42521727,-0.102383,0.0012624487,-0.11680751,-0.421295,-0.32479927
121,4066,-0.3400186,0.10625811,0.21991444,0.55687773,-0.5612414,-0.07981709,0.29981074,0.009973168,0.28958368,-0.43688515,0.49648023,0.35734147,0.49083483,-0.0705752,-0.40024114,0.6065282
121,4070,0.07864465,-0.11504561,0.62286687,-0.31276643,-0.5576575,0.23965397,-0.23324779,-0.5401722,-0.2390436,0.80876607,-0.040143773,0.25979787,0.24416146,0.39670214,0.14015533,-0.5075761
121,4079,0.30517533,-0.09489098,0.31803992,0.2865719,0.1915156,-0.5601236,0.6355072,0.37049067,0.19864345,-0.3309011,0.25156188,0.37041277,-0.4452368,0.18808039,-0.008991271,-0.0143368095
121,4087,-0.18102169,1.0668609,-0.019582123,-0.21992832,-0.023682281,-0.9656006,-0.12916362,-0.34958878,0.213628,0.9331572,-0.44008315,0.000477463,-0.06468467,-0.21846803,-0.4528275,-0.17468928
121,4090,0.19258392,-0.2845461,0.012359299,-0.45655736,0.62480056,-0.40629914,0.27281502,0.62001127,0.13871609,-0.36330765,-0.16784617,-0.2190619,-0.44451797,0.35282838,0.16199778,-0.48933446
121,4097,-0.13633497,0.7530656,0.44022214,0.7123877,-0.55945873,-0.13733792,0.6140675,-0.2048041,0.20557614,-0.34100473,0.854892,0.5098977,0.012123801,0.16377541,-0.015690029,0.48725957
121,4103,1.4625858,0.09156144,-0.0015561506,1.5819929,1.1051437,1.0238863,0.2516695,-0.29242834,0.27346846,0.6253087,0.27083963,-1.5833914,0.1409539,-1.3982445,0.8687545,-0.5229255
121,4104,0.046428718,-0.22269252,0.65633094,-0.23094243,-0.68411005,0.3996428,-0.31464338,-0.63269484,-0.4084867,0.84756917,0.031735927,0.29038042,0.32755768,0.39913166,0.163891,-0.39418024
121,4117,-0.3159889,0.22153214,0.19907036,0.5320109,-0.5140941,-0.12739618,0.3132716,0.005117297,0.30948085,-0.41018075,0.4790451,0.3313474,0.43993092,-0.07027102,-0.39409637,0.54777443
121,4127,0.29686177,-0.31679425,0.086791195,-0.20967235,0.5407718,-0.5190036,0.41991892,0.57638896,0.17708516,-0.30391958,-0.088772945,-0.017637655,-0.47295108,0.24058062,0.05483225,-0.36970824
121,4131,0.06198031,-0.17160234,0.6549823,-0.25278446,-0.65126014,0.3274456,-0.28291065,-0.6100668,-0.34191704,0.86022013,0.005154267,0.29541522,0.30044335,0.39067024,0.14379363,-0.43865106
121,4138,1.7889324,0.2543439,0.04007601,2.035724,1.259106,1.2597739,0.30472144,-0.48107186,0.35247692,0.87525016,0.3829862,-1.8613791,0.20586586,-1.7529963,1.0488776,-0.60553825
121,4140,0.3496749,-0.34345987,0.21156624,-0.09299864,0.45552936,-0.4799977,0.53188396,0.49521595,0.17748068,-0.30930507,0.049372062,0.12845217,-0.56826484,0.31221026,0.13718985,-0.33684817
121,4157,0.079480276,-0.12465435,0.6376606,-0.32300323,-0.5667983,0.24939159,-0.24031577,-0.5529201,-0.24064374,0.8261709,-0.04085742,0.26535314,0.24913743,0.4108061,0.14980109,-0.5236248
121,4161,0.0007882342,-0.41933087,0.40251434,-0.4621303,-0.30918545,0.5416291,-0.31722522,-0.30028483,-0.4012448,0.29393554,-0.023265764,-0.03488314,0.16552883,0.5421618,0.3807338,-0.38987374
121,4164,-0.37422666,0.27940917,-0.25064653,0.02646023,0.07520983,0.18104312,-0.46052346,0.021925986,-0.8170077,-0.2692878,0.07211521,-0.7172822,0.4175843,0.0044796215,0.024035707,0.39493674
121,4177,0.28464937,-0.07259703,0.050703377,-0.4634273,0.6978712,-0.06826669,0.07676633,0.40515268,0.1738913,-0.15631777,-0.2083055,-0.57693624,-0.28390384,0.26976684,0.3884207,-0.6823793
121,4187,-0.0034396946,-0.47626564,0.37923214,-0.44944856,-0.30482042,0.6077199,-0.32744908,-0.28444973,-0.44495568,0.23175064,-0.0042883754,-0.054528333,0.16192362,0.54636174,0.4073112,-0.34466007
121,4188,-0.26785675,0.9826131,0.3225818,0.69280005,-0.6024997,-0.1346164,0.5434716,-0.26833907,0.2670672,-0.34461278,0.8424696,0.42811126,0.13763258,0.09727231,-0.11444558,0.51939
121,4193,0.027324919,-0.64710355,0.41025293,0.4958627,-0.26675165,-0.117684305,0.49713168,0.21924809,0.031907402,-0.5095085,0.4403097,0.46039099,-0.048594423,0.1636548,-0.051072896,0.47868687
121,4203,-0.3024356,0.7603378,0.24778867,0.61774004,-0.5621587,-0.14170271,0.44627324,-0.17442915,0.2979133,-0.36490256,0.69540566,0.37500596,0.25733674,0.023364123,-0.23409662,0.5208294
121,4209,-0.15086111,-0.8759388,-0.058055587,0.21049643,-0.22650218,0.09149775,-0.08939738,0.14306796,0.96538657,-0.12504907,-0.28500387,0.10601698,0.881536,-0.5425249,-0.7100742,0.066752344
121,4213,-0.3232272,0.38636264,0.21283156,0.5740752,-0.5389874,-0.13633847,0.35531974,-0.049316525,0.3185395,-0.40458366,0.55244046,0.35134912,0.4049827,-0.050412126,-0.36342907,0.55366117
121,4218,-0.65420765,0.1534685,-0.5797089,-0.17431769,0.2520913,0.210341,-0.61431366,0.28331813,-0.98669916,-0.7416962,0.032903552,-0.98253196,0.46060848,0.0765808,0.0024579018,0.6364551
121,4228,0.24867819,0.35031298,0.44080156,0.47988716,-0.049075812,-0.4527139,0.71792877,0.11715369,0.19164735,-0.2789262,0.5317846,0.470841,-0.43870834,0.22752064,0.08428745,0.10037449
121,4237,-0.2343481,1.0004659,0.3592322,0.7064711,-0.60346913,-0.1283006,0.5752828,-0.2815183,0.25128865,-0.3342361,0.87416387,0.45233744,0.0845842,0.12718473,-0.06548796,0.50594455
121,4239,0.047180668,-0.20697716,0.70316344,-0.21531945,-0.74146247,0.38374838,-0.33252063,-0.6861191,-0.4198183,0.94614136,0.035917073,0.33808166,0.35580495,0.39554542,0.14414354,-0.40715912
121,4257,0.0027753115,-0.44470635,0.3751402,-0.4461518,-0.29484785,0.5694959,-0.31056112,-0.27548888,-0.41794035,0.23863673,-0.013024107,-0.048946954,0.15242323,0.53073585,0.38795578,-0.35213512
121,4259,-0.20400804,0.995623,0.018294863,-0.5331768,0.257327,-0.9395822,-0.065924354,0.04334213,0.28553385,0.41288447,-0.37925178,-0.33173043,0.0778228,0.09749288,-0.302606,-0.51660216
121,4264,-0.41909796,-0.7224586,-0.3869305,-0.08607817,-0.3672491,0.43631145,-0.3354163,0.05509758,1.268784,-0.33475116,-0.4114185,0.22170068,1.1003569,-0.6348781,-0.9100254,0.094642326
121,4265,0.009059507,-0.63645947,0.346264,0.44236335,-0.22385019,-0.16139677,0.4418053,0.25712034,0.06246543,-0.48776892,0.3526036,0.40680444,0.00936836,0.10731597,-0.12962624,0.44674617
121,4283,0.15452614,-0.16225347,-0.11355485,-0.28530565,0.6291052,-0.64222527,0.2772668,0.71382725,0.17063463,-0.33342695,-0.24492101,-0.2200638,-0.26988643,0.12824242,-0.122691594,-0.31628177
121,4311,-0.24871753,0.7907479,-0.11408219,-0.6025729,0.38362414,-0.8315784,-0.10530228,0.25692534,0.15386045,0.1124451,-0.36552313,-0.43131036,0.0621128,0.13712323,-0.24233611,-0.44252798
121,4323,0.26620764,-1.3775234,0.28138703,0.059085697,0.21468432,0.25104406,0.44809455,0.45991755,-0.22306255,-0.7102579,0.24097879,0.063058496,-0.45197216,0.40164396,0.42705303,0.086343706
121,4331,-0.30612388,0.83910596,0.27375183,0.66234183,-0.59426,-0.13404574,0.48122782,-0.2122246,0.29811373,-0.36806527,0.76014,0.40372527,0.23758721,0.04296804,-0.20675412,0.54053897
121,4334,0.19258392,-0.2845461,0.012359299,-0.45655736,0.62480056,-0.40629914,0.27281502,0.62001127,0.13871609,-0.36330765,-0.16784617,-0.2190619,-0.44451797,0.35282838,0.16199778,-0.48933446
121,4345,0.019911818,-0.526994,-0.69998753,0.45140508,0.16647655,-0.41828805,-0.49908915,0.054742888,-1.2768333,0.8083076,-0.48136085,0.6281692,-0.6018006,-0.9148733,-0.29400042,1.0898283
121,4347,-0.08705199,0.47011054,0.4062047,0.60685766,-0.45473197,-0.1623089,0.5532342,-0.08527005,0.16739085,-0.3423399,0.7002727,0.4644866,0.0063743964,0.14096825,-0.045672007,0.4373477
121,4349,0.06436991,0.36165103,0.12353108,-0.79661226,0.5418709,-0.54751587,0.044355866,0.3527544,0.34801757,0.03260845,-0.36526978,-0.3227644,-0.27663544,0.43205443,0.13068868,-0.80856156
