window_id,vehicle_id,z_0,z_1,z_2,z_3,z_4,z_5,z_6,z_7,z_8,z_9,z_10,z_11,z_12,z_13,z_14,z_15
38,3084,0.23460749,-0.11681002,0.66863096,0.24434008,0.30455822,-0.5497242,0.3252759,-0.3200393,-0.121812284,-0.18376549,-0.87185985,-0.27133724,-0.7457839,0.0714128,0.63087946,-0.10744682
38,3589,-2.3059485,1.4486468,-0.2772568,1.8958546,-0.08980289,-0.6692431,0.21307452,0.085286245,1.0137825,-1.162199,1.5240712,-0.84263134,0.88731045,0.57795423,-0.2858192,-1.6965967
38,1305,0.24534681,-0.3307128,0.14079553,0.36940902,0.5420953,-0.37435585,1.1754671,-0.31061664,0.9912752,-0.0051919296,0.037865162,-0.49491405,-0.7541265,0.39317608,0.24205725,-0.22422072
38,1839,-0.65530294,0.32029533,0.59043986,0.70294005,0.4577392,-0.036844,0.29558325,0.3129211,0.55419564,-0.3047133,0.4793556,0.23597795,-0.4200778,-0.03920043,-0.0369649,-0.5455816
38,3614,0.23460752,-0.116810024,0.66863096,0.2443401,0.30455822,-0.5497242,0.3252759,-0.3200393,-0.12181234,-0.18376549,-0.87185985,-0.2713373,-0.7457839,0.07141281,0.6308794,-0.10744679
38,3897,-2.3059485,1.4486467,-0.27725685,1.8958546,-0.089802906,-0.6692432,0.21307454,0.08528623,1.0137825,-1.1621991,1.5240712,-0.8426314,0.8873103,0.57795423,-0.2858192,-1.6965965
38,1079,0.23460752,-0.116810024,0.6686309,0.24434005,0.30455822,-0.5497242,0.3252759,-0.3200393,-0.121812314,-0.18376549,-0.87185985,-0.27133727,-0.7457839,0.0714128,0.6308794,-0.107446805
38,3191,-2.3059485,1.4486468,-0.27725685,1.8958546,-0.08980289,-0.6692432,0.21307452,0.085286245,1.0137824,-1.1621991,1.5240712,-0.84263146,0.8873103,0.57795423,-0.2858192,-1.6965965
38,1404,-2.3059485,1.4486467,-0.27725685,1.8958548,-0.08980289,-0.6692433,0.21307454,0.085286245,1.0137825,-1.162199,1.524071,-0.8426314,0.88731045,0.5779541,-0.28581923,-1.6965966
38,1930,0.23460752,-0.11681002,0.66863096,0.24434008,0.30455822,-0.5497243,0.3252759,-0.3200393,-0.121812284,-0.18376549,-0.87185985,-0.27133724,-0.7457839,0.0714128,0.6308794,-0.107446775
38,2002,0.23460752,-0.116810024,0.66863096,0.24434008,0.30455822,-0.5497243,0.3252759,-0.32003927,-0.121812254,-0.18376549,-0.87185997,-0.27133724,-0.7457839,0.07141281,0.63087946,-0.10744679
38,649,-2.3059487,1.4486468,-0.27725685,1.8958546,-0.08980289,-0.66924316,0.21307452,0.08528623,1.0137825,-1.1621993,1.524071,-0.84263134,0.8873103,0.5779541,-0.28581923,-1.6965966
38,3765,0.23460749,-0.11681002,0.66863096,0.24434008,0.30455822,-0.5497243,0.3252759,-0.3200393,-0.121812314,-0.18376549,-0.87185985,-0.27133724,-0.74578387,0.07141281,0.6308794,-0.107446805
38,4236,0.23460752,-0.11681002,0.66863096,0.2443401,0.30455822,-0.5497242,0.3252759,-0.32003927,-0.121812314,-0.18376547,-0.87185997,-0.27133727,-0.745784,0.07141281,0.6308794,-0.10744679
38,398,-0.655303,0.32029536,0.5904399,0.70294,0.4577392,-0.03684397,0.29558328,0.31292102,0.55419564,-0.3047133,0.47935554,0.23597795,-0.4200778,-0.03920043,-0.0369649,-0.54558146
38,815,-0.06240613,1.0383602,0.9913531,0.5991816,0.35177314,-0.42389077,-0.20557337,0.9603964,-0.34777412,0.6895157,0.0016384125,1.0754923,-0.38419485,-0.20322646,-0.23265122,-0.09020363
38,1347,0.23460752,-0.11681002,0.66863096,0.2443401,0.30455822,-0.54972434,0.3252759,-0.3200393,-0.12181234,-0.18376549,-0.87185985,-0.27133727,-0.7457839,0.071412824,0.6308794,-0.107446805
38,1200,0.23460752,-0.11681002,0.66863096,0.2443401,0.30455822,-0.54972434,0.3252759,-0.32003927,-0.121812284,-0.18376549,-0.87185985,-0.27133727,-0.7457839,0.07141282,0.63087946,-0.107446805
38,2606,-2.2474673,1.409451,-0.26455277,1.8435267,-0.085404724,-0.6455339,0.20862603,0.083200514,0.989949,-1.1350044,1.4895957,-0.8167062,0.8589948,0.5608188,-0.28051755,-1.6506588
38,1154,-2.3059487,1.4486468,-0.27725685,1.8958546,-0.089802906,-0.66924316,0.21307454,0.08528626,1.0137825,-1.162199,1.5240712,-0.8426314,0.8873102,0.5779542,-0.28581923,-1.6965966
38,3241,0.23460752,-0.11681002,0.66863096,0.2443401,0.30455822,-0.5497243,0.3252759,-0.32003927,-0.121812314,-0.18376549,-0.87185997,-0.27133727,-0.7457839,0.07141282,0.6308794,-0.10744682
38,113,0.24534684,-0.33071277,0.14079553,0.36940908,0.5420953,-0.3743558,1.1754671,-0.31061664,0.9912752,-0.005191941,0.037865162,-0.494914,-0.7541265,0.39317608,0.24205728,-0.22422078
38,3275,0.23460752,-0.11681002,0.66863096,0.2443401,0.30455822,-0.5497242,0.3252759,-0.3200393,-0.121812314,-0.18376549,-0.87185997,-0.27133727,-0.7457839,0.07141282,0.6308794,-0.10744682
38,13,0.13280042,0.6987488,0.18053408,-0.09539552,-0.3644131,-0.25521803,-0.56386715,-0.48432282,-0.6245384,-0.041149836,-0.20529002,-0.44952404,-0.3310609,-0.036705058,0.3582371,0.14585459
38,29,0.31210065,0.57102,-0.46744293,-0.60604405,-0.4735899,0.36321497,-0.170218,-0.47947246,-0.013875335,0.13384756,0.8088426,-0.47952276,-0.27821717,0.094166175,-0.198698,0.44499123
38,40,-0.09693674,-0.39497387,0.8581545,-0.32143608,0.63611406,0.16839142,-0.08610423,0.7230656,0.20291553,0.034463484,0.35754532,0.8009752,-0.4140413,-0.09999972,-0.09868054,0.2765885
38,50,-0.061655514,-0.7556199,0.2925806,-0.5691987,0.24746118,0.8267475,-0.24728678,0.07209489,0.2681666,-0.35598418,0.53648305,0.3957129,0.08519909,-0.40533596,-0.21742834,0.15343589
38,53,0.26932868,0.3137376,-0.5180374,-0.52111125,-0.40058815,0.5388162,-0.18905337,-0.5687846,0.06250258,-0.014118873,0.7310127,-0.46358997,-0.107584655,-0.084750056,-0.1913862,0.29665172
38,55,0.31568512,-0.56029063,-0.09576483,-0.4931286,0.093162246,-0.642338,-0.20718272,0.43445134,0.09143353,0.10092044,-0.17158428,-0.003336072,0.90214723,0.2188373,0.11336145,-0.009356722
38,68,-0.2404407,0.35054845,0.8613857,0.10693197,0.41237003,-0.41793,-0.33605957,0.91378355,-0.15468463,0.28629133,0.19098414,0.76752347,-0.18457492,0.018064938,-0.07015716,0.05799538
38,70,-0.08879077,0.3180934,0.25688982,0.21639769,-0.35886377,-0.18742843,-0.90204424,-0.6407007,-0.8787658,-0.38915876,-0.73072964,-0.4488374,0.010217339,-0.3489859,0.58526164,-0.17356163
38,74,-0.21322265,-0.7014376,0.09428568,0.42511845,0.32343057,-0.11493455,0.97969794,0.030331984,0.13161083,-0.037047707,-0.8290792,0.01143612,-0.8611086,0.4006319,0.32110748,0.074533254
38,81,-0.5633065,0.2575962,0.6229841,0.63138133,0.47886044,-0.0035987645,0.30030835,0.31611472,0.5307684,-0.2600504,0.42754966,0.28059995,-0.48251903,-0.0656433,-0.025605254,-0.4787366
38,90,0.013039194,0.54326725,0.20946382,0.055532604,-0.39222056,-0.22418098,-0.7850633,-0.5762458,-0.79042566,-0.21799944,-0.4652133,-0.4627769,-0.13542175,-0.20104666,0.47327417,-0.013671666
38,91,-0.018445946,-0.16694345,0.3851576,0.32164162,0.010893688,-0.18664645,-0.2942285,-0.50685894,-0.4151143,-0.39609334,-0.84662694,-0.3129239,-0.24823505,-0.2587821,0.60294014,-0.21913087
38,96,0.11085513,-0.44588915,-0.032083943,-0.8579618,0.06925457,-0.40385228,-0.19248705,0.577176,0.06347336,0.13230322,0.35451606,0.10861624,0.47128856,0.4397664,-0.06797783,0.37757742
38,100,0.3207546,-0.47333178,-0.11616154,-0.36893505,0.07129699,-0.7700776,-0.20423193,0.4445848,0.06358649,0.121969804,-0.27271035,-0.05433611,0.9591269,0.22611822,0.15518172,-0.09545253
38,108,0.31210068,0.5710199,-0.46744287,-0.606044,-0.4735899,0.36321497,-0.17021804,-0.4794724,-0.013875365,0.1338476,0.8088425,-0.4795227,-0.27821717,0.094166175,-0.19869798,0.44499117
38,112,-0.9086763,0.47192457,0.4248144,0.8513231,0.36487526,-0.1262178,0.2859401,0.26089528,0.65254503,-0.45250684,0.6782852,0.025573708,-0.21997164,0.08657089,-0.07786599,-0.6928122
38,123,-0.21647581,-0.6688727,0.11206152,0.44662166,0.28707868,-0.13160096,0.85984504,-0.028246507,0.04986532,-0.08090116,-0.88740474,-0.02804491,-0.80799997,0.34376794,0.37251294,0.03812778
38,129,1.001819,1.3955724,0.1323208,0.78411204,-0.1287415,-0.109085396,0.27354556,0.3251115,-0.35989466,1.281156,-0.4958688,1.0065668,0.25504732,-0.61244845,-0.6748941,-0.3453562
38,140,0.06814581,0.26682135,0.22974123,0.08963516,-0.16619459,-0.11019118,-0.4562626,-0.528026,-0.45104983,-0.2307235,-0.408266,-0.3865724,-0.26374462,-0.2254864,0.44471276,-0.05533883
38,144,0.49187565,-0.26620948,0.14996225,0.18878691,0.14679952,0.66724396,-0.023854002,-0.1684451,0.15064597,0.083207935,-0.23324835,0.6244522,0.5298578,-0.8852313,-0.40169153,-0.38792738
38,148,0.5329089,-0.032654956,0.3410093,0.27430445,0.2560825,0.5390012,0.07212979,0.03741035,0.11915476,0.26878616,-0.23460215,0.8185278,0.29871076,-0.8400541,-0.43199646,-0.3407623
38,164,0.32359707,-0.496065,-0.09022237,-0.3650151,0.09248589,-0.7545885,-0.2166502,0.45546857,0.06490128,0.11849433,-0.283032,-0.021736518,0.96721596,0.20084874,0.15645447,-0.10340628
38,169,0.24813631,-0.30596596,-0.28841525,-0.5554168,-0.061726794,-1.117615,-0.18838914,0.6319778,0.014910907,0.22963348,-0.10575327,-0.24741659,0.9970866,0.60397124,0.14426051,0.069104806
38,174,-0.0121390745,-0.3524753,0.5315594,0.118684635,0.45562088,0.5385062,0.13013752,0.097402215,0.39327806,-0.20673037,0.13003714,0.54735357,-0.17203605,-0.54025817,-0.11998415,-0.2417655
38,186,-1.1079454,-0.46732116,-1.1075695,0.53772473,-0.5418117,0.44456685,0.8253389,0.50440526,-0.83183837,0.49020112,-0.9405375,0.3731919,-0.6179287,0.9834592,-0.27852333,0.6371943
38,192,0.14449811,-0.20051986,-1.1463565,0.21395828,-0.41581094,0.9515306,0.24383053,-0.5469835,0.06260441,0.24733004,-0.15244529,0.0736267,0.64576536,-0.3792349,-0.6434312,-0.09786956
38,198,0.14574528,-0.14388405,-1.2327467,0.229006,-0.45874667,0.94538873,0.2976144,-0.5234243,0.04473257,0.3338302,-0.16314095,0.09082443,0.64250666,-0.32189065,-0.6996865,-0.057939604
38,203,0.31294084,-0.5117495,-0.07937278,-0.4051956,0.09999703,-0.71540594,-0.21125601,0.45786253,0.07448673,0.11363602,-0.2376442,-0.007116884,0.9265552,0.20934838,0.14051694,-0.066108614
38,211,-0.42596865,-0.5910924,-0.0043027103,0.41212738,0.057413444,-0.017039299,0.40213132,-0.05578228,-0.350324,-0.15711924,-0.9826935,-0.016055375,-0.55700797,0.28796804,0.3675232,0.09628163
38,214,0.27773574,-0.38697842,-0.21937473,-0.4944374,-0.011035472,-0.8921791,-0.17185633,0.5012282,0.052522346,0.16578254,-0.14182621,-0.17136675,0.9216879,0.4278667,0.13183165,0.022723302
38,219,0.91463727,0.96458006,0.24247813,0.6265875,0.05524832,0.0027580112,0.22500885,0.3320133,-0.20225105,1.0365516,-0.4523999,1.0051078,0.2642179,-0.6428416,-0.59094685,-0.32149056
38,220,0.13219586,-0.161876,-1.1455832,0.1487398,-0.43761992,0.9362139,0.19342828,-0.57703733,0.052545264,0.21071324,-0.07348025,-0.011063531,0.59807485,-0.345357,-0.5985557,-0.06132172
38,222,0.23460752,-0.11681002,0.66863096,0.2443401,0.30455822,-0.5497242,0.3252759,-0.32003927,-0.12181234,-0.18376549,-0.87185997,-0.27133727,-0.7457839,0.07141282,0.6308794,-0.10744679
38,230,0.32640794,-0.48213148,-0.123346254,-0.3764378,0.07014057,-0.7944078,-0.21360154,0.45801744,0.060237348,0.12655227,-0.28218755,-0.057046138,0.99012524,0.23375376,0.15998733,-0.099212065
38,236,-0.020517215,-0.48220614,0.39041588,0.3896352,0.23784381,-0.2006586,0.21359065,-0.36807218,-0.11431131,-0.34231064,-0.9280309,-0.22891709,-0.49518228,-0.0835368,0.58900845,-0.17557049
38,238,0.13816336,-0.12993564,-1.2438475,0.22620259,-0.4671908,0.9359492,0.30528665,-0.5119133,0.038588107,0.3493831,-0.16117981,0.089815974,0.63056093,-0.29823238,-0.7047903,-0.04193771
38,239,0.109004006,0.4018977,0.22045259,0.008672386,-0.20168322,-0.1534449,-0.42815614,-0.48542178,-0.45388314,-0.1455567,-0.29930848,-0.38721535,-0.31896907,-0.14214307,0.39028338,0.026812896
38,248,0.31484205,-0.49234444,-0.08072962,-0.37242585,0.096980006,-0.7434271,-0.2129726,0.4607238,0.066794574,0.118270114,-0.26519537,-0.014455751,0.9424142,0.20576172,0.15096538,-0.08992727
38,251,-0.084509365,0.3468475,0.25541234,0.2129751,-0.37312227,-0.20099835,-0.9182232,-0.64991355,-0.89843976,-0.38379958,-0.733232,-0.4627223,0.006357312,-0.34457737,0.59261245,-0.16828674
38,253,0.39381093,0.883252,-0.32652313,-0.6331593,-0.46772033,0.12109642,-0.0782235,-0.38550368,-0.032795653,0.32589328,0.84213495,-0.4983294,-0.6136199,0.27690673,-0.12204827,0.6011648
38,255,0.29588696,-0.54630005,-0.0877022,-0.5197846,0.091476984,-0.59983665,-0.19065262,0.4284256,0.09855685,0.098642185,-0.11785361,0.0023499355,0.8344789,0.23427798,0.094074905,0.029424667
38,256,0.37948492,0.3489169,0.085238166,-0.11882044,0.11077486,-0.25178754,0.54817665,-0.30733535,0.43580103,0.20608088,0.3234157,-0.45041817,-0.81488276,0.3407848,0.134406,0.2110129
38,260,0.1607177,0.5776515,0.20242923,-0.07058881,-0.2602142,-0.2209086,-0.41639167,-0.467116,-0.48577055,-0.050718144,-0.20623752,-0.4203785,-0.39547414,-0.04779306,0.36063594,0.12099457
38,261,0.3117855,0.5277232,-0.48791045,-0.59844625,-0.4598791,0.40514892,-0.1668296,-0.49872452,0.011474758,0.113573864,0.81524754,-0.48114175,-0.2568907,0.06288387,-0.20396611,0.42513755
38,272,0.19360557,0.061941892,-0.5993089,-0.30253494,-0.32452327,0.6610485,-0.081153646,-0.56350744,0.10916423,-0.039828584,0.463544,-0.31482258,0.08382377,-0.20656678,-0.24859428,0.13998413
38,274,0.23746845,-0.26085687,-0.30888802,-0.54442954,-0.079774484,-1.2017686,-0.1888767,0.6682409,-0.0009355843,0.2502102,-0.11168432,-0.28003484,1.0162685,0.6548879,0.15525055,0.06752519
38,284,0.32142317,-0.31738406,-0.31923026,-0.39972308,-0.06376208,-1.2967662,-0.24675287,0.64463997,-0.023337245,0.24266452,-0.3414185,-0.2775673,1.2543306,0.5329511,0.22650467,-0.11176328
38,301,0.7102857,0.58748245,0.38358766,0.4371221,0.20918572,0.06560248,0.15011808,0.3664037,-0.07483491,0.75590074,-0.31767398,0.9405411,0.15868813,-0.5738228,-0.46342525,-0.24000353
38,315,0.64827967,0.50660765,0.43719462,0.39142644,0.25204024,0.07305686,0.12320399,0.39370105,-0.05325359,0.6915833,-0.27756047,0.9376027,0.11918387,-0.55350643,-0.42896095,-0.21474487
38,316,1.0729686,1.3567015,0.12160061,0.78508246,-0.112066776,-0.07038532,0.29002205,0.29905444,-0.33618358,1.2909018,-0.53414696,1.0335996,0.30157173,-0.66772753,-0.6959319,-0.37181985
38,327,0.22368181,0.16402036,-0.5154047,-0.40549928,-0.33417246,0.5881989,-0.13334797,-0.5519084,0.09662646,-0.045662656,0.5873774,-0.37758052,-0.02673468,-0.1510846,-0.20182316,0.2083304
38,330,0.8127695,1.416089,0.3364759,0.8485749,-0.03155887,-0.20045327,0.15868461,0.46979567,-0.4002222,1.2055895,-0.47042495,1.084029,0.17842758,-0.6009117,-0.5995663,-0.3652388
38,331,0.06892457,-0.3470859,-0.0035060346,-0.81679726,0.073676825,-0.4541589,-0.14008953,0.61112607,0.0750473,0.16057456,0.3887773,0.09797366,0.35496378,0.5064805,-0.069414474,0.40495586
38,334,-0.064955406,-0.15443927,0.16905454,0.25193948,-0.0715463,0.07481849,-0.4300663,-0.5576894,-0.37226257,-0.40460935,-0.5978417,-0.32322824,-0.122360975,-0.35817587,0.4845389,-0.18569627
38,344,0.8897345,0.8315468,0.22331266,0.5685075,0.07677995,0.039358035,0.22409976,0.28531685,-0.14438862,0.9457946,-0.43223435,0.9435296,0.27542555,-0.62996507,-0.56230175,-0.3121665
38,350,-1.0400769,-0.4889043,-1.0063673,0.5287444,-0.4822268,0.40420696,0.7813918,0.44851133,-0.7840445,0.42654428,-0.9461418,0.33550626,-0.60811394,0.90915984,-0.21483898,0.5864491
38,353,-0.11796024,-0.40675324,0.70292425,-0.60165334,0.5320889,0.17630716,-0.04788108,0.7222748,0.23868151,0.05372863,0.5965766,0.6667535,-0.45808804,0.11981316,-0.1540718,0.4707248
38,359,0.1375303,-0.15129267,-1.243368,0.21038412,-0.46886975,0.96061695,0.2623012,-0.55524635,0.041361764,0.29879174,-0.14191374,0.050857604,0.65262765,-0.33337772,-0.6786307,-0.061880678
38,361,0.29516318,-0.5516082,-0.09421368,-0.5417682,0.08857905,-0.6161522,-0.19908567,0.44612047,0.094654925,0.10460377,-0.108535945,0.002470076,0.85138243,0.25079,0.092363745,0.039947554
38,365,0.3501953,0.7982756,-0.30518115,-0.550389,-0.45681608,0.13542208,-0.14426695,-0.43987876,-0.078374,0.23633614,0.6968492,-0.50159985,-0.506924,0.18894115,-0.06643864,0.5016387
38,374,0.32915375,0.5506383,0.015778512,-0.280285,-0.11853218,-0.006558627,0.06290048,-0.35397825,0.055330336,0.17708373,0.35060447,-0.36696565,-0.68701243,0.10718331,0.118587345,0.336712
38,389,-0.2178418,-0.084304765,0.5066515,-0.3849576,0.30897713,-0.39189094,-0.28057063,0.8018929,-0.004979387,0.14520141,0.38889137,0.43005732,-0.04347235,0.31252778,-0.039105177,0.29610157
38,408,0.24490833,0.23159239,-0.46026677,-0.46979326,-0.33962405,0.5370073,-0.16081677,-0.5393596,0.087155364,-0.04328212,0.66313374,-0.4135419,-0.100275844,-0.11215925,-0.17372376,0.25411233
38,412,0.3138583,-0.3030854,-0.28825706,-0.35487193,-0.05515565,-1.1622062,-0.20998837,0.55848384,-0.003974542,0.21237004,-0.32546872,-0.25798333,1.141371,0.46314722,0.20838211,-0.1173853
38,420,0.34356827,0.58404183,0.028669909,-0.3087297,-0.11716339,-0.031776175,0.09800383,-0.3178518,0.06279911,0.21210152,0.38200563,-0.3494662,-0.7165623,0.1505699,0.0938732,0.369128
38,425,0.07934061,-0.34886134,-0.0009345263,-0.78249836,0.08713515,-0.5472045,-0.14033465,0.6497052,0.08203981,0.1757622,0.33570555,0.08700409,0.41070378,0.5261963,-0.042332344,0.37358573
38,440,0.2513848,-0.5132618,-0.0846595,-0.60794115,0.083172806,-0.6124152,-0.18834491,0.49445584,0.09227711,0.12262832,-0.009267822,0.0134856105,0.7702933,0.3217861,0.06308603,0.117413275
38,441,0.07905015,-0.55018103,-0.18399964,-0.1872523,0.023371473,0.8861024,-0.18765523,-0.5320496,0.27964407,-0.4568807,0.27771774,-0.08674122,0.25755388,-0.600619,-0.08587231,-0.16728005
38,445,-0.08511471,-0.17188245,0.59046036,0.30192292,0.4821531,0.39754385,0.2057949,0.15086167,0.39453804,-0.16700736,0.0959237,0.55421597,-0.2575048,-0.4895156,-0.09574495,-0.33381605
38,447,0.2567703,-0.52093333,-0.08631526,-0.60722715,0.08535508,-0.63353825,-0.19758536,0.50662684,0.08891293,0.12609349,-0.023354948,0.01491008,0.79813737,0.32280165,0.06904128,0.10900491
38,449,-1.045851,-0.3989081,-1.1298375,0.5176475,-0.49243462,0.3784356,1.1309502,0.6294632,-0.6822802,0.6424989,-0.8067012,0.42587996,-0.80342746,1.1406598,-0.3723147,0.6952896
38,451,0.317259,-0.30806375,-0.3024807,-0.37249333,-0.061232448,-1.1987454,-0.2191648,0.57912517,-0.00862883,0.22077021,-0.32733786,-0.2678052,1.1747422,0.4855703,0.21235548,-0.113394365
38,468,0.13251117,-0.16615102,-1.1760107,0.1755905,-0.44266158,0.9464892,0.21937577,-0.5699737,0.051827267,0.23732585,-0.10303426,0.012400173,0.6173762,-0.3461517,-0.6230352,-0.066495836
38,472,-0.061655514,-0.7556199,0.2925806,-0.5691987,0.2474612,0.8267475,-0.24728678,0.072094895,0.2681666,-0.35598418,0.53648305,0.3957129,0.08519912,-0.40533602,-0.21742833,0.15343589
38,473,0.052220758,-0.34011307,0.007101789,-0.8511857,0.082955286,-0.50899017,-0.14751704,0.6768292,0.07329026,0.18223853,0.41717356,0.111539036,0.36015218,0.55811286,-0.07203758,0.43470323
38,490,-1.9218764,1.1809593,-0.038638875,1.6117977,0.0784491,-0.52754575,0.2548548,0.16755465,0.95162547,-0.9565201,1.3202474,-0.5869683,0.5104828,0.4550038,-0.2247758,-1.4071169
38,505,-0.08450938,0.3468475,0.25541234,0.2129751,-0.37312233,-0.20099835,-0.9182232,-0.64991355,-0.89843976,-0.3837995,-0.73323196,-0.46272236,0.0063572824,-0.34457737,0.5926124,-0.16828671
38,511,0.26160973,-0.36112738,-0.26080704,-0.56470317,-0.036301956,-1.0378004,-0.1944078,0.60329723,0.030204207,0.20874348,-0.10822308,-0.20615739,0.989358,0.546645,0.13653351,0.06577705
38,513,0.07358694,0.6059998,0.19144234,-0.036055356,-0.36503717,-0.22118373,-0.6467398,-0.50632775,-0.6733726,-0.119482264,-0.29723275,-0.43341428,-0.23393284,-0.11041092,0.38695338,0.07602015
38,533,0.13251117,-0.16615102,-1.1760107,0.1755905,-0.44266164,0.94648916,0.21937579,-0.5699737,0.05182728,0.23732585,-0.10303426,0.012400158,0.6173764,-0.3461517,-0.6230352,-0.06649588
38,535,-0.120047815,-0.27277398,0.11202063,0.28885353,-0.06929773,0.14744478,-0.43693763,-0.5711694,-0.36962143,-0.4514732,-0.6452023,-0.3099528,-0.05635351,-0.38751513,0.47795558,-0.20935827
38,538,0.3488516,0.7984333,-0.27636164,-0.53129494,-0.43806696,0.114246115,-0.13508414,-0.43113092,-0.07792786,0.23905012,0.6701261,-0.49342698,-0.5282413,0.18906341,-0.048587248,0.4955847
38,547,-0.03069704,-0.09851687,0.38173836,0.33319426,-0.04468201,-0.21354301,-0.40114915,-0.55158615,-0.51224494,-0.41331512,-0.88898295,-0.35522032,-0.2113187,-0.2828074,0.63867337,-0.23307732
38,550,-1.1009102,-0.31865227,-1.2094647,0.48841345,-0.58609396,0.43720663,1.0487225,0.669173,-0.77375007,0.69189274,-0.7510943,0.46826345,-0.74550754,1.1640506,-0.45006606,0.7418468
38,553,-0.011342876,-0.63108486,0.30440885,-0.40340734,0.26719385,0.769328,-0.13376985,0.020664789,0.30489868,-0.3114694,0.42366803,0.38975972,0.01578927,-0.44420946,-0.18856576,0.05960474
38,554,-0.046195745,0.44352725,0.23785904,0.14785819,-0.39139426,-0.21696611,-0.8834879,-0.62602186,-0.8721601,-0.31749132,-0.627819,-0.46927446,-0.043785483,-0.28924507,0.54758465,-0.10699789
38,560,0.37680578,0.77419746,-0.4310258,-0.6561903,-0.4938469,0.24966978,-0.117954865,-0.44114795,-0.014823213,0.2600443,0.8898545,-0.51293415,-0.47472107,0.20734903,-0.17851402,0.55842745
38,564,-0.009158954,-0.32471707,0.5315831,0.14608921,0.45417014,0.5150504,0.14537707,0.094510764,0.3888888,-0.19490847,0.10994183,0.54347545,-0.1802936,-0.53518033,-0.11601752,-0.25347856
38,573,-0.003863126,-0.8513974,0.39368632,-0.3934461,0.3492094,0.8042713,-0.21010546,0.047149688,0.30934426,-0.38064432,0.3103931,0.4759079,0.1431171,-0.54810166,-0.16284823,0.0090343505
38,583,-0.038926117,-0.09600919,0.192265,0.23343076,-0.07519974,0.042170554,-0.42885542,-0.5535965,-0.37492433,-0.38224483,-0.57391065,-0.3310355,-0.15029258,-0.34471232,0.4859954,-0.17462051
38,589,0.15915844,0.5346464,0.21421565,-0.045748025,-0.23456022,-0.21436347,-0.4012615,-0.47792652,-0.46850267,-0.072523445,-0.23929048,-0.42043555,-0.39663744,-0.069487005,0.3797615,0.09487955
38,591,-1.9268336,1.1392846,-0.237455,1.5773088,-0.059044406,-0.47050518,0.18279356,0.014978394,0.8983371,-1.028096,1.3013172,-0.7150308,0.7573326,0.42755222,-0.24775138,-1.4433672
38,595,0.07680515,-0.5687325,-0.20220216,-0.16851261,0.020787142,0.89730656,-0.19296388,-0.55748916,0.28062296,-0.47277987,0.25525865,-0.09765708,0.28761172,-0.6226338,-0.083150394,-0.1909579
38,599,0.36333856,0.7810414,-0.34163964,-0.62816364,-0.4520684,0.17686066,-0.082890004,-0.37400374,-0.018902197,0.2810741,0.83627445,-0.46324706,-0.5332593,0.24392961,-0.15589395,0.56631327
38,600,-0.06228798,-0.73310745,0.28265116,-0.5704727,0.2372081,0.81152576,-0.2392609,0.07100868,0.26324254,-0.3463777,0.5422851,0.38188428,0.07172954,-0.3855154,-0.21715896,0.16245297
38,605,0.31344485,-0.5657166,-0.0993136,-0.51513726,0.09211664,-0.6521905,-0.21221803,0.44977108,0.09041002,0.10575648,-0.15855032,-0.0015560761,0.91004366,0.23444732,0.11021043,0.0038098246
38,607,0.94857925,1.0619514,0.22180244,0.67257863,0.018670507,-0.017865404,0.23649035,0.3285116,-0.23784083,1.0969827,-0.4771636,1.0184284,0.27404398,-0.65401167,-0.61393774,-0.33863926
38,625,-0.12228688,0.18307671,0.28285104,0.2972026,-0.31554863,-0.17303307,-0.8975988,-0.662511,-0.8805767,-0.46098652,-0.8613356,-0.4379943,0.03819698,-0.40154707,0.6443071,-0.2404696
38,634,-0.06853912,-0.41455394,-0.17006631,-0.057699718,0.025211759,0.76245534,-0.14484395,-0.470494,0.32810134,-0.48441803,0.3538819,-0.124606825,0.26951522,-0.50321084,-0.097798936,-0.24950895
38,640,-0.16879773,-0.14897974,0.4154963,-0.4843225,0.2687472,-0.40722966,-0.2750787,0.7824575,0.0033911765,0.14740038,0.40015507,0.37447312,0.04509464,0.35375428,-0.04447005,0.32406843
38,642,0.54298264,-0.17021748,0.1943888,0.24987088,0.16826782,0.6526022,0.008246422,-0.12405636,0.13161632,0.16499639,-0.2643689,0.7135163,0.5039151,-0.92475474,-0.4397825,-0.4089857
38,654,-0.9732585,-0.3808779,-1.0692619,0.48849237,-0.45957386,0.36427814,1.0967104,0.59086967,-0.62853456,0.6197852,-0.7566045,0.40297076,-0.7829796,1.0802802,-0.3591589,0.66595197
38,660,0.381117,0.18887433,0.64935714,0.19906266,0.41709763,0.10619816,0.029542327,0.4982352,0.029919297,0.42702597,-0.10086295,0.9110315,-0.07567622,-0.4523784,-0.284917,-0.09672816
38,678,-1.1009104,-0.3186523,-1.2094647,0.4884134,-0.58609396,0.43720663,1.0487225,0.669173,-0.77375007,0.69189274,-0.75109416,0.46826345,-0.7455076,1.1640506,-0.45006606,0.7418469
38,683,-0.13106218,-0.42210332,0.71382695,-0.6680872,0.54138494,0.20571838,-0.040551156,0.7484646,0.26023415,0.05603374,0.6652297,0.68207055,-0.49281764,0.14863859,-0.17537211,0.51958597
38,689,-0.12228688,0.18307668,0.28285104,0.29720265,-0.31554863,-0.17303304,-0.8975988,-0.6625111,-0.8805767,-0.46098658,-0.86133546,-0.4379943,0.03819698,-0.40154707,0.64430714,-0.24046963
38,702,0.96435326,1.3978533,0.1830368,0.80364853,-0.10219695,-0.129966,0.24466631,0.36053076,-0.36861154,1.2660547,-0.49720085,1.0319782,0.24602163,-0.6177112,-0.65909505,-0.35567698
38,721,0.25200295,-0.26732662,-0.31915396,-0.528913,-0.07894674,-1.2871187,-0.21624596,0.70963633,-0.016674042,0.26542246,-0.16304901,-0.28528628,1.1061816,0.66554046,0.17780305,0.03428121
38,722,-0.11714371,-0.072120175,0.58984655,0.35923398,0.46922535,0.32069004,0.23522939,0.17067188,0.37885773,-0.13879298,0.10191701,0.5295068,-0.30170846,-0.43403864,-0.09039323,-0.3499311
38,736,-0.06616653,0.028772533,0.34616697,0.32329136,-0.16024941,-0.2114953,-0.6125391,-0.6063144,-0.6763667,-0.43436027,-0.8932238,-0.40071827,-0.112384856,-0.3309149,0.6530045,-0.23924157
38,739,0.038482167,0.1498405,0.22986877,0.14797385,-0.13197732,-0.07099177,-0.45200092,-0.5484289,-0.43042067,-0.2875583,-0.48135352,-0.3777103,-0.23403162,-0.27462763,0.47744536,-0.10600944
38,741,-0.0023009852,1.077094,0.9455357,0.6228345,0.32578474,-0.4177416,-0.18326302,0.94040525,-0.35481438,0.73905665,-0.02982518,1.0852723,-0.34012666,-0.2259495,-0.26496226,-0.107387125
38,742,-0.12363071,-0.4112064,0.71681565,-0.6128552,0.5424242,0.17722937,-0.050867364,0.7406378,0.24075773,0.056620006,0.6095197,0.6809013,-0.46730536,0.12498897,-0.15705906,0.48114496
38,748,0.8897345,0.8315468,0.22331266,0.5685075,0.07677993,0.03935805,0.22409976,0.28531685,-0.14438868,0.9457946,-0.43223435,0.94352967,0.2754255,-0.629965,-0.5623017,-0.31216648
38,760,0.39038715,0.8899915,-0.3417843,-0.6251803,-0.48868704,0.12629923,-0.11006446,-0.41686547,-0.05639863,0.3080682,0.8191326,-0.51987326,-0.58271533,0.25839227,-0.10900827,0.5844133
38,762,-0.0431823,0.46762463,0.2358437,0.14764343,-0.4046154,-0.22832002,-0.90119773,-0.6380234,-0.8913853,-0.31543583,-0.63392377,-0.48420286,-0.04582426,-0.2885821,0.55740666,-0.104963124
38,771,0.39868882,0.58581614,0.04747878,-0.29004997,-0.05250439,-0.17180164,0.31599575,-0.2860601,0.2132237,0.27952772,0.4279468,-0.40433943,-0.81719565,0.3085395,0.07870309,0.3692261
38,773,-0.08408547,0.09334648,0.31355423,0.29170394,-0.21743336,-0.17944865,-0.70826983,-0.6081734,-0.73335946,-0.43008348,-0.83590645,-0.3979206,-0.055835932,-0.34930265,0.6212379,-0.22454324
38,779,0.34914988,0.78925717,-0.19699322,-0.45613825,-0.37153935,0.05827172,-0.117431805,-0.43261293,-0.07161909,0.23641574,0.5796083,-0.49011678,-0.6013651,0.16561727,0.026716743,0.4640597
38,785,-0.08450938,0.3468475,0.25541234,0.2129751,-0.37312227,-0.20099832,-0.9182232,-0.64991355,-0.8984399,-0.38379958,-0.733232,-0.4627223,0.006357312,-0.34457737,0.59261245,-0.16828668
38,788,0.12146114,0.71623456,0.18605371,-0.07477589,-0.38743562,-0.2732374,-0.6211459,-0.5135475,-0.6796882,-0.062265433,-0.2541345,-0.47321796,-0.3076985,-0.056926314,0.38999766,0.12617502
38,794,-0.062287964,-0.73310757,0.28265116,-0.5704727,0.2372081,0.81152576,-0.2392609,0.07100868,0.26324254,-0.34637773,0.5422851,0.3818843,0.07172951,-0.3855154,-0.21715896,0.16245297
38,805,-1.1079456,-0.46732116,-1.1075696,0.5377247,-0.54181176,0.44456682,0.82533896,0.50440526,-0.83183825,0.49020106,-0.9405374,0.3731919,-0.6179287,0.9834592,-0.2785233,0.6371943
38,807,-0.11744801,-0.43068463,0.68925023,-0.659103,0.5253855,0.22508088,-0.03393109,0.7096678,0.2661764,0.04392037,0.6473354,0.66373074,-0.46788228,0.12732594,-0.17630367,0.49964985
38,818,0.57966506,-0.07213976,0.26147586,0.31402332,0.20085594,0.6098444,0.037952334,-0.073479846,0.11195912,0.23104498,-0.30057898,0.79134136,0.4585507,-0.9508117,-0.45558283,-0.43194738
38,823,-0.02159562,-0.8197546,0.37544018,-0.43425363,0.32896316,0.79995745,-0.2092999,0.0598438,0.30114448,-0.3697945,0.3674059,0.4552426,0.10839364,-0.5003871,-0.17375562,0.050252296
38,852,0.28697303,0.5438205,-0.03343278,-0.2806359,-0.18668118,0.041252345,-0.054371342,-0.3933648,-0.016365364,0.13203476,0.3438663,-0.38815218,-0.58932483,0.060727634,0.118208274,0.31664658
38,879,0.26508668,-0.27897605,0.14135984,0.34203178,0.52450776,-0.3831854,1.1627387,-0.31175214,0.96917903,0.017315898,0.054554537,-0.50126857,-0.78155625,0.40293103,0.2413473,-0.19517341
38,892,-1.1009103,-0.31865227,-1.2094647,0.48841345,-0.58609396,0.43720657,1.0487225,0.6691729,-0.77375007,0.69189274,-0.7510942,0.46826342,-0.74550754,1.1640505,-0.45006606,0.7418469
38,907,0.07680515,-0.5687325,-0.20220216,-0.16851261,0.020787135,0.8973065,-0.19296385,-0.55748916,0.28062293,-0.47277987,0.25525865,-0.09765709,0.28761172,-0.6226338,-0.083150394,-0.1909579
38,911,0.080137156,-0.58107734,-0.28503442,-0.13122657,-0.0073168576,0.9414762,-0.179381,-0.59127676,0.27626318,-0.45598087,0.21759321,-0.091933765,0.3564796,-0.6501237,-0.12102263,-0.21685892
38,917,0.94857925,1.0619514,0.22180244,0.6725786,0.018670507,-0.01786539,0.23649034,0.32851163,-0.23784077,1.0969827,-0.4771636,1.0184286,0.27404398,-0.6540116,-0.6139377,-0.33863926
38,920,0.10542998,-0.76812017,0.35671765,-0.24146804,0.3205524,0.7726772,-0.17501165,-0.024753539,0.28799406,-0.31450215,0.14666468,0.5027413,0.25496244,-0.65453625,-0.1915403,-0.11446901
38,933,0.92827404,1.4043739,0.23375031,0.8250496,-0.07727866,-0.15101145,0.21646422,0.39563146,-0.378477,1.2525884,-0.49877506,1.0581545,0.23669213,-0.6242374,-0.6445014,-0.3674382
38,934,0.30740738,0.6499715,-0.12975846,-0.37077814,-0.29094777,0.06792827,-0.104159966,-0.4189892,-0.0527018,0.16949181,0.461166,-0.43774593,-0.5605799,0.10171163,0.063142315,0.3810446
38,943,0.20088592,-0.67278576,0.29414752,-0.14370038,0.27522066,0.77347463,-0.15015154,-0.07105751,0.2605454,-0.229496,0.055243835,0.5360486,0.35456634,-0.73136467,-0.25233895,-0.19025013
38,946,-1.1269935,-0.47370353,-1.1241243,0.55141664,-0.5431174,0.43559915,0.8688428,0.5259191,-0.83527005,0.5066577,-0.95437473,0.38142884,-0.6457355,1.0188042,-0.28252706,0.6476221
38,978,0.31752732,0.5257989,-0.5110573,-0.61301464,-0.465374,0.42859995,-0.16870768,-0.50937736,0.023072824,0.11323747,0.8448967,-0.4910301,-0.25488156,0.057682462,-0.21443313,0.43117568
38,981,0.1607177,0.5776516,0.20242923,-0.07058883,-0.2602142,-0.22090863,-0.41639167,-0.46711597,-0.4857706,-0.050718144,-0.20623752,-0.4203785,-0.39547414,-0.04779306,0.36063603,0.12099456
38,988,0.2393521,-0.61928874,0.25384676,-0.10369119,0.2406013,0.75463057,-0.14107703,-0.102172434,0.23827085,-0.19566518,0.013633773,0.52489984,0.39806062,-0.74708337,-0.27050012,-0.22035533
38,1014,0.14535186,-0.11377986,-1.0046272,0.033400953,-0.40494108,0.87298363,0.12033348,-0.57974124,0.06880562,0.13546349,0.065408625,-0.09483688,0.46487898,-0.31753463,-0.5016703,-0.015356541
38,1019,0.26373884,-0.52258927,-0.085049614,-0.5838814,0.086025566,-0.61433685,-0.19166584,0.4808595,0.09230901,0.117360994,-0.041019306,0.0116163045,0.7930998,0.29887956,0.07262124,0.09216139
38,1026,0.3718235,0.82062626,-0.35117918,-0.6392873,-0.4733017,0.16401061,-0.095268175,-0.3847064,-0.0346186,0.29286775,0.84556264,-0.48242533,-0.54337543,0.25561327,-0.15139768,0.58001804
38,1030,0.31178546,0.5277232,-0.48791045,-0.59844625,-0.4598791,0.40514892,-0.16682957,-0.49872458,0.011474773,0.113573834,0.81524754,-0.4811417,-0.2568907,0.06288387,-0.2039661,0.4251376
38,1035,0.23746845,-0.26085687,-0.30888802,-0.54442954,-0.079774484,-1.2017685,-0.18887673,0.668241,-0.0009356141,0.25021017,-0.11168429,-0.28003487,1.0162687,0.6548879,0.15525056,0.06752519
38,1042,-2.1603024,1.3049713,-0.27066594,1.7784092,-0.075945094,-0.56370044,0.18824333,0.03917437,0.9742087,-1.1306053,1.4336934,-0.7946275,0.86354595,0.4898154,-0.27039742,-1.6187165
38,1046,0.17724687,-0.20071848,0.6363811,0.29535085,0.3016678,-0.5315853,0.32449985,-0.32684794,-0.15707824,-0.21601349,-0.96515685,-0.2746076,-0.73784995,0.07248841,0.6639632,-0.11633247
38,1048,0.32142317,-0.31738406,-0.31923026,-0.39972308,-0.0637621,-1.2967662,-0.2467529,0.64463997,-0.023337245,0.24266455,-0.3414185,-0.27756724,1.2543309,0.53295106,0.22650467,-0.111763254
38,1060,0.109004006,0.4018977,0.22045259,0.0086723715,-0.20168322,-0.15344487,-0.42815626,-0.4854218,-0.45388308,-0.14555672,-0.29930845,-0.38721535,-0.31896907,-0.14214307,0.39028338,0.026812896
38,1067,0.27395138,-0.5831057,0.22932248,-0.06712227,0.22096774,0.75002825,-0.13355939,-0.123032264,0.22554529,-0.16736288,-0.022697493,0.53046626,0.43574858,-0.7728246,-0.28896242,-0.24969658
38,1072,-0.78069544,-0.61589193,-0.49837542,0.47484708,-0.19504306,0.2323226,0.5740041,0.202802,-0.5539037,0.08036935,-0.9684809,0.17211229,-0.56231934,0.5836496,0.08983643,0.32694215
38,1094,0.15560095,0.50276196,0.21452694,-0.04466217,-0.21739519,-0.19713084,-0.3792628,-0.46562433,-0.44150004,-0.076192856,-0.23004892,-0.40356588,-0.39404285,-0.07283817,0.3680811,0.09104769
38,1098,0.25290647,-0.3160502,-0.2960021,-0.5684958,-0.0627632,-1.1455011,-0.19904156,0.65026283,0.011296526,0.2356013,-0.11178765,-0.24968114,1.0296502,0.61624825,0.14851977,0.06906765
38,1105,-0.025679521,-0.6415374,0.28843042,-0.44384468,0.25013676,0.7721361,-0.1527145,0.024412066,0.2959354,-0.31973273,0.45822516,0.36874306,0.01737398,-0.41597563,-0.19013597,0.08885181
38,1127,0.4091399,-0.41020888,0.16864792,0.080589786,0.17096744,0.71889746,-0.07933059,-0.15812162,0.18089566,-0.022050537,-0.1492464,0.5895947,0.5220902,-0.8556951,-0.36538404,-0.338743
38,1155,-0.64980745,0.040960103,-0.15021516,0.47986782,0.021900997,0.33930776,-0.016653746,-0.2929862,0.49782792,-0.6463476,0.5793097,-0.27773985,0.41620135,-0.2034505,-0.13060816,-0.6325102
38,1159,0.046201773,0.5871401,0.20136268,0.015465021,-0.38578373,-0.23407806,-0.72617966,-0.553601,-0.7474508,-0.17019193,-0.39732713,-0.46162385,-0.1899334,-0.1565928,0.44487745,0.02975484
38,1167,-1.9218764,1.1809593,-0.03863889,1.6117978,0.0784491,-0.5275457,0.2548548,0.16755463,0.95162547,-0.9565199,1.3202474,-0.58696824,0.51048297,0.4550038,-0.2247758,-1.4071169
38,1182,0.30426517,-0.042245068,0.11572913,0.20153551,0.37350237,-0.37141514,0.9379054,-0.34660184,0.81004155,0.061939117,0.1630288,-0.5413134,-0.7803749,0.39023334,0.22141708,-0.08143444
38,1187,0.26932868,0.3137376,-0.5180374,-0.5211112,-0.4005881,0.53881615,-0.18905334,-0.5687847,0.06250258,-0.014118884,0.73101276,-0.4635899,-0.107584685,-0.08475006,-0.19138621,0.29665172
38,1196,0.0066041425,-0.612172,0.3263517,-0.35499504,0.28979695,0.7618175,-0.10471879,0.024469443,0.3152783,-0.29396173,0.3852849,0.41897473,0.001990825,-0.4715098,-0.18815096,0.030834764
38,1231,1.0521481,1.2831615,0.13840538,0.7619916,-0.08264232,-0.05236481,0.28204292,0.29520902,-0.3110517,1.2444369,-0.5302816,1.0278343,0.30328166,-0.6734218,-0.67736566,-0.3700754
38,1233,0.59600925,0.0140295625,0.25065935,0.3334204,0.1863945,0.5671195,0.07622875,-0.06107132,0.10053312,0.28413954,-0.2953327,0.7833912,0.4058134,-0.90811145,-0.46683085,-0.41341135
38,1251,0.23460752,-0.11681002,0.66863096,0.2443401,0.30455822,-0.5497243,0.3252759,-0.3200393,-0.121812314,-0.18376549,-0.87185997,-0.27133727,-0.7457839,0.07141282,0.6308794,-0.10744682
38,1271,0.46050304,0.28766116,0.573545,0.26317674,0.35615507,0.099283956,0.062350377,0.4426639,0.0049629956,0.4957258,-0.16027123,0.89798856,-0.017754465,-0.48449367,-0.32261118,-0.13973093
38,1279,0.24964175,-0.32853028,-0.28745866,-0.58957785,-0.054190397,-1.1556382,-0.20934026,0.6759677,0.010131329,0.24065873,-0.101242155,-0.23493993,1.039196,0.62654686,0.14663458,0.08127712
38,1292,-0.7514382,-0.6033776,-0.45465416,0.47964144,-0.17857742,0.1922722,0.5685769,0.18268923,-0.5540199,0.06871176,-0.9953125,0.1530276,-0.5747448,0.57186055,0.12176557,0.3087508
38,1303,-0.33964548,0.09279223,0.71286094,0.4907723,0.5498021,0.1146338,0.31248802,0.3206506,0.48549777,-0.16507347,0.28142124,0.4323332,-0.5854603,-0.19318263,-0.012777261,-0.36276376
38,1313,0.477018,-0.033779085,0.39664513,0.23438464,0.2881649,0.4879532,0.085922085,0.085431606,0.12742987,0.24734661,-0.18567383,0.7950267,0.1813882,-0.7563395,-0.38402966,-0.28093126
38,1315,0.19990626,-0.45889255,-0.08247183,-0.684419,0.069196574,-0.6222623,-0.17756031,0.55391836,0.084184766,0.14747941,0.10477657,0.01749368,0.6840846,0.41327506,0.03033061,0.20609635
38,1327,-0.03738576,-0.21063936,0.5529097,0.24575652,0.4582436,0.42840385,0.19395989,0.118659645,0.38019276,-0.15863298,0.08188158,0.5444576,-0.2258031,-0.50254756,-0.10703151,-0.29814792
38,1328,-2.3059487,1.4486468,-0.27725685,1.8958546,-0.089802906,-0.66924316,0.21307452,0.085286245,1.0137825,-1.1621991,1.524071,-0.8426314,0.8873103,0.5779541,-0.28581923,-1.6965966
38,1361,0.28061077,-0.3870624,-0.2353573,-0.50886357,-0.018870562,-0.9366177,-0.18136568,0.52458525,0.046044007,0.17620696,-0.14627415,-0.18377823,0.9581744,0.453507,0.1372227,0.024585567
38,1364,-0.110340334,0.22932497,0.272377,0.26182264,-0.32799464,-0.17181553,-0.89281553,-0.6464853,-0.87030387,-0.4316269,-0.79977196,-0.43406588,0.030021995,-0.3806252,0.61196506,-0.2134403
38,1367,0.24845639,-0.29667574,-0.30111146,-0.5568946,-0.071011156,-1.1373016,-0.18747725,0.6349999,0.011828437,0.23425132,-0.10708642,-0.2614124,1.0068705,0.6181156,0.14642175,0.06915804
38,1373,0.353368,0.15908352,0.09167383,0.094757855,0.27447683,-0.3820572,0.8296053,-0.36245683,0.7109598,0.13186103,0.25172523,-0.5735412,-0.83266485,0.41261107,0.20588793,0.024178281
38,1390,1.0718476,1.403649,0.14660552,0.81188816,-0.11183374,-0.088310495,0.2787912,0.32345763,-0.35888508,1.3149523,-0.54219025,1.0622724,0.29656166,-0.6775009,-0.7007593,-0.38211295
38,1392,-0.4566688,-0.6426449,-0.23115908,0.42434955,0.10631041,0.054813728,0.973667,0.18575111,-0.073883414,0.107009366,-0.77915186,0.12383236,-0.8054765,0.5754865,0.12669483,0.23440175
38,1400,-0.093229406,-0.24208757,0.28554606,-0.61057866,0.2121515,-0.39958602,-0.24955453,0.72611964,0.025959581,0.14104766,0.41119748,0.29028448,0.1480214,0.3937567,-0.053025167,0.3570058
38,1414,-0.017357446,0.52549434,0.22298007,0.10521813,-0.41297585,-0.23666777,-0.870982,-0.62020504,-0.8671999,-0.27105683,-0.56275016,-0.48677814,-0.082264006,-0.25013793,0.5263646,-0.06357385
38,1419,0.37441796,0.82487726,-0.3297702,-0.62928987,-0.45757693,0.14831266,-0.080324695,-0.37397608,-0.027193397,0.30087614,0.8349232,-0.47453707,-0.5686532,0.26089752,-0.1410013,0.58166945
38,1422,0.06415737,-0.1614629,0.84613824,-0.0701036,0.5891584,0.1451525,-0.055528194,0.64988446,0.1275257,0.16606449,0.15508804,0.8762463,-0.32111177,-0.27373815,-0.14890021,0.104766935
38,1424,0.0066041425,-0.612172,0.3263517,-0.35499507,0.28979698,0.7618175,-0.10471879,0.024469443,0.3152783,-0.29396173,0.38528487,0.41897473,0.0019907653,-0.4715098,-0.18815097,0.03083475
38,1433,-0.8100118,-0.51178074,-0.81177104,0.52611285,-0.26637065,0.24193081,1.095602,0.44407916,-0.46498236,0.45450318,-0.8692036,0.29801634,-0.8069444,0.92249477,-0.16694936,0.5135771
38,1438,-0.059287064,-0.7211263,0.2541186,-0.56363195,0.21612468,0.820113,-0.2373852,0.042026766,0.2626319,-0.3540749,0.5444792,0.352918,0.077666074,-0.38729322,-0.21447973,0.15281379
38,1447,-0.027159758,-0.4645067,0.39023697,0.39810473,0.21790226,-0.20689641,0.16851182,-0.3871308,-0.15215614,-0.35446134,-0.94968873,-0.24325675,-0.475815,-0.099045545,0.60528374,-0.18550718
38,1451,1.0718476,1.403649,0.14660552,0.8118882,-0.11183374,-0.088310495,0.27879122,0.32345763,-0.35888502,1.3149523,-0.54219013,1.0622724,0.2965616,-0.67750084,-0.7007593,-0.38211295
38,1462,-0.78069556,-0.61589193,-0.49837542,0.47484708,-0.19504309,0.2323226,0.57400405,0.20280202,-0.5539036,0.08036935,-0.96848077,0.17211229,-0.56231934,0.5836497,0.08983645,0.32694215
38,1470,0.28189358,0.5506096,-0.06768276,-0.29566368,-0.2181794,0.066090554,-0.08658959,-0.41243842,-0.031951994,0.12287004,0.36392236,-0.40359002,-0.55587244,0.050763227,0.10750358,0.3185041
38,1479,-0.17457846,0.5505123,0.8800021,0.23003174,0.3815913,-0.4269647,-0.3034507,0.93374705,-0.22054851,0.4175015,0.13756296,0.85721284,-0.21519747,-0.04041145,-0.12452006,0.021275789
38,1480,0.1185017,-0.37785387,-0.015474558,-0.7200514,0.08847375,-0.55800796,-0.141405,0.6021972,0.088948935,0.16063036,0.24650002,0.06629031,0.47885495,0.47070867,-0.014765184,0.30485243
38,1495,-0.046195745,0.44352725,0.23785904,0.14785819,-0.39139426,-0.21696617,-0.8834879,-0.62602186,-0.8721602,-0.3174913,-0.62781894,-0.46927446,-0.043785453,-0.28924507,0.5475847,-0.10699788
38,1498,0.3193373,-0.47416624,-0.106768206,-0.3619308,0.07618672,-0.74706656,-0.20037119,0.4339314,0.06674802,0.116961926,-0.27070704,-0.045889474,0.94161123,0.21225221,0.15234,-0.09661111
38,1517,-0.7671298,-0.50950515,-0.76489484,0.51206684,-0.23698995,0.22669004,1.0810394,0.419776,-0.4282128,0.43315157,-0.8474626,0.28274146,-0.8024159,0.88666505,-0.14957514,0.49176186
38,1522,0.1181972,-0.20407787,0.6816566,-0.2562185,0.49016014,0.3286042,0.04237037,0.5235331,0.2085499,0.15907633,0.32103893,0.80867726,-0.3107763,-0.25343943,-0.26682588,0.18744302
38,1531,0.3470224,0.7859669,-0.23807968,-0.5135307,-0.40470934,0.0931376,-0.10756071,-0.40471032,-0.06266388,0.24732679,0.6515417,-0.4701237,-0.56085074,0.19575919,-0.038525343,0.49391493
38,1538,0.37714437,0.38576838,0.08170552,-0.15276277,0.07930573,-0.23079358,0.49647444,-0.29647914,0.39082813,0.21602774,0.34310853,-0.4322366,-0.80600274,0.3315717,0.11791769,0.23985384
38,1543,-0.094443075,0.122127175,0.29621196,0.27733892,-0.24532887,-0.16225536,-0.7543264,-0.6091814,-0.7601805,-0.42883715,-0.8087666,-0.39643005,-0.026783764,-0.35880697,0.6053643,-0.21762481
38,1550,-1.8713537,1.1344337,0.040404588,1.596902,0.13496007,-0.50161123,0.26954466,0.20302208,0.95131946,-0.9264221,1.2744527,-0.5127338,0.42615068,0.41576433,-0.20591976,-1.3838351
38,1555,-0.06148977,-0.42399555,-0.18310218,-0.0660649,0.020547293,0.7834607,-0.15428413,-0.48591387,0.32883525,-0.49063018,0.35907775,-0.130629,0.27924424,-0.5181664,-0.09850175,-0.2501372
38,1556,0.15832253,0.70530915,0.18411522,-0.10493421,-0.34321278,-0.26324087,-0.5107917,-0.47902384,-0.5860832,-0.021003503,-0.18572274,-0.4532928,-0.37641528,-0.01842802,0.35677016,0.15952697
38,1571,0.41425633,-0.063880526,0.4611435,0.15297781,0.3346228,0.4623506,0.07996776,0.17267913,0.14391467,0.2353904,-0.09729475,0.81135917,0.08412489,-0.67273,-0.3639884,-0.1975663
38,1590,0.3161239,-0.55040836,-0.09649624,-0.47666764,0.090740755,-0.6425755,-0.20349713,0.42606,0.09016573,0.09984551,-0.18071479,-0.008134112,0.89848274,0.2129188,0.11596359,-0.018907875
38,1607,0.35978943,0.8112526,-0.30999386,-0.57676214,-0.45640433,0.13613464,-0.11839612,-0.41550332,-0.059212685,0.26062602,0.7416586,-0.49076325,-0.53207517,0.21654566,-0.0904409,0.5301055
38,1615,-1.0370915,-0.5225129,-0.9809545,0.54852235,-0.4642719,0.39005882,0.768058,0.42492023,-0.78580964,0.39406958,-0.9924013,0.3182567,-0.6065018,0.8869863,-0.17642942,0.56334984
38,1620,-0.117152385,-0.4228017,0.75515676,-0.54608995,0.571591,0.17439403,-0.0655241,0.7439734,0.23215717,0.04789106,0.5454502,0.7156851,-0.44778228,0.0678125,-0.14001822,0.4314066
38,1626,0.4769715,-0.30048162,0.16158333,0.16604729,0.15767659,0.68611664,-0.039347798,-0.15978546,0.15669829,0.06292853,-0.21506199,0.63107294,0.5321358,-0.8893053,-0.3986048,-0.3796257
38,1640,0.33933973,0.768165,-0.27160883,-0.5228096,-0.42784524,0.12476012,-0.13301565,-0.42571795,-0.07225078,0.22554004,0.65840006,-0.4802311,-0.5111422,0.17838717,-0.051584665,0.4825657
38,1651,0.55550236,1.3308513,0.5181901,0.81258076,0.072973385,-0.27291262,0.051496588,0.61220527,-0.39775124,1.0698512,-0.3612151,1.091992,0.034641713,-0.4988749,-0.49625584,-0.30195612
38,1652,0.31387064,-0.5608396,-0.095780656,-0.49986887,0.09243342,-0.63412005,-0.20548935,0.4324892,0.09275688,0.10018633,-0.16310921,-0.0022085905,0.89446336,0.22049634,0.10995065,-0.002997443
38,1664,-0.13207504,-0.40809345,0.69600874,-0.6747963,0.5265889,0.19738121,-0.035256267,0.739872,0.2576315,0.059680518,0.67399573,0.6619681,-0.49733585,0.16641687,-0.17599204,0.5277155
38,1677,0.406354,0.55105996,0.053631842,-0.2580027,-0.017103583,-0.1986074,0.37801352,-0.29412585,0.26927924,0.27528733,0.41520107,-0.4246549,-0.8355874,0.32680184,0.0922226,0.3430863
38,1680,-0.046195745,0.44352725,0.23785906,0.14785822,-0.3913942,-0.21696617,-0.883488,-0.62602186,-0.8721602,-0.31749126,-0.627819,-0.46927446,-0.043785453,-0.28924507,0.5475847,-0.10699789
38,1685,0.16108495,0.6369928,0.18991014,-0.10252457,-0.29552767,-0.2323228,-0.4423828,-0.45251575,-0.51463985,-0.023777295,-0.1660499,-0.41974306,-0.38948268,-0.020637477,0.3356763,0.15292887
38,1701,0.31866783,-0.51013196,-0.08243655,-0.39102745,0.099183634,-0.7358456,-0.21723871,0.46218023,0.0699016,0.11651878,-0.25882757,-0.009834252,0.9512767,0.20559373,0.14815852,-0.082388654
38,1717,0.32142317,-0.31738406,-0.31923032,-0.39972308,-0.06376208,-1.296766,-0.24675287,0.64463985,-0.023337215,0.24266452,-0.3414185,-0.27756724,1.2543306,0.5329511,0.22650467,-0.11176327
38,1718,0.16411564,0.5590546,0.2059654,-0.066329755,-0.2448779,-0.21559002,-0.3959037,-0.46471334,-0.46604088,-0.053037632,-0.2072362,-0.41581267,-0.4035725,-0.050333995,0.3610734,0.11635867
38,1722,0.046201773,0.58713996,0.20136268,0.015465036,-0.3857838,-0.2340781,-0.7261796,-0.553601,-0.74745095,-0.17019191,-0.39732724,-0.46162385,-0.18993342,-0.1565928,0.44487745,0.029754847
38,1728,-0.048830166,-0.28468284,0.2144219,-0.66567785,0.1779945,-0.3952667,-0.23786636,0.689217,0.031778574,0.1381717,0.40166295,0.24822083,0.21452141,0.4029954,-0.057168912,0.36313218
38,1737,0.015760463,-0.28870612,0.6917685,-0.42000848,0.5035776,0.28145236,0.011817664,0.5947757,0.2302,0.10179715,0.4559048,0.7425389,-0.38374943,-0.097586736,-0.22201402,0.311292
38,1741,0.49187562,-0.26620948,0.14996225,0.18878694,0.14679952,0.6672439,-0.023854017,-0.1684451,0.15064597,0.083207935,-0.23324835,0.6244522,0.52985775,-0.8852313,-0.40169153,-0.38792738
38,1754,0.33044738,-0.5076874,-0.09942876,-0.37561333,0.09026735,-0.7736989,-0.22506328,0.46470585,0.06290962,0.12170617,-0.29069582,-0.025545254,0.99750334,0.20734443,0.16011234,-0.10571726
38,1757,-0.10826003,-0.41623473,0.82811576,-0.39507818,0.62033266,0.16701293,-0.084888324,0.7367711,0.21294689,0.034544464,0.4160137,0.7758932,-0.420901,-0.04440638,-0.107872084,0.32697612
38,1758,-0.307984,-0.74095345,-0.21687742,0.40905398,-0.0067741573,0.4288206,-0.1662931,-0.5617472,-0.19404683,-0.51713943,-0.7122357,-0.25193605,0.11314267,-0.35010755,0.3479712,-0.24437377
38,1759,-0.010444492,-0.26222903,0.4074195,0.35545808,0.081080765,-0.20545538,-0.16998766,-0.48846182,-0.33952567,-0.39963832,-0.9023319,-0.30373418,-0.31136918,-0.22871763,0.6256553,-0.22604191
38,1763,-1.1009102,-0.3186523,-1.2094647,0.48841345,-0.58609396,0.43720663,1.0487225,0.6691729,-0.77375007,0.6918927,-0.7510942,0.46826342,-0.74550754,1.1640505,-0.45006606,0.7418468
38,1764,0.40913987,-0.41020885,0.16864792,0.080589786,0.17096744,0.7188974,-0.07933062,-0.15812163,0.18089566,-0.02205054,-0.14924634,0.5895948,0.5220902,-0.85569507,-0.36538404,-0.33874303
38,1767,0.20542291,-0.46742973,-0.08629911,-0.6868751,0.0701631,-0.6432618,-0.18600132,0.5652658,0.08145137,0.15075026,0.09294488,0.016663626,0.7114528,0.41654712,0.03574652,0.19993082
38,1781,0.26764864,-0.2780081,-0.31709474,-0.49465942,-0.075752914,-1.2649757,-0.21631895,0.67752993,-0.014224052,0.25441593,-0.19988212,-0.2827419,1.1219952,0.6241178,0.18522318,0.0010319203
38,1786,0.19355196,0.05868125,-0.6889161,-0.26391736,-0.35749483,0.70008683,-0.05509053,-0.5767423,0.09632728,-0.0007246658,0.42196062,-0.29578975,0.1425296,-0.21627907,-0.29691038,0.12882932
38,1793,0.31525868,-0.31477243,-0.19406496,-0.2573769,0.0037318766,-1.0559514,-0.21151398,0.5222739,0.0027581304,0.18600412,-0.37907648,-0.16708449,1.0880926,0.33534485,0.21054645,-0.17454302
38,1796,0.14281037,-0.15088765,-1.2546368,0.23491879,-0.46601975,0.9603178,0.2974636,-0.53354216,0.044658467,0.33300424,-0.16900903,0.08890396,0.659608,-0.3287477,-0.70680785,-0.06346588
38,1803,0.15887526,-0.05278091,-0.77765536,-0.13333432,-0.34733218,0.7678816,0.011909857,-0.57200634,0.0965114,0.021562602,0.2587842,-0.20504227,0.2746842,-0.27267987,-0.35848212,0.050029993
38,1805,-0.10632043,0.9376788,0.9822475,0.5173981,0.3617362,-0.42915565,-0.23353107,0.9649515,-0.3233005,0.62393075,0.04367712,1.0296743,-0.36595827,-0.15936089,-0.20409924,-0.05955042
38,1807,0.059983876,-0.5785196,0.41305697,-0.17740387,0.3763614,0.72357017,-0.0007354915,0.02848392,0.35885304,-0.2581677,0.22851136,0.500239,-0.052479535,-0.5579896,-0.16092958,-0.07766062
38,1832,0.028070942,0.12340137,0.22838561,0.17026593,-0.13000849,-0.06587614,-0.4647143,-0.5632818,-0.43985882,-0.30740657,-0.51547897,-0.38452455,-0.22332695,-0.2904474,0.49665475,-0.122572854
38,1837,0.5960092,0.014029548,0.25065935,0.3334204,0.18639451,0.5671195,0.07622877,-0.061071325,0.10053312,0.2841395,-0.29533264,0.7833912,0.40581334,-0.9081114,-0.46683085,-0.4134114
38,1840,-1.9218763,1.1809593,-0.03863889,1.6117976,0.078449085,-0.52754563,0.2548548,0.16755465,0.95162547,-0.95651996,1.3202474,-0.58696836,0.51048297,0.4550038,-0.22477578,-1.407117
38,1842,0.2951632,-0.5516082,-0.09421368,-0.54176813,0.08857906,-0.6161524,-0.19908567,0.44612047,0.09465492,0.10460377,-0.108535975,0.0024700835,0.85138243,0.25079006,0.09236376,0.039947554
38,1843,0.25369754,-0.34764788,-0.26388407,-0.5754993,-0.03581421,-1.1253769,-0.21356888,0.66820073,0.014499798,0.23126963,-0.11350766,-0.20984563,1.0331333,0.5926647,0.14756756,0.06967467
38,1851,0.26508668,-0.27897608,0.14135982,0.34203172,0.52450776,-0.38318545,1.1627387,-0.3117521,0.96917903,0.017315898,0.054554537,-0.50126857,-0.7815563,0.4029311,0.2413473,-0.19517338
38,1852,0.32396165,-0.48323172,-0.1139517,-0.37275058,0.07499103,-0.7705775,-0.20933114,0.44844827,0.063785255,0.12169851,-0.27659208,-0.04853881,0.9701455,0.2221287,0.15613157,-0.09727356
38,1853,0.37441796,0.82487726,-0.3297702,-0.62928987,-0.45757687,0.14831266,-0.080324695,-0.37397608,-0.027193397,0.30087614,0.83492315,-0.47453707,-0.5686532,0.26089752,-0.1410013,0.58166945
38,1868,-0.023775943,-0.79455924,0.3694414,-0.43619782,0.32180512,0.7830069,-0.19719659,0.06266632,0.29872757,-0.358363,0.37679487,0.44243726,0.08452073,-0.47602546,-0.17294495,0.06281836
38,1869,0.12389147,-0.3098331,-0.81514716,0.073801145,-0.2720154,0.9099084,0.08620749,-0.554096,0.13223347,-0.0012301393,-0.0058118105,0.0017144755,0.5244928,-0.45062047,-0.44750753,-0.1252113
38,1870,0.015760463,-0.28870612,0.6917685,-0.42000848,0.5035776,0.28145236,0.011817694,0.5947757,0.2302,0.10179715,0.45590478,0.7425389,-0.38374946,-0.09758673,-0.222014,0.311292
38,1874,-0.13947833,-0.42092904,0.7349967,-0.6683226,0.5560914,0.19371237,-0.047829002,0.7761574,0.25649205,0.062167224,0.6708869,0.7002783,-0.5032202,0.15471473,-0.17347969,0.52638453
38,1875,0.13219586,-0.161876,-1.1455833,0.1487398,-0.43761986,0.9362139,0.19342828,-0.5770372,0.05254525,0.21071327,-0.07348025,-0.011063531,0.5980749,-0.34535694,-0.5985556,-0.061321706
38,1877,0.31993797,-0.5484973,-0.10388215,-0.47215623,0.0863886,-0.65524924,-0.20514639,0.4256586,0.08796183,0.1015773,-0.1903097,-0.015428655,0.91295236,0.21487252,0.11966257,-0.025908738
38,1892,0.08567778,-0.5459316,-0.33930057,-0.11582257,-0.03691213,0.9334064,-0.1526,-0.5863546,0.260551,-0.40671718,0.20154509,-0.0859132,0.36917067,-0.6235148,-0.15471844,-0.20193249
38,1906,0.32426152,-0.5128087,-0.08489703,-0.38442987,0.10096212,-0.77614,-0.23082452,0.48457107,0.062213033,0.12435098,-0.28151202,-0.009629339,0.99215406,0.21116276,0.15834981,-0.09687407
38,1911,-0.056633644,-0.59408987,0.32672793,0.4029497,0.30597883,-0.17539288,0.47751737,-0.25996462,0.010245457,-0.2702093,-0.9058226,-0.16288367,-0.6204614,0.046084963,0.52631116,-0.11218901
38,1952,-0.051593803,-0.7727947,0.3223747,-0.5363678,0.27453506,0.8107263,-0.23767884,0.078686334,0.2732818,-0.35406533,0.48973295,0.41758564,0.087258935,-0.424842,-0.20619148,0.13232921
38,1966,0.026004262,0.094542295,0.22923638,0.1702164,-0.11334315,-0.05143653,-0.44062924,-0.5500499,-0.41363022,-0.30882788,-0.5062457,-0.3681572,-0.22389753,-0.29066676,0.48527318,-0.124036595
38,1967,-0.056423314,-0.72549105,0.27393317,-0.5536964,0.23163742,0.80812126,-0.2326137,0.055282064,0.263976,-0.34756008,0.52761596,0.36999014,0.0727936,-0.39009094,-0.21167897,0.1507873
38,1977,0.3232892,-0.47874522,-0.12864445,-0.3880331,0.06643496,-0.80719644,-0.21434744,0.46818236,0.05870016,0.13100111,-0.2732031,-0.0618921,0.9922336,0.24935307,0.1588004,-0.090220585
38,1988,0.16614926,-0.41538286,-0.050576806,-0.6752501,0.075715825,-0.5603727,-0.14899434,0.5409893,0.09087187,0.14292152,0.15968843,0.03473343,0.567682,0.4143793,0.009498488,0.23799664
38,1990,-2.2157273,1.3853788,-0.23265912,1.8244163,-0.06145884,-0.63367766,0.2163175,0.097203776,0.9898504,-1.1162287,1.4719028,-0.7875582,0.8148529,0.54813343,-0.2731336,-1.6281492
38,1994,0.2964944,-0.1073445,0.5701428,-0.008444697,0.41228878,0.41155142,0.072392546,0.3382472,0.17145109,0.2235915,0.079776004,0.8382505,-0.09877029,-0.50396,-0.33417752,-0.031644046
38,1995,0.14018571,-0.19008642,0.6753256,-0.19834746,0.48458233,0.34151626,0.05488018,0.48161575,0.20716502,0.15567726,0.27101824,0.80368906,-0.2990961,-0.29783767,-0.26284447,0.14439371
38,2000,0.39785862,0.719404,0.016356349,-0.36811042,-0.15332732,-0.12716915,0.16543186,-0.2959605,0.075806215,0.3039277,0.4689588,-0.39681646,-0.8009314,0.2749089,0.06433998,0.44164968
38,2011,0.31525868,-0.31477243,-0.19406496,-0.2573769,0.0037318915,-1.0559515,-0.21151395,0.5222739,0.0027581453,0.18600413,-0.37907648,-0.16708449,1.0880926,0.33534485,0.21054645,-0.17454302
38,2034,0.31690186,-0.47451293,-0.09819262,-0.3585562,0.08097921,-0.7330757,-0.1985222,0.43066564,0.068542436,0.11435981,-0.26743495,-0.038067162,0.9283901,0.20457749,0.15016745,-0.09560408
38,2040,0.110788,-0.4249873,-0.01972726,-0.813918,0.07457589,-0.3919559,-0.17037185,0.55227137,0.072546184,0.12828204,0.33621398,0.10414381,0.4344936,0.42332786,-0.062214814,0.36092025
38,2046,0.34104282,0.5754992,0.037610993,-0.3229925,-0.10836244,-0.032099083,0.12154392,-0.2846279,0.07617803,0.22409382,0.40130198,-0.32117248,-0.71642613,0.16980794,0.06808929,0.3814162
38,2054,0.32453012,0.5987464,-0.49527758,-0.6264622,-0.4939412,0.37294304,-0.17809777,-0.4952855,-0.0148444325,0.14448915,0.8421239,-0.50124216,-0.28412536,0.10015611,-0.20661658,0.46104345
38,2058,0.09983462,-0.5122776,0.46573043,-0.044136323,0.42615098,0.65730333,0.08697528,0.029202946,0.37908462,-0.21304376,0.11174767,0.53723115,-0.11099999,-0.5887419,-0.13633367,-0.14414454
38,2064,0.13816336,-0.12993564,-1.2438476,0.22620259,-0.46719074,0.93594927,0.30528665,-0.5119133,0.038588107,0.3493831,-0.16117978,0.089815974,0.630561,-0.29823238,-0.7047903,-0.041937724
38,2088,-0.7259814,-0.5200342,-0.7012702,0.4953003,-0.1963467,0.21033764,1.0631186,0.3915973,-0.38166443,0.39472878,-0.82542175,0.26453382,-0.7985255,0.8450365,-0.12182419,0.46174052
38,2092,0.3340554,0.1028814,0.09917082,0.12122144,0.29517603,-0.37248605,0.838723,-0.35873252,0.7287055,0.105854586,0.22774617,-0.56131107,-0.80510426,0.39792222,0.20799537,-0.0061272383
38,2102,-0.31872544,-0.7103609,-0.15608867,0.4238307,-0.061350733,0.43354452,-0.39662576,-0.6368164,-0.3423585,-0.60201925,-0.82287544,-0.27839407,0.16800809,-0.46885473,0.43891564,-0.27846277
38,2110,-0.84016514,0.4350867,0.46465456,0.8121264,0.38560838,-0.1028703,0.28988162,0.2736852,0.6221857,-0.40979943,0.62353414,0.081523575,-0.27110675,0.053769767,-0.06884506,-0.6530076
38,2120,0.28697303,0.5438206,-0.033432797,-0.2806359,-0.18668115,0.04125233,-0.054371342,-0.39336476,-0.016365364,0.13203475,0.34386632,-0.38815215,-0.58932483,0.06072762,0.11820829,0.31664655
38,2121,0.10477987,-0.40434405,-0.010867313,-0.7918688,0.07788682,-0.40013635,-0.1560518,0.55138385,0.07787043,0.13153194,0.33284125,0.10112088,0.40898,0.42854083,-0.0591671,0.3577791
38,2134,0.32415703,-0.31851363,-0.2383248,-0.2957999,-0.018689007,-1.1510915,-0.22949375,0.5658072,-0.009336323,0.20683041,-0.38555253,-0.20386475,1.1690543,0.3952474,0.22158666,-0.16710922
38,2138,0.46507484,1.2978332,0.58796984,0.7872767,0.11400867,-0.3009606,0.012458533,0.67047226,-0.39219424,1.0223206,-0.30826315,1.0949708,-0.023948371,-0.45391977,-0.46151242,-0.27188268
38,2142,-0.39532724,-0.6896857,-0.13508074,0.46048158,0.17732927,-0.013824537,1.0054512,0.13189232,-0.025224373,0.062301274,-0.8671246,0.08263857,-0.8430349,0.53660554,0.21146001,0.1779799
38,2143,0.29683998,-0.43792474,-0.16518085,-0.45135498,0.03571748,-0.8705918,-0.2034928,0.5127747,0.05181852,0.15508704,-0.20501915,-0.10484249,0.9695229,0.3492611,0.14705373,-0.028336614
38,2162,0.31752732,0.5257989,-0.5110574,-0.61301464,-0.46537393,0.42859995,-0.16870771,-0.50937736,0.023072809,0.11323747,0.84489673,-0.4910301,-0.25488153,0.057682462,-0.21443315,0.43117568
38,2163,0.09551944,1.1242284,0.8655491,0.65941215,0.2774681,-0.38940012,-0.13887389,0.8771956,-0.36414286,0.7970566,-0.09137705,1.0838835,-0.27420378,-0.2759103,-0.30580628,-0.14318058
38,2164,0.29466328,0.43836424,-0.4924721,-0.57584924,-0.42692798,0.45807981,-0.16193287,-0.50727123,0.042973354,0.071312666,0.797613,-0.46097487,-0.21290001,0.015254464,-0.20881931,0.38452098
38,2174,-0.39532724,-0.6896857,-0.13508074,0.46048158,0.17732927,-0.013824552,1.0054512,0.13189232,-0.025224388,0.062301274,-0.86712474,0.08263857,-0.8430349,0.53660566,0.21146001,0.17797989
38,2193,0.32650158,0.53443086,0.026177391,-0.279603,-0.10613392,-0.0068547428,0.07910417,-0.3380319,0.06605862,0.17755069,0.34971932,-0.3509605,-0.6885185,0.111830264,0.11126463,0.33570695
38,2198,-1.7900277,1.0737544,0.102195434,1.5490139,0.1761999,-0.46638405,0.2770494,0.22357157,0.93030584,-0.88388276,1.2126606,-0.4419937,0.34981722,0.37370092,-0.18823858,-1.335247
38,2202,0.18199846,-0.44210014,-0.06020589,-0.6831669,0.078207806,-0.5967865,-0.16773929,0.5586649,0.0871271,0.14707662,0.13224956,0.034030363,0.6306114,0.4149179,0.02059653,0.22333956
38,2204,0.12019705,-0.32069337,-0.7683756,0.06025839,-0.25086525,0.8952001,0.07360564,-0.5474986,0.1409089,-0.026472468,0.006653607,-0.0026585013,0.5026109,-0.45224738,-0.42296594,-0.12651321
38,2207,-0.23485962,-0.02600035,0.57343787,-0.29761797,0.3331766,-0.3892737,-0.294989,0.8127891,-0.025159895,0.15005657,0.35501158,0.4801547,-0.07303396,0.2583946,-0.035611816,0.2516028
38,2227,0.014020253,-0.8515065,0.39486605,-0.35706803,0.35063654,0.7947465,-0.20459534,0.028628774,0.308767,-0.37914902,0.26404777,0.47902215,0.1673983,-0.57526654,-0.15669797,-0.022574723
38,2229,0.13816336,-0.12993564,-1.2438476,0.22620262,-0.46719074,0.93594927,0.30528662,-0.5119133,0.038588107,0.34938315,-0.16117978,0.089815974,0.63056105,-0.29823238,-0.7047903,-0.041937724
38,2232,-0.708783,-0.6175488,-0.38039702,0.46198756,-0.1346432,0.17410392,0.53689814,0.1471269,-0.50926983,0.01889519,-0.9775469,0.13055824,-0.56506056,0.52061844,0.15832826,0.27259314
38,2241,0.3235971,-0.49606496,-0.09022237,-0.36501503,0.09248589,-0.7545885,-0.21665017,0.45546857,0.06490128,0.11849432,-0.28303206,-0.021736525,0.96721596,0.20084874,0.15645452,-0.103406265
38,2256,-0.26398733,0.25242335,0.8274852,0.02040878,0.41465247,-0.42346436,-0.3462215,0.9117187,-0.124931216,0.23683685,0.22834677,0.71575433,-0.15732542,0.06886089,-0.050692126,0.094091155
38,2268,-1.0007457,-0.516165,-0.9395448,0.53539306,-0.4406621,0.3752126,0.75375473,0.40681922,-0.7581943,0.37705517,-0.9722677,0.3064347,-0.6045599,0.85767686,-0.16135605,0.5465754
38,2271,0.9146374,0.96458006,0.24247813,0.62658757,0.055248328,0.0027580261,0.22500883,0.33201334,-0.20225105,1.0365516,-0.45239997,1.0051079,0.2642179,-0.6428416,-0.59094685,-0.32149056
38,2302,-0.110340334,0.22932497,0.272377,0.26182258,-0.32799467,-0.17181559,-0.89281553,-0.6464852,-0.870304,-0.43162686,-0.799772,-0.43406588,0.030021995,-0.3806252,0.61196506,-0.21344033
38,2305,0.28686595,-0.39772323,-0.22006987,-0.48710674,-0.0072445124,-0.9166642,-0.18477334,0.51335514,0.047803372,0.16913588,-0.16660535,-0.16739503,0.96112317,0.42205578,0.14077844,0.0057135075
38,2308,-0.1134736,0.21704373,0.27445737,0.2691363,-0.3245111,-0.1701936,-0.8927606,-0.64880157,-0.8708606,-0.43816638,-0.81178993,-0.43320137,0.032723576,-0.3856598,0.61759466,-0.21934393
38,2309,0.14243163,-0.13163485,-1.2732055,0.23494081,-0.47763056,0.95364267,0.30973148,-0.52356887,0.03824468,0.35716492,-0.16852987,0.091516905,0.65247315,-0.30832475,-0.71892494,-0.04781489
38,2328,-0.22089517,-0.30138144,-0.19393201,0.07244103,0.00937359,0.6856454,-0.13164817,-0.45007846,0.3727509,-0.54225117,0.43233195,-0.18086034,0.33503592,-0.44578868,-0.11111632,-0.35619825
38,2329,0.26508668,-0.27897605,0.14135984,0.34203172,0.52450776,-0.38318545,1.1627387,-0.31175214,0.9691789,0.01731589,0.05455455,-0.50126857,-0.78155625,0.4029311,0.24134727,-0.19517341
38,2345,-0.102741875,-0.42148224,0.7370008,-0.50979507,0.55920315,0.17858237,-0.061080635,0.70462334,0.22897024,0.03785828,0.50533545,0.6957352,-0.42763066,0.041152246,-0.13071828,0.3995059
38,2353,1.0485775,1.3929136,0.11638579,0.786151,-0.13012516,-0.08969094,0.28872243,0.31056362,-0.3527365,1.3018798,-0.5150828,1.0208346,0.27655256,-0.6373645,-0.69302785,-0.35491168
38,2354,0.07027383,-0.8225417,0.38934585,-0.27901185,0.34797782,0.79225093,-0.19072814,-0.0028803349,0.30418968,-0.35189977,0.18171732,0.5078542,0.22638476,-0.6448541,-0.17291728,-0.09134622
38,2356,-0.2278491,0.026339263,0.6469107,0.45393264,0.5023581,0.22085182,0.27712655,0.24595165,0.41372442,-0.14540435,0.16587621,0.50161153,-0.42096415,-0.3338104,-0.05803249,-0.38090923
38,2357,0.38111705,0.18887436,0.64935714,0.19906263,0.41709763,0.10619817,0.029542312,0.49823526,0.029919297,0.427026,-0.10086292,0.9110316,-0.07567623,-0.45237845,-0.284917,-0.09672816
38,2362,0.07185991,-0.14634323,0.8340223,-0.050967097,0.5779104,0.14319229,-0.050978214,0.6311736,0.1230924,0.16768059,0.13938479,0.8650197,-0.31375146,-0.28205186,-0.14779684,0.090845376
38,2367,-2.1886387,1.3648465,-0.20269136,1.8087769,-0.038729414,-0.62396324,0.22395666,0.11095603,0.99119246,-1.0996422,1.4574261,-0.7612804,0.773786,0.5373674,-0.26651227,-1.6089166
38,2403,0.31572804,-0.10147084,0.5557175,0.02683261,0.40237585,0.41866106,0.076907456,0.30621955,0.16756809,0.22162148,0.041781202,0.83110696,-0.075009346,-0.53521734,-0.33271745,-0.063427165
38,2412,0.16108495,0.6369928,0.18991014,-0.10252457,-0.29552767,-0.23232283,-0.4423828,-0.45251575,-0.51463985,-0.023777291,-0.1660499,-0.41974306,-0.38948268,-0.020637475,0.3356763,0.15292887
38,2415,-0.055291988,-0.68067,0.25269192,-0.53861797,0.21531259,0.79690367,-0.20565881,0.037199125,0.2726524,-0.33957484,0.5365421,0.34086642,0.043781757,-0.3710494,-0.20651725,0.14897642
38,2420,-0.06283856,-0.575337,0.32847846,0.41244793,0.28469625,-0.18233065,0.42540026,-0.28231722,-0.031264752,-0.28532815,-0.9304374,-0.17901874,-0.5976,0.026609357,0.54542685,-0.124659285
38,2427,-0.113303326,-0.42440194,0.67329866,-0.6553602,0.51301765,0.2275599,-0.028786331,0.6912341,0.26595524,0.041867193,0.64362043,0.6478292,-0.4637208,0.12735866,-0.176204,0.4953075
38,2440,0.10824208,-0.41614735,-0.017321378,-0.81014574,0.07619463,-0.40979344,-0.16640641,0.56264734,0.07394947,0.13428085,0.33513403,0.102484494,0.4314102,0.43509775,-0.059611928,0.362398
38,2445,-2.188639,1.3648465,-0.20269136,1.8087769,-0.0387294,-0.6239632,0.22395666,0.11095604,0.99119246,-1.0996422,1.4574261,-0.76128036,0.773786,0.5373674,-0.26651227,-1.6089165
38,2446,-0.9141505,0.48617503,0.441759,0.87227964,0.37244156,-0.13140328,0.28935525,0.27288753,0.6460626,-0.4456158,0.66812634,0.045808397,-0.22624761,0.076148026,-0.07785016,-0.70804036
38,2456,-0.00930243,0.5237334,0.22194372,0.09206805,-0.4021482,-0.23149692,-0.8419854,-0.60489464,-0.84044755,-0.2575503,-0.5355328,-0.4761911,-0.09691359,-0.23740342,0.5099828,-0.051617846
38,2457,0.10824208,-0.41614735,-0.017321348,-0.8101458,0.07619463,-0.40979344,-0.16640644,0.56264734,0.073949456,0.13428086,0.33513403,0.102484494,0.4314102,0.43509775,-0.05961193,0.36239803
38,2460,-2.3059487,1.4486468,-0.27725685,1.8958546,-0.089802906,-0.66924316,0.21307452,0.085286245,1.0137825,-1.1621994,1.524071,-0.84263134,0.8873103,0.5779541,-0.28581923,-1.6965965
38,2461,0.08470802,0.31115636,0.2292284,0.059057236,-0.17302367,-0.12477885,-0.43731302,-0.50860775,-0.44394866,-0.19888553,-0.36548215,-0.38285303,-0.28655326,-0.1944918,0.42210087,-0.025947928
38,2474,0.07185991,-0.14634322,0.8340223,-0.050967105,0.5779104,0.14319229,-0.050978214,0.6311736,0.12309239,0.16768058,0.1393848,0.8650197,-0.31375146,-0.28205186,-0.14779685,0.090845376
38,2485,0.2874184,0.41776356,-0.47794807,-0.5649466,-0.41280895,0.45690787,-0.15551071,-0.4972264,0.047679603,0.0644488,0.7820469,-0.44696105,-0.20978993,0.010600913,-0.20655242,0.3753552
38,2494,0.28189352,0.5506096,-0.06768276,-0.29566368,-0.21817943,0.066090554,-0.08658956,-0.4124384,-0.03195198,0.12287004,0.36392236,-0.40359,-0.55587244,0.050763205,0.10750358,0.3185041
38,2495,0.23746845,-0.26085687,-0.30888802,-0.54442954,-0.079774514,-1.2017686,-0.18887673,0.6682409,-0.0009355992,0.2502102,-0.11168432,-0.28003484,1.0162685,0.654888,0.15525055,0.06752519
38,2502,0.10331817,-0.43838274,-0.48997897,-0.061534867,-0.11373252,0.9027413,-0.056728378,-0.55879986,0.22061437,-0.24975625,0.14843051,-0.056345917,0.38751173,-0.53968185,-0.2541592,-0.15459123
38,2531,-1.1009103,-0.3186523,-1.2094647,0.48841345,-0.586094,0.43720663,1.0487225,0.6691729,-0.77375007,0.6918927,-0.7510942,0.4682634,-0.74550754,1.1640506,-0.45006606,0.7418468
38,2534,-0.307984,-0.74095345,-0.21687742,0.40905398,-0.006774172,0.4288206,-0.1662931,-0.5617472,-0.19404685,-0.51713943,-0.71223575,-0.25193605,0.11314267,-0.3501076,0.34797117,-0.24437377
38,2537,0.3660696,0.78658986,-0.36644232,-0.63567555,-0.46993452,0.19222674,-0.09968747,-0.39565364,-0.026173681,0.27438858,0.8455889,-0.48069775,-0.513616,0.23486762,-0.15910614,0.5638563
38,2546,0.3117855,0.5277232,-0.4879105,-0.59844625,-0.45987904,0.40514892,-0.16682957,-0.49872452,0.011474758,0.11357385,0.8152476,-0.4811417,-0.25689068,0.06288386,-0.20396613,0.42513755
38,2564,0.3692721,0.84245956,-0.3241892,-0.5805741,-0.4734664,0.13138495,-0.13388373,-0.43818358,-0.07138407,0.2657543,0.74635565,-0.516438,-0.538724,0.2152776,-0.07984605,0.53530645
38,2569,-0.006119542,-0.025257997,0.22201863,0.19785346,-0.073675185,0.0044132173,-0.40622807,-0.529818,-0.36385873,-0.34287533,-0.52441764,-0.32639217,-0.19258475,-0.31509602,0.47131562,-0.14927223
38,2575,-0.7087829,-0.61754876,-0.38039702,0.4619876,-0.13464317,0.17410392,0.53689814,0.1471269,-0.50926983,0.018895205,-0.97754675,0.13055824,-0.56506056,0.5206185,0.15832826,0.27259314
38,2578,-1.8247164,1.0070461,-0.25217056,1.4940834,-0.05222109,-0.3484279,0.14042091,-0.04787002,0.87773144,-1.0351646,1.2424347,-0.6865306,0.77814263,0.32290572,-0.23756118,-1.4101559
38,2593,-0.1396868,-0.30503815,0.089655615,0.30666023,-0.07434693,0.16561355,-0.44543415,-0.58516,-0.38183984,-0.46837795,-0.6752612,-0.315729,-0.036730647,-0.3974272,0.48564017,-0.2182965
38,2601,0.36694244,0.73761356,-0.0011576712,-0.3933528,-0.20176926,-0.076950625,0.0678156,-0.29187322,0.0031088442,0.28814578,0.47710037,-0.3696193,-0.7434571,0.2346514,0.047295626,0.45642653
38,2607,0.31507865,-0.5166788,-0.09930338,-0.43156022,0.086239554,-0.70035756,-0.20498471,0.44207868,0.07854089,0.111009896,-0.21730548,-0.02271247,0.9213453,0.2211235,0.13250783,-0.04910299
38,2626,-0.28196955,-0.72778666,-0.22554667,0.39680558,0.02820079,0.4005478,-0.040338054,-0.5263607,-0.11062896,-0.46573016,-0.64784306,-0.24811369,0.062758654,-0.2846948,0.3122863,-0.22772306
38,2635,-0.9732586,-0.38087788,-1.0692619,0.4884923,-0.45957398,0.36427814,1.0967106,0.59086967,-0.62853444,0.6197851,-0.7566045,0.4029707,-0.7829796,1.0802804,-0.35915887,0.6659521
38,2638,-0.049638726,-0.38176155,0.45398062,0.4209044,0.23559913,-0.44772953,0.3617778,-0.2903661,-0.29802468,-0.24036428,-1.1793408,-0.2511875,-0.72224456,0.16038886,0.68584204,-0.079589695
38,2641,0.29466328,0.43836424,-0.4924721,-0.57584924,-0.42692798,0.45807981,-0.16193287,-0.5072712,0.04297334,0.071312666,0.7976131,-0.4609748,-0.21290001,0.015254471,-0.20881931,0.384521
38,2655,0.2290945,-0.2516688,-0.3102864,-0.55851156,-0.08217873,-1.2183871,-0.18936966,0.68673885,-0.0036470592,0.25735664,-0.095525146,-0.2821123,1.0105376,0.6773249,0.15260759,0.08216399
38,2659,-0.2278491,0.026339263,0.6469107,0.45393264,0.5023581,0.22085184,0.27712655,0.24595165,0.41372442,-0.14540435,0.1658762,0.50161153,-0.42096415,-0.33381045,-0.05803249,-0.38090917
38,2660,-0.12363071,-0.4112064,0.7168157,-0.6128552,0.54242414,0.17722937,-0.05086735,0.7406379,0.24075773,0.056620013,0.6095197,0.6809012,-0.46730536,0.12498894,-0.15705906,0.4811449
38,2661,-0.28387222,0.07189225,0.6670427,0.46671027,0.5101869,0.15517405,0.29552436,0.2810722,0.43397176,-0.14879206,0.22023396,0.45531946,-0.5035685,-0.24723876,-0.033670053,-0.36227223
38,2688,0.23654476,-0.28108257,-0.27577305,-0.53190804,-0.06203583,-1.0695674,-0.16685902,0.6001582,0.020792186,0.22033143,-0.090501934,-0.24603331,0.93204015,0.58716875,0.13563834,0.072207004
38,2697,0.13659644,-0.14674768,-1.0814257,0.09899384,-0.42189473,0.9109859,0.15624622,-0.583344,0.05918637,0.16955337,-0.014405385,-0.05160334,0.5435199,-0.33889198,-0.5511401,-0.04629317
38,2699,-0.12594825,-0.4308504,0.7091167,-0.6659467,0.53948426,0.2150156,-0.040071994,0.7375127,0.26346946,0.05048984,0.65823406,0.68054134,-0.4818591,0.13759688,-0.17596157,0.5117552
38,2701,0.36333856,0.78104126,-0.34163964,-0.62816364,-0.45206845,0.17686066,-0.08288999,-0.37400377,-0.018902197,0.2810741,0.83627445,-0.463247,-0.5332593,0.24392964,-0.15589395,0.56631327
38,2702,0.3046854,-0.46292785,-0.12473892,-0.4154474,0.06626484,-0.83189183,-0.2142287,0.50449526,0.054954052,0.14286067,-0.23779774,-0.060942166,0.9710532,0.2898143,0.15238638,-0.058806524
38,2710,-0.058222912,-0.74007046,0.28141993,-0.5588453,0.23943317,0.8222259,-0.2367271,0.059232816,0.27125883,-0.3545015,0.5342587,0.37943783,0.07467875,-0.40008086,-0.21308991,0.14931378
38,2714,-0.12228691,0.18307668,0.28285104,0.29720265,-0.31554854,-0.17303307,-0.8975988,-0.6625111,-0.8805767,-0.46098658,-0.86133546,-0.4379943,0.03819698,-0.401547,0.6443071,-0.24046966
38,2718,0.17724687,-0.20071848,0.63638103,0.2953509,0.3016678,-0.53158534,0.32449985,-0.32684794,-0.15707824,-0.21601349,-0.965157,-0.27460757,-0.73784995,0.07248841,0.6639632,-0.11633247
38,2730,0.6690987,0.5329642,0.41023678,0.41014838,0.23003069,0.07249877,0.13350904,0.3665817,-0.05916053,0.70380104,-0.2958913,0.92254794,0.13556728,-0.56227,-0.43588144,-0.22957867
38,2732,-0.2828423,0.10912377,0.73990256,-0.115299985,0.39693,-0.41668278,-0.3431545,0.88350093,-0.07792121,0.17309046,0.28664488,0.6161058,-0.120694906,0.15317582,-0.029314391,0.15838814
38,2735,0.7102857,0.58748245,0.38358766,0.43712217,0.20918573,0.065602496,0.15011808,0.36640373,-0.07483491,0.75590074,-0.31767398,0.9405411,0.1586881,-0.5738228,-0.46342525,-0.24000353
38,2740,0.008969676,0.5497024,0.21269003,0.06516999,-0.4006101,-0.23253618,-0.8076513,-0.58922744,-0.81281066,-0.22729418,-0.4875086,-0.47334766,-0.12700653,-0.20985271,0.48804855,-0.022724882
38,2747,0.32098827,-0.54191524,-0.09556992,-0.44848,0.09260694,-0.6757467,-0.20897423,0.4355685,0.08449279,0.105021685,-0.21207419,-0.010821737,0.92573935,0.20866366,0.12812892,-0.043590978
38,2760,-0.10234179,-0.4230677,0.758446,-0.480632,0.57457066,0.17791063,-0.06532225,0.7094306,0.22652422,0.035591614,0.481743,0.71373856,-0.4269837,0.018460725,-0.12424269,0.38075396
38,2765,0.052220754,-0.34011304,0.007101789,-0.8511857,0.082955286,-0.50899017,-0.14751704,0.6768292,0.073290244,0.18223853,0.41717356,0.111539036,0.36015224,0.558113,-0.07203758,0.4347032
38,2775,0.33428198,0.64383185,-0.4697168,-0.6349642,-0.49212968,0.33213505,-0.16015588,-0.46965578,-0.01890327,0.17698133,0.8512332,-0.49639547,-0.3346143,0.13546361,-0.20136501,0.48925418
38,2782,0.30748534,0.47425422,-0.5280029,-0.5973177,-0.45863247,0.46732694,-0.18065493,-0.53370786,0.031523973,0.07911919,0.8273408,-0.4919114,-0.20799287,0.018609192,-0.21431722,0.39824495
38,2789,0.31572804,-0.10147084,0.5557175,0.026832625,0.40237582,0.41866106,0.07690745,0.30621952,0.16756809,0.22162154,0.041781217,0.831107,-0.075009346,-0.53521734,-0.33271745,-0.06342718
38,2790,-0.35575193,0.10995564,0.70125514,0.48801798,0.5360922,0.09108603,0.31185302,0.32131675,0.48143497,-0.16541211,0.29705322,0.40440872,-0.59689415,-0.1591869,-0.0070554465,-0.35278672
38,2796,0.81276953,1.4160889,0.3364759,0.8485749,-0.03155887,-0.20045327,0.15868461,0.46979573,-0.40022233,1.2055895,-0.4704249,1.0840291,0.17842758,-0.6009116,-0.59956634,-0.36523885
38,2797,0.13846102,-0.16192953,-1.2732283,0.24066313,-0.47147548,0.97703713,0.29283684,-0.546347,0.045569554,0.32583457,-0.17458797,0.085245006,0.67897373,-0.3395446,-0.71086264,-0.072288305
38,2817,-0.45666873,-0.6426449,-0.23115908,0.42434943,0.10631041,0.054813743,0.97366697,0.18575113,-0.073883444,0.10700935,-0.77915186,0.12383235,-0.80547655,0.5754864,0.12669483,0.23440176
38,2819,0.10824003,-0.4085388,-0.5401458,-0.03993383,-0.13811123,0.8954538,-0.025497958,-0.55120933,0.20737424,-0.20063786,0.12543954,-0.04486356,0.39850926,-0.5162049,-0.2867467,-0.14335981
38,2823,0.0694841,-0.35418916,-0.010273501,-0.83833855,0.070711344,-0.46817917,-0.14971314,0.6269399,0.070605144,0.16565365,0.396366,0.09870054,0.374066,0.52001286,-0.07097532,0.41390073
38,2831,-0.059287064,-0.7211263,0.2541186,-0.5636319,0.21612467,0.8201129,-0.23738517,0.042026773,0.2626319,-0.35407493,0.5444792,0.352918,0.077666044,-0.38729316,-0.21447974,0.15281379
38,2836,0.31507865,-0.5166788,-0.09930338,-0.43156022,0.086239554,-0.70035756,-0.20498471,0.44207868,0.07854089,0.111009866,-0.21730545,-0.02271247,0.9213453,0.2211235,0.13250783,-0.04910299
38,2839,-0.059287064,-0.7211263,0.2541186,-0.56363195,0.21612468,0.8201129,-0.23738517,0.042026766,0.2626319,-0.35407493,0.5444792,0.352918,0.077666074,-0.38729322,-0.21447973,0.15281379
38,2851,0.19360559,0.061941907,-0.59930897,-0.30253497,-0.3245233,0.6610485,-0.081153646,-0.5635073,0.10916423,-0.03982859,0.46354404,-0.3148226,0.08382377,-0.20656678,-0.24859428,0.13998413
38,2855,-0.32004303,-0.7439672,-0.20400639,0.4010198,-0.030738428,0.45406318,-0.25974447,-0.57854915,-0.25024372,-0.54915774,-0.74199677,-0.24484104,0.1455569,-0.39715844,0.36404064,-0.24535513
38,2890,0.08025721,-0.36995682,-0.012518883,-0.8317052,0.07181947,-0.4528398,-0.15366836,0.6098672,0.071293876,0.1579884,0.38050467,0.0995025,0.38841522,0.49827063,-0.0681285,0.40100092
38,2895,0.1373581,0.490769,0.21359482,-0.023764119,-0.22990045,-0.19183029,-0.42543352,-0.48666093,-0.47375223,-0.10269655,-0.26546994,-0.4129572,-0.3610456,-0.100485444,0.38710895,0.06776905
38,2906,0.2929453,0.4939101,0.008971557,-0.2525084,-0.124946505,0.029128551,0.009083733,-0.37005574,0.031703964,0.12963897,0.31286478,-0.35896757,-0.62208784,0.058853053,0.12854035,0.29851437
38,2910,0.31359068,0.681607,-0.14688174,-0.3962344,-0.31369942,0.06764932,-0.109507486,-0.4150308,-0.059999347,0.1860915,0.49433672,-0.44365942,-0.56222713,0.1206014,0.046172928,0.40337956
38,2920,0.06778453,-0.5640727,0.42078978,-0.15095654,0.38348225,0.705736,0.01691164,0.026505515,0.3614634,-0.248911,0.20357527,0.5020396,-0.064561635,-0.5592508,-0.15425396,-0.089325786
38,2924,0.33295926,-0.50430214,-0.1120909,-0.37923914,0.08245694,-0.7932518,-0.22626527,0.4682521,0.060291827,0.12551327,-0.2942378,-0.038086496,1.013063,0.21925645,0.16288918,-0.10666756
38,2925,0.24139798,-0.5002127,-0.07684828,-0.6062383,0.083882496,-0.5925308,-0.1785417,0.48816988,0.09472769,0.12047081,0.008538321,0.016072847,0.7334612,0.32290745,0.056560565,0.12823108
38,2931,0.14339833,-0.12846676,-1.0851395,0.078629375,-0.43219346,0.9108493,0.14274968,-0.5932586,0.057054356,0.16721448,0.01258947,-0.07041734,0.53457206,-0.33462912,-0.5474523,-0.035535157
38,2933,0.28697303,0.5438205,-0.033432797,-0.2806359,-0.18668115,0.04125233,-0.054371327,-0.39336476,-0.016365334,0.13203476,0.34386632,-0.38815218,-0.58932483,0.060727634,0.11820829,0.31664655
38,2936,0.046201773,0.58713996,0.20136268,0.015465036,-0.3857838,-0.2340781,-0.7261796,-0.553601,-0.74745095,-0.17019191,-0.39732718,-0.46162385,-0.18993339,-0.15659282,0.4448775,0.029754847
38,2941,-0.21587995,-0.6855918,0.10297121,0.43681514,0.30410337,-0.122942194,0.91634184,-3.222376e-06,0.088491805,-0.060487814,-0.8599567,-0.008730315,-0.83228886,0.37080282,0.3476743,0.055351883
38,2944,0.4142563,-0.063880526,0.4611435,0.15297778,0.33462277,0.4623506,0.07996775,0.17267911,0.14391465,0.2353904,-0.09729478,0.81135917,0.08412492,-0.67273,-0.36398837,-0.1975663
38,2946,-1.0007457,-0.516165,-0.9395448,0.53539306,-0.4406621,0.3752126,0.7537547,0.40681922,-0.7581943,0.37705517,-0.9722678,0.3064347,-0.6045599,0.85767686,-0.16135605,0.5465754
38,2969,-0.04039637,-0.06852436,0.3648442,0.31757855,-0.07250054,-0.19582345,-0.44779074,-0.5516877,-0.5392959,-0.41157687,-0.86000973,-0.35272512,-0.18278995,-0.29225564,0.6220184,-0.22573277
38,2971,-0.05695922,-0.6606002,0.23143111,-0.55226934,0.19363585,0.7817362,-0.20930742,0.03315039,0.25649232,-0.3304078,0.5482011,0.31914055,0.042541504,-0.34552383,-0.21009627,0.16492449
38,2972,0.109004006,0.40189764,0.22045259,0.008672357,-0.20168322,-0.15344487,-0.4281562,-0.4854218,-0.45388314,-0.14555672,-0.29930845,-0.38721538,-0.31896907,-0.14214307,0.39028338,0.026812896
38,2973,-0.31431007,-0.7331283,-0.17966129,0.42371583,-0.032842368,0.42933118,-0.29082632,-0.6043968,-0.27693087,-0.56676126,-0.786164,-0.2665441,0.13883701,-0.41765767,0.40549156,-0.26611564
38,2992,0.23082516,-0.25308385,-0.31754833,-0.56677413,-0.08356413,-1.2652901,-0.20174868,0.7165681,-0.011132345,0.26777834,-0.10459399,-0.2870886,1.0470617,0.6982792,0.16003424,0.080422595
38,2994,0.05970633,-0.33878598,0.014269069,-0.81144637,0.08530929,-0.46247685,-0.13366084,0.62883556,0.08022906,0.16545947,0.39601696,0.109579235,0.333647,0.51504236,-0.06975898,0.41120222
38,2999,0.532909,-0.032654963,0.34100932,0.2743044,0.2560825,0.53900117,0.0721298,0.037410364,0.11915475,0.2687862,-0.23460221,0.81852776,0.29871076,-0.84005404,-0.43199643,-0.3407623
38,3011,-0.26927933,-0.70935845,-0.22047414,0.37993598,0.03502614,0.39378458,-0.012520149,-0.50813663,-0.0884296,-0.44486442,-0.6135307,-0.23842278,0.045788437,-0.266343,0.29403493,-0.21498537
38,3021,-0.049432434,-0.3726474,0.699048,-0.5455689,0.5204298,0.25267333,-0.020554155,0.6566527,0.24794273,0.06539109,0.5476352,0.7116126,-0.40915406,0.004673537,-0.19673863,0.39863554
38,3032,-0.33964548,0.09279223,0.71286094,0.49077243,0.54980206,0.1146338,0.31248802,0.3206506,0.48549774,-0.16507347,0.28142124,0.43233323,-0.5854603,-0.19318268,-0.012777261,-0.3627638
38,3046,0.13800783,-0.26061648,-0.9948933,0.13802694,-0.3521987,0.9515489,0.14994267,-0.56835735,0.09612906,0.111775726,-0.06963605,0.027959991,0.603011,-0.4323566,-0.54682267,-0.1180709
38,3060,0.29588702,-0.54630005,-0.0877022,-0.5197846,0.09147699,-0.5998366,-0.1906526,0.42842564,0.09855684,0.09864217,-0.11785358,0.002349943,0.8344789,0.23427801,0.094074875,0.029424667
38,3062,0.17724688,-0.20071848,0.6363811,0.29535085,0.3016678,-0.53158534,0.32449985,-0.32684794,-0.15707824,-0.2160135,-0.96515685,-0.27460757,-0.73784995,0.07248841,0.6639632,-0.11633247
38,3063,-0.15552816,0.67142785,0.90960497,0.30587578,0.37323117,-0.43156433,-0.28330863,0.9520793,-0.25414395,0.48515785,0.119048916,0.9117054,-0.26255682,-0.06715365,-0.15222622,0.005681053
38,3064,0.31525868,-0.31477243,-0.19406493,-0.2573769,0.0037318617,-1.0559515,-0.21151395,0.5222739,0.0027581304,0.18600412,-0.37907648,-0.16708446,1.0880923,0.33534485,0.21054645,-0.17454302
38,3065,-0.5633065,0.25759622,0.6229841,0.6313813,0.47886038,-0.0035987645,0.30030835,0.31611475,0.5307684,-0.2600504,0.42754966,0.28059992,-0.48251906,-0.06564331,-0.025605254,-0.47873667
38,3071,-1.1364766,0.62647676,0.35330123,1.0378723,0.32349026,-0.21203358,0.2839794,0.2575367,0.72191584,-0.56264377,0.8088368,-0.08294197,-0.07820657,0.15278901,-0.10368286,-0.86366105
38,3094,-0.11316355,-0.41432986,0.7141197,-0.5766342,0.54170716,0.17602581,-0.05321166,0.72000694,0.23567116,0.049228635,0.5693556,0.6777285,-0.4463906,0.09653069,-0.14716586,0.45010284
38,3103,-0.09005379,-0.406007,0.6740841,-0.6182589,0.50961494,0.23629442,-0.024945587,0.67168534,0.25977206,0.048320275,0.6097975,0.6616003,-0.4407333,0.086702034,-0.18294533,0.4607919
38,3109,0.13267823,-0.38613653,-0.031173825,-0.70903116,0.08062129,-0.5627136,-0.14331351,0.583442,0.08821777,0.15631802,0.22214866,0.051505603,0.50713766,0.45864022,-0.007629182,0.2863315
38,3121,-0.0103723705,-0.22400633,0.3982112,0.33477783,0.05679281,-0.1931978,-0.21055792,-0.4885167,-0.35857257,-0.39274478,-0.86489004,-0.30083752,-0.2893607,-0.23742191,0.60743517,-0.2186023
38,3142,0.29969805,-0.56330645,0.2192507,-0.044904746,0.21334493,0.7543465,-0.13147147,-0.12975034,0.2189956,-0.14640658,-0.044089377,0.5464187,0.46396154,-0.7974138,-0.30570295,-0.26965433
38,3145,0.20542294,-0.46742973,-0.08629911,-0.6868751,0.0701631,-0.64326173,-0.18600132,0.5652658,0.08145137,0.15075026,0.0929449,0.016663626,0.7114528,0.41654712,0.035746526,0.19993082
38,3151,0.15887527,-0.052780904,-0.7776554,-0.13333432,-0.34733218,0.7678816,0.011909857,-0.5720062,0.0965114,0.021562595,0.2587842,-0.20504227,0.2746842,-0.27267984,-0.35848212,0.050029993
38,3155,0.2933397,-0.42008546,-0.17988925,-0.4507625,0.021944761,-0.86969644,-0.1914377,0.49870303,0.052548155,0.15513964,-0.19500023,-0.12541354,0.95230514,0.36176556,0.14423925,-0.022152364
38,3187,0.07680515,-0.5687325,-0.20220216,-0.16851261,0.020787135,0.8973065,-0.19296385,-0.55748916,0.28062293,-0.47277984,0.25525865,-0.09765708,0.28761172,-0.6226338,-0.083150394,-0.1909579
38,3197,0.32746133,-0.35027474,-0.08184038,-0.12427958,0.065496035,-0.72033364,-0.16027068,0.32438028,0.04970348,0.10186274,-0.40982395,-0.062901296,0.89674574,0.092424035,0.18360564,-0.23867145
38,3201,0.3470224,0.785967,-0.23807968,-0.51353073,-0.40470934,0.09313761,-0.10756071,-0.40471032,-0.06266388,0.24732682,0.65154177,-0.47012377,-0.56085074,0.1957592,-0.038525347,0.4939149
38,3206,-0.78069556,-0.61589193,-0.49837542,0.47484708,-0.19504309,0.23232259,0.57400405,0.202802,-0.5539037,0.08036934,-0.96848077,0.17211229,-0.56231934,0.5836497,0.08983643,0.32694215
38,3208,0.35135442,-0.4940853,0.19253479,0.0223521,0.1918352,0.7295939,-0.10344045,-0.15364423,0.20315847,-0.09443286,-0.10522327,0.55393624,0.49115735,-0.8229409,-0.32435572,-0.30850446
38,3214,0.33348092,0.64194655,-0.4454829,-0.6230759,-0.4755773,0.3161537,-0.14573313,-0.45573294,-0.01314351,0.18195762,0.8359139,-0.48403502,-0.35412234,0.13997582,-0.19226527,0.48785177
38,3217,0.32415703,-0.31851363,-0.2383248,-0.2957999,-0.018689007,-1.1510915,-0.22949372,0.5658072,-0.009336323,0.20683041,-0.38555253,-0.20386475,1.1690543,0.3952474,0.22158663,-0.16710922
38,3231,0.35768798,0.19275758,0.095810205,0.03451316,0.23287943,-0.33583492,0.74469393,-0.34258673,0.62897134,0.14620382,0.2600553,-0.52571756,-0.8182632,0.38217992,0.18541846,0.073770136
38,3252,-0.287197,-0.7334014,-0.2196093,0.41407788,0.021654002,0.3984508,-0.07447845,-0.54662204,-0.13376597,-0.48579246,-0.6800491,-0.2600284,0.076164514,-0.30600166,0.3357248,-0.2444076
38,3254,-0.019268557,-0.050998636,0.2148286,0.22070487,-0.07725577,0.013689771,-0.42927194,-0.54981625,-0.3794751,-0.3661785,-0.55989456,-0.33604202,-0.17203641,-0.3351559,0.48992527,-0.16799411
38,3266,0.12884408,-0.19715323,0.6784133,-0.22808091,0.48728973,0.33499086,0.0485219,0.50292015,0.2078731,0.1573519,0.29682013,0.80601305,-0.3052262,-0.2749768,-0.26488996,0.16653976
38,3267,0.13267823,-0.38613653,-0.031173825,-0.70903116,0.08062129,-0.5627137,-0.14331348,0.583442,0.08821777,0.15631801,0.22214866,0.051505603,0.50713766,0.45864022,-0.0076291896,0.2863315
38,3291,0.15753853,-0.05351016,-0.7339828,-0.14986959,-0.32998413,0.74915427,0.0014991909,-0.564005,0.10291307,0.002790887,0.27612638,-0.21228138,0.24599081,-0.26794547,-0.33520523,0.054568306
38,3292,0.2449083,0.23159239,-0.4602667,-0.46979326,-0.33962402,0.53700733,-0.16081674,-0.5393596,0.087155364,-0.04328212,0.66313374,-0.41354185,-0.10027586,-0.11215926,-0.17372377,0.25411236
38,3298,0.13904768,-0.25486487,-0.9886986,0.15956141,-0.34254605,0.9324881,0.17780434,-0.5500641,0.09896076,0.13436261,-0.09446713,0.046346117,0.58811414,-0.4189517,-0.55151963,-0.11726613
38,3302,0.07027383,-0.8225417,0.38934582,-0.27901185,0.34797782,0.792251,-0.19072814,-0.0028803349,0.3041897,-0.35189974,0.18171732,0.5078542,0.22638476,-0.6448541,-0.17291728,-0.09134622
38,3305,-0.47933805,-0.5925766,-0.068085,0.42884976,0.023996413,0.0026771575,0.440058,-0.016093863,-0.38662854,-0.12119648,-1.0003903,0.008672684,-0.5741699,0.3425448,0.337895,0.12883852
38,3314,0.2605337,-0.3639237,-0.2286809,-0.52491754,-0.019113332,-0.95469683,-0.17710312,0.55356455,0.042492718,0.18622312,-0.11351064,-0.1834293,0.92649525,0.48801577,0.1309907,0.051596873
38,3320,0.008969676,0.5497024,0.21269003,0.06516999,-0.4006101,-0.23253618,-0.8076512,-0.58922744,-0.81281066,-0.22729418,-0.4875086,-0.47334766,-0.12700653,-0.20985271,0.48804855,-0.022724882
38,3347,-0.12988257,-0.19787614,0.34846517,-0.5492027,0.23923871,-0.40216058,-0.26396704,0.7524314,0.014101908,0.14337325,0.4054992,0.33099186,0.09939113,0.37291652,-0.04860898,0.3402311
38,3356,0.6670554,1.3710064,0.446267,0.83701915,0.03231752,-0.24577792,0.09345996,0.5572357,-0.4002805,1.1318796,-0.4150445,1.0976636,0.10306284,-0.5487535,-0.5415149,-0.33534697
38,3366,0.37296435,0.7660178,-0.41301215,-0.648636,-0.48074275,0.24014787,-0.107869074,-0.42675683,-0.010735214,0.26146734,0.87904245,-0.49966878,-0.48392308,0.21101056,-0.17557329,0.5568491
38,3369,0.008969676,0.5497024,0.21269003,0.06516999,-0.4006101,-0.23253618,-0.8076512,-0.58922744,-0.81281066,-0.22729418,-0.4875086,-0.4733476,-0.12700653,-0.20985271,0.48804855,-0.022724882
38,3371,0.12146113,0.71623445,0.18605371,-0.07477589,-0.38743562,-0.2732374,-0.62114596,-0.5135475,-0.6796882,-0.062265433,-0.2541345,-0.4732179,-0.3076985,-0.056926318,0.38999766,0.12617502
38,3378,0.14075018,-0.23389795,-1.0706325,0.19004528,-0.37996697,0.9459178,0.2075154,-0.5536034,0.080321305,0.18612526,-0.12881842,0.0590341,0.626455,-0.4047367,-0.59724563,-0.113296196
38,3392,0.37182352,0.82062626,-0.35117912,-0.63928735,-0.4733017,0.16401061,-0.095268175,-0.3847064,-0.0346186,0.29286778,0.8455626,-0.48242533,-0.54337543,0.25561327,-0.15139768,0.58001804
38,3403,0.2929453,0.4939101,0.008971557,-0.2525084,-0.124946475,0.029128551,0.009083733,-0.3700557,0.031703964,0.12963897,0.31286478,-0.35896757,-0.62208784,0.058853053,0.12854034,0.29851437
38,3411,-0.055291988,-0.68067,0.25269195,-0.53861797,0.2153126,0.79690367,-0.20565881,0.037199132,0.2726524,-0.33957484,0.5365421,0.34086642,0.043781757,-0.37104934,-0.20651725,0.14897642
38,3414,-0.02051723,-0.48220614,0.3904159,0.38963526,0.23784383,-0.20065857,0.21359065,-0.3680722,-0.11431128,-0.34231058,-0.9280308,-0.22891709,-0.49518228,-0.0835368,0.58900845,-0.17557055
38,3418,0.26160973,-0.36112735,-0.26080704,-0.56470317,-0.036301956,-1.0378006,-0.1944078,0.60329723,0.030204192,0.20874351,-0.10822302,-0.20615739,0.9893579,0.546645,0.13653353,0.06577705
38,3422,-0.13159817,-0.41667736,0.7252948,-0.642456,0.5488845,0.18690068,-0.0491246,0.7581022,0.249307,0.059204277,0.64179933,0.6905984,-0.4850331,0.1399694,-0.16605462,0.50458753
38,3431,0.024053734,-0.5125606,-0.026667252,0.4302132,0.36559835,-0.09052123,0.76196414,-0.4197591,0.6273751,-0.20554379,-0.22691095,-0.43964022,-0.4225011,0.14096588,0.2780793,-0.27179524
38,3453,0.07680515,-0.5687325,-0.20220216,-0.16851261,0.020787142,0.8973065,-0.19296385,-0.55748916,0.28062293,-0.47277984,0.25525865,-0.09765709,0.28761172,-0.6226339,-0.083150394,-0.1909579
38,3456,0.55474466,-0.12898178,0.18391897,0.26482117,0.1571414,0.6320127,0.025722057,-0.12577528,0.12501287,0.18963458,-0.27058166,0.70708895,0.48980963,-0.91087294,-0.44554144,-0.40776053
38,3460,-0.2278491,0.026339248,0.6469107,0.45393264,0.5023581,0.22085184,0.27712655,0.24595165,0.41372442,-0.14540435,0.16587621,0.50161153,-0.42096418,-0.33381045,-0.05803249,-0.38090917
38,3461,0.28181642,0.07781638,0.71314365,0.12624745,0.47033903,0.121030934,0.0017219037,0.5343721,0.059877247,0.33654287,-0.030792981,0.89566797,-0.14993358,-0.40700442,-0.23723337,-0.045329764
38,3463,0.09418011,-0.48065743,-0.38196248,-0.09803897,-0.06264894,0.8922786,-0.09899734,-0.55450356,0.24334326,-0.32635367,0.18541142,-0.07008711,0.3442173,-0.56395906,-0.1920217,-0.16617543
38,3475,-0.278955,0.15331551,0.77749497,-0.06884997,0.4074395,-0.42904586,-0.35661244,0.9002603,-0.0987865,0.18970421,0.25960916,0.6546769,-0.115118444,0.1184205,-0.031967375,0.12753078
38,3480,0.31968474,0.70226085,-0.15974413,-0.41562885,-0.32777846,0.06924841,-0.10812752,-0.41120613,-0.060170412,0.19899675,0.5213486,-0.44711912,-0.5661669,0.13487583,0.03265557,0.42036796
38,3489,0.33428198,0.64383185,-0.46971673,-0.6349642,-0.49212968,0.33213505,-0.16015588,-0.46965578,-0.01890327,0.17698133,0.85123324,-0.49639547,-0.3346143,0.13546363,-0.20136501,0.48925418
38,3510,0.3110653,-0.5023826,-0.07751034,-0.3931569,0.09867591,-0.7070427,-0.20565818,0.44823658,0.07491185,0.11161932,-0.23927289,-0.009099275,0.9132909,0.20366216,0.14019974,-0.070106074
38,3536,-0.059287064,-0.7211263,0.2541186,-0.56363195,0.21612468,0.820113,-0.2373852,0.04202676,0.2626319,-0.3540749,0.5444792,0.35291803,0.077666074,-0.38729322,-0.21447973,0.15281379
38,3563,0.33184585,0.7401633,-0.26247382,-0.5142966,-0.4133805,0.13157108,-0.12438549,-0.4161449,-0.062610924,0.2164354,0.6482224,-0.46463084,-0.50205255,0.1715383,-0.054523904,0.4724424
38,3570,0.28961465,0.5160761,-0.0054069757,-0.26253098,-0.14940682,0.03207533,-0.01810573,-0.3779733,0.010743931,0.13181427,0.32431203,-0.36976865,-0.61142594,0.06004125,0.12596193,0.30683523
38,3573,0.15753853,-0.05351016,-0.7339828,-0.1498696,-0.32998413,0.74915427,0.0014991909,-0.564005,0.10291307,0.002790887,0.27612638,-0.21228135,0.24599081,-0.2679455,-0.3352052,0.0545683
38,3583,-0.11166716,0.9808452,1.0133563,0.5731027,0.3716545,-0.4224074,-0.22426964,0.96146274,-0.3283467,0.6332029,0.026844695,1.050475,-0.40380374,-0.18370399,-0.20474698,-0.079153135
38,3584,0.16313949,0.6226957,0.18973377,-0.11060771,-0.2831962,-0.22271599,-0.41659313,-0.43571928,-0.48982772,-0.016692925,-0.14641488,-0.4041589,-0.39548954,-0.01265596,0.31945133,0.15969482
38,3587,-0.21520296,-0.49644238,-0.0028362274,0.36162585,-0.05449474,0.2814418,-0.41360724,-0.6009023,-0.35078552,-0.5305821,-0.7416628,-0.29103196,0.046094984,-0.43273044,0.46844667,-0.25081694
38,3603,0.35999802,0.7150198,-0.39559323,-0.6262438,-0.45276207,0.25222996,-0.096748844,-0.41756517,0.0043542534,0.24155256,0.8522779,-0.47675604,-0.4679743,0.1910992,-0.17298576,0.532567
38,3604,0.27786988,0.47564295,0.007612154,-0.24501115,-0.1299865,0.040694818,-0.012869552,-0.37152502,0.019153357,0.11392015,0.3008325,-0.35277596,-0.59577703,0.04431103,0.1287298,0.28693917
38,3608,1.0718476,1.403649,0.14660552,0.8118882,-0.11183374,-0.088310495,0.2787912,0.32345766,-0.35888508,1.3149523,-0.54219025,1.0622724,0.2965616,-0.6775009,-0.7007593,-0.38211295
38,3611,0.31480402,0.5286741,-0.50394106,-0.60875887,-0.46662062,0.4189595,-0.17103817,-0.50623167,0.015276387,0.11309564,0.83340764,-0.4886614,-0.25270283,0.06047888,-0.21099126,0.429334
38,3630,-0.05029978,-0.7513006,0.31523702,-0.5315492,0.26701277,0.7952077,-0.22739409,0.076189846,0.27035832,-0.3447896,0.489339,0.4057163,0.07371488,-0.40919346,-0.2041686,0.1369624
38,3645,0.3191146,-0.3161012,-0.21813525,-0.28044248,-0.008889213,-1.1055874,-0.2204855,0.5457295,-0.0034288317,0.19744578,-0.37939167,-0.18689731,1.128962,0.36927253,0.21539094,-0.16806027
38,3646,0.38111705,0.18887436,0.64935714,0.19906263,0.41709763,0.10619817,0.029542312,0.4982352,0.029919297,0.42702597,-0.10086295,0.9110316,-0.07567626,-0.45237845,-0.28491703,-0.09672816
38,3648,-0.25619978,-0.58895856,-0.06043066,0.38422412,-0.051326692,0.34333688,-0.39800453,-0.6070936,-0.33903834,-0.55739164,-0.76903147,-0.27939448,0.090675086,-0.4436037,0.45261824,-0.25902927
38,3656,0.21943614,0.1508038,-0.55169874,-0.38555866,-0.34308177,0.60958064,-0.12153013,-0.55953145,0.0962668,-0.036590252,0.5649787,-0.36804587,0.0024163723,-0.16021493,-0.21996197,0.19792822
38,3663,-0.06616651,0.028772533,0.34616697,0.32329136,-0.16024938,-0.21149532,-0.61253905,-0.6063144,-0.6763667,-0.43436027,-0.8932237,-0.40071827,-0.112384886,-0.3309149,0.6530045,-0.23924157
38,3666,-0.06063264,-0.56886244,-0.09331508,0.4352032,0.28255388,0.03030999,0.57642454,-0.4550144,0.45991576,-0.27586198,-0.3241055,-0.40630254,-0.2895755,0.04097282,0.28272924,-0.27436078
38,3683,0.37578827,1.2648848,0.6583453,0.7599289,0.15521166,-0.32912725,-0.025756136,0.73035324,-0.3876234,0.97643125,-0.2546939,1.0991255,-0.08452961,-0.4078415,-0.4270586,-0.23961696
38,3688,-0.22472638,-0.070467025,0.52365357,-0.3525226,0.31530643,-0.372509,-0.27589202,0.7863432,-0.004153192,0.13842148,0.38086206,0.43586636,-0.071071625,0.29147458,-0.037203502,0.2832117
38,3692,0.33184585,0.7401633,-0.26247382,-0.5142966,-0.4133805,0.13157108,-0.12438549,-0.4161449,-0.062610924,0.2164354,0.6482224,-0.46463084,-0.50205255,0.1715383,-0.054523904,0.4724424
38,3694,0.26995024,0.5073248,-0.028727382,-0.26919824,-0.17959261,0.056449264,-0.06376292,-0.38734812,-0.017510608,0.11270273,0.328144,-0.3717616,-0.5618945,0.044391103,0.11537254,0.30006558
38,3699,-0.3197157,-0.7476933,-0.19236974,0.4165746,-0.029331401,0.44413948,-0.27377814,-0.59154093,-0.26181182,-0.56140673,-0.76935744,-0.2544978,0.1434899,-0.40883374,0.3865479,-0.2580258
38,3719,0.09983462,-0.5122776,0.46573043,-0.044136323,0.42615098,0.65730333,0.08697528,0.029202946,0.3790846,-0.21304376,0.11174767,0.53723115,-0.11099999,-0.5887419,-0.13633367,-0.14414454
38,3725,0.10824003,-0.4085388,-0.5401458,-0.039933845,-0.13811123,0.89545375,-0.025497973,-0.55120933,0.20737424,-0.20063783,0.12543954,-0.044863544,0.39850932,-0.5162049,-0.2867467,-0.14335984
38,3737,-0.9086763,0.4719247,0.42481434,0.85132325,0.36487526,-0.1262178,0.2859401,0.26089525,0.65254503,-0.45250684,0.6782851,0.025573716,-0.21997163,0.08657089,-0.07786599,-0.6928121
38,3742,0.2933397,-0.42008546,-0.17988928,-0.4507625,0.021944769,-0.86969644,-0.19143774,0.49870303,0.05254814,0.15513964,-0.19500029,-0.12541354,0.95230526,0.36176556,0.14423925,-0.022152364
38,3756,0.3481844,0.7915385,-0.22577406,-0.49703503,-0.3965664,0.08101408,-0.112577334,-0.41349116,-0.067652464,0.24567461,0.63097095,-0.47760403,-0.57491887,0.18750674,-0.017974135,0.48662943
38,3764,0.3535294,0.6942816,-0.43910307,-0.63710046,-0.4783489,0.29095227,-0.1281545,-0.44778886,-0.0069268793,0.21663359,0.8632995,-0.49439287,-0.41033298,0.16800845,-0.18780068,0.51862407
38,3775,-1.7900277,1.0737545,0.10219543,1.5490139,0.1761999,-0.46638405,0.2770494,0.2235716,0.93030584,-0.88388276,1.2126606,-0.4419937,0.34981722,0.37370092,-0.18823858,-1.335247
38,3776,0.24964178,-0.32853025,-0.2874586,-0.5895778,-0.054190397,-1.155638,-0.20934029,0.6759677,0.010131314,0.24065873,-0.101242155,-0.23493993,1.039196,0.6265469,0.1466346,0.08127712
38,3784,0.07980689,-0.3573641,-0.0028523654,-0.7992985,0.0883034,-0.5620716,-0.14897834,0.66711533,0.07957296,0.18056113,0.339894,0.09092723,0.4283293,0.5371012,-0.04246045,0.3801398
38,3790,0.26328766,-0.36510462,-0.27056283,-0.5808964,-0.03986022,-1.0722388,-0.2042322,0.6265019,0.02524364,0.21749899,-0.109084725,-0.2112244,1.0193872,0.5673699,0.13989209,0.06991447
38,3791,0.50655186,-0.2467477,0.16673979,0.20676775,0.15676463,0.6701923,-0.018271893,-0.15480056,0.14629191,0.1034459,-0.24399656,0.6570965,0.5284667,-0.90563387,-0.41383302,-0.3975217
38,3793,-0.10826007,-0.41623476,0.8281157,-0.39507815,0.6203326,0.16701293,-0.084888324,0.7367711,0.21294689,0.03454448,0.41601372,0.77589333,-0.420901,-0.04440639,-0.10787207,0.32697612
38,3795,0.060885143,-0.34762704,0.0068786144,-0.8342664,0.08623643,-0.5150663,-0.14716186,0.6690316,0.076277465,0.17926241,0.3945031,0.10835637,0.3755933,0.54561573,-0.064306624,0.41785997
38,3796,0.15665999,0.6913681,0.1812348,-0.111105636,-0.3356154,-0.25129563,-0.4954517,-0.46602318,-0.5676271,-0.017432366,-0.16857901,-0.43979985,-0.3754059,-0.014694503,0.34206858,0.16391788
38,3799,0.24845642,-0.29667574,-0.30111146,-0.55689466,-0.071011156,-1.1373016,-0.18747716,0.63499975,0.011828452,0.23425132,-0.10708642,-0.26141238,1.0068705,0.61811566,0.14642176,0.06915803
38,3805,0.5901039,-0.0290929,0.25600582,0.32787824,0.19300531,0.5894289,0.056851663,-0.07073434,0.10628208,0.25720525,-0.30325928,0.78861153,0.43742126,-0.9353671,-0.4618631,-0.42803887
38,3811,0.3340554,0.10288137,0.09917082,0.12122144,0.29517603,-0.3724861,0.83872294,-0.35873255,0.7287055,0.105854586,0.22774616,-0.56131107,-0.80510426,0.39792228,0.20799537,-0.006127253
38,3819,-0.09895214,-0.23888764,0.13544224,0.2701375,-0.0629594,0.12814903,-0.42465323,-0.5556176,-0.35511342,-0.43233293,-0.6130922,-0.30358005,-0.07979043,-0.3757866,0.46981943,-0.19890383
38,3840,0.14574528,-0.14388405,-1.2327466,0.229006,-0.4587466,0.94538873,0.2976144,-0.5234244,0.04473257,0.33383027,-0.16314095,0.09082444,0.64250654,-0.32189065,-0.6996865,-0.057939604
38,3852,-0.10921315,-0.4225187,0.7435291,-0.5292705,0.56370133,0.1759895,-0.06354433,0.7230096,0.23028873,0.042844806,0.5252068,0.7039833,-0.43523145,0.055156417,-0.13547726,0.41548806
38,3854,0.31000635,-0.5462816,-0.084808215,-0.47177243,0.094844475,-0.60319614,-0.1927387,0.40752375,0.09614919,0.092176646,-0.16639727,0.00013744086,0.858481,0.19901146,0.10826786,-0.012118369
38,3857,-0.042552732,-0.33672598,0.68167526,-0.5064689,0.5011139,0.2559227,-0.0032373667,0.61766183,0.24330501,0.06484297,0.5272218,0.6861805,-0.4215397,-0.006132098,-0.19404304,0.3783254
38,3863,0.28947905,-0.12098101,0.1188134,0.2556098,0.42319334,-0.38015282,1.0220999,-0.3375436,0.86410713,0.048069585,0.123404175,-0.53381497,-0.78075707,0.3999467,0.23065864,-0.12349555
38,3879,-0.26927933,-0.70935845,-0.22047417,0.37993592,0.035026133,0.39378458,-0.012520105,-0.50813663,-0.0884296,-0.4448644,-0.6135306,-0.23842278,0.045788467,-0.266343,0.2940349,-0.21498537
38,3886,-0.03069704,-0.09851687,0.38173836,0.33319432,-0.04468201,-0.21354304,-0.40114915,-0.55158615,-0.51224494,-0.4133151,-0.88898295,-0.35522032,-0.21131867,-0.2828074,0.6386734,-0.23307735
38,3888,0.06814581,0.26682132,0.22974123,0.08963516,-0.16619459,-0.11019121,-0.4562626,-0.528026,-0.45104977,-0.23072349,-0.408266,-0.38657236,-0.26374462,-0.22548643,0.4447127,-0.055338815
38,3893,0.32207283,0.5839354,-0.49620187,-0.62373936,-0.48781592,0.38173538,-0.17581974,-0.4950441,-0.008400127,0.13886824,0.84140944,-0.4970941,-0.27854544,0.09368044,-0.2087713,0.45578623
38,3896,0.19177964,-0.44731775,-0.071857944,-0.6759572,0.0722129,-0.6013391,-0.16899638,0.54607713,0.086491786,0.14445032,0.11555893,0.023026176,0.6508188,0.40767866,0.025580797,0.21075228
38,3910,0.31507865,-0.5166788,-0.09930338,-0.43156022,0.08623955,-0.70035756,-0.20498471,0.44207868,0.07854089,0.11100988,-0.21730545,-0.02271247,0.9213453,0.2211235,0.13250783,-0.04910299
38,3913,0.06541944,-0.29957834,0.54929,0.36088598,0.27324232,-0.49071735,0.34346268,-0.3111802,-0.2246185,-0.233119,-1.0784473,-0.26431513,-0.73058796,0.11244926,0.6801166,-0.10129917
38,3921,0.14101085,0.74918294,0.17950785,-0.09440479,-0.3899721,-0.2830884,-0.5969983,-0.5092045,-0.6652422,-0.036409643,-0.22299203,-0.4812246,-0.33948794,-0.03367928,0.38172922,0.1499642
38,3922,-0.0038631186,-0.8513974,0.39368632,-0.3934461,0.3492094,0.8042712,-0.2101055,0.04714968,0.3093443,-0.38064432,0.3103931,0.4759079,0.1431171,-0.5481016,-0.16284822,0.009034336
38,3923,0.26508668,-0.27897605,0.14135982,0.34203166,0.5245078,-0.38318545,1.1627387,-0.31175214,0.96917903,0.017315898,0.05455455,-0.5012686,-0.7815563,0.4029311,0.24134727,-0.19517341
38,3932,0.34142378,0.76978123,-0.20863287,-0.48593843,-0.37922758,0.078761235,-0.10245292,-0.40012392,-0.060496777,0.24081269,0.61684626,-0.46112072,-0.575979,0.18431515,-0.016370315,0.47857732
38,3946,0.14263764,-0.11704393,-0.9641242,0.020324513,-0.38761413,0.85590804,0.11263916,-0.57090616,0.07502775,0.11817697,0.07840879,-0.099446125,0.43883425,-0.31317425,-0.4804631,-0.012143299
38,3948,0.34702244,0.785967,-0.23807971,-0.51353073,-0.4047094,0.09313761,-0.10756071,-0.40471032,-0.06266388,0.24732685,0.65154177,-0.4701237,-0.5608507,0.1957592,-0.038525343,0.49391487
38,3952,0.37948495,0.34891692,0.08523817,-0.11882043,0.11077486,-0.25178754,0.5481767,-0.30733535,0.43580097,0.20608088,0.3234157,-0.45041817,-0.81488276,0.34078485,0.134406,0.2110129
38,3953,-0.110340334,0.22932494,0.272377,0.26182258,-0.32799467,-0.17181556,-0.89281553,-0.6464853,-0.87030387,-0.43162686,-0.79977196,-0.43406588,0.030021995,-0.3806252,0.61196506,-0.21344033
38,3954,-0.278955,0.15331548,0.77749497,-0.06884997,0.4074395,-0.42904586,-0.35661244,0.9002603,-0.09878647,0.1897042,0.25960916,0.65467685,-0.11511846,0.11842048,-0.031967375,0.12753078
38,3957,0.34142375,0.76978123,-0.20863287,-0.48593843,-0.37922758,0.078761235,-0.10245292,-0.40012392,-0.060496747,0.24081269,0.6168462,-0.46112072,-0.575979,0.18431515,-0.016370315,0.47857732
38,3960,-1.0600728,0.5752549,0.37731564,0.97527564,0.33745202,-0.18378551,0.28487292,0.2587207,0.6994607,-0.52563447,0.7661881,-0.04699611,-0.12632117,0.13116011,-0.095384866,-0.80623436
38,3988,-0.023775943,-0.79455924,0.3694414,-0.43619782,0.32180512,0.78300685,-0.19719659,0.06266632,0.29872754,-0.35836297,0.37679487,0.44243723,0.08452076,-0.47602546,-0.17294496,0.06281836
38,3995,0.010255218,-0.39260936,0.42804313,0.3755809,0.18724446,-0.20825611,0.03082648,-0.44060907,-0.19321635,-0.38503653,-0.91747385,-0.27067855,-0.40498975,-0.1771302,0.6196938,-0.21873158
38,3997,0.30426517,-0.04224506,0.11572913,0.20153551,0.37350234,-0.3714152,0.9379055,-0.34660187,0.81004155,0.061939117,0.1630288,-0.5413133,-0.7803749,0.39023334,0.22141708,-0.08143446
38,3998,0.14292556,-0.2242759,-1.1404357,0.20773898,-0.4107343,0.9726951,0.22154528,-0.5670562,0.068584755,0.21600685,-0.1452283,0.062238637,0.66189474,-0.4056785,-0.6309115,-0.113442674
38,4024,-0.21322268,-0.7014376,0.09428569,0.4251185,0.3234306,-0.11493458,0.97969806,0.030331977,0.13161081,-0.037047714,-0.8290791,0.011436127,-0.86110854,0.40063184,0.3211075,0.074533254
38,4029,0.55550236,1.3308512,0.5181901,0.81258076,0.072973385,-0.27291256,0.051496595,0.6122054,-0.39775124,1.0698512,-0.3612151,1.091992,0.034641743,-0.49887484,-0.49625587,-0.30195615
38,4033,-0.05029978,-0.7513006,0.31523702,-0.5315492,0.26701277,0.7952077,-0.22739409,0.07618983,0.27035832,-0.3447896,0.48933896,0.40571627,0.07371488,-0.40919346,-0.2041686,0.1369624
38,4051,-0.25431678,-0.68954694,-0.21329148,0.36334264,0.043091416,0.3856635,0.015767857,-0.49090308,-0.06416416,-0.42407396,-0.57824934,-0.22958207,0.027831912,-0.24920477,0.27674907,-0.20367312
38,4057,-0.16494608,0.70833373,0.9377554,0.35026735,0.38188985,-0.42178547,-0.27589327,0.949559,-0.25800213,0.49045563,0.111517526,0.92946476,-0.3009983,-0.086073235,-0.15400282,-0.007474214
38,4064,-0.08637104,-0.18984325,0.14672856,0.27208334,-0.07911439,0.09471635,-0.45033228,-0.576844,-0.38958594,-0.4283789,-0.63257843,-0.331268,-0.092611685,-0.3750143,0.4945643,-0.20024398
38,4071,0.23460752,-0.11681001,0.66863096,0.2443401,0.30455822,-0.5497243,0.3252759,-0.3200393,-0.12181234,-0.18376549,-0.87185997,-0.27133727,-0.7457839,0.07141282,0.6308794,-0.107446805
38,4076,-0.13947833,-0.42092904,0.7349967,-0.6683226,0.5560914,0.19371237,-0.047829017,0.7761574,0.25649205,0.062167224,0.6708869,0.7002782,-0.50322014,0.15471472,-0.17347969,0.52638453
38,4091,-0.1400601,-0.63706887,-0.1534717,0.46232826,0.21525672,0.12342734,0.42167395,-0.5015764,0.31648794,-0.3472818,-0.44106007,-0.3976616,-0.18468711,-0.041988194,0.30974755,-0.2854356
38,4094,0.07980689,-0.3573641,-0.0028523654,-0.7992985,0.0883034,-0.5620715,-0.14897834,0.66711533,0.07957296,0.18056113,0.339894,0.09092723,0.4283293,0.53710115,-0.04246045,0.3801398
38,4107,-2.3059487,1.4486468,-0.2772568,1.8958546,-0.089802906,-0.66924316,0.21307452,0.08528626,1.0137825,-1.1621993,1.524071,-0.84263134,0.88731045,0.5779541,-0.28581923,-1.6965965
38,4109,-0.16400641,-0.37341526,0.06372073,0.3269229,-0.062115,0.20234638,-0.42757648,-0.58725,-0.3669692,-0.48886946,-0.69989485,-0.30495504,-0.014991641,-0.4083113,0.4817325,-0.22973311
38,4112,-0.055291988,-0.68067,0.25269195,-0.53861797,0.2153126,0.79690367,-0.20565881,0.037199132,0.2726524,-0.33957484,0.5365421,0.34086642,0.043781757,-0.37104934,-0.20651725,0.14897642
38,4119,0.30622417,-0.5261473,-0.080105916,-0.44458383,0.095311105,-0.6186158,-0.18795495,0.4093674,0.09339125,0.09512891,-0.17985046,-0.0039142817,0.852022,0.19827676,0.114155695,-0.025204062
38,4139,0.36759004,0.7736099,-0.3881246,-0.637178,-0.47518867,0.21593076,-0.10740177,-0.41489902,-0.021204934,0.26337743,0.8533172,-0.49105883,-0.4938055,0.21837847,-0.16319005,0.55502254
38,4148,-0.23267502,-0.29661083,-0.16445167,0.09872688,0.031538114,0.657187,-0.107838675,-0.4266494,0.38592914,-0.5377293,0.4186698,-0.16631031,0.31304628,-0.43249476,-0.10397026,-0.36592185
38,4172,-0.0060336813,-0.335133,0.14508721,-0.7368236,0.14850758,-0.4081968,-0.23216845,0.6742619,0.038121104,0.14100266,0.39775747,0.21324277,0.29527158,0.4253806,-0.0618012,0.37685713
38,4179,-0.12099456,-0.43850598,0.70647717,-0.6614786,0.53892994,0.22425896,-0.039175913,0.7274257,0.2668074,0.045190845,0.64953643,0.68085724,-0.4718997,0.12479879,-0.17616184,0.5026678
38,4185,0.39381096,0.8832519,-0.32652313,-0.63315934,-0.4677204,0.12109642,-0.07822348,-0.38550368,-0.032795668,0.32589325,0.84213495,-0.49832934,-0.61361986,0.27690667,-0.12204826,0.6011648
38,4186,-1.1329837,-0.41629237,-1.16899,0.5302303,-0.5688153,0.44362432,0.9307019,0.5826342,-0.826072,0.5769591,-0.88372,0.4164606,-0.6777469,1.0795814,-0.3489303,0.6881707
38,4229,-0.049638733,-0.38176155,0.45398062,0.4209044,0.23559913,-0.44772953,0.3617778,-0.2903661,-0.29802468,-0.24036427,-1.1793408,-0.2511875,-0.72224456,0.16038886,0.68584204,-0.079589695
38,4230,-0.051593795,-0.7727947,0.3223747,-0.5363678,0.27453506,0.81072634,-0.23767884,0.07868634,0.27328184,-0.3540653,0.48973295,0.41758567,0.087258905,-0.424842,-0.20619147,0.13232921
38,4258,-0.056264304,-0.34422135,0.85898286,-0.25916559,0.6287265,0.16525845,-0.08010596,0.7064965,0.18590853,0.06528753,0.30492985,0.8239688,-0.38877994,-0.14754817,-0.11035833,0.23240604
38,4263,0.30634847,-0.4546195,-0.17068674,-0.45918453,0.03897254,-0.9168188,-0.22347905,0.54281867,0.044560835,0.16385134,-0.22695339,-0.1024934,1.0271692,0.35849422,0.15747985,-0.039113656
38,4276,-0.29758298,-0.6617825,-0.1223128,0.4120723,-0.06287789,0.399038,-0.40857935,-0.6325989,-0.35045597,-0.5894669,-0.8094137,-0.28413334,0.14507201,-0.46394736,0.44874734,-0.27470186
38,4284,-0.65530294,0.32029536,0.59043986,0.70294,0.45773923,-0.03684397,0.29558325,0.31292105,0.55419564,-0.3047133,0.47935554,0.23597795,-0.4200778,-0.03920043,-0.0369649,-0.54558146
38,4285,-1.9426484,1.1976057,-0.06627937,1.6223341,0.057422146,-0.5354726,0.2479114,0.15419473,0.9491931,-0.96989536,1.3320084,-0.610683,0.5465423,0.4646111,-0.23078363,-1.421528
38,4313,-0.23553175,-0.54456306,-0.0294718,0.37339032,-0.050803825,0.31120294,-0.4022274,-0.60169137,-0.34329304,-0.5432511,-0.75631225,-0.28355458,0.06525266,-0.43666857,0.46108526,-0.25419998
38,4317,-0.7259814,-0.5200342,-0.7012702,0.4953003,-0.19634664,0.21033764,1.0631186,0.39159733,-0.38166448,0.39472878,-0.82542175,0.26453382,-0.7985255,0.8450365,-0.121824175,0.4617405
38,4324,0.09867833,0.3895544,0.22302288,0.038352147,-0.20844838,-0.15707125,-0.4652987,-0.51832485,-0.48392722,-0.17372832,-0.35095572,-0.40891892,-0.3019178,-0.17114176,0.42578718,-0.00057406723
38,4333,-0.12363071,-0.4112064,0.71681565,-0.61285514,0.5424241,0.17722939,-0.05086735,0.7406378,0.24075772,0.05662002,0.6095198,0.6809013,-0.46730536,0.12498899,-0.15705907,0.4811449
38,4335,-0.042552732,-0.33672598,0.68167526,-0.5064689,0.5011139,0.2559227,-0.0032373667,0.61766183,0.243305,0.06484297,0.52722186,0.6861805,-0.4215397,-0.006132096,-0.19404304,0.37832543
38,4337,0.36759004,0.7736099,-0.3881246,-0.637178,-0.47518867,0.21593076,-0.10740177,-0.41489902,-0.021204934,0.26337743,0.8533172,-0.49105883,-0.4938055,0.21837847,-0.16319005,0.55502254
38,4340,0.06892457,-0.34708595,-0.0035060644,-0.81679726,0.073676825,-0.4541589,-0.14008953,0.61112607,0.075047314,0.16057457,0.3887773,0.09797366,0.35496378,0.5064805,-0.069414474,0.40495586
38,4343,-1.4726024,0.6964836,-0.2345242,1.192647,-0.031153247,-0.11467926,0.07944918,-0.14214773,0.7706089,-0.9379504,1.0455515,-0.5703835,0.6946872,0.13928495,-0.20629735,-1.1936867
38,4350,0.32060942,0.040199578,0.111913525,0.14790027,0.32790148,-0.36647803,0.86943513,-0.34922993,0.7621858,0.08402641,0.20614794,-0.5455705,-0.7898189,0.38939166,0.20834638,-0.035729617
38,4351,0.13659644,-0.14674768,-1.0814255,0.09899384,-0.42189473,0.9109859,0.15624622,-0.583344,0.059186354,0.16955337,-0.014405385,-0.051603325,0.5435199,-0.33889198,-0.5511401,-0.04629317
