window_id,vehicle_id,z_0,z_1,z_2,z_3,z_4,z_5,z_6,z_7,z_8,z_9,z_10,z_11,z_12,z_13,z_14,z_15
140,107,0.7871115,-0.009157851,-0.9083512,0.0870661,0.86685634,0.09490075,0.5931857,0.022468783,0.4184762,-0.6774818,-1.1080456,-0.0008427799,-0.6467761,0.5801116,-1.1320932,0.31360847
140,1923,-0.2536087,-0.05673623,0.44322604,-0.8924933,0.2620611,-0.6719063,-0.5119849,0.12704444,0.07302922,-0.5088983,-0.8343961,0.3851725,0.6199209,-0.24664107,0.81348765,0.33124408
140,2129,-0.2536087,-0.056736276,0.44322604,-0.89249307,0.26206106,-0.67190623,-0.5119848,0.12704444,0.07302923,-0.50889826,-0.8343961,0.3851725,0.6199209,-0.24664107,0.81348765,0.33124408
140,3216,-0.26257366,0.35891992,-0.15427735,0.33983052,0.05097744,-0.43002027,0.027482385,0.57833105,0.13641942,-1.2943442,0.57038367,0.17650934,-0.9083447,1.0157505,-0.38701984,-0.075783245
140,2217,-0.2536087,-0.056736246,0.44322604,-0.8924933,0.2620611,-0.6719063,-0.5119848,0.12704444,0.07302923,-0.5088983,-0.8343961,0.38517252,0.6199209,-0.24664107,0.81348765,0.33124414
140,127,-0.2536087,-0.05673623,0.44322604,-0.8924932,0.2620611,-0.6719062,-0.5119848,0.12704444,0.07302923,-0.50889826,-0.83439624,0.3851725,0.6199209,-0.24664107,0.81348765,0.33124414
140,1674,0.66259193,0.10125823,-0.8717422,0.06062244,0.7404176,0.042825192,0.53677857,0.018775083,0.40927303,-0.6994506,-0.9521643,0.016216286,-0.6249312,0.5510191,-0.9807435,0.14211354
140,2813,-0.34240347,0.23406814,0.18115366,0.29951024,-0.23271604,-0.5962958,-0.41732994,-0.050821252,-0.3239658,-0.9084631,0.34363762,0.28670618,-0.4269886,0.9870392,0.18501386,0.42976838
140,2218,-0.24707194,0.35809177,-0.16396913,0.3352893,0.06700057,-0.4429466,0.026504463,0.6051039,0.13722154,-1.3402406,0.58094627,0.17571262,-0.927114,1.0569447,-0.40556157,-0.07074703
140,2897,-0.2536087,-0.05673626,0.44322604,-0.8924933,0.2620611,-0.6719063,-0.5119848,0.12704447,0.07302923,-0.50889826,-0.8343961,0.38517252,0.6199209,-0.24664107,0.81348765,0.33124414
140,3172,-0.34952214,0.22688812,0.18485044,0.28026357,-0.2154597,-0.5913471,-0.403672,-0.017814912,-0.29125932,-0.9081973,0.33116716,0.2771163,-0.41420615,0.9464601,0.1886929,0.40622833
140,4191,-0.26063085,-0.051816538,0.4282817,-0.8368241,0.2518405,-0.64040875,-0.48119798,0.13978952,0.083848566,-0.49440002,-0.78112364,0.36287582,0.5776453,-0.24276476,0.77054775,0.30926684
140,338,-0.41680777,0.2957356,0.25551152,-0.29334068,-0.0075838715,-0.83051676,-0.59679025,-0.08674116,0.0029643327,-0.92358816,-0.20251733,0.30620098,0.21977438,0.41732553,0.77572703,0.18938346
140,955,-0.2536087,-0.05673623,0.44322604,-0.89249307,0.2620611,-0.67190623,-0.5119848,0.12704444,0.07302923,-0.50889826,-0.8343961,0.38517252,0.6199208,-0.24664107,0.81348765,0.3312442
140,2818,-0.34403902,0.4262804,-0.17780825,0.36729562,-0.02154164,-0.3662017,0.105573684,0.42001864,0.18499187,-1.0627956,0.42222732,0.1893799,-0.8579562,0.77955973,-0.30487627,-0.18029433
140,4247,-0.26063085,-0.051816523,0.42828172,-0.83682424,0.2518405,-0.6404088,-0.48119792,0.13978949,0.083848566,-0.49440002,-0.78112364,0.36287585,0.57764524,-0.24276476,0.77054775,0.3092668
140,1712,-0.2536087,-0.05673623,0.44322598,-0.8924933,0.2620611,-0.67190623,-0.5119848,0.12704447,0.07302923,-0.50889826,-0.8343961,0.3851725,0.6199209,-0.24664107,0.81348765,0.33124423
140,2111,-0.2536087,-0.056736246,0.443226,-0.8924934,0.26206106,-0.67190623,-0.5119848,0.12704447,0.07302922,-0.50889826,-0.834396,0.3851725,0.61992085,-0.24664107,0.81348765,0.33124414
140,3008,-0.37834796,0.45754692,-0.17995313,0.39768022,-0.052459434,-0.38494837,0.12088713,0.39892295,0.19432744,-1.0523496,0.41147053,0.1915802,-0.87756425,0.7609217,-0.27770102,-0.21578646
140,3928,-0.24707194,0.35809183,-0.1639691,0.33528927,0.0670006,-0.44294655,0.02650446,0.60510385,0.13722154,-1.3402408,0.58094627,0.17571262,-0.92711395,1.0569447,-0.40556157,-0.07074703
140,2101,-0.2536087,-0.05673623,0.44322598,-0.8924933,0.2620611,-0.67190623,-0.5119848,0.12704447,0.07302922,-0.50889826,-0.8343961,0.3851725,0.6199209,-0.24664107,0.81348765,0.33124417
140,2,-0.3216198,0.15692444,0.22095086,0.23178694,-0.18259123,-0.5579863,-0.3855295,0.05453191,-0.28396744,-0.86457646,0.31956232,0.2581491,-0.36684942,0.88879573,0.16687426,0.4277534
140,3,-0.27077192,0.35391927,-0.14807889,0.3522925,0.039852187,-0.42360497,0.035804033,0.5830827,0.13763085,-1.2742802,0.575369,0.16750367,-0.9083553,0.99974835,-0.38535428,-0.08379954
140,5,-0.37164786,0.4588713,-0.18499723,0.39716053,-0.04060428,-0.40124696,0.113729626,0.4299222,0.19453411,-1.1025648,0.43612057,0.19266361,-0.8961555,0.8075596,-0.28846785,-0.21244371
140,32,-0.54076606,-0.07286139,0.35896596,0.4082457,-0.38345206,0.31783363,0.26405135,-0.08320076,-0.08562887,0.6815836,0.14243022,0.10831475,-0.25937966,-0.49492028,-0.12633982,0.18956849
140,35,-0.019317359,-0.5621244,0.4272638,-0.021171704,0.09951979,0.22803089,0.07884742,0.8677767,-0.0008590594,-0.006125815,0.5082278,-0.18241882,0.06567241,-0.08430903,-0.40023065,0.30410507
140,39,0.6078851,0.09652604,0.097728595,0.14526293,-0.3296206,-0.13074851,-0.80284315,-1.5739139,-0.9398515,0.5593675,0.17200203,0.26365137,-0.172252,1.2041527,-0.2738459,1.2699037
140,44,-0.022574514,-0.5987722,0.46830124,0.0026473552,0.02615735,0.3652995,0.13607503,0.78019816,-0.07896581,0.222269,0.50720155,-0.15822828,0.080635026,-0.20265073,-0.44756475,0.3580244
140,58,-0.6339328,0.44832006,-0.033847682,0.54754376,-0.41018268,-0.105030544,0.26526496,-0.12596558,0.1253742,-0.08255067,0.1159894,0.17156152,-0.5937824,-0.05982873,0.01617416,-0.3144064
140,60,0.094080836,0.42915505,-0.5170191,0.067450434,-0.02093415,-0.0063961074,0.1412594,-0.10204448,0.20058048,-0.23666361,0.12340315,-0.12758747,-0.16983253,0.16212076,-0.020423312,-0.68495816
140,73,-0.30779612,0.040590152,0.39327008,-0.5492369,0.15761971,-0.70824105,-0.51739323,0.16415077,0.022320136,-0.73042214,-0.38735536,0.28662235,0.39490038,0.14441824,0.7038801,0.2980289
140,88,-0.3423377,-0.2592289,0.342678,0.4180589,-0.2936415,0.46228608,0.29066682,0.29275003,-0.09566139,0.61953795,0.48018685,-0.14181352,-0.16593021,-0.39019048,-0.34817535,0.12071277
140,95,0.3733938,0.22859648,-0.4604677,-0.124166414,-0.06829126,0.16551855,-0.087225795,-0.28272536,0.020156465,0.2292198,0.30476007,-0.32473704,0.42014235,-0.07660627,0.38293514,-0.823988
140,109,-0.36016774,0.30206633,-0.064350046,0.4176942,-0.076131806,-0.30970818,0.088901505,0.4891927,0.12162357,-0.9418042,0.5350202,0.13155498,-0.8155651,0.7240554,-0.31784713,-0.10801174
140,110,-0.30402073,0.09385773,0.2515301,0.1828222,-0.14725769,-0.5124668,-0.35294294,0.12965211,-0.25489908,-0.8073181,0.30528238,0.23486906,-0.31854784,0.7983804,0.14465244,0.4248316
140,117,-0.16082123,-0.34836447,0.42208233,-0.109696016,0.07220706,-0.03015285,-0.065816775,0.5969388,-0.016056456,-0.1871221,0.26712778,0.0048757046,0.07520862,-0.0034904778,-0.09301019,0.31117722
140,122,-0.005129516,-0.6122445,0.43212858,0.10109393,0.010751456,0.4182664,0.18360528,0.86594045,-0.056956053,0.2147716,0.6341555,-0.23702863,0.03450741,-0.16036585,-0.53823996,0.30218193
140,133,1.0045545,-0.39818949,-0.91864634,0.5216708,0.9729439,0.36093688,0.74378103,-0.47437438,0.43335846,0.2335462,-1.7529664,-0.21475768,-0.45019683,0.066523045,-1.0683649,0.7699483
140,141,-0.6217036,0.40619317,-0.029259063,0.54550177,-0.5035733,0.11064292,0.34689558,-0.61139166,0.13226193,0.61584264,-0.3333095,0.10644066,-0.25302127,-0.6910666,0.3197588,-0.37378195
140,147,-0.39950317,0.5872108,-0.3085702,0.37699836,-0.43414253,-0.030023314,0.17182083,-0.41845718,0.21273795,0.11184737,0.012401879,-0.0035633296,-0.264369,-0.24742498,0.2935358,-0.7590288
140,150,-0.7075064,0.40967476,0.04228077,0.5895675,-0.5645001,0.054721467,0.30771217,-0.349398,0.07065543,0.38924766,0.034011915,0.13000873,-0.42055905,-0.43047452,0.1378572,-0.3440839
140,154,-0.0020569265,-0.50299114,0.4690666,-0.5517896,0.38468876,-0.14907828,-0.16730148,0.8222173,0.09399087,-0.2772465,-0.13267684,-0.026472107,0.41399974,-0.1544458,0.066197336,0.35193163
140,158,0.12091932,0.34921998,-0.42613292,0.082896635,-0.16737223,0.10405822,0.03170554,-0.20221797,0.08897792,0.093162075,0.3229593,-0.24941146,0.090534195,-0.008488834,0.21033508,-0.78715646
140,166,-0.076196045,-0.5370391,0.40307623,0.216803,-0.08371369,0.5071409,0.25555176,0.70660156,-0.088710085,0.3996253,0.64161134,-0.24249345,-0.014943942,-0.24595144,-0.5455376,0.2594549
140,170,0.79508305,0.11905974,-0.64499795,-0.40273392,0.23028165,0.1483406,-0.19726297,-0.07618692,0.01898437,-0.05673354,0.43317473,-0.45492935,0.5629603,0.24896681,0.23017958,-0.8393204
140,171,-0.55045164,0.32077378,0.024840973,0.544879,-0.5558162,0.19341262,0.27270943,-0.30326784,0.021968447,0.5232971,0.18290108,-0.035844654,-0.2532393,-0.4610044,0.117617756,-0.4049591
140,172,0.6925831,-0.20041108,-0.78313124,0.5299886,0.6581619,0.2950785,0.63182354,-0.54591334,0.387041,0.34770295,-1.4335202,-0.19065341,-0.3545162,-0.10481138,-0.6902505,0.43994218
140,173,-0.019317359,-0.5621243,0.4272638,-0.021171704,0.09951979,0.22803088,0.07884742,0.8677766,-0.00085905194,-0.006125815,0.5082278,-0.18241882,0.06567238,-0.08430903,-0.40023065,0.30410504
140,175,-0.031485528,-0.56898624,0.4753899,-0.13281237,0.1260947,0.19111675,0.04147631,0.7946764,-0.02997858,0.038912542,0.3553989,-0.109167814,0.13495149,-0.14825247,-0.30950558,0.3675759
140,178,-0.20068836,-0.34718907,0.595763,-0.53283316,0.028898537,0.0069858655,-0.1462636,0.1031908,-0.17924273,0.3094749,-0.34310743,0.35130596,0.32750744,-0.46463865,0.18122518,0.5620346
140,183,-0.25946945,-0.14297041,0.48446065,-0.25385815,-0.19480199,-0.052439056,-0.22028206,-0.26544276,-0.30607602,0.26718694,-0.19426557,0.4303834,0.081696555,-0.16956995,0.16550443,0.60326505
140,185,-0.39950317,0.5872108,-0.30857027,0.3769984,-0.43414253,-0.030023284,0.17182083,-0.4184571,0.21273795,0.11184737,0.012401864,-0.003563337,-0.264369,-0.24742499,0.29353583,-0.7590288
140,197,-0.5732555,0.32332093,0.036866516,0.5480171,-0.54902256,0.17220142,0.27543163,-0.29226783,0.027064227,0.4959057,0.17376769,-0.006515667,-0.28497088,-0.4451179,0.103226975,-0.37614053
140,204,-0.35310236,0.29009655,-0.059498973,0.41043156,-0.07368119,-0.29638562,0.087566994,0.48388442,0.11853093,-0.9202552,0.5302114,0.128339,-0.8015833,0.70730925,-0.32107267,-0.099069364
140,216,0.18381092,0.2672924,-0.36925128,0.04798624,-0.22641516,0.18967733,-0.043263864,-0.291193,0.00630603,0.33926183,0.39955673,-0.3216347,0.32110596,-0.15106794,0.38536307,-0.83341306
140,235,-0.012980014,-0.5716909,0.43097746,-0.012481645,0.0838266,0.2672609,0.09232791,0.8522624,-0.018057667,0.046078987,0.5206007,-0.1844866,0.07102792,-0.10870525,-0.4194212,0.3109098
140,240,-0.25804007,-0.075083286,0.44134283,-0.6049026,0.18867254,-0.56675416,-0.43621272,0.22024417,0.011419423,-0.5281235,-0.43359968,0.27952805,0.42777294,-0.018565,0.6003487,0.347851
140,241,-0.3576448,0.44428363,-0.17688951,0.39006603,-0.026100114,-0.41345453,0.092414916,0.46340123,0.18216814,-1.1500065,0.47478142,0.19152245,-0.90186095,0.85823953,-0.30251285,-0.1882304
140,258,-0.21835141,-0.3324049,0.6090783,-0.5379108,-0.0075219274,0.0139141455,-0.15216644,0.029271357,-0.2098684,0.36082655,-0.3613855,0.39337623,0.315911,-0.48468828,0.19294953,0.5893005
140,263,-0.5607369,0.6237073,-0.3042425,0.5045268,-0.36479744,-0.119819336,0.3680612,-0.59560174,0.33380246,0.1556689,-0.54785335,0.17825428,-0.4380804,-0.4500206,0.2866981,-0.5650519
140,266,1.0072335,0.08493295,-0.7449154,-0.6242679,0.40454993,0.12800364,-0.19235344,-0.21402502,0.059784096,-0.01737278,0.07215491,-0.41564268,0.75944775,0.11630732,0.36845985,-0.8403219
140,278,-0.14381951,-0.33322036,0.5209877,-0.68163115,0.286123,-0.28929678,-0.24937393,0.45990387,0.03562586,-0.1971668,-0.44714043,0.20659637,0.45333028,-0.29645357,0.3405563,0.41100347
140,279,-0.6217037,0.4061932,-0.029259063,0.54550177,-0.5035733,0.11064291,0.34689555,-0.6113916,0.13226193,0.6158426,-0.3333095,0.10644067,-0.25302127,-0.6910666,0.31975874,-0.37378192
140,280,0.986078,-0.15371883,-1.0329248,0.22565675,1.0372504,0.16817686,0.71284187,-0.122594476,0.47220916,-0.4816032,-1.4853797,-0.075756624,-0.6548882,0.5111425,-1.2480139,0.5222062
140,281,0.52418685,0.054138698,0.14887962,0.0064768344,-0.30579185,-0.1068866,-0.757377,-1.4663057,-0.88003874,0.5955411,0.028191477,0.3144564,-0.08399746,0.967154,-0.1901758,1.2135919
140,291,-0.40475586,0.24007009,0.29437461,-0.3817274,0.049643964,-0.8335413,-0.58567023,-0.0037775263,0.029731743,-0.91623116,-0.27993184,0.30390984,0.2770586,0.34101585,0.7922965,0.20266506
140,293,0.29172918,0.20866159,-0.4042139,-0.25031263,0.17186984,0.04970756,0.035142794,-0.391384,0.19294903,0.11641136,-0.3776813,-0.038967207,0.30062687,-0.30570602,0.3213187,-0.46147287
140,302,-0.057742774,0.22613654,0.19888233,-0.10676552,-0.15633556,-0.5279148,-0.642192,-0.64344347,-0.3367584,-0.33262908,-0.030931532,0.29388165,0.051568225,0.67230964,0.36343992,0.5672917
140,308,-0.017369539,-0.568508,0.43317825,-0.009095699,0.07362619,0.27749255,0.09632051,0.8345925,-0.025077857,0.066987306,0.51730275,-0.17760614,0.06963144,-0.120388016,-0.41949943,0.31426123
140,309,-0.30546838,-0.0017622709,0.3056846,0.10001621,-0.09228281,-0.4095956,-0.27919725,0.2671937,-0.17222875,-0.6719471,0.2945471,0.17942855,-0.21305893,0.5753075,0.12658948,0.3596938
140,312,-0.2323052,-0.32578954,0.30704346,0.41367042,-0.23016001,0.5042144,0.286838,0.49955896,-0.07542448,0.5115417,0.67283803,-0.27485657,-0.13182545,-0.29288667,-0.4599248,0.052648623
140,313,-0.5558889,0.31669146,0.03110256,0.5457542,-0.5514332,0.18809882,0.2732625,-0.29074565,0.021710895,0.5132534,0.18880065,-0.02790162,-0.2652561,-0.45065364,0.10445307,-0.38993686
140,314,-0.136614,-0.32051316,0.4472548,-0.54544973,0.2888478,-0.26570883,-0.20758756,0.56736666,0.097034656,-0.2900223,-0.27292076,0.10957288,0.35340077,-0.19332124,0.23220599,0.3208749
140,325,0.52418697,0.054138705,0.1488796,0.0064768344,-0.30579185,-0.10688662,-0.75737697,-1.4663057,-0.88003874,0.5955411,0.028191477,0.3144564,-0.08399746,0.9671539,-0.1901758,1.2135918
140,339,0.13307765,0.03547761,0.2581161,-0.31185997,-0.15301454,-0.26207936,-0.6157749,-0.8759169,-0.4961467,0.21834293,-0.3067293,0.38055342,0.17734872,0.38901195,0.19864237,0.80630726
140,342,-0.017694712,-0.5913083,0.42204195,0.113771155,0.0005480051,0.41761526,0.18579595,0.8398166,-0.05367352,0.22047469,0.6294116,-0.23102742,0.02410905,-0.16378196,-0.5319335,0.29029647
140,363,-0.058894962,-0.56387174,0.4097907,0.21779543,-0.07674165,0.52452135,0.2632743,0.74152815,-0.09402871,0.40814862,0.6646005,-0.26250756,-0.00594081,-0.24402098,-0.56750953,0.26600444
140,367,-0.20415619,-0.20110202,0.48219782,-0.6493605,0.22929707,-0.4075802,-0.33504856,0.31022245,0.018712595,-0.3214613,-0.46193305,0.2548133,0.44689214,-0.19281499,0.4683996,0.3817481
140,375,-0.26458198,0.3778766,-0.16985655,0.34897408,0.054937482,-0.45359498,0.035097446,0.59902775,0.14437878,-1.3438377,0.57720363,0.17924851,-0.9398059,1.0552115,-0.39359242,-0.09162698
140,381,-0.70595396,0.40267175,0.047054473,0.5807163,-0.55134606,0.050158955,0.30149704,-0.33850744,0.07393749,0.37193215,0.03368923,0.1376618,-0.42337078,-0.4207042,0.12972626,-0.32801208
140,385,0.7605705,0.09051141,-0.58652544,-0.26592165,0.11911303,0.21666557,-0.2343703,0.078344576,-0.042456433,-0.01705622,0.85858023,-0.6102799,0.55445397,0.36913338,0.16426775,-0.92499095
140,386,0.44894412,0.18732125,-0.48560554,-0.3376311,0.23039591,0.059932873,-0.007748872,-0.36455935,0.1726771,0.08449176,-0.31401935,-0.112738,0.399216,-0.2249713,0.3382257,-0.5430753
140,394,-0.010314792,-0.6155361,0.4632756,0.03144209,0.020329699,0.39502567,0.15505733,0.81352794,-0.07948698,0.23584321,0.55186915,-0.18585286,0.071503684,-0.19635674,-0.48482823,0.34799668
140,404,-0.24217345,-0.22043467,0.5421804,-0.37755758,-0.1505309,0.013783067,-0.18834141,-0.22300188,-0.2842255,0.39867514,-0.28271702,0.44084898,0.17838861,-0.348338,0.17136644,0.6206045
140,405,-0.087738395,-0.483015,0.46657306,-0.15767919,0.1113849,0.09692949,-0.007292796,0.69426906,-0.025567919,-0.031396724,0.26871815,-0.04301563,0.13183467,-0.12106783,-0.19803646,0.35885507
140,423,-0.26818106,-0.054058462,0.42619327,-0.5755091,0.17330629,-0.5632138,-0.43280566,0.20063499,0.014058061,-0.5314929,-0.41219828,0.27681768,0.40750355,-0.0065121353,0.59449387,0.3315626
140,430,1.1870359,-0.42256588,-1.0522338,0.40552935,1.1873336,0.3297892,0.80465645,-0.28461057,0.47184452,-0.12135028,-1.8324875,-0.1726704,-0.5924077,0.35751483,-1.3795912,0.8687047
140,442,-0.21919076,-0.24246478,0.3885697,-0.059481755,0.032199353,-0.13659847,-0.11459671,0.5262828,-0.029786915,-0.32672042,0.28023776,0.046632536,0.0029075444,0.12844935,-0.018168379,0.28833035
140,443,0.19986114,0.27518216,-0.3848405,-0.020525172,-0.16855101,0.1614904,-0.031886887,-0.3671218,0.03952665,0.32598183,0.20588104,-0.25533652,0.34820944,-0.21666785,0.43232766,-0.79563284
140,453,0.81648326,-0.027802527,-0.92919374,0.10623565,0.8930578,0.10354818,0.6116221,0.0018353239,0.42822805,-0.6528564,-1.164963,-0.011629939,-0.64919186,0.57156205,-1.1484678,0.34089822
140,456,0.3365666,0.24274753,-0.44585335,-0.11128341,-0.0873998,0.16322662,-0.06756641,-0.3312361,0.031038273,0.2727513,0.23229232,-0.2995683,0.42191875,-0.14355814,0.422498,-0.8214799
140,460,-0.13994691,0.38234714,-0.41967976,0.43130785,-0.18824624,0.07836662,0.30807734,-0.55712146,0.24847533,0.32558957,-0.44983336,-0.051887408,-0.21885386,-0.3470082,0.14918458,-0.4662886
140,461,0.66891396,0.08041799,0.08234214,0.18181503,-0.33715194,-0.060754456,-0.7865389,-1.6322887,-0.97322655,0.66898715,0.21207693,0.24048156,-0.21115194,1.2226998,-0.3666983,1.3112528
140,469,-0.35002625,0.25828558,-0.039151214,0.41592917,-0.08635366,-0.25375175,0.09978433,0.48666754,0.10873242,-0.84058416,0.54269195,0.10346781,-0.7676239,0.6521213,-0.32654935,-0.09636551
140,470,0.28590736,0.14586,0.14620888,0.05025761,-0.27664995,-0.22434407,-0.66722566,-1.147725,-0.6504003,0.26035115,0.09849307,0.2798387,-0.09424219,0.8598801,-0.0305163,0.9219199
140,480,0.5186039,0.18789394,-0.52146894,-0.16652043,-0.025333136,0.18961999,-0.14590403,-0.16585019,-0.020166434,0.16236524,0.5316652,-0.4412681,0.4807579,0.08729735,0.3265097,-0.89637935
140,481,-0.2844424,0.4758652,-0.34043577,0.40110195,-0.33484873,0.043306224,0.23953296,-0.5292099,0.21701637,0.2989305,-0.23743072,-0.028265283,-0.19492511,-0.36836123,0.27866328,-0.6183758
140,485,-0.30339962,0.39300302,-0.16186115,0.3590779,0.016184673,-0.41573983,0.056508698,0.51895183,0.15366215,-1.2163888,0.52104574,0.18358885,-0.89743,0.9346899,-0.34996626,-0.12064527
140,491,0.15662232,0.26712734,-0.35175747,0.048616603,-0.2189697,0.18077055,-0.03867999,-0.2936949,0.015111655,0.32241917,0.36665738,-0.29173362,0.29689294,-0.15839145,0.3701816,-0.7948755
140,495,-0.5424439,0.7118271,-0.34217748,0.44358116,-0.41320696,-0.17878383,0.24201782,-0.390342,0.3144647,-0.120562784,-0.12571707,0.11746503,-0.49072242,-0.16919088,0.22838178,-0.7460969
140,498,0.010774344,-0.6541395,0.49041104,-0.03149493,0.07192978,0.33131698,0.12128118,0.8887648,-0.06770481,0.14637809,0.52732384,-0.18498513,0.10134588,-0.15918145,-0.45805028,0.37990075
140,509,0.7628131,0.13488822,-0.6365766,-0.51919854,0.3534421,0.08598031,-0.08773176,-0.33222634,0.13452925,0.053490758,-0.2276682,-0.2523299,0.6181006,-0.10559252,0.3947717,-0.6928437
140,521,0.52418697,0.05413872,0.14887962,0.0064768344,-0.30579185,-0.1068866,-0.7573771,-1.4663059,-0.88003874,0.5955411,0.028191462,0.3144564,-0.08399746,0.967154,-0.1901758,1.2135919
140,536,-0.57089925,0.6624798,-0.321993,0.4983899,-0.3843272,-0.14560181,0.3500166,-0.5636232,0.33678174,0.08843206,-0.47758588,0.17458345,-0.4611616,-0.39512724,0.28761542,-0.62197244
140,540,-0.15184674,-0.4664395,0.42827815,0.15625301,-0.100739025,0.39339045,0.20619199,0.59797764,-0.07573064,0.33239782,0.49306437,-0.11041093,-0.04131213,-0.253237,-0.42997104,0.29650226
140,545,-0.3963905,-0.18427724,0.32678786,0.4074837,-0.30839515,0.40026078,0.2696529,0.18850386,-0.07630606,0.5831926,0.3889858,-0.066026,-0.19593789,-0.39571065,-0.28018582,0.1182953
140,562,-0.005349666,-0.61443895,0.46703777,-0.02001889,0.06869739,0.30668834,0.110993415,0.8601061,-0.05031903,0.113594145,0.5207575,-0.17767438,0.08413719,-0.1436531,-0.43895075,0.35265186
140,569,0.39479116,0.22175881,-0.46859616,-0.13036071,-0.062802434,0.17000714,-0.09656921,-0.26604152,0.013083592,0.2213879,0.33935273,-0.34216177,0.4304015,-0.053303376,0.37564582,-0.8345412
140,572,-0.30611786,-0.066897556,0.16658798,0.4385237,-0.20067431,0.1919226,0.20919065,0.47581235,0.014162995,-0.010263927,0.63228405,-0.13817117,-0.38776302,0.05951655,-0.37389928,-0.053456523
140,576,-0.5464435,0.5295007,-0.24355033,0.5059695,-0.33282983,-0.05474829,0.38477045,-0.64546007,0.31114247,0.30092114,-0.6420671,0.18611148,-0.3781402,-0.5585413,0.27950832,-0.43255463
140,580,0.9552214,0.09292964,-0.71728307,-0.61214864,0.4017317,0.11794736,-0.16610642,-0.2501746,0.08094564,0.0039853305,-0.023000926,-0.36951146,0.73705524,0.04966429,0.38166678,-0.7983625
140,596,-0.56769466,0.6804931,-0.33027032,0.48462778,-0.39040115,-0.15863684,0.32896376,-0.5269159,0.33488947,0.030481428,-0.4088005,0.1696175,-0.47322208,-0.34294128,0.27392453,-0.65287197
140,604,-0.073164165,-0.5495754,0.41176698,0.21372521,-0.08253243,0.5093305,0.25815246,0.7202024,-0.092227235,0.40212178,0.6434024,-0.24317175,-0.012783557,-0.2466854,-0.5501728,0.268743
140,610,-0.2308764,-0.06929538,0.4668524,-0.9491485,0.2414932,-0.6903995,-0.5621472,0.045821525,0.0152134,-0.472534,-0.89346254,0.4355374,0.6575889,-0.2367409,0.8493298,0.40096775
140,612,-0.007796228,-0.60223854,0.39430946,0.22758201,-0.051570266,0.56438273,0.26992223,0.81387794,-0.09188615,0.40530255,0.73816407,-0.3279753,0.016186863,-0.22237782,-0.6206999,0.2459138
140,619,-0.55903316,0.34529686,0.017866634,0.52620935,-0.5576863,0.18926667,0.27528232,-0.3853218,0.04061396,0.55499715,0.083968416,-0.01210694,-0.21879172,-0.5305437,0.18977365,-0.42724246
140,635,-0.5411319,0.31975365,0.025924928,0.51910627,-0.5408462,0.19730172,0.26093554,-0.33378145,0.029939875,0.5297452,0.14370486,-0.025206655,-0.22491007,-0.48673025,0.14383616,-0.40031496
140,655,-0.04251474,-0.5632376,0.49263114,-0.1729341,0.12804413,0.17646798,0.028458674,0.75493985,-0.040539697,0.058700256,0.2925532,-0.0746682,0.15784381,-0.17621776,-0.268899,0.38932464
140,656,0.8789493,0.11074931,-0.6917938,-0.46994054,0.280332,0.14405954,-0.20637545,-0.09970188,0.022957623,-0.061037593,0.37193942,-0.46481138,0.62456703,0.24541947,0.26327655,-0.8643257
140,666,-0.2550887,-0.116282135,0.4594004,-0.20503496,-0.20884065,-0.085168414,-0.23983668,-0.27799666,-0.32455274,0.20053482,-0.15681243,0.42580217,0.038485125,-0.07513364,0.15599391,0.60980636
140,686,0.0054655075,-0.61697006,0.39406937,0.230598,-0.047299504,0.5823715,0.27608263,0.83055276,-0.09597655,0.41872182,0.75619495,-0.34573,0.02512218,-0.2247713,-0.6371013,0.24565324
140,697,1.1870357,-0.42256588,-1.0522339,0.40552935,1.1873335,0.3297892,0.8046565,-0.28461057,0.47184455,-0.121350296,-1.8324877,-0.17267045,-0.59240764,0.35751483,-1.379591,0.8687046
140,716,-0.1545063,-0.48540682,0.4410378,0.17775996,-0.116024144,0.42883325,0.23319095,0.599846,-0.092749715,0.38881513,0.5080572,-0.12378232,-0.042157352,-0.2781799,-0.450379,0.3071585
140,717,0.37344185,0.21885139,-0.45354646,-0.11769758,-0.06562972,0.16811122,-0.09646498,-0.2473681,0.013011321,0.20428494,0.3576548,-0.33312854,0.40352786,-0.03856349,0.3484386,-0.81030375
140,728,-0.30611786,-0.06689757,0.16658798,0.43852365,-0.20067433,0.1919226,0.20919065,0.4758123,0.0141629875,-0.010263927,0.63228405,-0.13817117,-0.38776302,0.05951655,-0.37389925,-0.053456523
140,729,-0.013828069,-0.6128918,0.5104861,-0.18288635,0.14838439,0.18651521,0.03297459,0.82660705,-0.04527107,0.04791809,0.32317173,-0.101070434,0.17250846,-0.1627438,-0.29846093,0.40853518
140,730,-0.019317359,-0.5621243,0.42726383,-0.021171704,0.09951979,0.22803089,0.07884742,0.8677767,-0.0008590594,-0.00612583,0.5082278,-0.1824188,0.06567241,-0.08430903,-0.40023062,0.30410504
140,745,-0.019123286,-0.59896743,0.50023663,-0.17074291,0.14180043,0.1892049,0.034819704,0.8122746,-0.04200667,0.04961758,0.32841796,-0.101542726,0.16404311,-0.16197397,-0.29963982,0.39716193
140,758,-0.38966525,0.5700337,-0.29435822,0.37077835,-0.44817063,-0.002145864,0.1734178,-0.45918104,0.19710891,0.19306442,-0.012314841,-0.014453098,-0.20886353,-0.31064025,0.3404692,-0.76533955
140,763,-0.6396486,0.36478603,0.043310426,0.55579895,-0.5633207,0.1296575,0.2891229,-0.36017957,0.040594693,0.48322132,0.07468788,0.069731675,-0.3260027,-0.47428343,0.1405668,-0.35344002
140,783,0.28881815,0.36444598,-0.68813634,0.036103383,0.2696918,-0.024642177,0.3155217,-0.037060417,0.2982974,-0.49238646,-0.29970703,-0.042928696,-0.3759513,0.3398308,-0.3774188,-0.436195
140,786,0.33656654,0.24274755,-0.44585335,-0.11128344,-0.087399796,0.16322663,-0.06756641,-0.3312361,0.031038273,0.2727513,0.23229232,-0.29956836,0.42191875,-0.14355814,0.42249802,-0.8214799
140,789,-0.005688578,-0.53203666,0.5162853,-0.57626927,0.3583549,-0.10891708,-0.15742247,0.7717755,0.045150973,-0.17833334,-0.16775936,0.015608855,0.4333346,-0.2129394,0.06830627,0.4116538
140,797,0.43010363,0.20426196,-0.47854614,-0.13612129,-0.045330897,0.17497696,-0.11804123,-0.20265108,0.00041425973,0.1736123,0.43835467,-0.37572724,0.42490256,0.025277466,0.32501963,-0.83613443
140,801,-0.12983459,-0.4231817,0.56804657,-0.54393923,0.16950673,-0.033096902,-0.13693199,0.39013043,-0.077760786,0.11146359,-0.27614978,0.20824921,0.37590897,-0.38000587,0.13721749,0.49142078
140,808,-0.71394837,0.4199169,0.039325476,0.59035146,-0.5525468,0.029029258,0.303999,-0.3300744,0.081691094,0.33765638,0.036855966,0.14130133,-0.4451192,-0.39755514,0.13197923,-0.34181374
140,810,-0.048497528,-0.4398384,0.46053624,-0.5676194,0.3755916,-0.23945206,-0.19725637,0.7778001,0.11763257,-0.35419646,-0.19159266,0.013321295,0.3956613,-0.13593265,0.14630982,0.33437943
140,827,0.69258296,-0.20041111,-0.7831311,0.5299886,0.6581619,0.2950785,0.6318235,-0.5459134,0.387041,0.34770298,-1.4335202,-0.19065341,-0.3545162,-0.104811385,-0.6902505,0.43994218
140,832,-0.56088275,-0.0428548,0.35242182,0.4045809,-0.3894596,0.2941389,0.25459602,-0.12554297,-0.07849674,0.6692023,0.10798011,0.13610825,-0.27084592,-0.49665752,-0.098990075,0.18728276
140,840,-0.5607369,0.6237073,-0.3042425,0.5045268,-0.36479744,-0.11981932,0.36806118,-0.5956017,0.3338025,0.1556689,-0.54785323,0.17825429,-0.43808037,-0.4500206,0.2866981,-0.5650519
140,843,0.66891396,0.08041799,0.08234214,0.18181503,-0.33715194,-0.06075444,-0.786539,-1.6322886,-0.97322655,0.6689871,0.21207693,0.24048156,-0.21115193,1.2226998,-0.36669832,1.3112527
140,854,0.34636632,0.23264447,-0.4451329,-0.11488263,-0.07624456,0.16355705,-0.07714796,-0.30004302,0.026246667,0.24419054,0.2706486,-0.30588257,0.4107808,-0.10659833,0.3910867,-0.8079931
140,856,-0.2536087,-0.056736246,0.443226,-0.8924933,0.2620611,-0.67190623,-0.5119849,0.12704447,0.07302923,-0.50889826,-0.8343961,0.3851725,0.6199209,-0.24664107,0.81348765,0.33124408
140,872,0.4388995,0.049446985,0.16411519,-0.023586735,-0.28957424,-0.116087206,-0.71348625,-1.3538924,-0.8070774,0.5389063,-0.016042128,0.32452762,-0.054724693,0.84933686,-0.13827501,1.1276783
140,876,-0.19082104,-0.23119009,0.4929495,-0.6645762,0.24427527,-0.38476777,-0.31808674,0.34242928,0.023092195,-0.29393902,-0.46873066,0.24715674,0.45353717,-0.22080937,0.44566277,0.3901118
140,878,-0.23045382,-0.3038285,0.60936606,-0.5182039,-0.07162991,0.020383924,-0.17068912,-0.09344365,-0.25998977,0.42521182,-0.3735189,0.44440344,0.27582014,-0.4733114,0.20073316,0.6325659
140,880,-0.4059701,0.23513198,0.2892479,-0.37025064,0.05125445,-0.8068269,-0.56320786,0.009247638,0.041275367,-0.8925971,-0.26870954,0.2942384,0.26575214,0.31644204,0.76676214,0.18837006
140,891,0.2937682,0.24801034,-0.42156065,-0.08924793,-0.10466569,0.16211572,-0.056053195,-0.3431673,0.035908837,0.28790948,0.21118885,-0.27885786,0.40045655,-0.17174092,0.42332476,-0.8000841
140,893,-0.5967984,0.3895633,-0.057833187,0.5377382,-0.41354632,0.08128943,0.36849934,-0.6671894,0.18550913,0.60427773,-0.5155878,0.1469472,-0.27093205,-0.71426225,0.31337532,-0.29129687
140,903,-0.056516826,-0.5746233,0.4383224,0.13200864,-0.03257756,0.41404265,0.20110312,0.7963753,-0.06527893,0.25622424,0.5992388,-0.19856805,-0.0007698089,-0.1872373,-0.5133719,0.30469906
140,928,0.45292392,0.20978616,-0.4974897,-0.15008153,-0.04455696,0.17633368,-0.11828883,-0.22713147,-0.000240013,0.19305708,0.41493306,-0.38414365,0.4538197,0.0082473755,0.35798943,-0.8657337
140,932,-0.25226063,-0.08943468,0.44178528,-0.60002905,0.18825153,-0.5292337,-0.4127705,0.2238245,0.013907239,-0.48136503,-0.43150917,0.27432573,0.42296475,-0.053506374,0.5697628,0.3466263
140,947,-0.39950317,0.5872108,-0.3085702,0.3769984,-0.43414253,-0.0300233,0.17182083,-0.41845712,0.21273795,0.11184737,0.012401879,-0.0035633296,-0.264369,-0.24742499,0.2935358,-0.7590288
140,951,-0.19267328,-0.4651574,0.4280158,0.26910844,-0.17783912,0.5540617,0.29405764,0.46688727,-0.13179487,0.648766,0.5034069,-0.18234915,-0.027164593,-0.41070652,-0.45572522,0.2789468
140,953,-0.031485498,-0.5689862,0.4753899,-0.13281237,0.1260947,0.19111675,0.041476313,0.7946764,-0.029978588,0.038912535,0.3553989,-0.1091678,0.13495152,-0.14825247,-0.30950558,0.36757588
140,954,-0.16300353,-0.46638703,0.43316546,0.1760009,-0.118445136,0.4179702,0.22609271,0.57681257,-0.08789179,0.380839,0.49489677,-0.11303954,-0.04595901,-0.2776441,-0.43666983,0.29978082
140,958,-0.31171557,-0.3367992,0.4195032,0.2942307,-0.24614838,0.48341122,0.27991748,0.24067253,-0.12740435,0.6993434,0.3456425,-0.06478599,-0.089768246,-0.46602577,-0.33186492,0.28037015
140,961,-0.5732555,0.3233209,0.036866523,0.5480171,-0.5490226,0.17220142,0.2754316,-0.29226783,0.027064234,0.49590567,0.17376769,-0.006515667,-0.28497088,-0.44511786,0.103226975,-0.37614053
140,962,0.54952407,0.14028804,-0.49515796,-0.16906299,-0.0050901026,0.21394208,-0.17315383,-0.08258592,-0.043745384,0.14249328,0.6638179,-0.48227328,0.49317342,0.15240481,0.26595157,-0.8653374
140,967,-0.08371973,-0.4729526,0.562997,-0.56603396,0.23215836,-0.043229796,-0.1404405,0.5132366,-0.048563987,0.042277917,-0.24939007,0.14889221,0.4090554,-0.3430757,0.112901226,0.47953007
140,971,1.0045545,-0.39818943,-0.91864645,0.5216708,0.97294426,0.36093688,0.7437811,-0.4743744,0.43335846,0.23354618,-1.7529663,-0.21475768,-0.45019686,0.066523075,-1.0683649,0.7699483
140,972,0.14580873,0.44968167,-0.6242949,0.034868136,0.14729252,-0.063310824,0.26322943,-0.04668767,0.28189924,-0.47627527,-0.14951628,-0.022395805,-0.35347068,0.28959683,-0.23774363,-0.557998
140,973,-0.44947237,-0.14536494,0.33707863,0.41906995,-0.3382814,0.36830357,0.27009028,0.09138853,-0.07937175,0.6210009,0.30085707,-0.005353652,-0.22827755,-0.4252842,-0.22780305,0.14624673
140,975,-0.24977295,-0.1671564,0.5027344,-0.2835955,-0.18189545,-0.047110848,-0.2213706,-0.24774799,-0.31253603,0.28077078,-0.20995781,0.4330199,0.10583766,-0.18795447,0.16796575,0.6209222
140,989,-0.6396486,0.36478603,0.043310426,0.55579895,-0.5633207,0.1296575,0.2891229,-0.36017957,0.040594693,0.48322135,0.07468788,0.06973168,-0.3260027,-0.47428343,0.1405668,-0.35344
140,998,0.2758738,0.36763602,-0.68643385,0.03783734,0.28296286,-0.03420373,0.32635334,-0.03281042,0.30959612,-0.5192359,-0.33106378,-0.021891013,-0.40507275,0.34687236,-0.40195245,-0.4090348
140,1001,-0.39039448,0.45791644,-0.17540458,0.41228378,-0.071528435,-0.3752367,0.13224007,0.3862221,0.19094333,-1.0148664,0.40681523,0.18569863,-0.8732962,0.73266447,-0.26816285,-0.22580545
140,1005,0.0034983456,-0.51383466,0.47896615,-0.57692885,0.39845052,-0.16526401,-0.17669545,0.8384083,0.094764054,-0.29196417,-0.15190491,-0.023608804,0.43061155,-0.15413146,0.08045556,0.36224946
140,1008,-0.14853838,-0.3275532,0.5256983,-0.6995179,0.28935108,-0.31541875,-0.26592574,0.4538258,0.035701588,-0.22134718,-0.47070876,0.21664278,0.46620142,-0.28947437,0.36812696,0.41591007
140,1012,-0.20652682,-0.34906703,0.6119466,-0.5487077,0.01322867,0.014176093,-0.15025817,0.066549145,-0.20118964,0.34619328,-0.36002323,0.3770726,0.33213413,-0.48403642,0.18886733,0.5867684
140,1018,-0.28422916,-0.10175049,0.34011364,0.023042351,-0.033040702,-0.27478898,-0.18989946,0.39110604,-0.07997842,-0.50092703,0.28564224,0.11352873,-0.10709476,0.33032462,0.0714235,0.2915977
140,1024,-0.4594772,-0.1932652,0.41852552,0.33131793,-0.3344677,0.40429246,0.27277696,-0.019116089,-0.12700434,0.7698375,0.15533675,0.07511722,-0.1645335,-0.5416991,-0.18552104,0.28495547
140,1032,-0.012573004,-0.6217872,0.48271275,-0.016416326,0.04447949,0.34363356,0.12726115,0.8230545,-0.07552971,0.18678617,0.50762534,-0.16218516,0.08845393,-0.18471576,-0.4448948,0.37292293
140,1047,-0.14321199,-0.31581843,0.45597482,-0.55684906,0.28069893,-0.26493073,-0.2102003,0.54002774,0.08667122,-0.26839325,-0.29527995,0.12725385,0.360009,-0.21132779,0.24606273,0.33191243
140,1062,-0.0024660528,-0.6231161,0.4526808,0.059422135,0.022045463,0.39944944,0.16557635,0.8569809,-0.067367986,0.2113416,0.59530723,-0.2132217,0.055147514,-0.17064853,-0.5118332,0.32998765
140,1071,0.014235139,-0.62479854,0.39126337,0.23589064,-0.043910444,0.59120876,0.27950892,0.84623843,-0.09606229,0.41956574,0.77266,-0.35993004,0.027352855,-0.22058274,-0.6489655,0.24109307
140,1096,-0.3788846,-0.25296,0.40777996,0.2977509,-0.28044346,0.43914905,0.26573145,0.108344175,-0.1202949,0.7101803,0.25754118,0.005559154,-0.119177245,-0.49516803,-0.257248,0.27078336
140,1101,0.24608722,0.04577163,0.20723271,-0.14778225,-0.22776784,-0.16637135,-0.62773496,-1.0751102,-0.6205405,0.37716922,-0.15015921,0.34779266,0.049662665,0.56933343,0.023364969,0.92011416
140,1106,-0.5464435,0.5295007,-0.24355033,0.5059695,-0.33282983,-0.05474829,0.38477045,-0.64546,0.31114244,0.30092117,-0.6420672,0.18611148,-0.37814024,-0.5585413,0.27950835,-0.43255466
140,1115,-0.7075064,0.4096748,0.04228077,0.5895675,-0.5645001,0.054721467,0.30771214,-0.349398,0.070655435,0.38924763,0.03401193,0.13000873,-0.42055908,-0.4304745,0.1378572,-0.34408394
140,1132,0.98170555,0.0823634,-0.72546566,-0.60429066,0.38847438,0.13275106,-0.1936398,-0.20230508,0.0535646,-0.014282815,0.102079965,-0.41366357,0.74237627,0.12140012,0.3546685,-0.82694733
140,1135,-0.53584415,0.4185527,-0.18876705,0.54611564,-0.26955998,0.0026966557,0.44537857,-0.7331656,0.3077923,0.5028085,-0.8480742,0.19318601,-0.3377481,-0.71115553,0.28213736,-0.2541641
140,1136,0.6295123,0.08867691,0.08823612,0.16892317,-0.33727348,-0.08857659,-0.78595275,-1.5976901,-0.9510542,0.61630416,0.1934528,0.25357118,-0.19371577,1.2000341,-0.32289955,1.2803881
140,1140,-0.26766613,0.37442267,-0.16552675,0.34659296,0.049948126,-0.44114095,0.036827613,0.5827705,0.1437966,-1.3129362,0.5663345,0.17871901,-0.92526096,1.0279512,-0.38751897,-0.0911167
140,1141,0.7238084,0.095484465,-0.5639588,-0.23828618,0.061077803,0.2390137,-0.22566135,0.012995966,-0.067116275,0.09333573,0.83576274,-0.60491085,0.59216213,0.28088665,0.2404556,-0.9498182
140,1144,0.041363984,0.2130716,-0.45780712,0.44556192,0.003671497,0.15089968,0.36522487,-0.55755115,0.2602717,0.3915614,-0.65185666,-0.08452171,-0.20803694,-0.33410624,-0.021218628,-0.22148992
140,1153,-0.21471131,-0.4338326,0.42128703,0.26950252,-0.18858844,0.53811747,0.28711787,0.42020717,-0.12800983,0.64958906,0.47422937,-0.15919515,-0.036325872,-0.41908705,-0.42934993,0.2724661
140,1158,1.0131961,-0.16913426,-1.0521551,0.23970094,1.0611581,0.17517115,0.7284214,-0.13728835,0.48048788,-0.46623075,-1.5325198,-0.084668145,-0.6581112,0.50833774,-1.2654434,0.54494506
140,1173,-0.3686351,0.4614126,-0.18914834,0.39778295,-0.03190884,-0.41512585,0.10774425,0.45231858,0.19320233,-1.14444,0.4539202,0.19627155,-0.9112357,0.8466135,-0.29606223,-0.20857893
140,1174,0.30059072,0.24966541,-0.4269513,-0.091313794,-0.10689097,0.16387227,-0.056523908,-0.3497967,0.034539435,0.2964773,0.20989797,-0.28438395,0.4106769,-0.1766364,0.43449482,-0.8121736
140,1178,-0.30779612,0.040590137,0.39327005,-0.54923695,0.15761971,-0.70824105,-0.5173932,0.16415077,0.022320136,-0.730422,-0.38735542,0.28662235,0.39490038,0.14441821,0.7038801,0.29802883
140,1184,-0.012980014,-0.57169086,0.43097743,-0.012481615,0.0838266,0.2672609,0.09232791,0.85226226,-0.018057667,0.04607898,0.5206007,-0.1844866,0.07102789,-0.108705245,-0.4194212,0.3109098
140,1188,-0.6256864,-0.02374439,0.40651587,0.36415195,-0.42661804,0.30216613,0.25866684,-0.28036758,-0.114454746,0.8019285,-0.03784129,0.22877352,-0.24743722,-0.6108754,-0.021459736,0.26329666
140,1204,-0.5875864,0.40809634,-0.1155727,0.5711279,-0.36746868,0.04896546,0.42942113,-0.74407065,0.24142419,0.6194606,-0.7241998,0.16783872,-0.30075115,-0.7644428,0.3333756,-0.27747607
140,1215,-0.5012631,0.4704651,-0.12304335,0.4791147,-0.2090773,-0.28121033,0.17791373,0.20965764,0.17907426,-0.67721415,0.32892233,0.17587627,-0.7723421,0.44318172,-0.1479415,-0.28860736
140,1216,0.26843873,0.25959003,-0.4142955,-0.0689456,-0.12942302,0.164106,-0.047344055,-0.36411422,0.036293056,0.31540284,0.20077185,-0.27550387,0.39755452,-0.19932409,0.44450918,-0.8127188
140,1220,0.41308758,-0.022255257,-0.66128033,0.5306712,0.38276413,0.23217416,0.53685284,-0.5977891,0.34866142,0.42700848,-1.1564448,-0.15711606,-0.28737792,-0.24667013,-0.37188685,0.1568173
140,1239,-0.2308764,-0.06929538,0.46685243,-0.9491485,0.24149323,-0.6903997,-0.56214726,0.045821525,0.015213393,-0.47253406,-0.89346266,0.43553743,0.6575889,-0.2367409,0.8493298,0.40096778
140,1254,0.6025957,0.07224627,0.103135645,0.1286702,-0.3267893,-0.064771585,-0.75942874,-1.5528436,-0.92781234,0.64519244,0.15357131,0.2604649,-0.17291716,1.1114666,-0.309001,1.2579806
140,1265,0.3564913,0.2355686,-0.4541785,-0.119564995,-0.07594536,0.16371293,-0.07745148,-0.30710024,0.026185833,0.24924284,0.26599556,-0.3113988,0.42115146,-0.10952772,0.4022656,-0.8219866
140,1268,0.5330646,0.19010332,-0.8106095,0.054138184,0.588665,0.017159916,0.4693566,-0.0005030781,0.37720707,-0.6390935,-0.7528082,0.0059058815,-0.5546481,0.48096856,-0.78970826,-0.038703565
140,1270,0.22369304,0.26593938,-0.39190647,-0.045176014,-0.14255464,0.1583152,-0.037176985,-0.36168045,0.04282848,0.30855006,0.1912566,-0.2527411,0.35953492,-0.2071767,0.4259651,-0.7840382
140,1277,-0.33209428,0.089985095,0.35955444,-0.48637486,0.1253359,-0.71148777,-0.51509285,0.123716556,0.030061923,-0.7522727,-0.3413923,0.2813081,0.35039556,0.17933747,0.698385,0.2613786
140,1288,-0.17684461,-0.4450099,0.42385224,0.18856886,-0.12768227,0.41226768,0.22728111,0.55295795,-0.08385567,0.38056684,0.4899478,-0.10736379,-0.05802539,-0.27823526,-0.4274136,0.2877362
140,1290,0.84758365,0.09494188,-0.65093726,-0.33152825,0.1698969,0.20242402,-0.24511977,0.06257529,-0.034276366,-0.052593373,0.8062599,-0.6216273,0.59714884,0.39426908,0.1849724,-0.9629426
140,1307,0.6078851,0.09652604,0.097728595,0.14526293,-0.3296206,-0.13074848,-0.80284315,-1.5739143,-0.9398515,0.5593675,0.17200203,0.26365137,-0.172252,1.2041527,-0.2738459,1.2699037
140,1322,-0.3788846,-0.25296003,0.40777993,0.2977509,-0.28044346,0.43914905,0.26573145,0.10834419,-0.120294884,0.71018034,0.25754118,0.0055591613,-0.11917723,-0.49516806,-0.257248,0.2707833
140,1331,-0.6038534,0.39241448,0.0035002083,0.53705,-0.56157005,0.14882508,0.30293375,-0.4754297,0.0747309,0.56546074,-0.061560422,0.04189483,-0.23804635,-0.59501666,0.25720465,-0.43804216
140,1333,0.24608722,0.04577163,0.20723271,-0.14778228,-0.22776785,-0.16637138,-0.62773496,-1.0751103,-0.6205406,0.3771692,-0.15015921,0.34779266,0.049662635,0.5693333,0.023364961,0.92011404
140,1334,-0.39015156,0.5716845,-0.29458386,0.3712302,-0.45338064,0.0012549609,0.17712499,-0.47475392,0.19626752,0.21308848,-0.027484462,-0.016091153,-0.19707012,-0.3299671,0.35796216,-0.77321947
140,1339,-0.22467808,-0.15277717,0.46910813,-0.6417144,0.2147789,-0.4706493,-0.37624383,0.26898888,0.014575399,-0.39596832,-0.4638346,0.2692753,0.44678807,-0.13392085,0.5255374,0.3724679
140,1342,-0.16082126,-0.3483644,0.42208236,-0.109696016,0.07220706,-0.03015285,-0.065816775,0.5969388,-0.016056463,-0.18712217,0.26712778,0.0048757195,0.07520856,-0.0034904778,-0.09301019,0.3111772
140,1344,-0.03359905,-0.4626882,0.47102222,-0.58862484,0.3922886,-0.24006388,-0.20098865,0.80590576,0.11564995,-0.35868326,-0.19731316,0.006616093,0.4149078,-0.13621593,0.14465128,0.346551
140,1350,0.72876835,0.13959202,-0.61884636,-0.5000115,0.3400282,0.08402574,-0.07914354,-0.33689174,0.1382886,0.059559315,-0.23819098,-0.23700342,0.5963946,-0.121076584,0.39018542,-0.67580676
140,1353,-0.5080249,0.46346933,-0.115682,0.48641866,-0.22638588,-0.2611534,0.18735506,0.18669507,0.17363065,-0.6209131,0.3158967,0.16890992,-0.7552014,0.39878014,-0.1384638,-0.29211718
140,1360,0.11142841,0.4655622,-0.5851365,0.04742837,0.053114563,-0.050302006,0.19816035,-0.07987353,0.24742681,-0.37084812,0.00021953881,-0.077038124,-0.2609161,0.23036966,-0.109290704,-0.6590134
140,1374,-0.12855157,-0.51368487,0.41544494,0.2553068,-0.13661915,0.57710695,0.2896381,0.57800114,-0.1238184,0.5896379,0.5892272,-0.2418068,0.0014781803,-0.36242688,-0.5163157,0.26211783
140,1397,0.0026414394,-0.62487906,0.44214886,0.08203092,0.017784819,0.4187816,0.17813896,0.86959714,-0.06388612,0.22020555,0.6232768,-0.23237246,0.048236683,-0.16696426,-0.53450274,0.3160633
140,1401,0.10338375,0.383304,-0.46008897,0.07781401,-0.10480854,0.055173688,0.07750407,-0.15563445,0.13817146,-0.052783497,0.24014316,-0.19436187,-0.027174398,0.066274256,0.107295364,-0.73711103
140,1421,-0.49432045,0.72507954,-0.38411415,0.43501347,-0.42225677,-0.17285278,0.22094448,-0.36613786,0.30792046,-0.14619774,-0.04590398,0.06668352,-0.47858799,-0.11034561,0.22708052,-0.8153522
140,1423,-0.27085978,-0.26757282,0.2824967,0.44503888,-0.24967888,0.4438161,0.28599936,0.4885424,-0.048671886,0.4382443,0.66186297,-0.2580121,-0.1894222,-0.25393903,-0.42886183,0.005193934
140,1428,0.5187775,0.17426142,-0.5088258,-0.16157727,-0.022307992,0.19599149,-0.15338445,-0.13673213,-0.027084209,0.15197775,0.5760355,-0.45002282,0.47475147,0.11013761,0.30112535,-0.8807244
140,1432,-0.33905387,0.43706417,-0.17937419,0.38691318,-0.0074467957,-0.43667656,0.07878208,0.50703526,0.17542534,-1.2216974,0.50881815,0.18986912,-0.9259001,0.92626727,-0.32422855,-0.17196493
140,1434,-0.70682657,0.41664878,0.038315013,0.58667487,-0.5759806,0.06411025,0.307259,-0.38016942,0.06462376,0.41741842,0.019041866,0.1291986,-0.40326875,-0.45338857,0.1553751,-0.3537114
140,1453,0.44105116,0.2087021,-0.48923284,-0.1447032,-0.0449778,0.17472495,-0.11680235,-0.22086775,0.0012443736,0.18603809,0.41649818,-0.37709662,0.4408114,0.011096999,0.3463156,-0.8517794
140,1455,-0.39704847,-0.24279556,0.4118142,0.31093484,-0.29447785,0.43176305,0.26907232,0.080379136,-0.12329322,0.7275786,0.23389705,0.02030857,-0.13252889,-0.50375676,-0.24326219,0.2777982
140,1457,0.43010357,0.20426196,-0.47854608,-0.13612126,-0.045330882,0.17497696,-0.11804123,-0.20265108,0.00041426718,0.17361231,0.43835467,-0.37572724,0.42490262,0.025277466,0.32501963,-0.8361344
140,1461,-0.5429112,0.4619774,-0.21645832,0.5435313,-0.2964385,-0.016506486,0.43760195,-0.7304803,0.31291825,0.4594984,-0.8142419,0.1918594,-0.3506084,-0.6828056,0.29707193,-0.32007593
140,1463,-0.004861474,-0.5477586,0.5405766,-0.6001416,0.3511226,-0.095233865,-0.15783286,0.7495429,0.02172251,-0.13451096,-0.1939739,0.037187815,0.4519028,-0.24292068,0.07675849,0.4425668
140,1467,-0.021460682,-0.57678175,0.41290736,0.11448817,0.00065404177,0.41032553,0.18036784,0.82628495,-0.048327878,0.21100342,0.62501776,-0.22775409,0.021132022,-0.16017902,-0.5243285,0.2806634
140,1472,0.8243549,0.09313893,-0.63306427,-0.308042,0.15235224,0.20851019,-0.2445518,0.07607008,-0.038949072,-0.04546901,0.842538,-0.6268162,0.5839886,0.39750752,0.17419626,-0.95790666
140,1477,-0.32276624,0.01464577,0.12067037,0.4302519,-0.17974663,0.09054808,0.17894201,0.4574503,0.037499998,-0.18549535,0.6028764,-0.07876775,-0.46640772,0.1789676,-0.3497074,-0.0670048
140,1478,-0.23607895,-0.23630917,0.5575162,-0.40211827,-0.14452912,0.013163239,-0.19280308,-0.21843997,-0.29346606,0.4100848,-0.29961792,0.44904265,0.1946943,-0.36001933,0.17799343,0.6389622
140,1497,-0.5788754,0.39907396,-0.11498249,0.5646878,-0.35307416,0.049309,0.4255106,-0.7361579,0.2439844,0.61182487,-0.7255944,0.16798982,-0.29971257,-0.7571595,0.3231447,-0.26324993
140,1501,0.2461659,0.16255203,0.15998916,-0.0009483993,-0.24556519,-0.31814814,-0.7008406,-1.077817,-0.6137271,0.123985894,0.05953686,0.28831404,-0.051238984,0.8743155,0.06513356,0.8900623
140,1503,-0.29475772,-0.18518385,0.24067348,0.44430715,-0.24333264,0.35798997,0.2554384,0.45515206,-0.019527398,0.30514655,0.63728774,-0.21498674,-0.24788441,-0.17255256,-0.38969332,-0.030310463
140,1510,0.5962192,0.065995805,0.11664022,0.09244318,-0.32578692,-0.0777527,-0.772545,-1.5564835,-0.9329941,0.6421668,0.11740951,0.27947932,-0.14716688,1.0925165,-0.27930918,1.2690077
140,1515,0.1844149,0.27289337,-0.37355125,0.0010490566,-0.1851346,0.16740896,-0.034053233,-0.34628156,0.031452276,0.32598,0.2535059,-0.26457998,0.331989,-0.20037638,0.41424292,-0.7941193
140,1539,0.4529237,0.20978616,-0.49748975,-0.15008156,-0.04455696,0.1763337,-0.11828883,-0.22713149,-0.000240013,0.19305708,0.41493306,-0.3841436,0.45381957,0.00824739,0.35798946,-0.86573374
140,1549,-0.028089494,-0.5908974,0.46375862,0.014582381,0.016968116,0.37348032,0.14188816,0.76762384,-0.07987723,0.23478785,0.51071984,-0.15769061,0.07341452,-0.20747149,-0.45091924,0.35208184
140,1552,-0.35765883,0.3372906,-0.08869908,0.41062737,-0.05962807,-0.35143644,0.07462156,0.4953182,0.13050386,-1.0297681,0.5393839,0.1510178,-0.84577733,0.79086494,-0.31429452,-0.117475495
140,1561,-0.041940153,-0.54990023,0.45792747,-0.09414972,0.11178273,0.18687446,0.04958824,0.79925066,-0.016604953,0.014267333,0.39167318,-0.12011303,0.10212861,-0.12492054,-0.32362315,0.34386167
140,1570,-0.3249274,0.2815108,0.24607697,-0.26219475,-0.043928087,-0.77592736,-0.62589055,-0.23680189,-0.08765966,-0.7941099,-0.17305073,0.31081647,0.19130771,0.49579552,0.69314754,0.29456463
140,1579,0.70649886,-0.21611625,-0.7863154,0.53233963,0.6815232,0.2981415,0.6392184,-0.54048705,0.39197782,0.34109354,-1.4571224,-0.18829364,-0.36456338,-0.09635057,-0.7178352,0.47255698
140,1587,-0.7075064,0.40967476,0.042280786,0.5895675,-0.5645001,0.054721467,0.30771217,-0.349398,0.07065543,0.38924766,0.0340119,0.13000873,-0.42055905,-0.43047446,0.13785721,-0.34408394
140,1596,-0.04950607,-0.53396565,0.43851256,-0.046629474,0.09334043,0.19233298,0.06291611,0.8099744,-0.004143767,-0.005565904,0.44143984,-0.1373258,0.06579311,-0.10098755,-0.3481449,0.31752196
140,1600,-0.5565148,0.32651678,0.023827225,0.55069065,-0.5652025,0.19459319,0.27878883,-0.31674895,0.021337926,0.5372056,0.17118463,-0.03512296,-0.2519067,-0.47455013,0.12936209,-0.41348192
140,1602,-0.17781824,0.017116845,0.36433217,-0.6053473,-0.015602708,-0.40066415,-0.5029677,-0.3709299,-0.17623529,-0.08388553,-0.58361244,0.43800405,0.39957452,-0.09959303,0.54059863,0.48358777
140,1623,-0.30546838,-0.0017622709,0.3056846,0.10001622,-0.09228282,-0.4095956,-0.27919728,0.26719368,-0.17222875,-0.6719471,0.2945471,0.17942855,-0.21305893,0.5753075,0.12658948,0.3596938
140,1625,0.4508871,0.20084846,-0.49045682,-0.14136432,-0.036998883,0.17517847,-0.1262498,-0.18010847,-0.0032197759,0.15270671,0.47487253,-0.3923853,0.4260853,0.05845675,0.30920446,-0.8463272
140,1629,0.33208576,0.24091642,-0.4419362,-0.11045255,-0.08412556,0.16138688,-0.0676938,-0.32384962,0.032242257,0.2629602,0.23465294,-0.2950919,0.41260958,-0.13686213,0.41106772,-0.8105348
140,1637,-0.023099065,-0.58536506,0.48630747,-0.15137284,0.13660046,0.18988845,0.03801739,0.80893254,-0.034248114,0.04051947,0.34484237,-0.108924225,0.15002336,-0.15243553,-0.30667078,0.38054097
140,1641,-0.56908727,0.35684365,0.015021227,0.5258421,-0.5571698,0.17868155,0.2792846,-0.40662822,0.049506366,0.55358166,0.050366476,0.0022848248,-0.2223344,-0.5446121,0.20643836,-0.42951897
140,1646,-0.35692403,0.44090387,-0.17223501,0.38940805,-0.026483595,-0.41447854,0.08739734,0.46822396,0.18036415,-1.1512105,0.4858619,0.18835178,-0.89954877,0.86105514,-0.3014936,-0.18611798
140,1647,1.0742377,-0.2966137,-1.0236628,0.31690007,1.1006124,0.25706849,0.75344884,-0.20240545,0.46299362,-0.2875914,-1.6449802,-0.12023044,-0.6151811,0.42307386,-1.3105966,0.7044754
140,1660,-0.16753691,0.25144684,0.2193704,-0.1707998,-0.10694766,-0.6502204,-0.6482653,-0.4753565,-0.23644087,-0.54980224,-0.08994448,0.3009833,0.11239658,0.62283885,0.5102011,0.4598522
140,1670,-0.031485498,-0.5689861,0.47538987,-0.13281237,0.12609473,0.19111675,0.041476313,0.7946765,-0.029978603,0.038912542,0.3553989,-0.1091678,0.13495152,-0.14825249,-0.30950558,0.3675759
140,1678,-0.54799736,0.47946855,-0.22828287,0.546715,-0.30637854,-0.025298648,0.43825892,-0.73391414,0.31648326,0.4471606,-0.810274,0.19190048,-0.3584994,-0.6753053,0.30477473,-0.34383437
140,1704,-0.035170138,-0.5766838,0.45954064,0.009530395,0.016281322,0.3636363,0.13537276,0.74728024,-0.07755084,0.23041278,0.49576828,-0.14770222,0.07320778,-0.20950264,-0.43686804,0.3488332
140,1710,0.8111912,0.11495806,-0.6448708,-0.5443875,0.36275998,0.10042093,-0.11935784,-0.28763914,0.111045204,0.027719028,-0.12889677,-0.2854218,0.6456036,-0.04105431,0.3703819,-0.7107805
140,1724,-0.16753685,0.25144684,0.21937038,-0.17079984,-0.10694767,-0.6502204,-0.6482653,-0.47535652,-0.23644087,-0.5498022,-0.08994451,0.3009833,0.11239655,0.62283885,0.5102011,0.4598522
140,1733,-0.24704805,-0.19577676,0.52481306,-0.33219892,-0.16688001,-0.012914799,-0.20275189,-0.237443,-0.29807022,0.3476525,-0.24657151,0.43744943,0.14630659,-0.27589065,0.17031859,0.62068105
140,1748,0.6020888,0.11424635,-0.5025038,-0.18374936,0.011440188,0.23191598,-0.19310573,-0.03679301,-0.058545813,0.13795063,0.75076556,-0.53092927,0.5291458,0.19527295,0.24979758,-0.88481253
140,1768,-0.38966525,0.57003367,-0.2943582,0.37077832,-0.44817066,-0.002145879,0.17341779,-0.45918107,0.19710892,0.19306442,-0.012314871,-0.014453113,-0.20886353,-0.31064025,0.34046918,-0.7653395
140,1773,-0.016786963,-0.61960965,0.44497582,0.1145941,-0.003675431,0.42518124,0.19754559,0.8680394,-0.06467441,0.23486656,0.634321,-0.23154855,0.022984728,-0.16868463,-0.5432193,0.31299385
140,1779,-0.009646952,-0.6215696,0.47740763,-0.004281521,0.036027193,0.36753288,0.13702479,0.81370056,-0.0806838,0.21473682,0.51897967,-0.16899139,0.08828248,-0.19603151,-0.458754,0.36760423
140,1784,0.4130877,-0.022255272,-0.6612802,0.5306712,0.38276413,0.23217416,0.53685284,-0.5977891,0.34866142,0.42700842,-1.1564447,-0.15711609,-0.28737792,-0.24667013,-0.37188685,0.15681729
140,1789,0.57001376,0.067827605,0.11777665,0.09084034,-0.32198635,-0.073788665,-0.7532034,-1.5196352,-0.9079789,0.6301248,0.114425145,0.27758014,-0.14573145,1.0556884,-0.26994395,1.2371683
140,1798,-0.16558903,-0.3903597,0.59096086,-0.554797,0.107477576,-0.03203339,-0.14904206,0.2580256,-0.12613818,0.19287471,-0.32855782,0.28582716,0.3599409,-0.41989344,0.17463726,0.5346074
140,1814,0.35649124,0.23556861,-0.45417863,-0.119564965,-0.07594536,0.16371295,-0.07745148,-0.30710027,0.02618584,0.24924287,0.26599556,-0.3113988,0.4211514,-0.10952772,0.40226558,-0.8219867
140,1830,-0.19708447,-0.061305642,0.46400684,-0.9292864,0.17876875,-0.65209204,-0.5956655,-0.10389428,-0.069169626,-0.37355697,-0.88203,0.46940425,0.6400124,-0.18974699,0.81882954,0.4801595
140,1844,0.0007826388,-0.6268842,0.4039174,0.2369531,-0.055732727,0.5981132,0.28712356,0.8279924,-0.10591726,0.45194125,0.7560718,-0.34898305,0.02815549,-0.24295072,-0.6416142,0.25376475
140,1848,-0.34338278,0.26297724,-0.04742124,0.41543627,-0.07705793,-0.2676901,0.09818123,0.50237334,0.10942865,-0.87917924,0.548081,0.10699841,-0.7843139,0.6851772,-0.33599877,-0.094493926
140,1850,-0.33695272,0.23082682,0.18896417,0.29091373,-0.24138598,-0.59803736,-0.42777124,-0.08222632,-0.33645207,-0.8895718,0.32913548,0.29995745,-0.413202,0.9829774,0.19383404,0.44952765
140,1855,1.2065867,-0.5233942,-1.0113169,0.5146327,1.1836176,0.39389893,0.8067383,-0.39642993,0.46625552,0.12154806,-1.9187397,-0.23175022,-0.5315728,0.21552438,-1.3361723,0.9825146
140,1856,-0.09830335,-0.46868008,0.58506066,-0.5858347,0.21006012,-0.043811284,-0.14668399,0.46111873,-0.07378025,0.08287562,-0.28423196,0.18802,0.41351062,-0.37026447,0.13503328,0.5096472
140,1857,-0.19082102,-0.23119009,0.4929495,-0.6645761,0.24427527,-0.3847677,-0.3180868,0.34242928,0.023092203,-0.29393896,-0.46873066,0.24715672,0.45353723,-0.22080937,0.44566277,0.39011177
140,1882,1.070688,-0.2712513,-1.0402914,0.30367005,1.1025195,0.23895709,0.75538856,-0.19110875,0.4712852,-0.32774884,-1.6385885,-0.11426599,-0.6286922,0.44451538,-1.3081566,0.6749019
140,1883,0.7628131,0.13488822,-0.6365766,-0.51919854,0.35344204,0.08598031,-0.08773178,-0.33222634,0.13452923,0.05349075,-0.22766823,-0.25232992,0.6181006,-0.10559253,0.39477172,-0.6928437
140,1884,-0.32785517,0.17943445,0.003903322,0.42122352,-0.10360408,-0.15610948,0.12382105,0.50826,0.084098086,-0.6772994,0.58126104,0.041730843,-0.68946064,0.5452311,-0.35136566,-0.08469707
140,1897,-0.13784912,-0.47827703,0.4262335,0.1528518,-0.0900071,0.39483464,0.20356543,0.6241082,-0.07213372,0.31776962,0.5085149,-0.12329312,-0.03566557,-0.24186085,-0.4409201,0.29410812
140,1903,-0.5694991,0.3562593,0.014613472,0.5326952,-0.5653713,0.18406671,0.2843967,-0.4072528,0.045311086,0.56714886,0.055123,-0.004487127,-0.22076102,-0.55034053,0.20761156,-0.43599716
140,1910,0.91863966,0.08359975,-0.6864065,-0.547208,0.34129527,0.14205529,-0.19786635,-0.16710722,0.037077986,-0.017093308,0.19595665,-0.4153973,0.6906118,0.15035942,0.3151751,-0.80899227
140,1925,-0.5589294,0.7093669,-0.35146028,0.47665912,-0.40195265,-0.17687702,0.30655777,-0.48170882,0.33806866,-0.040242992,-0.3190032,0.15031743,-0.49102318,-0.27455774,0.2625072,-0.712
140,1937,-0.35257033,0.13725242,0.34618884,-0.47611052,0.1130397,-0.7829344,-0.5593626,0.09350107,0.028114349,-0.8422418,-0.3364404,0.2916773,0.34632397,0.2515311,0.7575247,0.25060433
140,1938,-0.14068142,-0.48202556,0.41750747,0.20534901,-0.11336593,0.44842666,0.24191523,0.6171623,-0.08595568,0.38723782,0.5519327,-0.16063917,-0.046741575,-0.26382175,-0.47523028,0.27718607
140,1942,0.66891396,0.08041799,0.08234214,0.18181503,-0.33715194,-0.060754456,-0.78653896,-1.6322886,-0.97322667,0.66898704,0.21207693,0.24048156,-0.21115194,1.2226999,-0.3666983,1.3112528
140,1944,0.8714576,0.115005046,-0.69104874,-0.4300105,0.25347605,0.15190141,-0.21679868,-0.044819914,0.014122114,-0.08576036,0.4981775,-0.50963557,0.6005522,0.3084534,0.22810993,-0.8979112
140,1962,-0.39950317,0.5872108,-0.30857024,0.37699836,-0.43414253,-0.0300233,0.17182083,-0.41845715,0.21273796,0.11184737,0.012401894,-0.0035633147,-0.264369,-0.24742498,0.29353583,-0.75902885
140,1963,-0.5387833,0.44501227,-0.20495486,0.5404297,-0.28584626,-0.008558817,0.43763572,-0.72811025,0.30988094,0.4712711,-0.8213556,0.19329396,-0.34353375,-0.6909964,0.2894577,-0.29538652
140,1964,-0.60238624,0.38904062,-0.045142837,0.52611345,-0.42257008,0.083825275,0.3540008,-0.6490783,0.17605232,0.5937827,-0.47368506,0.14657661,-0.26466364,-0.704198,0.3127003,-0.29629982
140,1971,-0.041940123,-0.5499001,0.45792747,-0.09414975,0.11178273,0.18687446,0.04958824,0.79925066,-0.016604945,0.014267333,0.3916732,-0.120113015,0.10212858,-0.12492054,-0.32362312,0.3438617
140,1983,-0.5527304,0.3247109,0.025728092,0.5402612,-0.5635166,0.20187737,0.27562827,-0.33696842,0.021225952,0.5539175,0.15075757,-0.03206615,-0.2337937,-0.4954904,0.14555132,-0.41269127
140,1986,-0.6229654,0.4048549,-0.005479552,0.5262596,-0.52790856,0.120121285,0.31428155,-0.5511327,0.10565533,0.57210475,-0.20812383,0.0964447,-0.24684298,-0.64123046,0.29436463,-0.39394268
140,1989,-0.3042134,0.030071184,0.39228383,-0.5392763,0.15395197,-0.674107,-0.49605665,0.1648818,0.023083277,-0.6892219,-0.38047275,0.2820304,0.3862049,0.117388606,0.67540777,0.29591784
140,1996,-0.5660516,0.68290335,-0.3228287,0.46833777,-0.3957264,-0.16035354,0.30450723,-0.4917067,0.32512784,-0.006745644,-0.33713886,0.16606884,-0.47423154,-0.3038954,0.25883844,-0.66317195
140,1999,-0.29482898,0.39792824,-0.17118236,0.3620233,0.028040916,-0.43853456,0.053386584,0.5498437,0.1536453,-1.2772081,0.5383806,0.18590625,-0.9251353,0.9885305,-0.36448,-0.11830492
140,2004,0.91297936,0.0855974,-0.68488896,-0.53973573,0.33366165,0.14334355,-0.19824368,-0.16494724,0.034682125,-0.015227817,0.2083026,-0.4182607,0.6867295,0.15329683,0.31433517,-0.8132246
140,2039,0.82433,0.107105486,-0.6507147,-0.35677278,0.19791484,0.1757431,-0.22706725,0.022207148,-0.008872062,-0.07795762,0.6706009,-0.5555418,0.5670857,0.35723224,0.18453857,-0.90981525
140,2044,-0.26458198,0.3778766,-0.16985655,0.34897408,0.054937452,-0.45359498,0.035097443,0.5990278,0.14437878,-1.3438376,0.57720363,0.17924851,-0.9398059,1.0552114,-0.39359245,-0.09162699
140,2052,-0.12855157,-0.513685,0.41544497,0.2553068,-0.13661915,0.57710695,0.2896381,0.57800114,-0.1238184,0.5896379,0.5892272,-0.24180686,0.0014781505,-0.36242688,-0.5163157,0.26211783
140,2053,-0.018404126,-0.57859325,0.41483364,0.10380091,0.007198915,0.400819,0.17311822,0.8308733,-0.046849504,0.19781376,0.6195868,-0.22513112,0.025319487,-0.15549837,-0.518218,0.28375
140,2068,-0.3163802,0.038405955,0.09874833,0.43124217,-0.1614552,0.0458199,0.17120917,0.48649213,0.043298975,-0.28783712,0.6131172,-0.06338166,-0.51232195,0.2617228,-0.36118385,-0.06884335
140,2070,-0.5607369,0.6237073,-0.3042425,0.5045268,-0.36479744,-0.119819306,0.36806116,-0.59560174,0.3338025,0.15566891,-0.54785323,0.17825429,-0.43808043,-0.4500206,0.28669813,-0.5650519
140,2072,-0.017778486,-0.48060858,0.46343002,-0.5552805,0.38478038,-0.18586805,-0.178588,0.81559366,0.10702753,-0.316002,-0.14922628,-0.01670082,0.40500975,-0.14074194,0.09340635,0.34188065
140,2091,-0.047088146,-0.50957394,0.5554,-0.5835479,0.2863241,-0.064219065,-0.14733984,0.6202125,-0.018641494,-0.032781802,-0.22674254,0.099055335,0.4311198,-0.3015406,0.09664978,0.4656829
140,2103,-0.37834796,0.45754695,-0.17995316,0.39768022,-0.052459434,-0.38494837,0.120887145,0.39892295,0.19432746,-1.0523493,0.41147056,0.19158022,-0.87756413,0.7609217,-0.27770102,-0.21578644
140,2115,0.61821735,0.15592231,-0.5628661,-0.4353794,0.29449075,0.07762894,-0.052046206,-0.34915832,0.14947668,0.07685223,-0.26480582,-0.18971476,0.5236926,-0.16632126,0.37323746,-0.6235902
140,2136,-0.030181527,-0.5928798,0.51293886,-0.19806944,0.14333901,0.1706396,0.024504308,0.7879548,-0.04614958,0.052769855,0.28326103,-0.0758069,0.17588489,-0.17621711,-0.26752692,0.41172838
140,2148,-0.32231674,0.43362945,-0.18627894,0.38427222,0.010148615,-0.45700634,0.07107827,0.5418788,0.1706743,-1.2860872,0.52867365,0.19158587,-0.9499845,0.9858812,-0.34540758,-0.15863234
140,2153,0.11424026,0.3984032,-0.48679215,0.06935623,-0.08168048,0.039586708,0.09353866,-0.14819326,0.15379207,-0.0972177,0.20643255,-0.18382835,-0.053403184,0.09142515,0.08390294,-0.73956347
140,2165,-0.54632044,0.44917774,-0.20707262,0.54963386,-0.29087722,-0.009703301,0.4470928,-0.74640226,0.31220356,0.49139982,-0.8463081,0.19468702,-0.34453094,-0.70950186,0.30330452,-0.297525
140,2180,-0.04251474,-0.56323755,0.4926311,-0.1729341,0.12804413,0.17646798,0.028458675,0.7549399,-0.040539697,0.05870026,0.2925532,-0.074668184,0.15784384,-0.17621778,-0.268899,0.38932467
140,2201,-0.2065268,-0.34906715,0.6119466,-0.54870766,0.013228655,0.014176086,-0.15025818,0.06654913,-0.20118967,0.34619328,-0.36002323,0.3770726,0.33213413,-0.4840364,0.18886736,0.5867684
140,2206,0.66891396,0.08041799,0.08234214,0.18181503,-0.33715194,-0.060754456,-0.7865389,-1.6322886,-0.97322667,0.6689871,0.21207693,0.24048156,-0.21115194,1.2226999,-0.3666983,1.3112527
140,2212,-0.23082463,-0.27161172,0.5872779,-0.45703262,-0.11987872,0.021825656,-0.18577679,-0.17778492,-0.29160184,0.43431056,-0.3371227,0.454988,0.22774611,-0.41045505,0.1867666,0.65417963
140,2221,0.8300905,0.10822701,-0.655049,-0.34932685,0.19233203,0.17866194,-0.23074634,0.0357778,-0.011384264,-0.08230641,0.7056341,-0.5727461,0.56789225,0.3742515,0.17983365,-0.9263413
140,2224,-0.14438653,-0.48439598,0.43635213,0.15752472,-0.09896601,0.403907,0.21307342,0.6183859,-0.08084527,0.34147432,0.50422925,-0.11960663,-0.037462145,-0.25491485,-0.4423702,0.3043553
140,2235,0.8129324,0.09995946,-0.6333381,-0.31623745,0.16226289,0.19694701,-0.23607187,0.059985034,-0.027126312,-0.056912802,0.7875272,-0.600376,0.5692578,0.3826861,0.17361501,-0.938272
140,2245,0.84473515,0.110561,-0.66884065,-0.45727932,0.2694954,0.14403738,-0.19827412,-0.11265069,0.024101347,-0.045314036,0.34600216,-0.44149965,0.6096188,0.21774203,0.26428297,-0.83696604
140,2257,1.2253906,-0.5225332,-1.0273405,0.49893904,1.2044296,0.39143124,0.82016516,-0.38015237,0.470152,0.08793819,-1.940596,-0.22380552,-0.5447432,0.23888892,-1.3596337,0.98407817
140,2258,-0.046854228,-0.5458797,0.45199487,-0.067441,0.10120374,0.18579328,0.057510853,0.8140271,-0.009868734,-0.002850987,0.42196822,-0.12917253,0.07901095,-0.10762322,-0.33798552,0.33355412
140,2259,0.8747479,0.0959856,-0.67165655,-0.50591743,0.30663303,0.14237754,-0.19447814,-0.15330073,0.032122947,-0.021100514,0.24307129,-0.41567647,0.6520443,0.16498914,0.29757994,-0.8114018
140,2263,-0.71352625,0.4292168,0.034830235,0.589743,-0.54118955,0.007534206,0.29789796,-0.30869928,0.09203279,0.29048187,0.050012916,0.14329176,-0.46342993,-0.36472428,0.12647152,-0.34650972
140,2264,0.35651818,0.23364526,-0.45375717,-0.119167194,-0.07222094,0.16198811,-0.07990757,-0.29463443,0.025777645,0.23452613,0.27874124,-0.3112063,0.4115175,-0.094003394,0.3874524,-0.81500006
140,2280,0.39509115,0.13345674,0.13458377,0.06722912,-0.28887987,-0.22116372,-0.7323338,-1.2912165,-0.75163114,0.33276635,0.112311505,0.27969953,-0.108974256,0.9956733,-0.08701716,1.0475508
140,2285,0.95491266,0.09041605,-0.714957,-0.6057411,0.39573893,0.12141894,-0.17302993,-0.2342681,0.07369013,-0.0038855895,0.01418677,-0.37836328,0.7311257,0.071146965,0.36870366,-0.8004562
140,2286,-0.12779748,-0.35700345,0.5198553,-0.6744299,0.30286786,-0.27901137,-0.23879267,0.5118475,0.04483842,-0.20956284,-0.41619328,0.18185088,0.44777447,-0.28225446,0.310555,0.408335
140,2306,-0.11249763,-0.5069245,0.42798263,0.14847237,-0.07087937,0.39569077,0.20128064,0.6838245,-0.06670727,0.28774363,0.54043543,-0.1479955,-0.02852419,-0.21777739,-0.46371633,0.2940259
140,2314,-0.118144244,-0.36406618,0.50122595,-0.6479288,0.31885466,-0.28824303,-0.23441304,0.5716722,0.06942701,-0.26506,-0.36820975,0.145936,0.4284631,-0.23885223,0.28453818,0.38389337
140,2327,0.33872274,0.32232648,-0.71463734,0.04140699,0.35752842,-0.020010807,0.36083955,-0.022978246,0.3253613,-0.54569215,-0.43007717,-0.016754404,-0.43881238,0.37784776,-0.49565926,-0.3187469
140,2332,0.26515856,0.25631768,-0.41014045,-0.07112257,-0.12158901,0.16094562,-0.047838572,-0.35389704,0.038652323,0.29978254,0.20096235,-0.2687019,0.38626456,-0.18950726,0.42857462,-0.7965667
140,2339,-0.30640328,0.21067905,0.18637773,0.30313253,-0.26639128,-0.53463864,-0.41592237,-0.15613127,-0.37805164,-0.77961355,0.31266737,0.31025305,-0.41515878,0.95411885,0.14675818,0.49460772
140,2348,0.17183647,0.26989385,-0.3631509,0.019166306,-0.19770882,0.17244884,-0.03639498,-0.32612085,0.025152363,0.32368562,0.29614797,-0.27305987,0.317625,-0.18447925,0.39649984,-0.7911939
140,2350,-0.22467807,-0.15277717,0.4691081,-0.64171445,0.21477887,-0.4706493,-0.37624386,0.26898894,0.014575392,-0.39596832,-0.46383467,0.2692753,0.44678807,-0.13392085,0.52553725,0.3724679
140,2355,0.0034983456,-0.51383466,0.47896618,-0.5769288,0.39845052,-0.16526404,-0.17669545,0.8384083,0.094764054,-0.2919642,-0.15190491,-0.023608819,0.43061155,-0.15413146,0.08045553,0.36224946
140,2373,-0.022574514,-0.5987723,0.46830124,0.00264737,0.02615738,0.3652995,0.13607502,0.78019816,-0.07896583,0.222269,0.50720155,-0.15822828,0.080635,-0.20265073,-0.44756472,0.3580244
140,2376,0.5563464,0.16964203,-0.528681,-0.17628811,-0.01447089,0.2016803,-0.16282146,-0.13021953,-0.034053743,0.15382424,0.60182273,-0.47557694,0.5028087,0.12644255,0.3106354,-0.90958244
140,2385,-0.21878915,-0.07246958,0.4722068,-0.96173304,0.23116672,-0.6905171,-0.57943165,0.008950077,-0.009632356,-0.45270306,-0.906499,0.44987282,0.66522115,-0.22569337,0.8537364,0.43000692
140,2388,-0.2970518,0.20495638,0.1819599,0.31019148,-0.27035445,-0.5132216,-0.4083272,-0.1672579,-0.38596657,-0.7514422,0.31269377,0.30775902,-0.4212221,0.94618595,0.1266448,0.50135046
140,2398,0.0026414394,-0.624879,0.4421489,0.08203091,0.017784834,0.41878155,0.17813897,0.8695972,-0.06388612,0.22020555,0.6232768,-0.2323725,0.048236713,-0.16696426,-0.5345028,0.3160633
140,2411,-0.3211904,0.027294174,0.10998625,0.43145382,-0.17192602,0.068537526,0.1752632,0.46928623,0.040247913,-0.23429018,0.6060562,-0.07010609,-0.4886561,0.21793973,-0.35388455,-0.068206124
140,2421,0.22814956,0.17066602,0.1660509,-0.02369441,-0.23102567,-0.36294252,-0.71722573,-1.0446298,-0.5968379,0.058419455,0.043266192,0.29181778,-0.03237194,0.8839539,0.109271556,0.87536097
140,2426,0.9552214,0.092929654,-0.7172832,-0.6121487,0.4017317,0.11794736,-0.16610642,-0.2501746,0.08094564,0.003985323,-0.023000926,-0.36951151,0.7370551,0.04966426,0.38166687,-0.7983625
140,2428,0.8207089,0.13020477,-0.6698724,-0.5507976,0.37381908,0.088523105,-0.10126707,-0.3279463,0.12877175,0.04482787,-0.21213591,-0.2793292,0.65569335,-0.080966175,0.4068153,-0.7279093
140,2429,0.6804683,0.09860417,-0.5383527,-0.21861301,0.04379362,0.23859479,-0.21532963,-0.0014961585,-0.06575672,0.11116181,0.81107223,-0.579683,0.5712296,0.2507353,0.24162886,-0.9229847
140,2431,-0.0024661422,-0.62311596,0.45268077,0.059422165,0.022045448,0.39944947,0.16557637,0.8569808,-0.067367986,0.2113416,0.59530723,-0.21322167,0.055147544,-0.17064853,-0.5118333,0.32998765
140,2454,-0.2844424,0.47586522,-0.3404358,0.40110195,-0.33484873,0.043306217,0.23953295,-0.52920985,0.21701637,0.2989305,-0.23743069,-0.028265297,-0.19492511,-0.36836123,0.2786632,-0.6183758
140,2465,0.41306427,0.20763396,-0.47062665,-0.13203304,-0.04792112,0.1714283,-0.11204612,-0.21199723,0.00508976,0.17578335,0.4142797,-0.36067793,0.41418946,0.01108554,0.32572094,-0.8229394
140,2470,-0.6339328,0.44832006,-0.033847667,0.54754376,-0.41018263,-0.10503056,0.26526496,-0.12596558,0.1253742,-0.08255067,0.11598939,0.17156152,-0.5937824,-0.059828743,0.016174167,-0.31440637
140,2477,-0.53513104,0.44690442,-0.08782629,0.50035685,-0.27746212,-0.20524299,0.20758823,0.10705929,0.15826648,-0.45213407,0.27367628,0.15736702,-0.6983312,0.2606263,-0.10061249,-0.29746404
140,2483,0.087923676,0.44451308,-0.5357682,0.062018245,0.008498222,-0.026830383,0.1656303,-0.09481883,0.2230627,-0.2939368,0.06424306,-0.09701523,-0.21654685,0.18451148,-0.06151306,-0.66065735
140,2486,-0.53251046,-0.102112085,0.40415502,0.33646312,-0.36938545,0.3494584,0.25554296,-0.15607134,-0.115324065,0.76991606,0.05968325,0.15188317,-0.20026788,-0.5663754,-0.1042262,0.2730726
140,2487,-0.28498155,0.15805599,0.22916856,0.2383473,-0.26914287,-0.48159212,-0.40731078,-0.18919632,-0.40787503,-0.6529109,0.24940285,0.3384556,-0.37280637,0.8604113,0.13982336,0.5535186
140,2491,-0.5737667,0.43616244,-0.05796934,0.5147676,-0.334673,-0.1473496,0.230852,-0.0034270138,0.1397518,-0.26521555,0.19912362,0.1608478,-0.63702136,0.10102123,-0.051503293,-0.29572573
140,2492,0.007174313,-0.5264671,0.4881103,-0.5649685,0.384015,-0.1284501,-0.16247894,0.8222598,0.07644595,-0.24206701,-0.1391626,-0.020478666,0.42851466,-0.1735203,0.05797057,0.37611276
140,2497,-0.6217036,0.4061932,-0.029259078,0.54550177,-0.5035733,0.11064292,0.34689558,-0.61139154,0.13226193,0.61584264,-0.33330944,0.10644067,-0.25302127,-0.6910666,0.31975877,-0.37378195
140,2500,0.0025146902,-0.61825234,0.3945256,0.23869185,-0.053505942,0.5967555,0.28347135,0.8226531,-0.10138984,0.44524693,0.7592646,-0.35249552,0.02817282,-0.23871787,-0.6406162,0.24369773
140,2515,0.1844149,0.2728934,-0.37355128,0.0010490716,-0.1851346,0.16740896,-0.034053225,-0.34628153,0.03145228,0.32598,0.2535059,-0.26457998,0.33198905,-0.20037638,0.41424292,-0.7941193
140,2528,-0.22440606,-0.32608455,0.61875457,-0.5409973,-0.039625406,0.01808758,-0.16222218,-0.031987295,-0.24145445,0.40369523,-0.37616572,0.42661572,0.3040613,-0.48970285,0.20088428,0.62021065
140,2530,-0.5529979,0.7065404,-0.34369105,0.46031046,-0.40356678,-0.17636475,0.2804257,-0.445665,0.3279447,-0.07116047,-0.24663326,0.14205569,-0.48952395,-0.23592365,0.24652055,-0.7167296
140,2532,-0.3788846,-0.25296,0.40777993,0.2977509,-0.28044346,0.43914905,0.26573145,0.108344175,-0.1202949,0.7101804,0.25754118,0.0055591613,-0.119177245,-0.49516803,-0.257248,0.27078333
140,2540,0.71212256,0.075853184,-0.8954835,0.07290025,0.756533,0.06447133,0.54405487,0.00278534,0.40492627,-0.66019326,-0.9725152,-0.016434595,-0.5996458,0.5470226,-0.9860529,0.14508466
140,2544,0.66891396,0.08041799,0.08234214,0.18181503,-0.33715194,-0.060754456,-0.78653896,-1.6322886,-0.97322667,0.6689871,0.21207693,0.24048156,-0.21115194,1.2226999,-0.3666983,1.3112527
140,2572,0.92112315,0.104228646,-0.7064716,-0.6011373,0.39789262,0.10833863,-0.14583893,-0.2799519,0.09730468,0.019052505,-0.09290686,-0.340862,0.720904,0.0029484779,0.3968505,-0.7801252
140,2577,-0.2536087,-0.056736246,0.443226,-0.8924933,0.2620611,-0.6719062,-0.5119848,0.12704447,0.07302922,-0.5088982,-0.8343961,0.3851725,0.61992097,-0.24664107,0.81348765,0.33124408
140,2583,-0.32502437,0.343691,-0.11278521,0.39545006,-0.022216171,-0.38350832,0.06479893,0.54367465,0.13422585,-1.134723,0.5624088,0.1532156,-0.88051933,0.8825276,-0.3467746,-0.109159485
140,2598,1.2065867,-0.5233942,-1.0113169,0.5146327,1.1836176,0.39389893,0.8067383,-0.39642993,0.4662555,0.12154806,-1.9187397,-0.23175022,-0.5315728,0.2155244,-1.3361723,0.9825145
140,2603,1.1937462,-0.4480815,-1.036917,0.41890717,1.1866149,0.3476719,0.80134743,-0.29725996,0.4649377,-0.07976497,-1.8391787,-0.18181714,-0.5780901,0.33603767,-1.3804227,0.89702964
140,2614,0.71239495,0.07114001,-0.8987951,0.07230006,0.78208673,0.05754543,0.5573331,0.009751715,0.41719642,-0.6911164,-1.0139121,0.0029333532,-0.6293063,0.56089807,-1.0229293,0.18339081
140,2624,-0.12779751,-0.3570034,0.5198553,-0.6744299,0.30286786,-0.27901134,-0.23879264,0.5118475,0.044838417,-0.20956287,-0.41619328,0.18185088,0.4477744,-0.28225446,0.310555,0.408335
140,2629,0.815102,0.12096612,-0.660192,-0.39418852,0.22950575,0.1499376,-0.20693861,-0.037947014,0.01718761,-0.08630916,0.5074388,-0.4901802,0.55799425,0.3007563,0.20751375,-0.86951154
140,2631,0.41308764,-0.022255272,-0.66128033,0.5306712,0.38276413,0.23217416,0.5368528,-0.59778905,0.3486614,0.42700845,-1.1564448,-0.15711606,-0.28737792,-0.24667013,-0.37188685,0.15681729
140,2639,-0.2844424,0.47586516,-0.34043577,0.40110195,-0.3348487,0.043306224,0.23953295,-0.5292099,0.21701637,0.2989305,-0.23743072,-0.028265297,-0.19492511,-0.36836123,0.27866322,-0.6183759
140,2646,-0.22946732,-0.29440096,0.60331434,-0.49916005,-0.0956239,0.031383157,-0.17496601,-0.13584629,-0.27821139,0.44978616,-0.3646706,0.45284662,0.25418365,-0.45938832,0.19217476,0.64746183
140,2658,-0.32068843,0.43654808,-0.18992591,0.38668126,0.013557404,-0.46626723,0.07019812,0.55221826,0.17046538,-1.309329,0.53385997,0.19366425,-0.96120894,1.0061812,-0.34988564,-0.15803663
140,2665,-0.20068833,-0.34718907,0.59576297,-0.5328331,0.028898567,0.0069858506,-0.14626363,0.1031908,-0.17924273,0.30947492,-0.34310743,0.35130596,0.3275075,-0.46463865,0.18122515,0.56203467
140,2668,-0.5706245,0.66152114,-0.326651,0.5069998,-0.38105696,-0.14513361,0.36193198,-0.57988876,0.34177157,0.10431948,-0.5113462,0.17602102,-0.4620035,-0.41132015,0.29288566,-0.6171088
140,2672,0.39479116,0.22175881,-0.4685961,-0.13036062,-0.06280242,0.17000714,-0.09656921,-0.26604152,0.013083592,0.22138791,0.33935273,-0.34216177,0.43040156,-0.05330339,0.37564582,-0.83454114
140,2679,-0.11249763,-0.5069245,0.4279826,0.14847237,-0.07087937,0.39569077,0.20128065,0.6838245,-0.06670728,0.28774363,0.5404354,-0.1479955,-0.02852419,-0.21777739,-0.46371633,0.2940259
140,2680,-0.5203837,0.7001616,-0.34281313,0.435709,-0.40453705,-0.17637363,0.21982923,-0.34115496,0.30601603,-0.1593689,-0.04681945,0.09538987,-0.4980634,-0.11020215,0.1956963,-0.7467656
140,2683,-0.22548637,-0.30330664,0.6149676,-0.5115602,-0.10008455,0.030509636,-0.18158945,-0.14809489,-0.29193705,0.46335906,-0.37743208,0.4644316,0.25891846,-0.46140242,0.1975027,0.6694251
140,2685,0.59482145,0.123207815,-0.50721794,-0.1840383,0.0070634484,0.22699125,-0.18843819,-0.056366354,-0.056139067,0.14366111,0.7214494,-0.51937354,0.52692586,0.18085733,0.2628992,-0.88769305
140,2686,-0.05330059,-0.5592273,0.40015042,0.21985865,-0.0724552,0.52670664,0.260769,0.7418747,-0.089705944,0.4023986,0.6726582,-0.270498,-0.0038097203,-0.23923653,-0.57084155,0.25570938
140,2696,0.105133265,0.36506438,-0.4369101,0.08395319,-0.137425,0.07973151,0.055246823,-0.17503591,0.11395749,0.019123502,0.2847566,-0.2191999,0.025422573,0.028857768,0.15296672,-0.7546927
140,2708,-0.27910578,0.34701002,-0.13999936,0.36282864,0.028142855,-0.41353762,0.04486734,0.5830797,0.13598913,-1.2458133,0.57640505,0.16067341,-0.9050241,0.978168,-0.38310456,-0.08771357
140,2713,0.72156584,0.0889906,-0.55804545,-0.24239866,0.09784749,0.2222226,-0.22742622,0.07229943,-0.045451075,0.007430792,0.8586538,-0.5973268,0.54088867,0.3434895,0.16527669,-0.9051955
140,2731,0.9549129,0.09041605,-0.7149571,-0.6057412,0.39573887,0.12141894,-0.17302993,-0.2342681,0.07369014,-0.003885582,0.01418677,-0.3783633,0.73112565,0.071146965,0.36870363,-0.8004562
140,2736,-0.37229425,0.28991786,0.25347453,-0.288971,-0.021328285,-0.8163063,-0.6188446,-0.15778682,-0.040741608,-0.8726924,-0.19691947,0.31147176,0.21393068,0.45922318,0.748145,0.24306059
140,2749,-0.058894962,-0.5638717,0.4097907,0.21779543,-0.07674165,0.52452135,0.26327428,0.7415282,-0.0940287,0.40814865,0.66460043,-0.26250756,-0.005940795,-0.24402098,-0.56750953,0.26600447
140,2750,0.9281379,0.08085159,-0.68885905,-0.5620618,0.35519484,0.1395996,-0.1948845,-0.17827186,0.04313402,-0.014067359,0.16137408,-0.40775126,0.70148253,0.1352016,0.32363817,-0.8018914
140,2752,0.6089653,0.124606445,-0.5177535,-0.18767221,0.0123027265,0.2256575,-0.19152676,-0.04646828,-0.05428824,0.1311571,0.73686004,-0.5312512,0.52946734,0.19766557,0.2583092,-0.9007275
140,2759,0.08623698,0.19028425,-0.48771685,0.45626816,0.04698196,0.15855184,0.38749135,-0.56490684,0.2725902,0.39203024,-0.71546865,-0.09356125,-0.21935843,-0.32197303,-0.06137459,-0.18417227
140,2764,-0.2852376,-0.3035702,0.33503637,0.40305948,-0.2620116,0.49952394,0.29084313,0.3877013,-0.09543872,0.59450376,0.5683028,-0.20405748,-0.13136096,-0.36471552,-0.4030611,0.10015312
140,2772,0.2839177,0.25693238,-0.42312944,-0.07956721,-0.117722295,0.16183397,-0.05160286,-0.3549576,0.036580168,0.29965833,0.20637935,-0.2793214,0.3995334,-0.18297715,0.43619296,-0.8133668
140,2780,0.026047975,0.012212902,0.31990832,-0.5055727,-0.05756177,-0.37629932,-0.609995,-0.65099496,-0.36604217,0.045151986,-0.4894096,0.41485563,0.32487708,0.19923005,0.3929529,0.70095795
140,2788,1.0742377,-0.2966137,-1.0236629,0.31690007,1.1006124,0.25706849,0.75344884,-0.20240545,0.46299365,-0.2875914,-1.6449801,-0.12023045,-0.6151811,0.42307398,-1.3105965,0.7044754
140,2794,-0.55289865,0.44720003,-0.07839421,0.5096731,-0.30217597,-0.1873964,0.2184507,0.0661268,0.1521371,-0.3852346,0.24666469,0.15901399,-0.6804154,0.20306376,-0.07998275,-0.3017065
140,2799,-0.62568647,-0.02374442,0.40651593,0.36415195,-0.42661804,0.30216613,0.25866684,-0.28036758,-0.11445473,0.8019285,-0.03784129,0.22877352,-0.24743722,-0.6108755,-0.021459736,0.2632967
140,2805,-0.041940153,-0.5499002,0.45792747,-0.09414972,0.11178273,0.18687446,0.04958824,0.79925066,-0.016604945,0.014267333,0.3916732,-0.120113015,0.10212858,-0.12492054,-0.32362312,0.3438617
140,2809,-0.6842723,0.44190156,0.0044705793,0.57519937,-0.48920667,-0.043248393,0.28651837,-0.23451781,0.10787321,0.13265666,0.07485515,0.15660039,-0.52245003,-0.23755138,0.08294898,-0.33731675
140,2815,0.9051168,0.09390217,-0.6847396,-0.58694744,0.3859522,0.117010966,-0.15521647,-0.25315613,0.08537691,0.01284121,-0.03735006,-0.34450284,0.7064703,0.026492551,0.37016132,-0.7627774
140,2840,-0.004861474,-0.5477586,0.5405766,-0.6001416,0.35112253,-0.09523388,-0.15783286,0.74954295,0.021722503,-0.13451093,-0.19397393,0.037187815,0.4519028,-0.24292068,0.076758474,0.44256684
140,2849,-0.3351772,0.11952582,0.05281099,0.42507017,-0.14076453,-0.057390116,0.14378718,0.47136083,0.069101796,-0.46573442,0.581869,-0.0032259747,-0.5945762,0.38131312,-0.33819732,-0.08258361
140,2850,-0.0024661124,-0.623116,0.45268077,0.059422165,0.022045463,0.39944947,0.16557637,0.8569808,-0.067368,0.21134159,0.59530723,-0.21322167,0.055147544,-0.17064853,-0.5118333,0.32998765
140,2858,-0.12539786,-0.41506058,0.4473291,-0.1360967,0.095573395,0.015389137,-0.044689115,0.65814054,-0.020830788,-0.13667595,0.27217984,-0.01868482,0.10329576,-0.043066308,-0.1365975,0.33730495
140,2861,-0.48923314,-0.08846173,0.3252245,0.41112632,-0.35040167,0.32392266,0.25304958,0.007894196,-0.06667191,0.60034674,0.23178053,0.050438575,-0.24892594,-0.4316879,-0.17509817,0.14425111
140,2867,-0.08302614,-0.46526313,0.54802567,-0.5453784,0.23253688,-0.037736617,-0.13434845,0.5210699,-0.03852704,0.03251691,-0.22817224,0.1339296,0.39724952,-0.3322395,0.100228235,0.46134922
140,2878,1.1016122,-0.45853168,-0.9634303,0.5180588,1.0755228,0.37639344,0.77470136,-0.43677095,0.4499119,0.17882365,-1.834864,-0.22229102,-0.4899245,0.13800272,-1.1977446,0.87331545
140,2881,-0.25602937,0.3705524,-0.16856265,0.34434444,0.06197971,-0.45457447,0.030023368,0.6089821,0.14130779,-1.3557203,0.58462656,0.17783698,-0.9404126,1.0679556,-0.40090805,-0.08263369
140,2888,0.91863966,0.08359976,-0.6864064,-0.547208,0.3412952,0.14205529,-0.19786635,-0.16710722,0.037077982,-0.017093308,0.19595665,-0.41539735,0.6906118,0.15035945,0.3151751,-0.8089923
140,2904,-0.22467807,-0.15277714,0.4691081,-0.64171445,0.2147789,-0.4706493,-0.37624386,0.2689889,0.014575392,-0.39596838,-0.46383467,0.2692753,0.446788,-0.13392085,0.52553725,0.3724679
140,2914,-0.5572058,0.3199845,0.028131396,0.55258363,-0.55974996,0.19078816,0.27811489,-0.294901,0.019714266,0.52331144,0.18959168,-0.033547282,-0.2643923,-0.4562338,0.10901934,-0.40005946
140,2918,-0.53251046,-0.102112085,0.40415502,0.33646312,-0.36938542,0.3494584,0.25554296,-0.15607134,-0.115324065,0.76991606,0.059683263,0.15188317,-0.20026788,-0.5663754,-0.1042262,0.2730726
140,2928,0.0071742833,-0.5264671,0.48811033,-0.5649686,0.384015,-0.1284501,-0.16247894,0.8222597,0.07644595,-0.2420671,-0.13916263,-0.020478696,0.42851466,-0.1735203,0.05797057,0.37611276
140,2932,1.2135088,-0.5029097,-1.009201,0.44627815,1.192645,0.382396,0.79516697,-0.31128645,0.4511141,-0.007987179,-1.8469163,-0.2028242,-0.5550017,0.30620268,-1.3911823,0.9580804
140,2939,-0.16146842,-0.4017951,0.60496795,-0.5746647,0.10683039,-0.031551667,-0.15454222,0.25022268,-0.13940279,0.2093948,-0.34420595,0.297956,0.37150276,-0.429556,0.18117741,0.5551271
140,2956,-0.34240347,0.23406814,0.18115366,0.29951024,-0.23271604,-0.5962958,-0.41733,-0.050821252,-0.32396582,-0.9084631,0.3436376,0.28670618,-0.42698857,0.9870393,0.18501383,0.42976835
140,2961,-0.21878915,-0.07246958,0.4722068,-0.96173316,0.23116672,-0.6905171,-0.57943165,0.008950077,-0.009632356,-0.45270306,-0.9064989,0.44987285,0.66522115,-0.22569337,0.8537364,0.43000692
140,2962,-0.47021824,-0.11582169,0.33067587,0.41547942,-0.34446943,0.34472322,0.26151156,0.049427204,-0.07234539,0.6087589,0.26577872,0.023285232,-0.23975885,-0.4276513,-0.2009298,0.14468922
140,2966,-0.0016429424,-0.62004334,0.44075498,0.08628118,0.013433099,0.42085308,0.18037368,0.86095864,-0.06440462,0.2264869,0.6213293,-0.23012543,0.045399055,-0.17044854,-0.53344846,0.31436205
140,2968,-0.08555937,-0.3891098,0.45521095,-0.56454873,0.3446152,-0.26274237,-0.2064035,0.69691885,0.113417104,-0.34302273,-0.2312623,0.053534627,0.3805263,-0.1541779,0.19002897,0.32779044
140,2985,-0.20105779,-0.34375554,0.5910896,-0.53152865,0.0368471,-0.0069104657,-0.14848848,0.11811515,-0.16823745,0.28515843,-0.34475818,0.34521562,0.3256225,-0.4543504,0.18663517,0.55329496
140,3009,-0.052302003,-0.55853397,0.42047682,0.13263243,-0.025596917,0.40686518,0.19177243,0.7900189,-0.054532617,0.23523672,0.60446775,-0.2040231,-0.0009390712,-0.17551216,-0.51030993,0.28576362
140,3016,-0.3901516,0.57168454,-0.29458383,0.3712302,-0.45338064,0.0012549758,0.17712499,-0.47475392,0.1962675,0.21308848,-0.027484462,-0.016091153,-0.19707012,-0.32996714,0.35796216,-0.77321947
140,3019,-0.020816058,-0.57769704,0.44698492,-0.011432216,0.062805,0.29177666,0.10337655,0.8224725,-0.039142728,0.09980188,0.5087669,-0.16762814,0.07242064,-0.13939649,-0.4208279,0.3305928
140,3025,-0.36101177,0.45235193,-0.18711996,0.38973385,-0.027948737,-0.40390474,0.10681979,0.44683203,0.19156696,-1.1277403,0.447382,0.19430956,-0.8993868,0.833037,-0.2995441,-0.20131084
140,3026,-0.6339328,0.44832006,-0.033847667,0.54754376,-0.41018263,-0.10503053,0.265265,-0.12596558,0.1253742,-0.08255068,0.11598939,0.17156152,-0.5937824,-0.05982873,0.016174167,-0.3144064
140,3057,1.2065867,-0.5233942,-1.0113168,0.5146327,1.1836177,0.39389893,0.8067384,-0.39642993,0.4662555,0.12154806,-1.9187397,-0.23175022,-0.5315728,0.2155244,-1.3361723,0.9825145
140,3075,0.011684537,0.20525616,0.18575996,-0.0644802,-0.18725698,-0.43644923,-0.6281525,-0.7490767,-0.39766958,-0.17701891,0.0029288083,0.2881606,0.012698665,0.6852212,0.26046717,0.6333107
140,3088,-0.40676546,0.6069913,-0.32304826,0.38495272,-0.43831927,-0.04522445,0.17851852,-0.42073846,0.22217454,0.0920573,0.0037327856,-0.00059159845,-0.28163946,-0.23753421,0.29776266,-0.7792772
140,3105,-0.5527304,0.3247109,0.025728099,0.5402612,-0.5635166,0.20187739,0.27562827,-0.33696842,0.021225952,0.5539175,0.15075758,-0.03206615,-0.2337937,-0.4954904,0.14555131,-0.41269127
140,3106,-0.6115912,0.39806688,-0.045001097,0.53881675,-0.4478197,0.09054077,0.36116812,-0.65702146,0.16723981,0.61417174,-0.461655,0.13850988,-0.26289558,-0.7155043,0.32502216,-0.31978932
140,3117,-0.015370429,-0.5939939,0.45736998,-0.01564379,0.06453934,0.2973124,0.10681851,0.8380522,-0.044717267,0.106469996,0.5121554,-0.17025572,0.07695024,-0.1419914,-0.42751005,0.34190434
140,3126,0.69258296,-0.20041105,-0.7831312,0.5299886,0.658162,0.29507852,0.6318235,-0.54591334,0.387041,0.34770298,-1.4335201,-0.19065341,-0.3545162,-0.1048114,-0.6902505,0.4399422
140,3135,-0.2553121,-0.32719687,0.3293437,0.40368038,-0.24765939,0.51775676,0.29195493,0.43983784,-0.095166564,0.58043075,0.6176219,-0.23974311,-0.11857457,-0.34528214,-0.43501252,0.08838299
140,3143,0.7977067,0.09138158,-0.6133319,-0.2910024,0.14207277,0.21030942,-0.24099334,0.082717575,-0.038798004,-0.042507134,0.85201085,-0.61902326,0.5665949,0.3926095,0.16258995,-0.93965703
140,3157,-0.694765,0.40787044,0.040498786,0.5759563,-0.57737285,0.08325467,0.30342403,-0.39624816,0.056815617,0.44856343,0.014527738,0.12188612,-0.37722772,-0.47471166,0.16327377,-0.35260254
140,3162,0.8789493,0.11074932,-0.69179386,-0.46994042,0.28033203,0.14405954,-0.20637545,-0.09970188,0.02295763,-0.061037563,0.37193942,-0.46481138,0.6245671,0.24541947,0.26327652,-0.86432576
140,3171,-0.5598332,0.34150904,0.020205893,0.5349436,-0.5676658,0.19726878,0.27989867,-0.380349,0.03242349,0.56952393,0.0985362,-0.020620674,-0.21947509,-0.5314467,0.18515971,-0.4300827
140,3175,-0.29184157,-0.043020234,0.321264,0.07328673,-0.07073879,-0.36878464,-0.25395888,0.31616166,-0.14964838,-0.62265325,0.29506457,0.15653816,-0.17744777,0.5076996,0.10524775,0.3483467
140,3212,-0.15622115,-0.47576797,0.43072093,0.19010061,-0.11871877,0.4313334,0.23573563,0.595299,-0.088872835,0.38722718,0.5178375,-0.13126877,-0.048289612,-0.27405572,-0.45331424,0.2941189
140,3218,-0.28174,0.3798746,-0.1623626,0.350239,0.035845295,-0.4277081,0.044233825,0.5540457,0.14682896,-1.2672979,0.54675436,0.18015556,-0.90982956,0.98489773,-0.37177515,-0.101474866
140,3220,-0.5858453,0.3945578,-0.09042627,0.551146,-0.37415588,0.059611335,0.3982057,-0.7029216,0.22049703,0.5982187,-0.6336881,0.16244479,-0.2911607,-0.730703,0.31327716,-0.26988348
140,3224,-0.19708447,-0.061305642,0.46400684,-0.92928654,0.17876875,-0.65209204,-0.5956655,-0.10389427,-0.069169626,-0.37355697,-0.88203,0.46940422,0.6400124,-0.18974699,0.81882954,0.4801595
140,3229,-0.24217345,-0.22043464,0.5421804,-0.37755746,-0.1505309,0.013783082,-0.1883414,-0.2230019,-0.28422546,0.39867514,-0.28271708,0.440849,0.17838858,-0.348338,0.17136645,0.6206045
140,3251,-0.31648225,0.12523538,0.23488566,0.20399693,-0.16114254,-0.5270386,-0.3606281,0.09810824,-0.25681153,-0.8267387,0.31008685,0.24269283,-0.33913982,0.8228854,0.15441631,0.4138608
140,3257,0.9281379,0.08085159,-0.68885905,-0.5620618,0.35519484,0.1395996,-0.19488448,-0.17827186,0.043134015,-0.014067374,0.16137408,-0.4077512,0.70148253,0.13520157,0.32363817,-0.80189145
140,3258,-0.1518467,-0.46643955,0.42827815,0.15625301,-0.10073902,0.39339042,0.206192,0.5979775,-0.07573064,0.33239782,0.4930644,-0.1104109,-0.04131213,-0.253237,-0.429971,0.2965023
140,3259,-0.25367072,0.09884163,0.26811495,0.17118451,-0.27462488,-0.3923567,-0.3864227,-0.25810045,-0.4294018,-0.46155667,0.16380988,0.36584193,-0.31340382,0.71244216,0.11650188,0.6136448
140,3260,-0.61911035,0.40260962,-0.036063008,0.5374129,-0.46617672,0.09453348,0.35276827,-0.64380586,0.15546921,0.60878676,-0.41936722,0.134874,-0.2609161,-0.7056025,0.32483107,-0.3342502
140,3283,0.25056413,0.2601576,-0.40339935,-0.061301634,-0.13190848,0.16172041,-0.043372493,-0.36212254,0.03939816,0.31143022,0.19434977,-0.26438877,0.3821892,-0.20301948,0.43504754,-0.7962984
140,3295,-0.5598332,0.34150904,0.020205885,0.5349436,-0.5676658,0.19726878,0.27989867,-0.380349,0.03242349,0.569524,0.0985362,-0.020620674,-0.21947509,-0.5314467,0.18515971,-0.4300827
140,3307,-0.21878915,-0.07246958,0.4722068,-0.96173316,0.23116672,-0.6905171,-0.57943165,0.008950077,-0.009632356,-0.45270306,-0.9064988,0.44987285,0.66522115,-0.22569337,0.8537364,0.43000692
140,3311,0.0034983158,-0.51383466,0.47896618,-0.5769288,0.39845052,-0.16526404,-0.17669545,0.8384083,0.094764054,-0.29196417,-0.15190488,-0.023608819,0.4306116,-0.15413144,0.08045554,0.36224946
140,3315,0.22369304,0.26593935,-0.39190647,-0.045176044,-0.14255464,0.1583152,-0.037176985,-0.36168045,0.042828485,0.30855006,0.1912566,-0.25274107,0.35953492,-0.2071767,0.4259651,-0.7840381
140,3323,-0.051009834,-0.5600425,0.5029625,-0.19149338,0.13460144,0.13966133,0.01199187,0.76027995,-0.037826106,0.02071599,0.26955327,-0.061524466,0.16374128,-0.15993045,-0.23892443,0.39892575
140,3330,0.15487823,0.26308107,-0.34669495,0.06401862,-0.23291191,0.19003266,-0.03996603,-0.2788971,0.0067428946,0.334543,0.4085638,-0.30895272,0.2962923,-0.1508556,0.36383057,-0.80432165
140,3331,-0.3216198,0.15692446,0.22095087,0.23178694,-0.18259123,-0.5579863,-0.38552946,0.05453194,-0.28396744,-0.86457646,0.3195623,0.2581491,-0.36684945,0.88879573,0.16687427,0.42775348
140,3333,-0.6971606,0.43530288,0.019618101,0.5781576,-0.5091388,-0.021546893,0.28827542,-0.26702473,0.1027795,0.20042351,0.06430918,0.15195802,-0.4943093,-0.29433095,0.10224888,-0.33888844
140,3337,0.7977067,0.09138158,-0.61333185,-0.29100245,0.14207277,0.21030942,-0.24099334,0.082717575,-0.03879799,-0.04250712,0.85201085,-0.6190233,0.5665949,0.3926095,0.16258995,-0.93965703
140,3338,-0.016787022,-0.61960965,0.44497585,0.1145941,-0.003675431,0.4251812,0.19754557,0.8680396,-0.06467439,0.23486656,0.634321,-0.23154855,0.022984698,-0.16868463,-0.5432193,0.3129939
140,3344,-0.3576588,0.33729059,-0.08869908,0.4106273,-0.05962807,-0.3514364,0.07462156,0.49531814,0.13050388,-1.0297681,0.5393839,0.1510178,-0.8457774,0.79086494,-0.31429452,-0.11747551
140,3350,0.012464315,-0.54045177,0.50133985,-0.584916,0.3913795,-0.13259858,-0.16682407,0.83101034,0.070732854,-0.2394706,-0.15426329,-0.0152519345,0.44280356,-0.17990804,0.065146625,0.39131558
140,3355,0.69248307,0.1449578,-0.6003026,-0.47864354,0.32442614,0.08234994,-0.07023719,-0.34181276,0.14168854,0.066882476,-0.24703607,-0.22183567,0.5736197,-0.13713628,0.38596305,-0.6594769
140,3363,-0.6049181,0.3928145,0.0049820095,0.5295212,-0.5539495,0.14401458,0.2985198,-0.4789546,0.078519225,0.5559333,-0.071790665,0.05111558,-0.23839694,-0.5938309,0.25845596,-0.42962706
140,3370,-0.55781275,0.3097756,0.04015892,0.53443176,-0.53578544,0.18095338,0.26587588,-0.28128153,0.025398768,0.49375018,0.18564224,-0.012741506,-0.2717265,-0.43996787,0.093658775,-0.3654036
140,3394,-0.28931826,-0.20368642,0.24922004,0.44801188,-0.24405883,0.3726715,0.264102,0.47236314,-0.026276648,0.3235087,0.6483693,-0.22531894,-0.24245042,-0.17978615,-0.40236345,-0.022540674
140,3410,0.118849725,0.3806396,-0.46645606,0.07373534,-0.110122964,0.062233582,0.07175198,-0.16211946,0.13075937,-0.033966996,0.25256836,-0.20892945,-0.0044297874,0.06121236,0.12510078,-0.75702167
140,3416,-0.2362002,-0.04589598,0.38192847,-0.07175182,-0.24549985,-0.15519363,-0.27829987,-0.32007772,-0.36453632,0.04060313,-0.06324506,0.41351426,-0.08784869,0.16107303,0.11205809,0.6258707
140,3429,-0.15818992,-0.3916031,0.5748526,-0.5368164,0.12322843,-0.031686984,-0.14189579,0.297353,-0.10535987,0.16159499,-0.30196068,0.2567159,0.35424793,-0.4012516,0.15854315,0.5100679
140,3432,-0.5788754,0.399074,-0.11498248,0.56468785,-0.35307416,0.049308993,0.42551056,-0.73615795,0.24398437,0.61182487,-0.7255944,0.16798982,-0.2997126,-0.75715935,0.32314467,-0.26324993
140,3437,0.8678683,0.113725096,-0.6870445,-0.39658356,0.2287443,0.16332893,-0.22761692,0.0009267628,0.00142584,-0.095347576,0.61203897,-0.5511142,0.5892272,0.3571932,0.20283806,-0.9264386
140,3440,-0.5616223,0.3816967,-0.119545214,0.55111265,-0.30993366,0.0380888,0.41762197,-0.71665144,0.25759107,0.5752632,-0.7431053,0.17774864,-0.31125,-0.7296095,0.29231563,-0.22079365
140,3442,0.8677288,0.10927659,-0.6764405,-0.57321966,0.3805289,0.10468911,-0.1332937,-0.28289202,0.10361182,0.022961251,-0.10854459,-0.31440607,0.6840844,-0.017450258,0.3833985,-0.74656725
140,3451,1.2065867,-0.5233942,-1.0113168,0.5146327,1.1836177,0.39389893,0.8067384,-0.39642993,0.4662555,0.12154806,-1.9187397,-0.23175022,-0.5315728,0.21552444,-1.3361723,0.9825145
140,3458,1.0742377,-0.2966137,-1.0236629,0.31690007,1.1006124,0.2570685,0.75344884,-0.20240545,0.46299365,-0.2875914,-1.6449801,-0.12023044,-0.615181,0.42307404,-1.3105965,0.70447546
140,3471,-0.2553506,0.35327756,-0.1578049,0.34763697,0.0558801,-0.43662202,0.034677386,0.6095174,0.1384108,-1.3202296,0.5857693,0.16691983,-0.9270319,1.0409366,-0.40369236,-0.07871774
140,3478,-0.2183514,-0.33240485,0.6090783,-0.5379109,-0.0075219274,0.013914138,-0.1521664,0.029271357,-0.20986834,0.36082655,-0.3613855,0.39337623,0.315911,-0.48468828,0.19294953,0.58930063
140,3488,0.69596994,0.09046997,-0.5415513,-0.22745185,0.07274893,0.23061831,-0.22146149,0.04517173,-0.054458305,0.052742675,0.84322953,-0.5875339,0.5488067,0.30266473,0.19228125,-0.90429527
140,3497,0.012127668,-0.55167234,0.5186605,-0.600699,0.38845316,-0.12926054,-0.16777106,0.82232714,0.057669368,-0.21884471,-0.17200491,-0.0012217611,0.45298463,-0.19547907,0.07221444,0.41206595
140,3498,-0.047088176,-0.5095739,0.5554,-0.5835479,0.2863241,-0.06421905,-0.14733985,0.6202125,-0.018641487,-0.032781817,-0.22674254,0.099055335,0.4311198,-0.30154064,0.096649766,0.46568295
140,3509,-0.09474203,0.35788858,-0.44897217,0.44376802,-0.14451183,0.08669129,0.33048677,-0.56637543,0.26024783,0.33118892,-0.51472545,-0.061461285,-0.22956793,-0.33736145,0.1101608,-0.4262173
140,3519,-0.16529545,-0.29809767,0.50885814,-0.6581367,0.25650492,-0.2855665,-0.2514654,0.39876953,0.028617732,-0.18018359,-0.4509627,0.22365804,0.43867815,-0.30197996,0.35315385,0.3994177
140,3523,-0.12694958,-0.43741107,0.5937945,-0.5813275,0.16264349,-0.039486118,-0.15132017,0.36323407,-0.10403882,0.14027882,-0.31408992,0.23905927,0.39485687,-0.39708894,0.15790844,0.5306247
140,3526,0.5543355,0.1271475,-0.4847945,-0.16822128,-0.0022298098,0.22202253,-0.17852151,-0.064546704,-0.050053447,0.14518389,0.6938609,-0.49184602,0.49871933,0.16108826,0.2542873,-0.8561387
140,3540,-0.26447594,-0.14908218,0.35678083,-0.005971357,-0.010062158,-0.22716579,-0.16378988,0.4410033,-0.059200734,-0.44131434,0.2866149,0.08772279,-0.06542514,0.25737414,0.04442957,0.28367618
140,3541,-0.2308764,-0.06929535,0.46685243,-0.9491485,0.24149323,-0.6903997,-0.56214726,0.045821525,0.0152134,-0.47253406,-0.89346266,0.43553743,0.65758884,-0.2367409,0.8493298,0.40096775
140,3543,-0.027871579,-0.5900005,0.46068546,0.022154182,0.014195234,0.37863702,0.14552146,0.7692242,-0.07911563,0.23752129,0.51848674,-0.16188204,0.069713846,-0.20647618,-0.4567179,0.3477474
140,3545,-0.5532216,0.336231,0.021642298,0.52647704,-0.5574467,0.1969605,0.27326614,-0.37294048,0.034256645,0.5590746,0.103030585,-0.020067096,-0.21639907,-0.52403426,0.17927185,-0.42245752
140,3551,-0.12770143,-0.3467555,0.48652166,-0.61848223,0.30545858,-0.2818772,-0.22700237,0.5588866,0.07491842,-0.26615405,-0.34607235,0.14139192,0.40568435,-0.23041192,0.27381167,0.36696446
140,3557,-0.54865724,0.32041606,0.026839532,0.5347816,-0.5545354,0.19920501,0.27004462,-0.32529902,0.022530913,0.53922194,0.15969615,-0.030654207,-0.23654611,-0.48253128,0.13485835,-0.40377608
140,3559,0.19986108,0.27518213,-0.38484052,-0.020525172,-0.16855101,0.1614904,-0.031886887,-0.3671218,0.03952665,0.3259818,0.20588104,-0.2553365,0.3482095,-0.21666785,0.43232772,-0.79563284
140,3581,-0.2752548,-0.24968755,0.27384135,0.4400856,-0.2484082,0.43064213,0.27679643,0.47007737,-0.042073473,0.4220194,0.6503575,-0.24809235,-0.19260897,-0.2484095,-0.4161964,-0.002224598
140,3591,-0.012573004,-0.62178713,0.48271275,-0.016416296,0.044479504,0.3436336,0.12726115,0.8230545,-0.075529695,0.18678617,0.50762534,-0.16218513,0.08845393,-0.18471576,-0.44489476,0.37292293
140,3594,-0.5498292,0.5475483,-0.25753766,0.5092921,-0.33902538,-0.06596901,0.3862674,-0.6461898,0.31703925,0.28291643,-0.63961184,0.1856541,-0.3890869,-0.5466843,0.2843451,-0.45612252
140,3596,-0.23374102,-0.2817613,0.59034157,-0.4704939,-0.10737534,0.040538065,-0.16887882,-0.14880016,-0.27573848,0.45186412,-0.34304878,0.4458481,0.23268564,-0.44783458,0.17908984,0.6376216
140,3602,-0.098115,-0.53309697,0.42092422,0.2099617,-0.09396693,0.48479977,0.25415778,0.69402236,-0.091640234,0.3940722,0.6106819,-0.21176258,-0.027158424,-0.2508929,-0.5247864,0.27871314
140,3607,0.5393467,0.19180945,-0.81009406,0.053297147,0.56853616,0.024830423,0.4561397,-0.0048201755,0.3653335,-0.61150044,-0.7122959,-0.015555233,-0.52461964,0.47219917,-0.7581972,-0.074023336
140,3626,-0.49672636,0.45950595,-0.117339425,0.47267598,-0.2093673,-0.26599747,0.17727663,0.19882658,0.1758129,-0.6481198,0.3213875,0.17289989,-0.7556351,0.419884,-0.1477712,-0.28105134
140,3634,0.533103,0.13510606,-0.47901815,-0.160675,-0.007984936,0.21590023,-0.17179415,-0.075685345,-0.044224247,0.14358568,0.6691972,-0.47523123,0.4825232,0.14928097,0.25487816,-0.8459422
140,3636,-0.56643766,0.68169564,-0.3268374,0.47632444,-0.39258343,-0.15963855,0.316925,-0.50890154,0.33031243,0.010810129,-0.3735098,0.16800502,-0.47385383,-0.32298836,0.2657816,-0.6580001
140,3640,-0.03577134,-0.563919,0.47926345,-0.14585786,0.12488726,0.19032463,0.037414327,0.772733,-0.035153404,0.05313068,0.33216733,-0.096137,0.14381613,-0.16211516,-0.2954763,0.37367007
140,3647,-0.08821127,-0.3932361,0.47651973,-0.60732484,0.3478584,-0.27689278,-0.22003399,0.67400193,0.09954765,-0.32601917,-0.28302133,0.080697045,0.4085849,-0.18044765,0.22413152,0.35295105
140,3653,0.1522657,0.30257678,-0.3870473,0.07866709,-0.24196495,0.16765548,-0.026911173,-0.27860337,0.0261475,0.29092744,0.4032051,-0.3155705,0.25887972,-0.11965517,0.3571281,-0.8511809
140,3654,-0.25256,-0.32042384,0.31691682,0.41870344,-0.2446675,0.5017323,0.2937358,0.4771193,-0.08144784,0.53419983,0.6490023,-0.25754026,-0.13835499,-0.31205896,-0.44556445,0.06128334
140,3658,-0.54093355,0.43391553,-0.19798157,0.54760176,-0.2801776,-0.003494002,0.44609106,-0.7397362,0.31003326,0.49695042,-0.8470402,0.19391122,-0.34094834,-0.7103335,0.29283112,-0.27605036
140,3664,-0.09474203,0.35788858,-0.44897217,0.44376802,-0.14451183,0.08669129,0.33048677,-0.56637543,0.26024783,0.33118892,-0.51472545,-0.061461285,-0.22956793,-0.33736145,0.11016081,-0.42621726
140,3671,-0.012573004,-0.62178713,0.48271275,-0.016416296,0.044479504,0.3436336,0.12726115,0.8230545,-0.075529695,0.18678617,0.50762534,-0.16218513,0.08845393,-0.18471576,-0.44489476,0.37292293
140,3676,-0.3056525,0.03036119,0.28840607,0.12745833,-0.11184365,-0.44318265,-0.30335206,0.21828339,-0.20077527,-0.71428263,0.2965123,0.1997005,-0.24847995,0.6479442,0.13288376,0.38282555
140,3684,0.09450391,0.29333776,-0.34131843,0.11024003,-0.25257453,0.16767843,-0.01998144,-0.25093043,0.028259486,0.27770302,0.42114857,-0.2895141,0.20664401,-0.11692166,0.3098848,-0.789714
140,3690,-0.23543422,-0.011810705,0.3561031,-0.009744316,-0.25635394,-0.22098133,-0.3131985,-0.3116446,-0.39336404,-0.0896221,-0.0076491833,0.4066148,-0.14786218,0.31607124,0.11265758,0.6386941
140,3705,0.23240957,0.26583472,-0.3967284,-0.042015716,-0.15202838,0.16512518,-0.04009899,-0.36425838,0.035790272,0.32507825,0.20955202,-0.26728567,0.3737352,-0.20900868,0.43849888,-0.80412817
140,3706,-0.053991407,-0.48505253,0.5261196,-0.54050446,0.2768782,-0.05688981,-0.13781008,0.61642563,-0.0026154444,-0.047874488,-0.1887244,0.080485195,0.4012938,-0.28145212,0.07720542,0.43130317
140,3709,-0.5523163,0.56550205,-0.2719507,0.51217693,-0.3428685,-0.07851691,0.38861102,-0.6446209,0.32353073,0.26163915,-0.637511,0.18562838,-0.40167674,-0.53245896,0.28721198,-0.47841725
140,3747,-0.012980014,-0.57169086,0.43097746,-0.012481615,0.08382663,0.2672609,0.0923279,0.85226226,-0.01805766,0.046078987,0.5206007,-0.18448657,0.07102786,-0.108705245,-0.4194212,0.3109098
140,3757,0.8747479,0.09598559,-0.67165655,-0.5059175,0.30663309,0.14237754,-0.19447814,-0.15330073,0.032122947,-0.021100514,0.24307129,-0.41567647,0.6520443,0.16498908,0.29757994,-0.81140184
140,3762,-0.23221242,-0.3098882,0.6138607,-0.52933365,-0.057819486,0.013794981,-0.1672201,-0.06695858,-0.24883449,0.4109459,-0.37888184,0.43980002,0.28801465,-0.48280036,0.2061427,0.6238213
140,3768,-0.09474203,0.35788858,-0.44897217,0.44376805,-0.14451183,0.08669129,0.33048677,-0.56637543,0.26024783,0.33118892,-0.51472545,-0.061461285,-0.22956793,-0.33736148,0.11016081,-0.42621726
140,3777,0.54952395,0.14028804,-0.49515802,-0.16906305,-0.0050901175,0.21394208,-0.17315383,-0.08258592,-0.0437454,0.14249328,0.6638179,-0.48227322,0.49317342,0.15240481,0.26595154,-0.86533743
140,3778,-0.033157647,-0.56681323,0.47697347,-0.13909309,0.12622645,0.19047001,0.0393836,0.7851824,-0.0321192,0.044896834,0.3445762,-0.10356419,0.13929857,-0.15434553,-0.30306947,0.3702033
140,3792,-0.22304648,-0.3239358,0.6073528,-0.53188443,-0.02207756,0.016514182,-0.15438713,0.002699837,-0.21899748,0.37531677,-0.3618498,0.4040747,0.3063993,-0.48464394,0.1938872,0.5942111
140,3800,-0.5565148,0.32651678,0.023827218,0.55069065,-0.5652025,0.19459319,0.27878883,-0.31674898,0.021337934,0.5372056,0.17118463,-0.03512296,-0.2519067,-0.47455013,0.1293621,-0.41348195
140,3809,0.18701735,0.26869136,-0.37162128,0.017900646,-0.20092987,0.17774834,-0.039620083,-0.3240564,0.019760653,0.33288676,0.31465048,-0.28896245,0.33157706,-0.18025924,0.4041671,-0.81036574
140,3824,-0.08555934,-0.3891098,0.45521095,-0.56454873,0.34461513,-0.26274234,-0.2064035,0.69691885,0.113417104,-0.34302273,-0.2312623,0.053534627,0.38052636,-0.1541779,0.19002897,0.32779044
140,3836,0.7117417,0.08488387,-0.5465531,-0.23600392,0.0844571,0.23066625,-0.2266723,0.059219547,-0.05395001,0.038337424,0.85718644,-0.59561914,0.5522891,0.32008073,0.18160614,-0.9041289
140,3844,-0.18971244,-0.29599303,0.40521875,-0.08535214,0.05308616,-0.082590275,-0.089654446,0.5633032,-0.021602094,-0.25633675,0.2743171,0.024381056,0.041053876,0.06053272,-0.055460647,0.29829437
140,3848,-0.18329288,-0.3710791,0.5986015,-0.55182266,0.06897095,-0.020280577,-0.15184408,0.17988566,-0.1550265,0.24839142,-0.34625062,0.32444233,0.34660006,-0.4421379,0.18561763,0.55532193
140,3850,-0.45601213,0.478791,-0.15109095,0.4409483,-0.13493411,-0.34339347,0.14306717,0.29494512,0.19487947,-0.8747172,0.36814678,0.19437306,-0.82676,0.6004287,-0.19773512,-0.26129234
140,3860,-0.46178678,0.6785106,-0.35781473,0.4184667,-0.43179297,-0.12236408,0.20359744,-0.38516155,0.27309328,-0.050722994,-0.0203197,0.037912063,-0.40161225,-0.16019796,0.25640818,-0.802602
140,3865,-0.551893,0.70570767,-0.33856001,0.4523523,-0.40625656,-0.17606488,0.266522,-0.4281504,0.32192713,-0.08491666,-0.20838037,0.13757473,-0.48822695,-0.21760727,0.24073195,-0.71992755
140,3872,-0.5055329,0.4811591,-0.12846825,0.4854845,-0.20868522,-0.29663435,0.17822154,0.22169545,0.1825029,-0.70677835,0.33817768,0.178095,-0.7890957,0.46705088,-0.14813831,-0.29651782
140,3874,-0.42011547,0.27068087,0.27485237,-0.34435213,0.029779196,-0.8393568,-0.5866453,-0.028723665,0.03356522,-0.9336896,-0.25265914,0.30180472,0.25054532,0.3656126,0.79206645,0.18183413
140,3881,-0.32908055,0.22556888,0.18548736,0.297003,-0.24609257,-0.5772112,-0.42049694,-0.09468507,-0.34469846,-0.8609284,0.32818055,0.29855424,-0.41807282,0.97402704,0.17628418,0.45624104
140,3902,0.5330646,0.19010332,-0.81060946,0.054138184,0.588665,0.017159916,0.4693566,-0.00050307065,0.3772071,-0.6390935,-0.75280833,0.005905874,-0.55464816,0.48096862,-0.78970826,-0.038703565
140,3908,-0.010314822,-0.61553603,0.46327558,0.03144209,0.020329699,0.39502567,0.15505733,0.813528,-0.079486966,0.23584321,0.55186915,-0.18585283,0.071503684,-0.19635674,-0.4848282,0.34799662
140,3911,0.42993477,0.12949231,0.13036527,0.07367675,-0.29259503,-0.22039044,-0.7531305,-1.3372029,-0.7839633,0.35484138,0.11675661,0.27917933,-0.11385316,1.0401527,-0.10560295,1.087535
140,3919,-0.5424439,0.71182716,-0.3421774,0.44358116,-0.413207,-0.17878383,0.24201779,-0.390342,0.31446466,-0.12056277,-0.12571707,0.11746503,-0.49072242,-0.1691909,0.22838178,-0.74609697
140,3931,0.8144103,0.11550636,-0.6533716,-0.36160433,0.20521596,0.16460177,-0.21972801,0.009950079,0.0021654665,-0.09122007,0.6277762,-0.5351044,0.5522536,0.34867206,0.18302852,-0.8972327
140,3939,1.2065867,-0.5233942,-1.0113168,0.5146327,1.1836177,0.39389893,0.8067384,-0.39642993,0.4662555,0.12154806,-1.9187397,-0.23175022,-0.5315728,0.2155244,-1.3361723,0.9825145
140,3940,0.803702,0.10843117,-0.6366486,-0.32188964,0.17001048,0.18562314,-0.22894539,0.04718911,-0.016246416,-0.07049481,0.7438717,-0.57963485,0.5549003,0.3742768,0.17254937,-0.9258514
140,3942,0.31611833,0.24200165,-0.4314819,-0.10198547,-0.092086725,0.16263592,-0.06340836,-0.33092073,0.033095494,0.27442804,0.22603077,-0.2882327,0.40846175,-0.15192792,0.4154062,-0.80370796
140,3969,-0.2844424,0.4758652,-0.34043577,0.40110195,-0.3348487,0.043306217,0.23953295,-0.5292099,0.21701637,0.2989305,-0.23743072,-0.028265297,-0.19492511,-0.36836123,0.27866322,-0.6183759
140,3974,0.23240957,0.26583472,-0.3967284,-0.042015716,-0.15202838,0.16512518,-0.040098976,-0.36425838,0.03579028,0.32507822,0.20955202,-0.26728567,0.37373513,-0.20900868,0.43849888,-0.80412817
140,3984,0.041363984,0.2130716,-0.45780712,0.44556195,0.0036714673,0.15089968,0.3652249,-0.55755115,0.26027167,0.3915614,-0.65185654,-0.08452168,-0.20803694,-0.33410624,-0.021218635,-0.2214899
140,3994,-0.083388776,-0.57623655,0.43020803,0.24911591,-0.11273034,0.60196185,0.30121374,0.6743861,-0.13007696,0.57595795,0.64568305,-0.2820996,0.018054321,-0.33999497,-0.5680374,0.2787254
140,4004,-0.7027298,0.41232538,0.040547363,0.57770383,-0.56486356,0.06150289,0.30030453,-0.37381127,0.06736004,0.4038814,0.020288855,0.13347298,-0.40252995,-0.44529498,0.14957173,-0.3433777
140,4007,-0.35257033,0.13725242,0.34618884,-0.47611052,0.1130397,-0.7829344,-0.5593626,0.09350107,0.028114349,-0.8422418,-0.3364404,0.2916773,0.34632397,0.2515311,0.75752485,0.25060433
140,4009,-0.09474203,0.35788858,-0.44897217,0.44376802,-0.14451183,0.08669129,0.33048677,-0.56637543,0.26024783,0.33118892,-0.51472545,-0.061461285,-0.22956793,-0.33736148,0.11016081,-0.42621726
140,4015,-0.23837626,0.05768867,0.28946042,0.11488763,-0.2716853,-0.29781267,-0.34428406,-0.29782277,-0.40595937,-0.2798604,0.09988093,0.37336484,-0.25114956,0.53344285,0.09007704,0.6153592
140,4016,0.9051168,0.09390218,-0.6847396,-0.58694744,0.3859522,0.117010966,-0.15521647,-0.25315613,0.08537691,0.01284121,-0.03735003,-0.3445028,0.7064704,0.026492551,0.37016132,-0.7627774
140,4036,-0.5788754,0.399074,-0.11498248,0.56468785,-0.35307416,0.049309,0.42551056,-0.7361579,0.24398439,0.61182487,-0.7255944,0.16798982,-0.29971257,-0.75715935,0.32314467,-0.2632499
140,4038,-0.68237936,0.39831394,0.04229039,0.5639231,-0.56564313,0.08897187,0.2947334,-0.388508,0.05665092,0.4438289,0.02254717,0.11794787,-0.36678594,-0.46947363,0.15623671,-0.34431258
140,4039,0.15742907,0.26623434,-0.3507458,0.034341082,-0.20758724,0.17669116,-0.036294702,-0.31130704,0.020775348,0.32451126,0.32389367,-0.2756363,0.3040589,-0.17720082,0.3813127,-0.78225464
140,4048,-0.52125055,0.4689554,-0.11394925,0.500164,-0.24424942,-0.2573565,0.19789124,0.17149872,0.17132364,-0.59334123,0.30691266,0.1675716,-0.7557157,0.3764924,-0.1276011,-0.3024413
140,4050,0.21374848,0.2735761,-0.39205533,-0.016520724,-0.17736322,0.16933429,-0.036826503,-0.36065045,0.030699499,0.33784238,0.2399523,-0.27662745,0.36178523,-0.20805435,0.43858215,-0.81920123
140,4052,0.13472733,0.264347,-0.3352957,0.080179915,-0.24246134,0.18983248,-0.036796022,-0.2686668,0.0068265423,0.3308128,0.42327023,-0.30525428,0.2763468,-0.14632055,0.3489019,-0.7936485
140,4070,-0.3631848,-0.23216921,0.33712512,0.4158036,-0.29991728,0.43962204,0.28432044,0.25598377,-0.08856174,0.6065999,0.44706544,-0.11424318,-0.17821753,-0.39248294,-0.3238307,0.11950196
140,4081,-0.03359905,-0.46268815,0.47102222,-0.5886249,0.3922886,-0.24006388,-0.20098865,0.8059058,0.11564995,-0.3586833,-0.19731322,0.006616093,0.41490787,-0.13621593,0.14465131,0.34655103
140,4087,-0.066388875,-0.4887876,0.556348,-0.56684643,0.25377983,-0.043380834,-0.13952263,0.5584283,-0.036149666,0.016951658,-0.23159829,0.12292207,0.4165699,-0.32646975,0.09866433,0.47031632
140,4090,-0.2308764,-0.06929535,0.46685243,-0.9491485,0.24149323,-0.69039977,-0.56214726,0.045821525,0.0152134,-0.47253406,-0.89346266,0.43553743,0.65758884,-0.2367409,0.8493298,0.40096775
140,4103,0.52418697,0.054138705,0.1488796,0.0064768195,-0.30579185,-0.1068866,-0.757377,-1.4663057,-0.88003874,0.5955411,0.028191477,0.3144564,-0.08399744,0.96715415,-0.19017579,1.2135919
140,4104,-0.28486812,-0.2398431,0.2704426,0.45135444,-0.2540751,0.41698158,0.27974692,0.47597298,-0.036073938,0.40420067,0.6526984,-0.24729845,-0.20928851,-0.2373573,-0.41240278,-0.013272487
140,4111,-0.49432045,0.72507954,-0.38411412,0.4350134,-0.42225677,-0.17285281,0.2209445,-0.3661379,0.30792046,-0.1461977,-0.04590398,0.06668353,-0.47858804,-0.11034562,0.22708052,-0.81535226
140,4115,0.014131546,-0.637193,0.40276635,0.23292626,-0.046168566,0.59747803,0.28494227,0.8513772,-0.10308388,0.43410993,0.7693516,-0.35756847,0.030840412,-0.2293479,-0.6519102,0.2541318
140,4120,-0.5132058,0.7313562,-0.37771603,0.44472584,-0.4176514,-0.18831915,0.22477743,-0.3478667,0.31723565,-0.17948261,-0.04217571,0.07991341,-0.5099839,-0.090895474,0.2066797,-0.8013063
140,4124,0.11142841,0.4655622,-0.58513653,0.0474284,0.053114563,-0.050302006,0.19816032,-0.07987353,0.24742681,-0.3708481,0.00021955371,-0.077038124,-0.2609161,0.23036969,-0.1092907,-0.6590134
140,4126,-0.5589294,0.7093669,-0.35146034,0.47665912,-0.40195265,-0.17687702,0.3065578,-0.48170882,0.33806866,-0.040242992,-0.3190032,0.15031743,-0.49102318,-0.2745577,0.2625072,-0.7120001
140,4129,0.84317446,0.10499646,-0.66123587,-0.47423685,0.28337178,0.1414555,-0.19244578,-0.13505962,0.030208766,-0.032669388,0.28637123,-0.41854203,0.6189247,0.18455008,0.27680647,-0.81249905
140,4138,0.6025957,0.07224627,0.103135645,0.1286702,-0.32678932,-0.06477157,-0.75942874,-1.5528436,-0.9278122,0.6451925,0.15357131,0.2604649,-0.17291717,1.1114665,-0.309001,1.2579806
140,4149,1.2065867,-0.5233942,-1.0113168,0.5146327,1.1836177,0.39389893,0.8067384,-0.39642993,0.4662555,0.12154806,-1.9187397,-0.23175022,-0.5315728,0.2155244,-1.3361723,0.9825145
140,4152,-0.60238624,0.38904065,-0.045142837,0.52611345,-0.42257008,0.08382528,0.35400078,-0.6490783,0.17605233,0.5937827,-0.47368506,0.14657661,-0.26466364,-0.704198,0.31270036,-0.29629982
140,4153,-0.5527304,0.32471088,0.025728099,0.5402612,-0.5635166,0.20187739,0.27562827,-0.33696842,0.021225952,0.5539175,0.15075757,-0.03206615,-0.23379369,-0.4954904,0.14555131,-0.4126913
140,4157,-0.5640868,-0.0562824,0.36717165,0.40154192,-0.39423874,0.30725482,0.2623998,-0.12760165,-0.08869219,0.6987007,0.10101161,0.13810924,-0.26315898,-0.5159042,-0.100366175,0.20221615
140,4161,-0.07818484,-0.5580477,0.44179717,0.14093173,-0.050873667,0.41532066,0.20804277,0.75816345,-0.07150635,0.28260258,0.5787315,-0.18042982,-0.010703251,-0.20557289,-0.49990156,0.30824077
140,4173,-0.26447594,-0.14908218,0.35678083,-0.005971357,-0.010062143,-0.22716579,-0.16378988,0.4410033,-0.059200734,-0.44131428,0.2866149,0.0877228,-0.06542514,0.25737414,0.04442957,0.28367618
140,4175,0.82433,0.107105486,-0.65071476,-0.35677284,0.19791484,0.1757431,-0.22706725,0.022207163,-0.008872069,-0.07795762,0.6706009,-0.5555418,0.5670857,0.35723224,0.1845386,-0.90981525
140,4177,-0.3270948,0.28397736,0.2505689,-0.2814154,-0.034151122,-0.80262613,-0.6406571,-0.22792144,-0.08423364,-0.8254058,-0.18895015,0.314991,0.20660295,0.50494635,0.71789813,0.29649028
140,4180,-0.2994784,-0.124249876,0.20179729,0.44154274,-0.22026749,0.271035,0.23094064,0.46912947,-0.0012186244,0.13836609,0.63770866,-0.17687565,-0.32120594,-0.049590394,-0.38262382,-0.04341793
140,4184,-0.28901625,0.38665265,-0.16475374,0.3545175,0.030154169,-0.4268465,0.049598217,0.5441772,0.14956468,-1.257701,0.5367689,0.18296863,-0.9104077,0.9740647,-0.36601603,-0.10858005
140,4198,0.5187775,0.17426142,-0.50882584,-0.16157733,-0.022307992,0.19599149,-0.15338442,-0.13673213,-0.027084224,0.15197775,0.5760355,-0.45002282,0.4747514,0.11013758,0.30112526,-0.8807245
140,4205,-0.51970696,0.68729734,-0.33012915,0.43267584,-0.39830762,-0.17168,0.21537754,-0.33046958,0.30164152,-0.15777415,-0.036272615,0.096448,-0.49491262,-0.10843389,0.18656257,-0.72833055
140,4211,-0.5622173,0.4144758,-0.16396308,0.5711755,-0.29903704,0.013846725,0.4613643,-0.76271987,0.29356018,0.5655944,-0.8637402,0.19515133,-0.3340187,-0.75779355,0.3102299,-0.24885355
140,4214,-0.5260833,0.38208193,-0.16549855,0.55102855,-0.25503302,0.020035014,0.4432559,-0.7179955,0.2958697,0.52829885,-0.8349408,0.18336731,-0.33242688,-0.7108116,0.26207194,-0.2083043
140,4215,0.7969624,0.12099566,-0.64831966,-0.37095463,0.2136147,0.1541403,-0.20861314,-0.016613267,0.012857959,-0.09088265,0.5555695,-0.5002106,0.54062665,0.31818482,0.18989119,-0.86995286
140,4216,-0.41967523,-0.15307063,0.3196612,0.405926,-0.31515235,0.37320614,0.26193666,0.14883229,-0.067399085,0.565236,0.35377753,-0.036047578,-0.21116117,-0.39552194,-0.25302905,0.115308315
140,4220,0.2888182,0.36444595,-0.68813634,0.036103398,0.2696918,-0.024642162,0.3155217,-0.037060417,0.2982974,-0.4923864,-0.29970708,-0.042928696,-0.3759513,0.33983073,-0.3774188,-0.43619508
140,4222,0.30059066,0.2496654,-0.4269513,-0.091313824,-0.10689097,0.16387229,-0.05652393,-0.34979674,0.03453944,0.2964773,0.20989797,-0.28438395,0.4106769,-0.1766364,0.43449482,-0.8121736
140,4239,-0.3211904,0.027294159,0.10998625,0.43145382,-0.17192602,0.068537526,0.1752632,0.46928623,0.04024791,-0.23429018,0.6060563,-0.07010609,-0.4886561,0.21793973,-0.35388458,-0.068206124
140,4240,-0.5424439,0.71182716,-0.3421774,0.44358116,-0.413207,-0.17878383,0.24201779,-0.390342,0.3144647,-0.120562755,-0.12571707,0.11746503,-0.49072242,-0.1691909,0.22838184,-0.74609697
140,4245,0.15487823,0.26308107,-0.34669495,0.06401864,-0.23291191,0.19003269,-0.03996602,-0.2788971,0.0067429096,0.33454296,0.40856376,-0.30895275,0.2962923,-0.1508556,0.3638306,-0.80432165
140,4249,0.4662077,0.19597435,-0.49529505,-0.14683633,-0.03552869,0.18042654,-0.13139461,-0.17740357,-0.008736894,0.15941592,0.4896336,-0.40427315,0.44130433,0.06245494,0.31483975,-0.85702246
140,4252,0.91297925,0.08559741,-0.68488896,-0.5397358,0.3336616,0.14334355,-0.19824365,-0.16494724,0.03468213,-0.015227817,0.2083026,-0.4182607,0.68672943,0.15329686,0.3143352,-0.81322455
140,4257,-0.052302033,-0.55853397,0.42047682,0.13263243,-0.025596917,0.40686518,0.19177243,0.7900189,-0.054532602,0.2352367,0.60446775,-0.20402312,-0.0009390712,-0.17551216,-0.51030993,0.28576365
140,4259,-0.0056886077,-0.53203666,0.5162853,-0.57626927,0.35835484,-0.10891708,-0.15742245,0.7717755,0.045150973,-0.17833334,-0.1677593,0.015608855,0.4333346,-0.2129394,0.06830627,0.41165385
140,4278,-0.5523163,0.56550205,-0.2719507,0.51217693,-0.3428685,-0.07851691,0.38861102,-0.64462084,0.32353073,0.26163915,-0.637511,0.18562838,-0.40167674,-0.532459,0.28721198,-0.47841725
140,4282,0.10803875,0.15491726,-0.47689527,0.45172083,0.080735,0.171176,0.38913265,-0.55004585,0.27136758,0.39533034,-0.72958577,-0.09386319,-0.21712527,-0.31630734,-0.09614958,-0.12956874
140,4288,-0.056516826,-0.5746233,0.43832237,0.13200864,-0.03257753,0.41404262,0.20110309,0.7963752,-0.06527896,0.25622424,0.59923875,-0.19856805,-0.0007697791,-0.1872373,-0.5133718,0.30469906
140,4289,-0.23409367,-0.28388017,0.5909071,-0.48410958,-0.092236534,0.030396163,-0.1689799,-0.12555367,-0.2637028,0.43358436,-0.35167083,0.4417726,0.2475907,-0.4552055,0.18745193,0.6248984
140,4293,0.4949725,0.15826079,-0.4771754,-0.1440409,-0.027163655,0.20431072,-0.15588707,-0.10789181,-0.033134684,0.15068883,0.6167721,-0.44842112,0.4572938,0.11917028,0.27071244,-0.84618753
140,4315,0.21374848,0.2735761,-0.39205533,-0.016520724,-0.17736322,0.16933429,-0.036826503,-0.36065045,0.030699499,0.33784238,0.23995231,-0.27662745,0.36178523,-0.20805435,0.43858215,-0.81920123
140,4332,-0.027871579,-0.5900005,0.46068546,0.022154182,0.014195234,0.37863702,0.14552146,0.7692242,-0.07911563,0.23752129,0.51848674,-0.16188204,0.069713846,-0.20647618,-0.4567179,0.34774742
140,4334,0.026047975,0.012212902,0.31990832,-0.5055726,-0.05756177,-0.37629932,-0.60999507,-0.6509949,-0.36604217,0.04515198,-0.48940954,0.4148556,0.32487702,0.19923005,0.3929529,0.70095795
140,4339,-0.2633682,-0.092588544,0.4401494,-0.17350228,-0.22161835,-0.090065725,-0.23914193,-0.29457933,-0.31905073,0.18529406,-0.13833866,0.42164972,0.013719097,-0.053208143,0.15168336,0.5925096
140,4345,-0.045797467,-0.54570335,0.46571073,-0.119536564,0.113460064,0.18763135,0.042078387,0.7653679,-0.026933804,0.04109753,0.3514757,-0.099991396,0.12109275,-0.14984004,-0.30167723,0.35644516
