window_id,vehicle_id,z_0,z_1,z_2,z_3,z_4,z_5,z_6,z_7,z_8,z_9,z_10,z_11,z_12,z_13,z_14,z_15
132,1509,0.34842712,-0.16005546,-0.49921837,-0.60669297,0.48995888,-0.89832795,-0.42831844,0.06186959,1.1450472,-0.29483634,0.59583265,0.48327923,-0.6158626,-0.83390045,0.6002241,0.072204195
132,1064,0.4903261,-0.14798446,0.24840038,-0.3366666,-0.39937043,0.25474772,0.3076666,-0.4883775,-0.76218146,0.5115772,1.091017,0.053636193,0.81784344,-0.9663437,0.10605307,0.56637007
132,1506,0.38851148,0.07003083,-0.79957366,-1.0593667,0.50531554,-1.0173954,-0.56123775,-0.15466623,0.9137509,-0.1616267,0.24557821,0.72254896,-0.6160653,-1.0754064,0.38192177,0.28868252
132,2649,0.4903261,-0.14798446,0.24840038,-0.3366666,-0.39937043,0.25474772,0.3076666,-0.4883775,-0.76218146,0.5115772,1.091017,0.053636223,0.81784344,-0.9663437,0.10605307,0.56637007
132,3111,0.49032605,-0.14798447,0.24840038,-0.33666664,-0.3993705,0.25474772,0.3076666,-0.48837757,-0.76218146,0.51157707,1.0910171,0.053636193,0.8178434,-0.9663437,0.106053114,0.56636995
132,4265,0.49032605,-0.14798449,0.24840039,-0.33666667,-0.39937043,0.25474775,0.30766654,-0.48837757,-0.76218146,0.5115771,1.091017,0.053636163,0.8178435,-0.9663438,0.1060531,0.56636995
132,2766,0.34461606,0.07035849,-0.7993476,-1.078242,0.51335174,-1.0170085,-0.5477766,-0.14943172,0.87585026,-0.16297759,0.24029197,0.7421868,-0.6289773,-1.0785345,0.3888672,0.299755
132,243,0.49032605,-0.14798447,0.24840038,-0.33666664,-0.39937043,0.25474772,0.30766654,-0.4883775,-0.76218146,0.5115771,1.091017,0.053636193,0.8178434,-0.9663438,0.1060531,0.56636995
132,1770,0.49032605,-0.14798447,0.24840038,-0.33666667,-0.39937055,0.25474772,0.30766654,-0.48837757,-0.76218146,0.51157707,1.0910172,0.053636193,0.8178435,-0.9663437,0.1060531,0.56636995
132,2278,0.490326,-0.14798446,0.24840038,-0.3366666,-0.39937043,0.25474775,0.30766654,-0.4883775,-0.7621814,0.5115771,1.0910169,0.053636193,0.81784326,-0.9663437,0.1060531,0.56637007
132,2610,0.38851148,0.07003084,-0.79957354,-1.0593668,0.50531554,-1.0173953,-0.56123775,-0.15466626,0.9137508,-0.16162671,0.24557818,0.722549,-0.6160653,-1.0754066,0.38192177,0.28868252
132,3198,0.49032605,-0.14798445,0.24840038,-0.33666664,-0.39937043,0.25474775,0.30766654,-0.48837757,-0.7621814,0.5115771,1.0910171,0.053636193,0.81784344,-0.96634364,0.1060531,0.56637
132,3304,0.5137792,-0.1420096,0.25549483,-0.32526746,-0.40002382,0.25324014,0.31883377,-0.5019923,-0.7615966,0.5121023,1.1043714,0.046291858,0.8312355,-0.9860078,0.117541745,0.5668343
132,3348,0.49032605,-0.14798447,0.24840038,-0.3366666,-0.39937043,0.25474775,0.30766654,-0.48837763,-0.76218146,0.5115771,1.0910171,0.053636223,0.8178434,-0.96634376,0.1060531,0.56636995
132,3726,-0.5635672,0.03353581,-0.2942378,-0.7616658,0.5638155,-0.14496395,-0.07657211,0.07863033,-0.3235055,-0.16753583,-0.23754877,0.78179914,-0.4451806,-0.44037732,0.15522952,0.20474827
132,422,0.49032605,-0.14798446,0.24840039,-0.33666664,-0.39937055,0.25474772,0.30766654,-0.4883775,-0.76218146,0.5115771,1.0910171,0.053636193,0.81784344,-0.96634376,0.106053084,0.56637
132,628,0.36550957,-0.15395932,-0.5223764,-0.6114779,0.5184091,-0.9268606,-0.43886274,0.057325155,1.1866419,-0.31407982,0.59305286,0.47757483,-0.6259236,-0.8434249,0.638325,0.056142256
132,1212,0.490326,-0.14798447,0.24840039,-0.33666664,-0.39937055,0.25474775,0.30766654,-0.48837757,-0.76218146,0.51157707,1.0910171,0.053636163,0.8178435,-0.96634376,0.1060531,0.56637
132,1225,0.38851142,0.07003084,-0.79957354,-1.0593668,0.50531554,-1.0173954,-0.56123775,-0.15466624,0.9137508,-0.16162671,0.24557827,0.72254896,-0.6160654,-1.0754066,0.38192177,0.2886825
132,1278,0.38851142,0.07003084,-0.79957354,-1.0593668,0.50531554,-1.0173951,-0.56123775,-0.15466626,0.9137508,-0.16162671,0.24557818,0.722549,-0.6160653,-1.0754066,0.38192177,0.28868252
132,206,0.3744191,0.06856118,-0.76962674,-1.0374199,0.51175,-0.96934044,-0.5382085,-0.14461711,0.86351246,-0.1650563,0.21478091,0.71578383,-0.5983175,-1.0468911,0.36224836,0.2817283
132,3082,0.490326,-0.14798447,0.24840038,-0.33666664,-0.39937043,0.25474775,0.30766654,-0.48837757,-0.76218146,0.5115772,1.091017,0.053636163,0.8178434,-0.96634376,0.1060531,0.56637
132,2,-0.11814525,0.052467443,0.43788135,0.6683497,0.20129056,0.41678637,-0.1740647,0.342459,0.33786297,-0.3702683,-0.17188281,0.2654407,-0.49221623,0.23763114,-0.36528683,-0.29634634
132,3,0.13151489,0.0054947697,-0.16487718,-0.5149479,0.99712855,0.70727694,0.078367054,-0.030651808,-0.6577602,-0.20598897,-0.7660666,0.25402218,0.30430025,-0.23232743,-0.038750067,0.23836997
132,5,0.70207566,0.055436008,-0.42325303,-1.5071893,-0.6811067,-0.27120385,-0.2705791,-0.1901631,-0.8781842,0.5612872,-1.0238159,0.31695068,0.0066559315,0.70002353,-0.57408303,-0.3092176
132,22,0.5011174,1.1765885,-0.09184609,0.8712946,-0.5726612,-0.8211372,0.41286713,-0.94869965,-0.39853886,-0.12006596,-0.5523457,-0.080908984,-0.21743676,0.24956554,1.3438619,-1.3761503
132,32,1.4811358,-0.09844848,0.19521058,0.45216507,0.35173053,0.42425552,-0.38002062,0.047397386,0.4710946,-0.2147232,-0.44431698,-0.40398675,0.14332111,0.22545347,-0.4638915,0.04083936
132,35,0.2460814,0.067943156,-0.7560602,-1.0355814,0.48295254,-0.9669293,-0.524017,-0.12318674,0.81652075,-0.15925482,0.2306935,0.742337,-0.6373321,-1.010091,0.36615056,0.28345147
132,39,0.38171744,-0.103815086,-0.49027953,-0.5369729,0.51795423,-0.89315355,-0.4069448,0.036866322,1.1590677,-0.32997486,0.5335187,0.44521233,-0.5979704,-0.8112883,0.66769785,-0.012060851
132,44,-0.42832482,0.040941045,-0.38224912,-0.808964,0.5264797,-0.32108042,-0.16153337,0.04121802,-0.10048251,-0.16046242,-0.13692822,0.77576613,-0.48996675,-0.54075557,0.194961,0.21462488
132,46,-0.11595194,-0.09303013,0.45537922,0.2345871,-0.68027437,0.23974022,0.08727218,-0.018764615,-0.21657306,0.30451125,0.7682937,0.14937344,0.08759424,-0.22374988,-0.35160965,0.13722491
132,58,1.0846692,0.078466415,-0.4936311,-1.9461329,-1.8534892,-0.9476901,-0.5553149,-0.21815163,-0.82747126,1.0183963,-1.0959702,0.3885331,-0.29600775,1.348839,-0.98254526,-0.7551419
132,73,-0.61740196,-0.06543105,0.42952877,0.22412384,-0.76765525,-0.010707542,-0.056488395,0.27062172,0.09610707,0.16961177,0.6312745,0.38530195,-0.41958153,0.10516288,-0.4348215,-0.031093892
132,88,1.1210952,-0.088443175,0.12226614,0.19285351,0.61431015,0.5608937,-0.26763934,0.059813738,0.18435374,-0.24069698,-0.5422341,-0.18941498,0.19286864,0.053180434,-0.3754704,0.114094295
132,92,0.5684783,1.1711146,-0.11416055,0.8520968,-0.40135217,-0.773274,0.4686091,-1.0185909,-0.42359048,-0.14272867,-0.45763087,-0.103119135,-0.104430445,0.045173146,1.4598672,-1.3064713
132,101,0.29940367,0.01010024,0.26213697,0.45581377,0.79532653,0.82305026,-0.16037548,0.24331619,0.058536872,-0.42466658,-0.5443481,0.0459103,0.022174656,0.15971804,-0.274976,-0.05383321
132,107,-0.025253803,-0.4288185,-0.43199214,0.017320883,0.08588874,-0.45899194,0.17929797,0.112709835,0.63011324,0.13225813,0.080229566,-1.21893,0.6499295,0.2678766,0.17581339,0.44874987
132,109,0.13151488,0.00549477,-0.16487722,-0.5149479,0.9971284,0.70727694,0.07836707,-0.030651815,-0.65776026,-0.20598897,-0.76606655,0.25402215,0.3043003,-0.23232743,-0.038750075,0.23837
132,110,-0.15840286,0.05326701,0.4410303,0.6670734,0.18884587,0.4143592,-0.17401439,0.35053673,0.33167115,-0.3687718,-0.16541398,0.27419633,-0.5083671,0.2508451,-0.36571944,-0.2976455
132,117,-0.6382807,0.05415404,0.38905105,0.50121427,0.061281383,0.3455096,-0.14976737,0.38418937,0.13762236,-0.28752083,-0.111548916,0.38344133,-0.5904851,0.36441433,-0.32027012,-0.2621204
132,122,-0.7420703,0.03824511,-0.07695331,-0.4351872,0.57310545,0.23527646,-0.030084856,0.19003174,-0.48294345,-0.22615069,-0.382385,0.6904248,-0.3965757,-0.10479584,0.019905776,0.09105276
132,127,-0.12180048,-0.08621141,0.47097978,0.27383018,-0.69065154,0.2451311,0.08646409,-0.011706822,-0.19774973,0.29570693,0.7618203,0.1415252,0.075872764,-0.20063353,-0.36279774,0.118822075
132,133,-0.025253799,-0.4288185,-0.4319921,0.017320883,0.08588874,-0.45899194,0.17929797,0.11270984,0.63011307,0.1322581,0.080229536,-1.21893,0.6499296,0.2678766,0.17581336,0.4487498
132,141,-0.77745104,-0.22379695,-0.4309209,-0.08865418,0.2141643,-0.113382496,0.24918185,0.10518577,0.03176471,0.012849838,-0.12363931,-0.70024914,0.411026,0.35907966,0.36391807,0.25683352
132,146,0.2360705,0.14190851,0.3940982,0.3931072,-0.45774603,0.23221168,0.2721476,-0.34733006,-0.42607898,0.23578195,0.61571145,-0.0013915896,0.36363637,-0.39627713,0.045457825,0.01589457
132,147,-0.9159505,-0.24119961,-0.53853333,-0.20615062,0.05454953,-0.3347547,0.32894993,0.04406491,0.019201845,0.13071543,-0.024196506,-0.78938943,0.4552439,0.3260803,0.46920538,0.2958343
132,150,0.9607119,0.10371796,-0.5147598,-2.0379326,-1.8681307,-0.96111476,-0.5287024,-0.22745997,-0.9192106,1.0362389,-1.1090261,0.47293323,-0.32259429,1.3209537,-0.96751386,-0.7848495
132,154,-0.5081305,-0.008467645,0.45920336,0.46729547,-0.49792796,-0.01671318,-0.132847,0.3737332,0.42668355,-0.075196154,0.36011732,0.38909996,-0.657996,0.19089296,-0.43568653,-0.20597541
132,166,0.17402282,0.022253133,0.25347006,0.4192153,0.75998664,0.7964213,-0.14990838,0.24675682,0.0056006424,-0.4125479,-0.5345636,0.10346758,-0.019596942,0.17659429,-0.2581318,-0.067243055
132,171,-0.88237065,-0.15593891,-0.4403051,-0.21730523,0.28388566,-0.009336427,0.26997727,0.062062785,-0.19997877,0.0017274767,-0.2215347,-0.5046164,0.36733133,0.30942798,0.39160645,0.23122066
132,172,-0.28699636,-0.39112765,-0.49037305,-0.06268539,0.057914376,-0.4642406,0.2401885,0.08488163,0.47285724,0.1534736,0.06781849,-1.1547675,0.62719077,0.28598496,0.28002584,0.42803055
132,175,-0.9149494,0.041708432,0.030946517,-0.12565938,0.062683746,-0.054500796,-0.16392937,0.26832035,0.0019149855,-0.15071233,0.016364321,0.60737205,-0.64517754,0.075759284,-0.07589334,-0.04739235
132,178,-0.27237678,0.037288904,0.4896569,0.69701666,-0.18531162,0.16043457,-0.14617759,0.36424986,0.5173778,-0.2546388,0.110831335,0.28644413,-0.6253967,0.22629037,-0.41802996,-0.31207156
132,183,-0.89629006,0.02078706,0.3338792,0.2496436,-0.2623943,0.04216036,-0.12744498,0.39496085,0.14198607,-0.11565085,0.12692039,0.5111639,-0.7005869,0.28178522,-0.30448037,-0.1868394
132,185,-1.0764993,-0.23934829,-0.6012575,-0.25446755,0.058224082,-0.33251882,0.37961817,0.0300412,-0.060745295,0.1435744,-0.043489695,-0.83824915,0.49412835,0.36975327,0.5515436,0.3155657
132,197,-0.76287067,-0.12914878,-0.3919103,-0.24205127,0.33853874,0.055474322,0.23644795,0.052634172,-0.24297112,-0.019513033,-0.26589397,-0.380238,0.32892358,0.23947176,0.32826144,0.21277395
132,199,0.7027597,0.6605532,0.14106292,0.70653427,0.058423698,-0.14136705,0.45881742,-0.78106797,-0.34476385,-0.108799025,0.1037669,-0.09945965,0.3308338,-0.5625946,0.9107689,-0.49116355
132,223,-0.11370794,0.048031174,0.21392758,0.256259,0.7149062,0.7492254,-0.12099223,0.24895725,-0.16618297,-0.38476533,-0.54124093,0.27993274,-0.12985955,0.17785186,-0.2156657,-0.07381483
132,224,0.4965902,1.1031278,-0.06680091,0.83268565,-0.52490604,-0.75525254,0.38695717,-0.8938895,-0.36621937,-0.1193416,-0.509505,-0.056625277,-0.19866735,0.20674196,1.241941,-1.2784529
132,237,0.070842445,-0.096412815,0.4711311,0.16786523,-0.6916357,0.30391747,0.18886559,-0.17170599,-0.41637242,0.40075475,0.91304916,0.07407537,0.34195358,-0.42341164,-0.26992726,0.24952099
132,241,-0.040907968,0.033304825,-0.2577566,-0.69030696,0.95515215,0.63572556,0.144912,-0.09481035,-0.8177807,-0.14485648,-0.7680735,0.2783888,0.32657444,-0.2542811,0.05071594,0.27093682
132,258,-0.35634112,0.03743611,0.45322487,0.6132305,-0.16176978,0.15812154,-0.14423147,0.36194438,0.43243158,-0.23735276,0.085904345,0.3189127,-0.61426264,0.23624605,-0.39090025,-0.28952622
132,263,-1.093386,-0.22409146,-0.5897321,-0.2588572,0.06127599,-0.31587204,0.37400752,0.02863479,-0.08827767,0.13640966,-0.052184448,-0.78855795,0.46860343,0.36332247,0.5482194,0.29893985
132,279,-0.78452176,-0.23372178,-0.4420716,-0.08339343,0.21215858,-0.1222867,0.2559585,0.10765612,0.046503223,0.016009353,-0.11849102,-0.7383905,0.42899173,0.3717402,0.37352467,0.26739922
132,283,0.84378916,-0.03511236,0.23331888,0.426203,0.7687571,0.7668088,-0.22652397,0.15547451,0.20468196,-0.38254207,-0.54247814,-0.118465394,0.12406562,0.0723424,-0.33796048,0.027960896
132,291,-0.5247258,-0.09961839,0.33367136,0.08067067,-0.66141987,-0.09888335,-0.08117046,0.24370082,0.15378273,0.15654032,0.6787481,0.42249343,-0.42418975,-0.04087111,-0.33649755,0.035045095
132,302,-0.06219532,-0.15645942,-0.08990578,-0.29139405,-0.053411096,-0.4927069,-0.24795361,0.15680282,0.64282686,-0.06526658,0.65834266,0.46908867,-0.51502305,-0.48851952,0.12244259,0.09071738
132,305,-0.48622,-0.026406469,0.40551436,0.3424564,-0.5001022,-0.07703986,-0.12753744,0.34734312,0.3934546,-0.032569364,0.40758556,0.42848542,-0.6395459,0.09591734,-0.40436083,-0.1495778
132,309,-0.21664332,0.054198384,0.43978834,0.65550876,0.17623949,0.41257876,-0.17291054,0.35836488,0.31175902,-0.36385018,-0.16117728,0.28703395,-0.5234571,0.2685543,-0.36269492,-0.2959204
132,312,1.481136,-0.098448485,0.19521058,0.45216507,0.35173053,0.42425552,-0.38002068,0.04739738,0.4710946,-0.2147232,-0.44431698,-0.4039867,0.14332114,0.22545344,-0.4638915,0.04083936
132,313,-0.86366254,-0.1501705,-0.4291864,-0.21835336,0.28777093,-0.0016637444,0.2622887,0.06125129,-0.20460084,-0.0016273111,-0.2253783,-0.47811705,0.35515702,0.29763404,0.37917817,0.22444457
132,314,-0.4615783,-0.041576512,0.3606036,0.23646975,-0.5075339,-0.09244729,-0.11055845,0.3033955,0.30978495,0.023065299,0.44567454,0.43718976,-0.56516665,0.025835432,-0.37804663,-0.09165418
132,325,0.38463122,-0.066606246,-0.394181,-0.40831643,0.4399603,-0.81789196,-0.35468942,0.017748922,1.091672,-0.31118163,0.52534145,0.41306984,-0.56135005,-0.77306473,0.61240566,-0.038740844
132,338,-0.17200303,-0.14152513,0.028229034,-0.1933115,-0.17360616,-0.34177414,-0.18574014,0.17577256,0.45288306,-0.0073020756,0.60823786,0.46313307,-0.46160805,-0.3699182,-0.021031842,0.08709098
132,340,-0.75816995,0.031034581,-0.169164,-0.62153316,0.5601304,0.06310836,-0.010503441,0.14638427,-0.50684106,-0.18568191,-0.3270791,0.7634196,-0.42575556,-0.2511219,0.088896915,0.15614074
132,342,-0.627732,0.040479727,-0.014845733,-0.29714516,0.57900935,0.33395708,-0.04732652,0.20162332,-0.42344588,-0.24792577,-0.40955836,0.6137793,-0.3457423,-0.039120704,-0.033998877,0.04745792
132,362,1.2738576,-0.068673335,0.20612493,0.44801223,0.46971947,0.51643145,-0.32628864,0.07462949,0.39213878,-0.26783285,-0.46438277,-0.3043127,0.12786202,0.17049748,-0.41287154,0.029288873
132,363,0.18912403,0.021580715,0.25675082,0.4262787,0.7750762,0.81306475,-0.15139483,0.2486384,0.0073394366,-0.4190818,-0.5445243,0.09620157,-0.012950629,0.17823982,-0.26139697,-0.06515504
132,364,0.67587197,1.0677896,-0.0031009503,0.97842336,-0.12977558,-0.5204505,0.5100866,-0.98721975,-0.35670516,-0.20945217,-0.2940407,-0.15610147,0.061736703,-0.20630598,1.3657838,-1.0727068
132,367,-0.5002978,-0.04596723,0.40472934,0.28049907,-0.61228096,-0.043402635,-0.08720483,0.28870678,0.24272275,0.07255337,0.5111471,0.39382467,-0.49940622,0.07281058,-0.41047668,-0.0845928
132,375,0.1131928,0.011305019,-0.17458183,-0.54049534,0.98462707,0.6896465,0.085994005,-0.040957615,-0.6781259,-0.1958574,-0.76031774,0.26872724,0.29998332,-0.24337167,-0.030135654,0.23895377
132,381,0.12153086,-0.009634746,-0.31208298,-0.88333094,-0.3277334,-0.14438522,-0.1304982,-0.04634875,-0.5315919,0.30499876,-0.6518652,0.15735656,0.017780885,0.5051486,-0.28911117,-0.1790567
132,394,-0.5635672,0.033535812,-0.2942378,-0.76166594,0.5638155,-0.14496401,-0.07657211,0.07863033,-0.32350552,-0.16753583,-0.23754878,0.78179914,-0.4451806,-0.44037735,0.15522952,0.20474827
132,404,-0.83431387,0.02210517,0.36683086,0.32456923,-0.27631718,0.05679811,-0.13169333,0.40010646,0.20160556,-0.1315472,0.13894145,0.47950146,-0.70405656,0.29072708,-0.32829052,-0.20964646
132,405,-0.8225033,0.049775466,0.34418264,0.38657868,0.012790576,0.28742722,-0.13383612,0.38494712,0.049765006,-0.24274348,-0.08377953,0.44075847,-0.6163006,0.37482426,-0.2872816,-0.23144153
132,423,-0.6226742,-0.06426701,0.44036904,0.24490938,-0.7817837,-0.018698722,-0.060663406,0.28081304,0.12369203,0.1641844,0.6403832,0.38709584,-0.44248217,0.11151246,-0.4428543,-0.039881572
132,430,0.19275339,-0.44127527,-0.36897203,0.06973083,0.089993134,-0.44809198,0.11153521,0.1298302,0.72367275,0.11815485,0.079103306,-1.2083166,0.6286251,0.2527039,0.07420203,0.44011724
132,433,-0.055909853,-0.076179914,0.4803599,0.28312227,-0.67238003,0.28721967,0.12280974,-0.06330454,-0.27192733,0.3131888,0.76601106,0.10339382,0.17010905,-0.23822892,-0.3411858,0.13610873
132,438,-0.9411445,-0.23864035,-0.5570654,-0.23611684,0.067351505,-0.32648656,0.3441406,0.033809215,-0.017318256,0.13594465,-0.039987445,-0.7927378,0.4709968,0.32307112,0.4874074,0.3059804
132,442,-0.40813553,0.056099348,0.41755724,0.5890685,0.12876242,0.3940294,-0.16351208,0.36890602,0.22360957,-0.32957643,-0.14603469,0.3263713,-0.5466761,0.3197724,-0.34266186,-0.2803545
132,444,-0.04907226,-0.074452065,0.49905926,0.30424154,-0.7007386,0.3113078,0.13876826,-0.079940125,-0.30398238,0.3307038,0.7901698,0.08147898,0.20769195,-0.23659855,-0.34646082,0.14140967
132,448,0.054803096,-0.0654379,0.4906121,0.2692797,-0.6524406,0.31999317,0.18154706,-0.14607048,-0.3656344,0.34604424,0.8126919,0.06164211,0.30106354,-0.33909422,-0.29064178,0.17755318
132,460,-0.943417,-0.3049467,-0.60923284,-0.18809295,-0.0374974,-0.48412722,0.3690405,0.044497646,0.14883673,0.18961059,0.06388904,-1.015948,0.5457505,0.37538865,0.52369994,0.35529527
132,461,0.3739487,-0.14066894,-0.51310176,-0.58941305,0.5199617,-0.91992867,-0.42889893,0.051943205,1.1842492,-0.32011342,0.5799137,0.46920735,-0.6199677,-0.8391677,0.6495216,0.036565214
132,465,0.21705069,-0.0009033391,0.0059500076,-0.0028431602,0.094891906,-0.3322835,-0.12816894,0.01069209,0.55131817,-0.14612077,0.41773993,0.32155365,-0.32818574,-0.5000874,0.21607138,-0.06118475
132,469,0.1131928,0.011305018,-0.17458183,-0.54049534,0.9846271,0.68964654,0.085994005,-0.040957615,-0.67812586,-0.1958574,-0.76031774,0.26872724,0.29998332,-0.24337167,-0.030135661,0.23895377
132,470,0.10521971,-0.15890205,-0.24727353,-0.4153553,0.17015514,-0.6393738,-0.3141951,0.11966293,0.8243353,-0.1548548,0.61914366,0.47703022,-0.5486009,-0.62662184,0.29912895,0.08755439
132,481,-1.0163791,-0.24489804,-0.58228916,-0.2388666,-0.0027252734,-0.40422037,0.36256742,0.02792335,0.0039790496,0.16634445,0.008708805,-0.82703775,0.46816045,0.33939716,0.5234577,0.30471554
132,485,0.13656597,0.007701829,-0.24202523,-0.677355,0.70486295,0.48784068,0.056864962,-0.08634296,-0.6953084,-0.05977045,-0.7353708,0.21539834,0.27933484,-0.107860945,-0.052519716,0.2014409
132,495,-1.0939931,-0.23454714,-0.604741,-0.2641649,0.057605103,-0.33086047,0.38345718,0.026401557,-0.07745704,0.14504312,-0.04691325,-0.82686096,0.49063998,0.36825365,0.5581915,0.3132947
132,498,0.27751887,0.06541011,-0.7125079,-1.0046092,0.5181737,-0.8770672,-0.48504502,-0.11848155,0.73262423,-0.16772461,0.15929563,0.7226548,-0.5817479,-0.97837704,0.33568144,0.27093455
132,521,0.27476978,-0.006110168,-0.10486767,-0.10092798,0.19724067,-0.4728235,-0.19088228,0.006066583,0.71172124,-0.20163968,0.4320283,0.34066463,-0.39342254,-0.5703443,0.33826178,-0.0698157
132,529,-0.25839853,0.035585433,0.50526804,0.71952707,-0.24178088,0.14937162,-0.14135712,0.35756588,0.53217196,-0.23384035,0.1463653,0.2688219,-0.6114545,0.2306538,-0.43411648,-0.31224227
132,536,-0.94036627,-0.20796758,-0.5192864,-0.22805394,0.1368173,-0.22004354,0.32178128,0.043715067,-0.08452599,0.0897923,-0.09975273,-0.6919368,0.4315923,0.32181403,0.4624532,0.27674764
132,540,-0.2975523,0.052945875,0.17638215,0.14885262,0.6669589,0.6814362,-0.104715824,0.2507891,-0.24828288,-0.35506088,-0.5198635,0.36995152,-0.1964459,0.17370391,-0.18350056,-0.064617306
132,545,1.417013,-0.09823829,0.1792565,0.3932985,0.39680418,0.44112077,-0.36224335,0.05039069,0.41806906,-0.21503106,-0.4623431,-0.35894018,0.15129872,0.19245237,-0.45019883,0.057046235
132,548,0.065807074,-0.108848035,0.41316625,0.06719543,-0.6273165,0.28039894,0.17082871,-0.16844392,-0.43582827,0.39578736,0.87388855,0.10845998,0.3371688,-0.44837272,-0.24303287,0.27376822
132,552,-0.04706829,-0.07719979,0.51044786,0.31188738,-0.7250794,0.31250158,0.14308217,-0.08277033,-0.30408356,0.34090394,0.8179012,0.07677865,0.21112095,-0.24434844,-0.3511908,0.14716873
132,562,0.3744191,0.06856118,-0.7696267,-1.03742,0.51175,-0.96934044,-0.5382085,-0.14461711,0.86351234,-0.1650563,0.21478085,0.71578383,-0.5983175,-1.0468912,0.36224836,0.28172833
132,563,-0.90206456,0.021357726,0.3515096,0.27915573,-0.2853508,0.042560592,-0.12931281,0.40377674,0.16500854,-0.117876604,0.14189453,0.504899,-0.71578205,0.29537383,-0.31650248,-0.19663715
132,572,0.93003017,0.07568869,-0.47449306,-1.789691,-1.2638128,-0.6038988,-0.41160893,-0.21989372,-0.89871985,0.8030409,-1.1030442,0.36364436,-0.13036688,1.0227007,-0.7885741,-0.5308894
132,576,-1.0411302,-0.20891844,-0.5569246,-0.2548639,0.07773723,-0.2870736,0.35122824,0.029749475,-0.0982869,0.12239908,-0.06560287,-0.7188229,0.43580514,0.3355639,0.5128779,0.27982423
132,585,1.195482,-0.0901784,0.1402952,0.23739836,0.55764186,0.5233184,-0.29311153,0.058134068,0.244852,-0.23220776,-0.5147204,-0.21604002,0.17509837,0.074635334,-0.39924783,0.09859497
132,596,-1.1162211,-0.23875485,-0.6184195,-0.27020958,0.057370752,-0.3351369,0.39344233,0.024781369,-0.08229372,0.1489809,-0.047487095,-0.84986633,0.50447255,0.37791917,0.57296324,0.32129458
132,603,0.07898395,0.03251729,0.24679425,0.3811806,0.7571625,0.80115336,-0.14109896,0.25150543,-0.05226066,-0.41125745,-0.54723024,0.15465702,-0.050006345,0.18907434,-0.24664131,-0.072474465
132,604,0.12745027,0.028819403,0.2559606,0.41046947,0.7741545,0.82127553,-0.14708628,0.2538454,-0.0268053,-0.42114198,-0.55310005,0.1259448,-0.034224615,0.1913009,-0.25541526,-0.07028272
132,610,-0.08348105,-0.03849817,0.47620338,0.37781078,-0.5958866,0.20218486,0.073921725,0.011862017,-0.06523164,0.199953,0.6494279,0.1530938,-0.014199495,-0.1723766,-0.3391146,0.03459788
132,612,0.2496034,0.017067384,0.2657813,0.45205992,0.8081284,0.8480841,-0.1575898,0.25121745,0.027624473,-0.43367374,-0.5618318,0.065932035,0.008505598,0.17794004,-0.2719093,-0.058448207
132,619,-0.80908686,-0.17794392,-0.4184965,-0.15588515,0.25380376,-0.04890845,0.24922194,0.08131906,-0.09769785,0.0017836392,-0.17881182,-0.55411446,0.36629736,0.31348202,0.36195904,0.230266
132,635,-0.8676222,-0.16057204,-0.43388915,-0.20010863,0.27280253,-0.021999389,0.2642578,0.06727529,-0.17305756,0.0018935353,-0.20810169,-0.51445085,0.36371762,0.31065446,0.38482612,0.22886422
132,655,-0.9911664,0.04453683,0.2934844,0.26182637,-0.024964482,0.22929731,-0.11681186,0.3813432,-0.040236425,-0.19977514,-0.060102835,0.4996102,-0.638075,0.37171483,-0.24919866,-0.19515783
132,666,-0.8962901,0.02078706,0.3338792,0.2496436,-0.26239437,0.042160362,-0.127445,0.39496085,0.14198604,-0.11565085,0.12692039,0.5111639,-0.700587,0.28178525,-0.30448034,-0.1868394
132,670,0.7030965,0.92438465,0.068482265,0.9484222,0.029620916,-0.33131325,0.50499046,-0.9080239,-0.31915882,-0.21575573,-0.14939329,-0.15488577,0.1756566,-0.37671533,1.2125734,-0.847183
132,686,0.36724192,0.006069497,0.27357757,0.48675007,0.83422846,0.8675298,-0.16958481,0.24676688,0.08005033,-0.44334728,-0.56604135,0.011343539,0.043290094,0.16357797,-0.2872377,-0.044610832
132,697,0.29341865,-0.4440121,-0.3437409,0.081897914,0.08097002,-0.4454146,0.07596779,0.13317044,0.75055736,0.1189383,0.07160695,-1.1985352,0.61384755,0.2544731,0.026528344,0.43317547
132,714,0.6622744,1.1524785,-0.047817823,0.9701961,-0.27004057,-0.6525257,0.5123987,-1.0414767,-0.3952403,-0.18438753,-0.37349176,-0.15121907,-0.0047791004,-0.09255833,1.4490504,-1.2105933
132,718,-0.7628706,-0.12914878,-0.39191028,-0.24205126,0.3385387,0.055474322,0.23644795,0.052634172,-0.24297115,-0.019513033,-0.26589397,-0.38023812,0.32892352,0.23947176,0.32826138,0.21277398
132,728,1.159519,-0.090062685,0.1264656,0.2110081,0.60032207,0.5558428,-0.27715898,0.058134567,0.204496,-0.23953657,-0.5423008,-0.21162623,0.1946745,0.06925429,-0.38380107,0.11163858
132,729,-1.0942585,0.039886042,0.22110772,0.11027941,-0.021916926,0.1553136,-0.098120496,0.35886168,-0.12524053,-0.1656701,-0.04467182,0.55998755,-0.6466628,0.31623104,-0.19437519,-0.13994849
132,730,0.26063126,0.069916144,-0.7760589,-1.0587181,0.48850542,-0.9930421,-0.53621584,-0.12991695,0.84100896,-0.16052225,0.23996644,0.749466,-0.64697677,-1.0327017,0.3777442,0.2907425
132,745,-0.99116635,0.044536836,0.2934844,0.26182634,-0.024964482,0.22929731,-0.116811864,0.3813432,-0.040236425,-0.19977516,-0.06010282,0.4996102,-0.638075,0.3717148,-0.24919866,-0.19515783
132,758,-0.890883,-0.23133837,-0.53288853,-0.22975953,0.08118011,-0.3065927,0.32645833,0.035946373,-0.015403464,0.12570508,-0.04872869,-0.751882,0.45230377,0.3029108,0.45838565,0.2955415
132,763,-0.76287067,-0.12914877,-0.3919103,-0.24205127,0.33853874,0.05547432,0.23644795,0.052634172,-0.24297112,-0.019513026,-0.26589397,-0.38023812,0.32892352,0.23947176,0.32826144,0.21277395
132,783,1.0958422,-0.48538205,-0.13377815,0.2867785,-0.11094922,-0.45939052,-0.27763915,0.19968373,1.0392355,0.14552285,0.03576173,-1.2064435,0.43864274,0.42302662,-0.36921465,0.33222422
132,801,-0.25839853,0.035585433,0.50526804,0.71952707,-0.24178088,0.14937162,-0.14135712,0.3575659,0.532172,-0.23384036,0.14636533,0.2688219,-0.6114544,0.23065376,-0.43411648,-0.31224227
132,808,1.1144074,0.07570322,-0.50394255,-1.9917805,-1.8757129,-0.95060575,-0.56444156,-0.22604576,-0.85360783,1.0399038,-1.120664,0.3897167,-0.28779715,1.3639566,-1.0018297,-0.7613105
132,810,-0.4816392,-0.03162515,0.38839155,0.30272442,-0.5038749,-0.08478137,-0.122442275,0.3327251,0.3632601,-0.012622096,0.42059636,0.433582,-0.614565,0.073327266,-0.39484984,-0.12898824
132,827,-0.33477437,-0.3958639,-0.5113468,-0.07009111,0.046579123,-0.4796623,0.2562101,0.08245356,0.46635443,0.16212468,0.074105844,-1.1853518,0.6415405,0.30246282,0.30615944,0.43572044
132,832,1.3845795,-0.08133426,0.19751744,0.4494806,0.37739998,0.44022754,-0.35557336,0.053711526,0.4404576,-0.23069803,-0.44059557,-0.35495365,0.12649168,0.20343164,-0.43712026,0.0284305
132,840,-1.0659382,-0.2076117,-0.56427604,-0.2607595,0.06918596,-0.29538667,0.35737425,0.027200758,-0.10613792,0.1269653,-0.06198147,-0.7208479,0.43568325,0.33971393,0.52407414,0.27945393
132,844,0.5442791,1.1477339,-0.123075366,0.8068484,-0.40778458,-0.7773321,0.45135856,-0.993288,-0.41971913,-0.13301453,-0.45804638,-0.084071934,-0.11934668,0.055059426,1.4307905,-1.2919092
132,856,-0.12180048,-0.08621142,0.47097978,0.27383015,-0.69065154,0.2451311,0.08646411,-0.011706822,-0.19774973,0.29570693,0.76182044,0.14152518,0.07587278,-0.20063353,-0.36279777,0.118822075
132,868,0.5352509,-0.13598774,0.26430872,-0.31263041,-0.40333188,0.25375512,0.33004457,-0.51516604,-0.76291966,0.5137559,1.1178747,0.03835562,0.8450729,-1.0036788,0.12636302,0.5673829
132,872,0.20716883,-0.0051781796,0.036780626,0.02236544,0.042072207,-0.31017813,-0.1163743,0.008546501,0.5294275,-0.122683026,0.4556412,0.30943277,-0.31356943,-0.49386764,0.1888751,-0.052687705
132,876,-0.5964484,-0.057972394,0.42828184,0.25305232,-0.7331267,-0.035621114,-0.0724181,0.28978747,0.17002353,0.13376957,0.60110664,0.3973602,-0.47498584,0.102297,-0.434102,-0.05538403
132,878,-0.58852124,0.02836598,0.4294593,0.505022,-0.2456373,0.1193222,-0.14079052,0.38612822,0.3331375,-0.18085217,0.12447043,0.3784584,-0.6548196,0.2884413,-0.37609196,-0.26139557
132,880,-0.62411296,-0.07143785,0.4229869,0.19376741,-0.77813303,-0.009772651,-0.051319137,0.2623434,0.06662215,0.1866865,0.64959943,0.38872403,-0.40141463,0.09175082,-0.43002945,-0.012999982
132,893,-0.6701164,-0.23579884,-0.41425106,-0.078379646,0.23079327,-0.11232104,0.23319973,0.107383095,0.074345775,0.010846101,-0.123340905,-0.71373814,0.42398876,0.33039576,0.32648993,0.268521
132,906,1.4186844,-0.08704693,0.19706227,0.46048623,0.33776763,0.40841755,-0.36750185,0.049811587,0.46534622,-0.21687081,-0.4266895,-0.37938577,0.12379746,0.22239429,-0.4471135,0.02556502
132,909,0.07483658,-0.103984065,0.4448374,0.114984885,-0.66604674,0.2917628,0.18352886,-0.17478845,-0.42980483,0.40386963,0.9068932,0.08972472,0.3455962,-0.44682422,-0.25463283,0.26749232
132,924,0.06830384,-0.07074314,0.477453,0.23288748,-0.64292306,0.31405285,0.18507351,-0.15721343,-0.3831323,0.3555631,0.8249592,0.06745571,0.3165797,-0.3688565,-0.27661306,0.19623521
132,925,0.026404217,-0.06836438,0.5180403,0.30946198,-0.70792085,0.32979912,0.17897187,-0.1329126,-0.35301635,0.3563466,0.843093,0.05157295,0.28676808,-0.3082324,-0.31883717,0.16893041
132,932,-0.5886854,-0.056718558,0.42063496,0.24529877,-0.71568614,-0.029098772,-0.070839435,0.28378707,0.15674317,0.13193785,0.5856896,0.39470547,-0.46144783,0.10104672,-0.4283517,-0.054067537
132,937,0.58076197,-0.1122562,0.28517166,-0.2663424,-0.4069456,0.25775146,0.35683,-0.5472757,-0.767204,0.5109907,1.1321752,0.016774505,0.8738182,-1.030413,0.15063412,0.5562044
132,947,-0.90918344,-0.23426831,-0.53956133,-0.22725502,0.073352754,-0.31553617,0.3311823,0.036874976,-0.011116348,0.12870471,-0.042743355,-0.7668689,0.45653838,0.31214005,0.46765095,0.29752547
132,951,0.79523826,-0.032128908,0.23642625,0.42942598,0.78477263,0.78133947,-0.21862796,0.16478902,0.1915189,-0.3905418,-0.54462767,-0.10408491,0.11968972,0.072406374,-0.33105278,0.02438882
132,953,-0.9634086,0.04007698,0.078663945,-0.07095893,0.042184368,0.0033197254,-0.14000517,0.28778476,-0.048795417,-0.14952141,-0.0037594289,0.59425914,-0.63402873,0.13743562,-0.10456093,-0.06827882
132,954,-0.04868646,0.044184648,0.22886673,0.3064098,0.72421455,0.7673515,-0.12844253,0.25029987,-0.12412943,-0.39384055,-0.54082775,0.23677796,-0.10508484,0.18556467,-0.22838081,-0.07759702
132,955,-0.1407277,-0.08421763,0.47783023,0.2934609,-0.7001925,0.23198926,0.07722817,0.0064845607,-0.16249114,0.28430635,0.75881267,0.14965445,0.04007013,-0.18209338,-0.3725033,0.10357598
132,961,-0.8133644,-0.1408464,-0.4040856,-0.2151852,0.29342723,0.009355471,0.24428897,0.060980614,-0.20276812,-0.008163154,-0.22882701,-0.42900234,0.3308692,0.27127203,0.34982538,0.21128106
132,967,-0.33045703,0.024485372,0.5192329,0.6930113,-0.34385395,0.09629972,-0.14214738,0.3785785,0.5492542,-0.19882467,0.22615896,0.2992216,-0.6584419,0.23051798,-0.45239067,-0.2987793
132,971,-0.025253806,-0.4288185,-0.43199214,0.01732089,0.08588873,-0.45899194,0.17929797,0.112709835,0.63011307,0.1322581,0.080229536,-1.21893,0.64992964,0.26787657,0.17581336,0.4487498
132,972,1.0958422,-0.48538205,-0.13377815,0.2867785,-0.11094925,-0.45939046,-0.27763915,0.19968373,1.0392355,0.14552282,0.03576173,-1.2064438,0.43864274,0.42302662,-0.36921465,0.33222425
132,973,1.4260339,-0.0984931,0.17711909,0.37992448,0.42738512,0.46551958,-0.35929537,0.049828142,0.40225825,-0.22147843,-0.48118037,-0.3546275,0.16280176,0.18190172,-0.45088184,0.06603128
132,975,-0.9020646,0.021357723,0.3515096,0.27915573,-0.2853508,0.042560596,-0.12931281,0.40377668,0.16500854,-0.117876604,0.14189447,0.504899,-0.71578205,0.29537383,-0.3165025,-0.19663712
132,989,-0.307006,-0.064169705,-0.35060382,-0.5927677,0.07573883,0.032439537,0.052896544,-0.00457149,-0.45020232,0.12831794,-0.50969136,-0.08225605,0.19151534,0.35600454,0.01379253,0.032662578
132,998,1.0958424,-0.48538205,-0.13377818,0.2867785,-0.11094922,-0.45939052,-0.27763915,0.19968373,1.0392355,0.14552282,0.03576173,-1.2064438,0.43864274,0.42302662,-0.36921468,0.33222422
132,1001,0.29163182,0.011186361,-0.2707642,-0.8354753,0.40102577,0.3232225,-0.023974478,-0.10529524,-0.71009034,0.073888674,-0.7889089,0.22695558,0.21992557,0.06835242,-0.17725578,0.09367094
132,1005,-0.500527,-0.011394683,0.43165514,0.417278,-0.47070557,-0.0262608,-0.13066357,0.36176157,0.39875764,-0.06861754,0.3461504,0.40129852,-0.64071304,0.16665399,-0.4182737,-0.18970904
132,1012,-0.2764104,0.03554737,0.48995337,0.6906926,-0.21577054,0.14779842,-0.1432232,0.35917526,0.5149637,-0.2376326,0.12838851,0.28307384,-0.6165246,0.22642991,-0.42170733,-0.30709445
132,1018,-0.25202107,0.05497957,0.43644437,0.6453631,0.1659275,0.40969646,-0.17133558,0.3601875,0.29520732,-0.3567148,-0.15864941,0.29279274,-0.52603114,0.28043005,-0.35969493,-0.29396942
132,1020,0.7121058,1.0038356,0.042795945,0.96895945,-0.08015251,-0.43086565,0.5221115,-0.96889347,-0.3557301,-0.1968398,-0.19857237,-0.16623986,0.1405587,-0.30508897,1.2992464,-0.9606245
132,1024,1.2390319,-0.0653863,0.20924813,0.4489926,0.49853283,0.5399564,-0.3172986,0.08159053,0.37759236,-0.279406,-0.47107983,-0.28955895,0.12827887,0.16040891,-0.4058677,0.029812157
132,1032,0.057477362,0.06313084,-0.6764807,-1.0399171,0.5475074,-0.7906782,-0.4117871,-0.08412768,0.5187418,-0.17177872,0.09356837,0.7828479,-0.6006191,-0.91866493,0.33940202,0.28698218
132,1037,-0.4726916,-0.108693995,0.28161004,0.024455216,-0.58066636,-0.13858843,-0.09628928,0.23318923,0.19221306,0.13303493,0.6667742,0.43725622,-0.43071216,-0.09906388,-0.28603953,0.050910667
132,1041,0.58076197,-0.11225621,0.28517166,-0.2663424,-0.4069456,0.25775144,0.35683006,-0.5472757,-0.7672039,0.5109907,1.1321751,0.016774535,0.8738182,-1.030413,0.1506341,0.5562044
132,1047,-0.46157825,-0.041576512,0.36060366,0.23646975,-0.50753397,-0.0924473,-0.11055846,0.3033955,0.30978492,0.023065299,0.44567454,0.43718976,-0.56516665,0.025835417,-0.37804663,-0.091654174
132,1062,-0.78284436,0.031807214,-0.14923137,-0.5832796,0.5513147,0.09396415,-0.012099348,0.15835816,-0.5097623,-0.18990137,-0.33338082,0.75358427,-0.42737103,-0.2111137,0.07588892,0.140376
132,1071,0.4219883,0.00034103403,0.27169463,0.48860162,0.8436009,0.8687471,-0.17375374,0.24090824,0.098822184,-0.44325233,-0.56675225,-0.007750243,0.058892652,0.14928499,-0.29206926,-0.035043754
132,1078,0.49032605,-0.14798446,0.24840039,-0.33666664,-0.39937043,0.25474775,0.30766648,-0.48837757,-0.76218146,0.5115772,1.091017,0.053636193,0.8178433,-0.96634376,0.1060531,0.56637
132,1096,1.2662818,-0.092952184,0.14674172,0.2653446,0.5341425,0.51733303,-0.31000215,0.05437253,0.27683437,-0.22994675,-0.51899624,-0.25435883,0.17952867,0.10383246,-0.41457295,0.094108336
132,1101,0.12438813,-0.0065120207,0.18171945,0.14808789,-0.1321848,-0.14872989,-0.044353195,0.014837645,0.3465037,-0.03811796,0.49096364,0.2757006,-0.23548812,-0.4050365,0.031420857,-0.036450136
132,1106,-0.885733,-0.19339605,-0.48478195,-0.21990389,0.15828523,-0.18505639,0.2976063,0.04703375,-0.09294771,0.07238084,-0.11593484,-0.6242606,0.39978856,0.29700702,0.4254983,0.25775865
132,1113,0.06691532,-0.109494954,0.41207093,0.05970614,-0.6291275,0.30112192,0.18005301,-0.1819371,-0.4772503,0.4084671,0.8726147,0.0968073,0.37354493,-0.44510707,-0.24202687,0.2827699
132,1115,0.8637237,0.088559106,-0.52498734,-1.9659679,-1.7148136,-0.86885357,-0.47956872,-0.21501705,-0.918192,0.9751568,-1.104107,0.4058993,-0.25874645,1.2805496,-0.88943374,-0.7173997
132,1123,0.70161265,0.7582282,0.11903119,0.81989485,0.08695161,-0.20253453,0.47034132,-0.81331015,-0.30107877,-0.17360044,-0.006764248,-0.11389643,0.2562495,-0.49810165,1.0144866,-0.62531644
132,1129,0.70309645,0.9243846,0.06848226,0.9484222,0.02962093,-0.3313132,0.5049906,-0.9080238,-0.31915882,-0.21575573,-0.14939329,-0.15488583,0.17565654,-0.37671533,1.2125734,-0.8471829
132,1140,-0.08045762,0.03495821,-0.2726379,-0.69828206,0.9826497,0.6555107,0.1615084,-0.096065134,-0.8470912,-0.15544002,-0.7829553,0.27794325,0.33628517,-0.25275928,0.07524544,0.27564248
132,1144,-0.94341695,-0.30494666,-0.6092329,-0.18809295,-0.03749743,-0.48412722,0.3690405,0.044497654,0.1488367,0.18961062,0.06388904,-1.015948,0.5457505,0.37538865,0.5237,0.35529527
132,1153,0.7952382,-0.032128908,0.23642625,0.42942598,0.7847727,0.78133947,-0.21862794,0.16478902,0.19151893,-0.39054185,-0.54462767,-0.10408494,0.11968969,0.0724064,-0.33105278,0.024388812
132,1158,0.9223686,-0.5725094,-0.28179148,0.26128605,-0.076716095,-0.56441826,-0.13137487,0.19162118,1.1330864,0.17913295,0.102566645,-1.552376,0.66446567,0.4459712,-0.20801163,0.4750407
132,1173,0.39910448,0.020443477,-0.29173362,-0.9691785,0.11263116,0.15906471,-0.09625653,-0.11833741,-0.7162049,0.19286527,-0.8206065,0.25488478,0.1479689,0.22388804,-0.28480858,-0.016032636
132,1178,-0.63905257,-0.06987045,0.43553242,0.21449244,-0.79975045,-0.014515765,-0.054224856,0.27267563,0.08581319,0.1848542,0.66055405,0.3895487,-0.4203295,0.105400644,-0.4402781,-0.021543402
132,1188,1.0956818,-0.05423913,0.20727903,0.4119681,0.5796813,0.59687704,-0.28110844,0.09791546,0.30681923,-0.3041396,-0.48630387,-0.2123397,0.123213425,0.10997567,-0.37606466,0.032235667
132,1204,-0.60397404,-0.22462186,-0.37991387,-0.07026244,0.23101105,-0.10462875,0.20810352,0.108095974,0.084010385,0.0040450618,-0.122210965,-0.65088993,0.3896026,0.2975573,0.2865113,0.24973977
132,1215,1.0846691,0.07846642,-0.4936311,-1.9461327,-1.8534892,-0.9476901,-0.5553149,-0.21815163,-0.8274712,1.0183963,-1.0959703,0.3885331,-0.29600775,1.3488389,-0.98254514,-0.755142
132,1220,-0.43910003,-0.36390623,-0.51360357,-0.10090026,0.038084626,-0.46288216,0.26860446,0.071819015,0.38141045,0.16150717,0.06181948,-1.0963516,0.598231,0.29599828,0.33323961,0.40531573
132,1239,-0.15183702,-0.08530967,0.47749412,0.2950873,-0.7038579,0.22543067,0.07123384,0.015484706,-0.14866337,0.28062642,0.75757384,0.15530421,0.023565277,-0.17427157,-0.37686402,0.099293835
132,1241,-0.0768254,-0.09092408,0.49627846,0.27487558,-0.73689204,0.27851892,0.12231499,-0.05762732,-0.26822364,0.34114307,0.8359414,0.10687348,0.1601281,-0.25067824,-0.3560599,0.15581554
132,1254,0.3391785,-0.022171663,-0.23623034,-0.22362241,0.3036095,-0.64676917,-0.26874524,0.0037753135,0.9115862,-0.2600372,0.47811198,0.36358505,-0.4747945,-0.6621419,0.4794827,-0.07064046
132,1268,1.0198716,-0.5206828,-0.1884667,0.2889988,-0.11539164,-0.51663435,-0.22245309,0.20003721,1.09227,0.16108723,0.07640524,-1.3439202,0.5184286,0.43735677,-0.30626142,0.3819072
132,1277,-0.617402,-0.06543105,0.42952874,0.22412384,-0.76765513,-0.01070755,-0.056488395,0.27062172,0.09610709,0.16961177,0.63127464,0.38530195,-0.41958153,0.10516288,-0.4348215,-0.031093894
132,1281,-0.17165062,0.049747773,0.19979618,0.21752292,0.69028485,0.71698844,-0.11484352,0.2460886,-0.19182709,-0.3699811,-0.52838045,0.3113111,-0.15122576,0.17244351,-0.20439138,-0.07233017
132,1282,-0.25202107,0.05497957,0.43644434,0.64536303,0.1659275,0.40969652,-0.17133558,0.3601875,0.29520735,-0.3567148,-0.15864941,0.29279277,-0.52603114,0.28043005,-0.3596949,-0.29396942
132,1287,0.4965902,1.1031278,-0.06680092,0.83268553,-0.52490604,-0.7552526,0.38695717,-0.89388937,-0.36621934,-0.1193416,-0.509505,-0.056625277,-0.19866735,0.20674196,1.241941,-1.2784529
132,1288,-0.028958596,0.042463824,0.22687407,0.3057699,0.71971613,0.7579105,-0.12842801,0.24562226,-0.11524834,-0.38991398,-0.53546983,0.23093984,-0.09789914,0.17727739,-0.22856414,-0.076633655
132,1307,0.3694386,-0.13075893,-0.5078412,-0.5748973,0.5190319,-0.90602964,-0.42593735,0.04872194,1.1701525,-0.32131815,0.5583923,0.45786256,-0.6087571,-0.8177748,0.6455657,0.022181772
132,1316,0.067548156,-0.07031212,0.46142247,0.21435133,-0.6155109,0.30571222,0.17820604,-0.15275124,-0.37809318,0.34525943,0.8002596,0.077904224,0.3070206,-0.36923742,-0.26912165,0.19429058
132,1319,-0.38976657,0.015612669,0.5185979,0.6602046,-0.40293545,0.07309266,-0.14054331,0.38446277,0.5285062,-0.16654107,0.2677114,0.31258976,-0.6652844,0.24180701,-0.45870358,-0.285312
132,1322,0.93201876,-0.042271912,0.21593866,0.3962794,0.6980447,0.69518393,-0.24218118,0.12811363,0.22958425,-0.3473596,-0.51969206,-0.13766134,0.12324189,0.0694289,-0.3478946,0.033318236
132,1334,-1.00213,-0.2549416,-0.5826234,-0.21885325,0.03802611,-0.36263543,0.36113083,0.04047041,0.012509972,0.14667366,-0.014332399,-0.86540145,0.49322307,0.36268434,0.52071154,0.3171555
132,1339,-0.5449458,-0.05130537,0.4151924,0.2668512,-0.6683479,-0.029874474,-0.07650265,0.28316626,0.19134012,0.10560875,0.54968375,0.3891454,-0.47147048,0.09079824,-0.42080718,-0.069123015
132,1342,-0.66244274,0.052826308,0.3752275,0.4713707,0.055397943,0.32928967,-0.14604992,0.37976724,0.119240426,-0.2759801,-0.10751567,0.39399552,-0.58764356,0.3590619,-0.3117971,-0.2539793
132,1344,-0.454809,-0.027633691,0.3701906,0.2907831,-0.45199907,-0.074967004,-0.122474045,0.32274467,0.35060063,-0.026382118,0.37775844,0.43002898,-0.59609133,0.06656348,-0.3801222,-0.13096884
132,1346,0.06093789,-0.12014779,0.4662294,0.093462795,-0.75471604,0.34682316,0.21475543,-0.21477169,-0.54999197,0.47587353,0.99329036,0.0517357,0.45005727,-0.45412844,-0.26669192,0.3160064
132,1353,1.084669,0.078466415,-0.49363115,-1.9461329,-1.8534892,-0.9476901,-0.5553149,-0.2181516,-0.8274712,1.0183963,-1.0959703,0.3885331,-0.29600775,1.3488392,-0.9825452,-0.7551419
132,1374,0.7092662,-0.026153995,0.23570833,0.4189196,0.8027077,0.791835,-0.20308028,0.17598821,0.16259268,-0.39704233,-0.5450726,-0.06965661,0.109397694,0.06580188,-0.31666684,0.01821366
132,1397,-0.74592435,0.037002437,-0.08427322,-0.44820493,0.5611346,0.2135286,-0.028278671,0.18552619,-0.4815689,-0.21814935,-0.3713172,0.69468236,-0.39887017,-0.114529416,0.024575517,0.09385354
132,1418,0.04806713,-0.062455975,0.481893,0.26936224,-0.6310469,0.31451777,0.17340453,-0.13648435,-0.35179716,0.33161896,0.7838359,0.06891325,0.28416646,-0.32580924,-0.29016244,0.1667934
132,1423,0.9818632,-0.08044568,0.086619854,0.082005724,0.7205951,0.62245846,-0.21537063,0.055892803,0.05301232,-0.25003833,-0.5919634,-0.11076465,0.2208788,-0.013307452,-0.33395234,0.14347333
132,1429,0.2994036,0.01010024,0.26213694,0.45581383,0.7953265,0.82305026,-0.16037548,0.24331619,0.05853688,-0.42466658,-0.5443481,0.0459103,0.022174627,0.15971804,-0.27497596,-0.05383321
132,1432,0.28112257,0.011526244,-0.27667153,-0.8421233,0.42485303,0.33961523,-0.015657581,-0.1076487,-0.72530854,0.06824085,-0.7984489,0.22377314,0.23132856,0.061239682,-0.16746905,0.10322385
132,1434,1.1144074,0.07570322,-0.5039426,-1.9917804,-1.8757131,-0.95060587,-0.5644415,-0.22604573,-0.8536079,1.0399038,-1.120664,0.38971668,-0.28779715,1.3639566,-1.0018297,-0.76131046
132,1455,0.9320188,-0.042271912,0.21593866,0.3962794,0.69804466,0.69518393,-0.24218118,0.12811363,0.22958425,-0.34735954,-0.51969206,-0.13766134,0.12324189,0.0694289,-0.3478946,0.03331823
132,1461,-0.6785759,-0.21918692,-0.40941396,-0.105945736,0.21676855,-0.12168085,0.23266439,0.094172165,0.04068502,0.019820854,-0.12270413,-0.6549484,0.39822114,0.30289653,0.3246755,0.25496116
132,1463,-0.4085796,0.0110910805,0.48984432,0.5969717,-0.40552938,0.05878745,-0.13535975,0.369671,0.47753578,-0.1405108,0.268206,0.3240554,-0.635671,0.23008704,-0.44326353,-0.262513
132,1467,-0.594164,0.041711703,0.0033285655,-0.25705615,0.58678806,0.3685714,-0.052270327,0.20524043,-0.409233,-0.25674668,-0.42167884,0.59173316,-0.32981944,-0.01953043,-0.049236253,0.03595241
132,1477,0.5584987,-0.0393039,-0.032118503,-0.2605023,0.98872614,0.7601848,-0.05706042,0.025473446,-0.3560838,-0.26044032,-0.73734593,0.12763631,0.29034168,-0.18802422,-0.1971997,0.21852562
132,1478,-0.7975848,0.023533992,0.389723,0.37632105,-0.28142315,0.070074156,-0.13526472,0.40577856,0.24018505,-0.145351,0.14392461,0.46015435,-0.7097455,0.29893023,-0.3439263,-0.22582516
132,1481,0.5684784,1.1711146,-0.11416052,0.8520968,-0.40135217,-0.7732739,0.46860915,-1.0185907,-0.4235905,-0.14272869,-0.45763087,-0.103119165,-0.104430445,0.045173176,1.4598672,-1.3064715
132,1496,0.69237167,0.46297815,0.18378909,0.47535026,-0.014813364,-0.025747895,0.4306993,-0.7109713,-0.4307381,0.025341675,0.3301232,-0.066818,0.46834326,-0.6816947,0.69977707,-0.22389573
132,1497,-0.6985006,-0.23212825,-0.4276252,-0.101301506,0.21459413,-0.13238463,0.24438114,0.096988805,0.055187576,0.02433899,-0.11744581,-0.7080998,0.42401844,0.32346445,0.342124,0.2698319
132,1501,0.049912542,-0.15734428,-0.19066465,-0.3695323,0.10127695,-0.57810557,-0.2879569,0.13215326,0.7498828,-0.124863744,0.6188782,0.47433728,-0.5311952,-0.57601875,0.23186083,0.08884097
132,1503,1.3329737,-0.095212154,0.16458799,0.33344853,0.4633576,0.4755074,-0.3358953,0.054670613,0.3516741,-0.22304781,-0.4851128,-0.30466515,0.16203217,0.14715806,-0.43112308,0.07447333
132,1510,0.27476978,-0.006110168,-0.10486767,-0.10092798,0.19724067,-0.47282356,-0.1908823,0.0060665905,0.7117213,-0.20163968,0.43202835,0.34066463,-0.39342254,-0.5703443,0.33826178,-0.06981571
132,1549,-0.42832482,0.040941045,-0.38224918,-0.808964,0.5264797,-0.32108036,-0.16153336,0.041218024,-0.100482516,-0.16046244,-0.13692822,0.77576613,-0.4899668,-0.54075557,0.19496097,0.21462491
132,1552,0.026213206,0.02132954,-0.21838412,-0.60986775,0.99586356,0.68986815,0.11926952,-0.063537866,-0.75867385,-0.18278214,-0.78022546,0.26911974,0.32144165,-0.24128017,0.016809955,0.2572635
132,1560,1.3557451,-0.07807764,0.19921522,0.44745845,0.40166602,0.45962518,-0.3477201,0.058795746,0.42680982,-0.23999316,-0.44716728,-0.3410849,0.12712906,0.19407764,-0.43071002,0.02909033
132,1561,-0.55369645,0.039690904,-0.2578982,-0.49265802,0.20377395,-0.36835307,-0.25314373,0.11565457,0.19307408,-0.12147701,0.084110364,0.663087,-0.59899247,-0.312781,0.090371996,0.09303615
132,1570,-0.42223555,-0.1178398,0.24135661,-0.014206905,-0.5167117,-0.17699492,-0.11054728,0.22642672,0.24097636,0.110612184,0.66682607,0.44734296,-0.44289428,-0.15181753,-0.24294081,0.061499536
132,1579,-0.025253799,-0.42881846,-0.43199214,0.017320883,0.08588873,-0.45899194,0.17929797,0.112709835,0.6301131,0.13225812,0.080229506,-1.21893,0.64992964,0.2678766,0.17581333,0.4487498
132,1580,0.06754817,-0.07031212,0.4614225,0.21435133,-0.6155109,0.30571222,0.17820604,-0.15275122,-0.37809318,0.34525943,0.8002596,0.077904224,0.3070206,-0.36923742,-0.26912165,0.19429058
132,1587,-0.15063536,-0.047465682,-0.29671448,-0.6087673,0.027977645,0.02686517,-0.0084095,-0.0043465495,-0.4365996,0.13944855,-0.5281701,0.020003974,0.12809514,0.3371592,-0.08392389,-0.018353611
132,1588,0.56783396,1.2183863,-0.1168019,0.8901893,-0.48228312,-0.8255303,0.46906132,-1.033685,-0.42399073,-0.1381184,-0.5039185,-0.113893986,-0.14714776,0.12131295,1.488386,-1.3818806
132,1596,-0.059470337,0.05910173,-0.60292697,-0.8802206,0.38027912,-0.7925636,-0.44269407,-0.03749436,0.61957645,-0.14617306,0.195836,0.73346937,-0.6531203,-0.7788455,0.2846731,0.22333118
132,1600,-0.9109011,-0.16676743,-0.46000782,-0.21584433,0.28350443,-0.016802497,0.28349084,0.063897505,-0.1934016,0.005614899,-0.21908557,-0.5535605,0.3921427,0.33043087,0.41244477,0.24513417
132,1602,0.12438811,-0.0065120207,0.18171948,0.14808789,-0.1321848,-0.14872989,-0.0443532,0.014837645,0.34650367,-0.03811796,0.49096358,0.2757006,-0.23548812,-0.4050365,0.03142084,-0.036450136
132,1623,-0.21884727,0.053603455,0.42982653,0.6384621,0.17551012,0.4067417,-0.17020592,0.3511977,0.2976581,-0.35526523,-0.16243336,0.28739464,-0.510957,0.264786,-0.356875,-0.2902323
132,1637,-1.0544102,0.042146236,0.16567312,0.043211106,0.0015334189,0.08879101,-0.12094247,0.33636597,-0.08023779,-0.16483554,-0.020523608,0.5794475,-0.66004235,0.24532744,-0.1569592,-0.11299564
132,1641,-0.80937624,-0.18659706,-0.41722804,-0.13343859,0.23105204,-0.07434396,0.24646257,0.08836074,-0.06057867,0.00589402,-0.15608329,-0.58031934,0.36573035,0.3250815,0.3619541,0.22943676
132,1642,0.9876215,-0.08027434,0.09268406,0.09641692,0.698226,0.60563004,-0.22204521,0.057370126,0.07230107,-0.24693926,-0.5766074,-0.112341136,0.20954718,-0.0077433735,-0.338225,0.13590923
132,1646,0.28112257,0.011526244,-0.2766715,-0.8421234,0.42485303,0.33961523,-0.015657581,-0.1076487,-0.72530854,0.068240836,-0.798449,0.22377314,0.23132856,0.061239667,-0.16746905,0.10322384
132,1647,0.5943926,-0.5375886,-0.34712043,0.1709632,-0.005545974,-0.5448884,-0.00074949116,0.16254418,0.98527104,0.16410144,0.110137686,-1.4793947,0.69560724,0.3666709,-0.06472369,0.4893044
132,1658,0.6607063,-0.021075018,0.24233134,0.4285819,0.8264154,0.820336,-0.19631587,0.18813223,0.14475015,-0.41049868,-0.55786955,-0.05646965,0.10546081,0.07613217,-0.3118919,0.011887275
132,1659,-0.93681407,0.044484094,0.29474568,0.27369875,-0.012855351,0.2342602,-0.118735895,0.3731351,-0.025843665,-0.2026525,-0.06646366,0.4849972,-0.61882186,0.35997874,-0.25262552,-0.19746447
132,1660,-0.3422191,-0.12660812,0.16357769,-0.08884844,-0.39323437,-0.22987238,-0.13375331,0.2077626,0.29694661,0.07326849,0.6402103,0.45808026,-0.443076,-0.22822356,-0.16668628,0.07670679
132,1670,-0.8996684,0.03992016,0.01222967,-0.15518086,0.069730446,-0.07121334,-0.16270164,0.25636217,-0.0035862774,-0.14341249,0.017681375,0.61098564,-0.6333633,0.05335825,-0.06464009,-0.036313407
132,1674,0.25414854,-0.46103254,-0.3726081,0.08263624,0.06670849,-0.4746132,0.097103596,0.13369648,0.7695751,0.1318344,0.08797027,-1.2683206,0.646879,0.27606478,0.05625637,0.4526694
132,1678,-0.91313964,-0.20052426,-0.50273126,-0.22576189,0.14751098,-0.20304519,0.31025904,0.044628024,-0.09012458,0.08176303,-0.10811762,-0.6576769,0.4161361,0.30840933,0.44441468,0.26766756
132,1679,-0.59105545,-0.057888143,0.42034918,0.24033192,-0.7198724,-0.0257143,-0.068566605,0.28081366,0.14600885,0.13705094,0.58983785,0.39316306,-0.45331854,0.10065929,-0.42806512,-0.05024297
132,1687,0.07084243,-0.09641282,0.47113112,0.1678652,-0.6916356,0.30391747,0.18886559,-0.17170599,-0.41637242,0.40075475,0.91304916,0.07407537,0.34195364,-0.42341167,-0.26992726,0.24952093
132,1704,-0.49864876,0.035770617,-0.32009134,-0.7481251,0.5160134,-0.23072603,-0.115594216,0.06324665,-0.20489347,-0.15698348,-0.17600325,0.76265264,-0.46029776,-0.46646374,0.1620089,0.19572869
132,1713,0.53988117,1.2095257,-0.10774116,0.8892956,-0.52751935,-0.8304558,0.44756663,-1.0024953,-0.4154569,-0.13124907,-0.53085977,-0.103557736,-0.18077537,0.18358943,1.4371252,-1.3915066
132,1724,-0.25565287,-0.14223298,0.07877953,-0.1613787,-0.29115874,-0.3281533,-0.17456675,0.19523312,0.4250419,0.030361578,0.66907424,0.46578535,-0.47658366,-0.32214817,-0.06997302,0.08685521
132,1733,-0.8971357,0.022822447,0.36805663,0.31151915,-0.2935713,0.050663274,-0.13202265,0.41165015,0.1867714,-0.12627833,0.14739712,0.49712217,-0.72740966,0.30692267,-0.32699987,-0.20739943
132,1766,-0.8796344,-0.22857605,-0.5226806,-0.22147523,0.08115442,-0.3022856,0.31901026,0.038896926,-0.010149121,0.12130956,-0.047806233,-0.73749655,0.44173062,0.3001096,0.44887024,0.28886494
132,1773,-0.594164,0.04171171,0.0033285618,-0.25705615,0.58678806,0.3685714,-0.052270323,0.20524043,-0.40923303,-0.25674668,-0.42167884,0.59173316,-0.3298194,-0.01953043,-0.049236253,0.03595241
132,1775,0.3560775,0.40765116,0.32469073,0.63283885,-0.40821147,0.04898245,0.34033102,-0.5146496,-0.3899965,0.108389884,0.37590075,-0.06944662,0.27138472,-0.3075937,0.38599795,-0.29348457
132,1779,0.23516859,0.065379865,-0.7113056,-1.0208502,0.5280055,-0.8677572,-0.47130752,-0.113940805,0.691763,-0.16916452,0.14822929,0.7385752,-0.58837575,-0.975887,0.3414486,0.27898863
132,1784,-0.9149804,-0.2994344,-0.59030163,-0.1775007,-0.035160214,-0.4753549,0.3551895,0.047965694,0.15575871,0.18248697,0.06347425,-0.98627,0.5273549,0.36497998,0.5039563,0.3442931
132,1787,0.70309645,0.92438465,0.068482265,0.9484222,0.029620916,-0.33131325,0.5049906,-0.9080238,-0.31915882,-0.21575575,-0.14939329,-0.15488583,0.17565654,-0.37671533,1.2125734,-0.84718287
132,1789,0.32279027,-0.01178034,-0.20621188,-0.1918886,0.2858473,-0.6024159,-0.24935408,0.002931863,0.85789996,-0.25046206,0.4480642,0.3582575,-0.4540338,-0.63175046,0.44783068,-0.07745919
132,1804,-0.0033386536,-0.07768592,0.53251994,0.31877995,-0.75758016,0.32569286,0.17163545,-0.117871776,-0.33779687,0.36952138,0.8810348,0.05416879,0.2643441,-0.29453158,-0.33982983,0.1717341
132,1830,-0.14426586,-0.08785873,0.49004966,0.301588,-0.72933507,0.23285648,0.08034335,0.0059340894,-0.16151997,0.2955274,0.7887619,0.14567421,0.040716365,-0.18612836,-0.37965652,0.10897996
132,1844,0.3179254,0.009102114,0.2656562,0.46421003,0.81023014,0.83963186,-0.16241176,0.24495219,0.062276967,-0.43130672,-0.5534703,0.036906213,0.029018804,0.16084456,-0.27859068,-0.051237233
132,1848,0.23634796,-0.0041975314,-0.12115936,-0.45088056,1.0095365,0.7298831,0.041303575,-0.009275407,-0.5849279,-0.22610365,-0.763847,0.25043225,0.2911679,-0.23292151,-0.08851527,0.22772738
132,1850,-0.21047021,0.04772594,0.42647716,0.61750877,0.14419751,0.36616153,-0.16771999,0.34999987,0.32322124,-0.34230143,-0.13007376,0.29857105,-0.5270451,0.23536062,-0.35746342,-0.28225598
132,1855,0.13263427,-0.45450923,-0.40309414,0.061332833,0.07342194,-0.4769603,0.13735588,0.12711352,0.72648764,0.13342147,0.09258522,-1.2712085,0.6595383,0.27594796,0.11228375,0.45783898
132,1856,-0.28183928,0.031672083,0.521474,0.7299398,-0.2907676,0.13226788,-0.14252481,0.36956465,0.5533253,-0.22390872,0.18352674,0.27491403,-0.6354673,0.23687896,-0.44863474,-0.3131026
132,1857,-0.4947284,-0.044800878,0.39662835,0.27100036,-0.5960663,-0.035870403,-0.08507825,0.28191715,0.2254723,0.072291985,0.49591893,0.391009,-0.48341215,0.07252855,-0.40459502,-0.08226907
132,1882,0.61163884,-0.5027319,-0.30448845,0.16667788,-0.004967302,-0.5051979,-0.0323852,0.16097909,0.933307,0.14982553,0.08771066,-1.3495703,0.62363774,0.34496033,-0.1011772,0.4432619
132,1884,0.20267053,0.0066561964,-0.24541077,-0.7098312,0.6003361,0.42850953,0.025589712,-0.08975664,-0.6796299,-0.019157574,-0.7449018,0.21099673,0.25737518,-0.046434574,-0.0955967,0.16568822
132,1894,0.5352508,-0.13598774,0.26430872,-0.31263041,-0.40333188,0.25375512,0.33004457,-0.51516604,-0.7629196,0.5137558,1.1178747,0.03835565,0.8450729,-1.0036789,0.12636302,0.5673829
132,1897,-0.17165062,0.049747773,0.19979618,0.21752292,0.6902849,0.71698856,-0.11484352,0.24608856,-0.19182709,-0.3699811,-0.5283804,0.3113111,-0.15122576,0.17244351,-0.20439139,-0.07233017
132,1902,0.23607053,0.14190853,0.39409822,0.3931072,-0.45774597,0.23221168,0.27214754,-0.34733003,-0.42607898,0.23578195,0.61571145,-0.00139153,0.36363637,-0.39627716,0.045457825,0.01589457
132,1903,-0.80785686,-0.19993255,-0.4137056,-0.09661004,0.20395654,-0.10371252,0.24087463,0.10110196,-0.005498022,0.008057989,-0.12675436,-0.62095463,0.36640185,0.34631556,0.36004817,0.22865397
132,1923,-0.0975984,-0.09313366,0.46672758,0.24121135,-0.69653153,0.25638843,0.10119423,-0.03672503,-0.24434373,0.32031602,0.79183084,0.13317941,0.12191342,-0.23813757,-0.3505097,0.14814469
132,1925,-1.0659384,-0.2076117,-0.56427604,-0.2607595,0.06918596,-0.29538667,0.3573743,0.027200758,-0.106137924,0.12696528,-0.061981462,-0.72084767,0.4356833,0.33971387,0.52407414,0.27945393
132,1937,-0.62411296,-0.07143785,0.4229869,0.19376738,-0.77813303,-0.009772651,-0.051319137,0.26234338,0.06662213,0.1866865,0.6495993,0.388724,-0.4014147,0.09175082,-0.4300294,-0.012999985
132,1938,0.07898393,0.03251729,0.24679427,0.38118058,0.7571624,0.8011532,-0.14109895,0.25150543,-0.05226066,-0.41125745,-0.54723036,0.15465702,-0.050006337,0.18907434,-0.2466413,-0.072474465
132,1953,0.09910533,-0.08715454,0.459819,0.13319495,-0.7122817,0.33204472,0.2277423,-0.23869228,-0.5305648,0.44583654,0.96017283,0.043307275,0.44708693,-0.46818778,-0.21991643,0.28537196
132,1962,-1.0336081,-0.23943399,-0.587654,-0.24916129,0.055625275,-0.33713278,0.368573,0.030429646,-0.044123817,0.14375085,-0.03830327,-0.82401353,0.48559713,0.35338482,0.5314724,0.31213704
132,1964,-0.7006573,-0.224676,-0.4052314,-0.07248624,0.21924658,-0.11032667,0.22860305,0.1094394,0.062272303,0.0068796054,-0.119712085,-0.6796202,0.39841706,0.3350534,0.32814854,0.2512457
132,1969,0.3551302,-0.014141774,-0.096449435,-0.4119624,1.0441345,0.7713117,0.0137030035,-0.00073791295,-0.53687936,-0.24502018,-0.78358823,0.21972246,0.3060289,-0.23326704,-0.12418867,0.23689145
132,1971,-0.3354013,0.048837475,-0.41758874,-0.6732397,0.282275,-0.5667943,-0.34206724,0.047271546,0.39166483,-0.13316655,0.13828589,0.6982639,-0.6299767,-0.52516246,0.18082114,0.1526297
132,1983,-0.82278687,-0.1860364,-0.42856857,-0.14999129,0.24725778,-0.06026829,0.2555173,0.08378703,-0.08428745,0.005450681,-0.17134458,-0.5866063,0.37938255,0.32687888,0.37241882,0.23766819
132,1989,-0.6044375,-0.060430706,0.4282082,0.24213052,-0.7446217,-0.027038284,-0.06699846,0.2831961,0.14370075,0.14617558,0.6108688,0.39353535,-0.45562303,0.103591956,-0.4341215,-0.046799332
132,1996,-1.047026,-0.20158166,-0.54878515,-0.2535604,0.070739225,-0.28740847,0.3464142,0.029498473,-0.10430622,0.121050715,-0.06298605,-0.6923738,0.41860396,0.3309437,0.509007,0.26909336
132,1999,0.09091458,0.0139786415,-0.19428025,-0.5745264,1.008951,0.7071112,0.10079059,-0.051040605,-0.71951604,-0.19466044,-0.7828281,0.26431978,0.31955457,-0.24536163,-0.012616135,0.25329688
132,2019,-0.72231823,-0.10893431,-0.3811528,-0.28904572,0.40244615,0.12372367,0.2303379,0.038583502,-0.31754178,-0.034580633,-0.32284343,-0.3061939,0.32502502,0.20158795,0.30915296,0.21447018
132,2020,0.5807619,-0.1122562,0.28517166,-0.2663424,-0.40694553,0.25775144,0.35683,-0.5472757,-0.76720405,0.5109907,1.1321751,0.016774505,0.87381834,-1.030413,0.15063412,0.5562044
132,2024,1.0956818,-0.054239117,0.20727904,0.41196814,0.5796813,0.59687704,-0.28110838,0.09791547,0.30681923,-0.3041396,-0.48630387,-0.21233976,0.123213425,0.10997567,-0.37606466,0.032235675
132,2030,0.6791605,0.42627105,0.19179861,0.44353458,-0.01156199,-0.0015027002,0.41667444,-0.68249404,-0.4274979,0.03572972,0.34792924,-0.054152846,0.47463363,-0.68784285,0.6476366,-0.18248087
132,2044,-0.0937163,0.03453831,-0.26980528,-0.68655175,0.96215826,0.6387297,0.15919596,-0.09277053,-0.8325184,-0.1523331,-0.7673772,0.2769631,0.32613224,-0.24542746,0.07629113,0.2686002
132,2049,-0.021875642,-0.07351467,0.51880205,0.31956434,-0.72731304,0.32288426,0.15817541,-0.10177754,-0.32374167,0.3489232,0.8321652,0.06352264,0.2416191,-0.2638177,-0.34286976,0.15400094
132,2052,0.533709,-0.012170197,0.24613737,0.43458682,0.8260532,0.81980205,-0.17970535,0.20823035,0.118825905,-0.4162737,-0.5500585,-0.020575404,0.08227016,0.092075594,-0.29444075,-0.006831631
132,2053,-0.74207026,0.03824511,-0.07695331,-0.43518722,0.57310545,0.23527646,-0.03008486,0.19003172,-0.48294345,-0.2261507,-0.38238496,0.6904248,-0.3965757,-0.10479584,0.01990579,0.09105278
132,2057,0.07177852,-0.11009275,0.4392929,0.093931854,-0.67258584,0.29205856,0.18368153,-0.17815244,-0.4445788,0.41446918,0.91982085,0.09196961,0.3545801,-0.4555967,-0.25290364,0.28006187
132,2068,0.18463789,0.0005993191,-0.15244544,-0.5009606,1.0234445,0.73407847,0.06650083,-0.025250487,-0.6424587,-0.21692473,-0.7817566,0.24702442,0.3126564,-0.2359708,-0.05791352,0.24321532
132,2072,-0.4773767,-0.021720642,0.3862787,0.32392913,-0.44947016,-0.06583571,-0.12811649,0.34124142,0.3725034,-0.046261612,0.36056614,0.42986417,-0.62485033,0.098091476,-0.39003754,-0.15167037
132,2091,-0.31639898,0.025287842,0.5103216,0.6844066,-0.32429463,0.10116186,-0.1408214,0.3712272,0.5388047,-0.20077735,0.21189661,0.29657573,-0.64447886,0.22424787,-0.44559854,-0.2962802
132,2093,0.07679574,-0.113823585,0.4396855,0.080594614,-0.68324226,0.301913,0.19169809,-0.19039786,-0.47329482,0.43003768,0.937481,0.08547956,0.38109064,-0.4671193,-0.25026143,0.29418784
132,2101,-0.14955649,-0.085444726,0.47816262,0.29381925,-0.70545393,0.22940728,0.07411964,0.011521637,-0.15722531,0.28404254,0.76021296,0.15237506,0.032161042,-0.17624187,-0.37597203,0.10199276
132,2103,0.67147774,0.05032734,-0.40522596,-1.4412255,-0.594337,-0.22431257,-0.2533357,-0.18045038,-0.85369676,0.51980025,-0.9969664,0.30994236,0.020468831,0.6458962,-0.5445454,-0.27723342
132,2113,0.07298452,0.06432175,-0.6982093,-1.06316,0.55270696,-0.8196567,-0.42514056,-0.09117508,0.54713774,-0.17254367,0.10667397,0.78995526,-0.611409,-0.9446327,0.35212338,0.2959176
132,2116,0.28865474,0.06637124,-0.73614246,-1.0312796,0.52455926,-0.90792847,-0.4983456,-0.12560867,0.7592429,-0.16849625,0.17381208,0.73196614,-0.59434915,-1.0061572,0.35085922,0.28146213
132,2136,-0.99116635,0.044536836,0.2934844,0.26182637,-0.024964482,0.22929731,-0.11681186,0.38134322,-0.040236425,-0.19977516,-0.060102835,0.4996102,-0.638075,0.37171483,-0.24919866,-0.19515783
132,2148,0.13656595,0.0077018295,-0.24202523,-0.677355,0.70486295,0.48784065,0.056864947,-0.08634296,-0.6953084,-0.05977045,-0.73537076,0.21539834,0.27933478,-0.10786094,-0.052519716,0.2014409
132,2154,0.65577954,-0.03308133,0.30038375,-0.14255129,-0.38312262,0.2419042,0.40337467,-0.61675626,-0.75496393,0.47335696,1.1089894,-0.02564624,0.8892556,-1.053689,0.2447588,0.48753574
132,2157,0.615185,-0.017156364,0.25237063,0.451178,0.843594,0.8442179,-0.19190793,0.20262495,0.13963872,-0.4241072,-0.56370455,-0.052076906,0.100131586,0.09119915,-0.30891386,0.0038091354
132,2165,-0.6985005,-0.23212825,-0.42762524,-0.101301506,0.21459413,-0.13238466,0.24438114,0.096988805,0.055187568,0.024339005,-0.11744581,-0.7080998,0.42401844,0.32346442,0.342124,0.2698319
132,2197,1.090813,-0.051929735,0.22077776,0.43638775,0.63520783,0.65915143,-0.27846414,0.112119734,0.2970796,-0.33060032,-0.518008,-0.21760625,0.13471375,0.11856087,-0.3795824,0.032423206
132,2201,-0.2898727,0.03754182,0.47595066,0.66983694,-0.1612683,0.16253829,-0.1460097,0.36363375,0.49302036,-0.2570312,0.095515564,0.29942262,-0.6243301,0.22243655,-0.4065603,-0.30517203
132,2206,0.39659292,-0.07772164,-0.41518852,-0.43273526,0.45447662,-0.84891117,-0.36679876,0.020177417,1.1300493,-0.31717652,0.55314,0.4202059,-0.5770767,-0.8015243,0.63226044,-0.02759251
132,2212,-0.8035159,0.023791555,0.40816015,0.40687,-0.30981338,0.07206805,-0.13749984,0.41411608,0.26055124,-0.14428523,0.1596425,0.45084697,-0.7204097,0.31650192,-0.35745254,-0.23572686
132,2217,-0.121800475,-0.08621142,0.47097972,0.27383018,-0.69065166,0.2451311,0.08646411,-0.0117068365,-0.19774973,0.29570693,0.7618203,0.14152518,0.075872794,-0.20063353,-0.36279777,0.11882209
132,2218,0.7668327,-0.0611296,0.028630767,-0.10268052,0.89585155,0.72347164,-0.13072996,0.04379393,-0.17028737,-0.2653889,-0.6811019,0.023521274,0.2658447,-0.1226156,-0.26732886,0.19061199
132,2224,-0.41378987,0.050931297,0.10302736,-0.034227014,0.6578945,0.5746007,-0.0802763,0.22985423,-0.33519858,-0.3205523,-0.5002738,0.4725929,-0.24843277,0.08633415,-0.12735918,-0.019083664
132,2239,0.53005254,0.96345943,0.04070778,0.8430485,-0.44778752,-0.55817103,0.39975113,-0.8313894,-0.34575993,-0.095079064,-0.31086552,-0.07921028,-0.065108776,0.045562394,1.0722687,-1.0588726
132,2240,1.4186844,-0.08704692,0.19706225,0.46048623,0.33776763,0.40841758,-0.3675018,0.04981159,0.46534616,-0.21687081,-0.4266895,-0.37938577,0.12379749,0.2223942,-0.4471135,0.025565013
132,2249,-0.03299848,-0.076335676,0.5200167,0.31855547,-0.73780143,0.32250145,0.15509433,-0.096866965,-0.32242578,0.3520397,0.8377394,0.0652332,0.23596077,-0.25712803,-0.34850734,0.15470347
132,2258,-0.15310471,0.05710966,-0.55724734,-0.8331757,0.34895143,-0.7413595,-0.41982692,-0.011174262,0.5630614,-0.14318635,0.18638514,0.7318337,-0.6608004,-0.70911384,0.26046354,0.20489621
132,2263,0.4736817,0.04289364,-0.45567203,-1.4857781,-1.0784042,-0.54108214,-0.29882246,-0.14139701,-0.7612927,0.6701472,-0.90974534,0.25555706,-0.110656306,0.95463294,-0.5809208,-0.46079263
132,2270,0.270548,-0.1593339,-0.4100812,-0.5349756,0.3714273,-0.81595933,-0.3911878,0.0810146,1.0481548,-0.24665442,0.6152323,0.47744504,-0.59734744,-0.76573807,0.49915445,0.074749745
132,2277,-0.047415882,0.030805916,-0.24813774,-0.6646126,0.915836,0.60308605,0.13723244,-0.087990046,-0.7819938,-0.13852,-0.73719835,0.27528834,0.30810648,-0.24515837,0.045112193,0.25758538
132,2280,0.17864804,-0.16054952,-0.3282152,-0.47805446,0.25159135,-0.741141,-0.3564775,0.10243594,0.9496519,-0.19644824,0.640096,0.47823513,-0.5823075,-0.6977599,0.40320444,0.081683494
132,2286,-0.46384162,-0.044188097,0.37358722,0.24922368,-0.5391611,-0.08356135,-0.104337275,0.29891524,0.299846,0.037642047,0.4716406,0.42542621,-0.5501809,0.02993422,-0.38710874,-0.0881428
132,2288,0.4210121,0.59826094,0.24051997,0.7414782,-0.39330912,-0.1283013,0.37300897,-0.62681705,-0.36545438,0.028297216,0.17730401,-0.093474805,0.17434786,-0.2234715,0.6426817,-0.53869766
132,2293,1.3845795,-0.081334256,0.19751745,0.44948053,0.37739998,0.44022754,-0.3555733,0.05371153,0.44045758,-0.23069803,-0.44059557,-0.35495353,0.12649168,0.20343155,-0.4371202,0.028430507
132,2306,-0.45332038,0.046988294,0.07525775,-0.09532477,0.6245923,0.5047339,-0.072786875,0.21969984,-0.34708115,-0.29620495,-0.46951967,0.503356,-0.2688594,0.052845187,-0.107955515,-0.006802026
132,2312,-0.61740196,-0.06543105,0.4295287,0.22412384,-0.76765513,-0.010707535,-0.056488395,0.27062172,0.0961071,0.16961177,0.6312745,0.38530195,-0.41958153,0.105162896,-0.43482143,-0.031093894
132,2314,-0.47882462,-0.04593555,0.383694,0.25656614,-0.565955,-0.084981315,-0.10338953,0.30309945,0.30165514,0.045281425,0.49217707,0.42520922,-0.55565405,0.036423557,-0.39501214,-0.08744041
132,2327,1.0528245,-0.51150584,-0.16810137,0.29487017,-0.11425173,-0.49890006,-0.24281727,0.20239687,1.0847592,0.15458794,0.06521006,-1.3048804,0.49344087,0.4349426,-0.33049333,0.3661289
132,2339,-0.24568439,0.041449048,0.37950304,0.51381487,0.12770131,0.30199644,-0.15631899,0.3305555,0.2834291,-0.3060791,-0.109971434,0.33300066,-0.5186209,0.18869004,-0.32779238,-0.24932912
132,2350,-0.6304154,-0.06500568,0.4446796,0.24880028,-0.7933165,-0.029921547,-0.06435945,0.28880057,0.14226401,0.16279663,0.6514875,0.3939712,-0.46222603,0.11056463,-0.44676107,-0.041673258
132,2355,-0.5081305,-0.008467644,0.45920333,0.46729547,-0.49792802,-0.016713187,-0.13284698,0.37373316,0.4266836,-0.07519615,0.36011732,0.38909996,-0.657996,0.19089296,-0.43568653,-0.20597541
132,2385,-0.11254653,-0.054871336,0.4802046,0.35847503,-0.6343944,0.21727371,0.07223813,0.01675962,-0.09481233,0.2263387,0.67987907,0.15028253,-0.00032761693,-0.16038767,-0.35948724,0.05220004
132,2411,0.9363745,-0.07723811,0.075543985,0.048253525,0.7568544,0.64280987,-0.19787243,0.054394104,0.010931332,-0.25400615,-0.60732704,-0.08588609,0.23021643,-0.036116503,-0.31972438,0.15369204
132,2421,-0.08788831,-0.155093,-0.058184173,-0.2658451,-0.075476736,-0.4451592,-0.22892717,0.162786,0.5856058,-0.050931435,0.63813597,0.46912745,-0.4972021,-0.4597867,0.07985112,0.09322814
132,2425,0.5763286,1.2420001,-0.10581653,0.934935,-0.50530535,-0.83298486,0.4742151,-1.0433679,-0.42034596,-0.14469156,-0.5207055,-0.12721917,-0.15768448,0.1490722,1.4976538,-1.4099535
132,2431,-0.79094636,0.03446116,-0.13449696,-0.5573667,0.5691128,0.13430569,-0.015732128,0.16981189,-0.51503533,-0.2044001,-0.3526209,0.7480744,-0.42814797,-0.18609297,0.06698337,0.13325766
132,2451,0.06093789,-0.12014779,0.4662294,0.093462795,-0.75471604,0.34682316,0.21475543,-0.21477169,-0.54999197,0.47587353,0.99329036,0.0517357,0.45005733,-0.45412844,-0.26669192,0.31600642
132,2452,0.14965482,-0.020274632,0.4402052,0.21357027,-0.60677236,0.31459063,0.24140023,-0.26886073,-0.49509302,0.3729074,0.8417354,0.0300242,0.43012333,-0.452485,-0.14555264,0.20918953
132,2454,-1.0385572,-0.25995797,-0.6073443,-0.2417452,-0.0025838614,-0.41658443,0.3791753,0.02801779,0.014215276,0.17397101,0.011775717,-0.8896907,0.5026131,0.35944843,0.54585606,0.32532585
132,2470,0.579781,0.059139438,-0.50729,-1.6896864,-1.3188334,-0.6681675,-0.35080206,-0.1740725,-0.8434558,0.7912443,-0.9958332,0.28554103,-0.14706191,1.0986899,-0.673048,-0.55002934
132,2477,0.9101164,0.09431388,-0.5167282,-1.9906119,-1.7907827,-0.91295946,-0.5059121,-0.21719655,-0.9098072,1.002514,-1.1039027,0.434395,-0.29153377,1.3054148,-0.92872465,-0.75202185
132,2486,1.2408867,-0.06490138,0.21305121,0.45545185,0.5193291,0.56153286,-0.31615067,0.08549472,0.3742562,-0.2884179,-0.4819302,-0.291417,0.13348801,0.16016132,-0.40670115,0.031415023
132,2487,-0.43326724,0.03610586,0.3669408,0.43813652,0.031208098,0.2273345,-0.14965338,0.35397738,0.25030285,-0.26224512,-0.046990037,0.3931393,-0.58566946,0.20776659,-0.31914967,-0.23256174
132,2491,1.0778228,0.07434537,-0.46592227,-1.8651463,-1.640779,-0.81807566,-0.5208915,-0.21095353,-0.820326,0.93600416,-1.0949906,0.37734333,-0.24085066,1.2291234,-0.9376347,-0.6773483
132,2492,-0.46336532,0.0012088302,0.4690037,0.5213842,-0.45011574,0.02305679,-0.1317302,0.367128,0.4348234,-0.10291098,0.30931747,0.35627827,-0.6345681,0.21308848,-0.43628275,-0.23058233
132,2497,-0.7399867,-0.21261321,-0.40357876,-0.07939175,0.21869549,-0.09825071,0.22988333,0.10786599,0.03219626,0.002964422,-0.12718925,-0.64722556,0.38138944,0.34028208,0.33610857,0.23923531
132,2500,0.4316982,-0.0023310333,0.2619191,0.46823388,0.827941,0.8409046,-0.17168868,0.23239455,0.10202641,-0.43080837,-0.5539502,-0.002485007,0.05975923,0.13136205,-0.2884667,-0.031392463
132,2516,-0.1153444,-0.09339219,0.4549508,0.23181024,-0.6811582,0.24396259,0.08945227,-0.022190541,-0.22596917,0.30782533,0.7693448,0.14688714,0.096020296,-0.22418058,-0.3508975,0.13981712
132,2527,0.06754817,-0.07031212,0.46142253,0.21435133,-0.61551094,0.30571222,0.17820604,-0.15275122,-0.37809318,0.34525943,0.80025965,0.077904224,0.30702066,-0.36923742,-0.26912162,0.19429061
132,2528,-0.5272621,0.03132324,0.44213313,0.5460199,-0.22720087,0.13554583,-0.14292577,0.3820828,0.36356884,-0.19700135,0.11484437,0.3573534,-0.64450914,0.28342962,-0.3848217,-0.27314714
132,2540,1.0000918,-0.5299592,-0.20265642,0.29020423,-0.10979959,-0.52479506,-0.20771648,0.20099056,1.1039529,0.1622669,0.0833125,-1.380646,0.5415022,0.44161558,-0.28954434,0.39612535
132,2579,0.07199693,-0.11247076,0.4255226,0.065980285,-0.6584421,0.31000784,0.18973102,-0.19187444,-0.4930572,0.42554486,0.9064875,0.08642563,0.39268965,-0.45554256,-0.24593636,0.2931785
132,2582,0.19041,0.043350674,0.43172,0.29344344,-0.5639584,0.290866,0.2623543,-0.3101449,-0.47973645,0.32902914,0.77725077,0.00882712,0.4205203,-0.44209385,-0.070124686,0.14181495
132,2583,0.101976946,0.012726091,-0.18420963,-0.5572887,0.99775666,0.6995731,0.093207985,-0.045788288,-0.6991977,-0.19575348,-0.7723044,0.26681125,0.3097661,-0.24404928,-0.021457374,0.24612123
132,2603,0.19275339,-0.44127533,-0.368972,0.06973083,0.089993164,-0.44809192,0.11153521,0.12983018,0.72367275,0.11815485,0.079103276,-1.2083166,0.6286252,0.25270388,0.07420203,0.4401172
132,2609,0.6257318,0.15750119,0.24430121,0.14025049,-0.10349777,0.15202865,0.36191833,-0.5617717,-0.5173121,0.20318471,0.6320499,0.0032499135,0.6207589,-0.82058346,0.34724712,0.16468802
132,2614,0.96801716,-0.54446673,-0.23100492,0.27974772,-0.096117884,-0.53707594,-0.17921348,0.19779506,1.1123786,0.16727416,0.08966951,-1.4403415,0.58535635,0.4426481,-0.25898442,0.42409754
132,2624,-0.4847024,-0.046876125,0.40554437,0.28661236,-0.6038986,-0.06371582,-0.09485862,0.29842076,0.28615093,0.05940914,0.51630235,0.40386653,-0.53317356,0.055059798,-0.4092062,-0.08973772
132,2631,-0.6602898,-0.33645004,-0.5460786,-0.12444885,-0.00286749,-0.47466856,0.30610412,0.06506662,0.2911124,0.17029835,0.07048984,-1.051518,0.56224436,0.33341333,0.4107228,0.3744375
132,2634,-0.055909853,-0.07617991,0.48035988,0.2831223,-0.67238003,0.28721964,0.12280972,-0.06330454,-0.27192733,0.31318873,0.76601106,0.10339382,0.17010902,-0.23822892,-0.3411858,0.1361087
132,2639,-0.91595054,-0.24119963,-0.5385333,-0.20615062,0.05454953,-0.33475465,0.32895,0.044064905,0.019201852,0.13071544,-0.024196506,-0.78938943,0.4552439,0.32608035,0.46920544,0.29583433
132,2646,-0.69699246,0.025256624,0.4106377,0.4418224,-0.2765056,0.09583974,-0.13754842,0.39420944,0.28092268,-0.15545118,0.13835992,0.41316712,-0.67376745,0.30230904,-0.36236233,-0.24366558
132,2658,0.2811225,0.011526246,-0.27667156,-0.8421233,0.424853,0.33961523,-0.015657581,-0.1076487,-0.7253086,0.06824081,-0.798449,0.22377314,0.23132856,0.061239667,-0.16746905,0.10322382
132,2665,-0.26562983,0.036573615,0.48843208,0.6947521,-0.18855888,0.15604436,-0.14546731,0.36196816,0.52024055,-0.25217438,0.11380504,0.28566396,-0.62309206,0.22126487,-0.41804957,-0.31065094
132,2668,-0.93624514,-0.19508606,-0.51301557,-0.25056094,0.119196475,-0.23590869,0.31920236,0.03190468,-0.10505085,0.10027738,-0.0938838,-0.6417336,0.40819412,0.29357064,0.45647877,0.26511854
132,2679,-0.45332038,0.046988294,0.07525775,-0.09532477,0.6245923,0.504734,-0.072786875,0.21969984,-0.34708112,-0.29620498,-0.46951967,0.503356,-0.2688594,0.052845187,-0.107955515,-0.006802026
132,2683,-0.69699246,0.025256626,0.41063768,0.4418224,-0.2765056,0.09583973,-0.13754842,0.39420944,0.2809227,-0.15545118,0.13835992,0.41316712,-0.67376745,0.30230904,-0.36236233,-0.24366558
132,2686,0.24960335,0.017067384,0.26578134,0.45205986,0.8081285,0.84808403,-0.1575898,0.25121745,0.027624458,-0.43367362,-0.5618318,0.065932035,0.008505583,0.17794004,-0.2719093,-0.058448207
132,2708,0.18007207,0.0010493947,-0.16069607,-0.5156553,1.0357773,0.7427968,0.07283676,-0.029704936,-0.65953857,-0.21652475,-0.79246104,0.24365225,0.32299984,-0.23846069,-0.051627606,0.2502724
132,2711,-0.03188914,-0.078110404,0.533268,0.3307348,-0.7634517,0.3268375,0.16034964,-0.10026966,-0.32472786,0.3622802,0.86393875,0.05812323,0.2419564,-0.26100105,-0.3545342,0.1587424
132,2736,-0.51263916,-0.099256985,0.32180977,0.06734693,-0.6374319,-0.0991623,-0.08190757,0.23873852,0.14870504,0.15176843,0.66309226,0.4241057,-0.41716337,-0.049427163,-0.32714534,0.0376534
132,2749,0.12745027,0.028819403,0.2559606,0.41046947,0.7741545,0.8212756,-0.14708628,0.25384536,-0.026805298,-0.42114204,-0.55310005,0.12594478,-0.03422463,0.1913009,-0.2554153,-0.07028272
132,2759,-0.66028976,-0.33645007,-0.5460786,-0.12444885,-0.00286749,-0.47466856,0.30610406,0.06506662,0.2911124,0.17029838,0.07048984,-1.0515177,0.5622443,0.33341333,0.4107228,0.3744375
132,2764,1.3329738,-0.095212154,0.16458799,0.33344862,0.46335763,0.47550744,-0.3358953,0.054670613,0.3516741,-0.2230478,-0.4851128,-0.3046652,0.16203217,0.14715806,-0.43112308,0.074473344
132,2779,0.39825517,-0.017913984,-0.08967267,-0.39704248,1.0515971,0.7835237,0.004080966,0.00015430152,-0.5191204,-0.2501393,-0.7889771,0.2022289,0.31294024,-0.22970715,-0.13487665,0.24096256
132,2780,-0.050295863,-0.019436097,0.46792948,0.39410162,-0.54996896,0.18065324,0.07451573,0.0054973066,-0.030337742,0.16968574,0.61540025,0.15920074,-0.03355263,-0.19003433,-0.31162405,0.015636273
132,2788,0.5393095,-0.51798284,-0.3438374,0.15370259,0.009748757,-0.5249466,0.011745028,0.1568269,0.93847936,0.15516622,0.10214396,-1.4187558,0.67576385,0.34416363,-0.050197706,0.47588488
132,2794,1.0384127,0.09284725,-0.51332295,-2.0265167,-1.8943703,-0.97107744,-0.5490135,-0.22877255,-0.8901903,1.0462772,-1.1183698,0.43424502,-0.31130892,1.356184,-0.988105,-0.7820186
132,2795,0.45258182,0.7079247,0.17669797,0.77867526,-0.37752664,-0.25304782,0.3769117,-0.6794676,-0.3417511,-0.026019573,0.01272586,-0.0854221,0.09382661,-0.14413673,0.77396196,-0.6971123
132,2805,-0.64966375,0.038552567,-0.19962043,-0.42642328,0.17016704,-0.30315855,-0.22819917,0.14708498,0.1343247,-0.1219767,0.070228115,0.65648544,-0.6068289,-0.22965062,0.05838418,0.06740872
132,2809,1.1144075,0.07570322,-0.5039426,-1.9917804,-1.8757129,-0.95060575,-0.56444156,-0.22604573,-0.85360783,1.0399038,-1.120664,0.3897167,-0.28779715,1.3639566,-1.0018297,-0.7613104
132,2812,-0.0289586,0.042463817,0.22687407,0.30576986,0.71971613,0.75791055,-0.12842801,0.24562226,-0.11524834,-0.38991398,-0.53546983,0.23093984,-0.09789914,0.17727736,-0.22856414,-0.07663366
132,2813,-0.7388459,0.024567375,0.3337354,0.2954151,-0.1376575,0.10492108,-0.13372578,0.37922525,0.16916332,-0.17222874,0.056317896,0.48145276,-0.6626457,0.24312624,-0.3009004,-0.19741246
132,2818,-0.05369081,0.031960968,-0.25568408,-0.67104286,0.97551733,0.6547303,0.14827178,-0.086957425,-0.8170039,-0.16052312,-0.7740558,0.27958766,0.3256116,-0.25029397,0.05817993,0.26693556
132,2832,0.5300525,0.96345943,0.040707782,0.8430485,-0.44778746,-0.5581711,0.39975113,-0.8313894,-0.3457599,-0.095079064,-0.31086552,-0.07921028,-0.06510878,0.04556241,1.0722686,-1.0588726
132,2835,0.6922307,1.015005,0.027151484,0.9709439,-0.071620196,-0.44684547,0.5123301,-0.9620113,-0.34596825,-0.2097353,-0.2329268,-0.15944529,0.11181082,-0.27699572,1.311224,-0.9860442
132,2840,-0.40857953,0.0110910805,0.48984432,0.59697175,-0.40552926,0.058787446,-0.13535975,0.369671,0.47753572,-0.14051081,0.26820606,0.3240554,-0.635671,0.23008701,-0.44326353,-0.26251298
132,2849,0.39825517,-0.017913984,-0.089672655,-0.39704248,1.0515971,0.7835237,0.0040809736,0.00015430152,-0.5191204,-0.2501393,-0.788977,0.2022289,0.31294024,-0.22970715,-0.13487665,0.24096254
132,2850,-0.75816995,0.031034576,-0.16916402,-0.6215332,0.56013036,0.06310837,-0.010503441,0.14638428,-0.50684106,-0.18568191,-0.32707906,0.76341957,-0.42575556,-0.2511219,0.08889693,0.15614077
132,2857,0.6806691,1.109112,-0.018264808,0.98084617,-0.19971913,-0.5790451,0.5174271,-1.0202289,-0.3789211,-0.19435233,-0.32073742,-0.15884769,0.04130113,-0.16278961,1.4070791,-1.1336279
132,2861,1.4811357,-0.09844849,0.19521058,0.45216507,0.35173053,0.42425552,-0.38002068,0.047397383,0.4710946,-0.2147232,-0.44431698,-0.40398675,0.14332114,0.22545344,-0.4638915,0.04083936
132,2867,-0.273753,0.029957058,0.4982156,0.68839866,-0.27288592,0.124715045,-0.13879701,0.355772,0.52421266,-0.21413657,0.17201523,0.2812879,-0.61226624,0.2182968,-0.4341656,-0.29871795
132,2878,0.13263428,-0.45450923,-0.40309414,0.061332833,0.07342194,-0.4769603,0.13735588,0.12711352,0.72648776,0.13342147,0.09258525,-1.2712088,0.6595384,0.27594793,0.11228375,0.45783898
132,2881,0.8184777,0.061172716,-0.42430604,-1.5894804,-0.9587964,-0.43679821,-0.34605277,-0.19319394,-0.84034234,0.66423357,-1.0271319,0.3415649,-0.0743695,0.8375498,-0.6813331,-0.41759408
132,2886,0.29821372,0.26369798,0.37625387,0.5150096,-0.45980233,0.15850876,0.31486577,-0.43686444,-0.42646536,0.19179548,0.53849405,-0.045344144,0.3423856,-0.36737552,0.20199378,-0.116840445
132,2897,-0.13886338,-0.0842991,0.4785858,0.29225957,-0.7021865,0.23726636,0.08048226,0.0019542575,-0.17310494,0.288293,0.7611955,0.1459344,0.050461695,-0.18312553,-0.371769,0.10636193
132,2898,0.52835864,1.0987216,-0.04937717,0.8537131,-0.50693935,-0.7331861,0.40206665,-0.90607935,-0.36202756,-0.12079015,-0.47436267,-0.068412066,-0.16943663,0.16202378,1.2445235,-1.2544584
132,2904,-0.5449458,-0.051305376,0.41519246,0.2668512,-0.6683479,-0.029874474,-0.07650265,0.28316626,0.19134012,0.10560873,0.54968375,0.3891454,-0.47147048,0.09079824,-0.42080718,-0.069123015
132,2914,-0.8823707,-0.15593891,-0.44030517,-0.21730524,0.28388566,-0.009336442,0.26997727,0.06206278,-0.19997877,0.0017274842,-0.2215347,-0.50461644,0.36733127,0.309428,0.3916065,0.23122066
132,2917,0.046583116,-0.12745616,0.43091422,0.044799294,-0.70758516,0.32218385,0.19036521,-0.19275498,-0.52663416,0.45726532,0.95065147,0.08253595,0.40980393,-0.45271152,-0.26114166,0.3159143
132,2928,-0.45863354,-0.00016010692,0.4550631,0.49614275,-0.43683738,0.018380053,-0.13009073,0.36027265,0.41964749,-0.09904854,0.30250818,0.3619212,-0.6243185,0.20041907,-0.4274968,-0.22210947
132,2934,0.71226895,0.78995353,0.11209634,0.84401757,0.0748086,-0.2255601,0.48305774,-0.83902866,-0.30868024,-0.1781465,-0.020044342,-0.1255354,0.25170255,-0.48954317,1.0588456,-0.66189504
132,2939,-0.27641046,0.03554737,0.48995337,0.6906926,-0.21577054,0.14779842,-0.1432232,0.35917526,0.5149637,-0.2376326,0.12838851,0.28307384,-0.6165246,0.22642988,-0.42170733,-0.30709445
132,2956,-0.21047021,0.04772594,0.42647713,0.6175088,0.14419751,0.36616153,-0.16771999,0.34999987,0.3232212,-0.34230143,-0.13007376,0.29857105,-0.5270451,0.23536062,-0.35746342,-0.28225595
132,2961,-0.11254654,-0.054871336,0.48020464,0.35847503,-0.6343944,0.21727371,0.07223812,0.016759612,-0.09481233,0.22633867,0.6798791,0.15028255,-0.00032761693,-0.16038767,-0.35948724,0.05220004
132,2962,1.4471086,-0.090483114,0.19855474,0.46242052,0.34664246,0.42053816,-0.37229002,0.048980307,0.46908587,-0.21925333,-0.43508708,-0.3901059,0.13152154,0.22365683,-0.45373315,0.030047208
132,2965,0.06691532,-0.109494954,0.4120709,0.05970614,-0.6291275,0.3011219,0.18005301,-0.1819371,-0.4772503,0.40846705,0.8726147,0.0968073,0.37354493,-0.44510704,-0.24202687,0.28276995
132,2966,-0.74592435,0.03700244,-0.084273204,-0.4482049,0.5611346,0.2135286,-0.028278664,0.18552619,-0.48156893,-0.21814933,-0.37131715,0.69468236,-0.39887023,-0.114529416,0.024575531,0.093853526
132,2968,-0.47260565,-0.03775709,0.35323048,0.23097679,-0.48461378,-0.093372084,-0.115312114,0.3094731,0.31089067,0.010393463,0.41979444,0.44520092,-0.5760444,0.0357567,-0.37280476,-0.09782334
132,2985,-0.25839853,0.035585433,0.505268,0.719527,-0.24178085,0.14937162,-0.14135712,0.3575659,0.532172,-0.23384036,0.1463653,0.2688219,-0.6114545,0.2306538,-0.43411648,-0.3122423
132,2986,0.22420432,0.104255505,0.4241294,0.35831368,-0.5582087,0.25786012,0.2847368,-0.35596594,-0.47871977,0.304399,0.73894894,-0.013850123,0.41295594,-0.43168405,0.008556217,0.077650554
132,2990,-0.27641043,0.035547365,0.48995337,0.6906926,-0.21577054,0.14779842,-0.1432232,0.35917526,0.5149637,-0.2376326,0.12838851,0.28307384,-0.6165246,0.22642988,-0.42170733,-0.30709445
132,3007,0.71606016,0.7374193,0.12676252,0.79080534,0.068915755,-0.18629399,0.4784158,-0.82274985,-0.32959402,-0.14706025,0.040261865,-0.1195181,0.29584628,-0.53004473,1.0026716,-0.5868532
132,3008,0.39910454,0.020443477,-0.2917336,-0.96917844,0.11263114,0.15906471,-0.096256524,-0.11833739,-0.71620494,0.19286533,-0.82060665,0.25488478,0.1479689,0.22388801,-0.2848086,-0.016032629
132,3009,-0.49770927,0.045893244,0.057808578,-0.1344007,0.6115004,0.46965566,-0.06770187,0.21758105,-0.36342016,-0.28571707,-0.4558183,0.52621645,-0.28700888,0.03893774,-0.09327144,0.0027686805
132,3016,-0.96837676,-0.23400062,-0.5525186,-0.224326,0.05874917,-0.3258168,0.3418516,0.038567763,-0.017993178,0.131563,-0.03507337,-0.78195685,0.4568544,0.33450788,0.49181265,0.29536417
132,3019,0.3744191,0.068561174,-0.76962674,-1.0374199,0.51175,-0.96934044,-0.5382085,-0.14461711,0.8635124,-0.16505632,0.21478091,0.7157839,-0.5983175,-1.0468912,0.36224842,0.28172833
132,3023,-0.03299848,-0.07633566,0.5200167,0.31855544,-0.7378014,0.32250142,0.15509433,-0.096866965,-0.32242578,0.3520397,0.8377394,0.06523323,0.23596077,-0.257128,-0.34850734,0.15470347
132,3025,0.13656597,0.00770183,-0.24202523,-0.677355,0.70486295,0.48784068,0.056864962,-0.08634296,-0.69530845,-0.05977045,-0.7353708,0.21539833,0.27933478,-0.10786094,-0.05251971,0.2014409
132,3026,0.6434941,0.067260444,-0.53623796,-1.806401,-1.4523085,-0.7367533,-0.38082665,-0.19252956,-0.89134717,0.85995233,-1.0464362,0.30148265,-0.16559984,1.1797591,-0.7269289,-0.5987934
132,3036,0.5807619,-0.11225621,0.28517166,-0.2663424,-0.40694553,0.25775144,0.35683,-0.5472758,-0.767204,0.51099074,1.1321752,0.016774505,0.87381834,-1.030413,0.1506341,0.5562044
132,3042,0.5376692,-0.011321632,0.2519776,0.44720978,0.8371315,0.83634806,-0.18112342,0.21235539,0.120572485,-0.42377037,-0.5580645,-0.02597922,0.08437665,0.09920863,-0.297526,-0.008505285
132,3057,0.080859974,-0.43515587,-0.39883178,0.047942948,0.099319324,-0.4470244,0.14900762,0.12318222,0.68040663,0.11930771,0.080240086,-1.2128747,0.64272684,0.25353372,0.12709583,0.4467704
132,3074,-0.7571911,-0.21862982,-0.44687977,-0.14359508,0.20852892,-0.13661921,0.26246774,0.08042629,-0.0022626333,0.036154076,-0.12663248,-0.67934686,0.42021644,0.31473786,0.3690434,0.26813844
132,3075,-0.1432269,-0.14912593,-0.0053155497,-0.2228587,-0.14414126,-0.3894902,-0.20467386,0.1728414,0.5138173,-0.0225932,0.63383347,0.4662947,-0.48129767,-0.40726885,0.019588783,0.09074389
132,3078,0.19041,0.043350674,0.43171996,0.29344344,-0.5639584,0.29086602,0.2623543,-0.31014487,-0.47973645,0.32902914,0.7772508,0.00882718,0.42052025,-0.44209385,-0.07012469,0.14181495
132,3088,-0.9411445,-0.23864035,-0.55706537,-0.23611684,0.06735152,-0.32648656,0.3441406,0.033809207,-0.017318252,0.13594466,-0.039987445,-0.7927378,0.4709968,0.323071,0.4874074,0.3059804
132,3105,-0.82278687,-0.1860364,-0.42856857,-0.14999129,0.24725778,-0.060268275,0.2555173,0.08378703,-0.08428745,0.0054506958,-0.17134458,-0.5866063,0.37938255,0.32687888,0.37241876,0.23766819
132,3106,-0.6701164,-0.23579884,-0.4142511,-0.078379646,0.23079327,-0.11232101,0.23319967,0.107383095,0.074345775,0.010846101,-0.1233409,-0.713738,0.42398882,0.33039573,0.32648993,0.26852104
132,3117,0.26063126,0.06991615,-0.7760589,-1.058718,0.4885054,-0.9930421,-0.5362158,-0.12991694,0.84100884,-0.16052225,0.23996647,0.74946606,-0.64697677,-1.0327017,0.3777442,0.29074252
132,3126,-0.26323843,-0.40228158,-0.49654922,-0.059744403,0.061517134,-0.47066313,0.24138583,0.08593241,0.49339426,0.15643345,0.06949659,-1.190954,0.64774966,0.29030558,0.2782631,0.44197726
132,3135,1.3956567,-0.097164504,0.17354083,0.36787206,0.42762995,0.46004668,-0.35334885,0.051000662,0.39082894,-0.21919063,-0.47697324,-0.33930492,0.15838574,0.17448238,-0.44485623,0.06547732
132,3154,0.29163182,0.01118636,-0.27076426,-0.8354754,0.40102577,0.3232225,-0.023974475,-0.10529524,-0.7100902,0.073888674,-0.7889089,0.22695561,0.21992554,0.06835247,-0.17725578,0.09367093
132,3157,-0.07444817,-0.03798329,-0.32145882,-0.7278536,-0.11684406,-0.04767654,-0.044481743,-0.022605158,-0.48246336,0.21167906,-0.578864,0.044468552,0.1016659,0.42048395,-0.14739636,-0.07295542
132,3171,-0.8044618,-0.18402442,-0.41597962,-0.13902809,0.23986222,-0.06462889,0.24602775,0.08673787,-0.070619196,0.0035453886,-0.16386186,-0.571358,0.36562395,0.32052803,0.35973203,0.2295382
132,3172,-0.67522305,0.027590944,0.34340072,0.3325429,-0.10083908,0.13312688,-0.13743272,0.3754241,0.18887395,-0.1934802,0.032955408,0.46108896,-0.64714843,0.24008292,-0.30680007,-0.20818022
132,3175,-0.25202113,0.05497957,0.43644434,0.645363,0.1659275,0.40969652,-0.17133558,0.36018753,0.29520738,-0.3567148,-0.15864941,0.29279274,-0.52603114,0.28043005,-0.35969493,-0.29396945
132,3185,-0.3422191,-0.12660812,0.16357769,-0.08884844,-0.3932345,-0.22987244,-0.13375331,0.2077626,0.29694661,0.0732685,0.6402103,0.45808023,-0.443076,-0.22822356,-0.16668628,0.076706775
132,3212,0.050656833,0.03596083,0.24167766,0.3608652,0.74353683,0.7868653,-0.13730553,0.24863082,-0.0689374,-0.40427125,-0.54224193,0.1765808,-0.0635121,0.18511206,-0.24193051,-0.07512082
132,3216,0.29896152,-0.0091931075,-0.11201495,-0.43857643,1.0446126,0.76532865,0.030203857,-0.005796537,-0.5711691,-0.23943146,-0.7861841,0.23247443,0.30735457,-0.2348428,-0.10443098,0.23806554
132,3224,0.018753015,-0.008955654,0.37115097,0.31851357,-0.38707894,0.066039994,0.03976898,0.011129662,0.10549141,0.08613302,0.5555986,0.20672448,-0.112053476,-0.27187544,-0.18487903,-0.01193165
132,3229,-0.7975848,0.023533992,0.389723,0.37632102,-0.28142315,0.07007415,-0.13526472,0.40577856,0.24018505,-0.145351,0.14392461,0.46015435,-0.7097455,0.29893026,-0.3439263,-0.22582513
132,3251,-0.11814524,0.052467443,0.43788138,0.6683497,0.20129055,0.41678637,-0.17406471,0.34245902,0.33786294,-0.3702683,-0.17188281,0.2654407,-0.49221623,0.2376312,-0.36528683,-0.29634634
132,3258,-0.17165063,0.049747765,0.19979618,0.21752292,0.6902849,0.7169886,-0.11484352,0.24608858,-0.19182709,-0.3699811,-0.52838045,0.3113111,-0.15122576,0.17244351,-0.20439136,-0.07233017
132,3259,-0.67522305,0.027590945,0.34340072,0.33254293,-0.10083908,0.13312688,-0.13743272,0.3754241,0.18887395,-0.1934802,0.032955408,0.46108896,-0.64714843,0.24008289,-0.30680007,-0.20818019
132,3260,-0.77745104,-0.2237969,-0.4309209,-0.08865419,0.2141643,-0.11338251,0.24918185,0.10518576,0.03176471,0.012849838,-0.123639315,-0.70024914,0.41102606,0.35907966,0.36391807,0.25683352
132,3295,-0.8078569,-0.19993258,-0.41370553,-0.09661004,0.20395654,-0.10371249,0.24087463,0.10110196,-0.005498022,0.008058004,-0.12675437,-0.62095475,0.3664018,0.3463155,0.36004823,0.22865394
132,3300,0.06691532,-0.109494954,0.4120709,0.05970614,-0.62912744,0.3011219,0.18005301,-0.1819371,-0.4772503,0.40846705,0.8726147,0.0968073,0.37354493,-0.44510707,-0.24202687,0.28276992
132,3311,-0.49306798,-0.0060052285,0.45467386,0.4704917,-0.4756959,-0.0057388917,-0.13139597,0.36780605,0.41901672,-0.0816092,0.33944583,0.38158616,-0.6440217,0.19262946,-0.4311558,-0.20928311
132,3331,-0.19525422,0.051165096,0.4406571,0.6519785,0.15788426,0.39113757,-0.17225075,0.3558363,0.33321735,-0.35654807,-0.14319396,0.2868963,-0.5264137,0.2512645,-0.3659553,-0.29368824
132,3333,0.99727505,0.10131868,-0.51826394,-2.0477395,-1.8952317,-0.9736551,-0.53948665,-0.2302829,-0.91421634,1.0479376,-1.119886,0.4602965,-0.32124326,1.3463256,-0.980864,-0.79044724
132,3334,-1.0336081,-0.23943399,-0.587654,-0.2491613,0.05562529,-0.33713278,0.368573,0.030429646,-0.044123817,0.14375085,-0.03830327,-0.82401365,0.4855972,0.35338485,0.5314724,0.3121371
132,3338,-0.594164,0.041711703,0.0033285655,-0.25705615,0.58678806,0.3685714,-0.052270327,0.20524043,-0.40923303,-0.25674668,-0.42167884,0.5917331,-0.32981944,-0.01953043,-0.049236253,0.03595241
132,3344,0.23634796,-0.0041975323,-0.121159345,-0.45088056,1.0095365,0.729883,0.04130356,-0.009275392,-0.5849279,-0.22610366,-0.76384693,0.25043228,0.29116786,-0.23292148,-0.08851527,0.22772738
132,3350,-0.44479257,0.003182206,0.46071807,0.5179727,-0.4229604,0.03004606,-0.13095719,0.36072117,0.42893282,-0.10988027,0.28809822,0.3519266,-0.62257797,0.20807004,-0.42896676,-0.23181447
132,3361,0.5583184,1.2255538,-0.10687621,0.9118257,-0.5155802,-0.8312931,0.46109486,-1.0231247,-0.41819322,-0.13799079,-0.5254086,-0.11546102,-0.16852869,0.16544572,1.4676089,-1.4001809
132,3370,-0.83571947,-0.14594273,-0.41600117,-0.21556902,0.29144177,0.004393354,0.25273472,0.06156794,-0.20195809,-0.0054281503,-0.22714435,-0.45449275,0.34341252,0.28421277,0.3635357,0.2181037
132,3386,0.53525084,-0.13598774,0.26430872,-0.31263041,-0.40333188,0.2537551,0.33004457,-0.51516604,-0.76291955,0.51375586,1.1178749,0.03835568,0.8450729,-1.0036789,0.126363,0.5673829
132,3394,0.5584986,-0.0393039,-0.03211851,-0.26050228,0.9887262,0.7601848,-0.057060428,0.02547346,-0.35608378,-0.2604403,-0.73734593,0.1276363,0.29034173,-0.18802421,-0.1971997,0.21852559
132,3399,-0.04907226,-0.074452065,0.49905926,0.3042415,-0.7007386,0.31130782,0.13876827,-0.079940125,-0.3039824,0.3307038,0.7901698,0.08147901,0.20769204,-0.23659855,-0.34646082,0.14140967
132,3400,0.58772004,1.161971,-0.093680605,0.8848921,-0.36689144,-0.73621845,0.47600222,-1.0186255,-0.41554672,-0.154802,-0.44159043,-0.1129671,-0.08070551,0.0184898,1.4431026,-1.2771342
132,3417,0.644292,0.21969609,0.23987773,0.22578514,-0.07687068,0.1267861,0.37608302,-0.5893852,-0.4946963,0.1600569,0.56224686,-0.013877302,0.5921472,-0.7881862,0.40788972,0.087509595
132,3429,-0.25839853,0.035585433,0.505268,0.71952707,-0.24178088,0.14937162,-0.14135712,0.3575659,0.532172,-0.23384036,0.14636527,0.2688219,-0.6114545,0.2306538,-0.43411648,-0.3122423
132,3432,-0.6039739,-0.22462188,-0.3799139,-0.07026244,0.23101105,-0.104628764,0.20810355,0.108095974,0.08401037,0.0040450618,-0.12221096,-0.65089005,0.3896026,0.2975573,0.2865113,0.24973974
132,3435,0.533709,-0.012170197,0.24613737,0.43458685,0.8260532,0.819802,-0.17970535,0.20823035,0.118825905,-0.4162737,-0.55005854,-0.020575404,0.082270145,0.092075594,-0.29444075,-0.006831631
132,3440,-0.6039739,-0.22462188,-0.3799139,-0.07026244,0.23101103,-0.104628764,0.20810355,0.108095974,0.08401037,0.0040450618,-0.12221096,-0.65089005,0.3896026,0.2975573,0.2865113,0.24973977
132,3443,-0.4085796,0.0110910805,0.48984432,0.59697175,-0.40552932,0.058787443,-0.13535975,0.369671,0.47753578,-0.14051081,0.268206,0.3240554,-0.635671,0.23008701,-0.44326353,-0.262513
132,3455,0.055004418,-0.12828381,0.44009864,0.049928267,-0.72437966,0.32625002,0.19801588,-0.20115328,-0.53442955,0.46717894,0.97382015,0.075505555,0.42274243,-0.46414948,-0.26096496,0.32238021
132,3458,0.36386585,-0.45736304,-0.33327246,0.10441548,0.063315436,-0.45833707,0.051958457,0.1407737,0.79530734,0.12368955,0.07706182,-1.2320297,0.615695,0.27378651,-0.0023944974,0.43507186
132,3464,-0.47411454,0.032270566,0.4383233,0.5535816,-0.19949234,0.14449878,-0.1428363,0.37158096,0.3708716,-0.20518629,0.09911944,0.34486294,-0.62368745,0.26868328,-0.38289934,-0.2744262
132,3471,-0.08045761,0.034958214,-0.27263784,-0.69828206,0.9826496,0.65551054,0.16150843,-0.09606518,-0.84709126,-0.15544002,-0.7829552,0.27794325,0.33628517,-0.25275928,0.075245485,0.2756425
132,3477,-0.53515136,-0.050558813,0.4248952,0.28977978,-0.67193025,-0.04004889,-0.081884995,0.29275727,0.2295864,0.09492567,0.5562249,0.39038527,-0.4977402,0.087920494,-0.42627704,-0.078793764
132,3478,-0.27237675,0.037288908,0.4896569,0.6970168,-0.18531156,0.16043457,-0.1461776,0.36424986,0.51737785,-0.2546388,0.110831335,0.28644413,-0.6253967,0.22629035,-0.41802996,-0.31207156
132,3497,-0.46336532,0.0012088306,0.46900368,0.5213842,-0.45011568,0.02305679,-0.1317302,0.36712798,0.43482333,-0.10291098,0.30931747,0.35627827,-0.6345681,0.21308842,-0.4362827,-0.2305823
132,3498,-0.40089,0.0147408955,0.52787626,0.6702043,-0.42245084,0.06874618,-0.1417788,0.39114752,0.5396039,-0.16468821,0.28244704,0.31412193,-0.67781353,0.24752486,-0.46573853,-0.28784835
132,3509,-1.033538,-0.26670924,-0.61034495,-0.23560722,-0.020190418,-0.44024318,0.37990576,0.028709706,0.036868818,0.18194719,0.02797307,-0.9091212,0.5063266,0.36100677,0.5465925,0.3284472
132,3519,-0.4790458,-0.045616113,0.39959455,0.28116938,-0.59080553,-0.05321259,-0.09185593,0.29083547,0.2671221,0.060364515,0.50188166,0.39825737,-0.513919,0.057825424,-0.40506864,-0.08800904
132,3523,-0.28183925,0.031672083,0.52147406,0.7299399,-0.2907676,0.13226788,-0.14252481,0.36956462,0.5533253,-0.22390872,0.18352677,0.27491403,-0.6354673,0.23687899,-0.44863474,-0.31310263
132,3537,-0.055909853,-0.076179914,0.48035988,0.2831223,-0.67238003,0.28721964,0.12280974,-0.06330456,-0.27192733,0.31318873,0.76601106,0.10339382,0.17010905,-0.23822892,-0.3411858,0.1361087
132,3540,-0.40314668,0.05738329,0.43101913,0.6154995,0.12680444,0.4047367,-0.16651028,0.37587863,0.23895937,-0.33803967,-0.14559749,0.32021618,-0.5550681,0.3301796,-0.35119566,-0.28905797
132,3543,-0.5635672,0.03353581,-0.29423782,-0.7616658,0.5638155,-0.14496398,-0.07657211,0.07863033,-0.3235055,-0.16753583,-0.23754877,0.7817992,-0.4451806,-0.44037735,0.15522952,0.20474827
132,3545,-0.8400662,-0.20670988,-0.43692896,-0.10999747,0.21064402,-0.104406305,0.25791687,0.0975924,-0.018348519,0.013149403,-0.13310736,-0.6585185,0.39247185,0.3603363,0.38369823,0.24395624
132,3551,-0.48709488,-0.039044477,0.365014,0.24254045,-0.5127196,-0.09554171,-0.11502222,0.31496295,0.31732154,0.016771346,0.44075298,0.44456735,-0.5843701,0.043372072,-0.38192672,-0.09886643
132,3552,-0.34824604,0.053543217,0.1622093,0.110687494,0.6428888,0.64813185,-0.09903186,0.24774854,-0.26920146,-0.34032524,-0.5063874,0.398993,-0.21704996,0.1657441,-0.1733661,-0.062191397
132,3576,0.055004418,-0.1282838,0.44009864,0.049928267,-0.72437966,0.32625002,0.19801588,-0.20115328,-0.53442955,0.46717894,0.97382015,0.075505584,0.42274243,-0.46414948,-0.26096496,0.32238021
132,3581,0.66235244,-0.049788915,-0.0045468993,-0.1948547,0.9509444,0.7478252,-0.09142929,0.032227736,-0.27488127,-0.262686,-0.7149256,0.08382514,0.28052187,-0.16392955,-0.23166436,0.20761785
132,3590,1.2395042,-0.065924175,0.20456564,0.4402825,0.47720182,0.51719534,-0.3184561,0.076585926,0.3803543,-0.2696336,-0.46025866,-0.28728682,0.1234815,0.1592735,-0.40487754,0.028887466
132,3594,-0.7209456,-0.21543439,-0.42598855,-0.12726735,0.21308461,-0.1261265,0.24660952,0.08632436,0.012257472,0.027098611,-0.12667435,-0.65558356,0.40382576,0.30631775,0.34609962,0.25819784
132,3596,-0.7983258,0.023139099,0.39459643,0.38444608,-0.29453218,0.06993982,-0.13535815,0.40643373,0.24419865,-0.14152281,0.15031554,0.45480615,-0.70833045,0.3054171,-0.3483581,-0.22812992
132,3607,1.0198716,-0.5206829,-0.18846668,0.28899878,-0.11539167,-0.51663435,-0.22245309,0.20003721,1.09227,0.16108723,0.07640524,-1.3439202,0.5184286,0.43735683,-0.3062614,0.38190722
132,3615,0.4219883,0.0003410345,0.27169466,0.48860168,0.84360087,0.868747,-0.17375374,0.24090824,0.098822184,-0.44325233,-0.56675225,-0.007750243,0.058892652,0.14928499,-0.29206926,-0.035043754
132,3618,0.29821372,0.26369798,0.37625387,0.5150096,-0.45980233,0.15850876,0.31486577,-0.43686444,-0.42646536,0.19179548,0.53849405,-0.045344144,0.3423856,-0.36737552,0.20199378,-0.116840445
132,3619,0.8013466,-0.032505825,0.23086102,0.4149579,0.7761885,0.7676248,-0.2178203,0.1588412,0.18907154,-0.38357413,-0.5396017,-0.098220795,0.11891301,0.06258697,-0.32961088,0.02669765
132,3620,0.026404224,-0.06836439,0.51804036,0.30946198,-0.7079209,0.32979912,0.17897184,-0.1329126,-0.35301632,0.3563466,0.84309286,0.05157289,0.28676802,-0.3082324,-0.31883717,0.16893044
132,3626,1.1144075,0.07570322,-0.5039426,-1.9917804,-1.8757129,-0.95060575,-0.56444156,-0.22604573,-0.85360783,1.0399039,-1.120664,0.38971668,-0.28779715,1.3639566,-1.0018297,-0.7613104
132,3637,0.64186364,1.1903635,-0.076155856,0.9529214,-0.34139603,-0.7227419,0.5066088,-1.0596724,-0.41263515,-0.17151186,-0.42133605,-0.14216834,-0.047741205,-0.025629029,1.4859785,-1.2817953
132,3640,-1.0866985,0.038816743,0.2490459,0.16457674,-0.046608806,0.18673323,-0.101497814,0.3675929,-0.10909201,-0.16442472,-0.045779407,0.53331035,-0.6342701,0.35901693,-0.2182825,-0.16480097
132,3647,-0.47346723,-0.03191535,0.37629226,0.28434554,-0.48775846,-0.08421684,-0.12074397,0.3248827,0.3480087,-0.010409072,0.4102378,0.43494296,-0.6008607,0.06389312,-0.38649267,-0.12259938
132,3654,1.1595192,-0.09006269,0.12646562,0.2110081,0.600322,0.5558429,-0.27715898,0.058134563,0.204496,-0.23953657,-0.5423008,-0.21162611,0.19467454,0.0692543,-0.3838011,0.11163857
132,3658,-0.6785758,-0.21918692,-0.409414,-0.10594574,0.21676855,-0.12168083,0.23266439,0.094172165,0.04068502,0.01982084,-0.12270413,-0.6549484,0.39822114,0.30289653,0.32467544,0.25496113
132,3664,-1.0515841,-0.2626973,-0.61453426,-0.24426907,-0.017916441,-0.43570793,0.38417298,0.025858007,0.020174578,0.18216892,0.022796199,-0.9012678,0.505137,0.36168978,0.5538993,0.32733482
132,3671,-0.23821624,0.05035396,-0.4999604,-0.90580845,0.53683054,-0.50954175,-0.2606819,-0.007914849,0.14319077,-0.16633293,-0.047244236,0.7819666,-0.53710186,-0.69136137,0.25405324,0.24312225
132,3676,-0.18174964,0.053210624,0.4358972,0.65472984,0.18532778,0.413538,-0.17234531,0.35000706,0.3155899,-0.36336273,-0.16578537,0.27867615,-0.50733095,0.25678194,-0.36180484,-0.2940503
132,3690,-0.8413654,0.020116262,0.31954837,0.23917335,-0.2126081,0.056248076,-0.1264559,0.38145792,0.13532248,-0.12838787,0.09927337,0.50572246,-0.67658556,0.2562073,-0.2942093,-0.18137793
132,3706,-0.38976657,0.015612669,0.5185979,0.66020465,-0.40293545,0.07309266,-0.14054331,0.38446277,0.5285062,-0.16654107,0.2677114,0.31258976,-0.66528434,0.24180701,-0.45870358,-0.285312
132,3711,0.050656833,0.03596083,0.24167766,0.3608652,0.74353683,0.7868653,-0.13730553,0.24863082,-0.0689374,-0.40427125,-0.54224193,0.17658082,-0.0635121,0.18511209,-0.24193051,-0.07512082
132,3747,0.3744191,0.068561174,-0.76962674,-1.0374199,0.51175,-0.96934044,-0.5382085,-0.14461711,0.8635124,-0.16505632,0.21478091,0.7157839,-0.5983175,-1.0468912,0.36224842,0.28172833
132,3750,0.68585473,1.149231,-0.033015985,0.98318756,-0.2675091,-0.6359236,0.52454185,-1.0523129,-0.39989427,-0.1798707,-0.34660015,-0.1614294,0.021374643,-0.120985635,1.4474237,-1.1927814
132,3762,-0.31840688,0.03805083,0.48468757,0.67703664,-0.17902923,0.16047972,-0.14787874,0.3733168,0.49682254,-0.25556004,0.10532935,0.30440587,-0.6409167,0.23577407,-0.41192782,-0.30863366
132,3768,-1.0163792,-0.244898,-0.5822892,-0.23886661,-0.0027253032,-0.4042204,0.36256742,0.02792335,0.0039790496,0.16634445,0.00870882,-0.8270375,0.4681604,0.33939716,0.52345765,0.30471554
132,3769,0.68585473,1.1492311,-0.033015985,0.9831877,-0.2675091,-0.6359236,0.52454185,-1.0523126,-0.39989427,-0.1798707,-0.34660017,-0.1614294,0.021374643,-0.12098563,1.4474237,-1.1927814
132,3792,-0.43465006,0.037807345,0.4700429,0.6221283,-0.20810354,0.15104528,-0.14710516,0.38328215,0.43277395,-0.22940266,0.11051206,0.33230272,-0.6512006,0.2691852,-0.4011187,-0.2950038
132,3800,-0.86762226,-0.16057207,-0.43388918,-0.20010863,0.27280253,-0.021999404,0.26425785,0.067275286,-0.17305756,0.0018935427,-0.20810169,-0.5144509,0.36371762,0.31065446,0.38482612,0.22886422
132,3801,-1.0515841,-0.2626973,-0.6145342,-0.24426907,-0.01791647,-0.43570793,0.38417298,0.025858015,0.020174578,0.18216895,0.022796184,-0.90126795,0.505137,0.36168978,0.5538993,0.3273348
132,3824,-0.45846814,-0.035641074,0.3439726,0.22539672,-0.4582023,-0.088803165,-0.11542753,0.30443132,0.3053436,0.0032345504,0.39796287,0.443396,-0.5670694,0.03208045,-0.36534894,-0.0990732
132,3838,1.4170129,-0.0982383,0.1792565,0.39329857,0.39680415,0.44112077,-0.36224335,0.05039069,0.4180691,-0.21503109,-0.4623431,-0.35894006,0.15129872,0.19245237,-0.45019883,0.057046242
132,3844,-0.6143506,0.055372432,0.40162456,0.52840614,0.067322105,0.36025873,-0.15327492,0.3880341,0.15520519,-0.29847997,-0.11523061,0.37386197,-0.59334403,0.36803615,-0.3278337,-0.26934466
132,3850,1.0778228,0.07434537,-0.46592227,-1.8651463,-1.640779,-0.81807566,-0.5208915,-0.21095353,-0.820326,0.93600404,-1.0949906,0.37734333,-0.24085067,1.2291234,-0.9376347,-0.6773483
132,3853,0.52835864,1.0987216,-0.04937717,0.8537131,-0.5069394,-0.7331861,0.40206665,-0.90607935,-0.36202756,-0.120790154,-0.47436267,-0.068412036,-0.16943663,0.16202378,1.2445234,-1.2544584
132,3865,-1.0764992,-0.2393483,-0.6012575,-0.25446758,0.05822411,-0.33251885,0.37961817,0.030041207,-0.060745295,0.1435744,-0.04348971,-0.83824915,0.4941283,0.36975333,0.55154365,0.3155657
132,3872,0.6714778,0.05032734,-0.405226,-1.4412255,-0.59433687,-0.22431254,-0.2533357,-0.18045041,-0.8536967,0.51980025,-0.9969664,0.30994236,0.02046886,0.6458962,-0.5445454,-0.27723342
132,3874,-0.5873976,-0.07957049,0.4004012,0.15903433,-0.74427444,-0.027557082,-0.05645413,0.25296974,0.0802538,0.18161003,0.6551567,0.39681795,-0.39932036,0.04888875,-0.40516877,0.004748784
132,3881,-0.21047021,0.04772594,0.4264772,0.6175088,0.1441975,0.36616153,-0.16772,0.34999987,0.32322124,-0.34230143,-0.13007376,0.29857102,-0.5270451,0.23536068,-0.35746342,-0.28225595
132,3898,0.054803103,-0.0654379,0.49061203,0.2692797,-0.65244067,0.31999317,0.18154706,-0.14607047,-0.36563438,0.34604424,0.81269187,0.06164208,0.30106348,-0.33909422,-0.29064178,0.17755318
132,3902,1.0198716,-0.5206829,-0.18846668,0.28899878,-0.11539167,-0.51663435,-0.22245309,0.20003723,1.0922699,0.16108723,0.07640527,-1.3439202,0.5184286,0.43735683,-0.3062614,0.38190722
132,3908,-0.69349635,0.02698473,-0.18702154,-0.6516448,0.55335087,0.017455779,-0.0073314533,0.124575615,-0.48889452,-0.17115913,-0.30875057,0.76090616,-0.40849036,-0.30198738,0.09815067,0.16765508
132,3911,0.270548,-0.1593339,-0.4100812,-0.5349756,0.3714273,-0.81595933,-0.3911878,0.0810146,1.0481548,-0.2466544,0.6152323,0.47744504,-0.59734744,-0.7657381,0.49915445,0.074749745
132,3919,-1.1079202,-0.23126204,-0.6027228,-0.26047656,0.059202984,-0.3238978,0.38276368,0.028481733,-0.08354543,0.140898,-0.049411044,-0.81929237,0.48482448,0.37383133,0.5606205,0.30858245
132,3928,0.2266602,-0.0035144296,-0.13033453,-0.4657561,1.0204313,0.7375784,0.048339114,-0.013697505,-0.6029131,-0.22536373,-0.7738554,0.24673203,0.30107874,-0.233646,-0.080448724,0.23446736
132,3929,0.43169814,-0.0023310324,0.26191914,0.46823394,0.827941,0.8409046,-0.17168868,0.23239455,0.10202641,-0.4308083,-0.5539502,-0.002485007,0.05975923,0.13136205,-0.2884667,-0.031392463
132,3933,-0.75817,0.031034576,-0.16916402,-0.62153316,0.5601304,0.06310837,-0.010503441,0.14638428,-0.50684106,-0.18568191,-0.3270791,0.76341957,-0.42575556,-0.2511219,0.08889693,0.15614077
132,3947,0.7125209,0.8746861,0.08890556,0.9125497,0.042788506,-0.28893152,0.5012432,-0.88712955,-0.31982678,-0.19860947,-0.09283677,-0.14774412,0.21193387,-0.42519858,1.1562295,-0.7746176
132,3959,0.5030596,1.1946615,-0.10609016,0.8671146,-0.57154095,-0.83976805,0.42245674,-0.96696335,-0.4103104,-0.12037101,-0.5561127,-0.08580735,-0.21704507,0.24418524,1.3855094,-1.3976935
132,3969,-0.97779703,-0.2470469,-0.56574637,-0.21861044,0.013278604,-0.38471025,0.34910297,0.03678406,0.022366539,0.15361197,0.0026752502,-0.8239798,0.46483278,0.3393834,0.5029647,0.30207738
132,3984,-0.9813347,-0.28008443,-0.5940912,-0.19820118,-0.03417477,-0.45895064,0.363837,0.041319966,0.09944134,0.17998897,0.05057414,-0.93628114,0.50535244,0.36497846,0.52303946,0.32842484
132,3994,0.49801934,-0.0072827786,0.255299,0.452174,0.8394761,0.8426372,-0.17646538,0.21953973,0.10988436,-0.4279951,-0.56004274,-0.014603496,0.0765073,0.10859627,-0.29329312,-0.016078316
132,4000,-0.9149804,-0.2994344,-0.5903017,-0.17750068,-0.035160244,-0.4753549,0.35518956,0.047965698,0.15575871,0.18248694,0.06347425,-0.98627,0.5273549,0.36498,0.5039563,0.3442931
132,4004,-0.307006,-0.064169705,-0.3506038,-0.5927678,0.07573885,0.032439534,0.052896544,-0.0045714825,-0.4502023,0.12831794,-0.50969136,-0.08225608,0.19151534,0.35600454,0.013792515,0.032662563
132,4007,-0.6241129,-0.07143785,0.4229869,0.19376738,-0.77813303,-0.009772651,-0.051319137,0.26234335,0.06662214,0.18668647,0.6495993,0.388724,-0.40141463,0.09175084,-0.4300294,-0.012999985
132,4009,-0.9931169,-0.2663202,-0.58589125,-0.20833789,-0.02785018,-0.44233316,0.36058468,0.037773266,0.069495656,0.174791,0.039538994,-0.8912206,0.48577255,0.3552425,0.520411,0.31598002
132,4014,-0.48870683,-0.044005834,0.38389486,0.25993407,-0.5613608,-0.09421665,-0.109293796,0.31298542,0.31964716,0.03566833,0.48542768,0.43424657,-0.57830316,0.04144519,-0.39564067,-0.09375164
132,4036,-0.6039739,-0.22462188,-0.3799139,-0.07026244,0.23101105,-0.104628764,0.20810355,0.108095974,0.084010385,0.0040450618,-0.12221096,-0.65089005,0.3896026,0.2975573,0.2865113,0.24973974
132,4038,-0.72231823,-0.10893431,-0.3811528,-0.28904572,0.40244615,0.12372367,0.2303379,0.038583502,-0.31754178,-0.034580633,-0.32284343,-0.3061939,0.32502502,0.20158795,0.30915296,0.21447018
132,4048,0.9300301,0.075688675,-0.47449306,-1.789691,-1.2638128,-0.60389876,-0.411609,-0.21989375,-0.8987199,0.8030408,-1.1030443,0.36364436,-0.13036688,1.0227007,-0.78857404,-0.5308894
132,4070,1.4399931,-0.09844014,0.18345124,0.41132042,0.3704583,0.4262582,-0.36972404,0.04766137,0.43789786,-0.21067303,-0.45239335,-0.37397623,0.14567553,0.206334,-0.45524633,0.049802184
132,4079,0.56783396,1.2183864,-0.11680192,0.8901894,-0.48228306,-0.8255303,0.46906132,-1.033685,-0.4239907,-0.1381184,-0.5039185,-0.113894016,-0.14714776,0.12131298,1.488386,-1.3818806
132,4081,-0.47737664,-0.021720642,0.3862787,0.3239292,-0.44947022,-0.06583572,-0.12811649,0.34124142,0.37250337,-0.046261612,0.36056614,0.42986417,-0.62485033,0.098091476,-0.39003754,-0.15167037
132,4087,-0.28183925,0.031672083,0.52147406,0.7299399,-0.29076755,0.13226788,-0.14252481,0.36956462,0.5533253,-0.22390872,0.18352677,0.27491403,-0.6354673,0.23687899,-0.44863474,-0.3131026
132,4090,-0.15183702,-0.08530967,0.47749412,0.2950873,-0.703858,0.22543067,0.07123385,0.015484691,-0.14866336,0.28062642,0.7575739,0.1553042,0.023565292,-0.17427158,-0.37686405,0.09929385
132,4103,0.35451895,-0.03352499,-0.2637753,-0.2537247,0.3212217,-0.68739396,-0.2861039,0.0056701675,0.96147233,-0.26881984,0.50774664,0.36974174,-0.49468696,-0.6924602,0.50729275,-0.062310047
132,4104,0.8519387,-0.071451016,0.064000405,0.007542815,0.7761089,0.64424807,-0.17700523,0.05590366,-0.033746343,-0.25297192,-0.60761005,-0.03873065,0.22392718,-0.06315903,-0.29996026,0.15546554
132,4120,-0.94523776,-0.24385746,-0.56479067,-0.23737645,0.063883156,-0.33500537,0.34907246,0.033227447,-0.011176493,0.14023198,-0.036182076,-0.81265444,0.48126662,0.32739848,0.49356145,0.31248665
132,4123,0.60545605,-0.09180086,0.29337293,-0.23083082,-0.402403,0.25683329,0.37174386,-0.5674077,-0.7652245,0.5027581,1.1308235,0.003548354,0.8832846,-1.0408995,0.17356174,0.54073215
132,4127,0.026404224,-0.06836439,0.51804036,0.30946198,-0.7079209,0.32979912,0.17897184,-0.1329126,-0.35301635,0.3563466,0.84309286,0.05157289,0.28676802,-0.3082324,-0.31883717,0.16893044
132,4138,0.38919443,-0.11421581,-0.4981884,-0.55045164,0.5235927,-0.9110362,-0.41178578,0.041161645,1.1823084,-0.3325047,0.5558925,0.45478445,-0.61180085,-0.83319145,0.67508143,-0.0006046556
132,4140,0.065807074,-0.10884804,0.41316625,0.06719543,-0.6273165,0.2803989,0.17082871,-0.16844392,-0.43582827,0.39578736,0.87388855,0.10846001,0.3371688,-0.44837275,-0.24303287,0.27376822
132,4149,0.080859974,-0.43515587,-0.39883178,0.047942948,0.09931934,-0.4470244,0.14900762,0.12318222,0.68040663,0.11930771,0.080240086,-1.2128747,0.64272684,0.25353372,0.12709583,0.4467704
132,4152,-0.6701165,-0.23579882,-0.4142511,-0.07837965,0.23079327,-0.11232101,0.23319967,0.10738309,0.07434579,0.010846108,-0.1233409,-0.713738,0.42398876,0.33039573,0.32648998,0.26852104
132,4153,-0.86762226,-0.16057207,-0.43388918,-0.20010863,0.27280253,-0.021999404,0.26425785,0.067275286,-0.17305756,0.0018935427,-0.20810169,-0.5144509,0.36371762,0.31065446,0.38482612,0.22886422
132,4157,1.4471086,-0.090483114,0.19855475,0.46242052,0.34664246,0.42053816,-0.37229002,0.04898031,0.46908587,-0.21925333,-0.43508708,-0.3901059,0.13152157,0.2236568,-0.45373315,0.030047208
132,4161,-0.3965087,0.05155676,0.12470251,0.020409998,0.6357629,0.5891358,-0.08707767,0.235208,-0.30708277,-0.3212812,-0.49268323,0.4462882,-0.23950826,0.118247144,-0.14502905,-0.03894643
132,4164,0.07298452,0.06432175,-0.6982093,-1.06316,0.55270696,-0.8196567,-0.42514056,-0.09117508,0.5471377,-0.17254367,0.10667397,0.78995526,-0.611409,-0.9446327,0.35212338,0.29591763
132,4173,-0.40314668,0.05738329,0.43101913,0.6154995,0.12680444,0.4047367,-0.16651028,0.37587857,0.23895937,-0.33803967,-0.14559749,0.32021618,-0.5550681,0.3301796,-0.35119566,-0.28905797
132,4177,-0.51263916,-0.099256985,0.32180977,0.06734693,-0.6374319,-0.0991623,-0.08190757,0.23873854,0.14870504,0.15176843,0.66309226,0.4241057,-0.41716337,-0.049427163,-0.32714534,0.0376534
132,4180,0.66235244,-0.049788915,-0.0045468993,-0.19485472,0.9509445,0.7478252,-0.09142929,0.032227736,-0.2748813,-0.262686,-0.7149256,0.0838252,0.28052187,-0.16392955,-0.23166436,0.20761785
132,4184,0.13557531,0.008775534,-0.24716571,-0.688711,0.7266103,0.50446904,0.062629834,-0.08958422,-0.71276873,-0.06381348,-0.74891764,0.2157749,0.28963238,-0.1145782,-0.047585227,0.2091881
132,4187,-0.3699646,0.052101187,0.1494947,0.08162147,0.6155692,0.60881597,-0.09503569,0.24112324,-0.27454785,-0.32372874,-0.48703724,0.41629875,-0.22798826,0.15144414,-0.16569452,-0.060531028
132,4205,-1.0336081,-0.23943399,-0.587654,-0.2491613,0.055625275,-0.33713278,0.368573,0.030429646,-0.044123817,0.14375085,-0.03830327,-0.82401353,0.4855972,0.35338485,0.5314724,0.3121371
132,4216,1.4617349,-0.0962027,0.19292049,0.44859362,0.3321858,0.40633935,-0.37775826,0.04611892,0.46871364,-0.2081748,-0.4350505,-0.39583224,0.13403605,0.22876677,-0.46002656,0.03390781
132,4220,1.0958422,-0.48538208,-0.13377815,0.2867785,-0.11094925,-0.45939046,-0.27763918,0.19968373,1.0392355,0.14552282,0.03576173,-1.2064435,0.43864274,0.42302662,-0.36921465,0.33222422
132,4228,0.70277685,0.70842993,0.13219807,0.76566774,0.07331659,-0.16809356,0.4653166,-0.7971739,-0.3236406,-0.1409216,0.050018862,-0.10785559,0.29634166,-0.53145164,0.959902,-0.5562148
132,4239,0.23634796,-0.0041975323,-0.121159345,-0.45088056,1.0095365,0.72988296,0.04130356,-0.009275399,-0.5849279,-0.22610365,-0.76384693,0.25043228,0.29116786,-0.23292148,-0.08851527,0.22772738
132,4247,-0.081706315,-0.09112696,0.4806755,0.25724807,-0.71212244,0.26908588,0.11363767,-0.050345376,-0.2599708,0.33048898,0.8116431,0.11852889,0.14612119,-0.2478554,-0.35076708,0.15284473
132,4257,-0.42441106,0.048402674,0.09193069,-0.05585982,0.6316263,0.5345196,-0.07761449,0.22351739,-0.33153832,-0.30536532,-0.47867483,0.48193195,-0.25574577,0.07141278,-0.12079348,-0.01678845
132,4259,-0.4085796,0.0110910805,0.48984432,0.59697175,-0.40552926,0.058787443,-0.13535975,0.369671,0.47753572,-0.14051081,0.268206,0.3240554,-0.635671,0.23008704,-0.44326353,-0.262513
132,4278,-0.93624514,-0.19508606,-0.51301557,-0.2505609,0.11919646,-0.23590866,0.31920236,0.03190468,-0.10505085,0.10027738,-0.09388379,-0.6417336,0.40819407,0.29357064,0.45647877,0.26511854
132,4282,-0.47982115,-0.36945808,-0.53392214,-0.10852042,0.028393283,-0.47783536,0.28381908,0.06925039,0.37685356,0.17014371,0.067493945,-1.128109,0.6140765,0.31062773,0.35710675,0.41423643
132,4323,0.40675586,0.5310585,0.28068605,0.7184322,-0.4037699,-0.056717776,0.36595184,-0.5908611,-0.37415236,0.0580699,0.26008147,-0.09159601,0.21618633,-0.25938496,0.5486519,-0.44468632
132,4332,-0.5635672,0.03353581,-0.29423782,-0.7616658,0.5638155,-0.14496398,-0.07657211,0.07863033,-0.32350546,-0.16753584,-0.23754877,0.7817992,-0.4451806,-0.44037735,0.1552295,0.20474827
132,4334,-0.15183702,-0.08530967,0.47749412,0.2950873,-0.703858,0.22543067,0.07123385,0.015484691,-0.14866336,0.28062642,0.7575739,0.1553042,0.023565292,-0.17427158,-0.37686405,0.09929385
132,4339,-0.8962901,0.02078706,0.3338792,0.2496436,-0.26239437,0.04216036,-0.127445,0.39496085,0.14198607,-0.11565085,0.12692039,0.5111639,-0.70058686,0.28178525,-0.30448034,-0.1868394
132,4345,-0.87737966,0.037849434,-0.008304421,-0.18743189,0.078838885,-0.090309136,-0.16164795,0.2428035,-0.0075782165,-0.13594976,0.018667564,0.6145612,-0.619754,0.026342727,-0.052446336,-0.024180736
