window_id,vehicle_id,z_0,z_1,z_2,z_3,z_4,z_5,z_6,z_7,z_8,z_9,z_10,z_11,z_12,z_13,z_14,z_15
82,97,0.40487722,-0.3795148,0.61772823,0.32705456,-0.043847144,-0.1811605,-0.3215127,0.39354464,0.4877779,0.3771411,0.5231947,-0.031655826,0.012406774,-0.754269,0.7906312,-0.77497864
82,567,0.40487722,-0.3795148,0.61772823,0.32705456,-0.043847114,-0.18116052,-0.32151273,0.39354458,0.48777795,0.3771411,0.5231947,-0.031655826,0.012406774,-0.7542691,0.79063123,-0.77497876
82,1739,1.1882913,-0.29054955,0.2099326,-0.77911985,-0.3244568,0.1290631,0.62841,0.042056747,0.7085759,-0.70655566,0.7400079,-0.3561677,-0.4174569,0.6568571,0.5246012,0.25906947
82,2964,0.40487728,-0.3795148,0.61772823,0.3270545,-0.043847144,-0.18116052,-0.32151276,0.39354455,0.48777795,0.37714106,0.5231947,-0.031655826,0.01240677,-0.7542691,0.7906312,-0.7749787
82,179,1.1882913,-0.29054955,0.20993263,-0.7791198,-0.3244568,0.12906311,0.62841,0.042056747,0.7085758,-0.70655566,0.7400078,-0.3561677,-0.4174569,0.6568571,0.5246012,0.25906944
82,3468,0.40487722,-0.3795148,0.61772823,0.32705456,-0.043847144,-0.18116051,-0.32151273,0.3935446,0.48777795,0.3771411,0.5231947,-0.031655826,0.012406774,-0.754269,0.7906312,-0.7749787
82,539,1.0169069,-0.5586478,0.24351153,-0.76902974,-0.33041686,-0.023725038,0.30876005,0.02070167,0.6777756,-0.713024,0.92983097,0.066882595,-0.19792493,0.46734923,1.1960025,-0.08940816
82,3818,0.40487722,-0.37951478,0.61772823,0.32705456,-0.043847144,-0.18116051,-0.32151273,0.39354464,0.48777795,0.3771411,0.5231947,-0.031655826,0.012406778,-0.754269,0.79063123,-0.7749787
82,4169,0.19584519,-0.524746,-0.6621637,-0.72311115,-0.1443226,-0.6057052,0.14523391,0.03401547,-0.5304601,-0.8169238,0.6139078,-1.2003448,0.06953459,-0.533733,-0.3429439,-0.33353376
82,1329,0.40487722,-0.3795148,0.6177281,0.32705456,-0.043847144,-0.18116051,-0.32151273,0.39354464,0.4877779,0.3771411,0.5231947,-0.031655826,0.012406778,-0.754269,0.79063123,-0.7749787
82,3256,0.40487722,-0.37951478,0.61772823,0.32705456,-0.043847144,-0.18116052,-0.32151273,0.39354464,0.48777795,0.3771411,0.52319473,-0.031655826,0.012406778,-0.754269,0.79063123,-0.77497864
82,1025,0.19530731,-0.5202094,-0.64904034,-0.71124125,-0.14311305,-0.59347844,0.1456089,0.033644505,-0.5200469,-0.7983739,0.60287803,-1.1799821,0.06317812,-0.5236021,-0.33548647,-0.32831877
82,1854,-0.28747398,-0.25972545,-0.4719495,-0.10821407,-0.1351231,-0.6870576,-0.06739293,-0.12991782,-0.4529425,-0.5470324,-0.20432353,-1.8931339,-0.07771416,-1.4761817,-0.6168101,-0.18373471
82,2967,1.0169069,-0.5586478,0.24351153,-0.76902974,-0.3304168,-0.023725037,0.30876005,0.020701677,0.6777756,-0.71302396,0.9298309,0.066882595,-0.19792493,0.46734926,1.1960026,-0.089408144
82,3219,0.40487722,-0.3795148,0.61772823,0.32705456,-0.043847114,-0.18116051,-0.32151276,0.39354464,0.4877779,0.37714106,0.5231947,-0.031655826,0.012406778,-0.754269,0.7906312,-0.77497876
82,1016,0.40487728,-0.3795148,0.61772823,0.32705456,-0.043847144,-0.18116051,-0.3215127,0.3935446,0.48777795,0.37714106,0.5231947,-0.031655826,0.012406778,-0.7542691,0.79063123,-0.77497876
82,1229,1.1882914,-0.29054955,0.2099326,-0.7791198,-0.32445675,0.1290631,0.62841,0.04205676,0.7085758,-0.7065556,0.7400078,-0.35616773,-0.41745687,0.6568571,0.52460116,0.25906947
82,2368,-0.28747398,-0.25972548,-0.47194952,-0.108214065,-0.1351231,-0.68705755,-0.06739294,-0.12991783,-0.4529425,-0.5470325,-0.20432349,-1.8931339,-0.077714145,-1.476182,-0.61681014,-0.18373474
82,6,-0.5876688,-0.44781154,-0.5354797,-0.6415377,0.21396123,0.22432572,-0.42466205,-0.07600126,0.2681476,0.6267249,-0.5105182,0.6490578,-0.66778415,0.21549049,0.28797632,-0.14765735
82,14,-0.014802024,0.11325929,-0.17359582,0.864873,-0.44131166,-0.45577314,-0.06434865,0.05775956,-0.33210218,-0.284735,0.4604434,0.32725412,0.43594822,0.58756644,-0.24972014,0.06567637
82,19,-0.2799834,0.22499818,-0.5066945,0.6250333,-0.20551425,-0.35891658,0.048258424,0.010491721,-0.34374166,-0.15399039,0.33361804,0.35278037,0.22280212,0.916728,-0.5102964,0.25623205
82,25,0.43080202,-0.34654722,0.65916145,0.36917078,-0.03348276,-0.18111491,-0.32517153,0.44018367,0.5502785,0.4256621,0.55647683,-0.049139097,-0.0047123693,-0.7896249,0.7818212,-0.8101102
82,27,0.139435,0.2217533,0.723142,-0.08695046,-0.08804914,0.51442933,0.40508175,-0.30861473,-0.35059935,-0.08690778,-0.61893535,0.34938377,0.19815889,-0.2357789,-0.13376899,0.24334963
82,45,-0.011288419,0.083776064,-0.07249364,0.9669129,-0.46141464,-0.47097406,-0.10824174,0.10499153,-0.30751324,-0.17711896,0.43123552,0.35390925,0.43104273,0.4690722,-0.22086044,-0.015402228
82,57,-0.34920144,0.087502666,-0.033203766,-0.35909224,0.5880402,0.35645437,-0.40547407,-0.22190693,-0.073731445,-0.0027879104,-0.44552636,0.24361284,0.4477405,-0.31538776,0.6806087,0.27197966
82,69,0.06492627,-0.16087134,0.17163038,0.9255733,-0.34205925,-0.46654025,-0.22384539,0.34062675,0.072323784,0.29437733,0.46709675,0.2039971,0.15914129,-0.097623125,0.03457164,-0.49369234
82,75,0.25375593,0.98476183,0.2291719,0.22151135,0.7699182,0.2772607,-0.029676944,0.6534611,1.0821595,0.813166,0.33934754,-0.7616335,-0.3165319,-0.15716249,-0.45891356,-0.027185217
82,76,-0.50587106,-0.027320042,-0.7098315,-0.33327556,0.438649,0.023085339,-0.25559136,-0.17268962,-0.18368569,-0.11184194,-0.033606507,0.34987235,0.2007883,0.5269456,0.28069246,0.33403796
82,98,-0.53337425,-0.46673068,-0.57276046,-0.57593745,0.0010654479,0.16895214,-0.4391598,0.043210812,0.4306727,0.79538566,-0.5414203,0.5084347,-1.035118,0.2235211,-0.05889994,-0.31408113
82,102,0.94578695,-0.5571372,0.27449754,-0.6153028,-0.33615553,-0.07209158,0.23852329,0.06515788,0.63751036,-0.6036695,0.90470576,0.07747173,-0.16606575,0.34991056,1.1411269,-0.17856061
82,104,-0.35332495,0.28004682,0.029972166,-0.3243906,0.82408285,0.4353196,-0.4662711,-0.22493905,-0.13515286,-0.07553928,-0.38501483,0.26443613,0.7877267,-0.32815474,0.84789324,0.43506163
82,115,-0.2833253,-0.14650542,-0.35240594,-0.1271637,0.00801301,-0.56709015,-0.11904707,-0.112845466,-0.48634833,-0.54415303,-0.19138406,-1.7456053,0.12052427,-1.4379689,-0.49523592,-0.11312893
82,120,-0.30837587,-0.68706954,-0.45357722,-0.3657602,-0.43638945,-0.2507219,-0.02886784,-0.26359135,0.086181834,0.060826756,-0.59519154,-0.489497,-0.9251888,-0.5568123,-0.2159711,-0.3471284
82,128,-0.3097471,-0.41236377,-0.48866475,-0.19548485,-0.26487336,-0.6395612,-0.06512256,-0.16323811,-0.33707494,-0.44425604,-0.3352395,-1.705794,-0.3406605,-1.4006947,-0.5892853,-0.28008696
82,149,-0.2955544,-0.5155281,-0.50409734,-0.22815984,-0.36249673,-0.5537768,-0.022376671,-0.197819,-0.2045517,-0.29913417,-0.39904553,-1.3663579,-0.55882585,-1.1258296,-0.513625,-0.3114902
82,157,-0.33073276,-0.0763612,-0.10386257,-0.3688639,0.3759367,0.25718883,-0.3342105,-0.21265802,-0.031441346,0.04076039,-0.459409,0.17819841,0.15636389,-0.28609356,0.5044434,0.13415118
82,168,-0.32372183,-0.5588474,-0.36091238,-0.39871025,-0.24108228,-0.09806491,-0.12545042,-0.2553674,0.08393639,0.071800366,-0.59700674,-0.2702881,-0.6898207,-0.481776,-0.00843437,-0.24364102
82,180,-0.0447096,0.10794968,-0.2833338,0.7063537,-0.37824768,-0.4208931,-0.011640325,0.02205944,-0.31131256,-0.3026258,0.45259792,0.2942686,0.36103803,0.674708,-0.26897585,0.10943256
82,182,-0.44018662,0.09710201,-0.8288913,-0.2942856,0.47775254,-0.10703857,-0.22179918,-0.17820254,-0.3525051,-0.44890535,0.15387605,0.036846112,0.46023342,0.5399684,0.16400847,0.44328305
82,184,-0.34672317,0.27746692,0.028467715,-0.31634167,0.812084,0.42861578,-0.4583028,-0.22154838,-0.1359339,-0.07391898,-0.37694255,0.26118767,0.77831614,-0.31731436,0.83274055,0.43092766
82,188,-0.530004,-0.17450109,-0.67375094,-0.4245547,0.33696416,0.07854526,-0.29891205,-0.1243407,-0.0010459125,0.1645684,-0.18711755,0.451303,-0.16141057,0.4684201,0.23448181,0.16440135
82,194,0.042175934,-0.20567524,0.19489604,0.86089987,-0.28852153,-0.43917215,-0.2564974,0.33492303,0.074196786,0.3445318,0.42305756,0.18920153,0.14427826,-0.19082025,0.09971142,-0.5287135
82,234,-0.21743792,0.44739807,-0.59795916,-0.038246945,0.032474667,-0.09869173,0.020411178,0.15576085,0.4097039,0.31080148,-0.0072755385,-0.36494404,-0.7339845,0.7860374,-0.9174662,0.25606987
82,247,-0.21396932,0.24241418,-0.39943737,0.77026933,-0.28323668,-0.3932403,-0.004246697,0.014194347,-0.41017896,-0.25677258,0.373592,0.3499144,0.38142276,0.8299309,-0.45619416,0.2456438
82,249,-0.35510033,0.14687264,-0.012359455,-0.35341054,0.6658008,0.3862733,-0.4299879,-0.22444028,-0.090051636,-0.022792742,-0.43417913,0.25724128,0.5545167,-0.3243226,0.7416585,0.32330778
82,259,-0.3079111,0.010349102,-0.87102854,-0.41246212,0.38293082,-0.27078575,-0.15440334,-0.13699427,-0.43897116,-0.6486787,0.3052626,-0.36964843,0.45081714,0.32017732,-0.0002503544,0.3141575
82,269,1.0520723,-0.44426036,0.2660766,-0.76684964,-0.2733393,0.03307849,0.34416777,0.058713563,0.77389395,-0.66789424,0.92418885,0.0052067675,-0.23620595,0.5046713,1.1147406,-0.031006537
82,270,-0.43414947,0.08139556,-0.7964854,-0.28757167,0.46726608,-0.09337601,-0.21825787,-0.17680638,-0.33358887,-0.40742537,0.13355309,0.060399767,0.43011963,0.5264907,0.17471312,0.42662767
82,296,0.054665178,-0.15301107,0.14022511,0.8557964,-0.3092817,-0.43887898,-0.21045606,0.31381962,0.06255761,0.27164134,0.4434001,0.18919642,0.149947,-0.07045765,0.035409346,-0.45235145
82,310,0.26281258,1.1421362,0.20781898,0.21215157,0.845258,0.32962975,-0.0010806546,0.6936495,1.1767709,0.86142665,0.33191645,-0.87731135,-0.36835104,-0.10238707,-0.5972526,0.042256534
82,319,0.7818551,0.46756107,0.19377962,-0.44162023,0.2771361,0.30024835,0.32552284,0.32923582,1.0894275,-0.042094722,0.6225566,-0.53745353,-0.4020688,0.49164417,0.1598931,0.24438767
82,321,0.07599506,-0.2823719,0.45430097,1.0313377,-0.26579154,-0.45376876,-0.41617382,0.45476446,0.1497332,0.557693,0.4013981,0.15399435,0.1881394,-0.6234735,0.25972384,-0.7738646
82,323,0.09144232,-0.2948181,0.44044772,0.9275412,-0.23011437,-0.42022133,-0.397906,0.43597308,0.17094903,0.5361807,0.4035082,0.13857308,0.15828992,-0.6079269,0.30324373,-0.7580656
82,345,-0.10424244,0.25720617,0.42754796,-0.1986511,0.3859741,0.47687113,-0.024503425,-0.26275408,-0.2475174,-0.08057966,-0.5242001,0.18811893,0.4905644,-0.42224228,0.32313788,0.34442833
82,368,-0.34007075,0.0099736005,-0.064358145,-0.3623364,0.4864463,0.31306815,-0.3712082,-0.21669121,-0.052819207,0.023487017,-0.45297137,0.22384404,0.30844295,-0.29469448,0.59792125,0.20640558
82,370,0.012589037,0.23438609,0.5922047,-0.14125858,0.16999671,0.51782423,0.18886657,-0.28952387,-0.2840503,-0.05759544,-0.57860416,0.3000005,0.33903462,-0.32221484,0.12664741,0.30292183
82,377,-0.22024351,0.50817114,-0.5405204,-0.06373235,0.04736024,-0.029317874,-0.021516383,0.23542514,0.5638013,0.52449346,-0.10777226,-0.4318823,-0.9340849,0.7078355,-1.0503162,0.18339078
82,384,-0.092313856,0.26995462,0.478964,-0.20402065,0.38925368,0.5362699,-0.004965678,-0.2781592,-0.23472577,-0.052556135,-0.5575646,0.2963074,0.49337065,-0.37761837,0.35987416,0.36433685
82,391,-0.17416893,0.24795678,-0.35545385,0.80849475,-0.3099532,-0.40536314,-0.034181423,0.017944828,-0.43246502,-0.31604305,0.39739642,0.32540938,0.45413065,0.775947,-0.4236077,0.23993127
82,395,0.022800758,-0.014414959,0.60783875,-0.21419592,-0.10486257,0.49408004,0.34029746,-0.34652355,-0.29870462,0.038466975,-0.68049055,0.47457767,0.015725981,-0.22893688,0.03011462,0.12717262
82,400,-0.31541416,0.110125296,-0.73187876,0.08544795,0.08723688,-0.2562727,0.014958635,-0.09509687,-0.38390195,-0.38729945,0.2975203,0.07750097,0.29542825,0.7632954,-0.23958908,0.3627524
82,407,0.32501912,-0.42695326,0.8520864,-0.103561364,-1.1126204,0.3544211,1.0178418,-0.4716375,-0.48620325,0.10062747,-0.85004574,0.6361616,-0.79654914,-0.002813995,-0.7568732,-0.3159546
82,414,-0.39224407,0.2235564,-0.7756845,0.24455698,0.083562374,-0.24374369,0.016446553,-0.10643934,-0.3968243,-0.3670615,0.28899616,0.24609609,0.3485531,0.9873738,-0.29038644,0.473304
82,424,-0.32017803,0.24379793,-0.7223195,0.18179147,0.04309112,-0.2330229,0.043564662,-0.04185872,-0.21862629,-0.23347604,0.24654722,0.10389499,0.09378764,0.9428774,-0.43537277,0.40602008
82,428,0.06772463,-0.20554769,0.19379178,0.93934065,-0.37543464,-0.48227373,-0.2484982,0.31560504,0.028239757,0.2583301,0.45023912,0.22544135,0.206538,-0.13408804,0.085780546,-0.5025253
82,432,0.28680718,0.7696828,0.8857392,0.1514069,0.1708821,0.5571642,0.3671168,-0.2185741,-0.4176942,-0.36829126,-0.46784016,-0.029956656,0.73972404,-0.39530498,-0.28274816,0.55491877
82,454,-0.038592488,-0.065078944,-0.22663337,0.5632826,-0.29099852,-0.3949691,0.008549035,0.1509642,-0.029692508,0.051324137,0.4443636,0.25248203,0.034795377,0.5253597,-0.1753595,-0.12893024
82,455,0.036453933,-0.2055054,0.20043033,0.8215627,-0.2453841,-0.41891903,-0.25830492,0.35357028,0.1090917,0.39465553,0.422482,0.17246318,0.10440995,-0.21886548,0.110066794,-0.55254424
82,457,0.08826327,-0.29169276,0.47264603,1.0295186,-0.26439273,-0.45392594,-0.42048585,0.4674686,0.16890408,0.5718135,0.41487247,0.15258263,0.17873833,-0.6454172,0.2796967,-0.79790056
82,464,0.8498702,0.08566681,0.15442657,-0.45364577,-0.111926585,0.21348104,0.5551539,0.09221765,0.80382323,-0.3068656,0.5116443,-0.32507813,-0.51615983,0.7602725,0.15362793,0.37607804
82,478,-0.3962969,0.19025815,-0.043902054,-0.3937474,0.81008637,0.3998056,-0.46652335,-0.23482984,-0.12045674,-0.05370024,-0.39351964,0.24848805,0.6867479,-0.31880203,0.8465008,0.3928576
82,484,0.33853427,0.18932098,0.941641,0.06409486,-0.4755605,0.47176865,0.7660574,-0.35334456,-0.47793084,-0.13311449,-0.6453801,0.30438137,-0.013148744,-0.18364167,-0.54578793,0.14268094
82,489,-0.14356342,0.22877705,-0.32612723,0.771249,-0.29935044,-0.39151213,-0.05274149,0.010503568,-0.4280597,-0.3428148,0.39276457,0.28768077,0.47709617,0.7112706,-0.36733812,0.23036574
82,497,0.373912,-0.09269902,0.99867344,0.0007470399,-0.84621435,0.45134965,0.9703204,-0.4352174,-0.518937,-0.030064233,-0.791003,0.49973947,-0.39795694,-0.11484182,-0.70087343,-0.0781229
82,503,0.042604223,-0.0926023,0.11049673,0.82810074,-0.2621314,-0.4110862,-0.19138941,0.3243316,0.090949684,0.29556414,0.4341675,0.15510575,0.119552985,-0.0326505,-0.023887664,-0.41696233
82,504,-0.4748232,-0.031717934,-0.31480193,-0.5005973,0.6946933,0.2656692,-0.4105724,-0.2285882,-0.10521364,-0.0015141591,-0.32874426,0.27730644,0.38728598,-0.074201494,0.72470313,0.31264877
82,506,-0.6005348,-0.3888659,-0.49555516,-0.65499526,0.38521075,0.25775418,-0.40421385,-0.15902671,0.13598104,0.45624554,-0.46398836,0.68944925,-0.34749928,0.20355603,0.52491844,0.010168359
82,507,0.09144232,-0.29481807,0.44044778,0.9275412,-0.23011431,-0.42022133,-0.39790595,0.43597308,0.170949,0.53618073,0.40350822,0.13857311,0.15828992,-0.6079269,0.3032437,-0.7580655
82,522,-0.28707057,0.43625402,-0.56747603,0.20429628,-0.03795412,-0.14160724,0.013692521,0.18298134,0.252052,0.36237898,0.047365803,-0.09557065,-0.565618,0.8476185,-0.9394708,0.1950499
82,530,-0.3835343,0.2122209,-0.01963465,-0.3753286,0.8112284,0.41161704,-0.46408188,-0.23322552,-0.12253905,-0.05520826,-0.39424157,0.25584266,0.708844,-0.32266432,0.8463647,0.40180418
82,542,-0.4093537,0.105711274,-0.8387958,-0.29303324,0.46352932,-0.14433928,-0.20669506,-0.16810608,-0.3793944,-0.5056509,0.19499464,-0.06623034,0.48261127,0.5126862,0.11297421,0.4357736
82,556,0.02076082,-0.24299356,0.58476377,-0.27769116,-0.3310163,0.45242897,0.45234627,-0.38519248,-0.30325007,0.13036768,-0.7426839,0.60982764,-0.27189997,-0.13457641,-0.047741503,-0.03187418
82,558,-0.4975681,-0.0026256442,-0.7208687,-0.32238352,0.45311928,0.008462388,-0.25004888,-0.17741117,-0.21301118,-0.16462296,-0.0052038953,0.31170398,0.25656882,0.529845,0.27747464,0.35864624
82,571,-0.43798715,0.00897824,-0.25943884,-0.4801407,0.70640194,0.25139156,-0.41251117,-0.2212188,-0.13036025,-0.061096177,-0.31445393,0.15327007,0.45662433,-0.18562227,0.7060659,0.31093895
82,574,-0.44018662,0.09710201,-0.8288913,-0.2942856,0.47775254,-0.10703857,-0.2217992,-0.17820252,-0.3525051,-0.44890538,0.15387607,0.036846105,0.4602334,0.5399684,0.16400847,0.44328305
82,588,0.07760392,-0.28158253,0.4655622,1.0611314,-0.27461344,-0.4646727,-0.42129463,0.4711319,0.15851398,0.5767744,0.41265783,0.15839335,0.18555199,-0.63448334,0.25275254,-0.7938216
82,594,-0.58206785,-0.25865608,-0.435485,-0.61904204,0.5618272,0.2842072,-0.40186584,-0.218357,0.012561202,0.2601203,-0.41202667,0.61597246,0.009867445,0.14101914,0.705145,0.17785624
82,598,0.27935562,-0.5078802,0.7333933,-0.13865383,-1.1134577,0.2938125,0.96287245,-0.45865652,-0.45994502,0.13108312,-0.8111241,0.62601537,-0.85936177,0.03534209,-0.72307247,-0.3642633
82,629,0.33476403,0.86751544,0.95154846,0.20262028,0.16582423,0.56121606,0.40078658,-0.21185309,-0.45159024,-0.43884498,-0.46049178,-0.11919506,0.8171649,-0.45062238,-0.36310184,0.59414387
82,632,0.27004284,0.74097437,0.84710765,0.13956939,0.17606223,0.5398694,0.34874237,-0.2148942,-0.40756088,-0.354459,-0.45398825,-0.027329655,0.7197226,-0.37822038,-0.26417547,0.5408441
82,639,-0.27676734,0.43015367,-0.5528975,0.14367665,-0.0080189705,-0.11254903,0.00036337972,0.1861436,0.29101014,0.3907395,0.015779134,-0.14272912,-0.6059926,0.7964644,-0.9229118,0.18431927
82,641,-0.28942767,0.2708898,-0.6755952,0.10633798,0.038922906,-0.19426055,0.036286846,0.008271627,-0.046926573,-0.073420554,0.17004383,-0.014482014,-0.13921556,0.8760264,-0.5410154,0.34567383
82,659,-0.30152035,-0.4585594,-0.49784017,-0.20986745,-0.31196278,-0.60165113,-0.044403672,-0.17788354,-0.2780527,-0.38085708,-0.3603791,-1.5497478,-0.43808752,-1.2699022,-0.5570139,-0.29470164
82,671,-0.062459446,0.24517837,0.513685,-0.187843,0.32104135,0.5407852,0.058757186,-0.2802948,-0.23872347,-0.028140124,-0.56563073,0.33570457,0.4252039,-0.3312565,0.29679108,0.34469193
82,672,-0.44453928,0.032200463,-0.24058773,-0.48683482,0.73828655,0.2701819,-0.4318598,-0.22712901,-0.13320756,-0.07422332,-0.3301374,0.1501815,0.50064903,-0.2237759,0.7405117,0.32624692
82,676,-0.39346206,0.098131366,-0.85508907,-0.3191238,0.4576818,-0.1725065,-0.1998241,-0.16556987,-0.39431578,-0.5511926,0.22129166,-0.1319982,0.4904354,0.48750728,0.089286,0.4236611
82,691,-0.23625374,0.40845126,-0.6204603,-0.0066172183,0.029694661,-0.12251386,0.027197897,0.124616735,0.31432223,0.23148221,0.03203251,-0.28412426,-0.6146543,0.8160753,-0.84243584,0.27552485
82,698,0.1751701,-0.49784625,-0.6777854,-0.69129884,-0.13922438,-0.6005623,0.1430579,0.029396214,-0.5343398,-0.81715685,0.61266994,-1.1576538,0.08673757,-0.4772535,-0.34793633,-0.30305
82,699,0.039298654,-0.2454418,0.3618532,0.9457496,-0.22518343,-0.42606953,-0.37242246,0.41973963,0.13057901,0.52949256,0.37839773,0.14477707,0.15443167,-0.50890297,0.19613871,-0.6914194
82,700,0.28530756,0.7729928,0.8641473,0.15741552,0.17475414,0.5367725,0.35810047,-0.21126345,-0.41887844,-0.3796325,-0.44756806,-0.0636188,0.7454297,-0.39691877,-0.2927407,0.55275893
82,701,0.139435,0.22175336,0.72314215,-0.08695045,-0.08804917,0.51442933,0.4050818,-0.30861473,-0.35059935,-0.08690777,-0.6189354,0.3493838,0.19815889,-0.23577887,-0.13376899,0.24334963
82,707,-0.05621089,0.23113263,0.5222782,-0.18462542,0.29670447,0.534388,0.07762377,-0.28148115,-0.2415706,-0.024042703,-0.5693671,0.32847506,0.3980141,-0.33472818,0.272282,0.33181995
82,709,-0.25458217,0.5087745,-0.5415727,0.021866247,0.02919592,-0.04706441,-0.023541056,0.24041843,0.5010174,0.54271615,-0.086052805,-0.3316818,-0.86727005,0.7395303,-1.0589966,0.16877645
82,711,-0.5876687,-0.4478115,-0.5354798,-0.6415377,0.21396121,0.22432573,-0.42466205,-0.07600126,0.2681476,0.6267249,-0.51051825,0.64905775,-0.6677842,0.21549049,0.28797632,-0.14765733
82,715,-0.5969594,-0.3389847,-0.46930826,-0.6450293,0.47123152,0.27290222,-0.3968377,-0.19271584,0.06917676,0.36730403,-0.43398356,0.68804634,-0.17543532,0.1919497,0.6267252,0.09038199
82,720,-0.015953079,0.121174134,-0.20478939,0.8478846,-0.44311255,-0.45905703,-0.049292702,0.05041506,-0.33593845,-0.31070462,0.47672406,0.32365707,0.43371785,0.6264887,-0.26579857,0.08085207
82,731,-0.059711665,0.23163813,0.50982034,-0.18605241,0.30475178,0.5316929,0.06890935,-0.27894777,-0.23841324,-0.023065712,-0.5618566,0.33188948,0.40304342,-0.32398686,0.28105354,0.33420217
82,735,-0.13449575,0.22649637,0.34332266,-0.19784468,0.37297356,0.35420144,-0.059696905,-0.23894793,-0.28842938,-0.151595,-0.48550093,-0.07526182,0.48496154,-0.5863332,0.23479234,0.29655272
82,753,-0.345685,0.20323676,-0.75081766,0.2087345,0.057097167,-0.2539387,0.043352157,-0.085069604,-0.3377055,-0.3351347,0.29159975,0.18493862,0.25400394,0.96193886,-0.3347209,0.4317811
82,754,-0.30229023,0.38719565,-0.5630113,0.27827424,-0.061787188,-0.17562212,0.019846782,0.15497172,0.13799097,0.29314098,0.094577804,0.014106363,-0.42590982,0.8623428,-0.86180896,0.19134381
82,755,-0.011314616,0.106525995,-0.09762424,0.9873217,-0.48370117,-0.4842373,-0.093107514,0.09743246,-0.32601416,-0.21569782,0.45541805,0.36770204,0.44766486,0.5287203,-0.25227106,0.010927901
82,756,-0.23730814,0.011152633,-0.70445937,-0.044916138,0.06502339,-0.28711525,0.03676574,-0.081263244,-0.3816411,-0.42823485,0.32463372,-0.09595342,0.24324848,0.57373786,-0.23120122,0.2659128
82,759,0.26134858,0.79246366,0.2925568,0.24541025,0.6745862,0.21425118,-0.08466681,0.621672,0.998281,0.7780241,0.35466722,-0.6492749,-0.2624897,-0.27571386,-0.27137405,-0.1439824
82,764,-0.21337628,-0.01627662,-0.71249354,-0.07952094,0.047968715,-0.3117719,0.047274172,-0.07394402,-0.3958087,-0.46152234,0.35025725,-0.1595647,0.23747422,0.5227714,-0.24675734,0.23615794
82,766,0.98998356,-0.3319067,0.10779992,-0.67756885,-0.28112227,0.036422998,0.4858145,0.049531586,0.5106858,-0.635247,0.6980014,-0.2704409,-0.28084853,0.5437782,0.4923498,0.15088068
82,769,0.110259354,-0.42810053,-0.7300999,-0.6905765,-0.052607626,-0.57603425,0.09584209,0.00301373,-0.5348419,-0.8406193,0.5864186,-1.1079133,0.15552713,-0.3930524,-0.308514,-0.22095472
82,770,-0.6010084,-0.43108824,-0.5213243,-0.6615424,0.3032376,0.24032594,-0.41297686,-0.123394884,0.19936948,0.5375788,-0.48992148,0.6751695,-0.50947714,0.20905119,0.41967702,-0.06740235
82,772,-0.049293265,0.008138187,-0.14301282,0.80718493,-0.3712232,-0.44247013,-0.05238661,0.15827104,-0.14921328,0.016750641,0.42689565,0.31801763,0.19747125,0.48052654,-0.23185138,-0.11214869
82,782,-0.554829,-0.19680896,-0.4014734,-0.5869732,0.6087459,0.28681615,-0.4005159,-0.22903743,-0.019657888,0.18650272,-0.3942593,0.53727055,0.1237531,0.09259151,0.73102194,0.22938722
82,800,-0.2627679,0.49689192,-0.54732233,0.04920058,0.020255178,-0.060964935,-0.01692424,0.23149702,0.46334398,0.5206696,-0.066737026,-0.29371208,-0.82368433,0.75637853,-1.0425649,0.17058337
82,809,0.08083926,-0.3966817,-0.7439821,-0.6720231,-0.022408545,-0.5592672,0.07539211,-0.00554657,-0.53374887,-0.8327909,0.57136506,-1.0628846,0.18195286,-0.34802994,-0.29027492,-0.18748441
82,814,-0.5294699,-0.1557182,-0.37420395,-0.5616994,0.63069236,0.2793627,-0.39869064,-0.23070285,-0.043127798,0.13407998,-0.3778809,0.4590125,0.1928324,0.04310038,0.72935456,0.25246048
82,817,-0.28942767,0.2708898,-0.6755952,0.10633795,0.038922906,-0.19426055,0.03628683,0.008271627,-0.046926588,-0.07342055,0.17004381,-0.014482012,-0.13921556,0.8760263,-0.5410153,0.34567383
82,822,0.28965768,1.3347358,0.17674598,0.1805297,0.9304716,0.40357995,0.059149712,0.7332655,1.293728,0.8886649,0.33066466,-1.0126892,-0.43303654,0.0037776232,-0.7661279,0.15357739
82,830,-0.478473,0.026332386,-0.74474823,-0.30897576,0.4620169,-0.022549348,-0.23810449,-0.18060571,-0.2530317,-0.2448987,0.03947064,0.23751251,0.3186575,0.5338135,0.2523003,0.3865801
82,831,0.41529188,-0.37508556,0.6332283,0.34229106,-0.045845717,-0.18391576,-0.32350612,0.40826216,0.5059888,0.39029044,0.536321,-0.03436004,0.007851463,-0.76731765,0.79275554,-0.7905629
82,835,0.014709309,-0.38121346,0.5598376,-0.31964377,-0.45564353,0.4288087,0.50962865,-0.408186,-0.30171043,0.18740535,-0.77648044,0.70004815,-0.43953088,-0.066439405,-0.078109816,-0.123626456
82,841,-0.054775976,0.14558837,-0.31549427,0.72010404,-0.37643087,-0.4283352,-0.014851041,0.014639534,-0.3508826,-0.3625757,0.47064468,0.28164333,0.41061425,0.7086251,-0.30258822,0.14914827
82,842,-0.018977463,0.10746137,-0.1820309,0.8276841,-0.42017102,-0.44199127,-0.06297153,0.051167406,-0.3265651,-0.28112707,0.44862008,0.3139385,0.42420337,0.57963634,-0.23968135,0.06969218
82,850,0.98998356,-0.3319067,0.10779992,-0.67756885,-0.28112227,0.036423005,0.4858145,0.04953157,0.5106858,-0.635247,0.69800144,-0.27044094,-0.2808485,0.5437782,0.4923498,0.15088068
82,853,0.05415553,-0.26507422,0.4106262,0.98343915,-0.23975167,-0.4348812,-0.39970917,0.43121144,0.13276897,0.5410987,0.37754238,0.14534114,0.17872465,-0.5779788,0.23332906,-0.72754335
82,857,-0.32858896,-0.51586074,-0.32324094,-0.4154244,-0.16829354,-0.035478808,-0.1627039,-0.25030234,0.08650136,0.08320218,-0.5968833,-0.17179132,-0.6076417,-0.44121742,0.07268411,-0.20910367
82,863,0.34742573,0.887789,0.965206,0.21666272,0.15930337,0.5568854,0.4117955,-0.2091805,-0.4604842,-0.456506,-0.45586085,-0.14797938,0.8297722,-0.46447253,-0.3899821,0.5998849
82,864,0.08841279,0.023078464,0.6332377,-0.16010725,-0.18422222,0.46730366,0.41533792,-0.32741824,-0.32386065,0.007543899,-0.64005476,0.44182023,-0.0054688267,-0.16755164,-0.10684396,0.12586267
82,865,0.21548507,-0.5458801,0.579175,-0.1729191,-1.0389254,0.22787559,0.8477133,-0.42098084,-0.41423696,0.14944679,-0.7410725,0.57231516,-0.8631393,0.056635156,-0.6592129,-0.38007724
82,874,0.025230557,-0.15770587,0.5941851,-0.25059074,-0.25370023,0.46492356,0.4162742,-0.370691,-0.3037933,0.0938171,-0.7172115,0.5566293,-0.16766025,-0.16620731,-0.027075708,0.025703624
82,888,-0.064724356,0.2586671,0.517635,-0.1895213,0.33690125,0.55049455,0.04924579,-0.28155863,-0.23871058,-0.03240931,-0.5692499,0.34201306,0.44680107,-0.33591026,0.31252033,0.35549027
82,889,-0.038810283,-0.024421394,-0.176579,0.72216374,-0.35208088,-0.43262798,-0.023707576,0.16134924,-0.09483541,0.02993308,0.44696087,0.29665223,0.12884444,0.5077927,-0.211895,-0.12732583
82,923,0.1254169,-0.4469037,-0.71111816,-0.69627744,-0.06861976,-0.57939243,0.103914574,0.007874079,-0.53008145,-0.82957625,0.5858695,-1.1233977,0.13540639,-0.42257333,-0.31314003,-0.24378961
82,926,0.27203226,1.2883868,0.17101017,0.18023415,0.9149804,0.38700455,0.044011757,0.7149908,1.2513515,0.87739515,0.31993818,-0.97832656,-0.41317165,-0.014391869,-0.7310091,0.13681556
82,927,0.43080208,-0.34654722,0.65916145,0.36917067,-0.03348276,-0.18111493,-0.32517153,0.44018367,0.5502785,0.42566216,0.55647683,-0.0491391,-0.0047123693,-0.7896249,0.78182125,-0.8101102
82,935,-0.250337,0.059930257,-0.09221253,-0.17438117,0.24368364,-0.24841614,-0.18000805,-0.11820434,-0.48101032,-0.4848514,-0.24895206,-1.2684983,0.42517242,-1.2482044,-0.21802558,0.05131872
82,942,-0.32435703,0.2861111,-0.54438674,0.41279334,-0.102244765,-0.2379971,0.026327595,0.10179042,-0.07865497,0.156236,0.17968184,0.21935306,-0.1556383,0.87660146,-0.6952898,0.18664381
82,944,-0.38073543,0.21650562,-0.7781435,0.24897684,0.058901444,-0.26169983,0.032448232,-0.09977851,-0.39043468,-0.364663,0.3049444,0.24231096,0.3255359,1.0015697,-0.3188907,0.45758653
82,948,0.022887409,-0.36229372,0.5825119,-0.3135036,-0.45168108,0.4429615,0.51664877,-0.4086219,-0.30482483,0.18314943,-0.78312415,0.7064114,-0.4239804,-0.071176514,-0.08273713,-0.11212735
82,952,0.2648179,1.0476171,0.23167557,0.22616066,0.7974759,0.2960753,-0.020645909,0.6780281,1.129755,0.83879054,0.34431443,-0.8097151,-0.33880317,-0.14546263,-0.5098408,-0.010714933
82,982,-0.54243314,-0.34041157,-0.6401824,-0.5268344,0.17126982,0.12297401,-0.36920184,-0.03227416,0.23895963,0.5087915,-0.3741342,0.4769174,-0.6487341,0.35431358,0.07998115,-0.08504477
82,983,-0.053464666,0.0077767,-0.13920146,0.78820556,-0.35535806,-0.42957407,-0.059704266,0.14858589,-0.15803353,0.013323106,0.40808013,0.30957365,0.2056937,0.46148932,-0.21951903,-0.103532135
82,986,-0.42287347,0.100424714,-0.8259932,-0.29045272,0.46877885,-0.12294982,-0.21409039,-0.17249605,-0.3635282,-0.47087106,0.17116615,-0.01195373,0.46880963,0.52177554,0.1401864,0.4367845
82,991,-0.04673914,-0.017955333,-0.16730046,0.73193383,-0.34396005,-0.42776877,-0.03360615,0.16035843,-0.105958715,0.037367765,0.43222842,0.296467,0.14070417,0.48922798,-0.2134894,-0.12496489
82,994,-0.5366818,-0.44881076,-0.5373441,-0.58205914,0.086211264,0.18065043,-0.41816276,-0.008969419,0.3411646,0.7068819,-0.50760406,0.5433147,-0.84976107,0.20849936,0.08048249,-0.2444663
82,996,1.06152,-0.37278324,0.2713466,-0.7630745,-0.23427606,0.068937905,0.3624602,0.07956702,0.8215473,-0.6346078,0.90821856,-0.03578414,-0.25886607,0.52655816,1.0541226,0.008748323
82,1003,-0.23265007,0.22981355,-0.4362705,0.70141083,-0.25048772,-0.3751644,0.014577076,0.0032148361,-0.39244395,-0.23600224,0.3568451,0.3430569,0.33465928,0.8508118,-0.4577154,0.2530815
82,1010,0.87403345,-0.33767742,0.04954514,-0.52795315,-0.30958897,-0.053946383,0.41559154,0.0702736,0.40808308,-0.5834172,0.706534,-0.19608815,-0.21008827,0.5251045,0.42738104,0.077153176
82,1021,0.0011566579,0.2997532,0.56957555,-0.1266055,0.25374308,0.51385397,0.13244082,-0.27067333,-0.27819356,-0.08753782,-0.5433627,0.2372549,0.43248215,-0.35496378,0.15953258,0.3478529
82,1036,0.08481115,-0.28834474,0.46889248,1.0385005,-0.26829794,-0.4572343,-0.4198779,0.46697047,0.1641606,0.57062167,0.4137045,0.1547387,0.1817912,-0.63936055,0.27078563,-0.7943347
82,1040,-0.40593123,0.102452956,-0.8224393,-0.2875678,0.4595995,-0.13798073,-0.20659965,-0.16669032,-0.37335092,-0.49025437,0.18702914,-0.059625164,0.47505924,0.50308913,0.11716254,0.42938194
82,1049,-0.2617911,-0.016589262,-0.1794745,-0.15554973,0.1519067,-0.35542247,-0.15230909,-0.1247266,-0.47678947,-0.50174326,-0.24438088,-1.4294639,0.3060931,-1.3220795,-0.3122691,-0.0058260337
82,1054,-0.59871495,-0.30887154,-0.46040267,-0.64406425,0.5126076,0.28208652,-0.4063787,-0.20381871,0.049772993,0.3284916,-0.43197718,0.66804653,-0.10404542,0.16936475,0.6651167,0.124667436
82,1063,-0.18527418,0.44231033,-0.5512976,-0.10301922,0.05345054,-0.06482508,0.0036945716,0.1713875,0.48372614,0.37065718,-0.053119905,-0.44619033,-0.8181488,0.6963343,-0.9173195,0.22170913
82,1066,-0.18894614,0.17037067,0.14195836,-0.18729125,0.3448677,0.08840148,-0.13407591,-0.1772474,-0.37296775,-0.3043799,-0.36357117,-0.6053896,0.4877795,-0.867395,0.04967574,0.19960216
82,1075,0.34300533,0.8562387,0.94674623,0.21197318,0.14045587,0.54126674,0.41760248,-0.20739874,-0.45526928,-0.44145915,-0.44904718,-0.14564338,0.7912436,-0.4483999,-0.39894408,0.5801335
82,1084,-0.3922441,0.22355637,-0.7756845,0.24455701,0.083562374,-0.24374369,0.016446553,-0.10643934,-0.3968243,-0.3670615,0.2889962,0.24609609,0.34855306,0.9873738,-0.29038638,0.47330403
82,1088,-0.29228032,-0.72650385,-0.5046579,-0.313834,-0.53219104,-0.35775298,0.031912923,-0.272066,0.068489924,0.018122483,-0.57932884,-0.6898566,-1.0093877,-0.6478736,-0.344689,-0.38285863
82,1095,-0.06832596,0.2646753,0.50770676,-0.18981344,0.34843302,0.5476758,0.038384244,-0.27921805,-0.23757961,-0.03672506,-0.5624675,0.33638853,0.45932156,-0.33505687,0.32103556,0.3599883
82,1100,-0.3887594,0.23462257,-0.0016594231,-0.37891626,0.8382242,0.43407023,-0.4795612,-0.23863313,-0.12360197,-0.06128501,-0.4106026,0.26937422,0.7466284,-0.34452793,0.8776729,0.41930705
82,1111,-0.49756804,-0.0026256442,-0.7208687,-0.32238352,0.45311928,0.008462388,-0.25004888,-0.17741117,-0.21301119,-0.16462296,-0.0052038915,0.31170395,0.25656882,0.529845,0.27747464,0.35864624
82,1112,-0.016462743,0.08213543,-0.07618882,0.9391394,-0.44223702,-0.45777023,-0.110406734,0.097752966,-0.30809236,-0.17559072,0.4169444,0.34327692,0.42742902,0.45874536,-0.21231826,-0.0079455525
82,1114,-0.45660782,-0.0030460209,-0.2889183,-0.49922746,0.7145339,0.25169003,-0.4189514,-0.22540799,-0.12941974,-0.05849909,-0.31735986,0.17530373,0.44666573,-0.16044474,0.71699136,0.31686553
82,1118,-0.35689357,0.2649895,0.022841632,-0.3322041,0.81718564,0.43171355,-0.46254444,-0.22623026,-0.13119549,-0.0667807,-0.38720077,0.26730025,0.7666619,-0.32283002,0.84414834,0.426679
82,1133,0.024245009,-0.020040862,0.06639084,0.7754772,-0.20095545,-0.37132767,-0.16886309,0.32650006,0.11672677,0.3128545,0.41188723,0.11033295,0.08379741,0.018820561,-0.09481567,-0.36194304
82,1142,-0.32301563,0.28021714,-0.53575593,0.49530512,-0.1386762,-0.2710925,0.025546044,0.09062008,-0.15214673,0.09093255,0.22035003,0.27851507,-0.054663967,0.8992458,-0.6704143,0.1970836
82,1148,0.0882633,-0.29169276,0.47264597,1.0295186,-0.26439276,-0.45392594,-0.4204858,0.46746865,0.16890411,0.5718135,0.4148724,0.15258262,0.17873834,-0.6454172,0.2796967,-0.79790056
82,1152,0.41529188,-0.37508556,0.6332284,0.342291,-0.045845717,-0.18391576,-0.32350612,0.40826216,0.5059888,0.39029044,0.5363209,-0.03436004,0.007851459,-0.76731765,0.7927556,-0.7905629
82,1156,-0.04837382,-0.25680527,-0.80116606,-0.5910345,0.113313586,-0.47528455,-0.005018845,-0.047278695,-0.51760775,-0.7941116,0.49759686,-0.85488814,0.28796646,-0.13230851,-0.20465647,-0.024013989
82,1161,-0.3344878,-0.0032341257,-0.07116887,-0.3581512,0.46493748,0.30093354,-0.36076123,-0.21338569,-0.051130734,0.027396178,-0.44678858,0.21631125,0.28270847,-0.28455672,0.57563376,0.19432265
82,1165,-0.41996998,0.08971069,-0.1709105,-0.45051336,0.75753355,0.2999659,-0.43992478,-0.2271916,-0.13683997,-0.08596648,-0.33908516,0.14300811,0.57199854,-0.27673757,0.76035225,0.34286612
82,1180,-0.28460082,-0.70456415,-0.5025088,-0.29711568,-0.5148701,-0.36367896,0.038595155,-0.2706194,0.052664533,0.003221497,-0.55746275,-0.7081872,-0.9715111,-0.64551663,-0.3449598,-0.364325
82,1183,-0.4086998,0.098003544,-0.16565908,-0.43504077,0.74861133,0.29389244,-0.4332217,-0.22243041,-0.14035854,-0.089985564,-0.32659867,0.1330276,0.57668805,-0.27082467,0.7447083,0.34187022
82,1194,0.15660617,-0.4772498,-0.6999685,-0.7166335,-0.0984872,-0.59921414,0.120903835,0.018105619,-0.5363445,-0.84539026,0.6067498,-1.1739498,0.1172816,-0.47268927,-0.3309639,-0.27975538
82,1195,0.6534709,0.8191299,0.16627273,-0.2883857,0.5018118,0.381884,0.29171187,0.4442611,1.191152,0.2193464,0.5124068,-0.74445224,-0.44238743,0.4395532,-0.20986609,0.31129473
82,1207,0.43698642,-0.31828904,0.6674464,0.37745893,-0.01712896,-0.17381057,-0.32205117,0.45700863,0.5793478,0.4462372,0.5647868,-0.062679805,-0.014309924,-0.7935421,0.76645374,-0.80998284
82,1213,-0.22024351,0.5081712,-0.5405204,-0.06373233,0.04736024,-0.029317873,-0.021516375,0.23542514,0.56380135,0.52449346,-0.10777226,-0.4318823,-0.934085,0.70783556,-1.0503163,0.1833908
82,1228,0.2607376,0.70655364,0.86250925,0.117653325,0.16530359,0.5624724,0.3554436,-0.22809738,-0.40201646,-0.32578486,-0.4851184,0.0317509,0.6884775,-0.3716696,-0.23509566,0.52718437
82,1230,0.09144232,-0.2948181,0.44044772,0.9275412,-0.23011431,-0.42022142,-0.39790595,0.43597302,0.17094903,0.5361807,0.40350822,0.1385731,0.15828991,-0.60792696,0.3032437,-0.75806564
82,1244,0.061728507,-0.26373395,0.4251329,1.0319942,-0.25987616,-0.4564371,-0.40114236,0.46111676,0.1537704,0.5698597,0.4082373,0.15637296,0.16755952,-0.581544,0.2194028,-0.76253784
82,1249,-0.5098539,-0.4489791,-0.5741912,-0.5428551,-0.02263704,0.14801887,-0.42643,0.059796326,0.43809777,0.78342944,-0.52332723,0.44878167,-1.0505644,0.2295576,-0.11477138,-0.31432283
82,1256,-0.42110664,0.054205514,-0.21077369,-0.45842218,0.7278878,0.26497355,-0.4229445,-0.22107935,-0.1401144,-0.088138275,-0.3180068,0.117172256,0.5220067,-0.24769601,0.72022176,0.32389396
82,1262,0.271417,-0.3448733,0.30104968,0.39492512,-0.21598715,-0.30199534,-0.1939891,0.26262987,0.2542054,0.1624389,0.52079713,0.11041844,0.058336403,-0.25911242,0.5053178,-0.52823347
82,1273,-0.287484,0.08113656,-0.7359147,0.049637735,0.06816028,-0.27943,0.030736372,-0.08831882,-0.39374143,-0.41977167,0.32183364,0.011838265,0.28419146,0.7128022,-0.25580096,0.3343666
82,1275,0.024244979,-0.020040847,0.06639084,0.7754772,-0.20095539,-0.37132767,-0.16886309,0.3265001,0.11672677,0.3128545,0.41188717,0.110332966,0.08379741,0.018820569,-0.09481566,-0.36194304
82,1301,0.2355656,-0.23162933,-0.20309573,0.19498621,-0.32390743,-0.36721018,0.08584471,0.14162123,0.0014075488,-0.2022348,0.58388513,0.098387524,0.03385766,0.44468203,0.033813342,-0.1573151
82,1304,0.03688608,-0.20296142,0.18352848,0.83558744,-0.27535647,-0.42865533,-0.25280625,0.3247369,0.06933296,0.33744314,0.41216776,0.1833596,0.14166951,-0.18312153,0.09985946,-0.513471
82,1312,-0.40714535,0.15224725,-0.08839786,-0.41903633,0.7941968,0.36398706,-0.4589061,-0.23384342,-0.12667157,-0.06750251,-0.3774481,0.20407866,0.64606196,-0.31405202,0.818665,0.37343672
82,1317,-0.12269366,-0.18663572,-0.8106115,-0.53870165,0.18853734,-0.4119179,-0.0454318,-0.074261434,-0.48489773,-0.7322598,0.43098095,-0.70824224,0.31633374,-0.003218636,-0.14596795,0.06711113
82,1321,0.02444762,0.0202365,0.61544836,-0.20329052,-0.07219669,0.5025422,0.3264494,-0.34156546,-0.29842746,0.025999831,-0.6727089,0.45710742,0.05820648,-0.24274006,0.041123293,0.15164652
82,1324,-0.5333742,-0.46673068,-0.5727604,-0.57593745,0.0010654479,0.16895214,-0.43915975,0.043210812,0.4306727,0.79538566,-0.54142034,0.50843465,-1.035118,0.2235211,-0.058899954,-0.3140811
82,1332,0.4126455,0.13996902,0.048848093,0.077294916,-0.07363328,-0.011453106,0.24388774,0.20167461,0.5141056,0.031790413,0.41897222,-0.19042024,-0.3005063,0.4725635,-0.08111872,0.100443915
82,1354,-0.4127304,0.13138124,-0.12529342,-0.43369782,0.78413093,0.33445966,-0.45374364,-0.23092532,-0.13567491,-0.08544426,-0.357225,0.16590312,0.6263311,-0.3047596,0.79402125,0.36370248
82,1357,0.029737175,-0.09671766,0.6158471,-0.23587799,-0.20292044,0.48504004,0.39572638,-0.365352,-0.30628413,0.069605865,-0.71369183,0.5321799,-0.09420174,-0.19637337,-0.010014996,0.06680782
82,1365,-0.30362535,-0.7439276,-0.5001086,-0.3368525,-0.5325478,-0.33910653,0.022746272,-0.2746206,0.07737614,0.04029329,-0.6009189,-0.6437411,-1.0287057,-0.6413711,-0.32530165,-0.39347735
82,1369,-0.46608892,0.053754188,-0.79654706,-0.3126689,0.474904,-0.064067505,-0.23000719,-0.18353438,-0.29913932,-0.343774,0.09251171,0.14660145,0.38026425,0.544935,0.21581227,0.41714767
82,1389,0.7083287,0.14211255,0.120539695,-0.27072567,-0.08112559,0.156208,0.4711352,0.14716119,0.757256,-0.16243345,0.48813432,-0.29292503,-0.48617518,0.69475895,0.044887833,0.2962798
82,1394,-0.45602494,0.068197586,-0.8043755,-0.3038559,0.4756297,-0.077107094,-0.22648919,-0.18237041,-0.31641823,-0.3768756,0.11187409,0.11245227,0.40661746,0.5440097,0.20009845,0.42658335
82,1416,0.028612778,-0.20255701,0.17825633,0.78643125,-0.23666215,-0.40555343,-0.25067282,0.32547727,0.0864438,0.36139107,0.40046382,0.16820577,0.11505239,-0.19516033,0.110060684,-0.5146477
82,1430,-0.4748232,-0.03171794,-0.31480193,-0.50059736,0.6946933,0.2656692,-0.41057247,-0.2285882,-0.10521364,-0.0015141591,-0.3287443,0.27730644,0.387286,-0.074201465,0.7247031,0.31264877
82,1436,-0.47011092,0.04474724,-0.7722652,-0.30881894,0.47080147,-0.045565892,-0.23317266,-0.18310606,-0.28076667,-0.3048621,0.07077995,0.18535264,0.35973385,0.5394544,0.23410325,0.40632087
82,1448,0.35003427,1.3814951,0.13728371,0.077016234,0.92051065,0.45791486,0.1337665,0.6949456,1.3222739,0.79010063,0.32570457,-1.066695,-0.4663819,0.15538122,-0.8129997,0.27717972
82,1454,0.016202211,0.14384273,0.58530927,-0.16264214,0.07391234,0.50073016,0.24103384,-0.305731,-0.2863878,-0.022468708,-0.6020769,0.35605243,0.22106636,-0.27599868,0.09007387,0.2403312
82,1456,0.34430233,0.8144424,0.96996665,0.20249619,0.100568555,0.5472725,0.4484862,-0.21789798,-0.45478165,-0.4160348,-0.47630218,-0.120477095,0.73210734,-0.4545812,-0.4151308,0.55355024
82,1458,0.8498702,0.08566684,0.15442654,-0.45364577,-0.111926615,0.21348104,0.5551539,0.09221763,0.80382323,-0.3068656,0.5116443,-0.32507813,-0.51615983,0.76027256,0.15362793,0.37607807
82,1466,-0.5213622,-0.43155745,-0.5867262,-0.54598093,0.023966566,0.14632326,-0.41424525,0.040308423,0.39581388,0.73461163,-0.49375504,0.4673639,-0.9676248,0.25792336,-0.0650564,-0.2672851
82,1473,-0.60229516,-0.37046713,-0.48643914,-0.6541993,0.42198244,0.26650783,-0.40326893,-0.17448413,0.10983637,0.4214194,-0.45463794,0.6965264,-0.2782968,0.20019612,0.57190275,0.043553483
82,1475,0.4386979,1.3292607,0.13400945,-0.031264275,0.8516394,0.47916138,0.20297457,0.6396334,1.3294544,0.6477229,0.35784146,-1.0459161,-0.47993797,0.28109318,-0.74916273,0.3513318
82,1483,1.1242708,-0.3116372,0.17656821,-0.76498884,-0.30208725,0.1045015,0.58030474,0.038816266,0.6368338,-0.68712926,0.71782607,-0.33574846,-0.37054121,0.6056176,0.52326834,0.22471122
82,1486,0.049795464,-0.25952166,0.40249267,0.98465794,-0.238004,-0.43588033,-0.3956939,0.43348107,0.13399182,0.54541886,0.37944,0.14595307,0.17285971,-0.5665971,0.22126198,-0.7247686
82,1487,-0.30038166,-0.4224099,-0.4918537,-0.19327089,-0.2797318,-0.61735827,-0.05114369,-0.16876099,-0.31061903,-0.41310194,-0.33486027,-1.6174073,-0.37236544,-1.315131,-0.56949794,-0.27614573
82,1492,-0.005599022,0.30938086,0.5795016,-0.13332349,0.27329004,0.5298667,0.121332556,-0.27382472,-0.27473634,-0.08515414,-0.55588156,0.24926902,0.45002997,-0.36874828,0.18210381,0.35837042
82,1502,-0.3887594,0.23462257,-0.0016594231,-0.37891626,0.8382241,0.43407023,-0.4795612,-0.23863313,-0.12360197,-0.06128501,-0.4106026,0.26937425,0.7466284,-0.3445279,0.87767303,0.41930714
82,1504,0.44563785,-0.16717887,0.6909455,0.4228962,0.0768273,-0.13465896,-0.31244266,0.5361419,0.70499736,0.55831534,0.58286256,-0.13825905,-0.05783354,-0.81233037,0.66507715,-0.7984734
82,1511,0.34544274,0.8512063,0.95347166,0.2131178,0.13044262,0.5395252,0.42576045,-0.20880198,-0.4574811,-0.44104257,-0.45310336,-0.15141205,0.781149,-0.45591938,-0.4093452,0.5747007
82,1524,-0.29800653,-0.0011488646,-0.8680073,-0.42603517,0.37907583,-0.27760404,-0.15047723,-0.13458455,-0.4364227,-0.64886886,0.30720252,-0.39632568,0.4373543,0.30060637,-0.0063835382,0.3008692
82,1525,0.07599504,-0.2823719,0.4543009,1.0313377,-0.26579162,-0.45376876,-0.41617382,0.45476452,0.14973314,0.5576931,0.40139812,0.15399437,0.18813941,-0.62347364,0.25972384,-0.77386457
82,1527,0.05466515,-0.15301107,0.14022514,0.8557963,-0.30928165,-0.438879,-0.21045606,0.31381962,0.06255761,0.27164137,0.44340014,0.1891964,0.149947,-0.07045764,0.03540936,-0.45235145
82,1532,-0.12406096,0.22126433,-0.33047006,0.7753777,-0.32448512,-0.4064359,-0.04272018,0.010812439,-0.4209525,-0.3632213,0.41914093,0.28866196,0.47545755,0.7264883,-0.365097,0.22156698
82,1533,-0.2769853,0.23409343,-0.50556076,0.65338844,-0.22205612,-0.3699401,0.04870066,0.013219461,-0.35285503,-0.16688767,0.34588346,0.3612838,0.23778313,0.930266,-0.52147394,0.25938183
82,1536,-0.59748375,-0.36008418,-0.47769007,-0.64907324,0.4411965,0.2666342,-0.39539427,-0.18359065,0.08733551,0.39530236,-0.4402905,0.6948569,-0.2315398,0.19998059,0.59631413,0.06348771
82,1545,-0.10082806,0.185817,-0.32911304,0.736366,-0.3367465,-0.41010937,-0.02787403,0.010851383,-0.38613623,-0.3521043,0.4323958,0.2834964,0.435216,0.7187035,-0.33805907,0.19155625
82,1547,-0.5348579,-0.35087618,-0.6252081,-0.52613807,0.15746701,0.124298796,-0.36798537,-0.0257648,0.25088596,0.5296536,-0.38229758,0.46983433,-0.67470455,0.3382879,0.06933455,-0.10319054
82,1553,0.6472132,-0.49406457,0.29129764,-0.14840426,-0.3047678,-0.20098314,0.030161232,0.16596374,0.45310944,-0.26013857,0.75469965,0.09960775,-0.05946936,0.04986065,0.8707955,-0.37591758
82,1557,-0.4484724,0.025373675,-0.24628098,-0.4900341,0.7358321,0.2728939,-0.4309941,-0.22805762,-0.12872456,-0.06382658,-0.33298513,0.16756769,0.48903328,-0.20942819,0.74303275,0.32516128
82,1558,-0.27016336,-0.055034056,-0.2293866,-0.153582,0.122562476,-0.41357973,-0.15207282,-0.113548115,-0.482612,-0.5102835,-0.21691537,-1.5083529,0.26282266,-1.3416024,-0.35690713,-0.03950137
82,1565,-0.34285912,-0.38030538,-0.21601161,-0.44799417,0.036304325,0.121479824,-0.25720924,-0.23158044,0.0669872,0.10433658,-0.580592,0.06414172,-0.35351276,-0.34905732,0.27759537,-0.10711275
82,1566,-0.056210898,0.23113266,0.5222782,-0.18462542,0.29670447,0.534388,0.077623755,-0.28148112,-0.24157062,-0.024042703,-0.5693671,0.32847512,0.3980141,-0.3347282,0.272282,0.33181992
82,1569,0.8498703,0.08566683,0.15442654,-0.45364577,-0.111926645,0.21348104,0.5551539,0.09221763,0.80382323,-0.3068656,0.5116443,-0.32507813,-0.51615983,0.76027256,0.15362793,0.37607807
82,1572,0.01583375,-0.34484673,0.576136,-0.3113277,-0.4244867,0.44039136,0.49688923,-0.40443417,-0.30286062,0.17325294,-0.77676445,0.6780322,-0.39662135,-0.09554121,-0.07050401,-0.100151986
82,1574,0.018603176,-0.3685667,0.5632318,-0.31388533,-0.45041865,0.4303264,0.50927776,-0.4033889,-0.30188087,0.18436906,-0.7697989,0.6978023,-0.4284633,-0.06217,-0.084168404,-0.11696395
82,1576,-0.27676737,0.43015373,-0.5528976,0.1436766,-0.0080189705,-0.112549044,0.00036337227,0.18614358,0.29101014,0.39073947,0.015779119,-0.14272912,-0.6059927,0.79646444,-0.9229118,0.18431927
82,1585,-0.3371175,-0.34880763,-0.2050515,-0.43522704,0.06965539,0.13144264,-0.25956362,-0.22755572,0.05138333,0.09671833,-0.55808556,0.07473682,-0.29769647,-0.33358553,0.29548866,-0.082113475
82,1592,-0.014125839,0.07170711,-0.06929128,0.9647358,-0.45851225,-0.47218254,-0.10558853,0.11594465,-0.28895542,-0.14652112,0.4294455,0.35589218,0.40634465,0.4605601,-0.22007053,-0.035770684
82,1593,-0.5383262,-0.39981645,-0.6093993,-0.54669183,0.09089303,0.14214928,-0.3980705,0.009255752,0.33352345,0.6535445,-0.44965124,0.4888348,-0.8399067,0.300559,0.0060860217,-0.19370922
82,1595,-0.17631829,0.18758768,0.20042688,-0.19172859,0.35487902,0.16119945,-0.11592138,-0.1953974,-0.35311145,-0.26713967,-0.40240058,-0.47076502,0.49160668,-0.8066223,0.09970294,0.22667995
82,1618,0.05338785,0.07589946,0.021291345,0.62728965,-0.11779708,-0.28080425,-0.09444969,0.31820002,0.20384334,0.3059579,0.38866076,0.027304702,-0.013060886,0.13003744,-0.16721992,-0.2513237
82,1619,-0.322881,0.2255269,-0.72024554,0.18695877,0.047500074,-0.23632632,0.042234734,-0.054640997,-0.25247192,-0.25927618,0.25610307,0.12557623,0.14039454,0.9342361,-0.39762998,0.4074443
82,1622,0.035720423,-0.20634404,0.19524875,0.8168847,-0.24972734,-0.41766763,-0.25670278,0.34173056,0.09688069,0.37659907,0.41521862,0.17383632,0.114867195,-0.21055666,0.1117294,-0.5385905
82,1628,0.7246262,0.14294642,0.12061092,-0.31333643,-0.073103875,0.17685892,0.48547578,0.13084179,0.7641088,-0.18670562,0.47744814,-0.30673864,-0.49303782,0.70836943,0.057972983,0.32429528
82,1632,0.21548507,-0.5458801,0.5791751,-0.1729191,-1.0389254,0.22787559,0.8477133,-0.4209809,-0.41423696,0.14944679,-0.7410725,0.5723153,-0.8631392,0.056635156,-0.65921295,-0.38007724
82,1645,0.27785686,1.193681,0.21260256,0.21390487,0.86583894,0.34699818,0.011882789,0.7142301,1.2198919,0.8774564,0.34060216,-0.91501576,-0.38766256,-0.08699833,-0.6368645,0.05870955
82,1649,1.1516954,-0.22294444,0.19134486,-0.7335463,-0.2955454,0.12974441,0.6180022,0.07557144,0.7298296,-0.6448135,0.73169076,-0.37311447,-0.43712562,0.66973263,0.4390821,0.2576606
82,1655,-0.19331637,0.23704618,-0.37237397,0.76849556,-0.28401822,-0.3893052,-0.021833986,0.0130068585,-0.4150666,-0.2783938,0.37394556,0.32910427,0.41015145,0.78546965,-0.42531455,0.23984677
82,1661,-0.043226734,0.12418456,-0.29637486,0.7465488,-0.4066568,-0.44163427,-0.0024311468,0.025341846,-0.3237365,-0.3252294,0.4782951,0.31121773,0.37577966,0.716705,-0.2977494,0.11801324
82,1663,-0.24583176,0.51977885,-0.53750026,-0.006603509,0.03793077,-0.03409201,-0.028654128,0.2481986,0.5381104,0.56162024,-0.10379054,-0.3697503,-0.9102075,0.724838,-1.074233,0.16845554
82,1673,0.054665178,-0.15301107,0.14022514,0.8557963,-0.30928165,-0.43887898,-0.21045604,0.31381962,0.06255761,0.27164134,0.4434001,0.18919641,0.149947,-0.07045765,0.035409354,-0.45235145
82,1681,-0.41960487,0.13896534,-0.12907508,-0.441486,0.79940534,0.33852926,-0.4630164,-0.23348549,-0.1397058,-0.09592899,-0.35978186,0.16350761,0.64513814,-0.31263614,0.807111,0.37255627
82,1695,0.32740608,0.7096899,0.9380276,0.1775529,0.037601605,0.52189875,0.4744128,-0.23030207,-0.44741684,-0.3678396,-0.4853732,-0.077797964,0.61782205,-0.41837293,-0.41894066,0.48904052
82,1696,0.27004287,0.7409743,0.84710777,0.13956939,0.17606223,0.5398694,0.34874237,-0.21489422,-0.40756088,-0.354459,-0.4539883,-0.027329657,0.71972257,-0.37822032,-0.26417547,0.5408441
82,1703,-0.4000365,0.11555261,-0.122873515,-0.4195742,0.75337136,0.32305968,-0.43493026,-0.22562432,-0.1299214,-0.06890015,-0.34932005,0.16643025,0.58922625,-0.28697976,0.7649182,0.34677365
82,1714,-0.56478834,-0.43805176,-0.52879214,-0.61459047,0.18810947,0.2070431,-0.41282415,-0.0636096,0.26846427,0.62338185,-0.4922392,0.6092759,-0.68120533,0.21367984,0.24141449,-0.16006362
82,1756,-0.29915893,0.25429916,-0.519924,0.57833713,-0.1789813,-0.32375526,0.039115608,0.049152024,-0.26196572,-0.048564985,0.28803647,0.32494202,0.10435213,0.91671324,-0.58789957,0.2328002
82,1760,0.041273728,-0.28450435,0.6018796,-0.28196552,-0.40862775,0.450596,0.50589323,-0.39322612,-0.31070608,0.14820877,-0.7596013,0.65779364,-0.34599423,-0.09026247,-0.09891355,-0.066111356
82,1769,0.015459821,-0.20577943,0.26078352,0.84167176,-0.18492982,-0.39760187,-0.31136858,0.3927789,0.13486014,0.50021404,0.3816697,0.13749063,0.096536115,-0.36472207,0.13141525,-0.6131076
82,1782,0.40487722,-0.37951478,0.61772823,0.32705456,-0.043847144,-0.18116051,-0.32151273,0.39354464,0.4877779,0.37714106,0.52319473,-0.031655826,0.012406774,-0.75426906,0.79063123,-0.7749787
82,1790,0.20081872,0.52187747,0.78477764,0.036110207,0.09662697,0.53606886,0.34868538,-0.2555227,-0.3760116,-0.23660594,-0.5235064,0.13694407,0.51729923,-0.3247047,-0.16968577,0.4241587
82,1794,0.27935565,-0.5078803,0.73339343,-0.13865383,-1.1134577,0.2938125,0.96287245,-0.45865652,-0.45994508,0.13108313,-0.8111241,0.6260154,-0.85936177,0.035342082,-0.7230724,-0.36426327
82,1799,0.5625061,1.0289468,0.14884499,-0.18678418,0.6438978,0.42504597,0.25878417,0.51694,1.2417834,0.38897294,0.44214374,-0.866099,-0.4571575,0.38586363,-0.43358022,0.3380129
82,1809,-0.088582285,0.18550858,-0.3264629,0.7548637,-0.35769796,-0.4228175,-0.02537781,0.013851136,-0.38661128,-0.36651602,0.45122635,0.28853664,0.44324735,0.72744167,-0.34021777,0.18593344
82,1812,0.12541687,-0.4469037,-0.7111181,-0.69627756,-0.06861973,-0.57939243,0.103914574,0.007874079,-0.53008145,-0.82957613,0.5858695,-1.1233978,0.13540639,-0.42257327,-0.3131401,-0.24378952
82,1815,0.33070314,0.8636154,0.9701419,0.19333868,0.16880727,0.5798844,0.40194649,-0.22009283,-0.45072788,-0.43030438,-0.48244348,-0.09498201,0.8168356,-0.46272576,-0.34563565,0.59548753
82,1822,0.27935567,-0.5078803,0.7333933,-0.13865383,-1.1134577,0.2938125,0.96287245,-0.4586565,-0.45994508,0.13108313,-0.8111241,0.6260153,-0.85936177,0.035342112,-0.7230724,-0.36426327
82,1824,0.98693335,-0.55678195,0.2908198,-0.6385512,-0.34399682,-0.060675673,0.25907683,0.06952166,0.6735468,-0.62313235,0.9270863,0.07692316,-0.1795481,0.372981,1.1669216,-0.16878083
82,1827,-0.5420395,-0.27082893,-0.66500247,-0.49322242,0.25531685,0.103728294,-0.33819273,-0.078259915,0.12873201,0.3470819,-0.28892958,0.47174132,-0.42688775,0.4117413,0.16275539,0.033067614
82,1828,-0.10726032,0.19396862,-0.3322209,0.74321896,-0.33347768,-0.40929282,-0.029495358,0.010452136,-0.393435,-0.3541543,0.42949614,0.2850616,0.4419368,0.7239468,-0.34592265,0.19921985
82,1836,-0.218789,0.14282292,0.04530257,-0.18381543,0.3180269,-0.06832084,-0.16783443,-0.14422622,-0.44200033,-0.41368973,-0.30837694,-0.9516237,0.5015646,-1.0860999,-0.07920341,0.13906318
82,1866,0.036453947,-0.2055054,0.20043033,0.82156277,-0.24538413,-0.41891906,-0.25830492,0.3535703,0.109091714,0.39465553,0.42248198,0.17246321,0.104409955,-0.21886548,0.110066794,-0.5525441
82,1872,-0.0011449307,-0.1868887,0.1705597,0.7002197,-0.14067867,-0.35386598,-0.25998294,0.33449957,0.11612137,0.43178168,0.35844254,0.12408911,0.06646599,-0.24629441,0.1131234,-0.5163359
82,1879,-0.53117347,-0.22569181,-0.66383016,-0.46099323,0.29636252,0.09001275,-0.31536728,-0.10068056,0.06470074,0.2590521,-0.23745736,0.4546085,-0.29694772,0.43402648,0.19884594,0.094929494
82,1899,-0.30362535,-0.74392754,-0.5001086,-0.3368525,-0.5325478,-0.33910653,0.022746265,-0.2746206,0.07737616,0.04029329,-0.6009189,-0.643741,-1.0287057,-0.6413711,-0.32530165,-0.39347735
82,1908,-0.5160979,-0.120213255,-0.667362,-0.37754217,0.37610412,0.06353685,-0.2735353,-0.1473798,-0.07201059,0.06740005,-0.13016911,0.43126678,-0.015703816,0.49163997,0.26833284,0.23202614
82,1918,-0.016885638,0.30905852,0.5659071,-0.14051835,0.29226854,0.53041106,0.10293381,-0.27277744,-0.2687121,-0.082012944,-0.5537195,0.25129095,0.46012652,-0.3710264,0.20438081,0.3622076
82,1926,1.06152,-0.37278324,0.27134666,-0.7630745,-0.23427603,0.06893791,0.36246026,0.07956704,0.8215474,-0.63460773,0.9082186,-0.03578414,-0.2588661,0.52655816,1.0541226,0.0087483
82,1941,0.012992367,-0.31304032,0.55936944,-0.2984757,-0.38514984,0.43223214,0.47152567,-0.39116347,-0.29867432,0.15982175,-0.74947083,0.64181674,-0.35487592,-0.10176733,-0.0620801,-0.07832819
82,1946,-0.5108998,-0.08427811,-0.34212077,-0.5453476,0.687213,0.2821525,-0.41929668,-0.23506653,-0.07840304,0.052750606,-0.36351165,0.36152634,0.31747264,-0.04007268,0.75183463,0.29369226
82,1956,-0.38073543,0.21650562,-0.7781435,0.24897681,0.058901444,-0.26169983,0.032448247,-0.09977851,-0.39043474,-0.36466303,0.3049444,0.24231096,0.32553595,1.0015697,-0.3188907,0.45758647
82,1959,0.30842462,-0.4628307,0.8111677,-0.118013516,-1.1185303,0.3337767,1.0016513,-0.4699964,-0.47774035,0.1144651,-0.839844,0.6391214,-0.82571924,0.013044283,-0.7432021,-0.3372002
82,1960,0.25672966,0.19553587,0.41505286,0.30209357,0.3480808,0.004428493,-0.22514357,0.49038312,0.6920011,0.6188621,0.40134522,-0.29432732,-0.10978168,-0.53610027,0.2528818,-0.457955
82,1973,-0.115040235,0.21451521,-0.33307636,0.78236264,-0.34318972,-0.41772246,-0.033393733,0.013787322,-0.41226226,-0.3650451,0.4348436,0.29671913,0.46559036,0.7413636,-0.36794823,0.21217564
82,1976,0.3123072,1.3791524,0.15457317,0.133895,0.94152457,0.43732193,0.09444529,0.72086996,1.3163875,0.8563335,0.32087764,-1.0535587,-0.45402414,0.07529141,-0.8090797,0.22080052
82,2006,0.19626257,-0.33662936,0.3811662,0.65274346,-0.2340726,-0.3666583,-0.3005202,0.34958375,0.21535827,0.33641914,0.47663322,0.12598734,0.11242691,-0.44646055,0.42969614,-0.6569504
82,2016,-0.38353434,0.2122209,-0.019634634,-0.3753286,0.8112284,0.411617,-0.46408188,-0.23322552,-0.12253905,-0.055208266,-0.3942416,0.2558426,0.70884395,-0.3226643,0.8463647,0.40180412
82,2025,-0.3612141,0.22475213,-0.0019060671,-0.34563124,0.78999597,0.4090603,-0.44775718,-0.2257314,-0.12511085,-0.052647702,-0.38099557,0.25565583,0.70864314,-0.30750155,0.8188015,0.40081877
82,2028,0.35450903,-0.34174448,0.9298471,-0.07447355,-1.0837028,0.39577094,1.0366955,-0.47099814,-0.5010922,0.06646028,-0.8671166,0.6164834,-0.71960866,-0.046813235,-0.77712125,-0.26441377
82,2050,-0.57605946,-0.4427305,-0.53172326,-0.6279274,0.20135179,0.21581146,-0.41863334,-0.06998327,0.26805317,0.6246347,-0.50135714,0.62900347,-0.67368174,0.2143014,0.26519793,-0.15349197
82,2059,0.067724645,-0.20554769,0.19379178,0.93934065,-0.37543464,-0.48227385,-0.2484982,0.315605,0.028239757,0.2583301,0.45023915,0.22544135,0.20653799,-0.13408804,0.085780546,-0.5025253
82,2063,-0.05131816,0.12157024,-0.30639055,0.7123799,-0.38362074,-0.42805263,-0.002319172,0.019097991,-0.32147992,-0.32109466,0.46448773,0.29844224,0.3663968,0.70959854,-0.2917723,0.124768354
82,2071,-0.39387894,0.17717549,-0.052406922,-0.39328927,0.7956466,0.3889536,-0.45790887,-0.23266995,-0.119433954,-0.049354203,-0.38674536,0.24198596,0.6649736,-0.3085677,0.83022887,0.3830424
82,2080,-0.04440374,-0.009670585,-0.15882728,0.7723482,-0.3651451,-0.44158912,-0.03598103,0.16621825,-0.11542821,0.032868527,0.44232154,0.31055602,0.15606882,0.496619,-0.22621016,-0.12745792
82,2083,-0.36349124,0.23874292,0.008717269,-0.34579635,0.805305,0.42224118,-0.45690423,-0.22801647,-0.12571314,-0.05593186,-0.3896047,0.26537722,0.7317317,-0.31777358,0.8367463,0.4117965
82,2084,0.014709309,-0.38121346,0.5598377,-0.3196438,-0.45564353,0.42880872,0.50962865,-0.40818605,-0.30171043,0.18740535,-0.77648056,0.70004797,-0.43953088,-0.06643939,-0.078109846,-0.123626456
82,2086,-0.53832614,-0.39981645,-0.6093993,-0.54669183,0.090893,0.14214931,-0.39807057,0.009255759,0.33352345,0.65354437,-0.4496512,0.48883486,-0.83990675,0.30055898,0.006086029,-0.19370916
82,2090,1.1882913,-0.29054958,0.20993257,-0.7791198,-0.32445675,0.1290631,0.62841,0.042056747,0.7085758,-0.70655566,0.7400078,-0.35616776,-0.41745692,0.65685713,0.5246012,0.25906944
82,2099,-0.5479106,-0.28091404,-0.6683665,-0.501719,0.24503326,0.10880284,-0.34696364,-0.07184708,0.14646615,0.37251416,-0.30390942,0.481925,-0.4614157,0.4093966,0.152509,0.016993493
82,2104,-0.54698765,-0.46909788,-0.5623945,-0.5955765,0.04826483,0.18069409,-0.43658304,0.014758021,0.39108187,0.7621176,-0.5356453,0.54316103,-0.95399296,0.21528322,0.023048937,-0.2839697
82,2106,-0.040812105,-0.037890434,-0.18788543,0.6775562,-0.33117443,-0.42072588,-0.017202929,0.16123247,-0.07375782,0.04451081,0.4427195,0.2825026,0.099519834,0.5047691,-0.2003059,-0.13274187
82,2107,-0.0368395,-0.045440085,-0.20228557,0.65596324,-0.3315212,-0.42157567,-0.0033413619,0.16301528,-0.05640605,0.04547649,0.45593837,0.28089514,0.07616142,0.5269741,-0.20075114,-0.13528483
82,2108,0.31320125,0.83217895,0.9327551,0.18010919,0.17277911,0.56367123,0.3843258,-0.21734151,-0.4402579,-0.41451865,-0.47093508,-0.0897562,0.7939388,-0.4465614,-0.3259384,0.5800426
82,2114,1.0473857,-0.11280912,0.27178445,-0.7081348,-0.09096795,0.15872289,0.3842414,0.17161077,0.9629264,-0.48603943,0.8618706,-0.20902164,-0.32838517,0.54710877,0.80669385,0.0961009
82,2123,0.015290275,-0.21387061,0.28927192,0.8687658,-0.18785214,-0.40027624,-0.3338256,0.39599442,0.12626772,0.5103889,0.36663055,0.13415915,0.1188163,-0.41583478,0.1479544,-0.62871516
82,2140,-0.32641348,-0.1551998,-0.13769248,-0.3799613,0.28122348,0.21199104,-0.30521464,-0.21206862,-0.0105104,0.057001956,-0.47329396,0.14203258,0.021542113,-0.28554934,0.4300214,0.07033138
82,2146,0.02973719,-0.096717656,0.6158471,-0.23587799,-0.20292044,0.48504004,0.39572644,-0.36535203,-0.30628413,0.069605865,-0.7136918,0.5321799,-0.09420174,-0.19637337,-0.010014996,0.066807814
82,2156,-0.026494905,0.05657255,-0.08346929,0.95928246,-0.4517281,-0.47764122,-0.088593714,0.14052707,-0.24629828,-0.08289996,0.43743968,0.3626506,0.3433908,0.475903,-0.23994617,-0.070346236
82,2166,1.0700718,-0.2936544,0.2734529,-0.7588961,-0.1937095,0.10523546,0.37939256,0.103865586,0.8718482,-0.598834,0.8927719,-0.08930533,-0.28589895,0.5482123,0.981096,0.050665453
82,2177,-0.020141631,0.10715129,-0.14011836,0.8894895,-0.4377696,-0.452047,-0.07993135,0.06805552,-0.32788014,-0.24590495,0.43836853,0.33602414,0.43400908,0.5483171,-0.23935775,0.048873615
82,2179,1.1882913,-0.29054955,0.20993257,-0.77911973,-0.3244568,0.1290631,0.62841,0.04205676,0.7085758,-0.7065556,0.7400078,-0.35616776,-0.41745692,0.65685713,0.52460116,0.25906944
82,2184,-0.4127304,0.13138124,-0.12529342,-0.43369782,0.78413093,0.33445966,-0.45374364,-0.23092532,-0.13567491,-0.08544427,-0.35722497,0.1659031,0.62633115,-0.30475962,0.79402125,0.36370245
82,2185,-0.54975486,-0.45589638,-0.54253364,-0.5978622,0.09914337,0.18912847,-0.42480832,-0.015277289,0.34058797,0.710134,-0.5166103,0.5666593,-0.8449194,0.21058784,0.10487736,-0.23984721
82,2220,-0.012780264,0.121269055,-0.19035834,0.8665634,-0.44952995,-0.4624689,-0.056367494,0.054740928,-0.33812505,-0.30669713,0.47590566,0.32754675,0.44219905,0.613842,-0.26237237,0.0752528
82,2228,-0.015953094,0.12117415,-0.20478939,0.8478846,-0.44311255,-0.459057,-0.049292702,0.050415047,-0.33593845,-0.31070462,0.4767241,0.32365704,0.43371785,0.6264887,-0.26579857,0.08085207
82,2244,0.04896593,-0.35382858,-0.70033157,-0.50994587,-0.080379695,-0.50986916,0.11691713,-0.003184259,-0.48593897,-0.7048188,0.5345765,-0.832927,0.123842716,-0.14710456,-0.31283265,-0.13362077
82,2252,-0.39959615,0.10143394,-0.8301251,-0.2934624,0.4577397,-0.14871304,-0.20257682,-0.16504133,-0.37901503,-0.5051506,0.19732119,-0.08648915,0.47676635,0.4981423,0.10506742,0.42708778
82,2279,-0.25555325,0.022650175,-0.13548264,-0.16452065,0.1979037,-0.3017394,-0.16579783,-0.12120136,-0.47917753,-0.49361768,-0.24618442,-1.3487777,0.36645284,-1.2843403,-0.2657982,0.023312218
82,2284,0.36982337,0.10879678,1.0080262,0.051683143,-0.6228473,0.48266482,0.86942357,-0.39144918,-0.5095398,-0.107242905,-0.71436757,0.3813847,-0.13599151,-0.17247176,-0.61996585,0.07329676
82,2287,0.34705612,0.831344,0.96588385,0.20859085,0.11057451,0.54444677,0.441917,-0.21398373,-0.45666587,-0.42714748,-0.466812,-0.13390207,0.7519745,-0.45456278,-0.41670805,0.5628277
82,2289,0.44530192,-0.21278822,0.68753004,0.41089076,0.048139334,-0.14680351,-0.3151096,0.5145843,0.67115635,0.52637386,0.580627,-0.11429192,-0.0457888,-0.80881226,0.6979063,-0.804459
82,2292,-0.03416568,0.2801445,0.54494774,-0.15901075,0.2992086,0.5324798,0.08842425,-0.27561426,-0.25678092,-0.059245132,-0.55813676,0.2837975,0.44022265,-0.35425347,0.23681615,0.35248315
82,2296,-0.3962969,0.19025815,-0.04390207,-0.39374733,0.81008637,0.39980552,-0.46652335,-0.23482981,-0.12045674,-0.053700224,-0.3935196,0.24848802,0.68674797,-0.3188021,0.8465008,0.39285752
82,2298,-0.35510036,0.14687264,-0.012359455,-0.35341054,0.66580087,0.3862733,-0.4299879,-0.22444028,-0.09005164,-0.022792734,-0.43417907,0.25724134,0.5545167,-0.32432258,0.74165845,0.3233078
82,2301,-0.51074237,-0.051662073,-0.69679093,-0.34252003,0.42066246,0.03656535,-0.26167178,-0.16577417,-0.1523511,-0.060085036,-0.061850023,0.38007003,0.1419786,0.5198404,0.27878234,0.30692208
82,2313,-0.077601574,0.26906022,0.4852642,-0.1946502,0.3706535,0.54608727,0.016699456,-0.2755436,-0.23150654,-0.036255248,-0.5510634,0.3438045,0.47669122,-0.32043657,0.3458195,0.3675358
82,2316,-0.31375322,0.23388478,-0.7102419,0.16679619,0.04590176,-0.22760206,0.041995898,-0.04008475,-0.20596255,-0.2189061,0.2376442,0.0932969,0.07636364,0.9214656,-0.4285214,0.3937932
82,2317,0.042604223,-0.0926023,0.1104967,0.8281006,-0.26213133,-0.41108623,-0.19138941,0.32433164,0.09094967,0.29556414,0.4341675,0.15510577,0.119552985,-0.0326505,-0.02388765,-0.41696233
82,2319,0.42946228,-0.4109437,0.33398834,0.2404121,-0.27379322,-0.28123063,-0.120881796,0.25040796,0.34852743,0.023999142,0.6309274,0.11700463,0.017303728,-0.17397866,0.65785986,-0.50897926
82,2323,-0.5677496,-0.20656566,-0.40812886,-0.599642,0.6106236,0.29425073,-0.40736496,-0.2303935,-0.012045935,0.20220119,-0.4053159,0.56522363,0.10984141,0.10016553,0.74165744,0.22524257
82,2326,-0.24525523,0.39098614,-0.6300329,0.01302883,0.028366148,-0.13420972,0.029482827,0.109784655,0.2642827,0.1906951,0.05216189,-0.24223483,-0.5504911,0.83119035,-0.8049591,0.28640264
82,2346,-0.30158842,0.2427853,-0.5231254,0.54241186,-0.16126665,-0.31146336,0.040523797,0.04691582,-0.24730644,-0.031468026,0.27491137,0.31439158,0.08112833,0.9033499,-0.57687706,0.2270843
82,2364,0.94578695,-0.5571372,0.2744976,-0.61530286,-0.33615547,-0.07209157,0.23852323,0.06515788,0.6375103,-0.6036695,0.9047058,0.07747173,-0.16606575,0.34991056,1.1411268,-0.17856061
82,2378,-0.21389581,0.14846241,0.058829725,-0.18295956,0.32678336,-0.038288556,-0.16488072,-0.14982623,-0.42447293,-0.3896003,-0.3151166,-0.8793512,0.49778938,-1.0329005,-0.049916223,0.15246184
82,2381,-0.5160979,-0.120213255,-0.667362,-0.37754217,0.37610412,0.06353686,-0.2735353,-0.1473798,-0.07201059,0.06740005,-0.13016911,0.43126678,-0.015703816,0.49164,0.26833284,0.23202616
82,2390,-0.3178811,0.33779556,-0.5557109,0.39542657,-0.10393292,-0.22794604,0.029089987,0.124041654,-0.0061297864,0.19796878,0.16049667,0.15216015,-0.24731775,0.8950862,-0.7795207,0.19517335
82,2393,-0.49894646,-0.12702237,-0.3526343,-0.53210604,0.63132864,0.26278546,-0.38735312,-0.22752869,-0.06264551,0.09385604,-0.35456008,0.3826612,0.23273626,0.008102864,0.7055771,0.26076812
82,2404,-0.047893748,-0.23852229,-0.71521354,-0.3631298,-0.03695637,-0.4409125,0.09900537,-0.028410472,-0.4465748,-0.61347604,0.47142455,-0.5865023,0.14944227,0.10696658,-0.29086053,-0.001037538
82,2405,0.03418705,-0.2601256,0.5572338,-0.26950157,-0.3661633,0.42652074,0.47002107,-0.37234503,-0.3018949,0.13670325,-0.7129696,0.6133505,-0.3101451,-0.078020275,-0.09132856,-0.048854306
82,2408,-0.28721327,-0.19843349,-0.42050195,-0.11402249,-0.055328667,-0.6425666,-0.099718645,-0.11155433,-0.4829136,-0.5548697,-0.17712978,-1.847679,0.03832042,-1.4651928,-0.5658765,-0.15118793
82,2414,0.2569301,0.8877541,0.2616038,0.23451306,0.7227038,0.24527179,-0.058084887,0.6381162,1.0391588,0.79668593,0.34647048,-0.7036301,-0.28841007,-0.21849576,-0.36434966,-0.08702485
82,2419,0.3284416,0.7492087,0.93928087,0.18528278,0.07106578,0.5261606,0.4548881,-0.22156587,-0.4464668,-0.38587064,-0.47536156,-0.102963984,0.6640664,-0.4347707,-0.41268802,0.51420456
82,2430,-0.25222868,0.35241508,-0.6380629,0.029997379,0.032085195,-0.14936239,0.032415494,0.08134843,0.18509029,0.12032085,0.081655696,-0.18710853,-0.44601828,0.83426064,-0.72793275,0.2988919
82,2439,-0.2627917,0.05472807,-0.7405045,0.016624242,0.051500797,-0.30079743,0.044572547,-0.08225709,-0.4031871,-0.4495546,0.34397337,-0.048177756,0.27430457,0.66665655,-0.2707709,0.30845636
82,2453,0.049283385,-0.20050347,0.5829698,-0.2460818,-0.3356616,0.43945798,0.4661848,-0.3653568,-0.3090936,0.109774,-0.70403475,0.58328265,-0.2495041,-0.09810367,-0.10004912,-0.013337597
82,2462,0.24357274,-0.54289466,0.651353,-0.16211691,-1.0879762,0.2565221,0.90794224,-0.442445,-0.43739325,0.14642756,-0.7798907,0.6063984,-0.8768296,0.047307327,-0.69096774,-0.3833832
82,2466,-0.56857955,-0.45740557,-0.5460514,-0.6184725,0.1355925,0.20263131,-0.42889112,-0.034327418,0.32385856,0.6914809,-0.5217452,0.6003812,-0.7993422,0.21454054,0.16380975,-0.21293184
82,2469,0.06232953,-0.20833597,0.19315746,0.9110853,-0.34818918,-0.4701592,-0.24671559,0.32745335,0.053958863,0.29262462,0.4511359,0.21520503,0.17522693,-0.14694309,0.09080652,-0.5186429
82,2472,-0.250337,0.059930228,-0.09221251,-0.17438117,0.24368362,-0.24841613,-0.18000804,-0.11820433,-0.48101044,-0.48485145,-0.24895206,-1.2684984,0.4251724,-1.2482044,-0.21802558,0.05131872
82,2488,0.87403345,-0.33767742,0.04954514,-0.52795315,-0.30958897,-0.053946383,0.41559148,0.0702736,0.40808308,-0.5834172,0.706534,-0.19608815,-0.2100883,0.5251046,0.42738104,0.07715318
82,2520,0.11752689,0.07613351,0.04306048,0.58214635,-0.1370827,-0.25796223,-0.048799478,0.31104556,0.25370157,0.26719663,0.4092365,0.0042339824,-0.049190227,0.17060868,-0.14912294,-0.21927851
82,2521,0.26134852,0.79246366,0.2925568,0.24541022,0.6745862,0.21425116,-0.08466681,0.6216719,0.9982811,0.778024,0.3546673,-0.6492748,-0.26248965,-0.27571392,-0.27137405,-0.14398241
82,2525,-0.3240068,0.1374253,-0.7567756,0.121244565,0.07531826,-0.26897925,0.022085749,-0.095365204,-0.4023353,-0.41521758,0.31672227,0.09380044,0.32105717,0.81550384,-0.26807952,0.38864818
82,2526,0.40487722,-0.37951478,0.61772823,0.32705456,-0.043847144,-0.1811605,-0.32151273,0.39354464,0.4877779,0.37714106,0.52319473,-0.031655826,0.012406774,-0.75426906,0.79063123,-0.7749787
82,2529,0.32501912,-0.42695332,0.8520864,-0.10356136,-1.1126204,0.3544211,1.0178416,-0.4716375,-0.48620337,0.10062746,-0.85004574,0.6361615,-0.7965491,-0.002813995,-0.75687325,-0.31595457
82,2539,-0.10424244,0.25720614,0.42754796,-0.1986511,0.38597408,0.4768711,-0.024503432,-0.26275408,-0.2475174,-0.080579646,-0.52420014,0.18811895,0.4905644,-0.42224216,0.32313788,0.3444283
82,2548,-0.5677496,-0.20656568,-0.40812886,-0.599642,0.61062366,0.29425076,-0.40736502,-0.2303935,-0.012045935,0.20220119,-0.40531594,0.56522363,0.10984141,0.10016553,0.74165744,0.22524258
82,2552,-0.2586551,0.24114275,-0.47691154,0.70882875,-0.25368157,-0.38577518,0.03753279,0.0076880604,-0.3884889,-0.21500006,0.36505336,0.36955917,0.30297717,0.916201,-0.5045715,0.26275504
82,2561,-0.58902746,-0.2961642,-0.45112425,-0.6309808,0.5194644,0.27850932,-0.39954805,-0.20595866,0.037777007,0.3102353,-0.42070213,0.65096307,-0.07518165,0.16570243,0.6687445,0.13647974
82,2565,0.019109786,0.06063036,0.589007,-0.186452,-0.017596915,0.49064985,0.2910347,-0.3250677,-0.29186988,0.0076861493,-0.6351429,0.4095206,0.114005804,-0.24749935,0.05772338,0.18121724
82,2580,0.061728477,-0.26373395,0.4251329,1.0319943,-0.25987616,-0.45643708,-0.40114242,0.46111676,0.15377037,0.56985974,0.4082373,0.156373,0.16755952,-0.58154404,0.21940279,-0.76253784
82,2599,-0.11074269,-0.1939308,-0.7941843,-0.5360255,0.17664364,-0.41342324,-0.040055394,-0.07012285,-0.48268425,-0.7257291,0.43186307,-0.71819866,0.30815348,-0.022123456,-0.15096827,0.053008005
82,2600,0.3123072,1.3791525,0.15457311,0.13389497,0.9415245,0.43732193,0.09444529,0.7208699,1.3163874,0.8563335,0.32087767,-1.0535587,-0.45402408,0.075291425,-0.8090797,0.2208005
82,2615,-0.29708415,-0.5533165,-0.5055553,-0.24596998,-0.39549893,-0.52956265,-0.015873939,-0.20771562,-0.16650908,-0.25588444,-0.4298987,-1.2779402,-0.6321296,-1.0692326,-0.49659973,-0.33077478
82,2620,0.3312097,0.56215966,0.93854344,0.14857073,-0.09605461,0.5155233,0.55718005,-0.26491565,-0.44911093,-0.29314268,-0.52623206,0.047272373,0.43886644,-0.32962632,-0.44171983,0.39905387
82,2623,-0.12269366,-0.1866357,-0.8106115,-0.53870165,0.18853733,-0.41191792,-0.045431804,-0.074261434,-0.48489773,-0.7322598,0.43098098,-0.7082422,0.31633374,-0.003218636,-0.14596795,0.06711112
82,2625,0.020105392,-0.20627683,0.24936399,0.81895965,-0.18314579,-0.3935082,-0.30006576,0.38719192,0.13943808,0.48812693,0.38896963,0.13805826,0.087215036,-0.34233218,0.13387476,-0.604397
82,2628,0.35090312,0.10754041,0.07276034,0.2658878,-0.13051334,-0.10378251,0.15798508,0.24335885,0.44186407,0.0903468,0.4394541,-0.12060957,-0.21568505,0.37687522,-0.08926879,-0.012372404
82,2630,0.35332528,-0.20755309,0.93858683,-0.03312324,-0.92435044,0.41248968,0.98283476,-0.4452813,-0.5083521,0.01599784,-0.79727304,0.5434064,-0.52492106,-0.067168295,-0.70936024,-0.15512934
82,2632,0.44946006,-0.36026877,-0.1635854,-0.13722523,-0.31924677,-0.3050005,0.14840572,0.10567088,0.021119684,-0.4067125,0.6450211,-0.036197405,0.037173655,0.35727155,0.22682953,-0.14532761
82,2637,0.35450903,-0.34174448,0.92984724,-0.07447355,-1.083703,0.3957709,1.0366954,-0.4709981,-0.5010922,0.06646029,-0.8671166,0.61648345,-0.7196086,-0.046813205,-0.7771212,-0.2644138
82,2645,-0.037300915,0.11516192,-0.26443082,0.7569511,-0.4042645,-0.43651003,-0.017963856,0.031473704,-0.31911916,-0.30595505,0.46501216,0.30960336,0.3809611,0.6748311,-0.27660722,0.102540046
82,2664,-0.42656523,0.06021539,-0.20328555,-0.4639387,0.74097717,0.2775211,-0.43126756,-0.22495192,-0.137556,-0.08559484,-0.32937104,0.12988172,0.5341025,-0.25707647,0.7392189,0.33008376
82,2673,-0.28408533,-0.19139642,-0.38304827,-0.12127421,-0.05385849,-0.59843343,-0.0919129,-0.13388632,-0.46319228,-0.5422511,-0.22492418,-1.790462,0.032311033,-1.471217,-0.53090626,-0.13698596
82,2709,0.97930014,-0.04704,0.17621368,-0.57529324,-0.19236085,0.1844595,0.5882197,0.07833027,0.7772105,-0.44989792,0.5972755,-0.34147978,-0.49011904,0.7293668,0.27822003,0.3346117
82,2725,-0.033433557,0.04965473,-0.09032926,0.9282134,-0.43221414,-0.46540934,-0.08600512,0.13715845,-0.2374157,-0.0689468,0.42425856,0.35427687,0.32547453,0.46930265,-0.23327805,-0.07055889
82,2734,0.25343576,0.62543195,0.3183125,0.254808,0.5881781,0.15754463,-0.12156589,0.578404,0.9040289,0.7299205,0.36067277,-0.54133123,-0.21560423,-0.34148008,-0.12571923,-0.22258994
82,2738,-0.2894277,0.27088982,-0.6755953,0.10633798,0.03892289,-0.19426057,0.036286846,0.008271635,-0.046926588,-0.073420554,0.17004383,-0.014482008,-0.13921556,0.87602633,-0.5410154,0.34567386
82,2744,-0.15270424,0.20692208,0.26586863,-0.19284171,0.3717363,0.27275303,-0.08970547,-0.2173512,-0.30248076,-0.18742639,-0.43533316,-0.21500275,0.48071626,-0.6355978,0.19154087,0.26968265
82,2745,0.35450903,-0.3417445,0.9298471,-0.07447355,-1.0837028,0.3957709,1.0366955,-0.4709981,-0.5010922,0.0664603,-0.8671165,0.61648345,-0.7196086,-0.046813235,-0.7771212,-0.2644138
82,2767,-0.25943556,0.33930376,-0.6485032,0.0501194,0.03128624,-0.160553,0.033565447,0.06623229,0.1342286,0.074194506,0.10266358,-0.152533,-0.3780725,0.8466541,-0.69326085,0.31149083
82,2771,-0.034165695,0.2801445,0.54494774,-0.15901075,0.2992086,0.5324798,0.08842425,-0.2756143,-0.25678092,-0.059245117,-0.55813676,0.2837975,0.44022268,-0.35425347,0.23681617,0.35248315
82,2773,0.33932808,-0.383494,0.8911116,-0.08948352,-1.09636,0.3763172,1.0261065,-0.47137463,-0.49317425,0.08393728,-0.85896474,0.6279834,-0.7565036,-0.024426922,-0.7648075,-0.2890626
82,2783,-0.059711657,0.23163813,0.50982034,-0.18605241,0.30475178,0.5316929,0.06890933,-0.27894774,-0.23841324,-0.02306572,-0.56185657,0.33188948,0.40304342,-0.32398686,0.28105354,0.3342021
82,2784,0.15244007,-0.46879312,-0.6845597,-0.65260834,-0.13190174,-0.58465356,0.14196068,0.024068438,-0.526366,-0.7985044,0.60080385,-1.0961797,0.09326436,-0.40890497,-0.34600228,-0.2682435
82,2786,1.1242707,-0.31163722,0.17656821,-0.7649888,-0.30208725,0.10450149,0.58030474,0.03881625,0.6368339,-0.6871292,0.71782607,-0.33574846,-0.37054124,0.6056176,0.5232684,0.22471124
82,2793,0.26677814,0.4356842,0.3720254,0.27236003,0.4812934,0.09326044,-0.16522485,0.54251134,0.8231993,0.6794067,0.38533783,-0.43446806,-0.17079124,-0.43246257,0.05202069,-0.32914752
82,2800,-0.24583174,0.51977885,-0.53750026,-0.006603509,0.037930787,-0.03409201,-0.02865412,0.24819863,0.5381103,0.56162024,-0.10379054,-0.3697503,-0.9102075,0.724838,-1.074233,0.16845554
82,2801,-0.314212,0.37745938,-0.5655854,0.34878713,-0.08984643,-0.20542562,0.027435556,0.14636284,0.07625066,0.25690967,0.12774767,0.080867365,-0.35410565,0.89614534,-0.8493406,0.19572979
82,2803,0.6005099,-0.4775628,0.2780814,-0.10983962,-0.28808904,-0.20749025,0.009269565,0.1666537,0.42230058,-0.22481391,0.72344,0.09727691,-0.046910774,0.026561208,0.82830906,-0.3805806
82,2810,-0.36705464,0.2514105,0.017607033,-0.34755486,0.8210941,0.43473482,-0.4664675,-0.23071072,-0.12610717,-0.05908958,-0.39826843,0.27459702,0.7536118,-0.32823974,0.8554378,0.42208427
82,2820,0.37391207,-0.092699036,0.9986737,0.0007470399,-0.8462145,0.45134965,0.9703205,-0.43521744,-0.51893693,-0.030064233,-0.791003,0.49973953,-0.39795697,-0.11484182,-0.70087343,-0.078122884
82,2822,0.054155514,-0.2650742,0.41062614,0.98343915,-0.23975164,-0.4348812,-0.39970922,0.4312115,0.13276894,0.5410987,0.37754235,0.14534114,0.17872465,-0.5779788,0.23332906,-0.72754335
82,2826,0.43131396,-0.40853882,0.31086394,0.19096257,-0.26188058,-0.26622638,-0.104411185,0.23136985,0.3460338,-0.0028336085,0.6262403,0.1116527,0.008931536,-0.1403034,0.6615538,-0.47885942
82,2828,0.048150554,-0.29344794,0.6340227,-0.28694308,-0.43263382,0.46929005,0.52910864,-0.40540257,-0.3167534,0.1548977,-0.78781956,0.6892133,-0.36257207,-0.09479034,-0.10396668,-0.072713494
82,2833,0.09633729,-0.29673076,0.45410934,0.9697426,-0.25233278,-0.43714246,-0.40365756,0.44748107,0.17113318,0.5416999,0.41549712,0.14821093,0.16779438,-0.6155739,0.29794577,-0.77455986
82,2842,-0.115040235,0.21451524,-0.33307636,0.78236264,-0.34318978,-0.41772252,-0.033393733,0.013787329,-0.41226226,-0.36504507,0.43484363,0.29671913,0.4655903,0.7413635,-0.36794835,0.21217564
82,2866,-0.15975232,-0.15458478,-0.8371762,-0.5274307,0.22715572,-0.39340124,-0.065632835,-0.087190405,-0.4811496,-0.7284513,0.41349065,-0.6566496,0.34101996,0.057561107,-0.12235865,0.11281769
82,2869,-0.30362535,-0.74392754,-0.5001086,-0.3368525,-0.53254765,-0.3391065,0.022746257,-0.2746206,0.07737614,0.04029329,-0.6009189,-0.64374113,-1.0287057,-0.6413711,-0.32530165,-0.39347735
82,2876,0.32937193,0.77525777,0.93668187,0.1917442,0.09129706,0.5244782,0.44101202,-0.2157967,-0.44764274,-0.4014076,-0.46612832,-0.1277556,0.69547486,-0.44763774,-0.41116995,0.5293262
82,2884,-0.17631829,0.18758768,0.2004269,-0.19172859,0.35487902,0.16119945,-0.11592138,-0.1953974,-0.35311145,-0.26713967,-0.4024006,-0.47076505,0.4916067,-0.80662227,0.099702954,0.22667995
82,2902,0.73359275,-0.5287902,0.31648466,-0.21953215,-0.33842558,-0.1917532,0.06709696,0.164561,0.5082762,-0.32704502,0.815441,0.10499619,-0.081314,0.08938633,0.9530673,-0.37169528
82,2905,-0.52574766,-0.1527861,-0.36799073,-0.56401104,0.6366236,0.2777945,-0.400091,-0.23278058,-0.047594592,0.12257521,-0.37960947,0.43562427,0.20295948,0.020741895,0.73207736,0.25352836
82,2908,0.349207,-0.0075957477,0.9530891,0.01778251,-0.69741875,0.4476497,0.8871124,-0.40402928,-0.50186217,-0.05726087,-0.7197375,0.43545496,-0.258711,-0.11867963,-0.6203391,-0.000593327
82,2929,-0.07817386,0.27575612,0.4967747,-0.19703752,0.3770255,0.55715907,0.015299708,-0.27906373,-0.23243603,-0.03692338,-0.56096625,0.3524109,0.4867836,-0.3290215,0.35514134,0.37321752
82,2940,0.363834,0.038377993,0.9898081,0.032779783,-0.68276495,0.46547002,0.8929645,-0.40335003,-0.51063144,-0.079601906,-0.727668,0.41624588,-0.21610822,-0.14714229,-0.63257474,0.02502454
82,2942,-0.010385007,0.098310255,-0.089523286,0.9731433,-0.47215486,-0.4767397,-0.09944821,0.09762428,-0.3205961,-0.20637918,0.44532052,0.358827,0.44390744,0.50488317,-0.23744519,0.0042808503
82,2949,-0.038592488,-0.065078944,-0.22663337,0.56328255,-0.29099852,-0.39496914,0.008549035,0.15096417,-0.0296925,0.051324137,0.44436362,0.25248206,0.034795377,0.52535975,-0.17535953,-0.12893026
82,2974,-0.33225438,-0.31605306,-0.19395387,-0.42272407,0.10400599,0.14318433,-0.2634459,-0.22252312,0.037657544,0.09191108,-0.53584146,0.08898169,-0.24268301,-0.31561753,0.31389475,-0.057024688
82,2979,-0.077601574,0.2690602,0.4852642,-0.19465019,0.3706535,0.5460874,0.01669947,-0.2755436,-0.23150654,-0.03625524,-0.5510634,0.34380448,0.47669125,-0.32043657,0.3458195,0.36753577
82,2991,-0.32092318,0.31249678,-0.55012155,0.40371126,-0.10279754,-0.23277971,0.027783856,0.11311885,-0.041696995,0.17735842,0.17001753,0.18496014,-0.20218848,0.8860612,-0.73796487,0.19118224
82,2993,0.067724645,-0.20554769,0.1937918,0.9393408,-0.37543464,-0.48227382,-0.24849819,0.315605,0.028239772,0.2583301,0.45023912,0.22544135,0.206538,-0.13408798,0.085780546,-0.5025254
82,3000,-0.28750557,0.29658207,-0.67871654,0.10495405,0.031859666,-0.19082257,0.03713791,0.021815643,-0.008767664,-0.045168817,0.15867902,-0.04329574,-0.19059974,0.88471866,-0.58977395,0.3446116
82,3002,0.08083928,-0.3966817,-0.74398214,-0.6720231,-0.02240853,-0.5592672,0.0753921,-0.0055465847,-0.53374887,-0.832791,0.571365,-1.0628846,0.18195285,-0.34802988,-0.29027492,-0.18748438
82,3029,-0.031467244,0.12265574,-0.25303298,0.795346,-0.42448145,-0.44953313,-0.022796132,0.03785328,-0.32764044,-0.31429002,0.47689524,0.319684,0.39960003,0.6773624,-0.2842617,0.09991086
82,3034,0.47865263,0.17427066,0.022325337,-0.14276853,0.0017058402,0.09636155,0.33493972,0.15817508,0.59901124,-0.02541934,0.39437497,-0.26676792,-0.3962733,0.57247716,-0.06406467,0.2223315
82,3037,-0.52574766,-0.1527861,-0.36799073,-0.56401104,0.6366236,0.2777945,-0.40009105,-0.23278058,-0.047594592,0.122575216,-0.37960947,0.43562427,0.20295948,0.020741887,0.7320773,0.25352836
82,3041,0.019829586,-0.19314748,0.19264325,0.76680034,-0.1846202,-0.387965,-0.25829554,0.36649308,0.13884868,0.44662175,0.40686733,0.14600274,0.06183425,-0.24132171,0.10655005,-0.5593225
82,3050,-0.27016336,-0.055034056,-0.22938661,-0.153582,0.12256248,-0.41357973,-0.15207282,-0.113548115,-0.482612,-0.5102835,-0.21691535,-1.5083529,0.26282266,-1.3416026,-0.35690713,-0.039501354
82,3079,0.03929864,-0.24544182,0.3618532,0.94574946,-0.22518343,-0.42606947,-0.37242246,0.41973963,0.13057901,0.52949256,0.3783977,0.14477706,0.15443167,-0.50890297,0.19613871,-0.6914194
82,3093,0.19626257,-0.33662936,0.38116613,0.6527435,-0.23407263,-0.3666583,-0.3005202,0.34958375,0.21535833,0.3364191,0.4766332,0.12598734,0.11242689,-0.44646055,0.42969608,-0.6569504
82,3095,0.2628126,1.142136,0.20781896,0.21215157,0.845258,0.32962975,-0.0010806471,0.6936495,1.1767708,0.8614268,0.33191648,-0.87731135,-0.3683511,-0.1023871,-0.59725255,0.042256534
82,3101,-0.040812105,-0.03789042,-0.18788543,0.67755634,-0.3311745,-0.42072588,-0.017202936,0.16123247,-0.07375783,0.044510815,0.4427195,0.28250256,0.099519834,0.5047691,-0.20030595,-0.13274187
82,3114,-0.33444944,0.21415031,-0.7348107,0.19880296,0.051608488,-0.2448256,0.04241678,-0.06934472,-0.2951492,-0.29617837,0.27337718,0.15653947,0.19708307,0.94785064,-0.3663662,0.4189961
82,3115,0.3579286,0.9143388,0.99313724,0.22476755,0.16284928,0.57127434,0.41978854,-0.21195915,-0.46822459,-0.46994063,-0.46617422,-0.15242462,0.8541047,-0.48183668,-0.3975764,0.61399126
82,3116,-0.29520804,-0.59890145,-0.50337976,-0.26459885,-0.43373513,-0.48074836,-0.0033015013,-0.22506073,-0.103924885,-0.18233731,-0.4712801,-1.1144273,-0.73284286,-0.95332706,-0.45599782,-0.3453653
82,3119,0.020105407,-0.20627682,0.24936405,0.81895965,-0.18314579,-0.3935082,-0.30006576,0.38719192,0.13943808,0.48812693,0.38896966,0.13805827,0.087215036,-0.34233224,0.13387476,-0.604397
82,3122,-0.569208,-0.24521986,-0.4257517,-0.6027938,0.5618382,0.2791185,-0.39458907,-0.21776825,0.0044918507,0.24402896,-0.40094566,0.59386605,0.030043809,0.13609985,0.6982706,0.18553182
82,3132,-0.09231386,0.26995462,0.47896406,-0.20402065,0.38925365,0.5362699,-0.004965678,-0.2781592,-0.23472577,-0.052556127,-0.5575646,0.29630747,0.49337068,-0.37761837,0.35987416,0.36433688
82,3133,-0.26982683,0.48167843,-0.5507644,0.08146201,0.010516539,-0.07676906,-0.0117878765,0.22109857,0.4156887,0.48896065,-0.043528788,-0.24753246,-0.7654367,0.7736112,-1.0162379,0.17464274
82,3139,-0.12692761,0.23078108,0.35692194,-0.1976511,0.3759958,0.38325185,-0.051690314,-0.24338168,-0.27400374,-0.12851831,-0.4888416,-0.00013168901,0.4815349,-0.52917725,0.25990605,0.3075154
82,3141,0.35765997,0.31463158,0.9902688,0.099260405,-0.39330953,0.50264734,0.73945,-0.33828503,-0.48634923,-0.19186124,-0.6353265,0.2359863,0.12212521,-0.2448816,-0.5447153,0.2201078
82,3149,-0.06872889,0.27711442,0.5178126,-0.19061935,0.3592109,0.557925,0.033834502,-0.28170773,-0.23931679,-0.041520663,-0.5697182,0.3396866,0.4771248,-0.34571514,0.3311089,0.36878645
82,3160,-0.076573625,0.1661745,-0.31661278,0.7188382,-0.34632176,-0.41270292,-0.029810235,0.010889038,-0.3723613,-0.36247516,0.44523826,0.27074194,0.43271148,0.6946136,-0.3106851,0.17280534
82,3164,-0.38555187,0.21445173,-0.7624693,0.23588888,0.083887115,-0.24012507,0.01554691,-0.10514945,-0.3895293,-0.35567576,0.28226444,0.23804085,0.3377272,0.9670854,-0.2840733,0.4619425
82,3165,0.738222,0.5825977,0.18420729,-0.39002255,0.3506586,0.32582828,0.3137648,0.36735243,1.1212231,0.044236764,0.58669275,-0.6040689,-0.41454327,0.47374475,0.037583016,0.2649853
82,3166,-0.15923156,-0.0880332,-0.7168423,-0.17075878,0.017919451,-0.3560116,0.06718914,-0.059152924,-0.4133191,-0.5146399,0.39253724,-0.29971728,0.20835617,0.3922152,-0.26521403,0.16104439
82,3167,-0.3668447,0.07512698,-0.86888397,-0.35375816,0.43817207,-0.21067148,-0.18769634,-0.15799227,-0.41557735,-0.60051566,0.25632724,-0.21958926,0.49071527,0.4353504,0.056835473,0.3924623
82,3168,0.11752692,0.07613351,0.04306051,0.58214635,-0.1370827,-0.25796223,-0.048799474,0.3110456,0.2537015,0.26719663,0.4092365,0.004233975,-0.049190234,0.17060868,-0.14912291,-0.21927848
82,3184,0.029523164,-0.19409136,0.19378445,0.81789213,-0.23082063,-0.4141538,-0.25437072,0.36344776,0.12110014,0.41575676,0.4238038,0.16698766,0.08754948,-0.21424785,0.09377782,-0.55490935
82,3186,0.22599623,0.62592006,0.8018707,0.08266011,0.15440616,0.538903,0.33299214,-0.23309276,-0.38471884,-0.28669968,-0.48238224,0.06447612,0.62295353,-0.3427173,-0.19309236,0.4850766
82,3189,0.87403345,-0.33767742,0.04954514,-0.52795315,-0.30958897,-0.053946383,0.41559148,0.0702736,0.40808308,-0.5834172,0.706534,-0.19608815,-0.2100883,0.5251046,0.42738104,0.07715318
82,3194,-0.020141631,0.10715129,-0.14011836,0.8894895,-0.43776965,-0.45204702,-0.07993135,0.06805552,-0.32788014,-0.24590495,0.43836853,0.33602417,0.43400902,0.5483171,-0.23935775,0.048873615
82,3195,0.042604223,-0.0926023,0.1104967,0.8281007,-0.2621314,-0.41108623,-0.19138941,0.3243317,0.09094967,0.29556414,0.4341675,0.15510577,0.119552985,-0.0326505,-0.023887664,-0.41696233
82,3204,-0.42110664,0.054205544,-0.21077369,-0.45842218,0.7278878,0.26497355,-0.4229445,-0.22107935,-0.1401144,-0.088138275,-0.3180068,0.117172256,0.52200663,-0.24769598,0.7202217,0.32389393
82,3207,-0.2846359,-0.64645845,-0.5046065,-0.27275026,-0.47224653,-0.42202002,0.0248373,-0.24786726,-0.025781974,-0.0874252,-0.50383013,-0.9011994,-0.8462261,-0.7790675,-0.39825273,-0.34752232
82,3211,-0.5334878,-0.30302736,-0.6404909,-0.50487185,0.2215756,0.11135335,-0.34433404,-0.06070543,0.16838844,0.41093642,-0.3196101,0.46643713,-0.51017016,0.37679148,0.13600649,-0.017301463
82,3215,-0.53832614,-0.39981648,-0.6093993,-0.54669183,0.090893015,0.1421493,-0.3980705,0.0092557445,0.33352345,0.6535444,-0.44965124,0.4888348,-0.8399067,0.30055898,0.0060860217,-0.19370916
82,3233,0.08841276,0.02307845,0.6332377,-0.16010725,-0.18422225,0.46730363,0.41533792,-0.32741824,-0.32386062,0.0075438954,-0.64005464,0.44182023,-0.0054688267,-0.16755167,-0.10684396,0.12586267
82,3245,-0.38073546,0.21650565,-0.7781435,0.24897678,0.058901444,-0.26169986,0.032448247,-0.09977851,-0.39043474,-0.364663,0.30494437,0.24231099,0.32553595,1.0015696,-0.3188907,0.4575865
82,3249,0.038655728,-0.27946186,0.58659697,-0.27892244,-0.39748806,0.4421116,0.495228,-0.38668486,-0.30774492,0.14575937,-0.7448784,0.6454757,-0.33771273,-0.084622175,-0.097244084,-0.06259023
82,3262,-0.05062847,0.01731076,-0.12984821,0.8308251,-0.37752253,-0.4437131,-0.06260438,0.15422776,-0.16869247,0.0066269357,0.41878918,0.32418078,0.22342476,0.46992517,-0.23221965,-0.10427776
82,3277,-0.3568936,0.26498953,0.022841632,-0.3322041,0.8171856,0.43171355,-0.46254444,-0.22623026,-0.13119549,-0.0667807,-0.38720074,0.26730025,0.76666176,-0.32283002,0.84414834,0.4266789
82,3278,0.036453918,-0.2055054,0.20043033,0.8215628,-0.24538416,-0.41891906,-0.2583049,0.35357028,0.1090917,0.3946555,0.422482,0.1724632,0.10440995,-0.21886545,0.110066794,-0.5525441
82,3281,-0.23901096,-0.06864441,-0.83959055,-0.45917857,0.31128097,-0.3178663,-0.11243357,-0.11499609,-0.44324017,-0.658921,0.33903947,-0.4901527,0.38050744,0.20178285,-0.05241786,0.21864346
82,3293,0.55686116,0.97434163,0.14032382,-0.201062,0.6125828,0.4108546,0.25704712,0.48932663,1.2020319,0.35570014,0.4382115,-0.83134454,-0.44552872,0.39255437,-0.39340228,0.3342056
82,3303,-0.5213623,-0.43155748,-0.5867262,-0.5459809,0.02396655,0.14632328,-0.41424525,0.040308423,0.39581382,0.7346117,-0.49375504,0.46736392,-0.96762466,0.25792336,-0.06505637,-0.26728517
82,3336,0.038655728,-0.27946186,0.58659697,-0.27892247,-0.397488,0.4421116,0.495228,-0.38668483,-0.30774492,0.14575936,-0.7448784,0.6454756,-0.33771273,-0.084622175,-0.097244084,-0.06259024
82,3352,0.95602643,0.049368702,0.24038124,-0.63167006,0.021196842,0.20173174,0.36330515,0.21138978,0.97770095,-0.3551384,0.7736909,-0.29775476,-0.3421392,0.52861106,0.6119407,0.14658707
82,3358,-0.03416568,0.2801445,0.54494774,-0.15901075,0.2992086,0.53247976,0.08842425,-0.27561426,-0.25678092,-0.059245117,-0.5581368,0.28379744,0.44022265,-0.35425347,0.23681614,0.35248315
82,3359,-0.21767974,0.42492783,-0.5932553,-0.040590197,0.036229894,-0.100541696,0.019058414,0.14524323,0.3854339,0.2929885,-0.00249145,-0.34648585,-0.7022888,0.7733802,-0.880143,0.25340012
82,3362,-0.54106593,-0.4637752,-0.5557006,-0.58979505,0.055304885,0.17780574,-0.42935646,0.008883104,0.37681276,0.7437387,-0.5253634,0.5359923,-0.9274225,0.21236247,0.03378222,-0.27410224
82,3364,0.009258673,-0.18927628,0.19060776,0.75610846,-0.16786486,-0.37837633,-0.2643994,0.36224282,0.13269626,0.454406,0.38850865,0.13746609,0.063503295,-0.25504813,0.10470661,-0.5523944
82,3365,-0.20658827,0.23481849,-0.38641804,0.755425,-0.27467313,-0.3849069,-0.012191944,0.011947997,-0.40726763,-0.25769788,0.36556134,0.33719,0.38552654,0.8023362,-0.43564278,0.24109328
82,3368,0.3338366,0.8216791,0.92208683,0.20481734,0.12567636,0.5214084,0.4170416,-0.20543921,-0.44966614,-0.42776975,-0.44089377,-0.15194422,0.7538502,-0.44006276,-0.40339804,0.55803716
82,3372,0.17390743,-0.49250266,-0.66512775,-0.67859125,-0.13769004,-0.58814996,0.1432153,0.028840274,-0.52403706,-0.7985503,0.60149163,-1.1360217,0.080955744,-0.46556878,-0.34049785,-0.29694736
82,3373,0.07599504,-0.2823719,0.4543009,1.0313377,-0.26579162,-0.45376873,-0.41617382,0.45476452,0.14973314,0.5576931,0.40139812,0.15399437,0.1881394,-0.62347364,0.25972384,-0.77386457
82,3382,0.110259354,-0.4281005,-0.7300999,-0.6905765,-0.052607596,-0.5760342,0.09584205,0.003013745,-0.5348419,-0.8406193,0.5864186,-1.1079134,0.15552711,-0.39305234,-0.308514,-0.22095472
82,3383,-0.04455895,0.036423244,-0.11145133,0.8957018,-0.4120196,-0.46152222,-0.07219109,0.15265414,-0.20025846,-0.022889368,0.42783335,0.34601796,0.27018517,0.4790522,-0.24454467,-0.09212883
82,3388,-0.4609337,-0.007469572,-0.29828963,-0.50094306,0.7122961,0.2520883,-0.41798538,-0.22594425,-0.1271734,-0.05224181,-0.31664187,0.19017,0.4382625,-0.14295185,0.7171299,0.3176996
82,3402,0.012589067,0.23438606,0.5922046,-0.14125858,0.16999671,0.51782423,0.18886657,-0.28952384,-0.28405026,-0.057595454,-0.57860416,0.3000004,0.33903462,-0.3222149,0.12664741,0.30292183
82,3406,-0.019820914,0.06480477,-0.072896555,0.97784966,-0.46331483,-0.4810375,-0.09686951,0.13344878,-0.26690364,-0.11047045,0.43856937,0.36513314,0.37567216,0.47056958,-0.23525463,-0.059095815
82,3420,0.19328699,-0.33285946,0.35767177,0.6077116,-0.21954608,-0.35230044,-0.28674853,0.33237427,0.21136893,0.3162797,0.46944714,0.1204406,0.10376199,-0.41689092,0.42937148,-0.62987685
82,3426,-0.53337425,-0.46673068,-0.5727604,-0.57593745,0.0010654181,0.16895214,-0.4391598,0.043210827,0.4306727,0.7953857,-0.5414203,0.5084347,-1.035118,0.22352111,-0.058899954,-0.314081
82,3441,-0.38020214,0.09301839,-0.86055315,-0.33383995,0.4525717,-0.18982393,-0.19503526,-0.16272917,-0.40280467,-0.57721156,0.2372753,-0.17753012,0.4939591,0.4667994,0.07319802,0.41371435
82,3444,0.19584519,-0.524746,-0.6621637,-0.7231112,-0.1443226,-0.6057052,0.14523393,0.034015454,-0.5304601,-0.81692386,0.6139078,-1.2003448,0.06953459,-0.533733,-0.3429439,-0.3335338
82,3450,-0.22697014,0.2314105,-0.42015177,0.721353,-0.25807846,-0.3783315,0.0068921223,0.007084869,-0.39581788,-0.23645747,0.35767666,0.34459916,0.34671143,0.83719337,-0.45338136,0.24802704
82,3467,-0.534858,-0.35087618,-0.625208,-0.52613807,0.15746702,0.124298796,-0.3679853,-0.025764793,0.2508859,0.52965355,-0.38229755,0.46983433,-0.6747046,0.3382879,0.069334544,-0.10319053
82,3476,0.021317735,-0.064305246,0.584473,-0.22382995,-0.15079379,0.47130615,0.35870677,-0.34923324,-0.2978994,0.054695405,-0.67763686,0.48787576,-0.046167802,-0.1995951,0.008872025,0.09180858
82,3485,-0.5317599,-0.2028266,-0.67088497,-0.44651407,0.31822032,0.084402926,-0.30645394,-0.11398463,0.03218703,0.21167019,-0.21289942,0.45524222,-0.23123007,0.45281875,0.22004476,0.13005054
82,3493,-0.35881835,0.06543324,-0.8653933,-0.36296067,0.43377322,-0.2158898,-0.18371242,-0.15594205,-0.41265386,-0.5983305,0.2570966,-0.23903057,0.477497,0.42154616,0.051005565,0.3812609
82,3524,-0.34504363,0.12812516,-0.022556096,-0.34482735,0.63335097,0.36690307,-0.41257483,-0.2184844,-0.088541426,-0.016946819,-0.4214715,0.24524586,0.51697993,-0.30571708,0.7060014,0.30593282
82,3529,0.04730536,-0.18661678,0.5694957,-0.2400427,-0.3160898,0.43329912,0.45212096,-0.35747236,-0.30585942,0.1043235,-0.68707204,0.56713814,-0.23069818,-0.09470627,-0.09540424,-0.0033321977
82,3535,-0.016142935,0.10494872,-0.1026241,0.9607491,-0.46616137,-0.47229216,-0.093854316,0.09097674,-0.32554984,-0.21423474,0.44333512,0.358024,0.4427106,0.5217985,-0.24534588,0.017838344
82,3558,0.015780032,0.21804887,0.6073638,-0.1473276,0.14638315,0.5246445,0.20626588,-0.29820085,-0.28753227,-0.05067616,-0.596982,0.3199123,0.31587762,-0.32263264,0.12005667,0.29136646
82,3560,0.021823555,-0.19252576,0.18279698,0.757568,-0.18888512,-0.3878562,-0.25022662,0.35975564,0.13599558,0.43233934,0.4103467,0.14900309,0.060978293,-0.22087684,0.104416505,-0.5488322
82,3572,-0.31404883,-0.6385154,-0.4191965,-0.38265428,-0.36008114,-0.19085519,-0.06752072,-0.2584332,0.08609831,0.06575373,-0.59235936,-0.39937544,-0.8355066,-0.51924604,-0.13550888,-0.3086545
82,3588,-0.36705464,0.2514105,0.017607063,-0.34755486,0.8210941,0.43473482,-0.4664675,-0.23071072,-0.12610717,-0.05908958,-0.39826843,0.27459702,0.7536118,-0.32823974,0.8554378,0.42208427
82,3595,-0.58206785,-0.25865608,-0.43548498,-0.6190421,0.5618272,0.28420717,-0.40186584,-0.218357,0.012561202,0.2601203,-0.4120267,0.61597246,0.009867445,0.14101914,0.70514494,0.17785622
82,3601,-0.045674182,-0.058755443,-0.21772608,0.5764102,-0.28532505,-0.39166063,-0.0013298765,0.15038961,-0.04143264,0.057379026,0.43029463,0.25279075,0.048075695,0.5082786,-0.17767613,-0.12730733
82,3606,0.21548507,-0.54588,0.5791751,-0.1729191,-1.0389254,0.22787562,0.8477132,-0.4209809,-0.41423696,0.14944679,-0.7410725,0.5723152,-0.8631392,0.05663515,-0.65921295,-0.3800773
82,3612,-0.52136225,-0.43155748,-0.5867262,-0.5459809,0.023966536,0.14632328,-0.41424525,0.040308423,0.39581394,0.7346117,-0.49375504,0.46736392,-0.96762466,0.25792336,-0.0650564,-0.26728514
82,3631,-0.27961737,-0.13108768,-0.323344,-0.1310059,0.022087514,-0.5325966,-0.1176689,-0.11978506,-0.4818883,-0.53411067,-0.20883408,-1.6929926,0.13813922,-1.4230049,-0.46810895,-0.09732881
82,3661,-0.21743792,0.44739807,-0.59795916,-0.038246952,0.032474652,-0.09869173,0.020411178,0.15576085,0.40970385,0.31080148,-0.0072755385,-0.36494404,-0.73398435,0.7860373,-0.9174661,0.2560699
82,3686,-0.26962548,0.22628286,-0.4895806,0.6571689,-0.2243155,-0.36870658,0.042832166,0.0039103925,-0.36990243,-0.18646514,0.34581822,0.3594555,0.26674533,0.9074905,-0.49499983,0.25862843
82,3689,-0.23879156,0.112003066,-0.026160955,-0.18321624,0.2938387,-0.1714269,-0.18717393,-0.12170622,-0.48012167,-0.47200897,-0.2664677,-1.1559764,0.4940895,-1.2027338,-0.15904571,0.09329951
82,3700,0.0882633,-0.29169276,0.47264597,1.0295186,-0.26439273,-0.453926,-0.4204858,0.4674686,0.16890411,0.57181346,0.41487244,0.15258262,0.17873833,-0.6454172,0.27969667,-0.7979005
82,3702,0.81790113,-0.5473608,0.2485269,-0.4830231,-0.31903833,-0.11773473,0.16322805,0.0768396,0.5371786,-0.5061961,0.8363459,0.08483577,-0.120778635,0.25526243,1.0443237,-0.23293644
82,3707,-0.044709615,0.10794967,-0.2833338,0.70635366,-0.37824762,-0.42089313,-0.011640325,0.02205944,-0.31131256,-0.30262583,0.45259792,0.2942686,0.36103803,0.67470807,-0.26897585,0.10943256
82,3716,-0.4484724,0.02537369,-0.24628098,-0.4900341,0.7358321,0.2728939,-0.43099415,-0.22805765,-0.12872456,-0.06382658,-0.3329851,0.16756769,0.48903328,-0.20942822,0.74303275,0.32516128
82,3717,-0.014120787,0.108785294,-0.12449916,0.9337689,-0.46234137,-0.46837163,-0.08377954,0.07858855,-0.32994705,-0.24153668,0.4501533,0.35130093,0.44367063,0.5471293,-0.24660735,0.036187295
82,3721,0.32937193,0.7752578,0.93668187,0.1917442,0.091297075,0.52447814,0.44101202,-0.2157967,-0.4476428,-0.4014076,-0.46612832,-0.1277556,0.69547486,-0.44763768,-0.41116995,0.5293262
82,3727,-0.014125809,0.07170712,-0.069291234,0.9647358,-0.45851213,-0.4721825,-0.10558853,0.115944676,-0.2889554,-0.14652115,0.42944556,0.35589218,0.40634465,0.4605601,-0.2200705,-0.0357707
82,3729,0.03370586,-0.23150623,0.3426101,0.9359519,-0.21679977,-0.42304572,-0.35972947,0.423143,0.13823093,0.53494686,0.38426378,0.14287762,0.13740885,-0.47960448,0.17317781,-0.68156385
82,3731,-0.19944668,-0.115047924,-0.8383012,-0.49511224,0.26811892,-0.35551274,-0.08742733,-0.10163776,-0.46001136,-0.6904216,0.37454158,-0.5723204,0.35479176,0.13009056,-0.087656274,0.16420263
82,3734,-0.011830166,0.08919019,-0.07657659,0.96344465,-0.45944858,-0.46883366,-0.10825988,0.10027536,-0.314274,-0.1882149,0.43101475,0.35160926,0.43861127,0.47415978,-0.22264,-0.006173663
82,3738,-0.59748375,-0.36008415,-0.4776901,-0.64907324,0.4411965,0.2666342,-0.39539427,-0.18359065,0.08733551,0.39530233,-0.4402905,0.6948568,-0.23153977,0.19998059,0.59631413,0.06348771
82,3743,-0.018686399,0.06281041,-0.07419692,0.9531686,-0.4517355,-0.47040337,-0.09962441,0.12204995,-0.272713,-0.12331224,0.42795452,0.35572237,0.38176548,0.46121925,-0.22135498,-0.048201144
82,3745,0.25955364,-0.25415626,-0.20287198,0.10497476,-0.29956102,-0.33908346,0.08940993,0.11631519,-0.005236879,-0.24499527,0.5691357,0.06687167,0.040532004,0.41736937,0.084219426,-0.13923271
82,3758,0.3355858,0.45884132,0.95268226,0.12579854,-0.20651615,0.5096114,0.6229981,-0.2947251,-0.46015877,-0.25005522,-0.56879336,0.12280215,0.31298384,-0.29633802,-0.47059053,0.32784984
82,3763,0.07239351,-0.09298845,0.6297431,-0.2091267,-0.27276734,0.46795914,0.45291328,-0.35333255,-0.31934685,0.064095095,-0.69260067,0.53469086,-0.13682908,-0.13871682,-0.10550782,0.053036872
82,3773,-0.29800653,-0.0011488572,-0.8680073,-0.4260351,0.37907583,-0.27760404,-0.15047725,-0.13458455,-0.43642265,-0.6488688,0.30720243,-0.39632568,0.43735433,0.30060637,-0.0063835382,0.3008692
82,3780,0.021883965,0.07489226,0.6075883,-0.1848649,-0.01037395,0.5033495,0.29227865,-0.3280802,-0.29478043,0.0030027758,-0.6456491,0.41120696,0.12968518,-0.2627172,0.06146711,0.19044146
82,3781,-0.29167935,-0.60948324,-0.5005304,-0.26560444,-0.44145995,-0.4571568,0.003702052,-0.23331061,-0.07718967,-0.15113443,-0.48328367,-1.0399896,-0.7650415,-0.8938515,-0.43275613,-0.34174916
82,3783,-0.31970835,0.12475125,-0.743776,0.10515018,0.081031635,-0.26269472,0.018061362,-0.0949446,-0.39394826,-0.40172926,0.30722773,0.08601566,0.30983755,0.7894452,-0.25428665,0.37620723
82,3785,-0.21389581,0.14846238,0.058829725,-0.18295956,0.32678336,-0.038288556,-0.16488072,-0.14982623,-0.42447293,-0.38960028,-0.3151166,-0.8793512,0.49778938,-1.0329007,-0.049916252,0.15246184
82,3794,-0.0060031414,0.10827515,-0.09397623,1.0127232,-0.5017556,-0.49633417,-0.09144809,0.10316738,-0.32656828,-0.21918672,0.46852064,0.37742043,0.45253885,0.538087,-0.2593739,0.005165912
82,3797,1.0169069,-0.5586478,0.24351153,-0.7690298,-0.3304168,-0.023725037,0.30876005,0.02070167,0.6777756,-0.7130239,0.92983097,0.066882595,-0.19792494,0.46734923,1.1960025,-0.08940816
82,3808,0.35332528,-0.20755309,0.93858683,-0.03312324,-0.92435056,0.41248968,0.9828345,-0.44528127,-0.5083521,0.015997838,-0.79727304,0.5434064,-0.52492106,-0.06716831,-0.7093602,-0.15512936
82,3813,-0.526301,-0.40229088,-0.5962783,-0.5391748,0.07766527,0.14025812,-0.39629585,0.015435666,0.3390329,0.66183054,-0.45163855,0.4736817,-0.85357934,0.2867059,-0.008923382,-0.20617276
82,3820,-0.40714538,0.15224719,-0.088397875,-0.41903633,0.7941968,0.3639871,-0.4589061,-0.23384342,-0.12667157,-0.06750251,-0.37744814,0.20407864,0.6460619,-0.31405208,0.818665,0.3734367
82,3828,-0.033563927,0.11167499,-0.2421592,0.7606375,-0.39716458,-0.43019742,-0.033012748,0.033736773,-0.32091784,-0.2991163,0.45338005,0.30229172,0.39252788,0.6389785,-0.25956565,0.095986344
82,3834,-0.057069555,0.16283917,-0.31359935,0.75426495,-0.38711768,-0.4371558,-0.020276092,0.017698474,-0.36805087,-0.37807053,0.47847784,0.2875065,0.43614048,0.7184026,-0.31834882,0.15921348
82,3845,0.23304552,0.6625085,0.2841083,0.24191798,0.6120399,0.1704347,-0.10853976,0.57128584,0.8990581,0.7309355,0.3427703,-0.55504,-0.22218503,-0.30193737,-0.17354988,-0.18294969
82,3851,0.85616076,-0.55171543,0.26399747,-0.50727606,-0.32914788,-0.10927795,0.1810823,0.07918105,0.56932014,-0.5273777,0.8606467,0.085470706,-0.13228326,0.27395427,1.0743024,-0.22741333
82,3866,0.0881412,-0.39945573,-0.7031175,-0.57074374,-0.099695414,-0.54321885,0.12831806,0.006632291,-0.5052013,-0.75036114,0.565814,-0.9401051,0.113401264,-0.24497199,-0.32934493,-0.18472275
82,3869,0.02611667,-0.33194262,-0.789418,-0.6450471,0.03654796,-0.5364717,0.040366992,-0.021898784,-0.54269755,-0.84774786,0.55837524,-0.9969233,0.24673088,-0.25743788,-0.26309538,-0.11394179
82,3880,-0.3260792,0.26950338,-0.53718853,0.46018022,-0.120700896,-0.25777403,0.02565281,0.09023782,-0.13484296,0.11309968,0.2049597,0.26774704,-0.08119257,0.8838354,-0.661416,0.18964158
82,3889,-0.025270656,0.3036102,0.5545207,-0.14824098,0.30355027,0.5338296,0.09101805,-0.27310073,-0.26279524,-0.07428282,-0.5533052,0.26803792,0.46219087,-0.3605538,0.22506754,0.36365187
82,3892,0.9520174,0.003354989,0.16319188,-0.5342817,-0.16679329,0.18238983,0.5795067,0.10623898,0.7911392,-0.40152195,0.5967743,-0.35438794,-0.49702632,0.73125064,0.21838742,0.32918274
82,3906,-0.4609337,-0.007469572,-0.29828963,-0.50094306,0.7122961,0.2520883,-0.41798538,-0.22594425,-0.1271734,-0.05224181,-0.31664187,0.19017,0.4382625,-0.14295185,0.7171299,0.3176996
82,3917,1.0331672,-0.268302,0.255753,-0.7502765,-0.15900642,0.12035352,0.36513722,0.10681719,0.8496785,-0.56314594,0.8437071,-0.10529891,-0.28211164,0.53534114,0.93425775,0.07106726
82,3935,0.024244979,-0.020040855,0.06639084,0.77547735,-0.20095548,-0.37132764,-0.16886309,0.32650006,0.11672677,0.31285447,0.41188717,0.110332966,0.08379741,0.018820554,-0.09481566,-0.36194304
82,3944,-0.5410658,-0.46377516,-0.5557006,-0.58979505,0.055304885,0.17780574,-0.42935646,0.008883104,0.37681282,0.7437388,-0.5253634,0.53599226,-0.9274225,0.21236247,0.03378222,-0.27410224
82,3955,0.40487722,-0.37951478,0.61772823,0.32705456,-0.043847144,-0.1811605,-0.32151273,0.39354464,0.4877779,0.37714106,0.52319473,-0.031655826,0.012406774,-0.75426906,0.79063123,-0.7749787
82,3962,0.0011566728,0.29975313,0.56957555,-0.1266055,0.25374308,0.51385397,0.1324408,-0.27067333,-0.27819353,-0.087537825,-0.5433626,0.23725493,0.4324822,-0.35496372,0.15953258,0.3478529
82,3965,0.52464044,1.123855,0.14149484,-0.14267343,0.70833325,0.4451089,0.24524318,0.551138,1.266928,0.46420664,0.41148224,-0.92284477,-0.4649642,0.36188847,-0.53528756,0.35073698
82,3971,-0.5098539,-0.4489791,-0.5741911,-0.5428551,-0.022637025,0.14801887,-0.42643,0.05979634,0.4380979,0.7834295,-0.52332723,0.4487817,-1.0505643,0.22955759,-0.11477138,-0.31432277
82,3981,0.026571065,-0.19532159,0.2019051,0.7938127,-0.20102766,-0.40073395,-0.25927818,0.37795648,0.14539264,0.452442,0.42258102,0.15391155,0.06234336,-0.24221337,0.103842705,-0.5749513
82,3989,-0.5224451,-0.44889638,-0.5882094,-0.55158144,-0.009429306,0.14879513,-0.4271075,0.055630915,0.4322871,0.779088,-0.52073956,0.46558076,-1.0411447,0.24570265,-0.10260078,-0.30348727
82,3999,0.035720423,-0.20634402,0.19524875,0.8168847,-0.24972734,-0.41766763,-0.25670278,0.34173056,0.09688069,0.37659904,0.41521865,0.17383632,0.114867195,-0.21055669,0.1117294,-0.53859043
82,4012,0.3312097,0.5621596,0.93854344,0.14857073,-0.096054584,0.5155233,0.5571801,-0.26491562,-0.44911098,-0.29314268,-0.52623206,0.04727238,0.43886644,-0.32962632,-0.44171977,0.39905387
82,4021,-0.36356497,0.1891804,-0.77172077,0.1936558,0.07975268,-0.25741035,0.01820463,-0.10163963,-0.40316522,-0.39414215,0.30492252,0.18160737,0.3424558,0.9187381,-0.28341186,0.4391447
82,4022,0.32681504,0.8527963,0.92117774,0.20026924,0.16712722,0.54172266,0.38966537,-0.20604205,-0.44676822,-0.4359358,-0.44266498,-0.13241573,0.8059037,-0.4386449,-0.36158812,0.58479977
82,4026,-0.075827435,-0.1988506,-0.71840656,-0.31057358,-0.026769489,-0.42268583,0.0920575,-0.035085585,-0.441615,-0.59256774,0.45581424,-0.5138166,0.16764387,0.18224096,-0.28841758,0.04050224
82,4028,-0.06245944,0.24517834,0.513685,-0.187843,0.32104135,0.5407852,0.0587572,-0.2802948,-0.23872346,-0.02814012,-0.56563073,0.33570457,0.42520383,-0.3312565,0.29679108,0.34469193
82,4030,-0.29189804,0.39966774,-0.5558485,0.21349953,-0.03304851,-0.14475843,0.0090590045,0.16640759,0.20109479,0.3362277,0.057588,-0.052322574,-0.4987684,0.82433796,-0.8769863,0.18556574
82,4031,0.7818551,0.46756113,0.19377962,-0.44162023,0.2771361,0.30024835,0.32552284,0.32923582,1.0894275,-0.042094722,0.62255657,-0.5374535,-0.40206876,0.49164417,0.1598931,0.24438766
82,4055,0.02611667,-0.33194262,-0.789418,-0.6450471,0.03654796,-0.5364717,0.040366992,-0.021898784,-0.54269755,-0.84774786,0.55837524,-0.9969233,0.24673088,-0.25743788,-0.26309538,-0.11394179
82,4059,0.32501912,-0.42695332,0.8520864,-0.10356136,-1.1126204,0.35442108,1.0178417,-0.47163746,-0.48620325,0.10062746,-0.85004574,0.63616145,-0.7965491,-0.0028140098,-0.7568733,-0.31595454
82,4069,-0.28408533,-0.19139642,-0.38304827,-0.12127421,-0.05385849,-0.5984335,-0.0919129,-0.13388632,-0.46319228,-0.5422511,-0.22492419,-1.790462,0.032311033,-1.471217,-0.53090626,-0.13698596
82,4072,0.06232953,-0.20833597,0.19315746,0.9110853,-0.34818912,-0.4701592,-0.24671559,0.32745332,0.053958848,0.29262462,0.4511359,0.21520503,0.17522694,-0.14694312,0.09080653,-0.51864284
82,4080,0.19328699,-0.33285946,0.35767177,0.6077116,-0.21954608,-0.35230044,-0.28674853,0.33237427,0.21136893,0.3162797,0.4694471,0.1204406,0.10376199,-0.41689092,0.42937148,-0.62987685
82,4082,-0.22873743,0.52988625,-0.5290171,-0.047413215,0.046783417,-0.017784879,-0.033206224,0.25474623,0.58350074,0.57241166,-0.1270968,-0.42660367,-0.9614552,0.7014873,-1.086279,0.17082943
82,4084,1.0253371,-0.013387173,0.26579395,-0.678659,-0.028959632,0.18892834,0.38225347,0.2076,1.0030854,-0.41832402,0.8337628,-0.27355728,-0.34839004,0.5428965,0.7049989,0.12334713
82,4088,0.44153228,1.2930754,0.1241273,-0.05298198,0.8249345,0.47368178,0.21152212,0.6134085,1.3017504,0.6079185,0.3548199,-1.02509,-0.47431672,0.30444676,-0.72471434,0.36301255
82,4089,-0.26992238,-0.07535258,-0.24864411,-0.14393558,0.085481584,-0.44169602,-0.1327824,-0.1225453,-0.47922325,-0.5153404,-0.22780117,-1.5551063,0.21980752,-1.3692483,-0.39009237,-0.052201778
82,4093,0.042175934,-0.20567521,0.19489598,0.86089987,-0.28852147,-0.43917218,-0.25649738,0.334923,0.074196786,0.34453177,0.4230576,0.18920155,0.14427826,-0.19082028,0.09971142,-0.52871346
82,4096,-0.4748232,-0.03171794,-0.31480193,-0.50059736,0.6946933,0.2656692,-0.4105724,-0.2285882,-0.10521364,-0.0015141591,-0.32874426,0.2773064,0.387286,-0.074201494,0.7247031,0.31264877
82,4101,0.436357,1.3552784,0.1455602,-0.008620203,0.87173206,0.48124528,0.19450285,0.6627476,1.3532054,0.683671,0.36247066,-1.0587294,-0.4844262,0.2565295,-0.76461184,0.33651382
82,4116,0.018189922,0.09120696,0.59196246,-0.17923449,0.014695734,0.4967229,0.2739029,-0.31953368,-0.29084164,-0.0040001273,-0.627612,0.3904745,0.15317048,-0.26330942,0.06951699,0.2025159
82,4118,0.26677814,0.43568408,0.3720254,0.27236003,0.48129338,0.09326044,-0.16522485,0.5425113,0.8231993,0.6794067,0.38533783,-0.43446806,-0.17079124,-0.43246257,0.05202069,-0.32914752
82,4122,-0.39857382,0.16815555,-0.06456153,-0.40233544,0.79491633,0.38021863,-0.45810086,-0.23329058,-0.12169185,-0.055192493,-0.38373867,0.2285216,0.65769905,-0.31117794,0.8262602,0.3790574
82,4125,0.008173332,-0.39594597,0.5364251,-0.32340378,-0.45936435,0.4141587,0.50304323,-0.4049605,-0.29794225,0.19143882,-0.76541096,0.6946832,-0.45300204,-0.05496247,-0.07828729,-0.1334208
82,4132,-0.1327689,0.22951245,-0.33035874,0.7869298,-0.32111526,-0.4053337,-0.045629553,0.012079373,-0.42805558,-0.35910213,0.41346815,0.2937072,0.4812731,0.72989655,-0.37388676,0.22767328
82,4150,0.05540949,-0.20951791,0.20435557,0.9057062,-0.32470107,-0.46276718,-0.25419578,0.34564564,0.07642351,0.3363508,0.44923842,0.20596346,0.15288496,-0.1780723,0.094031036,-0.54371756
82,4155,-0.06716107,0.16634935,-0.31592545,0.7387294,-0.3672837,-0.42551076,-0.025210962,0.014127344,-0.37200543,-0.3725805,0.46272463,0.27934095,0.436787,0.708336,-0.31618208,0.16768831
82,4159,-0.057069547,0.16283917,-0.31359935,0.754265,-0.38711768,-0.4371558,-0.0202761,0.017698482,-0.36805087,-0.37807053,0.4784778,0.2875065,0.43614048,0.7184026,-0.31834882,0.1592135
82,4166,-0.076573625,0.1661745,-0.31661278,0.7188382,-0.3463217,-0.41270292,-0.029810227,0.010889038,-0.3723613,-0.3624752,0.44523826,0.2707419,0.43271148,0.6946135,-0.3106851,0.17280534
82,4197,-0.14917456,0.21234038,0.28706327,-0.19445968,0.37122363,0.28977993,-0.082576856,-0.22299749,-0.302983,-0.18390316,-0.4505921,-0.19477917,0.48407257,-0.63927275,0.19746786,0.27489823
82,4200,-0.43032402,0.09612527,-0.8180063,-0.28852475,0.4705028,-0.11078583,-0.21737191,-0.17479655,-0.35342407,-0.44886878,0.15722553,0.019959442,0.4582644,0.527863,0.1549889,0.43651736
82,4202,-0.049941935,0.14124382,-0.30984187,0.74251616,-0.3960994,-0.43936628,-0.008483209,0.020735838,-0.34327358,-0.35239506,0.48029178,0.2979169,0.40106055,0.720941,-0.30825084,0.13795209
82,4204,-0.2610436,0.31765568,-0.6448798,0.050860375,0.03535296,-0.16303277,0.032111987,0.05471278,0.10500954,0.05292965,0.109641254,-0.13135993,-0.3392054,0.83549285,-0.6547058,0.30994803
82,4217,0.23965189,0.92537224,0.22435579,0.21912114,0.7428232,0.25747514,-0.040936135,0.62988013,1.0351269,0.7916917,0.33251697,-0.71730757,-0.29679966,-0.16947317,-0.4140725,-0.04442048
82,4219,-0.07817386,0.27575612,0.4967747,-0.19703752,0.37702554,0.5571591,0.0152997,-0.27906373,-0.23243603,-0.03692338,-0.5609663,0.3524109,0.4867836,-0.3290215,0.35514134,0.3732175
82,4238,-0.6010084,-0.43108824,-0.5213243,-0.6615424,0.3032376,0.24032597,-0.41297686,-0.12339489,0.19936945,0.5375788,-0.48992148,0.67516965,-0.5094772,0.20905119,0.41967708,-0.06740233
82,4242,0.3338366,0.8216791,0.9220867,0.20481734,0.12567636,0.5214084,0.4170416,-0.20543921,-0.44966614,-0.42776975,-0.44089377,-0.15194423,0.7538502,-0.44006282,-0.40339804,0.55803716
82,4255,-0.06472435,0.2586671,0.51763487,-0.1895213,0.33690125,0.5504945,0.049245775,-0.28155863,-0.23871058,-0.032409318,-0.5692499,0.342013,0.4468011,-0.3359103,0.31252033,0.35549024
82,4262,-0.5215921,-0.4161912,-0.58767223,-0.5401807,0.05128503,0.14203714,-0.402309,0.027964324,0.36499214,0.6982601,-0.47042352,0.46768817,-0.90744054,0.2709555,-0.037555635,-0.23640284
82,4267,-0.23816112,0.5306847,-0.53295743,-0.03218727,0.045214742,-0.021472571,-0.03472119,0.2568648,0.5743,0.5820151,-0.12200886,-0.4047293,-0.9526577,0.7104833,-1.0903805,0.16693814
82,4268,0.015780032,0.21804884,0.60736394,-0.1473276,0.14638315,0.52464443,0.20626588,-0.29820085,-0.28753227,-0.050676167,-0.5969819,0.3199123,0.31587762,-0.32263264,0.120056674,0.2913665
82,4273,-0.5333742,-0.46673068,-0.5727604,-0.57593745,0.0010654181,0.16895214,-0.4391598,0.043210827,0.4306727,0.7953857,-0.5414203,0.5084347,-1.0351179,0.22352111,-0.058899954,-0.31408107
82,4277,0.006434694,-0.18797076,0.1714142,0.71632874,-0.15643293,-0.36478087,-0.25440145,0.34185654,0.12290169,0.42998394,0.37671995,0.13257606,0.06305804,-0.23251766,0.10866815,-0.5248409
82,4280,-0.14356342,0.22877705,-0.32612723,0.77124894,-0.29935044,-0.39151216,-0.052741487,0.010503568,-0.4280597,-0.3428148,0.39276457,0.28768077,0.47709617,0.7112706,-0.36733812,0.23036572
82,4300,-0.5909118,-0.43023738,-0.51857084,-0.6499177,0.28821027,0.23189867,-0.40649801,-0.11758995,0.19990872,0.5386832,-0.4815311,0.6612544,-0.51975286,0.2107814,0.3979876,-0.07588078
82,4301,0.015809894,-0.3259089,0.5759492,-0.30528218,-0.40543085,0.44121027,0.48664856,-0.39927602,-0.3020383,0.16602543,-0.76867735,0.6624503,-0.3734739,-0.10437253,-0.066975385,-0.08770797
82,4305,0.02076079,-0.24299353,0.58476377,-0.27769113,-0.33101624,0.4524289,0.45234627,-0.3851925,-0.30325007,0.13036768,-0.74268377,0.6098275,-0.27189997,-0.13457641,-0.047741517,-0.031874172
82,4308,-0.10082806,0.18581697,-0.32911304,0.7363659,-0.3367464,-0.41010937,-0.027874038,0.010851376,-0.38613623,-0.3521043,0.43239576,0.28349644,0.435216,0.7187035,-0.33805907,0.19155625
82,4309,-0.26962548,0.22628286,-0.4895806,0.6571689,-0.22431546,-0.36870658,0.042832166,0.0039103925,-0.36990243,-0.18646514,0.34581828,0.3594555,0.26674533,0.9074905,-0.49499983,0.25862843
82,4316,-0.05131816,0.12157024,-0.30639055,0.71237993,-0.38362074,-0.42805266,-0.002319172,0.019097984,-0.32147992,-0.3210947,0.46448773,0.29844224,0.36639675,0.7095986,-0.2917723,0.12476835
82,4329,-0.5098539,-0.4489791,-0.57419115,-0.5428551,-0.022637025,0.14801887,-0.42643,0.059796326,0.43809783,0.7834295,-0.52332723,0.4487817,-1.0505643,0.22955759,-0.11477138,-0.31432277
82,4344,0.016202182,0.14384276,0.58530927,-0.16264215,0.07391234,0.50073016,0.24103384,-0.30573097,-0.28638783,-0.022468716,-0.6020769,0.3560525,0.22106636,-0.27599868,0.09007387,0.2403312
82,4346,-0.037548542,-0.07620153,-0.24091935,0.48654258,-0.2568918,-0.3684192,0.010484487,0.12906012,-0.026372977,0.034629304,0.42451105,0.22626905,0.024828047,0.5130266,-0.14545582,-0.10987702
82,4348,0.20583606,0.5911915,0.75983334,0.06783588,0.15941477,0.5195149,0.3122388,-0.23018187,-0.37389416,-0.2710356,-0.4695484,0.06569335,0.5988033,-0.3290034,-0.17127977,0.46730933
