window_id,vehicle_id,z_0,z_1,z_2,z_3,z_4,z_5,z_6,z_7,z_8,z_9,z_10,z_11,z_12,z_13,z_14,z_15
120,1540,-1.0925308,0.08221863,-0.27257097,0.017154485,0.6283263,0.040061116,-0.6462112,0.6151936,0.3699984,-0.2803991,-0.5668876,-0.06568898,-0.5333369,-0.40514916,-0.7513414,-0.84613466
120,2651,2.1115265,0.118300006,-0.98785526,-0.46693715,0.69234484,0.033820454,-0.29422253,0.9386811,-0.25448194,0.3199714,-0.32921198,1.301263,-0.2838466,-0.70330656,0.68479073,0.2570675
120,3186,-1.0925308,0.08221869,-0.27257097,0.017154485,0.6283263,0.040061112,-0.6462112,0.61519355,0.36999828,-0.2803992,-0.5668876,-0.06568897,-0.53333676,-0.40514916,-0.7513414,-0.8461345
120,2453,-1.0984085,0.08946256,-0.25153607,0.008137777,0.6418328,0.037084337,-0.6564481,0.6429427,0.38182163,-0.26649678,-0.573354,-0.07889119,-0.53314906,-0.42460117,-0.76738036,-0.863901
120,3017,0.30030018,-0.4580184,-1.0668895,0.39863545,0.89111674,-0.45424476,-0.16163495,-0.102289066,0.11120336,-0.7710142,-0.7512032,0.83497953,-0.72364694,-0.5460743,0.12369281,-0.51257217
120,744,-1.0984085,0.08946253,-0.25153607,0.008137777,0.6418329,0.03708434,-0.6564481,0.6429427,0.38182163,-0.26649678,-0.573354,-0.07889117,-0.533149,-0.42460114,-0.7673804,-0.86390096
120,839,0.10396868,-0.21683554,-0.8392553,0.49844912,-0.22943433,0.33730248,0.2038108,0.019589566,-0.12922764,0.18939357,0.16466293,0.29977232,-0.015285052,-0.3542189,0.67182845,-0.088648625
120,1185,-1.092531,0.08221866,-0.27257097,0.0171545,0.6283263,0.040061112,-0.6462112,0.61519355,0.36999828,-0.2803992,-0.5668876,-0.06568897,-0.53333676,-0.4051492,-0.7513414,-0.84613466
120,3975,2.1115263,0.118300006,-0.9878553,-0.46693715,0.6923449,0.033820454,-0.2942225,0.93868124,-0.25448194,0.3199714,-0.329212,1.301263,-0.2838466,-0.70330656,0.68479073,0.25706753
120,8,-1.0984085,0.08946253,-0.25153607,0.008137792,0.6418328,0.037084337,-0.6564482,0.64294267,0.38182175,-0.26649678,-0.573354,-0.07889117,-0.533149,-0.42460114,-0.7673804,-0.863901
120,3861,0.105286285,-0.5578907,-0.9943313,0.52327263,0.3360725,-0.2074227,0.35160893,-0.48899478,-0.16289833,-0.55206835,-0.35109192,0.5734983,-0.27987936,-0.22698571,0.15039955,-0.3267229
120,3856,-1.0925307,0.08221863,-0.27257097,0.017154515,0.62832636,0.040061116,-0.6462112,0.61519355,0.36999828,-0.28039917,-0.5668876,-0.06568896,-0.5333368,-0.40514916,-0.7513413,-0.84613454
120,2613,-0.42838874,-0.21994497,-0.13051477,0.5272863,0.6273399,-0.32508066,-0.16518089,0.25615054,0.54531544,-0.13708949,-0.6238961,-0.050284803,-0.5071864,-1.0617353,0.015186951,-1.0119388
120,3073,-1.0984085,0.08946253,-0.25153607,0.008137792,0.6418329,0.037084337,-0.6564481,0.6429427,0.3818217,-0.26649675,-0.5733541,-0.07889119,-0.533149,-0.42460114,-0.7673804,-0.86390096
120,1336,0.30030018,-0.4580184,-1.0668895,0.39863545,0.89111674,-0.45424476,-0.16163492,-0.10228907,0.11120342,-0.7710142,-0.7512032,0.8349794,-0.7236469,-0.5460743,0.1236928,-0.51257217
120,1829,2.1115265,0.118299946,-0.9878553,-0.46693715,0.6923449,0.033820454,-0.29422253,0.93868136,-0.25448194,0.31997138,-0.32921195,1.301263,-0.28384656,-0.70330656,0.68479073,0.25706753
120,3296,-1.0984085,0.08946256,-0.25153607,0.008137777,0.6418328,0.037084337,-0.6564482,0.6429427,0.3818217,-0.26649678,-0.573354,-0.07889119,-0.533149,-0.42460114,-0.76738036,-0.8639009
120,3376,-1.0925307,0.08221863,-0.27257097,0.017154507,0.62832624,0.040061116,-0.6462112,0.61519355,0.36999828,-0.28039917,-0.5668876,-0.06568897,-0.5333368,-0.4051492,-0.7513413,-0.84613454
120,4022,-1.0984085,0.08946256,-0.25153607,0.008137777,0.6418328,0.037084337,-0.6564481,0.6429427,0.3818217,-0.2664968,-0.573354,-0.07889118,-0.5331491,-0.42460117,-0.7673803,-0.863901
120,863,-1.092531,0.08221863,-0.27257097,0.0171545,0.62832624,0.040061116,-0.6462112,0.61519355,0.3699984,-0.28039917,-0.5668876,-0.06568896,-0.5333368,-0.4051492,-0.7513413,-0.84613454
120,1815,-1.0984085,0.08946253,-0.25153607,0.008137777,0.6418329,0.037084337,-0.6564482,0.6429427,0.3818217,-0.26649678,-0.5733541,-0.07889118,-0.533149,-0.42460114,-0.7673803,-0.86390096
120,28,-1.092531,0.08221863,-0.27257097,0.017154507,0.62832636,0.040061116,-0.6462112,0.6151936,0.36999828,-0.28039917,-0.5668876,-0.06568896,-0.53333676,-0.4051492,-0.7513413,-0.84613454
120,2,-0.22888884,0.8527205,-0.5680987,-0.44329807,-0.33087772,1.0213418,-0.80273503,0.8078772,0.25908476,0.41245094,0.78605986,0.07899372,0.15380575,-0.008943856,0.5969992,0.15139498
120,4,-0.85898304,0.03746687,0.0014901906,0.20848334,0.61609554,-0.021508882,-0.4420557,0.60149705,0.51667035,0.021401314,-0.59208834,-0.20341632,-0.4305274,-0.7808863,-0.57548463,-0.9585208
120,22,0.110885605,-0.5102708,-0.9010192,0.4613412,0.25593328,-0.16178852,0.37859154,-0.47124684,-0.20372324,-0.46245354,-0.27994433,0.51181537,-0.2056109,-0.14370209,0.09668253,-0.24933492
120,23,0.03592497,-0.17416893,-0.2392886,-0.31921998,0.22458147,-0.04294876,0.18656453,0.116341956,-0.34698337,-0.10332753,-0.050856188,0.11090253,0.08881432,0.11088014,-0.62255275,-0.109250754
120,32,0.15441652,-0.0131097585,0.78973573,-0.22456458,0.28153193,-0.8829966,-0.3168398,0.15599242,0.21646558,-0.10089038,-0.00763835,0.05426635,-0.7036513,0.6972923,0.3593956,0.29624498
120,35,-0.0011411458,0.026483357,0.6214414,0.061051108,-0.0254478,-0.5655427,-0.08894555,0.04901714,0.19500224,0.19128741,0.07362121,-0.029324174,-0.5802287,0.5321995,0.42527303,0.28939658
120,44,-0.12216067,0.070859596,0.42302138,0.16639143,-0.14574596,-0.31715932,-0.052195728,0.024605475,0.18553464,0.2725816,0.12076537,-0.04853192,-0.4732147,0.38422117,0.44679302,0.23279199
120,85,0.1300152,-0.43712592,-0.5377139,0.07931462,0.078652486,-0.0953839,0.5206063,-0.36512336,-0.42739934,-0.25203344,-0.057348132,0.2564553,0.097329676,0.14791119,-0.31203145,-0.0804141
120,88,0.19543704,-0.14700818,0.82582814,-0.52376795,0.35569417,-1.0649054,-0.60746264,0.3300639,0.15857436,-0.4162419,0.057485983,-0.17045009,-0.56103814,0.52519906,0.5535648,0.22275066
120,92,0.1181439,-0.5594983,-0.9556556,0.47012997,0.30942488,-0.19400471,0.3993081,-0.4922967,-0.20905246,-0.52575964,-0.31919566,0.55021137,-0.2280243,-0.16687089,0.07126627,-0.29492941
120,101,-0.010642186,0.19807766,0.6648709,0.1223169,0.05118504,-0.5038389,-0.092378214,0.010774277,0.31431466,0.2767857,0.0044157207,0.19281603,-0.7674721,0.7652538,0.28966096,0.3717364
120,110,-0.085507825,0.82381976,-0.64719194,-0.71561944,-0.23810677,1.0034844,-0.95013034,0.98004484,0.17242663,0.2800975,0.87847626,0.022412166,0.3221995,-0.120324984,0.60102904,0.104481325
120,119,0.1902313,-0.16164377,0.78140146,-0.52012336,0.3425526,-1.0353092,-0.5945873,0.32144907,0.13622345,-0.42541286,0.062304087,-0.18234631,-0.5205719,0.48491815,0.54540074,0.20387226
120,122,-0.0011411458,0.026483372,0.6214414,0.061051108,-0.0254478,-0.5655427,-0.08894557,0.04901714,0.19500221,0.19128741,0.07362121,-0.029324174,-0.58022857,0.5321995,0.425273,0.28939658
120,127,0.014386311,-0.4179519,-0.3332674,0.44824544,-0.43813127,0.03060469,0.758819,-0.5392615,-0.39481202,0.084477216,0.19031402,-0.062443435,0.25494888,0.21043286,0.052499607,0.101806566
120,146,0.1962272,-0.34190863,-0.15619746,-0.06739102,-0.30100653,0.013798274,0.7201555,-0.37771335,-0.61506087,0.06672146,0.22038724,-0.030033447,0.40244442,0.47795084,-0.44759774,0.22361279
120,154,-0.11784081,-0.26267147,0.04179479,-0.11062533,-0.39226884,0.0058715753,-0.3663169,-0.059540417,-0.08438254,-0.3774626,0.2681303,-0.7529642,0.56996167,-0.65284026,0.7505349,-0.08939367
120,155,-0.026534587,-0.14613065,-0.68151695,0.17104003,0.32771784,0.03151909,0.30843025,-0.4040508,-0.24088466,-0.37145835,-0.34706447,0.663228,-0.20214182,0.40403602,-0.66950685,-0.005825907
120,156,-0.067554995,-0.06380981,0.26794428,0.47790703,0.48323202,-0.19147629,0.06864638,0.20812055,0.5353381,0.25497827,-0.54667616,-0.15825364,-0.21203351,-1.0916219,-0.07757078,-0.7791978
120,166,0.05575052,-0.09043749,0.6375692,-0.1722916,0.093926474,-0.73018754,-0.2984965,0.16695562,0.14411415,-0.08150931,0.086844355,-0.15209618,-0.4893285,0.4220228,0.5195049,0.21811688
120,175,-0.055627912,1.0138896,-0.76616865,-0.70653415,-0.24319088,1.2350752,-0.95141697,1.0646914,0.21325968,0.47048768,0.9489474,0.21605895,0.27815175,-0.03661391,0.53469896,0.17805502
120,178,-0.13212118,0.32186037,0.42979622,0.42309195,-0.26173466,-0.11250238,0.220628,-0.23562992,0.2830025,0.5176545,0.012428783,0.26488793,-0.63695604,0.7894932,0.13725066,0.45100528
120,183,-0.72538203,0.5234957,-0.36682773,0.77671146,-0.6199741,0.8505637,0.034803815,-0.1058553,0.35114795,0.7205185,0.2920241,0.2151639,-0.37468186,0.21259663,0.49568057,0.16989753
120,189,-0.38014725,0.029371336,0.25804192,0.36612785,0.39089823,-0.0026192442,-0.07998663,0.36081028,0.5075203,0.3461619,-0.4648845,-0.27633703,-0.16137755,-0.92426705,-0.29633892,-0.7588611
120,195,-0.46747023,-0.109067865,-0.03948836,-0.025642142,0.52682203,-0.19266063,-0.21297717,0.48880306,0.22020425,-0.089243636,-0.3771294,-0.14992997,-0.26790303,-0.60164243,-0.462247,-0.7541832
120,199,0.016827479,-0.28843993,-0.32718256,-0.119348586,-0.058725342,0.07676294,0.60611176,-0.35778016,-0.5347953,-0.08147015,0.05992948,0.16390662,0.2708239,0.44463512,-0.6937781,0.089546576
120,205,-0.012406185,-0.49459267,-0.4086751,0.44684383,-0.40256506,0.014166545,0.65648866,-0.438686,-0.3668909,0.029709794,0.20276591,-0.12656313,0.26852164,-0.016746163,0.22249731,-0.03180264
120,206,-0.15484296,0.28157145,0.44711977,0.37645656,-0.26529887,-0.14601347,0.14072391,-0.16019905,0.2825302,0.48987585,0.055575043,0.17014651,-0.6098659,0.69090223,0.25470352,0.4099549
120,208,-0.4074633,0.075381204,0.13065235,-0.63288677,0.3273629,0.040047742,-0.14985022,0.64731896,-0.18280895,0.06778354,-0.050140366,-0.22731486,0.083100244,0.020660639,-1.028394,-0.33409196
120,223,0.111674145,-0.19740948,0.686359,-0.26368105,0.12052517,-0.8646299,-0.33205134,0.20191711,0.08745675,-0.18471162,0.09763743,-0.25335374,-0.43241245,0.35993037,0.57616657,0.1922392
120,224,0.15744716,-0.46621197,-0.7711186,0.35116524,0.16736178,-0.12678796,0.4559626,-0.4662896,-0.2953507,-0.3662589,-0.2015503,0.45247036,-0.09639304,0.020084634,-0.043681458,-0.13293532
120,237,-0.04892083,-0.41425744,-0.5700206,0.4568631,-0.29579523,0.11454537,0.75871134,-0.62747407,-0.40536597,-0.06510119,0.08841112,0.17818002,0.19875142,0.3041534,-0.15037356,0.06689274
120,243,-0.094929054,-0.10748627,-0.5320336,0.0626093,0.13863327,0.14600515,0.4597002,-0.45019487,-0.36996967,-0.2313017,-0.18628383,0.5299188,-0.0016518161,0.60820115,-0.85164315,0.111194804
120,254,0.21773675,-0.19305098,-0.8548735,0.45224503,-0.17730366,0.3256445,0.1830411,0.064922996,-0.13440813,0.20081463,0.13493416,0.36980903,-0.03511364,-0.363734,0.66645217,-0.06471391
120,258,-0.049397685,0.6789443,0.15887587,0.019461319,-0.18965685,0.67702836,-0.773663,-0.940699,0.47303605,-0.9245083,-0.23629197,0.0586738,0.67044246,-0.11285548,0.1280016,0.4817232
120,264,0.1464195,-0.31658196,-0.26369676,-0.21534908,-0.09396934,0.034586597,0.66317296,-0.3133193,-0.6202222,-0.030395683,0.13193893,0.11138609,0.35215884,0.48374918,-0.69489795,0.1381948
120,267,0.021498851,-0.053768873,0.2493973,-0.7857796,0.05612679,0.043812178,0.26272267,0.43562457,-0.5125741,0.24361028,0.24526504,-0.29308712,0.45752758,0.21726891,-0.97758096,-0.024588563
120,283,0.008889839,0.32306862,0.7727983,0.20903893,0.0837618,-0.50590694,-0.027365923,-0.0432235,0.40844572,0.40900564,-0.052841023,0.36179322,-0.95141196,0.99256015,0.18445735,0.4727524
120,291,0.08026479,-0.73580587,0.120329365,-0.04645011,-0.46481156,-0.40792778,0.15310639,0.110878,-0.40211785,-0.03893895,0.38475904,-0.9288909,0.450464,-0.6407567,0.8491355,-0.17321754
120,302,-0.14291327,-0.48518568,-0.41695282,0.42518643,-0.46197343,0.06486034,0.29953414,-0.10145118,-0.24125238,0.085706666,0.30476564,-0.3192199,0.20699695,-0.39652714,0.73105735,-0.14318243
120,304,-0.39331838,0.106278524,0.17381884,-0.7206602,0.30706632,0.072931334,-0.1346443,0.6796025,-0.23138797,0.10484426,-0.0081536025,-0.2433854,0.13450274,0.09579338,-1.1185597,-0.2850008
120,305,-0.11336468,-0.23105334,0.053695813,-0.12209085,-0.3852245,0.027340896,-0.40709472,-0.09229672,-0.06343979,-0.42507082,0.25037873,-0.74459404,0.596105,-0.6498542,0.7414505,-0.069171056
120,306,0.055817112,-0.7131212,0.20889659,-0.12139371,-0.4506817,-0.46451458,0.048585147,0.15557882,-0.3662907,-0.0828917,0.38426048,-1.0109416,0.4459539,-0.67051053,0.89346397,-0.16807997
120,309,-0.5424619,0.56199735,-0.30133823,0.29348224,-0.5005642,0.7387632,-0.25778565,0.19483376,0.2940324,0.53635246,0.42438388,0.07157777,-0.19954944,0.14159223,0.52169263,0.16409071
120,312,0.14028616,0.031555846,0.80715376,-0.14844808,0.25063837,-0.8437697,-0.2550867,0.121360086,0.2443709,-0.008277051,-0.016499206,0.10045509,-0.7534619,0.7529459,0.3324356,0.32925949
120,314,-0.047522593,-0.541842,0.12023066,-0.09602404,-0.45026577,-0.2663067,-0.10981697,0.103576325,-0.2529763,-0.16294023,0.3637212,-0.922428,0.4721933,-0.6766219,0.87633485,-0.15497363
120,325,1.2072837,-0.018899798,-1.0142753,0.042808823,0.26378673,0.23279169,-0.034717396,0.5154266,-0.1788836,0.29563323,-0.09866001,0.93817836,-0.18750659,-0.5275872,0.7056639,0.10708517
120,338,-0.070087194,-0.5827821,-0.20989342,0.24687938,-0.4702304,-0.10963331,0.24278963,-0.02134014,-0.30394006,0.037805434,0.3390743,-0.56558704,0.30575514,-0.49587128,0.7778788,-0.16089204
120,340,-0.025158837,0.052002415,0.59859276,0.09558053,-0.05310087,-0.51446754,-0.072522506,0.03801342,0.20597138,0.22946085,0.079270214,-0.017658934,-0.5809615,0.5296242,0.42299655,0.29328582
120,342,0.061654687,-0.068305746,0.6564273,-0.060040146,0.0390653,-0.6989226,-0.15830892,0.09188566,0.14597581,0.04755879,0.0702198,-0.10294305,-0.52878505,0.4834036,0.45955122,0.25850636
120,343,0.121463016,-0.48886722,-0.64536893,0.19172892,0.14488699,-0.14507508,0.46126953,-0.37786934,-0.3504054,-0.33647376,-0.1276957,0.30467772,0.0005305037,5.0142407e-05,-0.15187119,-0.17135918
120,348,0.7807212,0.46530145,1.0907918,0.65007436,0.14309861,0.33150405,0.6332154,-0.25218394,0.7651712,1.0890162,-0.6011089,-0.20893353,0.4593833,-1.1491967,-0.3850181,-0.15876532
120,362,0.030022718,0.25185746,0.73362154,0.16117647,0.100696996,-0.537163,-0.035999507,-0.028222434,0.3514604,0.33894604,-0.042958125,0.3083369,-0.8787336,0.9090557,0.19409621,0.4259817
120,363,0.08351773,-0.15913865,0.6450796,-0.23526224,0.11253266,-0.79830056,-0.33029974,0.19390324,0.10423191,-0.15844446,0.096665666,-0.21888615,-0.43844944,0.362389,0.55691993,0.18966222
120,364,0.12261519,-0.40798318,-0.46429884,0.02877678,0.034061,-0.07743922,0.5163137,-0.33156422,-0.44393772,-0.1978945,-0.011435404,0.19584699,0.14132601,0.17271,-0.33430833,-0.050309703
120,366,-0.03513128,-0.06535815,0.096726164,-0.649685,0.05340226,0.08368707,0.30103093,0.26284066,-0.50739676,0.14056148,0.17783685,-0.15131915,0.38500085,0.32069477,-0.9785909,0.00955566
120,367,0.011720128,-0.6640056,0.17533927,-0.109790996,-0.4611817,-0.39878467,-0.006109312,0.1528458,-0.32965115,-0.1014393,0.38911122,-0.9964793,0.45403257,-0.68696153,0.9108407,-0.17168264
120,390,-0.19986229,0.51169765,0.3277635,0.39741516,-0.33471647,0.1445618,0.08741209,-0.07103612,0.35155362,0.6711289,0.15159431,0.32319063,-0.64484787,0.77393043,0.23646821,0.49752212
120,394,-0.04602201,0.06651877,0.5544172,0.12624367,-0.0804916,-0.45579696,-0.05034329,0.021641783,0.20333771,0.25502998,0.08371986,-0.009465337,-0.5609726,0.5091034,0.41135466,0.2870177
120,396,0.13899629,-0.39069837,-0.29279602,0.103392705,-0.32955682,0.0544604,0.82161236,-0.51412916,-0.59488237,0.031455092,0.19787966,0.048114255,0.3752996,0.49722496,-0.42435098,0.20836446
120,404,-0.73556775,0.57879955,-0.34969103,0.8046994,-0.6196095,0.8739176,0.04954631,-0.12929873,0.38524628,0.7557618,0.26846468,0.26746356,-0.4218282,0.27794546,0.45455694,0.20258611
120,405,-0.07662134,1.0200726,-0.76531523,-0.7134588,-0.2570344,1.2460363,-0.9730568,1.0758977,0.21781243,0.46509537,0.9650372,0.19605507,0.28686377,-0.0479479,0.55286163,0.17482875
120,416,-0.0114376545,-0.6266277,0.15081732,-0.095524654,-0.45907676,-0.35518107,-0.026573062,0.13760644,-0.3070569,-0.10978593,0.38168576,-0.9647931,0.4496123,-0.6775538,0.8981665,-0.16780567
120,422,-0.075081475,-0.21034198,-0.40194052,-0.028612971,-0.030347839,0.14742264,0.5947003,-0.44623137,-0.48556572,-0.123237416,-0.012925938,0.2984947,0.19673096,0.5614325,-0.7977539,0.11969215
120,423,0.14060539,-0.7679065,0.24498658,-0.13252202,-0.459373,-0.51289517,0.14522949,0.13127732,-0.4261243,-0.055559624,0.38034397,-1.0164702,0.4688183,-0.6396096,0.84855443,-0.14647156
120,433,-0.095704675,-0.607066,-0.57857233,0.49092034,-0.31801486,0.0014754664,0.5237644,-0.31701502,-0.29789847,-0.06969039,0.18409042,-0.15806565,0.23998109,-0.3372282,0.44604802,-0.2588221
120,442,-0.33831197,0.74734473,-0.47044367,-0.18004242,-0.39010975,0.91871035,-0.6069317,0.58440965,0.2719329,0.45259246,0.6529753,0.074655905,0.03018409,0.042657554,0.569603,0.15495296
120,444,-0.12196426,-0.61113447,-0.62934697,0.5191189,-0.29305264,0.012980159,0.50597525,-0.32022113,-0.27530438,-0.09509292,0.1621283,-0.12736124,0.21430084,-0.36576116,0.46404696,-0.28905967
120,448,-0.12129514,-0.459284,-0.6895995,0.5801054,-0.2726034,0.124391995,0.7121104,-0.63340604,-0.33387804,-0.11787473,0.05158999,0.19614498,0.14005342,0.15641725,0.009298444,-0.030508801
120,461,0.21773675,-0.19305098,-0.8548734,0.452245,-0.17730366,0.32564452,0.1830411,0.064922996,-0.13440813,0.20081462,0.13493416,0.36980903,-0.03511364,-0.36373398,0.6664521,-0.06471391
120,465,1.9961331,0.10601775,-0.9607319,-0.37820366,0.6123805,0.053674348,-0.18477017,0.810815,-0.26131466,0.32575855,-0.3072644,1.2655556,-0.26547053,-0.58695304,0.61248094,0.27940235
120,467,-0.0017657131,-0.014819488,0.3372823,-0.85862076,0.09582652,0.03564484,0.19068743,0.5666214,-0.47333062,0.29213324,0.24483939,-0.36194342,0.45933387,0.14571854,-1.0166055,-0.07313929
120,496,-0.43800998,-0.03154245,0.03565918,-0.3000828,0.4114337,-0.08657806,-0.18692812,0.56109595,0.027383491,-0.009705383,-0.20729083,-0.20416868,-0.09581905,-0.32296598,-0.6853699,-0.5523653
120,497,0.21798414,0.21317078,0.6777092,0.6281036,0.28545856,0.14797235,0.33172596,-0.0070293695,0.70735264,0.7417769,-0.580299,-0.231978,0.12744473,-1.1437364,-0.27183676,-0.52931416
120,498,-0.15483546,0.13679941,0.372513,0.2624045,-0.22809553,-0.19800866,0.035936363,-0.05306177,0.19968714,0.3587725,0.11083535,0.0057915747,-0.4678828,0.43357024,0.3847868,0.27507564
120,514,-0.042850606,-0.55719537,0.11757617,-0.0901998,-0.44638097,-0.28369334,-0.08385271,0.11322058,-0.2653783,-0.14167197,0.36526167,-0.91737026,0.45487553,-0.6674218,0.8693943,-0.1601336
120,515,-0.22283664,0.04889311,0.34949917,0.44261694,0.3445866,0.019435186,0.03798241,0.2604254,0.5413099,0.44711986,-0.4698201,-0.2752896,-0.08487969,-0.98508096,-0.2430786,-0.70175964
120,529,0.3656966,0.8673613,0.5729117,-0.20312676,0.054898098,0.5918316,-1.0379293,-1.5517124,0.6219108,-1.6478006,-0.6408533,0.16408516,1.0538198,-0.0620497,-0.20633452,0.7893741
120,540,0.111674145,-0.19740948,0.686359,-0.26368105,0.12052514,-0.8646299,-0.33205134,0.20191708,0.08745672,-0.18471164,0.09763743,-0.25335371,-0.4324125,0.35993025,0.57616657,0.19223922
120,545,0.18373835,-0.04251848,0.8442978,-0.3129219,0.32649004,-0.974252,-0.39667362,0.20308977,0.2158105,-0.18486649,-0.0038410723,0.0155110955,-0.7059992,0.69893134,0.40136594,0.29467624
120,548,0.044777557,-0.34857953,-0.382003,0.25616527,-0.32321116,0.09228206,0.7746965,-0.56276697,-0.49175876,0.018359885,0.15254577,0.11543693,0.28320134,0.45344064,-0.3318202,0.17660248
120,552,-0.095704675,-0.6070659,-0.5785723,0.49092034,-0.31801486,0.0014754646,0.5237644,-0.31701502,-0.29789847,-0.06969039,0.18409042,-0.15806565,0.23998109,-0.3372282,0.44604802,-0.25882208
120,563,-0.62087727,0.49484807,-0.31361532,0.5679997,-0.5607458,0.8103029,-0.18321985,-0.18060714,0.33555764,0.3640877,0.2582488,0.08448444,-0.103975184,0.04252644,0.5164176,0.16760227
120,579,-0.13084853,0.021618456,0.21359472,-0.7713381,0.14925872,0.0877817,0.14015049,0.48523584,-0.42594624,0.18216784,0.14125192,-0.23541641,0.34886864,0.22883973,-1.0887632,-0.082098044
120,585,0.1966731,-0.078827456,0.8794063,-0.4301044,0.35996968,-1.0513031,-0.5219439,0.27847075,0.20968328,-0.29860017,0.021699056,-0.06323882,-0.6741804,0.65454197,0.4831047,0.2769753
120,597,0.11308612,-0.24953705,-0.858892,0.2519798,0.5831038,-0.14851373,0.13010094,-0.29828256,-0.108222105,-0.54663676,-0.5340607,0.79019547,-0.4249199,0.08287686,-0.4268191,-0.18743315
120,603,0.08915275,-0.1800791,0.64357096,-0.25351351,0.11630757,-0.81534344,-0.34079456,0.20255226,0.09181951,-0.18185689,0.10094432,-0.24087776,-0.4205094,0.3404285,0.57022804,0.17923602
120,604,0.00021304935,0.32014918,0.7459248,0.216299,0.072960764,-0.4820192,-0.020859852,-0.047944814,0.4003057,0.40967014,-0.04907289,0.3568611,-0.93143356,0.9702748,0.1827632,0.46276945
120,606,-0.18742073,-0.4010765,-0.5996848,0.5453397,-0.42999798,0.20429334,0.30974507,-0.13069332,-0.18421057,0.12026696,0.27849233,-0.11586662,0.12716512,-0.35056108,0.70628613,-0.14601803
120,610,1.1353765,-0.033339843,-0.674325,0.01719021,0.1695581,0.07715573,0.27239943,0.15692046,-0.2956549,0.25445083,-0.13851812,0.7975789,-0.100737296,-0.08495315,0.2508142,0.27716297
120,612,0.09041758,-0.17280377,0.6630811,-0.2516902,0.119335875,-0.8262692,-0.34327823,0.20495212,0.10179077,-0.17365228,0.09937408,-0.2355636,-0.43871492,0.3585635,0.57366073,0.18835825
120,615,-0.012406185,-0.49459267,-0.40867513,0.44684383,-0.40256506,0.014166545,0.65648866,-0.438686,-0.3668909,0.029709794,0.20276591,-0.12656313,0.26852164,-0.016746163,0.22249731,-0.031802636
120,618,-0.046544775,0.008731291,0.29343653,-0.83159626,0.10818915,0.06374137,0.17566624,0.531741,-0.4627608,0.25592166,0.21260667,-0.30901617,0.42359528,0.19755107,-1.0521655,-0.06079962
120,621,-0.46826494,-0.0695575,0.0034519136,-0.16173437,0.5030797,-0.15318042,-0.21822408,0.5504797,0.14773695,-0.057388347,-0.3180556,-0.1771566,-0.20328832,-0.49318284,-0.59096265,-0.6898078
120,628,0.706,-0.09765909,-0.9440468,0.26203722,0.04178281,0.2905478,0.08549628,0.2762181,-0.15319157,0.25239882,0.014520377,0.67223847,-0.11899867,-0.42687634,0.67351884,0.027651966
120,644,0.05239828,0.011545867,0.40122795,0.5069648,0.4782002,-0.13984832,0.13658237,0.16662213,0.59670734,0.36631495,-0.5889474,-0.16324916,-0.13919002,-1.1451288,-0.13503648,-0.73066837
120,655,0.011311814,0.929006,-0.76271486,-0.80615187,-0.19209592,1.1301587,-0.9743881,1.0739998,0.16007952,0.34458065,0.93415356,0.1467623,0.35986334,-0.094803,0.5247755,0.12903053
120,663,-0.30636728,0.07427685,0.21064807,-0.75496316,0.2342567,0.07758554,-0.053021714,0.649033,-0.29889774,0.15964602,0.06896049,-0.28648937,0.22467494,0.11471555,-1.0854764,-0.22503853
120,666,-0.77626634,0.65008855,-0.3219917,0.8416108,-0.6490169,0.91731423,0.045614652,-0.13296668,0.43731844,0.8162628,0.2680692,0.29527462,-0.47438288,0.33295888,0.45930976,0.23573759
120,670,0.06473857,-0.2780465,-0.27747923,-0.18661675,-0.08278858,0.07657071,0.63479424,-0.3303913,-0.5820236,-0.036983002,0.102718204,0.13718654,0.3217497,0.49537084,-0.7388402,0.12885879
120,674,-0.065798156,0.013009772,0.2734664,-0.81481755,0.115043476,0.070791684,0.16774201,0.517868,-0.4542573,0.23904417,0.1970288,-0.29041398,0.40588087,0.20727506,-1.0570896,-0.062817775
120,684,-0.4186012,0.0111297965,0.07491426,-0.44604173,0.36088765,-0.0317019,-0.16912332,0.59494233,-0.072335996,0.026667114,-0.1261585,-0.22078621,-0.010226041,-0.17002892,-0.81769794,-0.4472784
120,686,-0.026148707,0.21736448,0.6219222,0.16203287,0.03239295,-0.44542992,-0.055768058,-0.014749259,0.3121807,0.31137133,0.0009293854,0.22039934,-0.75939524,0.7623588,0.25669968,0.36906862
120,704,0.098783866,-0.19158155,0.6604918,-0.25950387,0.118363485,-0.8386877,-0.33816087,0.20316514,0.08805813,-0.18670528,0.09993884,-0.2501873,-0.42231536,0.34369475,0.5758556,0.18228146
120,714,0.13960682,-0.51799595,-0.74244434,0.2597442,0.20588441,-0.16827276,0.44516718,-0.40098003,-0.31624386,-0.39582396,-0.18530989,0.38390958,-0.06510567,-0.053790823,-0.09190382,-0.2122606
120,728,0.2057583,-0.090097226,0.9038996,-0.46146557,0.37106127,-1.0857586,-0.5542884,0.2984065,0.21070488,-0.32717592,0.026118562,-0.08499783,-0.6742843,0.65238166,0.50733703,0.27823666
120,729,-0.18682674,0.47385693,0.13580771,0.25952777,-0.32311246,0.25777575,-0.014328659,0.050228514,0.263869,0.5844452,0.24594632,0.24651937,-0.45185018,0.55832076,0.27868313,0.39414322
120,730,-0.17004696,0.19974138,0.33838576,0.33277342,-0.26129997,-0.11694802,0.10688635,-0.12182891,0.21660168,0.4165253,0.08641526,0.08649315,-0.4901803,0.5131953,0.29996973,0.3154309
120,743,-0.0017657205,-0.014819533,0.33728236,-0.85862076,0.09582652,0.035644833,0.19068742,0.56662136,-0.47333056,0.29213324,0.24483939,-0.36194342,0.4593338,0.14571857,-1.0166055,-0.07313929
120,745,-0.16322823,0.5818784,-0.071048394,0.04093335,-0.30751973,0.4722372,-0.22633001,0.28332648,0.24461924,0.5543335,0.40962815,0.22647126,-0.28030837,0.4087281,0.34429795,0.33663338
120,781,0.1287231,-0.28959957,-0.2245128,-0.25823212,-0.11467789,0.066858955,0.6835698,-0.31238165,-0.6435865,0.0018854057,0.1520226,0.09913069,0.3867286,0.5429815,-0.7797555,0.16935012
120,795,-0.23572697,0.03070964,0.08662899,-0.63761723,0.17330675,0.11622394,0.09127447,0.38839123,-0.36512607,0.08203639,0.05547912,-0.13671464,0.23846406,0.2524036,-1.047165,-0.10008562
120,801,0.25777245,0.9257233,0.4721536,-0.17868143,0.00057023764,0.70795864,-1.077958,-1.4723967,0.6500044,-1.5743606,-0.5698203,0.17707236,1.0238844,-0.073295824,-0.15392078,0.7569258
120,804,-0.46496883,-0.08603677,-0.019081399,-0.11384082,0.49938726,-0.16348231,-0.21254152,0.51817834,0.16329764,-0.07110675,-0.33008483,-0.16650614,-0.21976492,-0.519205,-0.5377458,-0.69905233
120,810,-0.117612086,-0.31693813,0.040524974,-0.10224031,-0.40627497,-0.03698398,-0.31573284,-0.014757782,-0.11645379,-0.3223519,0.29460126,-0.7837412,0.54459435,-0.66605926,0.77942854,-0.11389559
120,828,1.8962796,0.08070432,-1.0032222,-0.34620002,0.5897894,0.08118153,-0.23450342,0.8513183,-0.23721671,0.31889144,-0.26405498,1.2135578,-0.25884518,-0.66974103,0.70381135,0.21455786
120,856,0.014386319,-0.41795188,-0.3332674,0.44824547,-0.43813127,0.03060469,0.758819,-0.5392615,-0.39481205,0.084477216,0.19031402,-0.062443443,0.25494888,0.21043286,0.052499592,0.10180658
120,869,-0.5245842,0.49378687,-0.25133133,0.4565953,-0.49910432,0.7729556,-0.2880731,-0.28444433,0.33650458,0.13404655,0.19258294,0.05040036,0.047752008,-0.017894894,0.47222465,0.19635093
120,873,-0.31961465,-0.02164571,0.029934213,-0.5071981,0.22313742,0.05969073,0.008635178,0.40988114,-0.25396577,0.032690004,-0.019808799,-0.16581021,0.13686861,0.068720624,-0.89985234,-0.24010523
120,876,0.1327782,-0.7641838,0.26008344,-0.14694002,-0.45293617,-0.5251865,0.119305864,0.14742368,-0.41811767,-0.06252885,0.38264364,-1.0310636,0.46218154,-0.64489156,0.8629975,-0.14748937
120,878,-0.10425371,0.57521284,0.086085156,0.04878275,-0.22359404,0.6228324,-0.6779371,-0.7905534,0.39843184,-0.7659862,-0.15089592,0.009491444,0.5860628,-0.13392606,0.19363144,0.39749092
120,880,0.15303764,-0.77067685,0.24309771,-0.14275497,-0.4511336,-0.51476336,0.14729775,0.13218898,-0.4329312,-0.058728244,0.3777422,-1.012161,0.4761148,-0.64120865,0.83261377,-0.14906803
120,897,-0.067555,-0.06380981,0.26794428,0.47790703,0.48323208,-0.19147629,0.068646386,0.20812055,0.53533804,0.25497827,-0.5466763,-0.15825364,-0.21203348,-1.0916219,-0.07757078,-0.7791978
120,906,0.07074422,0.16086693,0.77381206,0.05743052,0.14637376,-0.6608359,-0.1031619,0.028245218,0.30801415,0.22722068,-0.027133062,0.21815236,-0.8347357,0.8457099,0.25762352,0.39050153
120,909,-0.0012217835,-0.39005798,-0.4872452,0.3692512,-0.3111983,0.10451236,0.77961874,-0.6080991,-0.45132828,-0.028803159,0.11702316,0.15285133,0.24139449,0.38124213,-0.23962896,0.121144146
120,924,-0.13458489,-0.46813476,-0.70623606,0.59870476,-0.26901597,0.12394487,0.7011628,-0.6295801,-0.32076758,-0.12566565,0.04703164,0.1934249,0.13142702,0.12454197,0.040817425,-0.05021371
120,925,-0.1939308,-0.6033593,-0.77414376,0.63621545,-0.23869558,0.058181666,0.53351617,-0.4398347,-0.23665053,-0.17226762,0.07353872,0.022601143,0.12715253,-0.30738458,0.41584975,-0.29500908
120,932,0.13295558,-0.77377033,0.26744503,-0.15100747,-0.4587158,-0.53317064,0.11561674,0.15394506,-0.42052954,-0.06436972,0.3886435,-1.0486733,0.46790063,-0.6561986,0.87959385,-0.1501476
120,951,0.008889824,0.32306868,0.7727982,0.20903893,0.0837618,-0.505907,-0.027365893,-0.043223493,0.40844566,0.4090057,-0.052841023,0.36179316,-0.95141196,0.99256015,0.18445735,0.4727524
120,953,-0.20027173,0.46770543,0.25073874,0.36691916,-0.33466762,0.17319727,0.07606822,-0.05147092,0.30345398,0.62861496,0.17267817,0.28424603,-0.5654341,0.67673063,0.24627179,0.44775778
120,954,0.1095112,0.07507078,0.7882057,-0.07675189,0.20586751,-0.77136415,-0.20578861,0.092935406,0.26429695,0.07429542,-0.013567865,0.13115339,-0.7722248,0.7715415,0.31614882,0.34634608
120,956,0.051653877,-0.045432016,0.34707695,-0.8677223,0.06616382,0.018331714,0.23805276,0.5488382,-0.5082628,0.31044027,0.27983922,-0.38063467,0.4986615,0.14538029,-0.9874827,-0.05489272
120,973,0.19026819,-0.04487729,0.8659566,-0.33951047,0.34000832,-1.0007814,-0.42572713,0.22030309,0.2211471,-0.2065341,-0.0015644208,0.0061730146,-0.7133465,0.7056967,0.41656435,0.29773423
120,975,-0.7466337,0.60178715,-0.34103107,0.8146658,-0.6267048,0.88708216,0.04843933,-0.13124639,0.40093857,0.7736437,0.266491,0.27786595,-0.4380824,0.29637355,0.4520014,0.21355924
120,1004,-0.4455096,0.61460865,-0.37263817,0.06836846,-0.44685656,0.7907963,-0.41065258,0.37210876,0.2653026,0.47995642,0.5296668,0.049984515,-0.082445495,0.0797627,0.546163,0.14784394
120,1006,-0.74663365,0.6017872,-0.34103107,0.8146659,-0.6267048,0.88708216,0.0484393,-0.13124639,0.4009387,0.7736435,0.266491,0.277866,-0.4380824,0.2963735,0.4520014,0.21355924
120,1012,0.3523837,0.75333005,0.5582201,-0.21126541,0.030259877,0.50692904,-0.9841863,-1.4386915,0.55305773,-1.5687006,-0.5782504,0.0699171,1.028283,-0.1163273,-0.12730478,0.7223403
120,1018,-0.4970967,0.6174838,-0.34973174,0.17399818,-0.4767046,0.79498315,-0.3506075,0.3001903,0.2919131,0.52236474,0.48975408,0.07543996,-0.14335927,0.11996308,0.5364044,0.16343838
120,1020,0.14121634,-0.37825233,-0.40158245,-0.060122877,-0.0007352382,-0.042817056,0.5719228,-0.3260694,-0.51055074,-0.1458227,0.033003353,0.17872117,0.21187359,0.28895864,-0.47006583,0.015590392
120,1024,0.070731685,0.21592693,0.81444913,0.101271555,0.14736865,-0.64987683,-0.07431519,0.005140178,0.348907,0.29083458,-0.046183333,0.2820239,-0.9067471,0.933728,0.22200932,0.43295377
120,1037,-0.0027657524,-0.6402078,-0.04860057,0.10129444,-0.4580421,-0.24666405,0.19674714,0.035381056,-0.34869713,-0.0005006194,0.35223576,-0.7279112,0.37056267,-0.55103475,0.78446066,-0.1649568
120,1044,-0.5424619,0.5619972,-0.3013382,0.29348224,-0.5005642,0.7387631,-0.25778562,0.19483376,0.2940324,0.53635246,0.42438388,0.07157776,-0.19954944,0.1415922,0.52169263,0.16409071
120,1050,-0.31461906,-0.0029282868,0.019075677,-0.5292661,0.22186325,0.08859442,0.035654128,0.3751143,-0.28367677,0.021085357,-0.021568209,-0.12332562,0.14920415,0.1489796,-0.97176653,-0.1962594
120,1059,-0.30498582,0.058384463,0.20060308,-0.73630464,0.23510398,0.06709254,-0.050378382,0.64006925,-0.29243574,0.1523846,0.063935295,-0.28901476,0.21869087,0.09201969,-1.05962,-0.2375945
120,1064,-0.037720297,-0.15397526,-0.6934825,0.1698896,0.32383406,0.047837995,0.3469973,-0.43885556,-0.2615686,-0.38049605,-0.3506427,0.68134487,-0.18851903,0.4468254,-0.7260036,0.0049975663
120,1071,-0.009205326,0.30192727,0.73188627,0.20343181,0.062379733,-0.48018813,-0.037109286,-0.034219958,0.38911462,0.39200395,-0.035178393,0.3227716,-0.9030594,0.93023264,0.21167083,0.4466982
120,1078,-0.062402844,-0.12748112,-0.62145084,0.13173188,0.23835437,0.090896934,0.38521588,-0.43965027,-0.3004076,-0.31024364,-0.27627409,0.611857,-0.11214899,0.50845265,-0.7583978,0.052095905
120,1096,0.19667313,-0.07882744,0.8794063,-0.43010435,0.35996974,-1.051303,-0.521944,0.27847075,0.20968328,-0.29860017,0.02169907,-0.063238814,-0.6741803,0.65454185,0.4831047,0.2769753
120,1109,0.1352211,-0.39964795,-0.44838732,-0.011559635,0.026768714,-0.061541643,0.55228716,-0.3381607,-0.480318,-0.18342124,0.0019964874,0.20316343,0.17135152,0.23616621,-0.4129662,-0.020068184
120,1113,0.050960183,-0.3502435,-0.3703775,0.25098634,-0.32802033,0.08662161,0.77062005,-0.5531829,-0.49297512,0.023727028,0.15790406,0.10191922,0.2881231,0.44418308,-0.31941563,0.17629272
120,1122,0.28159967,-0.419332,-0.9501447,0.2866662,0.7906779,-0.39145207,-0.10163036,-0.07117207,0.032926813,-0.6679848,-0.6422043,0.7339556,-0.59785396,-0.44278136,0.012600243,-0.44603804
120,1123,0.06473859,-0.2780465,-0.27747923,-0.18661672,-0.08278857,0.07657071,0.63479424,-0.3303913,-0.5820236,-0.036983,0.102718204,0.13718654,0.3217497,0.49537084,-0.73884016,0.12885877
120,1129,0.14121637,-0.37825233,-0.40158242,-0.060122877,-0.0007352233,-0.042817056,0.5719228,-0.3260694,-0.5105508,-0.1458227,0.03300336,0.17872117,0.21187359,0.28895864,-0.47006583,0.015590392
120,1137,0.8485365,0.4611231,1.1322066,0.5435976,0.13991661,0.29698431,0.6392903,-0.21210665,0.68803006,1.0847096,-0.55837977,-0.22868538,0.50601137,-1.1109078,-0.4096594,-0.10357486
120,1151,-0.44473946,-0.17461544,-0.073359266,0.29457462,0.613469,-0.2866669,-0.19074461,0.38062957,0.42951137,-0.11057322,-0.5365226,-0.09865912,-0.42019558,-0.9047997,-0.19240241,-0.9389474
120,1153,0.022019662,0.28414202,0.7463515,0.18522552,0.09248324,-0.51886094,-0.026551813,-0.039758526,0.37468094,0.3710435,-0.04949203,0.33621365,-0.90883625,0.9478569,0.18223584,0.44723767
120,1178,0.15310125,-0.76387954,0.23682825,-0.14257407,-0.4444545,-0.5092436,0.14670244,0.12939444,-0.43137,-0.059416395,0.37337324,-0.9997899,0.4731639,-0.63531077,0.81941754,-0.14904389
120,1188,0.022019662,0.28414202,0.7463515,0.18522552,0.09248324,-0.5188609,-0.026551813,-0.039758526,0.37468094,0.37104347,-0.04949203,0.33621365,-0.90883625,0.947857,0.18223584,0.44723767
120,1212,-0.026022516,-0.14955589,-0.6829348,0.1825172,0.33541262,0.017770506,0.28095353,-0.38680825,-0.22100052,-0.37589043,-0.35287064,0.65291977,-0.21815053,0.36171833,-0.62253946,-0.023409411
120,1225,-0.19433197,0.51928586,0.20838399,0.30574918,-0.33179042,0.2358821,0.012081429,0.014613472,0.31229246,0.63157064,0.21932991,0.29039145,-0.5334154,0.66320384,0.26048708,0.4470675
120,1241,-0.062227156,-0.6016118,-0.5211635,0.48121104,-0.36675394,-0.003889109,0.58029497,-0.3486278,-0.33393666,-0.031479638,0.21156067,-0.18212357,0.27451983,-0.2625904,0.40622967,-0.19833407
120,1253,0.07483131,-0.21103291,-0.8255543,0.22787127,0.5210668,-0.083108835,0.19939582,-0.34985664,-0.15646778,-0.50535244,-0.49374345,0.7911181,-0.36409298,0.21936998,-0.54883355,-0.1197532
120,1267,0.014386319,-0.41795188,-0.3332674,0.44824544,-0.43813127,0.030604687,0.758819,-0.5392615,-0.39481205,0.084477216,0.19031402,-0.06244345,0.25494888,0.21043286,0.052499592,0.101806566
120,1277,0.15310127,-0.76387954,0.23682825,-0.14257407,-0.4444545,-0.5092436,0.14670244,0.12939441,-0.43137,-0.059416395,0.37337324,-0.99978983,0.47316387,-0.63531077,0.81941754,-0.14904389
120,1278,-0.15484296,0.2815714,0.44711983,0.37645653,-0.26529887,-0.14601344,0.14072391,-0.16019905,0.2825302,0.48987585,0.055575043,0.17014651,-0.60986596,0.69090235,0.25470352,0.40995494
120,1282,-0.18537468,0.8296827,-0.58454233,-0.5137056,-0.30211043,1.0006101,-0.83249044,0.84464025,0.22876774,0.3684915,0.8028537,0.05944632,0.20042782,-0.042287774,0.5938882,0.13552658
120,1287,0.13056612,-0.4705742,-0.81543505,0.39628372,0.19314377,-0.13021407,0.41916576,-0.46684027,-0.2543419,-0.39252314,-0.22715485,0.4721766,-0.1378802,-0.03935373,0.01460816,-0.17062598
120,1302,0.006019272,-0.1159117,-0.075474724,-0.516407,0.16330798,0.016380697,0.23610133,0.2113063,-0.43580872,0.00797954,0.05605099,-0.0070424676,0.23158923,0.23052523,-0.842521,-0.052747842
120,1307,0.21773678,-0.19305098,-0.8548735,0.45224503,-0.17730366,0.32564446,0.1830411,0.064922996,-0.13440813,0.20081465,0.13493416,0.36980903,-0.035113625,-0.363734,0.66645217,-0.06471391
120,1316,-0.14480981,-0.5001225,-0.72157896,0.61121476,-0.26981437,0.113044865,0.6854333,-0.60457075,-0.31124863,-0.13346139,0.054384448,0.16266395,0.13698582,0.052185625,0.10329347,-0.09338537
120,1319,0.32481727,0.6596544,0.5369698,-0.22092,-0.0040686578,0.44959748,-0.95566654,-1.32878,0.4989221,-1.5005171,-0.51043236,-0.026153684,1.015028,-0.17823109,-0.037708938,0.65861887
120,1322,0.022019662,0.28414202,0.7463515,0.18522552,0.09248321,-0.5188609,-0.026551813,-0.03975854,0.374681,0.37104356,-0.04949203,0.3362136,-0.90883625,0.947857,0.18223584,0.44723773
120,1339,0.055817112,-0.7131212,0.20889662,-0.12139365,-0.45068163,-0.46451455,0.048585147,0.15557882,-0.36629075,-0.08289169,0.3842605,-1.0109417,0.4459539,-0.67051053,0.89346397,-0.16807997
120,1342,-0.3993116,0.73475057,-0.44143727,-0.06879687,-0.42506468,0.90913075,-0.5401218,0.509465,0.29218858,0.49292034,0.6149589,0.08621937,-0.031047083,0.07775517,0.56448,0.16467108
120,1346,0.18327391,-0.3672325,-0.20164551,-0.0124745965,-0.3161424,0.027184904,0.7693023,-0.4297993,-0.6186971,0.055553783,0.21768238,-0.0067032874,0.40324518,0.49119547,-0.4475655,0.22150025
120,1349,-0.13915153,0.80740654,-0.604488,-0.59056795,-0.27105457,0.98173577,-0.86714804,0.88641715,0.19695826,0.32175568,0.8224164,0.03955254,0.25088054,-0.0784868,0.5911262,0.11846554
120,1362,0.14632191,-0.32287633,-0.27254802,-0.2150689,-0.08906298,0.036005482,0.67626154,-0.32496434,-0.62634027,-0.037692256,0.1266679,0.12205841,0.35345334,0.49411473,-0.7145374,0.138098
120,1386,-0.29958302,0.011000425,0.13904043,-0.63731194,0.22367571,0.047921404,-0.02696994,0.5574724,-0.2724226,0.113152236,0.039509237,-0.26161042,0.19005483,0.04758829,-0.95683867,-0.2521274
120,1397,-0.0011411533,0.026483387,0.6214414,0.061051115,-0.0254478,-0.56554264,-0.08894554,0.04901714,0.19500224,0.19128738,0.073621206,-0.029324166,-0.5802287,0.5321995,0.42527303,0.28939658
120,1418,-0.1631603,-0.5149248,-0.73813134,0.623417,-0.2582774,0.10382427,0.6413121,-0.5680787,-0.2852652,-0.14391978,0.05208254,0.13954313,0.12393546,-0.029635482,0.17755726,-0.13937244
120,1420,0.16509047,0.18215246,0.61667246,0.62275314,0.28207672,0.132895,0.3054905,0.0002925545,0.6832182,0.69360095,-0.56226075,-0.22744144,0.09878568,-1.1172317,-0.24587049,-0.5467294
120,1423,0.1902313,-0.16164376,0.78140134,-0.52012336,0.3425526,-1.0353092,-0.59458727,0.32144907,0.13622348,-0.4254129,0.062304087,-0.18234633,-0.5205719,0.4849182,0.54540074,0.20387223
120,1429,0.025083087,-0.00757581,0.61806,-0.08010383,0.06635155,-0.6366971,-0.23554853,0.11884891,0.18603937,0.023939569,0.06969537,-0.060628586,-0.5478388,0.49775514,0.45490682,0.25366947
120,1437,0.11940792,-0.26454276,-0.7741311,0.4601476,-0.2515435,0.2809183,0.20743977,0.03238439,-0.15465751,0.17798802,0.1842458,0.20986919,0.022616908,-0.3845936,0.70093966,-0.09330085
120,1444,-0.31048656,0.090039626,0.22234501,-0.77637994,0.23341675,0.085928574,-0.061103433,0.6656473,-0.30413127,0.1682164,0.07587797,-0.28906336,0.22956723,0.13271216,-1.1078986,-0.21594425
120,1463,0.06694487,0.12252368,0.2376972,-0.1648533,-0.21347226,0.1851863,-0.61923003,-0.59400624,0.14835285,-0.86462957,-0.066551745,-0.4371844,0.7583407,-0.43936,0.4032511,0.22348785
120,1465,-0.6960192,0.51713693,-0.35446072,0.76268244,-0.5933604,0.82101715,0.052606575,-0.1236361,0.34138465,0.7030454,0.26661742,0.2341599,-0.37819815,0.2339004,0.4497912,0.17644143
120,1467,0.087840736,-0.12003962,0.67578024,-0.13824138,0.06805642,-0.7697372,-0.21905524,0.1293669,0.12205367,-0.04088252,0.07814579,-0.16142434,-0.49221444,0.44231543,0.50127774,0.23869622
120,1478,-0.6960192,0.517137,-0.35446072,0.76268244,-0.5933604,0.8210172,0.052606575,-0.1236361,0.34138465,0.70304537,0.26661742,0.23415993,-0.37819815,0.23390043,0.4497912,0.17644146
120,1481,0.13151248,-0.5220338,-0.7591074,0.2864052,0.21552326,-0.17655316,0.42404297,-0.39962152,-0.29369128,-0.40840596,-0.19805962,0.38835096,-0.0874496,-0.088759154,-0.049675465,-0.2309805
120,1496,-0.03011781,-0.27468398,-0.37202895,-0.05572909,-0.042864114,0.09338105,0.5878205,-0.39591515,-0.49537688,-0.11275281,0.021552414,0.21009667,0.22517672,0.44418082,-0.68656427,0.07663961
120,1501,-0.14291327,-0.48518568,-0.41695282,0.42518646,-0.46197337,0.064860344,0.29953414,-0.10145118,-0.24125238,0.085706666,0.30476564,-0.3192199,0.20699695,-0.3965271,0.73105735,-0.14318243
120,1503,0.19026822,-0.04487729,0.8659565,-0.33951053,0.34000832,-1.0007813,-0.42572713,0.22030312,0.22114708,-0.20653409,-0.0015644208,0.0061730146,-0.7133464,0.7056967,0.41656432,0.2977342
120,1509,1.8962796,0.08070429,-1.0032222,-0.34620002,0.5897894,0.08118154,-0.23450339,0.8513183,-0.23721671,0.31889144,-0.26405498,1.2135578,-0.25884524,-0.66974103,0.7038113,0.21455786
120,1510,1.8962796,0.08070432,-1.0032222,-0.34620002,0.58978933,0.08118153,-0.23450345,0.85131836,-0.23721671,0.31889147,-0.26405492,1.2135578,-0.2588452,-0.66974103,0.70381135,0.21455789
120,1511,-1.1012347,0.08727111,-0.23609936,0.016112551,0.6568758,0.030289892,-0.6578872,0.6569125,0.39920968,-0.25556856,-0.5867648,-0.08840008,-0.536754,-0.4561728,-0.77111036,-0.8877219
120,1518,0.08754942,-0.22956629,-0.4095025,-0.17125338,0.3526014,-0.11959132,0.11726582,0.0696195,-0.25718728,-0.23493095,-0.1894123,0.258869,-0.07361845,-0.014839649,-0.47190386,-0.18863115
120,1519,-0.20983225,0.028435946,0.11454521,-0.6642362,0.1618257,0.10937785,0.101536185,0.40837088,-0.37911063,0.106429294,0.07934905,-0.16122286,0.26386714,0.24600148,-1.0441113,-0.092950806
120,1535,0.36897832,0.82826555,0.57559395,-0.20813811,0.051220357,0.55713266,-1.0195373,-1.5213066,0.5985556,-1.6287472,-0.62601554,0.13389532,1.0478328,-0.07787835,-0.18501665,0.7710329
120,1546,-0.1406469,0.07533182,0.4216891,0.17807275,-0.17338838,-0.29993933,-0.055968985,0.02955503,0.19196366,0.28867438,0.13401943,-0.07010681,-0.46558696,0.3669969,0.47676802,0.23383328
120,1560,0.067312896,0.20464341,0.7926182,0.10000278,0.14144515,-0.6385638,-0.07152298,0.00421343,0.33647043,0.28244802,-0.04198724,0.27057678,-0.88413256,0.90821743,0.22362933,0.4207327
120,1561,-0.12167405,0.3178913,0.45034307,0.4165815,-0.25916603,-0.13304245,0.22069424,-0.23435578,0.28323734,0.5161056,0.011114918,0.2610234,-0.64369404,0.8007686,0.1396381,0.45871395
120,1570,0.007266015,-0.6668054,-0.021561518,0.08075525,-0.46814197,-0.27504945,0.18864092,0.052252598,-0.35873693,-0.007211525,0.36480302,-0.7762287,0.3896348,-0.5802802,0.8157221,-0.17142135
120,1577,0.1724208,-0.30091202,-0.89593726,0.2694884,0.6538681,-0.22729743,0.058241993,-0.23443973,-0.06287421,-0.5899492,-0.57538104,0.7871956,-0.48667973,-0.07413117,-0.28882128,-0.263286
120,1580,-0.04892082,-0.4142574,-0.57002056,0.4568631,-0.29579523,0.11454537,0.7587112,-0.6274741,-0.40536597,-0.06510121,0.08841112,0.17818,0.19875142,0.3041534,-0.15037353,0.06689274
120,1596,-0.13013962,0.31608748,0.48081732,0.40599802,-0.26273632,-0.15401885,0.19110319,-0.20774615,0.29795212,0.51988816,0.024389476,0.23378862,-0.65646064,0.7902863,0.18707311,0.45913428
120,1597,0.6218785,0.32947254,0.95346004,0.5814202,0.3013991,0.13930231,0.4949846,-0.08139867,0.72975314,0.8890765,-0.6257634,-0.2035138,0.27504727,-1.2162237,-0.32352,-0.36573124
120,1602,1.7199674,0.06242858,-0.8844155,-0.24730119,0.48774928,0.060468443,-0.06132491,0.61281824,-0.2625708,0.29484674,-0.26271096,1.1270821,-0.22529674,-0.457452,0.5187009,0.26541555
120,1623,-0.115057655,0.7940824,-0.6158354,-0.6345961,-0.25523332,0.97216094,-0.88959026,0.9128691,0.17896603,0.29587388,0.83586144,0.024425715,0.2810041,-0.10334514,0.59414124,0.10717647
120,1637,-0.059776768,0.81132674,-0.66065884,-0.7631402,-0.22132134,0.9951826,-0.97474205,1.0088828,0.15365605,0.25278437,0.893448,0.0074710697,0.35451156,-0.14592716,0.6038192,0.092996955
120,1642,0.18121412,-0.16064088,0.7554528,-0.50732255,0.32987398,-1.0076221,-0.58273625,0.3141942,0.12932856,-0.41702807,0.06569319,-0.18272628,-0.50426245,0.46765205,0.5394174,0.19649276
120,1650,-0.30758289,-0.0158889,0.08642866,-0.5663955,0.22547476,0.042781387,-0.011157826,0.49115852,-0.25699183,0.07476791,0.009366296,-0.22530526,0.16207795,0.032886043,-0.9102964,-0.26058516
120,1659,-0.16322824,0.5818784,-0.071048394,0.040933333,-0.30751973,0.4722372,-0.22633001,0.28332648,0.24461924,0.5543335,0.40962812,0.22647123,-0.28030837,0.4087281,0.34429798,0.33663338
120,1660,0.0072660074,-0.6668054,-0.021561518,0.08075525,-0.46814197,-0.27504942,0.18864094,0.052252598,-0.35873693,-0.0072115213,0.36480302,-0.7762287,0.38963482,-0.5802802,0.81572217,-0.17142135
120,1662,-0.38014725,0.029371351,0.25804192,0.36612785,0.39089823,-0.0026192479,-0.0799866,0.3608103,0.5075204,0.34616187,-0.4648845,-0.27633703,-0.16137755,-0.92426705,-0.29633892,-0.7588611
120,1670,-0.21551663,0.4715079,0.36833704,0.43533844,-0.3336093,0.08758124,0.1315552,-0.13539454,0.3495683,0.6443164,0.11299078,0.30374438,-0.65903294,0.7929052,0.21115574,0.48956805
120,1679,0.14379516,-0.76564,0.25314075,-0.13781047,-0.45690924,-0.51912004,0.1423454,0.13313812,-0.42549968,-0.055957902,0.37909096,-1.0172752,0.46584663,-0.63297963,0.8460419,-0.14229038
120,1683,-0.24174516,-0.12800436,0.10969414,0.5049279,0.60577166,-0.26776105,-0.060441002,0.26356086,0.58384335,0.07395929,-0.6359837,-0.111090675,-0.36823043,-1.1373311,-0.07911374,-0.93367755
120,1696,-0.64847744,-0.0055442154,0.076282516,0.2496267,0.4781772,-0.036731787,-0.2752473,0.49268875,0.44821554,0.1404118,-0.47595164,-0.24653739,-0.29990822,-0.79933023,-0.39981014,-0.844731
120,1702,-0.18973535,0.49092805,0.1603655,0.27718452,-0.326585,0.2513738,-0.003020957,0.03550742,0.28089392,0.60149443,0.23577738,0.2640199,-0.480954,0.5977187,0.26953015,0.41368037
120,1704,-0.053538874,0.06594573,0.5292762,0.13412513,-0.0892352,-0.4324321,-0.043038562,0.016014181,0.19672607,0.2570574,0.085914314,-0.010181755,-0.5446116,0.4915178,0.40640575,0.2787141
120,1707,-0.0067012683,-0.060229465,0.17674585,-0.721148,0.05542487,0.06117873,0.2782772,0.3561172,-0.5086821,0.19404462,0.21331033,-0.22794604,0.4218207,0.2626039,-0.9749096,-0.010908447
120,1713,0.11088562,-0.5102708,-0.9010192,0.46134117,0.25593323,-0.16178852,0.37859154,-0.47124684,-0.20372324,-0.4624535,-0.27994427,0.51181537,-0.2056109,-0.1437021,0.09668253,-0.24933493
120,1716,1.6364543,0.058038577,-0.84883636,-0.18991849,0.4224571,0.073699564,0.0325839,0.5122236,-0.27523422,0.30502337,-0.24309176,1.0968411,-0.20505664,-0.34562343,0.44290125,0.29345945
120,1733,-0.75657094,0.61819386,-0.3361791,0.8249723,-0.6338114,0.89828604,0.048186384,-0.13268167,0.41322833,0.78806907,0.26668912,0.28560102,-0.45082062,0.3094814,0.45365363,0.22114381
120,1752,0.71522266,0.43414462,1.0359529,0.6782913,0.16149934,0.31246123,0.607385,-0.24546754,0.77650875,1.048005,-0.611464,-0.20193326,0.41193494,-1.1632907,-0.358518,-0.21158703
120,1770,0.23367977,-0.35321704,-0.9690689,0.29969096,0.76283705,-0.30889702,-0.015245751,-0.18348219,-0.009547889,-0.6640129,-0.6526847,0.8338007,-0.57788676,-0.2190461,-0.18624021,-0.34839308
120,1773,-0.03395742,0.066178575,0.60004294,0.109958276,-0.06403754,-0.49952626,-0.06748025,0.034501635,0.21569411,0.24883957,0.08090304,-0.01122725,-0.5898133,0.5378951,0.42463434,0.3003236
120,1775,-0.062227156,-0.6016118,-0.52116346,0.48121104,-0.36675394,-0.003889109,0.58029497,-0.3486278,-0.33393663,-0.031479634,0.21156068,-0.18212357,0.27451983,-0.2625904,0.40622965,-0.19833407
120,1787,0.14703989,-0.36468267,-0.36300218,-0.11138573,-0.025551662,-0.0211793,0.6067312,-0.32401899,-0.5492153,-0.113977164,0.06219671,0.16162722,0.25684747,0.35158435,-0.5478245,0.05169867
120,1789,1.6700852,0.050760165,-1.0261066,-0.20100182,0.482647,0.1426006,-0.16173464,0.7343328,-0.21399677,0.3153331,-0.21198094,1.144577,-0.2425664,-0.61756325,0.70750165,0.18207538
120,1804,-0.17341518,-0.63065416,-0.7542084,0.61885464,-0.26214433,0.04549908,0.51887584,-0.38212928,-0.24150792,-0.14987014,0.111939035,-0.041504413,0.16394922,-0.38274932,0.48846084,-0.32757315
120,1817,-1.0676329,0.07509349,-0.12768184,0.11750573,0.723047,-0.0032966621,-0.6085449,0.6817794,0.5149823,-0.15283279,-0.66518867,-0.12921353,-0.54923403,-0.65811074,-0.75148886,-1.008768
120,1820,0.22297925,0.42399144,0.40822226,-0.1893661,-0.08740265,0.32789108,-0.787165,-1.018693,0.3412798,-1.2146534,-0.32637203,-0.18779898,0.8937887,-0.27818626,0.13390464,0.47246534
120,1830,0.11885826,-0.34406304,-0.3760515,0.46203527,-0.39792415,0.06584897,0.7792731,-0.54037076,-0.37919727,0.12909345,0.14233197,0.0866427,0.19473785,0.28790915,0.00967738,0.16901977
120,1844,0.05575049,-0.0904375,0.6375692,-0.17229164,0.093926445,-0.73018765,-0.2984965,0.16695559,0.14411409,-0.08150928,0.08684436,-0.15209618,-0.4893285,0.42202285,0.5195049,0.21811691
120,1847,-0.30217332,0.09428419,0.22229709,-0.7710185,0.22003792,0.09054804,-0.05596207,0.6547358,-0.3087888,0.17330493,0.0846667,-0.2862811,0.23450547,0.1429449,-1.0936912,-0.20078617
120,1850,-0.3993116,0.73475057,-0.44143727,-0.06879684,-0.42506468,0.9091309,-0.5401218,0.509465,0.29218858,0.49292037,0.6149589,0.08621937,-0.031047098,0.07775517,0.56448,0.16467108
120,1856,0.35624427,0.7778362,0.56860244,-0.21655786,0.0328774,0.5246004,-1.0095453,-1.4642507,0.5706922,-1.5988061,-0.59075356,0.07763925,1.0455871,-0.114259556,-0.13391356,0.73817885
120,1857,0.055817112,-0.7131211,0.20889659,-0.12139365,-0.45068163,-0.46451452,0.048585154,0.15557882,-0.36629072,-0.0828917,0.38426045,-1.0109416,0.4459539,-0.67051053,0.893464,-0.16807997
120,1894,-0.004778959,-0.28282124,-0.34574938,-0.08772114,-0.05243659,0.08151198,0.5924085,-0.3717007,-0.51280516,-0.094641834,0.043223076,0.18011327,0.24840665,0.43493792,-0.6784568,0.080391824
120,1897,0.0983548,-0.19547005,0.6458184,-0.2595096,0.11706005,-0.82956547,-0.3345778,0.20003247,0.08109076,-0.19125448,0.10000581,-0.25092545,-0.41046792,0.33298323,0.5700037,0.17625505
120,1902,0.1962272,-0.34190863,-0.15619746,-0.06739099,-0.30100653,0.013798274,0.7201555,-0.37771335,-0.61506087,0.06672146,0.22038724,-0.030033454,0.4024444,0.47795084,-0.44759768,0.22361282
120,1922,-0.18296298,0.45571548,0.111517,0.23982,-0.3185863,0.2630653,-0.027542144,0.06707785,0.24632774,0.5664648,0.25685212,0.22762217,-0.42185056,0.5166346,0.2893924,0.37367272
120,1937,0.15310124,-0.76387954,0.23682831,-0.14257407,-0.44445455,-0.5092436,0.14670244,0.12939444,-0.43136996,-0.059416395,0.3733732,-0.99978983,0.47316384,-0.6353108,0.8194176,-0.14904389
120,1938,0.098783895,-0.19158155,0.6604918,-0.25950393,0.118363455,-0.8386877,-0.33816087,0.2031652,0.08805813,-0.18670526,0.09993884,-0.2501873,-0.42231536,0.34369475,0.57585573,0.18228143
120,1953,0.16054839,-0.37344784,-0.23049957,0.026607461,-0.31620398,0.033626888,0.7665365,-0.445182,-0.5990606,0.04615154,0.21012145,0.002398178,0.3873316,0.4679986,-0.41820508,0.20513526
120,1959,0.4652652,0.22264741,0.8026257,0.5034925,0.3172663,0.05238466,0.39907292,0.01729887,0.62884647,0.75563604,-0.55811346,-0.22168908,0.18811792,-1.152559,-0.26625597,-0.4315245
120,1965,-0.32103568,0.13325404,0.24493216,-0.8314147,0.2336313,0.11529716,-0.07356615,0.6923881,-0.3230233,0.18199879,0.08834407,-0.28041142,0.24206099,0.19910136,-1.1838027,-0.1828256
120,1971,-0.14052668,0.33876646,0.4581408,0.43413788,-0.27606374,-0.11575504,0.21644312,-0.23167616,0.3026032,0.53977764,0.016491197,0.263313,-0.6602915,0.81105566,0.15713346,0.46844667
120,1975,0.051653862,-0.04543203,0.347077,-0.86772215,0.06616382,0.018331707,0.23805276,0.5488383,-0.5082628,0.3104403,0.2798392,-0.38063467,0.49866146,0.14538029,-0.9874825,-0.05489272
120,1980,-0.43620574,-0.16421789,-0.048702314,0.32564145,0.628296,-0.2858108,-0.18313116,0.38101843,0.46542758,-0.08646195,-0.5605395,-0.09914548,-0.42929697,-0.9472363,-0.18930824,-0.9625637
120,1989,0.12320407,-0.7611697,0.25533843,-0.14237446,-0.45346296,-0.5206593,0.113291174,0.14866304,-0.41297966,-0.063329875,0.38361466,-1.0307691,0.45883155,-0.6483239,0.86914873,-0.15035392
120,2007,0.2738689,-0.42903256,-1.0033259,0.32382768,0.8379824,-0.402832,-0.108853996,-0.10047513,0.05407718,-0.718942,-0.69562364,0.7944395,-0.6451808,-0.44574115,0.0006863475,-0.46418083
120,2020,0.016827479,-0.28843993,-0.3271826,-0.119348586,-0.058725335,0.07676293,0.6061118,-0.35778016,-0.5347952,-0.08147015,0.059929475,0.16390665,0.2708239,0.44463506,-0.69377816,0.08954659
120,2024,0.045757383,0.23352851,0.7489601,0.14225265,0.112023845,-0.5687598,-0.040429547,-0.022688597,0.34158862,0.31998837,-0.04401967,0.29653573,-0.8750497,0.9077599,0.19705437,0.42428875
120,2033,0.12250395,0.82533276,0.3374108,-0.09837276,-0.085202634,0.70576656,-0.9648999,-1.248417,0.57968694,-1.3104771,-0.4240379,0.11793275,0.88762534,-0.103484675,-0.021600008,0.6391456
120,2038,-0.17418024,0.029171184,0.16923665,-0.7307441,0.15997542,0.099792995,0.11622798,0.45862892,-0.404207,0.1460114,0.11103104,-0.20140523,0.30756953,0.24126342,-1.0817565,-0.08929348
120,2048,-0.31096914,0.041061,0.17006288,-0.694137,0.23751529,0.062075667,-0.043202817,0.6040644,-0.28149992,0.12971729,0.045566864,-0.27021027,0.20104375,0.07834937,-1.0298519,-0.246425
120,2049,-0.19041632,-0.6148023,-0.76520044,0.614825,-0.23945042,0.049147926,0.47687173,-0.35689154,-0.21814209,-0.15756495,0.09982203,-0.032539673,0.1433698,-0.41037065,0.5038724,-0.34783313
120,2053,-0.06720799,0.06962557,0.49836612,0.14670265,-0.10171252,-0.39929855,-0.03662364,0.010797493,0.19264446,0.26354235,0.08987829,-0.0101546645,-0.52770287,0.4705092,0.4038684,0.2691149
120,2055,0.19096053,-0.31049335,-0.654093,0.005838856,0.5650209,-0.23676711,0.024515107,0.019200765,-0.14181542,-0.42885306,-0.39645448,0.48727608,-0.30303675,-0.1864493,-0.29819703,-0.29804915
120,2057,-0.0012217909,-0.39005798,-0.4872452,0.3692512,-0.31119835,0.10451236,0.7796187,-0.60809916,-0.45132828,-0.028803159,0.11702317,0.1528513,0.24139449,0.38124213,-0.23962896,0.121144146
120,2072,-0.11306319,-0.34812236,0.044345334,-0.09882699,-0.4121257,-0.06493544,-0.2855951,0.0070354864,-0.13562271,-0.29372862,0.30695462,-0.800235,0.5304758,-0.6697005,0.79257286,-0.12469919
120,2093,0.04878588,-0.35483885,-0.38951546,0.25729358,-0.32517663,0.0956363,0.7945602,-0.57695115,-0.5024939,0.015353894,0.15267783,0.12476976,0.28903404,0.47196105,-0.35152704,0.18289909
120,2100,-0.22888884,0.8527205,-0.5680987,-0.4432982,-0.33087772,1.0213419,-0.8027351,0.8078771,0.25908476,0.41245097,0.78605986,0.07899372,0.15380576,-0.008943856,0.5969993,0.151395
120,2101,0.23422205,-0.25613117,-0.40875447,0.39585444,-0.29958022,0.07846845,0.6728259,-0.43456754,-0.33885938,0.1516065,0.0869192,0.20803271,0.12275279,0.25359598,0.022041246,0.18818116
120,2108,-1.1012347,0.08727108,-0.23609936,0.016112551,0.65687585,0.030289892,-0.6578872,0.65691257,0.39920968,-0.25556856,-0.5867648,-0.08840007,-0.5367541,-0.4561728,-0.77111036,-0.8877219
120,2113,-0.01501824,0.28602886,0.704211,0.19861104,0.05506915,-0.4671966,-0.038678035,-0.03211254,0.37338465,0.3776387,-0.02818954,0.30401474,-0.87252444,0.8942282,0.21878694,0.42954284
120,2116,-0.15483546,0.13679944,0.372513,0.2624045,-0.22809552,-0.19800866,0.035936363,-0.05306177,0.19968711,0.35877246,0.11083535,0.0057915747,-0.4678828,0.4335703,0.3847868,0.27507558
120,2119,0.10541366,-0.23388168,-0.8526859,0.23927477,0.5703498,-0.12580946,0.15721029,-0.31713367,-0.12814263,-0.53612363,-0.5256549,0.8034985,-0.406994,0.14191201,-0.4868728,-0.16126835
120,2125,-0.06652627,0.64320004,0.13580574,0.02814611,-0.20025636,0.65706676,-0.74204314,-0.89070445,0.44748014,-0.8729663,-0.20812431,0.041472003,0.64294857,-0.12010837,0.14985698,0.45388752
120,2133,-0.44152114,-0.015459701,0.053273216,-0.3412908,0.41671222,-0.07509267,-0.18983641,0.58472466,0.013311967,-0.00038051885,-0.19982067,-0.20778221,-0.08259734,-0.2943517,-0.7385918,-0.5420935
120,2136,-0.16322824,0.5818784,-0.07104841,0.04093334,-0.30751973,0.47223726,-0.22632995,0.28332648,0.24461924,0.5543335,0.40962812,0.22647129,-0.2803083,0.4087281,0.34429798,0.33663338
120,2151,-0.28695297,-0.01230295,0.1132635,-0.57976913,0.20291276,0.036341127,-0.014909238,0.5145151,-0.26192576,0.104077354,0.039417043,-0.2570665,0.18054168,0.018173397,-0.8745406,-0.25250006
120,2157,0.008889832,0.32306868,0.7727982,0.20903891,0.0837618,-0.505907,-0.027365878,-0.043223493,0.40844572,0.40900564,-0.052841023,0.36179322,-0.95141196,0.99256,0.18445733,0.4727524
120,2172,0.111674145,-0.19740948,0.6863591,-0.26368108,0.12052517,-0.8646299,-0.33205134,0.20191708,0.08745669,-0.18471164,0.09763743,-0.25335374,-0.4324125,0.35993025,0.5761666,0.1922392
120,2196,-0.13084853,0.02161847,0.21359469,-0.771338,0.14925872,0.08778169,0.14015047,0.48523584,-0.42594624,0.18216784,0.14125192,-0.23541641,0.34886867,0.22883973,-1.0887634,-0.082098044
120,2197,0.022019662,0.28414202,0.7463515,0.18522552,0.09248321,-0.51886094,-0.026551798,-0.039758526,0.374681,0.3710435,-0.04949203,0.3362137,-0.90883625,0.947857,0.18223584,0.44723767
120,2203,0.8638114,0.4819507,1.1635685,0.5726658,0.15053694,0.31132665,0.64990234,-0.21912804,0.7278796,1.1161337,-0.5858569,-0.22765735,0.5073725,-1.1462548,-0.42124683,-0.11455795
120,2206,1.2072835,-0.018899783,-1.0142752,0.04280883,0.26378667,0.23279166,-0.034717396,0.51542664,-0.1788836,0.29563317,-0.09865996,0.9381785,-0.18750662,-0.5275872,0.7056639,0.10708517
120,2214,-0.30419257,0.109098,0.23293544,-0.793002,0.2193286,0.09981148,-0.060498163,0.66719806,-0.31622726,0.18036088,0.091261834,-0.28635547,0.24077123,0.1645686,-1.119421,-0.18944535
120,2216,0.010428734,-0.3659132,-0.32789454,0.4890023,-0.45462346,0.060640126,0.812723,-0.59358966,-0.38283587,0.11956857,0.17481653,-0.00043559074,0.22646138,0.3208636,-0.016787693,0.15477669
120,2217,0.014386319,-0.41795188,-0.33326742,0.44824547,-0.43813127,0.030604687,0.75881904,-0.5392615,-0.39481205,0.084477216,0.19031402,-0.062443443,0.25494888,0.21043283,0.052499592,0.10180658
120,2218,0.1623458,-0.17456521,0.68146145,-0.4769254,0.29305822,-0.9417587,-0.5454534,0.29247883,0.09928851,-0.4044306,0.07543204,-0.19752358,-0.445368,0.40552822,0.5273871,0.17056501
120,2224,0.051589936,-0.03776945,0.6900806,-0.04385577,0.032833353,-0.6989073,-0.16391677,0.09501115,0.17641355,0.07970694,0.07006167,-0.087397784,-0.56960243,0.5221667,0.470814,0.28137302
120,2237,0.021498851,-0.053768873,0.24939732,-0.7857795,0.056126803,0.04381217,0.26272267,0.43562457,-0.5125741,0.24361031,0.24526504,-0.29308712,0.45752758,0.21726891,-0.97758096,-0.024588563
120,2240,0.104311794,0.08368884,0.78622824,-0.058466733,0.19564326,-0.7574187,-0.19068125,0.08468916,0.26812375,0.09512295,-0.013890997,0.13873743,-0.77788544,0.7777294,0.3109566,0.35126814
120,2246,-0.6623616,0.51607674,-0.21400581,0.62411463,-0.56750923,0.69578236,-0.038199067,-0.06378715,0.35285097,0.63163775,0.2620629,0.13807507,-0.3742043,0.24309188,0.48017025,0.19692382
120,2249,-0.20269047,-0.6330578,-0.81408036,0.66205037,-0.2371976,0.060620874,0.5108063,-0.40415177,-0.21765077,-0.1799723,0.08191549,0.0027298927,0.13151939,-0.3968212,0.49965513,-0.3512682
120,2258,-0.18296298,0.45571554,0.11151703,0.23982002,-0.31858632,0.2630653,-0.027542144,0.06707785,0.24632774,0.56646484,0.2568521,0.22762217,-0.42185056,0.5166346,0.2893924,0.3736727
120,2270,-0.0030516982,-0.28523237,-0.7498581,0.5099532,-0.30146778,0.28639942,0.23896676,-0.031599812,-0.15027432,0.16286716,0.20889485,0.1430444,0.040251266,-0.35600448,0.68396443,-0.11209562
120,2278,-0.1195136,-0.13798282,-0.4023801,-0.0030085593,-0.031148553,0.18835157,0.5566572,-0.4524618,-0.45296615,-0.112082735,-0.03011252,0.34068567,0.16520622,0.62170196,-0.83123356,0.14949557
120,2280,-0.18742073,-0.4010765,-0.5996847,0.5453397,-0.42999798,0.20429331,0.30974507,-0.13069333,-0.18421057,0.12026696,0.27849233,-0.11586661,0.12716512,-0.35056108,0.70628613,-0.14601806
120,2283,0.025742054,-0.028753027,0.33682156,-0.85217416,0.07594344,0.02991078,0.216785,0.54661596,-0.48938698,0.30013612,0.26182336,-0.3653217,0.47689742,0.14915788,-0.9922187,-0.05842678
120,2286,-0.047522593,-0.541842,0.12023069,-0.09602404,-0.45026582,-0.26630667,-0.10981697,0.103576355,-0.2529763,-0.16294022,0.36372116,-0.9224281,0.47219336,-0.6766219,0.8763348,-0.15497366
120,2288,0.19253471,-0.34406137,-0.21809055,-0.030686826,-0.24725342,0.00483853,0.6896532,-0.39100477,-0.58313644,0.020705018,0.17059547,0.031262055,0.34747455,0.44745114,-0.4223982,0.19706905
120,2291,0.3248173,0.65965444,0.5369699,-0.22092,-0.004068643,0.4495975,-0.9556664,-1.3287802,0.4989221,-1.5005171,-0.51043236,-0.026153676,1.0150281,-0.17823108,-0.037708938,0.6586189
120,2293,0.054651782,0.20826243,0.758761,0.11569275,0.12567629,-0.60177374,-0.059035003,-0.005098045,0.33013952,0.2917517,-0.038561746,0.2717504,-0.86438686,0.8871597,0.21671967,0.41193834
120,2303,-0.0700872,-0.5827821,-0.20989342,0.2468794,-0.4702304,-0.10963331,0.24278963,-0.021340132,-0.3039401,0.037805434,0.3390743,-0.56558704,0.30575514,-0.49587134,0.7778788,-0.16089205
120,2306,0.077318564,-0.087053314,0.6940556,-0.10692386,0.06002848,-0.754027,-0.2036027,0.12023937,0.14709999,0.0038216598,0.0741225,-0.13194184,-0.53113556,0.4823487,0.49235195,0.2592462
120,2312,0.14379516,-0.76563996,0.25314075,-0.1378105,-0.45690924,-0.51912004,0.1423454,0.13313812,-0.42549968,-0.055957902,0.37909096,-1.0172752,0.46584663,-0.63297963,0.8460419,-0.14229038
120,2334,-1.0899106,0.076306954,-0.18067907,0.07092649,0.701976,0.0057432055,-0.6372244,0.67644024,0.46628243,-0.20792076,-0.6360259,-0.11091778,-0.5500018,-0.57416785,-0.7607345,-0.96426797
120,2336,0.06473859,-0.2780465,-0.27747923,-0.18661675,-0.08278858,0.07657072,0.63479424,-0.33039132,-0.5820237,-0.036983002,0.102718204,0.13718654,0.32174966,0.49537084,-0.7388401,0.12885879
120,2350,0.1406054,-0.76790655,0.24498664,-0.13252205,-0.459373,-0.5128951,0.14522949,0.13127732,-0.42612427,-0.05555963,0.38034397,-1.0164702,0.46881828,-0.63960946,0.8485544,-0.14647156
120,2355,0.3317031,0.9802501,0.54028,-0.18563691,0.04999119,0.70865035,-1.0906442,-1.6083394,0.6853058,-1.6763738,-0.660107,0.2433445,1.065003,-0.02475071,-0.24724118,0.8273604
120,2366,-0.10425371,0.5752128,0.086085156,0.04878276,-0.22359404,0.62283236,-0.6779371,-0.79055333,0.3984319,-0.76598614,-0.15089586,0.009491459,0.5860628,-0.13392608,0.19363144,0.39749092
120,2369,-0.07556006,-0.44339252,-0.6261653,0.512805,-0.29058433,0.11887496,0.7557614,-0.6392695,-0.3835138,-0.08899112,0.07556138,0.18677746,0.18095309,0.24758598,-0.0882325,0.027000964
120,2396,-0.035131276,-0.06535813,0.096726134,-0.649685,0.05340226,0.083687074,0.30103093,0.26284063,-0.5073968,0.14056149,0.17783685,-0.15131915,0.38500085,0.32069474,-0.978591,0.00955566
120,2411,0.15642911,-0.18328087,0.6542512,-0.47195587,0.28035903,-0.92105913,-0.53689784,0.28774107,0.08611317,-0.4064587,0.08062569,-0.2083926,-0.41944236,0.37800923,0.52688426,0.15913197
120,2421,-0.12540945,-0.5031781,-0.32951707,0.350128,-0.4556952,0.0025524367,0.27566332,-0.07878451,-0.26212698,0.066376895,0.3081212,-0.4018306,0.23558503,-0.41395894,0.71583104,-0.14609891
120,2425,0.11988495,-0.5367983,-0.9340708,0.47334793,0.28782314,-0.18440023,0.38040632,-0.47662434,-0.19962555,-0.49739575,-0.30308142,0.53353256,-0.22584438,-0.16919601,0.10338111,-0.2790083
120,2437,0.7807211,0.4653015,1.0907918,0.65007436,0.14309858,0.33150408,0.6332154,-0.25218394,0.7651712,1.0890163,-0.6011089,-0.20893353,0.4593833,-1.1491966,-0.3850181,-0.1587653
120,2438,-0.69720584,0.4756714,-0.36703503,0.74279606,-0.6028515,0.8085942,0.03466087,-0.09822793,0.31809938,0.681124,0.29343307,0.18348153,-0.3403234,0.1757428,0.49827796,0.14877987
120,2451,0.14610127,-0.37792465,-0.24909095,0.053057097,-0.31566224,0.035964288,0.76249796,-0.4533464,-0.58481604,0.039260752,0.20456125,0.0070189238,0.37540007,0.44908026,-0.39412838,0.19324273
120,2459,0.026132487,-0.026547164,0.341039,-0.8701856,0.081262186,0.03237581,0.22083783,0.5534674,-0.4978218,0.300422,0.2629055,-0.36386666,0.48283634,0.1621227,-1.0201706,-0.05624622
120,2464,-0.004695505,-0.086199,0.04575844,-0.62455046,0.113845274,0.047127485,0.27129814,0.27180475,-0.48129374,0.09564711,0.12933637,-0.10329892,0.33044472,0.27174652,-0.94524115,-0.02559254
120,2478,-0.18742073,-0.4010765,-0.5996847,0.5453397,-0.42999798,0.20429334,0.3097451,-0.13069333,-0.18421057,0.12026696,0.27849233,-0.11586661,0.12716512,-0.35056108,0.70628613,-0.14601806
120,2484,0.05765578,0.7747659,0.27347094,-0.05008681,-0.1260344,0.69868255,-0.8951087,-1.137985,0.54367167,-1.166255,-0.35524926,0.09811428,0.8058312,-0.104055256,0.035801455,0.584777
120,2486,0.042157784,0.2523638,0.7654428,0.15080096,0.11374457,-0.5680089,-0.04290554,-0.023168214,0.35882598,0.33561465,-0.04762669,0.3122692,-0.8999228,0.93402505,0.19563222,0.43715
120,2487,-0.5527946,0.52891946,-0.2775498,0.3389892,-0.50452787,0.7035539,-0.21567962,0.14579692,0.2895314,0.5318943,0.39077175,0.06636624,-0.21813399,0.14611107,0.51197004,0.16175872
120,2492,0.14100875,0.2758761,0.31528234,-0.1721918,-0.15097722,0.2620541,-0.69758654,-0.805292,0.24459855,-1.032173,-0.19580117,-0.30497807,0.82085186,-0.3543667,0.26438487,0.34655848
120,2496,-0.14291325,-0.48518568,-0.41695285,0.42518646,-0.46197337,0.064860344,0.29953414,-0.10145118,-0.24125238,0.085706666,0.30476564,-0.31921986,0.20699695,-0.3965271,0.7310573,-0.14318243
120,2500,-0.01668176,0.2689283,0.6814608,0.19450618,0.046818808,-0.45890054,-0.03511861,-0.03329595,0.3566174,0.3650787,-0.022795036,0.28599286,-0.8433139,0.86307776,0.22279857,0.41566205
120,2509,-0.31324774,0.06083761,0.20155041,-0.7468513,0.24638663,0.06859289,-0.05427763,0.64858174,-0.29211104,0.1481845,0.05700289,-0.28645414,0.21606514,0.09609151,-1.0840286,-0.24372809
120,2516,-0.018216535,-0.5122822,-0.42281288,0.45623997,-0.40198943,0.012646262,0.6536376,-0.42997468,-0.3634181,0.024112666,0.20603988,-0.13717255,0.2737281,-0.05015128,0.24842578,-0.05538868
120,2517,-0.4186012,0.0111297965,0.07491426,-0.44604167,0.36088765,-0.0317019,-0.16912332,0.5949424,-0.072335996,0.02666711,-0.12615852,-0.22078621,-0.010226026,-0.17002892,-0.81769806,-0.4472784
120,2527,-0.13458489,-0.46813476,-0.70623606,0.5987048,-0.26901597,0.12394487,0.7011628,-0.6295801,-0.32076758,-0.12566563,0.04703164,0.1934249,0.13142702,0.12454197,0.040817395,-0.05021371
120,2528,-0.6623616,0.51607674,-0.21400581,0.62411463,-0.5675092,0.69578236,-0.038199067,-0.06378715,0.35285103,0.6316377,0.2620629,0.13807507,-0.37420428,0.24309188,0.48017025,0.19692379
120,2529,0.8901093,0.50753635,1.2179204,0.601176,0.1467262,0.3405839,0.67585677,-0.22586074,0.76524085,1.1795912,-0.6045207,-0.24142376,0.5314554,-1.1823368,-0.44369876,-0.113727875
120,2542,0.017836958,-0.05476767,0.24465708,-0.79337776,0.064318344,0.04631187,0.26866943,0.43317202,-0.51802534,0.23693918,0.23938495,-0.28427184,0.45787004,0.22975516,-1.0043023,-0.025346741
120,2566,-0.31968325,0.04770656,0.16860954,-0.70414436,0.24784411,0.06852497,-0.044468343,0.6062014,-0.28327575,0.124067694,0.037405506,-0.2605072,0.19845802,0.09325339,-1.0612321,-0.2458344
120,2579,0.09141414,-0.37157553,-0.35265964,0.19401291,-0.33122736,0.082696564,0.8251302,-0.5642964,-0.55140924,0.023184817,0.1726165,0.10220137,0.3315029,0.5058898,-0.40322888,0.20361927
120,2582,0.20777693,-0.35286665,-0.16855425,-0.055859223,-0.3164393,0.023894131,0.7743398,-0.41613472,-0.6403683,0.06953715,0.2248711,-0.010064825,0.42001492,0.5300647,-0.49118334,0.24587199
120,2585,-0.0054268166,0.10585703,0.6231914,0.036618575,0.047096804,-0.5422236,-0.15665215,0.058522232,0.25301075,0.16409995,0.03906031,0.07236494,-0.6535187,0.62665236,0.36814332,0.31118765
120,2610,-0.11827746,0.30447352,0.43526328,0.40855592,-0.25419945,-0.13295683,0.21997677,-0.23263392,0.27095586,0.5024538,0.01205568,0.25370318,-0.62681156,0.7806188,0.13717605,0.44638336
120,2618,-0.40901324,0.047955826,0.10756366,-0.55016744,0.3425418,0.0068850666,-0.15802386,0.6243377,-0.13336784,0.05012679,-0.083415926,-0.22366929,0.04149782,-0.064174704,-0.9329873,-0.38370702
120,2630,0.8116737,0.44601142,1.1143109,0.5626359,0.17309432,0.27416742,0.61783445,-0.19065858,0.7118204,1.0641617,-0.58130944,-0.22543491,0.46565834,-1.145695,-0.39950234,-0.15657483
120,2634,-0.086841114,-0.5985448,-0.550344,0.46547663,-0.3198473,-0.006125761,0.5110461,-0.2969382,-0.30061245,-0.058531348,0.19312292,-0.1765574,0.24728572,-0.3392645,0.44285154,-0.25399846
120,2646,-0.69720584,0.4756714,-0.367035,0.74279606,-0.6028515,0.8085942,0.03466087,-0.09822793,0.31809938,0.6811239,0.29343307,0.18348153,-0.3403234,0.1757428,0.49827796,0.14877988
120,2649,-0.11162873,-0.07791343,-0.45119148,0.011577889,0.047614157,0.19225258,0.5030038,-0.44516557,-0.4170914,-0.15115061,-0.10231225,0.45451933,0.084954046,0.67771554,-0.89264315,0.16547792
120,2652,0.0875494,-0.22956629,-0.40950254,-0.17125338,0.3526014,-0.11959133,0.11726582,0.069619484,-0.25718728,-0.23493092,-0.1894123,0.258869,-0.073618464,-0.014839634,-0.4719038,-0.18863115
120,2653,0.11940792,-0.26454273,-0.77413106,0.46014753,-0.25154352,0.2809183,0.20743977,0.03238439,-0.15465751,0.17798802,0.1842458,0.20986916,0.0226169,-0.3845936,0.70093966,-0.09330086
120,2665,0.33170307,0.98025,0.5402798,-0.18563694,0.04999119,0.7086502,-1.0906444,-1.6083394,0.6853059,-1.6763737,-0.66010714,0.2433445,1.0650032,-0.024750717,-0.24724118,0.8273604
120,2674,0.028501369,-0.6877493,0.18679579,-0.11004056,-0.457915,-0.42806247,0.024546415,0.15465352,-0.34701797,-0.0879384,0.38788626,-1.0000507,0.4457641,-0.6776086,0.90386564,-0.17117119
120,2683,-0.33523908,0.5084782,-0.11228952,0.2619754,-0.37206885,0.68940735,-0.45406848,-0.49533793,0.3477074,-0.27062035,0.045327686,0.019237816,0.29281482,-0.083272964,0.34771684,0.2688499
120,2686,0.02181755,0.017259777,0.6375355,-0.065996885,0.06905195,-0.6339792,-0.23327148,0.114891924,0.2071281,0.04689541,0.06335457,-0.036163263,-0.58063275,0.53392005,0.44723415,0.2706621
120,2687,0.040649474,-0.051962897,0.30046362,-0.8322333,0.059404507,0.029361546,0.25273243,0.49430802,-0.51449656,0.27846795,0.26667747,-0.3403341,0.4820366,0.18178007,-0.98281294,-0.038553942
120,2690,0.21963757,-0.35476005,-0.7874166,0.13528413,0.6566731,-0.2938961,-0.0199209,-0.037370786,-0.069445096,-0.5349034,-0.5050863,0.6024386,-0.42898118,-0.27833456,-0.17795469,-0.35457617
120,2711,-0.1500712,-0.62145364,-0.6932911,0.5700404,-0.27833098,0.030220035,0.5105307,-0.34881362,-0.25696704,-0.121612504,0.13832638,-0.08582808,0.18939468,-0.37834644,0.47967345,-0.31111184
120,2721,-0.31647903,0.13184838,0.23552616,-0.8152499,0.22283585,0.11796913,-0.068247214,0.6729433,-0.32402247,0.17898019,0.090852365,-0.27284867,0.24065647,0.20454246,-1.1628118,-0.1723446
120,2727,0.25777242,0.9257231,0.47215354,-0.17868146,0.00057022274,0.70795864,-1.0779581,-1.4723967,0.65000445,-1.5743607,-0.56982017,0.1770723,1.0238845,-0.07329582,-0.1539207,0.7569258
120,2736,-0.031973418,-0.58700323,0.12889414,-0.08642718,-0.45597374,-0.31100017,-0.05233267,0.12215573,-0.28363118,-0.12209849,0.3737266,-0.9347973,0.4493618,-0.66884816,0.883364,-0.16248909
120,2742,-0.03197342,-0.58700323,0.12889417,-0.08642718,-0.45597368,-0.31100017,-0.05233267,0.12215572,-0.28363118,-0.12209849,0.3737266,-0.93479735,0.4493618,-0.66884804,0.883364,-0.16248912
120,2762,-0.1560964,0.016516075,0.16162063,-0.7017647,0.13816382,0.09288166,0.12772596,0.43450174,-0.4038213,0.14968376,0.12206511,-0.20508859,0.31095895,0.22622636,-1.0246439,-0.081036076
120,2764,0.19800651,-0.06769666,0.8672934,-0.37716553,0.34879243,-1.0255563,-0.45778054,0.23960161,0.20881625,-0.24897037,0.005896531,-0.025011003,-0.6897381,0.67909455,0.43914294,0.28612143
120,2766,-0.20027173,0.46770537,0.25073862,0.36691916,-0.33466762,0.17319727,0.07606821,-0.051470935,0.30345398,0.62861496,0.17267817,0.2842461,-0.5654341,0.6767305,0.2462718,0.44775778
120,2768,-0.4682649,-0.06955752,0.0034518987,-0.16173437,0.5030797,-0.15318042,-0.21822411,0.5504797,0.14773695,-0.057388347,-0.31805563,-0.1771566,-0.20328832,-0.4931828,-0.59096265,-0.6898077
120,2780,0.7667957,-0.09419748,-0.5609764,0.16382924,-0.0031960905,0.08474602,0.4185506,-0.0808419,-0.3009474,0.21596964,-0.061563253,0.58306307,-0.031085588,0.072808534,0.13499668,0.25173187
120,2791,0.6852324,0.42065442,1.0352397,0.6911861,0.18471064,0.2977253,0.59629184,-0.22145788,0.7942648,1.0490727,-0.62602735,-0.21143255,0.38996813,-1.1978487,-0.3582288,-0.2557605
120,2795,0.20429331,-0.37466598,-0.3432663,0.05068291,-0.16251671,-0.017513707,0.6710501,-0.43003282,-0.541611,-0.061898623,0.08903375,0.14006989,0.26312244,0.39227918,-0.3690853,0.14833938
120,2805,-0.14960015,0.6334951,-0.14810568,-0.034817457,-0.30129576,0.5615153,-0.30352297,0.3639761,0.24557664,0.5485684,0.46226978,0.2295325,-0.22094554,0.35738584,0.36693117,0.32086724
120,2812,0.054651782,0.20826243,0.758761,0.11569275,0.12567632,-0.60177374,-0.059035003,-0.005098045,0.33013952,0.2917517,-0.03856173,0.2717504,-0.86438686,0.8871597,0.21671967,0.41193834
120,2813,-0.72277296,0.5592642,-0.3514579,0.79159,-0.6109863,0.8571368,0.050930858,-0.12800153,0.37126297,0.73889947,0.2674843,0.25755054,-0.40813482,0.26445395,0.4523309,0.19446817
120,2820,-0.15999258,0.08591978,0.41143316,0.47039697,0.34753054,0.04306397,0.07386511,0.23068953,0.5820739,0.4979015,-0.5003165,-0.26996148,-0.056771807,-1.020199,-0.26500195,-0.6839769
120,2832,0.18184245,-0.43859315,-0.65434766,0.26364362,0.075966015,-0.09386423,0.5236949,-0.45873606,-0.37077495,-0.27778125,-0.120458096,0.37546122,0.0066652223,0.13780642,-0.14457224,-0.04504442
120,2835,0.14500687,-0.29471493,-0.20367514,-0.2803753,-0.12365404,0.058347546,0.68554723,-0.2931082,-0.6543321,0.015901055,0.16977665,0.074505985,0.40440398,0.5345304,-0.7723413,0.17106566
120,2837,0.46526515,0.22264738,0.8026257,0.50349253,0.3172663,0.05238466,0.39907292,0.01729887,0.6288464,0.7556361,-0.55811346,-0.22168906,0.18811792,-1.1525592,-0.26625603,-0.4315245
120,2840,0.21316177,0.38511705,0.39196348,-0.185467,-0.09464201,0.30145937,-0.75722647,-0.97402287,0.31445485,-1.1725266,-0.30248255,-0.20834497,0.8723074,-0.28778487,0.15353781,0.44639438
120,2850,-0.02515883,0.052002415,0.59859276,0.09558054,-0.053100884,-0.5144675,-0.072522506,0.03801342,0.20597138,0.22946085,0.07927021,-0.017658927,-0.5809614,0.5296242,0.42299655,0.29328585
120,2853,0.21316177,0.385117,0.39196348,-0.1854671,-0.09464202,0.3014593,-0.75722647,-0.97402287,0.31445485,-1.1725265,-0.30248255,-0.20834495,0.87230736,-0.28778487,0.15353781,0.44639438
120,2854,0.0450923,-0.046286717,0.31792855,-0.85759497,0.064437345,0.03007115,0.25327146,0.51389056,-0.5209456,0.28897506,0.27199578,-0.3490333,0.4928519,0.18625602,-1.0092514,-0.03824339
120,2857,0.13711067,-0.45068082,-0.5724287,0.10036948,0.10160269,-0.1048856,0.5210256,-0.37726903,-0.41998327,-0.27669314,-0.07871345,0.28587455,0.07642712,0.13483149,-0.30092072,-0.09480638
120,2861,0.14470659,0.009849027,0.7877738,-0.17308709,0.2588206,-0.85030526,-0.270455,0.1298236,0.2268305,-0.043325104,-0.012923211,0.08151391,-0.72424614,0.72163725,0.33774439,0.31138447
120,2863,-0.30013764,0.10933207,0.22403894,-0.78134906,0.20781465,0.10350213,-0.056169555,0.6501123,-0.31932998,0.17762287,0.09577761,-0.2792129,0.2402767,0.17390627,-1.1018518,-0.17691806
120,2867,0.3316405,0.66894376,0.5374739,-0.21523547,0.0049164146,0.45199886,-0.9462241,-1.3435364,0.5018801,-1.5005329,-0.52213,-0.004074499,1.0073266,-0.16154201,-0.059561655,0.66664606
120,2873,-0.09229668,-0.070592284,0.2539413,0.48732674,0.5120756,-0.20530307,0.049045168,0.22202826,0.5543813,0.23307732,-0.57054627,-0.15233909,-0.23934501,-1.1147155,-0.08194338,-0.81419784
120,2876,0.39811295,0.27556336,0.80465597,0.6779156,0.24508052,0.19574642,0.4475533,-0.104511194,0.74533653,0.86040664,-0.59983516,-0.22130586,0.21856265,-1.1808321,-0.27688158,-0.43544856
120,2886,0.20454329,-0.34647033,-0.15958767,-0.07584876,-0.3022409,0.018201422,0.7443798,-0.39219797,-0.63213485,0.065159336,0.2216519,-0.018653795,0.4126662,0.5078584,-0.48217916,0.2350995
120,2889,-0.2858367,0.019861817,0.02102743,-0.5504923,0.18536766,0.11652196,0.06397023,0.34005716,-0.32270417,0.03172113,0.009718038,-0.099489465,0.17765583,0.22833252,-0.98916274,-0.12739302
120,2897,0.11885826,-0.34406304,-0.3760515,0.46203527,-0.39792413,0.06584896,0.77927315,-0.54037076,-0.37919727,0.12909345,0.14233197,0.08664267,0.19473785,0.28790915,0.009677365,0.16901979
120,2904,0.13277818,-0.764184,0.26008338,-0.14694002,-0.45293617,-0.5251864,0.119305864,0.14742374,-0.41811764,-0.06252885,0.38264367,-1.0310637,0.46218154,-0.6448915,0.8629975,-0.1474894
120,2913,-0.4485384,-0.039998636,0.028432637,-0.26475003,0.44686538,-0.10787672,-0.19934624,0.56405926,0.06532024,-0.02616791,-0.24481693,-0.19322045,-0.13127428,-0.3723184,-0.6692229,-0.5973008
120,2917,0.09113558,-0.37423936,-0.33318484,0.16831975,-0.31981406,0.06683726,0.78333557,-0.5237221,-0.5410908,0.020452347,0.17614931,0.06985669,0.32915136,0.45382288,-0.36578333,0.1816532
120,2928,-0.061132524,-0.10000158,0.08423881,-0.12950072,-0.3037215,0.08516225,-0.4659428,-0.2648327,-0.0011204034,-0.56774133,0.12985632,-0.5951435,0.62572587,-0.537794,0.5852469,0.03021662
120,2939,0.107066184,0.79273844,0.31626225,-0.09241469,-0.09448306,0.6875561,-0.9385338,-1.2029601,0.5563945,-1.2665663,-0.39839056,0.10098465,0.8648224,-0.11156361,-0.0012380481,0.6135276
120,2956,-0.6957555,0.5648,-0.23797655,0.68676424,-0.5904951,0.7611714,-0.014304861,-0.08434187,0.38331604,0.690998,0.26124907,0.1896552,-0.41066158,0.28018135,0.46840256,0.21440148
120,2961,0.65580547,-0.11081582,-0.5233359,0.20259662,-0.052693076,0.085356355,0.4559376,-0.14653695,-0.30072767,0.20387861,-0.03891799,0.51593536,-0.011315562,0.11646217,0.1011671,0.24217618
120,2963,-0.026022509,-0.1495559,-0.68293476,0.1825172,0.33541256,0.017770503,0.28095353,-0.38680822,-0.22100052,-0.3758904,-0.3528706,0.65291977,-0.21815059,0.3617184,-0.62253946,-0.023409415
120,2965,0.079564914,-0.36460665,-0.3675475,0.21885423,-0.33236057,0.090817146,0.8265677,-0.5781796,-0.539424,0.022152405,0.16548109,0.11786477,0.3189093,0.51056695,-0.39836788,0.20425108
120,2966,-0.0011411384,0.026483372,0.6214415,0.061051115,-0.025447816,-0.5655427,-0.08894555,0.04901714,0.19500227,0.19128741,0.0736212,-0.029324159,-0.5802287,0.5321996,0.42527306,0.28939658
120,2968,-0.08318304,-0.46095815,0.068682,-0.09416051,-0.42082185,-0.18040186,-0.17872548,0.076769285,-0.20671986,-0.20469108,0.3395574,-0.8547184,0.4787548,-0.6706568,0.8266402,-0.15499488
120,2980,-0.67861086,0.5354356,-0.22056378,0.6431935,-0.57864195,0.7205233,-0.03907664,-0.06520547,0.36671078,0.65106267,0.26577678,0.15028708,-0.38684702,0.25314993,0.48562765,0.2031528
120,2984,-0.4548289,-0.15044235,-0.03537388,0.19559267,0.62045735,-0.26907167,-0.20248923,0.4457114,0.39366388,-0.089412615,-0.51111543,-0.12385215,-0.38542208,-0.85494745,-0.29884732,-0.9233412
120,2985,0.32481724,0.6596545,0.5369698,-0.22092006,-0.0040686876,0.4495975,-0.9556664,-1.32878,0.4989221,-1.500517,-0.51043236,-0.026153669,1.0150279,-0.17823109,-0.037708923,0.6586189
120,2986,0.20303667,-0.34871262,-0.16659427,-0.05738771,-0.31140316,0.021791589,0.75808764,-0.40601525,-0.6317633,0.06823671,0.2225795,-0.013943277,0.41338983,0.5154755,-0.4786654,0.23933
120,2990,0.27294958,0.94200027,0.49255878,-0.18624794,0.008193538,0.7120591,-1.0964681,-1.5030249,0.6628635,-1.6082468,-0.5876782,0.18285973,1.0423867,-0.070148624,-0.16496636,0.77480966
120,3007,0.08779597,-0.27985042,-0.26081935,-0.20118305,-0.099515736,0.07403723,0.64962125,-0.3291779,-0.6000375,-0.021251865,0.12047145,0.12482466,0.34084976,0.51151896,-0.7376161,0.14685436
120,3009,0.10485743,-0.16344944,0.6618225,-0.17908043,0.08159731,-0.7994752,-0.2384654,0.14180937,0.09143458,-0.09738943,0.08186781,-0.19861864,-0.44887787,0.39761338,0.5134475,0.21537092
120,3015,0.0317176,-0.041095078,0.29544902,-0.8548993,0.0726486,0.04349631,0.2625308,0.4908131,-0.52861017,0.2696212,0.25781518,-0.3181463,0.48497695,0.22475818,-1.0492113,-0.028263446
120,3023,-0.15883204,-0.6159653,-0.698981,0.56712294,-0.2667327,0.030913971,0.4886542,-0.3346726,-0.24527104,-0.1264484,0.13284685,-0.0838332,0.17981538,-0.39688292,0.4902078,-0.3237625
120,3036,0.044785723,-0.28322956,-0.2851969,-0.15655932,-0.07884264,0.06644908,0.59919393,-0.31883278,-0.5487186,-0.04669496,0.09398373,0.121484056,0.29820248,0.43441638,-0.67205834,0.10011645
120,3040,-0.011144757,-0.020381361,0.14790173,-0.1478745,-0.27218562,0.11884064,-0.5300451,-0.3868129,0.05445333,-0.6856016,0.058220617,-0.5471555,0.68308365,-0.508929,0.5256099,0.10213959
120,3042,-0.026148707,0.2173645,0.6219222,0.16203287,0.03239295,-0.44542992,-0.055768043,-0.014749259,0.3121807,0.31137136,0.0009293854,0.22039936,-0.75939524,0.7623588,0.25669965,0.36906865
120,3047,1.6364543,0.058038577,-0.84883636,-0.18991849,0.4224571,0.073699564,0.032583907,0.5122236,-0.27523422,0.30502337,-0.24309176,1.096841,-0.20505667,-0.34562343,0.44290125,0.2934594
120,3078,0.20777693,-0.35286665,-0.16855425,-0.055859223,-0.3164393,0.023894127,0.7743398,-0.41613474,-0.6403683,0.06953714,0.2248711,-0.010064825,0.42001492,0.5300646,-0.49118334,0.24587196
120,3091,-0.2858367,0.019861832,0.021027446,-0.5504923,0.18536769,0.11652196,0.06397023,0.34005716,-0.32270414,0.03172113,0.009718038,-0.099489465,0.17765583,0.22833252,-0.98916274,-0.12739302
120,3092,-0.34388864,0.14183168,0.234104,-0.8226483,0.2420574,0.12113162,-0.09113355,0.69430965,-0.31157014,0.1712469,0.07562037,-0.27121475,0.22462004,0.20284894,-1.1895463,-0.18966049
120,3098,0.13333564,-0.19356874,0.5871194,-0.45621416,0.24402569,-0.85865325,-0.5221337,0.2803844,0.06110768,-0.4028768,0.097772345,-0.23324504,-0.3606108,0.31301957,0.5308469,0.13353679
120,3107,0.025742061,-0.028753042,0.33682156,-0.85217416,0.075943455,0.02991078,0.21678501,0.546616,-0.48938704,0.30013612,0.26182336,-0.3653217,0.4768974,0.14915794,-0.99221855,-0.05842678
120,3110,-0.065798156,0.013009772,0.27346647,-0.81481755,0.115043476,0.070791684,0.16774201,0.517868,-0.4542573,0.23904414,0.19702882,-0.29041398,0.40588087,0.20727503,-1.0570897,-0.062817775
120,3111,-0.094929054,-0.10748627,-0.5320337,0.06260929,0.13863327,0.14600512,0.4597002,-0.45019487,-0.36996967,-0.23130168,-0.18628386,0.5299188,-0.0016518086,0.60820115,-0.85164315,0.11119479
120,3135,0.19026819,-0.044877306,0.8659565,-0.3395105,0.34000832,-1.0007813,-0.4257272,0.22030306,0.22114708,-0.20653409,-0.0015644208,0.0061730146,-0.7133465,0.7056967,0.4165643,0.29773426
120,3147,0.46526515,0.22264738,0.8026257,0.5034925,0.3172663,0.052384667,0.39907295,0.01729887,0.62884647,0.7556361,-0.55811346,-0.22168908,0.18811792,-1.1525592,-0.26625597,-0.4315245
120,3161,-1.0676329,0.07509349,-0.12768185,0.11750574,0.723047,-0.0032966603,-0.6085449,0.6817793,0.51498234,-0.15283279,-0.66518867,-0.12921354,-0.54923403,-0.65811074,-0.75148886,-1.008768
120,3173,-0.067554995,-0.06380981,0.26794428,0.477907,0.48323202,-0.19147629,0.068646386,0.20812052,0.53533816,0.25497827,-0.5466763,-0.15825364,-0.21203351,-1.091622,-0.07757078,-0.77919775
120,3175,-0.042734347,0.82642555,-0.67746305,-0.772774,-0.21114042,1.0107758,-0.9692228,1.0133092,0.15157513,0.26101595,0.8959857,0.03167641,0.35882306,-0.13443851,0.58046395,0.09695017
120,3185,0.0072660074,-0.6668054,-0.021561503,0.08075525,-0.4681419,-0.27504948,0.18864094,0.05225257,-0.35873693,-0.007211525,0.36480302,-0.7762288,0.3896348,-0.5802802,0.81572217,-0.17142135
120,3198,0.14451061,-0.26550114,-0.8867242,0.2529039,0.6291097,-0.17760345,0.10625221,-0.27554402,-0.09467583,-0.5724434,-0.5636414,0.8163416,-0.4569763,0.04173757,-0.40689677,-0.21410292
120,3212,0.083517745,-0.15913865,0.6450797,-0.23526222,0.11253266,-0.7983006,-0.33029976,0.1939033,0.10423194,-0.15844445,0.096665666,-0.21888614,-0.43844944,0.36238894,0.55691993,0.18966219
120,3224,1.5399022,0.038751617,-0.8111037,-0.14434424,0.3671562,0.074428715,0.09377366,0.43142536,-0.2831978,0.29726797,-0.2228103,1.0394884,-0.18253979,-0.27981362,0.39580062,0.2973107
120,3235,-0.27243504,0.024258241,0.028707296,-0.56436956,0.17624147,0.12150223,0.07515747,0.33701763,-0.33636045,0.039672647,0.021672882,-0.09885731,0.19149452,0.2468861,-0.9990116,-0.11028084
120,3236,0.7667957,-0.09419747,-0.5609764,0.16382924,-0.0031961054,0.08474602,0.4185506,-0.0808419,-0.30094737,0.21596964,-0.061563253,0.58306307,-0.031085588,0.07280855,0.13499668,0.25173187
120,3237,-0.4312824,-0.20085299,-0.10153322,0.45741025,0.62741464,-0.3120201,-0.17207563,0.30093208,0.51815087,-0.11867277,-0.60149634,-0.06879626,-0.47999656,-1.0239055,-0.054366335,-0.99574775
120,3238,0.03219059,-0.1578878,-0.19924459,-0.38466087,0.2249405,-0.030005235,0.1956461,0.1518277,-0.37209117,-0.08042508,-0.0310079,0.08919302,0.12200524,0.14538571,-0.7024694,-0.09865838
120,3246,0.27369726,0.124125555,0.6181955,0.52137613,0.41835368,-0.048135027,0.27161512,0.088777564,0.63918203,0.5657027,-0.599396,-0.1851592,0.017506175,-1.177958,-0.20799528,-0.59636277
120,3251,-0.6047516,0.5855359,-0.2862412,0.40683594,-0.53966177,0.77042747,-0.2085301,0.13037011,0.33391893,0.5942079,0.39264223,0.10343532,-0.26452503,0.18256435,0.52408063,0.18313655
120,3258,0.09806764,-0.20054954,0.6414063,-0.26256338,0.115096554,-0.8293539,-0.33615533,0.20127636,0.07713805,-0.19635144,0.10193856,-0.2575748,-0.40273553,0.32403484,0.57375586,0.17270109
120,3300,0.011895396,-0.3774432,-0.4501503,0.33360854,-0.31569362,0.0976772,0.7708081,-0.5869513,-0.46007627,-0.012591055,0.12976064,0.13324322,0.25351682,0.39231488,-0.2568177,0.13408697
120,3304,-0.11951361,-0.13798282,-0.4023801,-0.0030085742,-0.031148553,0.18835157,0.5566572,-0.4524618,-0.45296615,-0.112082735,-0.03011252,0.34068567,0.16520622,0.62170196,-0.83123356,0.14949557
120,3309,-0.29409987,-0.0017145574,0.12624483,-0.6077517,0.21395348,0.040778328,-0.022428125,0.5377095,-0.26579258,0.10852395,0.039095387,-0.26104373,0.18437356,0.029351443,-0.91329056,-0.25482944
120,3311,0.10215177,0.17037179,0.27135825,-0.16952464,-0.18540998,0.20018518,-0.64027596,-0.6711887,0.1774631,-0.92519456,-0.116836,-0.38885874,0.7786575,-0.40492183,0.34800106,0.2690217
120,3326,-0.009205319,0.3019272,0.7318862,0.20343181,0.062379718,-0.48018816,-0.037109286,-0.03421995,0.38911462,0.39200392,-0.035178408,0.3227716,-0.9030593,0.9302325,0.21167083,0.4466982
120,3331,-0.41595304,0.6931557,-0.41901016,-0.022838429,-0.43316996,0.8688171,-0.49669528,0.4649494,0.28229076,0.48922694,0.58802855,0.07280533,-0.048246957,0.07756193,0.55953926,0.15829402
120,3338,0.054243267,-0.049221307,0.6713168,-0.048686832,0.03495297,-0.6939871,-0.1604093,0.09230433,0.16349761,0.06701198,0.069724545,-0.09179057,-0.5511366,0.5046358,0.46373957,0.2706891
120,3348,-0.1310778,-0.09149933,-0.39181054,-0.0064237565,-0.041012704,0.21670598,0.54821646,-0.45482475,-0.45164722,-0.09352364,-0.027652577,0.36273783,0.16204414,0.6822524,-0.8695491,0.18456092
120,3350,-0.011144757,-0.020381361,0.14790173,-0.1478745,-0.27218562,0.11884064,-0.53004515,-0.3868129,0.05445333,-0.6856016,0.058220617,-0.5471555,0.6830836,-0.508929,0.5256099,0.10213959
120,3361,0.11800209,-0.5461453,-0.95270365,0.48497832,0.30207312,-0.19084343,0.3825441,-0.48734787,-0.19599,-0.5161551,-0.31799224,0.54957825,-0.23791096,-0.17353383,0.1013275,-0.28931534
120,3386,-0.11964443,-0.07502654,-0.42094785,-0.012032285,0.006461084,0.21468586,0.53916794,-0.45530748,-0.44742543,-0.12030809,-0.06567973,0.4238692,0.13027376,0.71656024,-0.9267866,0.1890916
120,3387,-1.0899107,0.076306984,-0.18067907,0.07092648,0.701976,0.0057432055,-0.6372244,0.67644024,0.46628243,-0.20792076,-0.6360259,-0.110917784,-0.5500018,-0.57416785,-0.7607345,-0.96426797
120,3394,0.11724195,-0.2199067,0.5208629,-0.44758114,0.20798956,-0.809946,-0.5053329,0.27271685,0.026417285,-0.41123548,0.114897676,-0.2712276,-0.29038328,0.23628363,0.53984207,0.103425145
120,3399,-0.1656154,-0.6247168,-0.72566974,0.5912931,-0.26492187,0.03732256,0.5028609,-0.35554942,-0.24395818,-0.13761663,0.12385606,-0.06551987,0.17319223,-0.39288896,0.49174017,-0.32727048
120,3400,0.121463,-0.48886722,-0.64536893,0.19172892,0.14488696,-0.14507508,0.4612696,-0.37786934,-0.3504054,-0.33647376,-0.12769572,0.30467772,0.0005305037,5.0127506e-05,-0.15187116,-0.17135918
120,3413,0.2019608,-0.33294022,-0.7253904,0.07669365,0.6113586,-0.26393107,0.0034852326,-0.015542485,-0.10409341,-0.48543495,-0.45463952,0.54963875,-0.36894068,-0.23016164,-0.23850732,-0.32597816
120,3429,0.2729496,0.94200027,0.49255866,-0.18624792,0.008193538,0.712059,-1.0964681,-1.503025,0.6628635,-1.6082468,-0.5876782,0.18285973,1.0423867,-0.070148624,-0.16496639,0.7748097
120,3435,-0.016681768,0.2689283,0.6814608,0.19450618,0.046818808,-0.45890054,-0.035118625,-0.03329595,0.3566174,0.36507872,-0.022795007,0.28599286,-0.8433139,0.86307776,0.22279857,0.41566202
120,3443,0.29101765,0.60550284,0.5045093,-0.21767864,-0.03483291,0.4309971,-0.93199146,-1.2481935,0.4655193,-1.4383266,-0.45716217,-0.081391364,0.9986444,-0.2180937,0.022875369,0.61014694
120,3470,-0.33623844,0.13341768,0.22902109,-0.809268,0.23661806,0.1170009,-0.08344056,0.6816581,-0.31107023,0.16992883,0.076468185,-0.27058473,0.22538617,0.19467536,-1.1697809,-0.18913893
120,3477,0.09250723,-0.7447066,0.23348232,-0.13241497,-0.4493642,-0.49969736,0.08717595,0.15486932,-0.39412037,-0.06779349,0.38453594,-1.0230712,0.45046523,-0.6617131,0.878328,-0.16246322
120,3478,0.35731015,0.9343951,0.5588423,-0.18666703,0.06173536,0.65405035,-1.0536929,-1.5998608,0.657841,-1.6633906,-0.66476333,0.22815062,1.0520161,-0.025714912,-0.25179887,0.81800705
120,3482,0.08779596,-0.2798504,-0.26081935,-0.20118308,-0.09951574,0.07403723,0.64962125,-0.3291779,-0.6000375,-0.021251865,0.12047145,0.12482466,0.3408498,0.51151896,-0.7376161,0.14685436
120,3497,0.10215177,0.17037179,0.27135825,-0.16952464,-0.18541,0.20018518,-0.64027596,-0.67118865,0.1774631,-0.92519456,-0.116836,-0.38885874,0.7786575,-0.40492183,0.34800106,0.2690217
120,3498,0.19729847,0.3542533,0.36960858,-0.1782839,-0.10433321,0.28592625,-0.72996676,-0.93028677,0.29252237,-1.1282672,-0.2777958,-0.22407842,0.8496489,-0.29628357,0.17248043,0.42032996
120,3507,0.13056612,-0.4705742,-0.81543505,0.39628372,0.19314377,-0.13021407,0.41916576,-0.46684027,-0.2543419,-0.3925231,-0.22715485,0.4721766,-0.1378802,-0.03935373,0.014608145,-0.17062598
120,3513,0.7807211,0.46530145,1.0907918,0.65007436,0.14309861,0.33150405,0.6332154,-0.25218394,0.7651711,1.0890162,-0.6011089,-0.20893353,0.4593833,-1.1491966,-0.38501805,-0.1587653
120,3519,0.011720143,-0.6640055,0.1753393,-0.10979098,-0.4611817,-0.3987846,-0.006109327,0.15284577,-0.32965118,-0.10143933,0.38911122,-0.99647945,0.45403257,-0.68696165,0.9108407,-0.17168264
120,3523,0.26392585,0.5351265,0.46028852,-0.19870922,-0.05295907,0.39165506,-0.8600005,-1.1581073,0.41503286,-1.3365918,-0.4077768,-0.11069156,0.94559026,-0.23277844,0.0554069,0.55465764
120,3530,-0.18539536,-0.6233632,-0.7830888,0.63761234,-0.24369523,0.057245962,0.5282671,-0.4140473,-0.23527682,-0.17046191,0.08683364,-0.0005466938,0.14406924,-0.3560142,0.45771098,-0.32333392
120,3537,-0.14290114,-0.6128726,-0.667268,0.5463465,-0.28002006,0.023825798,0.49704114,-0.32869616,-0.25854135,-0.1107932,0.14701635,-0.103338316,0.19585593,-0.38164288,0.47783214,-0.30730736
120,3538,-0.31453684,0.03298402,0.15500666,-0.67337835,0.23899053,0.05984737,-0.040208414,0.5866633,-0.27578628,0.11847766,0.036206134,-0.26078844,0.19197434,0.07180266,-1.0156909,-0.25092995
120,3539,0.122503966,0.82533264,0.33741075,-0.09837273,-0.08520264,0.7057666,-0.9648998,-1.248417,0.5796869,-1.3104771,-0.4240379,0.11793275,0.88762516,-0.103484675,-0.021600023,0.63914555
120,3540,-0.07662134,1.0200725,-0.7653153,-0.7134588,-0.2570344,1.2460363,-0.9730567,1.0758978,0.21781243,0.46509537,0.96503735,0.1960551,0.28686374,-0.047947884,0.5528616,0.17482877
120,3543,-0.06720799,0.06962557,0.49836606,0.14670265,-0.10171251,-0.39929858,-0.036623627,0.010797508,0.19264446,0.26354235,0.08987829,-0.0101546645,-0.5277029,0.47050932,0.4038684,0.2691149
120,3548,-0.40901324,0.047955796,0.10756366,-0.55016744,0.3425418,0.0068850666,-0.15802386,0.6243376,-0.13336785,0.05012679,-0.083415926,-0.22366929,0.041497808,-0.0641747,-0.9329873,-0.38370702
120,3550,0.17242083,-0.30091202,-0.89593726,0.2694884,0.6538682,-0.2272974,0.058242,-0.23443973,-0.06287423,-0.58994913,-0.57538116,0.7871956,-0.4866798,-0.07413118,-0.28882128,-0.263286
120,3551,-0.07140874,-0.4759128,0.0859438,-0.099749595,-0.42694968,-0.20018047,-0.16806552,0.08082458,-0.21589187,-0.2002459,0.34382468,-0.8714972,0.4812408,-0.67003906,0.8357093,-0.15136874
120,3552,0.1059818,-0.16049993,0.6780001,-0.19213131,0.08838214,-0.8135388,-0.25688037,0.15327859,0.09877254,-0.10520926,0.084016524,-0.20252937,-0.45832747,0.40532705,0.5249554,0.21929947
120,3574,-0.22520916,0.034568608,0.10879423,-0.66725683,0.1758359,0.11502425,0.09536248,0.41030183,-0.3748584,0.0968612,0.065439716,-0.1498896,0.25463337,0.2553271,-1.072189,-0.098422565
120,3581,0.15642911,-0.18328087,0.6542512,-0.47195587,0.28035903,-0.92105913,-0.53689784,0.28774107,0.0861132,-0.40645868,0.08062569,-0.20839259,-0.4194423,0.37800917,0.52688426,0.15913197
120,3590,0.045757383,0.23352851,0.7489601,0.14225265,0.112023875,-0.5687598,-0.040429547,-0.022688597,0.34158862,0.31998837,-0.04401967,0.29653573,-0.8750497,0.9077599,0.19705437,0.42428878
120,3596,-0.75218827,0.64061123,-0.29764023,0.81794286,-0.6308009,0.88201565,0.053287163,-0.13791147,0.4287191,0.8015005,0.25338274,0.29305524,-0.47300905,0.34355012,0.43404338,0.2392317
120,3606,0.8779756,0.5016407,1.1917527,0.6033933,0.16164576,0.32553378,0.66074485,-0.22814903,0.7679092,1.1449883,-0.61395645,-0.22468415,0.50750107,-1.1810387,-0.43125653,-0.12680271
120,3613,0.04056236,-0.13591635,-0.12631068,-0.49299303,0.22395961,-0.018803187,0.20720188,0.22066098,-0.41140324,-0.03523819,0.0071884096,0.042729244,0.17860754,0.18322903,-0.81084996,-0.08493645
120,3615,-0.018912576,0.12566535,0.6000139,0.06718643,0.034508616,-0.5020362,-0.13224757,0.042389803,0.25779915,0.19520575,0.036963984,0.09609036,-0.6577051,0.6330224,0.34685707,0.3129317
120,3620,-0.18741786,-0.59392333,-0.77311426,0.6383081,-0.24621093,0.06779509,0.5610225,-0.4637783,-0.24844426,-0.16551979,0.07329726,0.042634785,0.13179632,-0.25916782,0.37490895,-0.2706021
120,3641,-0.096370704,0.84287703,-0.41397125,-0.33980906,-0.27301365,0.884477,-0.60945773,0.6806453,0.2582696,0.5258019,0.674132,0.24334006,-0.008518554,0.20066741,0.44589144,0.27498385
120,3647,-0.047522597,-0.541842,0.12023069,-0.09602404,-0.45026577,-0.2663067,-0.10981697,0.103576355,-0.2529763,-0.16294022,0.36372116,-0.9224281,0.47219336,-0.6766219,0.8763348,-0.15497364
120,3654,0.20395032,-0.118793815,0.85985,-0.47869006,0.36198562,-1.0704181,-0.5587829,0.30083418,0.18116967,-0.36003846,0.035712734,-0.115932226,-0.6197951,0.5951407,0.5138486,0.25183547
120,3655,-0.30863404,0.020625353,0.1466647,-0.65846205,0.23523273,0.053165637,-0.033451915,0.5738935,-0.2745673,0.11367017,0.035542786,-0.26063278,0.19059655,0.059535116,-0.993298,-0.2543699
120,3667,0.90545356,0.5094892,1.2010871,0.5799375,0.1340314,0.34142995,0.6762555,-0.24523059,0.74028176,1.1546218,-0.5914035,-0.22763783,0.54227304,-1.1450089,-0.44098067,-0.08028461
120,3672,-0.6960192,0.51713693,-0.35446072,0.76268244,-0.5933604,0.8210171,0.052606583,-0.1236361,0.34138465,0.7030454,0.26661742,0.2341599,-0.37819815,0.23390043,0.4497912,0.17644143
120,3676,-0.23828653,0.8160845,-0.5474122,-0.40565935,-0.33435643,0.9848198,-0.76480913,0.76583976,0.25030684,0.4045643,0.75851154,0.06839518,0.14128634,-0.009703234,0.5896478,0.14583439
120,3681,-0.016171314,0.87237656,-0.7221019,-0.7879548,-0.19604264,1.0650772,-0.9600419,1.0264664,0.1531967,0.29058823,0.90691423,0.08915214,0.3663115,-0.10951235,0.5315581,0.105982274
120,3690,-0.69720584,0.4756714,-0.367035,0.74279606,-0.6028515,0.8085942,0.034660853,-0.09822793,0.31809938,0.681124,0.29343307,0.18348153,-0.3403234,0.1757428,0.49827796,0.14877987
120,3697,-0.30613673,0.047491744,0.18841644,-0.7178961,0.23611538,0.061666884,-0.047554165,0.6269415,-0.28709912,0.14328781,0.05710333,-0.28492177,0.21161179,0.07964784,-1.0415983,-0.2448797
120,3706,-0.74258894,0.6046639,-0.3334185,0.8124244,-0.6231267,0.88099337,0.051685005,-0.13440712,0.40263128,0.7740988,0.26154497,0.28195626,-0.44269007,0.30516288,0.44380915,0.21750861
120,3724,0.7059999,-0.09765909,-0.9440468,0.26203722,0.041782767,0.2905478,0.08549628,0.27621812,-0.15319157,0.25239882,0.014520377,0.6722386,-0.118998684,-0.42687628,0.67351884,0.02765195
120,3726,-0.15484296,0.28157145,0.44711983,0.37645656,-0.26529887,-0.14601344,0.14072391,-0.16019903,0.2825302,0.48987585,0.05557504,0.17014651,-0.60986596,0.69090223,0.2547035,0.40995494
120,3732,-0.7521883,0.64061123,-0.29764023,0.817943,-0.6308009,0.88201565,0.053287163,-0.13791147,0.4287191,0.8015005,0.25338274,0.29305524,-0.4730091,0.34355012,0.43404338,0.2392317
120,3747,-0.15487164,0.1604553,0.3665266,0.28536996,-0.23397559,-0.17532712,0.061515428,-0.07797843,0.20726223,0.37948677,0.09884414,0.04015115,-0.4817716,0.46942648,0.3493443,0.29212928
120,3750,0.14340472,-0.3487293,-0.33159047,-0.13296491,-0.049590074,-0.0070010507,0.6120002,-0.31675628,-0.56075,-0.0872754,0.08368735,0.13953002,0.28001645,0.37555978,-0.5666553,0.073316514
120,3761,-0.0967881,0.013398215,0.22490607,-0.7563338,0.11306305,0.079617225,0.15365621,0.4740025,-0.4331928,0.20536947,0.17239977,-0.25617754,0.3678323,0.21305734,-1.0191928,-0.063427925
120,3769,0.14121634,-0.37825233,-0.40158245,-0.060122877,-0.0007352233,-0.042817056,0.57192266,-0.3260694,-0.5105508,-0.14582272,0.03300336,0.17872114,0.21187359,0.28895864,-0.47006583,0.015590392
120,3774,0.016755529,0.7238385,0.22089283,-0.030331641,-0.14841406,0.6808357,-0.8443688,-1.049658,0.50568104,-1.072418,-0.3036801,0.074911684,0.7555713,-0.115748025,0.07368188,0.5342793
120,3792,0.2729496,0.94200027,0.49255866,-0.18624792,0.008193538,0.7120591,-1.0964682,-1.5030249,0.6628635,-1.6082468,-0.5876782,0.18285973,1.0423867,-0.07014863,-0.16496633,0.77480966
120,3804,-0.2858367,0.019861817,0.021027446,-0.5504923,0.18536772,0.11652196,0.06397024,0.34005716,-0.32270414,0.03172113,0.009718038,-0.099489465,0.17765583,0.22833252,-0.98916274,-0.12739302
120,3821,0.051653877,-0.045432016,0.34707695,-0.86772215,0.06616379,0.01833171,0.23805276,0.54883826,-0.5082628,0.3104403,0.27983922,-0.3806347,0.49866146,0.14538026,-0.9874826,-0.054892715
120,3824,-0.08318304,-0.46095815,0.06868197,-0.09416051,-0.42082185,-0.18040186,-0.17872551,0.076769285,-0.20671986,-0.20469108,0.33955738,-0.8547183,0.47875482,-0.6706568,0.8266402,-0.15499488
120,3830,0.8116737,0.44601148,1.1143107,0.5626359,0.17309432,0.27416742,0.61783445,-0.1906586,0.7118204,1.0641617,-0.58130944,-0.22543491,0.4656583,-1.145695,-0.3995024,-0.15657483
120,3835,0.008695297,-0.060515225,0.21340872,-0.7491478,0.052785486,0.048286654,0.26663592,0.39781317,-0.5078428,0.21944064,0.23165813,-0.26667762,0.438779,0.22878957,-0.9590549,-0.021182459
120,3838,0.15441652,-0.013109773,0.78973573,-0.22456455,0.28153193,-0.8829966,-0.31683975,0.15599242,0.21646558,-0.1008904,-0.007638335,0.05426635,-0.7036514,0.6972923,0.3593956,0.29624495
120,3844,-0.059776768,0.81132674,-0.66065884,-0.7631402,-0.22132133,0.9951827,-0.9747422,1.0088826,0.15365605,0.25278437,0.893448,0.0074710846,0.35451156,-0.14592716,0.6038192,0.092996955
120,3855,-0.33523908,0.5084782,-0.11228951,0.2619754,-0.37206885,0.68940735,-0.45406848,-0.49533793,0.3477074,-0.27062032,0.04532768,0.019237831,0.29281482,-0.083272964,0.34771684,0.26884994
120,3862,-0.075081475,-0.21034198,-0.40194052,-0.028612971,-0.030347839,0.14742264,0.5947003,-0.4462314,-0.48556572,-0.123237416,-0.012925938,0.2984947,0.19673094,0.5614325,-0.7977539,0.11969213
120,3874,0.08026479,-0.73580587,0.120329395,-0.046450093,-0.4648115,-0.40792775,0.15310639,0.110878,-0.40211788,-0.038938947,0.38475904,-0.9288908,0.450464,-0.6407567,0.84913546,-0.17321754
120,3875,-0.17418022,0.029171184,0.16923662,-0.7307441,0.1599754,0.09979298,0.116227984,0.45862892,-0.40420696,0.1460114,0.11103104,-0.20140523,0.30756953,0.24126339,-1.0817566,-0.08929348
120,3881,-0.22888885,0.8527205,-0.5680988,-0.44329813,-0.33087775,1.0213419,-0.8027351,0.8078771,0.25908476,0.41245094,0.78605986,0.07899372,0.15380576,-0.008943856,0.5969993,0.151395
120,3898,-0.17290643,-0.55195117,-0.7543163,0.6313894,-0.25688362,0.08937125,0.615335,-0.5278661,-0.27380878,-0.15164934,0.0632747,0.09841873,0.13152668,-0.12185883,0.25663924,-0.19361189
120,3903,0.3003002,-0.45801842,-1.0668895,0.39863545,0.89111674,-0.45424473,-0.16163498,-0.10228907,0.11120342,-0.77101415,-0.75120306,0.8349795,-0.723647,-0.5460743,0.12369282,-0.51257217
120,3905,1.8962796,0.08070429,-1.0032222,-0.34620002,0.58978933,0.08118153,-0.23450339,0.8513183,-0.23721671,0.3188915,-0.2640549,1.2135577,-0.2588452,-0.66974103,0.70381135,0.21455789
120,3908,-0.033957418,0.066178635,0.60004294,0.109958276,-0.06403755,-0.49952626,-0.06748024,0.03450165,0.21569408,0.24883957,0.08090304,-0.01122725,-0.58981335,0.5378951,0.42463434,0.3003236
120,3911,-0.0030516982,-0.28523237,-0.749858,0.5099532,-0.30146778,0.2863994,0.23896676,-0.031599812,-0.15027432,0.16286717,0.20889485,0.14304443,0.040251266,-0.35600445,0.68396443,-0.11209562
120,3929,-0.018912576,0.12566535,0.6000139,0.06718643,0.034508616,-0.5020362,-0.13224757,0.042389803,0.25779915,0.19520575,0.036963984,0.09609036,-0.6577051,0.6330224,0.34685707,0.3129317
120,3933,-0.1347335,0.09639852,0.4695723,0.1785917,-0.16206425,-0.32678097,-0.06546879,0.034829,0.2180383,0.30443355,0.12744474,-0.05197958,-0.5116798,0.41623154,0.48042476,0.25817248
120,3947,0.14641951,-0.31658196,-0.26369676,-0.21534908,-0.09396932,0.03458659,0.663173,-0.31331933,-0.6202221,-0.030395683,0.13193893,0.11138609,0.35215884,0.48374918,-0.69489795,0.1381948
120,3970,0.09250723,-0.7447066,0.23348232,-0.13241497,-0.4493642,-0.49969736,0.08717595,0.15486932,-0.39412037,-0.06779349,0.38453594,-1.0230712,0.45046523,-0.6617131,0.878328,-0.16246322
120,3973,-0.033743218,0.71191317,0.18031828,0.011127815,-0.18021017,0.69562185,-0.8034544,-0.9866583,0.4967124,-0.97243106,-0.2619516,0.07382609,0.6964552,-0.10682993,0.10852569,0.5073318
120,3976,-0.51314306,0.5788756,-0.32566532,0.22238562,-0.4840781,0.7565564,-0.30621305,0.25110322,0.28457934,0.5182996,0.45895633,0.06495169,-0.16183212,0.12243593,0.528947,0.15877846
120,3991,-1.1012347,0.08727108,-0.23609936,0.016112551,0.65687585,0.030289892,-0.6578872,0.65691257,0.39920962,-0.25556853,-0.5867648,-0.08840007,-0.5367541,-0.4561728,-0.77111036,-0.8877219
120,4001,-0.74258894,0.6046639,-0.3334185,0.8124244,-0.6231267,0.88099337,0.051685005,-0.13440712,0.40263122,0.7740987,0.26154497,0.28195626,-0.44269007,0.30516288,0.44380915,0.21750858
120,4006,-0.19433197,0.51928586,0.20838396,0.30574918,-0.33179045,0.2358821,0.012081429,0.014613487,0.31229246,0.63157064,0.21932992,0.29039145,-0.53341526,0.66320395,0.26048708,0.4470675
120,4007,0.07740721,-0.7243726,0.11002122,-0.039217055,-0.4597947,-0.39668256,0.15676907,0.10378037,-0.39836758,-0.036073864,0.37898257,-0.90837073,0.4427693,-0.6278453,0.8339675,-0.17012587
120,4012,-1.0676329,0.07509352,-0.12768185,0.11750573,0.723047,-0.0032966603,-0.6085449,0.6817794,0.51498234,-0.15283279,-0.66518867,-0.12921354,-0.54923403,-0.65811074,-0.75148886,-1.008768
120,4014,-0.07140874,-0.47591287,0.0859438,-0.09974958,-0.42694968,-0.20018047,-0.16806552,0.08082458,-0.21589187,-0.2002459,0.34382468,-0.8714972,0.4812408,-0.67003906,0.8357093,-0.15136874
120,4032,0.011720143,-0.6640055,0.1753393,-0.10979098,-0.4611817,-0.3987846,-0.006109327,0.15284577,-0.32965118,-0.10143933,0.38911122,-0.9964794,0.45403257,-0.68696165,0.9108407,-0.17168264
120,4043,0.36897826,0.82826555,0.57559407,-0.20813814,0.051220343,0.55713266,-1.0195372,-1.5213066,0.5985557,-1.6287472,-0.62601554,0.1338953,1.0478328,-0.07787835,-0.18501662,0.771033
120,4059,-1.1012347,0.08727108,-0.23609936,0.016112551,0.65687585,0.030289892,-0.6578872,0.65691257,0.39920962,-0.25556853,-0.5867648,-0.08840007,-0.5367541,-0.4561728,-0.77111036,-0.88772184
120,4066,-0.3123479,-0.020869702,0.06550802,-0.54229164,0.22599815,0.04624734,-0.004679501,0.46271476,-0.25367123,0.058977067,-0.0025736168,-0.20574602,0.15165675,0.03936802,-0.9023687,-0.25754145
120,4070,0.15194857,0.012999803,0.812141,-0.19308749,0.27536285,-0.8756919,-0.29333097,0.14263093,0.23613884,-0.05763599,-0.01482296,0.08301021,-0.7408634,0.7392247,0.34492576,0.3179125
120,4079,0.116464436,-0.555987,-0.97218126,0.49730784,0.31552595,-0.19671935,0.3863886,-0.4996303,-0.19322497,-0.5348479,-0.33255684,0.56614304,-0.24926102,-0.17682014,0.099145666,-0.29892635
120,4087,0.34330237,0.9591925,0.5455221,-0.1817357,0.05735548,0.68384117,-1.0666724,-1.60526,0.6719915,-1.6643753,-0.66374755,0.2436562,1.0521431,-0.01985237,-0.25582516,0.82278454
120,4090,0.4620551,-0.21485242,-0.4927765,0.3245713,-0.18986812,0.08248292,0.59736884,-0.31021628,-0.33554375,0.17413735,0.029316716,0.36548465,0.06979002,0.17497009,0.082091674,0.2144126
120,4097,0.04064946,-0.051962882,0.30046356,-0.8322333,0.059404507,0.029361546,0.25273243,0.49430802,-0.51449656,0.27846795,0.26667744,-0.3403341,0.4820366,0.18178007,-0.98281294,-0.038553942
120,4103,1.2882719,-0.0049324483,-0.9896272,-0.02106756,0.30648768,0.20053563,-0.06316012,0.555843,-0.18789604,0.29417628,-0.119789556,0.95645076,-0.1919811,-0.53844357,0.68906283,0.12105079
120,4104,0.1902313,-0.16164377,0.78140146,-0.52012324,0.3425526,-1.0353092,-0.5945873,0.32144907,0.13622345,-0.42541292,0.062304083,-0.18234631,-0.5205718,0.48491815,0.5454007,0.20387223
120,4117,-0.32421297,-0.020344913,0.010284558,-0.48804972,0.22131737,0.06853087,0.016397,0.38031498,-0.25455505,0.018720504,-0.02936618,-0.14239094,0.12886891,0.088064685,-0.9012303,-0.2291603
120,4127,-0.18669915,-0.57900035,-0.7690573,0.63392794,-0.24211478,0.07068905,0.56036246,-0.472417,-0.2482923,-0.16545361,0.066430144,0.057564646,0.12270975,-0.23356041,0.35383838,-0.25429365
120,4131,0.19931176,-0.13671893,0.85073584,-0.5185319,0.36234057,-1.07908,-0.6056785,0.32944134,0.17139246,-0.4037172,0.05217415,-0.15746084,-0.5873919,0.5533911,0.5510289,0.23546347
120,4138,0.7059999,-0.09765909,-0.9440468,0.26203722,0.041782767,0.2905478,0.08549627,0.27621806,-0.15319157,0.25239882,0.014520377,0.6722386,-0.118998684,-0.42687628,0.67351884,0.02765195
120,4140,-0.025692776,-0.40197456,-0.53065383,0.416205,-0.3041847,0.11049061,0.77105105,-0.6203764,-0.42795932,-0.046968035,0.10215926,0.16761078,0.21944626,0.3445657,-0.19526596,0.09470612
120,4157,0.14028618,0.031555846,0.80715364,-0.14844811,0.25063837,-0.8437698,-0.25508672,0.1213601,0.24437086,-0.008277051,-0.016499221,0.10045506,-0.7534619,0.7529459,0.3324356,0.32925946
120,4161,0.109950855,-0.16230486,0.6962491,-0.20761523,0.09617777,-0.833302,-0.2750147,0.16480848,0.10377483,-0.11677386,0.08560329,-0.20993981,-0.4656493,0.4109802,0.5379575,0.2224842
120,4164,-0.15487164,0.1604553,0.3665266,0.28536996,-0.23397559,-0.17532712,0.06151542,-0.07797843,0.20726223,0.37948677,0.09884414,0.04015115,-0.4817716,0.46942648,0.3493443,0.2921293
120,4177,0.08026479,-0.73580587,0.120329335,-0.046450093,-0.4648115,-0.40792775,0.15310639,0.110878,-0.40211788,-0.038938947,0.38475904,-0.9288908,0.450464,-0.6407567,0.84913546,-0.17321754
120,4187,0.11396505,-0.21786486,0.6511769,-0.25909787,0.11158942,-0.8484811,-0.3117837,0.18916559,0.06355618,-0.19423874,0.097686514,-0.2637221,-0.39666384,0.32622644,0.56450117,0.1759075
120,4188,-0.065798156,0.013009772,0.27346647,-0.81481755,0.11504345,0.07079169,0.16774201,0.51786804,-0.4542573,0.23904414,0.1970288,-0.29041398,0.40588087,0.20727503,-1.0570897,-0.06281777
120,4193,0.20984441,-0.3401139,-0.9414659,0.295573,0.7191259,-0.28376153,0.005347386,-0.19940534,-0.023325562,-0.6372301,-0.62227476,0.80584246,-0.54595894,-0.18653283,-0.1979513,-0.324194
120,4203,-0.1986152,0.021348879,0.114470676,-0.65305185,0.14948307,0.10399583,0.10631837,0.40121815,-0.37958142,0.11146586,0.0883462,-0.16828568,0.26787105,0.2349137,-1.0123732,-0.0898324
120,4209,-0.33014125,0.13038926,0.22847606,-0.80744326,0.23288883,0.116072915,-0.07777931,0.6760742,-0.3140088,0.17064881,0.07930185,-0.27043062,0.22873434,0.19504589,-1.1644076,-0.18568283
120,4213,-0.31461903,-0.002928272,0.019075677,-0.529266,0.22186323,0.08859443,0.035654113,0.37511423,-0.28367677,0.021085355,-0.021568224,-0.123325616,0.14920413,0.1489796,-0.97176653,-0.19625938
120,4218,-0.6957555,0.5648,-0.23797655,0.6867641,-0.5904951,0.7611714,-0.014304861,-0.08434186,0.3833161,0.69099796,0.26124907,0.1896552,-0.41066152,0.28018138,0.4684025,0.21440148
120,4228,0.14500687,-0.29471493,-0.20367514,-0.2803753,-0.12365404,0.058347546,0.68554723,-0.2931082,-0.6543321,0.015901055,0.16977665,0.074505985,0.40440398,0.5345305,-0.7723413,0.17106566
120,4237,-0.001765728,-0.014819518,0.33728236,-0.85862076,0.09582649,0.035644844,0.19068743,0.56662136,-0.47333056,0.29213324,0.2448394,-0.36194342,0.45933384,0.14571857,-1.0166056,-0.07313929
120,4257,0.11396505,-0.21786486,0.6511769,-0.25909787,0.11158942,-0.8484811,-0.3117837,0.18916559,0.06355618,-0.19423875,0.097686514,-0.2637221,-0.39666384,0.32622644,0.56450117,0.1759075
120,4259,0.14100873,0.27587616,0.3152823,-0.17219177,-0.15097722,0.26205406,-0.69758666,-0.80529195,0.24459855,-1.0321729,-0.19580117,-0.30497807,0.82085186,-0.3543667,0.26438487,0.34655848
120,4264,0.44387013,0.30114704,0.8585635,0.681157,0.24963684,0.20765555,0.47005948,-0.10922384,0.7660589,0.90176386,-0.6161845,-0.22634195,0.24349424,-1.2055771,-0.30074817,-0.42198867
120,4265,0.3003002,-0.45801842,-1.0668895,0.39863548,0.89111674,-0.45424473,-0.16163498,-0.102289066,0.11120342,-0.77101415,-0.75120306,0.8349795,-0.723647,-0.5460743,0.12369281,-0.51257217
120,4283,-0.027266271,-0.54356015,-0.46110073,0.4741273,-0.39677936,0.01016112,0.64873433,-0.41268203,-0.35850447,0.011398539,0.20926026,-0.14411879,0.27613991,-0.104059815,0.29376185,-0.09608264
120,4311,-0.12176144,-0.17457202,0.0242147,-0.100269556,-0.36499068,0.079075135,-0.40547633,-0.13592447,-0.0423218,-0.43095148,0.22158593,-0.6636339,0.57708937,-0.5972342,0.6759609,-0.046657182
120,4323,0.19009784,-0.33428156,-0.15931928,-0.07052469,-0.2924883,0.016346104,0.7090567,-0.37445453,-0.6090734,0.063171834,0.21481773,-0.022600316,0.39449453,0.47803238,-0.4526863,0.22153056
120,4325,-0.38014725,0.029371351,0.25804192,0.36612785,0.39089823,-0.0026192442,-0.0799866,0.36081034,0.5075204,0.3461619,-0.46488443,-0.27633703,-0.16137752,-0.92426693,-0.29633886,-0.7588611
120,4331,-0.17418024,0.029171199,0.16923662,-0.7307441,0.15997536,0.09979298,0.11622798,0.45862892,-0.40420696,0.1460114,0.11103104,-0.20140523,0.30756953,0.24126339,-1.0817566,-0.08929348
120,4334,0.4620551,-0.21485242,-0.4927765,0.3245713,-0.18986812,0.08248292,0.59736884,-0.31021628,-0.33554375,0.17413735,0.029316716,0.36548465,0.06979002,0.17497009,0.082091674,0.2144126
120,4345,-0.14052668,0.33876652,0.4581408,0.43413788,-0.27606374,-0.11575503,0.21644312,-0.23167616,0.30260324,0.53977764,0.016491197,0.263313,-0.6602915,0.81105566,0.15713346,0.46844673
120,4347,-0.0067012757,-0.06022945,0.17674588,-0.721148,0.055424854,0.06117873,0.2782772,0.35611716,-0.508682,0.19404462,0.21331035,-0.22794606,0.42182067,0.26260388,-0.9749095,-0.010908455
120,4349,0.062753886,-0.7265103,0.21953456,-0.12941879,-0.4559033,-0.4765902,0.048315518,0.16215658,-0.37259042,-0.08462733,0.39010555,-1.0311266,0.45540828,-0.6826178,0.9063661,-0.17047241
