window_id,vehicle_id,z_0,z_1,z_2,z_3,z_4,z_5,z_6,z_7,z_8,z_9,z_10,z_11,z_12,z_13,z_14,z_15
33,2870,0.43667358,-0.12501606,0.24758808,-0.71679556,-0.83780634,-0.7033184,0.22049475,-0.10706881,-1.1888549,0.9326711,-0.8551294,-0.2553255,-0.021529712,-0.09662497,0.04258613,-1.01559
33,3829,-0.3056386,0.43853587,0.23857902,-0.34799495,0.16197093,0.08603535,-0.30539167,-0.36119446,-0.16285591,0.5877372,0.008047894,-1.1687531,-0.35942745,-0.7776837,0.5902619,0.9713004
33,2717,0.4596892,-0.13869628,0.25923997,-0.7430929,-0.86190695,-0.72927266,0.22288989,-0.12002346,-1.2149723,0.9708739,-0.8845961,-0.24939415,-0.021990426,-0.07594563,0.0416592,-1.0540602
33,3722,-0.09174371,0.30961233,0.37675405,0.18609029,0.1437018,-0.15051004,-0.17359082,-1.5053389,0.57595116,1.2637503,0.2417689,-1.0572569,0.012763858,0.3501376,0.6291803,1.355459
33,1791,-0.30563864,0.43853587,0.23857902,-0.3479949,0.16197093,0.086035356,-0.30539173,-0.3611944,-0.1628559,0.5877372,0.008047897,-1.1687533,-0.3594274,-0.77768373,0.5902619,0.9713004
33,135,0.4596892,-0.13869631,0.25923997,-0.7430929,-0.86190695,-0.72927266,0.22288989,-0.12002346,-1.2149724,0.9708738,-0.8845961,-0.24939415,-0.021990418,-0.075945646,0.0416592,-1.0540602
33,2078,-0.30563867,0.43853587,0.23857899,-0.3479949,0.16197094,0.086035356,-0.30539173,-0.36119434,-0.16285591,0.5877372,0.008047897,-1.1687533,-0.3594274,-0.77768373,0.5902618,0.9713004
33,940,-0.08014667,0.29021418,0.38561493,0.21339172,0.109813645,-0.17229566,-0.1462711,-1.487945,0.58355916,1.2394989,0.24536492,-1.0250311,0.019133206,0.3500808,0.5814882,1.3421016
33,2374,0.4596892,-0.13869628,0.25923997,-0.7430929,-0.86190695,-0.72927254,0.2228899,-0.12002343,-1.2149723,0.9708739,-0.88459605,-0.24939415,-0.021990426,-0.075945646,0.0416592,-1.0540602
33,2787,-0.3097812,0.44921976,0.23883347,-0.34435064,0.15173577,0.082554236,-0.29800522,-0.36179742,-0.17616165,0.5938797,0.0062948875,-1.181034,-0.36052293,-0.7881874,0.58841324,0.9795005
33,3243,0.4596892,-0.13869634,0.25923997,-0.7430929,-0.861907,-0.7292726,0.22288989,-0.12002346,-1.2149725,0.9708738,-0.8845961,-0.24939415,-0.021990426,-0.07594563,0.0416592,-1.0540601
33,1893,-0.080323696,0.29855925,0.38093477,0.20130771,0.121775374,-0.16663527,-0.15948565,-1.5098187,0.5915592,1.2654543,0.2414175,-1.0576742,0.025649395,0.3490885,0.6138532,1.3712925
33,322,0.43667358,-0.12501606,0.24758808,-0.71679556,-0.8378064,-0.70331836,0.22049475,-0.10706881,-1.1888549,0.9326711,-0.8551296,-0.2553255,-0.021529712,-0.09662497,0.04258613,-1.01559
33,335,-0.09174371,0.3096123,0.376754,0.18609029,0.1437018,-0.15051004,-0.1735908,-1.5053385,0.5759513,1.2637503,0.2417689,-1.0572569,0.012763858,0.3501377,0.6291803,1.3554589
33,3343,-0.24673328,0.23635328,0.47061902,-0.23941764,-0.24781439,0.009677675,0.10149589,-0.2504257,-0.7240826,0.3867138,-0.1201525,-0.11312516,-0.5537257,-0.104633614,-0.053831223,-0.4304013
33,13,-0.19916551,0.2738932,0.6182809,-0.2606863,-0.3447855,0.12639493,0.23298296,-0.22196242,-0.66631997,0.09170741,0.06611785,-0.02348964,-0.6124712,-0.055966362,-0.11538175,-0.31459054
33,17,0.02833455,0.16880405,0.37038356,0.24996024,-0.047235534,-0.21276906,-0.023440316,-1.2363306,0.57073295,0.96519524,0.23688795,-0.7906868,0.11680703,0.321419,0.36936322,1.18164
33,26,-0.14772338,0.4986928,-0.37135732,0.24217804,-0.33092558,-0.02294477,0.48418933,0.5578923,-0.54084396,-0.51575553,0.022432614,-0.39653164,0.14008278,-0.7884337,-0.11746666,0.21036217
33,29,-0.3170824,0.38292846,0.06579003,-0.23470658,0.27721804,0.11420565,-0.30601817,-0.19904214,-0.122490406,0.45303917,-0.018448513,-0.95570874,-0.2921949,-0.7228322,0.48534662,0.7676495
33,50,0.29973435,0.05544129,-0.20754036,0.2647362,-0.6472516,-0.24841604,0.5350397,0.21524934,-0.08345927,-0.25135258,-0.030612085,-0.33153537,0.6364124,-0.37954387,-0.083854005,0.3726299
33,53,-0.30426568,0.47226527,0.19163121,-0.28123283,0.07895544,0.06019077,-0.21058144,-0.29740834,-0.24711208,0.5246282,-0.0012877584,-1.1332743,-0.31438392,-0.7943146,0.523306,0.90763503
33,68,0.5528007,-0.3536316,0.067786425,-0.31115004,-0.05036857,0.15585175,-0.0267632,-0.15617949,0.520844,-0.30774948,-0.0004048422,0.35295618,0.8443057,0.7270223,0.2186205,0.07670032
33,70,-0.42570603,0.016796336,0.25550103,0.14430696,0.39014435,0.102123685,-0.29650766,-0.30399203,-0.028367653,0.35188836,0.0053075217,0.34572625,-0.7485428,0.25722134,-0.19923858,-0.47059095
33,74,-0.31087857,-0.041763768,0.35916102,0.09930302,0.3475508,0.16087675,-0.24266161,-0.3758522,0.071059465,0.25897723,0.082400985,0.52561325,-0.7732937,0.5287611,-0.23224844,-0.52718866
33,81,-0.22028871,0.25909618,-0.86141384,-0.27747214,0.9453897,0.3894521,-0.33367056,0.13124819,-0.30614796,0.2677459,-0.25290453,0.027068093,0.5678819,0.45772702,0.76245636,-0.65436745
33,90,-0.20213825,0.26899257,0.54787457,-0.2698862,-0.33275455,0.064199366,0.19579723,-0.2396087,-0.73967993,0.24614453,-0.03796136,-0.08769685,-0.5528402,-0.07159841,-0.066859275,-0.38808233
33,91,-0.5533318,-0.1625422,0.059618324,0.45843044,0.9086323,0.18228166,-0.59896445,-0.32318106,0.54765975,0.28376025,0.11937092,0.7332942,-0.86920977,0.5670121,-0.31343144,-0.49746263
33,96,0.6820018,-0.60956466,0.30590653,-0.15176427,-0.3147593,-0.03145635,0.028950691,-0.23029819,0.81016856,-0.30171,0.08798691,0.39996105,0.78108466,0.6771416,-0.042272527,0.30722022
33,108,-0.31708243,0.38292846,0.06579003,-0.23470658,0.2772181,0.11420566,-0.30601817,-0.19904214,-0.12249042,0.4530391,-0.018448506,-0.9557087,-0.29219496,-0.7228322,0.48534667,0.7676494
33,112,-0.22009856,0.26439723,-0.8797455,-0.28198287,0.96211857,0.39525303,-0.33590746,0.13755478,-0.30896634,0.262654,-0.25798273,0.04044631,0.5794579,0.47199166,0.76758987,-0.66908824
33,113,-0.35468477,0.119418904,0.4790758,0.2554623,0.14359985,0.37941942,0.044715285,0.016994178,0.25486696,-0.67078316,0.5420431,0.4432094,-0.80804145,0.0002092272,-0.40889266,0.122191645
33,123,-0.3108786,-0.041763783,0.35916102,0.09930302,0.3475508,0.16087675,-0.24266164,-0.3758522,0.071059465,0.25897726,0.08240098,0.52561325,-0.7732937,0.52876115,-0.23224844,-0.5271886
33,129,0.5457215,-0.35618803,0.07965571,-0.21222994,-0.172382,0.07633993,0.05535446,-0.093214154,0.49852663,-0.33319968,0.019219302,0.29939318,0.79678416,0.57032114,0.11430237,0.14456186
33,137,0.07247461,-0.34179875,0.0780832,-0.2948843,-0.18471639,-0.4250804,-0.22599937,0.19105715,-0.27752987,0.5536467,-0.40404308,-0.19587052,-0.24732687,-0.4321165,-0.04949585,-0.2979166
33,140,-0.27547398,0.12359435,0.5807837,0.03752712,6.697327e-05,0.30074868,0.06936183,-0.15869534,-0.0037244707,-0.34444177,0.3800362,0.3566742,-0.788794,0.13332216,-0.3092329,-0.10387758
33,144,-0.080323696,0.29855925,0.38093477,0.20130771,0.12177539,-0.16663527,-0.15948562,-1.5098187,0.5915592,1.2654543,0.2414175,-1.0576742,0.025649406,0.3490885,0.61385316,1.3712925
33,148,0.052795507,0.14596426,0.3706209,0.25078988,-0.07594989,-0.22185001,-0.0074357986,-1.2066537,0.5807649,0.9312219,0.23487578,-0.7682607,0.13947386,0.314915,0.34679723,1.1780955
33,174,0.050204642,0.31924665,-0.3720352,0.23291694,-0.37943465,-0.13848886,0.42181885,0.1405494,-0.36009467,-0.01225023,-0.09182666,-0.5584107,0.4980203,-0.45592904,0.1346892,0.27100828
33,186,0.06639173,0.07350575,0.66459507,-0.3543308,-0.3803872,0.063642204,0.2366673,-0.36659452,-0.5668554,0.2162719,-0.00017030165,0.29101288,-0.5520519,0.516146,-0.12675007,-0.6523971
33,192,-0.1191836,0.4857402,-0.40001225,0.25454703,-0.32096213,-0.011582665,0.5059438,0.60760826,-0.5036342,-0.60520226,0.043202486,-0.32495317,0.16367377,-0.7526874,-0.14364913,0.18254781
33,198,-0.06486644,0.46398905,-0.51634187,0.28247428,-0.23774923,0.021264281,0.5303949,0.72605217,-0.4219712,-0.7861047,0.06750092,-0.14146698,0.23753022,-0.64872324,-0.18776363,0.07856836
33,219,0.56700605,-0.45155218,0.19478457,0.0018270463,-0.45048463,-0.1110009,0.19760668,-0.014759973,0.56208974,-0.37852347,0.08986177,0.24173014,0.6695331,0.29888982,-0.15260611,0.32073995
33,220,-0.1191836,0.48574027,-0.40001225,0.25454706,-0.32096213,-0.011582673,0.5059438,0.6076082,-0.50363415,-0.60520226,0.043202486,-0.3249532,0.16367376,-0.75268745,-0.14364918,0.18254784
33,222,0.06776,0.07654978,0.55216175,-0.376474,-0.3877927,-0.068437435,0.18843323,-0.39979854,-0.72759473,0.4923994,-0.18489875,0.1609525,-0.46080256,0.4692933,-0.061480377,-0.7780392
33,236,-0.47565636,-0.12902161,0.19964238,0.31668648,0.7175751,0.17683208,-0.48644727,-0.37279198,0.378186,0.30812025,0.103034325,0.6876862,-0.88048166,0.5877581,-0.29667062,-0.5332974
33,238,-0.17714657,0.51383734,-0.33508196,0.2251354,-0.33981866,-0.035294257,0.4564765,0.4946939,-0.5782742,-0.40712148,-0.0015029944,-0.47866905,0.114186466,-0.8210747,-0.08367227,0.24501142
33,239,-0.26510188,0.12761617,0.56606126,0.029013269,-0.01591508,0.2873626,0.07621869,-0.15644851,-0.031287953,-0.32237023,0.35940582,0.33213788,-0.76040596,0.12505724,-0.29313633,-0.11467775
33,251,-0.451863,-0.022053853,0.19336067,0.21815455,0.49878567,0.11045182,-0.36439562,-0.29532698,0.09484574,0.33836985,0.021083277,0.40560567,-0.7549689,0.29606992,-0.21693315,-0.46404418
33,253,-0.23702133,0.30367303,-0.06320059,0.2653258,-0.06567496,0.1609183,0.27032337,0.44515535,-0.19184342,-0.6698491,0.23477687,-0.00073966384,-0.262141,-0.5138131,-0.26566365,0.17170444
33,256,-0.3161544,0.20403478,0.4933985,0.17288142,-0.0875808,0.30753845,0.16289182,0.07804561,0.013060451,-0.6375618,0.46638232,0.1923246,-0.68958807,-0.2268777,-0.34051257,0.19767767
33,260,-0.25663906,0.14522678,0.5968195,-0.020494863,-0.06829187,0.26349574,0.0917927,-0.18952695,-0.12926495,-0.23640463,0.3130188,0.28795612,-0.7620889,0.12068038,-0.2707392,-0.16056764
33,261,-0.31738368,0.42915112,0.15191679,-0.29405123,0.2208694,0.093950614,-0.306216,-0.29343128,-0.15152061,0.53925216,-0.0055048205,-1.0820795,-0.33421755,-0.7552343,0.54768145,0.8893198
33,272,-0.25887236,0.56984013,-0.09363565,0.04445026,-0.291471,-0.059174053,0.24705131,0.10479967,-0.5862485,0.08355892,-0.028249364,-0.86120075,-0.059352368,-0.8558539,0.17483217,0.5350104
33,273,0.15278372,-1.0650653,-0.19091454,-0.117414206,0.13224769,-0.91281796,-0.7887189,0.45111278,0.38663852,0.9348207,-0.66107327,0.19573392,-0.4177515,-0.3990323,-0.3261674,-0.4937841
33,292,-0.21832396,0.23900971,0.62200195,-0.20025113,-0.2637524,0.1679725,0.19162676,-0.21896657,-0.5186965,0.0040335506,0.13575399,0.07103212,-0.66749245,-0.0018520355,-0.16201523,-0.2755086
33,315,0.5661454,-0.48463735,0.24132742,0.08118919,-0.5458852,-0.17606795,0.24456815,0.015447274,0.5812471,-0.39647686,0.11931169,0.22328274,0.6075683,0.19614123,-0.25259528,0.37789208
33,316,0.5899358,-0.4297664,0.14486645,-0.117266566,-0.3250221,-0.021460809,0.1293954,-0.05832608,0.56398034,-0.36700368,0.053373124,0.29130077,0.7702455,0.4633615,-0.022127952,0.24782276
33,327,-0.27052516,0.55206156,-0.04031921,-0.01347588,-0.20954122,-0.03286594,0.15721825,0.01841551,-0.52266276,0.1712409,-0.021621812,-0.89515966,-0.109532475,-0.81963575,0.2400086,0.5838461
33,330,0.56130666,-0.35535935,0.06569943,-0.27560377,-0.10801083,0.12209086,0.015376523,-0.12167123,0.5118717,-0.32796925,0.0044171438,0.33443373,0.84400165,0.6640789,0.17686696,0.10795402
33,331,0.6654058,-0.6313491,0.3493055,-0.11188391,-0.3360864,-0.05910697,0.020444646,-0.2717221,0.83785933,-0.25941232,0.1034314,0.37799948,0.72596025,0.6587146,-0.07185899,0.33563724
33,333,0.13315833,-0.8489158,-0.14368807,-0.09492792,0.05867918,-0.78745794,-0.617931,0.32146856,0.20944518,0.8339816,-0.5949997,0.18110456,-0.36676466,-0.26024416,-0.2848762,-0.55668676
33,334,-0.36129102,0.11418628,0.4831401,0.15676652,0.17612632,0.33861718,-0.014952213,-0.12769914,0.141303,-0.38961506,0.4230844,0.4091915,-0.817628,0.110226944,-0.33734056,-0.046272915
33,344,0.57874995,-0.48979864,0.23875757,0.06535858,-0.537125,-0.1688292,0.23779652,0.004671216,0.59230906,-0.3935629,0.11427644,0.23167683,0.63045245,0.22383504,-0.23734687,0.3766731
33,351,0.17778397,-0.60799885,-0.042828694,-0.17583019,-0.119596645,-0.7060251,-0.38685787,0.13182938,-0.122354254,0.8240927,-0.6085955,0.14528747,-0.29747838,-0.07125756,-0.21665166,-0.7297037
33,353,0.6138065,-0.53669477,0.28502417,0.20686403,-0.75525796,-0.30152637,0.37194407,0.10196281,0.6087268,-0.45964783,0.15362567,0.1881982,0.5879004,0.011422649,-0.42014375,0.503073
33,359,-0.11618967,0.48973873,-0.41436338,0.25763667,-0.31696275,-0.009830043,0.512764,0.62405694,-0.50231075,-0.6243113,0.0440791,-0.3135392,0.17059429,-0.752851,-0.14937419,0.17842045
33,361,0.4174831,-0.1205219,-0.06794542,-0.56834733,0.32433754,0.3823455,-0.21179913,-0.39112654,0.3214736,-0.07381453,-0.106197745,0.28828108,0.9005565,1.0331622,0.65043503,-0.16465633
33,365,-0.2963656,0.10693307,-0.16728356,0.16824584,0.1951537,0.11101839,-0.06348927,0.36803547,-0.06530778,-0.21747278,0.061498396,-0.17163938,-0.26272684,-0.58573717,-0.062048484,0.17469007
33,374,-0.44293168,0.19114128,-0.13965003,0.25421572,0.3168518,0.14350477,-0.10716285,0.23059419,-0.1292296,-0.09064762,0.07231616,-0.08530162,-0.3886358,-0.4616183,-0.11922245,0.030434996
33,389,0.57906,-0.44506285,0.16710629,-0.20467547,-0.18381914,0.057275545,0.014031723,-0.17121288,0.61540806,-0.29916295,0.0434066,0.3402539,0.77479285,0.64272654,0.081618264,0.18349695
33,398,-0.22522967,0.22794127,-0.87306094,-0.27557418,1.0127064,0.41287768,-0.35909647,0.16590536,-0.25532722,0.19506648,-0.2368757,0.16625012,0.54942846,0.5577738,0.723294,-0.7407165
33,408,-0.2867133,0.52708805,0.04740061,-0.11264667,-0.10070084,0.0023666471,0.02018401,-0.10316804,-0.4242424,0.307832,-0.014186379,-0.9860268,-0.18896596,-0.81035155,0.34607193,0.7046571
33,420,-0.41548565,0.28102422,0.05337055,0.24938202,0.123436764,0.18605688,0.05339943,0.1771797,-0.19891176,-0.2769344,0.18880086,-0.035200477,-0.45378304,-0.40959087,-0.20654725,0.062311657
33,425,0.6612189,-0.55993557,0.27209318,-0.30163231,-0.11465834,0.08937035,-0.09885542,-0.3789061,0.8011356,-0.19146717,0.041905113,0.42156965,0.8448217,0.913321,0.16716303,0.20202667
33,440,0.51423347,-0.22604081,-0.007357195,-0.6128198,0.3142084,0.37901,-0.24672507,-0.46498957,0.4675032,-0.06634095,-0.102385044,0.3631571,0.98815024,1.1757323,0.6542586,-0.12033132
33,445,0.09039194,0.29117602,-0.3618365,0.25436324,-0.4483174,-0.17348924,0.46437097,0.16566639,-0.33507785,-0.04464513,-0.08738391,-0.5514832,0.5303317,-0.4824696,0.09288919,0.30907467
33,447,0.5142335,-0.22604081,-0.007357195,-0.6128199,0.3142084,0.37901002,-0.24672507,-0.4649895,0.46750313,-0.06634094,-0.102385044,0.36315715,0.9881503,1.1757321,0.6542586,-0.12033132
33,449,0.009379774,0.07448689,0.6317827,-0.29163298,-0.29792562,0.09237704,0.18737233,-0.35641226,-0.48538107,0.1881648,0.02954092,0.30054128,-0.58045954,0.48297757,-0.13843617,-0.60012335
33,468,-0.11918359,0.4857402,-0.40001225,0.25454703,-0.32096213,-0.011582665,0.5059437,0.60760826,-0.5036342,-0.6052023,0.043202486,-0.32495317,0.16367377,-0.75268745,-0.14364915,0.18254784
33,472,0.271822,0.07732338,-0.22039844,0.22883126,-0.57289135,-0.20483491,0.48991793,0.19351363,-0.10100335,-0.23424108,-0.03715289,-0.31893128,0.6225089,-0.32933265,-0.03455877,0.32299936
33,473,0.68518853,-0.6496074,0.35831732,-0.12915933,-0.32857394,-0.05377569,0.0077720284,-0.29435518,0.8666144,-0.2519569,0.100916564,0.39340413,0.7501001,0.70020324,-0.05905849,0.3399984
33,482,0.14164972,-1.5144615,-0.38434964,-0.15019187,0.40358514,-1.0251852,-1.1797304,0.95233166,0.965638,0.86233836,-0.62151545,0.001512304,-0.40310025,-1.0659622,-0.2960607,0.11591398
33,490,-0.22070646,0.23846397,-0.8919039,-0.25345576,1.0079534,0.40806803,-0.33668756,0.19317074,-0.2537049,0.14745697,-0.23496465,0.20200811,0.55228084,0.55829287,0.68720436,-0.7522412
33,505,-0.46921396,-0.03670302,0.1885203,0.23851869,0.542667,0.11603325,-0.39403468,-0.30421105,0.13397634,0.34719837,0.027004842,0.4395216,-0.78183144,0.32114917,-0.2297825,-0.47331432
33,513,-0.18288635,0.276489,0.5795835,-0.2783237,-0.36276937,0.09131499,0.2344875,-0.22473717,-0.7264342,0.16560543,0.008070145,-0.06771459,-0.55638003,-0.062475786,-0.079943925,-0.3565049
33,520,0.45968914,-0.13869631,0.25923997,-0.7430929,-0.86190695,-0.72927266,0.22288989,-0.12002346,-1.2149725,0.9708738,-0.8845961,-0.24939415,-0.021990411,-0.07594563,0.0416592,-1.0540601
33,533,-0.20897767,0.5313691,-0.23899212,0.16140047,-0.3333786,-0.049726658,0.37990302,0.3382972,-0.59322685,-0.20581341,-0.0177777,-0.6273997,0.051953897,-0.8289654,0.01278691,0.34249827
33,535,-0.37879187,0.10126214,0.47990972,0.19142112,0.2267677,0.36152193,-0.036178738,-0.12083298,0.2087045,-0.43317494,0.45713112,0.46122187,-0.8488494,0.13193528,-0.3626925,-0.030075382
33,538,-0.37436435,-0.005184889,-0.34464747,0.14411345,0.47088653,0.080733985,-0.31396878,0.3750182,0.026744843,0.084190995,-0.07849622,-0.25179088,-0.26379353,-0.65835816,0.058400817,0.15347669
33,547,-0.56490904,-0.1697649,0.064296916,0.46891478,0.9365366,0.19034669,-0.6160904,-0.33404326,0.5724838,0.2871395,0.1271149,0.7610036,-0.89379454,0.58996487,-0.32369557,-0.5049083
33,553,0.28327823,0.007766038,-0.13427147,0.35099736,-0.73303276,-0.30857953,0.56923074,0.26007244,-0.053022772,-0.2914949,0.016523076,-0.32380366,0.5258107,-0.490667,-0.21489055,0.41709775
33,554,-0.36796054,0.08854042,0.32825524,0.02172026,0.18375705,0.07655372,-0.16624437,-0.2877954,-0.24958488,0.35724473,-0.029902052,0.20066126,-0.68835694,0.14367773,-0.153718,-0.45503494
33,560,-0.30074477,0.3459151,-0.13007298,0.005236715,0.25913286,0.13271919,-0.117929086,0.113663934,-0.13576871,0.0210585,0.030968603,-0.52244186,-0.2224494,-0.61490446,0.18763678,0.4403786
33,564,0.12620127,0.24155532,-0.27779606,0.30754843,-0.57334435,-0.22696045,0.5249819,0.18731196,-0.28288597,-0.11647982,-0.047721695,-0.52786404,0.49875844,-0.52878827,-0.009769928,0.3722178
33,573,0.20141882,0.23106948,-0.3752874,0.059405558,-0.31012028,-0.05132311,0.3677736,0.10713576,-0.22031814,-0.12788963,-0.107782036,-0.36607948,0.7098449,-0.15413825,0.24957412,0.20130116
33,583,-0.36129102,0.11418628,0.4831401,0.15676652,0.17612632,0.33861718,-0.014952198,-0.12769914,0.14130297,-0.38961506,0.42308444,0.4091915,-0.8176281,0.110226974,-0.33734053,-0.04627291
33,591,-0.16889757,0.34881967,-0.90052295,-0.07435663,0.755332,0.3141392,-0.09249176,0.3410802,-0.30676338,-0.15729913,-0.1954857,0.21691422,0.51753944,0.30818707,0.41123012,-0.6243964
33,595,-0.11579069,0.43818766,-0.8266747,0.14765315,0.3111232,0.14858752,0.22279674,0.58409166,-0.38178527,-0.48087466,-0.10960373,0.053415895,0.43534923,-0.19907403,0.09956989,-0.3176464
33,599,-0.2108585,0.3057189,-0.08529926,0.28630227,-0.08210604,0.15907672,0.30068228,0.45046076,-0.18935595,-0.7090739,0.24342002,0.03804241,-0.21764092,-0.458964,-0.2735257,0.12929252
33,600,0.26085413,0.082053706,-0.21960422,0.22298342,-0.5534794,-0.19454211,0.47661692,0.18642253,-0.10485138,-0.22802317,-0.036696184,-0.31645927,0.6104328,-0.319525,-0.025329333,0.3102293
33,625,-0.56519055,-0.15319279,0.06881298,0.42371485,0.86900795,0.14534587,-0.6020339,-0.3175637,0.4753744,0.34578073,0.0735649,0.6627472,-0.87876695,0.47687066,-0.3046265,-0.4957626
33,634,-0.14913121,0.4152599,-0.92793715,0.04152239,0.5915714,0.24259806,0.059140928,0.4825457,-0.3459887,-0.33217233,-0.1727093,0.16778667,0.50045097,0.072204486,0.25892258,-0.5020867
33,640,0.6182909,-0.49819484,0.207319,-0.19812912,-0.21908239,0.034707468,0.015503526,-0.19281512,0.6806077,-0.3009653,0.054242175,0.3646822,0.79054534,0.66836333,0.051754564,0.21987683
33,642,0.023932733,0.18678695,0.37587726,0.2220503,-0.013259023,-0.2020008,-0.061837047,-1.3072369,0.6021138,1.036546,0.23703443,-0.8662101,0.11610082,0.32986248,0.44458947,1.2598352
33,649,-0.15986206,0.39860994,-0.93438137,-0.0033006817,0.6738726,0.27469778,-0.0006494969,0.4270496,-0.3326605,-0.2658511,-0.18842179,0.19766526,0.5124089,0.17188732,0.31985104,-0.5596713
33,654,-0.1360739,0.05141504,0.5026162,-0.10265887,-0.026484568,0.15961985,0.025899746,-0.33585396,-0.2233519,0.13563901,0.09537859,0.36487693,-0.6422693,0.4472589,-0.17134549,-0.48963833
33,660,0.5815817,-0.50714326,0.2629754,0.12762982,-0.6185562,-0.22260097,0.28437793,0.032756753,0.59775126,-0.40679565,0.13164127,0.20732601,0.59688795,0.1368028,-0.30987483,0.4257296
33,677,-0.08942948,0.47207883,-0.45459694,0.26891214,-0.28193957,0.006193109,0.5207389,0.66898334,-0.45739573,-0.7043742,0.059533697,-0.22778308,0.19902186,-0.69712377,-0.16924405,0.13160896
33,678,-0.06812258,0.050957352,0.5863691,-0.19142574,-0.141621,0.13928503,0.09085739,-0.36166587,-0.31984207,0.1561442,0.0770272,0.3671072,-0.64424443,0.49630505,-0.16887146,-0.5473743
33,681,-0.30096835,0.1272972,0.5573615,0.06546387,0.037749194,0.3088664,0.051556744,-0.14878806,0.022139639,-0.3540131,0.3892307,0.35652536,-0.79568464,0.11136179,-0.3143894,-0.08274381
33,685,-0.47341865,0.08429979,-0.27185443,0.22716834,0.49283475,0.11441459,-0.277987,0.2777654,-0.03996621,0.084996045,-0.02236342,-0.14798138,-0.37695712,-0.54823667,-0.03451563,0.05051858
33,689,-0.5574806,-0.13977244,0.08072004,0.4041735,0.83416426,0.14087722,-0.5815576,-0.3150865,0.43619365,0.34889972,0.066890955,0.6338194,-0.86957484,0.45289695,-0.29628748,-0.49138522
33,702,0.57136714,-0.37031224,0.07912059,-0.24419752,-0.15597507,0.09121321,0.041928872,-0.1088188,0.5228167,-0.3356759,0.012473252,0.32385296,0.8370464,0.62391347,0.13810933,0.13970596
33,722,-0.07442306,0.34681296,-0.6054378,-0.0006710887,0.1752633,0.092216924,0.109205924,0.12072597,-0.4011222,0.14869225,-0.18175547,-0.40604222,0.5456916,-0.1326214,0.45319074,-0.08675229
33,736,-0.56844705,-0.16420022,0.059639633,0.44975913,0.9086587,0.16415566,-0.6154384,-0.3220513,0.52788633,0.3209054,0.09646468,0.708697,-0.8850956,0.52542937,-0.31415424,-0.4982998
33,739,-0.3028594,0.123442754,0.5804898,0.060293406,0.038916856,0.31622863,0.049853332,-0.15932956,0.030677646,-0.35899004,0.39952752,0.37678283,-0.8213512,0.1285068,-0.32529932,-0.08663845
33,741,0.57932705,-0.35024247,0.0415107,-0.36366823,-0.013359696,0.18857622,-0.042064354,-0.1588732,0.52601004,-0.3206678,-0.017338242,0.38109434,0.9088906,0.7931036,0.26651162,0.053765967
33,760,-0.24629727,0.25187922,-0.039886408,0.22276986,-0.03932129,0.15563434,0.20296422,0.4303548,-0.1596202,-0.5881368,0.2128581,-0.05770792,-0.2891646,-0.55989754,-0.2247443,0.21415949
33,762,-0.32107493,0.17153053,0.4467278,-0.13492191,-0.033749722,0.05149742,-0.032310426,-0.29922348,-0.5168539,0.4006104,-0.0756398,0.06488635,-0.6738257,0.041289642,-0.11423029,-0.46880174
33,771,-0.33488068,0.2325123,0.46175528,0.1680133,-0.09206088,0.29152992,0.16704996,0.0889695,-0.048370868,-0.5921063,0.43174368,0.13590018,-0.67129594,-0.28182626,-0.32452396,0.19841895
33,773,-0.56519055,-0.15319276,0.06881297,0.42371488,0.86900795,0.14534587,-0.602034,-0.31756374,0.47537434,0.34578067,0.0735649,0.66274714,-0.87876695,0.47687066,-0.3046265,-0.4957626
33,779,-0.4914132,-0.17832887,-0.60950994,0.14739081,0.8716275,0.03196652,-0.6717203,0.39372963,0.17226133,0.49983948,-0.2665605,-0.32408136,-0.26301712,-0.72727585,0.20642325,0.0857274
33,785,-0.40606594,0.045151696,0.28940552,0.09564251,0.3133021,0.09487957,-0.24758114,-0.30268428,-0.11407538,0.35652423,-0.0068561323,0.2952727,-0.7331755,0.2194886,-0.18343529,-0.46826422
33,788,-0.18288636,0.276489,0.57958347,-0.27832368,-0.36276937,0.09131499,0.2344875,-0.22473723,-0.7264341,0.1656054,0.008070145,-0.06771459,-0.55638003,-0.062475786,-0.079943925,-0.3565049
33,794,0.26104367,0.099409536,-0.24473852,0.20590848,-0.5357531,-0.18280727,0.47391337,0.18458194,-0.121993765,-0.22213638,-0.048532266,-0.32134926,0.6360357,-0.3030204,0.0037214868,0.29760233
33,805,0.074561454,0.072203785,0.67040986,-0.38499466,-0.39914757,0.02812166,0.23047477,-0.3980529,-0.6307487,0.31017756,-0.05291253,0.27328813,-0.55279624,0.53496724,-0.114936486,-0.71141744
33,807,0.5269601,-0.3803284,0.14314695,0.15604208,-0.63990796,-0.22302568,0.36780915,0.15909122,0.42702776,-0.4563884,0.104962684,0.1261584,0.60391116,-0.019472256,-0.3002839,0.3959269
33,815,0.53767985,-0.32392135,0.04197684,-0.29141232,-0.07090514,0.14548324,0.0028688163,-0.11869392,0.476645,-0.32200912,-0.003919065,0.32647538,0.8379907,0.66902953,0.20755023,0.07761506
33,818,0.02833458,0.16880405,0.37038356,0.24996023,-0.047235537,-0.21276909,-0.023440316,-1.2363306,0.5707329,0.96519524,0.23688792,-0.7906867,0.11680703,0.32141894,0.36936322,1.1816398
33,823,0.15123242,0.28629208,-0.38425004,0.010984272,-0.20116502,-0.00034217164,0.2938959,0.019418344,-0.22904739,-0.038391933,-0.11097045,-0.42658633,0.6760372,-0.10517837,0.35885453,0.21416399
33,845,0.47200674,-0.17657939,0.2969638,-0.76919055,-0.85941404,-0.764373,0.1875583,-0.17244157,-1.2188606,1.0630021,-0.92807025,-0.2027159,-0.07531658,-0.005767688,0.023297632,-1.1333637
33,852,-0.5054518,-0.06320101,-0.48571068,0.20299731,0.7445231,0.0692113,-0.5142885,0.35132003,0.0889976,0.32728702,-0.16381785,-0.2281259,-0.3297696,-0.649397,0.08859658,0.058667906
33,877,0.13315833,-0.8489158,-0.14368807,-0.09492791,0.05867918,-0.78745794,-0.617931,0.32146856,0.20944524,0.8339816,-0.5949996,0.18110456,-0.36676466,-0.26024416,-0.2848762,-0.55668676
33,879,-0.35047212,0.123974115,0.4786408,0.25412872,0.12794808,0.37603703,0.054708436,0.026605748,0.2447027,-0.67972565,0.5411826,0.4305697,-0.79888326,-0.01570025,-0.4073623,0.1313476
33,884,0.13776806,-1.5483514,-0.4002297,-0.123830825,0.43152148,-1.0490658,-1.212797,0.9592055,1.0056124,0.883874,-0.6261424,0.04114531,-0.4239353,-1.0447543,-0.32035866,0.09088289
33,907,-0.12695643,0.42452705,-0.8549746,0.10912122,0.41412717,0.18425253,0.15964317,0.5415921,-0.3608606,-0.42826575,-0.1289039,0.10113992,0.4529968,-0.09314413,0.15454319,-0.38532954
33,915,0.4081024,-0.24953699,0.16778608,0.20415756,-0.5272109,-0.2315096,0.30730018,-0.11467448,0.4291777,-0.16106263,0.124009684,-0.07519941,0.50303584,0.02723889,-0.1747431,0.54194653
33,917,0.56700605,-0.45155206,0.1947845,0.0018270612,-0.45048457,-0.11100089,0.19760668,-0.014759988,0.5620897,-0.37852347,0.089861766,0.24173011,0.669533,0.29888982,-0.15260611,0.32073995
33,920,0.03139416,0.4163116,-0.39105898,-0.1048443,0.073031485,0.11780762,0.09817286,-0.24995056,-0.21436866,0.23126265,-0.11516006,-0.6066241,0.59344405,0.03063567,0.64749795,0.2951181
33,933,0.56130666,-0.35535935,0.06569944,-0.2756038,-0.108010836,0.122090854,0.015376538,-0.12167126,0.51187176,-0.32796925,0.0044171438,0.33443367,0.84400153,0.66407907,0.17686695,0.10795403
33,934,-0.49176604,-0.13461444,-0.57533187,0.18580717,0.82750165,0.04345045,-0.60415167,0.3757111,0.1465942,0.42420536,-0.22498415,-0.264978,-0.27509272,-0.66904026,0.15458281,0.052363142
33,943,0.03139413,0.41631156,-0.39105898,-0.1048443,0.07303147,0.11780762,0.09817286,-0.24995053,-0.21436866,0.23126265,-0.11516006,-0.6066241,0.59344405,0.0306357,0.64749795,0.29511806
33,946,0.009379767,0.07448688,0.63178265,-0.29163298,-0.29792562,0.09237704,0.18737233,-0.35641226,-0.48538107,0.1881648,0.029540922,0.30054134,-0.58045954,0.4829775,-0.1384362,-0.60012335
33,978,-0.32180113,0.39436752,0.07817966,-0.24133635,0.2717787,0.11161165,-0.30767345,-0.21459019,-0.12781276,0.46876454,-0.015338752,-0.97768164,-0.30260265,-0.73130965,0.49492782,0.7909705
33,981,-0.25916982,0.14515483,0.6211658,-0.026831955,-0.07412114,0.26993874,0.094466865,-0.19659355,-0.1274841,-0.24418196,0.32338023,0.29979396,-0.78588367,0.12679125,-0.28082058,-0.15890943
33,988,-0.010232978,0.39998302,-0.122775406,-0.0146822035,0.11551055,0.02225297,-0.0033244342,-0.7480272,0.07101375,0.6453513,0.010485075,-0.78688663,0.4093418,0.18418969,0.6758079,0.7009414
33,1019,0.48900032,-0.19413733,-0.028164275,-0.6111245,0.32727426,0.38758403,-0.24212225,-0.44765964,0.42583597,-0.0680093,-0.106399894,0.34684873,0.9717127,1.1494305,0.6643288,-0.13951954
33,1026,-0.2283755,0.3122787,-0.17770761,0.30540717,-0.0043548644,0.1496787,0.26190567,0.46443552,-0.19441876,-0.65017915,0.19821912,0.039618343,-0.18057807,-0.44990736,-0.25106987,0.0814778
33,1030,-0.31738368,0.42915112,0.15191682,-0.29405123,0.2208694,0.093950614,-0.30621594,-0.2934313,-0.15152061,0.5392522,-0.005504813,-1.0820795,-0.3342175,-0.75523436,0.54768145,0.88931984
33,1042,-0.17461184,0.34600532,-0.93630123,-0.11003739,0.81707615,0.33597296,-0.12974922,0.32849404,-0.31323197,-0.11503749,-0.21566395,0.22893636,0.5515976,0.36709142,0.46581277,-0.66896915
33,1046,0.052988194,0.06301766,0.56531864,-0.3348735,-0.335629,-0.012707047,0.17501,-0.38418242,-0.6139907,0.38460916,-0.10996917,0.22735177,-0.49519444,0.4973427,-0.09000553,-0.7201615
33,1060,-0.26510185,0.12761617,0.5660612,0.029013284,-0.01591508,0.28736264,0.07621867,-0.15644854,-0.031287953,-0.32237026,0.35940582,0.33213782,-0.76040596,0.1250572,-0.29313633,-0.11467775
33,1061,0.1257321,-1.5977718,-0.4229921,-0.07316914,0.483109,-1.084304,-1.2668382,0.95434296,1.0700696,0.9254189,-0.63359904,0.116848245,-0.46701145,-0.9863363,-0.365949,0.03430251
33,1067,-0.040747315,0.38359892,0.037784174,0.040630333,0.14310472,-0.031349137,-0.06832418,-1.0258994,0.23869845,0.8752814,0.08736718,-0.8864081,0.28454936,0.2613749,0.68407613,0.9289825
33,1069,0.38773358,-0.34277192,0.22032093,-0.5970335,-0.6188147,-0.785087,-0.02528724,-0.14578941,-0.8843416,1.0879588,-0.8792464,-0.03278792,-0.20076452,0.0721124,-0.07954511,-1.1146247
33,1072,0.07561491,0.06685135,0.7045571,-0.39392683,-0.399553,0.043367676,0.23241308,-0.41254714,-0.61704576,0.29630762,-0.03445064,0.30528855,-0.5861284,0.5646149,-0.12853138,-0.71601635
33,1080,-0.05112809,0.45400083,-0.6362987,0.27241945,-0.098986864,0.05358227,0.48306876,0.7570226,-0.3878966,-0.8010231,0.036868617,-0.03425783,0.3130803,-0.5325212,-0.15335558,-0.044435732
33,1105,0.28327826,0.0077660233,-0.13427147,0.35099736,-0.73303264,-0.3085795,0.56923074,0.26007244,-0.053022787,-0.2914949,0.016523082,-0.32380366,0.5258107,-0.490667,-0.21489058,0.4170978
33,1127,-0.058747385,0.36963356,0.17089523,0.09030604,0.15815134,-0.081100084,-0.116876915,-1.2703929,0.3850237,1.0801451,0.14736332,-0.9812093,0.19457936,0.3281855,0.6958447,1.1334317
33,1154,-0.17114374,0.35970646,-0.9308548,-0.06937237,0.77457124,0.31693742,-0.08962721,0.35880622,-0.30954108,-0.16970013,-0.20228301,0.22969185,0.52830726,0.30751145,0.40869993,-0.63430655
33,1155,-0.16467197,0.37622216,-0.9111023,-0.028630763,0.7023863,0.28877774,-0.037561193,0.3854254,-0.319042,-0.21916011,-0.18884613,0.20400481,0.5056856,0.22422783,0.35203168,-0.58160275
33,1159,-0.18288635,0.27648896,0.5795835,-0.2783237,-0.36276937,0.09131499,0.2344875,-0.22473717,-0.72643423,0.16560543,0.0080701485,-0.06771459,-0.55638003,-0.06247577,-0.079943925,-0.3565049
33,1167,-0.19500287,0.30074242,-0.9306359,-0.17923152,0.91595256,0.37244636,-0.22476037,0.27270666,-0.28874597,-2.5331974e-07,-0.22917293,0.22721975,0.5627991,0.46528608,0.5710323,-0.7184434
33,1172,0.2240845,-0.44688466,0.04614976,-0.2698347,-0.26654017,-0.6678688,-0.22490098,-0.008184314,-0.3853728,0.8535724,-0.64580256,0.1090375,-0.25517517,0.054213777,-0.16357206,-0.8680572
33,1182,-0.34432992,0.16215189,0.53377444,0.21881758,0.016661465,0.36165765,0.113116145,0.05157815,0.15623015,-0.70545983,0.54034126,0.34770298,-0.8001436,-0.1172595,-0.4065018,0.18695906
33,1187,-0.29778093,0.52805805,0.069532916,-0.15154704,-0.06454479,0.013065938,-0.026175514,-0.13365507,-0.4003827,0.35983694,-0.019449916,-1.040326,-0.21663071,-0.8404062,0.3854101,0.7659779
33,1193,0.18732443,-0.6854888,-0.06295776,-0.18177876,-0.099846676,-0.75475794,-0.44468397,0.1825506,-0.061759427,0.8573685,-0.6340729,0.14877902,-0.31107712,-0.12480315,-0.23411955,-0.7079125
33,1196,0.26085666,0.04467705,-0.14458458,0.36491132,-0.7470293,-0.31817627,0.5849848,0.24403135,-0.08929971,-0.25661057,0.010934364,-0.37628525,0.51866764,-0.5194001,-0.20049115,0.43661207
33,1200,0.12477686,0.11928006,0.55341893,-0.46514252,-0.5510979,-0.13728574,0.28393137,-0.3707514,-0.9303952,0.54466516,-0.2588468,0.02827543,-0.3682825,0.36576718,-0.01441402,-0.8125291
33,1231,0.60394603,-0.47003755,0.1894192,-0.051183507,-0.41648793,-0.0826459,0.17253606,-0.038332507,0.5966344,-0.38227803,0.077848285,0.28023666,0.7328312,0.38596195,-0.110227406,0.30780712
33,1271,0.5744329,-0.49679086,0.2533136,0.10822838,-0.58723617,-0.2031647,0.26706702,0.022795245,0.59054536,-0.39925665,0.12568484,0.21186958,0.6018094,0.16269417,-0.28389618,0.4061454
33,1291,-0.34167376,0.13250434,0.46179104,0.24625799,0.105554655,0.36172253,0.06593351,0.035478786,0.21282709,-0.6641276,0.5214143,0.39415967,-0.765858,-0.040383533,-0.38998687,0.13171816
33,1292,0.07273824,0.071885236,0.68436307,-0.37801918,-0.39410985,0.05077907,0.23706736,-0.39094028,-0.6007655,0.26254606,-0.021563318,0.29429072,-0.5662663,0.5402666,-0.12541455,-0.68809134
33,1303,-0.095651746,0.3305805,-0.65564704,-0.04993917,0.3035075,0.13716999,0.03495778,0.11554636,-0.38244414,0.19131958,-0.19902323,-0.34978932,0.56555116,-0.033040643,0.52097386,-0.16860351
33,1305,-0.3679054,0.08853782,0.46608806,0.26817334,0.23301382,0.39617884,-0.008594051,-0.027458414,0.32211763,-0.6320101,0.5464248,0.5188856,-0.8404745,0.09700085,-0.41484162,0.06934107
33,1313,0.2936311,-0.11763975,0.23473899,0.22214636,-0.37631553,-0.23072296,0.20531829,-0.48757318,0.48546278,0.2091681,0.161149,-0.3039863,0.3901338,0.13372947,-0.0010507703,0.75879186
33,1315,0.5937157,-0.32895622,0.062230915,-0.60192704,0.24884616,0.3386192,-0.24351917,-0.49685904,0.59364426,-0.07881329,-0.0833265,0.413876,1.0281402,1.2260393,0.5965653,-0.051524285
33,1327,-0.013754852,0.34117168,-0.51578397,0.09940383,-0.07617176,-0.016446933,0.25399417,0.12695992,-0.39152128,0.093060434,-0.15026566,-0.4920916,0.5453251,-0.28429407,0.32129815,0.08348631
33,1328,-0.16637844,0.3698709,-0.91273624,-0.039833277,0.7217925,0.296886,-0.053042293,0.37537667,-0.3143922,-0.2047145,-0.19116126,0.2123154,0.5092488,0.24940951,0.36675385,-0.5960921
33,1347,0.123614736,0.09367397,0.6024527,-0.48220894,-0.52889186,-0.13789397,0.25295916,-0.4254299,-0.91468173,0.6021081,-0.26812556,0.09057103,-0.4358183,0.44996482,-0.035007183,-0.86917436
33,1364,-0.5302204,-0.10829577,0.116154,0.3527431,0.7443511,0.13306883,-0.5251615,-0.31491864,0.3427176,0.35173672,0.05360012,0.574868,-0.8448814,0.4153514,-0.27593118,-0.4883502
33,1373,-0.33290502,0.18659113,0.54488254,0.19007377,-0.053595953,0.34133264,0.14741617,0.064569,0.084076285,-0.69233286,0.51930386,0.2735657,-0.7691852,-0.18122378,-0.3857328,0.208794
33,1387,-0.27052513,0.55206156,-0.04031921,-0.01347588,-0.20954122,-0.03286594,0.15721825,0.01841554,-0.52266276,0.17124093,-0.021621805,-0.8951597,-0.109532475,-0.8196357,0.2400086,0.5838461
33,1390,0.5583898,-0.3779094,0.097901285,-0.1895226,-0.21010453,0.052867454,0.07299371,-0.08103007,0.5179524,-0.34704167,0.029285926,0.30293423,0.7893687,0.5448818,0.076918304,0.1690962
33,1392,-0.2514892,-0.004536018,0.41451406,0.02739419,0.21600102,0.1665982,-0.14695744,-0.36869887,-0.032358885,0.21557486,0.08931245,0.46933287,-0.72959626,0.505102,-0.20896174,-0.51206106
33,1399,-0.17114374,0.35970652,-0.93085474,-0.069372386,0.7745713,0.31693745,-0.089627236,0.3588062,-0.30954108,-0.16970015,-0.202283,0.22969185,0.52830726,0.30751145,0.40869993,-0.6343065
33,1400,0.62706625,-0.52856576,0.24013425,-0.17369428,-0.25129056,0.011182737,0.022017755,-0.19691089,0.7123374,-0.3035119,0.06872965,0.3712057,0.7685248,0.6529177,0.012611596,0.24495718
33,1404,-0.15986204,0.39860997,-0.9343813,-0.0033006817,0.6738726,0.27469775,-0.000649482,0.42704964,-0.3326605,-0.2658511,-0.18842179,0.19766526,0.512409,0.17188732,0.31985107,-0.55967134
33,1414,-0.2657214,0.21954548,0.46539527,-0.21204188,-0.19194153,0.022021987,0.06750814,-0.2630281,-0.6684738,0.38741875,-0.106495306,-0.06489107,-0.58595943,-0.065413475,-0.07039094,-0.43939516
33,1419,-0.22057989,0.31018952,-0.12818487,0.29945534,-0.04155965,0.15841904,0.28449774,0.4617096,-0.18545465,-0.6951609,0.22822279,0.049941868,-0.20715632,-0.45285374,-0.2707101,0.108879186
33,1424,0.28327823,0.007766038,-0.13427147,0.3509974,-0.7330326,-0.30857953,0.56923074,0.26007244,-0.053022802,-0.2914949,0.016523078,-0.32380366,0.5258107,-0.490667,-0.21489055,0.41709772
33,1433,-0.16385481,0.028985217,0.53354996,-0.09501821,0.032098748,0.17018521,-0.02156438,-0.38362458,-0.18086007,0.18160018,0.09780501,0.43339884,-0.7187723,0.5175501,-0.19625151,-0.5293501
33,1438,0.31001318,0.03622611,-0.18888937,0.28584683,-0.6823175,-0.26987857,0.55192596,0.2274374,-0.066694215,-0.26536155,-0.02068143,-0.32822043,0.6264558,-0.4053781,-0.11968744,0.39478588
33,1447,-0.44425473,-0.10784608,0.20561539,0.2825864,0.6401759,0.16501528,-0.43580902,-0.35279813,0.31294203,0.2923881,0.092791766,0.6276288,-0.8323171,0.5403676,-0.27576712,-0.51490617
33,1462,0.06639174,0.07350576,0.6645951,-0.35433087,-0.3803872,0.0636422,0.23666732,-0.36659452,-0.5668554,0.21627188,-0.00017030165,0.29101282,-0.5520519,0.516146,-0.12675008,-0.6523971
33,1464,-0.03775098,0.06407649,0.6134355,-0.23708314,-0.21306187,0.12125305,0.13467169,-0.36043248,-0.39542702,0.167988,0.05929863,0.33649522,-0.623082,0.48583287,-0.1572179,-0.56730396
33,1470,-0.49176604,-0.13461444,-0.5753318,0.18580717,0.82750165,0.04345045,-0.60415167,0.37571114,0.14659423,0.42420548,-0.22498412,-0.264978,-0.27509272,-0.6690403,0.15458281,0.052363135
33,1479,0.5392952,-0.32066235,0.033854052,-0.33609635,-0.013685234,0.18279499,-0.034517378,-0.14464143,0.4840783,-0.31171447,-0.013326578,0.35003525,0.85937375,0.7383957,0.25548548,0.045180634
33,1480,0.6626634,-0.49572787,0.20577694,-0.45004252,0.045395598,0.19821471,-0.17980345,-0.46867242,0.7636555,-0.12866938,-0.011737868,0.44164425,0.9516076,1.1071783,0.36200124,0.106177874
33,1491,0.08359664,0.067924224,0.695546,-0.4071485,-0.4122163,0.021954041,0.23324722,-0.42015138,-0.65235806,0.33962476,-0.06393926,0.2868203,-0.57076377,0.5652782,-0.11780056,-0.74159646
33,1493,-0.20897767,0.5313691,-0.23899212,0.16140047,-0.3333786,-0.049726672,0.37990302,0.3382972,-0.5932268,-0.20581341,-0.017777693,-0.6273997,0.051953897,-0.8289654,0.012786914,0.34249824
33,1495,-0.35088894,0.10377553,0.3338803,0.00018508732,0.13729768,0.07050002,-0.1352105,-0.27705893,-0.29237366,0.34888625,-0.03614508,0.16390224,-0.66167235,0.11433549,-0.14082581,-0.44483018
33,1517,-0.16385481,0.028985202,0.53355,-0.09501821,0.03209874,0.17018521,-0.021564394,-0.38362458,-0.18086007,0.18160012,0.09780501,0.4333989,-0.7187723,0.51755023,-0.19625151,-0.5293501
33,1531,-0.45453086,-0.12528855,-0.51140857,0.11430161,0.74061537,0.049449775,-0.5664755,0.38754296,0.12236431,0.38056594,-0.21429284,-0.33637553,-0.27873194,-0.7481254,0.17486611,0.14691341
33,1538,-0.3161544,0.20403478,0.4933985,0.17288142,-0.0875808,0.30753848,0.16289182,0.07804561,0.013060421,-0.6375618,0.46638232,0.19232453,-0.6895881,-0.2268777,-0.34051254,0.1976777
33,1543,-0.5449608,-0.12343672,0.098921195,0.37880892,0.7905956,0.1377581,-0.55417436,-0.31587404,0.39005238,0.350322,0.06044192,0.6048196,-0.8585637,0.434254,-0.28623176,-0.4896766
33,1550,-0.22648081,0.23710552,-0.8922927,-0.28505868,1.026772,0.4174716,-0.36362648,0.16494137,-0.26717436,0.20922256,-0.24647333,0.15581985,0.56553376,0.55935085,0.74204063,-0.7455828
33,1555,-0.12695645,0.42452708,-0.8549746,0.10912121,0.41412723,0.18425253,0.15964319,0.5415921,-0.36086062,-0.42826578,-0.1289039,0.10113995,0.4529968,-0.09314415,0.15454319,-0.38532954
33,1556,-0.22468776,0.20908135,0.59934217,-0.14511907,-0.20186026,0.1916587,0.16017534,-0.20722288,-0.40355366,-0.060917184,0.18037988,0.13155042,-0.6793269,0.036596045,-0.18760625,-0.2464638
33,1571,0.26318255,-0.084596336,0.24765868,0.22575125,-0.3399396,-0.22835535,0.18147424,-0.5666927,0.49124426,0.2900012,0.16897903,-0.35622635,0.35969597,0.1528178,0.0387068,0.80136573
33,1607,-0.2465007,0.20957285,-0.022210702,0.18999271,-0.023432732,0.14784458,0.15000194,0.40664327,-0.13678324,-0.51381725,0.1923858,-0.100440755,-0.29704708,-0.5785076,-0.18450025,0.23294574
33,1609,-0.3348807,0.2325123,0.46175528,0.1680133,-0.09206088,0.29152992,0.16704996,0.0889695,-0.048370868,-0.5921063,0.4317437,0.13590021,-0.6712959,-0.28182626,-0.32452393,0.19841897
33,1615,0.03339877,0.06296291,0.6880304,-0.3331766,-0.32792288,0.08913675,0.19982664,-0.39179066,-0.5113317,0.21563703,0.02387483,0.3378756,-0.6160902,0.54575855,-0.14924638,-0.64778864
33,1620,0.5831365,-0.5118917,0.2749548,0.20559795,-0.7258664,-0.28656176,0.3584171,0.10039945,0.57966214,-0.4480568,0.15224934,0.17642994,0.5595703,0.0039758235,-0.40450686,0.47935086
33,1624,0.45968914,-0.13869631,0.25923997,-0.743093,-0.861907,-0.72927266,0.22288987,-0.12002346,-1.2149724,0.9708738,-0.8845961,-0.24939415,-0.021990411,-0.075945646,0.0416592,-1.0540601
33,1626,-0.080323696,0.29855925,0.38093477,0.20130771,0.12177536,-0.1666353,-0.15948562,-1.5098187,0.59155923,1.2654543,0.24141748,-1.0576743,0.025649399,0.34908843,0.61385316,1.3712926
33,1636,0.10596413,-1.1216481,-0.15299888,-0.26363483,0.2185299,-0.81542546,-0.88265485,0.6271775,0.50529367,0.8505067,-0.5669007,-0.05535914,-0.42910945,-0.8138801,-0.19606133,-0.06641326
33,1640,-0.37436435,-0.005184874,-0.34464747,0.14411345,0.47088653,0.080733985,-0.31396878,0.37501818,0.026744843,0.084190995,-0.07849622,-0.25179088,-0.26379353,-0.6583582,0.058400817,0.15347669
33,1651,0.5512656,-0.3316976,0.04095781,-0.31329066,-0.054667033,0.15804014,-0.009584725,-0.13016444,0.4913355,-0.32207435,-0.008403249,0.3425817,0.86134565,0.70610994,0.22546889,0.07116067
33,1664,0.5370059,-0.40997443,0.17370616,0.1661334,-0.6545398,-0.2378357,0.36003304,0.13086371,0.4632846,-0.43860412,0.11211027,0.13011275,0.595775,-0.0062196553,-0.31469882,0.41611308
33,1675,-0.23468173,0.5431388,-0.15266381,0.09555972,-0.3229326,-0.06602454,0.30319175,0.18743299,-0.6058843,-0.009300381,-0.03827018,-0.7674998,-0.00017451495,-0.829392,0.111386016,0.42564523
33,1677,-0.32103,0.19924001,0.51026326,0.17872605,-0.07882245,0.3186436,0.16037142,0.07657652,0.035567284,-0.6597624,0.48485702,0.2186143,-0.71546376,-0.2145459,-0.35684237,0.20366201
33,1680,-0.42570603,0.01679632,0.25550097,0.14430694,0.39014435,0.10212368,-0.29650766,-0.30399206,-0.028367653,0.35188842,0.005307518,0.34572625,-0.7485427,0.25722134,-0.19923857,-0.4705909
33,1682,0.22408447,-0.44688466,0.046149775,-0.26983467,-0.26654017,-0.66786873,-0.22490092,-0.008184314,-0.38537282,0.8535724,-0.64580256,0.1090375,-0.2551751,0.054213777,-0.16357204,-0.8680572
33,1685,-0.24163556,0.14138445,0.5509457,-0.01721634,-0.06343016,0.2461043,0.08846271,-0.18281516,-0.14197037,-0.20655173,0.2834545,0.26768798,-0.70967096,0.12507765,-0.24623953,-0.18006837
33,1708,0.08362747,-1.5451779,-0.40903705,-0.0067079365,0.51952475,-1.0424654,-1.247535,0.86139786,1.0624456,0.9226641,-0.605321,0.20133539,-0.5085147,-0.83604294,-0.38971034,-0.060343146
33,1721,-0.29758337,0.4781275,0.16011177,-0.24260223,0.043526977,0.049748592,-0.16218029,-0.2567984,-0.280297,0.47548604,-0.0030362532,-1.0895811,-0.2846468,-0.78430057,0.48337865,0.8515587
33,1728,0.6270663,-0.52856576,0.24013425,-0.17369431,-0.25129056,0.01118274,0.022017762,-0.19691092,0.7123373,-0.3035119,0.06872965,0.37120575,0.76852477,0.65291774,0.012611594,0.24495712
33,1737,0.52696,-0.3803285,0.14314692,0.15604208,-0.6399079,-0.22302574,0.36780918,0.15909122,0.42702788,-0.4563884,0.104962684,0.12615837,0.60391116,-0.019472271,-0.3002839,0.3959269
33,1741,-0.080323696,0.29855925,0.38093477,0.20130771,0.121775374,-0.16663527,-0.15948562,-1.5098188,0.5915592,1.2654543,0.24141748,-1.0576743,0.025649402,0.34908843,0.61385316,1.3712927
33,1757,0.5775792,-0.5242009,0.29659277,0.226722,-0.7419984,-0.30200484,0.35866284,0.088052236,0.59288406,-0.43541813,0.16136186,0.16876306,0.5331321,-0.010841027,-0.4249903,0.49440032
33,1759,-0.50917435,-0.14451039,0.12104775,0.38484138,0.8014412,0.1712435,-0.53765386,-0.3397059,0.45260352,0.29782447,0.103366,0.69342107,-0.8581891,0.561672,-0.29891244,-0.51155037
33,1762,0.10195505,-0.063391626,0.32409173,-0.4257129,-0.44775164,-0.3225203,0.061999574,-0.09923366,-0.7360674,0.61118686,-0.4027902,-0.16798577,-0.29034865,-0.11658849,-0.019585248,-0.5873925
33,1763,0.0471024,0.0657895,0.68487877,-0.34693334,-0.3492195,0.07693901,0.21261823,-0.38996795,-0.53912014,0.22847864,0.009760149,0.3235618,-0.59753525,0.5435936,-0.14110178,-0.6596746
33,1767,0.54201376,-0.26277345,0.018236548,-0.60591054,0.28776312,0.3621515,-0.24389194,-0.4767051,0.5122674,-0.069350556,-0.095202506,0.37864566,1.0007654,1.190029,0.6315875,-0.09338385
33,1786,-0.29251823,0.4879209,0.1322832,-0.20437309,0.0046955347,0.037737854,-0.11193119,-0.22006229,-0.31735116,0.42937118,-0.0039516874,-1.050479,-0.25720698,-0.77594453,0.44423604,0.7996778
33,1795,0.47135425,-0.21185079,0.31170613,-0.77081037,-0.8378288,-0.78631157,0.14801328,-0.19956127,-1.193143,1.1180847,-0.9510657,-0.16516382,-0.11615008,0.034998223,0.005211018,-1.1743709
33,1796,-0.14772336,0.49869284,-0.3713573,0.24217805,-0.33092558,-0.02294477,0.48418933,0.5578923,-0.54084396,-0.51575553,0.022432614,-0.39653164,0.14008278,-0.7884337,-0.11746669,0.21036217
33,1805,0.5793271,-0.35024247,0.041510686,-0.36366823,-0.013359688,0.18857622,-0.04206437,-0.15887314,0.52601004,-0.3206678,-0.017338242,0.38109428,0.9088908,0.79310346,0.26651162,0.053765967
33,1806,-0.29301205,0.5045693,0.09998152,-0.17330477,-0.030291501,0.025633536,-0.066489995,-0.17730379,-0.35790232,0.38976526,-0.010034472,-1.0327975,-0.23393588,-0.795044,0.4108019,0.76946723
33,1807,0.24223322,0.07156929,-0.15675646,0.36558065,-0.7391862,-0.31374875,0.5866996,0.23776776,-0.116752654,-0.23940006,0.0061042197,-0.40131518,0.51231456,-0.52945536,-0.18391141,0.43432564
33,1832,-0.33341604,0.124791756,0.57324374,0.086427234,0.08295913,0.3299184,0.027025223,-0.15989006,0.061336994,-0.365218,0.41392997,0.39358395,-0.8510199,0.121218726,-0.33874977,-0.07263921
33,1837,0.12567785,0.07084613,0.3729692,0.25670666,-0.16436407,-0.24633452,0.048137262,-1.0918022,0.60015565,0.79840434,0.2312911,-0.6627136,0.20288359,0.30293554,0.2527713,1.1302258
33,1839,-0.19728082,0.28671807,-0.9122765,-0.19177276,0.9215489,0.37668943,-0.24122547,0.2557062,-0.28038016,0.02209124,-0.22612737,0.22179784,0.55632716,0.47992033,0.5870229,-0.7193147
33,1840,-0.21982393,0.24577987,-0.9093872,-0.25455832,1.0193313,0.41183,-0.33415616,0.20196593,-0.25660044,0.13744569,-0.23877434,0.21312429,0.5619768,0.5647199,0.68768597,-0.76119965
33,1842,0.48900032,-0.19413728,-0.028164268,-0.6111245,0.32727426,0.38758406,-0.24212222,-0.4476597,0.4258359,-0.0680093,-0.106399894,0.34684867,0.9717128,1.1494306,0.66432875,-0.13951954
33,1851,-0.3447775,0.13553461,0.48147118,0.24595392,0.0947928,0.36747384,0.073320374,0.039511234,0.21506521,-0.6848893,0.53454036,0.39941168,-0.7841494,-0.049101144,-0.40167755,0.14570352
33,1868,0.2608541,0.082053706,-0.21960424,0.22298342,-0.5534793,-0.19454208,0.47661698,0.18642253,-0.10485138,-0.22802317,-0.03669617,-0.31645927,0.61043286,-0.319525,-0.025329333,0.3102293
33,1869,-0.05112809,0.45400083,-0.63629866,0.27241945,-0.098986864,0.053582273,0.48306882,0.7570226,-0.3878966,-0.80102307,0.036868613,-0.03425783,0.3130803,-0.5325211,-0.1533556,-0.044435725
33,1870,0.4829846,-0.33376083,0.13040744,0.17882296,-0.6170139,-0.22595564,0.36407197,0.11703656,0.39758807,-0.39482832,0.10227193,0.06718941,0.57239366,-0.037512556,-0.27382857,0.41168335
33,1875,-0.14772336,0.49869284,-0.3713573,0.24217805,-0.33092558,-0.022944778,0.48418933,0.5578923,-0.54084396,-0.51575553,0.022432614,-0.39653164,0.14008278,-0.78843373,-0.11746667,0.21036217
33,1892,-0.09352046,0.45820457,-0.7900677,0.20210189,0.16680498,0.106208295,0.3247235,0.6642492,-0.39861512,-0.597821,-0.07059689,0.014659062,0.40925086,-0.33777988,0.0065581948,-0.2237049
33,1911,-0.3787791,-0.07215628,0.28456366,0.18814862,0.489672,0.16192193,-0.33775806,-0.3651826,0.18642464,0.27810967,0.08585413,0.57098156,-0.8029688,0.5288429,-0.25273305,-0.51949024
33,1916,0.47200674,-0.17657939,0.2969638,-0.76919055,-0.8594139,-0.764373,0.1875583,-0.1724416,-1.2188606,1.0630021,-0.92807025,-0.2027159,-0.07531656,-0.005767703,0.023297632,-1.1333637
33,1919,-0.11048708,0.44373238,-0.81580937,0.16167942,0.27194613,0.13617028,0.24877584,0.6014997,-0.38826552,-0.50615984,-0.1009447,0.03893587,0.42881256,-0.23701611,0.0771599,-0.29205304
33,1930,0.11917848,0.0882332,0.5796173,-0.45156202,-0.49524325,-0.117714725,0.2446177,-0.40978113,-0.85942763,0.55587864,-0.24069591,0.11030649,-0.4243539,0.4602759,-0.03922112,-0.8397534
33,1952,0.20792794,0.22120757,-0.38760316,0.068300344,-0.33178884,-0.05439187,0.39283824,0.1653498,-0.246565,-0.18515983,-0.11168279,-0.31789303,0.7187058,-0.16445586,0.20902212,0.14581478
33,1966,-0.34448934,0.122686744,0.58507836,0.09184243,0.09820248,0.33889592,0.018390566,-0.16664231,0.07690665,-0.37026373,0.4249454,0.41186965,-0.87648857,0.12982519,-0.34987727,-0.07065443
33,1967,0.2996697,0.03942509,-0.18694244,0.27868694,-0.6616565,-0.25846365,0.5374582,0.22123313,-0.06894231,-0.2613148,-0.019571114,-0.32269216,0.6139372,-0.39370668,-0.11118324,0.38078332
33,1988,0.6179283,-0.40929285,0.13628678,-0.52198887,0.15375145,0.27043477,-0.21685423,-0.4839174,0.67448395,-0.10021802,-0.04521152,0.42539537,0.9746147,1.1618482,0.47773308,0.0224135
33,1990,-0.19814591,0.29225963,-0.9297417,-0.1929988,0.93583244,0.38048857,-0.24248551,0.26266646,-0.28265697,0.018392831,-0.23082428,0.23041268,0.56499034,0.48657036,0.5901524,-0.7289052
33,2000,-0.35431844,0.2607503,0.4169668,0.16724172,-0.08779246,0.27355918,0.16788828,0.10198954,-0.10939394,-0.5408994,0.39175493,0.07974012,-0.64595854,-0.33484647,-0.3061066,0.19352031
33,2040,0.6968066,-0.64428735,0.3415209,-0.13338196,-0.3421337,-0.054063894,0.027823135,-0.256951,0.85335976,-0.28623232,0.098564714,0.40285593,0.7708963,0.6829208,-0.06789844,0.33763885
33,2046,-0.41548565,0.28102422,0.05337058,0.24938203,0.12343678,0.18605685,0.05339942,0.1771797,-0.19891176,-0.2769344,0.18880086,-0.035200477,-0.45378304,-0.40959087,-0.20654729,0.062311657
33,2054,-0.32027096,0.36332124,-0.030668058,-0.17181712,0.3255456,0.11929298,-0.29274952,-0.11327922,-0.115189895,0.37932205,-0.03383897,-0.84382886,-0.25542873,-0.6923476,0.42553934,0.65826637
33,2058,0.20270532,0.11559035,-0.16770896,0.35519287,-0.72038805,-0.29472136,0.5837827,0.24644285,-0.17188796,-0.23270613,0.004461333,-0.4263296,0.481211,-0.55036515,-0.16445786,0.41397998
33,2064,-0.08942948,0.47207883,-0.45459694,0.26891217,-0.28193954,0.006193109,0.5207389,0.66898334,-0.45739573,-0.70437425,0.059533697,-0.22778308,0.19902185,-0.6971238,-0.16924404,0.13160893
33,2066,-0.06486644,0.46398908,-0.51634187,0.28247428,-0.23774925,0.021264285,0.5303949,0.72605205,-0.4219712,-0.7861047,0.06750092,-0.14146698,0.23753019,-0.64872324,-0.18776365,0.07856836
33,2088,-0.19447497,0.015848845,0.5133986,-0.06158723,0.0942782,0.17501456,-0.064985454,-0.39246443,-0.13062404,0.19858345,0.099353164,0.4607681,-0.74334365,0.5321477,-0.2064331,-0.5320707
33,2092,-0.33846197,0.1781455,0.56404257,0.1964938,-0.038632963,0.35423902,0.13949892,0.05712823,0.113482475,-0.71080786,0.5390204,0.30590433,-0.7983255,-0.15980445,-0.40148464,0.21079764
33,2102,-0.39553103,0.097842745,0.4894929,0.22616646,0.24967392,0.38443038,-0.04005727,-0.098158166,0.26320565,-0.5022008,0.5005165,0.4949239,-0.88001144,0.119690076,-0.39274046,0.012168139
33,2110,-0.22299626,0.24721873,-0.8590719,-0.28135973,0.9663096,0.39797544,-0.34450102,0.14049044,-0.29046854,0.2470814,-0.24596708,0.06772561,0.5581518,0.4865932,0.75271887,-0.68032867
33,2120,-0.4801687,-0.025936157,-0.43992478,0.21047594,0.6690269,0.076325364,-0.44331706,0.32896727,0.054152936,0.25985375,-0.1294123,-0.2063909,-0.31381702,-0.60443264,0.064303145,0.044818066
33,2121,0.6968066,-0.64428735,0.3415209,-0.13338196,-0.3421337,-0.0540639,0.027823135,-0.256951,0.8533599,-0.28623232,0.098564714,0.402856,0.7708963,0.6829209,-0.06789844,0.33763885
33,2138,0.5655084,-0.33850858,0.03863716,-0.3341735,-0.040688973,0.16918254,-0.020088702,-0.141752,0.5050116,-0.32104525,-0.013655059,0.3562283,0.88674456,0.7414618,0.24372704,0.06653499
33,2142,-0.2514892,-0.0045360476,0.41451406,0.02739419,0.21600099,0.1665982,-0.14695744,-0.36869887,-0.03235884,0.2155748,0.08931245,0.46933293,-0.7295962,0.505102,-0.20896174,-0.512061
33,2163,0.5388792,-0.31737366,0.030384645,-0.33505037,-0.015417613,0.18174836,-0.031906903,-0.14395711,0.48032337,-0.31018466,-0.01487289,0.34575385,0.8619421,0.7352222,0.257184,0.046374448
33,2164,-0.31248513,0.4391164,0.19965552,-0.32614848,0.18886338,0.08683501,-0.30758727,-0.33628944,-0.16099496,0.57616043,0.00038947538,-1.1391872,-0.35004967,-0.76958686,0.57662916,0.9411537
33,2174,-0.25148916,-0.0045360476,0.414514,0.02739419,0.21600102,0.1665982,-0.14695747,-0.36869887,-0.032358855,0.2155748,0.08931245,0.46933287,-0.7295962,0.505102,-0.20896174,-0.512061
33,2193,-0.4429317,0.19114128,-0.13965003,0.25421572,0.3168518,0.14350477,-0.10716288,0.23059419,-0.1292296,-0.09064762,0.07231616,-0.08530164,-0.3886358,-0.4616183,-0.11922243,0.030434988
33,2198,-0.21628952,0.2524622,-0.91063255,-0.24118719,1.0035753,0.40550968,-0.31810778,0.21248248,-0.2592292,0.11563471,-0.2361802,0.21813251,0.5597211,0.5512852,0.6670858,-0.75567305
33,2202,0.5937158,-0.32895628,0.06223093,-0.60192716,0.2488461,0.33861923,-0.24351917,-0.4968591,0.59364414,-0.078813285,-0.08332649,0.41387606,1.0281402,1.2260392,0.59656525,-0.05152428
33,2204,-0.061791986,0.45297414,-0.67667377,0.25366408,-0.030453991,0.06354819,0.43696284,0.7261226,-0.39356703,-0.7335398,0.0036915094,-0.03008078,0.34223235,-0.48181808,-0.10620716,-0.09336524
33,2207,0.56835705,-0.40810367,0.1250159,-0.2510009,-0.12634552,0.10131909,-0.002705261,-0.15425175,0.57494134,-0.31448513,0.027010098,0.3536268,0.8018432,0.6757366,0.13402152,0.13400689
33,2227,0.03139413,0.41631156,-0.39105898,-0.10484436,0.073031485,0.11780762,0.09817285,-0.24995053,-0.21436864,0.23126268,-0.11516005,-0.60662407,0.59344405,0.03063567,0.64749795,0.29511806
33,2229,-0.08942948,0.4720788,-0.45459694,0.26891217,-0.28193957,0.0061931126,0.5207389,0.66898334,-0.45739573,-0.7043742,0.059533697,-0.22778308,0.19902185,-0.6971238,-0.16924402,0.13160896
33,2256,0.5873416,-0.3955337,0.09640597,-0.31025648,-0.07672356,0.14025143,-0.025327802,-0.17121086,0.5726586,-0.31236428,0.006577283,0.3750707,0.8640887,0.7516626,0.19807146,0.10417179
33,2271,0.6039461,-0.47003755,0.18941922,-0.05118352,-0.41648793,-0.0826459,0.17253606,-0.038332492,0.5966344,-0.38227803,0.077848285,0.28023666,0.7328312,0.385962,-0.110227406,0.30780712
33,2302,-0.52003473,-0.0974465,0.114553764,0.3434192,0.7182281,0.1318893,-0.5049884,-0.30430835,0.31984383,0.3396238,0.05290568,0.5506996,-0.8236497,0.3943619,-0.26677406,-0.47705638
33,2307,-0.17340338,0.3370118,-0.902886,-0.1057049,0.7846428,0.32598573,-0.12549154,0.3145641,-0.31361175,-0.10360443,-0.20844494,0.20482786,0.5358215,0.34765172,0.459973,-0.64783543
33,2308,-0.5032419,-0.07809815,0.1387649,0.3105229,0.6625232,0.12783982,-0.46925944,-0.30529106,0.2620591,0.34066933,0.045782506,0.5170619,-0.8103802,0.37401855,-0.25516614,-0.4762571
33,2328,-0.14162572,0.4124666,-0.88264406,0.073523164,0.5107919,0.21506882,0.09740353,0.49708486,-0.34775776,-0.3626647,-0.15148804,0.13287874,0.469809,-0.00042369962,0.21217375,-0.44712433
33,2329,-0.3447775,0.13553461,0.48147124,0.24595393,0.09479278,0.3674738,0.07332038,0.03951124,0.21506527,-0.6848893,0.53454036,0.39941168,-0.7841494,-0.049101144,-0.40167755,0.14570352
33,2345,0.57905835,-0.516356,0.28366375,0.21095331,-0.72678065,-0.28869766,0.35530987,0.097879514,0.5839013,-0.4465716,0.15669167,0.17791124,0.54620814,0.00062310696,-0.41181406,0.48008114
33,2353,0.5457214,-0.35618803,0.07965568,-0.21222997,-0.172382,0.07633993,0.05535446,-0.093214154,0.49852663,-0.33319968,0.0192193,0.29939318,0.7967842,0.57032096,0.11430235,0.14456186
33,2354,0.03139416,0.41631156,-0.39105898,-0.10484436,0.073031485,0.11780762,0.09817286,-0.24995056,-0.21436866,0.23126268,-0.11516005,-0.6066241,0.593444,0.03063567,0.6474979,0.2951181
33,2356,-0.013754845,0.34117165,-0.51578397,0.099403836,-0.07617175,-0.016446948,0.25399417,0.12695992,-0.39152128,0.093060404,-0.15026568,-0.4920916,0.54532504,-0.28429407,0.32129815,0.08348634
33,2357,0.62004304,-0.5524026,0.29673415,0.15501173,-0.68636847,-0.2593267,0.3157435,0.054886922,0.6426247,-0.44147676,0.14942221,0.22785898,0.602399,0.109772965,-0.37148696,0.46955067
33,2362,0.6299698,-0.5759909,0.32331806,0.21390535,-0.7694464,-0.31333804,0.3618592,0.08143269,0.6562426,-0.45712754,0.16672528,0.2092043,0.5761809,0.030518964,-0.4445066,0.52110064
33,2367,-0.17072922,0.3534538,-0.9162596,-0.06931423,0.7671437,0.31562003,-0.091761604,0.35130054,-0.30511326,-0.16570471,-0.19792177,0.226736,0.5203485,0.30810732,0.40676877,-0.6299125
33,2399,0.14164978,-1.5144615,-0.38434958,-0.15019184,0.40358508,-1.0251852,-1.1797304,0.9523318,0.9656381,0.86233836,-0.6215156,0.001512304,-0.4031003,-1.0659622,-0.29606074,0.11591398
33,2412,-0.23767382,0.14176324,0.52573806,-0.011263728,-0.060013346,0.23900136,0.08756405,-0.17414552,-0.14511143,-0.20019358,0.27276134,0.25397944,-0.6831498,0.117240414,-0.23540388,-0.18082395
33,2415,0.3251595,-0.035332724,-0.10975462,0.36803758,-0.7896728,-0.34025058,0.5946861,0.27114975,-0.007984757,-0.3151636,0.025798608,-0.30618697,0.5486433,-0.5008953,-0.25813833,0.4568197
33,2420,-0.37877914,-0.07215628,0.28456366,0.18814862,0.48967195,0.16192195,-0.33775806,-0.36518255,0.18642464,0.27810973,0.08585413,0.57098156,-0.8029688,0.52884287,-0.25273302,-0.51949024
33,2427,0.5817889,-0.45758232,0.203472,0.17532884,-0.70311433,-0.2652373,0.37638086,0.12642474,0.51858866,-0.45271268,0.12045036,0.15095465,0.623695,0.003952101,-0.3491244,0.4566509
33,2440,0.6778081,-0.62899375,0.3360433,-0.12357518,-0.33812505,-0.054029375,0.029191636,-0.2517047,0.83286804,-0.28103483,0.0992634,0.3888765,0.7499121,0.6614654,-0.06888658,0.33119658
33,2445,-0.17859745,0.33264452,-0.9193751,-0.121203154,0.8204637,0.3375885,-0.1469663,0.31021744,-0.30979395,-0.08391779,-0.21577106,0.21425344,0.54646164,0.37544888,0.48466858,-0.66811365
33,2446,-0.22695518,0.23037127,-0.891184,-0.27934438,1.0328392,0.41827914,-0.36574525,0.17036265,-0.25554633,0.1966056,-0.24282883,0.17720596,0.5591504,0.5717217,0.73058754,-0.7549617
33,2456,-0.24717888,0.23114184,0.4968781,-0.24223435,-0.24607266,0.02098263,0.10093441,-0.2607905,-0.70774055,0.37241817,-0.103303656,-0.08697628,-0.5819545,-0.08253048,-0.06762467,-0.43088034
33,2457,0.6778081,-0.62899375,0.3360433,-0.12357515,-0.33812505,-0.054029375,0.029191636,-0.2517047,0.83286804,-0.28103483,0.09926339,0.3888765,0.7499121,0.6614654,-0.06888658,0.3311966
33,2460,-0.20274226,0.28297383,-0.92847955,-0.20797744,0.95725256,0.38858286,-0.26279527,0.25083968,-0.27716005,0.042883024,-0.2333308,0.22947492,0.5668531,0.5066309,0.6129809,-0.73855585
33,2461,-0.27090186,0.13149205,0.59199727,0.017132178,-0.024099857,0.2900868,0.077750914,-0.16983753,-0.044942528,-0.31193474,0.36109373,0.33623838,-0.78588915,0.12893818,-0.29917535,-0.121109
33,2467,-0.09546579,0.46231264,-0.8071778,0.19659548,0.18628143,0.111748904,0.31849426,0.6655456,-0.4011042,-0.5932432,-0.07745719,0.021958083,0.4194197,-0.32536358,0.016479865,-0.23626927
33,2485,-0.29301205,0.50456935,0.09998152,-0.17330477,-0.030291505,0.025633533,-0.066489995,-0.17730379,-0.35790232,0.38976532,-0.0100344755,-1.0327975,-0.23393591,-0.795044,0.41080192,0.7694673
33,2494,-0.5017068,-0.11790055,-0.5569053,0.19097915,0.81777686,0.051225033,-0.58926183,0.3721726,0.13546559,0.40532237,-0.211565,-0.25621307,-0.29621035,-0.6707538,0.13736428,0.057138912
33,2502,-0.08263425,0.4596081,-0.7609295,0.2219164,0.1025331,0.090455085,0.36439985,0.69128764,-0.39922804,-0.64627016,-0.048578817,-0.00016146898,0.39173603,-0.38952458,-0.03221253,-0.18190512
33,2505,-0.18370053,0.52322334,-0.32422563,0.21830472,-0.34094298,-0.036580674,0.44991148,0.4782562,-0.58408594,-0.3825385,-0.003096532,-0.5037405,0.10436468,-0.8307765,-0.07314457,0.26658165
33,2531,-0.06461768,0.056373104,0.562992,-0.18485561,-0.14752482,0.13330388,0.097750105,-0.3436396,-0.3258343,0.14631897,0.07267865,0.3443358,-0.61500716,0.47099245,-0.15968072,-0.5344351
33,2534,-0.35872194,0.090505704,0.46425557,0.25399834,0.2152773,0.38665378,-0.0030430257,-0.03246671,0.30101877,-0.61250913,0.53289884,0.49647516,-0.82165545,0.0920528,-0.40041676,0.06370803
33,2535,0.109802075,-1.4145447,-0.3225626,-0.05744067,0.40347648,-1.0189008,-1.1250131,0.70636046,0.8492221,0.97547406,-0.6478802,0.22001277,-0.5075651,-0.6696869,-0.37546673,-0.23380694
33,2537,-0.25938386,0.33260152,-0.13429335,0.18126777,0.08006157,0.14510952,0.12230622,0.3285957,-0.17645743,-0.40258372,0.14506352,-0.19004773,-0.21697538,-0.533375,-0.08602522,0.24668875
33,2564,-0.29064706,0.14247477,-0.11076155,0.17969403,0.119955,0.12879434,0.013146862,0.41013432,-0.0832355,-0.34941012,0.11748962,-0.14124832,-0.3032993,-0.6176396,-0.123901725,0.22020277
33,2569,-0.33753058,0.12425937,0.5109244,0.114355296,0.114082634,0.3214802,0.013547331,-0.13896227,0.07494256,-0.35872132,0.39891592,0.37437832,-0.8037191,0.10306613,-0.3215463,-0.06663315
33,2578,-0.16467197,0.37622216,-0.91110224,-0.028630778,0.7023865,0.28877774,-0.037561193,0.3854254,-0.31904197,-0.21916011,-0.1888461,0.20400478,0.50568557,0.22422783,0.35203168,-0.58160275
33,2593,-0.3745176,0.10453985,0.45852292,0.19417948,0.22309254,0.3533414,-0.033437505,-0.11178103,0.19748902,-0.42579925,0.44530907,0.44168317,-0.82270485,0.11808039,-0.35114822,-0.029541481
33,2601,-0.3757815,0.28782833,0.31159103,0.180552,-0.049939424,0.24055287,0.15117516,0.12173063,-0.1772224,-0.44887468,0.3188274,0.01005128,-0.58026713,-0.38590264,-0.26830104,0.16177404
33,2606,-0.16467197,0.37622213,-0.9111023,-0.028630748,0.7023865,0.28877774,-0.03756118,0.3854254,-0.319042,-0.21916011,-0.1888461,0.20400475,0.50568557,0.22422783,0.35203168,-0.58160275
33,2626,-0.3693522,0.08934495,0.47875744,0.25508365,0.22738217,0.39411533,-0.011121765,-0.042713284,0.31022656,-0.6106102,0.5406124,0.5119788,-0.84796226,0.1014062,-0.409842,0.061964385
33,2635,-0.0780552,0.05755222,0.5578792,-0.17223808,-0.13061625,0.13985965,0.0875433,-0.34216055,-0.31021512,0.14098966,0.07927403,0.34577924,-0.6230428,0.4627645,-0.16242193,-0.5231536
33,2638,0.06378055,0.07299608,0.6044609,-0.35466793,-0.36913264,0.008201666,0.20827326,-0.37921968,-0.6238754,0.33548218,-0.07963599,0.23746802,-0.5075554,0.4999054,-0.09737988,-0.70335585
33,2641,-0.2975834,0.47812748,0.16011177,-0.2426022,0.043526977,0.049748592,-0.16218026,-0.25679842,-0.280297,0.47548604,-0.0030362532,-1.0895811,-0.28464687,-0.78430057,0.48337865,0.8515587
33,2644,-0.14535874,0.4096337,-0.888161,0.06338398,0.5327459,0.22237778,0.0821308,0.4846787,-0.34652376,-0.34351945,-0.15744397,0.13755362,0.47453666,0.02164258,0.2286012,-0.4616567
33,2659,-0.19631955,0.31476998,-0.82966286,-0.22816199,0.7851888,0.3293626,-0.23899333,0.0974311,-0.3580212,0.30121258,-0.25647885,-0.1471051,0.5882558,0.3040167,0.75626147,-0.49327773
33,2660,0.59494466,-0.49597177,0.24482705,0.1898303,-0.725231,-0.27923518,0.37277532,0.12253337,0.5608052,-0.46542275,0.1399892,0.17622899,0.5986714,0.0051010996,-0.3883054,0.47350323
33,2661,-0.19631955,0.31476998,-0.82966286,-0.22816199,0.78518885,0.32936263,-0.23899327,0.0974311,-0.3580212,0.30121258,-0.25647885,-0.1471051,0.5882558,0.3040167,0.75626147,-0.49327776
33,2675,-0.31020525,0.46625152,0.22011022,-0.31806976,0.11449626,0.07071552,-0.25721067,-0.33493984,-0.2141942,0.5694039,0.0009498745,-1.1725972,-0.34235978,-0.80231607,0.56123394,0.9593442
33,2697,-0.14772336,0.4986928,-0.3713573,0.24217805,-0.33092558,-0.02294477,0.4841894,0.5578923,-0.54084396,-0.5157556,0.022432614,-0.39653164,0.14008278,-0.7884337,-0.11746664,0.21036217
33,2699,0.58265924,-0.46922174,0.21829806,0.17972644,-0.7062928,-0.26762298,0.3721267,0.124475986,0.5312278,-0.4563589,0.1278937,0.16020532,0.6101005,0.0048644245,-0.3614453,0.45891827
33,2701,-0.24183923,0.3196484,-0.1967478,0.27284962,0.03840307,0.14137554,0.21004461,0.42359194,-0.20265625,-0.5447184,0.16005006,-0.036707744,-0.16929278,-0.47103742,-0.18906662,0.1043989
33,2710,0.3264448,-0.02293545,-0.12576672,0.35332572,-0.7749839,-0.32978824,0.59063005,0.26408613,-0.017820463,-0.30681643,0.016150476,-0.3115337,0.56921464,-0.48433942,-0.23316978,0.4492249
33,2714,-0.5302204,-0.1082958,0.116154,0.3527431,0.7443512,0.13306881,-0.52516156,-0.31491867,0.3427176,0.35173672,0.05360012,0.574868,-0.8448814,0.41535145,-0.27593118,-0.48835024
33,2718,0.08553014,0.078890234,0.5669356,-0.40522674,-0.4245317,-0.086393125,0.20558697,-0.40859106,-0.77457386,0.52155703,-0.20626153,0.1475227,-0.45406693,0.47316992,-0.055120844,-0.80536175
33,2719,-0.06050825,0.4476593,-0.65776455,0.25543246,-0.046005286,0.06011993,0.43978614,0.7194623,-0.39059997,-0.73288924,0.009917822,-0.036416218,0.33195704,-0.48776644,-0.11158672,-0.08366572
33,2730,0.5661453,-0.48463735,0.24132742,0.08118919,-0.5458852,-0.17606792,0.24456817,0.015447289,0.58124715,-0.39647686,0.119311675,0.22328268,0.60756826,0.19614123,-0.25259528,0.37789208
33,2732,0.55169624,-0.3777031,0.098618776,-0.2649284,-0.09962745,0.11939643,-0.007338062,-0.14860404,0.54068905,-0.31034422,0.016953211,0.3426814,0.8063097,0.6768303,0.16269577,0.11101558
33,2740,-0.22035933,0.2554461,0.52315646,-0.25771168,-0.298185,0.04527214,0.15803123,-0.2476106,-0.7300808,0.29964647,-0.066980004,-0.09157422,-0.5596424,-0.07805216,-0.06450392,-0.40626743
33,2748,0.13492739,0.11964169,0.5667062,-0.50585103,-0.5929817,-0.17970598,0.28603667,-0.38094643,-1.0009191,0.61363995,-0.3137993,-0.0051241964,-0.37433934,0.33148366,-0.008694064,-0.85211444
33,2760,0.5632058,-0.5033442,0.27832466,0.21296519,-0.7154522,-0.28313223,0.35133684,0.10046193,0.56757194,-0.44280428,0.15660042,0.17083548,0.530489,-0.00852406,-0.40719116,0.46940565
33,2761,-0.25916982,0.14515483,0.6211657,-0.02683197,-0.07412114,0.26993874,0.094466865,-0.19659352,-0.12748408,-0.24418198,0.32338023,0.2997939,-0.7858836,0.12679128,-0.28082055,-0.15890943
33,2765,0.70873904,-0.64731824,0.34181553,-0.20676115,-0.25538158,-0.003512442,-0.039758876,-0.3504844,0.88653785,-0.2240653,0.07787573,0.4225877,0.819208,0.82335234,0.029059477,0.30596644
33,2775,-0.32296118,0.3587901,-0.08727354,-0.117307305,0.34240216,0.1255928,-0.26028425,-0.042532757,-0.112279534,0.29031608,-0.026128259,-0.74879533,-0.2427618,-0.6710211,0.3622967,0.5898548
33,2782,-0.2975834,0.47812748,0.16011177,-0.2426022,0.04352697,0.04974859,-0.16218026,-0.25679842,-0.280297,0.47548604,-0.0030362532,-1.0895811,-0.28464687,-0.7843006,0.48337865,0.8515587
33,2789,0.30261487,-0.1296258,0.2149411,0.21924925,-0.39224517,-0.22525898,0.22031856,-0.4204552,0.46200997,0.14791554,0.15218222,-0.2692328,0.40333033,0.11127706,-0.024908934,0.71063
33,2790,-0.22492582,0.24769595,-0.8763315,-0.2877942,0.98920375,0.40469158,-0.35374385,0.14349477,-0.2895112,0.25031236,-0.25192967,0.08060868,0.5683441,0.50517815,0.7626624,-0.69708455
33,2796,0.56130666,-0.3553593,0.06569944,-0.2756038,-0.10801084,0.122090854,0.015376538,-0.12167126,0.5118718,-0.32796925,0.0044171438,0.33443367,0.8440016,0.664079,0.17686695,0.10795403
33,2797,-0.08942948,0.47207886,-0.45459694,0.26891217,-0.28193957,0.0061931126,0.5207389,0.66898334,-0.45739573,-0.7043742,0.0595337,-0.22778308,0.19902185,-0.6971238,-0.16924404,0.13160896
33,2819,-0.061791983,0.45297414,-0.6766737,0.25366408,-0.030453999,0.06354819,0.43696284,0.7261226,-0.39356703,-0.73353976,0.0036915094,-0.03008078,0.3422323,-0.48181808,-0.10620715,-0.093365245
33,2823,0.6851886,-0.6496073,0.35831732,-0.12915936,-0.32857394,-0.05377569,0.0077720284,-0.29435518,0.8666145,-0.2519569,0.100916564,0.39340413,0.75010014,0.70020324,-0.05905849,0.33999845
33,2831,0.3251595,-0.035332724,-0.10975463,0.36803758,-0.78967273,-0.34025058,0.5946861,0.27114975,-0.007984772,-0.3151636,0.02579861,-0.30618697,0.5486433,-0.5008953,-0.25813833,0.4568197
33,2839,0.31001315,0.036226124,-0.18888937,0.28584683,-0.68231744,-0.26987854,0.5519259,0.22743739,-0.0666942,-0.26536155,-0.020681437,-0.32822043,0.6264558,-0.4053781,-0.11968744,0.3947859
33,2851,-0.2616755,0.54839027,-0.05940479,0.013223961,-0.23300801,-0.040005825,0.18859908,0.04536707,-0.5374281,0.13209036,-0.020075437,-0.856211,-0.088132545,-0.8022947,0.2115904,0.54008806
33,2855,-0.3693522,0.08934494,0.4787575,0.25508365,0.22738217,0.39411533,-0.011121765,-0.042713284,0.31022656,-0.6106102,0.54061246,0.5119788,-0.8479623,0.10140617,-0.409842,0.061964385
33,2890,0.6846795,-0.6443118,0.35075098,-0.12513354,-0.33762062,-0.055802763,0.020187795,-0.26886132,0.8542276,-0.2725773,0.10232161,0.39618433,0.74923307,0.6792634,-0.07052538,0.3373543
33,2895,-0.26874584,0.14714128,0.6141891,-0.014088109,-0.062466122,0.2755254,0.09087072,-0.18735036,-0.111827165,-0.26212144,0.33389616,0.3001843,-0.78872323,0.11288677,-0.28574157,-0.14195856
33,2899,0.12055188,-1.3554076,-0.27702945,-0.20781627,0.328224,-0.94147915,-1.0655555,0.81572866,0.7705776,0.8730032,-0.6048236,-0.02576001,-0.43082035,-0.97368664,-0.256483,0.0419788
33,2906,-0.46710923,0.072838135,-0.3139601,0.23193826,0.5163083,0.103794046,-0.29407036,0.2856274,-0.033536136,0.11060706,-0.043965247,-0.15556267,-0.34443402,-0.5439982,-0.016582303,0.03507281
33,2910,-0.46249434,-0.18933263,-0.5758028,0.10560143,0.8257333,0.02819108,-0.6569436,0.37906843,0.16585678,0.50128883,-0.26840487,-0.3596692,-0.24676324,-0.73828465,0.23255111,0.11182643
33,2920,0.24223322,0.07156929,-0.15675646,0.36558065,-0.7391863,-0.31374875,0.58669966,0.23776776,-0.116752654,-0.23940006,0.0061042197,-0.40131518,0.5123146,-0.52945536,-0.18391143,0.43432558
33,2925,0.51423347,-0.22604081,-0.007357195,-0.6128199,0.3142084,0.37900996,-0.24672507,-0.4649895,0.46750307,-0.06634094,-0.102385044,0.36315715,0.98815024,1.1757321,0.6542586,-0.120331325
33,2931,-0.17714657,0.51383734,-0.33508193,0.22513542,-0.33981866,-0.035294257,0.4564765,0.49469393,-0.57827425,-0.40712148,-0.0015029982,-0.47866905,0.114186466,-0.82107466,-0.08367227,0.24501142
33,2933,-0.5136625,-0.07340208,-0.4994595,0.20102517,0.7666626,0.067037016,-0.5350987,0.3583117,0.098315835,0.34725666,-0.17441961,-0.23526241,-0.3348235,-0.66393787,0.09524931,0.06302387
33,2936,-0.19018212,0.27915716,0.5480203,-0.2781887,-0.3562712,0.0668189,0.21827058,-0.22815791,-0.7573162,0.22536805,-0.032947745,-0.10242248,-0.5328263,-0.08356935,-0.060178015,-0.37743092
33,2941,-0.3108786,-0.041763797,0.35916096,0.09930302,0.3475508,0.16087675,-0.24266161,-0.3758522,0.071059465,0.25897726,0.082400985,0.52561325,-0.7732937,0.52876115,-0.23224847,-0.5271886
33,2944,0.30261487,-0.12962586,0.21494107,0.21924925,-0.39224517,-0.22525898,0.22031856,-0.4204552,0.46200997,0.14791554,0.15218222,-0.2692328,0.40333033,0.11127706,-0.024908934,0.71062994
33,2969,-0.5661164,-0.16310868,0.04976754,0.46161348,0.91634005,0.1715368,-0.6121465,-0.3167723,0.5424647,0.30109847,0.10712659,0.716696,-0.8743238,0.5355167,-0.3136279,-0.49302715
33,2971,0.32644475,-0.022935465,-0.12576672,0.35332572,-0.7749839,-0.3297882,0.59063005,0.26408613,-0.017820463,-0.30681643,0.016150475,-0.3115337,0.5692146,-0.48433942,-0.23316975,0.4492249
33,2972,-0.26492223,0.14737545,0.6167666,-0.021109909,-0.06873137,0.2716128,0.092354834,-0.19264758,-0.12326197,-0.24915716,0.3263732,0.29689926,-0.78651565,0.11776592,-0.2819115,-0.15142281
33,2973,-0.39357162,0.08767144,0.5053776,0.2548476,0.25634706,0.40717882,-0.031672046,-0.06942019,0.32345313,-0.5922382,0.5498016,0.54059565,-0.9017687,0.122904286,-0.42555735,0.0512641
33,2994,0.6851886,-0.6496074,0.35831732,-0.12915933,-0.32857394,-0.05377569,0.0077720284,-0.29435518,0.8666144,-0.2519569,0.100916564,0.39340413,0.75010014,0.70020324,-0.05905849,0.33999845
33,2999,0.15728018,0.03689173,0.33761537,0.25046834,-0.20565094,-0.24124455,0.08197042,-0.9635614,0.56879294,0.6766198,0.21387523,-0.590353,0.24346532,0.26606637,0.20262665,1.0474398
33,3011,-0.36780462,0.09078017,0.46624416,0.27091563,0.2278655,0.39644107,-0.0045415163,-0.02086033,0.32104415,-0.6411057,0.5490242,0.5150623,-0.8384339,0.08767812,-0.41620937,0.077013575
33,3021,0.45983356,-0.30466095,0.16644646,0.19694234,-0.58050066,-0.24072284,0.3347636,-0.033267945,0.4462738,-0.25387996,0.11816341,-0.008122906,0.5488198,0.01738529,-0.22561996,0.50978094
33,3030,0.47135425,-0.21185079,0.31170613,-0.77081037,-0.8378288,-0.78631157,0.14801328,-0.19956127,-1.193143,1.1180847,-0.9510657,-0.16516382,-0.11615008,0.034998223,0.005211018,-1.1743709
33,3032,-0.18061009,0.33049238,-0.7704036,-0.18541518,0.662479,0.289631,-0.17387785,0.094688155,-0.3776874,0.26929396,-0.2369804,-0.21253231,0.5586213,0.20220111,0.6984048,-0.40965208
33,3046,-0.050314415,0.44825846,-0.6180801,0.27315313,-0.11133716,0.051369242,0.4839722,0.7489748,-0.38401982,-0.79899985,0.042546626,-0.039179713,0.30316442,-0.5353071,-0.15720291,-0.036455397
33,3049,0.109802075,-1.4145447,-0.3225626,-0.057440683,0.40347648,-1.0189009,-1.1250131,0.70636046,0.849222,0.97547406,-0.64788014,0.22001274,-0.5075651,-0.6696869,-0.37546676,-0.23380694
33,3060,0.4174831,-0.1205219,-0.06794542,-0.56834733,0.32433754,0.38234547,-0.2117991,-0.39112654,0.32147354,-0.07381453,-0.10619776,0.28828108,0.9005565,1.0331624,0.650435,-0.16465631
33,3062,0.06305804,0.05782105,0.59416497,-0.35363302,-0.34840703,-0.011231609,0.18103445,-0.4009246,-0.6229012,0.39304447,-0.10895318,0.24767597,-0.51509976,0.52771974,-0.09656069,-0.74011225
33,3063,0.5699943,-0.35767856,0.05938141,-0.33579633,-0.036345027,0.16904503,-0.0341039,-0.16088432,0.5306118,-0.31307814,-0.007674955,0.36850482,0.8777414,0.76222754,0.23915885,0.070017
33,3065,-0.18559314,0.32541612,-0.7905673,-0.20012248,0.7038283,0.30329263,-0.19551669,0.095814824,-0.3712839,0.2789797,-0.24348556,-0.18948132,0.56902033,0.23739852,0.71766657,-0.43857503
33,3071,-0.22070646,0.23846397,-0.8919039,-0.2534557,1.0079534,0.40806797,-0.3366875,0.19317074,-0.2537049,0.14745694,-0.23496468,0.20200814,0.55228084,0.55829287,0.6872044,-0.7522412
33,3084,0.103551455,0.122609474,0.4796074,-0.43183473,-0.53302276,-0.1687766,0.2577775,-0.32146966,-0.9222152,0.5473234,-0.29294065,-0.037416726,-0.325966,0.24897628,-0.00190337,-0.77314883
33,3094,0.5831365,-0.5118917,0.27495486,0.20559795,-0.7258664,-0.2865618,0.35841712,0.10039945,0.5796621,-0.4480568,0.15224934,0.17642991,0.5595703,0.0039758235,-0.40450683,0.47935086
33,3103,0.5370059,-0.4099745,0.17370616,0.1661334,-0.6545399,-0.23783574,0.36003304,0.13086371,0.4632846,-0.43860415,0.11211029,0.13011278,0.595775,-0.0062196404,-0.31469882,0.41611305
33,3109,0.6179284,-0.4092929,0.13628681,-0.52198887,0.15375146,0.27043477,-0.21685426,-0.48391744,0.6744841,-0.10021801,-0.04521152,0.42539537,0.9746147,1.1618481,0.47773308,0.022413492
33,3121,-0.5365078,-0.16173497,0.12183307,0.4119934,0.86672443,0.18406275,-0.580112,-0.36068687,0.5072034,0.3117512,0.11424433,0.74819916,-0.90510875,0.6066445,-0.3183552,-0.52886397
33,3142,-0.040948927,0.383514,0.057786345,0.04883355,0.14564069,-0.041027628,-0.07459894,-1.0745214,0.26477593,0.91653806,0.095822066,-0.9046625,0.2777836,0.27991414,0.6900036,0.96766657
33,3145,0.56824875,-0.29721716,0.041797847,-0.60257506,0.26679087,0.3490363,-0.24361752,-0.48831823,0.5547045,-0.0727528,-0.08883293,0.39564693,1.0137206,1.207771,0.6128866,-0.070723176
33,3151,-0.20897768,0.5313691,-0.23899212,0.16140047,-0.3333786,-0.049726672,0.37990302,0.3382972,-0.59322685,-0.20581341,-0.017777693,-0.6273997,0.051953897,-0.82896537,0.012786914,0.34249824
33,3187,-0.12695643,0.42452708,-0.8549746,0.10912121,0.41412723,0.18425253,0.15964319,0.5415921,-0.3608606,-0.42826575,-0.1289039,0.10113992,0.45299685,-0.09314413,0.15454318,-0.3853295
33,3191,-0.15897435,0.3949539,-0.9178954,0.0038570166,0.6552945,0.2682933,0.0050740093,0.42449832,-0.33023047,-0.2681946,-0.18276466,0.18904407,0.50127417,0.15757407,0.30946139,-0.5465946
33,3201,-0.44605988,-0.1110768,-0.50300455,0.11969757,0.7160241,0.05033234,-0.5405955,0.38366622,0.10803491,0.3582453,-0.20549904,-0.32861948,-0.2680862,-0.7322,0.16764061,0.13776353
33,3206,0.074378036,0.08039494,0.6448036,-0.3815075,-0.40532136,0.015965808,0.23443472,-0.38519207,-0.6504741,0.32015675,-0.06783891,0.24221332,-0.5237828,0.5061546,-0.10231452,-0.70630014
33,3208,-0.03235761,0.39317918,-0.032808445,0.014530465,0.13510938,-0.0052948743,-0.043608665,-0.90181124,0.16116875,0.7740035,0.054558344,-0.84494376,0.33168143,0.22299527,0.6829275,0.8262408
33,3214,-0.3258183,0.36841112,-0.050868824,-0.1535413,0.3348617,0.12147398,-0.28307343,-0.0913863,-0.116496086,0.35395312,-0.031153847,-0.81810665,-0.2560603,-0.6911369,0.4055955,0.6433672
33,3231,-0.34030008,0.18466756,0.5603196,0.19403738,-0.045639496,0.3503662,0.14385355,0.061168164,0.098648965,-0.705292,0.532827,0.2921421,-0.7936712,-0.17414327,-0.39856997,0.21352696
33,3241,0.09602945,0.07976257,0.5838388,-0.4277964,-0.4493463,-0.098650016,0.21517421,-0.42039707,-0.8088037,0.5483085,-0.22202663,0.14200054,-0.45763308,0.48100924,-0.052575815,-0.82902914
33,3252,-0.3679054,0.08853783,0.46608812,0.26817334,0.23301385,0.39617884,-0.008594051,-0.02745843,0.32211763,-0.6320101,0.5464248,0.51888555,-0.8404746,0.09700082,-0.41484162,0.069341086
33,3254,-0.35311118,0.119285524,0.5458262,0.11986515,0.13097543,0.34051877,0.004583925,-0.15007907,0.106354624,-0.38239473,0.42755005,0.41266495,-0.856395,0.12038474,-0.34723783,-0.057166766
33,3266,0.44039977,-0.28526238,0.15715443,0.19800776,-0.56436807,-0.2332606,0.32995197,-0.034099624,0.4253534,-0.24480242,0.11661969,-0.020374343,0.5335073,0.009009257,-0.2150295,0.49901932
33,3267,0.6179284,-0.40929285,0.13628678,-0.52198875,0.15375145,0.2704348,-0.21685429,-0.4839175,0.6744841,-0.10021801,-0.04521152,0.42539525,0.9746146,1.1618481,0.47773305,0.0224135
33,3292,-0.271277,0.53081423,-0.0041496456,-0.04588428,-0.16294996,-0.017029166,0.1030269,-0.03465666,-0.47559667,0.21784407,-0.014328465,-0.9033132,-0.13670176,-0.7835826,0.27619374,0.60403234
33,3298,-0.04423049,0.45350766,-0.596091,0.28704667,-0.1551866,0.04821247,0.5199772,0.7792958,-0.3807263,-0.8585657,0.06752825,-0.035699323,0.28300244,-0.57291764,-0.19347717,-0.0008354485
33,3302,0.053647928,0.39202404,-0.39739096,-0.08056222,0.014262192,0.095649146,0.14438547,-0.17496642,-0.23343386,0.15891698,-0.11746277,-0.5573826,0.61149263,-0.0016908348,0.5804557,0.25539848
33,3305,0.059988715,0.06309368,0.5934936,-0.34852573,-0.35034734,-0.0026336461,0.1876951,-0.39041927,-0.616366,0.36824661,-0.0961317,0.24359582,-0.51195985,0.5134625,-0.097317725,-0.721809
33,3317,0.1257321,-1.5977719,-0.4229921,-0.07316917,0.483109,-1.0843039,-1.2668382,0.95434296,1.0700696,0.9254189,-0.6335991,0.116848215,-0.4670114,-0.9863362,-0.365949,0.034302533
33,3320,-0.22035934,0.2554461,0.52315646,-0.25771168,-0.298185,0.04527214,0.15803123,-0.2476106,-0.7300808,0.29964647,-0.06698002,-0.09157422,-0.5596423,-0.07805216,-0.06450392,-0.40626743
33,3329,0.12812129,-1.1502243,-0.22875549,-0.08356474,0.21385317,-0.9305438,-0.87865955,0.51955783,0.52043045,0.9309642,-0.6452832,0.20790325,-0.44653755,-0.47007096,-0.34577674,-0.4172144
33,3342,-0.07778712,0.46009594,-0.7457709,0.23048595,0.07205473,0.0836689,0.38295144,0.7031257,-0.39950567,-0.6688731,-0.03738031,-0.007092282,0.38242453,-0.41341364,-0.050260182,-0.16157635
33,3347,0.568357,-0.40810367,0.1250159,-0.25100094,-0.12634552,0.10131909,-0.002705261,-0.15425172,0.57494146,-0.31448513,0.027010098,0.3536268,0.8018432,0.67573667,0.13402152,0.13400689
33,3356,0.5512656,-0.33169767,0.04095781,-0.31329075,-0.054667037,0.15804014,-0.009584725,-0.13016444,0.49133557,-0.32207435,-0.008403253,0.34258175,0.8613455,0.70611,0.22546887,0.07116065
33,3366,-0.28962228,0.3408953,-0.1506401,0.06660778,0.21417166,0.13339902,-0.046181187,0.18566224,-0.15189745,-0.10652843,0.05845333,-0.41295344,-0.20942183,-0.58282673,0.10374008,0.3626426
33,3371,-0.18288636,0.276489,0.5795836,-0.2783237,-0.36276937,0.09131499,0.2344875,-0.22473723,-0.72643423,0.1656054,0.0080701485,-0.06771459,-0.5563801,-0.062475786,-0.079943925,-0.3565049
33,3378,-0.04851976,0.4519621,-0.6196411,0.27609748,-0.11846152,0.05151393,0.4934228,0.760571,-0.38484424,-0.81625986,0.046952836,-0.03614743,0.30246252,-0.54393375,-0.16508886,-0.030158632
33,3392,-0.22057988,0.31018952,-0.12818487,0.29945534,-0.041559644,0.15841904,0.28449774,0.4617096,-0.18545465,-0.6951609,0.22822277,0.049941853,-0.20715635,-0.45285374,-0.27071005,0.108879186
33,3395,0.07854425,0.073142946,0.6701759,-0.39312378,-0.4063958,0.019844797,0.23238778,-0.40317956,-0.6480757,0.3290723,-0.064855844,0.26699144,-0.54869694,0.53775215,-0.110894024,-0.72382593
33,3403,-0.45517552,0.13241795,-0.22505558,0.23914209,0.41330403,0.12225253,-0.2012854,0.25790343,-0.08562909,0.014522776,0.011674963,-0.12793584,-0.366148,-0.50952095,-0.06515573,0.0361292
33,3411,0.32644475,-0.022935465,-0.12576672,0.35332572,-0.7749839,-0.3297882,0.59063005,0.26408613,-0.017820463,-0.30681643,0.016150475,-0.3115337,0.5692146,-0.48433942,-0.23316975,0.4492249
33,3414,-0.44425476,-0.10784608,0.20561539,0.2825864,0.6401759,0.1650153,-0.43580902,-0.3527982,0.31294203,0.29238814,0.092791766,0.62762886,-0.8323171,0.5403676,-0.2757671,-0.5149062
33,3422,0.5949448,-0.49597177,0.24482708,0.1898303,-0.72523093,-0.2792352,0.37277535,0.12253337,0.5608052,-0.46542275,0.13998921,0.17622899,0.5986714,0.0051011145,-0.3883054,0.4735033
33,3430,-0.32055435,0.12692082,0.5616475,0.0794064,0.06485613,0.320038,0.037170917,-0.15294364,0.043935984,-0.35997987,0.40214342,0.37370253,-0.82349193,0.112354144,-0.32668838,-0.07495974
33,3431,-0.35468474,0.1194189,0.4790758,0.25546232,0.14359985,0.37941942,0.044715285,0.016994163,0.25486696,-0.6707832,0.5420431,0.44320947,-0.80804145,0.0002092272,-0.40889266,0.122191645
33,3453,-0.10063197,0.4521459,-0.7934669,0.18716162,0.20027946,0.11418325,0.29545897,0.6332923,-0.39794225,-0.55375403,-0.083634034,0.014461711,0.4148727,-0.30490097,0.03506826,-0.24555245
33,3456,-0.02518268,0.23207748,0.3779105,0.2230689,0.041314393,-0.18743533,-0.094230965,-1.3744079,0.5852478,1.1132336,0.24113151,-0.9191113,0.069852486,0.3409533,0.49175686,1.2753556
33,3460,-0.013754845,0.34117165,-0.5157839,0.09940383,-0.076171756,-0.01644694,0.25399417,0.12695992,-0.3915213,0.093060404,-0.15026568,-0.4920916,0.54532504,-0.28429407,0.32129815,0.08348634
33,3461,0.6299698,-0.5759909,0.32331806,0.21390535,-0.7694464,-0.313338,0.3618592,0.08143269,0.6562426,-0.45712754,0.16672528,0.2092043,0.5761809,0.030518964,-0.4445066,0.5211006
33,3463,-0.08061177,0.4549015,-0.7420405,0.226136,0.08245848,0.085217774,0.37011316,0.6879854,-0.39720345,-0.6487207,-0.041572038,-0.008592755,0.3813399,-0.40097445,-0.04068621,-0.16917914
33,3475,0.5481467,-0.33448502,0.045445114,-0.3309536,-0.025867004,0.17463517,-0.03240569,-0.14905721,0.50026226,-0.3121808,-0.009533901,0.35457176,0.860008,0.740091,0.24435048,0.056268044
33,3480,-0.46249434,-0.18933266,-0.5758028,0.105601415,0.82573336,0.02819108,-0.65694356,0.3790684,0.16585678,0.5012889,-0.2684049,-0.3596692,-0.24676324,-0.73828465,0.2325511,0.11182643
33,3489,-0.3218875,0.36029726,-0.062060602,-0.1444126,0.33726895,0.12224419,-0.27868795,-0.07826808,-0.11319201,0.33790052,-0.031926025,-0.7962276,-0.24737103,-0.6805176,0.39528057,0.6216538
33,3536,0.031394146,0.41631156,-0.39105898,-0.10484433,0.073031485,0.11780761,0.09817286,-0.24995053,-0.21436866,0.23126268,-0.11516005,-0.6066241,0.59344405,0.03063567,0.64749795,0.29511806
33,3563,-0.3674603,0.0050044656,-0.309649,0.14697184,0.43175083,0.08825322,-0.2806062,0.3852347,0.023568511,0.028179243,-0.05043945,-0.23657522,-0.28258246,-0.6642919,0.031737577,0.17304003
33,3566,0.1257321,-1.5977719,-0.42299217,-0.07316914,0.48310894,-1.084304,-1.2668384,0.95434296,1.0700696,0.9254189,-0.6335991,0.116848215,-0.4670114,-0.9863362,-0.365949,0.034302533
33,3570,-0.47560698,0.05524203,-0.33234662,0.22716635,0.5473136,0.10052405,-0.32459068,0.2942257,-0.01718676,0.13941935,-0.058446016,-0.16537836,-0.34973538,-0.5622334,-0.00500061,0.04157748
33,3573,-0.21476789,0.5512812,-0.1996374,0.12176122,-0.32912803,-0.056077562,0.35238555,0.27727818,-0.5919001,-0.13623944,-0.016522285,-0.6974742,0.021574281,-0.83891284,0.06042318,0.41103896
33,3583,0.5694108,-0.34297845,0.040567666,-0.34618112,-0.027563356,0.17789403,-0.030721113,-0.14999291,0.5133622,-0.31964302,-0.014808472,0.3663159,0.8932057,0.7631093,0.25350738,0.06014649
33,3584,-0.23767382,0.14176323,0.5257381,-0.011263728,-0.060013346,0.23900136,0.08756405,-0.17414552,-0.14511143,-0.20019358,0.27276134,0.2539795,-0.6831498,0.117240414,-0.23540388,-0.18082395
33,3587,-0.38317987,0.10162563,0.45189053,0.22135109,0.24127258,0.3658559,-0.036577,-0.09162468,0.23490718,-0.47123182,0.47030225,0.4595557,-0.8302055,0.10750507,-0.36652592,-0.0015582964
33,3589,-0.15822092,0.40133718,-0.9313916,0.0072508752,0.65637505,0.26744705,0.011215955,0.43722558,-0.33442035,-0.27844882,-0.18498766,0.19076346,0.50803256,0.15025948,0.30615953,-0.5467515
33,3603,-0.30726996,0.34097394,-0.14706083,-0.02977781,0.31075513,0.12364685,-0.18143125,0.05510083,-0.12772089,0.14255092,-0.007994499,-0.59335667,-0.20407324,-0.6119125,0.25902185,0.45571512
33,3604,-0.47560698,0.05524203,-0.33234662,0.22716635,0.5473136,0.10052405,-0.32459068,0.2942257,-0.01718676,0.13941938,-0.058446016,-0.16537836,-0.34973538,-0.5622334,-0.00500061,0.04157748
33,3608,0.59250563,-0.4199882,0.12806733,-0.1582407,-0.2771405,0.012202289,0.10350519,-0.06997265,0.5606984,-0.3656455,0.042351145,0.3102572,0.7969077,0.51730144,0.021662002,0.21731558
33,3611,-0.314336,0.46729618,0.22603045,-0.32966983,0.12474027,0.07335926,-0.270747,-0.34193453,-0.20862281,0.584731,-0.0013076998,-1.1901512,-0.3514849,-0.8151303,0.57203645,0.9787156
33,3621,-0.061791983,0.45297414,-0.67667377,0.25366408,-0.030453999,0.06354819,0.43696284,0.7261226,-0.39356703,-0.73353976,0.003691513,-0.03008078,0.34223235,-0.48181808,-0.10620715,-0.093365245
33,3630,0.29973435,0.055441275,-0.20754036,0.26473624,-0.64725155,-0.24841604,0.53503966,0.21524936,-0.08345927,-0.25135258,-0.030612085,-0.3315354,0.6364123,-0.3795439,-0.08385399,0.37262988
33,3633,0.12360389,0.103552,0.5758603,-0.47113475,-0.5354172,-0.13869786,0.26401874,-0.39930788,-0.91731673,0.5762486,-0.26475298,0.062461272,-0.40351617,0.41069698,-0.025675628,-0.84291387
33,3638,0.59028673,-0.44452646,0.16529672,-0.07683249,-0.37477088,-0.055370487,0.15544349,-0.042818755,0.5718765,-0.37486804,0.066615485,0.279005,0.7426841,0.41018337,-0.07119042,0.27827302
33,3648,-0.40172422,0.093787596,0.50770146,0.23720415,0.25705063,0.39823213,-0.0406311,-0.09324545,0.29172766,-0.5378145,0.52592885,0.5207213,-0.9063882,0.12408404,-0.41194135,0.029223807
33,3663,-0.5721533,-0.16359887,0.0825087,0.42826232,0.89232105,0.15302072,-0.6186757,-0.33718815,0.49895626,0.35665494,0.07911025,0.69727695,-0.906597,0.51581436,-0.3150659,-0.5122323
33,3666,-0.3643824,0.10921469,0.50046355,0.2613244,0.16846822,0.39517948,0.03089299,0.0029676706,0.28932548,-0.68316424,0.5630529,0.48359942,-0.84632003,0.030866757,-0.42697257,0.11926029
33,3683,0.58295333,-0.35346076,0.044496775,-0.350583,-0.033473544,0.17531449,-0.03006114,-0.15597409,0.5278663,-0.31990302,-0.015746906,0.3723113,0.9085385,0.77609146,0.25394344,0.06791342
33,3688,0.5528006,-0.3536316,0.06778644,-0.31114998,-0.050368574,0.15585175,-0.0267632,-0.15617949,0.5208439,-0.3077495,-0.0004048422,0.35295618,0.84430575,0.7270223,0.2186205,0.07670035
33,3692,-0.31078973,0.08675509,-0.19312516,0.16380091,0.24069966,0.107611805,-0.10533534,0.37408078,-0.0466616,-0.1734523,0.041674227,-0.18376924,-0.27006596,-0.6045865,-0.045550194,0.17814946
33,3694,-0.49409276,-0.10670039,-0.5456207,0.19700432,0.7940295,0.051915713,-0.56553227,0.3671954,0.12468758,0.3826031,-0.20154996,-0.24558091,-0.28920656,-0.65382963,0.12754118,0.048090138
33,3699,-0.3873553,0.09323958,0.495336,0.24002402,0.24095677,0.39348963,-0.027958617,-0.075411305,0.2912345,-0.558367,0.52647114,0.51022214,-0.8787065,0.11329852,-0.40680733,0.039371483
33,3713,0.09393967,-1.5295303,-0.38514763,-0.026181787,0.49526095,-1.0479304,-1.2315375,0.8224411,1.0184703,0.9541258,-0.626036,0.21028776,-0.5171682,-0.7945196,-0.38899308,-0.10883367
33,3719,0.12620127,0.24155532,-0.27779606,0.3075484,-0.57334435,-0.22696042,0.5249819,0.18731196,-0.28288597,-0.11647983,-0.047721688,-0.52786404,0.49875844,-0.52878827,-0.009769928,0.37221777
33,3725,-0.07778712,0.4600959,-0.7457709,0.23048596,0.07205473,0.0836689,0.38295144,0.7031257,-0.39950567,-0.6688731,-0.03738032,-0.007092282,0.38242453,-0.41341364,-0.050260182,-0.16157635
33,3737,0.050204642,0.31924668,-0.3720352,0.23291695,-0.37943465,-0.13848886,0.42181885,0.1405494,-0.36009467,-0.012250215,-0.09182666,-0.55841064,0.4980203,-0.45592904,0.13468921,0.27100828
33,3756,-0.4624943,-0.18933266,-0.5758028,0.105601415,0.82573336,0.02819108,-0.65694356,0.3790684,0.16585678,0.5012889,-0.26840493,-0.3596692,-0.24676321,-0.73828465,0.23255111,0.11182643
33,3764,-0.3218875,0.36029726,-0.062060602,-0.1444126,0.33726895,0.12224419,-0.27868795,-0.078268096,-0.11319201,0.33790046,-0.031926025,-0.79622763,-0.24737103,-0.6805176,0.39528057,0.6216538
33,3775,-0.22808227,0.24583404,-0.911532,-0.29459187,1.0414388,0.42169487,-0.36928892,0.16331036,-0.2782794,0.22618994,-0.25663102,0.14222254,0.5809227,0.55821896,0.76200324,-0.7479519
33,3784,0.6423346,-0.515648,0.23676755,-0.35223916,-0.044915054,0.13344777,-0.13030301,-0.41420212,0.7634229,-0.155172,0.018621279,0.41064823,0.8706124,0.9717554,0.2500699,0.15792939
33,3791,-0.052470904,0.26457712,0.38404572,0.21008947,0.08323206,-0.17686114,-0.12977807,-1.4464972,0.5932415,1.1908016,0.24404055,-0.98913825,0.044105045,0.34714872,0.55427355,1.3285891
33,3793,0.59003145,-0.53199923,0.29555255,0.21428287,-0.7389073,-0.29589552,0.35755736,0.09651393,0.6016478,-0.45153204,0.16098824,0.18656878,0.54852647,0.0037958175,-0.42428964,0.49014574
33,3795,0.70873904,-0.6473181,0.34181553,-0.20676115,-0.25538158,-0.003512442,-0.039758876,-0.3504844,0.88653785,-0.2240653,0.07787573,0.4225877,0.81920797,0.82335234,0.029059473,0.30596644
33,3796,-0.2309787,0.20228893,0.6189614,-0.1416589,-0.18902147,0.20296264,0.15260619,-0.21643016,-0.3793357,-0.073499285,0.19693927,0.16007768,-0.7093856,0.0568092,-0.20262586,-0.2455841
33,3805,0.026138298,0.17766464,0.37269115,0.23649415,-0.03015041,-0.2074692,-0.042315125,-1.2717851,0.5863339,1.0009758,0.2367471,-0.8278235,0.116924606,0.3260967,0.40656963,1.2199467
33,3811,-0.33290502,0.18659113,0.5448825,0.19007377,-0.053595953,0.34133267,0.14741617,0.06456899,0.084076315,-0.69233286,0.5193038,0.2735657,-0.7691852,-0.18122378,-0.38573283,0.20879403
33,3819,-0.37879187,0.10126213,0.47990966,0.19142112,0.2267677,0.36152193,-0.036178768,-0.12083298,0.20870453,-0.43317497,0.4571312,0.46122187,-0.8488495,0.13193528,-0.3626925,-0.030075379
33,3840,-0.06486644,0.46398905,-0.51634187,0.28247428,-0.23774925,0.021264277,0.5303949,0.72605205,-0.4219712,-0.7861047,0.06750092,-0.14146698,0.2375302,-0.64872324,-0.18776363,0.07856835
33,3852,0.6138065,-0.53669477,0.28502423,0.20686404,-0.7552579,-0.3015264,0.37194404,0.101962805,0.60872674,-0.45964786,0.15362567,0.18819822,0.5879004,0.011422649,-0.42014375,0.50307304
33,3857,0.45983356,-0.30466095,0.16644646,0.19694234,-0.58050066,-0.24072286,0.3347636,-0.033267945,0.4462738,-0.25387993,0.11816339,-0.008122906,0.5488198,0.01738529,-0.22561996,0.5097809
33,3863,-0.3447775,0.13553461,0.48147118,0.24595395,0.0947928,0.3674738,0.073320374,0.03951124,0.21506521,-0.6848893,0.5345403,0.39941168,-0.78414947,-0.049101144,-0.40167758,0.14570352
33,3864,-0.080323696,0.29855925,0.38093477,0.20130771,0.121775374,-0.16663527,-0.15948565,-1.5098187,0.5915592,1.2654543,0.24141748,-1.0576743,0.025649402,0.34908843,0.61385316,1.3712925
33,3879,-0.36780462,0.090780176,0.46624422,0.27091563,0.2278655,0.39644104,-0.0045415163,-0.02086033,0.32104415,-0.6411057,0.5490242,0.51506233,-0.838434,0.08767812,-0.4162094,0.07701359
33,3886,-0.564909,-0.1697649,0.06429693,0.46891478,0.9365365,0.19034669,-0.6160904,-0.3340433,0.5724837,0.28713948,0.1271149,0.7610036,-0.8937946,0.58996487,-0.32369557,-0.5049084
33,3888,-0.28119633,0.12284148,0.6014384,0.031772695,0.0017674565,0.30563676,0.06590865,-0.17122531,-0.003339842,-0.3388443,0.38481948,0.3696521,-0.8139361,0.14485185,-0.31721973,-0.109764054
33,3893,-0.31738368,0.42915112,0.15191682,-0.29405123,0.2208694,0.09395063,-0.306216,-0.2934313,-0.1515206,0.53925216,-0.005504813,-1.0820795,-0.3342175,-0.75523424,0.5476815,0.8893198
33,3896,0.5937157,-0.32895628,0.062230915,-0.60192716,0.2488461,0.33861923,-0.24351917,-0.49685904,0.5936442,-0.078813285,-0.0833265,0.41387594,1.0281403,1.226039,0.5965653,-0.05152428
33,3897,-0.15355726,0.40772247,-0.9223541,0.02795992,0.6142861,0.25135,0.03870546,0.45799527,-0.34078205,-0.30508223,-0.17724225,0.17283587,0.49965483,0.102432474,0.27816877,-0.517189
33,3901,0.13295686,-1.224737,-0.24163681,-0.09489316,0.2494271,-0.96661514,-0.94224244,0.55914104,0.5879858,0.9670587,-0.66315806,0.2118512,-0.4676442,-0.51469594,-0.35384858,-0.38936996
33,3921,-0.19689758,0.27164075,0.6036963,-0.2488547,-0.33767045,0.12950724,0.2329463,-0.20943376,-0.64777327,0.07026008,0.0741258,-0.022657692,-0.599681,-0.061663583,-0.11564188,-0.30095315
33,3922,0.10882505,0.33389294,-0.36437076,-0.030464247,-0.10078337,0.032939695,0.2084516,-0.13089094,-0.18970062,0.10799104,-0.10320683,-0.5369157,0.63493204,-0.056317493,0.48636866,0.30957472
33,3923,-0.34021863,0.15271679,0.50532806,0.22554487,0.042388767,0.3581764,0.09848392,0.04622399,0.16928282,-0.6857401,0.52895284,0.35533887,-0.77918893,-0.09370269,-0.3952188,0.16666979
33,3932,-0.41619614,-0.06893778,-0.4356736,0.1316598,0.6152688,0.0645385,-0.4457217,0.38364482,0.07942164,0.23697743,-0.14906581,-0.2906512,-0.27004313,-0.7010157,0.118194625,0.14623564
33,3945,-0.0442305,0.45350766,-0.596091,0.28704667,-0.1551866,0.04821247,0.5199772,0.7792958,-0.3807263,-0.8585657,0.06752825,-0.035699323,0.28300244,-0.5729177,-0.19347717,-0.0008354485
33,3946,-0.17714657,0.51383734,-0.33508193,0.22513542,-0.33981866,-0.035294257,0.45647657,0.49469393,-0.57827425,-0.40712148,-0.0015029982,-0.47866905,0.114186466,-0.82107466,-0.08367227,0.24501142
33,3948,-0.45453092,-0.12528855,-0.51140857,0.11430161,0.7406153,0.049449775,-0.5664756,0.38754296,0.12236428,0.38056594,-0.21429284,-0.33637556,-0.278732,-0.74812543,0.17486611,0.14691341
33,3951,0.12567785,0.070846125,0.3729692,0.25670666,-0.16436408,-0.24633452,0.048137262,-1.091802,0.60015565,0.79840434,0.2312911,-0.6627136,0.20288359,0.30293554,0.2527713,1.1302259
33,3952,-0.32103,0.19924001,0.51026326,0.17872605,-0.07882245,0.3186436,0.16037142,0.07657653,0.035567284,-0.6597624,0.48485705,0.2186143,-0.71546376,-0.2145459,-0.35684237,0.20366204
33,3953,-0.46921393,-0.03670302,0.18852033,0.23851869,0.542667,0.116033256,-0.39403468,-0.3042111,0.1339764,0.3471985,0.027004842,0.43952155,-0.7818313,0.32114917,-0.22978254,-0.47331432
33,3954,0.58734167,-0.3955337,0.09640597,-0.31025648,-0.07672356,0.14025143,-0.025327817,-0.17121086,0.57265866,-0.31236428,0.0065772794,0.37507075,0.8640887,0.7516626,0.19807146,0.104171805
33,3957,-0.45840207,-0.15080342,-0.53016144,0.08751584,0.7621599,0.029940013,-0.6144967,0.36369306,0.114966005,0.48231876,-0.25825983,-0.3958161,-0.25494248,-0.7675591,0.22628835,0.14167613
33,3960,-0.22746664,0.24286324,-0.89410895,-0.290274,1.0218979,0.41540873,-0.36377686,0.15877633,-0.27834767,0.22804713,-0.25171024,0.1283008,0.5709747,0.5416753,0.7558789,-0.73267287
33,3979,0.23995939,-0.6066761,0.0002129674,-0.27180335,-0.21953154,-0.76544297,-0.345205,0.096496426,-0.25246984,0.9160207,-0.69223875,0.12245612,-0.28353286,-0.050610036,-0.20173262,-0.8234727
33,3988,0.24160075,0.19212586,-0.36716965,0.10769736,-0.40960306,-0.10325246,0.4349844,0.16845112,-0.21434005,-0.18791358,-0.104742944,-0.33424696,0.7381499,-0.2028374,0.16166142,0.20681235
33,3995,-0.4948484,-0.13493308,0.12185691,0.37097615,0.7679292,0.1663953,-0.51492536,-0.32978332,0.42500806,0.28889623,0.09937289,0.66691864,-0.83484703,0.5408357,-0.2892265,-0.5026771
33,3997,-0.3443299,0.16215187,0.53377444,0.21881756,0.01666145,0.36165768,0.113116145,0.05157815,0.15623015,-0.70545983,0.54034126,0.34770304,-0.8001436,-0.11725949,-0.40650183,0.18695906
33,3998,-0.04371959,0.44154355,-0.56130314,0.28635237,-0.17397864,0.04585714,0.51834196,0.7602489,-0.3723861,-0.8507294,0.07721476,-0.04424326,0.26415306,-0.57334775,-0.19761121,0.012074597
33,4029,0.5321147,-0.3109235,0.028503656,-0.3120825,-0.040913098,0.1650911,-0.011895224,-0.12672073,0.46627754,-0.3154067,-0.011545245,0.32925797,0.84827715,0.6940055,0.23608491,0.058323182
33,4033,0.20792794,0.22120759,-0.38760316,0.068300344,-0.33178878,-0.05439187,0.39283824,0.1653498,-0.246565,-0.18515983,-0.1116828,-0.31789306,0.7187058,-0.16445586,0.2090221,0.14581478
33,4051,-0.3663715,0.09509544,0.46961647,0.27029026,0.21521305,0.39523104,0.003581822,-0.013353571,0.31357014,-0.65066195,0.55078226,0.5064305,-0.8360518,0.07348068,-0.41739726,0.08640505
33,4057,0.55679256,-0.33166793,0.035267904,-0.34630743,-0.016285185,0.18339497,-0.03533128,-0.15125844,0.5003223,-0.31345254,-0.016131226,0.35945922,0.8828469,0.75927556,0.2609049,0.05124542
33,4071,0.11917848,0.0882332,0.5796173,-0.45156208,-0.4952433,-0.11771471,0.2446177,-0.40978113,-0.85942763,0.55587876,-0.24069594,0.11030646,-0.4243539,0.46027583,-0.03922112,-0.8397534
33,4076,0.5688893,-0.44806072,0.1999055,0.1727355,-0.68781036,-0.2570275,0.36844707,0.12530735,0.50763744,-0.4486175,0.12009001,0.14866911,0.6114593,0.004156992,-0.34161577,0.44466865
33,4083,-0.12695643,0.4245271,-0.8549746,0.1091212,0.41412723,0.18425253,0.15964317,0.5415921,-0.3608606,-0.4282658,-0.1289039,0.10113992,0.4529968,-0.09314416,0.15454318,-0.38532954
33,4091,-0.36664003,0.106919445,0.49954718,0.25998586,0.17730726,0.39565948,0.024066672,-0.004914671,0.2918958,-0.6716643,0.56026727,0.487476,-0.84923184,0.040457144,-0.42483374,0.111527674
33,4094,0.6766675,-0.56571305,0.27071542,-0.33243784,-0.09162433,0.106133126,-0.11597259,-0.4024937,0.8167463,-0.1824437,0.034184087,0.4372691,0.87533927,0.9649321,0.19788252,0.19310102
33,4107,-0.172779,0.35202616,-0.9341962,-0.09439303,0.80041003,0.32906616,-0.113311276,0.34048292,-0.311841,-0.13829646,-0.2099107,0.2306339,0.54260963,0.3447284,0.4428262,-0.65581775
33,4109,-0.37994462,0.104740135,0.5080168,0.1739343,0.2115454,0.36194524,-0.03195505,-0.13614178,0.18989775,-0.4190941,0.45558682,0.461546,-0.8707454,0.13720836,-0.3660737,-0.03904809
33,4112,0.29618716,-0.0026317239,-0.12939957,0.35664612,-0.75247914,-0.3192895,0.5795697,0.26355547,-0.042229235,-0.2972174,0.01798017,-0.32222068,0.5358384,-0.49585986,-0.22643922,0.43101156
33,4139,-0.26979467,0.3371835,-0.14643846,0.1497348,0.12132841,0.13958052,0.07291068,0.28791314,-0.17468181,-0.311505,0.1155114,-0.25695497,-0.21013252,-0.5477864,-0.028764192,0.27474597
33,4148,-0.14729178,0.41262236,-0.90609366,0.05688092,0.55502045,0.22935331,0.07419856,0.48691687,-0.34743434,-0.33966327,-0.1635496,0.14787345,0.48488426,0.037724897,0.2391405,-0.476536
33,4172,0.60456187,-0.48962227,0.20674922,-0.18378025,-0.22524598,0.028756205,0.021539636,-0.18497983,0.6667166,-0.2997691,0.057246998,0.35281676,0.77026725,0.64257604,0.04171645,0.22031501
33,4179,0.52696,-0.38032845,0.14314692,0.15604208,-0.63990784,-0.22302568,0.36780918,0.15909122,0.42702776,-0.4563884,0.104962684,0.12615837,0.6039112,-0.019472271,-0.30028394,0.39592683
33,4185,-0.22078592,0.32110137,-0.039410353,0.27438134,-0.1091394,0.16515532,0.31512642,0.44308227,-0.2043203,-0.7238026,0.25911856,0.023012012,-0.25536537,-0.48818082,-0.28665859,0.16438225
33,4186,0.069692485,0.07574025,0.66107047,-0.36074504,-0.38783228,0.055265468,0.23932588,-0.36872146,-0.5843454,0.23261929,-0.01183819,0.28106624,-0.5444617,0.5137939,-0.121597454,-0.66147476
33,4199,-0.15355726,0.40772247,-0.9223541,0.02795992,0.6142861,0.25135,0.03870546,0.45799527,-0.34078205,-0.30508223,-0.17724225,0.17283587,0.4996549,0.102432474,0.27816877,-0.517189
33,4229,0.0778588,0.0697909,0.61140865,-0.39814648,-0.39901793,-0.043479234,0.201286,-0.42127028,-0.71357393,0.46467364,-0.15405938,0.21182354,-0.50681204,0.523075,-0.081135035,-0.7864992
33,4230,0.20141879,0.23106946,-0.3752874,0.05940555,-0.31012028,-0.051323093,0.3677736,0.10713576,-0.22031812,-0.12788965,-0.107782036,-0.36607948,0.7098448,-0.15413824,0.24957408,0.20130113
33,4232,-0.11048708,0.4437324,-0.81580937,0.16167942,0.27194613,0.13617028,0.24877584,0.6014996,-0.3882655,-0.50615984,-0.10094468,0.03893587,0.42881256,-0.23701611,0.0771599,-0.29205304
33,4243,0.1368429,-1.5747225,-0.4116004,-0.1058816,0.44807458,-1.0718404,-1.2378731,0.9617125,1.0303514,0.90729874,-0.6355097,0.07070221,-0.4407236,-1.0264616,-0.3410805,0.06480009
33,4276,-0.38735527,0.09323958,0.49533606,0.24002403,0.24095674,0.39348963,-0.027958617,-0.075411305,0.2912345,-0.558367,0.5264711,0.51022214,-0.87870646,0.11329852,-0.40680733,0.039371483
33,4284,-0.22808227,0.24583404,-0.911532,-0.29459187,1.0414388,0.42169487,-0.36928892,0.16331036,-0.2782794,0.22618994,-0.25663102,0.14222254,0.5809227,0.55821896,0.76200324,-0.7479519
33,4285,-0.21982393,0.24577987,-0.90938723,-0.2545583,1.0193312,0.41182998,-0.33415616,0.20196593,-0.25660044,0.13744566,-0.23877437,0.21312429,0.5619768,0.5647199,0.687686,-0.7611996
33,4312,-0.36664003,0.106919445,0.49954718,0.25998586,0.17730726,0.39565948,0.024066672,-0.004914671,0.2918958,-0.6716643,0.56026727,0.487476,-0.84923184,0.040457144,-0.42483374,0.111527674
33,4313,-0.38474253,0.10159488,0.47430342,0.20661731,0.23563679,0.3671972,-0.03744988,-0.10875499,0.22512248,-0.4556304,0.46884805,0.46609753,-0.851009,0.120985374,-0.3696321,-0.013687346
33,4317,-0.19538876,0.020185187,0.48351413,-0.04683289,0.09780684,0.17181434,-0.062818155,-0.3706192,-0.12492426,0.18200135,0.09898162,0.4401309,-0.71351093,0.5037803,-0.19839847,-0.51277256
33,4324,-0.28119633,0.12284148,0.6014384,0.031772695,0.0017674565,0.30563676,0.06590865,-0.17122531,-0.003339842,-0.3388443,0.38481948,0.3696521,-0.8139361,0.14485185,-0.31721973,-0.109764054
33,4328,0.08362747,-1.5451779,-0.40903705,-0.0067079067,0.51952475,-1.0424654,-1.2475349,0.86139774,1.0624459,0.922664,-0.605321,0.20133542,-0.50851476,-0.83604294,-0.3897104,-0.060343146
33,4333,0.57521516,-0.48606184,0.24740402,0.19916636,-0.7166787,-0.2788483,0.36589575,0.11272566,0.54959047,-0.4487391,0.14180434,0.16210736,0.5732911,-0.0054264516,-0.3860319,0.4688481
33,4335,0.5324239,-0.3891692,0.15106215,0.16097017,-0.6498153,-0.23114172,0.3690654,0.14878654,0.4377796,-0.44775778,0.10543726,0.1226628,0.60665286,-0.017720923,-0.3040619,0.40669185
33,4337,-0.26979467,0.3371835,-0.14643846,0.1497348,0.12132841,0.13958052,0.07291068,0.2879131,-0.17468181,-0.311505,0.1155114,-0.25695497,-0.21013252,-0.5477864,-0.028764192,0.27474597
33,4340,0.6846795,-0.6443118,0.35075098,-0.12513354,-0.33762056,-0.055802763,0.02018781,-0.26886132,0.8542276,-0.2725773,0.10232161,0.39618427,0.74923307,0.6792634,-0.07052538,0.33735433
33,4343,-0.16651669,0.3654577,-0.9133321,-0.049203277,0.73464555,0.30317098,-0.06350827,0.36857772,-0.31120235,-0.19637683,-0.19230905,0.21899234,0.51305455,0.26888824,0.3777968,-0.6068479
33,4350,-0.33846197,0.1781455,0.56404245,0.1964938,-0.038632963,0.35423902,0.13949892,0.057128236,0.113482505,-0.71080786,0.5390204,0.30590433,-0.7983255,-0.15980445,-0.40148464,0.21079764
33,4351,-0.24115503,0.5515065,-0.13533342,0.08203202,-0.3162551,-0.064976715,0.28902248,0.16340749,-0.6013472,0.016254112,-0.0345616,-0.79369074,-0.016850725,-0.8355676,0.1288595,0.45641458
