window_id,vehicle_id,z_0,z_1,z_2,z_3,z_4,z_5,z_6,z_7,z_8,z_9,z_10,z_11,z_12,z_13,z_14,z_15
127,873,0.3437941,0.36116624,1.2092398,-0.053434804,-0.71983856,-0.2256485,-0.45062312,0.6803676,-0.22145583,0.5215284,0.05182466,0.5181819,0.5872263,-0.11255715,0.68599087,-0.2750225
127,2151,0.34379417,0.36116624,1.2092398,-0.053434804,-0.71983856,-0.2256485,-0.45062312,0.68036747,-0.22145586,0.5215284,0.051824644,0.518182,0.5872263,-0.11255715,0.68599075,-0.2750225
127,2344,0.33248,0.35450256,1.1697245,-0.04508896,-0.6973577,-0.21800795,-0.4300414,0.6390941,-0.21505152,0.5069973,0.033430383,0.51265246,0.55497956,-0.113409676,0.63939816,-0.25458896
127,3655,0.3437941,0.3611663,1.2092398,-0.053434804,-0.71983856,-0.22564846,-0.45062312,0.68036765,-0.22145586,0.5215285,0.051824674,0.51818204,0.58722615,-0.11255715,0.6859908,-0.2750225
127,4043,-1.2911054,0.17245722,0.17439449,-1.0987375,0.09091141,0.16759026,-0.06757671,-0.075783215,0.011370972,0.7001853,0.6189354,-0.65312797,-0.20673239,-0.85315865,-1.038337,-0.13038181
127,396,-0.43195742,0.14979054,-0.6271054,0.004829839,9.6946955e-05,-0.8067446,-0.4593001,-0.21451283,-0.44064355,0.4161929,-0.25711346,-0.20576464,-1.2377797,-0.07900871,0.32869798,-0.109420225
127,2652,0.18792985,0.34819907,-0.15944645,-0.63452023,-0.69340736,-1.1572785,-0.25447863,-0.31897,-0.8572385,0.6906996,-1.4101357,0.4662658,-1.6138159,-0.6594735,0.0382742,-0.6539298
127,3539,-0.8935115,0.5270667,0.22393906,-0.57422817,0.1604782,0.30490604,0.2503208,-0.26742753,0.18178889,0.3892096,0.2656934,-0.28191105,0.062045723,-0.79280496,-0.8994055,0.13991821
127,3973,-0.8935115,0.5270667,0.22393906,-0.57422817,0.1604782,0.30490604,0.2503208,-0.2674275,0.1817889,0.38920957,0.26569337,-0.28191105,0.062045664,-0.792805,-0.8994054,0.13991821
127,1444,0.33248007,0.35450256,1.1697243,-0.04508896,-0.6973577,-0.21800789,-0.4300414,0.6390941,-0.21505152,0.5069973,0.033430398,0.51265246,0.55497944,-0.113409676,0.63939816,-0.25458896
127,1650,0.34379417,0.36116624,1.2092398,-0.053434834,-0.71983856,-0.22564846,-0.45062312,0.6803675,-0.22145583,0.5215284,0.051824644,0.5181819,0.5872263,-0.11255715,0.68599087,-0.27502257
127,2033,-1.2911053,0.17245723,0.17439449,-1.0987375,0.09091141,0.16759026,-0.06757671,-0.075783215,0.011370972,0.7001853,0.61893535,-0.65312797,-0.20673239,-0.8531587,-1.038337,-0.13038184
127,4066,0.33248,0.35450256,1.1697243,-0.045088932,-0.6973578,-0.21800795,-0.43004143,0.6390942,-0.21505149,0.5069972,0.033430353,0.5126524,0.55497956,-0.113409676,0.6393981,-0.25458896
127,2509,0.33248007,0.35450256,1.1697243,-0.045088977,-0.69735765,-0.21800792,-0.4300414,0.63909405,-0.21505149,0.5069972,0.033430383,0.51265246,0.55497956,-0.113409676,0.6393981,-0.25458896
127,1050,0.33248,0.35450262,1.1697243,-0.045088947,-0.6973578,-0.21800795,-0.4300414,0.6390941,-0.21505152,0.5069973,0.033430383,0.5126524,0.55497944,-0.113409676,0.63939816,-0.25458896
127,3047,-0.6177055,0.23019056,-0.37954572,-0.21666716,-0.121499635,-0.4653364,-0.23777741,-0.50549936,-0.2925442,0.46898088,-0.16214424,0.05241678,-0.8958256,-0.4651702,-0.48056778,0.11209932
127,3235,0.3437941,0.36116624,1.2092398,-0.053434804,-0.71983856,-0.22564852,-0.45062312,0.68036765,-0.22145586,0.5215285,0.05182466,0.518182,0.58722615,-0.11255715,0.6859908,-0.2750225
127,3804,0.33248007,0.35450256,1.1697245,-0.045088947,-0.6973578,-0.21800798,-0.43004143,0.6390941,-0.21505149,0.5069972,0.033430383,0.51265246,0.55497956,-0.113409676,0.6393981,-0.25458896
127,2007,0.18792988,0.348199,-0.15944645,-0.6345203,-0.6934073,-1.1572783,-0.25447863,-0.31897,-0.8572384,0.6906996,-1.4101357,0.46626574,-1.6138161,-0.6594734,0.0382742,-0.6539298
127,2468,0.33248,0.35450256,1.1697243,-0.045088947,-0.69735765,-0.21800795,-0.43004143,0.6390941,-0.21505149,0.5069972,0.033430383,0.51265246,0.55497956,-0.113409676,0.63939804,-0.25458896
127,1519,0.33248,0.35450262,1.1697243,-0.045088932,-0.6973577,-0.21800795,-0.4300414,0.6390941,-0.21505149,0.5069973,0.033430383,0.51265246,0.55497944,-0.113409676,0.63939816,-0.2545889
127,2484,-1.2731467,0.18444917,0.16989931,-1.0783262,0.09033923,0.16394931,-0.057533212,-0.089131065,0.012757622,0.6898873,0.5975639,-0.63660944,-0.2082254,-0.85383654,-1.032613,-0.12076163
127,3091,0.33248007,0.35450256,1.1697243,-0.045088932,-0.69735765,-0.21800792,-0.4300414,0.6390941,-0.21505152,0.5069973,0.033430398,0.51265246,0.55497956,-0.113409676,0.6393981,-0.25458896
127,4203,0.34379417,0.36116624,1.2092398,-0.053434804,-0.7198386,-0.2256485,-0.45062312,0.68036765,-0.22145589,0.5215284,0.05182463,0.5181819,0.5872263,-0.11255715,0.6859908,-0.2750225
127,3538,0.33863682,0.35821623,1.189564,-0.04982589,-0.7090272,-0.22227028,-0.4399535,0.6592983,-0.21871163,0.5145405,0.041246846,0.51606774,0.5703974,-0.11342265,0.6621717,-0.2651751
127,2,0.13037674,0.13908851,0.070647165,0.6656343,0.2526756,0.2623395,0.2511098,-0.42376155,0.44290447,-0.3171623,-0.64034593,-0.27439633,0.007845372,-0.53675056,-0.13067256,0.29147384
127,3,0.3213219,-0.43900353,0.023888841,-0.2487201,-0.2814522,0.34093615,0.3837331,0.045595303,-0.038240835,-0.79408455,-0.03560479,0.27429998,0.16646424,-0.1565806,-0.06543786,-0.49893427
127,5,0.3504759,-0.76926005,-0.06448499,-0.35113358,-0.25534138,0.15936846,0.22567987,0.23498754,-0.09624638,-0.6504622,-0.023141496,0.21958378,-0.13254073,0.14556634,0.055757403,-0.74758965
127,22,-0.11409211,0.1294132,0.33466807,0.35145563,-0.40765238,-0.34024298,-0.5462252,-0.058922585,-0.23183174,0.49906328,0.27603036,0.46727628,0.084329665,0.11469067,0.1034219,0.36427194
127,23,0.29032314,1.9201242,-1.2157489,-1.1322141,0.8599587,-0.21371567,0.8680796,0.61273605,-0.27159536,-0.75458366,0.5010026,-1.3230839,0.6662946,0.49335116,1.3614426,0.56575036
127,32,0.484581,-0.4800431,-0.028903216,-0.18839951,0.07014022,0.2641231,0.3993774,0.16009562,0.08600527,-0.15293324,-0.30715257,0.25384346,0.09729487,0.49259663,-0.25417155,-0.36523587
127,35,0.09785791,0.4562751,0.38199914,0.04847485,0.07409458,0.64368504,0.62263703,-0.21476981,0.31174883,-0.20391245,-0.42826596,0.1640313,0.56205297,-0.5501667,-0.49516413,0.08838968
127,44,0.46325696,-0.0826581,0.33667004,0.11979169,0.27599046,0.36312592,0.53799975,0.18066974,0.41024578,0.1395106,-0.9713191,0.014715962,0.057186276,0.026824974,-0.24417861,-0.37286985
127,73,-0.26647472,-0.4910618,-0.44272935,1.002259,0.3141985,-0.1748836,-0.626646,-0.3521328,0.21335658,-0.26699942,0.35728204,-0.4346343,-0.29584295,0.12694803,0.30415434,0.52102983
127,85,-0.03568536,0.072346635,0.58261853,0.4391995,-0.4475693,-0.17114082,-0.5716193,0.10779202,-0.123533025,0.40746322,0.50909466,0.47488242,0.48253146,0.16027,0.22169858,0.42197025
127,88,0.45051855,-0.47402626,0.053547412,-0.10141297,-0.2805517,0.33598244,0.41255736,0.01960729,0.030548975,-0.8850311,-0.22898346,0.24135852,0.1403758,-0.21843487,0.0038270503,-0.5012415
127,92,-0.092399985,0.13593543,0.41436166,0.37454003,-0.45390785,-0.32482496,-0.57770085,-0.023931108,-0.23584916,0.52666014,0.34849998,0.5209614,0.20636573,0.14042082,0.13246724,0.39936614
127,101,0.25857633,0.060139123,0.20251659,-0.28425187,0.24730137,0.4898383,0.5760478,0.110100895,0.20728317,0.29206467,-0.34527183,0.28390816,0.40016523,0.34920216,-0.6017187,-0.12981777
127,109,0.33152878,-0.51176333,-0.003895335,-0.26997757,-0.2925351,0.3079448,0.35546687,0.07214297,-0.0591193,-0.80255944,-0.017173648,0.2729108,0.11891231,-0.11002009,-0.03622991,-0.5465747
127,110,0.22440587,0.118335225,0.054735117,0.7860552,0.25744778,0.27376464,0.26387367,-0.45972586,0.47127402,-0.39902917,-0.7257824,-0.27296236,0.033370048,-0.5434312,-0.074909225,0.32463318
127,117,0.29570758,0.05254071,0.06370397,0.7668914,0.20503773,0.2867992,0.28935507,-0.4124868,0.46681947,-0.4892932,-0.7391854,-0.23984301,0.060335636,-0.521514,-0.04123126,0.2515537
127,119,0.44502848,-0.46707475,0.051040847,-0.12427063,-0.2954524,0.35092333,0.42507604,0.012855068,0.018351853,-0.90627444,-0.20056692,0.2601894,0.16953138,-0.23038767,-0.0076567084,-0.5002682
127,122,0.086024895,0.5061609,0.38375166,0.043100342,0.050762556,0.6889646,0.6568094,-0.25957412,0.30713654,-0.25716725,-0.3858867,0.19669983,0.6479806,-0.60610694,-0.52776146,0.13557461
127,127,-0.33676726,-0.117125764,-0.05806587,0.71565515,-0.1536873,-0.17635223,-0.6431341,-0.3367407,-0.047515914,0.18077628,0.7178946,0.21758452,0.16704917,0.21942171,-0.0008344799,0.7960147
127,141,-0.007292688,-1.0628445,-0.48482776,-0.7351053,-0.48757797,0.004568927,-0.053927712,0.19125687,-0.4908365,-0.8979248,0.88409704,0.36517426,-0.17902249,0.33479086,0.082646936,-0.77833134
127,143,0.33152878,-0.51176333,-0.003895335,-0.26997763,-0.2925351,0.30794483,0.35546684,0.07214297,-0.0591193,-0.8025594,-0.017173648,0.2729108,0.11891228,-0.11002009,-0.03622991,-0.5465748
127,146,-0.31100726,-0.12040998,0.081261404,0.38192284,-0.08561034,-0.31186676,-0.66503435,0.26866943,-0.03277436,0.20091741,0.52153414,-0.18307316,-0.12992007,0.101891465,0.6098675,0.09493547
127,154,-0.049340673,-0.50277144,-0.30025798,0.87109685,0.48750803,-0.15471637,-0.29464212,-0.053469308,0.35354212,-0.24047807,-0.19981197,-0.6235398,-0.47142142,0.06944651,0.41362274,0.14240281
127,155,0.18630193,0.32359654,0.1586145,-0.34186614,-0.6836737,-0.91584814,-0.38045508,-0.107093684,-0.6732182,0.663402,-0.9003722,0.5147426,-0.97366905,-0.4179115,0.1995607,-0.41091412
127,166,0.16827379,0.2274411,0.35154164,-0.18499239,0.07795321,0.5888623,0.6131117,0.009973399,0.2438412,-0.06899443,-0.37341303,0.2326338,0.47165194,-0.21371421,-0.49215585,-0.16163982
127,171,0.028083906,-0.8682757,-0.39284572,-0.6360551,-0.47926402,0.1153028,0.061667018,0.09903151,-0.41643196,-0.9567978,0.7691436,0.37831882,-0.020156235,0.15602422,0.023333877,-0.6527667
127,175,0.42621064,-0.12534647,0.10392386,0.7021784,0.18733346,0.24311554,0.29182982,-0.24013984,0.47219974,-0.46902797,-0.8745076,-0.24378383,-0.05404608,-0.38823444,0.054443195,0.012726434
127,178,-0.9841505,0.16335249,0.07533073,-0.6260647,0.12104182,0.15387201,-0.051719308,-0.21436104,0.08735994,0.4508049,0.39703774,-0.53170294,-0.17357634,-0.74980223,-0.805214,0.03764323
127,183,-0.9952379,0.51544875,0.23087665,-0.68859416,0.15652671,0.30718616,0.22720909,-0.25236076,0.16817589,0.45632258,0.33946338,-0.34080744,0.057115197,-0.84669125,-0.96543586,0.11137335
127,197,0.017077297,-0.7485669,-0.33543357,-0.5680961,-0.43575364,0.14792854,0.09108308,0.06457618,-0.3626473,-0.89922035,0.6906473,0.35381967,0.0127235055,0.095707364,-0.014643028,-0.5705647
127,199,0.016380966,0.12072698,0.7199687,0.3284713,-0.47317237,-0.17277443,-0.57012075,0.30479938,-0.117258936,0.4171751,0.46037656,0.40409315,0.5011848,0.10884973,0.4038481,0.22265966
127,201,0.19941537,1.6242918,-0.8107006,-0.9673515,0.63050544,-0.23048031,0.5049292,0.8566308,-0.2172394,-0.5722165,0.65483856,-1.2174366,0.6893493,0.3708487,1.5682418,0.29893136
127,205,-0.3352431,-0.10940924,-0.032998122,0.71283346,-0.17621654,-0.18263936,-0.6541673,-0.32517448,-0.0583871,0.20875897,0.7341446,0.24753499,0.19108292,0.23050207,0.000838995,0.8029815
127,206,0.6746419,-0.43396235,0.19046123,0.44399267,0.3056834,0.15519693,0.37194636,0.19630985,0.48924768,-0.031390667,-1.2190354,-0.17256422,-0.25966376,0.13252875,0.06847946,-0.45891464
127,210,0.29876292,1.9812224,-1.2530407,-1.1787134,0.8782453,-0.22470576,0.8861252,0.645378,-0.28722823,-0.7735316,0.5308241,-1.3647053,0.6981064,0.50686336,1.4238663,0.5725205
127,223,0.0042136908,0.5331927,0.38936982,-0.09553285,0.035000876,0.70719427,0.64896744,-0.21747887,0.25493714,-0.19774401,-0.24310699,0.23889631,0.67342305,-0.5559836,-0.5828387,0.11155002
127,224,-0.13748018,0.11456995,0.2837475,0.35542828,-0.37369144,-0.3408617,-0.537771,-0.0788198,-0.22087313,0.47790083,0.26513544,0.42912328,0.02991432,0.11161237,0.08951521,0.36166865
127,237,-0.44520557,0.12601921,-0.61566305,0.03625965,-0.0027357861,-0.8063938,-0.50448275,-0.18088223,-0.42860073,0.4143894,-0.17880456,-0.2190569,-1.1861092,-0.05616038,0.38102967,-0.091291904
127,243,0.13758047,0.28393286,0.3897665,-0.06065108,-0.5969358,-0.63692516,-0.43676668,0.031281427,-0.45214814,0.5773751,-0.4311873,0.49713987,-0.4213817,-0.2058697,0.26117238,-0.15752615
127,258,-1.049241,0.17112985,0.08728478,-0.70212275,0.119812965,0.16219996,-0.054214,-0.20555398,0.08218016,0.49388996,0.44145435,-0.5607576,-0.16682628,-0.78806597,-0.85409206,0.02195102
127,267,0.17834924,1.4992617,-0.6695883,-0.89196604,0.53020185,-0.2457093,0.39432603,0.8652223,-0.21582316,-0.48429158,0.63002586,-1.1180648,0.638299,0.31949678,1.5423615,0.22062783
127,279,-0.007292688,-1.0628446,-0.48482776,-0.73510534,-0.4875781,0.004568927,-0.05392772,0.19125693,-0.49083644,-0.8979248,0.88409716,0.36517423,-0.17902249,0.33479083,0.082646936,-0.7783313
127,283,0.5781335,-0.515191,-0.40910238,-0.6565599,0.9410483,0.12416656,0.44335926,0.44608456,0.0684485,1.6825613,-0.19821428,0.4587415,0.18028215,2.5241072,-1.0807036,0.107072085
127,291,-0.29517418,-0.46278882,-0.45485532,0.987429,0.28243017,-0.18638006,-0.64896095,-0.38141817,0.17883338,-0.22831613,0.41892362,-0.37985772,-0.2661212,0.15136805,0.2656093,0.5767314
127,302,-0.3986035,-0.18954195,-0.43649358,0.77824587,0.17247403,-0.20182714,-0.56426835,-0.49536723,0.0546225,0.008205585,0.4210596,-0.15403602,-0.2530694,0.11544872,0.0058653504,0.6677708
127,305,-0.019339696,-0.5605781,-0.27859685,0.8551442,0.5027699,-0.17202201,-0.295685,0.029594868,0.359137,-0.24766436,-0.22587846,-0.6591499,-0.508798,0.10998217,0.4695477,0.070972696
127,309,0.21777551,0.114635974,0.054595657,0.7768589,0.2570984,0.26755688,0.25644705,-0.4520622,0.46576047,-0.38887998,-0.7173174,-0.27280638,0.022085786,-0.53312975,-0.07452337,0.31913096
127,312,0.49930745,-0.4784248,-0.13982585,-0.312616,0.32703212,0.22126988,0.4018955,0.23541401,0.08267309,0.3830906,-0.26939705,0.3050454,0.11789149,1.0752046,-0.4937857,-0.21258114
127,313,0.021087393,-0.81639004,-0.3684316,-0.5948461,-0.45438838,0.12010342,0.06512529,0.08325687,-0.38991255,-0.92201954,0.7270634,0.35919964,-0.02194783,0.13360119,0.010841548,-0.6115846
127,314,0.04491833,-0.74552417,-0.2549094,0.8407972,0.5650597,-0.23762956,-0.3257854,0.25895023,0.3795064,-0.27135542,-0.2740968,-0.78891236,-0.62514114,0.22982568,0.6566451,-0.11706336
127,325,-0.6352588,0.20828126,-0.43447447,-0.0612856,-0.07962582,-0.45929852,-0.3153769,-0.55364144,-0.2669899,0.47161272,-0.043657854,0.0437245,-0.8251878,-0.35798874,-0.43412745,0.24456944
127,338,-0.35628086,-0.23389368,-0.40200484,0.7974214,0.18530706,-0.1690689,-0.5495864,-0.45260787,0.088365726,-0.055159908,0.40925127,-0.1874637,-0.22435743,0.11306026,0.04470563,0.63518196
127,340,0.13648565,0.3844123,0.3858689,0.05658503,0.10015215,0.5991994,0.59784496,-0.15378731,0.3256956,-0.1531886,-0.5035579,0.12811372,0.47264203,-0.4846792,-0.4507647,0.013991952
127,342,0.046170443,0.50617564,0.3460761,0.0610957,0.03184405,0.66373056,0.6137875,-0.29432884,0.28067696,-0.29368067,-0.30876866,0.1959351,0.62785625,-0.60910827,-0.5193399,0.18595271
127,343,-0.055767693,0.11109235,0.5174751,0.39898038,-0.4599654,-0.24779567,-0.5753319,0.056109652,-0.18206926,0.47345397,0.42721832,0.5041503,0.35697588,0.14785755,0.18773332,0.40080017
127,362,0.55002403,-0.49958467,-0.4510299,-0.69599736,0.998081,0.114139535,0.42989546,0.44504535,0.050035372,1.8175259,-0.1329626,0.484734,0.19539577,2.6716661,-1.1537523,0.17494245
127,363,0.17605741,0.1828513,0.33300066,-0.16678609,0.082992785,0.54915285,0.5786505,0.025426045,0.23905246,-0.06131081,-0.38273835,0.21329477,0.40971628,-0.1758775,-0.46158814,-0.17739756
127,364,-0.0220934,0.046642676,0.6337169,0.46568775,-0.4499948,-0.13178414,-0.58458126,0.15268801,-0.091653764,0.37483943,0.5724706,0.46062475,0.57027423,0.17157564,0.2614819,0.43241358
127,366,0.21752782,1.6773931,-0.8570338,-1.0057877,0.6498572,-0.24471676,0.54166615,0.8500034,-0.23849426,-0.58644557,0.6421336,-1.2357879,0.69335926,0.38785264,1.5807354,0.3191039
127,367,-0.08370995,-0.59274983,-0.32510817,0.8497335,0.47676355,-0.213146,-0.39234212,0.023385495,0.3095026,-0.2327996,-0.085848846,-0.6484569,-0.5358738,0.17093706,0.4902585,0.09709605
127,381,-0.00090675056,-0.40722728,-0.1951462,-0.418706,-0.38002557,0.2940184,0.22491431,-0.07145762,-0.24596228,-0.878194,0.5477252,0.34527773,0.21599057,-0.14182743,-0.1324094,-0.33665437
127,394,0.23881106,0.21765013,0.38055602,0.0730755,0.15208435,0.5105017,0.5607827,-0.02763284,0.35379177,-0.04917944,-0.66534084,0.07664933,0.30461702,-0.32281098,-0.3661549,-0.13893192
127,404,-1.0273833,0.45552504,0.21094501,-0.7273971,0.1435425,0.27953318,0.17119212,-0.23134178,0.13885282,0.47930047,0.38431644,-0.3787755,0.011340588,-0.8306395,-0.9642402,0.088480674
127,405,0.28983366,0.050530367,0.06543884,0.7533709,0.20223197,0.28248438,0.2853421,-0.40365082,0.4598611,-0.48010674,-0.7307763,-0.23594034,0.051995635,-0.5117204,-0.043084964,0.24343053
127,422,0.023813039,0.16531269,0.712073,0.27097675,-0.47720456,-0.2011168,-0.54226446,0.30596602,-0.1455624,0.4484531,0.3755263,0.40650573,0.42952684,0.081772946,0.39860797,0.16344795
127,423,-0.25260508,-0.48191732,-0.41683882,0.9765855,0.3120571,-0.16103256,-0.5995408,-0.33187297,0.21880385,-0.2726119,0.32901803,-0.43488508,-0.29804635,0.11437511,0.298641,0.49110228
127,433,-0.31887525,-0.09828715,0.025107097,0.6739819,-0.19560742,-0.18997255,-0.6410606,-0.26462153,-0.0661435,0.25187364,0.70127267,0.26682287,0.18571934,0.2374337,0.019338429,0.74230427
127,442,0.2099634,0.12823197,0.06155681,0.7384832,0.2223639,0.28505623,0.26958364,-0.44434625,0.44505018,-0.41940907,-0.6682466,-0.23491862,0.062057972,-0.53396124,-0.09488031,0.3187547
127,444,-0.31470197,-0.08993438,0.040544346,0.66436857,-0.20383859,-0.18982902,-0.6364547,-0.25621748,-0.07015608,0.26580128,0.69569695,0.27988815,0.19169796,0.2389037,0.01619181,0.73572505
127,448,-0.42296422,0.10588208,-0.52076507,0.12900361,-0.06581431,-0.7432954,-0.52381307,-0.25023654,-0.40784663,0.44019267,-0.096562505,-0.07632038,-1.0184183,-0.01509627,0.25725463,0.054435417
127,461,-0.54609114,0.1350992,-0.4109251,0.2942102,0.019352943,-0.30333236,-0.38545322,-0.56763744,-0.13738848,0.31304172,0.18792531,0.035898127,-0.50173056,-0.1288046,-0.32375222,0.50784624
127,465,-0.6066022,0.20011324,-0.37397268,-0.07544412,-0.13542119,-0.4499559,-0.31966612,-0.53092945,-0.28480226,0.46326748,-0.012373164,0.10305419,-0.7536049,-0.360961,-0.44052586,0.25735575
127,469,0.335667,-0.4681337,0.016703188,-0.26194882,-0.29216608,0.33824962,0.38542095,0.055820197,-0.04587075,-0.8126449,-0.03228557,0.2813198,0.16377804,-0.14646444,-0.055002674,-0.5241059
127,470,-0.45315355,-0.073687464,-0.43933278,0.64216644,0.13128896,-0.23485696,-0.5151323,-0.5317387,-0.008307621,0.123844266,0.36151755,-0.08492705,-0.32670742,0.063336916,-0.10291852,0.6424146
127,485,0.38149077,-0.73532426,-0.05432435,-0.34553683,-0.2939044,0.21235016,0.2831025,0.1949298,-0.09612258,-0.7543543,-0.022024639,0.255694,-0.040215075,0.06659528,0.045286655,-0.72777706
127,498,0.6148778,-0.37900603,0.23741505,0.25727585,0.32489532,0.1825327,0.41691852,0.28624254,0.44217008,0.16486092,-1.1546714,-0.08445844,-0.22391684,0.24668047,-0.053883173,-0.5107919
127,514,-0.018900976,-0.6581483,-0.29173526,0.83698434,0.52597576,-0.2292904,-0.34540814,0.1427127,0.34442067,-0.23699693,-0.19729532,-0.71758175,-0.58847463,0.20176288,0.56845,-0.014518097
127,529,-0.5529248,0.14452851,-0.12932706,0.1593762,0.19113952,0.13443463,-0.079099186,-0.46399146,0.20156628,0.05381732,0.15255904,-0.3505853,-0.08321372,-0.54462826,-0.44817162,0.38094622
127,540,-0.02259148,0.5699217,0.36048177,-0.03044337,0.027068429,0.7014785,0.6286531,-0.28844315,0.25388947,-0.24698524,-0.21069205,0.23186737,0.68659985,-0.6068754,-0.58347464,0.20114112
127,545,0.48312724,-0.48688084,0.011938177,-0.14450975,-0.037392877,0.2831935,0.40184385,0.12919275,0.08250734,-0.38147023,-0.31713724,0.23624891,0.09311268,0.2572894,-0.1564991,-0.4301263
127,548,-0.4453385,0.012695458,-0.55206245,0.050945893,0.12574083,-0.7033171,-0.5476778,0.15097897,-0.27937633,0.21527307,0.02563858,-0.54502064,-1.0457833,-0.042684264,0.7728207,-0.26564837
127,552,-0.32038733,-0.09992497,0.035163462,0.6817966,-0.20892444,-0.19742164,-0.65704775,-0.26001135,-0.07284507,0.26727933,0.7213971,0.2830096,0.20290399,0.24837264,0.026320234,0.7534408
127,557,0.29876292,1.9812223,-1.2530404,-1.1787136,0.8782454,-0.22470573,0.88612515,0.645378,-0.28722823,-0.7735317,0.5308242,-1.3647052,0.6981063,0.50686336,1.4238663,0.5725205
127,562,0.6667153,-0.44267905,0.20025867,0.38876528,0.31989285,0.14547247,0.37358853,0.24218999,0.47571343,0.050280202,-1.2172203,-0.15174279,-0.2794775,0.19885606,0.043111846,-0.4926216
127,563,-1.0273834,0.45552504,0.21094504,-0.72739697,0.1435425,0.27953318,0.17119212,-0.2313418,0.13885282,0.47930047,0.38431638,-0.3787755,0.011340588,-0.8306395,-0.9642402,0.088480674
127,585,0.5011886,-0.52777123,0.062202327,-0.086325064,-0.25613156,0.31981137,0.41520733,0.0645338,0.055896938,-0.8496998,-0.30731922,0.22216257,0.1025942,-0.16533944,0.02812478,-0.5557892
127,593,0.271546,1.9487753,-1.2103235,-1.1823214,0.8400535,-0.25737223,0.80308723,0.7238773,-0.29775733,-0.7430601,0.574825,-1.384905,0.6806301,0.47525215,1.5322845,0.49361742
127,597,0.19407032,0.34661126,-0.06638775,-0.58715993,-0.7191698,-1.1199942,-0.29946572,-0.25358272,-0.83471525,0.7054371,-1.2876832,0.49248862,-1.4565418,-0.6123561,0.09619033,-0.6130736
127,603,0.04321161,0.43166548,0.4002063,-0.18468727,0.0307137,0.6813462,0.64334565,-0.111367226,0.23542048,-0.1590597,-0.25936276,0.24495593,0.6094378,-0.4577181,-0.5515523,-0.028308034
127,604,0.57813334,-0.515191,-0.40910235,-0.65655994,0.9410484,0.12416655,0.4433592,0.44608462,0.0684485,1.6825613,-0.19821429,0.4587415,0.18028218,2.5241067,-1.0807035,0.107072085
127,610,-0.44743407,0.036964357,-0.22106907,0.42665577,-0.13947484,-0.2792732,-0.5116379,-0.47414362,-0.15241425,0.28699076,0.43533164,0.20358717,-0.18254417,-0.0012028217,-0.21849923,0.6459106
127,612,0.06874758,0.40102786,0.4024663,-0.19240235,0.037559323,0.67640644,0.6496659,-0.08567777,0.24090445,-0.14319919,-0.28762716,0.24610317,0.598734,-0.42514446,-0.54566514,-0.061126977
127,615,-0.3309877,-0.109105095,-0.034636997,0.70149,-0.16529456,-0.17614782,-0.637908,-0.31955975,-0.051457718,0.19668123,0.71121544,0.23188603,0.17382559,0.2207914,-0.00040450692,0.7825941
127,618,0.3359223,0.35952443,1.2582844,-0.077021524,-0.75356585,-0.27223736,-0.5315385,0.80375767,-0.24035852,0.5563391,0.12325895,0.47656816,0.6109097,-0.11274989,0.8561987,-0.3502376
127,619,0.010438159,-0.85301226,-0.38669866,-0.5911845,-0.44487906,0.08178513,0.026022617,0.09877117,-0.39792585,-0.8931485,0.7335382,0.3408512,-0.08179879,0.17386252,0.029575214,-0.6246475
127,628,-0.5636028,0.17863879,-0.39194772,0.1857598,-0.007742375,-0.32082602,-0.3417054,-0.55680275,-0.16612573,0.3538879,0.120565,0.049690418,-0.5653113,-0.19323081,-0.3713339,0.43742758
127,635,0.022362575,-0.85638195,-0.38701504,-0.6093096,-0.46233773,0.10138765,0.04748953,0.09612645,-0.40462327,-0.9287148,0.7457668,0.35979816,-0.047097728,0.15920505,0.026032135,-0.63585305
127,655,0.32654285,0.009543382,0.078044645,0.73637617,0.19719893,0.2742924,0.29325733,-0.3624937,0.46241683,-0.4768899,-0.7736885,-0.23470092,0.026386082,-0.48345676,-0.020990804,0.18078437
127,666,-0.8296174,0.50206727,0.21396917,-0.48972088,0.17552677,0.30428535,0.25451556,-0.28421992,0.20910236,0.34855744,0.19384217,-0.29584616,0.059321105,-0.79169995,-0.85257363,0.14980777
127,670,0.0040207356,0.07385579,0.6944964,0.37234163,-0.42638886,-0.11654241,-0.549761,0.28540725,-0.066082,0.34712076,0.5010274,0.3607488,0.52735364,0.11755193,0.37442666,0.26384634
127,674,0.3359223,0.3595245,1.2582846,-0.077021495,-0.75356597,-0.27223736,-0.5315385,0.8037576,-0.24035849,0.5563391,0.12325892,0.47656816,0.6109098,-0.11274989,0.8561986,-0.3502376
127,686,0.2593661,0.04320911,0.19033116,-0.27627307,0.25284287,0.47171733,0.55963224,0.11372048,0.20404756,0.30196613,-0.34396085,0.2769243,0.3750107,0.37322682,-0.5933604,-0.12840104
127,714,-0.0557677,0.11109235,0.5174751,0.39898038,-0.45996547,-0.24779564,-0.5753319,0.056109667,-0.18206926,0.47345397,0.42721832,0.50415033,0.35697588,0.14785755,0.18773332,0.4008001
127,718,0.011569947,-0.7239388,-0.32204673,-0.54963976,-0.41918355,0.1479345,0.09023391,0.061396703,-0.34832126,-0.8707878,0.6678665,0.3417886,0.006487906,0.09126427,-0.02156575,-0.5527997
127,728,0.4887324,-0.51580936,0.05288589,-0.06767826,-0.2697467,0.31596434,0.4043147,0.039072186,0.049025804,-0.88771826,-0.286968,0.21705762,0.1008845,-0.19866878,0.03898211,-0.5316597
127,729,0.42621064,-0.12534647,0.10392385,0.7021784,0.18733346,0.24311551,0.29182988,-0.24013986,0.47219968,-0.46902797,-0.87450767,-0.24378383,-0.054046094,-0.3882344,0.05444315,0.0127264485
127,730,0.65567416,-0.43968433,0.19858313,0.37552208,0.3205779,0.14142253,0.36917108,0.24698825,0.46772963,0.06637736,-1.2023606,-0.14560291,-0.28382242,0.21226752,0.034642994,-0.49088544
127,743,0.13433002,0.49484837,0.56431556,-0.22065721,-0.26994276,-0.21436402,-0.28983077,0.7309964,-0.14621077,0.18741758,0.23361257,-0.11957453,0.33593068,-0.06762602,0.94776994,-0.2596364
127,745,0.37683278,-0.047592804,0.085145,0.7343558,0.18775494,0.2670561,0.29876986,-0.32160643,0.47001147,-0.49784845,-0.8172637,-0.23740408,0.0057403743,-0.45554984,0.014322221,0.11729416
127,763,0.00857307,-0.67207795,-0.2925929,-0.5038535,-0.3886922,0.15089622,0.09368236,0.049841672,-0.31640464,-0.8258989,0.6123097,0.31824476,-0.001693815,0.072460644,-0.032961383,-0.51420105
127,781,0.02309154,0.025781443,0.79832906,0.4605192,-0.49250096,-0.09823384,-0.64662373,0.34302086,-0.053771734,0.35233292,0.68077505,0.4165144,0.7346363,0.17524141,0.45571905,0.35119557
127,795,0.12781046,0.5535344,0.47248027,-0.26308906,-0.21136561,-0.21427631,-0.2457487,0.7342535,-0.14819984,0.13908313,0.2576329,-0.19384754,0.33844915,-0.04807439,0.9820072,-0.23292305
127,801,-0.5477043,0.14276932,-0.14727712,0.19446777,0.19785653,0.13334887,-0.086838715,-0.48472488,0.20792025,0.04091339,0.15425554,-0.35092378,-0.07523246,-0.54282904,-0.43875548,0.405715
127,808,0.13078104,-0.53927404,-0.1451717,-0.3826576,-0.33024085,0.2397075,0.22163288,0.039815515,-0.18654148,-0.79055995,0.32628626,0.29320827,0.07853031,-0.03675072,-0.059813313,-0.48391092
127,810,0.039084062,-0.66239303,-0.24962348,0.8315248,0.53831816,-0.20416838,-0.29220918,0.17484878,0.3732769,-0.2622735,-0.27875686,-0.728736,-0.5746503,0.18640018,0.5723587,-0.052491114
127,832,0.550024,-0.49958467,-0.45102996,-0.69599724,0.99808097,0.11413954,0.4298955,0.4450453,0.050035372,1.8175259,-0.1329626,0.484734,0.1953958,2.6716654,-1.1537523,0.17494246
127,856,-0.33676726,-0.117125764,-0.05806587,0.71565515,-0.15368733,-0.17635223,-0.6431342,-0.3367407,-0.047515914,0.18077628,0.71789455,0.21758449,0.16704917,0.21942171,-0.0008344799,0.7960147
127,869,-1.2282556,0.3128159,0.18775599,-0.9825854,0.112627804,0.22360963,0.03410153,-0.15570033,0.06087222,0.6290009,0.55882037,-0.5463136,-0.09678525,-0.8756161,-1.0496751,-0.023037598
127,876,-0.18683672,-0.5258649,-0.37983042,0.912514,0.3869974,-0.18426761,-0.50988984,-0.17837092,0.25612962,-0.25590882,0.13927597,-0.537017,-0.4230671,0.12781289,0.3816988,0.3040768
127,878,-1.2731466,0.18444917,0.16989933,-1.0783261,0.090339236,0.16394931,-0.057533212,-0.089131065,0.012757614,0.6898873,0.5975639,-0.6366095,-0.2082254,-0.85383654,-1.032613,-0.12076165
127,880,-0.26596695,-0.4686228,-0.4199943,0.9685685,0.2922547,-0.16323331,-0.61127025,-0.3460673,0.20051864,-0.25810784,0.36814648,-0.40290466,-0.27415782,0.1285921,0.27724075,0.52328944
127,893,-0.01314491,-1.0348624,-0.46675277,-0.73699,-0.47320306,0.018059835,-0.04199706,0.19482921,-0.4783259,-0.8670729,0.8698874,0.36280063,-0.16471957,0.33161536,0.06622967,-0.77024573
127,906,0.56714755,-0.5352856,-0.36088634,-0.56845254,0.77785057,0.14400347,0.42198583,0.38712978,0.061654434,1.3175986,-0.19520506,0.4132772,0.16148931,2.16378,-0.91487813,0.024266466
127,909,-0.4440952,0.087898806,-0.6075835,0.02315566,0.06197672,-0.77144545,-0.5064479,-0.045199856,-0.36980087,0.3292501,-0.12551624,-0.36865792,-1.1622779,-0.060132705,0.54214746,-0.18464835
127,924,-0.4090606,0.0851919,-0.4614641,0.15962866,-0.08156688,-0.69173336,-0.5169473,-0.26163167,-0.37468684,0.42912316,-0.08295609,-0.035038788,-0.95492995,-0.020136885,0.19958827,0.08258856
127,925,-0.34399563,-0.007849984,-0.13974342,0.46392065,-0.21771297,-0.42363194,-0.59740156,-0.3466912,-0.22063969,0.40320227,0.31414524,0.27838466,-0.29888812,0.11498002,-0.0423695,0.51651335
127,932,-0.22240992,-0.5293628,-0.4024362,0.968614,0.35292673,-0.17777982,-0.57536286,-0.2512334,0.2439021,-0.27517283,0.24461403,-0.5013753,-0.3658198,0.120181985,0.36256462,0.39552486
127,951,0.5374296,-0.41610926,-0.3136106,-0.6199397,0.8344524,0.20383433,0.48884192,0.3890158,0.08794926,1.4666075,-0.21113908,0.4513392,0.25602213,2.193073,-1.0290822,0.07751689
127,953,0.4843008,-0.20029284,0.12536275,0.6808279,0.19535524,0.22314814,0.29230258,-0.16235128,0.4846105,-0.4355372,-0.9540261,-0.25493118,-0.10886064,-0.32690528,0.09407845,-0.08975357
127,954,0.5302399,-0.5013282,-0.24599037,-0.44429672,0.53419447,0.19407171,0.42029843,0.30115086,0.06921434,0.81225944,-0.22212571,0.36246648,0.15550408,1.5806535,-0.6991551,-0.09734507
127,955,-0.35332745,-0.11316274,-0.09235292,0.73882496,-0.15258,-0.18652615,-0.66298485,-0.37750143,-0.057851166,0.18791878,0.7449708,0.2279054,0.17188254,0.22754198,-0.015760988,0.8418341
127,956,0.13391842,0.71732134,0.28197423,-0.37727404,-0.09065626,-0.22027919,-0.14722545,0.77229196,-0.16114424,0.029561538,0.3351138,-0.35906652,0.39649966,0.0071349666,1.0997856,-0.16698621
127,961,0.008279607,-0.7389113,-0.3318161,-0.5317227,-0.41390944,0.12397179,0.06661122,0.06130442,-0.34933794,-0.86244714,0.66264427,0.3275503,-0.030652583,0.10399204,-0.0075585246,-0.54935616
127,973,0.47277355,-0.48629618,0.058760248,-0.103528455,-0.14690486,0.30465832,0.40353307,0.09744358,0.07865561,-0.60567135,-0.32282856,0.21866709,0.089057416,0.011810817,-0.0601833,-0.4959104
127,975,-0.9856837,0.50360787,0.2251494,-0.6774605,0.1538837,0.3006019,0.21745825,-0.25016284,0.16387598,0.44941574,0.33818266,-0.3398019,0.047769517,-0.83441186,-0.9538078,0.111600764
127,989,0.00015540421,-0.4759693,-0.21239993,-0.44835544,-0.3707723,0.25620088,0.19078538,-0.025985263,-0.2585547,-0.8349093,0.5541332,0.33366358,0.15256816,-0.0709113,-0.11098756,-0.39249128
127,1001,0.39949524,-0.8321909,-0.07403877,-0.36615473,-0.28278545,0.15860738,0.23964696,0.25193286,-0.10621409,-0.71025115,-0.037811548,0.23580256,-0.13225433,0.15327129,0.08397007,-0.8026328
127,1004,-0.18954495,0.28039667,0.13630883,0.26857066,0.23560709,0.27297053,0.26568878,-0.35897738,0.36645037,-0.06585692,-0.37337127,-0.26201546,0.008934885,-0.5977116,-0.3686683,0.22835551
127,1005,-0.049340665,-0.50277144,-0.300258,0.8710969,0.48750797,-0.15471637,-0.29464215,-0.0534693,0.3535421,-0.24047807,-0.19981197,-0.6235398,-0.47142136,0.06944653,0.41362274,0.1424028
127,1006,-0.39508027,0.38887697,0.17665559,0.02377534,0.22564825,0.29548413,0.2961087,-0.3470621,0.3329747,0.077169925,-0.21943277,-0.2622684,0.039803088,-0.68715644,-0.5391043,0.20538537
127,1012,-0.5477043,0.1427693,-0.14727712,0.19446778,0.19785652,0.13334885,-0.086838715,-0.48472488,0.20792025,0.04091339,0.15425554,-0.3509238,-0.07523243,-0.5428291,-0.43875545,0.405715
127,1018,0.21434928,0.13472787,0.057938106,0.7669633,0.24105826,0.28510743,0.271506,-0.4623502,0.46035278,-0.4122958,-0.69626486,-0.25251865,0.059153587,-0.5492962,-0.09123073,0.33392793
127,1020,0.000816077,0.03299705,0.71958375,0.48997992,-0.48875195,-0.11475695,-0.6281684,0.21914743,-0.08094695,0.37815198,0.65628237,0.48007149,0.6903379,0.19155407,0.3309514,0.4429667
127,1024,0.58963543,-0.5521935,-0.42044878,-0.6673985,0.9176153,0.12774223,0.43764225,0.4458205,0.053569615,1.6342245,-0.17156418,0.4646786,0.1850867,2.5184414,-1.0575311,0.08270615
127,1032,0.6217358,-0.4124691,0.21183917,0.28941375,0.32507235,0.1528279,0.38796243,0.28105193,0.4399507,0.15058246,-1.1550691,-0.09871059,-0.2620809,0.26746562,-0.026761234,-0.50296247
127,1037,-0.31664878,-0.3905521,-0.4381945,0.9337242,0.24500272,-0.17885813,-0.6247865,-0.40972573,0.14659427,-0.17368616,0.4357252,-0.30857664,-0.23498498,0.14522901,0.19177848,0.6134342
127,1044,-0.2170276,0.29802632,0.1424318,0.23764794,0.23549047,0.27917436,0.27359265,-0.36112142,0.36528337,-0.04871908,-0.35582635,-0.26386592,0.018421233,-0.6166411,-0.3937728,0.2277712
127,1047,0.044918314,-0.74552417,-0.2549094,0.8407972,0.5650597,-0.23762956,-0.32578537,0.2589503,0.3795064,-0.2713554,-0.2740968,-0.78891236,-0.62514114,0.22982568,0.65664506,-0.11706336
127,1062,0.0073468685,0.5054081,0.38813487,-0.108994916,0.038857788,0.68887323,0.6342935,-0.19081965,0.24996284,-0.17763855,-0.24705338,0.23122698,0.6384487,-0.52449113,-0.56966877,0.08164785
127,1064,0.1867754,0.3245473,0.18692859,-0.32780302,-0.6977367,-0.9131133,-0.4018274,-0.08727638,-0.6726798,0.6760579,-0.8604677,0.5284807,-0.92724824,-0.40196037,0.22105905,-0.39759082
127,1071,0.36407524,-0.13960814,-0.001660645,-0.3876623,0.4651549,0.35875097,0.5193407,0.21486278,0.15941238,0.72239757,-0.29868856,0.33398092,0.30887625,1.0462602,-0.73886245,-0.05399528
127,1078,0.17800389,0.3166783,0.20642635,-0.2936998,-0.67665553,-0.8724122,-0.39947748,-0.075346164,-0.6391907,0.65618485,-0.8088288,0.5158866,-0.86885047,-0.3787452,0.22117677,-0.36800855
127,1096,0.48371732,-0.50454783,0.0659702,-0.062262222,-0.23805773,0.30962315,0.40031672,0.056399733,0.06602279,-0.817551,-0.31696007,0.20503491,0.084135294,-0.16533922,0.023636386,-0.5281053
127,1101,-0.6066022,0.20011325,-0.37397268,-0.07544412,-0.13542122,-0.44995597,-0.31966618,-0.5309295,-0.2848022,0.46326753,-0.012373179,0.10305416,-0.7536049,-0.360961,-0.44052586,0.25735575
127,1113,-0.43943995,0.011748686,-0.5358806,0.050725028,0.13905679,-0.67383236,-0.5322502,0.17304449,-0.2601568,0.19077499,0.043682545,-0.5650026,-1.0111642,-0.041807964,0.7859386,-0.2696346
127,1115,0.06876616,-0.483603,-0.18358648,-0.4434139,-0.38937345,0.2946761,0.2488224,-0.02227766,-0.23967312,-0.89578575,0.48881996,0.35443616,0.20368356,-0.107259355,-0.10380021,-0.42623132
127,1122,0.2166638,0.7523392,-0.55833566,-0.8594466,-0.24549443,-0.9072659,0.14629222,-0.17641085,-0.75117165,0.28935632,-1.0282729,-0.027783059,-1.1544049,-0.38627404,0.25226918,-0.34700644
127,1123,0.0156658,0.089956656,0.73381925,0.3676716,-0.46959776,-0.14527589,-0.5847119,0.30988085,-0.09329443,0.3897848,0.51989764,0.39993718,0.5610851,0.12627167,0.41023964,0.2609931
127,1129,0.000816077,0.03299705,0.7195837,0.48997992,-0.4887519,-0.11475695,-0.62816834,0.21914743,-0.08094697,0.37815198,0.6562824,0.48007149,0.6903379,0.19155407,0.3309514,0.4429667
127,1153,0.57813346,-0.51519096,-0.40910238,-0.6565598,0.9410483,0.12416655,0.4433592,0.44608462,0.0684485,1.6825614,-0.19821429,0.4587415,0.18028212,2.5241067,-1.0807037,0.107072085
127,1173,0.39949524,-0.83219093,-0.07403875,-0.3661548,-0.28278548,0.15860736,0.23964696,0.25193286,-0.10621412,-0.71025115,-0.037811555,0.23580256,-0.13225433,0.15327129,0.08397004,-0.8026328
127,1178,-0.26596695,-0.4686228,-0.4199943,0.9685686,0.2922547,-0.16323331,-0.61127025,-0.34606734,0.20051864,-0.2581078,0.36814648,-0.40290463,-0.27415782,0.1285921,0.27724078,0.5232895
127,1188,0.5781334,-0.5151911,-0.40910235,-0.65655994,0.94104844,0.12416655,0.4433592,0.44608462,0.0684485,1.6825614,-0.19821429,0.45874143,0.18028212,2.5241067,-1.0807037,0.107072085
127,1204,-0.027729727,-0.9667557,-0.43270612,-0.68427366,-0.43218994,0.019156612,-0.04351662,0.18093129,-0.44114685,-0.80031025,0.81157136,0.33201173,-0.17794982,0.3133586,0.048331678,-0.7179935
127,1212,0.1900074,0.32966805,0.067965746,-0.419909,-0.67795354,-0.9757145,-0.33717817,-0.1665963,-0.7172332,0.66144574,-1.050222,0.4952979,-1.1552275,-0.48495463,0.15173766,-0.48010337
127,1215,0.18927668,-0.6136919,-0.14436749,-0.4073277,-0.34646395,0.23740953,0.23841287,0.078522325,-0.18893532,-0.82142884,0.2900206,0.30498633,0.0679957,-0.007919297,-0.031187072,-0.56200933
127,1225,0.55976576,-0.32157475,0.184468,0.53045195,0.22887713,0.1815598,0.31136617,0.04620503,0.47804147,-0.22131546,-1.079827,-0.22076261,-0.21848312,-0.114750765,0.09703782,-0.31726545
127,1239,-0.40024447,-0.030728921,-0.15683684,0.6115659,-0.14744273,-0.22250053,-0.596986,-0.44325036,-0.10524216,0.23830022,0.62260115,0.23658168,0.03422481,0.13505945,-0.12592955,0.78849345
127,1241,-0.33740583,-0.10081209,-0.011259578,0.6990463,-0.19267938,-0.19949752,-0.6633368,-0.30130592,-0.073247224,0.25015345,0.73320687,0.26859486,0.1878632,0.24415055,0.011005044,0.7861508
127,1252,0.27857578,1.9747883,-1.2476416,-1.1878691,0.8639163,-0.24644455,0.83786523,0.6933808,-0.2951467,-0.76591265,0.5696857,-1.391543,0.6913134,0.4896394,1.5007112,0.53147036
127,1253,0.1923409,0.33597404,0.04917287,-0.46169603,-0.7004613,-1.0158708,-0.33976185,-0.17746602,-0.75176275,0.6821115,-1.0945065,0.5041944,-1.211861,-0.51349056,0.14967495,-0.5118504
127,1254,-0.638455,0.21476789,-0.43292826,-0.10428156,-0.093411915,-0.47565487,-0.3034954,-0.5483779,-0.28238618,0.48115286,-0.07604946,0.04897978,-0.8596852,-0.38625172,-0.44685116,0.21123737
127,1267,-0.3277182,-0.12517391,-0.040476426,0.71854377,-0.15894532,-0.16983464,-0.6437728,-0.3227799,-0.041137174,0.17197692,0.7233478,0.21808815,0.1838857,0.21956247,0.008702368,0.7914721
127,1277,-0.26935983,-0.47718757,-0.433361,0.9854958,0.29995713,-0.16948071,-0.6218215,-0.35362834,0.20369802,-0.26045105,0.37110537,-0.41288388,-0.2800899,0.13039947,0.28645846,0.5298119
127,1278,0.6746419,-0.4339624,0.19046122,0.4439926,0.3056834,0.15519693,0.37194636,0.19630985,0.48924768,-0.031390667,-1.2190354,-0.17256424,-0.25966376,0.13252869,0.06847946,-0.45891464
127,1281,0.0073468685,0.5054081,0.38813487,-0.108994916,0.038857788,0.6888732,0.63429344,-0.19081967,0.24996284,-0.17763855,-0.24705338,0.23122698,0.6384487,-0.52449113,-0.56966877,0.08164785
127,1282,0.21434925,0.13472787,0.0579381,0.76696336,0.24105826,0.28510746,0.271506,-0.4623502,0.46035272,-0.41229576,-0.69626474,-0.25251865,0.059153587,-0.5492962,-0.09123073,0.33392793
127,1287,-0.13262698,0.11767586,0.2749573,0.3411817,-0.36066896,-0.3332427,-0.5140489,-0.08405104,-0.21480481,0.46324632,0.23226589,0.415524,0.0049522817,0.097527035,0.076098144,0.34423232
127,1288,0.0102110505,0.48599446,0.40325612,-0.15792494,0.04653878,0.6868567,0.6384914,-0.14421125,0.24479316,-0.13363808,-0.25212756,0.23473063,0.62148345,-0.48413637,-0.57393146,0.02915791
127,1302,0.29876298,1.9812224,-1.2530406,-1.1787137,0.8782454,-0.22470579,0.8861252,0.64537805,-0.28722817,-0.7735317,0.5308242,-1.3647053,0.6981063,0.5068633,1.4238663,0.57252055
127,1307,-0.56638014,0.14366396,-0.42379355,0.25685737,0.006402597,-0.32723382,-0.38709265,-0.57691246,-0.15659605,0.3370565,0.17352673,0.0378548,-0.53828466,-0.15676256,-0.33991048,0.4896149
127,1316,-0.3970456,0.043327216,-0.3761301,0.24490134,-0.118354686,-0.6284163,-0.55084807,-0.2754013,-0.33254158,0.42152944,0.019526914,0.038647242,-0.8004991,0.011064455,0.14888525,0.18059313
127,1319,-0.24474958,0.07379089,-0.36828643,0.85347915,0.28134248,0.08141635,-0.17878345,-0.6927495,0.28634363,-0.23038523,0.02061747,-0.23455933,-0.044108167,-0.30149192,-0.13355996,0.70789385
127,1322,0.57813334,-0.515191,-0.4091024,-0.6565599,0.94104844,0.12416655,0.4433592,0.44608468,0.0684485,1.6825613,-0.19821429,0.4587415,0.18028218,2.5241067,-1.0807036,0.107072085
127,1339,-0.1240713,-0.5915351,-0.36298424,0.8995516,0.45659718,-0.21303362,-0.45478693,-0.051013637,0.295205,-0.25062716,0.0072665364,-0.6274703,-0.5018128,0.16552603,0.4738624,0.17849083
127,1342,0.24748437,0.09220964,0.062005907,0.74572647,0.2089963,0.285564,0.27773365,-0.42718965,0.45054352,-0.45557547,-0.69200563,-0.23235634,0.062428564,-0.5252953,-0.07113637,0.28605703
127,1346,-0.38546592,-0.061569855,-0.21647736,0.22321004,0.036047734,-0.49595264,-0.6393027,0.29268116,-0.1338052,0.18438943,0.36785734,-0.42468277,-0.5171994,0.05639831,0.797795,-0.09473525
127,1349,0.2099634,0.12823197,0.061556812,0.7384832,0.2223639,0.2850562,0.26958364,-0.44434625,0.44505018,-0.41940913,-0.6682466,-0.23491862,0.062057972,-0.5339613,-0.09488031,0.31875473
127,1353,0.24940152,-0.66391253,-0.11074438,-0.39078313,-0.31359223,0.21670353,0.2415829,0.13551125,-0.1533706,-0.7597329,0.17467579,0.2773946,0.006216407,0.043511085,-0.0042784214,-0.6297482
127,1374,0.43436754,-0.24823485,-0.1340873,-0.49498004,0.627511,0.30024466,0.51354796,0.28484023,0.1290601,1.0489966,-0.25494623,0.38697985,0.29946384,1.5370398,-0.87472224,0.011130512
127,1397,0.09797688,0.4888677,0.38592482,0.046422422,0.05714573,0.6792062,0.65277815,-0.24531999,0.31184778,-0.24617341,-0.40837538,0.18803978,0.6274265,-0.59273446,-0.5165278,0.11680207
127,1418,-0.3925873,0.027314225,-0.32619372,0.30000255,-0.14668122,-0.59440464,-0.5787644,-0.28758582,-0.31511074,0.42914242,0.10046832,0.09509712,-0.69003737,0.041328453,0.11934629,0.2583376
127,1423,0.439483,-0.47020763,0.047642164,-0.13488774,-0.29793724,0.34948197,0.42257717,0.016091764,0.012075238,-0.9050516,-0.18793927,0.26310226,0.16846305,-0.22490917,-0.009158254,-0.50427854
127,1429,0.25857633,0.060139127,0.20251662,-0.2842518,0.24730137,0.48983824,0.5760477,0.110100925,0.20728317,0.2920647,-0.34527183,0.28390813,0.4001651,0.34920216,-0.60171866,-0.12981777
127,1432,0.39397454,-0.79375654,-0.062085412,-0.34133905,-0.2759803,0.16868848,0.24742672,0.23211832,-0.09389794,-0.7088827,-0.052391984,0.23089173,-0.117999285,0.12573421,0.0738689,-0.7694352
127,1455,0.53742963,-0.41610914,-0.3136106,-0.61993957,0.83445245,0.20383431,0.48884195,0.38901573,0.08794926,1.4666075,-0.2111391,0.45133907,0.25602213,2.1930728,-1.0290822,0.0775169
127,1461,-0.03184054,-0.93559664,-0.41733325,-0.66346425,-0.41769147,0.024269015,-0.039273433,0.17300697,-0.42566794,-0.77892953,0.7878775,0.32227775,-0.17565438,0.30056784,0.03931597,-0.6955291
127,1463,-0.18958947,-0.097038224,-0.32333735,0.83011967,0.3199266,0.012404032,-0.22217292,-0.4949283,0.29273555,-0.22350805,-0.038918376,-0.33110565,-0.18785459,-0.18972626,0.014226839,0.5165606
127,1465,-1.0475457,0.4191993,0.20114467,-0.75501466,0.13834599,0.2632247,0.1404331,-0.2159796,0.12295951,0.49790713,0.4081654,-0.40403417,-0.017101198,-0.8208194,-0.9644473,0.06971713
127,1467,0.04715632,0.5198061,0.35475704,0.049169004,0.03031329,0.6804055,0.6302236,-0.29532105,0.28277588,-0.29417458,-0.30820078,0.20546842,0.65304947,-0.6188249,-0.53185844,0.18547016
127,1478,-1.1167207,0.41280502,0.20497248,-0.83671385,0.13534749,0.2628832,0.12718217,-0.20731696,0.11204534,0.5458867,0.45475394,-0.44399428,-0.02279061,-0.85935783,-1.0108782,0.048358005
127,1481,-0.055767693,0.11109236,0.5174751,0.39898038,-0.45996547,-0.24779567,-0.5753319,0.056109652,-0.18206926,0.47345397,0.42721832,0.50415033,0.35697582,0.14785755,0.18773335,0.4008001
127,1496,0.0034732968,0.14670198,0.6707178,0.2897756,-0.45473248,-0.19958109,-0.5430625,0.27856326,-0.13659029,0.432573,0.3852229,0.389044,0.40340397,0.08813285,0.37765133,0.18541992
127,1497,-0.031840548,-0.9355967,-0.41733325,-0.66346425,-0.41769153,0.02426901,-0.03927344,0.17300697,-0.425668,-0.77892953,0.7878775,0.32227778,-0.17565438,0.30056784,0.039315984,-0.69552904
127,1501,-0.4022479,-0.14867304,-0.41831088,0.73110276,0.1612525,-0.19645786,-0.5329358,-0.49384028,0.042315386,0.03741793,0.39294916,-0.13012698,-0.26405296,0.102941774,-0.02934526,0.6509539
127,1503,0.4727735,-0.48629624,0.058760248,-0.103528485,-0.14690486,0.30465832,0.40353304,0.09744358,0.0786556,-0.60567135,-0.3228286,0.21866709,0.089057356,0.011810809,-0.06018331,-0.4959104
127,1506,0.48080158,-0.20724992,0.12874094,0.66500556,0.19430721,0.2163384,0.28680277,-0.14722621,0.47835988,-0.4207365,-0.9506904,-0.25283134,-0.12338509,-0.3116019,0.09483084,-0.105052516
127,1509,-0.6177055,0.23019058,-0.37954575,-0.21666716,-0.121499635,-0.46533647,-0.23777741,-0.50549936,-0.2925442,0.46898088,-0.16214424,0.052416794,-0.8958256,-0.46517017,-0.4805678,0.11209933
127,1510,-0.6177056,0.2301906,-0.37954572,-0.21666713,-0.12149965,-0.46533647,-0.23777741,-0.50549936,-0.2925442,0.46898088,-0.16214424,0.052416794,-0.8958256,-0.46517017,-0.4805678,0.11209933
127,1518,0.28067183,1.779517,-1.1508584,-1.1217735,0.7290949,-0.3092263,0.7935654,0.5093565,-0.33716643,-0.62683374,0.3011135,-1.1748995,0.42774257,0.3793393,1.2171981,0.44941813
127,1529,0.023813054,0.16531269,0.7120731,0.27097675,-0.47720462,-0.20111677,-0.54226446,0.30596608,-0.14556243,0.44845304,0.3755263,0.4065057,0.4295269,0.08177296,0.39860797,0.16344795
127,1542,0.3393826,0.3616575,1.2201837,-0.06279583,-0.73173887,-0.24702886,-0.47935835,0.71818167,-0.23160325,0.53668994,0.071484566,0.5051722,0.58641493,-0.11314911,0.74210185,-0.30126
127,1549,0.5611016,-0.25965238,0.28941151,0.18200622,0.32119212,0.25813648,0.4788437,0.26646048,0.43552983,0.2007787,-1.1060559,-0.04035242,-0.11364961,0.18129998,-0.14328833,-0.47615266
127,1552,0.34171665,-0.5586026,-0.013399377,-0.28592652,-0.29085183,0.28718975,0.3396755,0.09968507,-0.06584899,-0.7878337,-0.02020932,0.26807317,0.08353251,-0.07071546,-0.019421712,-0.58544624
127,1560,0.5815637,-0.54648,-0.41292343,-0.6512426,0.90173674,0.12657763,0.43087056,0.4375562,0.05502958,1.5970125,-0.17381525,0.45363748,0.17638025,2.4717383,-1.0385017,0.07933487
127,1561,0.56528467,-0.3098753,0.17122684,0.5851903,0.21862443,0.19275318,0.31117538,-0.0019444376,0.49128723,-0.29701513,-1.0767154,-0.23854509,-0.19281419,-0.17515561,0.11529541,-0.2758488
127,1570,-0.31823656,-0.40557283,-0.4492817,0.9513176,0.25314084,-0.18505543,-0.63770807,-0.41118723,0.1504797,-0.18047318,0.44050556,-0.32202268,-0.24152368,0.14929286,0.20647511,0.6155509
127,1577,0.18792985,0.34819907,-0.15944645,-0.63452023,-0.69340736,-1.1572784,-0.25447863,-0.31897,-0.85723835,0.6906996,-1.4101357,0.4662658,-1.613816,-0.65947336,0.0382742,-0.65392977
127,1580,-0.4404018,0.13223006,-0.62736857,0.01227656,0.010170661,-0.80907863,-0.48322636,-0.17543519,-0.42837936,0.40214062,-0.21829222,-0.24181041,-1.2233403,-0.07374342,0.38507515,-0.12411825
127,1587,-0.008021273,-0.42826712,-0.20177126,-0.42517418,-0.3705472,0.27453372,0.20496142,-0.05490586,-0.24915804,-0.8488012,0.55020976,0.33523306,0.18318817,-0.1114214,-0.12553392,-0.3509221
127,1596,0.6105178,-0.36027044,0.18685731,0.5248555,0.2525761,0.17864278,0.3372434,0.08381821,0.49302173,-0.18253493,-1.1443987,-0.21229163,-0.22375208,-0.056303266,0.09816545,-0.3600464
127,1600,0.02820465,-0.8783134,-0.39870262,-0.63059205,-0.47953224,0.105231985,0.052085504,0.09935026,-0.41866928,-0.957992,0.7692974,0.3739947,-0.03495899,0.16166842,0.03055504,-0.6539974
127,1602,-0.60712725,0.1847594,-0.3781577,-0.032086775,-0.1395325,-0.45076808,-0.35061502,-0.5399919,-0.28317297,0.45974872,0.035628244,0.11309188,-0.7159965,-0.33351102,-0.4245211,0.29999352
127,1623,0.2234203,0.13452372,0.05607757,0.7806042,0.24117908,0.29044676,0.27732107,-0.47081858,0.4669894,-0.42712703,-0.70501685,-0.2546506,0.06976658,-0.55957395,-0.08809387,0.3399657
127,1637,0.37683278,-0.047592804,0.085145,0.7343558,0.18775493,0.2670561,0.29876986,-0.3216064,0.47001147,-0.49784845,-0.8172637,-0.23740408,0.005740404,-0.45554984,0.014322236,0.11729416
127,1641,-0.0008446574,-0.9239059,-0.4273739,-0.62575704,-0.46049738,0.04569817,-0.01255345,0.12039527,-0.43162227,-0.90161484,0.7886175,0.34360522,-0.12713917,0.22426188,0.053307593,-0.6639464
127,1642,0.42499363,-0.4592917,0.049137417,-0.13566016,-0.28960142,0.3442522,0.41437072,0.017280132,0.011983469,-0.8825004,-0.18289104,0.2576312,0.15887168,-0.21877578,-0.01514551,-0.4957844
127,1646,0.39397454,-0.79375654,-0.062085398,-0.34133905,-0.2759803,0.1686885,0.24742667,0.23211832,-0.09389794,-0.70888263,-0.05239197,0.23089173,-0.117999285,0.12573424,0.0738689,-0.7694352
127,1658,0.41784143,-0.2166676,-0.101332106,-0.47778463,0.58934706,0.32216176,0.5230749,0.26689303,0.13608557,0.9727325,-0.2611559,0.3797155,0.31571898,1.4204012,-0.8508327,-0.0019596368
127,1659,0.36359918,-0.0295953,0.08071104,0.74072623,0.18901995,0.27098316,0.2986242,-0.33939177,0.468845,-0.50024974,-0.8037094,-0.2363756,0.016851872,-0.4688828,0.0044609904,0.14143884
127,1660,-0.315939,-0.35536665,-0.41700476,0.893877,0.22979069,-0.1686362,-0.5965417,-0.40796715,0.13723285,-0.15340371,0.4206189,-0.2811621,-0.22846748,0.13572773,0.1591413,0.60613304
127,1670,0.5358678,-0.25471324,0.14796755,0.6556047,0.2039696,0.21458524,0.30592927,-0.09668002,0.49683523,-0.3982856,-1.0275512,-0.25537738,-0.1403394,-0.27541053,0.11551234,-0.17623527
127,1679,-0.25260505,-0.48191732,-0.41683888,0.9765855,0.3120571,-0.16103253,-0.5995408,-0.33187297,0.21880385,-0.27261192,0.32901803,-0.43488505,-0.29804635,0.11437515,0.29864103,0.49110234
127,1697,0.21752782,1.677393,-0.8570337,-1.0057877,0.64985716,-0.2447168,0.54166603,0.8500035,-0.2384942,-0.58644557,0.6421334,-1.2357876,0.69335914,0.3878527,1.5807352,0.31910396
127,1702,0.48080158,-0.20724995,0.12874094,0.6650056,0.19430722,0.21633843,0.28680277,-0.14722623,0.47835988,-0.42073652,-0.9506904,-0.25283134,-0.1233851,-0.3116019,0.09483078,-0.105052516
127,1704,0.2828877,0.15556291,0.37325922,0.08718185,0.17166528,0.4796475,0.5521469,0.01223214,0.36570844,-0.020417493,-0.7266727,0.060837366,0.25097832,-0.26300183,-0.33528495,-0.18744715
127,1707,0.23285945,1.820547,-1.0794333,-1.0925107,0.78053427,-0.23352227,0.7009922,0.75969434,-0.2532605,-0.69424194,0.6090788,-1.3353691,0.6772661,0.4360624,1.5262408,0.43162185
127,1713,-0.11409211,0.1294132,0.33466807,0.35145563,-0.40765238,-0.34024298,-0.5462252,-0.05892258,-0.23183174,0.49906328,0.27603036,0.46727628,0.084329665,0.11469067,0.10342193,0.36427194
127,1716,-0.5507016,0.116796,-0.32713228,0.13834712,-0.13707164,-0.39976317,-0.4192939,-0.51018274,-0.23622791,0.40568954,0.17970636,0.1335913,-0.53889716,-0.20548978,-0.33426952,0.4142064
127,1724,-0.3571744,-0.3043527,-0.44482297,0.8786716,0.21347271,-0.18901673,-0.607481,-0.45791882,0.10628943,-0.095842905,0.44488245,-0.2384851,-0.23171335,0.13471508,0.10886201,0.6551828
127,1733,-1.0004307,0.47282267,0.21493408,-0.69570696,0.14782068,0.28639174,0.18945439,-0.23927769,0.14936434,0.4609677,0.35949147,-0.3584515,0.02406615,-0.8247644,-0.952141,0.09988493
127,1770,0.20733564,0.4366091,-0.22746918,-0.68503,-0.64349866,-1.1530373,-0.19670731,-0.30328998,-0.8685977,0.6454888,-1.3797789,0.40806252,-1.5621635,-0.61996764,0.08569467,-0.6100365
127,1773,0.16104226,0.36446124,0.39337748,0.056457818,0.10768003,0.59820604,0.6063497,-0.13380633,0.33593744,-0.14224824,-0.5407936,0.12409299,0.4646218,-0.4699663,-0.44197696,-0.014829874
127,1775,-0.3374058,-0.10081209,-0.011259578,0.6990463,-0.1926794,-0.19949752,-0.6633368,-0.30130592,-0.073247224,0.25015345,0.7332069,0.26859483,0.18786323,0.24415058,0.011005044,0.78615093
127,1779,0.6622269,-0.44607377,0.20331655,0.35671216,0.32748964,0.14204057,0.37812465,0.26552242,0.46703708,0.09762183,-1.2132504,-0.13497579,-0.28406757,0.23835742,0.023633093,-0.5072569
127,1787,0.001806274,0.016570505,0.71747303,0.48406547,-0.4536993,-0.08040402,-0.6015906,0.24146293,-0.046428964,0.32996815,0.64800376,0.42614144,0.6826024,0.17763397,0.34160042,0.41460645
127,1789,-0.6246475,0.21457936,-0.40978083,-0.13481121,-0.09855559,-0.4661627,-0.27971703,-0.5267591,-0.2791072,0.4710048,-0.10508984,0.044557072,-0.86691535,-0.40610957,-0.4497451,0.17499086
127,1804,-0.33404583,-0.028377242,-0.05744242,0.5558215,-0.22684216,-0.32370353,-0.6147026,-0.33410138,-0.16718064,0.36377394,0.48641092,0.31653616,-0.067140535,0.17433053,-0.050763473,0.6432986
127,1830,-0.3591309,-0.087886676,-0.10832762,0.719735,-0.14323708,-0.18228975,-0.6400799,-0.40024197,-0.0633253,0.19527942,0.7171439,0.23083639,0.1505608,0.21496296,-0.047785476,0.8413001
127,1844,0.12334482,0.3202446,0.38719213,-0.20194443,0.0628244,0.645105,0.64631903,-0.029130392,0.24730316,-0.09052126,-0.33989748,0.24580696,0.5518613,-0.31490588,-0.53094625,-0.12041016
127,1848,0.35873246,-0.43416607,0.04268069,-0.21724992,-0.28250903,0.35163522,0.4055954,0.039617166,-0.01818259,-0.8188193,-0.09251523,0.2719328,0.1753617,-0.18219666,-0.055603184,-0.5005951
127,1850,-0.0433646,0.21545461,0.1050801,0.4550203,0.24240229,0.27281013,0.26022288,-0.39249957,0.40492988,-0.19114445,-0.48999012,-0.2702378,0.018296212,-0.5761287,-0.25924137,0.26269776
127,1856,-0.29269475,0.095375225,-0.28514004,0.678294,0.25356504,0.10654532,-0.13156094,-0.61932075,0.27386695,-0.18251006,0.027525827,-0.2547019,-0.044250578,-0.37037885,-0.20386311,0.6088338
127,1857,-0.15912388,-0.5202402,-0.34941182,0.87146086,0.39674646,-0.17742088,-0.46309903,-0.12903589,0.26583433,-0.25008258,0.07926354,-0.54822725,-0.43969673,0.12580669,0.38734013,0.24827363
127,1894,0.020467237,0.1250008,0.7403324,0.33097288,-0.4920156,-0.1821427,-0.5887032,0.31865507,-0.12653236,0.4344871,0.47858572,0.42042494,0.52511036,0.11587273,0.42292082,0.22542635
127,1897,0.015033811,0.50660676,0.39268294,-0.11607619,0.034736767,0.6994548,0.6465624,-0.18979762,0.251091,-0.18656498,-0.25016028,0.23886058,0.6548462,-0.5304523,-0.57340455,0.07556661
127,1902,-0.29768348,-0.108451635,0.10370941,0.38492578,-0.101096325,-0.29518634,-0.6450401,0.23853795,-0.03544733,0.2117077,0.50101495,-0.13985258,-0.112835854,0.10145087,0.5542771,0.11815517
127,1903,0.00048199296,-0.9883688,-0.4598741,-0.6609262,-0.48109365,0.023748353,-0.033889234,0.13948068,-0.46093988,-0.9254955,0.83285624,0.35364386,-0.15171266,0.2607795,0.07403745,-0.7059213
127,1922,0.4262107,-0.12534647,0.10392386,0.7021785,0.18733346,0.24311554,0.29182982,-0.24013986,0.47219968,-0.46902794,-0.8745076,-0.24378383,-0.054046065,-0.38823444,0.054443166,0.0127264485
127,1923,-0.33590668,-0.10913865,-0.018281296,0.7156558,-0.19069347,-0.19124839,-0.66815126,-0.3149715,-0.066304386,0.22934733,0.7497215,0.26518232,0.20567417,0.24201855,0.008790359,0.80773
127,1937,-0.26596695,-0.4686228,-0.4199943,0.96856856,0.2922547,-0.16323331,-0.61127025,-0.3460673,0.20051864,-0.2581078,0.36814648,-0.4029046,-0.27415785,0.1285921,0.27724078,0.5232895
127,1938,0.04321161,0.43166554,0.40020633,-0.18468721,0.030713707,0.6813462,0.6433458,-0.11136723,0.23542048,-0.15905972,-0.25936276,0.24495593,0.60943794,-0.45771813,-0.5515523,-0.028308034
127,1953,-0.38546592,-0.06156984,-0.21647733,0.22321005,0.036047757,-0.49595264,-0.6393027,0.2926811,-0.13380517,0.18438943,0.3678574,-0.42468277,-0.5171994,0.056398325,0.79779506,-0.094735265
127,1964,-0.01718004,-1.0245216,-0.46653408,-0.70075804,-0.46235245,0.0010748729,-0.05914183,0.18262549,-0.46914834,-0.8568165,0.84940475,0.3444666,-0.1931263,0.32596076,0.07419807,-0.74609077
127,1971,0.56528467,-0.3098753,0.17122686,0.58519036,0.21862441,0.19275317,0.3111754,-0.0019444227,0.49128723,-0.29701516,-1.0767155,-0.23854509,-0.1928142,-0.17515561,0.11529538,-0.27584887
127,1975,0.14139076,0.7701805,0.23379746,-0.41369122,-0.060286917,-0.2238191,-0.11834447,0.78804064,-0.1675459,0.0007378869,0.3573289,-0.40234208,0.42192551,0.024710007,1.1386595,-0.14809173
127,1983,0.0013643205,-0.9141257,-0.42288196,-0.6217263,-0.46110064,0.052340787,-0.00564583,0.11540514,-0.4283414,-0.906661,0.7838344,0.34533113,-0.117159516,0.21431413,0.0500682,-0.6579624
127,1989,-0.21375167,-0.49416786,-0.37256363,0.91279036,0.35020205,-0.16719267,-0.5285958,-0.2305293,0.2403482,-0.2540295,0.18825641,-0.49237,-0.39072075,0.10150201,0.33687764,0.34942967
127,2019,0.0013979226,-0.6112138,-0.2732918,-0.5191074,-0.3995341,0.20297462,0.13982254,0.025556996,-0.3120867,-0.85260445,0.6300237,0.34435624,0.08332896,0.021091275,-0.06803469,-0.48519373
127,2020,0.020467222,0.1250008,0.74033237,0.33097288,-0.4920156,-0.1821427,-0.58870316,0.318655,-0.12653239,0.4344871,0.47858572,0.420425,0.5251105,0.11587273,0.42292076,0.22542633
127,2024,0.54367477,-0.49710667,-0.44043863,-0.70148605,0.98917794,0.11977365,0.43017545,0.44706523,0.04960382,1.8063333,-0.13113332,0.48223168,0.19708955,2.6475024,-1.1489033,0.16386059
127,2038,0.3437941,0.36116624,1.2092398,-0.053434804,-0.71983856,-0.22564846,-0.45062312,0.68036765,-0.22145583,0.5215284,0.051824644,0.518182,0.5872263,-0.11255715,0.68599087,-0.2750225
127,2044,0.37626827,-0.7152353,-0.050810836,-0.33692682,-0.29391712,0.21964753,0.28808016,0.18267031,-0.093110114,-0.75955224,-0.020919204,0.25651202,-0.02752775,0.050288953,0.038737863,-0.7098172
127,2049,-0.33404583,-0.028377235,-0.057442434,0.5558215,-0.2268422,-0.32370353,-0.6147025,-0.33410132,-0.16718061,0.3637739,0.48641092,0.3165362,-0.067140535,0.17433053,-0.050763473,0.6432986
127,2052,0.50864035,-0.46311694,-0.4616351,-0.698151,1.0024586,0.11368762,0.41045314,0.4150803,0.03618668,1.8296455,-0.08103297,0.4797721,0.2017687,2.6613607,-1.1719968,0.22778735
127,2053,0.23881106,0.21765015,0.38055602,0.07307552,0.15208435,0.5105017,0.56078273,-0.02763284,0.35379177,-0.049179442,-0.6653409,0.07664933,0.30461696,-0.322811,-0.36615497,-0.13893192
127,2055,0.27859473,1.6756974,-1.1019328,-1.1298382,0.6053089,-0.40959993,0.72906584,0.4189247,-0.41297412,-0.5057005,0.112571955,-1.03731,0.20925227,0.27646035,1.0993798,0.3429327
127,2057,-0.44045043,0.08423589,-0.60050565,0.018920466,0.08022064,-0.7509958,-0.49342635,-0.01825627,-0.352287,0.30625194,-0.11810948,-0.40032274,-1.1499205,-0.060563385,0.56565976,-0.20256664
127,2068,0.33175004,-0.41926807,0.034817994,-0.22388239,-0.27968317,0.34841153,0.39402324,0.032051057,-0.026085898,-0.80538493,-0.061565094,0.27093744,0.17547312,-0.1801877,-0.065755546,-0.48190522
127,2072,0.005741954,-0.6149911,-0.28362432,0.85787857,0.5340404,-0.19656098,-0.29833823,0.09609218,0.36919516,-0.25375542,-0.25068486,-0.70590216,-0.5443355,0.15413925,0.52957654,0.020377666
127,2093,-0.4394399,0.01174869,-0.5358805,0.050725028,0.13905679,-0.67383236,-0.5322502,0.17304446,-0.2601568,0.19077502,0.043682545,-0.5650026,-1.0111642,-0.041807964,0.7859385,-0.26963454
127,2095,0.29251975,1.8945003,-1.210356,-1.1581341,0.81049484,-0.26730335,0.8424646,0.59016097,-0.3126247,-0.7086211,0.42889583,-1.2839332,0.5756545,0.4488948,1.3430057,0.5125203
127,2100,0.28983372,0.050530367,0.06543884,0.7533709,0.20223197,0.28248438,0.28534204,-0.40365082,0.45986116,-0.4801067,-0.7307762,-0.23594034,0.051995635,-0.5117205,-0.04308495,0.24343051
127,2101,-0.3591309,-0.08788666,-0.10832762,0.719735,-0.14323708,-0.18228975,-0.64007986,-0.40024197,-0.0633253,0.19527942,0.71714383,0.23083639,0.1505608,0.21496302,-0.04778546,0.8413
127,2103,0.36580008,-0.79147077,-0.06964751,-0.36109316,-0.2675758,0.16116261,0.23176172,0.24027313,-0.10244058,-0.6751069,-0.02124384,0.22823802,-0.1277752,0.14747578,0.06419818,-0.7673462
127,2113,0.5965097,-0.36775953,0.23302662,0.24792914,0.3222054,0.18121824,0.41069332,0.28042972,0.43204695,0.16842587,-1.1267292,-0.07891432,-0.22222087,0.24882,-0.063915074,-0.4969182
127,2116,0.62858623,-0.4032871,0.22572112,0.28132856,0.32492593,0.1676491,0.40396667,0.28514957,0.44634962,0.14984453,-1.1684909,-0.09595143,-0.2447691,0.25395977,-0.03225209,-0.513291
127,2119,0.19186904,0.3361444,0.012828544,-0.48031014,-0.6879073,-1.0258789,-0.3168362,-0.20504157,-0.75779974,0.6720898,-1.1459494,0.49305552,-1.2728342,-0.53340566,0.12228352,-0.5272764
127,2125,-1.2731467,0.18444917,0.16989933,-1.078326,0.090339236,0.16394933,-0.057533205,-0.089131065,0.012757614,0.6898873,0.59756386,-0.63660944,-0.2082254,-0.85383654,-1.032613,-0.12076165
127,2136,0.38094878,-0.041356795,0.084761746,0.7459313,0.19144472,0.2722367,0.3047656,-0.3315168,0.47675622,-0.50345904,-0.8271765,-0.24024945,0.01492703,-0.4669867,0.013127461,0.12629876
127,2148,0.40008575,-0.7741912,-0.05984857,-0.33376354,-0.28996277,0.18738352,0.2659173,0.210992,-0.09410851,-0.7485665,-0.04805988,0.24276212,-0.08378591,0.09147092,0.0687335,-0.75221026
127,2157,0.5374296,-0.4161092,-0.31361067,-0.6199397,0.83445245,0.20383431,0.48884195,0.3890158,0.08794926,1.4666073,-0.21113908,0.45133913,0.25602213,2.1930733,-1.0290823,0.0775169
127,2165,-0.031840548,-0.93559664,-0.4173332,-0.66346425,-0.41769153,0.02426901,-0.039273433,0.17300697,-0.425668,-0.7789295,0.7878775,0.32227772,-0.17565438,0.3005679,0.03931597,-0.69552904
127,2196,0.3359223,0.35952443,1.2582846,-0.077021495,-0.7535659,-0.27223736,-0.5315384,0.80375767,-0.24035852,0.5563391,0.12325889,0.47656816,0.6109098,-0.11274989,0.8561987,-0.3502376
127,2197,0.550024,-0.49958467,-0.45103002,-0.69599724,0.998081,0.114139535,0.4298955,0.4450454,0.050035372,1.8175257,-0.1329626,0.484734,0.1953958,2.671666,-1.1537523,0.17494246
127,2206,-0.6491622,0.21213837,-0.45425534,-0.032675862,-0.07580375,-0.4641129,-0.3359233,-0.57738835,-0.26977116,0.48021922,-0.013057083,0.051146276,-0.8108324,-0.34224874,-0.43717486,0.2839173
127,2217,-0.3277182,-0.12517394,-0.040476426,0.71854377,-0.15894532,-0.16983467,-0.6437728,-0.3227799,-0.04113719,0.17197691,0.7233478,0.21808815,0.1838857,0.21956247,0.008702368,0.791472
127,2218,0.4369372,-0.48769444,0.042711575,-0.16492261,-0.30421168,0.3467835,0.42147732,0.032961547,-0.0013969094,-0.90296906,-0.16816048,0.2701704,0.16453117,-0.20642409,-0.008357018,-0.5288073
127,2224,0.04715632,0.519806,0.35475707,0.04916902,0.03031329,0.68040544,0.6302236,-0.29532105,0.28277588,-0.29417455,-0.30820078,0.20546845,0.65304947,-0.6188249,-0.53185844,0.18547015
127,2237,0.20020129,1.5874946,-0.7382999,-0.9493708,0.5776237,-0.2512022,0.44828707,0.88862807,-0.2275664,-0.5242539,0.65589195,-1.1771473,0.6868012,0.35584643,1.5967333,0.2562095
127,2239,-0.17266755,0.08985783,0.24192476,0.38741142,-0.3441916,-0.33302546,-0.553785,-0.093463466,-0.20567812,0.46517816,0.3128221,0.39922124,0.022342563,0.13280895,0.08635491,0.39233255
127,2240,0.57550794,-0.53949785,-0.35342634,-0.5643152,0.7515119,0.15530609,0.43183708,0.37936652,0.060179844,1.2607366,-0.19681135,0.41803932,0.17493436,2.1153245,-0.8978134,0.008523032
127,2246,-0.44023824,0.4122939,0.18273348,-0.02884294,0.21956241,0.29967526,0.29900658,-0.3449425,0.3215633,0.10347818,-0.17748605,-0.257467,0.047963858,-0.70271987,-0.5756764,0.20443884
127,2249,-0.3372982,-0.047056623,-0.03305451,0.6002045,-0.23124203,-0.29583254,-0.6416369,-0.32089633,-0.14899375,0.34995878,0.5728454,0.32191974,0.02031374,0.20366308,-0.03068532,0.69327325
127,2258,0.54640543,-0.28493547,0.16707848,0.59606594,0.21466708,0.19992992,0.30856216,-0.028951615,0.48859847,-0.31620535,-1.052911,-0.24030021,-0.17701568,-0.2036292,0.10770401,-0.24394162
127,2263,0.023584679,-0.44559568,-0.20640787,-0.4370551,-0.403265,0.29722,0.23469704,-0.064333424,-0.258875,-0.924655,0.5565097,0.36158112,0.22587791,-0.13990827,-0.11800122,-0.36916447
127,2270,-0.50092995,0.03773896,-0.42377985,0.46385634,0.07569833,-0.2688169,-0.44687232,-0.5498692,-0.07485394,0.2245862,0.27156428,-0.0204935,-0.4163117,-0.030319259,-0.21795157,0.57471716
127,2277,0.40239346,-0.7656962,-0.05731026,-0.35993856,-0.30434573,0.21313396,0.29033676,0.20838414,-0.10096085,-0.77329266,-0.02697502,0.2639109,-0.0394568,0.07635539,0.055751517,-0.7584991
127,2278,0.053171754,0.20206036,0.6300907,0.18628083,-0.49509043,-0.2999689,-0.4975737,0.23107089,-0.21381186,0.4705982,0.15612188,0.42300898,0.20933369,0.0049709156,0.35046834,0.0793714
127,2280,-0.45315355,-0.07368748,-0.43933272,0.64216644,0.13128896,-0.23485696,-0.5151323,-0.5317387,-0.008307636,0.123844266,0.3615175,-0.08492705,-0.32670742,0.063336916,-0.10291852,0.6424147
127,2283,0.21628274,0.34994328,0.98442197,-0.11154251,-0.55099595,-0.24773261,-0.47378328,0.796719,-0.18030412,0.4054854,0.17227167,0.1995346,0.43682614,-0.123568706,0.9168846,-0.3706851
127,2286,0.0027012676,-0.6879941,-0.28103238,0.83937335,0.5410426,-0.23282224,-0.3384611,0.1817527,0.35703868,-0.24881095,-0.22450817,-0.74367064,-0.60235184,0.21153349,0.59945905,-0.04955636
127,2288,-0.24074677,0.0022803508,0.2042276,0.40991837,-0.25944746,-0.31679842,-0.6245479,0.047608346,-0.138279,0.3884934,0.44086736,0.19610676,-0.0049402416,0.14361319,0.2815887,0.30517542
127,2293,0.5704503,-0.5319088,-0.42820293,-0.67680514,0.94230074,0.1235444,0.43110368,0.44363928,0.051427916,1.6922114,-0.15434803,0.4672836,0.18653181,2.5598958,-1.0870584,0.11412443
127,2306,-0.020302713,0.5858233,0.35274643,-0.0006300509,0.020030372,0.71012896,0.6343724,-0.32129818,0.25844455,-0.28248477,-0.2092663,0.23436373,0.7098874,-0.6394052,-0.58437455,0.23526701
127,2312,-0.24820697,-0.47219312,-0.40585506,0.9607263,0.31070665,-0.155446,-0.5845454,-0.3251381,0.21936679,-0.26995003,0.31266925,-0.43245938,-0.30223268,0.107410945,0.29140395,0.47728324
127,2314,-0.018900976,-0.6581482,-0.2917352,0.8369844,0.52597576,-0.22929037,-0.34540817,0.14271264,0.34442067,-0.23699695,-0.19729532,-0.7175817,-0.58847463,0.20176286,0.56845003,-0.0145181045
127,2336,0.013532817,0.048503917,0.74158853,0.4164377,-0.46334636,-0.11694304,-0.60361236,0.31096768,-0.06524961,0.35220316,0.58676744,0.39088786,0.6220486,0.14534861,0.4177279,0.30653343
127,2350,-0.22240992,-0.5293628,-0.40243626,0.968614,0.35292676,-0.17777982,-0.575363,-0.2512334,0.24390209,-0.27517283,0.244614,-0.5013754,-0.36581978,0.120181985,0.36256456,0.39552486
127,2351,0.2062359,0.6785291,-0.5125723,-0.82659596,-0.2986875,-0.9261182,0.1040726,-0.21636382,-0.7617681,0.3373092,-1.0915956,0.039017163,-1.2351093,-0.42888507,0.18824261,-0.3883202
127,2355,-0.09025765,-0.36830074,-0.2900797,0.8486194,0.41536653,-0.08804839,-0.27332956,-0.19948712,0.3308136,-0.24440008,-0.13962838,-0.512826,-0.3665334,-0.024231017,0.27214158,0.26293123
127,2366,-1.2534668,0.17845011,0.17194252,-1.047028,0.09730328,0.17224845,-0.058852166,-0.08210112,0.02058196,0.67429686,0.5985551,-0.6269933,-0.19609885,-0.8218723,-1.0134349,-0.109765306
127,2396,0.23468255,1.7727102,-0.9860913,-1.0667659,0.7216662,-0.24574608,0.6370597,0.8029447,-0.25615072,-0.6460543,0.6194083,-1.2921449,0.68831897,0.41886705,1.5600889,0.38336837
127,2411,0.42447555,-0.47640264,0.042637613,-0.15439187,-0.29525727,0.33963394,0.41094047,0.028701037,0.0016316622,-0.8851825,-0.16792187,0.26123297,0.15274155,-0.2046659,-0.010760367,-0.5138205
127,2421,-0.35628086,-0.23389365,-0.40200484,0.79742134,0.18530706,-0.16906893,-0.5495864,-0.45260787,0.088365726,-0.05515991,0.40925127,-0.1874637,-0.22435743,0.11306027,0.044705614,0.635182
127,2425,-0.11409211,0.12941319,0.33466804,0.35145563,-0.40765238,-0.34024292,-0.5462252,-0.05892258,-0.23183174,0.49906328,0.27603036,0.46727622,0.084329665,0.11469067,0.1034219,0.36427194
127,2431,0.3929683,0.021113403,0.35589373,0.09632561,0.24024183,0.41721365,0.55452186,0.117201895,0.39338553,0.08822596,-0.87675434,0.0386964,0.14642876,-0.081200786,-0.29258078,-0.29941738
127,2438,-1.2065178,0.39069724,0.20603955,-0.9451738,0.12811022,0.25625402,0.098829865,-0.19071624,0.09210751,0.6087343,0.5197562,-0.5013251,-0.04029374,-0.9026365,-1.065726,0.015053421
127,2451,-0.38546592,-0.06156984,-0.21647736,0.22321005,0.03604775,-0.49595264,-0.6393027,0.29268116,-0.1338052,0.18438943,0.3678574,-0.42468277,-0.5171994,0.05639831,0.79779506,-0.09473525
127,2452,-0.3466469,-0.10528807,-0.016654864,0.34002572,-0.057227276,-0.39057806,-0.69186336,0.29333842,-0.07517628,0.21096192,0.51211125,-0.26025674,-0.23991148,0.09886003,0.70711803,0.039441954
127,2459,0.13391836,0.7173214,0.2819742,-0.3772741,-0.09065626,-0.22027922,-0.14722545,0.77229196,-0.16114421,0.02956153,0.3351138,-0.35906655,0.39649954,0.007134959,1.0997856,-0.16698624
127,2470,0.056119516,-0.4638021,-0.19337702,-0.44731307,-0.40741152,0.3096827,0.2573372,-0.047376096,-0.25146872,-0.93560284,0.52564096,0.36958054,0.23839936,-0.13715959,-0.112885445,-0.40218097
127,2477,0.113987446,-0.5298634,-0.1747576,-0.42020756,-0.3808901,0.27256063,0.24355936,0.0028935447,-0.22393085,-0.8895392,0.42051727,0.33765727,0.1561904,-0.083182596,-0.073054716,-0.4660638
127,2486,0.5477069,-0.5072315,-0.43432826,-0.69221604,0.9683137,0.12111446,0.42604378,0.4426787,0.047896028,1.7572018,-0.13366966,0.47244668,0.1907041,2.6037724,-1.1220056,0.1465584
127,2487,-0.37201738,0.37238783,0.17249313,0.04817249,0.22576705,0.2898668,0.2888941,-0.342755,0.33364248,0.06411551,-0.23397632,-0.26127484,0.030368328,-0.669237,-0.51704484,0.2032685
127,2492,-0.1669547,-0.15437025,-0.30223972,0.8131225,0.33188015,-0.0073722526,-0.22966951,-0.41699064,0.2944579,-0.22384568,-0.05841157,-0.36158273,-0.22859223,-0.14891496,0.064358115,0.4481911
127,2497,0.001662299,-1.0280223,-0.47749478,-0.6967755,-0.4957059,0.018431172,-0.039079875,0.1564938,-0.48077923,-0.9392195,0.8661553,0.36635444,-0.15428004,0.28528047,0.08136761,-0.73976487
127,2498,0.32677978,-0.4711523,0.01195991,-0.25854194,-0.28699717,0.3273083,0.37243494,0.057201162,-0.047434494,-0.7993515,-0.027851418,0.27442682,0.14696416,-0.13692257,-0.052667663,-0.5205332
127,2500,0.36665845,-0.15851174,-0.016182207,-0.3824227,0.47610086,0.33916327,0.5030775,0.22118418,0.15618472,0.74345684,-0.298188,0.32773092,0.28287926,1.0834848,-0.73447514,-0.05144526
127,2516,-0.33195752,-0.10661939,-0.020454608,0.7052765,-0.18108422,-0.18392801,-0.6518933,-0.31345037,-0.060334504,0.21829678,0.7289179,0.25315017,0.19211009,0.23237157,0.0037911534,0.7926536
127,2527,-0.39248592,0.06710325,-0.40060517,0.19123365,-0.096503235,-0.6374063,-0.5050315,-0.27647772,-0.33941758,0.4178259,-0.0705299,0.009643868,-0.8853761,-0.023219839,0.13558203,0.11699146
127,2528,-1.2671851,0.23282489,0.17743084,-1.0484053,0.09959473,0.19231728,-0.026709026,-0.11232141,0.03079392,0.66907287,0.6002584,-0.6056534,-0.15668534,-0.86003447,-1.045318,-0.07858391
127,2542,0.29876298,1.9812224,-1.2530406,-1.1787136,0.8782455,-0.22470576,0.88612527,0.64537805,-0.2872283,-0.7735317,0.53082424,-1.3647053,0.6981063,0.50686336,1.4238663,0.57252055
127,2579,-0.44697315,-0.019219749,-0.4781776,0.080834165,0.12411865,-0.6599543,-0.59155786,0.25024343,-0.23715998,0.18885328,0.1455538,-0.58606815,-0.9283104,-0.020732298,0.8725863,-0.2739957
127,2582,-0.3505593,-0.1122469,-0.032226413,0.329111,-0.032006077,-0.38024017,-0.67576176,0.30502015,-0.06028028,0.18519288,0.49689466,-0.3001307,-0.26609614,0.08719594,0.7180771,0.013292037
127,2583,0.34171665,-0.5586026,-0.01339937,-0.28592658,-0.29085186,0.28718975,0.3396755,0.0996851,-0.06584898,-0.7878338,-0.02020932,0.2680731,0.08353245,-0.07071545,-0.019421712,-0.58544636
127,2610,0.5597658,-0.32157475,0.18446802,0.53045195,0.22887713,0.1815598,0.3113662,0.04620503,0.4780414,-0.22131546,-1.079827,-0.22076261,-0.21848312,-0.114750765,0.09703779,-0.31726545
127,2624,-0.09350872,-0.5637632,-0.32029504,0.83067405,0.46283463,-0.20502672,-0.38358617,0.005270377,0.29959336,-0.22239615,-0.07749997,-0.6248846,-0.5255371,0.16157243,0.46091372,0.10983486
127,2634,-0.32979944,-0.1106952,0.006514281,0.6982052,-0.19631088,-0.19860938,-0.6657127,-0.27918354,-0.068510115,0.2474906,0.7333295,0.26501742,0.19391474,0.24664891,0.027457938,0.7703716
127,2646,-1.2003374,0.31200653,0.18487021,-0.9486969,0.11473154,0.22282201,0.03676162,-0.15799516,0.06438934,0.6105444,0.5423863,-0.53092647,-0.096049875,-0.85496396,-1.0295322,-0.013908118
127,2649,0.12494673,0.27438277,0.41625825,-0.020580485,-0.5731127,-0.5869929,-0.43496805,0.04780303,-0.41237944,0.5541312,-0.36357746,0.48299503,-0.34559935,-0.17827561,0.26125947,-0.12128474
127,2658,0.40613633,-0.82346505,-0.06944228,-0.3484133,-0.28195432,0.15955167,0.24256319,0.24325015,-0.099518895,-0.71828765,-0.053906277,0.23214006,-0.13200246,0.14026427,0.08648005,-0.7921631
127,2665,-0.9208998,0.16862743,0.02681221,-0.47780013,0.13692196,0.15344179,-0.059504636,-0.27980217,0.110032976,0.37891445,0.36510676,-0.503393,-0.14452024,-0.7280923,-0.7514337,0.12039772
127,2679,0.11729407,0.4444695,0.39116436,0.046626613,0.07997859,0.6465233,0.6328764,-0.19926217,0.32108468,-0.19634436,-0.4587269,0.16075012,0.5597309,-0.54361665,-0.48952395,0.06466369
127,2683,-1.2467536,0.25516877,0.1778242,-1.0164049,0.10307906,0.20101674,-0.010316854,-0.1266894,0.03926123,0.6492703,0.58599347,-0.5821322,-0.13821262,-0.8561388,-1.0396283,-0.056656197
127,2686,0.17370032,0.202532,0.341154,-0.17459022,0.07943308,0.5678454,0.595032,0.017512962,0.24105299,-0.06818834,-0.3783731,0.2228831,0.43922636,-0.19461915,-0.4749054,-0.17020704
127,2687,0.14188062,1.1403432,-0.2602963,-0.6596914,0.2617194,-0.23328534,0.13943775,0.83178926,-0.18532671,-0.26598626,0.5184184,-0.80274516,0.51943433,0.17452529,1.3621411,0.039575513
127,2690,0.26736176,1.5431036,-1.023706,-1.077663,0.49806455,-0.46316114,0.65754044,0.32717323,-0.44891042,-0.39987695,-0.040918484,-0.8950086,0.031426102,0.19481826,0.96186215,0.2633092
127,2708,0.31155598,-0.4048773,0.033991467,-0.22594278,-0.2708546,0.34513465,0.3848583,0.030389547,-0.026802808,-0.7814446,-0.04822976,0.26592016,0.17084411,-0.17484176,-0.07461449,-0.46833313
127,2711,-0.33573374,-0.06313911,-0.012755334,0.6277932,-0.22680774,-0.26819932,-0.6515829,-0.30314475,-0.12758692,0.32923383,0.62604225,0.31316054,0.07937327,0.22006777,-0.012420177,0.71670544
127,2736,-0.288387,-0.42887866,-0.4225284,0.93921465,0.2637003,-0.1706262,-0.61456335,-0.3690071,0.17042889,-0.21365178,0.40171707,-0.35092017,-0.25466686,0.14135343,0.23334107,0.5607
127,2742,0.0449183,-0.7455243,-0.25490946,0.84079725,0.5650597,-0.23762953,-0.32578543,0.2589503,0.3795064,-0.27135542,-0.2740968,-0.7889122,-0.62514114,0.22982574,0.65664506,-0.11706336
127,2749,0.02150628,0.45616812,0.39868432,-0.18061425,0.034169897,0.68333316,0.6376333,-0.12613237,0.23390196,-0.1495753,-0.24070445,0.24408865,0.61579776,-0.46711275,-0.5636607,-0.00093909353
127,2751,0.27857572,1.9747883,-1.2476414,-1.1878691,0.86391616,-0.24644461,0.8378653,0.6933809,-0.29514676,-0.7659126,0.5696857,-1.3915433,0.69131327,0.4896394,1.5007117,0.53147036
127,2762,0.34379417,0.36116624,1.2092398,-0.053434804,-0.71983856,-0.22564846,-0.45062312,0.68036765,-0.22145586,0.5215284,0.051824644,0.5181819,0.5872263,-0.11255715,0.68599087,-0.2750225
127,2764,0.49735713,-0.51318157,0.055807404,-0.120487705,-0.17097321,0.31491184,0.42011282,0.10229714,0.06946243,-0.65498394,-0.32000124,0.2351422,0.106787145,0.0005493164,-0.04836966,-0.526162
127,2766,0.53586775,-0.25471324,0.14796755,0.6556047,0.20396961,0.21458521,0.3059293,-0.096680015,0.4968353,-0.3982856,-1.0275512,-0.25537738,-0.14033942,-0.27541053,0.11551237,-0.17623527
127,2779,0.39029098,-0.46136296,0.040966064,-0.186866,-0.28638515,0.33931282,0.40240595,0.039230943,-0.009324193,-0.84484977,-0.13050304,0.26275644,0.15321606,-0.18502948,-0.030010372,-0.51177156
127,2780,-0.44734526,0.058815822,-0.23010468,0.3711726,-0.11955308,-0.2773002,-0.4640634,-0.46771657,-0.15201862,0.28711477,0.35813063,0.17911041,-0.24956214,-0.035039663,-0.24118525,0.5850055
127,2794,0.13078107,-0.53927404,-0.14517167,-0.38265765,-0.33024094,0.2397075,0.22163288,0.039815515,-0.18654145,-0.79055995,0.32628632,0.2932082,0.07853034,-0.036750726,-0.059813306,-0.48391086
127,2795,-0.2296542,0.017464824,0.21453059,0.41633517,-0.28416693,-0.3245111,-0.62269664,0.014666237,-0.15586676,0.4125336,0.43097192,0.24921349,0.01349774,0.15124336,0.24137235,0.33831322
127,2805,0.5358678,-0.25471324,0.14796755,0.6556047,0.20396961,0.21458524,0.3059293,-0.096680015,0.4968353,-0.3982856,-1.0275512,-0.25537738,-0.14033943,-0.27541053,0.11551237,-0.17623527
127,2812,0.54770684,-0.5072315,-0.43432826,-0.69221604,0.9683137,0.12111446,0.42604378,0.4426787,0.047896035,1.7572018,-0.13366966,0.47244668,0.1907041,2.6037724,-1.1220056,0.14655839
127,2813,-0.53426945,0.46844232,0.19478448,-0.13539208,0.20726481,0.309886,0.30800977,-0.34619254,0.2971773,0.15787938,-0.09199952,-0.24360079,0.0684689,-0.7381716,-0.6550268,0.20885259
127,2818,0.38536757,-0.7151675,-0.047937535,-0.3598377,-0.30764773,0.241292,0.31092602,0.18384106,-0.09833786,-0.7844425,-0.009043038,0.27524123,0.008793324,0.03928628,0.031094596,-0.72259784
127,2832,-0.16840698,0.09436291,0.25842693,0.39072362,-0.36462283,-0.34541914,-0.5720657,-0.086561434,-0.2176017,0.48413184,0.32739717,0.42038065,0.042266995,0.13958108,0.09916207,0.39908516
127,2835,0.004769489,-0.0001084432,0.7518973,0.47981852,-0.44790655,-0.06886233,-0.62104887,0.31133914,-0.02404058,0.30759132,0.681278,0.37873846,0.70864236,0.17482406,0.4170394,0.37193507
127,2840,-0.19006214,-0.09482291,-0.33530423,0.8518804,0.3230574,0.017168954,-0.2260372,-0.5151622,0.29912627,-0.23514701,-0.032324895,-0.33312595,-0.17197268,-0.19871563,0.014009237,0.539629
127,2845,0.29876298,1.9812224,-1.2530407,-1.1787134,0.8782455,-0.22470573,0.88612527,0.64537805,-0.2872283,-0.7735316,0.5308242,-1.3647052,0.6981063,0.5068633,1.4238663,0.5725205
127,2850,0.13622378,0.39993268,0.39004263,0.052258655,0.09494232,0.6156375,0.6124143,-0.16375098,0.32659197,-0.16544704,-0.49761,0.1384866,0.50095916,-0.501387,-0.46189314,0.023157671
127,2854,0.09700172,0.89283645,-0.052313887,-0.4929555,0.1275709,-0.21618351,-0.00022419542,0.7617027,-0.15277465,-0.14305578,0.42754853,-0.6187503,0.39381132,0.087322034,1.1922386,-0.051947787
127,2857,-0.029590704,0.06392745,0.6058192,0.4476753,-0.44859952,-0.15404022,-0.5754537,0.12834436,-0.11041203,0.39553076,0.53382754,0.4691068,0.51909864,0.1643292,0.23838067,0.42392486
127,2861,0.4856274,-0.4698915,-0.094843514,-0.26104498,0.23521039,0.23467681,0.39622936,0.20682715,0.08689298,0.19374831,-0.2857957,0.2812594,0.10468614,0.85508704,-0.40598074,-0.26418257
127,2867,-0.34024096,0.10511075,-0.25230852,0.57784784,0.23965976,0.114302866,-0.119414985,-0.5883649,0.26128602,-0.1428686,0.05103907,-0.27321625,-0.047272205,-0.4091598,-0.2501607,0.5636352
127,2886,-0.27907568,-0.07515365,0.14424369,0.39935324,-0.16881853,-0.31648043,-0.6595886,0.18191202,-0.079320386,0.2832712,0.4973967,-0.017208107,-0.0669027,0.12132325,0.4811579,0.18492734
127,2889,0.22579454,0.35529566,1.0049672,-0.11528964,-0.5677945,-0.25474194,-0.48172498,0.8066939,-0.18804942,0.41779536,0.17161047,0.21525666,0.45033708,-0.12382815,0.9269989,-0.37574267
127,2897,-0.35332745,-0.113162756,-0.092352904,0.73882496,-0.15258,-0.18652618,-0.6629848,-0.37750143,-0.05785115,0.18791883,0.74497074,0.22790542,0.17188248,0.22754198,-0.015760973,0.8418342
127,2904,-0.22240992,-0.5293628,-0.40243626,0.968614,0.35292676,-0.17777982,-0.57536304,-0.2512334,0.24390209,-0.27517283,0.244614,-0.5013753,-0.36581978,0.120181985,0.36256462,0.39552486
127,2914,0.026009709,-0.84256965,-0.38003787,-0.61495644,-0.4670043,0.118174195,0.06430153,0.09124783,-0.40265423,-0.94033426,0.7463868,0.36889717,-0.020571977,0.14422792,0.017406315,-0.63277763
127,2917,-0.41684902,-0.040196523,-0.36124295,0.14169942,0.095880784,-0.57586443,-0.60315245,0.27735454,-0.18016328,0.17109568,0.24394366,-0.530558,-0.74145544,0.011434682,0.8443095,-0.20050304
127,2928,-0.135635,-0.24282302,-0.29754317,0.8317675,0.36483818,-0.039169043,-0.24966565,-0.3314054,0.31014156,-0.23412992,-0.08974506,-0.42248067,-0.2825076,-0.09958045,0.14904466,0.3758083
127,2939,-0.7088486,0.15256943,-0.061849125,-0.112616554,0.16807336,0.14302906,-0.0708035,-0.38469952,0.16437475,0.1906457,0.24048692,-0.4200775,-0.10972458,-0.6273351,-0.5760064,0.26697624
127,2956,-0.0433646,0.21545458,0.1050801,0.45502025,0.24240232,0.27281013,0.26022288,-0.39249957,0.40492982,-0.19114445,-0.48999012,-0.2702378,0.018296212,-0.5761287,-0.25924137,0.26269776
127,2961,-0.4022851,0.012447655,-0.17337036,0.4998653,-0.123421915,-0.22278368,-0.51048213,-0.44408655,-0.11035347,0.23724748,0.48127598,0.2033506,-0.083184004,0.05502326,-0.18247278,0.6837534
127,2962,0.5683064,-0.5116324,-0.42515826,-0.66003627,0.9597658,0.11458044,0.43322748,0.4430529,0.063991435,1.7224439,-0.1809527,0.46066898,0.17572826,2.5681067,-1.0989497,0.13302238
127,2963,0.18496479,0.3240196,0.087720245,-0.37872273,-0.65546864,-0.9340485,-0.33469057,-0.15660152,-0.6820575,0.640851,-1.0023651,0.4868462,-1.0954005,-0.45718595,0.15055051,-0.44600773
127,2965,-0.44697315,-0.019219741,-0.4781775,0.080834165,0.12411865,-0.6599543,-0.591558,0.25024343,-0.23715998,0.18885326,0.1455538,-0.58606815,-0.9283104,-0.020732306,0.8725863,-0.2739957
127,2966,0.09453064,0.47711575,0.3779783,0.053770214,0.058473766,0.66404784,0.6370198,-0.24335484,0.30856836,-0.24348362,-0.40500623,0.18007287,0.6043805,-0.5823102,-0.50646436,0.116867244
127,2968,0.05891101,-0.70867413,-0.24182612,0.8341072,0.55203646,-0.21618739,-0.2997032,0.22791149,0.38137138,-0.2763527,-0.28994966,-0.7601586,-0.5962173,0.21207479,0.6195552,-0.09460914
127,2980,-0.6680224,0.5042242,0.21510613,-0.3029399,0.18493749,0.313923,0.29755142,-0.31711853,0.25708696,0.24264435,0.03671755,-0.24743903,0.072925985,-0.7701749,-0.75058347,0.18094975
127,2985,-0.3908497,0.111732826,-0.22089398,0.47449094,0.22742423,0.1197772,-0.10974264,-0.555705,0.24766448,-0.097056165,0.07539822,-0.2947289,-0.05534853,-0.44380862,-0.29700798,0.5162862
127,2986,-0.32304984,-0.1316179,0.061528843,0.37920576,-0.07187683,-0.32704347,-0.6837169,0.29687798,-0.030285373,0.19099456,0.5406644,-0.22257707,-0.14506263,0.1021272,0.66141677,0.073368445
127,2990,-0.8218713,0.16155444,-0.006074004,-0.3198511,0.14680988,0.1501402,-0.06181053,-0.32005978,0.1331808,0.29196846,0.30722782,-0.462961,-0.12832999,-0.68266666,-0.67183197,0.17988023
127,3007,0.02309154,0.025781441,0.7983291,0.4605192,-0.4925009,-0.09823383,-0.64662373,0.34302086,-0.05377175,0.35233295,0.680775,0.41651434,0.7346363,0.17524138,0.4557191,0.35119557
127,3008,0.39949524,-0.832191,-0.07403877,-0.3661548,-0.2827855,0.15860736,0.23964691,0.25193286,-0.10621412,-0.7102511,-0.037811555,0.23580256,-0.13225432,0.15327129,0.08397004,-0.80263275
127,3009,-0.009961568,0.58851147,0.35865018,0.000976488,0.019449048,0.71947896,0.6465086,-0.32223445,0.2640859,-0.28858057,-0.22225645,0.23744595,0.7235111,-0.64762914,-0.5861974,0.23193815
127,3015,0.114099935,0.9929189,-0.13753623,-0.56107676,0.18183082,-0.22344112,0.054667577,0.79156363,-0.16590168,-0.19387397,0.4665339,-0.69510067,0.44450286,0.12156942,1.2638087,-0.016124621
127,3019,0.16104229,0.36446124,0.39337748,0.056457803,0.10768003,0.59820604,0.6063497,-0.13380632,0.33593744,-0.14224824,-0.5407936,0.124093,0.4646218,-0.46996626,-0.44197693,-0.014829874
127,3023,-0.3372982,-0.047056623,-0.0330545,0.6002045,-0.23124203,-0.29583254,-0.64163697,-0.32089633,-0.14899372,0.34995878,0.5728454,0.32191977,0.02031377,0.20366308,-0.030685306,0.69327325
127,3026,0.05611953,-0.4638021,-0.19337702,-0.44731313,-0.40741152,0.30968273,0.25733724,-0.047376096,-0.25146872,-0.93560284,0.5256409,0.36958054,0.23839936,-0.13715959,-0.112885445,-0.40218097
127,3036,0.011764124,0.09412439,0.71036536,0.35465264,-0.4519295,-0.14346114,-0.5628257,0.29584026,-0.0905797,0.37988183,0.48640633,0.38415265,0.5218227,0.1147582,0.39119893,0.24722095
127,3042,0.2593661,0.04320912,0.19033116,-0.27627307,0.2528429,0.47171724,0.55963224,0.11372046,0.20404753,0.30196616,-0.34396088,0.2769243,0.3750107,0.3732268,-0.5933604,-0.12840104
127,3074,-0.036584236,-0.8052327,-0.34317073,-0.5658986,-0.3503865,0.045449845,-0.017140055,0.14470874,-0.35068136,-0.68145174,0.6613807,0.27590042,-0.17227098,0.24750474,0.0048044026,-0.60626256
127,3078,-0.3466469,-0.10528806,-0.016654879,0.3400257,-0.057227276,-0.39057806,-0.6918633,0.29333842,-0.0751763,0.21096195,0.51211125,-0.26025674,-0.23991148,0.09886,0.70711803,0.039441943
127,3087,0.38066918,-0.71596026,-0.050217845,-0.3482359,-0.3013346,0.22996798,0.29891542,0.18288742,-0.09629771,-0.77320457,-0.013925284,0.26594713,-0.009796947,0.04480941,0.035453647,-0.71606606
127,3098,0.41821277,-0.47767305,0.044269532,-0.1912757,-0.30030188,0.35213268,0.42233813,0.04177296,-0.008172959,-0.879556,-0.14505272,0.27533916,0.17289707,-0.19547096,-0.02308911,-0.5320418
127,3105,0.010833859,-0.8366512,-0.3758907,-0.56641436,-0.43034703,0.07658661,0.021993289,0.09504922,-0.3837496,-0.8720528,0.70515734,0.32681027,-0.09595771,0.16981575,0.029470146,-0.60945827
127,3106,-0.019005716,-1.0135335,-0.4572912,-0.7198934,-0.46070266,0.017446183,-0.04385235,0.18947242,-0.4674427,-0.8468539,0.85354626,0.35290954,-0.16978759,0.3257262,0.060916513,-0.7525322
127,3107,0.23285942,1.8205467,-1.0794334,-1.0925108,0.78053415,-0.23352233,0.70099217,0.7596943,-0.25326055,-0.6942419,0.60907894,-1.3353691,0.677266,0.4360624,1.5262411,0.43162185
127,3110,0.14188056,1.1403433,-0.26029631,-0.65969133,0.26171944,-0.23328534,0.13943776,0.83178926,-0.18532674,-0.26598626,0.5184185,-0.8027452,0.51943433,0.17452526,1.3621411,0.03957551
127,3111,0.13758047,0.28393286,0.3897665,-0.06065108,-0.59693575,-0.63692516,-0.43676668,0.031281427,-0.4521482,0.5773751,-0.4311873,0.49713987,-0.42138174,-0.20586969,0.26117238,-0.15752615
127,3117,0.6263284,-0.39948195,0.18825078,0.44903588,0.28396103,0.15605922,0.34601176,0.1628535,0.47477597,-0.066098735,-1.1585104,-0.1814741,-0.2577999,0.079264246,0.0688695,-0.42028177
127,3135,0.47833997,-0.48527998,0.03749503,-0.12412195,-0.09174987,0.2950556,0.40386802,0.114205465,0.081841536,-0.4917726,-0.32230255,0.22753283,0.091861635,0.13361984,-0.10883118,-0.4640519
127,3154,0.39397454,-0.79375654,-0.062085412,-0.34133905,-0.2759803,0.16868848,0.24742667,0.2321183,-0.093897924,-0.70888263,-0.052391976,0.2308917,-0.1179993,0.12573424,0.073868886,-0.7694352
127,3157,-0.000720188,-0.45203495,-0.21593991,-0.4526617,-0.39427528,0.28321308,0.2142013,-0.053691253,-0.2671923,-0.8907599,0.58210224,0.3555958,0.20530015,-0.11329386,-0.121781655,-0.3712935
127,3171,0.0013643205,-0.9141256,-0.42288196,-0.6217263,-0.46110058,0.052340787,-0.00564583,0.11540514,-0.42834133,-0.906661,0.78383446,0.3453312,-0.11715953,0.21431416,0.0500682,-0.6579624
127,3172,-0.41466397,0.39262146,0.1796117,-0.0037858635,0.22090915,0.29285806,0.2916893,-0.33749998,0.3230976,0.092043266,-0.19545439,-0.2577593,0.035146147,-0.68130994,-0.5504955,0.19845584
127,3175,0.22342034,0.13452372,0.05607757,0.7806042,0.24117908,0.29044673,0.27732104,-0.47081858,0.46698934,-0.42712697,-0.7050168,-0.25465056,0.06976661,-0.5595739,-0.08809388,0.3399657
127,3185,-0.315939,-0.35536665,-0.4170047,0.893877,0.22979069,-0.16863623,-0.5965417,-0.40796715,0.13723285,-0.15340373,0.42061895,-0.2811621,-0.22846748,0.13572773,0.1591413,0.60613304
127,3198,0.1955712,0.3446902,-0.025065772,-0.5653154,-0.73070085,-1.1047485,-0.3224845,-0.2220134,-0.8246136,0.71231335,-1.2301278,0.5022875,-1.3865865,-0.59056413,0.12601817,-0.5957232
127,3202,0.27857572,1.9747883,-1.2476414,-1.1878691,0.86391616,-0.24644464,0.8378653,0.69338083,-0.29514676,-0.76591253,0.56968564,-1.3915431,0.69131327,0.4896394,1.5007117,0.53147036
127,3212,0.04321158,0.43166554,0.40020633,-0.18468724,0.030713692,0.6813462,0.6433458,-0.11136723,0.2354205,-0.15905972,-0.25936276,0.24495596,0.60943794,-0.45771813,-0.5515523,-0.028308041
127,3216,0.35873246,-0.434166,0.04268068,-0.21724986,-0.28250903,0.35163522,0.4055954,0.03961718,-0.018182576,-0.8188192,-0.09251523,0.2719328,0.17536172,-0.18219668,-0.055603176,-0.50059515
127,3224,-0.50979424,0.09675805,-0.29209694,0.19666559,-0.121662386,-0.35726783,-0.4152489,-0.48407274,-0.2030228,0.36440167,0.20441744,0.13223621,-0.47028053,-0.15815964,-0.3024739,0.4370988
127,3236,-0.447434,0.036964357,-0.22106907,0.42665577,-0.13947478,-0.2792732,-0.5116379,-0.47414362,-0.15241428,0.28699073,0.43533164,0.20358714,-0.18254416,-0.0012028292,-0.21849923,0.6459107
127,3251,0.056684807,0.17529885,0.08893139,0.57516265,0.2525631,0.2710981,0.26221615,-0.41244096,0.43308973,-0.26023588,-0.5860029,-0.27728105,0.017263591,-0.56272167,-0.18926537,0.27737707
127,3258,0.020865694,0.5117336,0.39985463,-0.12586366,0.032821067,0.7119094,0.6605837,-0.18739462,0.2532232,-0.18922016,-0.25420868,0.24643219,0.672971,-0.5360181,-0.5803322,0.06931755
127,3260,-0.007292688,-1.0628445,-0.48482776,-0.7351054,-0.4875781,0.004568927,-0.05392772,0.19125687,-0.4908365,-0.8979248,0.88409704,0.36517423,-0.17902249,0.33479083,0.082646936,-0.7783313
127,3295,0.00062921643,-0.983203,-0.45735794,-0.6574053,-0.47958595,0.025341168,-0.032273404,0.1375514,-0.45851755,-0.9242471,0.82895887,0.3527157,-0.14994805,0.25741035,0.07266994,-0.70220715
127,3300,-0.44533855,0.012695458,-0.55206245,0.050945878,0.12574081,-0.7033171,-0.5476778,0.150979,-0.27937633,0.21527307,0.025638595,-0.54502064,-1.0457834,-0.042684257,0.77282065,-0.26564837
127,3304,0.06854294,0.21801196,0.6121656,0.1569152,-0.5212767,-0.35236114,-0.4995087,0.20960124,-0.25155538,0.49574587,0.08385366,0.44662887,0.13880765,-0.019416057,0.34741378,0.05120409
127,3309,0.34379417,0.36116624,1.2092397,-0.053434804,-0.71983856,-0.2256485,-0.45062312,0.68036765,-0.22145586,0.5215284,0.051824644,0.5181819,0.5872263,-0.11255715,0.68599087,-0.2750225
127,3311,-0.1460338,-0.20946316,-0.29113084,0.8165461,0.3462447,-0.024414316,-0.24197873,-0.3583529,0.30181625,-0.23139332,-0.07596314,-0.39508268,-0.26167235,-0.118750535,0.11496988,0.39697236
127,3331,0.045857325,0.17337477,0.089421004,0.55989224,0.25010625,0.265835,0.25530258,-0.40403962,0.42541766,-0.24954814,-0.5710691,-0.27523807,0.007996827,-0.55316436,-0.19221096,0.27126992
127,3338,0.046170413,0.50617564,0.34607607,0.0610957,0.031844057,0.6637306,0.6137874,-0.2943288,0.28067696,-0.29368067,-0.3087687,0.19593513,0.62785625,-0.6091084,-0.5193399,0.1859527
127,3344,0.36332196,-0.4476779,0.035104387,-0.23471962,-0.29629305,0.3574948,0.41203704,0.04089223,-0.02874212,-0.84280896,-0.07403681,0.28430215,0.18938252,-0.1830601,-0.054204285,-0.51326597
127,3348,0.065980345,0.21540649,0.5910515,0.15103833,-0.5029909,-0.34505534,-0.47899267,0.19535519,-0.24389534,0.47894225,0.058915004,0.4301095,0.109458834,-0.029137805,0.32826352,0.04446502
127,3350,-0.090257645,-0.36830074,-0.2900797,0.8486194,0.41536653,-0.088048376,-0.27332956,-0.1994871,0.33081365,-0.24440008,-0.13962838,-0.51282597,-0.3665334,-0.024231017,0.27214158,0.26293123
127,3360,0.29876298,1.9812224,-1.2530407,-1.1787134,0.8782455,-0.22470573,0.8861252,0.64537805,-0.2872283,-0.7735316,0.53082424,-1.3647052,0.6981063,0.50686336,1.4238663,0.5725205
127,3361,-0.10022583,0.137264,0.37200418,0.3579858,-0.43366718,-0.33710214,-0.5575603,-0.048404373,-0.238872,0.5163783,0.29894295,0.50055903,0.13649675,0.12384894,0.11019033,0.3800462
127,3370,0.017119125,-0.79141825,-0.35658216,-0.57419604,-0.4413175,0.12127928,0.06558826,0.07610336,-0.3767299,-0.9029224,0.7059763,0.34890103,-0.024896622,0.123945735,0.0050275475,-0.5914514
127,3386,0.098413765,0.25252116,0.47490728,0.049941227,-0.54183584,-0.49872413,-0.45117784,0.09547742,-0.34713703,0.5246213,-0.2083878,0.4620186,-0.18361378,-0.12030456,0.28051814,-0.054199442
127,3394,0.40364462,-0.47109795,0.042295825,-0.19313513,-0.2938004,0.34583676,0.41257462,0.042638183,-0.010177597,-0.8611594,-0.13540322,0.27006355,0.16324544,-0.18803313,-0.027076632,-0.5248353
127,3399,-0.32268757,-0.09064239,0.035986327,0.67243934,-0.2115745,-0.20233122,-0.6540548,-0.25970247,-0.079198465,0.2817153,0.7129328,0.29009387,0.19434667,0.24900183,0.02102992,0.747588
127,3400,-0.030250482,0.0690456,0.61005855,0.449288,-0.46541363,-0.17226347,-0.59314984,0.12779553,-0.12535222,0.41663578,0.5414811,0.48779827,0.5226673,0.17021474,0.24612695,0.42992568
127,3413,0.28053546,1.5073335,-1.0102944,-1.1140276,0.4087498,-0.5585794,0.6101528,0.2896363,-0.521697,-0.31843218,-0.1714359,-0.81503326,-0.11817977,0.1249669,0.9335936,0.17755893
127,3429,-0.54770434,0.14276932,-0.14727712,0.19446777,0.19785652,0.13334885,-0.086838715,-0.48472488,0.20792025,0.040913407,0.15425554,-0.3509238,-0.075232446,-0.54282904,-0.43875548,0.405715
127,3432,-0.022257075,-0.9915251,-0.44613105,-0.70096046,-0.44801635,0.017870426,-0.043858312,0.18397044,-0.4549824,-0.8276904,0.83297694,0.34288514,-0.17392947,0.31820276,0.05593857,-0.735092
127,3435,0.5247577,-0.40437388,-0.30053732,-0.6023456,0.81545913,0.20536199,0.48294094,0.37828326,0.09050672,1.4264214,-0.21365008,0.43981344,0.24827382,2.1325896,-1.008904,0.0733123
127,3440,-0.027729712,-0.9667557,-0.43270612,-0.6842737,-0.43218994,0.019156612,-0.04351662,0.18093129,-0.44114685,-0.8003102,0.81157136,0.33201176,-0.17794982,0.31335866,0.048331678,-0.7179934
127,3443,-0.23411578,0.017187923,-0.35391888,0.8432967,0.29221636,0.052332357,-0.20065242,-0.63026655,0.28340176,-0.22020505,0.004129395,-0.26497313,-0.10540636,-0.26154846,-0.08635814,0.6403751
127,3455,-0.43665993,-0.028356269,-0.43117195,0.10600407,0.10798513,-0.63199776,-0.60333997,0.26140845,-0.21892656,0.18750939,0.18752405,-0.55991983,-0.8557838,-0.0070493966,0.86457795,-0.24454524
127,3471,0.347647,-0.63907593,-0.033704333,-0.3094415,-0.28067118,0.2403369,0.2985517,0.1483588,-0.07819502,-0.74439025,-0.020681724,0.25161782,0.0051428378,0.0070922673,0.010280713,-0.6463462
127,3477,-0.1464486,-0.52770245,-0.3450571,0.860737,0.41230935,-0.184111,-0.44538084,-0.10105613,0.27225292,-0.24305701,0.044434458,-0.56572163,-0.46128187,0.13361967,0.40219855,0.21742164
127,3478,-0.7962985,0.15754476,-0.04530544,-0.22816597,0.16330263,0.14793801,-0.07508466,-0.3668549,0.150707,0.25513846,0.2966563,-0.4609868,-0.11217904,-0.6756339,-0.64199936,0.23458022
127,3497,-0.1460338,-0.20946316,-0.29113084,0.816546,0.3462447,-0.024414316,-0.2419787,-0.3583529,0.30181625,-0.23139332,-0.07596314,-0.3950827,-0.26167235,-0.118750535,0.11496988,0.39697236
127,3498,-0.24252075,0.072421476,-0.3776205,0.87283695,0.28644708,0.083564945,-0.18157628,-0.7061369,0.2932071,-0.23953627,0.019661471,-0.24028921,-0.036238372,-0.3084169,-0.12976183,0.72169095
127,3519,-0.06561293,-0.6404811,-0.33775705,0.8811872,0.50578624,-0.23031288,-0.4025808,0.05495891,0.32652935,-0.24495399,-0.10638973,-0.6900941,-0.5567284,0.19268405,0.53959024,0.075285584
127,3523,-0.29269475,0.095375225,-0.28514,0.678294,0.25356504,0.10654532,-0.13156094,-0.61932075,0.27386695,-0.18251008,0.027525842,-0.2547019,-0.044250578,-0.37037885,-0.20386311,0.6088338
127,3530,-0.35794526,-0.01087106,-0.1417875,0.4939832,-0.2327897,-0.43086,-0.6323196,-0.35934848,-0.22993742,0.42303154,0.37306428,0.3029799,-0.25827086,0.13950431,-0.038667485,0.5651858
127,3537,-0.31887525,-0.098287165,0.0251071,0.6739819,-0.19560742,-0.18997252,-0.64106053,-0.26462156,-0.06614351,0.25187364,0.7012727,0.2668229,0.18571934,0.23743373,0.019338414,0.74230427
127,3540,0.23321669,0.10924659,0.061795037,0.7478,0.21808189,0.28590763,0.27575612,-0.43772572,0.4515404,-0.43909952,-0.68867743,-0.23645714,0.062521845,-0.53255624,-0.080889896,0.30238545
127,3543,0.23881106,0.21765018,0.380556,0.07307552,0.15208435,0.5105017,0.56078273,-0.027632833,0.35379177,-0.049179442,-0.6653409,0.076649345,0.30461696,-0.32281098,-0.36615494,-0.13893193
127,3545,0.0031512082,-0.9451079,-0.43622535,-0.6267877,-0.46409458,0.034114525,-0.022407202,0.12555532,-0.4371515,-0.90716726,0.79156345,0.34171048,-0.14377339,0.23553646,0.06388351,-0.6750972
127,3550,0.20733567,0.43660903,-0.22746918,-0.6850299,-0.6434986,-1.1530374,-0.1967073,-0.30328995,-0.86859757,0.6454888,-1.3797789,0.40806252,-1.5621635,-0.61996764,0.08569464,-0.6100365
127,3551,0.058911026,-0.70867413,-0.24182612,0.83410716,0.55203646,-0.21618739,-0.2997032,0.22791152,0.38137138,-0.2763527,-0.28994966,-0.7601586,-0.5962172,0.21207482,0.6195552,-0.09460914
127,3552,-0.020302698,0.5858233,0.35274643,-0.0006300509,0.020030372,0.71012896,0.63437235,-0.32129818,0.25844455,-0.28248474,-0.2092663,0.2343637,0.7098874,-0.63940525,-0.58437455,0.23526698
127,3574,0.33248,0.35450262,1.1697245,-0.045088947,-0.6973577,-0.21800798,-0.4300414,0.6390942,-0.21505152,0.5069973,0.033430398,0.5126524,0.55497956,-0.113409676,0.63939816,-0.25458896
127,3576,-0.40913355,-0.048620448,-0.3182175,0.1674698,0.08211244,-0.54945445,-0.61577684,0.28770292,-0.1624222,0.1715047,0.28809038,-0.50624967,-0.6707542,0.02793362,0.836965,-0.1694765
127,3581,0.41821277,-0.47767305,0.04426953,-0.1912757,-0.3003019,0.35213265,0.42233816,0.041772977,-0.008172959,-0.87955606,-0.14505272,0.27533916,0.17289704,-0.19547096,-0.02308911,-0.5320418
127,3590,0.5500239,-0.49958467,-0.45102996,-0.69599724,0.9980811,0.114139535,0.4298955,0.44504535,0.050035357,1.8175257,-0.1329626,0.484734,0.19539577,2.6716661,-1.1537523,0.17494246
127,3594,-0.036584236,-0.8052327,-0.34317073,-0.56589866,-0.35038653,0.04544985,-0.017140053,0.14470871,-0.35068136,-0.6814518,0.6613807,0.27590045,-0.17227098,0.24750477,0.0048044324,-0.60626256
127,3596,-0.21702759,0.29802632,0.1424318,0.23764795,0.23549047,0.27917436,0.27359265,-0.36112142,0.36528337,-0.04871908,-0.35582638,-0.2638659,0.018421203,-0.6166411,-0.39377284,0.2277712
127,3613,0.29876298,1.9812224,-1.2530407,-1.1787134,0.8782455,-0.22470573,0.88612527,0.64537805,-0.2872283,-0.7735316,0.53082424,-1.3647052,0.6981063,0.50686336,1.4238663,0.5725205
127,3615,0.3427207,-0.06748389,0.06411435,-0.38405204,0.4102436,0.42127487,0.5640438,0.18840624,0.17553686,0.61715645,-0.31176907,0.33865893,0.3773074,0.8603484,-0.72782654,-0.07459916
127,3618,-0.27907568,-0.075153664,0.14424369,0.39935324,-0.16881853,-0.31648043,-0.6595885,0.18191202,-0.079320386,0.2832712,0.49739677,-0.017208107,-0.0669027,0.12132325,0.4811579,0.18492734
127,3619,0.5374296,-0.4161092,-0.31361067,-0.6199397,0.83445245,0.20383431,0.48884195,0.3890158,0.08794926,1.4666075,-0.21113908,0.4513392,0.25602213,2.193073,-1.0290823,0.0775169
127,3620,-0.34399563,-0.007849984,-0.13974342,0.46392065,-0.217713,-0.42363188,-0.59740156,-0.3466912,-0.22063966,0.4032023,0.31414527,0.2783847,-0.29888812,0.114980035,-0.0423695,0.5165134
127,3626,0.13456984,-0.56140614,-0.16398942,-0.4119984,-0.3595967,0.25030133,0.2310732,0.035097346,-0.20920442,-0.8440916,0.37000132,0.31748658,0.107166976,-0.044441655,-0.0568842,-0.49955982
127,3640,0.38856733,-0.088171914,0.08873838,0.70963717,0.18039288,0.24802727,0.2840337,-0.27987826,0.45998734,-0.48587802,-0.8196582,-0.23722443,-0.032510996,-0.4147956,0.034402892,0.06826312
127,3641,0.2905618,0.041073103,0.07054232,0.73328954,0.19736925,0.27688596,0.2836904,-0.38539517,0.4520718,-0.46931586,-0.7296097,-0.22996908,0.038957655,-0.49548924,-0.04184571,0.22130387
127,3647,0.056576893,-0.7303453,-0.25127253,0.85172284,0.5613219,-0.22618222,-0.31484532,0.23518427,0.38572276,-0.27957845,-0.28804535,-0.77792346,-0.60954475,0.21730417,0.6413914,-0.100733
127,3654,0.46846205,-0.49344438,0.050607916,-0.08143605,-0.27810478,0.32645708,0.40775585,0.023619592,0.03846529,-0.89426684,-0.25327855,0.23033273,0.12325117,-0.21376884,0.021972582,-0.51089895
127,3658,-0.03184054,-0.93559664,-0.4173332,-0.6634643,-0.41769153,0.02426901,-0.03927344,0.17300694,-0.425668,-0.77892953,0.7878775,0.32227772,-0.17565438,0.30056787,0.03931597,-0.6955291
127,3671,0.51468426,-0.22120844,0.28689298,0.16272761,0.31284538,0.26247337,0.46741205,0.24620356,0.4147448,0.20057452,-1.0428234,-0.031050466,-0.10120484,0.16615832,-0.16695523,-0.44047266
127,3676,0.21777548,0.114635974,0.054595657,0.77685905,0.2570984,0.26755685,0.25644705,-0.4520622,0.46576047,-0.38888004,-0.71731746,-0.27280638,0.022085786,-0.5331297,-0.074523374,0.31913096
127,3681,0.2589919,0.09003049,0.06394433,0.75435084,0.21099375,0.2900856,0.285186,-0.42913342,0.4578814,-0.46257076,-0.70834106,-0.23466831,0.0685817,-0.531449,-0.0677974,0.2835197
127,3690,-0.80221003,0.49412596,0.21024248,-0.45264888,0.18328938,0.3043211,0.25826973,-0.29308122,0.22121224,0.33311853,0.15958783,-0.30164507,0.057962805,-0.79281485,-0.83371884,0.15472564
127,3706,-0.21193863,0.056260735,-0.33340964,0.8344188,0.27311194,0.09529479,-0.1623521,-0.65117484,0.29347414,-0.25253567,-0.000402987,-0.23723239,-0.039177492,-0.29731533,-0.11793171,0.66877997
127,3711,0.022324055,0.48941886,0.41190732,-0.17414643,0.03873922,0.70723796,0.66126776,-0.141698,0.24589634,-0.14854921,-0.25458455,0.24974543,0.653023,-0.49448583,-0.5824223,0.01777175
127,3726,0.6148778,-0.37900597,0.23741505,0.25727585,0.3248953,0.1825327,0.41691855,0.28624254,0.44217008,0.16486093,-1.1546714,-0.08445844,-0.22391684,0.2466805,-0.053883173,-0.5107919
127,3732,-0.8022101,0.49412596,0.21024248,-0.45264888,0.18328938,0.3043211,0.25826973,-0.29308122,0.22121224,0.33311853,0.15958786,-0.30164507,0.057962805,-0.79281485,-0.83371884,0.15472564
127,3747,0.64598393,-0.43358684,0.20586053,0.32792792,0.32707277,0.14564663,0.3822155,0.27315062,0.45552647,0.12161094,-1.1890137,-0.11904009,-0.27572885,0.25390026,0.002085507,-0.5060522
127,3750,0.001806274,0.016570505,0.7174731,0.48406547,-0.4536993,-0.08040402,-0.6015905,0.24146287,-0.046428964,0.32996815,0.6480037,0.42614144,0.6826024,0.17763397,0.34160042,0.4146065
127,3766,0.3511427,-0.62396675,-0.028488502,-0.2977788,-0.282463,0.24806455,0.3067226,0.13718073,-0.07327284,-0.75624156,-0.028819531,0.25282177,0.017424017,-0.0109471455,0.007501319,-0.6333772
127,3769,0.000816077,0.03299705,0.71958375,0.48997992,-0.4887519,-0.11475695,-0.6281684,0.2191474,-0.08094694,0.37815198,0.65628237,0.48007149,0.6903378,0.19155407,0.3309514,0.4429667
127,3774,-1.2282556,0.3128159,0.18775597,-0.9825855,0.112627804,0.22360963,0.03410153,-0.15570033,0.06087222,0.62900096,0.5588204,-0.5463136,-0.09678526,-0.875616,-1.0496752,-0.023037598
127,3792,-1.0826046,0.1744645,0.09257703,-0.7406996,0.11935148,0.16594231,-0.05612603,-0.20131572,0.07927799,0.5159542,0.46447873,-0.5759465,-0.16381514,-0.8070915,-0.87887245,0.014208578
127,3800,0.015189722,-0.87120813,-0.39680833,-0.6120269,-0.46090686,0.08713518,0.031756327,0.10133684,-0.41084582,-0.9202255,0.7563074,0.35488278,-0.06770216,0.17495978,0.032277256,-0.6407015
127,3824,0.051446155,-0.73298603,-0.24269515,0.82242554,0.55953884,-0.23088545,-0.3077,0.26644015,0.37750542,-0.2661543,-0.28383884,-0.7769322,-0.61686957,0.22989285,0.64454985,-0.12212576
127,3835,0.19972299,1.605319,-0.77359426,-0.9577026,0.60365266,-0.24060676,0.47602743,0.8728088,-0.22220333,-0.54790795,0.65590674,-1.1967845,0.688696,0.36348537,1.5824077,0.27765983
127,3838,0.46999598,-0.4725955,0.0123216435,-0.1380216,-0.022219308,0.27770516,0.39344424,0.12765405,0.08695941,-0.34982315,-0.31731957,0.22852868,0.08473396,0.2695168,-0.16574201,-0.41295445
127,3844,0.24748437,0.09220964,0.06200591,0.74572647,0.20899631,0.285564,0.27773365,-0.42718965,0.45054352,-0.4555755,-0.6920057,-0.23235634,0.062428564,-0.5252953,-0.07113636,0.28605705
127,3850,0.2653513,-0.67041075,-0.093669794,-0.37813944,-0.29357678,0.20831522,0.24045093,0.15492035,-0.13513888,-0.72169507,0.12652698,0.26171276,-0.019912243,0.061879702,0.0013528466,-0.64527446
127,3853,-0.13748018,0.11456994,0.2837475,0.35542828,-0.3736914,-0.34086168,-0.537771,-0.0788198,-0.2208731,0.4779009,0.2651354,0.42912322,0.02991432,0.11161234,0.08951521,0.3616687
127,3855,-1.2065178,0.39069724,0.20603955,-0.9451738,0.12811022,0.25625402,0.098829865,-0.19071624,0.09210751,0.60873425,0.5197562,-0.5013251,-0.04029374,-0.9026365,-1.0657259,0.015053421
127,3874,-0.28480297,-0.46284157,-0.4389845,0.9758035,0.28280333,-0.17741954,-0.6344285,-0.366619,0.18426138,-0.2370421,0.4026829,-0.38400924,-0.26697487,0.14442658,0.26708484,0.55707157
127,3875,0.3415426,0.3614961,1.2143745,-0.05856608,-0.725821,-0.23684406,-0.46506107,0.699425,-0.22681366,0.5292539,0.06113416,0.5114055,0.5859034,-0.11317835,0.7144888,-0.28876323
127,3881,-0.043364592,0.21545461,0.1050801,0.4550203,0.24240229,0.27281013,0.26022288,-0.39249957,0.40492982,-0.19114445,-0.4899901,-0.2702378,0.018296212,-0.5761287,-0.25924137,0.26269776
127,3898,-0.37168726,0.013847243,-0.25484866,0.3515217,-0.168502,-0.52889496,-0.5759519,-0.30453545,-0.27667403,0.41656008,0.16015276,0.15651974,-0.5604805,0.06129249,0.056431457,0.33671933
127,3903,0.20425431,0.5923821,-0.4144044,-0.77504605,-0.41264027,-0.9964165,0.0037847888,-0.24686264,-0.79355484,0.43844977,-1.1849623,0.16269222,-1.3418124,-0.49330997,0.148503,-0.4611529
127,3908,0.16104226,0.36446124,0.39337745,0.056457818,0.10768003,0.59820604,0.6063497,-0.13380632,0.33593744,-0.14224824,-0.5407936,0.124093,0.4646218,-0.46996626,-0.4419769,-0.014829874
127,3911,-0.47728187,0.021223918,-0.40903303,0.50318164,0.09074997,-0.2451396,-0.44644147,-0.5351513,-0.05218783,0.19910145,0.28364238,-0.030048437,-0.38291904,-0.00037970394,-0.19391087,0.5856747
127,3928,0.3317501,-0.41926807,0.034817997,-0.22388242,-0.27968317,0.34841153,0.3940232,0.03205107,-0.026085913,-0.805385,-0.06156511,0.27093744,0.1754731,-0.1801877,-0.06575555,-0.48190522
127,3929,0.17605744,0.1828513,0.33300063,-0.16678603,0.082992785,0.54915285,0.5786505,0.025426075,0.23905247,-0.06131081,-0.38273835,0.21329474,0.40971634,-0.17587748,-0.46158814,-0.17739753
127,3933,0.4280913,-0.030911565,0.3466723,0.10572772,0.25854495,0.39012486,0.54657614,0.15057163,0.4013028,0.11633672,-0.92388207,0.027404785,0.10137719,-0.024744503,-0.26942694,-0.33757883
127,3947,0.0042223036,0.008023381,0.75417364,0.4900691,-0.4669885,-0.08060714,-0.6330197,0.29142445,-0.040738553,0.33326915,0.6932648,0.41555625,0.7252401,0.18673229,0.4000249,0.4011761
127,3976,-0.07217559,0.23424837,0.11192566,0.4220586,0.2429387,0.27904385,0.26877734,-0.39376563,0.40376508,-0.17166752,-0.4717455,-0.27168587,0.027430296,-0.5942368,-0.285402,0.2615044
127,4001,-0.99523807,0.5154487,0.23087665,-0.6885941,0.15652671,0.30718616,0.22720906,-0.25236076,0.16817589,0.45632258,0.33946335,-0.34080744,0.057115197,-0.8466913,-0.9654359,0.11137335
127,4004,0.00015540421,-0.4759693,-0.21239993,-0.44835556,-0.37077236,0.25620088,0.19078536,-0.025985256,-0.2585547,-0.8349093,0.5541331,0.33366352,0.15256816,-0.0709113,-0.11098756,-0.39249128
127,4006,0.48080158,-0.20724995,0.12874094,0.6650056,0.19430721,0.21633843,0.2868027,-0.14722623,0.47835994,-0.4207365,-0.9506904,-0.2528313,-0.1233851,-0.3116019,0.09483081,-0.1050525
127,4007,-0.27748066,-0.47750658,-0.4377988,0.9834931,0.29316777,-0.17618775,-0.63348603,-0.35557437,0.19400689,-0.25147164,0.3902381,-0.40339127,-0.27700308,0.1410749,0.28373516,0.5403178
127,4014,0.03328049,-0.7412396,-0.272563,0.85958827,0.5628184,-0.24007365,-0.34110197,0.23104231,0.3769789,-0.271327,-0.25313386,-0.78300494,-0.6161022,0.2278479,0.6503526,-0.08777885
127,4036,-0.027729712,-0.9667558,-0.43270612,-0.6842737,-0.43218994,0.019156612,-0.04351662,0.18093131,-0.44114685,-0.8003102,0.81157136,0.33201176,-0.17794982,0.31335866,0.048331678,-0.7179934
127,4038,0.004711166,-0.64701766,-0.29254395,-0.5411481,-0.41655022,0.19541547,0.1328184,0.032981157,-0.33061945,-0.87835956,0.65896493,0.354803,0.07876757,0.035251714,-0.056869633,-0.50878274
127,4070,0.46733665,-0.45703405,-0.048988305,-0.21350189,0.14410391,0.2502862,0.3911882,0.1766849,0.08970743,0.007929597,-0.29661405,0.25813466,0.09393123,0.63307804,-0.32161435,-0.31286025
127,4079,-0.09499595,0.13715307,0.3913988,0.36345768,-0.43666136,-0.32259136,-0.556723,-0.038091697,-0.2319253,0.513612,0.3159852,0.5047908,0.16861743,0.12855631,0.11417261,0.38660228
127,4087,-0.3908497,0.111732826,-0.22089398,0.47449094,0.22742423,0.11977721,-0.109742634,-0.55570495,0.24766448,-0.097056165,0.07539824,-0.2947289,-0.055348545,-0.44380865,-0.29700798,0.5162862
127,4090,-0.3902759,-0.013305426,-0.15177459,0.572804,-0.13299319,-0.20797125,-0.5529374,-0.43659574,-0.09811404,0.22842754,0.5642916,0.22180462,0.0018663704,0.10916602,-0.14650023,0.74643904
127,4097,0.271546,1.9487753,-1.2103233,-1.1823213,0.8400536,-0.25737223,0.80308723,0.72387725,-0.29775733,-0.74306,0.57482487,-1.3849051,0.6806302,0.47525215,1.5322847,0.49361736
127,4103,-0.62251073,0.20513164,-0.41615635,-0.09148277,-0.08287009,-0.45526537,-0.29413265,-0.53067416,-0.26425958,0.46354952,-0.076078,0.035166092,-0.8421496,-0.37576818,-0.43183786,0.20386693
127,4104,0.44424957,-0.4828297,0.04734125,-0.16605206,-0.30806714,0.35779387,0.43362367,0.029471338,0.0014646202,-0.91386807,-0.1733487,0.2770169,0.18184975,-0.21704826,-0.012391701,-0.5290761
127,4127,-0.34883955,0.00429542,-0.18144095,0.40508974,-0.19321623,-0.4595646,-0.5715699,-0.32797918,-0.23856221,0.40404564,0.22379464,0.22558314,-0.42012525,0.08203138,-0.014408752,0.425614
127,4131,0.4505186,-0.47402632,0.05354742,-0.10141294,-0.28055176,0.33598244,0.41255733,0.019607276,0.030548967,-0.88503116,-0.22898349,0.24135852,0.1403757,-0.2184349,0.0038270503,-0.50124156
127,4138,-0.6157859,0.18660866,-0.4319495,0.08894935,-0.04026421,-0.39766422,-0.35319638,-0.57627326,-0.21751894,0.42674336,0.07106909,0.044195376,-0.6845653,-0.26291063,-0.40063766,0.37319392
127,4140,-0.4365754,0.10768992,-0.6087418,0.014053509,0.053594373,-0.7686378,-0.48084897,-0.08362459,-0.38195992,0.34379593,-0.16408142,-0.33394483,-1.1771779,-0.06478575,0.4858142,-0.17043392
127,4152,-0.019005716,-1.0135335,-0.4572912,-0.71989334,-0.4607026,0.017446183,-0.04385236,0.18947245,-0.46744263,-0.8468539,0.85354626,0.35290954,-0.1697876,0.32572624,0.060916513,-0.75253224
127,4153,0.015189722,-0.87120813,-0.39680833,-0.6120269,-0.46090686,0.08713518,0.031756327,0.10133684,-0.41084582,-0.9202255,0.7563074,0.35488278,-0.06770216,0.17495978,0.032277256,-0.6407015
127,4157,0.53023976,-0.50132823,-0.24599034,-0.44429672,0.5341946,0.19407173,0.42029843,0.30115086,0.06921434,0.8122595,-0.22212571,0.36246648,0.15550408,1.5806535,-0.69915515,-0.09734507
127,4161,-0.022294499,0.55523694,0.35854605,-0.030786783,0.031941585,0.687128,0.6162879,-0.27578247,0.25265282,-0.23256229,-0.21619101,0.22325271,0.6606051,-0.58914393,-0.5741552,0.18889397
127,4164,0.5978702,-0.3483398,0.24923149,0.23700027,0.32219878,0.20075563,0.42991576,0.2802621,0.43790716,0.1707877,-1.1354598,-0.07306019,-0.19687068,0.23009819,-0.07654213,-0.50025916
127,4170,0.3272441,-0.74114037,-0.08348412,-0.38599682,-0.29463857,0.19714364,0.25093007,0.19936664,-0.12517245,-0.7257064,0.061519027,0.25942862,-0.051580057,0.09847874,0.032928437,-0.721216
127,4173,0.2536549,0.09456621,0.061423644,0.75816315,0.21403307,0.28830686,0.28241622,-0.43496186,0.45785683,-0.45928577,-0.70600116,-0.23742157,0.06646687,-0.534299,-0.0694399,0.2912378
127,4177,-0.28480297,-0.46284157,-0.4389845,0.9758035,0.28280333,-0.17741954,-0.6344285,-0.366619,0.18426138,-0.2370421,0.4026829,-0.38400924,-0.26697487,0.14442658,0.26708484,0.55707157
127,4184,0.4000858,-0.77419126,-0.059848554,-0.33376354,-0.28996277,0.18738353,0.26591733,0.21099202,-0.09410849,-0.74856645,-0.048059866,0.24276212,-0.08378589,0.09147092,0.0687335,-0.75221026
127,4187,-0.02077356,0.58113915,0.36022088,-0.026016593,0.021563627,0.7137383,0.6393564,-0.3026227,0.25535762,-0.26554498,-0.20641689,0.2390939,0.71017313,-0.6249115,-0.5896324,0.21398072
127,4188,0.30994838,0.40297616,1.1970731,-0.13472511,-0.723597,-0.3085603,-0.55837554,0.89176244,-0.25633812,0.532487,0.19344378,0.37060696,0.60516226,-0.114148356,1.0118475,-0.39534378
127,4193,0.22212715,0.5223817,-0.3087803,-0.7354622,-0.5669963,-1.1214237,-0.1183206,-0.28677303,-0.86273164,0.5794257,-1.3284695,0.32880315,-1.487998,-0.56763446,0.12019527,-0.55103165
127,4213,0.3359223,0.35952443,1.2582844,-0.077021524,-0.7535659,-0.27223736,-0.5315384,0.80375767,-0.24035852,0.5563391,0.12325892,0.4765681,0.6109098,-0.11274989,0.8561986,-0.3502376
127,4216,0.52072245,-0.475981,-0.44378477,-0.70444685,0.991589,0.121236764,0.42100632,0.43209785,0.042660907,1.8146393,-0.10379638,0.4802209,0.20210677,2.6405504,-1.1599126,0.19084714
127,4218,-0.53426945,0.46844232,0.19478448,-0.13539211,0.20726481,0.309886,0.3080098,-0.34619254,0.2971773,0.15787938,-0.09199952,-0.24360079,0.0684689,-0.73817164,-0.6550268,0.20885259
127,4228,0.023091555,0.025781443,0.7983291,0.4605192,-0.4925009,-0.09823383,-0.64662373,0.34302086,-0.05377175,0.35233292,0.680775,0.41651434,0.7346363,0.17524138,0.4557191,0.3511955
127,4237,0.17834924,1.4992615,-0.66958845,-0.89196604,0.53020185,-0.2457093,0.39432594,0.8652222,-0.21582313,-0.48429158,0.6300258,-1.1180646,0.638299,0.3194968,1.5423613,0.22062784
127,4239,0.3317501,-0.41926807,0.034817997,-0.22388242,-0.27968317,0.3484115,0.3940232,0.03205107,-0.026085913,-0.805385,-0.06156511,0.27093744,0.17547312,-0.1801877,-0.06575555,-0.48190522
127,4257,-0.030368783,0.5649658,0.33878204,0.0037375242,0.021121174,0.68383306,0.6058237,-0.31444132,0.2492528,-0.27479193,-0.1952042,0.22288114,0.6696682,-0.6170764,-0.5690457,0.2324947
127,4259,-0.23411578,0.017187923,-0.35391888,0.8432967,0.29221636,0.052332364,-0.20065242,-0.63026655,0.28340176,-0.22020505,0.004129395,-0.26497313,-0.105406374,-0.26154846,-0.08635814,0.6403751
127,4265,0.21403782,0.5957625,-0.40596637,-0.7774909,-0.44064605,-1.0298786,-0.013678031,-0.25543827,-0.81550384,0.46499905,-1.21772,0.19244844,-1.3707486,-0.5029133,0.15132278,-0.47370303
127,4283,-0.37168726,0.013847243,-0.25484866,0.3515217,-0.168502,-0.52889496,-0.5759519,-0.30453545,-0.27667403,0.41656008,0.16015276,0.15651974,-0.5604805,0.06129249,0.056431472,0.33671933
127,4323,-0.24458615,-0.010425277,0.1899396,0.39991817,-0.21200624,-0.27495834,-0.58401567,0.061379343,-0.10020009,0.3361195,0.4225943,0.13421142,-0.025035739,0.12709022,0.2784536,0.2754075
127,4331,0.14139079,0.77018064,0.23379746,-0.41369116,-0.060286917,-0.22381908,-0.1183445,0.78804064,-0.1675459,0.0007378943,0.3573289,-0.40234208,0.42192551,0.024710022,1.1386595,-0.14809176
127,4332,0.4927587,-0.14713173,0.32067725,0.1308435,0.29710525,0.32057032,0.5136249,0.2200047,0.414495,0.18025419,-1.0153718,-0.0034279227,-0.013371319,0.09788991,-0.21323128,-0.41540378
127,4334,-0.40024447,-0.030728921,-0.15683687,0.6115659,-0.14744273,-0.22250053,-0.59698594,-0.44325042,-0.10524216,0.23830022,0.6226012,0.23658165,0.034224838,0.13505945,-0.12592955,0.78849345
127,4345,0.54809505,-0.268829,0.15505292,0.6398227,0.20918584,0.21147487,0.31159052,-0.07283973,0.49847108,-0.37271154,-1.047432,-0.2508913,-0.15012047,-0.25129893,0.115051985,-0.20278569
