window_id,vehicle_id,z_0,z_1,z_2,z_3,z_4,z_5,z_6,z_7,z_8,z_9,z_10,z_11,z_12,z_13,z_14,z_15
68,466,-1.9619166,-0.5823169,-1.748481,-0.33395034,0.4240019,2.266139,-0.06486136,-2.1315536,1.5050868,-0.07206921,0.9844932,0.7349481,0.47464594,-0.68953025,0.3044813,0.031727828
68,1234,0.0253007,-0.0064772516,0.43810838,-0.26214916,0.6605476,0.103871614,0.22390753,0.1704056,-0.72555053,-0.5231099,0.07642192,0.15990476,0.012951426,-1.0050188,-0.31181264,1.1030697
68,1757,0.044594195,0.034097128,0.46293944,-0.26991647,0.7068186,0.13111141,0.24422249,0.13759068,-0.76353073,-0.51181996,0.06968814,0.19098605,-0.0239143,-1.0482094,-0.30583018,1.158487
68,2403,0.044594195,0.034097113,0.46293944,-0.26991647,0.7068186,0.13111141,0.24422249,0.13759068,-0.76353073,-0.51181984,0.06968814,0.19098605,-0.0239143,-1.0482095,-0.3058302,1.158487
68,723,1.1140391,-0.40456092,-0.08430971,-0.0054216534,1.0225772,0.23066542,-0.010423511,-1.3324331,-0.56383485,0.3704902,-1.2492371,0.31071612,0.28198212,-0.037508607,-0.34153756,0.22397807
68,2345,0.0253007,-0.0064772516,0.43810838,-0.2621491,0.6605476,0.103871614,0.22390753,0.1704056,-0.7255507,-0.52311,0.07642192,0.15990476,0.012951426,-1.0050188,-0.31181264,1.1030695
68,1375,0.044594195,0.034097128,0.46293944,-0.26991647,0.7068187,0.13111141,0.24422243,0.13759065,-0.7635307,-0.51181996,0.06968811,0.19098607,-0.0239143,-1.0482093,-0.3058302,1.1584868
68,1995,0.035305984,0.010298803,0.4522301,-0.26591843,0.6843188,0.11824003,0.23331219,0.15349144,-0.74526227,-0.5189305,0.07047224,0.17503692,-0.0021015704,-1.0268837,-0.30974433,1.1325412
68,4327,0.8866801,-0.77152663,-0.50806046,-0.029554099,0.2340711,-0.51199424,0.3412976,-0.08881801,-0.07698502,0.24918011,-0.81534153,-0.102741234,0.72425777,0.14637063,-0.8629794,-0.57720435
68,3882,0.044594187,0.034097128,0.46293944,-0.26991647,0.7068187,0.13111147,0.24422252,0.13759068,-0.76353073,-0.51181996,0.06968814,0.19098607,-0.0239143,-1.0482095,-0.30583018,1.1584868
68,4195,0.0253007,-0.0064772516,0.43810838,-0.2621491,0.6605476,0.103871614,0.22390756,0.1704056,-0.72555065,-0.5231099,0.07642195,0.15990475,0.012951426,-1.0050188,-0.3118126,1.1030697
68,1968,0.0253007,-0.0064772367,0.43810838,-0.2621491,0.6605476,0.103871614,0.22390753,0.1704056,-0.72555065,-0.52311,0.07642195,0.15990476,0.012951441,-1.005019,-0.31181264,1.1030697
68,3825,-1.9972646,-0.6223611,-1.8028332,-0.3421772,0.4533014,2.3070269,-0.05636432,-2.1661735,1.5415602,-0.086509794,1.0084608,0.7411841,0.5011337,-0.7087907,0.2951411,0.02673306
68,402,-2.020883,-0.6845008,-1.8818196,-0.34694576,0.4848363,2.3353477,-0.03506286,-2.2064228,1.5875628,-0.10054654,1.0251098,0.74433094,0.5459894,-0.7266706,0.2630028,0.007280752
68,501,0.0253007,-0.0064772367,0.43810838,-0.2621491,0.6605476,0.103871614,0.22390747,0.1704056,-0.7255507,-0.52311,0.07642195,0.15990476,0.012951426,-1.0050188,-0.31181264,1.1030697
68,518,0.044594195,0.03409712,0.46293944,-0.26991647,0.7068187,0.13111141,0.24422249,0.13759062,-0.7635308,-0.51182,0.06968811,0.19098607,-0.0239143,-1.0482093,-0.3058302,1.158487
68,1979,0.04459419,0.034097113,0.46293944,-0.26991647,0.7068187,0.13111153,0.24422249,0.13759065,-0.7635308,-0.5118199,0.06968814,0.19098605,-0.023914292,-1.0482094,-0.3058302,1.1584871
68,2069,0.0253007,-0.0064772367,0.43810838,-0.2621491,0.6605476,0.103871614,0.22390753,0.1704056,-0.72555065,-0.52311,0.07642195,0.15990476,0.012951426,-1.0050188,-0.31181264,1.1030697
68,4326,-2.020883,-0.6845009,-1.8818196,-0.34694576,0.48483637,2.335348,-0.035062864,-2.2064228,1.5875626,-0.10054654,1.0251098,0.74433094,0.54598945,-0.72667056,0.2630028,0.0072807446
68,3197,1.1140392,-0.40456092,-0.08430971,-0.0054216385,1.022577,0.23066548,-0.010423511,-1.332433,-0.5638348,0.3704902,-1.2492371,0.31071618,0.28198212,-0.037508607,-0.34153756,0.22397809
68,1076,0.0253007,-0.0064772367,0.43810838,-0.2621491,0.6605476,0.103871614,0.2239075,0.1704056,-0.7255506,-0.52311,0.07642192,0.15990476,0.012951426,-1.0050188,-0.3118126,1.1030697
68,1175,0.0253007,-0.0064772367,0.43810838,-0.2621491,0.6605476,0.103871614,0.2239075,0.1704056,-0.72555065,-0.52311,0.07642195,0.15990476,0.012951419,-1.0050188,-0.31181264,1.1030695
68,2640,-0.07741152,-0.94268703,-1.0537679,0.1668857,0.34448108,-0.66912663,0.117191024,-0.57573384,0.41150162,-0.17310733,0.24799496,-0.34773222,0.34956527,-0.0144296065,-0.42226416,-0.16793123
68,6,0.12270622,-0.26551557,0.27087745,0.053722046,0.7265276,0.57231617,-0.4724764,0.30474663,0.09231635,-0.025832474,-0.43460533,-0.29928985,-0.011222549,0.36786187,0.41975406,-0.36165142
68,7,-0.12310353,0.35209134,0.60017693,0.40928292,-0.59266424,-0.53106236,-0.20099679,-0.68912864,-0.13382901,0.25994283,0.06269699,0.054510336,-0.45435393,0.1827656,0.4615487,0.535977
68,14,-0.16354,-0.7120215,-0.48563772,0.44518077,0.0838165,-1.2792308,-0.2138204,-0.24813299,0.040140606,-0.45419675,0.5246222,-0.7294832,-0.12810376,0.15663505,0.023176849,0.2921807
68,16,0.67439944,2.4018788,-2.1207857,-0.7455503,0.8689443,-0.27406952,0.7870665,0.70642346,-0.39558786,0.13540657,1.1837232,-0.07084589,-1.4902728,0.24793541,-0.10628325,-1.0348953
68,19,-0.40423715,0.77284217,-0.5880299,-0.017271847,-1.317086,0.68677676,-1.0919434,0.2066623,-1.1843054,-0.9437586,-0.4837284,-0.6750951,1.0297987,0.77610874,-0.37007886,-0.2723112
68,24,1.1140391,-0.40456092,-0.08430968,-0.0054216385,1.022577,0.23066548,-0.010423511,-1.3324331,-0.5638348,0.3704902,-1.2492371,0.31071615,0.28198212,-0.037508607,-0.34153756,0.22397807
68,25,0.88668007,-0.7715267,-0.50806046,-0.029554099,0.2340711,-0.51199424,0.3412976,-0.08881801,-0.07698502,0.24918011,-0.81534153,-0.102741234,0.72425777,0.14637063,-0.8629794,-0.57720435
68,67,-0.13120323,0.3651057,0.6323686,0.3996163,-0.6275432,-0.5500078,-0.13518369,-0.66556644,-0.03716772,0.3213224,0.11916694,0.10930984,-0.5047784,0.17039844,0.48327,0.51128185
68,68,0.7730718,2.2483292,-1.9456822,-0.70259655,0.9970497,-0.22908662,0.7438288,0.54825217,-0.5313215,0.1340813,0.9759162,-0.04749401,-1.4125698,0.1576695,-0.14795654,-0.8444063
68,69,-0.07741151,-0.9426869,-1.0537679,0.1668857,0.34448102,-0.66912663,0.117191024,-0.57573384,0.41150162,-0.17310727,0.24799496,-0.34773225,0.34956527,-0.0144296065,-0.4222642,-0.16793121
68,75,0.35427713,-0.21004117,0.07736927,-0.039724275,-0.48840716,-0.21166952,0.50526136,0.2147319,0.46243617,0.6365607,-0.299067,0.3414095,0.26954678,0.11767073,-0.3432691,-0.6284275
68,76,0.05228263,0.06552166,0.77362454,0.16337094,0.43061802,0.6237216,-0.557902,0.07300392,-0.016901433,0.12089705,-0.45389083,-0.08825782,-0.20335454,0.40904605,0.7034431,-0.101215854
68,77,-0.071083404,-0.1146557,0.26398543,-0.18518148,-0.7218482,0.040845573,0.5288019,0.71908545,0.64297736,0.42900878,0.1319482,0.45401034,0.25072265,-0.10127182,-0.24108341,-0.5230419
68,84,-0.42350295,-0.12343866,0.387219,-0.3279816,-0.32245886,0.26741377,0.41318434,0.87480104,0.19304842,-0.27736333,0.4695906,0.34756732,0.22990316,-0.7157466,-0.27428353,0.28935367
68,89,0.66405314,2.305645,-1.9443125,-0.70366704,0.86464083,-0.24094702,0.76787615,0.6172341,-0.43369645,0.15422885,1.0831544,-0.02534264,-1.4433415,0.16488212,-0.10997674,-0.89814913
68,96,0.56560457,1.3368276,-0.95141,-0.49388224,0.7851827,-0.09454417,0.5760818,0.34944242,-0.54402477,0.03601601,0.4725163,0.09093267,-0.83029145,-0.22529961,-0.22946203,-0.18065713
68,100,-0.34996042,-0.0030026883,0.46717876,-0.29835373,-0.40901285,0.31951055,0.4562995,0.723125,0.22963065,-0.07879005,0.34757054,0.4597018,0.16838661,-0.6473294,-0.21962309,0.2340424
68,102,0.28277352,0.3387404,0.24748126,0.07944166,-0.67327166,-0.03492883,0.34009308,-0.54563415,0.18398917,0.77654284,-0.45617718,0.5011024,-0.07543591,0.1453231,-0.070166335,-0.2070295
68,111,0.6004536,-0.5446611,-0.25623858,-0.044212,-0.12200223,-0.38874835,0.42843577,0.1457412,0.23609531,0.4102901,-0.5021211,0.09257069,0.5217231,0.13252479,-0.625315,-0.6439237
68,163,-1.4363072,-0.9550036,-1.7970659,-0.18658717,0.5719811,1.3942904,0.049883857,-1.7708261,1.3040439,-0.17569682,0.82576066,0.37229443,0.5726741,-0.54157764,-0.023691136,-0.066110656
68,164,-0.105619326,0.26648426,0.6127997,-0.19839002,-0.42981467,0.35262057,0.4778953,0.23633862,0.13543284,0.30062613,-0.008132741,0.61867964,0.0029770583,-0.4973219,-0.10044624,0.23249419
68,169,0.017201673,0.12961115,0.49396133,-0.20884915,-0.39931276,0.2962899,0.49665788,0.2731136,0.13656875,0.31320566,-0.120793,0.57000476,0.12996694,-0.43230158,-0.22406253,0.08954591
68,179,-0.02784251,-0.24335453,0.022547558,0.3272829,-0.30914557,-0.9656725,0.056903064,-0.33794445,0.25344786,0.15574898,0.33303815,-0.15404296,-0.26801082,0.13016301,0.09715574,0.1476042
68,180,-0.13125525,-0.71225035,-0.5837111,0.4357558,0.10717961,-1.2483706,-0.22259542,-0.3277976,-0.065425724,-0.4862532,0.4232918,-0.75431854,-0.042714328,0.13082898,-0.07491714,0.30814546
68,188,0.07756818,-0.21979335,0.45199722,0.06914154,0.6806936,0.50962293,-0.4571375,0.4000609,0.2241176,0.01983893,-0.28906652,-0.25332615,-0.15822457,0.4079798,0.5841502,-0.36162847
68,196,-0.14348893,-0.62176853,-0.5311959,0.46552283,0.051727444,-1.1734133,-0.2750725,-0.47617865,-0.18027769,-0.479546,0.32900828,-0.72920734,-0.035346467,0.12489849,-0.052439187,0.41197377
68,207,0.48219603,1.2788783,-0.6046317,-0.36308926,0.72791207,-0.09202412,0.47305408,0.019389927,-0.6366709,0.09577541,0.33075833,0.16474901,-0.8680598,-0.340778,-0.110673085,0.13242845
68,214,-0.17689979,0.10063854,0.5283123,-0.26411712,-0.38319474,0.35224828,0.49189755,0.48321366,0.15922305,0.11519627,0.12252128,0.551881,0.12344705,-0.5904432,-0.20699856,0.22756033
68,218,-1.0623672,-0.94597244,-1.5336723,-0.097750396,0.51545584,0.8571956,0.08298933,-1.4340252,1.0406116,-0.17538291,0.62274873,0.18738072,0.53292394,-0.41388273,-0.1327234,-0.07493661
68,219,0.14793706,0.15981321,0.4450125,-0.28961718,0.81524575,0.17008236,0.30660352,0.0631693,-0.8440296,-0.43412417,0.027240828,0.25663283,-0.124606684,-1.0953288,-0.31779757,1.1884091
68,234,-0.13306741,-0.07287043,0.5814513,0.2338537,0.22192815,-0.025931269,-0.45346233,0.2333532,0.16693872,-0.059834436,0.087177575,-0.28636432,-0.3536549,0.4091192,0.7138868,-0.02942355
68,242,-0.2018836,-0.44111907,-0.094380334,0.3838517,-0.07223731,-1.0647274,-0.17256296,-0.118980646,0.17444572,-0.23546824,0.52291924,-0.49724525,-0.29466423,0.18636626,0.24518687,0.24507667
68,247,-0.031227987,-0.47496444,0.19416368,0.11441455,0.6534859,-0.10633692,-0.34027246,0.55757207,0.4537603,-0.14995068,0.18652925,-0.46923584,-0.29063565,0.39655071,0.5685119,-0.35331094
68,259,0.052753117,0.069088645,0.87448436,0.15713958,0.50445235,0.74200594,-0.60060817,0.14806637,0.03143344,0.1342043,-0.463049,-0.07397215,-0.23709914,0.45195764,0.801317,-0.14238492
68,262,-0.115542,0.24510232,0.5562775,0.387339,-0.5870061,-0.6794059,-0.04532522,-0.60834634,0.09770701,0.34388483,0.210457,0.09809692,-0.5145288,0.14381637,0.4338202,0.44668287
68,269,0.23111628,0.27305728,0.28042275,0.06146156,-0.6920308,-0.09140545,0.3855978,-0.32895935,0.29077333,0.767972,-0.33254632,0.48603055,-0.07578607,0.13085091,-0.05687013,-0.28626812
68,270,0.055922784,0.08903088,0.82222605,0.16731648,0.43608698,0.6806829,-0.58530813,0.06174758,-0.037646905,0.12868932,-0.48986688,-0.07319925,-0.20061389,0.4213853,0.7312261,-0.09317011
68,274,0.11562818,0.10104071,0.44076282,-0.18196864,-0.29701123,0.27215478,0.44649974,0.12250361,0.07373343,0.33623517,-0.23039925,0.5393595,0.13476464,-0.37633753,-0.22955206,0.085328914
68,276,-0.421368,-0.13404292,0.38007456,-0.33051997,-0.31002164,0.26372406,0.41116357,0.88132775,0.1848366,-0.29061598,0.47067708,0.33966434,0.23691908,-0.7215033,-0.28232992,0.29450172
68,282,0.55666244,1.6515235,-1.0520976,-0.45741194,0.72630155,-0.140481,0.5716439,0.17144871,-0.54767,0.17615665,0.5528514,0.11824536,-1.0777909,-0.13262548,-0.09576674,-0.25892484
68,296,-0.07741149,-0.94268703,-1.0537679,0.1668857,0.34448102,-0.66912663,0.117191054,-0.5757338,0.41150168,-0.1731073,0.24799499,-0.34773222,0.3495653,-0.014429614,-0.42226413,-0.16793121
68,298,-0.23221171,0.035316743,0.4650935,-0.25922728,-0.3712275,0.2827733,0.43939564,0.5559829,0.16183501,0.013558179,0.19731158,0.45936647,0.14742449,-0.57725495,-0.21499422,0.22032684
68,303,-0.26154712,0.0845937,0.5578452,0.39624876,-0.4138134,-0.7097826,-0.17753208,-0.25177938,0.17420477,0.12522046,0.4423601,-0.10064198,-0.5525129,0.21747427,0.59155226,0.40768498
68,318,0.044594195,0.03409712,0.46293944,-0.26991647,0.7068187,0.13111147,0.24422246,0.13759062,-0.7635308,-0.51181996,0.06968814,0.19098607,-0.0239143,-1.0482094,-0.3058302,1.158487
68,319,0.25239354,-0.029758349,0.23248926,0.0020822957,-0.6253544,-0.19275554,0.5038537,0.14651752,0.50236535,0.733283,-0.23249026,0.41111794,0.10777279,0.12566511,-0.1835377,-0.558348
68,321,-0.75625443,-0.98302126,-1.4200695,-0.018497258,0.48975763,0.37244728,0.101409905,-1.1577586,0.8553986,-0.19331524,0.51697534,0.0058646463,0.4983308,-0.29564816,-0.24274218,-0.11562458
68,323,0.31223157,0.12589502,0.10349786,0.14985974,-0.46473306,-0.17554909,0.24935976,-0.728778,0.1274817,0.62893283,-0.47611946,0.3484643,0.0018765703,0.15748215,-0.11716093,-0.09104696
68,347,-0.018605966,-0.48321104,0.26431096,0.07543883,0.7316518,-0.0073565543,-0.33655444,0.6978909,0.556226,-0.11786613,0.19783518,-0.4435003,-0.32210025,0.42912138,0.6351018,-0.45514375
68,377,-0.20041656,0.20030847,0.5066416,0.27365804,-0.19861808,0.032265395,-0.59070504,0.041916817,-0.259413,-0.18439955,-0.07962857,-0.31327376,-0.12776303,0.43941605,0.5262337,0.12448423
68,389,-0.037115715,-0.40859962,0.12045367,-0.30606884,0.23330596,0.004231304,0.2771636,0.66276973,-0.28433266,-0.51919216,0.123272955,0.035101403,0.41192654,-0.7178952,-0.54051596,0.43444133
68,391,-0.3209024,0.44218665,-0.26665634,0.20770401,-0.87828004,0.17937711,-0.86617345,-0.19576366,-0.9096308,-0.66272515,-0.31292483,-0.5688777,0.5493774,0.5475602,-0.08738902,0.12176867
68,392,1.0033058,-0.33681533,0.014832631,-0.03861426,0.73349,0.20992222,0.12681568,-1.0218804,-0.42765078,0.42362648,-1.1326141,0.3695406,0.30280897,-0.065210685,-0.37301362,0.11402905
68,414,-0.077692926,-0.3302734,0.37003446,0.16662556,0.48727128,-0.12583503,-0.35699332,0.42897326,0.39235786,-0.09173572,0.19485572,-0.38368788,-0.36259758,0.39195776,0.6549318,-0.21518381
68,424,-0.089209735,-0.31103304,0.42227006,0.1763403,0.47822306,-0.11326802,-0.36835524,0.43066078,0.40176323,-0.08206551,0.20816064,-0.37026423,-0.38960215,0.4023916,0.6978455,-0.20080914
68,428,-0.4018497,-0.9478233,-1.2093742,0.07248463,0.40756842,-0.16214445,0.109021,-0.832093,0.6149637,-0.18298912,0.36817247,-0.17642917,0.42260972,-0.14954707,-0.3338034,-0.14630976
68,440,-0.21299188,-0.36513078,0.17752646,-0.3300861,-0.00031030178,0.09119198,0.32973516,0.83803976,-0.063175656,-0.4738713,0.29867768,0.12634751,0.3925347,-0.71796757,-0.4745067,0.33335358
68,454,-0.20353815,0.27980423,0.63534987,0.41415328,-0.5523983,-0.57933414,-0.20795414,-0.5013713,-0.013350427,0.21546999,0.23637617,0.0072181746,-0.5151694,0.20677471,0.5512258,0.5037952
68,455,-1.8918384,-0.7371558,-1.836934,-0.3123269,0.5030081,2.136263,-0.015683364,-2.1064997,1.5174217,-0.11488408,0.96761197,0.6683749,0.55265325,-0.69015205,0.20428966,-0.00021725148
68,457,0.18053715,0.16342261,0.27051175,0.15583387,-0.5522784,-0.22306246,0.27974373,-0.5453146,0.24368891,0.6404468,-0.2705574,0.3781207,-0.11430941,0.12268891,0.016756434,-0.068969995
68,463,-0.43533087,0.873723,-0.7693383,-0.10687931,-1.4856391,0.8541001,-1.1717921,0.35603005,-1.2892967,-1.0720513,-0.53823596,-0.7368122,1.2333264,0.8601889,-0.51097834,-0.4311998
68,464,-0.111415036,0.123819135,0.4329242,0.35792243,-0.53503704,-0.75448745,-0.0060436726,-0.4812527,0.17118382,0.30286208,0.2738896,0.03918865,-0.4616922,0.13543291,0.35332304,0.342529
68,473,-0.002412471,-0.2841913,0.20329775,-0.2808144,0.2513843,0.037300497,0.2840685,0.5108851,-0.3299475,-0.42539042,0.06625083,0.100475475,0.31237677,-0.7224447,-0.46977243,0.50959563
68,474,-0.09104262,0.56491435,0.5121428,0.12461263,-0.9263629,-0.14093533,0.2868302,-0.2980373,0.35397616,0.6710866,0.103286505,0.5081455,-0.4117666,0.1016225,0.27054292,-0.03382813
68,476,0.7899752,2.2733226,-2.0142508,-0.70461696,0.99974716,-0.26097566,0.73828304,0.56078047,-0.5259641,0.13593689,0.990634,-0.07696725,-1.4275484,0.20273775,-0.15068015,-0.9036018
68,489,-0.27991262,0.25743416,-0.1758454,0.309496,-0.66480196,-0.09531066,-0.7469954,-0.38190335,-0.7757084,-0.55246705,-0.21830708,-0.54274625,0.34281054,0.43274528,0.010661315,0.29670236
68,494,0.29046553,0.02831003,0.33562553,-0.14745788,-0.041175187,0.30011883,0.34604225,-0.21023986,-0.035096645,0.36579078,-0.42379335,0.5153461,0.14466643,-0.3060463,-0.22544166,0.11620748
68,502,0.48017183,-0.10818368,0.2303772,-0.10759269,-0.07831171,0.16085115,0.37618828,-0.22584736,0.043937348,0.49185517,-0.5909393,0.47341552,0.2574217,-0.113309905,-0.30470306,-0.14410155
68,503,0.1302549,-0.7273796,-0.560457,0.27705738,0.06841129,-1.1541717,0.11467568,-0.204008,0.28246903,-0.058433384,0.28584945,-0.4113479,0.058141105,0.13151337,-0.27832612,-0.11045703
68,507,0.36526838,0.12646575,0.043979242,0.14629543,-0.44453862,-0.1466574,0.24123782,-0.8009162,0.08605749,0.6358125,-0.555225,0.3488573,0.038057588,0.17404604,-0.16444564,-0.10489346
68,511,-0.113276385,0.18611676,0.56673825,-0.2249506,-0.38383266,0.34266868,0.47975454,0.32560813,0.12222896,0.21685079,0.025508806,0.5802621,0.06103573,-0.53691304,-0.15799671,0.23732623
68,522,-0.43746588,0.8731726,-0.7876248,-0.11797662,-1.4900023,0.86432695,-1.1668313,0.36575925,-1.2803833,-1.0734469,-0.53535897,-0.7356198,1.2446831,0.8604494,-0.52164644,-0.44971383
68,534,-0.8528572,0.45069018,-0.5046145,-0.10289283,-0.5493879,0.9131706,-0.01432322,-1.050535,0.6082773,0.29411268,0.43784338,0.56526047,-0.12972188,-0.13683914,0.28962943,-0.014489427
68,539,0.27100053,-0.04707463,0.21671225,0.01805003,-0.59879625,-0.23239715,0.49058244,0.11638889,0.47574863,0.7206003,-0.24548292,0.383547,0.105642654,0.13243034,-0.19088915,-0.5426267
68,542,0.05620549,0.07937017,0.88954407,0.17244262,0.51532483,0.7857237,-0.636354,0.10069281,-0.017681554,0.1263851,-0.5053208,-0.07609018,-0.22334126,0.4564615,0.8106678,-0.111982584
68,546,0.88682795,-0.28913963,0.069307104,-0.056861013,0.51923084,0.1762369,0.20157707,-0.7897718,-0.31743038,0.43660998,-1.0065053,0.38626274,0.30572,-0.07670207,-0.376942,0.037080105
68,559,0.22696838,0.1643517,0.3113078,0.03805259,-0.71390235,-0.15610643,0.48201028,-0.08744891,0.42605254,0.80002207,-0.24743325,0.49075183,-0.032232255,0.11805934,-0.08857572,-0.41393387
68,567,0.11225178,-0.42294842,-0.0090756565,-0.1540124,-0.5149315,-0.22340234,0.46919128,0.78736126,0.59269506,0.31578082,0.0613105,0.21106996,0.41546062,0.011346094,-0.42525253,-0.6968816
68,574,0.057530437,0.07711106,0.8521845,0.16765171,0.48798153,0.7409862,-0.6123262,0.09068969,-0.0221835,0.1252771,-0.4977204,-0.07855333,-0.21072531,0.44108462,0.77230436,-0.1103072
68,582,-0.12056708,0.34662586,0.58709073,0.40153205,-0.58326656,-0.5232734,-0.20376438,-0.6735696,-0.1405097,0.2512762,0.052368015,0.046808552,-0.4395669,0.18234803,0.44880915,0.52264386
68,588,0.13585234,0.22074485,0.36407346,0.16308865,-0.63082135,-0.21636757,0.31297135,-0.52012616,0.30029348,0.6951728,-0.1991204,0.43627426,-0.18639714,0.11007938,0.084601924,-0.05424477
68,605,-0.31100965,-0.24815753,0.28569448,-0.3364032,-0.15290935,0.19259539,0.38236678,0.86205554,0.06041158,-0.37599552,0.3782482,0.24689664,0.31918865,-0.73028183,-0.38489294,0.3167209
68,607,0.67261654,2.3686752,-2.1418104,-0.7375943,0.85437286,-0.2967279,0.76085705,0.70539546,-0.3873258,0.119899414,1.1763518,-0.10165516,-1.4625919,0.2855837,-0.10616875,-1.060178
68,609,-0.031227991,-0.4749645,0.19416368,0.11441454,0.6534859,-0.10633692,-0.34027246,0.557572,0.45376036,-0.14995068,0.18652931,-0.46923584,-0.29063565,0.39655071,0.5685119,-0.35331094
68,639,-0.061856292,-0.33737504,0.29722852,0.16556692,0.46861252,-0.15214457,-0.3463073,0.37366045,0.33872664,-0.10414705,0.15560812,-0.39635837,-0.31569937,0.36915165,0.5808373,-0.1994812
68,640,0.65372545,1.8062428,-1.3918122,-0.5828214,0.8542646,-0.14548051,0.6626719,0.4273733,-0.52286816,0.11744151,0.7093369,0.049174774,-1.1275247,-0.038813442,-0.17153803,-0.49490345
68,641,-0.090443686,-0.3318944,0.4112236,0.17830956,0.50253284,-0.11409199,-0.37581277,0.44390947,0.41045985,-0.09519407,0.21833965,-0.38664013,-0.3909442,0.408131,0.7045718,-0.20717926
68,653,0.6471975,2.2579465,-1.8916317,-0.6843833,0.83892655,-0.24165632,0.7495539,0.59687907,-0.42774105,0.15450725,1.0550523,-0.023933241,-1.4134972,0.15879631,-0.106388226,-0.87235713
68,660,0.5187625,1.4447119,-0.7935563,-0.39254528,0.703949,-0.12133643,0.51196796,0.065532,-0.5843528,0.15702493,0.41062903,0.14761385,-0.9645923,-0.2276601,-0.09372172,-0.05694455
68,676,0.056624714,0.085438274,0.8796391,0.16894302,0.4948413,0.76415277,-0.6221333,0.09619588,-0.018123671,0.13122028,-0.50170517,-0.07062757,-0.22015396,0.44866455,0.7942341,-0.111323774
68,680,-0.44697762,0.885211,-0.6790129,-0.08318204,-1.4668622,0.85199165,-1.1812586,0.37050933,-1.2824697,-1.0536486,-0.51541317,-0.72710246,1.1809635,0.86741525,-0.4416198,-0.40136516
68,688,1.0201294,-0.3489331,-0.0039594173,-0.026827186,0.77510715,0.1880031,0.09736415,-1.0646443,-0.45828062,0.40580523,-1.1499656,0.34164682,0.29770568,-0.053165466,-0.36843356,0.13181308
68,696,0.42169443,-0.062969014,0.2608509,-0.10663994,-0.15178819,0.1645213,0.38382265,-0.18505056,0.07925876,0.50268406,-0.5405551,0.48535743,0.23192689,-0.11415,-0.27563936,-0.1485505
68,698,0.0033784192,-0.3291226,0.44772387,0.07824238,0.6777506,0.21124253,-0.38458785,0.60450625,0.46397898,-0.026686028,0.036391944,-0.32520723,-0.31596753,0.43842822,0.691815,-0.41086608
68,699,-0.09978446,0.64000463,0.5019193,0.121779494,-0.94284165,-0.106799394,0.25212958,-0.3678879,0.29011503,0.6479718,0.0792698,0.5096053,-0.42819744,0.10210919,0.28008768,0.013206437
68,703,-0.3968018,-0.07366419,0.42827612,-0.32361996,-0.4023453,0.31242695,0.4555572,0.83827305,0.25142446,-0.16367579,0.42022377,0.42374247,0.21587956,-0.6804741,-0.2567758,0.2260819
68,709,-0.44254634,0.8744154,-0.6233452,-0.06679486,-1.4361244,0.8243365,-1.1659174,0.3625542,-1.2617358,-1.0250555,-0.50292647,-0.712571,1.135986,0.8554294,-0.4032911,-0.37575454
68,711,0.15167794,-0.4224758,0.2086861,0.006827779,0.9877806,0.70828223,-0.5114377,0.5228991,0.22152013,-0.081275225,-0.4173097,-0.38381281,0.0036004111,0.42247933,0.46675983,-0.5327368
68,720,-0.1352939,-0.6882742,-0.5286875,0.44422507,0.08050853,-1.247393,-0.22492477,-0.33564395,-0.04941099,-0.46152985,0.433648,-0.7305688,-0.073986575,0.13959263,-0.036699478,0.32062146
68,741,0.6309532,2.1446085,-1.735694,-0.63940173,0.81424797,-0.2253305,0.7153164,0.5156655,-0.44875032,0.16298696,0.9588495,0.0018921718,-1.3503568,0.1077878,-0.10535233,-0.7635286
68,742,0.044594195,0.034097113,0.46293944,-0.26991647,0.7068187,0.13111147,0.24422246,0.13759062,-0.7635308,-0.51182,0.06968814,0.19098605,-0.0239143,-1.0482094,-0.3058302,1.158487
68,753,-0.098726586,-0.22624636,0.5124658,0.19229436,0.4024926,-0.081229895,-0.37840462,0.3628099,0.35766402,-0.04168503,0.17438039,-0.31319723,-0.40741706,0.39795834,0.72789776,-0.1446291
68,754,-0.44206014,0.8839074,-0.7811025,-0.10697703,-1.5023289,0.8716469,-1.1920841,0.36153537,-1.3124657,-1.0927145,-0.5456343,-0.7497628,1.2536125,0.8725385,-0.5185405,-0.43304396
68,755,-0.15788762,-0.6592372,-0.42918438,0.4305547,0.055787385,-1.2325296,-0.20723018,-0.24359663,0.04082746,-0.415143,0.49444252,-0.68750167,-0.13918012,0.15763326,0.041280385,0.28325564
68,756,-0.029531766,-0.47541648,0.20427482,0.10715878,0.6620219,-0.096003205,-0.33616608,0.5814384,0.47242925,-0.14358819,0.19123888,-0.46392107,-0.29646277,0.4005651,0.577119,-0.37053555
68,759,0.41130427,0.34612393,0.06283319,0.11928572,-0.5332738,0.025878131,0.22815174,-1.0096471,-0.042951718,0.718725,-0.7216856,0.45729253,0.0068328157,0.17836434,-0.16469403,-0.053677425
68,761,0.170114,0.1956527,0.43527305,-0.2960955,0.840641,0.17845729,0.32281554,0.050946623,-0.8612392,-0.41677374,0.023869023,0.27066565,-0.15307267,-1.1060901,-0.320013,1.1920352
68,764,-0.02320183,-0.48042035,0.23181091,0.090743214,0.69857395,-0.049968094,-0.3365703,0.63950026,0.5132921,-0.13129291,0.19246191,-0.4543685,-0.30723625,0.41453815,0.60407484,-0.41386878
68,765,0.36526835,0.12646577,0.043979228,0.14629543,-0.44453862,-0.14665744,0.24123785,-0.8009162,0.08605749,0.63581246,-0.555225,0.34885734,0.038057603,0.17404604,-0.16444561,-0.104893476
68,767,-0.42012215,0.824817,-0.42601752,-0.008985832,-1.3020028,0.7415441,-1.1138425,0.31641853,-1.1724848,-0.91694593,-0.46528766,-0.655327,0.97087926,0.8102138,-0.26024342,-0.2848776
68,769,0.004758772,-0.31002876,0.44993025,0.079873905,0.6514019,0.20769474,-0.3798943,0.5780341,0.44395944,-0.018261775,0.021700963,-0.3132273,-0.30928388,0.43040383,0.6782509,-0.39615035
68,770,0.14534655,-0.36034948,0.24779262,0.018623464,0.9048958,0.68866515,-0.50133693,0.45670158,0.18106931,-0.0533195,-0.43464157,-0.34491032,-0.0027592406,0.40772724,0.46013406,-0.48279053
68,772,-0.26487148,0.029296085,0.50177723,0.35542136,-0.36092386,-0.7127213,-0.15292275,-0.12933894,0.22369203,0.09753944,0.46258348,-0.13034946,-0.51947117,0.21137635,0.55466753,0.3253284
68,791,-0.35090992,0.520993,-0.35367334,0.16232076,-0.99050605,0.30563578,-0.9365556,-0.119415045,-0.9894728,-0.74550664,-0.35063767,-0.60372645,0.6696337,0.6061771,-0.15181588,0.041369114
68,809,0.016772842,-0.21867085,0.6018357,0.10599164,0.6673763,0.41989693,-0.47476873,0.48489988,0.34345222,0.01730442,-0.11796628,-0.25563377,-0.3033226,0.45868808,0.7617722,-0.3373428
68,817,-0.09872657,-0.22624636,0.5124658,0.19229436,0.40249267,-0.081229895,-0.37840462,0.36280996,0.35766408,-0.04168503,0.17438036,-0.31319723,-0.40741703,0.39795834,0.7278978,-0.14462912
68,829,-0.38324577,0.75296205,-0.26419246,0.03837003,-1.1578032,0.6239103,-1.0246785,0.24819025,-1.0548989,-0.7884751,-0.42305347,-0.58532554,0.802343,0.74138516,-0.14690922,-0.20128597
68,830,0.057157844,0.08229382,0.8466623,0.16646083,0.47198114,0.7244755,-0.6032902,0.08515015,-0.024026625,0.12832461,-0.49475163,-0.07475916,-0.20923209,0.43572485,0.76189995,-0.10730362
68,841,-0.13418968,-0.6479812,-0.5424442,0.43965644,0.07589507,-1.1896541,-0.24413037,-0.39184922,-0.123070545,-0.4700477,0.3612545,-0.7287251,-0.041014224,0.12601297,-0.061107617,0.34969753
68,842,-0.209955,-0.0747886,-0.07352196,0.4466973,-0.29956436,-0.56239545,-0.53721756,-0.57214785,-0.52058876,-0.39842373,-0.025048599,-0.529708,0.0238147,0.2602238,0.14826685,0.50821173
68,848,-0.16221923,-0.74221647,-0.5275385,0.45322615,0.10318765,-1.3025306,-0.22025204,-0.26113027,0.026421167,-0.48114198,0.52933395,-0.7573988,-0.11294539,0.15431473,0.003822498,0.30033395
68,850,-0.12528926,0.3401335,0.61381966,0.3732697,-0.59678864,-0.5448198,-0.111799195,-0.60947824,-0.009862058,0.32244825,0.11474407,0.107857496,-0.48675716,0.15927032,0.46063265,0.46784985
68,871,1.0201294,-0.3489331,-0.0039594173,-0.026827201,0.77510715,0.18800303,0.09736418,-1.0646443,-0.4582806,0.40580523,-1.1499656,0.3416468,0.2977057,-0.05316548,-0.36843354,0.13181308
68,885,-0.35321096,0.69203615,-0.12255265,0.07960467,-1.0317142,0.5396781,-0.9610893,0.19491446,-0.9587543,-0.6851267,-0.39196697,-0.5297923,0.6628916,0.6914206,-0.044567432,-0.13145645
68,889,-0.26487145,0.029296085,0.50177723,0.35542136,-0.36092386,-0.7127212,-0.15292275,-0.12933895,0.22369203,0.09753944,0.46258348,-0.13034946,-0.51947117,0.21137634,0.55466753,0.32532835
68,895,0.3610094,0.03484398,0.31602865,-0.118315384,0.05207795,0.29598084,0.295033,-0.3740884,-0.095865324,0.391312,-0.5101558,0.50297743,0.1174738,-0.26694202,-0.19919534,0.14734542
68,896,0.2250486,0.23649892,0.28552526,0.054696053,-0.6944577,-0.11666083,0.41052604,-0.24976206,0.33168238,0.770121,-0.2986395,0.48007026,-0.06402029,0.12692553,-0.06496671,-0.3241123
68,901,-0.0076954076,-0.4492221,0.33990288,0.06612551,0.75757575,0.10036084,-0.35873452,0.7186029,0.5613665,-0.087115765,0.15188462,-0.4081359,-0.32955948,0.4467612,0.6800691,-0.47596908
68,904,0.6927412,-0.25680834,0.09423926,-0.072254136,0.2554358,0.08844867,0.25957835,-0.49208772,-0.17291465,0.40178907,-0.7990695,0.35150617,0.31295988,-0.08249341,-0.37225226,-0.05364096
68,923,0.011035936,-0.23188037,0.53697747,0.09814908,0.61651695,0.3077599,-0.42241612,0.48788023,0.3625721,0.013479739,-0.06827359,-0.26440677,-0.30089653,0.43354845,0.7057839,-0.3395766
68,926,0.22200482,-0.06265463,0.22531594,-0.034292668,-0.65226436,-0.15658513,0.523497,0.2760359,0.56277096,0.7135481,-0.17980407,0.42668644,0.14789498,0.113401026,-0.20648214,-0.6175343
68,927,0.78832465,-0.7587433,-0.47231668,-0.04195951,0.13729191,-0.5037037,0.37189132,0.05756539,0.052701972,0.26662403,-0.675326,-0.07216022,0.6893708,0.14374368,-0.8158028,-0.6360938
68,942,-0.39611316,0.75530577,-0.5660797,-0.0093052685,-1.291208,0.65806615,-1.0696024,0.18606216,-1.1593403,-0.9171667,-0.47558495,-0.6601651,0.9992191,0.75841844,-0.35613853,-0.2561838
68,952,0.27715695,-0.12076366,0.15706176,-0.032034293,-0.5636748,-0.18182218,0.4938821,0.2200467,0.49064323,0.65996647,-0.24005982,0.37618372,0.19655496,0.11280184,-0.2609252,-0.59469444
68,982,0.10666233,-0.36739266,0.3434592,0.024571374,0.8909489,0.5893761,-0.47404614,0.57020557,0.3188386,-0.038447067,-0.2777705,-0.33786836,-0.12053694,0.4385777,0.57596225,-0.5067534
68,986,0.057530444,0.07711106,0.8521844,0.16765171,0.48798147,0.7409862,-0.61232626,0.09068972,-0.022183508,0.1252771,-0.49772042,-0.07855333,-0.21072534,0.44108468,0.7723043,-0.11030717
68,992,0.08343053,0.12654386,0.43317217,-0.15919606,-0.67582524,0.2142438,0.5513405,0.2979415,0.41885337,0.6020128,-0.19017495,0.6191296,0.16881335,-0.14343812,-0.19467205,-0.3225022
68,994,0.14534655,-0.36034954,0.24779262,0.018623464,0.9048959,0.68866515,-0.50133693,0.45670152,0.18106928,-0.05331947,-0.4346416,-0.34491032,-0.002759248,0.40772724,0.46013403,-0.48279053
68,1010,-0.12733147,0.34853083,0.6194834,0.38206118,-0.60697824,-0.54603475,-0.12043114,-0.6280798,-0.020094432,0.32124293,0.11565319,0.10767217,-0.49201024,0.16323797,0.46782035,0.48233312
68,1016,0.11225178,-0.42294842,-0.0090756565,-0.1540124,-0.5149315,-0.22340234,0.46919134,0.78736126,0.59269506,0.31578082,0.06131047,0.21106996,0.41546062,0.011346102,-0.42525253,-0.69688165
68,1035,-0.10561933,0.26648426,0.61279976,-0.19838999,-0.42981467,0.35262057,0.4778953,0.23633868,0.13543281,0.30062616,-0.008132741,0.61867964,0.0029770583,-0.4973219,-0.100446224,0.23249418
68,1036,0.25656152,0.16437256,0.19067824,0.1531915,-0.5254924,-0.16766132,0.27726704,-0.6842377,0.1917589,0.66549134,-0.3939103,0.39636162,-0.059836593,0.14134169,-0.048995007,-0.077047855
68,1038,0.054028615,0.07467584,0.89836854,0.16342369,0.52097905,0.78015006,-0.62303656,0.13857538,0.018105038,0.13356099,-0.4822028,-0.07209281,-0.23800942,0.460804,0.8223566,-0.13477893
68,1040,0.051594004,0.03208697,0.8598095,0.1506957,0.54967594,0.7414602,-0.6009443,0.20002472,0.07161116,0.1200652,-0.434,-0.0961822,-0.2461701,0.4628924,0.81608063,-0.17401609
68,1084,-0.07769292,-0.3302734,0.37003446,0.16662556,0.48727134,-0.12583503,-0.35699335,0.42897326,0.3923578,-0.09173572,0.19485572,-0.3836879,-0.36259758,0.39195776,0.6549317,-0.21518381
68,1111,0.05415796,0.06411281,0.78691274,0.16444242,0.4485316,0.6504872,-0.5707268,0.07784954,-0.017553546,0.11998276,-0.46337667,-0.088823974,-0.20426083,0.41626233,0.71791613,-0.10453734
68,1112,-0.20357274,-0.46832705,-0.122673765,0.39142948,-0.057459563,-1.0889812,-0.17679226,-0.12105851,0.17245606,-0.25609368,0.5370868,-0.5197731,-0.2888985,0.1868366,0.23653877,0.24966864
68,1117,-0.22430134,0.66139185,0.31753808,0.080657125,-0.90404046,0.084483325,0.19678533,-0.5248169,0.3129226,0.587458,0.12714687,0.527173,-0.39000887,0.06821893,0.28272364,0.02406386
68,1126,-0.18394503,-0.42146266,0.14237726,-0.3449576,0.06378156,0.07777518,0.32894003,0.8651254,-0.10469346,-0.52570283,0.28497055,0.09579095,0.43455115,-0.74427116,-0.5245066,0.3490795
68,1128,-0.3507437,-0.20812485,0.31903106,-0.3345291,-0.21553195,0.21903118,0.39462686,0.87200737,0.11095714,-0.3413045,0.4111216,0.28241953,0.29140708,-0.72427106,-0.34877172,0.30188617
68,1131,0.11225179,-0.42294848,-0.009075671,-0.15401243,-0.5149315,-0.22340232,0.46919134,0.78736126,0.59269494,0.31578082,0.0613105,0.21106996,0.41546056,0.011346094,-0.42525253,-0.6968816
68,1134,0.170114,0.1956527,0.43527305,-0.2960955,0.8406409,0.17845723,0.3228155,0.050946563,-0.86123925,-0.4167738,0.023869008,0.27066568,-0.15307269,-1.10609,-0.320013,1.1920352
68,1142,-0.44697765,0.8852111,-0.67901284,-0.08318204,-1.4668623,0.85199165,-1.1812586,0.3705094,-1.2824697,-1.0536485,-0.51541317,-0.7271027,1.1809635,0.8674153,-0.4416198,-0.40136516
68,1148,0.16645046,0.1820344,0.30453026,0.15843645,-0.5813881,-0.21399856,0.29432112,-0.53925395,0.26983106,0.66512084,-0.24782747,0.40429664,-0.13754833,0.119742066,0.04030619,-0.066418976
68,1152,0.80050296,-0.73071086,-0.45472777,-0.03857705,0.16326761,-0.49194896,0.3426952,-0.0022763014,-0.01875399,0.24536821,-0.7203757,-0.082440674,0.68419677,0.13441926,-0.80894744,-0.5776319
68,1156,0.024784047,-0.12512589,0.6686597,0.119690135,0.58775973,0.48008528,-0.49269754,0.37444657,0.24953863,0.057219863,-0.20975272,-0.19650194,-0.28292042,0.44544846,0.7529441,-0.27238667
68,1157,-0.077172436,-0.4208647,0.044017732,-0.20039736,-0.6588979,-0.16969444,0.5139826,1.0597006,0.78202885,0.28109288,0.3094008,0.26023525,0.39087874,-0.040527925,-0.37142608,-0.7495828
68,1164,-0.17851649,-0.54847217,-0.25003678,0.39731747,-0.0028881729,-1.1400912,-0.18476015,-0.15060553,0.12467361,-0.31962234,0.51299,-0.5880554,-0.22265655,0.17653629,0.15219668,0.24437279
68,1177,-0.2709895,0.2127383,-0.16205193,0.33138826,-0.6162033,-0.16054875,-0.7219116,-0.41397282,-0.745766,-0.53406984,-0.19242008,-0.543476,0.29858842,0.4103098,0.030858837,0.33129656
68,1186,0.05753044,0.07711107,0.8521844,0.1676517,0.48798153,0.7409862,-0.6123262,0.09068969,-0.022183515,0.1252771,-0.4977204,-0.07855333,-0.21072532,0.44108468,0.7723043,-0.11030719
68,1194,-0.004560313,-0.41103333,0.35095298,0.06615577,0.70903754,0.098124474,-0.34750745,0.67818224,0.53158224,-0.06694265,0.12607703,-0.3813486,-0.32032588,0.43318444,0.6588979,-0.45484602
68,1195,0.26150036,-0.009295329,0.2513489,-0.010033682,-0.6449603,-0.15220435,0.52053195,0.14085191,0.50749415,0.759202,-0.25711417,0.44635782,0.11615748,0.12009696,-0.18797946,-0.5662698
68,1199,-0.15788764,-0.6592372,-0.42918444,0.43055475,0.055787355,-1.2325296,-0.20723018,-0.24359663,0.04082749,-0.415143,0.4944424,-0.68750167,-0.13918012,0.15763326,0.04128038,0.28325564
68,1207,0.8866801,-0.7715266,-0.5080605,-0.029554069,0.2340711,-0.51199424,0.34129754,-0.088818,-0.07698502,0.24918011,-0.8153415,-0.10274123,0.72425777,0.14637063,-0.8629794,-0.57720435
68,1213,-0.31006944,0.5492691,0.10799034,0.14955147,-0.76974785,0.39631507,-0.85804933,0.13915586,-0.7439568,-0.52369136,-0.29615855,-0.4555412,0.40208533,0.6190947,0.16105838,-0.035800204
68,1214,0.72066635,-0.011852056,0.22860435,-0.038425118,0.47101298,0.33292827,0.14757386,-0.96962947,-0.33719572,0.49776912,-0.9087025,0.49645188,0.08308575,-0.14477238,-0.17424463,0.23754622
68,1226,-0.13125522,-0.7122504,-0.5837111,0.43575573,0.10717964,-1.2483706,-0.22259542,-0.32779762,-0.065425724,-0.48625326,0.4232918,-0.75431865,-0.04271433,0.13082898,-0.07491715,0.30814546
68,1229,-0.11612683,0.1867464,0.49717003,0.368564,-0.55906665,-0.7108228,-0.02555051,-0.5340847,0.13692361,0.32314783,0.24158964,0.06944305,-0.4873125,0.13926102,0.3943345,0.38917106
68,1230,0.34708503,0.11448555,0.05401875,0.14726742,-0.438627,-0.16660257,0.23696601,-0.7685366,0.09321178,0.61869323,-0.52814317,0.33377323,0.03356707,0.16829759,-0.15455395,-0.100011215
68,1231,0.7561572,2.351687,-2.0836456,-0.7307172,0.9720218,-0.26512468,0.7674914,0.6305162,-0.48354673,0.13418794,1.0808649,-0.077619955,-1.4711211,0.2193955,-0.137731,-0.9642889
68,1244,0.0054343534,0.36091545,0.42714474,0.14146227,-0.76529074,-0.22669904,0.3022046,-0.33752114,0.3462477,0.6571901,0.0027733743,0.44067574,-0.3035659,0.09862642,0.17765576,-0.061050132
68,1249,0.16581218,-0.47462755,0.21179636,-0.05689743,1.0652478,0.7090597,-0.45039847,0.73442173,0.39397195,-0.05466111,-0.33680892,-0.37550217,-0.03475188,0.44263887,0.49324304,-0.6887888
68,1258,0.7280263,2.0993967,-1.7348167,-0.6536932,0.93671715,-0.19668464,0.7139614,0.49237138,-0.5254502,0.14062487,0.8750685,-0.0066076405,-1.3166436,0.090339445,-0.1486128,-0.7169177
68,1262,0.45512712,0.24064276,-0.02893141,0.12729898,-0.45327064,-0.030903101,0.23051822,-1.0230901,-0.04137586,0.6836552,-0.73985666,0.4061175,0.06602811,0.18412003,-0.22633123,-0.07781504
68,1263,-0.12056711,0.34662586,0.5870907,0.40153205,-0.58326656,-0.5232734,-0.20376441,-0.6735696,-0.1405097,0.2512762,0.052368,0.046808537,-0.43956688,0.18234801,0.44880918,0.52264386
68,1264,-0.11662707,0.25404355,0.5651065,0.3952189,-0.5961106,-0.6807941,-0.050496235,-0.62723845,0.09108383,0.34651273,0.21119884,0.10138619,-0.5224338,0.14620902,0.4425264,0.4611141
68,1273,-0.034232922,-0.43092436,0.18774885,0.12485275,0.5715699,-0.1516117,-0.32283536,0.4803617,0.40153953,-0.13570186,0.16790214,-0.44644982,-0.27823967,0.37203282,0.5285595,-0.30281878
68,1279,-0.08539504,0.14859276,0.5299417,-0.22533737,-0.44752395,0.3334016,0.5006573,0.35770726,0.18652245,0.26782355,-0.007662222,0.5871459,0.11059313,-0.4773882,-0.188941,0.12078455
68,1298,-0.1057083,-0.18966821,0.5470859,0.20413741,0.36744896,-0.0666748,-0.3926537,0.32634687,0.32465476,-0.03399086,0.15677947,-0.2964853,-0.4092498,0.39853233,0.73981136,-0.11267096
68,1301,-0.16396752,0.30679965,0.61022544,0.40436435,-0.5600489,-0.55074567,-0.20484534,-0.5718702,-0.06842752,0.23042092,0.15018672,0.023729641,-0.4776897,0.19559771,0.50226563,0.50478953
68,1315,-0.16018759,-0.4109038,0.12961583,-0.32128018,0.06527817,0.040065378,0.30287838,0.8094306,-0.12055471,-0.50496304,0.24993414,0.07208218,0.4203811,-0.70044684,-0.5100446,0.33525598
68,1317,0.014158041,-0.22783074,0.56536406,0.101809695,0.64386284,0.3621786,-0.44759962,0.4870273,0.35387334,0.014428914,-0.09198748,-0.26173386,-0.30165014,0.44552618,0.7318568,-0.33944458
68,1324,0.16972855,-0.47855574,0.1977011,-0.02893351,1.0904635,0.7620131,-0.50393033,0.6499731,0.309467,-0.082261965,-0.39891648,-0.3994868,-0.0022763982,0.44435364,0.48824316,-0.6344403
68,1329,0.24235952,-0.492724,-0.09716292,-0.13475586,-0.38928145,-0.28652835,0.44586655,0.6669688,0.48427144,0.2979653,-0.07870504,0.14592494,0.47364601,0.039905958,-0.5032507,-0.69053924
68,1330,-0.14930783,-0.4951492,-0.38317615,0.4714285,-0.00541842,-1.0507594,-0.31522882,-0.53598523,-0.2438209,-0.4251204,0.24422088,-0.66095275,-0.066165574,0.13889962,0.026477477,0.4652084
68,1345,0.8868279,-0.28913966,0.06930713,-0.056861013,0.51923084,0.1762369,0.20157707,-0.78977174,-0.31743038,0.43661,-1.0065053,0.38626277,0.30572,-0.07670207,-0.37694204,0.037080113
68,1361,-0.11327639,0.18611677,0.56673825,-0.22495063,-0.38383266,0.34266874,0.47975454,0.32560813,0.12222896,0.21685079,0.025508806,0.5802621,0.06103573,-0.53691304,-0.15799673,0.23732623
68,1367,-0.027320988,0.119605884,0.48411083,-0.20752202,-0.4119169,0.28022763,0.47723815,0.30939573,0.150612,0.2739693,-0.069920965,0.5436977,0.12793642,-0.43286645,-0.2115531,0.09356777
68,1368,-0.25933558,0.34967107,0.2879308,0.20841414,-0.45970398,0.21743158,-0.7300014,0.11026707,-0.4796984,-0.36844885,-0.1697614,-0.40020284,0.13600838,0.53648823,0.35063103,0.026792273
68,1369,0.056205485,0.07937016,0.88954407,0.17244262,0.51532483,0.78572357,-0.6363541,0.10069284,-0.017681561,0.1263851,-0.5053208,-0.07609018,-0.22334126,0.45646143,0.81066775,-0.1119826
68,1384,0.061691888,-0.1463607,0.5613951,0.12379604,0.6372224,0.5731952,-0.5328146,0.2658,0.11895297,0.025939077,-0.3485356,-0.22755434,-0.17646497,0.42136377,0.6531603,-0.24611531
68,1390,0.1907939,0.24018303,0.41649014,-0.30538386,0.86582446,0.18771026,0.34177878,0.04788229,-0.87386817,-0.39964223,0.029380769,0.2837399,-0.18631339,-1.1138783,-0.32151106,1.1869503
68,1391,-1.8918383,-0.73715574,-1.8369342,-0.3123269,0.5030081,2.1362627,-0.01568336,-2.1064997,1.5174217,-0.11488408,0.96761185,0.66837496,0.55265325,-0.69015205,0.20428966,-0.00021724403
68,1394,0.059111163,0.07812023,0.82338417,0.16209993,0.4615642,0.70107484,-0.5883047,0.08419639,-0.02248983,0.12822434,-0.48955834,-0.07670637,-0.20267199,0.42727023,0.74001753,-0.1109615
68,1407,-0.12651367,0.34279078,0.637172,0.401429,-0.6242721,-0.5859517,-0.10070251,-0.66687524,0.012197241,0.3473714,0.14829147,0.124825895,-0.52589065,0.15977386,0.48542634,0.5062177
68,1408,0.03570795,0.12656398,0.4891076,-0.20623524,-0.3968668,0.29219285,0.49807575,0.2596899,0.13239703,0.32572535,-0.1424815,0.5704158,0.13521945,-0.42213988,-0.23064074,0.078724094
68,1412,-0.0500588,-0.40006173,0.048729137,-0.1940806,-0.6341306,-0.1637024,0.49948058,0.9922899,0.72702354,0.28106204,0.25387862,0.25799778,0.38893408,-0.041796207,-0.37345818,-0.71188295
68,1416,-1.962205,-0.7237248,-1.8946668,-0.3321153,0.50091004,2.2383516,-0.025520638,-2.1595287,1.5666832,-0.112508595,1.0124061,0.7019614,0.55464804,-0.7073889,0.22661585,-0.009962663
68,1422,0.04459419,0.03409712,0.46293944,-0.26991647,0.7068187,0.13111153,0.24422246,0.13759062,-0.7635308,-0.51182,0.06968814,0.19098605,-0.0239143,-1.0482095,-0.3058302,1.1584871
68,1425,-0.020256255,-0.041519165,0.3074423,-0.17208914,-0.69356644,0.0815635,0.5202399,0.5715063,0.5521344,0.467153,0.022714868,0.48734596,0.22564459,-0.11103293,-0.22710672,-0.4468909
68,1436,0.057233535,0.07536527,0.8024316,0.1622575,0.4458098,0.6703787,-0.5757013,0.07619387,-0.023995966,0.12590659,-0.47908166,-0.07985435,-0.1999678,0.41869783,0.7218028,-0.10576779
68,1458,-0.116126835,0.18674639,0.49716997,0.36856398,-0.5590666,-0.7108228,-0.025550507,-0.53408474,0.13692361,0.32314783,0.24158958,0.06944303,-0.48731253,0.13926102,0.3943345,0.38917106
68,1466,0.15323858,-0.5011337,0.21173409,-0.054882526,1.0793402,0.66676474,-0.44410285,0.77728355,0.4392453,-0.06701207,-0.27997783,-0.39340124,-0.06291835,0.45220685,0.5189439,-0.70166904
68,1480,-0.055968612,-0.45293856,0.09987837,-0.3262658,0.2229751,0.014315188,0.29202923,0.73836726,-0.2571474,-0.55115944,0.15500373,0.031219851,0.45049247,-0.7365535,-0.57177347,0.41118175
68,1482,0.2729113,0.050834246,0.36548233,-0.12963594,-0.3912571,0.21704534,0.46656093,0.00013874471,0.23349807,0.5736631,-0.39470193,0.57620305,0.18538356,-0.1326255,-0.22115928,-0.21196394
68,1483,-0.12426716,0.33470976,0.6315533,0.39370608,-0.6151961,-0.5859878,-0.09229455,-0.6511098,0.021954097,0.3488313,0.14767751,0.12512025,-0.52132463,0.15596929,0.47851688,0.49339688
68,1484,0.1873096,-0.82473797,-0.70325726,0.26389903,0.16791582,-1.1715314,0.11867721,-0.21310383,0.25120625,-0.10847819,0.2219165,-0.46689332,0.15428025,0.13029586,-0.38139552,-0.15921478
68,1486,-0.0940699,0.58879507,0.5111918,0.12441195,-0.9228127,-0.12968838,0.26864278,-0.32691205,0.32322788,0.6575639,0.088266164,0.50314236,-0.41597944,0.09998853,0.27511245,-0.010191016
68,1498,-0.12824044,0.2481072,0.61388797,-0.21700971,-0.42977533,0.37449136,0.4934592,0.2894408,0.14853108,0.27334,0.025223315,0.6266778,0.01997371,-0.5294131,-0.115486056,0.23966694
68,1504,0.71525896,-0.667299,-0.37725437,-0.04490705,0.017249733,-0.4426692,0.41093782,0.09430659,0.14728403,0.3475967,-0.6061928,0.015814815,0.62026715,0.1389395,-0.7385849,-0.6536683
68,1526,-0.23436241,0.056425117,-0.097959355,0.39685112,-0.4376126,-0.38326478,-0.6168071,-0.5035416,-0.61846226,-0.44983214,-0.1025975,-0.52941126,0.13853681,0.325423,0.10243222,0.4336549
68,1532,-0.24399513,0.111199826,-0.102622524,0.37665057,-0.4930785,-0.3094268,-0.64467883,-0.48600918,-0.6551211,-0.46273082,-0.13695994,-0.52171546,0.18100101,0.34641993,0.0858084,0.40691143
68,1533,-0.4298029,0.83492476,-0.7058667,-0.06711419,-1.4270699,0.7940321,-1.154635,0.29095632,-1.2642237,-1.0360173,-0.5196737,-0.7226544,1.1638052,0.8325542,-0.45753637,-0.36152858
68,1545,-0.17711218,-0.21277869,-0.04520814,0.48321438,-0.14549781,-0.7451263,-0.42858413,-0.62968194,-0.38423243,-0.31952098,0.0631561,-0.50911033,-0.10636497,0.18402426,0.19676547,0.5617419
68,1547,0.0974419,-0.29861584,0.39586782,0.038076364,0.80076814,0.5662309,-0.4630089,0.50509626,0.28298417,-0.006128907,-0.28858003,-0.29383898,-0.13554746,0.42539954,0.5787178,-0.4535792
68,1562,-0.09710836,-0.022014841,0.28726882,0.34182566,-0.4653591,-0.847636,0.027704515,-0.3816958,0.23531947,0.250135,0.3371626,-0.033598404,-0.401475,0.13257505,0.26669616,0.25195664
68,1569,-0.12323284,0.16650449,0.48838973,0.37033778,-0.55855244,-0.7310053,-0.017709516,-0.5120617,0.16138342,0.32031405,0.27196857,0.06314987,-0.4922037,0.13994509,0.39524505,0.3785689
68,1576,-0.43746588,0.87317264,-0.78762466,-0.117976636,-1.4900024,0.8643271,-1.1668311,0.36575925,-1.2803831,-1.0734468,-0.535359,-0.73561984,1.2446833,0.8604493,-0.52164644,-0.44971383
68,1586,-0.053482775,-0.08729343,0.2842864,-0.1849461,-0.7194699,0.06596774,0.535319,0.6748525,0.6198729,0.4502806,0.09429461,0.47744498,0.24453294,-0.1082979,-0.23822251,-0.5018102
68,1590,-0.4497006,-0.08681354,0.41643,-0.32469916,-0.36362642,0.28744975,0.42102906,0.8708117,0.22366688,-0.24873173,0.48934317,0.37521663,0.20339906,-0.71203417,-0.24354216,0.28589046
68,1592,-0.20357276,-0.46832716,-0.122673735,0.39142942,-0.057459563,-1.0889813,-0.17679226,-0.12105851,0.17245606,-0.25609365,0.5370869,-0.51977307,-0.2888985,0.1868366,0.23653877,0.24966866
68,1618,0.036774393,-0.4899773,-0.27018785,0.2919432,-0.12135002,-1.0630217,0.08563546,-0.22600378,0.28035232,0.03852524,0.3291729,-0.29215816,-0.105269305,0.12896892,-0.08942905,0.0013508126
68,1619,-0.089209735,-0.31103307,0.42227003,0.1763403,0.478223,-0.11326802,-0.3683552,0.43066084,0.40176323,-0.08206548,0.20816064,-0.37026423,-0.38960215,0.40239167,0.69784564,-0.2008091
68,1620,0.35591134,0.7838734,0.0062580854,-0.23806839,0.6811869,-0.014018923,0.35735372,-0.13650325,-0.7180273,-0.0018386394,0.053676635,0.23929022,-0.5712416,-0.61867064,-0.13995874,0.6276594
68,1621,0.061805103,-0.16290909,0.48795205,0.10918446,0.59853005,0.48259935,-0.4805508,0.27527303,0.13678905,0.02304697,-0.31417322,-0.23630834,-0.1624983,0.39580727,0.58797795,-0.26033968
68,1622,-1.7845225,-0.81442916,-1.865882,-0.28430676,0.534194,1.9519044,0.0019388273,-2.0177636,1.4812243,-0.13944095,0.9493384,0.58680946,0.56872463,-0.65392196,0.13600665,-0.033375874
68,1628,-0.111398704,0.070308656,0.3873097,0.35454953,-0.519641,-0.79673314,0.010788843,-0.43952975,0.20690125,0.28930074,0.31293714,0.016153764,-0.44916403,0.13471591,0.32898465,0.3097605
68,1635,0.7350957,0.0013514161,0.22624381,-0.022501022,0.49413535,0.32308486,0.12316487,-1.0306551,-0.35634786,0.5075369,-0.93042594,0.4873753,0.06175614,-0.12519751,-0.15283984,0.25154126
68,1639,0.7899752,2.2733226,-2.014251,-0.7046169,0.99974716,-0.26097566,0.7382831,0.5607804,-0.5259641,0.13593689,0.990634,-0.07696724,-1.427548,0.20273773,-0.15068014,-0.9036019
68,1645,0.22200483,-0.062654614,0.22531594,-0.034292653,-0.65226436,-0.15658513,0.523497,0.2760359,0.562771,0.7135481,-0.17980406,0.42668647,0.14789498,0.113401026,-0.20648214,-0.61753434
68,1649,-0.114700064,0.2809788,0.57803243,0.37981814,-0.58904785,-0.630136,-0.06324058,-0.61296326,0.06147986,0.34154525,0.17037037,0.106923506,-0.5046878,0.14613369,0.44061655,0.4540345
68,1652,-0.37604687,-0.17734438,0.34408653,-0.3325519,-0.24949299,0.23695347,0.40097868,0.8712697,0.13637918,-0.32063997,0.43149775,0.30531183,0.2689261,-0.7239042,-0.32243454,0.30196065
68,1655,-0.3417347,0.4838104,-0.32541633,0.18425295,-0.9431925,0.2497628,-0.9125664,-0.15291968,-0.95858383,-0.72014964,-0.32877582,-0.5970475,0.6207924,0.58459,-0.1239689,0.07729254
68,1663,0.027010284,-0.120889515,0.6858465,0.12106452,0.6007428,0.5120199,-0.5072476,0.37344044,0.24256548,0.058010124,-0.22608627,-0.19390708,-0.2809544,0.45221132,0.76630324,-0.2723518
68,1669,-0.08174298,-0.34443402,0.3727643,0.16953838,0.5051217,-0.12666261,-0.36368057,0.4446416,0.40592507,-0.1002357,0.20993894,-0.39416897,-0.371392,0.39929914,0.6708,-0.21955733
68,1673,0.16257009,-0.7833483,-0.6431603,0.26698273,0.12716255,-1.1603203,0.11663342,-0.20272738,0.26397994,-0.088697284,0.24757814,-0.44401446,0.1159989,0.13077731,-0.33881637,-0.14219321
68,1688,1.0367643,-0.35606962,-0.013512611,-0.031423137,0.81950474,0.22523895,0.090432175,-1.1184018,-0.46496207,0.41314903,-1.1697643,0.35957757,0.29850927,-0.06016852,-0.36460033,0.14616016
68,1701,-0.34996042,-0.0030026883,0.46717876,-0.29835373,-0.40901285,0.3195105,0.45629945,0.723125,0.22963059,-0.07879008,0.34757048,0.45970175,0.16838658,-0.6473294,-0.21962312,0.2340424
68,1711,0.30449665,-0.14399382,0.14751995,-0.038302332,-0.5749656,-0.17945567,0.53238934,0.24456576,0.526473,0.6962193,-0.2509698,0.39766333,0.21684954,0.11781331,-0.28654674,-0.6425751
68,1714,0.15167792,-0.42247587,0.2086861,0.0068277717,0.9877807,0.70828223,-0.5114377,0.5228992,0.22152019,-0.081275225,-0.41730967,-0.38381284,0.0036004186,0.42247927,0.46675983,-0.5327367
68,1728,0.68414915,1.9203109,-1.5165616,-0.6046631,0.8792957,-0.16960923,0.6803548,0.44506788,-0.52205837,0.13484687,0.76529634,0.028796334,-1.2024983,0.016796,-0.15893513,-0.5815431
68,1729,-0.05432097,-0.4079213,0.21556063,0.15973036,0.5303358,-0.17972073,-0.34663972,0.40775418,0.35608104,-0.14526963,0.17511666,-0.4490539,-0.2944395,0.37113923,0.55167025,-0.23041321
68,1739,0.03427708,-0.47818947,-0.25309187,0.30058897,-0.13548614,-1.0692486,0.08496102,-0.24727868,0.28062612,0.047929138,0.33497143,-0.28383836,-0.120900795,0.12955487,-0.07603468,0.018700987
68,1747,-0.4201222,0.82481694,-0.42601746,-0.008985817,-1.3020028,0.74154425,-1.1138426,0.31641853,-1.1724848,-0.91694593,-0.46528766,-0.655327,0.97087914,0.81021386,-0.26024345,-0.2848776
68,1754,-0.34996036,-0.0030026883,0.46717876,-0.29835373,-0.40901285,0.31951055,0.45629945,0.7231249,0.22963062,-0.07879008,0.34757054,0.45970175,0.16838658,-0.6473294,-0.21962312,0.2340424
68,1755,-0.19042806,0.11195427,0.5871037,0.2756616,-0.042390853,0.019134253,-0.5590439,0.12301925,-0.10539039,-0.1388576,-0.0028929114,-0.3034911,-0.2372717,0.43985844,0.6402503,0.08761765
68,1756,-0.43533093,0.8737229,-0.7693383,-0.10687931,-1.4856391,0.8541001,-1.1717921,0.35602993,-1.289297,-1.0720512,-0.5382359,-0.7368122,1.2333264,0.860189,-0.51097846,-0.43119985
68,1765,-0.040949304,-0.43707275,0.16008201,0.14177799,0.5526011,-0.19051924,-0.328413,0.43424052,0.36858106,-0.15403917,0.17133123,-0.46348292,-0.26984355,0.36350095,0.51054937,-0.26574022
68,1767,-0.17241973,-0.41531086,0.13684598,-0.33320284,0.06445664,0.05964285,0.31619075,0.8369553,-0.11266011,-0.5150409,0.26773274,0.084633395,0.4268565,-0.7229042,-0.5167598,0.3429376
68,1769,-0.44773173,0.59867644,0.06876922,0.021842346,-0.80743337,0.3850231,0.14771068,-0.71862066,0.4498088,0.5274576,0.24768195,0.57780564,-0.32134464,-0.0069462806,0.307803,0.011280984
68,1780,0.11992169,-0.6874986,-0.51830506,0.2757553,0.04343772,-1.1307709,0.10875898,-0.20993808,0.27407348,-0.044111952,0.2795149,-0.39246386,0.039285354,0.13061714,-0.25415215,-0.09555259
68,1781,0.035707954,0.12656398,0.4891076,-0.20623522,-0.3968668,0.29219273,0.49807575,0.25968993,0.132397,0.32572538,-0.1424815,0.57041574,0.13521945,-0.42213994,-0.23064074,0.0787241
68,1782,0.69801,-0.6882117,-0.38800985,-0.05697535,0.05821395,-0.4503378,0.36625004,0.12391931,0.08238258,0.26104444,-0.59942615,-0.034812618,0.6453637,0.11733693,-0.7525126,-0.6046487
68,1797,-0.1864422,0.060907453,0.47017902,-0.2404417,-0.3624379,0.26975867,0.4320252,0.47929043,0.1367011,0.059342705,0.13523445,0.46372154,0.13164955,-0.54515326,-0.20529148,0.21534228
68,1799,0.24681978,0.0014850944,0.2635618,-0.014424473,-0.6559739,-0.13890764,0.5187766,0.1524252,0.5141209,0.7575089,-0.24499592,0.454604,0.11069422,0.11591039,-0.17792211,-0.56306934
68,1805,0.78997517,2.2733226,-2.014251,-0.7046169,0.9997473,-0.26097566,0.73828304,0.56078047,-0.5259641,0.13593689,0.990634,-0.07696724,-1.4275483,0.20273773,-0.15068014,-0.9036019
68,1809,-0.19761977,-0.09764394,-0.04878138,0.45631826,-0.26462656,-0.6032217,-0.51091564,-0.5860497,-0.49238142,-0.3711431,-0.011814505,-0.5180254,-0.013610579,0.2428358,0.16660023,0.52550215
68,1812,-0.0004581185,-0.36765295,0.44449544,0.075284764,0.7294047,0.21475533,-0.39309826,0.6593642,0.506702,-0.0435929,0.06968489,-0.34936178,-0.33170727,0.4548512,0.72079945,-0.44027382
68,1824,0.3035279,0.3399917,0.23444855,0.08223911,-0.670249,-0.022150785,0.34282565,-0.58790886,0.17455941,0.7892022,-0.48692217,0.51085186,-0.065809645,0.15068164,-0.08293648,-0.20486929
68,1825,-0.010837694,-0.30852515,0.19635709,-0.29617083,0.2618341,0.04909876,0.29498315,0.55268705,-0.32721692,-0.45189375,0.084802836,0.10051869,0.33320516,-0.747424,-0.49053678,0.51402205
68,1826,0.35096648,0.3314224,-0.14252539,-0.3113314,0.5751505,-0.005029857,0.36670417,0.24275881,-0.54302067,-0.17335695,0.027762562,0.12052655,-0.15470065,-0.5498108,-0.3800214,0.35506684
68,1827,0.0974419,-0.29861587,0.39586782,0.038076356,0.80076814,0.5662309,-0.4630089,0.50509626,0.28298414,-0.006128907,-0.28858003,-0.29383898,-0.13554746,0.42539948,0.5787178,-0.4535792
68,1828,-0.209955,-0.074788585,-0.07352196,0.4466973,-0.29956436,-0.56239545,-0.53721756,-0.57214785,-0.5205888,-0.3984236,-0.025048584,-0.529708,0.023814686,0.2602238,0.14826685,0.50821173
68,1843,-0.07025877,0.1255826,0.5089796,-0.22536449,-0.43929893,0.31896207,0.49741682,0.36376148,0.18271917,0.26143208,-0.020592198,0.5721872,0.12950182,-0.4668814,-0.20638266,0.102952465
68,1866,-1.8772506,-0.47027087,-1.6529866,-0.31650937,0.30969778,2.1721425,-0.045682747,-2.0645885,1.4442279,-0.02904217,0.9531607,0.7458302,0.41446003,-0.6430919,0.30475467,0.028904714
68,1872,-0.09257765,0.6802715,0.46880507,0.11832924,-0.9549756,-0.09453553,0.23323494,-0.41096622,0.24645269,0.6297991,0.05762911,0.5030042,-0.42609528,0.108827025,0.26611865,0.028815359
68,1877,-0.45877427,-0.1057044,0.41270208,-0.3384083,-0.35622185,0.2997426,0.43166068,0.9077524,0.22774315,-0.2704077,0.5074427,0.37772262,0.21960267,-0.7350519,-0.2599969,0.29062998
68,1879,0.046827,0.030064613,0.75095457,0.15952805,0.4634203,0.6066133,-0.55189383,0.116557956,0.021382786,0.106502675,-0.4160596,-0.11172865,-0.21491125,0.41499585,0.71179026,-0.12447074
68,1906,-0.1768998,0.10063855,0.5283123,-0.26411712,-0.38319474,0.35224828,0.4918976,0.48321366,0.15922308,0.11519629,0.12252125,0.5518811,0.12344705,-0.5904432,-0.20699856,0.22756033
68,1926,0.23111625,0.27305728,0.28042275,0.06146156,-0.6920308,-0.09140545,0.38559777,-0.32895935,0.2907733,0.767972,-0.33254635,0.48603055,-0.07578607,0.13085091,-0.056870136,-0.28626812
68,1927,0.17341469,-0.820747,-0.68369544,0.2682758,0.15140855,-1.1805394,0.12288559,-0.19982907,0.2721849,-0.10106683,0.2518353,-0.460425,0.13440916,0.13120373,-0.36229494,-0.15635292
68,1960,0.715259,-0.667299,-0.37725443,-0.04490702,0.017249733,-0.4426692,0.41093782,0.09430659,0.14728406,0.3475967,-0.6061928,0.015814815,0.62026715,0.1389395,-0.7385849,-0.6536683
68,1973,-0.20995499,-0.0747886,-0.07352193,0.4466973,-0.29956436,-0.56239545,-0.53721756,-0.57214785,-0.5205888,-0.3984236,-0.025048569,-0.529708,0.023814686,0.2602238,0.14826684,0.5082118
68,1977,-0.23350538,0.04440827,0.48163635,-0.26813096,-0.37686282,0.30852363,0.45760813,0.56386286,0.16944432,0.02466853,0.19895959,0.48438737,0.14695916,-0.594235,-0.216773,0.22558686
68,1993,-0.40521717,-0.08528696,0.41974437,-0.32564282,-0.3944553,0.30526426,0.44967738,0.85299265,0.24828115,-0.18379796,0.4336453,0.41117102,0.22076368,-0.6858788,-0.2608619,0.23122297
68,2001,0.12816194,0.124134436,0.45208746,-0.28352267,0.7910818,0.16131225,0.29083905,0.076352715,-0.8268006,-0.45107704,0.029529244,0.24157406,-0.09568077,-1.0827081,-0.31679222,1.1816908
68,2003,-0.13546208,-0.7066376,-0.58606786,0.43866926,0.10722476,-1.2407866,-0.23075053,-0.34141046,-0.08055885,-0.4932148,0.41436142,-0.759069,-0.040565185,0.12970728,-0.073198125,0.3202598
68,2006,0.39670226,0.12551722,0.0014357418,0.14351672,-0.42226785,-0.12760001,0.22973323,-0.85252345,0.05139605,0.63092124,-0.60764706,0.3427353,0.06305819,0.18258658,-0.19430593,-0.106528565
68,2011,0.9570982,-0.23191428,0.058863416,-0.020599306,0.7791834,0.2704247,0.06970722,-1.1654038,-0.46911544,0.43552408,-1.112516,0.3969211,0.19703722,-0.08548276,-0.27743673,0.22388053
68,2031,-0.438304,0.8619359,-0.5266408,-0.036175847,-1.3838053,0.7984041,-1.1577035,0.34723502,-1.2367157,-0.98717046,-0.48782933,-0.6938953,1.0655555,0.8446628,-0.33164832,-0.33045632
68,2032,0.0154487295,-0.22413573,0.5849139,0.10279956,0.65768635,0.39141133,-0.45983136,0.49081683,0.35340416,0.017026007,-0.10220895,-0.25809115,-0.30484533,0.4527526,0.748873,-0.34161913
68,2034,-0.26863354,0.015999153,0.47287172,-0.28560466,-0.37902662,0.31812337,0.4641826,0.6321508,0.18752885,-0.018529326,0.24912807,0.47771195,0.16595033,-0.62303394,-0.23100731,0.22922681
68,2042,0.7507298,-0.74484694,-0.43616986,-0.063359335,0.09743947,-0.46452034,0.38511193,0.12466189,0.07795692,0.26063028,-0.6374918,-0.04575708,0.6925817,0.121856675,-0.806555,-0.6379945
68,2043,0.27152875,0.50769734,0.2370677,-0.27957046,0.80570817,0.10354552,0.35965526,-0.034867033,-0.8187884,-0.21945298,0.044387788,0.2726733,-0.3768845,-0.9099773,-0.24123871,0.954533
68,2047,-0.08465387,0.19432205,0.5616742,-0.21355002,-0.429652,0.3380461,0.4898499,0.30024022,0.15564144,0.27991682,-0.01714909,0.5965551,0.068011545,-0.48582232,-0.15651834,0.17096904
68,2050,0.14534657,-0.36034954,0.24779262,0.018623449,0.9048958,0.68866503,-0.5013369,0.45670164,0.18106928,-0.053319484,-0.4346416,-0.34491032,-0.0027592257,0.4077273,0.46013403,-0.48279053
68,2059,-0.08779774,-0.94652164,-1.0327833,0.1712896,0.32792434,-0.6942104,0.12356197,-0.5362023,0.43755874,-0.1689522,0.28762746,-0.3491371,0.32824278,-0.009557322,-0.40478674,-0.17434165
68,2063,-0.13125522,-0.71225035,-0.583711,0.43575573,0.10717961,-1.2483705,-0.22259542,-0.3277976,-0.065425724,-0.48625326,0.42329174,-0.75431854,-0.042714335,0.13082898,-0.07491715,0.30814543
68,2073,0.45768827,0.7748642,-0.52231336,-0.3973875,0.6832539,-0.05201167,0.45976308,0.2947173,-0.55199313,-0.089448884,0.22505492,0.09844558,-0.45332122,-0.40370888,-0.32192883,0.11187044
68,2080,-0.26487148,0.029296085,0.50177723,0.35542136,-0.36092386,-0.7127213,-0.15292273,-0.12933895,0.223692,0.09753943,0.46258348,-0.13034946,-0.51947117,0.21137634,0.55466753,0.3253284
68,2086,0.09231088,-0.15511149,0.27445108,0.10819324,0.49906817,0.40976813,-0.44412136,0.082033694,-0.04609465,-0.006871596,-0.44021642,-0.25742543,-0.009817943,0.312316,0.35314322,-0.18710537
68,2104,0.1753256,-0.5016815,0.2132568,-0.049022555,1.1436315,0.7984706,-0.5010327,0.7313927,0.36927405,-0.07726374,-0.38139808,-0.40060115,-0.016155005,0.46145952,0.5169998,-0.6926006
68,2106,-0.23606287,0.15274088,0.5845491,0.3873095,-0.45292783,-0.6485959,-0.17854917,-0.3188213,0.10827833,0.1633308,0.35189813,-0.05599422,-0.5245045,0.20529616,0.5624295,0.42463005
68,2107,-0.21395114,0.23217104,0.61725265,0.40144318,-0.51353097,-0.60470223,-0.19365397,-0.42994824,0.037157424,0.1990289,0.27944666,-0.013998877,-0.5197164,0.20561859,0.55528647,0.47044182
68,2123,-0.0930774,0.6856454,0.44828445,0.115603946,-0.94303596,-0.09507257,0.21622387,-0.4177149,0.22150049,0.60602576,0.050595015,0.4849597,-0.41980568,0.110048085,0.25851536,0.03651243
68,2124,-0.3674647,0.6402599,-0.4050334,0.08857951,-1.1226679,0.47342506,-0.98808134,0.0017956495,-1.0564855,-0.7926204,-0.41623205,-0.6018588,0.7955864,0.6657983,-0.2231282,-0.07879646
68,2134,1.1015812,-0.3811099,-0.05559115,-0.015873268,0.98723006,0.25410894,0.01980421,-1.302048,-0.5458169,0.39119428,-1.2383571,0.34265032,0.2775537,-0.05663599,-0.34283656,0.22206989
68,2143,-0.23221171,0.03531675,0.4650935,-0.25922728,-0.3712275,0.28277323,0.43939564,0.555983,0.16183504,0.013558194,0.19731158,0.45936647,0.14742452,-0.57725495,-0.21499422,0.22032684
68,2156,-0.25040197,-0.28600997,0.15399337,0.38224775,-0.1781757,-0.9618565,-0.1639061,-0.0746828,0.24795842,-0.11387077,0.56843907,-0.36652663,-0.41712677,0.20732182,0.40467614,0.2690265
68,2163,0.12816194,0.12413444,0.45208746,-0.28352267,0.7910818,0.16131225,0.29083905,0.076352715,-0.8268006,-0.45107704,0.029529244,0.24157403,-0.09568078,-1.0827081,-0.31679222,1.1816907
68,2166,0.23261651,0.19816867,0.29798794,0.044101834,-0.71028674,-0.13180539,0.4578592,-0.16410547,0.3894944,0.7987135,-0.27694935,0.49497262,-0.04441372,0.12398933,-0.08193627,-0.3825667
68,2177,-0.1785165,-0.5484722,-0.25003678,0.39731747,-0.002888143,-1.1400913,-0.18476017,-0.15060553,0.1246736,-0.31962234,0.51299006,-0.58805543,-0.22265655,0.17653629,0.15219669,0.24437279
68,2179,-0.11662707,0.25404355,0.5651065,0.3952189,-0.5961106,-0.6807942,-0.050496235,-0.6272385,0.09108383,0.34651273,0.21119884,0.10138619,-0.5224338,0.14620902,0.4425264,0.4611141
68,2185,0.16972858,-0.47855574,0.1977011,-0.02893351,1.0904635,0.7620131,-0.5039304,0.6499731,0.30946702,-0.082261994,-0.39891648,-0.3994868,-0.0022763908,0.44435364,0.48824313,-0.63444024
68,2202,-0.11435999,-0.4440512,0.11245398,-0.33292073,0.14037281,0.037587434,0.30716258,0.80045474,-0.17894289,-0.53621453,0.21309274,0.056957323,0.44802788,-0.7299085,-0.5518777,0.36811763
68,2226,0.7561572,2.3516865,-2.0836456,-0.73071724,0.9720218,-0.26512468,0.7674914,0.6305161,-0.48354673,0.13418794,1.0808651,-0.077619955,-1.4711211,0.2193955,-0.137731,-0.964289
68,2228,-0.13125522,-0.71225035,-0.583711,0.43575573,0.10717961,-1.2483706,-0.22259542,-0.32779762,-0.065425724,-0.48625326,0.42329174,-0.75431854,-0.042714335,0.13082898,-0.07491715,0.30814543
68,2243,0.81646174,-0.7744162,-0.48174196,-0.046857,0.1474438,-0.49905485,0.3849121,0.05573547,0.048146583,0.27692348,-0.70233667,-0.066184014,0.709911,0.14500038,-0.83858407,-0.6516784
68,2244,-0.0076954076,-0.44922197,0.33990288,0.06612551,0.75757563,0.10036084,-0.35873452,0.71860296,0.5613665,-0.087115765,0.15188459,-0.40813592,-0.32955948,0.4467612,0.68006915,-0.47596908
68,2252,0.054976262,0.07709069,0.90307945,0.16541639,0.52364933,0.78979194,-0.6293511,0.1323592,0.010889582,0.13315444,-0.48988995,-0.0713857,-0.23615208,0.4621423,0.825318,-0.13105711
68,2271,0.12816195,0.124134436,0.45208746,-0.28352267,0.7910818,0.16131231,0.29083905,0.076352715,-0.8268006,-0.45107704,0.029529244,0.24157403,-0.09568078,-1.0827081,-0.31679222,1.1816907
68,2289,0.78832465,-0.7587433,-0.47231668,-0.04195951,0.13729194,-0.5037037,0.37189132,0.05756539,0.052701972,0.26662406,-0.675326,-0.07216022,0.6893708,0.14374368,-0.8158028,-0.63609385
68,2310,-0.0890992,0.18158138,0.56058437,-0.22480066,-0.4340701,0.3522108,0.5040715,0.3302728,0.16837984,0.27481768,-0.006990388,0.6062133,0.08261823,-0.49891937,-0.16977148,0.16299132
68,2317,0.17341468,-0.820747,-0.68369555,0.2682758,0.15140855,-1.1805394,0.12288562,-0.19982907,0.27218488,-0.10106683,0.25183535,-0.46042496,0.13440916,0.13120373,-0.36229494,-0.15635292
68,2321,0.2571173,0.40144956,0.32891512,-0.25832033,0.8020742,0.11289188,0.327781,-0.0687346,-0.8387948,-0.24862847,-0.012622431,0.27276254,-0.3094863,-0.9473872,-0.2521541,1.0340635
68,2326,-0.31006938,0.5492691,0.10799034,0.14955147,-0.76974785,0.39631513,-0.8580493,0.13915586,-0.7439568,-0.52369136,-0.29615855,-0.45554116,0.40208533,0.6190948,0.1610584,-0.03580019
68,2346,-0.44601557,0.8805295,-0.7217278,-0.093728065,-1.4780307,0.8589952,-1.1811038,0.3641379,-1.2870294,-1.0657486,-0.52447486,-0.7335115,1.2083486,0.86615187,-0.47204104,-0.41616124
68,2364,0.30352783,0.3399917,0.23444855,0.082239114,-0.670249,-0.022150785,0.34282562,-0.58790886,0.17455944,0.7892022,-0.48692214,0.51085186,-0.065809645,0.15068164,-0.082936466,-0.20486929
68,2381,0.05911116,0.07812023,0.8233841,0.16209993,0.4615642,0.70107496,-0.5883047,0.08419639,-0.022489823,0.12822434,-0.48955837,-0.07670638,-0.20267199,0.42727017,0.74001753,-0.1109615
68,2390,-0.44636682,0.87020123,-0.54696274,-0.039844677,-1.4026792,0.81678355,-1.1737363,0.34935677,-1.2528257,-1.0059042,-0.49218786,-0.70364594,1.0868666,0.8540738,-0.34290877,-0.33748412
68,2394,-0.10561933,0.26648426,0.6127997,-0.19839002,-0.42981467,0.3526205,0.47789523,0.23633868,0.13543281,0.30062613,-0.008132756,0.61867964,0.0029770657,-0.49732196,-0.100446224,0.23249418
68,2395,0.39207184,0.50757825,-0.25474155,-0.31460297,0.5895978,-0.038839012,0.37662914,0.20154095,-0.54499,-0.10911092,0.0694831,0.11123903,-0.2832891,-0.4643368,-0.32789332,0.26821837
68,2404,-0.02302327,-0.46988165,0.22384527,0.092542276,0.67553234,-0.06493944,-0.3298885,0.617265,0.4974629,-0.12822407,0.18601272,-0.44917575,-0.30059367,0.40607208,0.58744437,-0.4009952
68,2409,-0.04997621,0.14260802,0.52638036,-0.22936289,-0.4337144,0.3414916,0.51625556,0.34279853,0.1769427,0.28905424,-0.0440823,0.6003748,0.12254896,-0.47751427,-0.20826402,0.11061643
68,2414,0.37523597,-0.25311086,0.036936864,-0.042100936,-0.44504836,-0.23566023,0.49426964,0.22018361,0.440156,0.6019311,-0.31063128,0.30744743,0.29891363,0.118761264,-0.37421167,-0.6307211
68,2418,0.65372545,1.8062426,-1.3918121,-0.5828213,0.8542646,-0.14548051,0.66267186,0.42737347,-0.5228682,0.11744151,0.7093369,0.04917476,-1.1275247,-0.038813442,-0.17153803,-0.49490345
68,2430,-0.4038675,0.8017651,-0.37862128,0.0027726293,-1.256659,0.6967536,-1.077179,0.29981357,-1.1329843,-0.8722781,-0.45298243,-0.6314632,0.9182493,0.7852895,-0.23197675,-0.2625571
68,2440,-0.050938703,-0.46500283,0.09987741,-0.33722085,0.24530944,0.025924057,0.30134362,0.75301933,-0.26997906,-0.5676206,0.15636256,0.034403462,0.46197727,-0.76011735,-0.5877457,0.42715305
68,2450,0.2520565,-0.046942174,0.23795748,-0.029733017,-0.66332006,-0.14356613,0.5474967,0.23147476,0.5630691,0.75933665,-0.2195296,0.4570165,0.14508215,0.11737292,-0.21091568,-0.622733
68,2457,0.41500416,0.6000999,-0.34599537,-0.3429889,0.6217563,-0.04337558,0.40573168,0.23352191,-0.54714006,-0.101334065,0.1225242,0.10745783,-0.34231514,-0.4434492,-0.32563952,0.21455267
68,2474,0.4751967,1.2462426,-0.5702452,-0.3654862,0.75258553,-0.07959011,0.46917906,0.019857436,-0.6593738,0.06750792,0.32404846,0.16791546,-0.8480423,-0.38010967,-0.120334834,0.18579671
68,2482,0.13025491,-0.7273797,-0.56045705,0.27705735,0.06841135,-1.1541717,0.11467569,-0.20400798,0.28246903,-0.0584334,0.28584942,-0.41134787,0.058141105,0.13151337,-0.27832615,-0.11045703
68,2488,-0.12932833,0.363006,0.6234603,0.39294535,-0.6208607,-0.5417791,-0.13723534,-0.6536915,-0.043065898,0.31522352,0.10986298,0.10453111,-0.4936562,0.16992763,0.4742406,0.50114125
68,2489,-0.114015795,-0.16938958,0.5697011,0.2134039,0.35254613,-0.04512742,-0.4155085,0.31639892,0.2997625,-0.04152213,0.14713159,-0.2968749,-0.4067549,0.40821856,0.7551438,-0.09685038
68,2490,-0.100868076,-0.2512114,0.49774295,0.19472098,0.42769328,-0.08875543,-0.3846023,0.37859327,0.36932707,-0.057415217,0.18985307,-0.33262962,-0.40978253,0.40382707,0.73419434,-0.1514763
68,2520,0.06788879,-0.55218834,-0.34891993,0.29073316,-0.070757985,-1.0889535,0.09399723,-0.23649025,0.27543944,0.01638548,0.30919886,-0.3217976,-0.06108568,0.13017428,-0.1424066,-0.023432486
68,2521,0.47661093,-0.37910962,-0.087642565,-0.045380756,-0.30741826,-0.2939249,0.4719577,0.18642592,0.3558941,0.5260597,-0.39734805,0.22297911,0.397765,0.12358558,-0.48488173,-0.6396852
68,2543,-0.120344594,0.36337218,0.60970813,0.40692288,-0.612801,-0.54051685,-0.17279455,-0.6965413,-0.1008736,0.28917342,0.07756579,0.08034043,-0.47476056,0.17683081,0.46562946,0.5301017
68,2547,-2.020883,-0.6845008,-1.8818196,-0.34694582,0.4848363,2.3353484,-0.035062864,-2.2064228,1.5875626,-0.10054651,1.0251098,0.7443309,0.54598945,-0.7266706,0.26300278,0.007280752
68,2552,-0.39136955,0.7125592,-0.5119358,0.03158401,-1.2334784,0.5936729,-1.0508723,0.110533714,-1.1326842,-0.8823818,-0.45399112,-0.6463889,0.93020123,0.72815895,-0.30610818,-0.18293492
68,2571,-0.32606304,-0.2324948,0.2985502,-0.3354488,-0.18026765,0.20307174,0.38785407,0.86622536,0.082620226,-0.35989565,0.39017326,0.26180565,0.30880678,-0.72603834,-0.37081745,0.30762917
68,2573,-0.05646038,-0.24888307,0.16249302,-0.1932451,-0.675084,-0.04735288,0.5164267,0.84264696,0.6714602,0.35462093,0.17808473,0.3644038,0.32268494,-0.08010332,-0.31040153,-0.6032345
68,2580,-0.042995423,0.44786465,0.48558116,0.13583387,-0.83485544,-0.1913565,0.29496965,-0.3102317,0.35344172,0.66731113,0.051092416,0.4715387,-0.3576305,0.09765232,0.23051363,-0.044856854
68,2592,-0.43533093,0.873723,-0.76933837,-0.10687931,-1.485639,0.8541001,-1.1717921,0.35603,-1.2892969,-1.0720514,-0.5382359,-0.7368122,1.2333262,0.86018896,-0.51097834,-0.43119985
68,2599,0.027010288,-0.120889515,0.6858465,0.121064514,0.6007427,0.5120199,-0.5072477,0.3734405,0.24256551,0.058010124,-0.22608627,-0.19390711,-0.28095442,0.45221138,0.7663032,-0.2723518
68,2607,-0.46756953,-0.079420745,0.43237263,-0.33428383,-0.39678934,0.31444272,0.4416816,0.8996618,0.25804323,-0.23293039,0.5082541,0.40358204,0.20419711,-0.72102016,-0.24054095,0.27072468
68,2623,0.027010288,-0.120889515,0.68584645,0.121064514,0.6007427,0.5120199,-0.5072477,0.3734405,0.24256548,0.058010124,-0.22608627,-0.1939071,-0.2809544,0.45221138,0.76630324,-0.2723518
68,2628,-0.027842514,-0.24335453,0.022547558,0.3272829,-0.30914557,-0.9656725,0.05690308,-0.33794442,0.2534478,0.15574896,0.33303815,-0.15404296,-0.26801082,0.13016301,0.097155735,0.1476042
68,2632,-0.12047191,0.35921976,0.60767776,0.41400123,-0.6046975,-0.540176,-0.19014795,-0.70932734,-0.12346893,0.27468774,0.06857413,0.067255065,-0.4679204,0.1802967,0.46702746,0.5445324
68,2645,-0.13657737,-0.7005329,-0.55025786,0.4559251,0.085470766,-1.2625233,-0.23494622,-0.36351424,-0.069774225,-0.47926158,0.43202287,-0.7480584,-0.06699389,0.13784444,-0.04443447,0.34157485
68,2648,-0.033193506,-0.07599181,0.2814682,-0.17395814,-0.6941238,0.054257244,0.5153199,0.62047565,0.57596517,0.44486827,0.057057887,0.46191308,0.23856345,-0.10238503,-0.23633996,-0.47419524
68,2650,0.96195656,-0.25524947,0.030721173,-0.010437712,0.80878127,0.24654922,0.038098246,-1.1882625,-0.48282212,0.41109535,-1.1154385,0.36354792,0.20129299,-0.066505685,-0.27411345,0.22471353
68,2688,0.03570795,0.12656398,0.48910755,-0.20623519,-0.3968668,0.2921928,0.49807575,0.2596899,0.13239703,0.32572538,-0.1424815,0.57041574,0.13521945,-0.42213988,-0.23064074,0.0787241
68,2703,0.95775527,-0.31336203,0.040764168,-0.048353374,0.6450386,0.20794907,0.16168293,-0.93115866,-0.3788829,0.43640116,-1.083812,0.38654965,0.30325398,-0.07209453,-0.3738725,0.0816072
68,2704,0.2316169,0.054726154,0.36699408,-0.15935142,-0.121507615,0.29722843,0.37650523,-0.11092888,0.0008535534,0.35756922,-0.36007762,0.5255377,0.13966185,-0.32950336,-0.22450176,0.10798079
68,2709,-0.11612682,0.1867464,0.49716997,0.36856398,-0.55906665,-0.7108229,-0.025550514,-0.53408474,0.13692361,0.32314783,0.24158958,0.06944302,-0.48731253,0.13926102,0.39433455,0.38917106
68,2722,0.6927412,-0.25680834,0.09423926,-0.072254136,0.2554358,0.08844867,0.25957832,-0.49208766,-0.17291465,0.40178904,-0.79906946,0.3515062,0.3129599,-0.082493395,-0.37225226,-0.053640977
68,2725,-0.25040197,-0.28600994,0.15399337,0.38224775,-0.17817569,-0.9618565,-0.1639061,-0.0746828,0.24795842,-0.11387077,0.56843907,-0.36652663,-0.41712672,0.20732182,0.40467614,0.26902652
68,2729,-0.085395046,0.14859277,0.5299417,-0.22533737,-0.44752395,0.3334017,0.5006573,0.35770726,0.18652248,0.26782355,-0.007662222,0.587146,0.11059313,-0.4773882,-0.188941,0.12078455
68,2730,0.04459419,0.03409712,0.46293944,-0.26991647,0.7068187,0.13111153,0.24422246,0.13759062,-0.76353073,-0.51182,0.06968814,0.19098605,-0.0239143,-1.0482094,-0.3058302,1.1584871
68,2732,0.7406498,2.1296382,-1.7974745,-0.6543669,0.9376745,-0.22626604,0.7084366,0.5005579,-0.51950186,0.14481825,0.8920509,-0.033343963,-1.3373381,0.13317482,-0.14585595,-0.7702351
68,2734,0.47371456,-0.38567948,-0.0996563,-0.0414982,-0.28733715,-0.30792665,0.45188418,0.17703578,0.33325395,0.49975702,-0.3969785,0.19961025,0.39871213,0.12335639,-0.48553362,-0.62196785
68,2735,0.6606813,2.3962655,-2.1539562,-0.74581707,0.8429531,-0.29339463,0.7755094,0.72612685,-0.37246796,0.124186106,1.2038229,-0.09347364,-1.4792553,0.28317124,-0.10111469,-1.0740895
68,2765,-0.07781027,-0.48210555,0.090657555,-0.34437603,0.19764218,0.03242761,0.31138194,0.80620384,-0.2198331,-0.5656847,0.186059,0.040809486,0.47921088,-0.75154483,-0.5928091,0.3842582
68,2767,-0.14667822,0.028304353,0.5648721,0.25390244,0.061293542,-0.045728415,-0.4689012,0.11377087,0.018225677,-0.070099145,0.020888448,-0.26830927,-0.29011032,0.39039087,0.6353201,0.05415722
68,2786,-0.11911592,0.31496882,0.617747,0.3927976,-0.6063293,-0.6079993,-0.07995046,-0.650283,0.037548475,0.35105765,0.1565566,0.121916845,-0.5213688,0.15106106,0.46908903,0.48811084
68,2793,0.60045356,-0.5446611,-0.25623852,-0.044212,-0.1220022,-0.38874835,0.42843577,0.14574113,0.23609531,0.4102901,-0.5021211,0.09257069,0.52172315,0.13252479,-0.62531495,-0.6439237
68,2800,-0.35321093,0.69203615,-0.12255268,0.07960466,-1.0317142,0.539678,-0.9610893,0.19491446,-0.9587542,-0.6851266,-0.39196697,-0.5297923,0.66289157,0.6914206,-0.044567462,-0.13145643
68,2801,-0.428251,0.84565985,-0.72714543,-0.083005756,-1.4437549,0.80937886,-1.1524272,0.31414688,-1.2659925,-1.0415598,-0.525892,-0.72321606,1.1846101,0.8378118,-0.47844383,-0.38813716
68,2802,-0.0024124729,-0.28419128,0.20329773,-0.2808144,0.25138423,0.037300497,0.28406852,0.510885,-0.3299475,-0.42539048,0.06625083,0.10047549,0.31237683,-0.7224447,-0.46977243,0.50959563
68,2803,0.38863552,0.34964985,0.115335904,0.11041507,-0.57887995,0.02643022,0.27086452,-0.91856253,0.025094546,0.7584019,-0.668006,0.49181864,-0.013606474,0.17060646,-0.14181168,-0.09449853
68,2804,-0.79441035,0.4756859,-0.40679222,-0.0799728,-0.59884465,0.8548758,0.028113797,-1.0454059,0.60515577,0.36316195,0.40547562,0.599671,-0.16717148,-0.124697745,0.30265453,-0.0039329007
68,2816,-0.11748931,0.28790098,0.5895948,0.38831323,-0.5961927,-0.6317903,-0.06952111,-0.6290858,0.055954166,0.34335423,0.17365587,0.109196305,-0.5137257,0.14877892,0.45216718,0.4692201
68,2822,-0.04299542,0.44786465,0.48558116,0.13583387,-0.83485544,-0.1913565,0.29496965,-0.3102317,0.35344172,0.66731113,0.051092416,0.4715387,-0.3576305,0.09765232,0.23051363,-0.044856854
68,2824,0.7519054,-0.72617,-0.4402091,-0.041260317,0.09385389,-0.4862507,0.38120848,0.07436517,0.09060859,0.2887391,-0.6372685,-0.04561677,0.65943265,0.14156836,-0.78256524,-0.639224
68,2826,0.4560613,0.21366614,-0.04425706,0.13197732,-0.42347544,-0.045989394,0.21245441,-1.0220287,-0.05309603,0.6568749,-0.74267924,0.3784884,0.079413824,0.18684457,-0.2321732,-0.071286514
68,2836,-0.45207337,-0.07797021,0.43077117,-0.33110452,-0.40355074,0.31331345,0.44508228,0.8866111,0.26115224,-0.21372914,0.4881627,0.40891272,0.20717362,-0.7080401,-0.24345466,0.25494185
68,2842,-0.24399516,0.111199826,-0.10262255,0.37665057,-0.4930785,-0.30942684,-0.64467883,-0.4860092,-0.6551211,-0.46273077,-0.13695994,-0.5217154,0.18100107,0.34641987,0.0858084,0.40691143
68,2847,-0.07734853,-0.4074785,0.045647606,-0.18856259,-0.64834565,-0.18414015,0.49395797,1.0259987,0.75963765,0.27521318,0.30166894,0.24523972,0.3746985,-0.03309445,-0.35705796,-0.72914034
68,2866,0.0389804,-0.033890992,0.750642,0.13799424,0.54108095,0.59528947,-0.5398834,0.2554638,0.13650393,0.09130201,-0.33385593,-0.1410892,-0.25303918,0.44265908,0.7606041,-0.20530502
68,2875,-0.023978923,-0.4926287,0.23878786,0.08887738,0.7220627,-0.038130015,-0.34243116,0.6640082,0.53154206,-0.13513345,0.20210308,-0.46067396,-0.31504196,0.42321402,0.62120444,-0.42759913
68,2900,-0.04571282,-0.38433045,0.06158331,-0.19733457,-0.6400674,-0.1441732,0.50664896,0.9767338,0.7209034,0.29312047,0.23826808,0.27587137,0.3872857,-0.047640204,-0.3718035,-0.7027755
68,2902,0.32092205,0.35644603,0.20751326,0.0885977,-0.65190625,0.0011011958,0.32081118,-0.68416226,0.13179457,0.7851962,-0.53524745,0.5118202,-0.05897841,0.15399714,-0.0923703,-0.17162853
68,2923,-0.13322422,-0.6841888,-0.57232183,0.43486,0.09523368,-1.2200308,-0.23097691,-0.35436276,-0.09235404,-0.481371,0.39347845,-0.7445317,-0.038126845,0.12653963,-0.07401878,0.3241784
68,2924,-0.450663,-0.0680799,0.42967683,-0.32067668,-0.40667513,0.29902515,0.4327847,0.86481225,0.257305,-0.20676985,0.48220652,0.39996016,0.19552535,-0.6916105,-0.23097566,0.25355875
68,2925,-0.21513624,-0.35233647,0.18548289,-0.32661432,-0.012993723,0.09469554,0.33093983,0.82841074,-0.055832297,-0.4594761,0.29667336,0.13438721,0.38390872,-0.71138716,-0.46476504,0.32926142
68,2942,-0.19645154,-0.51936543,-0.19427095,0.40485913,-0.029391944,-1.1312946,-0.18675978,-0.14642556,0.14429945,-0.2986011,0.53777075,-0.56503063,-0.2585215,0.18258561,0.19698311,0.26133886
68,2949,-0.20222074,0.2667251,0.626953,0.40749264,-0.53938687,-0.58312255,-0.20232823,-0.48481378,-0.0048212856,0.21223718,0.23778221,0.002729945,-0.50975835,0.20326251,0.54463965,0.49332905
68,2958,-0.08779773,-0.94652164,-1.0327832,0.1712896,0.32792428,-0.6942104,0.12356197,-0.5362023,0.4375588,-0.16895223,0.28762746,-0.3491371,0.32824278,-0.009557314,-0.40478674,-0.17434165
68,2964,0.11225178,-0.42294842,-0.009075671,-0.1540124,-0.5149315,-0.22340232,0.46919134,0.78736126,0.59269494,0.31578082,0.06131044,0.21106996,0.41546062,0.011346094,-0.42525247,-0.6968816
68,2967,0.21216935,0.21474883,0.3058365,0.0479185,-0.7074335,-0.13344756,0.43596646,-0.1729374,0.37373102,0.778402,-0.26229477,0.48369458,-0.061696693,0.12105764,-0.062447574,-0.35575396
68,2992,0.53665525,0.0131147355,0.27900177,-0.08444838,0.2540076,0.3258327,0.23183814,-0.6568129,-0.20997843,0.44646177,-0.7040937,0.5102147,0.10386137,-0.21498697,-0.19066298,0.1910033
68,2997,-0.11327639,0.18611677,0.5667383,-0.22495063,-0.38383266,0.34266868,0.4797546,0.32560813,0.12222896,0.21685079,0.025508806,0.5802621,0.06103573,-0.53691304,-0.15799673,0.23732623
68,2998,-0.17594986,-0.27202716,-0.10570221,0.4914251,-0.115900844,-0.8116121,-0.41577035,-0.6252171,-0.36199358,-0.34648204,0.104588866,-0.5450277,-0.10599725,0.17791413,0.17563342,0.5593195
68,3000,-0.3429383,0.6753309,-0.088387,0.08976247,-0.9995512,0.5090101,-0.9376979,0.17907098,-0.93213665,-0.65464646,-0.38315442,-0.51356405,0.6251873,0.67414314,-0.023046885,-0.11274178
68,3002,0.0081908,-0.27418295,0.5184669,0.088679284,0.6605376,0.29182842,-0.4156898,0.5531791,0.4159877,-0.0014606118,-0.025343612,-0.28835523,-0.31454602,0.44456327,0.72032875,-0.37877536
68,3020,-0.3614419,-0.991493,-1.2359604,0.08876795,0.4245049,-0.248696,0.11596691,-0.81080526,0.6070645,-0.1958189,0.37337673,-0.21413913,0.42608246,-0.13445608,-0.3618385,-0.15531111
68,3029,-0.13424954,-0.70410407,-0.5837483,0.43798494,0.1047945,-1.239407,-0.22936958,-0.34239385,-0.0802404,-0.4900176,0.41248542,-0.7558183,-0.040356703,0.12920266,-0.0741052,0.3194158
68,3034,-0.09710835,-0.022014841,0.28726882,0.34182566,-0.4653591,-0.847636,0.0277045,-0.3816958,0.23531947,0.250135,0.33716267,-0.0335984,-0.40147504,0.13257505,0.26669616,0.25195664
68,3041,-1.4309858,0.020212024,-1.1098331,-0.22210334,-0.1350396,1.650971,-0.03812694,-1.6326215,1.0718815,0.14607514,0.72719353,0.7035673,0.13102463,-0.40661925,0.32584107,0.016770426
68,3044,-0.13883863,-0.64901394,-0.5467788,0.4490282,0.07399252,-1.191677,-0.25413486,-0.4139576,-0.1369257,-0.47921222,0.35898352,-0.7356744,-0.039243817,0.12634948,-0.058987964,0.36789215
68,3052,-0.07734854,-0.40747845,0.045647636,-0.18856256,-0.64834565,-0.18414013,0.49395797,1.0259986,0.75963765,0.27521318,0.30166897,0.24523969,0.3746985,-0.033094436,-0.35705796,-0.72914034
68,3060,-0.4235029,-0.12343866,0.387219,-0.32798153,-0.32245886,0.26741377,0.41318431,0.87480104,0.19304845,-0.27736333,0.4695906,0.34756732,0.22990316,-0.7157466,-0.27428353,0.28935367
68,3068,-0.26891154,-0.27391136,0.25377858,-0.32631916,-0.11011428,0.15489563,0.3620324,0.8292546,0.019301869,-0.38811445,0.33529258,0.2104619,0.3347547,-0.71064854,-0.40576705,0.31510913
68,3072,-1.8772507,-0.47027087,-1.6529865,-0.31650937,0.30969784,2.1721425,-0.04568275,-2.0645885,1.4442279,-0.02904217,0.9531607,0.7458302,0.41446003,-0.6430918,0.30475467,0.028904714
68,3079,-0.099784456,0.64000463,0.5019193,0.12177949,-0.94284153,-0.10679942,0.25212955,-0.3678879,0.29011506,0.64797187,0.07926983,0.5096053,-0.42819744,0.10210919,0.28008768,0.013206437
68,3093,0.46565792,0.15434124,-0.08613013,0.14204577,-0.35726696,-0.07929954,0.17267984,-1.0289733,-0.08515127,0.59897244,-0.7599236,0.3165553,0.11389775,0.19508922,-0.25285167,-0.058087155
68,3101,-0.23606285,0.15274088,0.5845491,0.3873095,-0.45292783,-0.6485959,-0.17854916,-0.3188213,0.10827833,0.1633308,0.35189807,-0.055994224,-0.52450454,0.20529617,0.5624295,0.4246301
68,3104,0.3339809,-0.5610364,-0.16360833,-0.13472636,-0.3154544,-0.30234843,0.45998493,0.6139577,0.44871023,0.30140913,-0.16336444,0.13006997,0.5324887,0.04802664,-0.57534605,-0.7149974
68,3108,0.17408966,-0.49687052,0.20432223,-0.054027036,1.1212085,0.76860166,-0.48235574,0.73498225,0.3778504,-0.071330056,-0.3684637,-0.39453763,-0.01788839,0.45393258,0.50273144,-0.6958138
68,3109,-0.07004094,-0.45469677,0.090906255,-0.31909114,0.18273646,0.0026940107,0.28643632,0.74993026,-0.22394712,-0.5374315,0.16464803,0.026807915,0.45163462,-0.7083409,-0.56275636,0.37372255
68,3112,0.531728,-0.63703424,-0.28612036,-0.0959132,-0.119288206,-0.37710232,0.4195238,0.36296302,0.268724,0.28859296,-0.39244416,0.049616743,0.59767944,0.08591718,-0.67461836,-0.67100763
68,3114,-0.114015795,-0.16938955,0.5697011,0.2134039,0.35254613,-0.04512742,-0.4155085,0.31639892,0.2997625,-0.041522115,0.14713162,-0.2968749,-0.4067549,0.40821856,0.7551439,-0.09685038
68,3119,-0.45834172,0.57728475,-0.017161593,0.010075815,-0.75957704,0.39453462,0.10626375,-0.7308231,0.4114478,0.46404445,0.23805976,0.5273031,-0.2829554,-0.006221026,0.27462465,0.0065948665
68,3123,0.6471975,2.2579465,-1.8916317,-0.6843833,0.83892643,-0.24165632,0.7495539,0.5968792,-0.42774105,0.15450725,1.0550523,-0.023933243,-1.4134972,0.15879631,-0.106388226,-0.8723572
68,3145,-0.21513624,-0.35233647,0.18548289,-0.32661432,-0.012993723,0.09469557,0.33093986,0.82841074,-0.0558323,-0.45947605,0.29667336,0.1343872,0.38390872,-0.71138716,-0.46476504,0.32926142
68,3160,-0.17711219,-0.21277863,-0.04520814,0.48321438,-0.1454978,-0.74512625,-0.4285841,-0.62968194,-0.38423243,-0.31952095,0.06315613,-0.50911033,-0.10636498,0.18402424,0.19676547,0.56174195
68,3164,-0.06149856,-0.39447963,0.2643067,0.16205218,0.53624916,-0.15230098,-0.35719785,0.42620218,0.37440956,-0.13407913,0.18380442,-0.43602204,-0.31767058,0.38347685,0.59331876,-0.2326764
68,3165,0.22777845,0.0058569014,0.26818484,0.040744133,-0.61651385,-0.24106579,0.46063086,0.0609318,0.456957,0.7153894,-0.21126154,0.3867171,0.04157459,0.12721471,-0.12705705,-0.46912783
68,3167,0.050209258,0.029802859,0.8394953,0.1491782,0.53380287,0.71171916,-0.5867646,0.19542852,0.072485186,0.11906538,-0.42354992,-0.09817776,-0.24333593,0.45442265,0.7974369,-0.1717941
68,3168,0.10237546,-0.64954424,-0.4578066,0.29810143,-0.0053440034,-1.1469266,0.10959215,-0.25113395,0.28886113,-0.013677895,0.3124079,-0.36463627,-0.014435716,0.13192952,-0.20561305,-0.05161047
68,3179,-0.051491056,-0.45842957,0.20466866,0.14608169,0.60614383,-0.156887,-0.35327438,0.48958075,0.4141042,-0.16201413,0.20380306,-0.47568735,-0.30442795,0.39088047,0.57830536,-0.2854188
68,3184,-1.9622049,-0.7237248,-1.8946666,-0.3321153,0.50091004,2.2383523,-0.02552063,-2.1595287,1.5666833,-0.112508595,1.0124061,0.7019614,0.554648,-0.7073888,0.22661586,-0.0099626705
68,3189,-0.12412958,0.36991006,0.6243129,0.41318274,-0.6217569,-0.5439733,-0.17040268,-0.70688367,-0.09367393,0.2978896,0.087461054,0.08869751,-0.48870564,0.17748067,0.47891286,0.540462
68,3194,-0.1466826,-0.7125924,-0.5247663,0.44398296,0.0923799,-1.2693493,-0.21988118,-0.28917977,-0.007982932,-0.4675616,0.4788146,-0.74026364,-0.0925514,0.14725481,-0.017159153,0.30260414
68,3211,0.07756819,-0.21979335,0.45199728,0.06914154,0.6806935,0.50962305,-0.45713753,0.4000609,0.22411767,0.01983893,-0.28906652,-0.25332615,-0.15822457,0.4079798,0.58415025,-0.36162847
68,3215,0.153663,-0.51969796,0.2073237,-0.052062914,1.1108261,0.6841761,-0.45907226,0.7872677,0.44199964,-0.079515085,-0.28043765,-0.40855137,-0.06192097,0.4603244,0.53048354,-0.70703685
68,3219,0.59567565,-0.6955189,-0.33871377,-0.10023239,-0.070457816,-0.39234638,0.43643776,0.34744716,0.25351948,0.28916442,-0.44501328,0.036714215,0.6478145,0.09178719,-0.7333597,-0.7007059
68,3245,-0.072302185,-0.34799868,0.3373374,0.16633834,0.5034059,-0.12563598,-0.36094067,0.42109442,0.37927672,-0.10511047,0.18369275,-0.3993707,-0.3448146,0.38860667,0.6345066,-0.21701874
68,3255,0.28137645,0.08874798,0.047273636,-0.26873147,0.5163311,0.015431881,0.31635752,0.23985833,-0.5313807,-0.23244888,-0.057260305,0.122399956,0.010260627,-0.6293024,-0.41610843,0.47614217
68,3256,-0.07734853,-0.4074785,0.045647636,-0.18856259,-0.6483456,-0.18414013,0.49395797,1.0259986,0.75963765,0.27521318,0.30166897,0.24523969,0.3746985,-0.03309445,-0.35705796,-0.72914034
68,3262,-0.27944702,-0.17483076,0.3114251,0.3684849,-0.24573521,-0.87588644,-0.1491774,-0.030748278,0.2941202,-0.027683377,0.58840996,-0.27279142,-0.48685414,0.21595052,0.4955934,0.2707433
68,3278,-1.8772507,-0.47027093,-1.6529865,-0.31650937,0.3096979,2.1721425,-0.04568275,-2.0645885,1.4442279,-0.029042184,0.9531607,0.7458302,0.41446003,-0.64309186,0.3047547,0.028904714
68,3279,-0.13125524,-0.7122504,-0.5837111,0.43575573,0.10717964,-1.2483706,-0.22259542,-0.3277976,-0.065425724,-0.48625326,0.4232918,-0.75431854,-0.042714335,0.13082898,-0.07491715,0.30814543
68,3281,0.042328537,-0.0149330795,0.76670194,0.14234887,0.5318701,0.620352,-0.5506947,0.22810492,0.11056597,0.097938344,-0.36161214,-0.12991077,-0.24575385,0.44176143,0.7612967,-0.19009252
68,3293,0.26254028,-0.017934665,0.25164956,-0.016863436,-0.65739274,-0.14391014,0.5380702,0.16700834,0.5327916,0.7723777,-0.2487456,0.46016917,0.12414447,0.11962806,-0.19501653,-0.58987
68,3301,-0.037115708,-0.40859967,0.12045367,-0.30606878,0.23330602,0.004231274,0.2771636,0.6627698,-0.28433263,-0.5191922,0.123272955,0.035101395,0.41192648,-0.7178952,-0.54051596,0.43444133
68,3303,0.09247707,-0.27593488,0.3964092,0.046943024,0.75524926,0.5347451,-0.45516047,0.4635554,0.2574861,-0.00046873093,-0.29041547,-0.283738,-0.13477919,0.41385728,0.56389326,-0.42210197
68,3314,0.014158748,0.1427639,0.5137605,-0.21724193,-0.40447885,0.32314536,0.5143923,0.27848434,0.14318037,0.32489592,-0.117350705,0.5967192,0.12533039,-0.45113796,-0.22264472,0.09920041
68,3316,0.7788241,-0.028376132,0.21026109,-0.024612501,0.54103744,0.32638893,0.12329321,-1.0574324,-0.37719378,0.50684196,-0.96948445,0.4863082,0.081420206,-0.12462683,-0.17365044,0.25137872
68,3324,-0.21101288,-0.32998016,0.20078462,-0.32178336,-0.02914846,0.10400066,0.33632416,0.806636,-0.0483416,-0.43126082,0.28489587,0.15176155,0.37064567,-0.7024945,-0.45155844,0.32446134
68,3347,0.5798089,1.4180485,-1.0427934,-0.521166,0.8084774,-0.09611544,0.6000166,0.38593173,-0.5429484,0.035326615,0.5286844,0.08274597,-0.8764358,-0.2047839,-0.2313635,-0.23683183
68,3352,0.27003175,-0.057765827,0.19821858,0.01869516,-0.57819784,-0.24544315,0.47209468,0.11823574,0.45545378,0.6929574,-0.24740988,0.35745153,0.113659285,0.13339457,-0.197861,-0.5352446
68,3356,0.3277489,0.68237364,0.13938348,-0.20012622,0.6412474,-0.0046325624,0.32967442,-0.17968556,-0.7172811,0.0011030883,-0.016466647,0.25628823,-0.5083398,-0.6548352,-0.14001915,0.70795256
68,3359,-0.43149483,0.8503623,-0.5055398,-0.03106904,-1.3630422,0.7777848,-1.1408123,0.33969843,-1.2183753,-0.96699727,-0.4821403,-0.68318695,1.0423455,0.8327796,-0.31917256,-0.32049388
68,3362,0.15366302,-0.51969796,0.2073237,-0.052062914,1.1108261,0.6841761,-0.45907223,0.7872677,0.44199958,-0.07951507,-0.28043765,-0.40855137,-0.06192097,0.46032435,0.5304836,-0.70703685
68,3364,-1.6192741,-0.17640221,-1.3389648,-0.26218128,0.037537754,1.8754886,-0.030871816,-1.8182042,1.2374778,0.07968264,0.8295706,0.73343873,0.2465199,-0.5058832,0.3164767,0.018984616
68,3365,-0.2320672,0.088786624,-0.073303744,0.38831097,-0.4568866,-0.34904885,-0.6188091,-0.503445,-0.6279078,-0.433766,-0.12589678,-0.50862134,0.14237604,0.3276205,0.10556385,0.42810833
68,3372,0.05424934,0.07162175,0.91014564,0.1666028,0.5384724,0.80248904,-0.6368632,0.14101282,0.016580231,0.13044748,-0.48827368,-0.07513394,-0.24043319,0.46796238,0.83782935,-0.1347277
68,3373,0.10225951,0.2584926,0.3816136,0.15757793,-0.66919166,-0.21844153,0.31425652,-0.47921398,0.31475833,0.6900737,-0.14678736,0.4426168,-0.21830517,0.1064426,0.11041871,-0.054092675
68,3379,-0.16396752,0.30679965,0.61022544,0.40436435,-0.5600489,-0.55074567,-0.20484534,-0.5718703,-0.06842752,0.23042092,0.15018672,0.023729641,-0.47768974,0.19559771,0.5022656,0.50478953
68,3382,0.008856486,-0.26846868,0.53908354,0.091645196,0.67114425,0.31953874,-0.42935237,0.5511792,0.41120788,0.0007544607,-0.036727116,-0.28448787,-0.3176387,0.45128512,0.737377,-0.37626177
68,3383,-0.27424037,-0.22508585,0.2511125,0.36541283,-0.21266957,-0.9100938,-0.14615062,-0.010053426,0.30138817,-0.05999607,0.60112554,-0.30924225,-0.46581018,0.2140272,0.46535152,0.25018966
68,3404,-0.27424037,-0.22508585,0.2511125,0.36541283,-0.21266957,-0.9100938,-0.14615062,-0.010053426,0.30138817,-0.05999607,0.60112554,-0.30924225,-0.4658102,0.2140272,0.46535152,0.25018966
68,3406,-0.25040197,-0.28600997,0.15399337,0.38224775,-0.17817569,-0.9618565,-0.1639061,-0.07468282,0.24795845,-0.11387077,0.5684391,-0.36652663,-0.41712677,0.20732182,0.4046761,0.2690265
68,3420,0.41987145,0.12046918,-0.033079833,0.14373145,-0.3928036,-0.12672928,0.21012881,-0.89704347,0.0060555413,0.61093175,-0.65339315,0.32225224,0.086457945,0.18600503,-0.2194466,-0.09344752
68,3426,0.17408966,-0.49687052,0.20432222,-0.054027036,1.1212085,0.76860166,-0.48235574,0.73498225,0.37785044,-0.071330056,-0.3684637,-0.3945376,-0.017888404,0.45393258,0.50273144,-0.69581383
68,3444,-0.00045811944,-0.36765295,0.44449544,0.075284764,0.7294047,0.21475533,-0.39309826,0.6593642,0.506702,-0.0435929,0.06968486,-0.3493618,-0.33170727,0.4548512,0.72079945,-0.44027382
68,3450,-0.37760603,0.6580966,-0.4317972,0.07872363,-1.1519295,0.5051938,-1.0109488,0.021856993,-1.0806148,-0.8206989,-0.4237042,-0.61657304,0.8292362,0.6834735,-0.23943305,-0.09798998
68,3465,-0.12226072,0.3631137,0.6122422,0.40998268,-0.60942006,-0.53728247,-0.18184337,-0.69968444,-0.110997155,0.28272808,0.07427159,0.07511726,-0.47256768,0.17898163,0.4690114,0.5366997
68,3490,0.43416402,0.30217594,0.017979681,0.12048953,-0.50367343,0.004937917,0.23870781,-1.0176795,-0.035354726,0.71227765,-0.73010874,0.44388372,0.033708505,0.17945349,-0.19629659,-0.070648834
68,3493,0.052188825,0.04886017,0.86483866,0.15227601,0.527141,0.73819864,-0.5974417,0.179149,0.056289487,0.12757006,-0.4448619,-0.08541053,-0.24237323,0.45703578,0.80740017,-0.16171709
68,3510,-0.44970313,-0.06973103,0.427904,-0.32034618,-0.41218242,0.29839298,0.43377224,0.8666848,0.26227123,-0.20291063,0.48060983,0.4008074,0.19769093,-0.687531,-0.2320449,0.24614075
68,3535,-0.17946392,-0.2375319,-0.07151474,0.49098754,-0.13441704,-0.77165204,-0.43022862,-0.63504934,-0.38296196,-0.33665827,0.079157054,-0.52845275,-0.10393505,0.18304266,0.18920447,0.56785005
68,3553,-0.32666707,-0.00043201447,0.45736605,-0.28547865,-0.4005682,0.29784873,0.442901,0.686438,0.21382019,-0.06579791,0.31740338,0.44598272,0.16461825,-0.62292665,-0.21734583,0.22656992
68,3585,0.9032225,-0.29947925,0.05173257,-0.04458998,0.5593997,0.15313396,0.17208743,-0.832489,-0.35001764,0.41837785,-1.024456,0.35763133,0.30007958,-0.065078184,-0.3723992,0.05628931
68,3612,0.1292706,-0.4562775,0.25830066,-0.013904735,1.0060744,0.62113845,-0.46305513,0.6843692,0.38539463,-0.066705436,-0.26882774,-0.38342544,-0.08947889,0.44807178,0.54642946,-0.60997176
68,3622,0.041303836,-0.033515662,0.7649951,0.13908735,0.5578177,0.6238998,-0.5530201,0.25827813,0.13392302,0.09128779,-0.34574616,-0.1403874,-0.2531651,0.4495721,0.7745576,-0.20778589
68,3643,0.016489241,-0.4222033,-0.18437363,0.3063383,-0.17866085,-1.0456986,0.07803177,-0.2612484,0.27703553,0.07298789,0.33952582,-0.2537192,-0.15798002,0.13038734,-0.031968143,0.04787171
68,3645,0.40457043,0.017565012,0.30156952,-0.117985174,0.11214715,0.32160512,0.28509957,-0.44205365,-0.1177634,0.4016248,-0.5562157,0.514054,0.12443314,-0.26455897,-0.20431298,0.15848815
68,3646,0.38200414,0.8833188,-0.12232073,-0.27471572,0.7164804,-0.021350086,0.3852,-0.09313306,-0.71705407,-0.0035710186,0.121875584,0.22393088,-0.63096476,-0.5838574,-0.14119294,0.5481522
68,3657,0.15167794,-0.4224758,0.2086861,0.006827764,0.9877807,0.70828223,-0.5114377,0.52289915,0.22152016,-0.08127521,-0.4173097,-0.38381284,0.0036004111,0.42247927,0.46675983,-0.5327368
68,3659,0.022805167,0.046052612,0.36894417,-0.16303481,-0.6878587,0.1423653,0.52824444,0.43286532,0.48465678,0.52825713,-0.07725819,0.54665804,0.1927998,-0.12408596,-0.2043063,-0.38025385
68,3661,-0.1330674,-0.07287043,0.5814513,0.2338537,0.22192809,-0.02593124,-0.4534623,0.2333532,0.16693872,-0.05983442,0.087177575,-0.2863643,-0.35365486,0.4091192,0.713887,-0.02942355
68,3674,0.031301625,0.08517103,0.38931367,-0.14978524,-0.6826129,0.1469399,0.51326156,0.36589414,0.4509783,0.54306966,-0.10856796,0.55198014,0.16688022,-0.11901453,-0.18179767,-0.3461094
68,3683,0.6606813,2.396266,-2.1539562,-0.74581707,0.8429532,-0.29339463,0.7755094,0.72612685,-0.37246796,0.1241861,1.2038229,-0.09347364,-1.4792553,0.28317124,-0.101114705,-1.0740896
68,3686,-0.40423715,0.7728423,-0.58802974,-0.017271847,-1.3170861,0.68677664,-1.0919434,0.20666233,-1.1843055,-0.9437587,-0.48372844,-0.6750952,1.0297987,0.7761088,-0.37007883,-0.27231115
68,3702,0.35308805,0.3664533,0.1617802,0.10201474,-0.61409026,0.018335342,0.28260478,-0.82119757,0.061216004,0.76533943,-0.6090088,0.4982991,-0.042653166,0.16337371,-0.11219482,-0.11790839
68,3707,-0.13546208,-0.7066376,-0.58606786,0.4386692,0.10722473,-1.2407866,-0.23075053,-0.34141046,-0.08055886,-0.49321467,0.41436142,-0.75906897,-0.040565193,0.12970728,-0.073198125,0.3202598
68,3727,-0.13424954,-0.70410407,-0.58374834,0.43798494,0.1047945,-1.239407,-0.22936961,-0.34239385,-0.0802404,-0.49001753,0.41248542,-0.75581837,-0.040356703,0.12920266,-0.0741052,0.3194158
68,3734,-0.2018836,-0.44111907,-0.094380364,0.38385165,-0.0722373,-1.0647275,-0.17256296,-0.11898063,0.17444572,-0.23546818,0.52291924,-0.4972453,-0.29466423,0.18636626,0.24518687,0.24507667
68,3741,1.1015812,-0.3811099,-0.05559115,-0.015873268,0.98722994,0.25410894,0.019804217,-1.3020478,-0.5458169,0.3911943,-1.2383571,0.34265035,0.2775537,-0.05663599,-0.34283662,0.2220699
68,3743,-0.20040905,-0.41844147,-0.06990121,0.37650627,-0.08507118,-1.0444654,-0.16724026,-0.11394327,0.17926618,-0.2164836,0.51271486,-0.4767592,-0.2998222,0.18576151,0.25201228,0.23860213
68,3744,0.5311866,1.1905107,-0.79899234,-0.4440357,0.7301229,-0.09012914,0.52580416,0.28615302,-0.5410917,0.029758096,0.3801201,0.09810467,-0.7399972,-0.2540424,-0.22730601,-0.09174085
68,3746,-0.4538471,-0.08201283,0.42835134,-0.33236265,-0.39602327,0.3113788,0.4429514,0.8903394,0.25596908,-0.22308892,0.49214756,0.40407643,0.20866957,-0.7128009,-0.24565399,0.26120582
68,3749,0.65177333,2.1330366,-1.6927081,-0.6351838,0.8432424,-0.20746061,0.72172767,0.4819721,-0.47948486,0.17370637,0.9217128,0.02434783,-1.3492278,0.072433464,-0.11361091,-0.71554905
68,3773,0.041303836,-0.033515662,0.76499504,0.13908735,0.5578177,0.6238998,-0.5530201,0.25827813,0.13392302,0.091287784,-0.34574616,-0.1403874,-0.2531651,0.4495721,0.7745576,-0.20778592
68,3776,-0.07601823,0.1319334,0.5241046,-0.2352234,-0.44301212,0.34357408,0.5139773,0.37715292,0.1897732,0.26552603,-0.012882113,0.59391457,0.1297059,-0.48685855,-0.20854226,0.11131256
68,3783,-0.061586075,-0.4188236,0.25299647,0.1596094,0.5667449,-0.15026209,-0.3616971,0.45286524,0.3930482,-0.14583972,0.19724172,-0.4521153,-0.32018965,0.39053416,0.6013129,-0.24935801
68,3784,-0.12943128,-0.43391377,0.12089974,-0.33279198,0.116880834,0.04551059,0.3111031,0.80863607,-0.15906072,-0.52635056,0.22622454,0.06743288,0.44144675,-0.72698575,-0.5413538,0.3595919
68,3788,-0.040657565,-0.46512824,0.18049204,0.13215967,0.61197627,-0.155192,-0.3388797,0.5045026,0.4206126,-0.15852243,0.19364327,-0.47419333,-0.2892032,0.38518804,0.5525858,-0.30881268
68,3794,-0.1785165,-0.54847217,-0.25003678,0.3973174,-0.0028881729,-1.1400912,-0.18476017,-0.15060551,0.1246736,-0.3196223,0.51299006,-0.58805543,-0.22265655,0.17653629,0.15219668,0.2443728
68,3797,0.27003026,0.31406152,0.2567012,0.07176654,-0.6825774,-0.052149087,0.36175278,-0.46763167,0.22588754,0.7801564,-0.41641226,0.50027466,-0.07250102,0.14159343,-0.070004046,-0.24313487
68,3802,0.6927412,-0.25680834,0.094239265,-0.072254136,0.2554358,0.08844867,0.25957832,-0.4920877,-0.17291465,0.40178904,-0.79906946,0.3515062,0.3129599,-0.082493395,-0.37225226,-0.05364096
68,3803,0.2741928,0.048694387,0.039073035,-0.28387398,0.52986693,0.022650808,0.3242403,0.2842276,-0.5320211,-0.2672621,-0.043673486,0.116267934,0.04317496,-0.6558,-0.44398788,0.48266405
68,3815,-0.209955,-0.0747886,-0.07352196,0.44669735,-0.29956436,-0.56239545,-0.53721756,-0.57214785,-0.5205888,-0.39842367,-0.025048569,-0.529708,0.023814678,0.26022384,0.14826684,0.5082118
68,3818,0.21558939,-0.491269,-0.08306576,-0.14684366,-0.42258608,-0.2642924,0.46792707,0.7176259,0.5290196,0.30816615,-0.04006785,0.17106879,0.47308263,0.029665448,-0.4978899,-0.7108692
68,3822,0.16972856,-0.47855568,0.1977011,-0.02893351,1.0904635,0.7620131,-0.5039304,0.64997303,0.30946708,-0.08226201,-0.39891648,-0.3994868,-0.0022763982,0.44435364,0.48824316,-0.63444024
68,3834,-0.1493078,-0.4951492,-0.38317615,0.4714285,-0.0054183602,-1.0507594,-0.31522882,-0.53598523,-0.2438209,-0.42512035,0.24422085,-0.6609528,-0.06616557,0.13889961,0.026477478,0.4652084
68,3845,0.47661093,-0.37910962,-0.087642565,-0.04538077,-0.30741826,-0.2939249,0.4719577,0.1864259,0.3558941,0.5260597,-0.39734805,0.22297911,0.39776498,0.12358558,-0.48488173,-0.63968515
68,3866,-0.0076954057,-0.44922197,0.33990288,0.06612551,0.75757575,0.10036084,-0.3587345,0.71860296,0.5613664,-0.087115765,0.15188456,-0.4081359,-0.32955948,0.4467612,0.68006915,-0.47596902
68,3869,0.0154487295,-0.2241357,0.58491397,0.10279956,0.6576865,0.3914114,-0.4598314,0.49081683,0.35340413,0.017026022,-0.10220894,-0.25809115,-0.30484536,0.4527526,0.748873,-0.34161913
68,3877,-0.4497006,-0.08681351,0.41643,-0.32469922,-0.36362642,0.28744975,0.42102912,0.8708117,0.22366688,-0.2487317,0.4893431,0.37521663,0.20339906,-0.71203417,-0.2435422,0.28589046
68,3878,-1.657063,-0.834506,-1.7718202,-0.25196958,0.53358924,1.7640356,0.018633343,-1.9089085,1.3923997,-0.14715406,0.8744864,0.5194355,0.5649831,-0.6180371,0.094156384,-0.025364824
68,3880,-0.3674647,0.6402599,-0.40503335,0.08857952,-1.1226679,0.47342506,-0.98808134,0.0017956346,-1.0564855,-0.79262036,-0.41623205,-0.6018588,0.7955864,0.66579837,-0.2231282,-0.07879646
68,3894,-0.004477349,-0.026370183,0.33506685,-0.1889133,-0.70928085,0.13562647,0.56102777,0.5746028,0.565586,0.504489,-0.00043034554,0.5417057,0.23659167,-0.13367829,-0.24043465,-0.45258808
68,3909,-0.2596065,-0.28662884,0.24482226,-0.32859796,-0.090503246,0.14929178,0.35964954,0.8306215,0.004621193,-0.40144646,0.3292539,0.20077117,0.34353012,-0.71632177,-0.41720843,0.32197204
68,3910,-0.4454746,-0.07273492,0.4173879,-0.31248432,-0.3751916,0.27449194,0.41073167,0.84405816,0.22544345,-0.23084584,0.47788972,0.3711286,0.1903354,-0.6892415,-0.22881103,0.27665135
68,3935,0.14194769,-0.7677683,-0.60451126,0.27865678,0.09493175,-1.1763012,0.12117589,-0.20179726,0.2907926,-0.072076544,0.29030934,-0.4293143,0.07790082,0.13189861,-0.30367008,-0.12511224
68,3941,0.9103068,-0.17659923,0.10519238,-0.027255177,0.7108182,0.2947233,0.09614094,-1.1271279,-0.4399146,0.4597048,-1.0739607,0.43186137,0.1700308,-0.10493831,-0.25538746,0.23059864
68,3944,0.16972858,-0.47855574,0.1977011,-0.028933495,1.0904635,0.7620131,-0.5039304,0.64997303,0.30946708,-0.082261994,-0.39891648,-0.3994868,-0.0022763982,0.44435364,0.48824316,-0.63444024
68,3949,-0.16396752,0.30679965,0.61022544,0.40436435,-0.5600489,-0.55074567,-0.20484534,-0.5718703,-0.06842752,0.23042092,0.15018672,0.023729641,-0.47768974,0.19559771,0.5022656,0.50478953
68,3950,-0.020256255,-0.041519135,0.3074423,-0.17208914,-0.69356644,0.08156347,0.5202399,0.5715064,0.55213434,0.467153,0.022714883,0.48734596,0.22564459,-0.11103292,-0.22710675,-0.44689095
68,3955,0.8005029,-0.730711,-0.4547277,-0.038577035,0.16326758,-0.49194896,0.34269524,-0.0022763014,-0.018753998,0.24536821,-0.7203757,-0.082440674,0.68419677,0.13441926,-0.80894744,-0.57763195
68,3971,0.16581218,-0.4746275,0.21179636,-0.056897447,1.0652478,0.70905995,-0.45039842,0.7344217,0.393972,-0.05466111,-0.33680892,-0.37550214,-0.03475188,0.44263887,0.49324304,-0.6887887
68,3981,-1.6192741,-0.17640221,-1.3389648,-0.26218128,0.037537754,1.8754886,-0.030871816,-1.8182042,1.2374778,0.07968264,0.8295706,0.73343873,0.2465199,-0.5058832,0.3164767,0.018984616
68,3982,-0.09044369,-0.33189437,0.41122362,0.17830956,0.50253284,-0.11409199,-0.3758128,0.44390953,0.41045997,-0.09519407,0.21833959,-0.3866402,-0.39094427,0.408131,0.7045718,-0.20717926
68,3989,0.1292706,-0.45627743,0.25830066,-0.013904735,1.0060744,0.62113845,-0.46305513,0.68436915,0.38539463,-0.066705436,-0.26882774,-0.38342544,-0.08947889,0.44807178,0.5464295,-0.60997176
68,3999,-1.657063,-0.834506,-1.7718202,-0.25196958,0.53358924,1.7640356,0.018633343,-1.9089085,1.3923997,-0.14715406,0.8744865,0.5194355,0.5649831,-0.6180371,0.094156384,-0.025364824
68,4018,-0.09710836,-0.022014841,0.28726882,0.34182566,-0.4653591,-0.847636,0.027704507,-0.3816958,0.23531947,0.250135,0.3371626,-0.0335984,-0.40147504,0.13257505,0.26669616,0.25195664
68,4021,-0.04065756,-0.46512824,0.18049204,0.13215967,0.61197627,-0.15519202,-0.33887967,0.5045026,0.4206126,-0.15852246,0.19364327,-0.47419333,-0.2892032,0.38518804,0.5525858,-0.30881268
68,4026,-0.018605966,-0.48321104,0.26431096,0.07543883,0.7316518,-0.0073565245,-0.3365544,0.69789094,0.556226,-0.11786616,0.19783518,-0.4435004,-0.32210025,0.42912132,0.6351019,-0.45514363
68,4029,0.56560457,1.3368274,-0.95141,-0.49388224,0.7851826,-0.09454408,0.5760818,0.34944248,-0.54402477,0.036016002,0.47251618,0.09093265,-0.8302914,-0.22529964,-0.22946206,-0.18065713
68,4030,-0.4201222,0.82481706,-0.42601752,-0.008985817,-1.3020028,0.7415441,-1.1138425,0.31641853,-1.1724848,-0.91694593,-0.46528766,-0.655327,0.97087914,0.81021386,-0.26024345,-0.28487766
68,4042,-0.32511294,0.6205571,0.018899575,0.12575322,-0.8970388,0.43918172,-0.8896478,0.13050476,-0.84757483,-0.57709974,-0.3463217,-0.4727872,0.5086027,0.63527286,0.06483499,-0.054709345
68,4053,0.8868279,-0.28913966,0.069307104,-0.056861028,0.51923084,0.17623696,0.2015771,-0.78977174,-0.3174304,0.43660998,-1.0065053,0.38626277,0.30572,-0.07670207,-0.37694204,0.037080105
68,4060,0.49756202,-0.60540473,-0.25787902,-0.093846634,-0.14749125,-0.3688466,0.41213518,0.3722157,0.27861586,0.29003453,-0.36409122,0.05774286,0.5711822,0.083087,-0.64372045,-0.6568473
68,4072,-1.0623673,-0.94597256,-1.5336725,-0.09775035,0.51545584,0.8571956,0.08298933,-1.4340252,1.0406117,-0.17538297,0.6227487,0.18738072,0.532924,-0.41388273,-0.13272342,-0.07493661
68,4073,-0.052662812,-0.23433942,0.18278895,-0.20287605,-0.69450843,-0.013873607,0.54255396,0.8468374,0.6887721,0.38303864,0.17012408,0.4013024,0.324734,-0.090342164,-0.31236514,-0.6110946
68,4084,0.23359746,0.044002764,0.27478537,0.038384564,-0.6426034,-0.21797885,0.4712148,0.023947,0.45137563,0.74173987,-0.22557434,0.4160662,0.027304053,0.12578773,-0.123668194,-0.4620375
68,4092,-0.05646038,-0.24888307,0.16249302,-0.1932451,-0.675084,-0.04735282,0.5164267,0.84264696,0.67146015,0.35462093,0.17808476,0.3644038,0.32268494,-0.08010331,-0.3104015,-0.6032345
68,4093,-1.140895,-0.9617245,-1.5909734,-0.11554052,0.538229,0.96760035,0.079241,-1.5095636,1.0979704,-0.17963108,0.6634067,0.22334395,0.5467035,-0.44453698,-0.11313453,-0.068342894
68,4119,-0.44020534,-0.12503988,0.39653492,-0.33934104,-0.33076435,0.28796044,0.42696252,0.9045657,0.20736602,-0.28425366,0.4914822,0.36234954,0.23400053,-0.735996,-0.27744037,0.29346526
68,4132,-0.2709895,0.21273832,-0.16205193,0.33138826,-0.6162034,-0.16054872,-0.72191167,-0.41397282,-0.74576586,-0.5340698,-0.19242008,-0.543476,0.29858845,0.4103098,0.030858839,0.3312965
68,4145,-0.1352939,-0.68827415,-0.52868754,0.44422507,0.08050853,-1.247393,-0.22492477,-0.33564395,-0.049410984,-0.4615299,0.43364793,-0.73056877,-0.073986575,0.13959262,-0.036699478,0.32062143
68,4155,-0.1699723,-0.28138235,-0.12017359,0.48442256,-0.11033675,-0.82482755,-0.40050256,-0.61645544,-0.34802395,-0.3415876,0.109841764,-0.5438307,-0.10547676,0.17209649,0.16349387,0.54695606
68,4158,0.2476907,-0.034723043,0.23965117,-0.00092336535,-0.6416135,-0.18861388,0.52174747,0.17124674,0.5334834,0.7500744,-0.21446538,0.42656246,0.105144195,0.1260827,-0.18069434,-0.57840425
68,4159,-0.149233,-0.41984063,-0.30069518,0.46729022,-0.04435444,-0.97825336,-0.32967296,-0.56139666,-0.27208748,-0.38627535,0.19343418,-0.61340576,-0.078236714,0.1440254,0.061280906,0.48307604
68,4165,0.25859421,-0.0372549,0.22069415,0.029620707,-0.58759344,-0.25074947,0.46548286,0.09005481,0.4500949,0.69905865,-0.23785381,0.36348465,0.08750581,0.13211608,-0.17406152,-0.50746644
68,4166,-0.16041468,-0.33202633,-0.19257109,0.4809569,-0.08975662,-0.8857291,-0.37268233,-0.61642706,-0.3277991,-0.35599303,0.13315696,-0.5675071,-0.09269124,0.15662518,0.11879349,0.5335791
68,4168,0.2741928,0.048694387,0.039073035,-0.28387398,0.52986693,0.022650808,0.3242403,0.2842276,-0.5320211,-0.2672621,-0.043673486,0.116267934,0.04317496,-0.6558,-0.44398785,0.48266405
68,4169,-0.02302327,-0.46988165,0.22384527,0.092542276,0.67553234,-0.06493947,-0.3298885,0.61726505,0.4974629,-0.12822407,0.18601274,-0.44917572,-0.30059367,0.40607208,0.58744437,-0.40099514
68,4172,0.5656045,1.3368274,-0.95141,-0.49388224,0.7851826,-0.09454408,0.5760818,0.34944248,-0.54402477,0.036016002,0.47251618,0.09093265,-0.8302914,-0.22529961,-0.22946203,-0.18065713
68,4190,-0.12359774,-0.4168839,0.12372604,-0.31982386,0.11039379,0.032515764,0.29958406,0.7759813,-0.16289683,-0.50919795,0.21270105,0.06293459,0.4256579,-0.7059263,-0.5250982,0.35646534
68,4192,-0.44636682,0.8702012,-0.54696274,-0.039844677,-1.4026791,0.81678355,-1.1737362,0.34935677,-1.2528257,-1.0059044,-0.49218786,-0.7036459,1.0868667,0.8540738,-0.34290877,-0.33748412
68,4200,0.05684692,0.08399888,0.8811159,0.17125249,0.5004358,0.7712182,-0.6282936,0.09247276,-0.022926852,0.12859532,-0.50587296,-0.07305333,-0.21898511,0.45040864,0.797475,-0.108461276
68,4204,-0.10939373,-0.13950059,0.55769944,0.21492937,0.3030422,-0.061077893,-0.4032497,0.26618838,0.25947255,-0.030514717,0.11948511,-0.27985346,-0.38729993,0.390454,0.7174155,-0.07162671
68,4217,0.3542771,-0.2100412,0.07736929,-0.039724275,-0.48840716,-0.21166953,0.5052613,0.2147319,0.4624361,0.6365607,-0.29906696,0.3414095,0.26954678,0.11767073,-0.3432691,-0.62842757
68,4226,0.03677439,-0.48997736,-0.27018785,0.2919432,-0.121350035,-1.0630217,0.08563546,-0.22600378,0.2803523,0.03852524,0.3291729,-0.29215816,-0.105269305,0.12896892,-0.089429006,0.0013508052
68,4262,0.0974419,-0.29861587,0.39586782,0.038076364,0.80076814,0.5662309,-0.46300894,0.50509626,0.2829842,-0.006128907,-0.28858003,-0.293839,-0.13554746,0.42539954,0.57871777,-0.4535792
68,4263,-0.21054019,0.05058428,0.4745443,-0.2547682,-0.3694459,0.28844967,0.4446858,0.5242601,0.15369406,0.040232852,0.16838253,0.47292778,0.14060006,-0.56998885,-0.2121757,0.21960708
68,4270,0.6067852,1.8812622,-1.347157,-0.5394851,0.78383696,-0.16607246,0.6448603,0.30761075,-0.52147263,0.18219016,0.71892786,0.08112417,-1.2072966,-0.0423799,-0.10689746,-0.46909904
68,4272,-0.027320992,0.119605884,0.4841109,-0.20752199,-0.4119169,0.28022757,0.47723815,0.30939573,0.15061203,0.2739693,-0.069920965,0.5436977,0.12793645,-0.43286645,-0.21155307,0.09356777
68,4273,0.17408967,-0.49687052,0.20432222,-0.05402702,1.1212088,0.76860166,-0.48235574,0.73498225,0.3778504,-0.071330056,-0.3684637,-0.3945376,-0.017888412,0.45393258,0.50273144,-0.69581383
68,4277,-0.45834172,0.57728475,-0.017161593,0.010075815,-0.75957704,0.39453462,0.10626375,-0.73082316,0.4114478,0.46404445,0.23805973,0.5273031,-0.2829554,-0.0062210187,0.27462465,0.0065948665
68,4280,-0.28897265,0.3006252,-0.19284631,0.2871641,-0.71345794,-0.032024592,-0.7715177,-0.34832847,-0.8042835,-0.57221013,-0.24217798,-0.5433179,0.38744956,0.45540673,-0.010787729,0.26066726
68,4300,0.1295971,-0.29385293,0.2626603,0.041732058,0.7780274,0.6037576,-0.47806364,0.35304773,0.121737935,-0.032989144,-0.43247062,-0.31202647,-0.009015694,0.379009,0.43003076,-0.4002306
68,4309,-0.32090238,0.44218665,-0.26665634,0.20770398,-0.87828004,0.17937711,-0.86617357,-0.19576366,-0.9096308,-0.6627252,-0.31292483,-0.56887764,0.54937726,0.5475602,-0.08738902,0.12176867
68,4346,-0.16396752,0.30679965,0.61022544,0.40436435,-0.5600489,-0.55074567,-0.20484534,-0.5718703,-0.06842752,0.23042092,0.15018672,0.023729641,-0.47768974,0.19559771,0.5022656,0.50478953
