window_id,vehicle_id,z_0,z_1,z_2,z_3,z_4,z_5,z_6,z_7,z_8,z_9,z_10,z_11,z_12,z_13,z_14,z_15
63,722,-0.37696993,0.4344141,-0.4299499,-0.12157932,0.31743926,-1.279947,0.02144561,0.063023046,0.4503222,-0.10032551,0.38060057,-0.59720933,0.06856922,0.28360832,0.28821984,-0.29841056
63,3990,0.21425125,-0.8945797,1.3764627,0.601115,0.23451881,0.5849708,1.1747757,0.2528642,0.6612407,-0.74391806,1.8019547,-0.87691694,0.10825127,0.41672626,-0.5234997,0.2461637
63,63,0.15077838,-0.6582495,1.1729138,0.2140675,0.59487116,-0.597073,-0.4039754,0.28291324,0.42161584,-0.6354243,0.85240823,-0.8933781,-0.11930843,-0.19641703,-0.63364744,-0.11911296
63,2971,-0.37696993,0.4344141,-0.4299499,-0.12157932,0.31743926,-1.279947,0.021445617,0.063023046,0.4503222,-0.100325495,0.38060057,-0.59720933,0.06856923,0.28360832,0.28821987,-0.29841056
63,3831,-0.38434494,0.440834,-0.43170813,-0.093993455,0.3203397,-1.2511,0.031820767,0.07983655,0.44895232,-0.09730841,0.3765334,-0.5708503,0.07481401,0.26635644,0.2746206,-0.2785147
63,174,-0.3769699,0.43441412,-0.42994994,-0.12157932,0.31743926,-1.2799472,0.021445625,0.06302303,0.45032227,-0.10032551,0.38060057,-0.59720933,0.06856922,0.2836083,0.28821987,-0.29841056
63,2415,-0.38434494,0.440834,-0.43170813,-0.09399344,0.3203397,-1.2510997,0.031820767,0.07983655,0.44895232,-0.09730841,0.3765334,-0.57085043,0.07481401,0.26635644,0.2746206,-0.27851474
63,1056,0.03861603,-0.32428062,0.72329074,0.4737947,0.36887717,0.4141221,-0.023669694,0.4943013,0.20680127,-0.4938764,0.08935496,-0.16228569,0.44690263,-0.2785416,-0.6736703,0.09036506
63,2754,-0.38434494,0.440834,-0.4317081,-0.09399344,0.32033968,-1.2511,0.031820767,0.07983655,0.44895232,-0.09730841,0.3765334,-0.5708504,0.07481401,0.26635644,0.2746206,-0.27851477
63,2983,0.15077838,-0.65824956,1.1729139,0.2140675,0.59487116,-0.59707314,-0.40397534,0.28291324,0.42161578,-0.6354242,0.8524084,-0.8933781,-0.11930844,-0.19641703,-0.63364744,-0.11911297
63,3433,-0.21563913,0.36412618,0.018990733,0.38068086,0.50006986,-0.32415164,-0.38972604,0.7235509,0.22399339,-0.2868194,-0.5196954,0.055417318,0.72816366,-0.5117941,-0.5584803,-0.008035481
63,600,-0.38434494,0.44083405,-0.4317081,-0.093993425,0.32033968,-1.2511,0.03182075,0.07983654,0.44895232,-0.0973084,0.3765334,-0.5708504,0.07481401,0.26635644,0.2746206,-0.27851474
63,2008,0.21425125,-0.8945797,1.3764627,0.601115,0.23451883,0.5849708,1.1747757,0.25286424,0.6612407,-0.74391806,1.8019549,-0.87691694,0.10825128,0.41672632,-0.5234997,0.2461637
63,2200,0.1401225,-0.64163506,1.1196451,0.1945189,0.575071,-0.6024912,-0.42474568,0.25688237,0.39974588,-0.5936663,0.81524646,-0.8639953,-0.13900001,-0.20344622,-0.6072842,-0.13297632
63,3411,-0.38434497,0.440834,-0.4317081,-0.093993425,0.3203397,-1.2511,0.031820744,0.07983655,0.44895226,-0.0973084,0.3765334,-0.5708504,0.07481401,0.2663564,0.27462062,-0.27851477
63,2131,0.21425122,-0.8945797,1.3764626,0.601115,0.23451881,0.5849708,1.1747757,0.25286424,0.66124064,-0.74391806,1.8019547,-0.87691694,0.10825128,0.41672626,-0.5234997,0.24616373
63,3719,-0.38434494,0.44083402,-0.4317081,-0.09399341,0.32033974,-1.2511001,0.03182076,0.07983655,0.44895226,-0.0973084,0.3765334,-0.5708503,0.07481401,0.2663564,0.27462062,-0.27851477
63,20,-0.38434497,0.44083402,-0.4317081,-0.093993425,0.32033974,-1.2511,0.03182075,0.07983655,0.44895226,-0.09730838,0.3765334,-0.5708503,0.074814,0.26635644,0.27462065,-0.27851474
63,2879,0.1401225,-0.64163506,1.119645,0.1945189,0.575071,-0.60249126,-0.42474565,0.25688237,0.39974588,-0.59366626,0.8152465,-0.8639954,-0.139,-0.20344622,-0.60728407,-0.13297632
63,138,0.21425125,-0.8945797,1.3764625,0.601115,0.23451883,0.5849708,1.1747758,0.25286424,0.6612407,-0.74391806,1.8019547,-0.87691694,0.10825128,0.41672632,-0.5234997,0.24616373
63,2550,-0.38434497,0.44083402,-0.43170813,-0.093993396,0.32033974,-1.2511002,0.031820744,0.07983655,0.44895226,-0.0973084,0.3765334,-0.5708504,0.07481401,0.2663564,0.27462062,-0.27851477
63,4230,-0.37696993,0.43441415,-0.42994988,-0.12157932,0.31743926,-1.279947,0.021445625,0.06302303,0.4503222,-0.10032551,0.3806005,-0.5972093,0.06856922,0.28360832,0.28821984,-0.29841053
63,1,0.14616951,-0.6258291,1.1564255,0.2623297,0.58248913,-0.4673391,-0.34710112,0.3352869,0.41116595,-0.6502492,0.7741135,-0.81963915,-0.026901506,-0.20682342,-0.66278327,-0.08370116
63,7,0.29922298,-0.37385067,0.26707834,0.21347103,-0.06599057,0.5356392,-0.18840244,-0.053442277,-0.20663455,0.005591668,0.10607754,0.42110333,-0.24794175,-0.009403095,-0.12646262,0.5487496
63,19,0.69479704,0.0020295605,0.14554939,-0.22945815,-0.3021287,-0.2774461,-0.18281241,-0.13684803,-0.11599357,0.08296774,-0.22172382,0.4644216,-0.18878897,0.493718,0.32987174,0.74113446
63,24,-0.16981107,0.5353796,-0.1996285,0.30792278,0.000323236,0.27612612,0.2928098,0.5860328,0.15139455,-0.032788955,-0.67079973,0.29004115,0.87477213,-0.28765947,-0.25735724,-0.16460991
63,25,-0.4643572,-0.18340844,-0.22310805,0.086827554,-0.023822837,0.8281846,0.020941429,-0.106434084,-0.30720925,0.22616996,-0.07718576,0.18747857,-0.17417732,-0.53532565,-0.14412443,-0.32215706
63,67,0.3803648,-0.28991744,0.28664774,0.15729958,-0.1266228,0.5593969,-0.16007186,0.018835323,-0.18832925,-0.026073985,-0.076148815,0.46287695,-0.08046785,0.018515408,-0.13662499,0.5209118
63,68,-0.46189594,0.57547224,-0.5615142,0.11521654,0.010403439,-0.31004,0.6088549,0.16784799,0.31915647,0.031444374,0.11914258,-0.26676545,0.40608752,0.09554219,0.18852055,-0.405808
63,69,-0.64296055,-0.397305,-0.3933153,0.31431636,0.32776755,0.36349428,-0.368381,-0.46095857,-0.34684837,0.38388348,0.57090485,0.18706265,-1.1314127,-0.65909564,-0.08360864,0.100335754
63,75,-0.4413355,-0.5428687,-0.02405727,0.003483057,0.08188105,0.7186146,-0.2519463,-0.36538023,-0.336062,0.20303756,0.2383082,-0.051545016,-0.6139471,-0.55284655,-0.18254657,-0.37073398
63,77,-0.2661154,0.30363292,-0.19030783,0.2736693,-0.0017007366,0.54748416,0.17110318,0.41998103,-0.00408487,0.0626229,-0.5715896,0.33445695,0.5911876,-0.44434527,-0.29304388,-0.20258024
63,84,-0.12128182,0.07367849,0.093240894,-0.03691411,0.632827,-1.1260943,-1.0580349,0.41178063,0.2219019,-0.21973337,-0.51670754,-0.28192472,0.3185386,-0.45062682,-0.43693846,-0.18225113
63,89,-0.4621746,0.52716255,-0.57229406,0.030935995,0.0015679151,-0.42859435,0.61227417,0.065730445,0.3265246,0.037560448,0.258708,-0.35937268,0.2816493,0.19935915,0.28248513,-0.43470317
63,96,-0.46269456,0.4367638,-0.5247496,0.013602562,-0.023805685,-0.24187411,0.55494165,0.036882423,0.22173068,0.054211453,0.18710317,-0.33585536,0.27630454,0.12712467,0.22389373,-0.4788862
63,100,-0.40854466,0.53435534,-0.498232,0.16998364,-0.13996372,0.18886383,0.6885356,0.22879204,0.17287874,0.09172264,-0.16651426,-0.07339264,0.5706425,-0.022154555,0.071572185,-0.45323142
63,102,2.2679567e-05,-0.20420766,0.4593057,0.46712965,0.23827773,0.70482254,-0.06632892,0.4656105,0.050539,-0.3080517,-0.24146654,0.17875528,0.4892847,-0.3942122,-0.62369573,0.117564075
63,111,-0.49594855,-0.49877954,-0.104385756,0.011131898,0.046232745,0.83017975,-0.19512856,-0.35499674,-0.37720153,0.23791227,0.1914642,0.011842184,-0.5856056,-0.5914687,-0.16763821,-0.38803253
63,148,0.17115784,-0.44717366,0.127532,-0.9440108,-0.47022194,0.29501292,0.04349777,-0.78745353,-0.29891035,-0.065956265,-0.30125365,-0.7538584,-0.08128381,0.41889414,0.32747114,-1.1603905
63,163,-0.65206945,-0.4031912,-0.3954094,0.30423775,0.30246723,0.46129638,-0.3652424,-0.44210494,-0.37891465,0.384826,0.5160497,0.20311922,-1.0816385,-0.701941,-0.10318102,0.056203216
63,164,-0.42730784,0.45164934,-0.44653776,0.16549435,-0.08767131,0.24371079,0.5360899,0.23910406,0.09337196,0.08156496,-0.22517866,-0.04987312,0.5280163,-0.14025839,-0.011158541,-0.44984257
63,167,-0.384345,0.44083402,-0.4317081,-0.093993396,0.32033974,-1.2511002,0.03182076,0.07983655,0.44895226,-0.0973084,0.3765334,-0.5708503,0.074814,0.2663564,0.27462062,-0.27851477
63,169,-0.33424717,0.4016263,-0.19472903,0.2850733,0.26821524,-0.10069798,-0.017333679,0.517875,0.16343418,-0.13153239,-0.39207858,-0.008345164,0.6321574,-0.38155633,-0.33092576,-0.21664304
63,179,0.0017403215,-0.29856935,0.009074576,0.23671085,0.03728453,0.5965216,-0.2864632,-0.0976117,-0.28241378,0.12931922,0.045999423,0.45656252,-0.399459,-0.32682157,-0.16800807,0.372808
63,203,-0.39534718,0.49445614,-0.45213377,0.1871852,-0.10114509,0.20173413,0.5857724,0.256303,0.1463367,0.07867701,-0.21803546,-0.04013241,0.56615627,-0.08229037,0.010358036,-0.41841662
63,214,-0.4016738,0.47952572,-0.44674978,0.18215385,-0.097064495,0.21614282,0.5662224,0.25207296,0.12942028,0.07927357,-0.2226609,-0.03969004,0.55487293,-0.10006262,0.0014075935,-0.42389098
63,218,-0.8126637,-0.42039716,-0.48902714,0.3147715,0.38746402,0.3162229,-0.34991312,-0.55901486,-0.35192063,0.44220775,0.71466243,0.08925307,-1.3083415,-0.729323,-0.055238493,-0.0017928071
63,219,-0.4906566,0.47918102,-0.61749977,-0.061881185,-0.07871553,-0.38548064,0.7291057,-0.07344023,0.29120314,0.0755516,0.398095,-0.45373112,0.17685045,0.30145115,0.39765808,-0.5335241
63,234,0.75221586,0.02715858,0.18907928,-0.2697147,-0.3073389,-0.50346416,-0.122315176,-0.17102137,-0.03960985,0.066360824,-0.117067195,0.37617165,-0.22957881,0.66471934,0.42332652,0.7964392
63,242,0.5410867,-0.6402716,1.1277115,0.35137945,-0.018979087,0.52620673,0.7890171,0.21579814,0.42491448,-0.5614061,1.0462713,-0.34805673,0.16650578,0.476777,-0.3285742,0.47903344
63,247,0.018520981,0.026868083,-0.2293489,-0.02284728,0.13261446,-0.8858518,-0.19011495,-0.4069575,-0.046337046,0.30110723,0.5493967,0.11780131,-0.93484735,0.29012918,0.52138126,0.6517068
63,262,0.3151749,-0.38738233,0.283293,0.21981196,-0.07030198,0.55540407,-0.19106776,-0.052655533,-0.2093526,3.8333237e-05,0.11126137,0.43126962,-0.25259626,-0.0071038455,-0.13195367,0.5664611
63,269,0.03543666,-0.2793724,0.6388132,0.4828307,0.31945044,0.558902,-0.04971914,0.5028378,0.14460984,-0.432343,-0.060308985,-0.007874362,0.48198533,-0.34202075,-0.6757151,0.11223414
63,274,-0.30880827,0.3941891,-0.14403132,0.30768558,0.32899594,-0.16070922,-0.112765856,0.56983286,0.17843643,-0.17122494,-0.4220968,0.004849687,0.65459496,-0.41824538,-0.38752326,-0.16711363
63,276,-0.23353538,0.2269297,-0.10783351,0.061877154,0.3977153,-0.68010896,-0.48701555,0.36182037,0.19936636,-0.12066114,-0.37897545,-0.1905767,0.3862164,-0.3210134,-0.2788851,-0.23090222
63,287,0.10283515,-0.35705602,0.038097523,-0.88163084,-0.449835,0.21644726,0.14551777,-0.7484118,-0.24007517,-0.04580304,-0.19912578,-0.7535721,-0.07044534,0.4469342,0.37339464,-1.1195619
63,296,-0.8362161,-0.42681387,-0.5012004,0.32379252,0.4063741,0.29413286,-0.35586417,-0.57741976,-0.34845614,0.4512012,0.75050074,0.07952152,-1.3500894,-0.73724854,-0.052317485,-0.00052248687
63,298,-0.4163967,0.530263,-0.4933239,0.17361736,-0.13213035,0.20205525,0.6685277,0.24147859,0.16369805,0.086838864,-0.18808347,-0.07332336,0.5818657,-0.04791978,0.05067858,-0.4630635
63,303,0.24306175,-0.80159414,1.2057449,0.5239493,0.1857574,0.55123156,0.94882226,0.20724979,0.52557486,-0.6286032,1.5225856,-0.6731532,0.051731993,0.34889856,-0.45428506,0.29727447
63,318,-0.48677722,0.4843004,-0.63388014,-0.06849842,-0.117247686,-0.33977473,0.7962345,-0.10017336,0.28586373,0.095206454,0.41935635,-0.44717443,0.1703726,0.33438078,0.43173525,-0.54192376
63,319,0.15207678,-0.6536527,1.1754862,0.22961077,0.5958045,-0.5628641,-0.3943269,0.29995838,0.422628,-0.64361024,0.829792,-0.87629455,-0.09229903,-0.20345145,-0.6483836,-0.11029149
63,321,-0.7525898,-0.4282319,-0.4557443,0.32159644,0.35862675,0.39498442,-0.37527895,-0.5207048,-0.37618864,0.42715895,0.6459801,0.15355036,-1.248736,-0.7399702,-0.07951102,0.038871653
63,323,-0.3400367,-0.20542511,-0.26747218,0.2360782,0.03663682,0.8507341,-0.27355486,-0.044481732,-0.41630933,0.27424544,-0.11443186,0.48529702,-0.29433757,-0.66772467,-0.20369092,0.060711317
63,347,-0.076295584,-0.004006017,-0.30424133,0.023174144,0.2001382,-0.94234306,-0.24590155,-0.48129043,-0.07954015,0.35990655,0.689398,0.12303113,-1.1431576,0.21761936,0.56074417,0.7031657
63,353,-0.4160061,0.32400402,-0.5852396,-0.27732095,-0.20195115,-0.31588447,0.77938604,-0.31796163,0.20552954,0.12034564,0.48701853,-0.5838923,0.033868082,0.47791728,0.5531887,-0.67181176
63,354,0.47228435,-0.71807045,0.5023358,-1.1947694,-0.5314147,0.4623174,-0.43110773,-0.8502064,-0.47203517,-0.23276184,-0.8468373,-0.7853823,-0.0063459724,0.28737035,0.087196395,-1.3774612
63,377,0.8009497,0.008749437,0.21252292,-0.27299997,-0.33439797,-0.44218594,-0.1382612,-0.16325706,-0.058587074,0.058746494,-0.15430859,0.42229655,-0.21462159,0.6622356,0.41058603,0.8282598
63,380,-0.40952545,0.49082223,-0.43370447,0.19361086,0.02022288,-0.021540597,0.4349434,0.2846324,0.19671482,0.02711565,-0.16661617,-0.0939096,0.5216343,-0.11008986,-0.01939509,-0.36380637
63,389,-0.32931316,0.07513311,-0.26212668,-0.2153886,0.08527198,-0.34274703,-0.046069138,-0.09904172,0.024448738,0.014627516,0.0347583,-0.43019378,0.090384856,0.017695785,0.07530612,-0.53380734
63,391,0.66697466,-0.0086535085,0.14027768,-0.2115534,-0.29094657,-0.23445033,-0.18565755,-0.12986821,-0.1242388,0.08289944,-0.22162518,0.46510062,-0.18237479,0.45923683,0.30588302,0.7192309
63,392,-0.17578812,0.56231105,-0.2397305,0.29839125,-0.068981856,0.37009645,0.38768685,0.56896806,0.13909683,0.006965898,-0.6977866,0.32414386,0.89574826,-0.27216783,-0.21796238,-0.19724333
63,402,-0.379525,-0.31695247,-0.28281903,0.29024145,0.12760994,0.7463818,-0.40778685,-0.15852591,-0.45436764,0.2922714,0.09092209,0.4608057,-0.57120097,-0.68749034,-0.17647478,0.18111876
63,414,0.610852,0.06239927,0.08749957,-0.24449104,-0.22669321,-0.6227139,-0.13550535,-0.21460676,-0.035149626,0.11848502,-0.01819431,0.32140616,-0.35416335,0.60124266,0.46183482,0.75944924
63,424,0.7262542,0.052827276,0.13545603,-0.28176776,-0.2735203,-0.67980623,-0.13823314,-0.23479715,-0.027300209,0.10903228,-0.013363011,0.35288012,-0.3798443,0.6978165,0.51257694,0.857574
63,428,-0.8126638,-0.4203972,-0.48902717,0.3147715,0.387464,0.3162229,-0.3499131,-0.5590148,-0.3519206,0.44220775,0.71466243,0.08925307,-1.3083415,-0.729323,-0.055238493,-0.0017928034
63,440,0.037109494,-0.18432477,0.30268773,-0.26273602,0.7371434,-1.4049662,-1.5838876,0.29638264,0.13262272,-0.25128442,-0.63617516,-0.38353735,0.1626102,-0.49357092,-0.5196653,-0.20876557
63,454,0.24604604,-0.39033908,0.30735078,0.23575014,-0.02577892,0.49698967,-0.09522132,-0.039471954,-0.1439773,-0.030721389,0.22995703,0.30551857,-0.22920536,0.0072170943,-0.14530876,0.48874637
63,455,-0.54764795,-0.35667625,-0.33570066,0.28639424,0.24706273,0.50423795,-0.34271607,-0.34532815,-0.37062472,0.33539334,0.37817943,0.24869534,-0.8793781,-0.64627624,-0.12161339,0.077216245
63,457,-0.39578694,-0.2372627,-0.30728006,0.2271852,0.05260699,0.8294934,-0.27188438,-0.10788689,-0.4383916,0.30109775,-0.018182628,0.44140607,-0.40772575,-0.67881143,-0.16580561,0.04433354
63,459,0.514555,-0.7702146,0.53695816,-1.289932,-0.59784067,0.5287614,-0.40076163,-0.93204284,-0.5025073,-0.2518658,-0.87729853,-0.8585368,-0.01891148,0.33499268,0.12593248,-1.4855963
63,464,0.524096,-0.21016303,0.33466977,0.12341778,-0.21947259,0.7541516,-0.16873413,0.15472518,-0.20524925,-0.07233834,-0.37755287,0.621673,0.16447316,-0.02343513,-0.21284825,0.52862895
63,466,-0.495133,-0.32000926,-0.3731225,0.25159854,0.11985336,0.7530922,-0.34128705,-0.23737901,-0.4845895,0.34406662,0.20262353,0.38763952,-0.69617236,-0.71879697,-0.10616686,0.09367644
63,473,-0.38084528,0.12502101,-0.33458322,-0.1756807,0.015884362,-0.21349765,0.17251506,-0.12531105,0.028457642,0.043346323,0.13334092,-0.42363626,0.08771645,0.079282194,0.15170208,-0.54993063
63,474,-0.44755375,-0.26301324,-0.35085437,0.22298059,0.063815735,0.81952834,-0.27287382,-0.16805536,-0.4645483,0.33054087,0.072272,0.41540816,-0.52627504,-0.69769824,-0.12846784,0.040887855
63,476,-0.45512807,0.57063115,-0.5512891,0.12470767,0.016177028,-0.29992563,0.59286964,0.1768525,0.3148729,0.030563924,0.10426164,-0.2502848,0.40964025,0.0832462,0.17499575,-0.39072356
63,489,0.7181611,-0.009880049,0.1731382,-0.21189472,-0.31854507,-0.15633751,-0.18283314,-0.097747944,-0.12990145,0.062888786,-0.28285605,0.51063836,-0.12521966,0.452305,0.2773219,0.7332783
63,494,-0.22479437,0.34838468,0.008903839,0.37032333,0.49185282,-0.3136564,-0.386914,0.6956683,0.21101272,-0.27293426,-0.49845266,0.04989568,0.695537,-0.50641537,-0.54312176,-0.01413209
63,501,-0.4863571,0.48233792,-0.6382739,-0.07400754,-0.12692243,-0.33298475,0.81282115,-0.11167125,0.28463125,0.099900365,0.4315887,-0.45044994,0.16215813,0.3465567,0.44435462,-0.54617316
63,502,-0.22142343,0.43010703,-0.23905787,0.26654828,-0.069065884,0.47163612,0.31986636,0.45231852,0.054653913,0.060918763,-0.6106869,0.3255503,0.7145141,-0.32045865,-0.2107079,-0.20875263
63,503,-0.3614239,-0.35541466,-0.2179752,0.2848552,0.20250668,0.475178,-0.34285736,-0.29821315,-0.32253492,0.27349487,0.33474284,0.31583664,-0.8110974,-0.5244344,-0.12730299,0.2245661
63,507,-0.29134974,-0.17754573,-0.23257715,0.24317056,0.019817978,0.88035625,-0.27350944,0.0080912765,-0.4003316,0.2508871,-0.19691454,0.5286629,-0.20379992,-0.6620964,-0.23475116,0.07717507
63,511,-0.41229215,0.4827703,-0.45077214,0.18289888,-0.08978218,0.21250638,0.56024265,0.25962907,0.12908942,0.075115964,-0.22870986,-0.047867857,0.5614987,-0.1132322,-0.006678492,-0.43487394
63,518,-0.47986066,0.47073385,-0.6260827,-0.06876558,-0.122615725,-0.3183869,0.79370236,-0.108333,0.2752357,0.10007725,0.4190867,-0.4364729,0.15995929,0.33448723,0.43137935,-0.5344337
63,522,0.7197963,0.015797779,0.13938937,-0.25005525,-0.30791426,-0.35511953,-0.1895045,-0.15996152,-0.10957122,0.09297346,-0.20177244,0.46328005,-0.23406352,0.53320456,0.3744215,0.78300464
63,534,-0.4666559,-0.3034868,-0.3516599,0.2536469,0.1185197,0.7311597,-0.34386906,-0.20799384,-0.46441302,0.3266883,0.16341157,0.39183426,-0.638056,-0.6963042,-0.120753504,0.10051998
63,539,0.13909051,-0.581764,1.1267016,0.2979353,0.55829775,-0.34938216,-0.27317965,0.37957957,0.39315748,-0.6570874,0.7070613,-0.74631286,0.05824212,-0.19964541,-0.6699048,-0.046692226
63,546,-0.19638279,0.5464265,-0.27458405,0.27907935,-0.11946429,0.45729366,0.4389334,0.51809007,0.10633837,0.05225497,-0.68598896,0.3427523,0.85414666,-0.2697975,-0.18024877,-0.22640887
63,559,0.091095865,-0.4048945,0.91601413,0.45735264,0.43912023,0.21822263,-0.0475337,0.5216054,0.28620172,-0.6080706,0.29624605,-0.35346156,0.3934114,-0.23722976,-0.71046364,0.08265784
63,565,0.33206376,-0.60153097,0.31557623,-1.118794,-0.538075,0.40272403,-0.15784916,-0.8687164,-0.3965905,-0.14848714,-0.5652289,-0.8121075,-0.056281894,0.39116654,0.24387881,-1.323281
63,567,-0.27899158,0.2858216,-0.20208779,0.26437956,-0.05118701,0.68332916,0.19757104,0.3923334,-0.050789595,0.10006281,-0.59509164,0.40230575,0.55768126,-0.4883543,-0.28304103,-0.2136744
63,582,0.2613652,-0.35152477,0.23808298,0.20633717,-0.052401617,0.4970557,-0.1795257,-0.0548423,-0.1984222,0.015349351,0.1066909,0.39454788,-0.24007826,-0.014452457,-0.118652806,0.51038116
63,588,-0.3400367,-0.20542517,-0.26747218,0.2360782,0.036636822,0.85073406,-0.27355486,-0.044481717,-0.4163093,0.27424544,-0.114431866,0.48529696,-0.29433757,-0.66772467,-0.2036909,0.06071131
63,605,-0.08786659,0.028250434,0.15127236,-0.07046576,0.7025669,-1.2622011,-1.230442,0.42478547,0.22670227,-0.2480895,-0.55955786,-0.30966985,0.29816234,-0.48805916,-0.482364,-0.16903782
63,607,-0.4173447,0.5811899,-0.49433476,0.18084715,0.107186414,-0.4081301,0.4439949,0.2744647,0.35020864,-0.010611869,0.020823434,-0.19084719,0.44845366,0.019946814,0.09104113,-0.2895952
63,609,0.018520981,0.02686809,-0.2293489,-0.02284728,0.13261446,-0.8858518,-0.19011495,-0.4069575,-0.04633704,0.30110723,0.5493967,0.11780131,-0.9348473,0.2901292,0.52138126,0.65170693
63,639,0.3808898,0.034580246,-0.025947906,-0.1491949,-0.091227666,-0.6736612,-0.15997976,-0.27892184,-0.048755474,0.18284094,0.18622507,0.25274235,-0.5589144,0.4620321,0.46167722,0.7079863
63,640,-0.46233934,0.48831567,-0.5402808,0.05809728,-0.016404822,-0.25068587,0.58520734,0.08337538,0.25555396,0.050329894,0.16599779,-0.2994255,0.32073784,0.11389977,0.211139,-0.44406655
63,641,0.7262541,0.052827284,0.13545606,-0.28176776,-0.27352023,-0.67980623,-0.13823314,-0.23479715,-0.027300216,0.10903227,-0.013363019,0.35288012,-0.37984437,0.6978166,0.51257694,0.8575739
63,642,0.5038279,-0.7570152,0.5312427,-1.2579195,-0.58008105,0.52454853,-0.40690908,-0.9066202,-0.49539062,-0.24649228,-0.8718141,-0.8304327,-0.015237056,0.3156409,0.10967776,-1.452958
63,653,-0.4322663,0.5235101,-0.52144504,0.09429416,0.0487849,-0.40029132,0.515193,0.14329925,0.3198298,0.0214376,0.15786879,-0.2714568,0.33006245,0.11636716,0.19224918,-0.35415998
63,660,-0.4705295,0.44771972,-0.5746092,-0.038039178,-0.04991488,-0.35980326,0.6466634,-0.04756613,0.26774156,0.06893949,0.34775692,-0.40726,0.17816892,0.2509102,0.34294415,-0.487756
63,680,0.69718504,0.014515638,0.12933308,-0.24388099,-0.29475865,-0.37355363,-0.18981136,-0.1686934,-0.10755163,0.0984349,-0.17768215,0.4479246,-0.25492114,0.52848685,0.3792493,0.7771678
63,688,-0.17578813,0.562311,-0.2397305,0.29839122,-0.06898184,0.37009645,0.38768685,0.56896806,0.13909683,0.006965898,-0.69778657,0.32414383,0.8957482,-0.27216783,-0.21796238,-0.1972433
63,696,-0.22142343,0.43010706,-0.23905787,0.26654828,-0.069065884,0.47163612,0.31986636,0.45231852,0.054653913,0.060918763,-0.6106869,0.32555026,0.71451414,-0.32045865,-0.21070789,-0.20875263
63,699,-0.5066162,-0.28994545,-0.4012758,0.21896227,0.08654617,0.76250845,-0.27733606,-0.24624524,-0.4826033,0.36028528,0.19151764,0.37031072,-0.6744257,-0.7017169,-0.07477058,0.045124397
63,709,0.69718504,0.014515638,0.12933308,-0.24388102,-0.29475862,-0.37355357,-0.18981136,-0.16869336,-0.10755163,0.0984349,-0.17768215,0.4479246,-0.25492114,0.5284867,0.37924936,0.7771678
63,720,0.92868805,-0.051523134,0.46945357,-0.14229134,-0.4104582,0.26871794,-0.0054609254,0.13140948,-0.044159688,-0.13781735,-0.44609994,0.5713323,0.27587235,0.46942362,0.05306901,0.7154526
63,723,-0.19765507,0.40173307,0.005499728,0.384636,0.44944584,-0.2620899,-0.31163242,0.7385947,0.23038602,-0.2722903,-0.56173426,0.09067042,0.78360075,-0.48978013,-0.54023075,-0.017917912
63,741,-0.43197775,0.60547924,-0.527955,0.16155598,0.08988579,-0.44435012,0.50264716,0.25102916,0.3731355,-0.005644642,0.07081747,-0.22813964,0.43825758,0.06377897,0.13641614,-0.3162924
63,742,-0.48430339,0.47058734,-0.6453692,-0.09928733,-0.14489596,-0.33316785,0.83960986,-0.14558932,0.28177541,0.107917786,0.46423924,-0.4727301,0.13703659,0.38204625,0.4784465,-0.56330985
63,753,0.7809036,0.03138583,0.18704545,-0.28507122,-0.31580058,-0.55219924,-0.13306436,-0.19078434,-0.04020088,0.075276494,-0.10301626,0.38709942,-0.2700953,0.69324315,0.45693222,0.83931893
63,755,0.76655054,-0.19883725,0.58740973,-0.0009404421,-0.29332915,0.3524954,0.18469611,0.14138615,0.057155117,-0.2208574,-0.06708487,0.3369092,0.23145157,0.43121204,-0.04932855,0.62174034
63,756,0.10428813,0.028050032,-0.18684009,-0.053446263,0.085049756,-0.8671908,-0.18647584,-0.39096352,-0.04502777,0.28043064,0.4894151,0.1474141,-0.8797526,0.3405076,0.52483976,0.6836069
63,764,0.0013717562,0.012588881,-0.28238344,-0.015996248,0.16859488,-1.0248017,-0.2410029,-0.49575594,-0.063630305,0.356766,0.6867539,0.13283603,-1.156911,0.29851046,0.61218166,0.764773
63,765,-0.26184344,-0.16033319,-0.20592803,0.24280445,0.017712153,0.86065537,-0.27011305,0.03841147,-0.3777514,0.23025392,-0.23817424,0.5289665,-0.13902825,-0.6359564,-0.24967477,0.078387715
63,767,0.68505514,0.016757034,0.13614428,-0.23662719,-0.29140657,-0.35147017,-0.17538975,-0.1527262,-0.10020655,0.088641085,-0.18747365,0.43733177,-0.22155954,0.5208304,0.3605366,0.75068784
63,768,-0.27345857,0.28691497,-0.19124737,0.2686622,0.0081958175,0.5309305,0.15617304,0.40252778,-0.008510016,0.06375688,-0.54747134,0.317084,0.5635512,-0.44128317,-0.2889068,-0.20316046
63,791,0.7302114,-0.00047731772,0.1569309,-0.24064693,-0.3179865,-0.28327984,-0.1886383,-0.14121872,-0.11884185,0.08173284,-0.22992037,0.4823248,-0.19470224,0.51413846,0.34191498,0.7708263
63,807,-0.28386807,0.0960154,-0.4241729,-0.48772764,-0.29108673,-0.15943272,0.6234275,-0.4982737,0.055070877,0.09146727,0.3509239,-0.67505217,-0.04270283,0.5115454,0.5523988,-0.8228662
63,817,0.78090346,0.03138584,0.18704545,-0.28507116,-0.31580055,-0.55219924,-0.13306436,-0.19078434,-0.04020089,0.075276494,-0.10301626,0.3870994,-0.27009523,0.69324315,0.45693228,0.839319
63,818,0.47666237,-0.72246647,0.5119045,-1.1868997,-0.5357836,0.49389362,-0.42539474,-0.847812,-0.47580302,-0.23330359,-0.85424936,-0.77171415,-0.0065516457,0.2773082,0.077386186,-1.3756045
63,829,0.65682745,0.012507688,0.1305559,-0.22309437,-0.2784952,-0.33423185,-0.17232296,-0.14861944,-0.100571424,0.088253275,-0.17898601,0.42645568,-0.21825345,0.4998863,0.34600705,0.72904044
63,841,1.0132307,0.043929264,0.38556063,-0.25210777,-0.46862143,0.090526894,-0.08340122,0.08995562,-0.07363189,-0.07826091,-0.5834962,0.6480485,0.24808565,0.54657507,0.17069644,0.7779115
63,842,0.7406205,0.0006601475,0.20775992,-0.20302686,-0.33454362,-0.0676177,-0.15692541,-0.045150146,-0.12004174,0.031788267,-0.35099947,0.5294866,-0.025978856,0.43525955,0.22784773,0.703269
63,848,0.8847935,-0.13747397,0.5672252,-0.072228655,-0.36371648,0.31637844,0.1155839,0.14385745,0.023174778,-0.19947867,-0.2364409,0.44865564,0.26502317,0.4799938,0.00083461404,0.6916812
63,850,0.41167828,-0.2698074,0.2915686,0.14162113,-0.14707899,0.57368606,-0.16195402,0.036838695,-0.19021314,-0.032048076,-0.13139123,0.48834452,-0.041919403,0.0224946,-0.13844047,0.5256335
63,871,-0.17578813,0.56231093,-0.2397305,0.29839128,-0.068981856,0.37009645,0.38768685,0.56896806,0.13909683,0.0069659054,-0.69778657,0.32414383,0.89574826,-0.27216783,-0.21796238,-0.19724333
63,881,0.10283515,-0.357056,0.038097538,-0.8816307,-0.44983512,0.21644725,0.14551775,-0.7484118,-0.24007517,-0.045803055,-0.19912578,-0.7535721,-0.07044533,0.44693413,0.37339464,-1.1195618
63,885,0.66089785,0.015166782,0.12949982,-0.2270149,-0.27876568,-0.3524822,-0.17230773,-0.1537151,-0.09799002,0.09021353,-0.17210913,0.4240477,-0.22785912,0.509318,0.35548094,0.7366943
63,889,0.24306169,-0.80159414,1.2057447,0.5239493,0.1857574,0.55123156,0.94882214,0.20724979,0.5255748,-0.62860316,1.5225854,-0.67315316,0.051731993,0.34889856,-0.45428506,0.2972745
63,896,0.03788203,-0.32311037,0.71434695,0.48412532,0.364241,0.45816046,-0.04064382,0.5028196,0.18898058,-0.484762,0.055821985,-0.1220868,0.45283127,-0.3079593,-0.6862279,0.098970704
63,901,-0.1318183,0.011986233,-0.29732,0.04062198,0.19024979,-0.74042296,-0.22190148,-0.3864495,-0.091400854,0.32197362,0.5296289,0.118465535,-0.9274897,0.118052155,0.43691257,0.5436893
63,904,-0.1976953,0.49409303,-0.25255328,0.27230465,-0.10076591,0.46407273,0.3868156,0.4877206,0.08218177,0.055366687,-0.6525276,0.3409261,0.7927827,-0.28384322,-0.19118002,-0.21021396
63,917,-0.48383442,0.46758315,-0.60304886,-0.055164844,-0.06955603,-0.3771479,0.7016109,-0.06630695,0.28281584,0.073570326,0.38253754,-0.43931246,0.17580551,0.28572887,0.38050303,-0.51899207
63,926,-0.13165382,-0.6766645,0.58641696,0.07378277,0.35759562,-0.0014892966,-0.48976016,-0.12489606,0.039141238,-0.16925038,0.53179747,-0.49521643,-0.49122465,-0.43385673,-0.4315268,-0.2951937
63,927,-0.48907122,-0.3244025,-0.19098383,0.047583528,-0.012413546,0.88167965,-0.053757794,-0.2326436,-0.36006778,0.24782111,0.034080982,0.1308468,-0.36877137,-0.56432617,-0.14224051,-0.35633123
63,942,0.6962043,0.0017987005,0.14570716,-0.22943068,-0.30371016,-0.26985127,-0.18386559,-0.13474572,-0.11787395,0.0826447,-0.22748321,0.46830827,-0.18451993,0.49040982,0.32697234,0.7400212
63,943,0.24081236,-0.46509695,0.23477021,-0.9252276,-0.33714992,0.0862326,-0.29284328,-0.6621807,-0.2948853,-0.14725141,-0.4874816,-0.71579385,-0.01869984,0.30335605,0.17849892,-1.0681171
63,952,-0.29613143,-0.5696272,0.20934367,0.04093401,0.19436069,0.39472198,-0.3656187,-0.25677735,-0.17376393,0.059091505,0.31484097,-0.20771223,-0.53838867,-0.4882145,-0.28460747,-0.31781074
63,992,-0.21412489,0.40708295,-0.19721687,0.29025075,-0.026747294,0.48219627,0.2502652,0.49317983,0.056677207,0.037074644,-0.6379477,0.3429557,0.73107636,-0.37396023,-0.2743975,-0.18778265
63,1010,0.3803648,-0.28991744,0.28664774,0.15729958,-0.12662277,0.55939686,-0.16007185,0.018835323,-0.18832925,-0.026073985,-0.076148815,0.46287698,-0.08046785,0.018515408,-0.13662499,0.5209118
63,1016,-0.2500445,0.28384522,-0.18022574,0.266791,-0.05175197,0.6760374,0.18604189,0.3990654,-0.049445428,0.09274341,-0.60359204,0.41954225,0.56696814,-0.47162408,-0.285923,-0.18474951
63,1035,-0.41944808,0.42214754,-0.43183684,0.15852441,-0.0822335,0.24492732,0.51065063,0.21735048,0.07910846,0.084910795,-0.20528463,-0.04726284,0.49213654,-0.13671586,-0.009697422,-0.433552
63,1051,0.1221613,-0.48603585,1.0304241,0.4034678,0.496847,-0.0056754053,-0.14207798,0.48092645,0.34106174,-0.64658535,0.46133536,-0.5187559,0.27378523,-0.22704539,-0.71387184,0.03470333
63,1076,-0.49019945,0.47277972,-0.65813303,-0.11935568,-0.15472986,-0.3504966,0.86267745,-0.16522342,0.28751752,0.10990904,0.48971295,-0.50069624,0.12665637,0.40831754,0.5046673,-0.5858414
63,1084,0.6108519,0.062399276,0.08749955,-0.24449104,-0.22669324,-0.622714,-0.13550535,-0.21460676,-0.035149626,0.118485026,-0.018194318,0.32140616,-0.35416335,0.60124266,0.46183482,0.75944924
63,1112,0.50723517,-0.6542637,1.1342541,0.3703159,0.0011756569,0.5341094,0.81002724,0.21807072,0.43665344,-0.56909746,1.0898619,-0.3821349,0.16369352,0.4638888,-0.34400308,0.45465943
63,1117,-0.52951944,-0.30980086,-0.4118126,0.23009929,0.101497486,0.7675653,-0.30022806,-0.26208463,-0.49438962,0.36799026,0.22199054,0.37001324,-0.72236085,-0.72602284,-0.07634667,0.054010473
63,1126,0.0038167834,-0.16432571,0.25252345,-0.27585736,0.6810763,-1.33216,-1.4567349,0.25375637,0.12514046,-0.23089091,-0.5755319,-0.40951896,0.15547772,-0.44296753,-0.46260175,-0.25711536
63,1128,-0.10980286,0.06417218,0.10962496,-0.05142811,0.654224,-1.1788088,-1.1116848,0.41772154,0.22769412,-0.22953351,-0.5344009,-0.29559514,0.31808805,-0.46029454,-0.44960636,-0.18410298
63,1131,-0.25004447,0.28384525,-0.18022574,0.266791,-0.05175197,0.6760374,0.18604189,0.39906538,-0.04944542,0.09274341,-0.6035921,0.41954222,0.56696814,-0.47162405,-0.285923,-0.18474951
63,1134,-0.49968487,0.5180192,-0.6582095,-0.068911046,-0.116967335,-0.37955725,0.82770646,-0.09174306,0.31311554,0.09041146,0.4341715,-0.4686426,0.18718901,0.349861,0.44821593,-0.55647016
63,1142,0.6794621,0.015705988,0.12538078,-0.2365309,-0.2888552,-0.35177296,-0.18605386,-0.15932089,-0.10813475,0.09644986,-0.18602529,0.4438712,-0.23742326,0.51022446,0.36377048,0.7548569
63,1148,-0.42630404,-0.25275943,-0.335145,0.22377217,0.05622324,0.8327741,-0.27160138,-0.14286843,-0.4571041,0.32099319,0.031105801,0.43027738,-0.4764291,-0.69431734,-0.14427893,0.04059589
63,1152,-0.46435717,-0.18340844,-0.22310805,0.086827554,-0.023822837,0.82818455,0.020941429,-0.1064341,-0.30720922,0.22616996,-0.077185765,0.18747857,-0.17417733,-0.53532565,-0.14412443,-0.32215703
63,1157,-0.26454657,0.2955192,-0.19216001,0.26757464,-0.044652745,0.6571288,0.19533843,0.40605456,-0.038572036,0.08889569,-0.6001533,0.3978318,0.5775989,-0.47335747,-0.28671485,-0.20343977
63,1164,0.68779516,-0.32381687,0.7258354,0.10562843,-0.21720046,0.4190414,0.36374044,0.16036507,0.15762416,-0.31040084,0.24549179,0.14798285,0.21566446,0.4394658,-0.12894513,0.57581055
63,1171,-0.4776805,-0.28045356,-0.3786612,0.22294118,0.070521995,0.81745905,-0.2795475,-0.20467001,-0.48297334,0.35031176,0.122956485,0.4069856,-0.60092604,-0.7147161,-0.10695808,0.04387849
63,1177,0.72982657,-0.006275745,0.17870513,-0.2150921,-0.324867,-0.14902411,-0.18071797,-0.09152251,-0.12890093,0.059109814,-0.29639634,0.5177227,-0.11245467,0.45535097,0.27507854,0.7358079
63,1194,-0.1318183,0.01198623,-0.29732,0.04062198,0.19024977,-0.740423,-0.22190148,-0.3864495,-0.09140086,0.32197362,0.52962893,0.118465535,-0.92748964,0.118052185,0.4369125,0.5436893
63,1195,-0.028673947,-0.68406975,0.82259107,0.13239951,0.45771623,-0.22742309,-0.47340834,0.030547287,0.18411309,-0.3530655,0.6670358,-0.6547114,-0.36352217,-0.35564575,-0.5208217,-0.22972387
63,1199,0.8474103,-0.14399266,0.55572224,-0.05857183,-0.34555167,0.32026318,0.11878987,0.14053932,0.023332983,-0.195679,-0.21212395,0.429067,0.25446224,0.45930162,-0.008176893,0.6688795
63,1207,-0.4643572,-0.18340844,-0.22310805,0.086827554,-0.02382283,0.82818455,0.020941429,-0.10643407,-0.30720925,0.22616996,-0.077185765,0.18747857,-0.1741773,-0.53532565,-0.14412443,-0.32215706
63,1213,0.64682925,0.0031865276,0.13941559,-0.21352148,-0.2720738,-0.32800382,-0.16309136,-0.1467104,-0.0946137,0.082303174,-0.16173512,0.41228676,-0.21460418,0.5016515,0.3377169,0.71993285
63,1218,-0.056781262,-0.19404969,0.31090552,0.4213695,0.18423843,0.76271147,-0.115615815,0.37620342,-0.051361576,-0.18409239,-0.2554837,0.2749413,0.3571052,-0.4600379,-0.5476652,0.110479124
63,1226,1.0456494,0.02825518,0.43185925,-0.23136842,-0.48251694,0.19026104,-0.07103294,0.12760061,-0.07290227,-0.10770702,-0.61936456,0.6760934,0.30622214,0.5294484,0.12343362,0.7809652
63,1229,0.58383334,-0.20260507,0.3595357,0.10505085,-0.24808818,0.75954825,-0.1654455,0.16486856,-0.20198058,-0.08368774,-0.41285795,0.6497413,0.18876149,0.006818548,-0.20527895,0.5612918
63,1230,-0.30522048,-0.18513516,-0.24277854,0.23934652,0.0256541,0.862435,-0.2726249,-0.007981844,-0.40230405,0.25709304,-0.1711179,0.51029974,-0.22811647,-0.65784526,-0.22389165,0.070507474
63,1231,-0.4119658,0.5975789,-0.49956346,0.19432871,0.09440664,-0.38161325,0.4728535,0.28564486,0.35372952,-0.00517413,0.004776217,-0.17093617,0.47063076,0.021336317,0.092092484,-0.2831666
63,1233,0.38693544,-0.6508458,0.3666462,-1.2102478,-0.57395893,0.40771043,-0.20742555,-0.9214592,-0.42263362,-0.17667852,-0.63522065,-0.86932814,-0.053225093,0.41647246,0.24649766,-1.4095652
63,1258,-0.45576113,0.54363155,-0.54474884,0.10864853,0.010417074,-0.2845872,0.58337665,0.15100384,0.29620323,0.03600059,0.12136534,-0.25946257,0.38088983,0.08762875,0.18111491,-0.3991027
63,1262,-0.15748328,-0.17453787,0.059895746,0.33590126,0.105981946,0.81261104,-0.20109119,0.21663707,-0.21116513,0.018572755,-0.2566198,0.40624732,0.12425582,-0.5520859,-0.4105107,0.09220887
63,1263,0.32284853,-0.39119172,0.3009469,0.22517446,-0.07257964,0.5707021,-0.17985769,-0.04223036,-0.20182106,-0.011631601,0.11004253,0.4269768,-0.23327155,-0.0008300841,-0.14274837,0.5637367
63,1264,0.5581142,-0.19553071,0.3423214,0.094581276,-0.2364811,0.69775313,-0.15071642,0.14483397,-0.18872258,-0.076765135,-0.3771987,0.6073827,0.16829714,0.028872505,-0.18205549,0.5397624
63,1273,0.018520981,0.026868094,-0.2293489,-0.022847265,0.13261446,-0.8858518,-0.19011495,-0.4069575,-0.04633703,0.30110723,0.54939675,0.11780131,-0.9348473,0.29012918,0.52138114,0.6517068
63,1279,-0.38503605,0.41278723,-0.33982864,0.2073344,0.05527015,0.11268291,0.29362065,0.33854434,0.105459616,0.0072290674,-0.2916731,-0.019312687,0.54633474,-0.24067625,-0.1390404,-0.3426512
63,1295,-0.14540398,0.039192736,-0.1854323,-0.4843946,0.050433405,-0.75692916,-0.09698204,-0.28553677,0.13129315,-0.091316655,0.11271314,-0.6889853,-0.023016848,0.33781686,0.30086455,-0.61538833
63,1296,-0.5236243,-0.32345545,-0.39841145,0.245812,0.11841374,0.7616073,-0.330319,-0.25832978,-0.4959635,0.36047125,0.23078556,0.3781968,-0.7346693,-0.7341541,-0.090893686,0.07853366
63,1298,0.78090346,0.03138583,0.18704543,-0.2850712,-0.3158006,-0.55219924,-0.13306436,-0.19078434,-0.040200874,0.075276494,-0.10301626,0.3870994,-0.2700953,0.69324315,0.45693228,0.839319
63,1301,0.26136518,-0.35152477,0.23808292,0.20633717,-0.052401617,0.49705565,-0.1795257,-0.0548423,-0.1984222,0.015349343,0.10669091,0.39454788,-0.24007829,-0.014452472,-0.118652806,0.51038116
63,1313,0.45857725,-0.7182063,0.46664125,-1.2481661,-0.5829657,0.47540277,-0.33003104,-0.91936827,-0.46959043,-0.21906175,-0.78193027,-0.8529425,-0.030492738,0.3618634,0.16791996,-1.442911
63,1315,-0.0013961941,-0.16265395,0.24187744,-0.2717055,0.66108865,-1.288818,-1.4178593,0.2417981,0.11703941,-0.22106965,-0.56174254,-0.40000844,0.15143105,-0.43284702,-0.4507381,-0.25855768
63,1329,-0.25525033,0.26060972,-0.18380281,0.25726897,-0.06284067,0.7009475,0.18439648,0.36833563,-0.071149565,0.1077127,-0.5811926,0.42551306,0.5267443,-0.47109213,-0.2724273,-0.18408912
63,1330,0.9276943,0.033804037,0.33248726,-0.2359752,-0.42771232,0.050517842,-0.10188111,0.055171255,-0.085983805,-0.04756114,-0.520437,0.6111469,0.17732051,0.50881004,0.18204945,0.74681234
63,1345,-0.19638279,0.5464265,-0.27458405,0.27907935,-0.11946432,0.45729363,0.4389334,0.51809007,0.10633837,0.05225497,-0.685989,0.3427523,0.8541466,-0.2697975,-0.18024875,-0.22640887
63,1361,-0.39792383,0.45671707,-0.43370417,0.17894249,-0.087158784,0.21539098,0.537411,0.24182978,0.11771047,0.07899299,-0.21494277,-0.037575625,0.5315424,-0.10644068,-0.005057439,-0.4122083
63,1366,0.51455486,-0.7702147,0.5369583,-1.2899318,-0.5978406,0.5287614,-0.40076157,-0.9320427,-0.5025073,-0.2518658,-0.87729853,-0.8585368,-0.01891148,0.33499262,0.12593248,-1.4855963
63,1367,-0.36152536,0.41051582,-0.2727523,0.24485704,0.15894344,0.004421994,0.13994832,0.4266359,0.13435814,-0.058121756,-0.34175408,-0.012004055,0.5875444,-0.3101802,-0.23143119,-0.27968433
63,1368,0.6850743,-0.012963956,0.17950976,-0.21615079,-0.2844958,-0.3403284,-0.14081022,-0.14583111,-0.07601707,0.06446807,-0.13739541,0.400632,-0.20269872,0.5520475,0.34242955,0.7403867
63,1375,-0.45964965,0.44260314,-0.5964035,-0.053482622,-0.11599028,-0.2766781,0.7550185,-0.10283675,0.25339752,0.10358776,0.39201754,-0.39516085,0.15161157,0.31030348,0.4040303,-0.49802268
63,1390,-0.47567478,0.54310995,-0.5997789,0.011177748,-0.018401816,-0.44546425,0.665056,0.043120448,0.33912668,0.042819217,0.29657012,-0.39341122,0.2745704,0.23508376,0.3211374,-0.46702173
63,1391,-0.5413955,-0.3612062,-0.33655348,0.29003996,0.24318147,0.52431995,-0.3548897,-0.34219706,-0.38139176,0.33832017,0.3688221,0.26763448,-0.8807606,-0.65882105,-0.12549195,0.08885271
63,1407,0.53818583,-0.24464577,0.35261014,0.11980229,-0.21458068,0.6845714,-0.16011196,0.1063752,-0.19409257,-0.07026598,-0.28175402,0.58436257,0.083691955,0.03415911,-0.17323115,0.5693911
63,1408,-0.2966376,0.38377964,-0.12365249,0.3163479,0.34989145,-0.17994685,-0.1526567,0.582107,0.18105724,-0.18159993,-0.43046474,0.013078086,0.65358275,-0.4284614,-0.40683493,-0.14316949
63,1409,-0.32410628,0.3684226,-0.39715114,-0.25530356,0.26278234,-1.2895584,-0.013517305,-0.03395994,0.41117543,-0.11006762,0.34220976,-0.68906313,0.051413856,0.34495118,0.3330534,-0.40987632
63,1412,-0.2486775,0.31674886,-0.18203029,0.27710462,-0.03824553,0.63375354,0.19848916,0.43561828,-0.019667424,0.073922575,-0.6202084,0.3984513,0.61869055,-0.46357614,-0.29788083,-0.19483331
63,1416,-0.48194084,-0.346044,-0.3054776,0.29160127,0.21190439,0.5814344,-0.36973357,-0.2776212,-0.39426324,0.31380397,0.2803464,0.32090726,-0.76765984,-0.6540603,-0.14768893,0.11886243
63,1422,-0.47460636,0.4418447,-0.59829944,-0.06689043,-0.09740804,-0.32203013,0.725178,-0.099113055,0.25824487,0.09070906,0.3965425,-0.4288259,0.15014353,0.30218455,0.39753106,-0.5212861
63,1425,-0.26319107,0.3145315,-0.19560315,0.2722559,-0.0019429624,0.522787,0.18164214,0.4211805,0.0051146895,0.059794016,-0.5665414,0.32185328,0.60005367,-0.42650655,-0.28390032,-0.20392132
63,1441,0.12216121,-0.48603585,1.0304242,0.4034678,0.49684697,-0.0056753904,-0.14207798,0.48092648,0.3410618,-0.64658535,0.46133536,-0.5187559,0.27378523,-0.22704539,-0.71387184,0.034703337
63,1458,0.5417298,-0.19016254,0.33231458,0.09384784,-0.22990674,0.68410665,-0.14788583,0.14245662,-0.18614295,-0.073247805,-0.37210137,0.5955182,0.16707605,0.026268646,-0.17959864,0.52606404
63,1480,-0.21388379,-0.023278583,-0.08733109,-0.2449806,0.2653951,-0.618847,-0.51138806,-0.0015792921,0.03168516,-0.056364864,-0.17391154,-0.40971994,0.10280083,-0.13393354,-0.10366227,-0.443609
63,1482,-0.22268884,0.4410429,-0.23947221,0.27342844,-0.0686501,0.4822517,0.32327595,0.46962494,0.059583858,0.058045413,-0.6297823,0.3340065,0.7356811,-0.3335504,-0.22116786,-0.21264875
63,1483,0.52156687,-0.26622993,0.34347278,0.12655187,-0.20130786,0.65611404,-0.17159607,0.07551431,-0.20041727,-0.057462722,-0.22593388,0.5710624,0.021803211,0.038033232,-0.15605463,0.5867436
63,1484,-0.80368924,-0.40051278,-0.481026,0.32037443,0.39705598,0.2732745,-0.34655482,-0.54011405,-0.3311882,0.43267262,0.6993928,0.082381606,-1.2744803,-0.7064458,-0.058186404,0.00092276186
63,1486,-0.50661623,-0.28994548,-0.40127584,0.21896228,0.08654617,0.7625084,-0.27733606,-0.24624527,-0.48260337,0.36028528,0.1915176,0.3703107,-0.6744258,-0.7017169,-0.07477058,0.045124404
63,1498,-0.41993272,0.42733672,-0.43474978,0.16010301,-0.08239184,0.23899892,0.51657045,0.21934387,0.08503109,0.08364847,-0.20310347,-0.051339127,0.49700707,-0.13231188,-0.008023441,-0.43507758
63,1504,-0.5224358,-0.45665708,-0.16551286,0.016392052,0.011782207,0.91126233,-0.14334387,-0.34858197,-0.40557998,0.2671811,0.14244796,0.0716576,-0.5551255,-0.59986395,-0.14765126,-0.38726127
63,1522,0.10283521,-0.357056,0.038097523,-0.88163084,-0.44983506,0.21644725,0.14551774,-0.74841183,-0.24007517,-0.045803055,-0.19912577,-0.753572,-0.07044534,0.44693413,0.37339464,-1.1195619
63,1526,0.74002874,-0.0050835535,0.18588394,-0.21630555,-0.32997546,-0.14054136,-0.17791024,-0.08572781,-0.12743336,0.05457472,-0.3059129,0.52284706,-0.10111989,0.45847097,0.2717475,0.7382423
63,1532,0.75474334,-0.0048439447,0.20416173,-0.2120204,-0.33869097,-0.09935431,-0.16853143,-0.06475361,-0.12471288,0.040742844,-0.33287868,0.5339643,-0.062023126,0.45320114,0.2508087,0.7313032
63,1533,0.7197963,0.015797779,0.1393894,-0.2500553,-0.30791423,-0.35511953,-0.18950449,-0.15996155,-0.109571226,0.09297346,-0.20177244,0.46328005,-0.23406352,0.53320444,0.3744215,0.7830046
63,1545,0.9509673,0.02978792,0.33544952,-0.24653035,-0.43625993,0.023540929,-0.11030702,0.04031993,-0.08846638,-0.042732865,-0.50960106,0.6187283,0.15104118,0.53125334,0.20303437,0.7770376
63,1562,0.5557599,-0.20044437,0.34687662,0.1103341,-0.23561266,0.7505907,-0.16307732,0.16263345,-0.20007497,-0.07932849,-0.4010988,0.6331671,0.1851394,-0.0035633594,-0.20748493,0.5410447
63,1569,0.5581142,-0.19553071,0.3423214,0.09458128,-0.23648113,0.6977532,-0.15071641,0.14483398,-0.18872258,-0.07676512,-0.3771987,0.6073827,0.16829713,0.028872505,-0.18205549,0.5397624
63,1586,-0.269775,0.30842948,-0.1939163,0.2756877,0.0027763993,0.53777915,0.171472,0.42435172,0.0011617765,0.060068857,-0.5719428,0.32714623,0.59683776,-0.44521224,-0.29434204,-0.20649153
63,1590,-0.3017661,0.32700443,-0.23300815,0.08925436,0.26046765,-0.472233,-0.1567298,0.32698452,0.20447123,-0.06895685,-0.30115348,-0.18347424,0.43892246,-0.23862064,-0.17677826,-0.3066697
63,1592,0.5119786,-0.6828334,1.1805753,0.3874707,0.011623628,0.5411497,0.8510792,0.22453117,0.46351612,-0.5959081,1.1593834,-0.42250508,0.16274911,0.47900793,-0.3585735,0.45703837
63,1613,0.47666243,-0.7224664,0.5119044,-1.1868994,-0.5357836,0.49389362,-0.42539477,-0.847812,-0.47580305,-0.23330362,-0.8542494,-0.7717141,-0.0065516457,0.27730817,0.0773862,-1.3756045
63,1618,0.13752937,-0.25846022,0.09469899,0.20485096,-0.03320571,0.63519496,-0.24873014,-0.0064525306,-0.2606222,0.067852676,-0.09555606,0.49258995,-0.19418968,-0.24124853,-0.18384889,0.39506724
63,1619,0.726254,0.052827284,0.13545603,-0.28176776,-0.27352026,-0.6798062,-0.13823313,-0.23479718,-0.027300224,0.10903228,-0.013363011,0.35288012,-0.3798443,0.6978165,0.51257694,0.8575739
63,1620,-0.49288028,0.49341688,-0.6486485,-0.0785175,-0.12798943,-0.3508314,0.8255613,-0.112435706,0.2939247,0.098225586,0.4412173,-0.4643553,0.16543418,0.35539815,0.45386901,-0.55685407
63,1622,-0.54764795,-0.35667625,-0.3357007,0.28639424,0.24706274,0.5042379,-0.3427161,-0.34532815,-0.37062472,0.33539337,0.37817943,0.24869534,-0.8793781,-0.64627624,-0.12161339,0.07721626
63,1626,0.4746674,-0.7283737,0.48493153,-1.2582633,-0.5664212,0.44126686,-0.38427085,-0.90850145,-0.47318363,-0.23450159,-0.81340694,-0.8586552,-0.022100508,0.3491564,0.15185717,-1.4393766
63,1628,0.24558258,-0.26869565,0.15795046,0.19397593,-0.08099607,0.6924073,-0.24858303,0.020003885,-0.26179296,0.039190292,-0.14920875,0.55172354,-0.14889221,-0.20253202,-0.19259878,0.4623278
63,1635,-0.1855883,0.46347404,-0.07302253,0.36108387,0.27334672,-0.044903353,-0.0681779,0.6922586,0.20647478,-0.18573086,-0.61893094,0.16948886,0.8402874,-0.41555646,-0.4362006,-0.08038768
63,1645,-0.07545595,-0.6989468,0.7391618,0.10926519,0.41925627,-0.11761595,-0.47946328,-0.03893283,0.12100284,-0.2834829,0.63032883,-0.59927326,-0.4322909,-0.39533758,-0.49067456,-0.26143637
63,1649,0.555778,-0.23487741,0.35867682,0.113716476,-0.2257505,0.7003073,-0.15885237,0.12014723,-0.19409055,-0.076022714,-0.3137572,0.5988479,0.11072094,0.034440592,-0.17890112,0.57031125
63,1652,-0.08786659,0.028250441,0.15127236,-0.07046577,0.7025669,-1.2622012,-1.230442,0.42478547,0.2267023,-0.24808948,-0.5595579,-0.30966985,0.29816234,-0.48805913,-0.48236403,-0.16903782
63,1655,0.6716161,-0.014585394,0.14557067,-0.20506433,-0.2938406,-0.20118304,-0.18969627,-0.12266851,-0.13087733,0.07983842,-0.23372214,0.47994843,-0.17439617,0.44466093,0.29290894,0.7213601
63,1669,0.6108519,0.06239927,0.08749957,-0.24449101,-0.22669321,-0.62271404,-0.13550535,-0.21460673,-0.035149634,0.11848502,-0.018194318,0.32140616,-0.3541633,0.60124266,0.46183482,0.7594493
63,1673,-0.3614239,-0.3554146,-0.2179752,0.2848552,0.20250669,0.47517803,-0.3428574,-0.29821315,-0.32253492,0.2734949,0.33474284,0.31583667,-0.8110974,-0.52443445,-0.12730299,0.22456607
63,1688,-0.16981106,0.5353796,-0.1996285,0.3079228,0.00032322854,0.27612612,0.29280984,0.58603275,0.15139455,-0.032788962,-0.6707997,0.29004115,0.874772,-0.28765947,-0.25735724,-0.16460991
63,1701,-0.41063148,0.54254544,-0.48856077,0.18306425,-0.096704796,0.122021176,0.63337934,0.25894627,0.1927264,0.07102216,-0.17630872,-0.0789512,0.5787377,-0.045277923,0.046598345,-0.4319853
63,1711,-0.38629603,-0.55933696,0.055562265,0.011211649,0.1178111,0.61109674,-0.29793888,-0.34142676,-0.28305942,0.16082555,0.26087683,-0.104098596,-0.60151434,-0.5287817,-0.21502519,-0.352568
63,1720,0.40600136,-0.6681484,0.38445708,-1.2414687,-0.5873427,0.41235518,-0.22239648,-0.94019717,-0.4316985,-0.18606801,-0.6587013,-0.8884073,-0.05282852,0.42521742,0.24771082,-1.4394242
63,1728,-0.4623393,0.48831567,-0.54028076,0.05809728,-0.01640483,-0.25068587,0.58520734,0.08337538,0.25555396,0.050329894,0.16599779,-0.29942554,0.32073784,0.11389977,0.21113893,-0.44406655
63,1729,0.37004408,0.044520594,-0.08132209,-0.15958774,-0.047038242,-0.9268828,-0.18578416,-0.38510865,-0.03243351,0.24197665,0.37254214,0.22985797,-0.8099074,0.5305462,0.5985589,0.83660126
63,1737,-0.086265326,-0.1421811,-0.19101498,-0.7101503,-0.38207468,0.027935162,0.3884137,-0.64464444,-0.098439544,0.020641133,0.079370156,-0.73800755,-0.06418991,0.4962798,0.4774767,-0.99701375
63,1739,-0.30679005,-0.35013387,-0.18329939,0.2791472,0.17851867,0.49477607,-0.33720443,-0.26994792,-0.31777605,0.25233048,0.29463458,0.33814383,-0.75417536,-0.49607402,-0.13396217,0.24962777
63,1741,0.27560863,-0.5111099,0.27644846,-0.96327823,-0.37536272,0.17629145,-0.30734232,-0.6943344,-0.335465,-0.1561726,-0.55107766,-0.7175032,-0.012941457,0.29553327,0.1619092,-1.1156206
63,1747,0.685055,0.016757034,0.13614425,-0.23662719,-0.2914066,-0.35147017,-0.17538975,-0.1527262,-0.10020655,0.08864108,-0.18747365,0.43733174,-0.22155954,0.5208305,0.3605366,0.75068784
63,1754,-0.40854466,0.53435534,-0.498232,0.16998364,-0.13996372,0.18886383,0.68853545,0.22879204,0.17287874,0.09172264,-0.16651425,-0.07339262,0.5706425,-0.02215454,0.0715722,-0.45323142
63,1755,0.7685344,0.010258537,0.205722,-0.26083025,-0.3216856,-0.41975695,-0.12984388,-0.15190819,-0.05617591,0.056137178,-0.15675241,0.40787336,-0.19320363,0.63839185,0.39002743,0.79249525
63,1756,0.7197963,0.015797779,0.13938937,-0.2500553,-0.30791423,-0.35511947,-0.1895045,-0.15996155,-0.109571226,0.09297346,-0.20177242,0.46328005,-0.23406352,0.53320456,0.3744215,0.78300464
63,1757,-0.49019945,0.47277972,-0.6581331,-0.11935571,-0.15472984,-0.3504966,0.86267745,-0.16522342,0.28751755,0.10990904,0.4897129,-0.50069624,0.12665635,0.40831754,0.5046673,-0.5858414
63,1765,0.10428816,0.028050035,-0.18684009,-0.053446263,0.085049756,-0.86719066,-0.18647584,-0.39096352,-0.045027763,0.28043067,0.48941505,0.14741409,-0.8797525,0.3405076,0.5248399,0.6836069
63,1767,0.022255853,-0.17444572,0.28260475,-0.27016848,0.71972793,-1.3904178,-1.5396678,0.28213203,0.13334718,-0.24631284,-0.6123576,-0.4010743,0.16141517,-0.4741203,-0.49762124,-0.23182112
63,1769,-0.50603724,-0.31373027,-0.3802721,0.24558142,0.12136735,0.73581296,-0.3298378,-0.24168098,-0.47829068,0.3454613,0.21147336,0.37077922,-0.6971393,-0.71171176,-0.09843523,0.07981596
63,1780,-0.17019582,-0.3066914,-0.10232013,0.25659984,0.113936685,0.52727854,-0.3062622,-0.17486015,-0.2976607,0.19296774,0.16239892,0.38689512,-0.5546803,-0.41242245,-0.14730643,0.29434562
63,1781,-0.30880827,0.39418906,-0.14403132,0.3076856,0.32899594,-0.16070919,-0.11276586,0.56983286,0.17843643,-0.17122494,-0.42209685,0.00484968,0.65459496,-0.41824535,-0.3875233,-0.1671136
63,1782,-0.38810313,0.061000086,-0.2292572,0.18842342,-0.03769374,0.7783309,0.09805094,0.15840891,-0.191121,0.16928078,-0.3551339,0.3235001,0.20546678,-0.5400388,-0.22320883,-0.26397157
63,1793,-0.17112178,0.54871136,-0.20531127,0.311359,-0.006084293,0.2866835,0.30655536,0.59693384,0.1556564,-0.03190557,-0.68588936,0.29667097,0.8934089,-0.29199594,-0.25863317,-0.1708107
63,1799,0.03764075,-0.6825702,0.9614585,0.16119485,0.5122378,-0.3720672,-0.45586142,0.12277296,0.27260125,-0.46141225,0.7472884,-0.7516111,-0.28294945,-0.3000819,-0.5659964,-0.19063157
63,1805,-0.4357646,0.59063864,-0.5317308,0.16159442,0.04910339,-0.3316151,0.5497321,0.23031399,0.33501735,0.015627779,0.05631675,-0.20967558,0.44502354,0.055518776,0.13894796,-0.3399886
63,1809,0.7406206,0.0006601438,0.20775995,-0.20302689,-0.33454365,-0.06761767,-0.15692541,-0.045150146,-0.12004174,0.031788267,-0.35099947,0.52948666,-0.025978856,0.4352596,0.22784773,0.70326906
63,1812,-0.1318183,0.01198623,-0.29732,0.04062199,0.19024979,-0.740423,-0.22190148,-0.3864495,-0.091400854,0.32197362,0.5296289,0.118465535,-0.92748976,0.118052185,0.4369125,0.5436893
63,1813,-0.0389729,-0.19614398,0.35353273,0.43390134,0.1976127,0.7497294,-0.10004275,0.4029916,-0.02314315,-0.21910565,-0.25364792,0.25047892,0.39662737,-0.4420854,-0.5695357,0.11360466
63,1824,2.2679567e-05,-0.20420766,0.45930576,0.46712965,0.23827773,0.7048226,-0.06632891,0.4656105,0.050539,-0.3080517,-0.24146654,0.17875528,0.48928475,-0.3942122,-0.6236958,0.117564104
63,1825,-0.3808453,0.12502101,-0.3345832,-0.17568067,0.015884362,-0.2134976,0.17251505,-0.12531105,0.028457657,0.043346327,0.13334092,-0.4236362,0.087716445,0.079282224,0.15170208,-0.54993063
63,1826,-0.45504558,0.32184598,-0.47280163,-0.07253799,-0.016293965,-0.23837908,0.4399474,-0.0420976,0.15116465,0.051740877,0.20150457,-0.40359908,0.19308023,0.12563103,0.2183524,-0.538968
63,1828,0.8056791,0.00866726,0.2437127,-0.2189183,-0.3655678,-0.050887242,-0.14574426,-0.025144693,-0.111532785,0.01238516,-0.39332992,0.555992,0.017519694,0.46891323,0.22711122,0.73113525
63,1837,0.48474857,-0.73970705,0.5086067,-1.23522,-0.5723319,0.5141788,-0.38318148,-0.8958821,-0.4869353,-0.23864253,-0.8429689,-0.8237785,-0.016189232,0.31923845,0.121100664,-1.4297004
63,1842,-0.08786659,0.028250441,0.15127236,-0.07046576,0.7025669,-1.2622012,-1.230442,0.42478547,0.22670227,-0.24808948,-0.55955786,-0.30966985,0.29816234,-0.48805916,-0.48236406,-0.16903782
63,1843,-0.37246925,0.4174443,-0.30197123,0.23071876,0.118048236,0.044447064,0.20445374,0.3964106,0.12572597,-0.03344761,-0.3247139,-0.016021334,0.5776323,-0.2835685,-0.19515526,-0.3072185
63,1858,-0.44755375,-0.26301324,-0.35085437,0.22298059,0.06381574,0.8195284,-0.27287385,-0.16805536,-0.46454826,0.33054084,0.072272,0.41540816,-0.52627504,-0.6976981,-0.12846786,0.040887862
63,1866,-0.44416803,-0.34137577,-0.29380718,0.29391766,0.18117118,0.65381795,-0.39259982,-0.2285276,-0.42159534,0.30234084,0.21143226,0.37632453,-0.6914771,-0.6717537,-0.162415,0.14731511
63,1868,-0.044053257,-0.12554663,-0.06874613,-0.57664883,-0.06748125,-0.4288088,-0.13641083,-0.39438984,-0.022670105,-0.07825902,-0.04515083,-0.645456,-0.03682457,0.30537608,0.25785512,-0.7040491
63,1870,-0.39183807,0.25308028,-0.53542167,-0.29148263,-0.1940017,-0.26679635,0.699548,-0.33976462,0.15612856,0.122615546,0.46145755,-0.5634523,-0.0036522225,0.4507871,0.5224378,-0.6560542
63,1872,-0.49832565,-0.29055595,-0.3961461,0.22130856,0.08099246,0.7872629,-0.28259408,-0.23475605,-0.487138,0.35961246,0.16992812,0.38655037,-0.65646434,-0.7115052,-0.08578556,0.046829917
63,1877,-0.3017661,0.32700443,-0.23300815,0.08925435,0.26046765,-0.47223294,-0.15672982,0.32698455,0.20447123,-0.06895685,-0.30115348,-0.18347424,0.43892246,-0.23862064,-0.17677826,-0.30666968
63,1906,-0.40689123,0.49742362,-0.46008697,0.1823436,-0.10698399,0.21662451,0.59467363,0.25575128,0.13867724,0.080625184,-0.22244108,-0.045751102,0.5701545,-0.09137772,0.010722414,-0.43677768
63,1926,0.01908888,-0.25528324,0.5814044,0.48495272,0.30067885,0.6088272,-0.04869568,0.4932682,0.12042734,-0.39777112,-0.11978578,0.046061344,0.49346757,-0.3550221,-0.6640837,0.11321736
63,1927,-0.607602,-0.3982685,-0.37238896,0.31134975,0.31188804,0.3833174,-0.3686314,-0.44770452,-0.34775716,0.37321723,0.5478084,0.20695592,-1.1072009,-0.6466764,-0.088013396,0.12062315
63,1960,-0.510237,-0.39687136,-0.18104327,0.029163495,-0.0012234747,0.9003965,-0.09811809,-0.29913434,-0.38685516,0.26070493,0.09588449,0.097222835,-0.47362137,-0.5833856,-0.14153966,-0.37574473
63,1968,-0.4356799,0.35790783,-0.5820675,-0.18539971,-0.15830627,-0.30163664,0.75106764,-0.23322436,0.21800992,0.113391414,0.45661408,-0.5066703,0.065795,0.40632942,0.48858598,-0.59328985
63,1973,0.8699781,0.02093238,0.28605857,-0.2306607,-0.39764604,-0.010983035,-0.12683299,0.009514863,-0.09972625,-0.014713012,-0.45239192,0.5841802,0.087752864,0.49410692,0.21165726,0.7458762
63,1977,-0.39182648,0.49948493,-0.45730475,0.18485965,-0.11290583,0.20785087,0.60677516,0.24986356,0.14888245,0.08377376,-0.21166557,-0.03815957,0.5662853,-0.068217084,0.022648618,-0.4193196
63,1979,-0.4863571,0.48233792,-0.6382739,-0.07400754,-0.12692243,-0.3329848,0.81282127,-0.11167125,0.28463125,0.099900365,0.4315887,-0.45044988,0.16215813,0.34655663,0.44435456,-0.5461731
63,1994,0.33206376,-0.6015309,0.31557623,-1.118794,-0.53807503,0.40272403,-0.15784916,-0.86871636,-0.39659044,-0.14848714,-0.5652288,-0.8121075,-0.056281887,0.39116654,0.24387884,-1.3232812
63,1995,-0.39183807,0.25308028,-0.53542167,-0.2914826,-0.19400173,-0.2667964,0.6995481,-0.3397646,0.15612859,0.122615546,0.4614575,-0.5634523,-0.0036522225,0.4507871,0.5224378,-0.65605414
63,2003,1.0393276,0.042322963,0.41167927,-0.25069156,-0.48005444,0.11630449,-0.071693584,0.10663566,-0.066352755,-0.09435849,-0.6004271,0.65574867,0.27938324,0.55747986,0.15807614,0.78371
63,2006,-0.24854167,-0.1664502,-0.1718153,0.26412424,0.029367983,0.8845518,-0.2759633,0.06853485,-0.36861756,0.20577541,-0.25771463,0.5379306,-0.105122656,-0.6491097,-0.2822883,0.08763891
63,2011,-0.1685485,0.49836615,-0.13565893,0.331733,0.1250901,0.12534681,0.12505719,0.6326696,0.17617244,-0.10260303,-0.64275783,0.23703966,0.85616124,-0.33728513,-0.33901304,-0.116439864
63,2022,-0.40196934,-0.30494726,-0.30243173,0.273019,0.11700474,0.7449571,-0.3808653,-0.16467983,-0.45595858,0.3000794,0.09781675,0.43796206,-0.56871235,-0.68452096,-0.1588875,0.14698511
63,2031,0.74871194,0.017318476,0.15318096,-0.26159635,-0.31815374,-0.3889305,-0.18463445,-0.16705763,-0.10076264,0.08914361,-0.19222197,0.4616018,-0.2434812,0.5689825,0.39428172,0.8090176
63,2034,-0.39829093,0.48234388,-0.46406785,0.16626534,-0.12151879,0.20880345,0.6197785,0.21430933,0.13965401,0.09141576,-0.17020106,-0.05867795,0.5308783,-0.04847254,0.04620689,-0.42999554
63,2042,-0.42810693,-0.055093646,-0.22836675,0.14215088,-0.025478698,0.79292226,0.05396144,0.03407895,-0.24514441,0.19504072,-0.22257164,0.25518447,0.025360322,-0.5396737,-0.18779507,-0.29014775
63,2043,-0.4621746,0.52716255,-0.5722941,0.030935995,0.0015679151,-0.42859435,0.6122743,0.065730445,0.3265246,0.037560456,0.25870794,-0.35937268,0.2816493,0.19935915,0.28248513,-0.43470317
63,2045,0.17115784,-0.44717366,0.12753206,-0.9440109,-0.47022188,0.29501292,0.043497756,-0.7874535,-0.29891038,-0.065956265,-0.30125368,-0.75385845,-0.08128381,0.41889414,0.32747114,-1.1603905
63,2059,-0.571002,-0.39905423,-0.3491837,0.30883867,0.29573363,0.40413496,-0.36759874,-0.4328288,-0.3473785,0.36116028,0.52376807,0.22667217,-1.0802293,-0.6331519,-0.09364995,0.14097944
63,2073,-0.46687853,0.3934995,-0.51338947,-0.04037665,-0.025504313,-0.25933683,0.5188036,-0.007757388,0.19767857,0.051618427,0.20542882,-0.39275455,0.24146342,0.14059117,0.23625538,-0.5308288
63,2080,0.25491896,-0.8233422,1.2412585,0.5367243,0.18579367,0.56605047,0.9851035,0.2126042,0.5452589,-0.6486033,1.5686301,-0.69497573,0.056226324,0.3674216,-0.46319753,0.3065371
63,2106,0.24905697,-0.78865933,1.1410054,0.5106915,0.17378762,0.55596507,0.8469379,0.17714962,0.46221495,-0.5776131,1.4395913,-0.5841941,-0.0018640682,0.31521323,-0.4315605,0.33390597
63,2107,0.24562964,-0.49525782,0.52509224,0.30661887,0.03003601,0.50310594,0.13983038,0.014332779,0.011642262,-0.17161117,0.54853487,0.07220835,-0.17847139,0.08425689,-0.2192986,0.4479244
63,2123,-0.52520835,-0.29867685,-0.39651662,0.2256388,0.11207617,0.7176058,-0.2866931,-0.2565814,-0.47065124,0.35107565,0.23304321,0.33688018,-0.7028525,-0.692821,-0.073664665,0.04595524
63,2124,0.7302114,-0.00047731772,0.1569309,-0.2406469,-0.31798643,-0.28327984,-0.1886383,-0.14121872,-0.11884185,0.08173283,-0.22992036,0.4823248,-0.19470221,0.5141386,0.34191498,0.77082616
63,2134,-0.16895565,0.5288901,-0.18171063,0.31607336,0.036461405,0.2311143,0.24620399,0.6039761,0.16094694,-0.054054096,-0.6666922,0.275497,0.87560934,-0.30239397,-0.28214568,-0.15105435
63,2138,-0.42256138,0.58589023,-0.5113983,0.16366805,0.094257414,-0.4287395,0.47712764,0.24919364,0.359707,-0.004526168,0.06117043,-0.2134108,0.4277858,0.053304255,0.12399244,-0.30197242
63,2143,-0.39182648,0.49948493,-0.45730478,0.18485965,-0.11290583,0.20785087,0.60677516,0.24986356,0.14888245,0.08377376,-0.21166557,-0.03815957,0.5662853,-0.06821707,0.022648618,-0.41931963
63,2156,0.45310232,-0.7705691,1.2908771,0.46070635,0.075751044,0.5665673,0.9753262,0.24213156,0.54278105,-0.66750294,1.3931167,-0.5767952,0.15215942,0.48291287,-0.41917774,0.4128617
63,2163,-0.47460636,0.44184473,-0.59829944,-0.06689043,-0.09740804,-0.32203007,0.725178,-0.09911307,0.25824484,0.09070906,0.39654243,-0.4288259,0.15014353,0.30218455,0.39753106,-0.5212861
63,2166,0.0821532,-0.3864281,0.8770838,0.45659828,0.42352998,0.24999282,-0.040544596,0.5148837,0.2706665,-0.5850427,0.2573709,-0.3177319,0.40325683,-0.24084592,-0.6989187,0.084530555
63,2177,0.72630596,-0.3134177,0.7313561,0.088699736,-0.23720747,0.4126317,0.3536051,0.1622045,0.15337989,-0.31032193,0.21161841,0.17391828,0.22484173,0.4585925,-0.11701325,0.5999914
63,2179,0.574512,-0.24045467,0.36997703,0.11448853,-0.23337477,0.7165534,-0.1622156,0.12355597,-0.19716033,-0.08008243,-0.32105625,0.6129956,0.1132612,0.036870345,-0.18212372,0.58560705
63,2202,-0.060947955,-0.12513874,0.15057302,-0.25718343,0.54609966,-1.0839154,-1.1514224,0.17262855,0.09243125,-0.17354597,-0.4467013,-0.3971783,0.13483448,-0.35010234,-0.352856,-0.30697858
63,2226,-0.06620748,-0.0048758015,0.18181968,-0.09870629,0.7245303,-1.311976,-1.316302,0.41701266,0.21783051,-0.25532937,-0.5831804,-0.3217942,0.28124285,-0.5015775,-0.5015666,-0.16892074
63,2227,-0.32410628,0.3684226,-0.39715117,-0.25530353,0.26278234,-1.2895584,-0.013517313,-0.03395994,0.41117543,-0.110067606,0.34220976,-0.68906313,0.051413856,0.34495118,0.3330534,-0.40987632
63,2228,1.020477,0.029553458,0.42013592,-0.22617382,-0.47145087,0.18542537,-0.06979959,0.12556428,-0.07238946,-0.103527784,-0.6097423,0.662931,0.3024512,0.51796997,0.12052673,0.7630076
63,2243,-0.47622237,-0.2741931,-0.20119077,0.058841787,-0.012857243,0.8439247,-0.028157834,-0.18992376,-0.3400468,0.23712964,0.0044482946,0.14427139,-0.30066907,-0.5401913,-0.13675374,-0.3369834
63,2244,-0.1318183,0.011986233,-0.29732,0.04062198,0.19024979,-0.740423,-0.22190148,-0.38644952,-0.091400854,0.32197362,0.52962893,0.118465535,-0.9274897,0.118052155,0.4369125,0.5436893
63,2271,-0.49065658,0.47918102,-0.61749977,-0.061881185,-0.07871553,-0.38548064,0.7291057,-0.07344024,0.29120314,0.0755516,0.3980949,-0.45373112,0.17685044,0.3014511,0.39765814,-0.5335241
63,2289,-0.48229435,-0.29954714,-0.19562061,0.05320637,-0.012426026,0.86225545,-0.041806906,-0.21137452,-0.34987953,0.24226607,0.019094817,0.13741434,-0.3348468,-0.55221534,-0.13984519,-0.34659415
63,2310,-0.40678996,0.41129872,-0.400631,0.1735563,-0.04167767,0.21361792,0.4362224,0.2505814,0.08062023,0.06532908,-0.23724365,-0.030587502,0.5015814,-0.17251147,-0.05108472,-0.40116924
63,2311,0.306897,-0.8674718,1.3745599,0.5629382,0.17986977,0.5955129,1.1208256,0.2552685,0.62979484,-0.73288786,1.6823996,-0.7836434,0.12957312,0.4489301,-0.49869168,0.3097778
63,2317,-0.40424445,-0.37572908,-0.24378318,0.29203254,0.22200075,0.471436,-0.35309768,-0.33669183,-0.33225837,0.29528192,0.384883,0.30270225,-0.8916367,-0.5540063,-0.12104975,0.21450019
63,2321,-0.4799298,0.46997538,-0.6271729,-0.07233368,-0.12344217,-0.32331872,0.79547024,-0.1121139,0.27610326,0.10032399,0.42420673,-0.44091004,0.15635726,0.339507,0.43604568,-0.53646094
63,2326,0.67665756,0.005960472,0.1441373,-0.22728992,-0.28332123,-0.3594703,-0.16878882,-0.1579706,-0.0939119,0.08524828,-0.15814565,0.4221637,-0.23496072,0.52822745,0.36084595,0.7526469
63,2345,-0.45098418,0.40104792,-0.61318296,-0.1801669,-0.1647296,-0.33112037,0.8007642,-0.22164273,0.24757114,0.11169163,0.4709403,-0.52314615,0.090324536,0.42357704,0.5082443,-0.6085119
63,2346,0.69718504,0.014515638,0.12933311,-0.24388102,-0.29475862,-0.3735537,-0.18981138,-0.16869336,-0.10755163,0.0984349,-0.17768216,0.44792467,-0.25492114,0.5284867,0.37924942,0.7771678
63,2357,-0.4867772,0.4843004,-0.6338802,-0.0684984,-0.11724767,-0.3397748,0.7962346,-0.10017336,0.2858637,0.095206454,0.4193564,-0.44717437,0.1703726,0.33438072,0.43173525,-0.54192376
63,2364,-0.01946789,-0.18704799,0.39031887,0.43770164,0.20782065,0.7113801,-0.07947361,0.42480597,0.010084465,-0.25141042,-0.25398093,0.21897654,0.44094628,-0.40505034,-0.58002603,0.11123588
63,2387,0.4585772,-0.7182063,0.46664125,-1.2481661,-0.5829656,0.47540277,-0.330031,-0.9193682,-0.46959043,-0.21906175,-0.7819302,-0.8529425,-0.030492745,0.36186346,0.16791993,-1.4429109
63,2390,0.7079141,0.014484931,0.13897607,-0.24530324,-0.30014652,-0.36731094,-0.18446594,-0.16296929,-0.104150504,0.09247308,-0.1845452,0.449615,-0.24169447,0.53580475,0.37615326,0.77846545
63,2394,-0.42730784,0.45164934,-0.44653776,0.16549435,-0.08767131,0.24371079,0.5360899,0.23910406,0.09337193,0.08156496,-0.22517866,-0.04987312,0.5280163,-0.14025839,-0.011158541,-0.44984254
63,2395,-0.45504558,0.32184598,-0.4728016,-0.072538,-0.016293965,-0.2383791,0.4399474,-0.042097606,0.15116465,0.05174088,0.2015046,-0.40359908,0.19308023,0.125631,0.2183524,-0.538968
63,2403,-0.2838681,0.09601537,-0.4241729,-0.48772758,-0.29108676,-0.15943272,0.6234276,-0.49827376,0.055070877,0.09146727,0.35092378,-0.67505205,-0.04270283,0.5115454,0.5523988,-0.8228662
63,2404,-0.02305068,0.0074974895,-0.28852323,-0.0036697239,0.17857347,-0.99940604,-0.24137558,-0.49074236,-0.067723215,0.35717773,0.68800765,0.12860969,-1.1512299,0.27410835,0.59576654,0.74454343
63,2406,-0.47768053,-0.28045356,-0.37866116,0.22294116,0.070521995,0.8174591,-0.2795475,-0.20467001,-0.4829734,0.35031176,0.12295647,0.4069856,-0.60092604,-0.7147161,-0.10695808,0.043878496
63,2409,-0.38135248,0.4240577,-0.32587528,0.21983752,0.084163204,0.076731935,0.2595883,0.37184224,0.12014887,-0.014263444,-0.31009227,-0.020953678,0.5711708,-0.2602156,-0.16527341,-0.3308523
63,2414,-0.349029,-0.5702965,0.12457571,0.02183,0.14992377,0.52463055,-0.32542405,-0.310137,-0.23820525,0.11760451,0.29096293,-0.15263757,-0.582696,-0.5131291,-0.24422649,-0.34092578
63,2418,-0.4623393,0.48831567,-0.5402808,0.05809728,-0.016404815,-0.25068587,0.58520734,0.08337537,0.255554,0.050329894,0.16599776,-0.2994255,0.32073778,0.11389974,0.21113896,-0.44406655
63,2430,0.68505514,0.01675703,0.13614425,-0.23662719,-0.29140657,-0.35147017,-0.17538974,-0.1527262,-0.10020655,0.088641085,-0.18747367,0.43733174,-0.22155951,0.5208305,0.36053663,0.75068784
63,2435,0.80309415,-0.19107401,0.5960663,-0.015801907,-0.31143957,0.34531745,0.1790748,0.1431813,0.055789858,-0.22278784,-0.092772976,0.35734773,0.23981303,0.45186672,-0.03835819,0.64480907
63,2440,-0.24143806,-0.004295226,-0.12858105,-0.2435047,0.21993995,-0.5489074,-0.40299043,-0.030138649,0.025800556,-0.03818515,-0.124262676,-0.41731417,0.09730756,-0.09680015,-0.060426652,-0.46991268
63,2450,-0.3244401,-0.5911517,0.18519768,0.024920434,0.17605007,0.46277505,-0.3465724,-0.29236424,-0.20547833,0.082135506,0.3291247,-0.20123741,-0.5806959,-0.50740373,-0.26717564,-0.3410606
63,2457,-0.4516201,0.324139,-0.47056082,-0.059398085,-0.016222596,-0.22438873,0.4426259,-0.034510285,0.1507375,0.05381864,0.19584118,-0.3849911,0.19596766,0.11922553,0.21228111,-0.52269226
63,2474,-0.48194346,0.46141103,-0.609558,-0.064525604,-0.09179008,-0.34940416,0.7340667,-0.08865374,0.27464783,0.08515679,0.3995211,-0.43989867,0.16291209,0.30521682,0.40097907,-0.5272415
63,2482,-0.23310925,-0.31342977,-0.14079727,0.2653875,0.1434351,0.5014687,-0.31468678,-0.20573282,-0.30193338,0.21605653,0.2104171,0.3604422,-0.6182087,-0.4436539,-0.14083534,0.26758167
63,2488,0.4037818,-0.34176508,0.32063165,0.18312716,-0.12358801,0.59141165,-0.17054312,0.00031594187,-0.19650155,-0.0307943,-0.01371827,0.4763553,-0.13576669,0.02519454,-0.14239785,0.5736488
63,2489,0.75221586,0.027158588,0.18907928,-0.2697147,-0.3073389,-0.50346416,-0.12231517,-0.17102137,-0.03960985,0.06636082,-0.117067195,0.37617165,-0.22957878,0.66471946,0.42332652,0.7964393
63,2490,0.78090334,0.03138584,0.18704543,-0.2850712,-0.3158006,-0.55219924,-0.13306436,-0.1907843,-0.04020088,0.075276494,-0.10301626,0.3870994,-0.27009523,0.69324315,0.45693228,0.83931905
63,2520,-0.23310925,-0.3134298,-0.14079727,0.2653875,0.14343509,0.5014687,-0.31468678,-0.20573282,-0.30193338,0.21605653,0.21041714,0.3604422,-0.6182087,-0.44365388,-0.14083534,0.26758167
63,2543,0.32284853,-0.39119175,0.3009469,0.22517446,-0.07257965,0.5707021,-0.17985769,-0.04223036,-0.20182106,-0.011631615,0.11004251,0.4269768,-0.23327152,-0.0008300692,-0.14274837,0.56373674
63,2547,-0.48194087,-0.34604403,-0.3054776,0.29160124,0.21190438,0.5814344,-0.36973354,-0.27762127,-0.39426324,0.31380394,0.28034645,0.32090724,-0.7676598,-0.65406024,-0.14768893,0.11886241
63,2552,0.7273154,0.007822417,0.15124753,-0.24604896,-0.31404525,-0.3199951,-0.18598554,-0.1490629,-0.11186803,0.08533344,-0.21609575,0.4707197,-0.20965968,0.5277014,0.35765702,0.77572274
63,2571,0.03789884,-0.18056089,0.3131226,-0.2241548,0.76270723,-1.4127824,-1.607389,0.32902133,0.14326587,-0.25301814,-0.64520186,-0.34591588,0.16358915,-0.5221496,-0.5452161,-0.1635826
63,2573,-0.24372324,0.34207782,-0.18226735,0.2871341,-0.025934845,0.594799,0.20331588,0.46506673,0.0046845227,0.058959126,-0.63450485,0.38392228,0.65987676,-0.45484522,-0.3071827,-0.19635063
63,2580,-0.48910028,-0.28095928,-0.38918316,0.21586987,0.07742283,0.7747018,-0.2707035,-0.22778332,-0.47775868,0.35328937,0.16051628,0.37929344,-0.6340605,-0.6950593,-0.08428357,0.040937863
63,2592,0.68868065,0.010946263,0.13731289,-0.23428956,-0.29626662,-0.3175779,-0.18125334,-0.14634687,-0.10931457,0.08803659,-0.20513654,0.45167387,-0.20824213,0.5057715,0.34709728,0.74621993
63,2607,-0.40952542,0.49082217,-0.43370447,0.19361086,0.020222872,-0.021540567,0.4349434,0.2846324,0.19671482,0.027115643,-0.16661617,-0.0939096,0.5216343,-0.11008985,-0.01939509,-0.3638064
63,2616,-0.2174257,0.43150246,-0.2188529,0.28478017,-0.049992114,0.488167,0.29195198,0.49016103,0.06089753,0.046632864,-0.64440876,0.3440751,0.7458571,-0.35764554,-0.25116548,-0.20175609
63,2628,0.43506363,-0.24226665,0.27098954,0.15442167,-0.1757757,0.7645915,-0.21790375,0.10895255,-0.24572602,-0.028775863,-0.30798668,0.62338287,0.0471551,-0.10534637,-0.20985416,0.52409506
63,2632,0.31208083,-0.38516858,0.29938892,0.22654349,-0.06879768,0.57058424,-0.171585,-0.035606466,-0.19617486,-0.014496416,0.10638882,0.41700664,-0.2180333,-0.0033358186,-0.14827004,0.5468825
63,2640,-0.7366313,-0.41076005,-0.44972044,0.32042134,0.36693028,0.32826436,-0.36799783,-0.518372,-0.3517375,0.42017543,0.65209085,0.1395985,-1.2414521,-0.7010404,-0.067349404,0.054068632
63,2645,1.0126272,0.023201026,0.41985297,-0.21904594,-0.46705902,0.19783247,-0.07216026,0.12529024,-0.075475454,-0.10319905,-0.6038718,0.6630956,0.29785258,0.5079775,0.11413738,0.76076585
63,2648,-0.26725268,0.31959277,-0.19740248,0.2766906,-0.0010099187,0.53253895,0.18241274,0.43042085,0.0069473684,0.05870942,-0.5776442,0.3265955,0.6100552,-0.43856722,-0.29096717,-0.20813158
63,2650,-0.16729835,0.4898282,-0.14464071,0.3221197,0.10011146,0.15658003,0.15170008,0.6074312,0.16376555,-0.084555805,-0.6327979,0.24415103,0.8384383,-0.32084364,-0.31799728,-0.12176472
63,2655,-0.26269168,0.38353053,-0.06358399,0.34903058,0.41848516,-0.24831481,-0.2569782,0.65358204,0.20544639,-0.23026814,-0.4778201,0.03234239,0.69706845,-0.46923095,-0.47743163,-0.08475449
63,2660,-0.40789306,0.30183998,-0.5700594,-0.28179833,-0.2010915,-0.29833442,0.75714815,-0.32588005,0.18974832,0.12196656,0.47980392,-0.5766424,0.021699823,0.47090057,0.54501283,-0.6665955
63,2688,-0.30880827,0.3941891,-0.14403132,0.30768558,0.32899594,-0.16070919,-0.11276586,0.56983286,0.1784364,-0.17122494,-0.42209685,0.00484968,0.6545949,-0.41824538,-0.3875233,-0.1671136
63,2699,-0.3498644,0.18842503,-0.50454324,-0.4053325,-0.27013475,-0.2023802,0.73167086,-0.4456801,0.116500124,0.11434092,0.44405162,-0.6471348,-0.029741593,0.5173005,0.5780858,-0.77023107
63,2703,-0.17053881,0.5786052,-0.21586356,0.31845534,-0.022078618,0.310899,0.33780548,0.6209609,0.16451514,-0.030112602,-0.72001636,0.3141747,0.9353479,-0.29894382,-0.26035675,-0.18167526
63,2704,-0.25259528,0.3672386,-0.041655004,0.35473722,0.442561,-0.26894164,-0.30203998,0.66153944,0.2048397,-0.2414528,-0.48043144,0.0362923,0.6888734,-0.48136652,-0.4971201,-0.062163405
63,2709,0.5581142,-0.19553071,0.34232143,0.094581276,-0.2364811,0.69775313,-0.15071641,0.14483398,-0.18872258,-0.076765135,-0.3771987,0.6073827,0.16829714,0.02887249,-0.18205549,0.5397624
63,2722,-0.19860274,0.508897,-0.25817883,0.27577823,-0.10455337,0.46529114,0.3994456,0.4993271,0.08908093,0.053945307,-0.66519344,0.3430654,0.8122699,-0.28487378,-0.19175173,-0.21565413
63,2725,0.38822547,-0.828179,1.3531582,0.5158548,0.12870342,0.5835056,1.064968,0.25296974,0.5974257,-0.7120585,1.5598818,-0.69312125,0.14450377,0.47516438,-0.46363613,0.36500305
63,2729,-0.40678996,0.41129872,-0.40063104,0.1735563,-0.04167767,0.21361792,0.4362224,0.2505814,0.08062023,0.06532908,-0.23724365,-0.030587502,0.5015814,-0.17251147,-0.05108472,-0.40116924
63,2730,-0.47460634,0.44184473,-0.59829944,-0.06689043,-0.09740804,-0.32203007,0.725178,-0.099113084,0.25824484,0.09070906,0.39654243,-0.4288259,0.15014353,0.30218455,0.39753106,-0.5212861
63,2732,-0.45576113,0.5436317,-0.54474884,0.10864853,0.0104170665,-0.28458726,0.58337677,0.15100384,0.2962032,0.036000594,0.12136535,-0.2594626,0.38088977,0.08762875,0.18111497,-0.39910275
63,2734,-0.44133553,-0.5428686,-0.024057262,0.003483057,0.08188105,0.7186146,-0.25194627,-0.36538026,-0.336062,0.20303757,0.23830824,-0.05154503,-0.6139471,-0.55284643,-0.18254659,-0.370734
63,2735,-0.42256138,0.5858903,-0.5113983,0.16366807,0.094257414,-0.4287395,0.47712764,0.24919364,0.359707,-0.004526168,0.06117043,-0.2134108,0.4277858,0.053304255,0.12399244,-0.30197242
63,2757,-0.36244613,0.4184075,-0.42281374,-0.16170514,0.3071278,-1.2984552,0.006798975,0.036066595,0.44343913,-0.102432325,0.37577975,-0.6276389,0.062033664,0.30265588,0.30285412,-0.32869333
63,2765,-0.12152055,-0.08563042,0.059669383,-0.27037874,0.4469585,-0.9457235,-0.9208549,0.10323584,0.077199355,-0.1362786,-0.34058222,-0.43157595,0.124157086,-0.26204723,-0.25304902,-0.38078338
63,2767,0.7073637,0.007873058,0.18551901,-0.23911586,-0.2938451,-0.40399414,-0.12497926,-0.14847115,-0.055927664,0.060575064,-0.13732845,0.38106078,-0.19248417,0.59948707,0.36888704,0.746462
63,2786,0.52156675,-0.2662299,0.34347278,0.12655187,-0.20130786,0.65611404,-0.17159607,0.07551432,-0.20041728,-0.057462722,-0.22593386,0.5710624,0.021803208,0.038033202,-0.15605463,0.58674353
63,2793,-0.52064216,-0.47551402,-0.15783034,0.009432495,0.019627765,0.8948445,-0.15797889,-0.36602303,-0.40852523,0.2651356,0.16614263,0.055372458,-0.5814133,-0.590361,-0.14387272,-0.3842005
63,2800,0.62815046,0.006235674,0.1273553,-0.20916143,-0.2625254,-0.33477372,-0.16563609,-0.15021127,-0.09579441,0.087923296,-0.15339048,0.40679967,-0.22617765,0.4898477,0.33867913,0.71266437
63,2801,0.7273154,0.007822417,0.1512475,-0.24604899,-0.3140453,-0.3199951,-0.18598554,-0.1490629,-0.11186803,0.08533344,-0.21609575,0.47071967,-0.20965968,0.5277015,0.35765702,0.7757227
63,2802,-0.3808453,0.12502101,-0.3345832,-0.17568067,0.015884362,-0.21349765,0.17251505,-0.12531105,0.028457657,0.043346323,0.13334091,-0.4236362,0.08771645,0.079282194,0.15170205,-0.5499306
63,2803,-0.10337293,-0.18864429,0.20551062,0.386212,0.15513182,0.77968544,-0.15338463,0.30686527,-0.11751135,-0.09949,-0.24973977,0.32448164,0.25484937,-0.49929407,-0.49079272,0.10030279
63,2816,0.54997134,-0.20971185,0.346746,0.1042286,-0.2289817,0.699803,-0.15178597,0.13723677,-0.18951884,-0.07647656,-0.35180688,0.60019356,0.14952137,0.027225748,-0.1837524,0.5444337
63,2821,0.03788203,-0.32311037,0.71434695,0.4841253,0.364241,0.45816046,-0.04064382,0.5028196,0.18898058,-0.484762,0.05582197,-0.122086786,0.45283127,-0.3079593,-0.6862279,0.09897069
63,2822,-0.48066133,-0.2833421,-0.3869052,0.22290505,0.07069553,0.81203693,-0.281425,-0.21658635,-0.48802325,0.35629076,0.13641408,0.40858442,-0.6232354,-0.7156482,-0.09720501,0.05077286
63,2824,-0.510237,-0.3968714,-0.18104327,0.029163502,-0.0012234822,0.9003965,-0.09811809,-0.29913434,-0.38685516,0.26070493,0.09588447,0.097222835,-0.47362137,-0.5833856,-0.14153966,-0.37574476
63,2826,-0.18354906,-0.16248816,-0.016426876,0.30771083,0.07977936,0.821262,-0.22494736,0.17147636,-0.25767696,0.07935189,-0.26616317,0.44753286,0.0622081,-0.5732099,-0.36655626,0.08702438
63,2836,-0.40533686,0.51225317,-0.45994782,0.18658787,-0.044825435,0.05996628,0.54096806,0.26408258,0.19119987,0.053814773,-0.16669473,-0.08095922,0.5432637,-0.07089631,0.019773856,-0.39323258
63,2839,-0.3769699,0.43441415,-0.42994988,-0.12157932,0.31743926,-1.2799472,0.021445625,0.06302303,0.45032227,-0.10032551,0.3806005,-0.5972092,0.06856922,0.28360832,0.28821984,-0.29841053
63,2842,0.67852247,-0.012056686,0.14707342,-0.2075544,-0.2981306,-0.1949039,-0.19010246,-0.119041644,-0.13194077,0.078691475,-0.24443159,0.48657402,-0.1668196,0.44425568,0.29138306,0.72271293
63,2875,0.018520981,0.026868094,-0.2293489,-0.022847265,0.13261446,-0.8858518,-0.19011495,-0.4069575,-0.04633704,0.30110723,0.54939675,0.11780131,-0.9348473,0.29012924,0.52138114,0.6517069
63,2896,-0.36244613,0.4184075,-0.42281374,-0.16170517,0.30712783,-1.2984552,0.0067989826,0.036066595,0.44343913,-0.102432325,0.37577975,-0.6276389,0.062033664,0.30265588,0.30285412,-0.32869333
63,2900,-0.24280994,0.32716545,-0.1799306,0.2804054,-0.037496448,0.62416375,0.20305514,0.44727615,-0.011728033,0.06907887,-0.6286471,0.3986384,0.6363376,-0.45822757,-0.30060422,-0.1927383
63,2902,-0.004601121,-0.20484304,0.44574696,0.46676794,0.23202772,0.7259916,-0.07544801,0.46136677,0.03659922,-0.29525226,-0.25007665,0.19909495,0.478671,-0.4116655,-0.62255234,0.12051756
63,2923,1.0273958,0.045095563,0.3974232,-0.25309786,-0.4752969,0.101821944,-0.07782483,0.0985574,-0.07011558,-0.08578165,-0.5948687,0.65301484,0.26494297,0.55248964,0.16547748,0.7807526
63,2924,-0.40533686,0.51225317,-0.45994785,0.18658787,-0.044825435,0.059966266,0.5409682,0.26408258,0.19119987,0.053814773,-0.16669473,-0.08095924,0.5432637,-0.07089633,0.01977384,-0.39323255
63,2925,0.041374385,-0.18363908,0.3130757,-0.24349758,0.7562939,-1.4197252,-1.6118187,0.31765777,0.13838503,-0.2553634,-0.64814466,-0.36322495,0.16476016,-0.512879,-0.5386757,-0.18122348
63,2935,0.07991657,-0.2856437,0.06510579,-0.71160024,-0.19310963,-0.14746927,-0.1951086,-0.51108027,-0.15957513,-0.092264,-0.24117734,-0.6425045,-0.03383358,0.2874946,0.21401632,-0.84288627
63,2942,0.6015383,-0.386495,0.76887196,0.16880205,-0.15693885,0.4473372,0.43799278,0.1621835,0.19927064,-0.34253168,0.41378355,0.039013825,0.18904307,0.41221312,-0.17511976,0.5242905
63,2944,0.4585772,-0.71820635,0.4666413,-1.2481661,-0.5829657,0.47540277,-0.330031,-0.9193682,-0.4695904,-0.21906175,-0.7819302,-0.8529425,-0.030492745,0.36186352,0.16791993,-1.4429109
63,2949,0.21376142,-0.5253136,0.5853148,0.3363558,0.061299033,0.5044729,0.23422903,0.03570409,0.07038957,-0.21766753,0.66642183,-0.025781669,-0.15298587,0.09819278,-0.25040957,0.40620542
63,2958,-0.7126026,-0.41513893,-0.43560058,0.32113343,0.35676405,0.34705704,-0.37265733,-0.51016027,-0.35636666,0.41392928,0.6378439,0.15687889,-1.2285203,-0.6964208,-0.071456894,0.071750335
63,2964,-0.25004447,0.28384525,-0.18022574,0.266791,-0.05175197,0.6760374,0.18604192,0.39906538,-0.049445428,0.09274341,-0.60359204,0.41954222,0.5669682,-0.47162408,-0.28592297,-0.18474951
63,2967,0.050541967,-0.3420347,0.7635541,0.4796824,0.38278192,0.40232143,-0.03486014,0.5082542,0.21632096,-0.51698595,0.115019545,-0.18100053,0.44370103,-0.28637826,-0.6924472,0.09537063
63,2992,-0.19388646,0.44238502,-0.018018149,0.3866326,0.4082889,-0.2182151,-0.24302216,0.753338,0.23826754,-0.25851917,-0.5985339,0.113889545,0.8325659,-0.47721812,-0.522003,-0.036459528
63,2997,-0.41229215,0.4827703,-0.45077214,0.18289888,-0.08978218,0.21250638,0.56024265,0.25962904,0.12908944,0.075115964,-0.22870986,-0.047867842,0.5614987,-0.113232195,-0.0066785067,-0.4348739
63,2998,0.8699781,0.020932384,0.28605857,-0.23066074,-0.39764604,-0.010983035,-0.12683299,0.009514861,-0.09972625,-0.014713004,-0.45239192,0.5841802,0.087752864,0.49410692,0.21165723,0.74587625
63,2999,0.48935828,-0.73885673,0.51985127,-1.221935,-0.55820316,0.5084,-0.4137272,-0.877527,-0.485078,-0.23934193,-0.8605453,-0.80161303,-0.011430532,0.29787454,0.09544097,-1.4134707
63,3000,0.66089773,0.015166782,0.12949982,-0.22701493,-0.27876568,-0.35248214,-0.17230773,-0.1537151,-0.09799002,0.09021353,-0.17210913,0.4240477,-0.2278591,0.5093179,0.3554809,0.7366944
63,3013,0.15077838,-0.65824956,1.1729139,0.21406752,0.59487116,-0.5970729,-0.40397537,0.28291327,0.42161578,-0.6354242,0.85240823,-0.8933781,-0.11930841,-0.19641703,-0.63364744,-0.11911296
63,3020,-0.80368936,-0.40051278,-0.48102602,0.32037443,0.39705598,0.2732745,-0.34655482,-0.5401141,-0.3311882,0.43267268,0.6993928,0.082381606,-1.2744806,-0.7064458,-0.05818639,0.00092276186
63,3021,-0.086265326,-0.1421811,-0.19101498,-0.7101503,-0.38207465,0.027935132,0.38841373,-0.6446445,-0.098439544,0.020641133,0.07937017,-0.73800755,-0.06418991,0.4962798,0.47747663,-0.9970138
63,3029,1.0202827,0.040441275,0.40879178,-0.2399326,-0.47211182,0.14038348,-0.06931007,0.11460349,-0.067722976,-0.09625772,-0.60310346,0.65230113,0.2904694,0.5368519,0.14191386,0.76501817
63,3034,0.58383334,-0.20260504,0.3595357,0.10505085,-0.24808824,0.75954825,-0.1654455,0.16486856,-0.20198059,-0.08368774,-0.41285795,0.6497413,0.18876147,0.006818533,-0.20527896,0.5612918
63,3041,-0.4096864,-0.29740554,-0.3070538,0.26689184,0.11785007,0.72677314,-0.369131,-0.16640419,-0.44803163,0.29961026,0.10310012,0.4217029,-0.56453216,-0.675077,-0.15233302,0.13404638
63,3052,-0.27899158,0.2858216,-0.20208779,0.26437956,-0.05118701,0.68332916,0.19757107,0.3923334,-0.050789595,0.10006281,-0.59509164,0.40230578,0.55768126,-0.48835427,-0.283041,-0.2136744
63,3055,0.2964988,-0.53249305,0.29736277,-0.9983129,-0.39277405,0.19082174,-0.32043815,-0.7173758,-0.34746227,-0.16567631,-0.57775503,-0.73796827,-0.013396591,0.3038402,0.16242528,-1.1521909
63,3060,-0.29472917,0.30534363,-0.21352363,0.08794561,0.28194785,-0.4920153,-0.20689122,0.32755452,0.19768319,-0.075422555,-0.3051762,-0.1815469,0.42214465,-0.253469,-0.19336723,-0.29063165
63,3068,0.037109494,-0.18432477,0.30268767,-0.26273602,0.7371434,-1.4049662,-1.5838873,0.29638264,0.13262272,-0.25128442,-0.6361752,-0.38353735,0.16261022,-0.49357095,-0.5196653,-0.20876557
63,3072,-0.44416803,-0.3413758,-0.29380718,0.29391763,0.18117118,0.65381795,-0.39259982,-0.2285276,-0.4215953,0.30234084,0.2114323,0.3763245,-0.6914772,-0.67175364,-0.162415,0.14731511
63,3079,-0.5265701,-0.30539492,-0.40681273,0.2283929,0.10368352,0.7525204,-0.29530907,-0.2595955,-0.4868623,0.3627736,0.22322123,0.36095148,-0.71407706,-0.71494246,-0.075381994,0.051794037
63,3090,-0.36244613,0.4184075,-0.42281374,-0.16170514,0.3071278,-1.2984552,0.006798975,0.036066595,0.44343913,-0.102432325,0.37577975,-0.6276389,0.062033664,0.30265588,0.30285412,-0.32869333
63,3094,-0.45590708,0.41175133,-0.6116184,-0.15054902,-0.15170853,-0.3244112,0.79196596,-0.19450769,0.25098616,0.1097107,0.45946723,-0.49656075,0.10124818,0.40040228,0.48730096,-0.58240503
63,3100,-0.120738834,-0.18797666,0.16477424,0.37345916,0.14302908,0.7914841,-0.16841358,0.28055915,-0.14488946,-0.06633833,-0.24824905,0.3462502,0.2142511,-0.517343,-0.46951362,0.098062284
63,3101,0.21376145,-0.5253136,0.5853148,0.3363558,0.061299033,0.5044729,0.23422903,0.035704095,0.07038957,-0.21766753,0.66642183,-0.025781669,-0.15298587,0.09819281,-0.25040957,0.40620542
63,3109,-0.15833744,-0.06398232,-0.0034970716,-0.24962893,0.3559054,-0.7578605,-0.7298546,0.053571466,0.04346043,-0.09256637,-0.27280292,-0.39616615,0.11230329,-0.20925198,-0.19094747,-0.39359936
63,3112,-0.31326368,0.20321012,-0.21022871,0.24245976,-0.05644776,0.75033045,0.15877369,0.31026116,-0.11419201,0.13207157,-0.5201893,0.40223488,0.43084008,-0.5181521,-0.26642293,-0.22067991
63,3114,0.75221586,0.027158588,0.18907928,-0.26971474,-0.3073389,-0.50346416,-0.12231517,-0.17102137,-0.03960985,0.06636082,-0.11706719,0.37617165,-0.22957878,0.66471946,0.42332652,0.7964393
63,3119,-0.4357435,-0.30941316,-0.33181274,0.2661474,0.11591032,0.75335854,-0.36773115,-0.19015929,-0.4692499,0.3189925,0.13310349,0.42561078,-0.616161,-0.701692,-0.14010757,0.12981206
63,3123,-0.421072,0.61245036,-0.519385,0.18776917,0.07344347,-0.36706173,0.51956916,0.2750459,0.3574485,0.002078019,0.017938122,-0.18311524,0.47785836,0.038780615,0.113205746,-0.30581725
63,3145,0.0060344487,-0.12714815,0.27642357,-0.19234002,0.762833,-1.4086591,-1.5462108,0.3614569,0.16945228,-0.26074886,-0.6360928,-0.34744492,0.20335402,-0.5243484,-0.5416992,-0.1696619
63,3160,0.93199897,0.027565345,0.3213469,-0.24442098,-0.42706907,0.008983016,-0.116342604,0.029487535,-0.09208394,-0.03383691,-0.49313343,0.6105641,0.12980539,0.5243528,0.20912886,0.77263784
63,3164,0.38068017,0.02632197,-0.04692801,-0.14847586,-0.07017353,-0.78481394,-0.17751105,-0.33530825,-0.045800626,0.21170977,0.28790885,0.2486313,-0.694315,0.49372056,0.5263978,0.78290415
63,3165,0.14098117,-0.5330433,1.0958287,0.36955544,0.5287889,-0.14118688,-0.19696102,0.4548496,0.37296316,-0.66807187,0.5595103,-0.6171266,0.20149013,-0.21914285,-0.71338475,0.0058251023
63,3168,-0.571002,-0.3990542,-0.3491837,0.30883867,0.2957337,0.40413496,-0.36759877,-0.4328288,-0.3473785,0.36116028,0.523768,0.22667217,-1.0802293,-0.6331519,-0.09364995,0.14097944
63,3179,0.37004408,0.044520594,-0.08132208,-0.1595878,-0.047038227,-0.92688257,-0.18578416,-0.38510865,-0.032433502,0.24197668,0.37254208,0.22985797,-0.80990744,0.5305462,0.5985589,0.8366012
63,3184,-0.52075577,-0.3513084,-0.32410067,0.2861743,0.2326875,0.5298033,-0.35041493,-0.32210466,-0.3780448,0.32763612,0.34108967,0.27483496,-0.83830017,-0.64623785,-0.12960073,0.091734804
63,3189,0.3471875,-0.3820552,0.31338426,0.2178618,-0.08606304,0.5844647,-0.17370981,-0.027822979,-0.19818252,-0.020670965,0.08024068,0.4397265,-0.2030557,0.0071755648,-0.14761639,0.5670566
63,3194,1.0002309,-0.0013211817,0.4369353,-0.19572741,-0.4571542,0.23564804,-0.06843979,0.127864,-0.07629624,-0.11236875,-0.5770797,0.65534115,0.2920028,0.4942306,0.09287916,0.7586876
63,3197,-0.16956492,0.50378424,-0.12403487,0.34155065,0.15256657,0.09278171,0.09484096,0.656803,0.18807852,-0.12251906,-0.65081155,0.22808094,0.8715509,-0.35439545,-0.3609874,-0.11079909
63,3199,-0.23958068,0.3434551,-0.17935142,0.28795487,-0.03872679,0.62982494,0.2108466,0.46836156,-0.0032617003,0.064169444,-0.65061766,0.4075673,0.6651981,-0.46514603,-0.30971563,-0.19431251
63,3208,0.34896317,-0.5956611,0.35810483,-1.0640206,-0.4416389,0.28704464,-0.3501939,-0.76536554,-0.3934797,-0.18226545,-0.66337353,-0.75404257,-0.010934427,0.29878354,0.14208251,-1.2278758
63,3242,1.0437014,0.03877639,0.41916603,-0.24500304,-0.48225504,0.14309295,-0.071182266,0.11523555,-0.06853671,-0.09948295,-0.61052984,0.6644557,0.2915582,0.5480952,0.14579496,0.78290546
63,3245,0.3808898,0.034580246,-0.025947906,-0.1491949,-0.091227636,-0.6736612,-0.15997976,-0.27892184,-0.048755474,0.18284094,0.18622507,0.25274235,-0.5589145,0.462032,0.46167716,0.70798635
63,3255,-0.43634778,0.24274877,-0.42713997,-0.103730574,-0.012646839,-0.20021136,0.3626984,-0.08213433,0.09864092,0.056424122,0.1960781,-0.40380388,0.1392403,0.1115939,0.20027307,-0.5395809
63,3256,-0.27899158,0.28582165,-0.20208779,0.26437956,-0.051186994,0.68332916,0.19757104,0.39233336,-0.050789595,0.10006281,-0.59509164,0.40230575,0.55768126,-0.48835427,-0.283041,-0.2136744
63,3262,0.2656377,-0.8719547,1.3367264,0.5705271,0.19816288,0.5923779,1.0962136,0.23678845,0.6104605,-0.70936203,1.6975561,-0.78026384,0.08673655,0.41072455,-0.49496394,0.30075997
63,3267,-0.23353538,0.2269297,-0.107833505,0.06187716,0.39771533,-0.68010896,-0.48701552,0.3618203,0.19936636,-0.120661125,-0.37897545,-0.19057667,0.38621634,-0.3210134,-0.2788851,-0.23090225
63,3278,-0.4477355,-0.33534926,-0.28758606,0.29012805,0.19195294,0.61223716,-0.3763344,-0.2382339,-0.40063095,0.29781592,0.2283945,0.34847772,-0.6966736,-0.6480627,-0.1585442,0.13385814
63,3279,0.9950876,0.028901398,0.4104597,-0.21916768,-0.45987725,0.18375698,-0.06796283,0.12408138,-0.0716431,-0.10045442,-0.59832114,0.6492556,0.2989202,0.50596964,0.11579794,0.7451551
63,3282,0.14800316,-0.6221036,1.158817,0.27628213,0.582325,-0.43589747,-0.3398018,0.3502343,0.41139555,-0.6566237,0.7520611,-0.8030774,-0.0030405857,-0.21350072,-0.6757479,-0.07598699
63,3293,0.057110757,-0.6676072,0.9851807,0.1688388,0.52464,-0.42112386,-0.45276764,0.15154569,0.29770958,-0.48405236,0.7511133,-0.7675931,-0.24839883,-0.2811412,-0.57324195,-0.17744131
63,3301,-0.30009243,0.04564581,-0.21931,-0.23030668,0.12476803,-0.40406346,-0.16461098,-0.08231769,0.02012223,-0.00036938488,-0.018348426,-0.42656136,0.09041498,-0.018252075,0.03152533,-0.51655614
63,3314,-0.36152536,0.41051582,-0.2727523,0.24485704,0.15894344,0.004421994,0.13994834,0.4266359,0.13435814,-0.05812177,-0.34175408,-0.01200404,0.5875444,-0.3101802,-0.23143119,-0.27968433
63,3316,-0.1855883,0.46347404,-0.07302253,0.36108384,0.27334672,-0.044903323,-0.068177894,0.69225854,0.20647478,-0.18573086,-0.618931,0.16948886,0.84028745,-0.41555646,-0.4362006,-0.08038767
63,3324,0.010381401,-0.13148005,0.27770326,-0.2119295,0.75748867,-1.4172758,-1.5536048,0.35021415,0.16450208,-0.26320195,-0.6397338,-0.36444575,0.20368491,-0.515834,-0.53601557,-0.18646246
63,3347,-0.45754498,0.44045568,-0.52100307,0.028684877,-0.022029191,-0.22940104,0.5542375,0.04774944,0.22246805,0.055571217,0.17703982,-0.3146827,0.28222272,0.11822802,0.21466339,-0.46004012
63,3352,0.1430775,-0.60429066,1.1442127,0.27952418,0.571595,-0.4116249,-0.30927435,0.3582177,0.40315348,-0.6558996,0.74524546,-0.7864177,0.015206285,-0.20198412,-0.6666137,-0.06498875
63,3356,-0.43910056,0.55686367,-0.5391491,0.10183291,0.047639683,-0.422351,0.54323256,0.16124722,0.34257597,0.017195657,0.15379201,-0.27802598,0.35791242,0.12321529,0.1990835,-0.36210024
63,3359,0.7193854,0.016119774,0.14373797,-0.25026244,-0.30517578,-0.3754623,-0.18286017,-0.16356206,-0.10171859,0.09076905,-0.18638289,0.45107892,-0.24045067,0.547035,0.38153395,0.78597814
63,3364,-0.80368924,-0.40051278,-0.48102602,0.32037443,0.39705598,0.2732745,-0.34655482,-0.5401141,-0.3311882,0.43267268,0.6993928,0.082381606,-1.2744806,-0.7064458,-0.058186397,0.00092276186
63,3365,0.77808595,0.0042012557,0.2251131,-0.21378776,-0.35185063,-0.066621765,-0.1541682,-0.039269023,-0.11690104,0.02405668,-0.36971414,0.54498506,-0.01181405,0.45669016,0.23314992,0.7246064
63,3373,-0.40058148,-0.23772806,-0.31126493,0.22194242,0.05492498,0.81027514,-0.26717687,-0.11734443,-0.435446,0.30212575,-0.003160283,0.42596197,-0.418566,-0.66735774,-0.15604433,0.03949832
63,3379,0.24604604,-0.39033905,0.3073508,0.23575015,-0.025778912,0.49698973,-0.09522131,-0.03947196,-0.14397728,-0.030721389,0.22995706,0.30551857,-0.22920536,0.0072170943,-0.14530876,0.48874632
63,3383,0.21425128,-0.8945797,1.3764627,0.601115,0.23451883,0.5849707,1.1747758,0.25286424,0.6612406,-0.7439181,1.8019546,-0.8769169,0.10825127,0.41672626,-0.52349967,0.24616376
63,3404,0.21425128,-0.8945797,1.3764627,0.601115,0.23451883,0.5849707,1.1747758,0.25286424,0.6612406,-0.7439181,1.8019546,-0.8769169,0.10825128,0.41672626,-0.52349967,0.24616376
63,3405,1.0393276,0.042322956,0.41167933,-0.25069156,-0.4800545,0.116304494,-0.071693584,0.10663565,-0.066352755,-0.094358474,-0.6004271,0.6557486,0.2793832,0.55747986,0.15807611,0.78371
63,3406,0.38822547,-0.828179,1.3531582,0.51585484,0.12870342,0.58350563,1.064968,0.25296974,0.59742564,-0.7120585,1.5598818,-0.69312114,0.14450377,0.47516438,-0.46363613,0.36500305
63,3420,-0.22722724,-0.1643363,-0.118723296,0.2784741,0.04835956,0.8588726,-0.26113987,0.10411585,-0.329548,0.16253209,-0.26061228,0.5051873,-0.04658112,-0.62221754,-0.31201863,0.0858208
63,3422,-0.4078931,0.30184,-0.5700594,-0.2817983,-0.2010915,-0.29833442,0.75714815,-0.32588005,0.18974832,0.12196656,0.47980398,-0.5766424,0.021699822,0.47090057,0.54501283,-0.6665956
63,3444,-0.1318183,0.011986233,-0.29732,0.04062198,0.19024977,-0.740423,-0.22190148,-0.38644952,-0.091400854,0.32197362,0.52962893,0.118465535,-0.9274897,0.118052185,0.4369125,0.5436893
63,3450,0.66900575,-0.00890705,0.14300781,-0.21219984,-0.2914036,-0.23884575,-0.18335214,-0.13018,-0.12187373,0.08148583,-0.2187876,0.46214518,-0.18191157,0.46441934,0.3073729,0.72028744
63,3456,0.4840602,-0.7380646,0.49872422,-1.257689,-0.5764515,0.48079103,-0.37903872,-0.9117229,-0.48179245,-0.2378269,-0.8285926,-0.8499449,-0.021081373,0.34193692,0.14274123,-1.445906
63,3465,1.0109392,0.038217425,0.3774462,-0.25411564,-0.46591628,0.07127701,-0.093266025,0.074717574,-0.07889174,-0.06943604,-0.56558585,0.6477444,0.21820113,0.5501498,0.18382928,0.7909213
63,3484,0.15468621,-0.5738687,1.1478525,0.337589,0.55703163,-0.2631505,-0.24848393,0.42758793,0.39985555,-0.6828062,0.6460313,-0.70390254,0.13322388,-0.21306793,-0.71057546,-0.022208694
63,3490,-0.15748328,-0.17453787,0.05989576,0.3359013,0.105981946,0.8126109,-0.20109119,0.21663705,-0.21116515,0.018572755,-0.2566198,0.40624732,0.12425582,-0.552086,-0.41051066,0.092208885
63,3510,-0.40533686,0.51225317,-0.45994782,0.18658787,-0.044825435,0.05996628,0.5409682,0.2640826,0.19119987,0.053814773,-0.16669473,-0.08095922,0.5432637,-0.07089633,0.019773856,-0.3932326
63,3535,0.834661,0.017796755,0.27005354,-0.22047222,-0.38136417,-0.011678204,-0.12891404,0.004439121,-0.10232705,-0.0077817068,-0.4350744,0.5692354,0.07542251,0.4740825,0.20631716,0.7252237
63,3553,-0.40736127,0.5169055,-0.49268892,0.16367678,-0.14698847,0.21361534,0.68563676,0.21459913,0.15730703,0.097338885,-0.16271612,-0.07129257,0.55652183,-0.023555875,0.07201326,-0.45630085
63,3585,-0.19771442,0.55887645,-0.27866957,0.2831105,-0.12415564,0.46810275,0.44946703,0.5303416,0.11021662,0.052204527,-0.7020323,0.35048407,0.87257445,-0.27689013,-0.1838181,-0.23172238
63,3643,0.1375294,-0.25846022,0.09469899,0.20485097,-0.03320571,0.6351949,-0.24873015,-0.0064525306,-0.2606222,0.06785268,-0.09555605,0.49258995,-0.19418974,-0.24124853,-0.18384889,0.39506727
63,3645,-0.2084864,0.39024714,0.010294698,0.38463306,0.47827202,-0.302042,-0.35180566,0.7385616,0.23206407,-0.28274524,-0.5453007,0.070951745,0.76439166,-0.50338376,-0.5521569,-0.014598433
63,3646,-0.43998298,0.53180504,-0.53549665,0.083620146,0.040364604,-0.41317248,0.539395,0.13213868,0.3268595,0.023292542,0.17786257,-0.29070732,0.32597113,0.13408023,0.21141073,-0.37106064
63,3659,-0.22580634,0.3737039,-0.18536782,0.29164279,-0.009215176,0.4994002,0.21142218,0.48314968,0.04159756,0.038270157,-0.62643695,0.34406716,0.69726235,-0.40455443,-0.29425922,-0.18587843
63,3661,0.7073637,0.007873058,0.18551904,-0.2391158,-0.2938451,-0.40399414,-0.12497926,-0.14847115,-0.055927664,0.060575064,-0.13732845,0.38106078,-0.19248417,0.59948707,0.36888704,0.746462
63,3674,-0.27899158,0.28582165,-0.20208779,0.26437956,-0.05118701,0.68332916,0.19757107,0.39233336,-0.050789595,0.10006281,-0.59509164,0.40230575,0.55768126,-0.48835427,-0.283041,-0.2136744
63,3683,-0.421072,0.61245036,-0.519385,0.18776917,0.07344347,-0.3670618,0.51956916,0.2750459,0.3574485,0.002078019,0.017938122,-0.18311524,0.47785836,0.038780615,0.113205746,-0.30581725
63,3686,0.7113054,0.009504892,0.14628628,-0.2409842,-0.30732244,-0.31459594,-0.18288481,-0.14558643,-0.110655755,0.08536369,-0.21509053,0.46326533,-0.20375253,0.5173391,0.35068837,0.76057243
63,3702,-0.06556465,-0.18844265,0.2870598,0.41025233,0.17651796,0.75684726,-0.12005717,0.3601095,-0.06282627,-0.16571628,-0.25481236,0.28206167,0.3383308,-0.46057647,-0.531268,0.1058389
63,3703,-0.22722724,-0.16433626,-0.118723296,0.2784741,0.04835956,0.8588727,-0.26113987,0.104115844,-0.329548,0.16253208,-0.26061225,0.5051873,-0.04658112,-0.62221754,-0.31201863,0.0858208
63,3707,1.0379267,0.0413106,0.41144413,-0.24887404,-0.47953838,0.12267917,-0.07269532,0.10783053,-0.067821756,-0.094415784,-0.60204315,0.65778583,0.2802927,0.55310285,0.15518752,0.7826798
63,3727,1.0430633,0.033282153,0.4243996,-0.23924354,-0.48113358,0.15711382,-0.07062911,0.11800718,-0.06933394,-0.10245676,-0.60860157,0.6658186,0.29363838,0.5431725,0.13870457,0.7827954
63,3741,-0.17004651,0.54390043,-0.19078273,0.31698287,0.0237367,0.24557434,0.26810017,0.61041445,0.16358319,-0.04981622,-0.68035996,0.28345326,0.8924355,-0.30188614,-0.27705717,-0.15883961
63,3746,-0.40952545,0.49082217,-0.4337045,0.19361088,0.02022288,-0.021540597,0.4349434,0.28463244,0.19671482,0.02711565,-0.16661617,-0.0939096,0.5216342,-0.11008986,-0.019395076,-0.36380637
63,3776,-0.38135248,0.4240577,-0.32587528,0.21983752,0.084163204,0.076731935,0.2595883,0.37184224,0.12014887,-0.014263444,-0.31009227,-0.020953678,0.5711708,-0.2602156,-0.16527341,-0.3308523
63,3783,0.38015822,0.03327997,-0.057161488,-0.15376836,-0.064088866,-0.8334294,-0.17968765,-0.35138434,-0.04071951,0.22112186,0.31406337,0.24276099,-0.7307446,0.5086211,0.5512724,0.80172765
63,3784,-0.035655394,-0.14373837,0.18752116,-0.2603789,0.585121,-1.1441493,-1.2489492,0.19563797,0.096136376,-0.18851225,-0.49109453,-0.389871,0.13849384,-0.38207436,-0.3910138,-0.28376886
63,3788,0.10428819,0.028050035,-0.18684009,-0.05344625,0.085049756,-0.8671908,-0.18647584,-0.39096355,-0.045027763,0.28043067,0.48941505,0.1474141,-0.87975246,0.3405076,0.52483976,0.683607
63,3791,0.48406026,-0.7380646,0.49872428,-1.257689,-0.5764514,0.48079103,-0.37903872,-0.9117229,-0.48179245,-0.23782693,-0.8285926,-0.849945,-0.021081373,0.34193692,0.14274123,-1.445906
63,3794,0.6015383,-0.386495,0.76887196,0.16880204,-0.15693885,0.4473372,0.43799278,0.16218346,0.19927067,-0.34253168,0.41378355,0.03901384,0.18904307,0.41221312,-0.17511977,0.5242905
63,3797,0.019088864,-0.25528324,0.5814043,0.4849527,0.30067885,0.6088272,-0.048695683,0.4932682,0.120427355,-0.39777106,-0.119785786,0.046061344,0.49346757,-0.35502213,-0.6640837,0.11321735
63,3802,-0.1976953,0.49409303,-0.25255328,0.27230465,-0.10076591,0.46407276,0.3868156,0.48772058,0.08218175,0.05536669,-0.6525275,0.3409261,0.7927827,-0.28384322,-0.19118002,-0.21021393
63,3803,-0.44014734,0.24205273,-0.4299027,-0.11532593,-0.012557343,-0.21353625,0.36090177,-0.087943584,0.09969659,0.054191735,0.20043527,-0.42124152,0.13827217,0.11686754,0.20541865,-0.5553362
63,3805,0.45857725,-0.7182063,0.46664125,-1.2481661,-0.5829657,0.47540277,-0.330031,-0.91936827,-0.46959043,-0.21906175,-0.7819302,-0.8529425,-0.030492753,0.36186346,0.16791993,-1.4429109
63,3815,0.74002874,-0.0050835516,0.18588394,-0.21630552,-0.32997552,-0.14054133,-0.17791025,-0.08572782,-0.12743336,0.054574724,-0.3059129,0.52284706,-0.101119906,0.45847097,0.2717475,0.7382423
63,3818,-0.2573707,0.27077258,-0.18726322,0.26101005,-0.06556031,0.709799,0.19191623,0.3792396,-0.06762557,0.10736958,-0.59496814,0.43140495,0.54217154,-0.47884017,-0.27660966,-0.18917465
63,3825,-0.33955848,-0.29492995,-0.25503626,0.28014275,0.110044494,0.74175745,-0.3919371,-0.12417307,-0.43804476,0.2711854,0.03749515,0.4642088,-0.4901281,-0.65368074,-0.1849378,0.17703089
63,3845,-0.40217066,-0.5611139,0.041476525,0.008560061,0.11218876,0.6346138,-0.28981757,-0.34684977,-0.29451677,0.16811384,0.26329702,-0.09873342,-0.60820657,-0.5401193,-0.209862,-0.3626984
63,3847,0.4460453,-0.7003049,0.46065474,-1.2050931,-0.53642356,0.4217643,-0.38019988,-0.86953264,-0.4576844,-0.2209514,-0.78622746,-0.8217657,-0.018977277,0.32584158,0.13846168,-1.3849531
63,3852,-0.44390762,0.3804969,-0.5982732,-0.18241358,-0.16191265,-0.31547153,0.7771287,-0.22671762,0.23296306,0.11251228,0.46295428,-0.5150263,0.079534836,0.4144784,0.49819067,-0.6018717
63,3857,-0.086265326,-0.1421811,-0.19101498,-0.7101503,-0.38207465,0.027935132,0.38841373,-0.6446445,-0.098439544,0.020641133,0.079370186,-0.73800755,-0.0641899,0.49627987,0.47747663,-0.9970138
63,3866,-0.07204597,0.0031792857,-0.28351632,0.021277033,0.17827854,-0.83693784,-0.23103856,-0.4287832,-0.08353575,0.33281267,0.5917748,0.1298668,-1.0166761,0.18904051,0.50087523,0.63630694
63,3868,-0.43559214,-0.25985748,-0.3442634,0.22629844,0.057520557,0.8430862,-0.27759314,-0.15200973,-0.4662994,0.3285218,0.042573437,0.43509775,-0.49956375,-0.70747733,-0.14156944,0.044050083
63,3877,-0.32815945,0.38487732,-0.2878455,0.11295492,0.20245013,-0.3856554,-0.006695822,0.32952902,0.21706554,-0.05001639,-0.2810641,-0.17132998,0.48031467,-0.20489264,-0.13730529,-0.33293295
63,3878,-0.65206945,-0.4031912,-0.3954094,0.30423778,0.30246723,0.46129638,-0.36524236,-0.44210494,-0.37891465,0.38482606,0.5160497,0.20311922,-1.0816386,-0.701941,-0.10318102,0.056203224
63,3880,0.66697466,-0.0086535085,0.14027768,-0.2115534,-0.2909466,-0.23445036,-0.18565755,-0.12986818,-0.1242388,0.08289944,-0.22162518,0.46510065,-0.18237479,0.45923695,0.30588308,0.719231
63,3882,-0.47286323,0.46047238,-0.62252206,-0.07382135,-0.12963557,-0.3075611,0.7990941,-0.12115566,0.27011004,0.1052186,0.42765826,-0.43289328,0.14693761,0.34525248,0.44056186,-0.5293912
63,3894,-0.24859291,0.37309235,-0.20207876,0.28885645,-0.017244138,0.5298606,0.22502273,0.4759817,0.032824025,0.048860956,-0.62583727,0.3441224,0.68777615,-0.42524907,-0.29236066,-0.20933044
63,3909,0.041374385,-0.18363908,0.3130757,-0.24349755,0.7562939,-1.4197254,-1.6118187,0.31765774,0.13838503,-0.2553634,-0.6481446,-0.36322495,0.16476016,-0.512879,-0.5386757,-0.18122347
63,3910,-0.37226558,0.43499392,-0.36191666,0.16180333,0.108635224,-0.18374322,0.22519219,0.30459964,0.20198193,-0.009102553,-0.21404919,-0.124594755,0.49389797,-0.15745541,-0.07688901,-0.34009463
63,3922,-0.29665163,0.3324848,-0.37267834,-0.30757245,0.22799352,-1.2486929,-0.015317939,-0.07701383,0.3857425,-0.11819741,0.3121971,-0.72002333,0.046392806,0.36371085,0.34479496,-0.4635889
63,3935,-0.68005717,-0.39665702,-0.4150755,0.31782854,0.34449467,0.34376848,-0.36852795,-0.47469857,-0.34623143,0.3950715,0.5949675,0.166815,-1.1570096,-0.67276067,-0.07943621,0.07943816
63,3941,-0.1699312,0.50718254,-0.11042112,0.35144675,0.18105982,0.06006582,0.06346333,0.6804153,0.19997808,-0.14375873,-0.6577984,0.21781859,0.88606364,-0.37120175,-0.3834009,-0.105103515
63,3949,0.38822547,-0.828179,1.3531582,0.51585484,0.12870342,0.58350563,1.064968,0.25296974,0.59742564,-0.7120585,1.5598818,-0.693121,0.14450377,0.47516438,-0.46363613,0.36500305
63,3950,-0.25478065,0.3308803,-0.19495949,0.27616927,-0.0052447766,0.5163659,0.19296014,0.4356218,0.014449075,0.0548955,-0.57968444,0.325422,0.62460667,-0.41890672,-0.28420871,-0.20166036
63,3954,-0.4306391,0.5583912,-0.5176658,0.1528544,0.04104532,-0.29244286,0.5355139,0.20897809,0.30840635,0.023683988,0.059025377,-0.20244148,0.42062962,0.050344646,0.13523632,-0.3395179
63,3955,-0.43980128,-0.07869509,-0.23057911,0.13087602,-0.02906268,0.8163543,0.05551797,0.007862095,-0.259654,0.20347321,-0.19802704,0.2461245,-0.011946812,-0.5472516,-0.1792495,-0.30268833
63,3981,-0.410781,-0.33196712,-0.28299797,0.29554147,0.1578596,0.7000797,-0.40672836,-0.1877681,-0.43683136,0.29210073,0.1536934,0.4186656,-0.62435526,-0.6789072,-0.17442387,0.1690551
63,3982,0.7262541,0.052827276,0.13545603,-0.28176776,-0.27352026,-0.6798062,-0.13823313,-0.23479718,-0.027300224,0.10903227,-0.013363019,0.35288012,-0.37984437,0.6978166,0.51257694,0.857574
63,3999,-0.23310925,-0.3134298,-0.14079727,0.2653875,0.1434351,0.5014687,-0.31468678,-0.20573282,-0.30193338,0.21605654,0.2104171,0.3604422,-0.61820865,-0.44365388,-0.14083534,0.26758167
63,4010,0.027126342,-0.289984,0.64746827,0.4852146,0.33329114,0.53361654,-0.044688962,0.49763656,0.15443861,-0.4410752,-0.030359529,-0.038685016,0.4719373,-0.33232445,-0.6753521,0.10584731
63,4018,0.06668621,-0.27880844,0.05039818,0.2228959,0.004866548,0.6130297,-0.2704051,-0.052233838,-0.27109408,0.09939818,-0.02234435,0.47438514,-0.29929203,-0.28603637,-0.17683968,0.38454092
63,4021,0.10428819,0.028050032,-0.18684009,-0.05344625,0.085049756,-0.8671908,-0.18647584,-0.39096355,-0.045027763,0.28043067,0.48941505,0.1474141,-0.8797525,0.3405076,0.52483976,0.683607
63,4029,-0.46269456,0.4367638,-0.52474964,0.013602555,-0.023805678,-0.24187417,0.55494165,0.036882423,0.22173065,0.054211453,0.18710314,-0.3358554,0.2763045,0.12712467,0.22389373,-0.4788862
63,4030,0.7011192,0.016016714,0.14078122,-0.24241996,-0.29808632,-0.35977978,-0.17804016,-0.15653393,-0.10071614,0.08873071,-0.18806942,0.44379112,-0.22773375,0.5325717,0.3686817,0.76586014
63,4042,0.62815046,0.006235674,0.1273553,-0.2091614,-0.2625254,-0.33477372,-0.16563609,-0.15021127,-0.09579441,0.087923296,-0.15339048,0.40679967,-0.22617765,0.4898477,0.33867913,0.71266437
63,4053,-0.2007129,0.5410373,-0.27502185,0.2787218,-0.1185969,0.46545967,0.43467262,0.5153286,0.102183014,0.054637607,-0.685264,0.3446401,0.84744394,-0.2775631,-0.18274933,-0.22868192
63,4060,-0.31326365,0.20321012,-0.2102287,0.24245976,-0.056447774,0.75033045,0.15877369,0.3102612,-0.11419201,0.13207155,-0.5201893,0.40223488,0.43084008,-0.5181521,-0.26642293,-0.22067994
63,4065,0.091095865,-0.4048945,0.91601425,0.4573527,0.43912026,0.21822263,-0.0475337,0.5216054,0.2862017,-0.6080707,0.2962461,-0.3534616,0.3934114,-0.23722976,-0.71046364,0.08265782
63,4072,-0.7656393,-0.42340207,-0.4620483,0.31692672,0.36422098,0.3705554,-0.36412925,-0.52874106,-0.3666112,0.42859083,0.6609773,0.1327878,-1.2568952,-0.73131883,-0.07226946,0.024974406
63,4073,-0.25018045,0.3517721,-0.18888572,0.29085985,-0.027013943,0.60161257,0.21046332,0.47482088,0.008519441,0.059254,-0.6461903,0.38598034,0.6731956,-0.46459335,-0.31124067,-0.20490259
63,4076,-0.3498644,0.18842503,-0.50454324,-0.4053325,-0.27013475,-0.2023802,0.73167086,-0.44568014,0.116500124,0.11434092,0.44405168,-0.6471348,-0.029741608,0.5173005,0.5780858,-0.77023107
63,4084,0.088565975,-0.41901603,0.91964597,0.41886073,0.4481353,0.11744346,-0.08074759,0.48514232,0.29116917,-0.5969902,0.35826367,-0.4075415,0.32750064,-0.22429396,-0.68198264,0.059093103
63,4092,-0.24372324,0.34207782,-0.18226737,0.2871341,-0.025934845,0.594799,0.20331588,0.46506673,0.0046845227,0.058959126,-0.63450485,0.38392225,0.6598767,-0.45484525,-0.30718267,-0.19635063
63,4093,-0.7656393,-0.42340207,-0.4620483,0.31692672,0.36422095,0.3705554,-0.36412925,-0.52874106,-0.3666112,0.42859083,0.6609773,0.1327878,-1.2568952,-0.73131883,-0.07226946,0.024974406
63,4119,-0.29472917,0.30534363,-0.21352363,0.087945625,0.28194785,-0.4920153,-0.20689124,0.3275545,0.19768316,-0.07542254,-0.3051762,-0.1815469,0.42214465,-0.253469,-0.19336723,-0.29063165
63,4132,0.66345894,-0.011946214,0.14312637,-0.20148784,-0.2922954,-0.18212374,-0.18779458,-0.11407476,-0.13229021,0.078163505,-0.24635391,0.48199415,-0.15829651,0.43104127,0.281425,0.7071023
63,4145,1.0359657,0.0029929504,0.45203042,-0.20744735,-0.4736852,0.2316294,-0.06621073,0.13191369,-0.073101945,-0.11867863,-0.5939051,0.66928923,0.30334252,0.51653063,0.100476414,0.7797592
63,4155,0.9276943,0.033804044,0.33248726,-0.2359752,-0.42771232,0.050517872,-0.10188111,0.055171255,-0.08598381,-0.04756114,-0.52043694,0.61114687,0.17732051,0.5088099,0.18204945,0.74681234
63,4158,0.14800316,-0.6221036,1.158817,0.27628213,0.58232504,-0.43589747,-0.33980176,0.3502343,0.4113956,-0.65662366,0.7520611,-0.8030774,-0.0030405857,-0.21350072,-0.6757479,-0.07598699
63,4168,-0.43181616,0.2218583,-0.41428152,-0.11679557,-0.008687787,-0.20057888,0.33586037,-0.092426054,0.08592072,0.055073902,0.1927137,-0.411699,0.12697925,0.1085234,0.19538939,-0.5456737
63,4169,-0.02305068,0.0074974895,-0.28852323,-0.0036697239,0.17857347,-0.99940604,-0.24137558,-0.49074236,-0.067723215,0.35717773,0.68800765,0.1286097,-1.1512299,0.27410835,0.5957664,0.7445434
63,4172,-0.46269456,0.4367638,-0.52474964,0.013602555,-0.023805678,-0.24187417,0.55494165,0.036882423,0.22173065,0.05421145,0.18710314,-0.33585542,0.2763045,0.12712467,0.22389373,-0.4788862
63,4179,-0.2728734,0.07634489,-0.4072257,-0.49036747,-0.29131678,-0.1365783,0.6013515,-0.50243783,0.039937094,0.091728166,0.3341974,-0.6640326,-0.047341876,0.50128853,0.54025686,-0.8173769
63,4190,-0.060947955,-0.12513874,0.15057305,-0.25718343,0.54609966,-1.0839155,-1.1514224,0.17262855,0.09243126,-0.17354597,-0.4467013,-0.39717823,0.1348345,-0.35010234,-0.35285598,-0.30697858
63,4192,0.7193854,0.016119774,0.14373797,-0.25026238,-0.30517578,-0.37546235,-0.18286017,-0.16356206,-0.10171859,0.09076905,-0.18638289,0.45107892,-0.2404507,0.547035,0.38153395,0.78597814
63,4195,-0.48430339,0.4705874,-0.6453692,-0.09928733,-0.14489596,-0.3331679,0.83961,-0.14558932,0.28177536,0.107917786,0.46423918,-0.47273022,0.13703659,0.3820463,0.4784465,-0.56330985
63,4204,0.75221586,0.027158588,0.18907925,-0.26971474,-0.3073389,-0.50346416,-0.12231517,-0.17102137,-0.03960985,0.06636082,-0.11706719,0.37617165,-0.22957878,0.66471946,0.42332652,0.7964393
63,4217,-0.29613143,-0.5696272,0.20934367,0.04093401,0.19436067,0.39472198,-0.3656187,-0.25677732,-0.17376393,0.059091512,0.31484097,-0.20771226,-0.53838867,-0.48821446,-0.28460744,-0.31781077
63,4226,0.033487946,-0.28851014,0.029172309,0.23020053,0.021644302,0.6041015,-0.27877164,-0.07490338,-0.27675402,0.11458652,0.0124422535,0.46548998,-0.3497718,-0.30676812,-0.17236826,0.37894326
63,4263,-0.39182648,0.49948493,-0.45730478,0.18485965,-0.11290583,0.20785087,0.60677516,0.24986356,0.14888245,0.08377376,-0.21166557,-0.03815957,0.5662853,-0.06821707,0.022648618,-0.41931963
63,4277,-0.5236243,-0.32345542,-0.39841145,0.245812,0.11841374,0.7616073,-0.33031896,-0.25832978,-0.4959635,0.36047125,0.23078562,0.3781968,-0.7346693,-0.7341541,-0.090893686,0.07853364
63,4280,0.66697466,-0.0086535085,0.14027768,-0.2115534,-0.29094663,-0.23445036,-0.18565755,-0.12986818,-0.1242388,0.08289944,-0.22162518,0.46510065,-0.18237479,0.45923695,0.30588308,0.719231
63,4309,0.67852247,-0.012056686,0.14707342,-0.2075544,-0.2981306,-0.1949039,-0.19010246,-0.119041644,-0.13194077,0.078691475,-0.24443159,0.48657405,-0.1668196,0.4442558,0.29138306,0.72271293
63,4326,-0.33955848,-0.29492995,-0.25503626,0.28014278,0.110044494,0.74175745,-0.3919371,-0.12417307,-0.43804476,0.2711854,0.03749515,0.4642088,-0.4901281,-0.65368074,-0.1849378,0.17703089
63,4327,-0.25525033,0.26060972,-0.18380281,0.25726897,-0.062840685,0.7009476,0.18439645,0.36833563,-0.071149565,0.1077127,-0.5811927,0.4255131,0.52674425,-0.47109216,-0.27242732,-0.18408912
63,4333,0.4060013,-0.6681484,0.38445708,-1.2414687,-0.5873427,0.41235518,-0.22239646,-0.94019717,-0.4316985,-0.18606801,-0.65870136,-0.8884074,-0.05282852,0.42521742,0.24771085,-1.4394242
63,4335,0.13619664,-0.3405335,0.11936038,-0.79882544,-0.2383298,-0.10856612,-0.23307845,-0.56723064,-0.19404823,-0.11697461,-0.31563678,-0.6894805,-0.031037085,0.3089119,0.21382642,-0.9298395
63,4346,0.2613652,-0.35152477,0.23808295,0.20633718,-0.052401617,0.49705565,-0.1795257,-0.054842293,-0.1984222,0.015349343,0.10669088,0.3945479,-0.24007829,-0.014452472,-0.118652806,0.5103811
