window_id,vehicle_id,z_0,z_1,z_2,z_3,z_4,z_5,z_6,z_7,z_8,z_9,z_10,z_11,z_12,z_13,z_14,z_15
117,1066,-0.3237258,0.14988643,-0.23894311,0.111495584,0.2303603,-0.5894219,-0.042915516,0.4752418,0.6077229,0.12897818,0.4089362,-0.7581228,0.7659574,0.4192447,0.762547,-0.68853575
117,3889,-0.32372576,0.14988644,-0.23894311,0.111495584,0.23036027,-0.58942187,-0.042915512,0.4752418,0.6077228,0.12897816,0.4089362,-0.7581229,0.7659575,0.4192447,0.76254696,-0.68853575
117,2194,0.7796317,0.13342072,-0.03265144,0.5714948,1.1462879,0.18964797,-1.379833,-0.035240218,-0.49336743,0.5886928,0.034526065,-0.33231905,0.13019745,-0.45188004,-0.28569576,-0.15152189
117,4146,0.5986027,0.3040762,0.37490785,0.88826346,0.1845338,-0.031490043,-1.0652288,-0.22872484,-0.21001299,0.21985604,-0.18456118,-0.045130573,0.10741712,-0.06900762,0.06506668,-0.24395016
117,4320,-0.3237258,0.14988643,-0.23894309,0.111495614,0.2303603,-0.5894219,-0.042915516,0.4752418,0.60772294,0.12897816,0.4089362,-0.7581229,0.76595736,0.41924453,0.7625469,-0.6885357
117,4344,-0.3237258,0.14988643,-0.23894309,0.111495614,0.2303603,-0.58942205,-0.042915516,0.47524175,0.60772294,0.12897818,0.40893626,-0.75812286,0.7659575,0.4192446,0.76254696,-0.68853575
117,2501,0.6775429,0.21847408,-0.17747377,0.5009712,1.1962022,0.11303846,-1.3415235,0.03826645,-0.5014464,0.5421808,0.05906982,-0.3943039,0.06822096,-0.4826184,-0.29472822,-0.10894215
117,3508,-0.3237258,0.14988644,-0.23894311,0.111495614,0.2303603,-0.58942205,-0.042915516,0.47524175,0.60772294,0.12897818,0.4089362,-0.7581228,0.7659575,0.4192446,0.76254696,-0.68853575
117,3547,0.17073011,0.08004536,-0.9679101,-0.14906909,-0.40816122,-0.31468046,0.22921355,-0.0124038905,-0.8342505,-0.10774504,-0.38289088,-0.5824084,-0.34475005,-0.46011013,-0.43615073,1.5825629
117,1846,0.7635261,0.123186246,-0.016740061,0.5457785,1.1034431,0.19814533,-1.3403093,-0.04597923,-0.46941888,0.57610387,0.040284447,-0.31250665,0.12649612,-0.4432987,-0.28071028,-0.15838218
117,2380,-0.32372576,0.14988644,-0.23894306,0.111495614,0.23036027,-0.5894219,-0.042915516,0.4752418,0.6077229,0.12897816,0.4089362,-0.7581228,0.7659575,0.41924465,0.762547,-0.6885357
117,1454,-0.32372576,0.14988643,-0.23894309,0.111495584,0.2303603,-0.589422,-0.042915516,0.4752418,0.60772294,0.12897818,0.4089362,-0.75812286,0.7659574,0.4192446,0.76254696,-0.68853575
117,2771,-0.32372576,0.14988644,-0.23894309,0.111495554,0.23036027,-0.5894219,-0.042915516,0.47524175,0.6077229,0.12897818,0.4089362,-0.75812286,0.7659575,0.41924465,0.762547,-0.6885357
117,3473,0.5628152,0.44042498,0.2317816,0.91299903,0.30151203,-0.19478013,-1.2665105,-0.09615382,-0.3208691,0.18465123,-0.16639684,-0.13551307,0.020161748,-0.00518474,-0.050573707,-0.16263655
117,277,0.77440715,0.12470633,-0.0074942634,0.5453403,1.1006387,0.2106531,-1.3466163,-0.05233723,-0.46544588,0.5799339,0.044121616,-0.30765614,0.13110591,-0.45065522,-0.2802196,-0.1679444
117,4302,-0.3237258,0.14988643,-0.23894314,0.111495614,0.23036027,-0.589422,-0.042915516,0.4752418,0.60772294,0.12897818,0.4089362,-0.7581228,0.7659575,0.4192446,0.76254696,-0.6885357
117,370,-0.3237258,0.14988643,-0.23894311,0.111495614,0.2303603,-0.58942205,-0.042915512,0.47524175,0.60772294,0.12897818,0.4089362,-0.7581228,0.7659574,0.4192446,0.76254696,-0.6885357
117,3263,0.6775428,0.21847408,-0.17747377,0.5009712,1.196202,0.11303846,-1.3415234,0.03826645,-0.5014464,0.54218084,0.059069827,-0.3943039,0.06822096,-0.4826184,-0.29472822,-0.10894215
117,2292,-0.32372576,0.14988643,-0.23894309,0.111495584,0.23036027,-0.58942187,-0.042915516,0.47524175,0.60772294,0.12897818,0.4089362,-0.7581228,0.76595753,0.41924465,0.762547,-0.68853575
117,2911,0.6987553,0.22952951,-0.21162345,0.5643488,1.276119,0.08002729,-1.4117696,0.063370645,-0.55561656,0.5644711,0.03475398,-0.4356806,0.07086034,-0.48245674,-0.3005768,-0.07986926
117,3308,0.5750377,0.4394309,0.25390565,0.93376505,0.28675798,-0.18597971,-1.2623062,-0.11165413,-0.31454885,0.18648356,-0.1733272,-0.13056454,0.03401093,-0.008501396,-0.033853114,-0.17274463
117,3675,0.7744071,0.12470631,-0.0074942634,0.5453404,1.1006387,0.2106531,-1.3466165,-0.05233723,-0.46544588,0.5799339,0.044121616,-0.3076561,0.13110594,-0.45065522,-0.2802196,-0.16794442
117,4116,-0.32372576,0.14988644,-0.23894309,0.111495644,0.23036027,-0.5894219,-0.042915516,0.47524175,0.6077229,0.12897816,0.40893626,-0.7581228,0.76595753,0.4192446,0.76254696,-0.6885357
117,2,0.21834138,-0.40328538,0.7259856,0.64039135,-0.20379184,0.28652942,0.5019746,-0.43833208,0.05153948,0.015639897,-0.52799916,0.41406277,0.17623363,-0.048114747,0.24275921,0.08535416
117,4,0.35289153,0.1650736,-0.5452741,-0.12100163,-0.67789674,0.2551865,0.24558036,-0.43350348,0.49941003,0.15428238,0.38176948,-0.9748504,0.6154355,-0.88444424,0.8102614,0.10776106
117,8,0.5135467,0.060807623,-0.712353,-0.12009768,-0.9741509,0.3883158,0.4386087,-0.64011526,0.36387837,0.14619288,0.23382986,-1.0589955,0.5654154,-1.1578591,0.79092056,0.54330647
117,22,-0.0016092192,-0.3844298,-0.071639314,-0.79235685,0.07702346,0.4245246,0.19304436,0.053965226,0.005369514,0.1466409,0.14989537,0.33848608,-0.30978608,-0.13508026,-0.25745267,-0.023647495
117,23,-0.2126896,-0.7349208,-0.27514654,-0.6259936,0.52462435,-0.021207228,0.31600147,0.502493,-0.17292841,0.28993276,-0.17976828,0.20021446,-0.13276252,0.33740777,-0.22500168,0.10702459
117,28,0.48642194,0.08478624,-0.68643177,-0.11799152,-0.9118458,0.36850595,0.39647546,-0.60386115,0.38386136,0.14782661,0.25797725,-1.0466758,0.5726192,-1.1196456,0.7924223,0.47136894
117,35,-0.105612464,-0.23035516,0.68123,1.0744569,-0.17768711,-0.23635925,0.48284116,-0.19567396,-0.05584681,-0.14142682,-0.74310535,0.23392868,0.2528944,0.39408827,0.27803123,0.25375193
117,44,0.046641678,-0.3236714,0.6623646,0.9119632,-0.15444204,-0.06317201,0.43730393,-0.26718032,-0.035790443,-0.03156421,-0.66508406,0.24358356,0.23885448,0.22173326,0.26380116,0.20706448
117,85,0.049244255,-0.6276161,-0.054550156,-0.7411585,0.29625124,0.40655744,0.261506,0.1585772,-0.13612567,0.27830464,-0.038323328,0.37706915,-0.28894764,-0.03891489,-0.2943012,0.08047455
117,92,0.019854147,-0.47985792,-0.08204235,-0.8275033,0.16238216,0.451326,0.2207464,0.10603562,-0.046262696,0.19984305,0.103966035,0.36365944,-0.30733237,-0.113937125,-0.2798819,0.006161146
117,101,-0.30212107,0.24139903,0.54203635,0.9102373,-0.28616443,-0.41245836,0.16856563,-0.10574055,0.018105283,-0.33850846,-0.4347087,0.19559273,0.08485849,0.4947173,0.16174875,0.047855295
117,105,-0.38267753,0.18901692,-0.38407916,0.072256744,0.13001098,-0.67926055,0.02319199,0.54671156,0.7062392,0.117334336,0.4851876,-0.9440763,0.90871745,0.4615836,0.92313135,-0.7254715
117,110,0.18881218,-0.36322147,0.6646962,0.5576613,-0.1960949,0.26357108,0.45194626,-0.40810835,0.059364498,0.013428267,-0.46410334,0.3840995,0.13917305,-0.048749372,0.2054355,0.06892168
117,122,-0.10561247,-0.23035517,0.68123,1.0744572,-0.17768711,-0.23635928,0.48284116,-0.19567397,-0.055846855,-0.14142683,-0.74310535,0.23392868,0.2528944,0.3940882,0.27803123,0.2537519
117,127,0.6822563,0.032104254,0.12737146,0.25628236,0.78398216,0.3781097,-1.0034504,-0.1566107,-0.3039983,0.45838168,0.086007945,-0.064050995,0.032790408,-0.4606753,-0.25394005,-0.2206306
117,146,0.15894139,-0.7179422,0.13896729,-0.6067559,0.2980861,0.50086534,0.33679423,0.013438284,-0.18891062,0.27911732,-0.17790829,0.52266204,-0.33268833,-0.09473103,-0.27558327,0.11736875
117,154,0.069302775,0.6232806,0.3607118,-0.122324094,-0.42297482,0.305129,-0.40278342,-0.35998434,0.29453617,-0.26505646,0.47555,0.34451392,-0.2483549,-0.22321033,-0.09930843,-0.54321545
117,155,-0.044536106,-0.84655833,-0.14346068,-0.6340833,0.56949997,0.1608862,0.32211635,0.3999968,-0.24397759,0.36981854,-0.25137937,0.3122861,-0.18260197,0.22659747,-0.2832959,0.15693644
117,156,-0.45521656,-0.33544016,-0.3377071,-0.26296064,0.39688894,-0.49155813,0.23410036,0.6642642,0.16528887,0.12271464,0.058353454,-0.27535304,0.26120484,0.6044067,0.22584979,-0.19611572
117,166,-0.3182135,0.09313302,0.63887537,1.1594528,-0.25340924,-0.4776106,0.3415969,-0.095008306,-0.03855154,-0.3274768,-0.6629564,0.19791955,0.19436328,0.59466994,0.24551626,0.18450475
117,178,0.023975313,-0.31962967,0.6800211,0.82467675,-0.1842454,0.011793897,0.51270837,-0.29811287,-0.0009640455,-0.07193127,-0.62665975,0.32102108,0.19850327,0.18397532,0.24254082,0.18214917
117,183,0.57503766,0.4394309,0.25390568,0.93376505,0.28675798,-0.18597971,-1.2623061,-0.11165414,-0.31454885,0.18648356,-0.17332722,-0.13056451,0.03401093,-0.008501396,-0.03385312,-0.17274463
117,195,-0.44493458,-0.4007795,-0.3352108,-0.30642113,0.45167854,-0.45213932,0.24604665,0.6811861,0.11043329,0.14757748,0.017069623,-0.21110913,0.21464376,0.5980192,0.16467263,-0.16584624
117,199,0.058274716,-0.6898749,-0.052932978,-0.6561266,0.42354754,0.3242001,0.22955365,0.23100424,-0.17485009,0.33794194,-0.111432895,0.32688093,-0.21451963,0.03229758,-0.2867322,0.07814499
117,205,0.7446213,0.07755533,0.05377849,0.4186217,0.97565687,0.29270747,-1.2028788,-0.096674934,-0.4040233,0.5321946,0.05572346,-0.19452012,0.086584374,-0.46161288,-0.2729604,-0.18902951
117,206,0.08243984,-0.39036483,0.7270342,0.8930366,-0.1740965,0.045749396,0.5461887,-0.32844913,-0.016305938,-0.03560264,-0.69006944,0.33024284,0.24234997,0.16367744,0.27924997,0.20576912
117,208,-0.4508321,-0.46347755,-0.35255742,-0.36106914,0.46778557,-0.42766613,0.28037384,0.6981579,0.06325719,0.1565919,-0.021478415,-0.15933257,0.16257234,0.60370237,0.1087154,-0.11535972
117,223,-0.285202,0.020078361,0.6382309,1.1084217,-0.2365102,-0.41666418,0.38746777,-0.11397747,-0.0359198,-0.29215762,-0.667985,0.21288593,0.19451688,0.54648095,0.24189769,0.20018306
117,224,-0.01813811,-0.35264522,-0.06054437,-0.7648169,0.033259153,0.4032948,0.20150666,0.025485843,0.022800483,0.11418244,0.15102991,0.33867973,-0.31927842,-0.1339713,-0.24409054,-0.023819156
117,237,0.37549713,-0.34025836,0.118256375,-0.24331984,0.5182432,0.45148498,-0.250721,-0.068780266,-0.22416826,0.3416765,-0.034106717,0.24834469,-0.18375671,-0.30397922,-0.2600411,-0.04661105
117,243,-0.0245422,-0.8116689,-0.12473337,-0.63605136,0.5348257,0.19167338,0.30255562,0.36357042,-0.22773586,0.3614058,-0.22274782,0.3131888,-0.18887077,0.1872827,-0.28355426,0.14208093
117,254,0.19561383,0.17459278,0.41724002,-0.52305645,-0.4032082,0.70069325,0.00039068982,-0.5307338,0.33996665,-0.14028259,0.39222035,0.5747463,-0.32844168,-0.4825459,-0.08877881,-0.47501925
117,258,-0.7530344,1.2654616,-0.3608393,0.26690593,-0.18221077,-0.9496435,-0.5611831,0.4593937,-0.4771093,-0.88755053,0.16975646,0.020241901,-0.7527497,0.6753345,-0.8483611,0.40905944
117,264,0.056958914,-0.7465029,-0.061200336,-0.7272967,0.40664902,0.38043272,0.30047524,0.22874132,-0.2014087,0.33355752,-0.13015811,0.38951808,-0.27225447,0.023846,-0.30818936,0.12753677
117,267,-0.21807241,-0.47224146,-0.3323499,-0.60365677,0.2655884,-0.018271819,0.26804087,0.38502738,-0.016954735,0.19449884,0.012856588,0.014111407,-0.05579382,0.18059494,-0.08208128,0.020490639
117,291,-0.31393528,0.72516525,0.12533663,-0.4104743,-0.5419487,0.15401083,-0.13836837,-0.2093914,0.2852494,-0.54887927,0.56496775,0.40791765,-0.45384014,-0.053071864,-0.293212,-0.37273628
117,302,0.071502276,0.30521458,0.3631438,-0.5044273,-0.44788668,0.5848627,-0.027612964,-0.47433907,0.3544208,-0.24107642,0.44419885,0.549643,-0.3510188,-0.38447392,-0.12256014,-0.4792988
117,304,-0.461421,-0.4705553,-0.36485893,-0.36687914,0.47684672,-0.4387135,0.28752694,0.716674,0.062256552,0.1576863,-0.022773042,-0.16612056,0.16955708,0.6178429,0.11370091,-0.11526124
117,305,0.31886283,0.46855623,0.5241863,-0.016126275,-0.41374457,0.48427522,-0.41592437,-0.5276165,0.3028074,-0.10764825,0.36528444,0.3854193,-0.14433123,-0.36829567,0.029583558,-0.60307467
117,306,-0.62209827,1.0936638,-0.08264519,-0.22071664,-0.54991746,-0.2890613,-0.29467276,0.08108622,0.13219206,-0.78733826,0.6043251,0.24226698,-0.54272044,0.27405328,-0.4687904,-0.21051452
117,309,0.25773677,-0.24749671,0.68202555,0.6430205,-0.19223326,0.24617055,0.2578052,-0.42305338,0.043802746,0.021116834,-0.43084204,0.35803708,0.15242957,-0.054125898,0.21849634,-0.010263808
117,314,-0.2406658,0.8605022,0.18519837,-0.19354847,-0.49279708,0.06699511,-0.36548653,-0.1819621,0.26356906,-0.50893885,0.57491463,0.31923854,-0.3836062,-0.016626477,-0.25057572,-0.4501025
117,325,0.16041209,0.24557863,0.37816906,-0.5600996,-0.43079942,0.6800497,-0.037385494,-0.5122837,0.3741638,-0.1653324,0.46659666,0.53873837,-0.3316049,-0.48158026,-0.09568192,-0.502378
117,338,-0.035510086,0.41667038,0.3063378,-0.48851824,-0.4775429,0.47751588,-0.05570136,-0.41061926,0.3531834,-0.32457078,0.48765993,0.51729244,-0.37333232,-0.29805502,-0.16046229,-0.471506
117,340,-0.052521676,-0.2913924,0.7038581,1.089122,-0.16581947,-0.19265215,0.50275755,-0.22131144,-0.06310262,-0.10337022,-0.77202976,0.24012113,0.27637523,0.35871148,0.29617703,0.26588905
117,342,-0.15263343,-0.18934359,0.70081186,1.1500238,-0.19232276,-0.29564726,0.493826,-0.17774089,-0.062166527,-0.18400203,-0.77520543,0.2356627,0.2634802,0.45594466,0.29087955,0.263901
117,343,0.038549148,-0.54352677,-0.063009426,-0.77515066,0.22517508,0.42851543,0.23170482,0.12456563,-0.08726674,0.23936385,0.03719402,0.3658692,-0.29543358,-0.08226799,-0.28564984,0.03844843
117,363,-0.30485514,0.074650526,0.6224961,1.1166987,-0.24423634,-0.4557795,0.3384593,-0.09728441,-0.035645917,-0.3092648,-0.6454201,0.1938107,0.18585049,0.5700432,0.23525004,0.18299308
117,364,0.053251088,-0.6250744,-0.04627815,-0.7214434,0.29791978,0.39866126,0.25560778,0.15317497,-0.13644616,0.28056836,-0.04470916,0.37174365,-0.2843187,-0.037685663,-0.29138517,0.08027267
117,366,-0.25792447,-0.7389182,-0.3010667,-0.6101359,0.5000484,-0.07972695,0.35153726,0.52516615,-0.172632,0.26196668,-0.20111956,0.18337719,-0.13977927,0.38513416,-0.21563348,0.1398794
117,367,-0.39805925,0.9725355,0.08423139,-0.21775204,-0.5278474,-0.06716448,-0.33821303,-0.085876934,0.22408214,-0.6321751,0.6021143,0.30094534,-0.45609766,0.09568052,-0.33867055,-0.3702474
117,390,0.013815636,-0.21287994,0.7294561,0.86563206,-0.24006261,0.014519364,0.47483358,-0.32765406,0.024197467,-0.13494141,-0.59758496,0.36568004,0.18996932,0.19811921,0.25806534,0.1185933
117,394,-0.013217049,-0.3158862,0.67563087,1.0044782,-0.15321416,-0.14160721,0.47787586,-0.2338348,-0.054565787,-0.06602983,-0.7272455,0.23365796,0.25912684,0.30074263,0.2778629,0.24913412
117,396,0.22394674,-0.7053405,0.20438716,-0.59355104,0.30203468,0.57027835,0.2997901,-0.035393864,-0.18257408,0.2919827,-0.16436721,0.5486407,-0.32566643,-0.15607867,-0.27016348,0.078763686
117,404,0.59257656,0.29138368,0.39377278,0.8934648,0.16981664,-0.02027455,-1.0258722,-0.23980264,-0.20230691,0.21052508,-0.19656049,-0.027213491,0.112153575,-0.068224885,0.07447165,-0.23996031
117,405,0.17650983,-0.31168002,0.6432456,0.5288104,-0.20488364,0.24876824,0.4028922,-0.39916348,0.06819044,0.0007789135,-0.42154872,0.37289378,0.11998774,-0.045957327,0.19135185,0.041669153
117,416,-0.3766974,0.94734836,0.09719359,-0.21986029,-0.51848644,-0.04745859,-0.33679563,-0.09861333,0.23204035,-0.6099628,0.5972731,0.3022149,-0.44531012,0.07911883,-0.324832,-0.38069758
117,422,0.05021482,-0.72228384,-0.06409265,-0.64348614,0.4715205,0.29534703,0.23272331,0.26754567,-0.1911804,0.35642892,-0.13837136,0.31830484,-0.19391862,0.066963375,-0.28554994,0.08193944
117,423,-0.55330604,0.9833276,-0.042814225,-0.31349176,-0.5742096,-0.15296347,-0.22091599,-0.012147769,0.18947315,-0.73269224,0.6056626,0.2940442,-0.5239923,0.17630197,-0.4260335,-0.2502189
117,427,-0.3660115,0.17402264,-0.32109988,0.096491724,0.18911049,-0.6534571,-0.010524351,0.53049314,0.6673371,0.122963145,0.45412594,-0.8679098,0.85476965,0.45837933,0.85913193,-0.72178876
117,433,0.77227867,0.18158628,-0.112896994,0.5977142,1.2446841,0.14389755,-1.4422184,0.011597112,-0.5424078,0.5959347,0.03097257,-0.39064065,0.11550294,-0.47351235,-0.29842293,-0.12141371
117,434,-0.29111034,-0.69756126,-0.33513272,-0.62158406,0.46773526,-0.10869835,0.35347158,0.5458963,-0.14876945,0.2390589,-0.16411076,0.14099589,-0.12117448,0.39409918,-0.18939993,0.12111483
117,442,0.22475702,-0.39159888,0.7517825,0.6654407,-0.21794774,0.29665244,0.50758064,-0.45364833,0.056012616,0.0031895414,-0.5357615,0.4328952,0.18243752,-0.047935404,0.2545784,0.07479883
117,444,0.79298156,0.21861391,-0.16220431,0.63424814,1.337674,0.121188655,-1.5221931,0.04180561,-0.5866519,0.6148617,0.027476862,-0.43556198,0.11614932,-0.49783665,-0.31128222,-0.109078884
117,461,0.19320475,0.17214078,0.41835237,-0.52070594,-0.40282628,0.69832337,0.004888078,-0.53036225,0.33788052,-0.14226933,0.3872208,0.57777417,-0.32931697,-0.47877544,-0.08937204,-0.47246912
117,465,0.08014869,0.27401358,0.29926628,-0.6284883,-0.4413152,0.6185582,-0.026330112,-0.45846397,0.38626212,-0.19636731,0.51203984,0.49521175,-0.35521507,-0.4411658,-0.11743804,-0.4804371
117,467,0.11040825,0.00564098,-0.86924845,-0.22259188,-0.31509584,-0.26385987,0.23200412,0.043091834,-0.6991404,-0.064863086,-0.31059718,-0.4934722,-0.2987524,-0.3693316,-0.3771565,1.3324345
117,496,-0.45575827,-0.44613057,-0.3449419,-0.32507145,0.47543028,-0.45450836,0.2703965,0.70442474,0.08230412,0.15448518,-0.01517725,-0.18484917,0.19246323,0.620856,0.13866113,-0.13621715
117,497,-0.2265954,-0.09123993,-0.100915715,-0.035687223,0.4985784,-0.3330394,-0.07511688,0.4521658,0.27814892,0.20300479,0.21512562,-0.32938695,0.42043126,0.3462916,0.33135498,-0.50027484
117,498,0.09719141,-0.36942774,0.66738176,0.81659913,-0.15666917,0.03981141,0.46486998,-0.3100766,-0.014558047,-0.004650455,-0.6274721,0.2842432,0.21953301,0.13830702,0.25171667,0.18444905
117,514,-0.24066576,0.86050224,0.18519837,-0.19354847,-0.49279708,0.06699509,-0.36548653,-0.1819621,0.2635691,-0.5089388,0.5749146,0.3192385,-0.3836062,-0.016626462,-0.25057572,-0.4501025
117,515,0.24806611,0.1893604,-0.40422112,-0.09876078,-0.42525548,0.15548335,0.1169057,-0.27562216,0.55821294,0.172557,0.4476174,-0.87814796,0.6331805,-0.6652081,0.79314417,-0.17954016
117,523,-0.36601153,0.17402264,-0.32109988,0.096491754,0.18911052,-0.6534571,-0.010524351,0.530493,0.6673371,0.122963145,0.45412594,-0.86790985,0.85476965,0.4583794,0.85913193,-0.7217888
117,529,-0.29286632,0.95552564,0.22859085,-0.04183927,-0.50367445,-0.05620438,-0.36281538,-0.17949443,0.15878205,-0.6027034,0.44733292,0.37955713,-0.44425315,0.10581042,-0.3014167,-0.38017616
117,540,-0.285202,0.020078368,0.6382309,1.1084217,-0.23651019,-0.41666418,0.38746783,-0.11397747,-0.03591983,-0.29215762,-0.667985,0.21288595,0.19451688,0.54648095,0.24189769,0.20018312
117,548,0.24143691,-0.6795951,0.23214719,-0.5909634,0.2780301,0.59898007,0.2852289,-0.06862939,-0.16451283,0.27909896,-0.14634754,0.5625655,-0.32874742,-0.18766885,-0.26145005,0.054594822
117,552,0.7986092,0.19688423,-0.12901726,0.6283463,1.3023986,0.14003496,-1.4992685,0.023062587,-0.5699408,0.61505055,0.027672902,-0.41385785,0.12500627,-0.48896015,-0.3060693,-0.12098991
117,556,-0.36601153,0.17402266,-0.32109988,0.096491724,0.18911049,-0.6534571,-0.01052435,0.53049314,0.6673372,0.122963145,0.454126,-0.86790985,0.85476965,0.4583794,0.85913193,-0.72178876
117,563,0.07274624,0.83256066,-0.030251637,0.76742876,0.17023182,-0.5608656,-1.1173362,0.16111222,-0.46426994,-0.24255095,-0.0703803,-0.10948441,-0.29048443,0.29892218,-0.3995651,0.10419553
117,579,0.19783503,0.10483049,-1.0962796,-0.090825155,-0.52946234,-0.3895439,0.291932,-0.052082807,-1.0040623,-0.16947146,-0.5076357,-0.64771,-0.42406923,-0.5040792,-0.52854425,1.908773
117,597,-0.07512034,-0.80190265,-0.16208945,-0.6256383,0.5396998,0.1280019,0.30971572,0.40007022,-0.21706016,0.34622192,-0.22507416,0.2878642,-0.17569096,0.2348146,-0.2693925,0.13938072
117,603,-0.29629603,0.037263222,0.63855606,1.1385001,-0.23738846,-0.4456473,0.37342504,-0.103542924,-0.041603357,-0.29963866,-0.6771605,0.20082176,0.20096059,0.56932247,0.24685596,0.20312849
117,606,0.14178401,0.21145673,0.39063352,-0.50442004,-0.41064763,0.6392591,-0.0035139602,-0.49992532,0.33668482,-0.17369734,0.3961289,0.5565333,-0.33350718,-0.4314131,-0.10242949,-0.4619166
117,610,0.15780947,0.07458949,0.30473638,-0.6037077,-0.28473914,0.6421219,0.0019816197,-0.40969658,0.2642418,-0.08328281,0.3720036,0.49653903,-0.3451209,-0.43744302,-0.14011714,-0.3704042
117,612,-0.28402495,0.025546819,0.6164743,1.0901506,-0.22812417,-0.42723525,0.36079532,-0.10320547,-0.03835228,-0.2814423,-0.6525059,0.19264558,0.18931048,0.5445807,0.23343445,0.19819573
117,614,0.69875526,0.22952951,-0.21162347,0.5643488,1.2761188,0.0800273,-1.4117696,0.063370645,-0.5556166,0.5644711,0.03475398,-0.4356806,0.07086031,-0.48245674,-0.3005768,-0.07986926
117,615,0.7446213,0.07755533,0.053778484,0.41862175,0.975657,0.29270744,-1.2028787,-0.09667494,-0.40402323,0.5321946,0.05572346,-0.19452015,0.086584404,-0.46161288,-0.27296036,-0.18902953
117,618,-0.04678434,-0.19116534,-0.5830039,-0.42930794,-0.080485135,-0.100382105,0.24064042,0.17096713,-0.3040251,0.055058118,-0.09491767,-0.24640736,-0.16494475,-0.13963717,-0.20123994,0.6227999
117,621,-0.43045777,-0.39648336,-0.31913525,-0.30531785,0.44005677,-0.43242073,0.23878904,0.65611625,0.10665665,0.146561,0.015657723,-0.19477808,0.19791873,0.5770554,0.15024869,-0.16102749
117,628,0.19383423,0.16749124,0.40181148,-0.51644284,-0.3892488,0.68238235,-0.010295961,-0.5151902,0.33389536,-0.12619504,0.39095968,0.5485255,-0.32075194,-0.476139,-0.090212554,-0.46311644
117,632,0.4111355,0.029170401,-0.72249454,-0.16145748,-0.97075677,0.29220182,0.46658513,-0.5426836,0.33119467,0.114792414,0.20518261,-1.0004691,0.5175262,-0.99413127,0.721584,0.558386
117,633,-0.3370726,0.16054064,-0.26675284,0.104880154,0.21806929,-0.6087139,-0.034606367,0.493921,0.62898207,0.12764053,0.42716748,-0.79587084,0.7970905,0.4293161,0.7960587,-0.7032178
117,644,-0.47397903,-0.3466277,-0.35207438,-0.25584,0.4229881,-0.5209607,0.24231426,0.6997727,0.16692299,0.12645862,0.052916393,-0.29216936,0.28325206,0.6380976,0.24283366,-0.20282003
117,663,-0.359253,-0.30102614,-0.47948772,-0.52938414,0.08346696,-0.24075527,0.31439397,0.48049,0.12668872,0.091859356,0.1309857,-0.25349855,0.12725563,0.29856384,0.1303444,-0.026806228
117,666,0.57030916,0.12089999,0.5451759,0.89677095,0.055068895,0.10965601,-0.68871415,-0.3461029,-0.12439124,0.18908875,-0.28931093,0.102471106,0.1757118,-0.09208558,0.16531165,-0.22019735
117,670,0.057522886,-0.6939447,-0.047694966,-0.65181196,0.4118261,0.3249566,0.24200283,0.22225058,-0.17762436,0.33158895,-0.11979894,0.33440745,-0.22559308,0.032430544,-0.28742078,0.09058871
117,674,0.18586421,0.09932403,-1.0400101,-0.11552785,-0.4901923,-0.35798216,0.26607123,-0.042108595,-0.9281073,-0.14831385,-0.45266205,-0.6195423,-0.39513442,-0.4881742,-0.4895206,1.7719389
117,684,-0.45272422,-0.45148134,-0.34350222,-0.33122575,0.4758415,-0.4469918,0.27150753,0.7013134,0.076407366,0.15598293,-0.018684387,-0.17620677,0.18423285,0.6163249,0.12986733,-0.13118789
117,686,-0.27395222,0.2505991,0.49704075,0.7749188,-0.28410122,-0.3511969,0.12420996,-0.11839515,0.040645026,-0.31509295,-0.34613693,0.19701916,0.04188618,0.42442065,0.12481223,0.005996488
117,704,-0.27092928,0.0363591,0.6001999,1.0187104,-0.23332524,-0.38855058,0.34285927,-0.11528536,-0.022244692,-0.2764679,-0.603963,0.20328343,0.1649193,0.50638556,0.21539028,0.17083097
117,714,0.03854915,-0.5435268,-0.063009426,-0.7751506,0.22517505,0.42851537,0.23170482,0.1245656,-0.08726673,0.23936385,0.037194036,0.36586916,-0.29543358,-0.08226799,-0.28564984,0.038448445
117,729,0.01513335,-0.15811333,0.64064765,0.68630517,-0.23493102,0.04284481,0.37927723,-0.31358767,0.05107621,-0.11855428,-0.46353763,0.33804938,0.12319936,0.14001073,0.19753592,0.061697982
117,730,0.08653592,-0.33950794,0.6653868,0.7611743,-0.17548047,0.07008577,0.46760863,-0.32247433,0.0065057576,-0.026999708,-0.58518356,0.31335217,0.19184329,0.11824255,0.23578791,0.15519944
117,743,0.17073011,0.08004537,-0.96791023,-0.14906912,-0.40816122,-0.31468046,0.22921355,-0.012403905,-0.8342505,-0.10774499,-0.38289094,-0.5824084,-0.34475005,-0.46011013,-0.43615073,1.5825627
117,744,0.46404186,0.097203314,-0.67303383,-0.12146926,-0.88174546,0.34847045,0.37837675,-0.57649255,0.3978476,0.14679635,0.27372172,-1.0398868,0.57817966,-1.0844777,0.7944279,0.427021
117,745,0.019391205,-0.13382821,0.62330973,0.63959444,-0.23981772,0.056457803,0.34840322,-0.3161236,0.06186156,-0.11848602,-0.42265612,0.33689782,0.10441448,0.120885536,0.18337603,0.037468426
117,752,0.57503766,0.4394309,0.25390568,0.93376505,0.28675798,-0.18597971,-1.2623062,-0.11165414,-0.31454885,0.18648355,-0.17332725,-0.13056451,0.034010947,-0.0085014105,-0.033853114,-0.17274463
117,781,0.05578766,-0.7303628,-0.051486254,-0.6810683,0.41196302,0.34625784,0.28045547,0.22645411,-0.19585873,0.33231705,-0.13809748,0.3651333,-0.25177252,0.035993144,-0.2981292,0.118910424
117,795,0.18887165,0.09557362,-1.1574279,-0.07648203,-0.5915495,-0.42359704,0.34290302,-0.058894455,-1.0787185,-0.20210482,-0.571758,-0.6590083,-0.45863014,-0.4984315,-0.57474047,2.0563345
117,801,-0.6370013,1.232591,-0.058693618,0.04900366,-0.45535865,-0.5094074,-0.41411746,0.13427877,-0.1061658,-0.86024976,0.39852917,0.25696576,-0.6398338,0.43693393,-0.6052058,-0.04806776
117,804,-0.45812544,-0.4317423,-0.34479326,-0.31039155,0.47589204,-0.46696138,0.26346084,0.7076409,0.09537229,0.1530218,-0.005384311,-0.20309094,0.21145134,0.62604755,0.15768634,-0.15086904
117,810,0.21890984,0.53824,0.4511155,-0.065245256,-0.41048086,0.41055512,-0.4276236,-0.45352963,0.30093187,-0.16631715,0.42155117,0.36115876,-0.18701953,-0.31301874,-0.026761025,-0.583865
117,828,0.08476405,0.2845688,0.30628568,-0.60396504,-0.44393077,0.6107546,-0.03789502,-0.46363506,0.3899083,-0.1946571,0.50945264,0.48879275,-0.3445138,-0.43897194,-0.11273651,-0.48704293
117,835,-0.3826775,0.18901692,-0.38407916,0.07225677,0.13001098,-0.6792605,0.02319199,0.54671156,0.70623916,0.11733433,0.48518753,-0.9440763,0.9087176,0.4615835,0.9231312,-0.7254715
117,839,0.118725725,0.28274697,0.3399869,-0.5837463,-0.44594076,0.6436411,-0.04688936,-0.48973912,0.39099252,-0.18581936,0.5019616,0.5102499,-0.33702034,-0.461796,-0.10370192,-0.50510716
117,856,0.68225616,0.032104254,0.12737146,0.25628236,0.7839823,0.3781097,-1.0034505,-0.15661068,-0.30399835,0.45838165,0.08600794,-0.06405101,0.032790378,-0.4606753,-0.25394005,-0.22063059
117,863,0.35289156,0.1650736,-0.5452741,-0.12100163,-0.67789686,0.2551865,0.24558033,-0.43350348,0.49941003,0.15428238,0.3817695,-0.9748504,0.61543554,-0.8844442,0.8102614,0.10776109
117,873,0.044880763,0.028784044,-1.0225005,-0.23802793,-0.5005194,-0.36169142,0.34841174,0.059421256,-0.7401226,-0.14335948,-0.34557444,-0.58972204,-0.29869455,-0.3231423,-0.37426937,1.5151293
117,876,-0.55850196,0.97943807,-0.051963687,-0.30449873,-0.565673,-0.16941966,-0.22235276,-0.00014232099,0.17930464,-0.72947985,0.59747434,0.2822735,-0.522575,0.18654002,-0.4306031,-0.2365546
117,878,-0.69955343,1.1896355,-0.35245967,0.26133248,-0.14773013,-0.914623,-0.5526837,0.44115087,-0.47871906,-0.8289565,0.14090216,0.011682652,-0.7317207,0.6366872,-0.8258829,0.41869292
117,880,-0.558502,0.97943795,-0.051963672,-0.30449873,-0.565673,-0.16941969,-0.22235277,-0.0001423508,0.17930464,-0.7294796,0.59747434,0.28227353,-0.5225751,0.18654,-0.4306031,-0.2365546
117,897,-0.45521656,-0.33544016,-0.33770716,-0.26296064,0.39688894,-0.49155807,0.23410039,0.6642642,0.16528887,0.12271465,0.058353454,-0.275353,0.2612049,0.6044068,0.22584982,-0.19611573
117,909,0.32728636,-0.44367927,0.16084285,-0.37079456,0.41924325,0.50766355,-0.06763081,-0.07710554,-0.19021927,0.31335995,-0.05850774,0.35709,-0.23249587,-0.27074486,-0.25852543,-0.024120964
117,924,0.5536382,-0.07585241,-0.01797472,0.1354616,0.8920282,0.30273205,-0.8135035,-0.014669716,-0.37801933,0.46016976,0.0009536892,-0.06222952,-0.049635828,-0.40566248,-0.2845621,-0.0830047
117,925,0.67467093,0.1790889,-0.16167663,0.4663101,1.1841456,0.13926269,-1.2929409,0.036680937,-0.50152755,0.5414023,0.04511299,-0.35666546,0.054482028,-0.47803295,-0.29672933,-0.10101325
117,931,-0.3826775,0.18901691,-0.38407916,0.07225677,0.13001098,-0.6792606,0.023191994,0.54671156,0.7062392,0.11733433,0.4851876,-0.9440762,0.90871745,0.46158355,0.9231312,-0.7254715
117,932,-0.6515952,1.1032723,-0.10110685,-0.2441814,-0.5718863,-0.29646754,-0.2701872,0.08609033,0.1353078,-0.81376314,0.6141933,0.24681932,-0.55397844,0.28558576,-0.4813552,-0.20184553
117,939,0.23839162,0.05126618,-0.7107476,-0.20573057,-0.8773936,0.1251247,0.44121653,-0.3499261,0.40011936,0.08892876,0.2698111,-0.9827982,0.5527391,-0.71884847,0.73240584,0.36750588
117,953,0.014003343,-0.17916949,0.7072792,0.805686,-0.24760106,0.029654771,0.4387625,-0.32950872,0.03868866,-0.1389435,-0.5452374,0.36607093,0.16437902,0.17682339,0.23895167,0.08805632
117,956,0.028774379,-0.09021306,-0.6963411,-0.33875898,-0.19811003,-0.15720443,0.22942938,0.096937686,-0.45913327,0.0014935881,-0.17233278,-0.35525784,-0.21890257,-0.25744402,-0.26847208,0.9130201
117,975,0.5989122,0.20910488,0.47521883,0.8824283,0.10667628,0.06684763,-0.8800875,-0.30832413,-0.14896451,0.21425936,-0.22317477,0.037286617,0.15167765,-0.096758306,0.12969829,-0.26102945
117,1004,0.1888573,-0.32868147,0.6944151,0.5842407,-0.2198148,0.27079058,0.4483363,-0.42541498,0.06888732,-0.011867914,-0.4622981,0.40882078,0.14066605,-0.044324152,0.21685006,0.04647208
117,1006,0.59860265,0.3040762,0.3749079,0.88826346,0.18453386,-0.031490043,-1.0652288,-0.22872484,-0.21001305,0.21985604,-0.18456121,-0.045130588,0.10741709,-0.06900762,0.065066665,-0.24395016
117,1012,0.22127698,0.5544382,0.53616047,-0.030962914,-0.47298455,0.44151998,-0.36401805,-0.52763057,0.32424638,-0.21332102,0.37710485,0.45411357,-0.19633068,-0.3013615,0.014436498,-0.62517554
117,1018,0.19639724,-0.3395455,0.7113615,0.60777485,-0.22194135,0.27637553,0.4624137,-0.43341136,0.066585265,-0.01160932,-0.48036593,0.41697192,0.15100293,-0.043424807,0.22721486,0.051331185
117,1020,0.05730225,-0.6648328,-0.046945125,-0.71977234,0.3313772,0.39512146,0.27082494,0.17315644,-0.1582749,0.297819,-0.07409012,0.3797285,-0.28238818,-0.019819856,-0.29680687,0.0968883
117,1037,-0.31393525,0.72516525,0.12533663,-0.41047433,-0.54194856,0.15401083,-0.13836835,-0.2093914,0.2852494,-0.5488793,0.5649677,0.40791765,-0.45384014,-0.05307185,-0.293212,-0.37273628
117,1044,0.2031939,-0.30226788,0.6886568,0.58950245,-0.2186965,0.26396692,0.39877668,-0.4251141,0.06740084,-0.00521772,-0.44537097,0.39350966,0.14117752,-0.04824563,0.21644123,0.027808614
117,1050,0.14798854,0.07754542,-1.0997752,-0.13096184,-0.5781945,-0.39052945,0.34266114,-0.037835464,-0.96272725,-0.18567908,-0.4928673,-0.62541115,-0.4131931,-0.44922572,-0.5150086,1.8724482
117,1059,-0.34385127,-0.28336263,-0.468885,-0.5288141,0.05940564,-0.22097008,0.3045202,0.45112887,0.13205798,0.08778797,0.14124304,-0.24994701,0.1190332,0.27014673,0.12630548,-0.027583413
117,1064,-0.041179337,-0.85952896,-0.1474193,-0.6465534,0.5834054,0.1692574,0.32464284,0.40943465,-0.2503605,0.37797415,-0.25319684,0.31690297,-0.18158382,0.227369,-0.28735274,0.15741718
117,1078,-0.033350773,-0.8199552,-0.13084386,-0.6296763,0.5461149,0.17570987,0.30719808,0.3754364,-0.23163684,0.36269397,-0.23234771,0.3099235,-0.18483046,0.20282198,-0.28149503,0.1453583
117,1103,0.79275763,0.14285062,-0.043904215,0.58880186,1.1786938,0.18506974,-1.4113246,-0.02751489,-0.5098065,0.5981709,0.031848267,-0.34628317,0.13352017,-0.45969754,-0.2901804,-0.14869115
117,1109,0.057302244,-0.66483283,-0.046945125,-0.71977234,0.33137718,0.39512143,0.27082494,0.17315638,-0.1582749,0.29781896,-0.07409012,0.3797285,-0.28238818,-0.01981987,-0.29680687,0.0968883
117,1113,0.25073883,-0.5896548,0.2222985,-0.5480788,0.2657854,0.5777365,0.19981922,-0.09023598,-0.1363193,0.26823485,-0.0946659,0.50940007,-0.301868,-0.21549997,-0.2537251,0.010931507
117,1122,-0.11299332,-0.69198614,-0.18763126,-0.60821617,0.50033426,0.08660512,0.25115284,0.39704356,-0.15935273,0.3126001,-0.14406909,0.22995946,-0.1408594,0.22449304,-0.23675537,0.06561982
117,1123,0.05675614,-0.7133181,-0.05226907,-0.66285425,0.42326048,0.3293131,0.2541445,0.23229182,-0.18715213,0.33703554,-0.12939896,0.342931,-0.22978894,0.038856223,-0.29182225,0.099685274
117,1129,0.05471751,-0.6689185,-0.04399371,-0.7019784,0.33547166,0.38014328,0.27271715,0.1747492,-0.16153179,0.2984399,-0.086415306,0.37496993,-0.27910388,-0.009851769,-0.29400557,0.10249027
117,1137,-0.47828692,-0.37151963,-0.32445014,-0.20160645,0.4983419,-0.5556119,0.23029627,0.7333145,0.15702811,0.14484824,0.02158299,-0.28809547,0.3098079,0.68492514,0.25312805,-0.22236657
117,1151,-0.4701748,-0.39353526,-0.36195308,-0.30362976,0.45688286,-0.48842955,0.25506243,0.7167678,0.12671892,0.1432299,0.02900657,-0.2477344,0.24752302,0.6298779,0.19687732,-0.17877147
117,1178,-0.44993246,0.8644441,0.026118517,-0.3576578,-0.55934083,-0.021882117,-0.18127057,-0.097552106,0.23126827,-0.6488229,0.58527696,0.33979014,-0.49115586,0.07704306,-0.36763486,-0.29945105
117,1185,0.49233854,0.05866713,-0.7351722,-0.13165137,-0.9955201,0.36266923,0.4593561,-0.6186295,0.37479064,0.14143418,0.24044079,-1.0799625,0.58186215,-1.1287042,0.80818784,0.5424001
117,1191,0.44671565,0.0063696876,0.22354715,-0.15554664,0.28482786,0.51527894,-0.5050889,-0.2771036,-0.04921192,0.21797152,0.19371387,0.21436131,-0.15005097,-0.44704634,-0.20032276,-0.27296746
117,1212,-0.052825913,-0.804842,-0.1372823,-0.6111794,0.53226006,0.14562647,0.30826917,0.37571254,-0.22231679,0.34888828,-0.2340851,0.29823774,-0.1832591,0.2182564,-0.2731878,0.14660385
117,1225,0.012457525,-0.16051841,0.6890117,0.76891255,-0.24891189,0.033534415,0.41441783,-0.32647496,0.045444965,-0.13879526,-0.5141492,0.36070138,0.1491646,0.16636668,0.22607611,0.07271565
117,1237,0.7896516,0.16573195,-0.08180855,0.6019403,1.226174,0.16314895,-1.4424026,-0.0053557903,-0.53389895,0.60160893,0.03040412,-0.37355033,0.12626325,-0.46901453,-0.29708737,-0.13342579
117,1241,0.7896515,0.16573195,-0.08180855,0.6019403,1.226174,0.16314895,-1.4424028,-0.0053557903,-0.5338989,0.6016089,0.03040412,-0.37355033,0.12626322,-0.46901453,-0.29708737,-0.13342579
117,1253,-0.06396565,-0.829397,-0.15862425,-0.63381016,0.5614134,0.1406266,0.31840962,0.40855744,-0.23249595,0.35999542,-0.23987012,0.29904217,-0.17703177,0.23672725,-0.2763843,0.14852384
117,1267,0.6822563,0.032104254,0.12737146,0.2562823,0.7839823,0.3781097,-1.0034505,-0.15661068,-0.3039983,0.45838165,0.08600794,-0.064050995,0.032790378,-0.4606753,-0.25394005,-0.22063059
117,1277,-0.55330604,0.98332775,-0.042814225,-0.31349176,-0.5742096,-0.15296341,-0.22091599,-0.012147769,0.18947315,-0.7326923,0.60566247,0.2940442,-0.52399236,0.176302,-0.42603344,-0.2502189
117,1278,0.085363775,-0.37879843,0.71359074,0.86058295,-0.17503971,0.0545083,0.5277833,-0.3288191,-0.010226622,-0.0331495,-0.66444546,0.32776845,0.23027112,0.15067042,0.26923555,0.19256166
117,1282,0.21152353,-0.3907879,0.71823204,0.6314908,-0.20504239,0.28010798,0.4917576,-0.43358248,0.05337885,0.011551276,-0.51748794,0.41026822,0.17035167,-0.04519157,0.23773833,0.08054254
117,1287,-0.017183932,-0.3258044,-0.06540823,-0.7620388,0.025437549,0.39882493,0.17636162,0.023906454,0.036039263,0.11365922,0.17371096,0.3180869,-0.3087799,-0.14262372,-0.2418855,-0.039210714
117,1302,-0.24002752,-0.7709729,-0.29871607,-0.6273173,0.5487716,-0.056291863,0.34574196,0.5419277,-0.18976702,0.29046518,-0.21033497,0.19928393,-0.13249272,0.38233048,-0.22555593,0.13213482
117,1307,0.1964774,0.16722868,0.4117903,-0.5171519,-0.39464164,0.6921606,-0.0028626993,-0.5238539,0.33479586,-0.13202254,0.3870749,0.56374294,-0.32443553,-0.47886252,-0.08911438,-0.46746615
117,1316,0.55363816,-0.075852394,-0.017974705,0.1354616,0.8920282,0.30273208,-0.81350344,-0.014669731,-0.37801933,0.46016976,0.0009537041,-0.06222952,-0.049635828,-0.40566254,-0.2845621,-0.0830047
117,1319,-0.06547138,0.8217837,0.39334214,-0.036552995,-0.5200812,0.18414117,-0.3803843,-0.35452497,0.26770926,-0.4535015,0.45090634,0.43453383,-0.3310988,-0.08253073,-0.14106035,-0.54242617
117,1336,-0.13289788,-0.68383634,-0.20386024,-0.6109509,0.49554494,0.06749719,0.25415957,0.41023275,-0.15310459,0.30382097,-0.13851713,0.22028756,-0.13786823,0.23844065,-0.23214158,0.06387363
117,1339,-0.6245779,1.0316576,-0.10677554,-0.24614185,-0.545236,-0.28609228,-0.24408737,0.0823496,0.11992515,-0.76761466,0.57605964,0.2311418,-0.5390314,0.27174997,-0.47396654,-0.16883053
117,1346,0.20372951,-0.7677814,0.17362073,-0.63734686,0.33355838,0.57051736,0.35121933,0.0047403723,-0.2137175,0.30263963,-0.1962563,0.57479054,-0.34417337,-0.12271546,-0.28611815,0.11487245
117,1349,0.20031555,-0.38040495,0.6923843,0.59759426,-0.19954145,0.2711926,0.47477832,-0.42054814,0.05528277,0.013403069,-0.49430627,0.39690638,0.15636982,-0.04600118,0.22257037,0.07728427
117,1362,0.056958906,-0.7465029,-0.06120032,-0.72729677,0.40664908,0.38043272,0.30047524,0.22874138,-0.20140867,0.33355752,-0.13015814,0.38951808,-0.27225447,0.023846015,-0.30818936,0.12753677
117,1386,-0.21085514,-0.148992,-0.63867986,-0.4678226,-0.23255843,-0.20627983,0.3395421,0.24821246,-0.11658271,-0.015146133,0.018136278,-0.34008083,-0.03743355,0.026131094,-0.04409633,0.4665365
117,1397,-0.10561249,-0.23035516,0.68123,1.0744569,-0.17768711,-0.23635931,0.48284116,-0.19567397,-0.05584684,-0.14142682,-0.74310523,0.23392867,0.2528944,0.3940882,0.27803123,0.25375196
117,1418,0.5715412,-0.062005922,-0.028526157,0.16166356,0.9286969,0.29655287,-0.8568118,-0.0082401335,-0.3956759,0.4726031,-0.00022733212,-0.08146349,-0.04157926,-0.41454428,-0.28872392,-0.08318617
117,1420,0.1295938,0.15845238,-0.3353861,-0.089606345,-0.19493851,0.039526597,0.05481135,-0.08481858,0.56349385,0.19181108,0.45858717,-0.8022535,0.6580123,-0.4212762,0.7625594,-0.3624783
117,1429,-0.32733005,0.2179453,0.59700274,1.052459,-0.28836304,-0.4646356,0.23216887,-0.098742716,-0.004815653,-0.36136505,-0.53517795,0.20314312,0.13238181,0.5626255,0.20325334,0.09581951
117,1437,0.16822435,0.2081974,0.41150987,-0.52056926,-0.41917852,0.68167514,-0.0029092152,-0.5243456,0.3461816,-0.16872497,0.40520734,0.57922894,-0.33628243,-0.46261132,-0.09563281,-0.4817266
117,1444,-0.40141633,-0.3312716,-0.40503585,-0.4830941,0.22935292,-0.30703092,0.26639235,0.55869377,0.13289568,0.11163055,0.11363877,-0.20584434,0.13065402,0.41806626,0.119623795,-0.12091783
117,1463,0.34278846,0.42281872,0.54097885,0.01025337,-0.4035581,0.48891318,-0.39676753,-0.5419947,0.28863877,-0.08203055,0.32088226,0.38867772,-0.1285721,-0.3700719,0.04689215,-0.58795094
117,1465,0.5986027,0.30407625,0.3749079,0.88826346,0.18453386,-0.031490058,-1.0652288,-0.22872484,-0.21001302,0.21985604,-0.18456115,-0.04513056,0.10741712,-0.06900761,0.06506668,-0.24395013
117,1467,-0.21910782,-0.07439211,0.6317332,1.0393331,-0.21075413,-0.33224672,0.41740146,-0.14259574,-0.035553202,-0.22985424,-0.6650571,0.22024041,0.1974117,0.46939218,0.23764731,0.2119076
117,1478,0.57492954,0.3537069,0.34366098,0.91606605,0.21037662,-0.09102717,-1.1021031,-0.18790106,-0.24738304,0.18770352,-0.19461305,-0.059632964,0.077841595,-0.036948122,0.031002179,-0.20537965
117,1481,0.03156671,-0.49263096,-0.06657086,-0.7852851,0.18354768,0.43352562,0.21251692,0.10503128,-0.058032766,0.21622983,0.07833758,0.35350293,-0.29556134,-0.104126275,-0.2777953,0.013913371
117,1496,0.057865925,-0.70734704,-0.0579724,-0.6519093,0.4532707,0.31357267,0.22735675,0.25112763,-0.1839251,0.3511741,-0.12320615,0.32216278,-0.20101114,0.047323465,-0.2869243,0.076483615
117,1501,-0.02396146,0.41521466,0.31718427,-0.49302062,-0.48115045,0.49585116,-0.054833762,-0.4216677,0.35644746,-0.3232489,0.48983884,0.5287165,-0.37431222,-0.31051743,-0.15747814,-0.47979438
117,1509,0.08950132,0.2879238,0.3119249,-0.598883,-0.44609022,0.6148412,-0.041303135,-0.4686374,0.39182258,-0.19447796,0.5098965,0.49160343,-0.3425669,-0.44220638,-0.11085498,-0.49197018
117,1510,0.08476404,0.2845688,0.30628568,-0.60396504,-0.44393077,0.6107546,-0.03789502,-0.46363503,0.38990825,-0.1946571,0.50945264,0.48879275,-0.3445138,-0.43897194,-0.11273651,-0.48704293
117,1511,0.22391301,0.19069265,-0.3814456,-0.1088296,-0.39857575,0.14412981,0.10334768,-0.2518003,0.5658484,0.16938306,0.45816958,-0.84943527,0.62278044,-0.62331957,0.7772707,-0.22159854
117,1518,-0.17920157,-0.68030214,-0.23942615,-0.6098056,0.48696622,0.015608653,0.27514887,0.44527897,-0.14839725,0.28378534,-0.14219142,0.19835299,-0.1330772,0.28108734,-0.22090963,0.07459698
117,1519,0.19410922,0.10366975,-1.1278418,-0.039153278,-0.54495525,-0.45372504,0.30736578,-0.05059056,-1.109142,-0.20141958,-0.59311306,-0.6419938,-0.48188865,-0.47492272,-0.60629135,2.0631304
117,1535,0.04760936,0.68638647,0.45554727,-0.07268754,-0.5016029,0.31137034,-0.3490208,-0.43466717,0.3233487,-0.34537032,0.43683428,0.45119318,-0.27199256,-0.18582258,-0.060299575,-0.5988725
117,1537,0.69559354,0.22481997,-0.19108577,0.5328368,1.240717,0.10400324,-1.3829808,0.048338294,-0.528145,0.55746204,0.050328374,-0.4144273,0.07362299,-0.4883399,-0.29886013,-0.1003273
117,1540,0.41113552,0.029170401,-0.72249454,-0.16145748,-0.97075677,0.29220182,0.46658513,-0.5426836,0.33119464,0.11479242,0.20518261,-1.000469,0.51752627,-0.9941313,0.7215841,0.5583861
117,1546,0.06645246,-0.35479265,0.7188011,0.99893975,-0.1619444,-0.053796425,0.48223516,-0.2901159,-0.045010537,-0.034158725,-0.72839963,0.2678977,0.27467597,0.23257352,0.29935145,0.2248776
117,1561,0.023789804,-0.32693368,0.66585267,0.80170035,-0.17759168,0.014508814,0.51019806,-0.29321992,-0.000931859,-0.0641503,-0.6171839,0.31437436,0.19241281,0.17708404,0.23445411,0.18442997
117,1567,-0.18185693,0.13658354,-0.45551986,-0.09785271,-0.28602695,-0.36717135,0.18277724,0.20654094,0.6325008,0.09159858,0.44724596,-0.8886386,0.72693646,0.07308042,0.81945884,-0.3968094
117,1570,-0.20484026,0.600656,0.19350363,-0.44492573,-0.51623046,0.2805364,-0.105930656,-0.2889736,0.31737643,-0.45656142,0.5374243,0.44626278,-0.41922444,-0.15103853,-0.23728614,-0.41436943
117,1575,0.62748283,0.027311325,0.1660219,0.11799765,0.6376436,0.44982702,-0.8603997,-0.2044282,-0.2286426,0.38516566,0.1277261,0.038556628,-0.029382423,-0.47653526,-0.2392088,-0.24922723
117,1577,-0.081608474,-0.7742955,-0.16257186,-0.6170709,0.5208008,0.12000202,0.2979406,0.3898296,-0.20243396,0.33483952,-0.20869817,0.27720934,-0.1729389,0.22917856,-0.26298213,0.12749898
117,1580,0.37869716,-0.3699454,0.12534083,-0.26164174,0.52426696,0.46807104,-0.2258757,-0.064592205,-0.23231877,0.34761888,-0.047410518,0.26983237,-0.19098625,-0.3006978,-0.2639603,-0.03804195
117,1596,0.046233796,-0.35814118,0.7079221,0.8692663,-0.17960869,0.02366063,0.54151374,-0.3114183,-0.010219663,-0.05856507,-0.6680178,0.3286457,0.2229705,0.18160336,0.26307398,0.2002284
117,1602,0.08231864,0.22902699,0.2920354,-0.65677464,-0.41872692,0.63134885,-0.0007582493,-0.4454928,0.3639168,-0.18476099,0.49120557,0.50780267,-0.36980057,-0.44085705,-0.12590286,-0.4542031
117,1623,0.19413754,-0.37061316,0.67824686,0.57837605,-0.19790244,0.26615202,0.46210593,-0.41384038,0.05719164,0.013114274,-0.47901028,0.38982263,0.14781334,-0.046569817,0.21402763,0.07287512
117,1638,0.4675745,-0.044689614,0.6203028,0.79300237,-0.052784555,0.1899828,-0.30380544,-0.39478597,-0.05470985,0.1396026,-0.3479898,0.20968872,0.18093194,-0.09197421,0.19018205,-0.14935096
117,1650,-0.11073536,-0.07767411,-0.78857034,-0.38351685,-0.34652984,-0.26096272,0.34616628,0.1692883,-0.35232896,-0.06525828,-0.11755134,-0.4389116,-0.13663551,-0.11498625,-0.1676129,0.8705021
117,1659,0.019391207,-0.13382821,0.62330973,0.63959444,-0.23981771,0.056457803,0.3484032,-0.3161236,0.06186156,-0.11848602,-0.42265612,0.33689782,0.10441451,0.120885536,0.18337606,0.03746841
117,1660,-0.17412938,0.5823882,0.22081268,-0.4534776,-0.5177944,0.32446894,-0.09713327,-0.3143062,0.32058853,-0.44680032,0.5323566,0.473506,-0.41940004,-0.17978959,-0.2286987,-0.42737523
117,1662,0.3163391,0.1885875,-0.48669994,-0.10396388,-0.5781311,0.21659872,0.18369235,-0.37649754,0.5294218,0.16172576,0.4170071,-0.94617116,0.63209015,-0.8060622,0.8109384,-0.01712209
117,1670,0.0141642885,-0.2409741,0.73630655,0.8852172,-0.23216465,0.01200363,0.50099516,-0.32584345,0.016538382,-0.12826583,-0.6239949,0.3654952,0.20112081,0.20416425,0.2646259,0.13869455
117,1679,-0.6063764,1.0402256,-0.07666692,-0.2798381,-0.57272863,-0.22896732,-0.24155463,0.039405078,0.16000739,-0.7736384,0.6073867,0.26773965,-0.53903013,0.23457597,-0.4563154,-0.21991703
117,1683,-0.50568575,-0.38259506,-0.38582355,-0.27244487,0.467635,-0.5542358,0.2658184,0.7631221,0.15387748,0.1355968,0.037297666,-0.3024314,0.3003264,0.68786,0.24994032,-0.19874507
117,1696,0.05269397,0.14538456,-0.29805928,-0.08770788,-0.061443314,-0.037409887,0.016177518,0.031479985,0.55513823,0.19655092,0.4587741,-0.751153,0.6583145,-0.27229097,0.7288317,-0.4533484
117,1702,0.012581202,-0.1588738,0.6564602,0.71458614,-0.23942278,0.038209826,0.3920975,-0.31693852,0.048924573,-0.12603989,-0.48120832,0.34537786,0.13182552,0.15028809,0.20687972,0.06632594
117,1704,-0.013217049,-0.3158862,0.67563087,1.0044782,-0.15321416,-0.14160724,0.47787586,-0.2338348,-0.054565787,-0.06602983,-0.7272455,0.23365796,0.25912684,0.30074257,0.2778629,0.2491341
117,1707,-0.291521,-0.70947206,-0.32979953,-0.6190684,0.4593223,-0.10987662,0.36397818,0.538561,-0.15490775,0.23563795,-0.17904125,0.15339091,-0.13578127,0.3987761,-0.19925518,0.13886023
117,1713,-0.00731829,-0.36487436,-0.07007736,-0.78304803,0.05950579,0.415919,0.18794858,0.044186786,0.015679315,0.13534714,0.1580227,0.3318804,-0.30976987,-0.13747567,-0.25230488,-0.028656304
117,1716,0.08231864,0.22902696,0.2920354,-0.65677464,-0.41872692,0.63134885,-0.00075825304,-0.44549283,0.3639168,-0.18476097,0.49120563,0.50780267,-0.3698005,-0.44085705,-0.12590286,-0.4542031
117,1733,0.59352905,0.17065617,0.50944805,0.9067998,0.090529785,0.08252103,-0.8052469,-0.32465133,-0.14398547,0.20578378,-0.26075673,0.06382906,0.16726278,-0.092613235,0.14908497,-0.24067643
117,1743,0.44671565,0.00636968,0.22354713,-0.15554664,0.28482786,0.515279,-0.5050889,-0.2771036,-0.049211904,0.21797153,0.19371387,0.21436131,-0.15005097,-0.44704634,-0.20032276,-0.27296746
117,1760,0.37561893,0.03147749,-0.72119355,-0.17233625,-0.95659554,0.25798088,0.46445397,-0.5053974,0.33972782,0.10762285,0.21282664,-0.99321115,0.51860404,-0.93804246,0.7176359,0.5306166
117,1770,-0.1005394,-0.7861978,-0.19281475,-0.6447079,0.54465437,0.10972063,0.30337307,0.42768458,-0.20528309,0.34184912,-0.20173202,0.2685014,-0.16127773,0.24787705,-0.26150984,0.11996349
117,1773,-0.052521676,-0.2913924,0.703858,1.0891222,-0.16581947,-0.19265209,0.5027575,-0.22131144,-0.06310262,-0.103370205,-0.77202964,0.24012113,0.27637523,0.35871148,0.29617697,0.265889
117,1787,0.056339942,-0.7031289,-0.054069042,-0.72478354,0.36429796,0.38920504,0.2865406,0.19813642,-0.17822058,0.31361943,-0.10012932,0.3857429,-0.27992138,0.00014434755,-0.302235,0.11252052
117,1789,0.10779686,0.28815228,0.33095533,-0.5935155,-0.44948548,0.6370915,-0.04438991,-0.4843882,0.39383203,-0.19197994,0.5087256,0.50698256,-0.34089506,-0.4569807,-0.10638456,-0.5037979
117,1804,0.7123691,0.22467475,-0.19718428,0.57116234,1.2729197,0.08880487,-1.4226311,0.05583243,-0.55538505,0.5689876,0.033333622,-0.42876944,0.075465664,-0.48091567,-0.30157217,-0.084486365
117,1815,0.35289156,0.16507359,-0.5452741,-0.12100163,-0.67789686,0.2551865,0.24558036,-0.4335035,0.49941003,0.15428238,0.3817695,-0.97485054,0.6154355,-0.8844442,0.81026137,0.10776106
117,1817,0.27901444,0.20043354,-0.39860505,-0.11296609,-0.47906706,0.20079711,0.11930845,-0.33177447,0.55841994,0.16737144,0.45355183,-0.86834234,0.6078208,-0.7247316,0.7799798,-0.1555384
117,1820,0.08970805,0.6901324,0.4842543,-0.044958472,-0.5048896,0.3395434,-0.37735146,-0.4587797,0.32399535,-0.32953203,0.43374872,0.4568545,-0.2546207,-0.20990342,-0.043319613,-0.62120086
117,1829,0.12282047,0.14721589,0.31474477,-0.6620853,-0.36713943,0.67172325,0.022500293,-0.4403292,0.32032794,-0.14676923,0.43845403,0.5376024,-0.37379706,-0.45367914,-0.13403805,-0.42110476
117,1830,0.62748283,0.027311325,0.1660219,0.11799762,0.6376436,0.44982702,-0.8603997,-0.2044282,-0.22864257,0.38516557,0.1277261,0.038556628,-0.029382423,-0.47653532,-0.23920879,-0.2492272
117,1844,-0.30584204,0.083360896,0.61701584,1.1104207,-0.24502832,-0.45869225,0.3277367,-0.09519441,-0.034731835,-0.31008103,-0.63685334,0.19039625,0.18207808,0.56947017,0.23187669,0.17809308
117,1847,-0.41617176,-0.35166728,-0.41626054,-0.48172987,0.25328076,-0.32755995,0.27867126,0.587608,0.1259805,0.116043285,0.0999247,-0.2093896,0.13893147,0.44706535,0.12380512,-0.11613403
117,1850,0.21048729,-0.38375306,0.7280923,0.6329963,-0.21299554,0.28824633,0.49837384,-0.44076386,0.058061436,0.0026366152,-0.51588386,0.42284322,0.1685433,-0.04707768,0.23969348,0.073987074
117,1856,-0.27518553,0.9541464,0.2443017,-0.034088403,-0.5086735,-0.039451614,-0.36768287,-0.19435823,0.16441722,-0.59690773,0.44659823,0.3864551,-0.43685296,0.09343363,-0.2904142,-0.3926854
117,1857,-0.53070027,1.0722662,-0.001880154,-0.2231878,-0.5546957,-0.18754537,-0.32368737,0.0021490008,0.18198985,-0.7385371,0.6214307,0.28107557,-0.5138605,0.19620831,-0.41474038,-0.29853207
117,1861,-0.06129214,0.1089564,-0.5209342,-0.16259634,-0.4748825,-0.20227458,0.25941762,0.036295563,0.5736222,0.08822,0.41159445,-0.89190876,0.65553296,-0.16075605,0.7798553,-0.19243641
117,1894,0.059625134,-0.69886637,-0.054021716,-0.6562668,0.43491897,0.3229266,0.23032711,0.23819116,-0.17963792,0.34365824,-0.11700033,0.3270125,-0.21078983,0.036913186,-0.2878108,0.07919913
117,1897,-0.28402498,0.025546826,0.6164742,1.0901506,-0.22812417,-0.42723525,0.36079532,-0.10320549,-0.038352296,-0.28144234,-0.652506,0.19264558,0.1893105,0.5445808,0.23343442,0.19819567
117,1902,0.15894139,-0.7179421,0.13896728,-0.6067559,0.29808614,0.50086534,0.33679417,0.0134382695,-0.18891059,0.27911732,-0.17790832,0.52266204,-0.33268833,-0.094731025,-0.27558327,0.11736875
117,1922,0.015133349,-0.15811333,0.6406477,0.6863053,-0.234931,0.042844795,0.3792772,-0.31358767,0.051076196,-0.11855428,-0.46353763,0.33804938,0.12319939,0.14001073,0.19753589,0.061698012
117,1937,-0.4499325,0.86444414,0.026118532,-0.3576578,-0.55934083,-0.021882102,-0.18127058,-0.097552106,0.23126827,-0.648823,0.58527696,0.33979008,-0.4911558,0.07704304,-0.36763483,-0.29945102
117,1938,-0.27092928,0.0363591,0.6001999,1.0187104,-0.23332524,-0.38855058,0.34285927,-0.11528537,-0.022244692,-0.2764679,-0.603963,0.20328343,0.1649193,0.5063855,0.21539028,0.17083097
117,1940,-0.36601153,0.17402266,-0.32109988,0.096491694,0.18911052,-0.65345705,-0.010524351,0.53049314,0.6673372,0.122963145,0.45412594,-0.86790985,0.85476965,0.45837945,0.85913193,-0.7217888
117,1941,-0.23218471,0.13632414,-0.41215932,-0.10021956,-0.21716377,-0.4131297,0.15146069,0.26132476,0.62566274,0.08450565,0.44582766,-0.830855,0.6952344,0.16563351,0.7740226,-0.4513653
117,1953,0.20194454,-0.7114087,0.18090266,-0.5984833,0.30334496,0.54569954,0.31246838,-0.016770333,-0.18659414,0.28928065,-0.16987698,0.53893816,-0.32780498,-0.1337437,-0.27318853,0.09284862
117,1959,-0.52995026,-0.3982296,-0.39163977,-0.24328801,0.49282715,-0.60159326,0.27952805,0.7990042,0.15731995,0.13503613,0.01964438,-0.32030156,0.32405168,0.7405123,0.27107638,-0.19908452
117,1965,-0.41835612,-0.38578832,-0.37364984,-0.43360758,0.32132563,-0.34799212,0.27123907,0.60392046,0.0978761,0.12542987,0.053260997,-0.17098504,0.1256182,0.48826236,0.1001472,-0.10829716
117,1971,0.011810688,-0.27966887,0.68102604,0.81617117,-0.1995199,0.008256063,0.49450687,-0.2999324,0.008909166,-0.09289013,-0.60374624,0.329685,0.18644364,0.18839215,0.23787172,0.16037783
117,1975,-0.21807244,-0.47224146,-0.33234984,-0.60365677,0.2655884,-0.018271834,0.2680409,0.38502732,-0.016954765,0.19449884,0.012856603,0.0141114,-0.05579382,0.18059497,-0.08208129,0.020490654
117,1978,-0.32372576,0.14988643,-0.23894309,0.111495584,0.2303603,-0.58942205,-0.042915512,0.47524175,0.60772294,0.12897818,0.40893626,-0.7581228,0.7659575,0.41924465,0.76254696,-0.68853575
117,1980,-0.46325278,-0.36999696,-0.35446328,-0.2973933,0.4309925,-0.48192847,0.24618913,0.6946162,0.13965541,0.13491957,0.043529637,-0.25425074,0.24738257,0.61269116,0.20253916,-0.18487796
117,1989,-0.65159523,1.1032723,-0.10110685,-0.2441814,-0.57188624,-0.29646754,-0.2701872,0.08609033,0.1353078,-0.8137632,0.6141934,0.24681932,-0.5539785,0.28558576,-0.48135507,-0.2018455
117,2007,-0.10870483,-0.72966164,-0.18936093,-0.61909777,0.5213648,0.0927126,0.27069864,0.41069278,-0.17810167,0.3250111,-0.16839646,0.24422929,-0.14698209,0.23606406,-0.24573879,0.08587495
117,2020,0.058274724,-0.6898748,-0.052932963,-0.6561266,0.4235476,0.3242001,0.22955362,0.23100424,-0.17485012,0.33794194,-0.111432865,0.3268809,-0.21451963,0.032297567,-0.2867322,0.07814499
117,2028,-0.26052356,-0.15608814,-0.11895901,-0.05136271,0.55713594,-0.36515605,-0.04208426,0.5151249,0.2341412,0.20966361,0.16685711,-0.29882184,0.39981413,0.41296208,0.29917628,-0.4620327
117,2033,-0.76003724,1.3249139,-0.26705396,0.19200379,-0.2991404,-0.8301534,-0.5289782,0.36865756,-0.34282005,-0.92906624,0.2841649,0.10633363,-0.7320644,0.6244786,-0.7840283,0.23537362
117,2037,0.774407,0.12470631,-0.0074942634,0.5453402,1.1006387,0.2106531,-1.3466165,-0.05233723,-0.46544594,0.5799339,0.04412163,-0.30765614,0.13110597,-0.45065516,-0.2802196,-0.1679444
117,2038,0.20559052,0.10416868,-1.0960395,-0.06991698,-0.53099144,-0.40157914,0.29126513,-0.060265005,-1.0319182,-0.17521808,-0.531879,-0.643579,-0.4410879,-0.50417966,-0.5495729,1.9487226
117,2048,-0.3001834,-0.23799504,-0.5392555,-0.5159153,-0.056203656,-0.21103771,0.32795697,0.37784,0.04408677,0.048604507,0.097855486,-0.2836063,0.06364341,0.18049277,0.06628139,0.15534166
117,2053,-0.0013786396,-0.31467515,0.6640553,0.9696599,-0.151832,-0.12400906,0.46227366,-0.23837341,-0.049050033,-0.056621242,-0.70381415,0.23216626,0.24938278,0.28000897,0.26937854,0.23723707
117,2055,-0.17107674,-0.68736655,-0.23935466,-0.62062967,0.50219524,0.028691351,0.26996773,0.45009413,-0.15212108,0.2941707,-0.13903455,0.20265453,-0.12938309,0.27498025,-0.22404483,0.06745858
117,2057,0.32891482,-0.46795273,0.16350445,-0.39055288,0.42538455,0.5226156,-0.047148526,-0.07197904,-0.19790019,0.3177062,-0.06802629,0.37593728,-0.24024126,-0.26831156,-0.26285878,-0.017224148
117,2072,-0.10376299,0.7630163,0.26823986,-0.16135468,-0.46596813,0.17607449,-0.38505602,-0.26397407,0.28273007,-0.40562767,0.53681225,0.33505636,-0.32311523,-0.1089047,-0.18058684,-0.5008629
117,2084,-0.38267753,0.18901691,-0.38407916,0.07225677,0.13001098,-0.67926055,0.023191994,0.54671156,0.70623916,0.11733433,0.4851876,-0.9440762,0.9087176,0.4615835,0.9231312,-0.72547144
117,2100,0.22202374,-0.40469694,0.7424062,0.66585207,-0.20843425,0.2871384,0.51040065,-0.44478846,0.050124116,0.011428926,-0.54286027,0.42151383,0.18509729,-0.043273106,0.25263715,0.086863466
117,2101,0.36751902,0.00563981,0.24113105,-0.27081153,0.14072353,0.53811413,-0.36110908,-0.30421233,0.025280073,0.144847,0.22430016,0.28488266,-0.20308259,-0.4350078,-0.18556887,-0.28183788
117,2108,0.24806611,0.1893604,-0.40422112,-0.09876078,-0.42525542,0.15548335,0.11690571,-0.27562216,0.55821294,0.172557,0.4476174,-0.87814796,0.63318056,-0.6652081,0.7931441,-0.17954016
117,2116,0.097191416,-0.36942774,0.66738176,0.81659913,-0.15666917,0.039811417,0.46486998,-0.31007656,-0.014558032,-0.0046504587,-0.6274721,0.28424317,0.21953298,0.13830705,0.25171667,0.18444902
117,2119,-0.07235368,-0.82428926,-0.16522212,-0.63417196,0.5594778,0.13205388,0.31795436,0.41327932,-0.2287537,0.3564837,-0.23664378,0.29444975,-0.175061,0.24195386,-0.27388453,0.14608532
117,2125,-0.75303435,1.2654614,-0.36083937,0.26690587,-0.18221077,-0.9496435,-0.56118315,0.45939365,-0.47710925,-0.88755065,0.16975646,0.020241894,-0.7527497,0.6753346,-0.8483611,0.40905944
117,2133,-0.4421935,-0.4416235,-0.33139724,-0.32595187,0.46174487,-0.43529338,0.26451266,0.680099,0.07912094,0.1529806,-0.015585959,-0.17018592,0.17622612,0.6001363,0.12520115,-0.13068134
117,2136,0.019391207,-0.13382821,0.62330973,0.63959444,-0.23981772,0.056457803,0.34840322,-0.3161236,0.061861567,-0.11848602,-0.42265606,0.33689782,0.10441448,0.120885536,0.18337606,0.03746841
117,2151,-0.110735364,-0.07767412,-0.78857034,-0.38351685,-0.34652984,-0.26096272,0.34616628,0.16928828,-0.3523289,-0.065258294,-0.11755131,-0.43891153,-0.13663551,-0.114986256,-0.16761291,0.8705021
117,2172,-0.28142676,0.029834263,0.62519294,1.0760828,-0.23706284,-0.4069348,0.37023172,-0.11477533,-0.030039817,-0.28890863,-0.6432286,0.21066837,0.18288927,0.5327855,0.23216425,0.18761486
117,2196,0.19783503,0.1048305,-1.0962796,-0.09082514,-0.5294623,-0.3895439,0.29193202,-0.052082807,-1.0040622,-0.16947147,-0.5076358,-0.64770997,-0.42406923,-0.5040792,-0.5285443,1.908773
117,2203,-0.4782869,-0.37151968,-0.32445014,-0.20160644,0.49834195,-0.55561185,0.2302963,0.7333145,0.15702811,0.14484824,0.02158299,-0.28809547,0.30980784,0.6849251,0.253128,-0.22236657
117,2206,0.15340129,0.24427004,0.36854243,-0.55655444,-0.4259333,0.6656873,-0.03947371,-0.50304866,0.37150705,-0.16272286,0.46491092,0.52658266,-0.32919264,-0.4732263,-0.09730932,-0.49519703
117,2214,-0.41263193,-0.35832882,-0.39861858,-0.46617556,0.2688962,-0.32829052,0.27347165,0.584344,0.117958434,0.11781365,0.08711599,-0.1945003,0.13090582,0.45269495,0.113860056,-0.11345985
117,2216,0.6386733,0.021177277,0.15133476,0.16416416,0.6817926,0.4179386,-0.8974067,-0.18476526,-0.25311524,0.40972313,0.108138904,0.0018045977,-0.008270815,-0.46333796,-0.2433131,-0.23274377
117,2217,0.6822561,0.032104254,0.12737146,0.25628242,0.7839823,0.37810966,-1.0034505,-0.15661068,-0.3039983,0.45838162,0.086007945,-0.064050995,0.032790393,-0.4606753,-0.25394005,-0.22063059
117,2224,-0.17806186,-0.15053993,0.6677857,1.1073426,-0.19384812,-0.31578618,0.46108082,-0.15906423,-0.05536796,-0.19577731,-0.73494285,0.22125426,0.2396018,0.46308953,0.26925546,0.24914649
117,2237,-0.1982158,-0.45608342,-0.36077952,-0.59435475,0.2356329,-0.015894264,0.27287206,0.36483088,-0.039608985,0.18780495,0.002750799,-0.011896305,-0.060621127,0.14145665,-0.08447391,0.07635748
117,2246,0.3090917,-0.16591835,0.64600796,0.6488651,-0.16155396,0.22830972,0.076631814,-0.41183758,0.02595862,0.049495272,-0.37456673,0.31054816,0.14311795,-0.07124783,0.20034356,-0.067311935
117,2258,0.011953822,-0.14046833,0.621589,0.6510242,-0.2353248,0.04428605,0.35606942,-0.30898055,0.05697053,-0.11839883,-0.43414724,0.33144537,0.10846119,0.1315427,0.18459882,0.04830315
117,2265,-0.23513946,-0.7425931,-0.28113836,-0.60222626,0.5181439,-0.059045315,0.33527485,0.5118555,-0.17709346,0.2759208,-0.2034397,0.19534892,-0.13769677,0.36872023,-0.22076061,0.12952241
117,2270,0.1820489,0.1838864,0.41410547,-0.51675725,-0.40673655,0.6868782,0.0022025444,-0.52551186,0.3391196,-0.15105386,0.39072785,0.5752476,-0.33064497,-0.46889365,-0.091868736,-0.47283694
117,2272,-0.20680527,0.13701259,-0.43321538,-0.10005209,-0.25175482,-0.3896016,0.16691275,0.23396179,0.630694,0.08820818,0.44821358,-0.860138,0.7120388,0.11940177,0.7981213,-0.42684636
117,2278,0.028622909,-0.70675117,-0.06818806,-0.60980093,0.4599456,0.25272286,0.23238371,0.26828435,-0.18211736,0.34203565,-0.14671098,0.30131334,-0.18762858,0.09032495,-0.27431342,0.08446618
117,2280,0.07964178,0.30668038,0.3717414,-0.5101889,-0.4525808,0.6004913,-0.027045583,-0.48364288,0.35804483,-0.24213795,0.44816315,0.56026185,-0.3531909,-0.3948052,-0.12068242,-0.4874948
117,2283,-0.009435954,-0.14072669,-0.6405042,-0.3852432,-0.14248419,-0.12792026,0.23719318,0.13266933,-0.38050485,0.027635876,-0.13325666,-0.3011497,-0.19199175,-0.19941545,-0.23404868,0.7689035
117,2286,-0.103763,0.76301634,0.26823986,-0.16135466,-0.46596816,0.17607449,-0.38505602,-0.26397407,0.28273007,-0.4056276,0.5368122,0.33505636,-0.32311523,-0.108904704,-0.18058684,-0.5008629
117,2288,0.12851453,-0.6596104,0.119708754,-0.59525347,0.2536632,0.46323478,0.31818318,0.0045024604,-0.15796544,0.25022328,-0.14575996,0.49033618,-0.32983208,-0.090623565,-0.2649054,0.102443255
117,2291,-0.06547137,0.82178384,0.3933422,-0.03655298,-0.5200813,0.18414117,-0.38038433,-0.35452497,0.26770926,-0.45350143,0.4509064,0.4345338,-0.3310988,-0.08253072,-0.14106035,-0.54242617
117,2303,-0.013167765,0.4144491,0.32744163,-0.49841517,-0.4851119,0.51391524,-0.053997397,-0.43242374,0.35994887,-0.3224816,0.492751,0.5401096,-0.37576222,-0.3227496,-0.15476124,-0.48825246
117,2306,-0.19390117,-0.13248312,0.6894196,1.1608204,-0.20413584,-0.34086508,0.46946394,-0.15693712,-0.059178755,-0.216949,-0.7596876,0.22717929,0.2515211,0.4930668,0.2830611,0.25338235
117,2312,-0.6206285,1.0661056,-0.08001763,-0.27778578,-0.5817722,-0.23925842,-0.24829842,0.04556997,0.16077441,-0.792249,0.61810493,0.2700482,-0.5458797,0.2446426,-0.46255964,-0.22384858
117,2334,0.43669528,0.12414643,-0.66430384,-0.12219055,-0.8435843,0.32104635,0.35262698,-0.5389806,0.43262327,0.14856856,0.30788076,-1.0549409,0.6093363,-1.0465611,0.8229427,0.3535257
117,2336,0.05675613,-0.7133181,-0.05226907,-0.6628543,0.42326042,0.3293131,0.25414446,0.23229185,-0.18715213,0.33703554,-0.12939896,0.342931,-0.22978894,0.038856223,-0.29182225,0.099685274
117,2350,-0.5211405,0.9323416,-0.031135619,-0.31978846,-0.55745494,-0.12560193,-0.20942606,-0.029091075,0.1939173,-0.6944932,0.588631,0.29276907,-0.5084175,0.15144624,-0.4089865,-0.2509584
117,2355,-0.065471396,0.8217837,0.3933422,-0.036552995,-0.5200813,0.18414117,-0.3803843,-0.35452497,0.26770926,-0.45350143,0.45090634,0.4345338,-0.3310988,-0.08253072,-0.14106035,-0.5424261
117,2366,-0.75303435,1.2654614,-0.36083937,0.26690587,-0.18221077,-0.9496435,-0.5611831,0.45939365,-0.4771093,-0.88755065,0.16975646,0.020241879,-0.7527497,0.6753346,-0.848361,0.4090595
117,2369,0.39862886,-0.29239494,0.097547844,-0.18102384,0.56733084,0.42268682,-0.3379978,-0.06333823,-0.24175839,0.35597515,-0.02521579,0.19620639,-0.16099373,-0.31825364,-0.26129165,-0.054930784
117,2396,-0.25511473,-0.7182637,-0.292475,-0.59929836,0.47891304,-0.07902011,0.3439014,0.5072315,-0.16288821,0.2527063,-0.19177653,0.1789957,-0.14194408,0.374067,-0.21195173,0.13530457
117,2401,0.1302084,0.065780945,-0.6651714,-0.21765468,-0.77259636,0.02137275,0.39839062,-0.22047561,0.46159148,0.082644925,0.32350063,-0.95372546,0.5810229,-0.5311672,0.74583817,0.18980908
117,2402,0.37561893,0.03147748,-0.72119355,-0.17233625,-0.95659554,0.25798088,0.46445403,-0.50539744,0.3397278,0.10762285,0.21282664,-0.99321127,0.518604,-0.9380424,0.7176359,0.5306165
117,2413,0.7744071,0.12470631,-0.0074942634,0.5453402,1.1006386,0.2106531,-1.3466165,-0.05233723,-0.46544594,0.5799339,0.04412163,-0.30765614,0.13110597,-0.45065516,-0.2802196,-0.1679444
117,2421,-0.11876357,0.5161489,0.25592962,-0.46868074,-0.50296295,0.3874622,-0.07900904,-0.35372895,0.3334361,-0.39927357,0.5144244,0.4932923,-0.40190557,-0.22741896,-0.20184153,-0.44523314
117,2425,-0.00731829,-0.36487436,-0.070077345,-0.78304803,0.05950579,0.415919,0.18794858,0.044186786,0.015679315,0.13534714,0.1580227,0.33188036,-0.30976987,-0.13747567,-0.2523049,-0.028656311
117,2437,-0.40491372,-0.33164102,-0.25503397,-0.19566776,0.47528705,-0.46038914,0.17109926,0.63308966,0.15087992,0.1533869,0.040476054,-0.23489735,0.26650256,0.5768254,0.20920508,-0.24026275
117,2438,0.5663509,0.42862225,0.27437,0.9355217,0.2676659,-0.17309327,-1.2201815,-0.1245859,-0.3029346,0.17518131,-0.18215074,-0.11066107,0.03860593,-0.007593766,-0.023161955,-0.17268586
117,2451,0.206375,-0.7272689,0.1840366,-0.6113787,0.31026062,0.5600151,0.32372165,-0.015443042,-0.19343911,0.2919883,-0.17652015,0.55454934,-0.33420944,-0.13573444,-0.27626443,0.096341856
117,2453,0.42568982,0.023625761,-0.70925725,-0.15544578,-0.9638604,0.3104038,0.45998943,-0.5596628,0.3128327,0.116307445,0.19177003,-0.9789957,0.4962014,-1.0132089,0.69847363,0.5766203
117,2459,0.20848095,0.106787354,-1.0925232,-0.046560183,-0.52232957,-0.4191205,0.28423727,-0.06176471,-1.0595132,-0.18098578,-0.5548421,-0.63766813,-0.45764655,-0.49607366,-0.57189435,1.9812357
117,2464,-0.30177766,-0.76779234,-0.35375124,-0.64439404,0.51977897,-0.11739184,0.38632113,0.5903106,-0.18300043,0.2603465,-0.20841919,0.16468453,-0.12922224,0.4339404,-0.20852526,0.15310064
117,2478,0.086160325,0.3100273,0.37927717,-0.51717067,-0.4584556,0.61531353,-0.0267273,-0.4926084,0.36272883,-0.24449836,0.45373726,0.57056063,-0.3558752,-0.40465748,-0.11899992,-0.49631175
117,2479,0.21877863,-0.3929937,0.7360835,0.64399266,-0.21236584,0.29341343,0.5035904,-0.44575873,0.05615429,0.006890841,-0.525272,0.42521822,0.17498897,-0.049732804,0.24544965,0.07681694
117,2484,-0.7931048,1.3185426,-0.31708074,0.20958823,-0.26712963,-0.8955431,-0.52946013,0.42054793,-0.39160323,-0.9334662,0.2559323,0.06882999,-0.7462634,0.66536665,-0.82163167,0.30562547
117,2487,0.2855799,-0.22849476,0.6864137,0.68028355,-0.17946896,0.2392046,0.20009981,-0.4245575,0.030803494,0.03362151,-0.43429464,0.34488422,0.16294537,-0.055126816,0.22404636,-0.023870386
117,2492,0.21303964,0.5768634,0.5401125,-0.033139586,-0.4837674,0.44109875,-0.368367,-0.530032,0.33043957,-0.22901122,0.3879354,0.46323434,-0.20270693,-0.2979415,0.0122849345,-0.6369276
117,2496,0.045906715,0.32723594,0.3493252,-0.49877077,-0.45212406,0.5573947,-0.03284152,-0.45828098,0.35265857,-0.25878143,0.45097822,0.540897,-0.35507125,-0.36215773,-0.13136049,-0.47493142
117,2509,-0.34385124,-0.28336263,-0.46888506,-0.5288141,0.059405655,-0.22097014,0.3045202,0.4511288,0.13205798,0.08778796,0.14124306,-0.24994701,0.11903314,0.2701468,0.12630548,-0.027583398
117,2516,0.7744071,0.12470631,-0.0074942634,0.5453402,1.1006386,0.2106531,-1.3466165,-0.05233723,-0.46544594,0.5799339,0.04412163,-0.30765614,0.13110597,-0.45065516,-0.2802196,-0.1679444
117,2517,-0.43830314,-0.45289123,-0.331411,-0.3407203,0.4578561,-0.4214381,0.27011365,0.6741071,0.06768183,0.15400341,-0.022733599,-0.15358716,0.1580124,0.592207,0.10741101,-0.11732651
117,2524,0.11466496,0.066421695,-0.64103186,-0.22325578,-0.7459638,0.012737513,0.38295686,-0.20338434,0.46910512,0.082751855,0.33284456,-0.9287555,0.5717642,-0.49983537,0.7342779,0.1509634
117,2527,0.489671,-0.18418434,0.032644406,-0.012219131,0.7601032,0.36460865,-0.5975007,-0.03195861,-0.32680267,0.41811848,-0.017872319,0.06141777,-0.10389048,-0.36842698,-0.27781677,-0.065120295
117,2529,-0.44424173,-0.35189885,-0.29169816,-0.20165926,0.46907774,-0.50895184,0.20881927,0.6759795,0.15470514,0.14247552,0.028782219,-0.25956956,0.27923268,0.6309235,0.2277102,-0.22000329
117,2542,-0.1982158,-0.45608342,-0.36077952,-0.59435475,0.23563287,-0.015894264,0.27287206,0.36483088,-0.039609015,0.18780495,0.002750799,-0.011896305,-0.060621127,0.14145665,-0.0844739,0.07635749
117,2563,0.123988755,0.13156115,0.31084472,-0.65420306,-0.35495183,0.66274697,0.025132118,-0.43280876,0.31058323,-0.13710093,0.42496008,0.52993727,-0.3706988,-0.44735754,-0.13502425,-0.40837666
117,2566,-0.30018342,-0.23799504,-0.5392555,-0.51591533,-0.056203663,-0.21103765,0.32795703,0.37784,0.044086754,0.04860451,0.09785548,-0.28360626,0.06364338,0.18049277,0.06628139,0.15534166
117,2579,0.24673982,-0.7307439,0.22584303,-0.6027149,0.31688273,0.6048204,0.30876476,-0.0434051,-0.19339408,0.30184016,-0.17674606,0.57642967,-0.33094913,-0.17063543,-0.27276444,0.07876452
117,2582,0.19110064,-0.7470905,0.16577613,-0.6145426,0.32199526,0.5413449,0.3406369,0.005044237,-0.20461302,0.29623833,-0.19156514,0.550814,-0.33574507,-0.1131349,-0.28074062,0.11513182
117,2585,-0.32733005,0.21794535,0.59700274,1.052459,-0.28836304,-0.4646355,0.2321689,-0.098742716,-0.004815638,-0.36136505,-0.535178,0.20314312,0.13238181,0.5626255,0.20325337,0.095819496
117,2610,0.023789804,-0.32693368,0.66585267,0.8017005,-0.17759168,0.014508814,0.51019806,-0.29321992,-0.000931859,-0.06415029,-0.617184,0.31437436,0.19241275,0.17708404,0.23445411,0.18442994
117,2613,-0.5095005,-0.37306786,-0.37873322,-0.24564594,0.46498546,-0.5742903,0.26346508,0.7625096,0.16590458,0.13132235,0.037234887,-0.31716737,0.3154959,0.7020318,0.2675056,-0.20553689
117,2618,-0.4500509,-0.46334302,-0.34484762,-0.34757537,0.46919462,-0.43350297,0.27913997,0.6951693,0.06484323,0.15577704,-0.026253417,-0.15929586,0.1643096,0.60888916,0.1112849,-0.115536146
117,2621,-0.10633662,0.11117369,-0.46933776,-0.16993628,-0.40920612,-0.2365378,0.22505058,0.08535591,0.585533,0.0848169,0.42690897,-0.8366405,0.6346148,-0.07414278,0.7496079,-0.2755974
117,2630,-0.4782869,-0.37151968,-0.3244502,-0.20160644,0.4983419,-0.5556119,0.23029627,0.7333145,0.15702811,0.14484824,0.02158299,-0.2880955,0.3098079,0.68492514,0.253128,-0.22236657
117,2634,0.7436582,0.16591853,-0.09542599,0.56330097,1.1813358,0.14829257,-1.3800795,-0.00087736547,-0.5118594,0.5744368,0.03518009,-0.36529496,0.10480015,-0.45730633,-0.29033995,-0.12214783
117,2646,0.5750376,0.4394309,0.25390565,0.93376505,0.28675798,-0.18597974,-1.2623061,-0.11165415,-0.3145489,0.18648355,-0.1733272,-0.13056451,0.034010947,-0.008501396,-0.033853114,-0.17274463
117,2649,-0.014066203,-0.77370983,-0.11227791,-0.6308014,0.5059053,0.2066379,0.2807379,0.33510432,-0.20941927,0.3513923,-0.19482608,0.30699793,-0.18918595,0.15893559,-0.27972096,0.12321385
117,2651,0.42292723,0.002165839,0.22805116,-0.18740271,0.2437002,0.51877576,-0.46109337,-0.28317335,-0.0287759,0.1986671,0.19905668,0.23296627,-0.16476235,-0.44109988,-0.19587629,-0.27221653
117,2652,-0.17107674,-0.6873665,-0.23935466,-0.62062967,0.50219536,0.028691366,0.26996768,0.45009413,-0.15212108,0.2941707,-0.13903455,0.20265453,-0.12938309,0.27498025,-0.22404481,0.06745859
117,2653,0.16822435,0.2081974,0.41150993,-0.52056926,-0.41917852,0.68167514,-0.002909217,-0.5243455,0.34618163,-0.16872497,0.40520737,0.57922894,-0.3362824,-0.46261138,-0.09563281,-0.48172656
117,2665,-0.1785185,0.8571481,0.31203765,-0.060383514,-0.5073855,0.07872713,-0.34805027,-0.27135396,0.22779642,-0.5138727,0.44946575,0.40883726,-0.38115302,0.002523318,-0.21079394,-0.4654815
117,2667,0.08014868,0.27401358,0.29926625,-0.6284883,-0.4413152,0.61855817,-0.026330112,-0.45846397,0.38626212,-0.19636731,0.51203984,0.49521172,-0.35521507,-0.4411658,-0.11743805,-0.48043707
117,2674,-0.63491,1.113629,-0.08924104,-0.22038315,-0.5582378,-0.29898846,-0.29743192,0.087477684,0.12966949,-0.8033177,0.61097765,0.24314636,-0.54982334,0.28272718,-0.47652668,-0.2077753
117,2681,-0.3370726,0.16054063,-0.26675284,0.104880154,0.21806926,-0.6087139,-0.034606367,0.493921,0.62898207,0.12764052,0.42716742,-0.79587084,0.7970905,0.42931604,0.7960587,-0.70321786
117,2683,-0.35081905,1.0944874,-0.22404079,0.5467527,0.010165423,-0.79813457,-0.88889337,0.33259025,-0.49572074,-0.5860668,0.04639616,-0.05823482,-0.5419396,0.5091712,-0.6375191,0.27519545
117,2686,-0.32733,0.2179453,0.59700274,1.052459,-0.28836304,-0.4646355,0.2321689,-0.09874271,-0.004815653,-0.36136508,-0.53517807,0.20314312,0.13238181,0.5626255,0.20325334,0.095819496
117,2687,-0.27566728,-0.61132246,-0.3239059,-0.6075891,0.41178927,-0.09133524,0.31106552,0.500455,-0.1031792,0.22013974,-0.09977932,0.103015214,-0.09934968,0.33881754,-0.15768084,0.07217427
117,2690,-0.14528544,-0.6492545,-0.20757158,-0.6017283,0.46656498,0.05409976,0.24477364,0.40005943,-0.13494529,0.28601933,-0.11874093,0.20509143,-0.1358468,0.23437686,-0.2228196,0.052879952
117,2711,0.69502693,0.21440278,-0.18343528,0.54888034,1.2278254,0.09186206,-1.3837314,0.046269476,-0.5349799,0.55376226,0.035034,-0.4096549,0.066217795,-0.46848917,-0.29678565,-0.08362216
117,2721,-0.44628632,-0.4163323,-0.3983515,-0.4351463,0.36230248,-0.3849293,0.2910173,0.6585679,0.089534685,0.13306868,0.03647101,-0.18390146,0.14586781,0.5382271,0.112379536,-0.106133476
117,2727,-0.63700134,1.232591,-0.058693603,0.04900363,-0.45535868,-0.50940746,-0.41411743,0.13427874,-0.10616578,-0.8602498,0.39852917,0.25696573,-0.63983387,0.43693393,-0.6052058,-0.048067752
117,2736,-0.53070027,1.0722662,-0.001880154,-0.2231878,-0.5546957,-0.1875454,-0.3236874,0.0021490157,0.18198985,-0.73853695,0.62143064,0.28107557,-0.5138605,0.19620825,-0.41474038,-0.29853207
117,2742,-0.48457584,1.0088156,0.02059076,-0.22586459,-0.53030276,-0.15013362,-0.31588525,-0.022138894,0.19092546,-0.68625516,0.6011376,0.28023008,-0.49096006,0.1628827,-0.38864052,-0.3083715
117,2762,0.20559053,0.10416867,-1.0960394,-0.06991698,-0.53099144,-0.4015792,0.29126513,-0.060265005,-1.0319182,-0.17521809,-0.531879,-0.643579,-0.4410879,-0.50417966,-0.5495729,1.9487228
117,2766,0.009627444,-0.17522486,0.6907378,0.7814102,-0.24349429,0.027366236,0.42822987,-0.3225733,0.040135555,-0.13562737,-0.52976537,0.35798797,0.15544195,0.17317243,0.22916435,0.085704826
117,2768,-0.45812544,-0.4317423,-0.34479326,-0.31039155,0.47589204,-0.46696138,0.26346087,0.7076409,0.09537229,0.1530218,-0.005384326,-0.2030909,0.2114513,0.6260476,0.15768634,-0.15086904
117,2780,0.2121491,0.079139456,0.2955044,-0.5292556,-0.19404262,0.62957203,-0.09662099,-0.39441496,0.21758796,-0.037990708,0.3536005,0.45312762,-0.31234166,-0.44675553,-0.15000872,-0.36736986
117,2781,0.29799876,0.0482802,-0.7364302,-0.18974371,-0.92305577,0.17274278,0.45861295,-0.41322726,0.38251477,0.09804087,0.25050715,-1.017521,0.5591478,-0.819617,0.74965805,0.4430612
117,2795,0.105992004,-0.64910734,0.08307412,-0.6658454,0.2352688,0.4822085,0.32953313,0.023523077,-0.14537455,0.23397946,-0.10857026,0.49723056,-0.3430605,-0.09532875,-0.2717628,0.09481544
117,2805,0.042189002,-0.115746975,0.6442536,0.63804674,-0.2563715,0.08631331,0.33420086,-0.34050536,0.07273777,-0.123314545,-0.40786815,0.35716596,0.10338791,0.09963645,0.19064666,0.010352753
117,2820,-0.17844212,0.0053719357,-0.11567365,-0.049520373,0.37111682,-0.27069628,-0.092918254,0.3545092,0.36316723,0.1889985,0.3017087,-0.40828547,0.4654001,0.22033794,0.41193455,-0.5404079
117,2828,-0.2321847,0.13632414,-0.41215926,-0.10021956,-0.21716376,-0.41312975,0.15146069,0.26132473,0.62566274,0.08450565,0.44582772,-0.830855,0.69523436,0.16563354,0.7740226,-0.4513653
117,2832,0.019985013,-0.49260873,-0.022238575,-0.7823838,0.113711864,0.45969892,0.2828974,0.03945209,-0.050748333,0.1555264,0.05225998,0.4298895,-0.3489138,-0.11704418,-0.26425314,0.02966743
117,2835,0.055341177,-0.74209154,-0.054382846,-0.69505215,0.41327336,0.35583735,0.2921467,0.22919592,-0.20141323,0.33360878,-0.14146174,0.37579727,-0.26004085,0.035876855,-0.30200654,0.12613705
117,2837,-0.5299503,-0.3982296,-0.39163977,-0.24328801,0.4928272,-0.60159326,0.27952805,0.7990042,0.15731995,0.13503613,0.019644395,-0.32030156,0.32405162,0.7405123,0.27107638,-0.19908452
117,2840,0.08970805,0.69013244,0.4842543,-0.044958472,-0.50488967,0.3395434,-0.3773515,-0.4587797,0.32399538,-0.329532,0.43374872,0.4568545,-0.2546207,-0.20990342,-0.043319628,-0.62120086
117,2850,-0.052521683,-0.29139236,0.703858,1.089122,-0.16581945,-0.19265206,0.5027575,-0.22131145,-0.06310262,-0.10337019,-0.7720297,0.24012113,0.27637523,0.35871148,0.29617697,0.26588905
117,2853,0.14543092,0.61178726,0.5023949,-0.054206774,-0.48776785,0.38814935,-0.35458353,-0.49019817,0.3274908,-0.27139553,0.40484458,0.45583588,-0.23042363,-0.2529097,-0.016882561,-0.61709774
117,2857,0.049244255,-0.62761617,-0.05455014,-0.7411584,0.2962512,0.40655744,0.26150602,0.1585772,-0.13612567,0.27830464,-0.038323343,0.37706918,-0.28894764,-0.03891489,-0.2943012,0.08047455
117,2863,-0.40476072,-0.37245536,-0.3623528,-0.43484542,0.3001368,-0.32889295,0.2630504,0.57679355,0.10081205,0.121541634,0.0604671,-0.1632295,0.11365147,0.46342713,0.09246053,-0.10710162
117,2867,-0.16170332,0.86191577,0.32576555,-0.05204369,-0.51301116,0.09254497,-0.35896474,-0.28473023,0.23273695,-0.5097144,0.4514714,0.41375858,-0.3750956,-0.008660451,-0.20138626,-0.4793028
117,2873,-0.46867236,-0.3460636,-0.35103667,-0.2660471,0.41364285,-0.5078455,0.24218093,0.6896844,0.16344714,0.12541491,0.054394014,-0.28362617,0.27191043,0.6253255,0.23302563,-0.1973558
117,2876,-0.13741979,0.07644582,-0.19621564,-0.078895405,0.2278451,-0.22603865,-0.059512444,0.28758898,0.46495414,0.18553102,0.3883738,-0.555812,0.56808144,0.09424424,0.5571118,-0.5615724
117,2886,0.1658002,-0.7329586,0.14257261,-0.61964166,0.30714637,0.51645154,0.34456182,0.015233949,-0.19605382,0.28412175,-0.1830075,0.53651786,-0.33746636,-0.09826398,-0.27926087,0.119278364
117,2889,0.11892347,0.07108985,-1.107505,-0.16879496,-0.5701927,-0.3915264,0.35069507,-0.004316464,-0.9114707,-0.17749967,-0.45204854,-0.63729453,-0.37798986,-0.42145747,-0.4741766,1.7976947
117,2897,0.5649838,0.016540967,0.18737358,0.022265553,0.5143771,0.47329575,-0.734592,-0.22977534,-0.1662338,0.32823548,0.14971793,0.10016021,-0.07019998,-0.46532607,-0.22560331,-0.25702357
117,2904,-0.6063764,1.0402257,-0.07666692,-0.2798381,-0.57272863,-0.22896732,-0.24155462,0.039405063,0.16000737,-0.7736384,0.6073867,0.26773965,-0.5390302,0.234576,-0.4563154,-0.21991703
117,2913,-0.44264102,-0.42443472,-0.3312301,-0.31363246,0.46216908,-0.44396985,0.25486797,0.6817455,0.09290192,0.1521475,-0.0025630891,-0.18857455,0.1955374,0.6004695,0.14416869,-0.1480819
117,2917,0.22967133,-0.69923455,0.21289712,-0.5856782,0.2982777,0.57374275,0.2938471,-0.04352635,-0.17884906,0.29097295,-0.16245718,0.54848653,-0.3234075,-0.16271861,-0.267165,0.07391792
117,2928,0.31886283,0.46855628,0.5241862,-0.016126275,-0.41374457,0.48427522,-0.4159244,-0.5276165,0.3028074,-0.10764825,0.36528444,0.38541934,-0.14433123,-0.36829567,0.029583544,-0.6030746
117,2939,-0.73116004,1.314365,-0.18750001,0.12121445,-0.38074756,-0.7055162,-0.4781219,0.27565452,-0.24358182,-0.9247821,0.34571457,0.17603064,-0.70702225,0.557487,-0.724074,0.1154004
117,2956,0.31001553,-0.14832556,0.63113266,0.62619174,-0.16058393,0.2273713,0.049355812,-0.40804198,0.029006273,0.051196247,-0.35125303,0.30260155,0.13296635,-0.07751437,0.19101287,-0.08005032
117,2961,0.24765673,0.032129623,0.27719617,-0.45844,-0.09849723,0.59278744,-0.1473926,-0.36042458,0.15686278,0.019431256,0.29856598,0.40351337,-0.2827146,-0.43087995,-0.15994757,-0.32442218
117,2963,-0.052825905,-0.804842,-0.13728231,-0.61117935,0.53225994,0.14562647,0.3082692,0.37571254,-0.22231676,0.34888828,-0.23408513,0.29823774,-0.1832591,0.2182564,-0.2731878,0.14660385
117,2965,0.24091372,-0.6955389,0.22859983,-0.5896137,0.29067,0.5947626,0.29257435,-0.059106603,-0.17398147,0.28649813,-0.15799586,0.56307065,-0.32777992,-0.17877866,-0.2645038,0.06447784
117,2966,-0.10561248,-0.23035516,0.68123,1.074457,-0.17768711,-0.23635931,0.48284116,-0.19567397,-0.05584684,-0.14142683,-0.74310523,0.23392868,0.2528944,0.3940882,0.27803117,0.25375193
117,2968,-0.2406658,0.86050224,0.18519837,-0.19354847,-0.49279705,0.06699509,-0.36548653,-0.1819621,0.2635691,-0.5089388,0.5749146,0.3192385,-0.3836062,-0.016626462,-0.25057572,-0.4501025
117,2980,0.3090917,-0.16591832,0.64600796,0.6488651,-0.16155396,0.22830972,0.076631814,-0.41183758,0.02595862,0.049495272,-0.37456673,0.31054816,0.14311795,-0.07124784,0.20034362,-0.067311935
117,2984,-0.4701748,-0.39353526,-0.36195308,-0.30362976,0.45688286,-0.48842943,0.25506243,0.7167679,0.12671892,0.14322992,0.02900657,-0.2477344,0.24752308,0.6298779,0.19687726,-0.17877148
117,2985,0.2130396,0.5768635,0.5401125,-0.033139586,-0.48376733,0.4410987,-0.368367,-0.5300319,0.33043957,-0.22901122,0.3879354,0.46323434,-0.20270693,-0.2979415,0.01228492,-0.63692755
117,2986,0.19110064,-0.7470905,0.16577613,-0.61454266,0.32199526,0.5413449,0.3406369,0.005044237,-0.20461302,0.29623833,-0.19156517,0.55081403,-0.33574507,-0.1131349,-0.28074062,0.11513182
117,2990,-0.4856425,1.0941372,0.073124275,-0.011258066,-0.47891474,-0.2933157,-0.37866628,-0.011096433,0.030738942,-0.7375668,0.43018854,0.3146479,-0.5469907,0.28215313,-0.45914406,-0.21230158
117,3007,0.058039844,-0.71053195,-0.047524676,-0.6653131,0.4090937,0.3375734,0.26133406,0.22092134,-0.18637942,0.3306987,-0.12805901,0.35074672,-0.24034822,0.031993955,-0.29286987,0.104947306
117,3009,-0.21910784,-0.07439211,0.6317332,1.0393331,-0.21075414,-0.33224672,0.41740146,-0.14259574,-0.035553217,-0.22985424,-0.66505706,0.22024041,0.1974117,0.46939224,0.23764734,0.21190763
117,3015,-0.11867652,-0.31069773,-0.4474867,-0.51600015,0.06936903,-0.036664665,0.24510206,0.25078717,-0.13901837,0.123758614,-0.019193813,-0.12243091,-0.10374505,-0.01195991,-0.12677474,0.3025041
117,3017,-0.21170808,-0.7176322,-0.2680182,-0.61478937,0.50631964,-0.023169756,0.31048924,0.48767415,-0.16482513,0.28123266,-0.1733755,0.19611034,-0.13474074,0.32999605,-0.22150485,0.10428897
117,3023,0.6960042,0.21951728,-0.19279103,0.55408347,1.2427089,0.087254465,-1.3931675,0.051909372,-0.54195166,0.55665594,0.03433177,-0.4177862,0.066514984,-0.4722603,-0.29816645,-0.081234924
117,3027,-0.28806886,0.14730375,-0.32791704,-0.04779741,-0.049720623,-0.4785062,0.06120447,0.34302905,0.6111083,0.0864922,0.43460852,-0.75516176,0.6690875,0.28459656,0.7197499,-0.5490206
117,3031,0.19672684,0.05483985,-0.70136696,-0.21403468,-0.8491156,0.08788549,0.4326918,-0.3036919,0.41755122,0.08336212,0.2853667,-0.97224176,0.5595732,-0.650665,0.73249424,0.31534812
117,3036,0.057522893,-0.69394475,-0.04769498,-0.65181196,0.4118261,0.3249566,0.24200283,0.22225064,-0.17762436,0.33158892,-0.11979894,0.33440745,-0.22559308,0.032430544,-0.28742078,0.09058871
117,3040,0.2956826,0.47511613,0.5489925,0.0043690205,-0.4339389,0.4715436,-0.37950012,-0.54106075,0.30137864,-0.13707896,0.33558416,0.42318916,-0.15432175,-0.33961183,0.03827475,-0.6040977
117,3042,-0.2739522,0.25059915,0.4970408,0.7749188,-0.28410122,-0.3511969,0.12420998,-0.11839515,0.04064502,-0.31509295,-0.34613693,0.19701916,0.04188618,0.42442065,0.1248122,0.0059964955
117,3047,0.082318634,0.22902696,0.2920354,-0.65677464,-0.41872692,0.63134885,-0.0007582512,-0.44549283,0.36391678,-0.18476099,0.49120557,0.5078026,-0.3698005,-0.440857,-0.12590286,-0.4542031
117,3056,-0.30177766,-0.7677924,-0.35375124,-0.64439404,0.51977885,-0.11739184,0.38632113,0.5903106,-0.18300037,0.26034647,-0.20841925,0.16468453,-0.12922224,0.43394035,-0.20852524,0.15310064
117,3073,0.46404183,0.097203314,-0.67303383,-0.121469244,-0.88174534,0.34847045,0.37837672,-0.57649255,0.3978476,0.14679635,0.27372172,-1.0398868,0.5781798,-1.0844778,0.7944279,0.427021
117,3078,0.19822234,-0.75745034,0.17014468,-0.62569964,0.32831472,0.55648065,0.34518194,0.0047978014,-0.20929484,0.29999992,-0.19373716,0.5626059,-0.33957922,-0.11837692,-0.28355736,0.11469015
117,3091,0.18127544,0.09471305,-1.1471114,-0.07303627,-0.5845621,-0.4318158,0.3389163,-0.05331298,-1.0785701,-0.20443474,-0.5732936,-0.64954776,-0.46261138,-0.48071033,-0.58182037,2.0469487
117,3092,-0.4333093,-0.45432204,-0.34170675,-0.37441134,0.4354891,-0.3962651,0.27646044,0.66141915,0.060138196,0.1510722,-0.016657278,-0.1405963,0.1355779,0.5687931,0.08840416,-0.10300317
117,3110,0.18586423,0.09932402,-1.0400101,-0.11552784,-0.4901923,-0.35798216,0.26607123,-0.042108595,-0.92810744,-0.14831384,-0.45266205,-0.61954236,-0.39513445,-0.4881742,-0.4895206,1.7719388
117,3111,-0.023260152,-0.78770167,-0.118726596,-0.6297394,0.51197076,0.1941264,0.29308566,0.34612325,-0.2155277,0.35139102,-0.20875712,0.30848613,-0.19110034,0.17443667,-0.28012025,0.13478196
117,3147,-0.52995026,-0.3982296,-0.39163983,-0.24328801,0.4928272,-0.60159326,0.27952802,0.7990042,0.15731995,0.13503613,0.01964438,-0.32030156,0.32405162,0.7405123,0.27107644,-0.19908452
117,3161,0.40192646,0.14227103,-0.62192065,-0.12367004,-0.78093493,0.2939819,0.3122737,-0.49661514,0.45934844,0.14946386,0.3373012,-1.0270596,0.61290705,-0.9834533,0.8198148,0.25970235
117,3173,-0.45521656,-0.33544016,-0.33770716,-0.26296064,0.39688888,-0.49155807,0.23410039,0.6642642,0.16528887,0.12271464,0.058353454,-0.275353,0.26120484,0.6044067,0.22584979,-0.19611572
117,3175,0.18301338,-0.34584337,0.6555228,0.5461271,-0.19834498,0.25717574,0.43543845,-0.40361524,0.062168606,0.009127587,-0.44906008,0.37924382,0.13189141,-0.047041148,0.1995986,0.060491078
117,3181,0.7453975,0.08954729,0.040124618,0.4432843,0.9940736,0.27005643,-1.230228,-0.08682607,-0.41157836,0.5395161,0.05558271,-0.21991125,0.097418025,-0.45464587,-0.27445343,-0.18633407
117,3185,-0.31393522,0.7251652,0.12533663,-0.4104743,-0.5419487,0.15401083,-0.13836837,-0.2093914,0.2852494,-0.5488793,0.5649677,0.40791765,-0.45384008,-0.05307185,-0.293212,-0.37273628
117,3186,0.49481475,0.06353251,-0.7463942,-0.13566715,-1.0084299,0.3629151,0.46628642,-0.61940515,0.3903914,0.1431581,0.25269228,-1.101468,0.60207367,-1.1361727,0.8317236,0.53251165
117,3198,-0.08026662,-0.79533845,-0.16683106,-0.6258524,0.53966093,0.12272683,0.30589846,0.40339562,-0.21313234,0.34429651,-0.21936925,0.2830288,-0.17219347,0.23688953,-0.2670533,0.1336981
117,3200,-0.28806883,0.14730376,-0.32791704,-0.04779741,-0.049720623,-0.4785062,0.06120447,0.34302905,0.6111083,0.0864922,0.43460846,-0.75516176,0.6690875,0.28459656,0.7197499,-0.5490206
117,3212,-0.30584204,0.08336091,0.61701584,1.1104207,-0.24502832,-0.45869225,0.3277367,-0.0951944,-0.034731835,-0.31008106,-0.6368533,0.19039625,0.18207811,0.5694702,0.23187672,0.17809308
117,3224,0.091332704,0.20396231,0.2948026,-0.65481865,-0.40092006,0.63586396,0.005275974,-0.43975422,0.3493991,-0.17200674,0.47374886,0.51069295,-0.36918116,-0.4402209,-0.1288193,-0.44071665
117,3235,0.18127543,0.09471305,-1.1471113,-0.07303627,-0.5845622,-0.4318158,0.33891627,-0.05331298,-1.07857,-0.20443474,-0.57329357,-0.64954776,-0.46261138,-0.48071033,-0.58182037,2.0469487
117,3236,0.2121491,0.07913943,0.2955044,-0.5292556,-0.19404262,0.62957203,-0.096621,-0.39441496,0.21758798,-0.037990708,0.3536005,0.45312768,-0.31234166,-0.44675553,-0.15000872,-0.36736986
117,3237,-0.46839562,-0.36490685,-0.35906166,-0.29460835,0.42734703,-0.49039263,0.2475418,0.69904983,0.145589,0.1321225,0.047789082,-0.2637962,0.2547503,0.61847067,0.2110203,-0.18801495
117,3238,-0.2117081,-0.71763223,-0.2680182,-0.61478937,0.50631964,-0.023169756,0.31048924,0.48767415,-0.16482513,0.28123266,-0.17337553,0.19611034,-0.13474074,0.32999605,-0.22150485,0.10428899
117,3246,-0.49758905,-0.36652339,-0.36621106,-0.2441475,0.45108405,-0.55871725,0.25745144,0.7400106,0.16514283,0.12914646,0.038272068,-0.30639815,0.30289876,0.68386537,0.25784457,-0.20198935
117,3249,0.14535473,0.065206684,-0.6891548,-0.21343032,-0.79818845,0.030513719,0.41337886,-0.23685461,0.45434505,0.08276363,0.31500852,-0.97777545,0.5897894,-0.56233585,0.7570408,0.2270656
117,3258,-0.28142676,0.02983427,0.62519294,1.076083,-0.23706284,-0.40693486,0.37023172,-0.11477533,-0.030039802,-0.28890866,-0.64322853,0.21066839,0.18288927,0.5327855,0.23216422,0.18761489
117,3300,0.24085084,-0.55670094,0.21704671,-0.53997314,0.24381992,0.56351185,0.18461388,-0.09878419,-0.11956002,0.2546766,-0.07574324,0.49317536,-0.29882467,-0.2188865,-0.24791937,-0.00082410127
117,3304,0.023501113,-0.73326224,-0.07734305,-0.6184561,0.48099145,0.2476249,0.24616875,0.28820947,-0.19479497,0.35050964,-0.16295587,0.30672777,-0.18748017,0.106805995,-0.27829158,0.0957301
117,3309,-0.23306128,-0.17054765,-0.6002604,-0.4836355,-0.18356791,-0.1976989,0.33088675,0.27822822,-0.057629958,0.0058838204,0.05118881,-0.32130396,-0.0042447746,0.06335786,-0.005392909,0.35893744
117,3311,0.2282988,0.5329141,0.53179365,-0.030212164,-0.46261728,0.4420755,-0.35912177,-0.5249045,0.3186928,-0.19871195,0.3672089,0.44551048,-0.19046202,-0.30463076,0.015919194,-0.61382717
117,3331,0.21048729,-0.38375306,0.7280923,0.6329963,-0.21299556,0.28824633,0.49837384,-0.44076386,0.05806143,0.0026366115,-0.51588386,0.4228432,0.16854323,-0.04707768,0.23969345,0.07398706
117,3338,-0.17806187,-0.15053993,0.66778576,1.1073427,-0.1938481,-0.31578624,0.4610808,-0.15906423,-0.055367947,-0.19577731,-0.7349428,0.22125426,0.23960184,0.46308947,0.26925552,0.24914649
117,3348,0.013280716,-0.6981074,-0.07318249,-0.5963048,0.44849452,0.22946927,0.23632388,0.26871613,-0.17623903,0.3312405,-0.15090875,0.2938587,-0.18822598,0.10332398,-0.2685838,0.08889311
117,3350,0.2956826,0.47511613,0.5489925,0.0043690503,-0.43393892,0.4715436,-0.37950012,-0.54106075,0.3013786,-0.13707896,0.3355842,0.42318916,-0.15432175,-0.33961183,0.038274765,-0.6040977
117,3361,0.015077274,-0.4323771,-0.077530414,-0.81257224,0.12706213,0.44283414,0.1985898,0.083140045,-0.021009147,0.18044218,0.13131124,0.34685272,-0.30353662,-0.12870638,-0.27036226,-0.013074562
117,3376,0.5191913,0.055085197,-0.68162006,-0.10711275,-0.9385537,0.40002215,0.41390163,-0.6484642,0.3344806,0.14581755,0.21127225,-1.0136868,0.52455986,-1.1594715,0.744626,0.5564301
117,3386,-0.008889522,-0.74762297,-0.10319926,-0.6223215,0.4853942,0.21176755,0.2670439,0.31551582,-0.19696064,0.34318876,-0.17880239,0.3016794,-0.18922977,0.14257441,-0.27575922,0.11197022
117,3387,0.10270813,0.15867445,-0.31330556,-0.097559035,-0.1603252,0.021150693,0.039495267,-0.054912023,0.56294394,0.18855736,0.46288556,-0.77097964,0.6432238,-0.37302685,0.7399987,-0.3970928
117,3399,0.69600415,0.21951728,-0.19279103,0.55408347,1.2427089,0.08725447,-1.3931675,0.051909372,-0.5419516,0.55665594,0.034331776,-0.41778627,0.066514984,-0.4722603,-0.29816645,-0.081234924
117,3400,0.043811478,-0.5801458,-0.056438908,-0.75008035,0.25717816,0.41326416,0.24323814,0.137889,-0.10949616,0.25797307,-0.00024166703,0.3675601,-0.29045773,-0.06099505,-0.28800458,0.058221214
117,3413,-0.15432046,-0.6666204,-0.22019355,-0.6105486,0.4838377,0.045515038,0.25468406,0.4213387,-0.143075,0.29122284,-0.1273884,0.20476712,-0.13257778,0.2503416,-0.22362421,0.058102988
117,3429,-0.6895252,1.2825726,-0.10825308,0.07149467,-0.44727775,-0.58784,-0.4278999,0.18630454,-0.15942268,-0.90433097,0.38474464,0.23565438,-0.6744199,0.4920931,-0.6599685,0.015279211
117,3435,-0.27395222,0.25059915,0.49704075,0.7749188,-0.28410122,-0.3511969,0.12420998,-0.11839515,0.04064502,-0.31509295,-0.34613693,0.19701916,0.04188618,0.42442065,0.12481223,0.005996503
117,3443,-0.028844235,0.7774928,0.41415757,-0.04956162,-0.5152086,0.22695026,-0.36940795,-0.38130915,0.28766078,-0.41826922,0.44766843,0.44031566,-0.31118885,-0.11683687,-0.113690406,-0.56258523
117,3470,-0.4521452,-0.4611495,-0.36674476,-0.3864146,0.4469007,-0.41563892,0.2878435,0.69353116,0.06244562,0.1519271,-0.01311174,-0.15824085,0.1516722,0.5909199,0.10179515,-0.10600104
117,3477,-0.6063764,1.0402256,-0.07666694,-0.2798381,-0.57272863,-0.22896732,-0.24155462,0.039405063,0.16000739,-0.7736384,0.6073867,0.26773965,-0.5390302,0.234576,-0.45631546,-0.21991703
117,3478,0.11800746,0.65098184,0.4937315,-0.04931307,-0.4959916,0.3640229,-0.36653167,-0.4745993,0.32591745,-0.3001464,0.4193865,0.4563964,-0.24240178,-0.23167057,-0.02980443,-0.6196365
117,3482,0.058039844,-0.71053195,-0.047524676,-0.6653131,0.4090937,0.3375734,0.26133406,0.22092134,-0.18637942,0.3306987,-0.12805904,0.35074672,-0.24034822,0.031993955,-0.29286987,0.104947306
117,3497,0.21303959,0.5768635,0.5401125,-0.033139586,-0.48376733,0.4410987,-0.368367,-0.530032,0.33043954,-0.22901122,0.3879354,0.46323434,-0.20270693,-0.2979415,0.0122849345,-0.6369276
117,3498,0.2859197,0.49786335,0.55253077,0.0010115802,-0.44514784,0.47073007,-0.38245237,-0.5431297,0.30793047,-0.15383732,0.34672886,0.4329075,-0.16142799,-0.3355162,0.035656795,-0.6156586
117,3507,-0.01813811,-0.35264522,-0.06054437,-0.7648169,0.03325914,0.40329486,0.20150666,0.025485858,0.02280049,0.11418244,0.15102991,0.33867973,-0.31927842,-0.1339713,-0.24409056,-0.023819156
117,3519,-0.63657844,1.0634662,-0.10991059,-0.22518356,-0.54364693,-0.31102222,-0.26410633,0.098493814,0.10994151,-0.7835956,0.57948315,0.22553319,-0.54581404,0.2894668,-0.48120958,-0.16624692
117,3523,0.2956826,0.47511613,0.5489925,0.0043690205,-0.43393892,0.4715436,-0.37950012,-0.54106075,0.30137864,-0.13707896,0.3355842,0.42318916,-0.15432175,-0.33961183,0.038274765,-0.6040977
117,3537,0.69514424,0.21059678,-0.17644389,0.54624856,1.217635,0.09503944,-1.3782707,0.04215087,-0.53065664,0.55201256,0.035015687,-0.40384534,0.06592138,-0.4654714,-0.29594606,-0.08486551
117,3538,-0.28915495,-0.22765027,-0.5808351,-0.50179076,-0.08032772,-0.23144715,0.33880237,0.37208685,-0.009277865,0.034827888,0.065265715,-0.30683774,0.044428065,0.1633466,0.03923647,0.24676329
117,3539,-0.7600373,1.3249139,-0.26705396,0.19200379,-0.2991404,-0.8301535,-0.5289782,0.36865762,-0.34282005,-0.92906624,0.2841649,0.106333636,-0.73206437,0.6244785,-0.7840283,0.23537359
117,3540,0.1610809,-0.25358444,0.66082186,0.5579916,-0.2291712,0.23115999,0.3788163,-0.40322572,0.07646592,-0.032542024,-0.410963,0.38453242,0.116953686,-0.025365338,0.19792579,0.016095892
117,3543,-0.013217049,-0.3158862,0.6756308,1.0044783,-0.15321416,-0.14160721,0.47787592,-0.2338348,-0.054565787,-0.06602983,-0.7272455,0.23365797,0.25912684,0.30074257,0.2778629,0.2491341
117,3548,-0.43830314,-0.45289123,-0.33141106,-0.3407203,0.4578561,-0.42143804,0.27011362,0.6741071,0.06768183,0.15400343,-0.02273357,-0.15358716,0.1580124,0.59220713,0.10741101,-0.11732651
117,3550,-0.088825636,-0.7860983,-0.17517532,-0.6298219,0.534008,0.11638239,0.3042399,0.40778777,-0.20716436,0.3395669,-0.21069513,0.27615777,-0.16949664,0.23930775,-0.26387072,0.12862495
117,3551,-0.10376301,0.7630163,0.2682399,-0.16135466,-0.46596813,0.17607449,-0.38505602,-0.26397407,0.28273004,-0.4056276,0.5368122,0.33505636,-0.32311523,-0.108904704,-0.18058684,-0.5008629
117,3552,-0.23499206,-0.06494227,0.65603596,1.1041641,-0.21800978,-0.36151636,0.43270078,-0.13881713,-0.043081075,-0.24863397,-0.7007615,0.2241165,0.2146888,0.50386435,0.25481665,0.22375363
117,3574,0.17645387,0.089628264,-1.157279,-0.09841943,-0.60200495,-0.41814768,0.3539162,-0.051437557,-1.0540409,-0.20087655,-0.5526669,-0.6581627,-0.4461584,-0.48601377,-0.5594183,2.0233142
117,3596,0.49402463,0.0054488927,0.58872855,0.79496217,-0.025410645,0.17150383,-0.4174749,-0.37985152,-0.06907417,0.1562187,-0.31396312,0.17588301,0.17181359,-0.09873852,0.17520489,-0.17658558
117,3606,-0.44424173,-0.35189885,-0.29169816,-0.20165926,0.46907774,-0.5089518,0.20881929,0.6759795,0.15470514,0.14247552,0.028782219,-0.2595696,0.27923268,0.6309235,0.22771023,-0.2200033
117,3613,-0.24689469,-0.75932056,-0.2965858,-0.61348534,0.5316794,-0.069188,0.3477348,0.53427804,-0.18432187,0.27910125,-0.21111454,0.19366223,-0.13527673,0.3859542,-0.22118646,0.13645318
117,3615,-0.31149042,0.24084316,0.5554914,0.9485644,-0.2878787,-0.4299075,0.18160997,-0.10237964,0.012423873,-0.3470114,-0.4591642,0.19647035,0.096409574,0.5153474,0.17214294,0.058821492
117,3620,0.6955935,0.22481997,-0.19108574,0.5328368,1.2407168,0.10400324,-1.3829808,0.04833828,-0.5281451,0.55746204,0.050328366,-0.41442737,0.07362293,-0.4883399,-0.29886013,-0.1003273
117,3641,0.061906226,-0.10208297,0.6338651,0.58790326,-0.26158264,0.11764797,0.3060101,-0.35334617,0.08501668,-0.11560957,-0.36752403,0.36208937,0.08735834,0.06644471,0.17987882,-0.01698491
117,3647,-0.3766974,0.9473485,0.0971936,-0.21986027,-0.5184865,-0.047458574,-0.33679563,-0.09861333,0.23204038,-0.6099628,0.5972732,0.3022149,-0.44531012,0.07911883,-0.32483202,-0.38069758
117,3655,-0.23306128,-0.17054765,-0.6002604,-0.4836355,-0.18356791,-0.19769888,0.33088678,0.2782282,-0.057629943,0.0058838166,0.05118881,-0.32130396,-0.0042447746,0.06335786,-0.005392909,0.35893744
117,3676,0.22333051,-0.396675,0.74685746,0.66286993,-0.21400121,0.29344717,0.5084639,-0.44987833,0.054045394,0.006585326,-0.53705335,0.42831224,0.18249609,-0.04684362,0.25286537,0.079237975
117,3681,0.1790801,-0.32432264,0.65713847,0.55430424,-0.20468208,0.24794629,0.4194206,-0.40267432,0.06398641,0.000727728,-0.44266284,0.37772867,0.13066314,-0.040040873,0.2007684,0.051136173
117,3697,-0.31163338,-0.24736905,-0.49923074,-0.5275072,-0.028592974,-0.19598971,0.3149703,0.38672063,0.09204379,0.06116166,0.12750494,-0.26110145,0.08041258,0.20063294,0.08958195,0.068760596
117,3706,0.5956725,0.1905818,0.49220312,0.8946552,0.0982614,0.07407265,-0.8428687,-0.31626874,-0.1463343,0.20961393,-0.24170692,0.050373405,0.15935911,-0.09421302,0.13938089,-0.25100753
117,3714,-0.23731408,-0.7575393,-0.28938395,-0.61370397,0.5348542,-0.05806257,0.34029275,0.52709365,-0.18399899,0.2837237,-0.20787914,0.1976321,-0.13484406,0.376032,-0.2231811,0.13082242
117,3724,0.17729278,0.21721835,0.39593154,-0.54376197,-0.4193948,0.6908565,-0.02391231,-0.52119005,0.36025882,-0.15435408,0.43642843,0.55407405,-0.32985818,-0.4839086,-0.09224472,-0.49256465
117,3726,0.08243985,-0.3903649,0.7270342,0.8930366,-0.1740965,0.045749396,0.5461887,-0.32844913,-0.016305938,-0.03560264,-0.69006944,0.33024287,0.24234994,0.16367744,0.27924997,0.20576912
117,3732,0.4734629,-0.015301779,0.59091294,0.7599088,-0.04304494,0.18412207,-0.36219412,-0.38440603,-0.054894283,0.14824934,-0.3103928,0.18947968,0.16562425,-0.101638615,0.17265637,-0.16939165
117,3747,0.09792667,-0.39290577,0.6651987,0.8088498,-0.14959212,0.047192954,0.4852529,-0.30937454,-0.016919449,0.0027329698,-0.63602555,0.28597006,0.22063737,0.1335543,0.25002497,0.1965495
117,3750,0.0523782,-0.68610805,-0.047110632,-0.6983079,0.35141107,0.37096727,0.27957907,0.18727568,-0.17078419,0.30507854,-0.10143976,0.37485433,-0.2760427,0.003029257,-0.29517186,0.11054758
117,3761,0.18586423,0.09932403,-1.04001,-0.11552784,-0.4901923,-0.35798216,0.2660712,-0.04210858,-0.9281073,-0.14831382,-0.45266205,-0.6195424,-0.39513445,-0.48817426,-0.48952067,1.7719388
117,3767,0.08014868,0.27401358,0.29926625,-0.6284883,-0.44131523,0.61855817,-0.026330112,-0.45846397,0.3862621,-0.19636731,0.51203984,0.49521175,-0.35521507,-0.4411658,-0.11743804,-0.4804371
117,3769,0.057961307,-0.67697155,-0.04682143,-0.7155654,0.34236723,0.3907314,0.27482644,0.17973888,-0.16504686,0.30325606,-0.0848086,0.38043022,-0.28067586,-0.012487933,-0.2977952,0.10242658
117,3774,-0.7826562,1.3430748,-0.32940757,0.25438693,-0.2318536,-0.93242943,-0.580386,0.4438779,-0.4208867,-0.93699485,0.23694432,0.052090123,-0.75325257,0.6792677,-0.830142,0.32611787
117,3780,-0.36601153,0.17402266,-0.32109988,0.096491694,0.18911052,-0.65345705,-0.010524351,0.53049314,0.6673372,0.122963145,0.454126,-0.8679099,0.85476965,0.45837945,0.85913193,-0.72178876
117,3792,-0.4704068,1.0959543,0.08985863,-0.009123564,-0.48666683,-0.27419078,-0.3826769,-0.027558997,0.04090418,-0.7343016,0.43424982,0.3248919,-0.5414941,0.26907468,-0.44750804,-0.23020068
117,3804,0.17645384,0.08962825,-1.1572791,-0.09841944,-0.60200495,-0.41814768,0.3539162,-0.051437557,-1.054041,-0.20087655,-0.55266684,-0.6581628,-0.44615844,-0.4860137,-0.5594183,2.0233142
117,3821,0.037630565,-0.081955165,-0.7283535,-0.32432616,-0.20995592,-0.17781405,0.23370336,0.09705654,-0.50033474,-0.0073962323,-0.1975693,-0.37653607,-0.23131563,-0.2682506,-0.2866881,0.9815853
117,3824,0.06930278,0.6232805,0.3607118,-0.122324094,-0.42297482,0.30512896,-0.40278342,-0.35998434,0.29453617,-0.26505646,0.47555,0.34451392,-0.2483549,-0.22321033,-0.09930843,-0.54321545
117,3830,-0.4948753,-0.38330412,-0.34205633,-0.20660143,0.51018655,-0.57538503,0.24290355,0.76047564,0.15590589,0.1456338,0.017227113,-0.29893732,0.32044363,0.7094981,0.2616591,-0.21993664
117,3835,-0.2664941,-0.5653192,-0.32872373,-0.61148995,0.36673948,-0.074914694,0.2970953,0.47281864,-0.07421042,0.2095037,-0.061435893,0.07548465,-0.08601453,0.29927868,-0.13446453,0.051722027
117,3844,0.18881218,-0.36322147,0.6646962,0.5576614,-0.1960949,0.26357108,0.45194623,-0.40810835,0.059364498,0.013428271,-0.46410334,0.3840995,0.13917302,-0.048749372,0.20543553,0.06892168
117,3855,-0.2591541,1.0355204,-0.18553723,0.59250987,0.047778398,-0.7489921,-0.9376668,0.29734802,-0.49087667,-0.51096404,0.019455537,-0.07027226,-0.49008906,0.46325767,-0.587255,0.24285486
117,3856,0.51708597,0.05449184,-0.68277854,-0.11059746,-0.93724895,0.4000719,0.41384852,-0.64587545,0.3337834,0.14565733,0.21180755,-1.0120345,0.5227619,-1.1578789,0.74259126,0.55579495
117,3861,0.053251088,-0.6250744,-0.04627815,-0.7214433,0.29791978,0.39866126,0.25560778,0.15317494,-0.1364462,0.2805684,-0.04470913,0.37174365,-0.2843187,-0.03768567,-0.29138517,0.08027268
117,3862,0.050214827,-0.72228384,-0.06409265,-0.64348614,0.47152057,0.29534703,0.23272334,0.26754564,-0.1911804,0.35642892,-0.1383714,0.31830484,-0.19391862,0.066963375,-0.28554994,0.08193945
117,3874,-0.3139352,0.7251652,0.12533663,-0.4104743,-0.5419487,0.15401083,-0.13836837,-0.2093914,0.2852494,-0.5488793,0.5649677,0.40791765,-0.45384008,-0.05307185,-0.293212,-0.37273628
117,3875,0.19410923,0.10366975,-1.1278417,-0.039153308,-0.5449554,-0.45372504,0.3073658,-0.05059056,-1.109142,-0.20141958,-0.593113,-0.64199376,-0.48188865,-0.47492272,-0.6062914,2.0631301
117,3881,0.22202374,-0.404697,0.74240625,0.66585207,-0.20843425,0.2871384,0.5104006,-0.44478846,0.05012411,0.011428926,-0.5428603,0.4215138,0.18509729,-0.0432731,0.2526371,0.086863466
117,3898,0.6093484,0.06828103,-0.08766192,0.2984461,1.0211849,0.21629469,-1.0590267,0.005394727,-0.42458767,0.4932996,0.03454051,-0.21280861,0.006934926,-0.44333076,-0.29004347,-0.104366064
117,3903,-0.10347968,-0.73362654,-0.18416892,-0.6179316,0.51971924,0.097779065,0.27291787,0.40562704,-0.18055828,0.32623234,-0.17251845,0.2482768,-0.15025747,0.23290525,-0.24764132,0.090211056
117,3905,0.08476404,0.2845688,0.30628568,-0.60396504,-0.44393072,0.6107546,-0.03789502,-0.46363503,0.38990828,-0.19465707,0.50945264,0.48879272,-0.34451377,-0.43897194,-0.11273651,-0.4870429
117,3908,-0.052521683,-0.2913924,0.7038581,1.089122,-0.16581947,-0.19265206,0.5027575,-0.22131145,-0.06310262,-0.103370234,-0.7720297,0.24012113,0.27637523,0.35871148,0.29617697,0.26588902
117,3911,0.14682847,0.21629412,0.3973599,-0.5116141,-0.41703114,0.6528564,-0.0035265815,-0.50815517,0.34157655,-0.1772061,0.4025336,0.5664899,-0.33657894,-0.44026107,-0.10119525,-0.47078136
117,3929,-0.31149042,0.24084316,0.5554913,0.9485644,-0.2878787,-0.4299075,0.18160997,-0.10237964,0.012423873,-0.3470114,-0.4591642,0.19647035,0.096409574,0.5153474,0.17214294,0.058821492
117,3933,0.06645246,-0.3547927,0.718801,0.99893963,-0.16194439,-0.053796425,0.48223516,-0.2901159,-0.04501055,-0.034158718,-0.7283998,0.26789767,0.2746759,0.2325735,0.29935145,0.22487763
117,3947,0.056265242,-0.72486603,-0.05499652,-0.7174748,0.38534006,0.37910196,0.29385495,0.21205619,-0.19055177,0.32282534,-0.11966218,0.38582814,-0.2752357,0.014934212,-0.30376294,0.12203059
117,3962,-0.32372576,0.14988641,-0.23894309,0.111495584,0.2303603,-0.58942205,-0.042915512,0.47524175,0.60772294,0.12897818,0.40893626,-0.7581228,0.7659575,0.4192446,0.76254696,-0.68853575
117,3970,-0.63329285,1.0552857,-0.1042296,-0.24577403,-0.5542975,-0.28883094,-0.2527487,0.0829359,0.12566622,-0.7828202,0.5889909,0.23691046,-0.5437796,0.2760625,-0.47607952,-0.18080789
117,3973,-0.7826561,1.3430748,-0.32940757,0.25438693,-0.23185359,-0.9324293,-0.580386,0.44387797,-0.4208867,-0.93699485,0.23694432,0.052090123,-0.75325257,0.6792677,-0.830142,0.32611787
117,3975,0.24765673,0.032129623,0.27719617,-0.45844,-0.09849723,0.5927874,-0.1473926,-0.36042455,0.15686278,0.019431256,0.29856598,0.4035134,-0.2827146,-0.43087995,-0.15994757,-0.32442218
117,3976,0.2031939,-0.3022679,0.6886568,0.58950245,-0.21869652,0.26396692,0.39877674,-0.4251141,0.06740083,-0.0052177124,-0.44537097,0.39350966,0.14117755,-0.048245616,0.21644126,0.027808614
117,4001,0.593529,0.17065617,0.50944805,0.90680003,0.090529785,0.08252103,-0.8052469,-0.3246513,-0.14398552,0.20578378,-0.26075673,0.06382906,0.16726278,-0.09261323,0.14908497,-0.24067643
117,4006,0.014003343,-0.17916949,0.70727926,0.805686,-0.24760105,0.029654771,0.43876246,-0.32950872,0.03868866,-0.13894348,-0.54523736,0.36607096,0.16437896,0.17682339,0.23895164,0.08805632
117,4007,-0.4365408,0.856951,0.039537743,-0.36698192,-0.5638005,0.0020068586,-0.17485195,-0.11294625,0.237608,-0.6458318,0.58604676,0.35538822,-0.49207342,0.061325192,-0.3618445,-0.30990466
117,4012,-0.10634121,0.09256402,-0.24194913,-0.09489909,0.1435358,-0.19639505,-0.025725875,0.24417678,0.49980283,0.18548574,0.41495693,-0.6235587,0.6099194,0.022173062,0.61888,-0.5420175
117,4014,-0.07703061,0.73047024,0.2802326,-0.16135736,-0.45518017,0.19729304,-0.38141677,-0.2783495,0.28543288,-0.37830174,0.52480483,0.33504644,-0.31109864,-0.12802212,-0.16761085,-0.5043005
117,4022,0.35289156,0.16507359,-0.54527414,-0.12100163,-0.67789686,0.2551865,0.24558036,-0.4335035,0.49941003,0.15428238,0.38176954,-0.9748504,0.6154354,-0.8844442,0.81026137,0.10776108
117,4032,-0.5438858,1.0596402,-0.017868355,-0.22304404,-0.5456062,-0.20601042,-0.31354696,0.017730832,0.17097753,-0.73702645,0.6106935,0.27008805,-0.51570433,0.20930411,-0.4222389,-0.2769502
117,4043,-0.17851849,0.85714805,0.31203765,-0.0603835,-0.5073854,0.078727126,-0.34805027,-0.27135396,0.22779644,-0.51387274,0.4494657,0.4088372,-0.38115302,0.0025233477,-0.21079393,-0.46548152
117,4059,0.17506988,0.19515158,-0.33204204,-0.12712955,-0.33739084,0.118574396,0.070958644,-0.20121287,0.5802668,0.16401966,0.48017806,-0.7900133,0.6009279,-0.53610146,0.7441487,-0.3108744
117,4061,0.7144548,0.23449342,-0.21553506,0.5816791,1.3027519,0.07992998,-1.4411738,0.06694831,-0.5692284,0.5750456,0.032028615,-0.4450194,0.07660754,-0.48852605,-0.30421126,-0.08008816
117,4066,-0.14722805,-0.101331055,-0.6952774,-0.42912143,-0.3135988,-0.20750587,0.33581942,0.17726249,-0.22021033,-0.042195726,-0.036320075,-0.3786257,-0.0943643,-0.07008085,-0.10674994,0.65500385
117,4079,0.007868934,-0.4250449,-0.07498275,-0.8086437,0.1118536,0.43830413,0.20609975,0.07411277,-0.016305238,0.16828178,0.1303235,0.35197288,-0.31034154,-0.12738898,-0.2670002,-0.0112844035
117,4087,-0.45642668,1.101095,0.10559611,-0.008663535,-0.49531356,-0.25563037,-0.3884822,-0.043594584,0.051472686,-0.73269683,0.44068247,0.33542553,-0.53759396,0.25621122,-0.43715346,-0.24940744
117,4090,0.34805784,0.049409173,0.25374314,-0.32037455,0.079291776,0.57001585,-0.33901775,-0.33043805,0.06685595,0.10231486,0.2705286,0.32119,-0.22360301,-0.45199424,-0.18101206,-0.3197825
117,4097,-0.10468703,-0.27417743,-0.4385715,-0.50442594,0.03644985,-0.02525954,0.22798999,0.21927169,-0.1268691,0.11361246,0.00053323805,-0.13385975,-0.104018226,-0.043565452,-0.12146343,0.29677513
117,4103,0.1534013,0.24427004,0.36854243,-0.55655444,-0.4259333,0.6656873,-0.039473705,-0.50304866,0.37150702,-0.16272287,0.46491092,0.52658266,-0.32919264,-0.47322637,-0.09730932,-0.49519703
117,4117,-0.0151933655,-0.007365398,-0.9036651,-0.30445138,-0.45176342,-0.2993831,0.3395876,0.084329784,-0.5590943,-0.1126246,-0.23472731,-0.5125766,-0.23596835,-0.24735945,-0.28787056,1.2196624
117,4125,-0.10633661,0.111173674,-0.46933776,-0.16993628,-0.4092061,-0.2365378,0.22505058,0.08535591,0.585533,0.0848169,0.42690903,-0.8366404,0.6346148,-0.07414277,0.74960786,-0.27559736
117,4127,0.62614274,0.079875976,-0.098520115,0.32215706,1.0571158,0.21047954,-1.0984249,0.01265502,-0.4429531,0.50481755,0.03186831,-0.23009697,0.012771651,-0.4514951,-0.29456294,-0.10224414
117,4138,0.17338905,0.21480097,0.3879453,-0.53924847,-0.41332847,0.6789142,-0.027533006,-0.5128233,0.35700125,-0.14972192,0.4346112,0.54210895,-0.3266573,-0.47756416,-0.09351662,-0.4860245
117,4140,0.32412395,-0.419841,0.15666524,-0.35065582,0.4134036,0.4907574,-0.08712488,-0.08123605,-0.1830803,0.30855086,-0.049972817,0.33787093,-0.22509772,-0.27167842,-0.25417167,-0.029799938
117,4161,-0.23499206,-0.06494227,0.6560359,1.1041641,-0.21800978,-0.36151636,0.43270078,-0.13881713,-0.04308106,-0.24863397,-0.7007615,0.2241165,0.2146888,0.50386435,0.2548167,0.22375363
117,4164,0.097926676,-0.39290577,0.6651987,0.8088498,-0.14959212,0.047192954,0.4852529,-0.30937454,-0.016919449,0.0027329698,-0.63602555,0.28597006,0.22063737,0.1335543,0.25002497,0.1965495
117,4177,-0.4693691,0.89186674,0.014965706,-0.35234228,-0.56774175,-0.041965336,-0.18645415,-0.08504131,0.22313547,-0.6703009,0.59032255,0.33799666,-0.5012059,0.09335169,-0.3806916,-0.29076684
117,4187,-0.2661808,0.0025148802,0.6138241,1.034706,-0.22795059,-0.37848938,0.3789106,-0.12055337,-0.027098283,-0.27020758,-0.6313472,0.21242064,0.1759869,0.50537306,0.22353257,0.18935812
117,4188,0.18586424,0.09932402,-1.04001,-0.11552785,-0.4901923,-0.35798216,0.26607123,-0.042108595,-0.92810744,-0.14831382,-0.452662,-0.6195424,-0.39513445,-0.48817426,-0.4895206,1.7719388
117,4193,-0.087674215,-0.7586887,-0.16918062,-0.6206114,0.5137912,0.116461135,0.29048288,0.39107892,-0.19349681,0.33024332,-0.1943448,0.26852486,-0.16812795,0.22657765,-0.2587707,0.116655
117,4203,0.19410923,0.10366973,-1.1278417,-0.039153308,-0.5449554,-0.45372504,0.3073658,-0.05059056,-1.1091421,-0.20141958,-0.593113,-0.64199376,-0.48188865,-0.47492272,-0.6062914,2.0631301
117,4209,-0.4267073,-0.4337569,-0.3445515,-0.3888952,0.404766,-0.3790148,0.27158996,0.6408838,0.0686558,0.14322475,0.0018557161,-0.14316326,0.12790816,0.54283434,0.086587325,-0.10420399
117,4213,0.08027266,0.048094764,-1.0166452,-0.21226522,-0.53037727,-0.34602797,0.33700386,0.011513472,-0.7773048,-0.15245037,-0.36871147,-0.58397484,-0.3301659,-0.37034547,-0.40757477,1.5771925
117,4218,0.34179875,-0.13233091,0.6348435,0.66869485,-0.1404087,0.21997254,-0.0133797275,-0.40733683,0.011490539,0.068061456,-0.35853517,0.28678203,0.14636649,-0.07820685,0.19486637,-0.09068047
117,4228,0.058354348,-0.76198125,-0.057525337,-0.7030922,0.4322919,0.3598022,0.29812887,0.24192804,-0.21177687,0.3436868,-0.15102865,0.38082469,-0.25817463,0.04207158,-0.30617642,0.1310158
117,4231,-0.10633661,0.111173674,-0.46933776,-0.16993628,-0.40920612,-0.2365378,0.22505058,0.08535591,0.585533,0.0848169,0.42690897,-0.8366404,0.6346148,-0.07414277,0.74960786,-0.27559736
117,4237,0.17073011,0.08004537,-0.9679101,-0.14906912,-0.40816122,-0.31468046,0.22921355,-0.012403905,-0.8342505,-0.10774499,-0.38289088,-0.5824084,-0.34475005,-0.46011013,-0.43615073,1.5825627
117,4253,0.0309109,0.08286613,-0.58281195,-0.23095906,-0.63351774,-0.066353306,0.3270433,-0.10000695,0.5093483,0.08050942,0.3747668,-0.88199997,0.57663566,-0.35060146,0.7247757,-0.004504822
117,4257,-0.2661808,0.0025148802,0.6138241,1.034706,-0.22795059,-0.37848938,0.3789106,-0.12055337,-0.027098283,-0.27020758,-0.6313472,0.21242064,0.1759869,0.50537306,0.22353257,0.18935812
117,4259,0.34278843,0.42281872,0.5409788,0.01025337,-0.40355816,0.48891312,-0.3967675,-0.5419947,0.28863877,-0.082030565,0.32088226,0.38867775,-0.1285721,-0.3700719,0.04689215,-0.58795094
117,4264,-0.17844212,0.005371943,-0.11567365,-0.04952039,0.37111682,-0.27069628,-0.09291826,0.35450915,0.36316717,0.1889985,0.3017087,-0.4082854,0.46540004,0.22033794,0.41193455,-0.5404079
117,4265,-0.10347968,-0.73362654,-0.18416892,-0.6179316,0.51971924,0.097779065,0.27291787,0.40562704,-0.18055828,0.32623234,-0.17251845,0.2482768,-0.15025747,0.23290525,-0.24764132,0.090211056
117,4305,0.114664964,0.066421695,-0.6410317,-0.22325578,-0.7459637,0.012737513,0.3829568,-0.20338434,0.46910512,0.082751855,0.33284453,-0.9287555,0.5717642,-0.4998353,0.734278,0.15096343
117,4311,0.21890984,0.53823996,0.4511155,-0.06524524,-0.41048083,0.41055512,-0.42762366,-0.45352963,0.30093187,-0.16631714,0.42155117,0.36115873,-0.18701953,-0.31301874,-0.026761033,-0.583865
117,4325,-0.41074604,-0.3251617,-0.2596891,-0.17133228,0.5298176,-0.4849568,0.15176038,0.6712992,0.16101313,0.16929384,0.051724695,-0.26618603,0.3162555,0.6007537,0.24266605,-0.28120854
117,4331,0.19410923,0.10366973,-1.1278417,-0.039153293,-0.5449554,-0.45372504,0.3073658,-0.05059056,-1.1091421,-0.20141958,-0.593113,-0.64199376,-0.48188865,-0.47492272,-0.6062914,2.0631301
117,4334,0.34805784,0.049409173,0.25374314,-0.32037455,0.079291776,0.57001585,-0.33901775,-0.33043805,0.06685595,0.10231486,0.2705286,0.32119,-0.22360301,-0.45199424,-0.18101206,-0.3197825
117,4345,0.009808763,-0.26280063,0.6939138,0.8309525,-0.20995912,0.007893831,0.49224308,-0.3060329,0.012447417,-0.10517079,-0.6041718,0.33934048,0.18762039,0.19328852,0.24321021,0.15128082
117,4347,-0.28969544,-0.6852383,-0.34024918,-0.6246436,0.47628358,-0.10598932,0.34218654,0.5523753,-0.14277981,0.24286348,-0.14852737,0.12887345,-0.10669676,0.38789994,-0.17999338,0.10296727
117,4349,-0.6220982,1.0936639,-0.08264519,-0.22071664,-0.54991746,-0.2890613,-0.29467276,0.08108619,0.13219206,-0.7873383,0.6043251,0.24226697,-0.54272044,0.27405328,-0.46879047,-0.21051452
