window_id,vehicle_id,z_0,z_1,z_2,z_3,z_4,z_5,z_6,z_7,z_8,z_9,z_10,z_11,z_12,z_13,z_14,z_15
116,2539,-0.86418796,0.38208076,-0.3365994,-0.54915726,0.8293126,-0.07464001,0.2730188,-0.74197495,0.346667,1.0874654,-0.32091647,0.49225986,0.42533496,-0.20498969,-0.35192996,-0.036308922
116,3689,-0.8641881,0.38208076,-0.3365994,-0.54915726,0.8293125,-0.07463998,0.27301878,-0.741975,0.346667,1.0874654,-0.3209164,0.49225992,0.425335,-0.2049897,-0.3519299,-0.036308922
116,2436,-0.864188,0.38208076,-0.3365994,-0.5491573,0.8293125,-0.07464,0.27301878,-0.7419749,0.34666696,1.0874653,-0.32091635,0.49225986,0.42533496,-0.2049897,-0.3519299,-0.036308922
116,2739,0.87673765,0.8052281,-1.0631603,-0.25967234,-0.34325656,-0.97704947,-0.14974768,-0.28080276,-1.3426048,-0.38161853,-0.9251144,-1.2087169,-0.008911006,1.3446659,-0.18730937,-0.62792146
116,4219,-0.864188,0.3820807,-0.3365994,-0.54915726,0.8293125,-0.07464,0.27301878,-0.741975,0.346667,1.0874654,-0.32091635,0.49225986,0.42533496,-0.2049897,-0.3519299,-0.036308922
116,99,-0.86418796,0.3820807,-0.3365994,-0.54915726,0.8293125,-0.07464,0.27301878,-0.74197495,0.346667,1.0874654,-0.3209164,0.49225986,0.42533493,-0.2049897,-0.3519299,-0.036308922
116,3297,0.10023494,-0.5605726,-0.18109022,-0.5356289,0.3703094,-0.6346278,0.16410483,-0.13264637,-0.89037544,0.04858073,0.21307835,-0.68760633,0.33535805,0.54027635,0.25673166,-0.41556048
116,3817,-0.3329383,0.14198092,0.28122345,-0.6468397,0.11881611,-0.6061854,0.15344712,1.8286837,0.88624877,0.8298243,-0.04445894,-0.2722112,0.31276676,0.596735,0.11420834,-0.17546946
116,345,-0.8641881,0.38208076,-0.3365994,-0.54915726,0.82931256,-0.07464,0.27301878,-0.741975,0.34666696,1.0874654,-0.3209164,0.49225986,0.42533496,-0.2049897,-0.3519299,-0.036308922
116,793,-0.30604637,-0.13932869,-0.43150312,-0.021683395,-0.55323505,-0.08483551,-0.14443131,1.5258741,0.59324044,0.41459224,-0.14830926,0.29077753,0.011266276,0.038471222,0.36195004,-0.69612765
116,1934,0.8767377,0.8052279,-1.0631602,-0.25967234,-0.3432566,-0.9770497,-0.14974768,-0.2808028,-1.3426048,-0.38161847,-0.9251144,-1.2087171,-0.008911014,1.3446658,-0.18730934,-0.6279214
116,3564,-0.8641881,0.3820807,-0.3365994,-0.54915726,0.8293125,-0.07464,0.27301878,-0.74197495,0.346667,1.0874654,-0.32091635,0.49225986,0.425335,-0.2049897,-0.3519299,-0.036308922
116,948,-0.33293834,0.14198092,0.28122345,-0.6468397,0.11881608,-0.60618544,0.15344712,1.8286839,0.8862489,0.8298244,-0.04445894,-0.2722112,0.31276676,0.59673506,0.11420833,-0.17546946
116,1630,-0.72501796,0.30859742,-0.16776903,-0.2057407,-0.12876117,-1.028112,-0.15923385,-0.51606476,-0.080059074,-0.77818227,-0.31374508,-0.01159288,0.12700778,0.6337838,-0.03819351,-0.57774633
116,2884,-0.864188,0.3820807,-0.33659935,-0.54915726,0.8293125,-0.07464,0.27301878,-0.741975,0.346667,1.0874654,-0.32091635,0.49225986,0.42533496,-0.2049897,-0.3519299,-0.036308922
116,888,-0.8641881,0.3820807,-0.33659935,-0.54915726,0.82931256,-0.07464,0.27301878,-0.741975,0.346667,1.0874654,-0.32091635,0.49225986,0.425335,-0.2049897,-0.3519299,-0.036308922
116,2576,-0.86418796,0.3820807,-0.3365994,-0.54915726,0.82931256,-0.07464,0.27301878,-0.741975,0.346667,1.0874653,-0.3209164,0.49225986,0.42533493,-0.20498969,-0.3519299,-0.036308922
116,2827,0.8767376,0.8052281,-1.0631602,-0.25967234,-0.3432566,-0.9770496,-0.14974765,-0.28080276,-1.3426046,-0.3816185,-0.9251144,-1.2087169,-0.008910991,1.3446658,-0.18730934,-0.62792134
116,1730,0.87673765,0.805228,-1.0631603,-0.25967228,-0.3432566,-0.97704947,-0.14974768,-0.2808028,-1.3426046,-0.3816185,-0.9251144,-1.208717,-0.008910991,1.344666,-0.18730934,-0.6279214
116,1841,-0.8641879,0.3820807,-0.3365994,-0.54915726,0.8293125,-0.07464,0.27301878,-0.74197495,0.346667,1.0874654,-0.3209164,0.49225986,0.42533496,-0.20498967,-0.3519299,-0.036308922
116,3233,-0.33293828,0.14198092,0.28122345,-0.6468397,0.11881608,-0.60618544,0.15344712,1.8286836,0.8862488,0.8298243,-0.044458926,-0.27221113,0.31276676,0.59673506,0.11420833,-0.17546947
116,976,-0.86418784,0.3820807,-0.3365994,-0.54915726,0.8293126,-0.07464,0.27301878,-0.74197495,0.346667,1.0874654,-0.32091647,0.49225986,0.42533496,-0.20498969,-0.3519299,-0.036308922
116,15,-0.8641879,0.3820807,-0.3365994,-0.54915726,0.82931256,-0.07464,0.2730188,-0.74197495,0.34666702,1.0874654,-0.32091647,0.49225986,0.425335,-0.20498969,-0.3519299,-0.036308922
116,671,-0.8641879,0.3820807,-0.3365994,-0.54915726,0.8293126,-0.07464,0.27301878,-0.74197495,0.34666702,1.0874654,-0.3209164,0.4922598,0.42533502,-0.20498969,-0.35192984,-0.036308922
116,864,-0.32657722,0.13432959,0.27325773,-0.6627789,0.252509,-0.5960593,0.2168895,1.6091242,0.8680996,0.893741,-0.07072735,-0.25587994,0.4142271,0.6430512,0.04367245,-0.1064949
116,1124,-0.86418784,0.3820807,-0.3365994,-0.54915726,0.8293125,-0.07464,0.2730188,-0.7419749,0.34666696,1.0874654,-0.3209164,0.4922598,0.425335,-0.20498969,-0.35192984,-0.036308922
116,1573,0.8767377,0.805228,-1.0631602,-0.25967234,-0.3432566,-0.9770496,-0.14974765,-0.28080273,-1.3426045,-0.38161856,-0.9251144,-1.208717,-0.008910991,1.3446659,-0.18730937,-0.6279214
116,2,0.22517344,0.56211555,0.47573346,0.33296913,0.88279855,0.040638514,-0.40286773,0.3069657,-0.18440163,-0.43793684,0.14020592,-0.3793307,-0.2718234,-0.4630346,-0.17292543,0.17244557
116,8,-0.108940914,0.478052,0.1266485,-0.7837291,-0.49207807,-0.31814826,0.15938252,1.2333492,0.321133,0.8202057,0.059091344,-0.43166733,-0.38499147,-0.098723665,0.16889474,0.06965174
116,22,0.37891653,-0.8054563,-0.15632768,0.40743226,-0.37758696,0.5017939,0.0069972575,0.24828492,-0.018184058,0.04966731,0.18516546,0.2393985,0.16030037,0.009282531,0.2551434,-0.1410695
116,23,0.6182232,-0.21040687,-0.50450444,0.62924445,-0.2164254,0.7225936,-0.008371472,-0.06685841,0.120908484,0.2463583,-0.3565644,0.34547502,0.33305863,0.18311639,-0.121447474,0.102709025
116,28,-0.25054914,0.2715111,0.21120152,-0.679104,-0.15890801,-0.474152,0.13973646,1.5963222,0.66087246,0.80536306,0.0036171824,-0.31293535,0.012620904,0.2877999,0.1497277,-0.09296189
116,35,0.09779382,1.108319,0.34838477,0.58775204,0.6457489,0.06356473,-0.5653664,0.30372164,0.26348248,-0.6120928,-0.3646608,-0.016504213,-0.40930906,-0.3868551,-0.44635892,0.1290786
116,44,0.22317645,0.95109165,0.30543733,0.48046988,0.774042,0.056302384,-0.49787074,0.3104789,-0.01471176,-0.48423278,-0.19706011,-0.23818861,-0.34597403,-0.40823215,-0.3477754,0.1144792
116,85,0.5153572,-0.7047832,-0.2597183,0.51914275,-0.40375292,0.6043583,-0.025656238,0.22926533,-0.006844461,0.05121677,0.06659413,0.25445855,0.17861366,0.061173476,0.18484771,-0.078549415
116,92,0.41908747,-0.8166563,-0.22776134,0.45171666,-0.43683553,0.5357529,-0.0015153438,0.2808246,0.0111409575,0.06918211,0.13078254,0.26764077,0.18067159,0.040181868,0.25123417,-0.16086648
116,105,-0.14457986,0.7479346,-0.2801795,-0.88380533,-0.7031572,0.20154172,0.20976973,-0.30595124,-0.57732284,0.93697846,0.11283104,-0.37783772,-1.0409833,-1.1756722,0.06173158,0.19321293
116,110,0.18078713,0.49484345,0.454233,0.32113433,0.78321856,0.046086438,-0.36925828,0.28473875,-0.12735507,-0.41321954,0.12975846,-0.3077699,-0.24926764,-0.42291173,-0.15768339,0.15506886
116,122,0.09779383,1.108319,0.34838474,0.587752,0.64574903,0.063564725,-0.5653663,0.30372164,0.26348248,-0.6120928,-0.36466086,-0.016504198,-0.40930906,-0.38685513,-0.44635892,0.12907861
116,127,0.028228655,-1.0334423,0.41030163,-0.047310665,0.16200781,0.13647251,0.050980676,0.06652082,-0.36507905,-0.11382391,0.7795686,-0.07016043,0.08733068,-0.25959197,0.4712146,-0.09920144
116,146,0.63289547,-0.6255006,-0.015081987,0.501387,-0.055496514,0.65280104,-0.06486489,0.049204607,-0.28180242,-0.10068043,0.2781941,0.06703101,0.100707956,-0.090340704,0.16534387,0.119215384
116,154,-0.41960028,-0.5785401,0.423783,-0.37354833,0.5780044,-0.5452553,0.007881276,-0.27856356,-0.48281956,-0.32857716,0.57392955,-0.3772453,0.19364373,0.019360408,0.2829944,-0.20988086
116,155,0.8442173,-0.28027517,-0.5068069,0.72231436,-0.24172634,0.7959171,-0.059046224,0.040067222,-0.0130684,0.13795555,-0.29688102,0.2476121,0.2990505,0.24401195,-0.07991621,0.14662686
116,156,-0.0025338084,0.22991088,-0.47043604,0.14321002,0.33318716,0.42448685,0.16066104,-0.6728171,0.17027646,0.6224998,-0.43042028,0.4099617,0.38237065,-0.051946208,-0.33912742,0.15469794
116,178,0.17745923,0.8184711,0.40839618,0.48233783,0.7328067,0.094662234,-0.48310262,0.34039858,0.071316905,-0.50523406,-0.10599926,-0.17067526,-0.34935746,-0.4421695,-0.3021708,0.16115
116,183,0.10495417,0.22400454,0.45569557,0.1647769,0.7581572,-0.049015664,-0.26576513,0.17534828,-0.25222978,-0.3574203,0.26872927,-0.3627674,-0.14536229,-0.3464034,-0.046545908,0.10217869
116,195,0.024533443,0.15420434,-0.50572526,0.17732273,0.21765578,0.4439116,0.1462352,-0.5731047,0.17353302,0.6017042,-0.43203926,0.43320328,0.35045996,-0.055863462,-0.29404604,0.091873735
116,199,0.75497,-0.45930657,-0.44056535,0.5990181,-0.24266258,0.66336936,-0.05108255,0.124991804,-0.112874605,0.0954548,-0.13995543,0.15043746,0.27291244,0.2299211,0.034894496,0.04510549
116,205,0.010027155,-0.99364245,0.33459824,-0.13400814,0.20922351,0.018584132,0.07935239,0.040616736,-0.42804456,-0.0715229,0.7132205,-0.14828323,0.14093068,-0.14739394,0.4471044,-0.14828034
116,206,0.20170817,0.8583921,0.42306888,0.48084152,0.8067467,0.07940823,-0.5036207,0.34631145,0.021449983,-0.5237053,-0.09432083,-0.22723188,-0.3600782,-0.46494865,-0.30952454,0.1680755
116,208,-0.04080894,0.07005185,-0.5256847,0.08052647,-0.13081358,0.4061469,0.13293585,-0.29776192,0.09805588,0.575571,-0.3143307,0.3885546,0.060743917,-0.25723585,-0.12803103,-0.08283451
116,223,-0.2917332,0.7187041,0.4605083,0.4602595,0.24612045,-0.06657388,-0.40729797,0.06059567,0.5972354,-0.682225,-0.35220838,0.35610107,-0.27516273,-0.15446827,-0.3793105,0.09448174
116,224,0.3998828,-0.78136694,-0.08423953,0.43537718,-0.34429103,0.54829466,-0.0060047507,0.21470888,-0.034575537,0.004261777,0.23241979,0.24136779,0.11818136,-0.05102419,0.24719341,-0.082399696
116,237,0.7804865,0.6103146,-0.96706665,-0.33036107,-0.2278441,-0.97330403,-0.10279609,-0.26409382,-1.3293381,-0.32149792,-0.7776952,-1.180974,0.05330445,1.2709478,-0.12020153,-0.6232726
116,243,0.81962395,-0.2969194,-0.47300678,0.68117326,-0.2170186,0.7541677,-0.05457312,0.04206955,-0.048434235,0.12224787,-0.25402012,0.21099082,0.2853994,0.24012789,-0.061380714,0.14075308
116,254,-0.3961507,-0.76299417,0.5441014,-0.25328326,-0.3888098,-0.18676656,0.3171665,-0.1666227,0.29011592,-0.30992916,0.53674555,0.21738924,0.0046424344,0.07044447,0.24462119,0.15798396
116,258,-0.58647597,0.1839914,-0.03664565,-0.22265254,0.179254,-0.8732016,-0.1481116,-0.46761477,-0.26742303,-0.6426053,-0.11590728,-0.18127568,0.11805463,0.40924728,-0.000987865,-0.48009396
116,264,0.6883662,-0.63010895,-0.3540082,0.6368375,-0.39562815,0.72155833,-0.06410459,0.20653775,-0.040659823,0.042315807,-0.0237647,0.24822614,0.19837773,0.103901416,0.1271377,-0.009704929
116,267,0.5929406,-0.07191819,-0.4787658,0.63818246,-0.13121533,0.80183995,-0.0106038675,-0.27353072,0.095580935,0.26714092,-0.3778581,0.38196534,0.28951877,0.0717109,-0.19542657,0.21144007
116,277,-0.02804587,-0.93253005,0.14887476,-0.38436723,0.383641,-0.29693022,0.15713564,-0.018028665,-0.63639027,0.048404224,0.5798605,-0.38709855,0.29498428,0.13660833,0.4055732,-0.2783589
116,291,-0.056325413,-0.029766351,0.6912366,-0.28398204,-1.2578368,-0.119205125,0.6734508,-0.6779301,0.77153313,-0.59240216,0.10655199,0.29487768,-0.36851448,0.4810678,-0.23542108,1.049567
116,302,-0.2526018,-0.40007147,0.59914297,-0.26640266,-0.84864986,-0.16839764,0.48939842,-0.4001607,0.554639,-0.45909554,0.3113017,0.27949786,-0.18221927,0.2838796,0.011561453,0.5745622
116,304,-0.04723353,0.06437987,-0.5185935,0.06164067,-0.18093821,0.39352557,0.12887846,-0.24247602,0.08693894,0.5674049,-0.28975287,0.370063,0.015269347,-0.2837634,-0.099395975,-0.104052626
116,305,-0.65498567,-0.52594346,0.34949246,-0.40920967,0.35550964,-0.7263462,0.03654606,-0.4482989,-0.31197602,-0.4662937,0.42854667,-0.20256151,0.23672947,0.20178016,0.24337794,-0.3071958
116,306,-0.24213254,-0.64620847,0.7464954,-0.13486692,-0.0923231,-0.031006075,0.22656137,-0.18828693,0.19211936,-0.36594415,0.6203623,0.092187405,-0.056257688,-0.11485899,0.18791613,0.3576187
116,309,0.1776047,0.48777983,0.46662742,0.30200633,0.8205839,0.022214025,-0.37052274,0.2725926,-0.16317329,-0.42268258,0.15090731,-0.3411768,-0.24446806,-0.42587382,-0.1505479,0.15202257
116,314,-0.33378863,-0.6613592,0.56514233,-0.23474164,0.49959546,-0.302064,-0.0016953126,-0.120186076,-0.3108692,-0.32167783,0.67403495,-0.24600141,0.102689534,-0.15455765,0.3061297,-0.06806333
116,325,-0.42752445,-1.0554609,0.5268957,-0.28877312,0.08762327,-0.22815853,0.17150715,-0.02539387,-0.08321651,-0.21476516,0.7711954,0.028224722,0.14530006,-0.107051186,0.4477952,-0.14065413
116,338,-0.19153099,-0.27560353,0.61475646,-0.26695412,-0.98382944,-0.15411794,0.543479,-0.47556216,0.6275728,-0.49916106,0.23741029,0.28964126,-0.24203491,0.34895325,-0.067017615,0.7138941
116,340,0.1992755,1.1700648,0.32509142,0.5874487,0.7769861,0.07142122,-0.5904053,0.3443085,0.1268464,-0.587416,-0.3342868,-0.15131705,-0.42319897,-0.43802375,-0.4454894,0.13407795
116,342,0.013564587,1.1605499,0.40643328,0.6143115,0.6107957,0.03274522,-0.5908282,0.2718329,0.38267037,-0.6989517,-0.42144722,0.07493788,-0.42764327,-0.3671223,-0.48873717,0.14368668
116,343,0.44225127,-0.7584204,-0.23102729,0.46092743,-0.4061109,0.544586,-0.006379403,0.24807324,-0.0015711859,0.06326129,0.10739399,0.25069606,0.18149236,0.052571155,0.21967804,-0.124137074
116,364,0.5153572,-0.7047832,-0.2597183,0.51914275,-0.40375292,0.60435826,-0.025656238,0.22926533,-0.006844476,0.051216774,0.066594124,0.25445855,0.17861366,0.061173476,0.18484771,-0.078549415
116,366,0.66787744,-0.12555444,-0.49192637,0.6729036,-0.16083263,0.7954403,-0.022941649,-0.17316937,0.095866695,0.23857081,-0.374622,0.35156608,0.31785566,0.14607318,-0.17064823,0.19091307
116,367,-0.3420717,-0.76227534,0.66766566,-0.1930313,0.38324785,-0.20029142,0.04670489,-0.09154236,-0.16499335,-0.3306688,0.7347394,-0.124375656,0.07643184,-0.2024448,0.32369256,0.022869933
116,370,-0.76551145,0.37625358,-0.32690144,-0.5661115,0.23984802,-0.0046966746,0.1526559,-0.20393696,0.15877402,0.9558492,-0.124765486,0.29575455,-0.09824095,-0.55964655,-0.09245156,-0.20949729
116,390,0.16733533,0.877898,0.45903617,0.47589064,0.84323865,0.04508795,-0.52482724,0.3310662,0.027000695,-0.5713402,-0.08957249,-0.23165654,-0.3689559,-0.47258675,-0.3166169,0.1684244
116,394,0.2301791,1.0794315,0.30451274,0.54626864,0.77740407,0.078575656,-0.5491258,0.34176123,0.05491825,-0.5280279,-0.27481446,-0.19800948,-0.39090505,-0.43054515,-0.40246755,0.12700996
116,396,0.6835489,-0.091489226,-0.37829423,0.12824282,-0.05415058,-0.024969272,-0.055522367,-0.10489021,-0.7189308,-0.15425527,-0.14367607,-0.46653152,0.095094085,0.46468794,0.028759181,-0.15476352
116,404,0.13026698,0.30011335,0.510675,0.217908,0.8140941,-0.015069239,-0.31490874,0.22943598,-0.21533912,-0.40227014,0.26733854,-0.36381316,-0.19047025,-0.40594316,-0.07396607,0.14511277
116,405,0.14182276,0.42783794,0.42661554,0.28587306,0.7218099,0.023964226,-0.33320892,0.24452603,-0.123416804,-0.3875976,0.1320163,-0.28043503,-0.21666262,-0.3777428,-0.13726719,0.12695928
116,416,-0.3148136,-0.7127124,0.6225501,-0.18288943,0.41889328,-0.2012622,0.020373583,-0.0751012,-0.20679653,-0.31142297,0.7035768,-0.15986545,0.07590913,-0.2009497,0.3123076,-0.0027250387
116,422,0.76949304,-0.39119878,-0.46522647,0.5858606,-0.18737535,0.64404255,-0.04005307,0.093088254,-0.12156012,0.12056795,-0.18468812,0.1287522,0.30087093,0.27202472,-0.0020782426,0.06715815
116,423,-0.1018311,-0.22660443,0.7794747,-0.24489205,-0.9994049,-0.060479306,0.59181577,-0.6062587,0.66277045,-0.5582674,0.27333543,0.27150363,-0.3027139,0.31534544,-0.1322028,0.9512354
116,427,-0.2819358,0.66630864,-0.30525666,-0.8115231,-0.54745144,0.16675009,0.1802775,-0.22254783,-0.4300474,0.93803775,0.068837084,-0.24139519,-0.8806761,-1.0830888,0.05055237,0.067814305
116,433,-0.028045874,-0.93253016,0.14887477,-0.38436723,0.383641,-0.29693028,0.15713565,-0.018028665,-0.63639027,0.04840422,0.5798605,-0.38709855,0.29498428,0.13660832,0.40557325,-0.2783589
116,434,0.68844414,-0.07115984,-0.5098213,0.7037866,-0.14321353,0.85608274,-0.030665532,-0.2510131,0.08750267,0.25102124,-0.40422308,0.37714738,0.30602214,0.106040515,-0.20505933,0.23512764
116,442,0.22017133,0.5695832,0.48574603,0.33413613,0.8941984,0.035059907,-0.40950602,0.3065362,-0.18301162,-0.44968128,0.14172865,-0.38166732,-0.27579662,-0.46777007,-0.17538743,0.17461115
116,444,-0.043786794,-0.88008606,0.10036574,-0.4218117,0.3960939,-0.35307774,0.1741299,-0.03030448,-0.6409674,0.08048828,0.5206777,-0.4137239,0.3212969,0.20087598,0.37524843,-0.29551664
116,461,-0.37168336,-0.69894946,0.5443067,-0.24749105,-0.46307117,-0.17795986,0.34103054,-0.19701165,0.3360411,-0.3281706,0.49334946,0.23293783,-0.02409374,0.10305059,0.20549726,0.2186022
116,465,-0.16179883,-1.0199131,0.49173844,-0.24721108,0.3507626,-0.11703227,0.08750899,-0.022191841,-0.42703515,-0.1477409,0.82944494,-0.21282794,0.14050424,-0.20390777,0.4703132,-0.12253514
116,467,0.40693614,-0.1079818,-0.48880154,0.45510417,-0.04444161,0.5933026,0.06713605,-0.22310251,0.16155577,0.38177127,-0.37805068,0.35689098,0.3891448,0.15899748,-0.1813427,0.105527475
116,496,0.024181344,0.11789963,-0.5079319,0.18467288,0.15373242,0.4529294,0.13867977,-0.5353388,0.16522568,0.58289534,-0.41666895,0.44282246,0.31184617,-0.07919674,-0.2685194,0.06468882
116,497,-0.38282102,0.0426701,-0.33358186,-0.18658598,0.39350027,0.025694154,0.22699456,-0.23957285,0.34662446,0.7464137,-0.26788637,0.38700995,0.45981,0.06132704,-0.17805947,-0.10207483
116,498,0.2010917,0.79732585,0.3494649,0.43277162,0.75326174,0.05862671,-0.4525059,0.30175152,-0.03052231,-0.45822436,-0.09914309,-0.23982687,-0.31385598,-0.40687075,-0.28682053,0.1259756
116,514,-0.33378866,-0.6613592,0.56514233,-0.23474164,0.49959546,-0.302064,-0.0016953126,-0.120186046,-0.31086916,-0.3216779,0.67403495,-0.24600144,0.102689534,-0.15455765,0.30612966,-0.06806333
116,515,-0.30745813,0.15660152,0.017782092,-0.54591846,0.6335937,-0.295337,0.36617208,0.29352373,0.5514912,0.9813874,-0.21230802,-0.01514712,0.60141045,0.47703218,-0.23608185,0.1168614
116,523,-0.31966174,0.6048356,-0.30093843,-0.7591614,-0.49509314,0.15269843,0.16423905,-0.17009406,-0.36377636,0.9068461,0.060403332,-0.18450119,-0.80354667,-1.0194349,0.05513566,0.018265221
116,529,-0.86157966,0.40711215,-0.03159976,0.0070527457,-0.86843693,-0.916378,-0.06707838,-0.4373247,0.71902335,-1.0047929,-0.50711346,0.56533635,0.065693155,0.81472903,-0.13770653,-0.3327052
116,540,-0.29173318,0.7187041,0.46050835,0.46025956,0.24612042,-0.06657388,-0.40729797,0.06059567,0.5972354,-0.6822249,-0.35220832,0.3561011,-0.27516273,-0.15446827,-0.37931055,0.09448172
116,548,0.8285532,0.4380763,-0.8299106,-0.09980342,-0.2673078,-0.61805993,-0.13461478,-0.1803289,-1.1273197,-0.3158076,-0.63119465,-0.9383333,0.030459411,1.0262654,-0.083149865,-0.47546402
116,552,-0.028045874,-0.93253016,0.14887477,-0.38436723,0.383641,-0.29693022,0.15713564,-0.018028665,-0.6363903,0.04840422,0.57986045,-0.38709855,0.29498428,0.13660833,0.40557325,-0.2783589
116,556,-0.2819358,0.66630864,-0.3052566,-0.8115231,-0.5474514,0.16675009,0.1802775,-0.22254783,-0.4300474,0.93803775,0.068837084,-0.24139519,-0.8806761,-1.0830888,0.05055237,0.06781432
116,563,-0.15401307,0.112167984,0.33989957,-0.11959745,0.8201503,-0.4581457,-0.19867583,-0.17962605,-0.5224629,-0.4454581,0.26381195,-0.50923896,0.00031206757,-0.10675974,0.01710181,-0.13346584
116,579,0.122097984,-0.18095353,-0.3905037,0.17886388,-0.11638829,0.24813807,0.07551855,0.35162437,0.31057256,0.460976,-0.24955758,0.2552862,0.34567755,0.21800244,-0.0050005317,-0.14827897
116,597,0.76601833,-0.29286337,-0.48765856,0.7000404,-0.280886,0.77535236,-0.047206536,0.047265094,0.044051185,0.15158257,-0.29382795,0.29034865,0.28953156,0.21452716,-0.07096152,0.11715445
116,603,-0.32601497,0.52838445,0.4499231,0.3800053,0.17137283,-0.08498301,-0.32325184,0.00882186,0.56187356,-0.6161356,-0.27418992,0.36281967,-0.20692626,-0.09866504,-0.3103314,0.074512824
116,606,-0.3296111,-0.5795891,0.56397736,-0.25814646,-0.6196737,-0.17972651,0.40081114,-0.27857608,0.42533726,-0.38111067,0.41841197,0.2524546,-0.08572813,0.17974041,0.12794027,0.357564
116,610,-0.03565634,-1.0246967,0.4807185,-0.15178151,0.32606193,0.015425719,0.05875293,0.007903915,-0.45857316,-0.14660072,0.84303325,-0.19168751,0.10727822,-0.2675402,0.4803213,-0.09105114
116,612,-0.33039516,0.44333866,0.43614054,0.3457482,0.13658363,-0.08625818,-0.28359193,-0.009068202,0.5394955,-0.576564,-0.23967251,0.361327,-0.17552951,-0.0748955,-0.27827662,0.065127015
116,614,0.13420378,-0.50432074,-0.21780835,-0.5228488,0.34156463,-0.6450572,0.15166312,-0.13954943,-0.9090141,0.032151364,0.16674022,-0.7081598,0.3204003,0.57162845,0.23779516,-0.42289588
116,615,0.010027148,-0.99364245,0.3345982,-0.13400814,0.20922354,0.01858414,0.07935239,0.04061674,-0.42804456,-0.0715229,0.7132204,-0.14828323,0.14093067,-0.14739394,0.4471044,-0.14828034
116,618,0.49640596,-0.078309655,-0.48259288,0.5644275,-0.10833599,0.72597235,0.01768966,-0.27584597,0.1178834,0.3103992,-0.37867182,0.38693357,0.30767936,0.07198761,-0.18829317,0.16258593
116,621,0.026203252,0.13526598,-0.4869331,0.17769329,0.20159039,0.43786064,0.14378539,-0.55266696,0.1690729,0.58236957,-0.41227818,0.42451316,0.3397592,-0.05457247,-0.28041005,0.08840309
116,628,-0.43033895,-0.87671804,0.53949535,-0.26209038,-0.23591678,-0.2026358,0.26624855,-0.10698283,0.18679848,-0.27536497,0.6185441,0.17564842,0.05757183,0.006244011,0.31971002,0.041283514
116,632,-0.18662739,0.356046,0.15322989,-0.68530023,-0.37120193,-0.3748631,0.12313773,1.4294529,0.49577975,0.7680729,0.034051135,-0.33420348,-0.20566055,0.067903705,0.17881721,-0.042481743
116,633,-0.51194793,0.48659346,-0.3042,-0.66115993,-0.21035364,0.08377979,0.14116898,-0.11739378,-0.13359061,0.90248126,-0.0033925474,0.019119903,-0.5162241,-0.82534045,0.015911907,-0.1066811
116,644,-0.003218986,0.25922212,-0.49145114,0.1433641,0.3598671,0.4338855,0.1638211,-0.70625323,0.17447582,0.6464791,-0.4552253,0.4194312,0.39660802,-0.05382278,-0.35966283,0.165437
116,663,-0.38008308,0.016082585,-0.5451106,-0.06658327,-0.81223655,0.05629737,-0.17929767,1.3407376,0.40291715,0.41437656,-0.12488261,0.34720302,-0.37512746,-0.4058588,0.40161276,-0.7458079
116,666,0.14188199,0.3766468,0.5168044,0.23116373,0.8728421,-0.032961972,-0.34648782,0.23338874,-0.23513237,-0.4334172,0.24572097,-0.39663517,-0.2109139,-0.42306066,-0.0992066,0.14643738
116,670,0.7040545,-0.4932407,-0.3914134,0.5920425,-0.2838179,0.6627445,-0.050716937,0.14055789,-0.08093726,0.075646564,-0.09736225,0.18008971,0.23929325,0.18266149,0.058234464,0.03343859
116,674,0.3081789,-0.14825743,-0.44132817,0.32916898,-0.015170485,0.44633996,0.10590486,-0.092242375,0.2029826,0.42908558,-0.33154166,0.30096698,0.41975072,0.2241835,-0.14288072,0.042590927
116,684,-0.0078982115,0.096561104,-0.5329587,0.16745888,0.09983075,0.44559118,0.13823432,-0.49596512,0.16440101,0.59331363,-0.41195542,0.45944953,0.27365166,-0.114292644,-0.24443968,0.0145288445
116,704,-0.31005454,0.66574526,0.4578774,0.43556106,0.22139376,-0.07796941,-0.38366395,0.039702997,0.59168154,-0.6679244,-0.33416808,0.3628137,-0.2549066,-0.13413244,-0.36124218,0.085897595
116,714,0.44225127,-0.7584204,-0.23102729,0.46092737,-0.40611088,0.54458594,-0.006379403,0.24807324,-0.0015711859,0.06326129,0.10739399,0.25069606,0.18149236,0.052571155,0.21967803,-0.124137074
116,729,0.096829385,0.62907016,0.40287542,0.38006878,0.669576,0.02969528,-0.40638983,0.2556936,0.029524341,-0.4668666,-0.030093998,-0.16564621,-0.27617046,-0.3725726,-0.23207246,0.11810137
116,730,0.16996609,0.71687114,0.38913018,0.42077255,0.7223184,0.06688132,-0.4352945,0.30239454,0.003466025,-0.46067643,-0.0541268,-0.20688595,-0.3051365,-0.40971765,-0.25913066,0.13865438
116,743,0.35437053,-0.12981397,-0.45268428,0.40647376,-0.037152722,0.5359968,0.07993983,-0.1999789,0.16496831,0.3776907,-0.34274483,0.33966357,0.38431755,0.16264601,-0.16142814,0.082910895
116,744,-0.3329772,0.1614807,0.23907396,-0.6543035,0.28357345,-0.5737575,0.2213623,1.5270017,0.85915756,0.91447616,-0.09871107,-0.2300931,0.42789745,0.62447596,0.017747685,-0.09570995
116,745,0.08454928,0.6040906,0.4092114,0.36663413,0.6676554,0.019581564,-0.39882934,0.24546538,0.023970079,-0.46697408,-0.015878648,-0.16698502,-0.2682563,-0.36705974,-0.22239704,0.114838794
116,752,0.032391615,0.21638003,0.42243236,0.06148056,0.83961254,-0.20777917,-0.2555642,0.05300588,-0.3878175,-0.3971559,0.26934212,-0.45748377,-0.099275015,-0.27745688,-0.032408938,0.02210531
116,781,0.721212,-0.5396426,-0.37061906,0.6288886,-0.3243353,0.7095877,-0.06503339,0.15839112,-0.07499262,0.04847334,-0.0642761,0.20559148,0.21369803,0.14104387,0.08021089,0.03454837
116,795,-0.23931465,-0.16053368,-0.4045626,0.00033162534,-0.46801892,-0.043149523,-0.096834645,1.3154942,0.54222476,0.4197232,-0.15159497,0.27435815,0.07491138,0.07896276,0.3008629,-0.5967992
116,801,-0.8193973,0.47413972,-0.10062793,0.024167508,-0.8848843,-0.9198419,-0.09241317,-0.42295778,0.6874082,-0.9908546,-0.56469464,0.538691,0.054661863,0.8395303,-0.15445961,-0.36155868
116,804,0.02740401,0.14606479,-0.5047743,0.18154776,0.20162454,0.44844303,0.14369163,-0.565303,0.17015022,0.59481335,-0.42762655,0.43484026,0.33987796,-0.06179455,-0.28829855,0.08800328
116,810,-0.5315034,-0.57817394,0.38870776,-0.42301965,0.53600574,-0.6579514,0.014592454,-0.37885973,-0.47009683,-0.38329527,0.5334307,-0.3470819,0.22637206,0.10183147,0.27899992,-0.2742581
116,828,-0.19645317,-1.016201,0.4864369,-0.25742334,0.32617977,-0.13678646,0.096264124,-0.023270871,-0.39133513,-0.14584318,0.81365335,-0.19194014,0.14509222,-0.18631452,0.463714,-0.13096051
116,835,-0.006232053,0.8300649,-0.24892609,-0.9595208,-0.84290636,0.23477654,0.24657108,-0.41490874,-0.72552574,0.93875504,0.15566956,-0.51380074,-1.1871752,-1.2565545,0.063612685,0.33346438
116,839,-0.3359884,-1.0596269,0.50097823,-0.29089397,0.22354203,-0.20388216,0.12948959,-0.025187757,-0.2529458,-0.17604026,0.8027987,-0.093135014,0.15615967,-0.14443189,0.46778333,-0.1609201
116,856,0.028228655,-1.0334423,0.41030163,-0.047310658,0.16200778,0.13647251,0.050980676,0.06652082,-0.36507905,-0.1138239,0.77956855,-0.07016045,0.08733068,-0.25959197,0.4712146,-0.09920144
116,863,-0.2735101,0.15552339,0.118577264,-0.592951,0.5477406,-0.39474806,0.3435618,0.67087734,0.64194405,0.96987224,-0.17239767,-0.12490146,0.5750238,0.5753681,-0.17499913,0.09037064
116,873,-0.410577,-0.032504708,-0.47662634,-0.07054654,-0.8246437,-0.0702068,-0.24518348,1.7941922,0.56096023,0.38701487,-0.093366265,0.30320224,-0.29949087,-0.24722378,0.4934801,-0.8438142
116,876,-0.02144596,0.022106469,0.7203041,-0.29222047,-1.3125587,-0.105201714,0.7076875,-0.7484582,0.79409724,-0.61248577,0.08382805,0.2861722,-0.395952,0.5078859,-0.27808917,1.1430227
116,878,-0.56201327,0.14273193,-0.01782915,-0.23514695,0.23448443,-0.84513927,-0.1381204,-0.46565574,-0.31223094,-0.6049493,-0.07329178,-0.2161078,0.123230115,0.37156343,0.012228049,-0.46725312
116,880,-0.1018311,-0.22660446,0.7794746,-0.24489205,-0.9994049,-0.06047932,0.59181577,-0.6062586,0.66277045,-0.5582672,0.27333543,0.27150363,-0.3027139,0.3153454,-0.13220279,0.9512354
116,897,-0.0025338158,0.22991082,-0.4704361,0.14321002,0.33318716,0.4244868,0.16066104,-0.6728172,0.17027646,0.6224998,-0.43042034,0.4099617,0.38237065,-0.051946208,-0.33912742,0.15469794
116,909,0.8864652,0.76148415,-1.0415987,-0.23844136,-0.3289609,-0.9343207,-0.15128376,-0.27317137,-1.3355099,-0.37905172,-0.8912451,-1.1884564,-0.0039597824,1.311634,-0.17432772,-0.6112535
116,924,0.58204633,0.2712265,-0.7566177,-0.3767166,-0.08988432,-0.87483084,-0.041282028,-0.20233005,-1.1915221,-0.22761583,-0.50097823,-1.0295663,0.12802212,1.0627826,-0.003015533,-0.5803298
116,925,0.18218014,-0.40976363,-0.26945513,-0.47889566,0.2695291,-0.63373685,0.12905978,-0.13846356,-0.8992527,0.0073889047,0.08879763,-0.70758826,0.28765842,0.6045439,0.20345138,-0.42419007
116,931,-0.078474015,0.84108377,-0.2804504,-0.9660951,-0.7947059,0.21794847,0.23751572,-0.37874958,-0.6729807,0.9792065,0.12985864,-0.4657048,-1.1583896,-1.2576247,0.05954611,0.2806091
116,932,-0.17644435,-0.4890331,0.7521892,-0.1457642,-0.505077,0.009602547,0.3832783,-0.34069958,0.43160576,-0.41879153,0.46838063,0.21767083,-0.15690577,0.045775376,0.05437454,0.604886
116,953,0.14264213,0.80493116,0.45566744,0.44634718,0.8060369,0.035352997,-0.49483645,0.3090238,0.025407951,-0.55101776,-0.06389883,-0.2178065,-0.34435943,-0.44938505,-0.29084748,0.15723212
116,956,0.46859568,-0.08343795,-0.49091136,0.5311105,-0.085798934,0.68565243,0.033997558,-0.26363882,0.1327818,0.3374362,-0.3853655,0.38013607,0.3359999,0.09959976,-0.18918331,0.14378855
116,975,0.12472467,0.30241725,0.50571334,0.21730147,0.8062673,-0.018178232,-0.31376606,0.22523063,-0.21010348,-0.4019807,0.26055974,-0.3578233,-0.1895997,-0.4005767,-0.075956374,0.14100286
116,1004,0.1984142,0.5255784,0.4648819,0.31963712,0.8390778,0.03361983,-0.38481832,0.28843263,-0.16517314,-0.4274838,0.13793617,-0.35051954,-0.2572322,-0.4395463,-0.16349648,0.15969282
116,1006,0.12933078,0.24822149,0.48787677,0.20888792,0.7586168,0.0025713742,-0.28637803,0.2263105,-0.20302662,-0.36563894,0.2721893,-0.33830625,-0.1728001,-0.38613015,-0.057558835,0.13852364
116,1012,-0.7650424,-0.11006537,0.235388,-0.19917692,-0.31563777,-0.7732898,0.043990612,-0.4815204,0.29400885,-0.7316763,-0.009332389,0.24224514,0.15663247,0.4960028,0.044304527,-0.23563668
116,1018,0.19841424,0.5255784,0.4648819,0.31963718,0.83907783,0.033619836,-0.38481832,0.28843266,-0.16517314,-0.4274838,0.13793617,-0.35051954,-0.25723225,-0.4395463,-0.16349642,0.15969284
116,1020,0.5457952,-0.69999516,-0.2772522,0.55064726,-0.42137194,0.6361363,-0.034124225,0.23347853,0.0003419295,0.047862887,0.050326258,0.2671371,0.1778338,0.062096633,0.17810942,-0.069238745
116,1037,-0.021445964,0.022106469,0.72030413,-0.29222047,-1.3125588,-0.10520174,0.7076876,-0.7484582,0.7940972,-0.6124858,0.08382806,0.28617224,-0.395952,0.5078859,-0.27808923,1.1430225
116,1044,0.1963529,0.51705015,0.46574545,0.320023,0.83027554,0.037571475,-0.38179868,0.28962034,-0.15850139,-0.42475224,0.13993238,-0.34353417,-0.25612536,-0.43858045,-0.16105355,0.16072571
116,1059,-0.38493216,0.0077917874,-0.5276468,-0.07229462,-0.8264705,0.040463828,-0.18563806,1.3857028,0.4062619,0.39843434,-0.10594818,0.33414453,-0.38596654,-0.40278044,0.4193768,-0.7559473
116,1064,0.8515268,-0.28321093,-0.50983626,0.71720326,-0.232436,0.7895546,-0.059297085,0.04096295,-0.028245248,0.13657197,-0.29351404,0.23437977,0.30157456,0.2511728,-0.0774411,0.14564922
116,1066,-0.9048045,0.40933278,-0.3608961,-0.572587,0.8321541,-0.08067817,0.26931298,-0.71716064,0.35843095,1.125472,-0.33088166,0.50460106,0.4080828,-0.2362401,-0.34925097,-0.064860724
116,1078,0.83313745,-0.28349945,-0.49312192,0.6998323,-0.22374806,0.77219546,-0.055425048,0.038553722,-0.031839594,0.13334937,-0.2795636,0.2266962,0.29605746,0.24702126,-0.07363176,0.14451668
116,1103,-0.0042163134,-0.973004,0.26998514,-0.22552632,0.27090874,-0.09773732,0.107041314,0.016198691,-0.50605404,-0.032355778,0.6665387,-0.23530294,0.19501413,-0.04495041,0.43337232,-0.19622198
116,1109,0.5457952,-0.69999516,-0.2772522,0.5506473,-0.42137194,0.63613635,-0.034124225,0.23347855,0.0003419295,0.047862884,0.050326273,0.2671371,0.1778338,0.06209664,0.17810942,-0.069238745
116,1113,0.8215951,0.48915264,-0.86661303,-0.13775596,-0.28241274,-0.6888821,-0.13335487,-0.19214997,-1.1591778,-0.3227638,-0.67484957,-0.98209524,0.026071638,1.0806074,-0.09437518,-0.5094359
116,1122,0.5693448,-0.32669237,-0.49751866,0.5794127,-0.29477793,0.64179134,0.0038348734,0.06827942,0.13034767,0.23121923,-0.30675617,0.32584393,0.32946292,0.2171228,-0.05049318,0.0062031746
116,1123,0.7244792,-0.49917713,-0.39990556,0.60802394,-0.2891497,0.68017876,-0.05618857,0.14350627,-0.08578164,0.072074994,-0.10005739,0.18222173,0.2398729,0.18198538,0.058742248,0.036514785
116,1129,0.5704646,-0.70176136,-0.29082048,0.5707569,-0.42891112,0.65690386,-0.040275604,0.23650709,-0.0020839795,0.045610003,0.04169549,0.27104884,0.1797308,0.06430316,0.17575228,-0.064619705
116,1137,0.033737242,0.31630424,-0.4865892,0.1628771,0.44484425,0.45085683,0.16589205,-0.77156115,0.17486829,0.6559281,-0.47946995,0.4022357,0.44553125,-0.01903457,-0.40120655,0.22706719
116,1151,0.014677852,0.19354597,-0.5311441,0.16950993,0.25623432,0.44931415,0.1524781,-0.618532,0.1797842,0.6356597,-0.46225542,0.44427913,0.36938336,-0.060321324,-0.32073212,0.103012845
116,1178,-0.07413708,-0.12040648,0.75981885,-0.27798134,-1.176716,-0.088439025,0.66581327,-0.69757706,0.7414757,-0.5876629,0.18144411,0.2922666,-0.34242576,0.42594543,-0.20469771,1.0559235
116,1185,0.01815641,0.64959586,0.014461912,-0.8412254,-0.7868992,-0.13134035,0.16658267,0.7793516,-0.053730108,0.799806,0.106683634,-0.5151206,-0.7670476,-0.5133594,0.17906672,0.20176257
116,1191,0.0032065362,-1.0264568,0.44719934,-0.05842969,0.18331832,0.12604466,0.05056293,0.05146292,-0.35529214,-0.13137329,0.8011969,-0.07314736,0.07768527,-0.28426638,0.4709496,-0.082466036
116,1212,0.7874706,-0.28391463,-0.47001326,0.69386595,-0.25040418,0.7692423,-0.05022113,0.039015748,0.010235332,0.13551341,-0.27447185,0.25948912,0.2832182,0.22170816,-0.07164037,0.13752867
116,1225,0.13080335,0.7646061,0.44639146,0.42897153,0.7805038,0.030343547,-0.4755627,0.2950924,0.022424445,-0.53453815,-0.053473845,-0.20990224,-0.32858068,-0.43259758,-0.27683222,0.14811994
116,1237,-0.015382893,-0.9585675,0.21139136,-0.30897915,0.33325833,-0.20094705,0.13209681,-0.0020079017,-0.58020526,0.0065993965,0.6287603,-0.31717515,0.24612343,0.04575543,0.4230283,-0.23910771
116,1241,-0.015382886,-0.9585675,0.21139136,-0.30897915,0.33325827,-0.20094705,0.13209681,-0.002007898,-0.5802052,0.0065993965,0.6287602,-0.31717515,0.24612346,0.04575543,0.4230283,-0.23910771
116,1253,0.8076405,-0.28699148,-0.50515926,0.7169028,-0.26827627,0.791326,-0.053435072,0.045865744,0.021812372,0.14825049,-0.30296806,0.2757823,0.2969345,0.23031743,-0.07685414,0.12923375
116,1267,0.029465497,-1.0179765,0.40105176,-0.041590698,0.15249768,0.1397783,0.051840656,0.06710176,-0.35415426,-0.108835466,0.76402867,-0.06352088,0.08706805,-0.25305766,0.46225792,-0.097678296
116,1277,-0.10183111,-0.22660445,0.7794747,-0.2448921,-0.9994049,-0.06047929,0.59181577,-0.60625863,0.6627704,-0.55826724,0.27333543,0.27150363,-0.30271393,0.3153454,-0.13220282,0.9512354
116,1278,0.18524548,0.78432155,0.40936643,0.44681674,0.77164257,0.06899744,-0.46926975,0.32227868,0.0054707825,-0.49377674,-0.068689406,-0.22349356,-0.3314107,-0.43823776,-0.28216833,0.15327875
116,1282,0.21402344,0.54782784,0.47430235,0.33232993,0.8605429,0.043107077,-0.39692992,0.30363813,-0.16753936,-0.43505615,0.13820559,-0.3607571,-0.2683959,-0.45596156,-0.17005177,0.17033264
116,1287,0.34459758,-0.77326727,-0.11774857,0.38123167,-0.35081238,0.47781742,0.013713382,0.22664602,-0.015410669,0.04286798,0.20021304,0.23169139,0.14549272,-0.004241025,0.24549264,-0.1244418
116,1302,0.6603247,-0.16087605,-0.5138805,0.66623634,-0.18982607,0.7762825,-0.019062147,-0.12588903,0.10895469,0.24707168,-0.3802203,0.35479927,0.33024782,0.16629449,-0.1531341,0.15200631
116,1307,-0.43033892,-0.87671804,0.5394953,-0.26209038,-0.2359168,-0.2026358,0.26624852,-0.10698283,0.18679848,-0.27536494,0.6185441,0.17564842,0.05757183,0.0062440094,0.31971002,0.041283492
116,1316,0.5820464,0.27122656,-0.75661767,-0.3767166,-0.089884326,-0.8748308,-0.041282028,-0.20233002,-1.1915221,-0.2276158,-0.5009783,-1.0295663,0.12802212,1.0627826,-0.003015533,-0.5803298
116,1319,-0.87405044,0.2218022,0.086769365,-0.066624925,-0.7173485,-0.8991833,-0.02907461,-0.4674365,0.622848,-0.9613931,-0.33544558,0.49346972,0.09499898,0.7301736,-0.07218808,-0.29585913
116,1336,0.5342053,-0.32451826,-0.48005772,0.5596924,-0.2910683,0.62434775,0.009642184,0.058781516,0.13936761,0.23413438,-0.29703218,0.33041582,0.32338348,0.20320942,-0.048281074,0.001275301
116,1339,-0.06269071,-0.090673566,0.7422224,-0.27942264,-1.199588,-0.09196658,0.6733057,-0.70681447,0.74796015,-0.58413404,0.15656106,0.29111612,-0.34621367,0.4453747,-0.22024135,1.0657225
116,1346,0.7339823,-0.41722018,-0.18646689,0.37733024,-0.04322367,0.40236878,-0.07739331,-0.021197934,-0.52696896,-0.14519495,0.105112165,-0.18721841,0.09691424,0.14665364,0.113929495,0.011956964
116,1349,0.2003333,0.5081421,0.46041816,0.32482308,0.81202346,0.050453268,-0.37645668,0.29551804,-0.14731681,-0.41469407,0.13809487,-0.33133686,-0.2550557,-0.43702987,-0.15910898,0.16289029
116,1362,0.6883661,-0.63010895,-0.35400814,0.6368375,-0.39562812,0.72155833,-0.06410457,0.20653775,-0.040659823,0.042315803,-0.0237647,0.24822612,0.19837773,0.103901416,0.1271377,-0.009704929
116,1386,-0.41057703,-0.032504767,-0.47662634,-0.07054652,-0.82464373,-0.07020678,-0.24518348,1.7941922,0.56096023,0.38701493,-0.093366295,0.30320224,-0.29949093,-0.24722375,0.4934801,-0.8438142
116,1397,0.09779383,1.108319,0.34838474,0.58775204,0.645749,0.06356473,-0.5653664,0.30372164,0.26348245,-0.61209285,-0.3646608,-0.016504198,-0.409309,-0.38685513,-0.44635886,0.12907861
116,1418,0.5455681,0.18211177,-0.7185743,-0.42181075,-0.022543415,-0.8916805,-0.021520257,-0.19975951,-1.2142152,-0.20481008,-0.43104678,-1.0413395,0.1596438,1.0408316,0.031640172,-0.5862496
116,1420,-0.3425836,0.15655032,-0.13449249,-0.45564985,0.67028284,-0.18069607,0.36128432,-0.08120933,0.45127666,0.9631867,-0.2762931,0.13233823,0.6118952,0.3489781,-0.28304976,0.09406668
116,1437,-0.32961106,-0.5795891,0.56397736,-0.25814646,-0.6196737,-0.17972648,0.40081114,-0.2785761,0.42533728,-0.3811107,0.418412,0.25245458,-0.08572813,0.1797404,0.12794027,0.35756397
116,1444,-0.33079377,0.023958772,-0.54372776,-0.053722113,-0.7150312,0.11635598,-0.12564036,1.0626034,0.33712992,0.44507527,-0.1464935,0.3516903,-0.3242617,-0.40369543,0.31979865,-0.6415926
116,1454,-1.0053809,0.4779199,-0.43124843,-0.6222825,0.79983366,-0.08681362,0.24606377,-0.6265095,0.38184452,1.2060285,-0.3517561,0.5376996,0.32723033,-0.34360495,-0.32752472,-0.15454212
116,1463,-0.7176474,-0.37826946,0.2625941,-0.33913743,0.10286459,-0.7546888,0.037096865,-0.4674061,-0.10283155,-0.54331213,0.24846837,-0.028397903,0.2181776,0.31994563,0.17221712,-0.32620683
116,1465,0.12933078,0.24822149,0.4878767,0.20888792,0.7586167,0.0025713667,-0.28637803,0.2263105,-0.20302665,-0.36563894,0.2721893,-0.3383063,-0.17280012,-0.3861302,-0.057558835,0.13852361
116,1467,-0.1645531,0.90413344,0.4325121,0.5319975,0.37826532,-0.0141315535,-0.4816513,0.15486877,0.52529025,-0.68251455,-0.39103848,0.25539932,-0.34058595,-0.24043904,-0.4279768,0.11560035
116,1478,0.1293308,0.24822143,0.4878767,0.20888792,0.75861675,0.0025713667,-0.28637803,0.2263105,-0.20302662,-0.36563894,0.2721893,-0.33830625,-0.17280012,-0.3861302,-0.05755882,0.13852358
116,1481,0.41908747,-0.8166563,-0.22776134,0.45171666,-0.43683556,0.5357529,-0.0015153438,0.2808246,0.0111409575,0.06918211,0.13078253,0.26764077,0.18067157,0.04018187,0.2512342,-0.16086648
116,1496,0.75455135,-0.41931692,-0.45347154,0.5761066,-0.1989379,0.6355121,-0.041660503,0.10407903,-0.12680298,0.11300589,-0.16290176,0.1264291,0.29288512,0.26011506,0.014719836,0.053341586
116,1501,-0.10646765,-0.11018291,0.66350454,-0.27953058,-1.1705343,-0.13727418,0.6287272,-0.60643494,0.7268014,-0.56580704,0.1482436,0.29543835,-0.3270276,0.44019783,-0.17794369,0.9324932
116,1509,-0.27735797,-1.0546994,0.50246876,-0.2808007,0.2753792,-0.17532092,0.11457714,-0.025351841,-0.32015705,-0.16416839,0.8198413,-0.14046238,0.1518159,-0.16897844,0.47263086,-0.14853665
116,1510,-0.19645315,-1.0162011,0.48643684,-0.25742334,0.3261798,-0.13678643,0.096264124,-0.023270871,-0.39133507,-0.14584318,0.8136533,-0.1919402,0.14509222,-0.18631454,0.46371406,-0.13096051
116,1511,-0.29563472,0.13594851,-0.020472288,-0.49793446,0.6407388,-0.23532185,0.36801118,0.10876091,0.48271686,0.9431677,-0.21619064,0.027867705,0.59419197,0.42589265,-0.25303763,0.13022092
116,1518,0.5584267,-0.26506707,-0.49297732,0.5802586,-0.24366136,0.655868,0.0068383887,-0.0055001862,0.13731347,0.24986234,-0.33011776,0.33716273,0.33715895,0.19900426,-0.08607572,0.04388993
116,1519,-0.05934131,-0.18926403,-0.37436426,0.0768509,-0.27803746,0.09038639,0.004268691,0.8031896,0.41628453,0.43683377,-0.18462566,0.25137228,0.2203143,0.16167614,0.1449138,-0.35722944
116,1535,-0.8527982,0.1907861,0.10464606,-0.06827249,-0.70001525,-0.8697946,-0.017459005,-0.45928967,0.61225903,-0.9353045,-0.30780452,0.483777,0.09677791,0.70781124,-0.06385189,-0.27642515
116,1537,0.27072906,-0.2653949,-0.3832618,-0.46693313,0.19616663,-0.7007943,0.090862215,-0.1529929,-0.9802247,-0.0469997,-0.03901422,-0.7924543,0.25570002,0.7140664,0.16315892,-0.46817273
116,1540,0.106740564,0.7795385,-0.08068198,-0.90841174,-0.9691869,0.048438735,0.19782935,0.27743858,-0.4089444,0.81119275,0.15623003,-0.5834123,-1.0727648,-0.88674146,0.16243792,0.33251646
116,1546,0.24023306,1.0299646,0.3422385,0.50550056,0.8549926,0.049616203,-0.5422307,0.33209875,-0.026194222,-0.5327658,-0.20170641,-0.27342802,-0.37800482,-0.44855902,-0.37237608,0.13439329
116,1561,0.17508829,0.7906331,0.40076214,0.4777696,0.70602024,0.1031463,-0.4693418,0.339159,0.07926683,-0.48907363,-0.10117701,-0.15708272,-0.3411481,-0.433568,-0.2932989,0.1590835
116,1567,0.21626136,0.9653089,-0.20092623,-1.0847958,-1.0726018,0.2751464,0.30718547,-0.5556175,-0.9411794,0.9487339,0.21732718,-0.7303717,-1.4105024,-1.3621119,0.06958844,0.55642176
116,1570,-0.12870634,-0.14074284,0.66971034,-0.28590095,-1.1553539,-0.1484932,0.6239332,-0.5968513,0.72276664,-0.5693824,0.16812754,0.29901838,-0.318148,0.43093014,-0.16102551,0.91032094
116,1575,0.01998613,-1.0635595,0.44816685,-0.047145754,0.17207831,0.14492553,0.046390243,0.06307223,-0.3670786,-0.13577828,0.82037127,-0.067123815,0.07586742,-0.2939773,0.48909616,-0.090067014
116,1577,0.71431106,-0.30186766,-0.4720077,0.6701862,-0.28746146,0.7442512,-0.03694266,0.050466076,0.0635824,0.160606,-0.28390735,0.29859284,0.28776765,0.20504749,-0.062664434,0.09712432
116,1580,0.8072717,0.6404314,-0.9942697,-0.33950204,-0.2266483,-0.99843395,-0.105899304,-0.27463645,-1.3664228,-0.32845494,-0.80422497,-1.2162827,0.052350216,1.3039056,-0.12945634,-0.6335647
116,1596,0.19135949,0.84938204,0.4234444,0.49355584,0.76892257,0.096481726,-0.500581,0.35351348,0.062408857,-0.5213223,-0.10442871,-0.18947853,-0.36291876,-0.46182287,-0.3109188,0.17180902
116,1602,-0.07257149,-1.032631,0.4909585,-0.19440721,0.3580681,-0.037742652,0.06698033,-0.005027879,-0.47399044,-0.14952487,0.8533265,-0.22008021,0.120505646,-0.2502138,0.4849475,-0.10347168
116,1623,0.18319549,0.4650533,0.44429982,0.31301832,0.7622883,0.053096637,-0.3537618,0.2826914,-0.13007647,-0.39342347,0.13822547,-0.30297965,-0.23906025,-0.41432598,-0.14689611,0.15218134
116,1638,0.16499934,0.4344587,0.4933675,0.26023233,0.8661854,-0.013181962,-0.3599245,0.24986467,-0.21958566,-0.42968857,0.20530964,-0.38770527,-0.2261503,-0.42683893,-0.12333907,0.148362
116,1650,-0.4036242,-0.019099444,-0.48886168,-0.08083862,-0.837451,-0.060272686,-0.23533075,1.7643687,0.54125327,0.40113953,-0.0961864,0.2967977,-0.32054022,-0.27174067,0.4885006,-0.83630514
116,1659,0.08454926,0.6040906,0.4092114,0.36663407,0.66765535,0.019581549,-0.39882934,0.24546538,0.023970082,-0.46697402,-0.015878662,-0.16698502,-0.2682563,-0.36705974,-0.22239704,0.114838764
116,1660,-0.05694936,-0.02559933,0.7036414,-0.28935385,-1.2744828,-0.12198027,0.68350327,-0.6924953,0.78333735,-0.6034929,0.106842235,0.29786974,-0.37488508,0.4875114,-0.24129982,1.0693111
116,1662,-0.28815404,0.1857368,0.13520153,-0.6230077,0.5236801,-0.44428697,0.32822102,0.8454566,0.7044743,0.9951738,-0.18013197,-0.15157168,0.5691364,0.6052295,-0.15578072,0.061940003
116,1670,0.16733514,0.8534714,0.45314664,0.47456253,0.8178187,0.056660406,-0.5130362,0.33329147,0.037284464,-0.5562352,-0.0853,-0.2174422,-0.36303848,-0.46689138,-0.30900002,0.16863763
116,1679,-0.13513592,-0.3621364,0.78871715,-0.19260372,-0.7497091,-0.01640483,0.4880135,-0.47305602,0.553391,-0.5006704,0.38581663,0.24436948,-0.24085319,0.16649489,-0.038414136,0.79760563
116,1683,0.0065149814,0.26695052,-0.52742076,0.15642457,0.34724188,0.453592,0.16180176,-0.7120078,0.17801332,0.66445535,-0.48333585,0.43765432,0.39844963,-0.060567297,-0.36748856,0.15643947
116,1696,-0.3657963,0.16843852,-0.19594796,-0.43284333,0.6743643,-0.15606219,0.35378528,-0.15455957,0.4401029,0.972309,-0.30923182,0.18429849,0.6169066,0.3109372,-0.29354656,0.06760292
116,1702,0.115377575,0.6985476,0.42607212,0.40800107,0.72349906,0.03402569,-0.44218314,0.27892786,0.03049852,-0.501042,-0.042590722,-0.18481757,-0.30436715,-0.40484717,-0.255365,0.13536069
116,1704,0.23017913,1.0794317,0.30451274,0.54626864,0.77740407,0.078575656,-0.54912585,0.34176117,0.05491825,-0.5280279,-0.2748145,-0.19800945,-0.39090505,-0.4305451,-0.40246755,0.12700997
116,1707,0.66198707,-0.08980578,-0.47536236,0.67671454,-0.14221612,0.8205699,-0.025888398,-0.2294724,0.08502066,0.23597181,-0.37148368,0.36017838,0.29663518,0.108576536,-0.18780936,0.22480036
116,1713,0.3445976,-0.77326727,-0.11774857,0.38123173,-0.35081238,0.47781742,0.01371339,0.22664602,-0.015410677,0.04286798,0.20021304,0.23169139,0.14549272,-0.004241027,0.24549264,-0.1244418
116,1716,-0.09885594,-1.0235744,0.48694158,-0.21138088,0.35578007,-0.06358401,0.07365544,-0.0098338425,-0.4599607,-0.14551508,0.8411784,-0.21949925,0.12756637,-0.2330667,0.4782604,-0.11035541
116,1733,0.1197101,0.30645624,0.49952143,0.21557021,0.8008832,-0.023188345,-0.31293607,0.21997464,-0.20796195,-0.40172908,0.2531917,-0.35453153,-0.18840936,-0.3947713,-0.07825881,0.13576025
116,1743,0.008214578,-1.0541756,0.4559843,-0.060504407,0.18998486,0.12876238,0.048304215,0.05524924,-0.37117934,-0.13743329,0.8228308,-0.078820676,0.07788328,-0.29368642,0.4859982,-0.087138794
116,1760,0.106740564,0.77953863,-0.08068198,-0.90841174,-0.96918696,0.048438758,0.19782934,0.27743852,-0.40894443,0.8111928,0.15623003,-0.58341235,-1.0727646,-0.88674146,0.16243792,0.33251646
116,1770,0.67626244,-0.3238453,-0.50176424,0.65394914,-0.31461143,0.7228786,-0.026695192,0.07375106,0.093903355,0.1883532,-0.3039776,0.3203872,0.30423093,0.21101208,-0.053864256,0.052964147
116,1773,0.19927552,1.1700649,0.32509142,0.58744866,0.7769861,0.07142122,-0.5904054,0.3443085,0.1268464,-0.58741593,-0.33428687,-0.15131705,-0.4231989,-0.43802378,-0.4454894,0.13407794
116,1787,0.602378,-0.68166935,-0.30631238,0.5952512,-0.42917678,0.6816319,-0.048320666,0.2304859,-0.004646115,0.042136263,0.023020342,0.27257547,0.18041927,0.07013513,0.16193183,-0.047835782
116,1789,-0.27735797,-1.0546994,0.50246876,-0.2808007,0.2753792,-0.17532095,0.114577144,-0.025351841,-0.32015708,-0.16416839,0.8198414,-0.14046238,0.1518159,-0.16897845,0.47263086,-0.14853665
116,1804,0.027664743,-0.73558366,-0.05350934,-0.5205211,0.42477518,-0.5371276,0.18091705,-0.09162378,-0.81343,0.077874854,0.37055707,-0.5941717,0.35131532,0.40027523,0.32189724,-0.3727738
116,1815,-0.28815404,0.1857368,0.13520153,-0.6230078,0.5236802,-0.44428697,0.32822102,0.8454566,0.7044743,0.9951737,-0.18013191,-0.15157165,0.5691364,0.6052295,-0.15578072,0.061940003
116,1820,-0.8357878,0.09644064,0.15082578,-0.12368418,-0.5756331,-0.8658618,0.002095759,-0.48234606,0.5045033,-0.8870459,-0.21235058,0.3979293,0.12030629,0.656505,-0.028046891,-0.26663244
116,1829,-0.008880444,0.029008597,0.7002586,-0.28136235,-1.2897135,-0.09476989,0.69415766,-0.73852015,0.77307916,-0.5938051,0.074895814,0.27661365,-0.38852137,0.50264347,-0.2785961,1.1260055
116,1830,0.019986123,-1.0635595,0.44816685,-0.04714576,0.17207837,0.14492553,0.046390243,0.06307223,-0.36707857,-0.13577828,0.82037127,-0.067123815,0.07586742,-0.2939773,0.48909616,-0.090067014
116,1846,-0.039908193,-0.89371526,0.088580795,-0.45591867,0.42784148,-0.38916293,0.18339445,-0.0393585,-0.6833794,0.088832304,0.5231725,-0.45133966,0.3391096,0.22671649,0.3805442,-0.31012622
116,1847,-0.33957928,0.010131776,-0.52723783,-0.06227941,-0.735548,0.0994018,-0.13125616,1.1092544,0.33931506,0.42952076,-0.12538084,0.34026688,-0.3391643,-0.40449774,0.34060693,-0.65693665
116,1850,0.22116306,0.5642079,0.48472643,0.33785635,0.8828981,0.043121204,-0.40704578,0.31077558,-0.17344636,-0.44527125,0.14093745,-0.37251037,-0.2760846,-0.4677539,-0.17438845,0.1767222
116,1856,-0.8270174,0.354808,0.007997759,0.010710202,-0.85208666,-0.8611754,-0.043319613,-0.41614407,0.72094727,-0.9657849,-0.4609964,0.5651978,0.06599336,0.7782208,-0.1255988,-0.29048172
116,1857,-0.30775085,-0.73655903,0.717888,-0.16364615,0.22134578,-0.12414669,0.11354225,-0.112906024,-0.023562834,-0.34349474,0.71204466,-0.036721095,0.02854728,-0.19012983,0.2809365,0.15324374
116,1861,0.20082173,0.9648602,-0.20277448,-1.0666353,-1.0962751,0.25432295,0.27616036,-0.43225294,-0.88812834,0.924794,0.20703569,-0.7119,-1.4049106,-1.3365026,0.09240976,0.5159154
116,1894,0.74060637,-0.44848835,-0.4320618,0.58304137,-0.22840665,0.64658487,-0.04653357,0.11736123,-0.11553877,0.0978134,-0.1374765,0.14247231,0.2733552,0.23229879,0.031725943,0.046560396
116,1897,-0.33039516,0.44333872,0.43614054,0.34574813,0.13658366,-0.08625818,-0.28359193,-0.009068202,0.5394956,-0.57656395,-0.23967248,0.361327,-0.17552951,-0.07489551,-0.27827668,0.065127015
116,1902,0.63289547,-0.6255006,-0.015081979,0.501387,-0.055496514,0.65280104,-0.064864874,0.049204603,-0.28180245,-0.10068043,0.2781941,0.06703101,0.100707956,-0.0903407,0.16534387,0.119215384
116,1922,0.10681984,0.66299987,0.4156047,0.39466453,0.69663334,0.0331956,-0.42436403,0.26857236,0.030705802,-0.48385334,-0.035277247,-0.17497228,-0.29069006,-0.38977262,-0.24336688,0.12775475
116,1937,0.0049078763,0.052042782,0.6739447,-0.27661842,-1.3014324,-0.0950303,0.6859441,-0.7209237,0.76814973,-0.5880767,0.054776818,0.27007347,-0.39636877,0.5104727,-0.2825377,1.1146901
116,1938,-0.3100545,0.66574514,0.45787734,0.43556106,0.22139373,-0.07796941,-0.38366395,0.039702997,0.59168154,-0.6679244,-0.33416808,0.36281374,-0.2549066,-0.13413243,-0.36124212,0.08589761
116,1940,-0.2352785,0.7301619,-0.30628407,-0.8672606,-0.61062753,0.1794863,0.199095,-0.27399358,-0.498627,0.9667706,0.08078984,-0.30313313,-0.9630613,-1.1429373,0.049152464,0.1266617
116,1941,0.21626142,0.965309,-0.20092623,-1.084796,-1.0726018,0.2751464,0.30718547,-0.5556175,-0.9411795,0.94873375,0.21732718,-0.7303718,-1.4105024,-1.3621119,0.069588445,0.5564219
116,1953,0.71002007,-0.30299306,-0.2473302,0.28027743,-0.028026544,0.24750084,-0.06496172,-0.056311738,-0.5975551,-0.1417909,0.023834065,-0.2904244,0.1016893,0.2567408,0.08242105,-0.04155973
116,1959,0.038249753,0.35326532,-0.54408085,0.17775583,0.4333455,0.49337348,0.1635257,-0.8203168,0.17078853,0.6908539,-0.5265935,0.43681473,0.43164364,-0.0568334,-0.42649674,0.22692807
116,1965,-0.2660272,0.015316606,-0.5165023,-0.044487186,-0.61209166,0.17187959,-0.0605229,0.7556316,0.25369695,0.45998478,-0.14859918,0.33511305,-0.27007714,-0.38888228,0.23747656,-0.51541436
116,1971,0.18055633,0.80688965,0.40447384,0.47795182,0.7285236,0.09662107,-0.47699153,0.33961415,0.06557013,-0.49684346,-0.10086152,-0.17312257,-0.34502694,-0.43957746,-0.2973795,0.16009063
116,1975,0.59294057,-0.07191819,-0.47876585,0.6381824,-0.13121533,0.80183995,-0.01060386,-0.27353075,0.095580935,0.26714092,-0.3778581,0.38196534,0.28951877,0.07171089,-0.19542654,0.21144007
116,1978,-0.53958505,0.50097454,-0.310883,-0.673156,-0.16659027,0.07468578,0.14639457,-0.14334314,-0.11726677,0.9271139,-0.017885104,0.035417706,-0.49075338,-0.8181706,-0.0002084747,-0.105982274
116,1980,0.013069093,0.20617315,-0.5311797,0.16713257,0.27177703,0.44996428,0.1541572,-0.63445324,0.17971265,0.6411197,-0.4663629,0.44341475,0.37463716,-0.06034328,-0.32882136,0.11170131
116,1989,-0.19645375,-0.51498127,0.7749894,-0.16048183,-0.43821818,-0.01601649,0.36408532,-0.33503523,0.39198938,-0.4343115,0.5055244,0.18614182,-0.14813104,0.02480148,0.07555759,0.58351755
116,2007,0.6024459,-0.32932726,-0.49358642,0.60263735,-0.30435646,0.66649973,-0.00655175,0.07394059,0.11876021,0.21389711,-0.30082226,0.3230707,0.3183961,0.21403182,-0.0488261,0.021039229
116,2020,0.72401845,-0.46553552,-0.42010736,0.5810614,-0.24635994,0.6460184,-0.046320826,0.12645663,-0.10419469,0.09310607,-0.12439835,0.1533541,0.2643145,0.21852297,0.041974083,0.038039323
116,2028,-0.34564346,-0.031036228,-0.2827875,-0.16145946,0.3180398,0.01744128,0.21233499,-0.13006124,0.3378266,0.6756688,-0.21208906,0.3542639,0.43370518,0.08428852,-0.12614037,-0.12226373
116,2033,-0.743359,0.3335317,-0.14435887,-0.19648336,-0.19609699,-1.0420923,-0.14723061,-0.53382516,-0.007955812,-0.8213268,-0.3374108,0.031966656,0.12219295,0.6658619,-0.054560274,-0.5459321
116,2037,-0.004216321,-0.973004,0.26998514,-0.22552632,0.2709088,-0.09773729,0.107041314,0.016198695,-0.50605404,-0.032355778,0.6665387,-0.23530294,0.19501412,-0.04495041,0.43337232,-0.19622198
116,2038,0.080281734,-0.18421583,-0.3877073,0.15540755,-0.15702747,0.2094952,0.05734922,0.46594784,0.33704177,0.45503017,-0.2344763,0.25306702,0.31652084,0.20703237,0.03249111,-0.19971837
116,2048,-0.39459267,0.012871176,-0.53936034,-0.07127179,-0.8444486,0.031772435,-0.19870158,1.4439522,0.4254524,0.39981806,-0.112962574,0.33935732,-0.39168522,-0.40196723,0.4322402,-0.77924955
116,2053,0.2265971,1.0363744,0.29751647,0.52315193,0.76884246,0.070325345,-0.52933246,0.32813013,0.03246823,-0.50943166,-0.2540199,-0.20826058,-0.37353554,-0.41779622,-0.38481325,0.11907688
116,2055,0.5485963,-0.28280985,-0.49525237,0.5732491,-0.25812536,0.64481896,0.009194098,0.013940863,0.14179946,0.25031728,-0.32576913,0.33756518,0.3377549,0.20311198,-0.07597062,0.027289715
116,2057,0.8720093,0.68191814,-0.9930092,-0.20924889,-0.31474954,-0.86426574,-0.1470701,-0.2502092,-1.2903758,-0.3644552,-0.82877445,-1.1327378,0.0046932623,1.2465973,-0.15034793,-0.58329993
116,2072,-0.36284137,-0.60583526,0.49766618,-0.29366678,0.5480727,-0.41135857,-0.0011570677,-0.18705083,-0.3966772,-0.3233737,0.62228024,-0.31651264,0.14158612,-0.077511355,0.28926453,-0.12960488
116,2084,-0.0062320605,0.830065,-0.24892603,-0.9595208,-0.8429063,0.23477654,0.24657111,-0.41490868,-0.72552574,0.938755,0.15566957,-0.51380074,-1.1871752,-1.2565545,0.063612685,0.33346432
116,2100,0.22133419,0.58187807,0.48656327,0.33622277,0.9031663,0.03179934,-0.41467643,0.30657423,-0.18587115,-0.45514864,0.13777402,-0.38632053,-0.27879044,-0.47003555,-0.17955633,0.1745568
116,2101,-0.0030752197,-1.0134906,0.4502244,-0.060879506,0.18744227,0.12117539,0.051388398,0.047088046,-0.34924746,-0.13186276,0.7962793,-0.07410845,0.076874286,-0.28397,0.46446198,-0.07769271
116,2108,-0.30745816,0.15660152,0.017782092,-0.54591835,0.63359374,-0.295337,0.36617208,0.29352373,0.5514912,0.9813873,-0.21230799,-0.015147105,0.60141045,0.47703215,-0.23608185,0.11686139
116,2116,0.2010917,0.79732573,0.3494649,0.43277156,0.7532618,0.058626704,-0.4525059,0.30175152,-0.030522317,-0.45822436,-0.09914309,-0.23982687,-0.31385595,-0.40687078,-0.28682053,0.1259756
116,2119,0.7928067,-0.2900214,-0.50465125,0.71563077,-0.2794572,0.7903605,-0.051409617,0.048352327,0.036714286,0.15247679,-0.30553123,0.28791916,0.29613435,0.22410445,-0.075724155,0.12219718
116,2125,-0.58647597,0.18399134,-0.03664565,-0.22265254,0.17925397,-0.8732016,-0.14811163,-0.46761483,-0.26742306,-0.6426053,-0.11590731,-0.18127565,0.11805463,0.4092474,-0.0009878501,-0.48009393
116,2133,0.024181351,0.11789963,-0.5079319,0.18467288,0.15373245,0.45292938,0.13867977,-0.5353388,0.16522568,0.5828954,-0.416669,0.4428224,0.31184617,-0.07919676,-0.26851934,0.06468882
116,2136,0.08454929,0.6040906,0.4092114,0.36663413,0.66765535,0.019581564,-0.39882928,0.2454654,0.023970079,-0.46697402,-0.015878662,-0.16698499,-0.26825628,-0.36705974,-0.22239704,0.11483878
116,2151,-0.40362424,-0.019099444,-0.48886168,-0.080838606,-0.8374511,-0.060272686,-0.23533075,1.7643688,0.54125327,0.4011395,-0.0961864,0.2967977,-0.32054022,-0.2717407,0.48850054,-0.8363051
116,2172,-0.29173318,0.7187041,0.4605083,0.46025956,0.24612048,-0.066573896,-0.40729797,0.06059567,0.5972354,-0.68222487,-0.35220838,0.3561011,-0.2751627,-0.15446827,-0.3793105,0.09448174
116,2194,0.027664743,-0.73558366,-0.053509325,-0.5205212,0.42477518,-0.5371277,0.18091705,-0.09162378,-0.81342995,0.077874854,0.37055707,-0.59417176,0.35131535,0.40027526,0.3218972,-0.37277377
116,2196,0.16775379,-0.17566054,-0.3981653,0.2070116,-0.08294907,0.289612,0.0898878,0.24472903,0.28592467,0.4623779,-0.26805136,0.25974607,0.3724862,0.22955385,-0.041230142,-0.09917481
116,2203,0.033737242,0.31630424,-0.4865892,0.16287711,0.44484425,0.45085683,0.16589205,-0.77156115,0.17486829,0.655928,-0.47947,0.4022357,0.44553122,-0.019034574,-0.4012066,0.22706725
116,2206,-0.3644066,-1.0614544,0.50154024,-0.29195982,0.19200587,-0.21370512,0.13683008,-0.023066733,-0.21347761,-0.18309507,0.79368716,-0.06382595,0.15613034,-0.13418838,0.4647153,-0.16513193
116,2214,-0.3307938,0.023958802,-0.54372776,-0.053722106,-0.7150312,0.11635598,-0.12564035,1.0626034,0.33712995,0.44507533,-0.1464935,0.3516903,-0.32426172,-0.40369543,0.31979865,-0.6415927
116,2216,0.018526413,-1.0514936,0.4392349,-0.041537367,0.15751901,0.14847057,0.047791183,0.06528378,-0.35190135,-0.13034728,0.8055152,-0.056427866,0.07509698,-0.28771824,0.48157018,-0.08995621
116,2217,0.028228648,-1.0334423,0.41030157,-0.047310665,0.16200775,0.13647251,0.050980676,0.06652082,-0.3650791,-0.11382388,0.7795685,-0.07016045,0.087330684,-0.25959197,0.4712146,-0.09920144
116,2224,-0.08296517,1.0832272,0.42255908,0.58683133,0.51003134,-0.002478607,-0.5563573,0.20971134,0.46681917,-0.71720695,-0.43455815,0.16913609,-0.39649054,-0.30564293,-0.47987866,0.12900747
116,2237,0.6031977,-0.06149122,-0.4947003,0.64732504,-0.12491427,0.81263304,-0.011056252,-0.28415856,0.097904496,0.2765486,-0.394305,0.3874535,0.29876003,0.07557424,-0.20463072,0.2157756
116,2246,0.16924734,0.46012697,0.47315896,0.2884918,0.82003736,0.014816262,-0.3619365,0.2647296,-0.1715622,-0.420035,0.16820706,-0.345169,-0.23631582,-0.42206827,-0.13933302,0.15023468
116,2258,0.096829414,0.62907016,0.40287542,0.38006878,0.66957605,0.029695287,-0.40638977,0.25569364,0.029524349,-0.4668666,-0.030094013,-0.16564624,-0.2761704,-0.3725726,-0.23207246,0.11810139
116,2265,0.6380954,-0.1485534,-0.47410262,0.6446487,-0.16541909,0.7581966,-0.015541226,-0.14639524,0.099086486,0.23481733,-0.35301882,0.34023944,0.3167141,0.15374577,-0.15361087,0.16927682
116,2270,-0.38154155,-0.7268231,0.5541864,-0.26023674,-0.4376126,-0.18983147,0.33663046,-0.19462441,0.31444284,-0.33021212,0.51719564,0.21916653,-0.017249294,0.09414924,0.22160017,0.20495073
116,2272,0.21626142,0.9653089,-0.20092623,-1.0847958,-1.0726018,0.27514642,0.30718547,-0.5556175,-0.9411795,0.94873387,0.21732718,-0.7303718,-1.4105024,-1.3621118,0.06958844,0.55642176
116,2278,0.742778,-0.34966472,-0.4401043,0.5831491,-0.1826572,0.64477414,-0.033301443,0.07007374,-0.09011396,0.12293982,-0.1926957,0.14982572,0.2895304,0.2572467,-0.020641834,0.088578075
116,2280,-0.21012317,-0.31092328,0.62433875,-0.27640933,-0.9615733,-0.16407707,0.53803056,-0.46826303,0.6144314,-0.5005373,0.2628201,0.28600046,-0.23321927,0.33660462,-0.047856957,0.69340205
116,2283,0.50365543,-0.06855741,-0.49790877,0.5711633,-0.10282289,0.73479193,0.017590716,-0.2853515,0.12026055,0.32031327,-0.3939767,0.3927647,0.31541756,0.07424737,-0.19647913,0.16500403
116,2286,-0.36284137,-0.6058353,0.49766618,-0.29366684,0.54807264,-0.41135857,-0.0011570752,-0.18705082,-0.3966772,-0.32337373,0.62228024,-0.3165127,0.14158612,-0.077511355,0.28926453,-0.12960488
116,2288,0.6195265,-0.62336177,-0.021961585,0.51367205,-0.094332285,0.66194344,-0.06278348,0.061778955,-0.24354759,-0.095916934,0.26370105,0.0967162,0.095150575,-0.092265315,0.16295522,0.113323584
116,2291,-0.8527983,0.19078603,0.10464605,-0.06827249,-0.7000153,-0.86979467,-0.017459035,-0.4592896,0.61225903,-0.9353045,-0.30780447,0.48377705,0.09677791,0.70781124,-0.06385191,-0.27642515
116,2292,-0.76551133,0.37625363,-0.32690144,-0.56611156,0.23984802,-0.0046966746,0.1526559,-0.203937,0.15877403,0.9558492,-0.124765456,0.29575455,-0.098240934,-0.55964655,-0.09245157,-0.20949729
116,2303,-0.13485551,-0.16362025,0.64811075,-0.27487004,-1.1101159,-0.14230761,0.60157025,-0.5637297,0.6961601,-0.54405576,0.17702357,0.2951173,-0.2991374,0.4103119,-0.14230229,0.86161757
116,2306,-0.08296517,1.0832272,0.42255908,0.58683133,0.51003134,-0.002478607,-0.5563573,0.20971134,0.46681917,-0.71720695,-0.43455815,0.16913609,-0.39649054,-0.30564293,-0.47987866,0.12900747
116,2312,-0.13513592,-0.3621364,0.7887171,-0.19260375,-0.7497092,-0.01640483,0.4880135,-0.47305596,0.553391,-0.5006703,0.38581663,0.24436949,-0.24085328,0.1664949,-0.03841418,0.7976056
116,2334,-0.35632044,0.16544357,0.24603304,-0.66100633,0.20015201,-0.60199237,0.17962472,1.7070441,0.890294,0.8851061,-0.08259985,-0.23730658,0.37067607,0.6046402,0.06972337,-0.15528955
116,2336,0.7040545,-0.4932407,-0.39141333,0.5920425,-0.2838179,0.6627445,-0.05071695,0.14055789,-0.08093726,0.075646564,-0.09736228,0.18008973,0.23929325,0.18266149,0.058234468,0.033438582
116,2350,-0.0015183687,0.045725673,0.68932605,-0.28196448,-1.3086706,-0.09789344,0.6943879,-0.7325426,0.77781016,-0.59708965,0.06220892,0.27478418,-0.39800483,0.5115448,-0.28332633,1.1279526
116,2355,-0.83296746,0.15691677,0.124158084,-0.07205272,-0.67864877,-0.84062856,-0.0049528778,-0.45433086,0.5987904,-0.9079045,-0.27746674,0.47203827,0.099819615,0.68319887,-0.055061325,-0.25680634
116,2366,-0.60712767,0.2226412,-0.053053662,-0.21036313,0.12520853,-0.89862156,-0.15693848,-0.46786958,-0.22368217,-0.6780611,-0.15544215,-0.14856781,0.11278689,0.4454925,-0.013209283,-0.4898502
116,2369,0.7337559,0.5334959,-0.9192575,-0.33720124,-0.20220211,-0.9477123,-0.09043078,-0.2471779,-1.2924535,-0.3012563,-0.71567166,-1.1416864,0.06866617,1.2214183,-0.09329793,-0.6138778
116,2380,-0.9663379,0.44957796,-0.40234613,-0.6029682,0.814583,-0.087103374,0.25450778,-0.65406036,0.37650374,1.1750883,-0.34330934,0.5237575,0.36273932,-0.29684755,-0.33457756,-0.12129399
116,2396,0.6357481,-0.12588033,-0.45557547,0.64814967,-0.15314515,0.7742886,-0.0190894,-0.18112996,0.090589926,0.2268635,-0.34550583,0.3438849,0.2988101,0.12741828,-0.16285603,0.19385457
116,2401,0.2008217,0.9648602,-0.20277445,-1.0666354,-1.0962751,0.25432298,0.27616036,-0.43225297,-0.8881284,0.92479396,0.20703569,-0.7119001,-1.4049103,-1.3365026,0.09240976,0.5159154
116,2402,0.1407801,0.8010129,-0.112892285,-0.9122997,-1.0263879,0.122419976,0.20854501,0.07016399,-0.5400915,0.7949015,0.17946576,-0.5927482,-1.1676128,-1.0110745,0.15682875,0.37950778
116,2413,-0.004216321,-0.973004,0.26998514,-0.22552632,0.2709088,-0.09773729,0.107041314,0.016198695,-0.5060541,-0.032355778,0.6665387,-0.23530291,0.19501412,-0.044950403,0.43337232,-0.19622199
116,2421,-0.056325413,-0.029766321,0.69123656,-0.28398198,-1.2578368,-0.119205125,0.6734508,-0.6779303,0.77153313,-0.5924022,0.10655199,0.29487765,-0.36851445,0.4810678,-0.23542105,1.0495671
116,2425,0.36787587,-0.7960347,-0.14345808,0.3994919,-0.36967498,0.4947314,0.009081416,0.24168056,-0.016962998,0.04716656,0.1906308,0.23751274,0.15519667,0.0042218827,0.2524917,-0.1358217
116,2437,0.020436108,0.17340258,-0.39216423,0.14780965,0.32925162,0.3883636,0.15616526,-0.60137266,0.16713367,0.5571466,-0.36582488,0.36082646,0.39242393,0.00012016483,-0.30205095,0.16344191
116,2438,0.10495421,0.22400472,0.45569557,0.16477689,0.7581572,-0.04901565,-0.26576507,0.17534828,-0.25222978,-0.3574203,0.26872927,-0.3627674,-0.14536229,-0.3464034,-0.046545893,0.10217869
116,2451,0.71002,-0.30299306,-0.24733017,0.28027743,-0.028026529,0.24750084,-0.06496172,-0.056311753,-0.5975551,-0.1417909,0.023834065,-0.2904244,0.1016893,0.25674084,0.08242105,-0.04155973
116,2453,-0.108940914,0.47805193,0.1266485,-0.78372896,-0.49207807,-0.31814831,0.15938252,1.2333494,0.32113302,0.82020557,0.059091344,-0.43166727,-0.38499144,-0.098723665,0.16889474,0.06965174
116,2464,0.68757355,-0.095178545,-0.5077045,0.69649404,-0.15124954,0.83312464,-0.028531149,-0.21375969,0.092827156,0.24617317,-0.39680415,0.36680323,0.31589854,0.12898664,-0.1911964,0.21555848
116,2478,-0.2261031,-0.34838134,0.60217524,-0.2629789,-0.89923334,-0.15938735,0.50888056,-0.42739898,0.58266735,-0.47139937,0.2794831,0.28425938,-0.20444432,0.3082339,-0.020348415,0.6274424
116,2479,0.22017136,0.5695832,0.48574603,0.33413607,0.89419866,0.035059914,-0.40950608,0.3065362,-0.18301165,-0.44968134,0.14172864,-0.38166726,-0.2757965,-0.46777004,-0.17538734,0.17461115
116,2484,-0.75918245,0.36303487,-0.12629363,-0.18834738,-0.26282623,-1.0582026,-0.13683876,-0.5493334,0.059583835,-0.8636995,-0.36428225,0.07124068,0.11543446,0.6991585,-0.071198866,-0.517351
116,2487,0.1814422,0.50055707,0.4776458,0.3051731,0.841774,0.019676186,-0.37947792,0.27708068,-0.16922933,-0.433488,0.15491661,-0.3522097,-0.2506682,-0.4359017,-0.15367256,0.15721838
116,2492,-0.78349054,-0.06954837,0.23943588,-0.19322486,-0.36623967,-0.80154204,0.045319855,-0.50147784,0.34116653,-0.7755676,-0.04339713,0.26935256,0.15171094,0.5321121,0.026481196,-0.2239635
116,2496,-0.113666125,-0.26318675,0.76527554,-0.23098059,-0.9389822,-0.05060167,0.56643575,-0.57167095,0.63361734,-0.5308343,0.29230803,0.269526,-0.2769009,0.2851981,-0.107806325,0.897243
116,2501,0.78048646,0.6103147,-0.96706665,-0.33036107,-0.22784409,-0.9733038,-0.10279608,-0.26409388,-1.3293382,-0.32149795,-0.77769524,-1.1809741,0.053304445,1.2709477,-0.12020153,-0.6232726
116,2509,-0.3800831,0.016082525,-0.5451105,-0.066583276,-0.8122365,0.056297384,-0.1792977,1.3407376,0.40291715,0.4143766,-0.12488264,0.34720302,-0.37512746,-0.40585876,0.40161276,-0.7458078
116,2516,0.01039359,-0.9772035,0.32457292,-0.13089418,0.2021637,0.018523514,0.080802046,0.03998156,-0.41926283,-0.06601458,0.69693196,-0.14431398,0.14188832,-0.13867791,0.4376883,-0.14751004
116,2517,-0.014630772,0.06209609,-0.5174837,0.1554403,0.033372536,0.43826663,0.13657412,-0.44649577,0.1438931,0.56934977,-0.37414473,0.4449154,0.22086647,-0.1438337,-0.2086205,-0.011761166
116,2524,0.12209901,0.7770238,-0.09250121,-0.899509,-0.9905404,0.08183168,0.20164433,0.18597439,-0.4611773,0.79421455,0.16740257,-0.5799539,-1.1048397,-0.93179625,0.16089252,0.35073352
116,2527,0.6593292,0.38879475,-0.84106326,-0.3758464,-0.12626587,-0.9306134,-0.062279284,-0.22764575,-1.2682279,-0.26185298,-0.6004187,-1.1074097,0.10790593,1.1526651,-0.04099238,-0.6064251
116,2529,0.026683867,0.2681801,-0.44876367,0.15458518,0.4104355,0.4256111,0.16341111,-0.7146635,0.17211106,0.6207565,-0.4369626,0.3850065,0.42864785,-0.010942582,-0.36734092,0.20761941
116,2542,0.5451856,-0.08764294,-0.4645642,0.5989723,-0.12589309,0.7559669,0.0021873787,-0.25930917,0.10398902,0.27499685,-0.36233628,0.37565565,0.29316878,0.07554634,-0.18256854,0.18569511
116,2563,-0.046235643,-1.0265867,0.48271513,-0.16846424,0.341539,-0.004918061,0.06163529,0.0031963587,-0.46946383,-0.14641881,0.8466262,-0.20627798,0.11298813,-0.26054293,0.48221642,-0.09620269
116,2566,-0.40843362,0.007814437,-0.5204188,-0.074731424,-0.88003397,-0.013390757,-0.23389517,1.6482377,0.4802625,0.38763967,-0.09707028,0.31807,-0.39536655,-0.37115863,0.4813797,-0.8281163
116,2579,0.86259884,0.2813948,-0.7136889,0.012483861,-0.18523411,-0.39415148,-0.13275316,-0.16208966,-1.0491669,-0.28850502,-0.4897517,-0.8171801,0.052118994,0.8569571,-0.054571316,-0.35786724
116,2582,0.66645706,-0.5655884,-0.06942034,0.44286835,-0.029705212,0.5524106,-0.06702055,0.022292383,-0.38805425,-0.11456198,0.23154664,-0.038738817,0.10545164,-0.0065353904,0.1548812,0.07745072
116,2610,0.17508829,0.7906332,0.40076214,0.4777696,0.7060203,0.1031463,-0.4693418,0.33915904,0.07926683,-0.48907363,-0.10117698,-0.15708269,-0.34114808,-0.433568,-0.29329896,0.1590835
116,2613,0.019048728,0.32387057,-0.52535987,0.16118145,0.414729,0.468645,0.16531262,-0.78417045,0.17362794,0.679113,-0.50246865,0.43020874,0.42286298,-0.05488213,-0.4052158,0.20588915
116,2618,-0.019470453,0.07205129,-0.53070635,0.13847312,-0.0007054955,0.43690434,0.13878632,-0.42823392,0.13143313,0.5805009,-0.3698175,0.43607306,0.18493098,-0.17483054,-0.19700573,-0.025707254
116,2621,0.21626139,0.965309,-0.2009262,-1.0847958,-1.0726018,0.2751464,0.30718547,-0.5556175,-0.9411794,0.9487338,0.21732718,-0.7303718,-1.4105023,-1.3621118,0.06958844,0.55642176
116,2630,0.033737242,0.3163043,-0.4865892,0.16287711,0.4448443,0.45085683,0.16589205,-0.77156115,0.1748683,0.655928,-0.47946995,0.4022357,0.4455312,-0.019034566,-0.40120655,0.22706722
116,2634,-0.025231529,-0.90472317,0.16223012,-0.33746558,0.3399595,-0.24733374,0.14707452,-0.012734551,-0.5815571,0.03747925,0.5680983,-0.33866662,0.26955396,0.106433205,0.39161623,-0.25375682
116,2646,0.03239163,0.21638003,0.42243236,0.061480563,0.83961266,-0.20777914,-0.2555642,0.053005874,-0.38781753,-0.39715594,0.26934212,-0.45748377,-0.09927503,-0.27745685,-0.032408938,0.022105318
116,2649,0.8122474,-0.3041575,-0.47466898,0.66228044,-0.20403522,0.73175615,-0.050075084,0.04646788,-0.06167566,0.12602493,-0.24790147,0.19399495,0.2924585,0.25179082,-0.05596368,0.13091521
116,2651,-0.0038256608,-1.0274551,0.46057695,-0.069171384,0.2041401,0.11462362,0.050386764,0.044364136,-0.3658187,-0.13771245,0.8130611,-0.08663602,0.07831209,-0.29014218,0.47307336,-0.07866451
116,2652,0.5584267,-0.2650671,-0.49297732,0.58025867,-0.24366136,0.655868,0.0068384036,-0.0055001825,0.13731347,0.24986237,-0.33011776,0.33716273,0.33715892,0.19900425,-0.08607572,0.043889936
116,2653,-0.32961106,-0.5795891,0.56397736,-0.25814646,-0.6196737,-0.17972654,0.40081114,-0.27857605,0.42533726,-0.38111064,0.41841197,0.2524546,-0.085728146,0.1797404,0.12794027,0.357564
116,2665,-0.8191768,0.30191842,0.042478744,-0.0007942356,-0.8201536,-0.83737314,-0.028588086,-0.414534,0.7062588,-0.9436376,-0.41368008,0.55336815,0.07190333,0.7485603,-0.109055206,-0.26969382
116,2667,-0.116567254,-0.9939647,0.4769354,-0.21911077,0.35178643,-0.08131523,0.07926657,-0.016159344,-0.44076955,-0.13872066,0.8151481,-0.21722136,0.1320143,-0.2139496,0.4607746,-0.11013276
116,2674,-0.20192514,-0.531444,0.7642062,-0.15180981,-0.40206844,-0.012459628,0.34614122,-0.31182095,0.3728728,-0.42024267,0.5142135,0.18245268,-0.13477632,0.008206403,0.08953443,0.5500696
116,2681,-0.5119479,0.4865935,-0.3042,-0.66116,-0.21035364,0.0837798,0.14116898,-0.11739379,-0.13359058,0.90248126,-0.0033925474,0.019119903,-0.516224,-0.82534045,0.0159119,-0.10668109
116,2683,-0.48031542,0.1372036,0.06286354,-0.20778601,0.36486346,-0.7625747,-0.15681292,-0.40647793,-0.3557555,-0.5774281,0.0006325096,-0.27927464,0.09379906,0.2624038,0.012925871,-0.39666754
116,2687,0.63184524,-0.085784286,-0.46086347,0.66317755,-0.14789456,0.82008946,-0.023405373,-0.24934766,0.08375194,0.23556319,-0.35966647,0.36981696,0.2763547,0.07728879,-0.18596135,0.22536977
116,2690,0.50283843,-0.31446508,-0.46119368,0.5355976,-0.27247474,0.6017575,0.016940527,0.043482866,0.14214739,0.23801619,-0.2872255,0.32633236,0.32126388,0.19603325,-0.05017534,0.0021838546
116,2711,-0.03979303,-0.9010793,0.08187397,-0.47280198,0.44066238,-0.4077619,0.1878269,-0.04225408,-0.702749,0.092444085,0.52390045,-0.4688195,0.3475725,0.2399455,0.38409114,-0.31929052
116,2721,-0.20971657,0.036489308,-0.529567,-0.019631542,-0.5191633,0.23377734,-0.018751606,0.5160692,0.20496503,0.49283525,-0.18582383,0.34291977,-0.21301004,-0.37640697,0.15812747,-0.41887262
116,2727,-0.8201394,0.4043497,-0.10255183,-0.08697528,-0.635597,-1.0029882,-0.10150513,-0.512602,0.42234924,-0.9522401,-0.47161573,0.34369022,0.08953484,0.8021266,-0.11150125,-0.43101847
116,2736,-0.30775082,-0.73655903,0.717888,-0.16364616,0.22134581,-0.12414669,0.11354226,-0.11290604,-0.023562841,-0.3434947,0.71204466,-0.036721095,0.02854728,-0.19012982,0.28093654,0.15324372
116,2742,-0.30775082,-0.73655903,0.717888,-0.16364615,0.22134578,-0.12414669,0.11354226,-0.11290605,-0.023562849,-0.3434947,0.71204466,-0.03672111,0.02854728,-0.19012983,0.2809365,0.15324372
116,2762,0.122097984,-0.18095349,-0.3905037,0.17886387,-0.11638829,0.24813807,0.07551855,0.35162443,0.31057253,0.46097606,-0.24955767,0.2552862,0.34567752,0.21800242,-0.0050005317,-0.14827897
116,2766,0.14341967,0.78329027,0.44582433,0.44142073,0.78540516,0.041708022,-0.48266977,0.30725467,0.02710576,-0.53516,-0.06075281,-0.21023412,-0.3365998,-0.44123036,-0.28363156,0.15420471
116,2768,0.027559318,0.132202,-0.50550616,0.18364912,0.18189335,0.4487663,0.14167799,-0.5486753,0.16950868,0.5891838,-0.4229315,0.4373653,0.33092457,-0.0651979,-0.27910793,0.077590436
116,2771,-1.0053809,0.4779199,-0.43124843,-0.6222825,0.79983366,-0.086813636,0.24606375,-0.6265095,0.3818445,1.2060285,-0.35175622,0.53769964,0.32723033,-0.34360492,-0.32752472,-0.15454212
116,2780,-0.022290915,-1.0224012,0.4766773,-0.122715905,0.29051074,0.050577983,0.05485638,0.018068654,-0.43050766,-0.14548033,0.83447313,-0.1592576,0.09662928,-0.27823532,0.4767117,-0.08338244
116,2781,0.14078012,0.80101264,-0.112892255,-0.91229975,-1.0263879,0.122419976,0.20854503,0.07016401,-0.5400916,0.7949015,0.17946574,-0.59274817,-1.1676126,-1.0110745,0.15682875,0.3795078
116,2795,0.6392712,-0.6496124,-0.033322364,0.53575134,-0.11697259,0.6860208,-0.06800817,0.07602306,-0.24064475,-0.09837992,0.26504695,0.10975185,0.09576899,-0.09644948,0.17256042,0.10680549
116,2805,0.08128376,0.59536004,0.4280498,0.34476537,0.71577686,-0.008087181,-0.40185958,0.23250319,-0.01898925,-0.48075444,0.012142599,-0.20791076,-0.26345,-0.37329134,-0.21352394,0.11352514
116,2820,-0.4152987,0.06928989,-0.34187967,-0.21031426,0.42324996,0.018167377,0.23527166,-0.28309286,0.34921804,0.77329767,-0.27784723,0.3992514,0.460528,0.04295411,-0.19442977,-0.09662877
116,2828,0.21626139,0.965309,-0.2009262,-1.0847958,-1.0726018,0.2751464,0.30718547,-0.5556175,-0.9411795,0.9487338,0.21732718,-0.7303718,-1.4105023,-1.3621118,0.06958844,0.5564218
116,2832,0.5057967,-0.78867257,-0.07157384,0.5075375,-0.31110513,0.63869816,-0.03630331,0.19544618,-0.092671074,-0.039516218,0.25810668,0.22662762,0.10278018,-0.08779452,0.24431546,-0.029149741
116,2835,0.7213438,-0.5637643,-0.36404973,0.6418679,-0.34738502,0.72549677,-0.06809153,0.17056878,-0.06490604,0.04159513,-0.052078173,0.22137639,0.20538324,0.1252444,0.091842234,0.028887574
116,2837,0.038249746,0.35326537,-0.54408085,0.17775583,0.4333455,0.49337345,0.1635257,-0.82031673,0.17078853,0.69085383,-0.5265936,0.43681473,0.4316437,-0.0568334,-0.42649674,0.22692807
116,2840,-0.8357877,0.09644058,0.15082578,-0.12368418,-0.57563305,-0.8658618,0.002095744,-0.48234606,0.5045033,-0.88704586,-0.21235052,0.3979293,0.12030629,0.6565049,-0.028046876,-0.26663244
116,2850,0.19927552,1.1700648,0.32509142,0.58744866,0.77698624,0.07142122,-0.5904054,0.34430853,0.1268464,-0.58741593,-0.33428687,-0.15131705,-0.4231989,-0.43802375,-0.4454894,0.13407795
116,2853,-0.7834906,-0.06954837,0.23943588,-0.19322486,-0.36623967,-0.801542,0.045319848,-0.5014777,0.34116656,-0.7755677,-0.04339713,0.26935253,0.15171096,0.53211206,0.026481196,-0.22396347
116,2857,0.52468634,-0.7209573,-0.26672012,0.5248432,-0.4091001,0.61068547,-0.027466357,0.23620316,-0.01178357,0.05151361,0.06896221,0.25497556,0.18212609,0.06186708,0.19147117,-0.084873915
116,2863,-0.3057539,0.011052579,-0.5212069,-0.05519887,-0.6755282,0.13534331,-0.09595989,0.932909,0.29498985,0.44545007,-0.1346212,0.3381458,-0.30742404,-0.40034762,0.2906019,-0.5881829
116,2867,-0.8617521,0.23971358,0.0775428,-0.048271134,-0.746205,-0.8809811,-0.028474316,-0.4532172,0.6485779,-0.9574754,-0.3541544,0.51266104,0.088633694,0.73320913,-0.08112964,-0.2877956
116,2873,-7.806718e-05,0.24300095,-0.4893753,0.14684322,0.33984092,0.43322754,0.16141814,-0.6864765,0.17334217,0.6372513,-0.44840318,0.4187891,0.38917336,-0.05390449,-0.34911036,0.1554929
116,2876,-0.43557772,0.15125045,-0.38015997,-0.24974017,0.5470226,0.006840594,0.26832402,-0.37814748,0.38699487,0.87745404,-0.35043782,0.4175493,0.54186344,0.077727795,-0.26695353,-0.051869936
116,2886,0.63289547,-0.6255006,-0.015081987,0.501387,-0.055496514,0.652801,-0.064864874,0.049204607,-0.28180245,-0.10068043,0.2781941,0.06703102,0.100707956,-0.0903407,0.16534387,0.119215384
116,2889,-0.40811932,-0.07621977,-0.44132823,-0.054653168,-0.760774,-0.10114766,-0.24377616,1.8249073,0.60370827,0.36943454,-0.0924024,0.30299288,-0.2147699,-0.15109296,0.48609418,-0.835519
116,2897,0.008482188,-1.0416803,0.44645083,-0.052840203,0.173776,0.13480148,0.049324036,0.057975426,-0.3551524,-0.13201559,0.8072982,-0.06665188,0.07648749,-0.28790677,0.47815603,-0.08643116
116,2904,-0.1293597,-0.34243482,0.7953226,-0.20022734,-0.7833322,-0.022316776,0.5018919,-0.4913653,0.569753,-0.51512724,0.3747536,0.24606279,-0.2543067,0.18366477,-0.051510394,0.825697
116,2911,0.32910833,-0.14938626,-0.44627655,-0.42024428,0.11673966,-0.6979234,0.0628369,-0.156416,-0.9794998,-0.08000108,-0.13318425,-0.80223244,0.21847916,0.7592781,0.12206152,-0.4723918
116,2913,0.027559318,0.132202,-0.5055061,0.18364912,0.18189335,0.4487663,0.14167799,-0.5486753,0.16950867,0.5891838,-0.4229315,0.43736523,0.33092457,-0.0651979,-0.27910793,0.077590436
116,2917,0.7073579,-0.03961143,-0.42497355,0.108858995,-0.07002814,-0.07915183,-0.064509034,-0.11443259,-0.76666784,-0.1712178,-0.19149607,-0.51750475,0.08976857,0.5208316,0.016979285,-0.18357542
116,2928,-0.6549858,-0.52594346,0.34949246,-0.4092096,0.3555097,-0.72634614,0.036546044,-0.4482989,-0.311976,-0.4662937,0.42854667,-0.20256151,0.2367295,0.20178013,0.24337792,-0.3071958
116,2939,-0.832819,0.42153743,-0.0875998,-0.05332288,-0.7286795,-0.9816263,-0.09549211,-0.49330616,0.5253346,-0.978268,-0.4965217,0.41692436,0.07984532,0.8216563,-0.12432611,-0.39948928
116,2956,0.16727467,0.44990614,0.47468138,0.28114688,0.8238951,0.009558201,-0.35845494,0.2601704,-0.18059236,-0.41863066,0.17598587,-0.35151976,-0.23217064,-0.42022848,-0.13458861,0.14855833
116,2961,-0.014541853,-0.9982635,0.45881927,-0.08221017,0.22428855,0.09370359,0.05355087,0.032189965,-0.36882433,-0.13536218,0.79927945,-0.10272144,0.082990386,-0.2794691,0.4591238,-0.074274376
116,2963,0.7990055,-0.28613165,-0.48822117,0.7063574,-0.26008162,0.7810536,-0.052090615,0.043335296,0.015927263,0.14161642,-0.28894725,0.2675487,0.29035288,0.22672275,-0.074080676,0.1334116
116,2965,0.8380603,0.38422802,-0.78946584,-0.05987657,-0.24522443,-0.54087645,-0.13454075,-0.17192899,-1.0964456,-0.30772585,-0.5831924,-0.8934976,0.0357017,0.9670534,-0.072571054,-0.43639883
116,2966,0.09779383,1.1083192,0.34838477,0.5877521,0.645749,0.06356473,-0.5653663,0.30372164,0.26348248,-0.61209285,-0.3646608,-0.016504183,-0.40930906,-0.3868551,-0.44635886,0.12907863
116,2968,-0.33378863,-0.66135925,0.56514233,-0.23474164,0.4995954,-0.302064,-0.0016952977,-0.12018603,-0.3108692,-0.32167783,0.67403495,-0.24600144,0.102689534,-0.15455766,0.3061297,-0.06806333
116,2980,0.16727467,0.44990608,0.47468138,0.28114688,0.8238951,0.009558223,-0.35845494,0.2601704,-0.18059233,-0.41863066,0.17598587,-0.35151976,-0.23217064,-0.42022848,-0.13458861,0.14855833
116,2984,0.014677852,0.19354597,-0.5311441,0.16950995,0.25623435,0.4493142,0.1524781,-0.618532,0.17978421,0.6356597,-0.46225542,0.4442792,0.36938336,-0.060321324,-0.32073212,0.10301286
116,2985,-0.78349066,-0.0695484,0.2394359,-0.19322486,-0.36623967,-0.801542,0.045319848,-0.5014778,0.3411666,-0.77556765,-0.043397143,0.26935256,0.15171096,0.5321121,0.026481196,-0.22396347
116,2986,0.66645706,-0.5655884,-0.06942034,0.44286835,-0.029705219,0.5524106,-0.067020565,0.022292383,-0.3880543,-0.11456198,0.23154664,-0.038738817,0.10545164,-0.0065353923,0.1548812,0.07745074
116,2990,-0.8241301,0.45498756,-0.0935114,0.0005999245,-0.83696455,-0.93685114,-0.09272623,-0.44567803,0.63931787,-0.9869847,-0.54125226,0.5025717,0.06263595,0.83306724,-0.14459036,-0.37074953
116,3007,0.7158529,-0.51615113,-0.37868178,0.6091581,-0.29772636,0.6855647,-0.059142724,0.14640051,-0.08575114,0.059468485,-0.07714206,0.18698356,0.2257427,0.16111107,0.069451086,0.036330003
116,3009,-0.1645531,0.9041333,0.4325121,0.5319975,0.37826532,-0.014131539,-0.4816513,0.15486878,0.52529025,-0.68251455,-0.39103848,0.25539935,-0.34058595,-0.24043904,-0.4279768,0.11560035
116,3015,0.5437241,-0.077806085,-0.4826213,0.59904176,-0.11610796,0.75695074,0.005504675,-0.26994136,0.109742194,0.29096466,-0.38039953,0.38201243,0.30618823,0.08073318,-0.19129278,0.1832597
116,3017,0.6070335,-0.20604804,-0.4862824,0.6197358,-0.2081361,0.7151694,-0.007294655,-0.07492395,0.11685484,0.24013373,-0.3436281,0.34065568,0.32457742,0.17469525,-0.120412216,0.10902105
116,3023,-0.05680807,-0.8671061,0.04176222,-0.51613915,0.45663786,-0.46631125,0.2055203,-0.05368379,-0.71523434,0.12049399,0.4793964,-0.4987613,0.37341,0.2984635,0.36365327,-0.33943275
116,3027,0.04095961,0.8939285,-0.24968247,-1.0142989,-0.9129653,0.24424015,0.26635548,-0.4584114,-0.78582484,0.9655095,0.16534191,-0.5713607,-1.2678974,-1.3066202,0.062433954,0.39482018
116,3031,0.1682325,0.8924017,-0.15214981,-0.98807704,-1.0865998,0.17530186,0.22999388,-0.10253279,-0.6812154,0.8533322,0.19158444,-0.6521516,-1.2972256,-1.1656488,0.1411717,0.43711013
116,3036,0.7040545,-0.4932407,-0.39141327,0.5920425,-0.2838179,0.66274446,-0.05071695,0.14055789,-0.08093726,0.075646564,-0.09736228,0.18008971,0.23929325,0.1826615,0.058234468,0.033438575
116,3040,-0.7501821,-0.22931558,0.24300618,-0.26434326,-0.11530767,-0.77327996,0.037260704,-0.47995573,0.10545808,-0.6485442,0.10620716,0.11586381,0.18916872,0.41772765,0.102307834,-0.28673592
116,3047,-0.11395791,-1.0122365,0.48601067,-0.21893908,0.35461175,-0.076833196,0.07733223,-0.01407288,-0.44800872,-0.14410871,0.831302,-0.21792834,0.13006082,-0.22371511,0.4708022,-0.11075011
116,3056,0.68757355,-0.095178574,-0.50770444,0.69649404,-0.15124954,0.83312464,-0.028531149,-0.21375966,0.092827156,0.24617317,-0.39680415,0.3668032,0.31589854,0.12898664,-0.19119643,0.21555845
116,3073,-0.29900497,0.13789734,0.25654185,-0.65644866,0.32727066,-0.5627916,0.25392213,1.4190419,0.8250467,0.91860974,-0.09056574,-0.24815045,0.46431732,0.6559354,-0.0101398975,-0.04842277
116,3078,0.7013803,-0.4884885,-0.12986253,0.4086486,-0.03634932,0.47453004,-0.0720845,-0.00048791245,-0.4599349,-0.13009572,0.16600399,-0.11570041,0.10115146,0.072939366,0.13347927,0.043774124
116,3092,-0.08587505,0.04793623,-0.50782764,0.0347768,-0.28537154,0.35382104,0.09198142,-0.047861684,0.09964649,0.53837764,-0.24314535,0.3510757,-0.065398864,-0.32174528,-0.023118213,-0.1822394
116,3110,0.2717481,-0.16276483,-0.4203567,0.28566152,-0.017141864,0.39497745,0.11383446,-0.020417314,0.22235945,0.4434469,-0.3102157,0.2808523,0.42094246,0.24156222,-0.12164131,0.0141361095
116,3111,0.819624,-0.2969194,-0.47300678,0.6811732,-0.2170186,0.7541677,-0.054573104,0.04206955,-0.04843422,0.12224787,-0.25402012,0.21099082,0.28539938,0.24012789,-0.061380684,0.14075308
116,3147,0.038249746,0.35326537,-0.54408085,0.17775583,0.43334556,0.49337345,0.16352569,-0.82031673,0.17078853,0.6908539,-0.5265936,0.43681473,0.43164364,-0.05683341,-0.42649674,0.22692807
116,3161,-0.3208549,0.18667683,0.18963152,-0.6468529,0.38508278,-0.5284387,0.26250833,1.2753558,0.8139026,0.9627259,-0.14363104,-0.19674067,0.4911832,0.6213162,-0.05551827,-0.036925465
116,3173,-0.0025338158,0.22991082,-0.4704361,0.14321002,0.33318716,0.42448685,0.16066104,-0.67281705,0.17027646,0.6224998,-0.43042028,0.4099617,0.38237068,-0.051946215,-0.33912742,0.15469794
116,3175,0.16211319,0.44370034,0.43921053,0.3035366,0.7365517,0.04453545,-0.3438037,0.26812246,-0.11748106,-0.39088982,0.13598946,-0.28448159,-0.22985858,-0.3986197,-0.14175932,0.14303686
116,3181,0.01039359,-0.9772035,0.32457292,-0.13089417,0.2021637,0.018523514,0.080802046,0.03998156,-0.41926283,-0.066014566,0.69693196,-0.144314,0.1418883,-0.13867791,0.4376883,-0.14751004
116,3185,-0.01521619,0.024824262,0.71080315,-0.28697717,-1.3009001,-0.09970199,0.7012198,-0.7436826,0.7835049,-0.6029812,0.080021575,0.28140026,-0.39224204,0.5048527,-0.2781762,1.1348491
116,3186,-0.27795494,0.2301552,0.23979394,-0.67927176,-0.04820963,-0.52598554,0.15150675,1.6732455,0.73898065,0.82555217,-0.014058694,-0.30796885,0.12423841,0.40364888,0.13192478,-0.1140192
116,3198,0.71431106,-0.30186766,-0.4720077,0.6701862,-0.28746146,0.7442512,-0.036942646,0.050466076,0.0635824,0.160606,-0.28390738,0.29859287,0.28776765,0.20504747,-0.062664434,0.09712431
116,3200,-0.006232042,0.830065,-0.24892603,-0.9595208,-0.8429063,0.23477654,0.2465711,-0.41490874,-0.7255258,0.938755,0.15566957,-0.5138007,-1.187175,-1.2565545,0.063612685,0.33346432
116,3224,-0.07692457,-1.017206,0.48317885,-0.19591509,0.35482478,-0.04323218,0.06918953,-0.0066410303,-0.4663651,-0.14430353,0.8392118,-0.21896504,0.12246652,-0.24121825,0.47645772,-0.10371578
116,3235,-0.39635515,-0.078543544,-0.45318305,-0.053279847,-0.7382178,-0.09870044,-0.23201878,1.7928472,0.60348415,0.38467127,-0.1066418,0.30342996,-0.18623999,-0.12892865,0.47051674,-0.8241718
116,3236,-0.020291258,-1.0369686,0.4839729,-0.12155859,0.29133755,0.055139437,0.053230446,0.019881494,-0.43474895,-0.1502038,0.847018,-0.15845744,0.094683,-0.28633082,0.48451096,-0.083675504
116,3237,0.0014097393,0.20207152,-0.51311374,0.15435678,0.28139707,0.43368104,0.15705849,-0.6304506,0.18004517,0.6354412,-0.4518572,0.43364024,0.37639543,-0.05618883,-0.32447153,0.11238195
116,3238,0.61822313,-0.21040687,-0.5045045,0.62924445,-0.2164254,0.7225936,-0.008371465,-0.066858426,0.12090848,0.24635828,-0.3565644,0.34547502,0.3330586,0.1831164,-0.1214475,0.102709025
116,3246,0.01567921,0.30686697,-0.50895536,0.15722525,0.40346807,0.45869103,0.16452801,-0.7647725,0.17185825,0.6650742,-0.485075,0.42271918,0.41592184,-0.052476466,-0.39290726,0.20024218
116,3249,0.1682325,0.8924016,-0.15214981,-0.98807704,-1.0866,0.17530186,0.22999388,-0.10253279,-0.6812154,0.8533322,0.19158444,-0.65215164,-1.2972255,-1.1656488,0.1411717,0.4371102
116,3258,-0.3100545,0.66574514,0.45787734,0.43556106,0.22139373,-0.077969395,-0.38366395,0.039703,0.59168154,-0.6679244,-0.33416808,0.3628137,-0.25490662,-0.13413243,-0.36124218,0.08589761
116,3263,0.51772386,0.14436916,-0.68644094,-0.4166875,-0.014147535,-0.86539656,-0.014190912,-0.19049048,-1.1786516,-0.19235572,-0.39773595,-1.0066975,0.16443866,1.0051403,0.04244654,-0.5729649
116,3300,0.79425573,0.5663768,-0.9022964,-0.18311878,-0.30831861,-0.7735975,-0.12836666,-0.20432818,-1.1690454,-0.3254979,-0.7335153,-1.0186183,0.017314099,1.1401129,-0.1157714,-0.5430708
116,3304,0.7709516,-0.34131727,-0.4560722,0.6066823,-0.18617538,0.6697499,-0.039231926,0.06621858,-0.08998109,0.12373005,-0.20865846,0.1564157,0.2936129,0.26081178,-0.029085383,0.09875795
116,3308,-0.16880906,0.08661711,0.3267703,-0.13329184,0.79498094,-0.46708837,-0.18451823,-0.19580673,-0.52145135,-0.43550038,0.2630702,-0.49849427,0.012974292,-0.08792723,0.025222473,-0.14569783
116,3309,-0.40843365,0.007814437,-0.5204188,-0.07473141,-0.88003397,-0.013390757,-0.23389517,1.648238,0.4802625,0.38763973,-0.09707028,0.31807,-0.39536658,-0.37115866,0.4813797,-0.8281163
116,3311,-0.756306,-0.1659629,0.2372299,-0.22882001,-0.21542415,-0.7715373,0.038967073,-0.47805047,0.20051497,-0.68987197,0.046117857,0.17977035,0.17212754,0.4558979,0.072193444,-0.26209205
116,3331,0.22116306,0.5642078,0.48472637,0.33785635,0.8828981,0.043121204,-0.40704578,0.31077558,-0.17344639,-0.44527125,0.14093745,-0.37251037,-0.27608454,-0.4677539,-0.17438845,0.1767222
116,3338,-0.08296517,1.0832272,0.42255908,0.58683133,0.5100313,-0.002478607,-0.55635744,0.20971136,0.4668192,-0.7172069,-0.4345581,0.16913609,-0.39649054,-0.3056429,-0.47987866,0.12900747
116,3348,0.7514202,-0.33488625,-0.44013393,0.59628665,-0.18374339,0.6600428,-0.035437092,0.061722703,-0.08202972,0.12231125,-0.2014947,0.15922078,0.2871239,0.2532122,-0.0297281,0.100779206
116,3350,-0.7501821,-0.22931555,0.24300617,-0.26434332,-0.115307674,-0.77327996,0.037260704,-0.47995573,0.105458066,-0.6485442,0.10620717,0.115863815,0.18916872,0.41772765,0.10230784,-0.28673592
116,3361,0.38833922,-0.836579,-0.19734286,0.42211258,-0.41939706,0.5097419,0.006088376,0.2786191,-1.5288591e-05,0.06580405,0.16341281,0.25711936,0.17568013,0.026631113,0.26626915,-0.1703467
116,3386,0.7857499,-0.3112177,-0.45968753,0.6387684,-0.19910865,0.7065555,-0.04390186,0.050353207,-0.06268168,0.12542938,-0.23284185,0.18630068,0.28903365,0.24992076,-0.048288986,0.12129702
116,3387,-0.34082103,0.15139315,-0.16571774,-0.42146915,0.65382546,-0.14805174,0.35063466,-0.1555054,0.42050076,0.93569744,-0.2843536,0.16332297,0.596983,0.31116012,-0.28494292,0.085711315
116,3399,0.027664728,-0.7355837,-0.05350934,-0.52052116,0.42477518,-0.5371277,0.18091705,-0.09162378,-0.81342995,0.077874854,0.37055707,-0.5941717,0.35131535,0.40027523,0.3218972,-0.3727738
116,3400,0.48655117,-0.7373748,-0.25060642,0.49011248,-0.40007856,0.5747861,-0.017004222,0.23914014,-0.0137306675,0.05789894,0.0875568,0.24650773,0.18434697,0.060735412,0.20428847,-0.103463784
116,3413,0.52605706,-0.3024016,-0.47783434,0.55201083,-0.2651032,0.6186112,0.013779461,0.034635942,0.14145789,0.24381703,-0.30451077,0.3285715,0.33157355,0.20454887,-0.060982555,0.012210485
116,3429,-0.8006209,0.39332643,-0.10569668,-0.13446946,-0.4794468,-1.0387055,-0.11510132,-0.53747135,0.2727272,-0.92752767,-0.42815328,0.22720863,0.10078446,0.7655884,-0.09712948,-0.46332964
116,3443,-0.8419127,0.14381441,0.12945697,-0.094432816,-0.6392448,-0.86511105,-0.007048577,-0.46977156,0.56063604,-0.9106479,-0.25998497,0.44182122,0.10800856,0.6815621,-0.046531692,-0.2685434
116,3470,-0.13746858,0.025578618,-0.49689078,-0.002175726,-0.38926747,0.29653588,0.05566001,0.16863154,0.12257719,0.511578,-0.19482309,0.3309849,-0.13826445,-0.35060266,0.059761465,-0.2741224
116,3473,-0.48031542,0.1372036,0.06286355,-0.20778601,0.3648634,-0.7625747,-0.15681292,-0.40647793,-0.35575554,-0.577428,0.0006325245,-0.27927464,0.09379906,0.26240382,0.012925863,-0.39666754
116,3477,-0.00888044,0.029008567,0.7002587,-0.28136235,-1.2897135,-0.09476992,0.69415766,-0.7385201,0.7730791,-0.59380513,0.07489582,0.27661365,-0.38852137,0.50264347,-0.27859604,1.1260055
116,3478,-0.82115394,0.06192833,0.16735712,-0.13008381,-0.54799294,-0.8407748,0.012798078,-0.47966188,0.4852538,-0.85978,-0.18170258,0.38393065,0.12429403,0.63043547,-0.018401816,-0.25327405
116,3482,0.7158529,-0.51615113,-0.37868172,0.6091581,-0.29772636,0.68556464,-0.05914271,0.14640051,-0.08575115,0.059468485,-0.07714203,0.18698356,0.22574273,0.16111106,0.069451086,0.036330003
116,3497,-0.78349066,-0.06954837,0.23943588,-0.19322486,-0.36623967,-0.8015419,0.045319848,-0.5014778,0.34116656,-0.7755677,-0.04339716,0.26935256,0.15171096,0.5321121,0.026481196,-0.22396348
116,3498,-0.7473376,-0.1914545,0.23783241,-0.23312502,-0.18388547,-0.75604504,0.038887806,-0.4695639,0.17281537,-0.6655883,0.06786733,0.16401747,0.17618945,0.4346402,0.08266626,-0.26764348
116,3507,0.35446241,-0.77152896,-0.08520293,0.39957535,-0.34616077,0.5051196,0.007145144,0.21714392,-0.017060794,0.021355998,0.22384036,0.23994374,0.12466648,-0.03578818,0.2459917,-0.10103645
116,3508,-0.9455076,0.43511876,-0.38849044,-0.592742,0.82156205,-0.08643416,0.2594594,-0.6703928,0.37293053,1.1593701,-0.33961523,0.5169525,0.38087702,-0.27312195,-0.3388266,-0.10373527
116,3519,-0.07865547,-0.13277927,0.7507376,-0.27109128,-1.1512276,-0.08504737,0.65376216,-0.68266636,0.72856593,-0.5755211,0.1862706,0.2913088,-0.3306523,0.4150176,-0.19524823,1.0310869
116,3523,-0.73904556,-0.25020075,0.241844,-0.26917887,-0.08738959,-0.7592516,0.037446186,-0.47127873,0.07847657,-0.625631,0.12457184,0.09889768,0.19126,0.39908406,0.11142952,-0.291122
116,3537,-0.039908193,-0.8937152,0.0885808,-0.45591867,0.42784148,-0.38916293,0.18339443,-0.039358493,-0.6833794,0.088832304,0.5231725,-0.4513396,0.3391096,0.22671652,0.3805442,-0.31012622
116,3538,-0.40239078,0.011379391,-0.52897614,-0.072074756,-0.8662411,0.012579173,-0.21651332,1.5343822,0.4460882,0.38729826,-0.10146779,0.32934633,-0.40191826,-0.39468873,0.4572168,-0.80151325
116,3539,-0.74335897,0.33353195,-0.14435892,-0.19648333,-0.19609699,-1.0420923,-0.14723058,-0.53382516,-0.007955827,-0.82132673,-0.3374108,0.031966656,0.12219295,0.66586196,-0.05456026,-0.54593205
116,3540,0.11738855,0.45465145,0.44547415,0.2855993,0.74586904,-0.0018901303,-0.35105157,0.23225063,-0.11709834,-0.42266572,0.1244665,-0.28137058,-0.22456539,-0.38047197,-0.14786513,0.12418197
116,3543,0.2301791,1.0794315,0.30451274,0.54626864,0.77740407,0.078575656,-0.5491259,0.34176117,0.05491825,-0.5280279,-0.2748145,-0.19800945,-0.39090505,-0.43054512,-0.40246755,0.12700997
116,3547,-0.15584326,-0.15842149,-0.412026,0.046832934,-0.39590037,0.030097269,-0.0634297,1.1057597,0.49297526,0.43187428,-0.18138874,0.27612954,0.13183069,0.10402859,0.23226276,-0.49957407
116,3548,-0.014630768,0.06209612,-0.5174837,0.1554403,0.033372536,0.43826658,0.13657412,-0.4464958,0.14389308,0.56934977,-0.37414473,0.4449154,0.22086644,-0.14383371,-0.2086205,-0.011761166
116,3550,0.7240964,-0.30362916,-0.49162763,0.6806946,-0.29590112,0.7539727,-0.03816688,0.054961737,0.06925405,0.1684096,-0.29928476,0.30650473,0.29567358,0.2104837,-0.06518309,0.09126493
116,3551,-0.36284137,-0.6058353,0.49766618,-0.29366684,0.54807264,-0.41135857,-0.0011570752,-0.18705085,-0.39667717,-0.32337373,0.62228024,-0.3165127,0.14158612,-0.077511355,0.28926453,-0.12960488
116,3552,-0.21765311,0.9147017,0.46635103,0.52402705,0.3847587,-0.05718655,-0.49219453,0.11695619,0.5556759,-0.73575115,-0.40242445,0.27848995,-0.3388425,-0.22484232,-0.44012535,0.11529501
116,3574,-0.36127278,-0.11395565,-0.42334956,-0.036096998,-0.66012365,-0.09422227,-0.19662388,1.678954,0.5987959,0.38097712,-0.11108902,0.29759508,-0.10787139,-0.060589544,0.42849815,-0.76570874
116,3596,0.14658286,0.38160905,0.47972214,0.24060231,0.8232944,-0.016579159,-0.3342983,0.23242432,-0.21371469,-0.40777153,0.2144194,-0.36806154,-0.20607975,-0.40310782,-0.10623482,0.13630718
116,3606,0.026683867,0.2681801,-0.44876367,0.15458518,0.4104355,0.4256111,0.16341111,-0.7146635,0.17211108,0.6207565,-0.43696266,0.38500646,0.42864785,-0.01094258,-0.36734092,0.20761944
116,3613,0.6604473,-0.13849369,-0.49238962,0.6632824,-0.163366,0.77800584,-0.019465491,-0.15420224,0.099924214,0.2402752,-0.37134248,0.346322,0.32485333,0.15856431,-0.16323484,0.17702757
116,3620,0.13420379,-0.5043207,-0.21780832,-0.5228488,0.3415646,-0.64505714,0.15166312,-0.13954942,-0.90901417,0.032151364,0.16674022,-0.70815986,0.32040033,0.5716284,0.23779514,-0.42289585
116,3641,0.0810827,0.55378723,0.43878818,0.31671202,0.73962075,-0.024700113,-0.38884604,0.2203862,-0.06029149,-0.47374827,0.050081596,-0.24052767,-0.24916601,-0.3724503,-0.1930031,0.111443326
116,3647,-0.3148136,-0.7127124,0.62255013,-0.18288945,0.41889328,-0.2012622,0.02037359,-0.0751012,-0.20679653,-0.31142294,0.7035768,-0.15986548,0.07590913,-0.2009497,0.3123076,-0.002725035
116,3655,-0.40829366,-0.0009022355,-0.50592494,-0.07386319,-0.8742511,-0.034461133,-0.2432559,1.716943,0.50720704,0.38400638,-0.09341329,0.30920237,-0.3750345,-0.33765757,0.4927112,-0.838867
116,3675,-0.015382886,-0.9585676,0.21139136,-0.30897915,0.33325833,-0.20094702,0.13209681,-0.0020078942,-0.5802052,0.0065993816,0.6287602,-0.31717515,0.24612346,0.04575544,0.42302835,-0.23910773
116,3676,0.22685751,0.57511413,0.48410058,0.3351298,0.9011022,0.03625895,-0.41098952,0.30898628,-0.18982199,-0.4482684,0.14170891,-0.38873166,-0.27692804,-0.47031045,-0.1765066,0.17551872
116,3681,0.14182277,0.42783794,0.42661554,0.28587306,0.7218099,0.023964226,-0.33320898,0.24452601,-0.12341682,-0.3875976,0.1320163,-0.28043503,-0.21666262,-0.3777428,-0.13726719,0.1269593
116,3697,-0.4025178,0.0068838894,-0.51459837,-0.072806045,-0.8748154,-0.006308444,-0.22885902,1.6091918,0.46620375,0.3789925,-0.09281787,0.31693506,-0.3976874,-0.3758187,0.474692,-0.813886
116,3706,0.12505102,0.32907882,0.5045851,0.21880382,0.8250418,-0.029259168,-0.32357568,0.22189553,-0.21852711,-0.41275153,0.25056523,-0.36923867,-0.19479445,-0.40248308,-0.084961504,0.13774596
116,3714,0.64871275,-0.15414834,-0.4937204,0.65493774,-0.176715,0.766767,-0.017089888,-0.13681367,0.10397389,0.24122891,-0.3666312,0.34729207,0.3237486,0.16009296,-0.15369381,0.16091739
116,3724,-0.43864933,-0.9283526,0.5369557,-0.2667266,-0.15774831,-0.2079955,0.2421684,-0.08211729,0.1284898,-0.2577432,0.6580955,0.1484289,0.08211573,-0.024894075,0.35427463,-0.010334652
116,3726,0.20170817,0.85839224,0.42306888,0.48084158,0.8067468,0.07940823,-0.50362074,0.34631142,0.021449976,-0.52370536,-0.09432083,-0.22723188,-0.3600782,-0.46494865,-0.30952454,0.1680755
116,3732,0.14953978,0.39888063,0.504495,0.23638913,0.87566686,-0.03288374,-0.35071057,0.23411825,-0.23901874,-0.4316966,0.23063187,-0.40060627,-0.21378967,-0.4213404,-0.10755959,0.14289804
116,3747,0.19377074,0.7739029,0.355762,0.4363227,0.72781914,0.07152006,-0.4456833,0.30716723,-0.0063517615,-0.4533885,-0.09322187,-0.2166199,-0.31265217,-0.4063007,-0.2805168,0.13097444
116,3750,0.59021205,-0.65264875,-0.29146445,0.5862851,-0.41459534,0.67279303,-0.046186805,0.21557418,-0.0012886673,0.039146576,0.021698594,0.2686599,0.17340678,0.06725594,0.14993396,-0.03338928
116,3761,0.21188784,-0.16749735,-0.4098913,0.239758,-0.058325082,0.3340293,0.098141395,0.14615905,0.2629066,0.45848188,-0.28786036,0.26824597,0.39187747,0.23470032,-0.07368113,-0.054388743
116,3767,-0.16179885,-1.0199131,0.4917385,-0.24721111,0.3507626,-0.11703225,0.08750899,-0.022191841,-0.4270352,-0.14774093,0.829445,-0.21282794,0.14050423,-0.20390782,0.4703132,-0.12253514
116,3769,0.5704646,-0.70176136,-0.29082048,0.57075685,-0.42891112,0.65690386,-0.040275604,0.23650709,-0.0020839944,0.045610003,0.04169549,0.27104884,0.1797308,0.06430317,0.17575228,-0.064619705
116,3774,-0.8193973,0.47413984,-0.100627944,0.024167508,-0.8848843,-0.91984177,-0.09241319,-0.4229578,0.6874082,-0.99085474,-0.5646946,0.538691,0.054661863,0.83953035,-0.15445964,-0.36155868
116,3780,-0.2819358,0.6663085,-0.30525666,-0.8115231,-0.5474514,0.16675009,0.18027748,-0.22254783,-0.4300474,0.93803775,0.06883708,-0.24139522,-0.88067615,-1.0830886,0.05055237,0.067814305
116,3792,-0.8193973,0.47413984,-0.100627944,0.024167508,-0.8848843,-0.91984177,-0.09241319,-0.4229578,0.6874082,-0.99085474,-0.5646946,0.538691,0.054661863,0.83953035,-0.15445967,-0.36155868
116,3804,-0.2686937,-0.13934758,-0.43321836,-0.0023700818,-0.5150903,-0.05350835,-0.12668727,1.4243603,0.57001364,0.42200056,-0.16155246,0.2902825,0.040757824,0.052141093,0.32912064,-0.65005535
116,3821,0.45790666,-0.088238746,-0.51191425,0.5070154,-0.060984574,0.6542627,0.05000352,-0.24740848,0.15144682,0.37139204,-0.4023499,0.37361306,0.37759888,0.14132594,-0.19558148,0.12977748
116,3824,-0.4196003,-0.5785401,0.423783,-0.37354827,0.5780045,-0.5452553,0.007881291,-0.27856356,-0.48281962,-0.32857713,0.57392955,-0.3772453,0.19364372,0.01936041,0.2829944,-0.20988084
116,3830,0.03686732,0.33400986,-0.5066308,0.1683558,0.45035517,0.4652535,0.16584732,-0.7931434,0.17514437,0.67090166,-0.4985891,0.4134251,0.44699016,-0.027489686,-0.413719,0.23165683
116,3835,0.63428,-0.07326773,-0.47980338,0.66754514,-0.13960013,0.8279221,-0.021572515,-0.26448095,0.08801738,0.25057265,-0.37886918,0.37796238,0.28696203,0.078873046,-0.19653682,0.22694202
116,3844,0.18319549,0.46505335,0.44429976,0.31301832,0.76228833,0.053096637,-0.3537618,0.2826914,-0.13007647,-0.39342344,0.13822547,-0.30297965,-0.23906022,-0.41432598,-0.14689608,0.15218131
116,3855,-0.4099192,0.12667403,0.13491994,-0.19573118,0.49333876,-0.70328003,-0.17192404,-0.36113608,-0.4124309,-0.5544048,0.07319678,-0.3501591,0.072464086,0.16946162,0.01826699,-0.3394645
116,3856,-0.029868893,0.5873991,0.06560528,-0.8263469,-0.67761517,-0.21662179,0.16413411,0.9932875,0.10918586,0.8132987,0.088122964,-0.4886548,-0.6145771,-0.33644179,0.17916135,0.1517602
116,3861,0.5153572,-0.7047832,-0.2597183,0.5191428,-0.40375295,0.6043583,-0.025656223,0.22926532,-0.0068444684,0.051216774,0.06659413,0.25445855,0.17861366,0.061173476,0.1848477,-0.07854941
116,3862,0.76949304,-0.39119878,-0.4652264,0.5858607,-0.18737534,0.64404255,-0.040053055,0.09308826,-0.121560134,0.12056795,-0.18468809,0.1287522,0.30087093,0.27202472,-0.0020782426,0.06715816
116,3874,-0.021445964,0.022106469,0.720304,-0.29222047,-1.3125587,-0.10520177,0.7076875,-0.74845815,0.7940972,-0.61248577,0.08382806,0.2861722,-0.39595196,0.50788593,-0.27808923,1.1430225
116,3875,-0.13246861,-0.14747119,-0.42946315,0.0668917,-0.38679543,0.056601457,-0.06276429,1.0675373,0.48695803,0.43816933,-0.2010091,0.28510103,0.14197703,0.104475446,0.21535826,-0.48253506
116,3881,0.21402344,0.54782784,0.47430235,0.33232993,0.8605429,0.04310707,-0.39692998,0.30363816,-0.16753933,-0.43505615,0.13820559,-0.36075705,-0.2683959,-0.45596164,-0.17005177,0.17033264
116,3889,-0.9048045,0.40933278,-0.3608961,-0.5725869,0.8321541,-0.08067817,0.26931298,-0.71716064,0.35843095,1.125472,-0.33088166,0.5046011,0.40808278,-0.2362401,-0.34925097,-0.064860724
116,3898,0.28684908,-0.22250737,-0.39622122,-0.43324995,0.15551737,-0.6760566,0.080048434,-0.14887418,-0.9524436,-0.05648061,-0.070344776,-0.7716585,0.23594773,0.7129142,0.14543499,-0.4584335
116,3903,0.6328445,-0.3279204,-0.48816013,0.62351,-0.30942583,0.6904688,-0.016313076,0.0737264,0.1049874,0.19699988,-0.29452106,0.32000232,0.30575746,0.2077174,-0.048655257,0.03769199
116,3905,-0.22594905,-1.0276648,0.49011695,-0.26880205,0.31002402,-0.15306252,0.10307676,-0.024443302,-0.36816698,-0.14857763,0.8134538,-0.17655315,0.14851366,-0.1776278,0.46584934,-0.13863513
116,3908,0.19927552,1.1700648,0.32509142,0.58744866,0.7769862,0.07142122,-0.5904054,0.3443085,0.1268464,-0.5874159,-0.3342868,-0.15131705,-0.4231989,-0.43802375,-0.4454894,0.13407795
116,3911,-0.07865547,-0.13277927,0.7507376,-0.27109128,-1.1512277,-0.08504737,0.65376216,-0.68266636,0.72856593,-0.5755211,0.1862706,0.29130882,-0.3306523,0.4150176,-0.19524823,1.0310869
116,3933,0.24023306,1.0299644,0.3422385,0.50550056,0.8549925,0.049616195,-0.5422307,0.33209872,-0.026194215,-0.5327658,-0.20170635,-0.27342802,-0.37800485,-0.44855902,-0.37237608,0.1343933
116,3947,0.6181478,-0.6498402,-0.3086025,0.6030756,-0.41353247,0.6895592,-0.05180517,0.2151892,-0.010164149,0.03909815,0.010075271,0.26597062,0.1792019,0.07526623,0.14505036,-0.027604867
116,3962,-0.6487608,0.3802199,-0.3021385,-0.5737745,0.019126877,0.035343595,0.13240269,-0.104509056,0.04314802,0.89055985,-0.05345206,0.18098298,-0.27914432,-0.6607197,-0.021846771,-0.19206943
116,3970,-0.17644435,-0.4890331,0.7521892,-0.1457642,-0.505077,0.009602532,0.3832783,-0.3406996,0.43160573,-0.41879153,0.46838063,0.21767083,-0.1569058,0.045775376,0.054374546,0.60488605
116,3973,-0.82701737,0.354808,0.007997759,0.010710198,-0.85208666,-0.86117536,-0.043319613,-0.41614404,0.7209472,-0.965785,-0.46099645,0.5651978,0.06599336,0.7782208,-0.1255988,-0.29048172
116,3975,-0.016653586,-1.01251,0.46719295,-0.09585868,0.24657163,0.080447786,0.053536095,0.028366568,-0.39134252,-0.1401721,0.81585956,-0.12144522,0.087115325,-0.2816109,0.46828103,-0.07799999
116,3976,0.1963529,0.51705,0.4657455,0.320023,0.83027554,0.037571482,-0.38179868,0.28962034,-0.15850142,-0.42475218,0.13993238,-0.34353417,-0.2561254,-0.43858045,-0.1610535,0.1607257
116,4001,0.12505102,0.32907882,0.5045851,0.21880382,0.8250418,-0.029259168,-0.32357568,0.22189553,-0.21852711,-0.41275153,0.25056523,-0.36923867,-0.19479448,-0.40248308,-0.084961504,0.13774596
116,4006,0.1426421,0.8049313,0.45566744,0.44634718,0.80603683,0.03535299,-0.4948364,0.30902377,0.025407951,-0.5510178,-0.0638988,-0.2178065,-0.34435943,-0.44938502,-0.29084748,0.15723212
116,4007,-0.07413708,-0.12040645,0.75981885,-0.27798134,-1.1767161,-0.08843901,0.6658132,-0.69757694,0.7414756,-0.5876629,0.18144411,0.29226664,-0.3424257,0.42594543,-0.20469768,1.0559236
116,4012,-0.41443044,0.13805863,-0.3484847,-0.23190449,0.5322581,0.02373971,0.26210093,-0.41441694,0.35940394,0.83174956,-0.3253764,0.40591443,0.51787716,0.06412782,-0.26283258,-0.026918093
116,4014,-0.36284137,-0.6058353,0.49766618,-0.29366684,0.54807264,-0.41135857,-0.0011570752,-0.18705085,-0.39667717,-0.3233737,0.6222803,-0.3165127,0.14158612,-0.077511355,0.28926453,-0.12960488
116,4022,-0.28117678,0.17083833,0.12697253,-0.6080522,0.53495944,-0.41990194,0.33546084,0.7604827,0.67390585,0.9824643,-0.17622367,-0.13829176,0.5716235,0.59016836,-0.16488568,0.07549891
116,4032,-0.2421326,-0.64620847,0.7464955,-0.13486688,-0.0923231,-0.031006075,0.22656138,-0.18828692,0.19211936,-0.36594418,0.6203624,0.092187405,-0.056257702,-0.11485898,0.18791613,0.35761872
116,4043,-0.8354056,0.27847633,0.05647061,-0.0135316625,-0.8011695,-0.84801203,-0.027711302,-0.42519102,0.6949135,-0.9491943,-0.39300555,0.5464048,0.07670243,0.7414376,-0.09929314,-0.27348468
116,4059,-0.2892297,0.12019423,-0.07117106,-0.43516582,0.62641203,-0.16907048,0.3565258,-0.06448479,0.41714227,0.892608,-0.22520453,0.08513599,0.57381004,0.35675353,-0.26353043,0.12891583
116,4061,0.13420379,-0.5043207,-0.21780832,-0.5228488,0.3415646,-0.64505714,0.15166312,-0.13954942,-0.90901417,0.032151364,0.16674022,-0.70815986,0.32040033,0.5716284,0.23779514,-0.42289585
116,4066,-0.40829366,-0.0009022355,-0.505925,-0.07386319,-0.8742511,-0.034461133,-0.2432559,1.716943,0.50720704,0.38400635,-0.09341329,0.30920237,-0.3750345,-0.33765757,0.4927112,-0.838867
116,4079,0.39010885,-0.8142912,-0.1678756,0.41788137,-0.38813794,0.5116792,0.004452735,0.25529835,-0.016625129,0.051116377,0.17984362,0.24410322,0.16359666,0.01216412,0.25749952,-0.14505374
116,4087,-0.8615798,0.40711227,-0.03159976,0.0070527494,-0.868437,-0.916378,-0.06707838,-0.4373247,0.71902347,-1.0047929,-0.50711334,0.56533635,0.065693155,0.814729,-0.13770653,-0.3327052
116,4090,-0.0062869713,-1.0255804,0.4646957,-0.07714957,0.21938121,0.105188556,0.05067361,0.039253354,-0.37654296,-0.13984954,0.8172482,-0.0986685,0.08062297,-0.2896362,0.47321504,-0.07784484
116,4097,0.5513538,-0.06839189,-0.4987898,0.60668707,-0.112529345,0.7674363,0.005012147,-0.27940196,0.112020425,0.30085683,-0.39601427,0.3889078,0.3128437,0.08156588,-0.19932334,0.18542933
116,4100,-0.8641878,0.3820807,-0.33659935,-0.54915726,0.8293125,-0.07464,0.27301878,-0.7419749,0.346667,1.0874654,-0.32091647,0.49225986,0.425335,-0.20498969,-0.35192984,-0.036308922
116,4103,-0.42752445,-1.0554609,0.5268957,-0.28877312,0.08762322,-0.2281585,0.17150715,-0.02539387,-0.08321651,-0.21476516,0.7711954,0.028224722,0.14530006,-0.10705119,0.4477952,-0.14065413
116,4116,-0.64876086,0.3802199,-0.3021385,-0.5737745,0.019126877,0.035343595,0.13240269,-0.104509056,0.04314802,0.89055985,-0.05345206,0.18098298,-0.27914432,-0.6607197,-0.021846771,-0.19206943
116,4125,0.21191013,0.92362654,-0.17649736,-1.0212448,-1.1038022,0.23428434,0.26215422,-0.33511314,-0.8214667,0.8739608,0.20697019,-0.6898954,-1.3639175,-1.2619976,0.11135234,0.5028289
116,4127,0.2707291,-0.26539493,-0.3832618,-0.46693313,0.19616663,-0.7007943,0.090862215,-0.1529929,-0.98022485,-0.046999715,-0.03901428,-0.79245436,0.25570002,0.7140664,0.16315892,-0.46817273
116,4138,-0.4416309,-1.0110123,0.5261276,-0.27595282,-0.011241585,-0.21901608,0.19607615,-0.039143864,0.009224221,-0.22643873,0.72480196,0.08645846,0.12431571,-0.07716335,0.41391706,-0.10131016
116,4140,0.8568286,0.75887764,-1.0438106,-0.28008455,-0.3134035,-0.98109174,-0.13816537,-0.27737784,-1.3465986,-0.36701953,-0.89141047,-1.2084411,0.0074109584,1.3320982,-0.17076503,-0.62965894
116,4146,-0.44549146,0.09677169,0.08689953,-0.21548028,0.41747558,-0.7261579,-0.14578386,-0.39764586,-0.39604905,-0.5381802,0.04498346,-0.3136416,0.096250825,0.22295284,0.0255384,-0.37480295
116,4161,-0.21765311,0.9147017,0.4663511,0.52402705,0.3847587,-0.05718655,-0.49219453,0.11695619,0.5556759,-0.7357511,-0.40242445,0.27848995,-0.3388425,-0.22484232,-0.4401254,0.11529501
116,4164,0.19377074,0.7739029,0.355762,0.4363227,0.72781914,0.07152006,-0.4456833,0.30716726,-0.0063517615,-0.4533885,-0.0932219,-0.2166199,-0.31265217,-0.4063007,-0.2805168,0.13097444
116,4177,-0.07413708,-0.12040645,0.75981885,-0.27798134,-1.1767161,-0.08843901,0.6658132,-0.69757694,0.7414756,-0.5876629,0.18144411,0.2922666,-0.3424257,0.42594543,-0.20469768,1.0559236
116,4187,-0.29173318,0.7187041,0.4605083,0.4602595,0.24612048,-0.066573896,-0.4072979,0.06059567,0.5972354,-0.68222487,-0.35220832,0.3561011,-0.27516267,-0.15446828,-0.37931055,0.09448175
116,4188,0.27174807,-0.16276485,-0.4203567,0.28566152,-0.017141864,0.39497745,0.11383446,-0.020417314,0.22235945,0.44344687,-0.3102157,0.2808523,0.42094246,0.24156223,-0.12164131,0.0141361095
116,4193,0.6897583,-0.31133056,-0.4762193,0.65603113,-0.29566932,0.7277969,-0.030815601,0.059035346,0.07595052,0.17064784,-0.28601626,0.3048383,0.292564,0.20596248,-0.05741553,0.078609765
116,4203,-0.3261353,-0.12676433,-0.43371868,-0.027643412,-0.5956464,-0.08708211,-0.16442846,1.5839016,0.59470195,0.40529186,-0.13698441,0.29376823,-0.03469845,-0.00073876046,0.38690275,-0.72377294
116,4209,-0.14959517,0.034385502,-0.50944936,-0.008127563,-0.41609865,0.2875414,0.041465767,0.2309319,0.13378762,0.51414365,-0.19555494,0.331581,-0.15645832,-0.361075,0.07783005,-0.30100432
116,4213,-0.39635515,-0.078543544,-0.4531831,-0.05327984,-0.73821765,-0.09870044,-0.23201881,1.7928472,0.6034841,0.38467127,-0.10664183,0.30342996,-0.18623999,-0.12892868,0.47051674,-0.8241718
116,4218,0.16727467,0.44990608,0.47468138,0.28114688,0.8238951,0.009558216,-0.35845494,0.2601704,-0.18059236,-0.41863066,0.17598587,-0.35151976,-0.23217064,-0.42022845,-0.13458861,0.14855833
116,4228,0.74462056,-0.5623694,-0.38156837,0.65511924,-0.3469321,0.7380988,-0.07199806,0.17160234,-0.07176437,0.043805573,-0.06399763,0.2192052,0.21262199,0.13455392,0.08798649,0.03150851
116,4231,0.1682325,0.8924016,-0.15214981,-0.98807704,-1.0866,0.17530186,0.2299939,-0.10253279,-0.6812154,0.8533322,0.19158444,-0.6521517,-1.2972255,-1.1656488,0.1411717,0.4371102
116,4237,0.34868312,-0.13269466,-0.46399498,0.39567506,-0.02747973,0.5220719,0.086674824,-0.19005154,0.17455791,0.39438623,-0.35144037,0.33842382,0.40321794,0.18125317,-0.16368993,0.0744665
116,4253,0.21191013,0.92362654,-0.17649736,-1.0212448,-1.1038022,0.23428434,0.26215422,-0.33511314,-0.8214667,0.8739608,0.20697019,-0.6898954,-1.3639175,-1.2619976,0.11135234,0.5028289
116,4257,-0.29173318,0.7187041,0.4605083,0.4602595,0.24612048,-0.066573896,-0.4072979,0.06059567,0.5972354,-0.68222487,-0.35220832,0.3561011,-0.27516267,-0.15446828,-0.37931055,0.09448175
116,4259,-0.7057295,-0.40466574,0.26324862,-0.34665614,0.13814175,-0.74004424,0.037752613,-0.45919937,-0.13632649,-0.5173175,0.272139,-0.049960777,0.22137979,0.29798645,0.18362193,-0.33099118
116,4264,-0.4152987,0.06928989,-0.34187967,-0.21031426,0.4232499,0.018167377,0.23527166,-0.28309286,0.34921804,0.7732976,-0.27784723,0.3992514,0.460528,0.04295411,-0.19442977,-0.09662877
116,4265,0.6328282,-0.32240883,-0.5080251,0.6248775,-0.3051707,0.68999183,-0.012952805,0.07044272,0.11400208,0.21269259,-0.31365532,0.32536972,0.32195047,0.21859095,-0.056035966,0.032024097
116,4302,-1.0053809,0.4779199,-0.43124843,-0.6222825,0.79983366,-0.086813636,0.24606377,-0.6265095,0.38184452,1.2060285,-0.35175616,0.53769964,0.32723033,-0.34360492,-0.32752472,-0.1545421
116,4305,0.22630939,0.905826,-0.16645278,-1.0063087,-1.1026106,0.23501363,0.26535946,-0.3391001,-0.8157323,0.85642165,0.21072315,-0.68738914,-1.3492963,-1.2384071,0.111963466,0.51166683
116,4311,-0.48217067,-0.5621283,0.3736763,-0.41394216,0.55419683,-0.62922144,0.014109544,-0.35335615,-0.49738848,-0.34880558,0.52850235,-0.37310964,0.22244394,0.09090636,0.27382135,-0.2655354
116,4320,-0.9048045,0.40933278,-0.3608961,-0.5725869,0.8321541,-0.08067817,0.26931298,-0.71716064,0.35843095,1.125472,-0.33088166,0.5046011,0.40808278,-0.2362401,-0.34925097,-0.064860724
116,4325,-0.071005754,0.19554558,-0.44529492,0.0713712,0.38426584,0.31562698,0.1789023,-0.5191226,0.24049076,0.6732564,-0.4092971,0.3903831,0.45262176,0.031031234,-0.30652237,0.09602013
116,4331,-0.013617817,-0.1885262,-0.3773781,0.10164124,-0.23478445,0.12848881,0.023220122,0.6894116,0.3898312,0.44447175,-0.20041054,0.25074723,0.25433362,0.1779629,0.10713814,-0.30418506
116,4334,-0.0049861,-1.0404195,0.4701187,-0.078760445,0.22236669,0.10621889,0.04968153,0.04115879,-0.3836032,-0.14318863,0.8290765,-0.10081978,0.080451936,-0.29503384,0.48129565,-0.08017598
116,4344,-0.9048045,0.40933278,-0.3608961,-0.5725869,0.8321541,-0.08067817,0.26931298,-0.71716064,0.35843095,1.125472,-0.33088166,0.5046011,0.40808278,-0.2362401,-0.34925097,-0.064860724
116,4345,0.18090352,0.8456528,0.42790365,0.48248369,0.7807665,0.07953102,-0.5007583,0.34151617,0.050382998,-0.5291033,-0.09876573,-0.19914244,-0.35890177,-0.4579129,-0.3085361,0.16654766
116,4347,0.6884441,-0.07115987,-0.50982124,0.70378673,-0.14321353,0.8560827,-0.030665562,-0.2510131,0.08750267,0.25102124,-0.40422302,0.37714738,0.30602214,0.106040515,-0.2050593,0.23512761
116,4349,-0.2421326,-0.64620847,0.7464955,-0.13486688,-0.0923231,-0.031006075,0.22656138,-0.18828692,0.19211936,-0.36594418,0.6203624,0.092187405,-0.056257702,-0.11485898,0.18791613,0.35761872
