window_id,vehicle_id,z_0,z_1,z_2,z_3,z_4,z_5,z_6,z_7,z_8,z_9,z_10,z_11,z_12,z_13,z_14,z_15
118,614,1.0966008,0.42771247,-0.07309227,-0.57802415,-0.26960492,0.95069396,0.681984,-0.3828771,0.6110532,-0.51214373,1.4022182,0.3623859,-0.03902182,0.88222295,-1.092338,1.436727
118,2413,0.65688205,0.25624302,0.037000004,-0.55928123,-0.16832203,0.6522962,0.70963603,-0.40985948,0.29602766,-0.42192,1.2039636,0.30681467,-0.03765489,0.6369673,-0.7787664,0.98015743
118,633,0.32374552,-1.3592474,0.7539786,0.68466043,0.5592841,0.19729286,-0.10335021,0.28430384,0.4205687,0.14387253,-0.09099657,0.30491817,-0.50914794,0.048260774,0.5809687,0.5335359
118,2681,0.31595314,-1.3295829,0.7350458,0.6666798,0.54788476,0.19445026,-0.09158574,0.2703868,0.4106399,0.14376871,-0.09725767,0.30288684,-0.5059959,0.049523752,0.5596853,0.51325047
118,4061,1.0966008,0.4277125,-0.07309227,-0.578024,-0.26960498,0.95069396,0.68198407,-0.38287708,0.6110532,-0.51214373,1.4022179,0.3623859,-0.039021805,0.8822229,-1.0923381,1.436727
118,556,0.32374555,-1.3592477,0.75397855,0.6846604,0.55928415,0.19729286,-0.10335021,0.28430387,0.42056862,0.14387253,-0.09099654,0.30491817,-0.50914794,0.04826078,0.58096856,0.53353584
118,3780,0.32374558,-1.3592474,0.7539786,0.68466043,0.5592841,0.19729288,-0.10335021,0.28430384,0.42056865,0.14387253,-0.090996556,0.3049182,-0.509148,0.04826078,0.58096856,0.5335358
118,427,0.31595314,-1.3295829,0.7350457,0.66667974,0.5478847,0.19445026,-0.09158571,0.27038676,0.41063994,0.1437687,-0.09725765,0.30288678,-0.5059959,0.049523752,0.5596853,0.51325047
118,523,0.32374558,-1.3592474,0.7539786,0.6846605,0.5592841,0.19729285,-0.10335021,0.28430384,0.42056867,0.14387253,-0.09099657,0.30491814,-0.50914794,0.04826078,0.5809686,0.5335359
118,1940,0.31595314,-1.3295827,0.7350456,0.6666798,0.5478848,0.19445026,-0.09158574,0.27038673,0.41063994,0.1437687,-0.09725765,0.3028868,-0.5059959,0.049523752,0.55968523,0.5132505
118,105,0.3237456,-1.3592477,0.7539786,0.68466055,0.5592841,0.19729286,-0.10335021,0.28430384,0.42056867,0.14387253,-0.09099654,0.30491826,-0.50914794,0.04826078,0.5809686,0.5335359
118,835,0.32374558,-1.3592474,0.7539786,0.6846605,0.55928415,0.19729286,-0.10335024,0.28430384,0.42056862,0.14387253,-0.09099657,0.3049182,-0.509148,0.04826078,0.5809686,0.53353584
118,931,0.31595314,-1.3295827,0.73504573,0.6666798,0.54788476,0.19445024,-0.09158571,0.2703868,0.4106399,0.14376873,-0.09725765,0.3028868,-0.5059959,0.049523752,0.5596853,0.51325065
118,2084,0.32374558,-1.3592477,0.7539786,0.6846605,0.55928403,0.19729286,-0.10335021,0.2843038,0.4205687,0.14387253,-0.09099657,0.3049182,-0.50914806,0.04826078,0.5809687,0.53353584
118,1575,0.6568819,0.25624302,0.037,-0.5592813,-0.16832204,0.65229607,0.7096361,-0.4098595,0.2960277,-0.42192,1.2039636,0.30681464,-0.03765486,0.63696724,-0.77876633,0.98015755
118,3027,0.32374555,-1.3592474,0.7539786,0.6846606,0.5592841,0.19729286,-0.10335021,0.2843038,0.42056867,0.14387253,-0.090996556,0.30491823,-0.509148,0.048260774,0.5809687,0.53353584
118,3200,0.32374558,-1.3592477,0.7539786,0.6846606,0.55928403,0.19729288,-0.10335024,0.2843038,0.42056873,0.14387253,-0.09099657,0.3049182,-0.509148,0.04826078,0.5809686,0.53353584
118,1237,1.1167514,0.43671572,-0.072818205,-0.5854603,-0.27475432,0.96326506,0.69244826,-0.38580024,0.6207563,-0.5216667,1.4251069,0.36956012,-0.041962102,0.8967458,-1.1104482,1.4629709
118,1638,-0.39263526,0.5883461,0.1702803,0.24683511,0.7269545,-0.53967464,0.4799208,-0.3595497,-0.8635345,-0.3324899,0.25357312,0.48971435,-0.5673532,0.36074567,0.32835442,-0.15219599
118,1743,0.51167005,0.18263862,0.060768347,-0.5474762,-0.13803425,0.5647979,0.6907263,-0.42003837,0.21120062,-0.38725764,1.1347581,0.2796115,-0.0382787,0.5332975,-0.68069255,0.83409077
118,1941,0.32374558,-1.3592477,0.7539786,0.6846606,0.5592841,0.19729288,-0.10335024,0.28430378,0.42056867,0.14387253,-0.09099657,0.30491823,-0.509148,0.04826078,0.5809686,0.5335359
118,2028,0.036098897,-0.84967846,0.29242608,0.23580009,0.48632073,0.37673107,0.04627025,-0.35581857,-0.07558239,-0.32120502,0.8795491,-0.08317375,-0.02111271,-0.2383722,0.19272381,0.46180177
118,2828,0.32374558,-1.3592474,0.7539786,0.6846607,0.5592841,0.19729285,-0.10335024,0.2843038,0.4205687,0.14387253,-0.09099654,0.30491823,-0.50914794,0.04826078,0.5809687,0.5335359
118,2,-0.7373689,-0.059859943,-0.14080986,-0.03185065,0.20886327,-0.38624454,-0.38307047,-0.2994259,-0.659664,-0.3468309,0.37884158,0.33655652,-0.29085666,-0.46740124,-0.11466345,0.072568506
118,4,0.5592558,0.22879055,-0.12507561,1.0941498,0.5030422,-0.1621014,-0.03426735,-0.17606504,-1.0500408,-0.44118202,0.39021844,-1.3069675,1.1116103,-0.14576203,0.13036002,-0.32427824
118,8,0.49009144,-0.5321882,0.2349864,0.8860845,0.33480388,-0.019934043,-0.26360846,0.2037164,-0.36462253,-0.18985975,0.37561253,-0.89558315,0.8440695,-0.105731696,0.452542,0.16978015
118,22,0.07564862,0.03373225,-0.30447614,-0.18350086,-0.29952353,0.06472913,0.3113243,-0.23025069,0.09691346,0.20250833,-0.42521513,-0.08220922,-0.17866264,-0.040850226,-0.5637374,-0.57449055
118,23,0.44830066,-0.13116898,-0.26195127,0.2763112,-0.19263169,0.057285774,0.20294616,0.019841716,0.2512817,0.2901053,-0.8471725,-0.028084498,-0.3540613,0.17492287,-0.6326842,-0.46124792
118,28,0.5489738,-0.05188793,-0.007152452,0.9915275,0.37188894,-0.118484855,-0.15348722,0.008128136,-0.77634895,-0.3154737,0.3610253,-1.1946262,1.0971179,-0.13461189,0.25496802,-0.14322084
118,35,-0.41573134,0.20989394,-0.6436101,0.28515753,-0.073335245,-0.31930554,-1.2584562,0.19606966,-0.33255392,-0.44905257,0.036811516,0.3421802,-0.21902503,-0.35237285,-0.6048224,0.59538466
118,44,-0.47672543,0.10316305,-0.4952432,0.21753433,0.020973071,-0.32488617,-0.9362744,0.005772501,-0.4490195,-0.41793153,0.13374794,0.31447074,-0.23819475,-0.3640538,-0.511396,0.4019544
118,85,0.20771107,0.11998485,-0.45027798,-0.0560959,-0.34633315,0.050839983,0.3009563,-0.23700756,0.10490562,0.2386404,-0.68124926,-0.07252993,-0.32096136,-0.00958335,-0.8062109,-0.69449836
118,92,0.13702065,0.07296623,-0.39986995,-0.120177485,-0.32041556,0.047904573,0.33842266,-0.27563947,0.08385225,0.21127903,-0.5685784,-0.06128987,-0.30863053,-0.043072756,-0.7396708,-0.6765488
118,101,-0.15760067,0.6850525,-0.36900553,0.10724276,-0.12697119,-0.2083171,-1.086218,0.69334996,0.1499625,-0.16076183,-0.15832427,0.3570104,-0.0530812,0.1685104,0.12548038,0.6783671
118,110,-0.6697242,-0.079893254,-0.2244938,-0.13047299,0.02318053,-0.26351565,-0.5288075,-0.18930182,-0.45181254,-0.27754992,0.2985605,0.25553662,-0.15242697,-0.50937057,-0.18893003,0.12017842
118,122,-0.41573134,0.20989394,-0.64361006,0.28515753,-0.073335245,-0.31930554,-1.2584565,0.19606966,-0.33255392,-0.44905257,0.036811516,0.34218016,-0.21902497,-0.35237283,-0.6048225,0.59538466
118,127,0.88069826,0.32086703,-0.011957323,-0.6009865,-0.240339,0.81240237,0.7164355,-0.41242594,0.45469898,-0.48044002,1.3504852,0.34296304,-0.04201269,0.75067425,-0.9691588,1.2343086
118,146,0.041189805,0.047749788,-0.20438495,-0.4559727,-0.5461109,0.17354086,0.13800403,0.0656753,0.4340468,0.40285107,-0.49204648,-0.24286972,0.2443338,-0.15090056,-0.2458521,-0.5143248
118,154,-0.58451796,0.09271543,0.43374687,-0.56752205,0.1335462,-0.098340735,0.43673825,-0.1800758,-0.10116024,0.095704705,0.33809468,0.16058698,0.05708322,-0.054483164,0.7911717,-0.18584436
118,155,0.40083545,0.010092825,-0.40460157,0.19481575,-0.27054465,0.04720208,0.2497005,-0.095732465,0.18232962,0.27638897,-0.8758142,-0.035486165,-0.3972451,0.12453887,-0.81241196,-0.6189951
118,156,0.41212678,-0.69032294,0.27093008,0.60621727,0.23341836,0.041000925,0.06415787,0.22823256,0.31004313,0.2824045,-0.73413974,0.1586592,-0.5007219,0.16698267,-0.008314233,-0.05488702
118,166,-0.31270128,0.37167898,-0.54267305,0.21599972,-0.10367516,-0.2858898,-1.2601734,0.43036956,-0.13556103,-0.3380578,0.004791416,0.3384339,-0.116457835,-0.14687611,-0.29735947,0.6854943
118,178,-0.5294684,0.10462129,-0.38884398,-0.06569885,-0.12253426,-0.22402737,-0.92256296,0.12970501,-0.21802291,-0.2694578,0.14664459,0.27168986,-0.08081439,-0.4119125,-0.23239727,0.3851092
118,183,0.12801206,1.6290262,0.28047547,0.40492034,0.99541634,-0.5258906,1.1384528,-0.114334784,-0.61339927,-0.1379275,-0.30169278,0.5407015,-0.64601946,1.3019378,0.8345509,-0.41140956
118,189,0.6132189,0.19672841,-0.11263749,1.1135166,0.44014305,-0.1798684,-0.09422518,-0.08319619,-0.9986724,-0.3885478,0.3390568,-1.3408732,1.1941462,-0.12159766,0.1779265,-0.2965291
118,195,0.39379638,-0.63515496,0.17288993,0.60260403,0.24465318,0.025564175,0.11790762,0.1285137,0.25891936,0.26517087,-0.77925646,0.20422408,-0.6039298,0.14681427,-0.1514359,-0.14539722
118,199,0.22985104,0.033788547,-0.41343373,0.08739665,-0.21091315,0.015285365,0.34146056,-0.2946896,0.01093623,0.1751453,-0.6359217,0.012586676,-0.45787847,0.048056483,-0.8337161,-0.6492318
118,205,0.98670524,0.3831647,-0.045638904,-0.584149,-0.25529018,0.87318385,0.69913,-0.3930531,0.5277865,-0.4901175,1.3610853,0.3479238,-0.039381787,0.81875414,-1.0258937,1.3209181
118,206,-0.583485,0.04024122,-0.475234,0.07698354,-0.042338453,-0.30004644,-0.9579315,-0.016411975,-0.4148842,-0.39044923,0.16990058,0.31130192,-0.2034977,-0.5028875,-0.46091482,0.36933213
118,208,0.41221154,-0.5872418,0.120274186,0.5980141,0.2108578,0.01859074,0.1321442,0.11878112,0.25768974,0.27273607,-0.8292022,0.19084442,-0.6115072,0.15362756,-0.2201299,-0.19411206
118,223,-0.32801622,0.34225333,-0.61662364,0.23666015,-0.13801941,-0.2814382,-1.3561332,0.4147355,-0.14426842,-0.37260112,-0.014005199,0.33746296,-0.12674133,-0.21828777,-0.4188148,0.70985574
118,224,0.08211401,0.045122057,-0.27905837,-0.2633087,-0.38799614,0.10286939,0.2518548,-0.12624884,0.21608731,0.27194872,-0.46489716,-0.13934264,-0.043002144,-0.06550267,-0.4738816,-0.555269
118,237,-0.1488884,0.05135919,-0.31769013,-0.44731382,-0.4069193,0.071286455,0.25727853,-0.23077334,0.1591705,0.3030253,-0.48337376,-0.10731745,-0.060290635,-0.35156885,-0.4692058,-0.73845255
118,243,0.35813567,0.021123089,-0.42726427,0.18765455,-0.2434748,0.032396723,0.27626744,-0.16386135,0.12270291,0.24960828,-0.850717,-0.004437402,-0.45078707,0.09665446,-0.8563812,-0.65308994
118,254,-0.7386008,-0.27125624,0.14327727,-0.8332846,-0.15581825,0.00893569,0.31112328,-0.4270967,-0.11040121,0.13784942,0.35932288,-0.020248033,0.1646792,-0.6263085,0.2488468,-0.49223483
118,258,-0.7300701,-0.038522787,0.12945814,-0.2837531,0.24597724,-0.28639877,0.13983989,-0.40805006,-0.55863726,-0.16923398,0.39904466,0.2666674,-0.2096955,-0.34998453,0.23744151,-0.20869362
118,264,0.2784052,0.13840908,-0.4962509,0.012715206,-0.3619213,0.045421593,0.2970405,-0.22334838,0.12227188,0.25817743,-0.79073393,-0.06707282,-0.37846148,0.017375171,-0.8941905,-0.73464954
118,267,0.6214738,0.3022357,-0.17629878,0.24970114,-0.33703476,0.11862632,0.0047964007,0.22834343,-0.0064166114,0.047774576,-0.10049268,-0.98537433,1.0737405,0.17424034,-0.09798594,-0.1972413
118,283,-0.010241374,1.214258,-0.11480041,-0.15323186,-0.19290632,-0.083632216,-0.8812641,1.0803571,0.6093113,0.11136316,-0.43557513,0.39083973,0.049376667,0.5416952,0.8183505,0.62677234
118,291,-0.5756974,-0.10300617,0.38034067,-0.99954873,-0.35850567,0.15418682,0.18053298,0.034394488,0.41748443,0.36198232,0.22755161,-0.12594497,0.5404109,-0.33703905,0.82560843,-0.1764175
118,302,-0.7110876,-0.24692836,0.25163433,-0.942799,-0.2557459,0.06821074,0.23800305,-0.24297187,0.10811782,0.2366235,0.3352824,-0.07069533,0.3365907,-0.5566321,0.4990062,-0.35853928
118,304,0.40735495,-0.5782554,0.12051168,0.5800303,0.19797416,0.02165728,0.13083187,0.12014997,0.2579897,0.27020872,-0.8064591,0.17728317,-0.586785,0.15529898,-0.21236338,-0.18833016
118,305,-0.77822345,-0.119559295,0.32231778,-0.3672837,0.35950017,-0.2945509,0.4309076,-0.52198774,-0.61955756,-0.15295437,0.55529684,0.2912198,-0.25012106,-0.27644685,0.41654783,-0.27154833
118,306,-0.41410792,0.22093806,0.51077265,-0.92748094,-0.31167412,0.17039266,0.24743354,0.25535592,0.5936672,0.4255881,0.08261022,-0.09296918,0.5974814,-0.0036503337,1.1717215,-0.07441407
118,309,-0.5440451,0.3162738,0.084098056,0.14529118,0.55758816,-0.4969299,0.17111212,-0.34905407,-0.8137317,-0.3481646,0.33532393,0.44848862,-0.48246485,0.044614628,0.18712462,-0.056671612
118,314,-0.47288382,0.22611427,0.5007728,-0.73585445,-0.06992332,0.036109433,0.37392753,0.08072157,0.277724,0.28150573,0.17644817,0.04660833,0.32608235,0.037746504,1.0594286,-0.12622952
118,325,-0.75661194,-0.28464198,0.11086334,-0.78603035,-0.094082,-0.021763071,0.3739984,-0.52136374,-0.21329883,0.08210797,0.3876939,0.01954902,0.063839905,-0.6439636,0.15488236,-0.54265016
118,338,-0.67109793,-0.21378219,0.28603843,-0.9717488,-0.30200255,0.100005746,0.2076772,-0.15277907,0.214546,0.28275356,0.2983126,-0.09632647,0.41046315,-0.50245583,0.5913497,-0.30212325
118,340,-0.45037097,0.17969152,-0.63978535,0.30011928,-0.04173912,-0.34184343,-1.226854,0.13576394,-0.397432,-0.47377366,0.06120212,0.35350212,-0.25305444,-0.3863613,-0.6346776,0.56553555
118,342,-0.40403232,0.25872153,-0.6732819,0.2938858,-0.098929115,-0.32401812,-1.3649808,0.2764792,-0.28738934,-0.4528808,0.015250206,0.35944703,-0.20887826,-0.33935583,-0.58902144,0.6671818
118,343,0.16241646,0.092735305,-0.42016578,-0.086173296,-0.32025522,0.045872897,0.3238029,-0.26684463,0.0790329,0.21523029,-0.6065353,-0.06104449,-0.31960434,-0.026075605,-0.7679782,-0.67970246
118,362,0.03888321,1.2270555,-0.022054449,-0.2426659,-0.20454268,-0.013214909,-0.671511,1.0547804,0.6879633,0.2018764,-0.47031432,0.3347445,0.10204328,0.6128485,0.92779356,0.50687253
118,363,-0.30977333,0.35812435,-0.52986634,0.20423359,-0.103281945,-0.2765058,-1.2234902,0.41319704,-0.13472115,-0.32801485,0.007940471,0.32725078,-0.109433785,-0.14510559,-0.29307607,0.6625153
118,364,0.19628507,0.114784986,-0.43332875,-0.05360806,-0.3297308,0.050014608,0.2940165,-0.23321721,0.092136234,0.23016942,-0.65031624,-0.071095265,-0.30334687,-0.0025101341,-0.7758668,-0.67019236
118,366,0.5067778,-0.09214027,-0.20411202,0.24726248,-0.2653888,0.09687019,0.11101067,0.15670875,0.30565327,0.28095675,-0.69587487,-0.21845278,-0.025751337,0.19884513,-0.461354,-0.33107752
118,367,-0.45170686,0.23898461,0.51326674,-0.82308334,-0.16932844,0.09287281,0.32559288,0.16041699,0.4185411,0.34817886,0.13256316,-0.0068457797,0.43948948,0.026789956,1.1287735,-0.10439603
118,390,-0.56153834,0.12826668,-0.3221103,-0.16310987,-0.14431101,-0.21308765,-0.9140587,0.18949312,-0.15240693,-0.22155955,0.1741735,0.27731228,-0.036017403,-0.40749183,-0.07176061,0.39272642
118,394,-0.44358718,0.15157905,-0.5814666,0.26342127,-0.025876088,-0.32257664,-1.1002005,0.09130618,-0.3995412,-0.44003457,0.07979071,0.32747748,-0.23534678,-0.36335444,-0.58462715,0.49665946
118,396,-0.0117877945,0.050669596,-0.25518012,-0.47777757,-0.5346612,0.14749236,0.18329066,-0.021992475,0.38247797,0.39343682,-0.52723557,-0.20689337,0.14397465,-0.23217392,-0.33574736,-0.6183284
118,404,0.17832461,1.651025,0.24116655,0.44409698,0.9935728,-0.5180057,1.1393199,-0.11618096,-0.619409,-0.14630029,-0.33000535,0.5253415,-0.64462006,1.3385698,0.76739436,-0.4185427
118,405,-0.6478876,-0.06792466,-0.24078791,-0.24560912,-0.10121907,-0.18475202,-0.6180844,-0.081335634,-0.28230348,-0.20874569,0.25646177,0.21595472,-0.05020675,-0.5311004,-0.13800675,0.15962826
118,416,-0.45170683,0.23898461,0.5132667,-0.82308334,-0.16932845,0.09287281,0.3255929,0.16041699,0.41854107,0.3481788,0.13256316,-0.006845765,0.43948942,0.026789956,1.1287733,-0.10439603
118,422,0.2411522,0.0011160672,-0.40902826,0.1367192,-0.17230234,0.0038049296,0.35107225,-0.30768162,-0.008420803,0.1642369,-0.65873885,0.042302065,-0.5145216,0.055620544,-0.8542384,-0.65192586
118,423,-0.49276075,0.014849655,0.44910574,-1.0003886,-0.37998366,0.18595757,0.18287224,0.16688877,0.5530651,0.41368484,0.16317381,-0.13459133,0.6180136,-0.18996267,1.0038705,-0.096027076
118,433,0.7349495,0.24227378,-0.044759233,-0.5611394,-0.20131475,0.7341385,0.6534811,-0.4460809,0.3913855,-0.43371034,1.233405,0.30354825,-0.08122645,0.5934412,-0.91142356,1.042159
118,434,0.5384209,0.06632754,-0.17398208,0.23176682,-0.292523,0.10989221,0.063749686,0.19673994,0.18356606,0.18237063,-0.4169132,-0.539094,0.44991034,0.19299948,-0.2768954,-0.2550236
118,442,-0.77136874,-0.003589157,-0.050820723,0.011055425,0.3474468,-0.4636756,-0.24391414,-0.3550357,-0.77754056,-0.384099,0.43355316,0.40874568,-0.39213085,-0.394847,-0.0056078564,0.046106994
118,444,0.5789284,0.19462979,-0.07369606,-0.5232948,-0.15049858,0.62342215,0.6380365,-0.4984168,0.2668602,-0.39681447,1.0937954,0.29050106,-0.14307834,0.46121,-0.8687404,0.8124724
118,461,-0.72371215,-0.26474774,0.14138427,-0.8215491,-0.1578039,0.011996493,0.30363178,-0.41465563,-0.1029889,0.14041522,0.35000512,-0.024074823,0.17058213,-0.6098479,0.24785572,-0.48209435
118,465,-0.39367488,-0.14353642,0.08828536,-0.64968306,-0.064618565,0.110397846,0.48638958,-0.49765477,-0.14202642,-0.06458969,0.5651431,0.09487887,-0.0020629913,-0.2806901,-0.09559792,-0.18998703
118,467,0.6778818,0.38496798,-0.20414507,0.29959804,-0.34732175,0.1102086,-0.031460106,0.23704752,-0.10372505,-0.020056859,0.01295428,-1.1865374,1.3236355,0.15398328,-0.05642627,-0.1855205
118,496,0.39178866,-0.6020796,0.14497575,0.59055614,0.22732173,0.02084412,0.12652445,0.11899409,0.24961552,0.26608223,-0.79443204,0.19644794,-0.59871525,0.1476736,-0.18195382,-0.17231876
118,497,0.229175,-0.16347636,0.023461584,0.6191318,0.5163109,0.07814134,0.057706922,-0.3182162,-0.6091974,-0.3861067,0.59666437,-0.6473918,0.46754104,-0.15001151,0.1196651,-0.016008526
118,498,-0.5444366,0.018328212,-0.47948438,0.17638984,0.030023456,-0.32270038,-0.8474355,-0.10981693,-0.5147659,-0.42304203,0.16706397,0.30497187,-0.25985044,-0.45652285,-0.55446476,0.3129034
118,514,-0.47288376,0.22611427,0.5007728,-0.73585445,-0.06992333,0.036109433,0.37392753,0.08072159,0.277724,0.2815057,0.17644817,0.04660833,0.32608235,0.037746504,1.0594286,-0.12622952
118,515,0.5274923,0.19920975,-0.116283655,1.0851557,0.55171126,-0.13676688,-0.016585931,-0.22421715,-1.0544038,-0.47813225,0.4479669,-1.2744179,1.0469595,-0.16868848,0.11951719,-0.3033719
118,529,-0.8382847,-0.26104474,0.09685247,-0.5312517,0.010817647,-0.17335576,-0.05833371,-0.36496758,-0.39894253,-0.09227284,0.46898907,0.16505037,-0.01693526,-0.6159647,0.21617681,-0.18655458
118,540,-0.32801622,0.3422533,-0.6166237,0.23666015,-0.13801943,-0.28143826,-1.3561333,0.4147355,-0.14426842,-0.37260112,-0.014005199,0.33746296,-0.12674133,-0.2182878,-0.4188148,0.70985574
118,548,-0.070061326,0.04816851,-0.2658346,-0.4589566,-0.46854,0.117662475,0.20656495,-0.09858574,0.28457564,0.350748,-0.48481828,-0.165894,0.0781811,-0.2638575,-0.36322016,-0.6407815
118,552,0.69551027,0.22920686,-0.054997507,-0.55869734,-0.18716215,0.70755184,0.6632437,-0.4757594,0.35301366,-0.43444782,1.2143545,0.30920866,-0.112445965,0.55477244,-0.92045784,0.9858698
118,563,-0.18022494,1.1431143,0.25887966,0.24459773,0.86034995,-0.51826346,0.89566207,-0.25676566,-0.6930012,-0.16778216,-0.08049833,0.486733,-0.5744405,0.80752015,0.7018089,-0.40721214
118,579,0.7145063,0.19084412,-0.12614095,0.28871936,-0.39041656,0.14972863,-0.118536904,0.37785095,0.10038686,0.058901563,-0.017226085,-1.0827944,1.2368791,0.1908577,0.011542056,-0.045183107
118,597,0.400576,-0.02397757,-0.3467477,0.18362448,-0.26443237,0.060774453,0.22604491,-0.0472411,0.2129842,0.2800625,-0.8166611,-0.05695153,-0.32708758,0.14318137,-0.7157838,-0.5458325
118,603,-0.31447762,0.36474943,-0.5681418,0.21914712,-0.120538175,-0.28103513,-1.2994217,0.43356526,-0.12888151,-0.34691617,-0.0034926832,0.3364655,-0.11425902,-0.1684032,-0.33408144,0.69856435
118,604,0.0032683015,1.2216575,-0.09489097,-0.1729518,-0.19785328,-0.06756893,-0.84028065,1.0825424,0.6320077,0.1327222,-0.4453051,0.37972724,0.062470257,0.56130075,0.84628916,0.6055105
118,606,-0.7315082,-0.26556712,0.19963871,-0.8958908,-0.21202643,0.039085396,0.26438814,-0.33071184,0.0027734563,0.19129622,0.34912315,-0.04998058,0.25927737,-0.6005777,0.3789235,-0.42287698
118,610,0.15925944,0.027274773,0.091149494,-0.60170543,-0.11517747,0.39038983,0.6436293,-0.4624794,0.06366634,-0.2833093,0.96325886,0.21607116,-0.032133207,0.22193137,-0.47427955,0.4634812
118,612,-0.301578,0.3534577,-0.53927165,0.20336354,-0.11422618,-0.26727015,-1.2294012,0.4140225,-0.124343045,-0.32588044,7.3209405e-05,0.31966415,-0.10259618,-0.14761871,-0.31031674,0.6624604
118,615,0.98623353,0.38746214,-0.051105097,-0.57423097,-0.25403273,0.86935794,0.6880838,-0.38598827,0.52897435,-0.48247993,1.3411988,0.34217003,-0.036162123,0.81803006,-1.0195013,1.3099219
118,618,0.6718702,0.40612608,-0.21346231,0.30245394,-0.34033257,0.10483658,-0.018530443,0.21787068,-0.12889993,-0.031599946,0.018108033,-1.19644,1.3284239,0.1489416,-0.06599889,-0.20196626
118,621,0.3936541,-0.6231606,0.1631717,0.5989179,0.23824246,0.023752652,0.12032886,0.12659004,0.25621173,0.2662475,-0.78662163,0.20130429,-0.60153085,0.14725982,-0.16182101,-0.15521045
118,628,-0.74460244,-0.27738804,0.12851024,-0.8034535,-0.12109261,-0.007359877,0.34296876,-0.47361752,-0.16532594,0.10839708,0.3749499,0.0005167648,0.11380616,-0.62809664,0.20321426,-0.5132885
118,632,0.3602277,-1.0002735,0.51442134,0.7058626,0.35743105,0.08759998,-0.2793597,0.34571093,0.1033144,-0.00074436516,0.25595012,-0.33280137,0.29892105,-0.016267512,0.62319785,0.44815153
118,644,0.43243873,-0.72049105,0.2875906,0.63882923,0.24796717,0.040943466,0.057142958,0.24477604,0.32587957,0.28980532,-0.76193,0.16887368,-0.5254934,0.17114031,-0.000358399,-0.044687197
118,663,0.40352607,-0.57624036,0.17750886,0.46883178,0.10567404,0.064512186,0.08843636,0.17941797,0.30435246,0.25264382,-0.5939426,0.059385106,-0.36868674,0.17859465,-0.09003573,-0.07417422
118,666,-0.069966406,1.3909857,0.26600933,0.4369592,1.0483414,-0.62814724,1.0013771,-0.24517566,-0.8345907,-0.25958177,-0.11009485,0.59931004,-0.7357631,1.0593904,0.7156568,-0.35858107
118,670,0.23993087,0.059046872,-0.4176754,0.062768936,-0.2500823,0.026927598,0.31928313,-0.2575946,0.04624144,0.1981509,-0.6552957,-0.017717589,-0.40485948,0.049147744,-0.8141651,-0.64836174
118,674,0.72192323,0.2422922,-0.14761418,0.29808974,-0.38818908,0.14263773,-0.10509838,0.35547167,0.056586474,0.040578492,-0.011061318,-1.1271904,1.2812326,0.18562272,-0.002489522,-0.07478922
118,684,0.3854016,-0.58504647,0.12787151,0.57744217,0.21981741,0.020139597,0.13427931,0.104068756,0.24128816,0.26219973,-0.788662,0.19474897,-0.59829503,0.14533165,-0.20111255,-0.18470384
118,686,-0.1200072,0.77735025,-0.31613305,0.06186381,-0.13719139,-0.18127407,-1.0295745,0.76227516,0.23589745,-0.105605386,-0.20858932,0.35836047,-0.031379133,0.24971652,0.25364318,0.6633061
118,704,-0.31150302,0.34522358,-0.5622521,0.20953429,-0.12337608,-0.26951697,-1.2667166,0.41072214,-0.12976821,-0.33974758,-0.00232175,0.322863,-0.10767065,-0.17354415,-0.34527388,0.6741054
118,714,0.16241646,0.092735305,-0.42016578,-0.086173296,-0.32025522,0.045872897,0.3238029,-0.26684463,0.07903288,0.21523029,-0.60653526,-0.06104449,-0.31960428,-0.026075598,-0.76797825,-0.67970246
118,729,-0.50890744,0.12784469,-0.20855106,-0.25853422,-0.1538041,-0.15255706,-0.7224396,0.20012775,-0.06614613,-0.12195089,0.18026489,0.22146362,0.041802466,-0.3139372,0.09014137,0.31055808
118,730,-0.5674823,-0.00066473335,-0.45092624,0.10387254,-0.00037941337,-0.2981544,-0.82738876,-0.10508156,-0.47415864,-0.39107108,0.1793634,0.29064804,-0.22493921,-0.48403493,-0.50016177,0.29209203
118,743,0.6778818,0.38496804,-0.20414509,0.29959804,-0.34732175,0.1102086,-0.03146009,0.23704752,-0.10372505,-0.020056859,0.01295428,-1.1865373,1.3236356,0.15398328,-0.05642627,-0.1855205
118,744,0.49009144,-0.5321882,0.23498641,0.8860846,0.33480388,-0.019934043,-0.26360846,0.2037164,-0.3646226,-0.18985972,0.3756125,-0.8955833,0.8440695,-0.10573171,0.45254207,0.16978015
118,745,-0.51221013,0.11157574,-0.18709815,-0.27184224,-0.14514223,-0.14745949,-0.6708273,0.17399377,-0.075376056,-0.112463005,0.19019309,0.21280071,0.044035256,-0.31268132,0.10283624,0.27954668
118,781,0.2716248,0.1060991,-0.44546947,0.021089047,-0.33360255,0.04874912,0.28738138,-0.20033409,0.120800465,0.2461949,-0.725086,-0.0674697,-0.33895558,0.042436503,-0.81920457,-0.67142797
118,795,0.62163436,-0.103487745,0.003842244,0.2548908,-0.33642602,0.16587713,-0.14188962,0.4304673,0.27653128,0.13533312,-0.046514384,-0.7824557,0.8931098,0.2082406,0.07536225,0.0808713
118,801,-0.89432317,-0.28196502,0.0735582,-0.47616404,0.066565946,-0.2307345,-0.07840024,-0.4310079,-0.5085745,-0.15506065,0.501959,0.20799527,-0.09043118,-0.66853577,0.1530724,-0.18931854
118,804,0.39365405,-0.6231606,0.1631717,0.5989179,0.23824249,0.023752648,0.12032885,0.12659007,0.25621173,0.2662475,-0.7866217,0.20130429,-0.6015309,0.14725983,-0.16182101,-0.15521047
118,810,-0.68336475,-0.016224395,0.37665582,-0.44989222,0.2715878,-0.20592394,0.4540391,-0.3780653,-0.3931585,-0.04776887,0.46252245,0.24000782,-0.12864678,-0.15869404,0.57986265,-0.23176226
118,828,-0.55280775,-0.20110907,0.08711508,-0.6895124,-0.06778204,0.04332186,0.43859094,-0.51324344,-0.18742609,-0.0020556822,0.4680187,0.06179467,0.012730524,-0.43992397,0.0010265224,-0.3640726
118,839,-0.72106504,-0.27553076,0.09276906,-0.73535883,-0.067926124,-0.024691105,0.39350447,-0.53682774,-0.24004993,0.055257082,0.39027652,0.032979712,0.025304914,-0.6058981,0.101686,-0.5314414
118,856,0.8806984,0.320867,-0.011957324,-0.6009864,-0.24033901,0.8124021,0.7164355,-0.41242594,0.45469904,-0.48044002,1.3504852,0.34296307,-0.04201266,0.75067425,-0.96915895,1.2343088
118,863,0.5600705,0.037369028,-0.04909564,1.0135279,0.38391417,-0.13671891,-0.12943353,-0.029048905,-0.84944636,-0.3371916,0.35323882,-1.2393903,1.1295437,-0.13502182,0.21934643,-0.2005635
118,869,-0.29604203,0.94016284,0.23625514,0.17208627,0.7821788,-0.5005685,0.77337515,-0.30529356,-0.7076313,-0.18365544,0.0073332116,0.46414772,-0.5387834,0.59797174,0.61865443,-0.38510817
118,873,0.50042933,-0.5208038,0.20651515,0.31053525,-0.14292505,0.16022658,-0.09566294,0.41069424,0.4429323,0.23161334,-0.21290013,-0.29136202,0.24117514,0.22647518,0.12318143,0.16837461
118,876,-0.4394444,0.10370192,0.47199425,-0.9921818,-0.38915533,0.19985124,0.18789196,0.23512053,0.6185839,0.44038305,0.11115045,-0.13939318,0.65291846,-0.11151044,1.0831084,-0.07407067
118,878,-0.6468117,0.08015226,0.14723673,-0.19925305,0.32460707,-0.3087776,0.24678853,-0.39876842,-0.58096594,-0.17014807,0.34473825,0.28641436,-0.2560222,-0.19844271,0.27042997,-0.2306135
118,880,-0.49276066,0.014849648,0.44910574,-1.0003886,-0.37998372,0.18595755,0.18287224,0.1668888,0.553065,0.41368484,0.16317381,-0.13459133,0.61801374,-0.18996269,1.0038706,-0.09602706
118,897,0.41212678,-0.690323,0.27093008,0.6062172,0.23341839,0.041000925,0.06415786,0.22823262,0.3100431,0.2824045,-0.7341399,0.15865922,-0.5007218,0.16698267,-0.008314235,-0.054887004
118,909,-0.111927584,0.057469904,-0.30499914,-0.45925778,-0.4480061,0.09357508,0.23033078,-0.16728055,0.22567806,0.33506963,-0.5078846,-0.13641624,0.0018092096,-0.32343632,-0.43240058,-0.7104537
118,924,-0.20876774,0.017951898,-0.29854545,-0.41109365,-0.2981469,0.033923343,0.3096534,-0.3385786,0.01772958,0.21497682,-0.351156,-0.05049831,-0.14498465,-0.35647985,-0.48587206,-0.71814644
118,925,0.0026709437,0.035129964,-0.20654756,-0.44699216,-0.1705732,0.2167859,0.470325,-0.49435446,0.0012576357,-0.06734475,0.26694784,0.11818333,-0.22037984,-0.108583406,-0.64415836,-0.18020265
118,932,-0.41703135,0.1699057,0.49356228,-0.97543544,-0.3722406,0.19690521,0.20596462,0.26681513,0.6392392,0.44818658,0.08325895,-0.12895033,0.6518454,-0.054920357,1.1440634,-0.06819665
118,939,0.41713965,-1.4795303,0.8126222,0.8011648,0.5412012,0.19092624,-0.24882968,0.43845767,0.46113104,0.12325847,0.03015963,0.13269868,-0.28920978,0.04905533,0.7345416,0.67212844
118,951,0.0032683015,1.2216575,-0.09489097,-0.1729518,-0.19785327,-0.06756894,-0.84028065,1.0825422,0.63200784,0.1327222,-0.4453051,0.3797272,0.062470257,0.5613008,0.84628916,0.60551053
118,953,-0.55161786,0.12910925,-0.2517271,-0.23496653,-0.15343735,-0.18364777,-0.8239434,0.20441344,-0.099981554,-0.16542745,0.18838117,0.25346032,0.010544762,-0.37052003,0.04292238,0.3546707
118,956,0.61607707,0.41179836,-0.2135173,0.2987408,-0.2911525,0.08696543,0.018704876,0.15495652,-0.18926875,-0.05498103,0.04333093,-1.154272,1.2664062,0.13328922,-0.0725281,-0.2311019
118,975,0.04835722,1.518235,0.26395372,0.43430334,1.0310339,-0.57639265,1.0839274,-0.19029701,-0.7392772,-0.21184248,-0.20243785,0.57402337,-0.7024991,1.200917,0.7439811,-0.38373217
118,1004,-0.6298274,0.16012567,0.03687874,0.08302906,0.460357,-0.47047558,0.004815191,-0.34849805,-0.78502744,-0.35327607,0.38360325,0.41959074,-0.4298877,-0.13601479,0.1087383,-0.011201605
118,1006,0.16662756,1.6395802,0.24834704,0.44311416,1.0037078,-0.52498794,1.1388499,-0.12869924,-0.63831055,-0.1627458,-0.30263293,0.5409626,-0.6597932,1.3308569,0.7595322,-0.40138954
118,1012,-0.90712214,-0.27202928,0.19733678,-0.3908233,0.2851194,-0.32209116,0.20792976,-0.5901245,-0.7266571,-0.22040835,0.62174886,0.28280842,-0.24845107,-0.5406021,0.21549597,-0.27421793
118,1018,-0.6298274,0.16012564,0.03687873,0.08302909,0.460357,-0.47047564,0.004815206,-0.34849808,-0.7850272,-0.3532761,0.38360325,0.41959068,-0.42988777,-0.1360148,0.10873832,-0.011201575
118,1020,0.22574967,0.12835284,-0.459998,-0.039723083,-0.3512957,0.051280648,0.2934065,-0.22681078,0.110716194,0.24513444,-0.7063604,-0.07502777,-0.3240608,-0.00012535974,-0.8200911,-0.69786394
118,1024,0.033054918,1.1722145,0.038454473,-0.303993,-0.19289117,0.022643324,-0.4962467,0.955611,0.6725158,0.24274847,-0.45328188,0.2840936,0.12751958,0.6034594,0.9540249,0.38078028
118,1037,-0.6157992,-0.14970508,0.3474428,-1.0025195,-0.34722763,0.13783976,0.18499184,-0.030825406,0.35233214,0.33862638,0.25465667,-0.11967437,0.50200266,-0.40807384,0.7442947,-0.22247103
118,1044,-0.58812904,0.23394835,0.05946466,0.11341235,0.5061111,-0.4823415,0.083069295,-0.34720773,-0.7971794,-0.3503631,0.35903844,0.4332938,-0.45487362,-0.04940143,0.14611048,-0.031797662
118,1050,0.561288,-0.3968642,0.14715111,0.27948236,-0.23888169,0.17745255,-0.13623528,0.45343542,0.4270103,0.20746118,-0.13846004,-0.47790104,0.5027012,0.22826853,0.12466368,0.173133
118,1059,0.41758817,-0.59261197,0.18831035,0.47998476,0.10318591,0.06834397,0.079059385,0.19527024,0.31758144,0.25417897,-0.58932424,0.051376984,-0.36059433,0.1831491,-0.07862177,-0.05882042
118,1064,0.40517354,0.008463763,-0.4174284,0.20488977,-0.26560736,0.043289073,0.2600011,-0.11338769,0.17392078,0.272696,-0.88885117,-0.024345253,-0.42886883,0.12042607,-0.8430461,-0.6341598
118,1071,-0.04254476,1.069552,-0.19527456,-0.067093715,-0.17511064,-0.11986105,-0.9530889,0.98025894,0.47977883,0.03010454,-0.36220303,0.38260072,0.018051118,0.44432437,0.6109358,0.6512746
118,1078,0.38958728,0.011400007,-0.41393912,0.19433433,-0.26101136,0.042199068,0.26144242,-0.12149494,0.16280341,0.26672363,-0.8684845,-0.023118172,-0.42181093,0.11549395,-0.83329344,-0.63132155
118,1103,1.0983229,0.43121922,-0.06670298,-0.59000885,-0.27204514,0.94975805,0.70209295,-0.39084372,0.6032508,-0.5210246,1.4242884,0.37006304,-0.044325262,0.8884686,-1.1016111,1.4449096
118,1109,0.21014601,0.12022443,-0.44510335,-0.046924233,-0.3391711,0.050503507,0.29461813,-0.23083901,0.10043123,0.23643258,-0.67485315,-0.072658144,-0.31361532,-0.0008094795,-0.79630023,-0.6824076
118,1113,-0.0790821,0.055607542,-0.2815396,-0.45509338,-0.46443713,0.11093913,0.20900793,-0.115711436,0.26882222,0.34878927,-0.50084734,-0.15816873,0.056197643,-0.2801401,-0.3876781,-0.6626209
118,1122,0.34057435,-0.1360463,-0.25364694,0.21871638,-0.14610316,0.04082013,0.25116006,-0.09045397,0.14687106,0.22497824,-0.6825939,-0.001784578,-0.37752092,0.14130846,-0.6170973,-0.46142185
118,1123,0.2516485,0.06697139,-0.42994267,0.063130975,-0.26423344,0.029027257,0.31774074,-0.25300938,0.058157936,0.20676306,-0.68035865,-0.02210603,-0.4091615,0.04772559,-0.8318892,-0.6612477
118,1129,0.23391241,0.13175917,-0.464145,-0.034545004,-0.3556649,0.05209718,0.289986,-0.22091675,0.116179526,0.24955651,-0.7190291,-0.07698467,-0.32408088,0.0029856116,-0.8256066,-0.70056784
118,1137,0.32639784,-0.98410463,0.4295422,0.38865626,0.2795908,0.26626658,0.033766493,0.11399743,0.42803907,0.1499739,-0.13948414,0.25717175,-0.44185376,0.07162234,0.15619859,0.33781743
118,1151,0.41694415,-0.65780735,0.19959064,0.6239217,0.24224891,0.028186064,0.10032987,0.16778678,0.28409997,0.27772832,-0.7988071,0.19399038,-0.59018266,0.15725732,-0.12027477,-0.124939874
118,1153,0.013351351,1.2273719,-0.07204372,-0.19336107,-0.19954304,-0.053339757,-0.79430145,1.0801972,0.6501248,0.15332195,-0.45231158,0.36954868,0.073474534,0.57911724,0.8763652,0.5808803
118,1178,-0.54009295,-0.049414925,0.4267581,-1.0137231,-0.37494826,0.17302157,0.17961627,0.108922005,0.49790353,0.3941709,0.20199786,-0.13202535,0.5907503,-0.2636526,0.9382661,-0.12647581
118,1185,0.43743134,-0.65100855,0.29963115,0.8239196,0.33640736,0.0058235414,-0.26544875,0.22795463,-0.2518351,-0.14656773,0.3638137,-0.74832904,0.7040855,-0.08911918,0.49196512,0.2397465
118,1188,0.022601068,1.2287831,-0.054647278,-0.21082987,-0.20216672,-0.03933414,-0.75380373,1.0741459,0.66512555,0.17064044,-0.45909268,0.35814795,0.083855376,0.59172124,0.89589596,0.55710506
118,1191,0.7143126,0.26044726,0.029579457,-0.5825364,-0.1947171,0.6992519,0.71718746,-0.41473907,0.34118226,-0.44204026,1.2627703,0.3180902,-0.03797716,0.66147846,-0.835498,1.0592642
118,1212,0.38467038,0.0053335503,-0.373286,0.17103496,-0.27010465,0.05537583,0.23368646,-0.0706442,0.19203362,0.27681035,-0.8288309,-0.05088155,-0.33850372,0.12983693,-0.7473858,-0.5788937
118,1225,-0.55161786,0.12910922,-0.2517271,-0.23496653,-0.15343735,-0.18364777,-0.8239434,0.20441344,-0.09998156,-0.16542748,0.18838117,0.2534603,0.010544762,-0.37052003,0.04292239,0.3546707
118,1241,0.9576815,0.37014815,-0.0787704,-0.5869322,-0.22395244,0.8713745,0.7106926,-0.46339855,0.4997837,-0.5127191,1.3774126,0.37255812,-0.10834296,0.7601118,-1.0768126,1.2788488
118,1253,0.4089663,-0.010807585,-0.37447706,0.19431144,-0.26961786,0.05537809,0.23601311,-0.065053105,0.20507982,0.28143713,-0.8534181,-0.047936246,-0.36273956,0.13734329,-0.76453376,-0.5800017
118,1267,0.8710465,0.3171578,-0.015649907,-0.59402406,-0.23905785,0.8046452,0.70555925,-0.4080531,0.4506758,-0.47163993,1.3295118,0.33714136,-0.03912407,0.74205494,-0.96024907,1.2162927
118,1277,-0.5243594,-0.017510768,0.44395187,-1.0243843,-0.38619554,0.18212047,0.17883207,0.14268729,0.5370454,0.410987,0.18326646,-0.13593018,0.6144433,-0.23669276,0.9861745,-0.11279203
118,1278,-0.5814815,0.02919086,-0.4692723,0.08688444,-0.028351538,-0.30239388,-0.92450523,-0.04202559,-0.43538594,-0.3934404,0.17408276,0.30786052,-0.21229513,-0.4992908,-0.47294888,0.34939545
118,1282,-0.72639716,-0.075699724,-0.17661852,-0.06325281,0.14514364,-0.3495274,-0.44744045,-0.2695451,-0.60089546,-0.33180365,0.3581613,0.31249905,-0.24806748,-0.4992698,-0.15385243,0.09061237
118,1287,0.058254883,0.026217945,-0.2784555,-0.2014801,-0.2953859,0.070280865,0.29797176,-0.21212257,0.10289362,0.20333087,-0.389848,-0.090119734,-0.13577603,-0.040947977,-0.5109842,-0.545564
118,1302,0.50677633,-0.13903153,-0.22546168,0.26371574,-0.25320616,0.08903146,0.14088823,0.12570277,0.33490276,0.31262222,-0.810022,-0.10785706,-0.20899524,0.20187728,-0.5526451,-0.37931317
118,1307,-0.7386008,-0.2712562,0.14327726,-0.83328456,-0.15581825,0.008935697,0.31112328,-0.42709666,-0.11040121,0.13784942,0.35932288,-0.020248037,0.1646792,-0.62630844,0.24884677,-0.4922349
118,1316,-0.21163365,0.014664069,-0.290825,-0.40104538,-0.28267807,0.031249143,0.3097443,-0.34260848,0.0026753247,0.20435691,-0.33096611,-0.046405356,-0.14477925,-0.34667844,-0.47672305,-0.7032351
118,1319,-0.9410616,-0.28641176,0.16571005,-0.4776812,0.1729375,-0.2816879,0.06899625,-0.508989,-0.6161151,-0.1761052,0.58367944,0.24980849,-0.15917264,-0.63251156,0.24406213,-0.24393812
118,1322,0.031456187,1.2279847,-0.039765444,-0.22587213,-0.20408176,-0.026120506,-0.7148919,1.0653541,0.67707634,0.18585992,-0.46525288,0.3463379,0.09316561,0.6022484,0.91008055,0.53329265
118,1336,0.34632736,-0.1459707,-0.24931285,0.2343731,-0.13620375,0.038192302,0.2488924,-0.08541266,0.1487875,0.22710514,-0.6980652,0.004644938,-0.38938975,0.14279832,-0.6157527,-0.45983857
118,1339,-0.40373594,0.21507883,0.49875188,-0.918037,-0.31612933,0.17334896,0.240656,0.25410765,0.59168154,0.42355105,0.07860936,-0.098891355,0.5994194,-0.0033615828,1.1482955,-0.07429478
118,1346,0.024517566,0.0518805,-0.23073193,-0.47334543,-0.5566084,0.16649276,0.15467891,0.037011817,0.42943686,0.4093706,-0.5242683,-0.2333253,0.20679027,-0.19017245,-0.28809202,-0.5671363
118,1349,-0.69495285,-0.08373119,-0.19976881,-0.091805555,0.08825223,-0.3061052,-0.4747563,-0.24025473,-0.5342186,-0.30555475,0.32956907,0.2809524,-0.20225324,-0.50239456,-0.18030137,0.096763715
118,1362,0.2784052,0.13840905,-0.49625087,0.01271522,-0.36192137,0.04542159,0.2970405,-0.22334838,0.122271866,0.25817743,-0.79073393,-0.06707282,-0.37846142,0.017375167,-0.8941905,-0.73464954
118,1386,0.39672345,-0.55819535,0.2186379,0.36393875,0.009535588,0.106073,0.027835667,0.25270787,0.34281603,0.23391217,-0.37771374,-0.06800952,-0.119305834,0.19363968,0.030288678,0.037183747
118,1397,-0.41573134,0.20989394,-0.6436101,0.28515753,-0.073335245,-0.3193055,-1.2584563,0.19606969,-0.33255392,-0.44905257,0.036811523,0.3421802,-0.219025,-0.35237288,-0.60482246,0.5953847
118,1418,-0.25038865,-0.009816185,-0.27974057,-0.41597235,-0.24341445,0.018986296,0.3512377,-0.40601334,-0.052645124,0.16389218,-0.25133866,-0.016815346,-0.18966173,-0.37242755,-0.49158618,-0.7059049
118,1420,0.46216673,0.21608257,-0.11953792,0.9686801,0.5257237,-0.116653845,0.02816242,-0.24968047,-0.98791546,-0.442545,0.4192466,-1.1451039,0.9276284,-0.13622157,0.088902906,-0.30891198
118,1429,-0.2556131,0.47249424,-0.47765142,0.19217649,-0.10128842,-0.26648325,-1.1903464,0.5186094,-0.04980458,-0.28094465,-0.041772164,0.3499217,-0.10169004,-0.027679052,-0.15326837,0.6879827
118,1437,-0.744478,-0.272669,0.1692244,-0.869993,-0.18305768,0.021223996,0.28929,-0.38822934,-0.062299218,0.16280979,0.35949165,-0.0342251,0.2088554,-0.6264885,0.30901957,-0.46682835
118,1444,0.4076572,-0.56851727,0.16153684,0.493254,0.12237392,0.052875295,0.10018803,0.16909364,0.29674903,0.26301664,-0.66072917,0.086487815,-0.4209209,0.17602508,-0.12286955,-0.10768829
118,1463,-0.8274487,-0.19834508,0.25963768,-0.3110617,0.3870877,-0.339144,0.37649125,-0.6046597,-0.7527778,-0.2209191,0.60503733,0.30645692,-0.30746388,-0.37074313,0.27241415,-0.29153833
118,1465,0.17832464,1.651025,0.24116655,0.44409698,0.99357265,-0.5180057,1.1393198,-0.11618096,-0.619409,-0.14630029,-0.33000538,0.5253415,-0.64462006,1.3385695,0.76739436,-0.41854274
118,1467,-0.34130064,0.2893641,-0.620356,0.23910865,-0.12900245,-0.2743586,-1.2919523,0.33625805,-0.18784697,-0.38037705,-0.0070960224,0.32165754,-0.14211453,-0.2546112,-0.48267347,0.6520697
118,1478,0.17832461,1.6510248,0.24116656,0.44409698,0.9935728,-0.5180057,1.1393198,-0.116180964,-0.619409,-0.14630032,-0.33000538,0.5253415,-0.6446201,1.3385694,0.7673943,-0.41854274
118,1481,0.15016657,0.08486624,-0.4154225,-0.094115235,-0.31321734,0.0431672,0.33431685,-0.28006503,0.07036756,0.20828474,-0.589813,-0.05595144,-0.32739633,-0.03297924,-0.76554704,-0.68230206
118,1496,0.21323651,0.006808594,-0.3972813,0.10680565,-0.17131568,0.0051089525,0.35538173,-0.31958622,-0.021902237,0.15331846,-0.6051966,0.036776,-0.4889741,0.048977148,-0.8270739,-0.637919
118,1501,-0.7154174,-0.24374376,0.26405743,-0.96213716,-0.26653987,0.07356171,0.23501317,-0.22905415,0.13014735,0.24741706,0.33411175,-0.07390544,0.3524042,-0.5574463,0.5279877,-0.35147437
118,1509,-0.55280775,-0.20110904,0.08711508,-0.68951225,-0.06778204,0.04332186,0.4385909,-0.51324356,-0.18742609,-0.0020556822,0.4680187,0.0617947,0.012730539,-0.43992397,0.0010265261,-0.36407262
118,1510,-0.5528078,-0.20110904,0.08711508,-0.6895123,-0.06778203,0.043321863,0.4385909,-0.51324344,-0.18742609,-0.0020556822,0.4680187,0.06179467,0.012730524,-0.439924,0.0010265298,-0.36407262
118,1511,0.57505965,0.22892609,-0.12474105,1.0948942,0.4762389,-0.17002487,-0.049546525,-0.14699958,-1.0354909,-0.4204726,0.36530423,-1.3181604,1.1411042,-0.13534868,0.14098091,-0.32389337
118,1518,0.37788922,-0.14571315,-0.25212136,0.26262468,-0.14036545,0.03941197,0.2325455,-0.049788572,0.1775465,0.24915323,-0.7662322,0.004596293,-0.39224988,0.15155463,-0.61966443,-0.46536458
118,1519,0.6641195,-0.042895596,-0.02227492,0.2824359,-0.35045856,0.16375703,-0.14348005,0.43148708,0.24303052,0.11790947,-0.045537658,-0.8679137,0.98317623,0.20744635,0.06293984,0.05782181
118,1535,-0.9025251,-0.27454424,0.17375872,-0.45171225,0.18910486,-0.27670392,0.11380661,-0.5107725,-0.61710393,-0.16853237,0.57245725,0.24124914,-0.16118746,-0.58232903,0.24156895,-0.2547057
118,1540,0.35242933,-0.96584994,0.49147093,0.6871918,0.34082496,0.08378094,-0.27447933,0.33399117,0.08616316,-0.006313093,0.267275,-0.35284135,0.32652014,-0.01819155,0.6072061,0.43100542
118,1546,-0.5323254,0.09487036,-0.53175676,0.24492913,0.03572549,-0.36471435,-1.0153159,-0.013543963,-0.50794935,-0.4673739,0.15110251,0.3512014,-0.28316736,-0.42936778,-0.56189746,0.43045646
118,1561,-0.5055746,0.087756544,-0.40083653,-0.046204448,-0.12201382,-0.21256378,-0.89652205,0.10510993,-0.22491287,-0.27056527,0.1356928,0.25397977,-0.07967928,-0.4030784,-0.27906057,0.36678332
118,1567,0.32374558,-1.3592474,0.75397855,0.6846606,0.5592841,0.19729288,-0.10335024,0.2843038,0.42056873,0.14387253,-0.09099654,0.3049182,-0.50914794,0.04826078,0.5809687,0.5335359
118,1570,-0.61387455,-0.15788801,0.33575535,-0.9869015,-0.33889985,0.1333993,0.18597467,-0.044454187,0.33217216,0.32884327,0.25797093,-0.117502525,0.48818117,-0.4109102,0.71571296,-0.2278926
118,1577,0.3906768,-0.037452657,-0.3206701,0.17238167,-0.2584821,0.06577282,0.21929605,-0.034877732,0.2178089,0.27672783,-0.77690285,-0.06396959,-0.29627204,0.14790437,-0.6717093,-0.513577
118,1580,-0.1488884,0.051359177,-0.31769016,-0.44731382,-0.40691936,0.071286455,0.25727853,-0.23077333,0.15917052,0.3030253,-0.48337364,-0.10731745,-0.060290635,-0.35156888,-0.46920577,-0.73845255
118,1596,-0.5430645,0.06367439,-0.44069076,0.008631855,-0.09077928,-0.25076616,-0.9327884,0.04970713,-0.3096129,-0.32647687,0.1490715,0.27972314,-0.1356699,-0.45577118,-0.37029442,0.3696881
118,1602,-0.21074027,-0.083446175,0.0858226,-0.6223359,-0.0725482,0.19706923,0.5438175,-0.49155122,-0.08546844,-0.1423268,0.6921999,0.13727342,-0.021547005,-0.11145587,-0.22903349,0.018623382
118,1623,-0.66012377,-0.0870445,-0.21661441,-0.12749764,0.029560454,-0.25869536,-0.49528062,-0.20465413,-0.45702797,-0.27259254,0.29796535,0.24738255,-0.15191443,-0.49868074,-0.19261311,0.10216479
118,1650,0.410069,-0.55189896,0.2196881,0.34870732,-0.018106673,0.11669606,0.008241013,0.2795476,0.36250275,0.23535767,-0.3486638,-0.10089402,-0.061034128,0.19913955,0.047633607,0.060314342
118,1659,-0.5331689,0.10419294,-0.19766936,-0.27146918,-0.1453244,-0.1565476,-0.6959953,0.16650313,-0.08983464,-0.12567472,0.19713521,0.22193119,0.03407091,-0.33983436,0.08802539,0.28603476
118,1660,-0.6138747,-0.15788803,0.33575535,-0.98690146,-0.33889985,0.13339931,0.18597467,-0.044454187,0.33217216,0.3288433,0.2579709,-0.117502525,0.48818117,-0.4109102,0.715713,-0.2278926
118,1662,0.53306466,0.23304102,-0.12644376,1.0681119,0.5210514,-0.14907217,-0.010060728,-0.20772947,-1.047461,-0.4539253,0.4083498,-1.2729266,1.0617371,-0.14813183,0.11251649,-0.32595313
118,1670,-0.57498264,0.12822548,-0.3505537,-0.1426227,-0.14482547,-0.2262649,-0.9614899,0.18801749,-0.17068477,-0.24411923,0.17116809,0.29044583,-0.053811446,-0.43217155,-0.110921234,0.41240734
118,1679,-0.45508882,0.0931077,0.47724018,-1.0100863,-0.39437872,0.19974396,0.18662934,0.2313692,0.6208728,0.44324338,0.119941354,-0.14006777,0.65726846,-0.12952869,1.0918834,-0.07737302
118,1683,0.43352216,-0.6918426,0.24436128,0.63889563,0.24287356,0.034179017,0.07638408,0.21405444,0.3113906,0.28787857,-0.79311717,0.17976555,-0.56000584,0.16713595,-0.062001288,-0.085290596
118,1696,0.46216673,0.21608257,-0.11953792,0.9686801,0.52572376,-0.116653845,0.028162435,-0.24968049,-0.98791546,-0.44254506,0.4192466,-1.1451039,0.92762834,-0.13622153,0.088902906,-0.30891198
118,1702,-0.5206308,0.12883878,-0.22871856,-0.24939348,-0.15823904,-0.16075984,-0.76393026,0.20466396,-0.07340785,-0.13675717,0.17888674,0.23108071,0.032716952,-0.33424076,0.0672569,0.32858795
118,1704,-0.44358718,0.15157904,-0.5814666,0.2634213,-0.02587609,-0.3225766,-1.1002005,0.091306195,-0.3995412,-0.44003457,0.07979071,0.32747748,-0.23534678,-0.3633544,-0.58462715,0.49665946
118,1707,0.5214716,0.04231137,-0.16841987,0.22144043,-0.28757018,0.11009037,0.06694636,0.19266686,0.19799128,0.19137216,-0.42699897,-0.49946734,0.4027143,0.19197558,-0.28162557,-0.25199813
118,1713,0.07564862,0.033732243,-0.3044761,-0.18350086,-0.29952353,0.06472913,0.3113243,-0.23025069,0.09691346,0.20250833,-0.42521507,-0.08220922,-0.17866261,-0.04085022,-0.5637374,-0.5744906
118,1716,-0.17757827,-0.07103103,0.08736779,-0.6286409,-0.07742998,0.21799801,0.5582449,-0.49406397,-0.06982226,-0.15829578,0.72705406,0.14741823,-0.024794519,-0.08421709,-0.25376663,0.06269406
118,1733,0.041989967,1.486942,0.25414714,0.42442906,1.0103539,-0.56676006,1.062588,-0.19114777,-0.7293378,-0.20511296,-0.200277,0.5597991,-0.68575746,1.1738865,0.7264568,-0.3844762
118,1760,0.36022776,-1.0002733,0.5144214,0.7058625,0.3574311,0.08759998,-0.2793597,0.34571093,0.103314385,-0.00074436516,0.25595012,-0.3328014,0.29892105,-0.016267512,0.6231979,0.44815147
118,1770,0.41094202,-0.06674343,-0.3187659,0.20651653,-0.24207875,0.06027087,0.23009449,-0.042140573,0.21853095,0.27381817,-0.79748994,-0.048831612,-0.3437237,0.15404509,-0.69371104,-0.5154334
118,1773,-0.45037097,0.17969151,-0.63978547,0.30011928,-0.04173912,-0.3418435,-1.226854,0.13576391,-0.39743197,-0.4737736,0.061202113,0.3535021,-0.25305438,-0.38636127,-0.6346776,0.5655355
118,1775,0.57892853,0.19462979,-0.07369605,-0.5232948,-0.15049857,0.62342215,0.63803643,-0.49841675,0.26686016,-0.39681447,1.0937954,0.29050103,-0.14307834,0.46120998,-0.8687403,0.81247234
118,1787,0.25310817,0.13865279,-0.48043546,-0.019616097,-0.3639953,0.050793696,0.29148242,-0.21973556,0.12289509,0.25606272,-0.75314003,-0.07598024,-0.3427822,0.0071740523,-0.8556386,-0.71780795
118,1789,-0.7037869,-0.26901788,0.08729671,-0.7181728,-0.066026635,-0.022644117,0.39047056,-0.52951014,-0.23809879,0.05375868,0.381597,0.031239375,0.02417992,-0.58796906,0.091692686,-0.52372116
118,1804,0.27660742,0.101441845,-0.1274152,-0.473538,-0.13075416,0.41377172,0.5615006,-0.5152483,0.10468522,-0.25320503,0.71909636,0.21378848,-0.19134252,0.1822701,-0.74320215,0.33151925
118,1815,0.5600705,0.037369028,-0.049095638,1.0135279,0.38391417,-0.1367189,-0.1294335,-0.02904889,-0.84944636,-0.33719158,0.3532388,-1.2393901,1.1295438,-0.1350218,0.21934642,-0.20056349
118,1817,0.501759,0.20674163,-0.11775498,1.0399728,0.54196584,-0.129348,0.0016194284,-0.23477493,-1.0296128,-0.46472287,0.4367457,-1.2247268,1.0006952,-0.1562096,0.107045084,-0.30672562
118,1820,-0.91775465,-0.27920103,0.18405311,-0.43490994,0.2292455,-0.29837564,0.1490169,-0.5524763,-0.67037475,-0.19569466,0.60308343,0.26329535,-0.20178376,-0.5802259,0.22846746,-0.26334834
118,1829,-0.029251002,-0.031223252,0.091627106,-0.63073653,-0.09354308,0.299937,0.61134726,-0.4966453,-0.014696255,-0.22580528,0.8577922,0.1882931,-0.03878288,0.046964645,-0.3666261,0.25085998
118,1830,0.7750134,0.28435647,0.01954035,-0.5937362,-0.20976868,0.7404778,0.72775644,-0.4179983,0.3794292,-0.4617015,1.3081368,0.3303261,-0.042009875,0.6975858,-0.8852909,1.1283708
118,1844,-0.3066724,0.37283847,-0.5227567,0.21441877,-0.091042325,-0.28520858,-1.2170434,0.41986948,-0.14124593,-0.32980308,0.007983282,0.33585688,-0.118318275,-0.12865919,-0.277689,0.66636026
118,1847,0.39735913,-0.5517132,0.15351741,0.4821067,0.11864096,0.050393336,0.10355622,0.16334003,0.28751007,0.2624498,-0.66022843,0.08546917,-0.41346234,0.17382571,-0.12696697,-0.117396735
118,1850,-0.73331505,0.0101267025,-0.030729543,0.016947895,0.3554147,-0.45088485,-0.19078325,-0.34844518,-0.76012,-0.36409232,0.42191458,0.39453727,-0.38092685,-0.3429933,0.017482124,0.03159021
118,1856,-0.92320406,-0.2822623,0.13189915,-0.5170965,0.0905368,-0.23862538,-0.01629451,-0.4396735,-0.518044,-0.13892439,0.53468174,0.21666029,-0.09107818,-0.65868056,0.24191287,-0.21484986
118,1857,-0.43891507,0.23969182,0.5235542,-0.8885719,-0.24291001,0.13344912,0.28924784,0.21628237,0.51905286,0.3939645,0.106049396,-0.047114935,0.523597,0.013463628,1.1774982,-0.087215304
118,1861,0.35985118,-1.4401684,0.80011684,0.742948,0.57460684,0.20066904,-0.15283437,0.34311402,0.4540587,0.14148822,-0.060279004,0.27672157,-0.4776451,0.050338116,0.6477668,0.5987768
118,1894,0.231036,0.029689953,-0.4177727,0.09883711,-0.20245598,0.010879323,0.34698743,-0.30431652,0.0018589571,0.17104046,-0.64351743,0.021263912,-0.47807878,0.047490012,-0.8476652,-0.6569467
118,1897,-0.30706316,0.35956597,-0.5549436,0.21077666,-0.11920657,-0.27311355,-1.2668296,0.4256028,-0.124285415,-0.33592573,-0.002884023,0.32753456,-0.107250825,-0.15804698,-0.32302132,0.6817593
118,1902,0.045080572,0.053195387,-0.21337116,-0.46685767,-0.56476617,0.17711222,0.13465753,0.0729793,0.45206392,0.41597363,-0.5167038,-0.24854232,0.24739873,-0.16211541,-0.2549546,-0.52998173
118,1922,-0.5206308,0.12883879,-0.22871858,-0.24939348,-0.15823904,-0.16075984,-0.76393026,0.20466399,-0.07340785,-0.13675717,0.17888674,0.23108068,0.032716967,-0.3342408,0.0672569,0.32858795
118,1937,-0.54009295,-0.049414925,0.42675814,-1.0137231,-0.37494826,0.17302158,0.17961627,0.108922035,0.49790347,0.39417085,0.20199785,-0.13202533,0.59075034,-0.2636526,0.9382661,-0.12647581
118,1938,-0.31501603,0.35885355,-0.5731614,0.22197923,-0.121411294,-0.28011084,-1.2999983,0.42633563,-0.13298991,-0.35000113,-0.004239939,0.33467588,-0.115949586,-0.17421438,-0.34761974,0.69570976
118,1953,0.0097360015,0.047488146,-0.23113394,-0.46954435,-0.53843,0.15892623,0.16480124,0.015808538,0.40501451,0.39690515,-0.5080968,-0.22215734,0.1885313,-0.19632354,-0.29338723,-0.5718693
118,1959,0.44381797,-0.8773135,0.37406486,0.6116813,0.27851385,0.121051,0.035990953,0.24013051,0.40104455,0.26092926,-0.60871065,0.2172418,-0.5424644,0.14714277,0.06991613,0.109833464
118,1965,0.41892993,-0.5642184,0.14384334,0.53064364,0.14140826,0.039655834,0.10834885,0.1652227,0.2912394,0.27553666,-0.7412072,0.11483337,-0.4779756,0.17394248,-0.1596182,-0.14390883
118,1971,-0.5337352,0.11734545,-0.35855892,-0.1102715,-0.13658988,-0.2128028,-0.91351163,0.16121149,-0.1787987,-0.24222532,0.15344462,0.26881844,-0.054567933,-0.4010078,-0.1597039,0.38741052
118,1975,0.637708,0.31045762,-0.1810198,0.25912803,-0.3440886,0.11963546,-0.0011631846,0.23673177,-0.0070572644,0.045055836,-0.100103565,-1.0091128,1.0997905,0.17527926,-0.098351434,-0.19600919
118,1980,0.4368077,-0.681657,0.2157757,0.6503233,0.24961998,0.02852906,0.09149596,0.1888614,0.3010561,0.28627008,-0.823471,0.19727054,-0.60239756,0.16290757,-0.10906196,-0.114310265
118,1989,-0.4066169,0.17512786,0.4863073,-0.95735955,-0.36441356,0.19452219,0.20805901,0.26380157,0.62892324,0.44210333,0.07912481,-0.12726714,0.643179,-0.04388648,1.1287485,-0.06908086
118,2007,0.36880714,-0.11129551,-0.27667516,0.21561465,-0.18223134,0.048976626,0.24190432,-0.06947769,0.17669487,0.24492985,-0.72797114,-0.019399658,-0.3636071,0.1469525,-0.644128,-0.47948015
118,2020,0.22985098,0.033788554,-0.41343373,0.08739665,-0.21091315,0.015285358,0.3414606,-0.2946896,0.010936238,0.1751453,-0.63592166,0.012586676,-0.4578784,0.048056483,-0.8337161,-0.6492318
118,2024,0.03888321,1.2270555,-0.022054449,-0.2426659,-0.20454268,-0.013214916,-0.6715109,1.0547804,0.6879633,0.2018764,-0.47031432,0.33474448,0.102043286,0.6128485,0.9277936,0.50687253
118,2033,-0.8443464,-0.20037004,0.10576743,-0.40866217,0.13902731,-0.25546667,0.008866712,-0.42604792,-0.5298343,-0.15810588,0.4698526,0.23388332,-0.1391838,-0.5561653,0.19963714,-0.19738612
118,2038,0.7399301,0.14415047,-0.10107544,0.31149906,-0.39226693,0.1570597,-0.13580827,0.4138034,0.14275348,0.07439544,-0.035153843,-1.0700792,1.2155185,0.20245288,0.027226217,-0.016615808
118,2048,0.42549026,-0.5939314,0.20623037,0.4543041,0.07008384,0.082671635,0.055249557,0.22920394,0.33857304,0.25192907,-0.52745944,0.0073226765,-0.27953655,0.19140904,-0.036792565,-0.018503308
118,2053,-0.44269302,0.14095144,-0.55759853,0.24865144,-0.018580336,-0.31635138,-1.0514892,0.07414147,-0.401514,-0.42749298,0.08861859,0.3184566,-0.22904791,-0.35495293,-0.56271,0.4704002
118,2055,0.37818956,-0.15655261,-0.25155684,0.26862627,-0.1345875,0.0373779,0.2404093,-0.061887346,0.1714839,0.24302101,-0.757903,0.0096080825,-0.41043133,0.1509591,-0.628627,-0.46582508
118,2057,-0.11192758,0.057469904,-0.30499914,-0.45925775,-0.44800615,0.09357509,0.23033078,-0.16728055,0.22567803,0.33506963,-0.5078846,-0.13641626,0.0018092096,-0.32343632,-0.43240055,-0.71045375
118,2072,-0.5211377,0.17657718,0.47803015,-0.66422373,0.02137345,-0.024364688,0.40535575,-0.026405647,0.11660302,0.20372096,0.24448481,0.09747785,0.21063498,0.0038187914,0.9595197,-0.15202582
118,2100,-0.75298166,-0.060851455,-0.14775325,-0.03676106,0.2043085,-0.39174014,-0.41019982,-0.29507565,-0.6620632,-0.35389927,0.38362142,0.34406435,-0.29373544,-0.48640004,-0.1165894,0.0834191
118,2101,0.66569376,0.24845749,0.03491517,-0.56743,-0.17767395,0.66325307,0.7072291,-0.41122985,0.30727956,-0.42464614,1.2165145,0.30814216,-0.035741597,0.6355869,-0.79194164,0.99683434
118,2108,0.59934175,0.22751153,-0.12436652,1.0947659,0.43812358,-0.18161178,-0.074254945,-0.10209533,-1.0101036,-0.38883418,0.3318599,-1.3301721,1.1812698,-0.11848576,0.15945579,-0.31969142
118,2113,-0.059242338,1.0684555,-0.23055072,-0.029755056,-0.16734892,-0.14763273,-1.0290052,0.9881445,0.4476564,-0.005090937,-0.3513556,0.4040523,-0.00436987,0.42075092,0.5691034,0.69451493
118,2116,-0.5444366,0.01832822,-0.4794844,0.17638984,0.030023456,-0.32270044,-0.8474355,-0.10981693,-0.5147659,-0.42304203,0.16706395,0.30497187,-0.25985044,-0.4565228,-0.55446476,0.3129034
118,2119,0.4140333,-0.018123519,-0.36294216,0.19413108,-0.27132982,0.05912953,0.22934426,-0.0505459,0.21650386,0.28482392,-0.8470726,-0.054452077,-0.3472997,0.14294674,-0.74540335,-0.5647677
118,2125,-0.7300701,-0.038522806,0.12945816,-0.28375313,0.24597727,-0.2863987,0.13983989,-0.4080501,-0.55863726,-0.16923398,0.39904466,0.26666746,-0.2096955,-0.34998453,0.23744151,-0.20869362
118,2133,0.4062969,-0.61249834,0.14546654,0.6107557,0.23236631,0.019067388,0.12561616,0.12549984,0.25749695,0.27144432,-0.82103395,0.20247939,-0.6182722,0.15069292,-0.1902831,-0.17575122
118,2136,-0.5331689,0.10419294,-0.19766936,-0.27146918,-0.1453244,-0.15654759,-0.6959952,0.16650316,-0.08983463,-0.12567472,0.19713521,0.22193125,0.0340709,-0.33983436,0.088025406,0.28603476
118,2151,0.41006905,-0.55189896,0.21968812,0.34870738,-0.018106677,0.11669606,0.008241013,0.27954757,0.36250275,0.23535767,-0.3486638,-0.10089402,-0.061034143,0.19913955,0.047633607,0.060314342
118,2157,0.0032683164,1.2216575,-0.09489095,-0.1729518,-0.19785327,-0.06756893,-0.84028065,1.0825423,0.6320078,0.1327222,-0.445305,0.3797272,0.062470257,0.56130075,0.84628916,0.6055105
118,2172,-0.3232608,0.3367788,-0.59506434,0.22171342,-0.13465057,-0.27359134,-1.3156661,0.40668803,-0.13866362,-0.3583533,-0.008710213,0.3283806,-0.117323294,-0.20618093,-0.39442584,0.6898653
118,2196,0.73982894,0.22155225,-0.13741544,0.3065325,-0.3966909,0.14872552,-0.11920358,0.38112444,0.08447935,0.050049353,-0.018503524,-1.1284329,1.2839241,0.19277859,0.0068582743,-0.05618669
118,2197,0.013351336,1.2273719,-0.07204373,-0.19336107,-0.19954304,-0.053339764,-0.79430157,1.0801973,0.6501248,0.15332195,-0.45231164,0.3695487,0.073474534,0.57911724,0.8763651,0.5808803
118,2203,0.32639787,-0.9841047,0.4295422,0.38865626,0.2795908,0.26626655,0.033766493,0.11399743,0.42803907,0.1499739,-0.13948414,0.25717175,-0.44185382,0.07162234,0.15619859,0.33781743
118,2206,-0.7413925,-0.279743,0.10531974,-0.7668926,-0.08890368,-0.021550208,0.37296224,-0.51784,-0.2165343,0.07795538,0.38203484,0.01969608,0.059227742,-0.6270068,0.14341581,-0.5358666
118,2214,0.41360003,-0.5646974,0.15538996,0.5069397,0.1263397,0.047907285,0.10170941,0.172012,0.2964112,0.2692625,-0.6932245,0.09391108,-0.4370165,0.17675544,-0.13480015,-0.121273056
118,2216,0.80176723,0.29290086,0.013043141,-0.5976682,-0.2175183,0.7592747,0.72753227,-0.4180439,0.3981396,-0.46819705,1.3234519,0.33478364,-0.042703837,0.7114347,-0.907479,1.157722
118,2217,0.8710465,0.3171578,-0.01564991,-0.59402406,-0.23905785,0.8046452,0.7055592,-0.40805307,0.4506758,-0.47163993,1.3295118,0.33714134,-0.03912407,0.74205494,-0.96024907,1.2162927
118,2224,-0.3681461,0.2790888,-0.6426164,0.27518854,-0.1049224,-0.30366454,-1.3201203,0.30586547,-0.24405535,-0.41832545,0.005301252,0.34282428,-0.18002014,-0.28568885,-0.5313025,0.6592993
118,2237,0.607431,0.2937433,-0.17173317,0.23820662,-0.3341285,0.11915077,0.008821592,0.22359172,-0.0010332614,0.05244504,-0.10296612,-0.96277523,1.0508375,0.17394146,-0.09754637,-0.19673516
118,2246,-0.39263523,0.5883462,0.17028028,0.24683514,0.7269544,-0.5396745,0.4799208,-0.3595497,-0.86353445,-0.3324899,0.25357312,0.4897144,-0.5673533,0.36074567,0.32835436,-0.15219599
118,2258,-0.5089075,0.12784469,-0.20855105,-0.25853422,-0.1538041,-0.15255706,-0.7224396,0.20012778,-0.06614613,-0.1219509,0.18026489,0.22146365,0.041802466,-0.3139372,0.09014137,0.31055802
118,2265,0.48639965,-0.12953669,-0.21023984,0.23721027,-0.2566213,0.094092056,0.12934497,0.13682929,0.3336679,0.3104297,-0.7714917,-0.12031616,-0.16098611,0.19946423,-0.5113204,-0.3582855
118,2270,-0.7444779,-0.272669,0.16922441,-0.869993,-0.18305768,0.021223992,0.28929,-0.3882293,-0.062299218,0.16280979,0.35949165,-0.034225103,0.2088554,-0.62648845,0.30901957,-0.46682835
118,2272,0.32374558,-1.3592474,0.75397855,0.6846606,0.5592841,0.19729288,-0.10335021,0.2843038,0.4205687,0.14387253,-0.09099654,0.3049182,-0.50914794,0.04826078,0.5809687,0.533536
118,2278,0.24539572,-0.0071729496,-0.38533476,0.1375081,-0.17048794,0.012604617,0.32349688,-0.26605886,0.01471594,0.1771555,-0.6604192,0.032011688,-0.46872753,0.06463821,-0.80352724,-0.61979854
118,2280,-0.73865044,-0.26683602,0.21212533,-0.9160845,-0.22236693,0.043604262,0.26092333,-0.31867906,0.022342198,0.20090434,0.35120744,-0.052790232,0.2740149,-0.60484797,0.40626296,-0.41570956
118,2283,0.6288717,0.38816616,-0.20433164,0.30788988,-0.29472512,0.090803385,0.0073475987,0.17407659,-0.16618362,-0.049970336,0.043494895,-1.153303,1.2637854,0.13993594,-0.06256058,-0.21112373
118,2286,-0.4960149,0.19941953,0.48408675,-0.6874685,-0.015455287,0.0014624223,0.3922296,0.018715978,0.1825197,0.23525485,0.21257973,0.07571931,0.25681293,0.022643387,0.9949984,-0.14176653
118,2288,0.052909777,0.043173544,-0.20463586,-0.42715827,-0.5232205,0.16693541,0.1514222,0.0483692,0.4092463,0.38312668,-0.47599816,-0.23251589,0.2167064,-0.12667556,-0.2628982,-0.50364363
118,2291,-0.9410615,-0.2864117,0.16571006,-0.47768122,0.17293748,-0.28168792,0.06899625,-0.508989,-0.61611503,-0.1761052,0.58367944,0.2498084,-0.15917264,-0.6325116,0.24406216,-0.24393812
118,2293,0.033054933,1.1722143,0.03845447,-0.303993,-0.19289118,0.022643324,-0.49624664,0.955611,0.6725158,0.24274847,-0.45328188,0.28409362,0.12751958,0.60345936,0.9540248,0.38078034
118,2303,-0.6727848,-0.20711242,0.29853407,-0.9905674,-0.31364477,0.10619999,0.20483363,-0.13670379,0.23899883,0.29445657,0.29472452,-0.10033079,0.42804366,-0.5005027,0.62176174,-0.29500222
118,2306,-0.37463534,0.3006176,-0.66354555,0.29071155,-0.10823067,-0.31797507,-1.3845166,0.33624375,-0.24214342,-0.43385947,0.00087898225,0.360552,-0.18880288,-0.29128617,-0.5360911,0.6987176
118,2312,-0.43944442,0.103701904,0.4719942,-0.99218184,-0.38915533,0.19985126,0.18789195,0.23512056,0.61858386,0.440383,0.11115046,-0.13939317,0.65291846,-0.111510456,1.0831084,-0.074070685
118,2334,0.6132188,0.19672838,-0.112637505,1.1135166,0.44014305,-0.1798684,-0.09422518,-0.08319618,-0.9986724,-0.38854787,0.3390568,-1.3408732,1.194146,-0.12159763,0.1779265,-0.2965291
118,2336,0.23993078,0.059046865,-0.41767544,0.06276891,-0.25008234,0.026927598,0.31928316,-0.2575946,0.04624144,0.19815089,-0.6552957,-0.017717585,-0.40485948,0.049147744,-0.8141651,-0.64836174
118,2350,-0.4927607,0.014849655,0.44910574,-1.0003886,-0.37998366,0.18595755,0.18287224,0.1668888,0.5530651,0.4136848,0.16317381,-0.13459133,0.6180137,-0.1899627,1.0038706,-0.09602709
118,2355,-0.94106156,-0.2864117,0.16571003,-0.4776812,0.17293745,-0.2816879,0.068996266,-0.50898904,-0.6161151,-0.1761052,0.58367944,0.24980843,-0.15917261,-0.6325116,0.24406213,-0.24393812
118,2366,-0.6835765,0.052595593,0.13996054,-0.23596191,0.29682422,-0.3046594,0.20123403,-0.39675143,-0.570512,-0.17118168,0.3600359,0.2853372,-0.24176393,-0.25522447,0.26974472,-0.22155918
118,2369,-0.18016765,0.033301316,-0.30614254,-0.43210518,-0.35421056,0.053182486,0.28337067,-0.28274113,0.09150459,0.26052248,-0.41710287,-0.080444574,-0.099655,-0.35493356,-0.47325706,-0.7282124
118,2396,0.48516387,-0.085877225,-0.1760293,0.20837295,-0.27536368,0.10730034,0.09588978,0.17576131,0.3091917,0.27473924,-0.62244266,-0.24788387,0.05360411,0.20068227,-0.39510927,-0.28969082
118,2401,0.4308651,-1.5582325,0.8623935,0.8346568,0.5831039,0.20410824,-0.24232279,0.44912595,0.5076048,0.1390158,-0.011553571,0.20505217,-0.39012468,0.05657454,0.7514457,0.7025649
118,2402,0.35149541,-1.0464128,0.54540825,0.6906421,0.36618078,0.100379154,-0.27204156,0.35599142,0.15301102,0.019289065,0.23328784,-0.26798815,0.22872898,-0.00425322,0.6345697,0.47172606
118,2421,-0.67278486,-0.20711242,0.2985341,-0.9905674,-0.31364477,0.106199995,0.20483363,-0.13670379,0.23899883,0.29445657,0.2947245,-0.10033079,0.42804366,-0.5005027,0.6217617,-0.29500222
118,2425,0.07564862,0.03373225,-0.30447614,-0.18350086,-0.29952353,0.06472913,0.3113243,-0.23025069,0.09691347,0.20250836,-0.42521507,-0.08220922,-0.17866261,-0.04085022,-0.5637374,-0.57449055
118,2437,0.1903188,-0.98005587,0.39414322,0.18224782,0.26979983,0.36441603,0.03682001,-0.04511866,0.37064427,0.02440618,0.2860591,0.22660863,-0.30495632,-0.017756652,0.17689157,0.46191162
118,2438,0.12801209,1.6290262,0.2804755,0.40492022,0.99541646,-0.5258906,1.1384528,-0.11433478,-0.61339927,-0.13792753,-0.3016928,0.5407014,-0.64601946,1.3019379,0.8345509,-0.4114096
118,2451,0.0097360015,0.047488153,-0.23113394,-0.46954432,-0.53843,0.15892623,0.16480124,0.015808538,0.40501451,0.39690515,-0.5080969,-0.22215736,0.18853131,-0.19632354,-0.2933872,-0.5718693
118,2453,0.40226722,-0.7962032,0.38824093,0.77377605,0.34507525,0.039026015,-0.27214485,0.27596262,-0.10622437,-0.08754174,0.32426092,-0.5767603,0.5378631,-0.059811946,0.5480813,0.32745934
118,2459,0.68216604,0.40885425,-0.21548584,0.3151384,-0.33927834,0.10356707,-0.020006135,0.22084895,-0.13256316,-0.036566846,0.020778008,-1.211415,1.3399757,0.14971893,-0.06621687,-0.20091742
118,2464,0.54349023,0.0008103475,-0.19181964,0.25931156,-0.27905992,0.102135405,0.0848846,0.18335241,0.23422146,0.2224986,-0.5498092,-0.4159709,0.24854806,0.19897036,-0.36466914,-0.29395205
118,2478,-0.73865044,-0.26683602,0.21212533,-0.9160845,-0.22236691,0.043604262,0.26092333,-0.31867903,0.022342205,0.20090434,0.35120744,-0.052790232,0.2740149,-0.6048479,0.40626296,-0.41570956
118,2479,-0.7527801,0.0025904924,-0.041352704,0.012333527,0.34969175,-0.45627436,-0.21844353,-0.35135484,-0.7672761,-0.37346584,0.4273135,0.40110478,-0.38551027,-0.37045386,0.0055149123,0.03881578
118,2484,-0.79012275,-0.12799376,0.1212841,-0.35007817,0.18635328,-0.26756206,0.06893407,-0.4114137,-0.53436935,-0.1567364,0.43226635,0.24520335,-0.16719513,-0.45883474,0.22746423,-0.20259656
118,2486,0.038883194,1.2270555,-0.022054449,-0.2426659,-0.2045427,-0.013214916,-0.6715109,1.0547805,0.6879633,0.2018764,-0.47031432,0.33474448,0.102043286,0.6128485,0.9277936,0.5068725
118,2487,-0.51527405,0.39023966,0.0900912,0.16881317,0.59043616,-0.5102124,0.21496966,-0.34287378,-0.8225915,-0.35069978,0.3097448,0.46458122,-0.50526595,0.10747431,0.21158707,-0.06850706
118,2492,-0.9071221,-0.27202928,0.19733678,-0.39082333,0.28511935,-0.32209116,0.20792976,-0.5901245,-0.7266571,-0.22040841,0.62174886,0.28280845,-0.2484511,-0.5406021,0.21549597,-0.27421793
118,2496,-0.7110876,-0.24692836,0.25163433,-0.9427989,-0.2557459,0.06821074,0.23800303,-0.24297184,0.10811779,0.2366235,0.3352824,-0.07069533,0.3365907,-0.55663204,0.4990062,-0.35853928
118,2500,-0.05924233,1.0684555,-0.2305507,-0.029755056,-0.16734892,-0.14763272,-1.0290053,0.9881445,0.4476564,-0.005090922,-0.3513556,0.4040523,-0.004369855,0.42075095,0.5691034,0.6945149
118,2509,0.4175881,-0.59261197,0.18831037,0.47998476,0.10318591,0.06834397,0.07905937,0.19527024,0.31758144,0.25417897,-0.58932424,0.051376984,-0.3605944,0.18314908,-0.07862177,-0.058820426
118,2516,1.0621951,0.42181513,-0.06564715,-0.5773686,-0.26522386,0.92043555,0.69046634,-0.38386452,0.57995915,-0.50296867,1.3829973,0.3564174,-0.039409205,0.86613494,-1.070082,1.3929265
118,2517,0.38833487,-0.5698687,0.11700247,0.57177734,0.20805253,0.018977698,0.13523012,0.106173664,0.24168792,0.26486534,-0.7976835,0.18712825,-0.5897922,0.14754225,-0.21164776,-0.19466823
118,2524,0.41473055,-1.5381324,0.85240567,0.81651455,0.5836625,0.20419656,-0.22296183,0.4270237,0.49912304,0.1393053,-0.021026678,0.22411641,-0.41387862,0.055400178,0.73193395,0.6832273
118,2527,-0.20177549,0.022608332,-0.30455557,-0.42321795,-0.31955516,0.03967794,0.30453375,-0.32526556,0.041905552,0.23038471,-0.37514028,-0.05895318,-0.13533233,-0.36372417,-0.4891257,-0.7292559
118,2528,0.17832461,1.651025,0.24116655,0.44409698,0.9935728,-0.5180057,1.1393198,-0.116180964,-0.619409,-0.14630032,-0.33000538,0.5253415,-0.64462006,1.3385696,0.7673943,-0.41854274
118,2529,0.272127,-1.0183709,0.4244576,0.32350677,0.30133313,0.32030973,0.019914627,0.04000412,0.40388826,0.07941292,0.07657956,0.24093848,-0.38842303,0.01896346,0.17960967,0.4205289
118,2542,0.6214737,0.30223572,-0.17629877,0.2497012,-0.33703482,0.11862631,0.0047964007,0.22834343,-0.0064166114,0.04777457,-0.10049269,-0.98537433,1.0737406,0.17424035,-0.09798592,-0.1972413
118,2563,-0.009252295,-0.028137155,0.09352638,-0.63982,-0.0982654,0.3150168,0.6237255,-0.50272804,-0.0060357302,-0.23870575,0.8868719,0.19718167,-0.042304516,0.061523393,-0.38759643,0.28162616
118,2566,0.4254902,-0.5939314,0.20623036,0.4543041,0.07008383,0.082671635,0.055249542,0.22920394,0.338573,0.25192907,-0.52745944,0.007322669,-0.27953655,0.19140904,-0.03679256,-0.018503308
118,2579,-0.040708855,0.051277347,-0.26384288,-0.47853953,-0.5138265,0.13530025,0.19293612,-0.054984175,0.34605628,0.38062593,-0.5182161,-0.1906067,0.1160082,-0.2567213,-0.35104823,-0.6383234
118,2582,0.045021594,0.06158533,-0.23405911,-0.47930002,-0.5849499,0.17706342,0.13772659,0.067922175,0.46484518,0.42982104,-0.55481195,-0.24943577,0.23263845,-0.18524884,-0.28413412,-0.56498164
118,2585,-0.24184343,0.501773,-0.46039632,0.17923856,-0.10522592,-0.2585312,-1.1760551,0.54643476,-0.019427475,-0.2631756,-0.056874834,0.3525072,-0.094775006,0.0014545582,-0.110300034,0.68979114
118,2610,-0.50557464,0.08775656,-0.40083653,-0.046204433,-0.12201383,-0.21256381,-0.89652205,0.10510996,-0.22491285,-0.27056527,0.1356928,0.2539798,-0.079679266,-0.4030784,-0.27906054,0.36678338
118,2613,0.47708005,-0.76456285,0.32433423,0.6864886,0.25129098,0.043420747,0.034003407,0.30006415,0.36717096,0.31038707,-0.80828494,0.16295822,-0.5297103,0.1871138,0.031770885,-0.01770638
118,2618,0.41691577,-0.59057677,0.12092969,0.60761416,0.21449162,0.016819037,0.13144612,0.122326106,0.259426,0.27545843,-0.8433069,0.19448861,-0.61992496,0.15445824,-0.22237687,-0.19693191
118,2621,0.34713033,-1.4137657,0.7856525,0.7238928,0.5704806,0.19933741,-0.1360458,0.32325926,0.44239473,0.1425556,-0.07111793,0.2873855,-0.4898349,0.049402528,0.6259884,0.57666314
118,2630,0.32639784,-0.9841047,0.42954224,0.38865626,0.2795908,0.26626655,0.03376648,0.11399743,0.42803907,0.1499739,-0.13948414,0.25717175,-0.44185376,0.07162234,0.15619862,0.33781743
118,2634,0.7349495,0.24227381,-0.04475923,-0.56113946,-0.20131476,0.7341385,0.6534812,-0.44608092,0.39138556,-0.43371034,1.2334051,0.30354828,-0.08122645,0.5934412,-0.91142356,1.042159
118,2646,0.10879727,1.5658975,0.2653825,0.38169807,0.95688814,-0.5076742,1.1009555,-0.11655809,-0.5911848,-0.121553205,-0.29848096,0.5099815,-0.6116594,1.2457856,0.8130461,-0.4195336
118,2649,0.31839353,0.016234547,-0.41148698,0.16968241,-0.22006306,0.02707865,0.28256398,-0.1875433,0.089752376,0.22990456,-0.79363793,0.0045694485,-0.44322467,0.08557032,-0.8279758,-0.6399393
118,2651,0.6904428,0.25471845,0.035361793,-0.5774765,-0.18507537,0.682245,0.7172077,-0.41499165,0.32349515,-0.43669182,1.2472821,0.31582907,-0.038317114,0.6506675,-0.8141374,1.0326555
118,2652,0.4023996,-0.1537671,-0.259685,0.28069678,-0.14693838,0.04034178,0.23495007,-0.04537624,0.19134852,0.2551644,-0.7935669,0.004408978,-0.4132871,0.15789774,-0.64342535,-0.472346
118,2653,-0.74447805,-0.272669,0.1692244,-0.86999303,-0.18305768,0.021223988,0.28929,-0.3882293,-0.062299214,0.16280979,0.35949165,-0.0342251,0.2088554,-0.6264885,0.3090196,-0.46682835
118,2665,-0.87498367,-0.26547766,0.1465739,-0.5032904,0.095541656,-0.22397736,0.028922409,-0.4251865,-0.49559322,-0.11850803,0.5177589,0.20053625,-0.076535404,-0.5980575,0.25898483,-0.22246875
118,2667,-0.39367485,-0.14353642,0.08828536,-0.64968306,-0.064618565,0.110397846,0.48638958,-0.49765477,-0.14202644,-0.06458969,0.5651431,0.09487888,-0.002063021,-0.2806901,-0.09559792,-0.18998705
118,2674,-0.43891507,0.23969176,0.5235542,-0.88857186,-0.24291001,0.1334491,0.28924784,0.2162824,0.5190527,0.39396453,0.106049396,-0.047114935,0.52359706,0.013463628,1.1774982,-0.08721529
118,2683,-0.49137592,0.49524516,0.19182353,-0.024859488,0.54810864,-0.4070926,0.49281877,-0.35494995,-0.6489857,-0.1838015,0.1877023,0.3828613,-0.40068924,0.17469095,0.4419039,-0.29935175
118,2686,-0.26211655,0.47852075,-0.49117675,0.20019549,-0.103613935,-0.27410406,-1.225288,0.52919203,-0.052458793,-0.2911865,-0.042488687,0.3584435,-0.107134,-0.037019107,-0.16277835,0.7067557
118,2687,0.6030159,0.21594205,-0.17961402,0.23504311,-0.33979088,0.122642964,0.022481367,0.23419926,0.09646134,0.119059905,-0.25764477,-0.8074559,0.82887,0.18949273,-0.17629535,-0.2235707
118,2690,0.33390754,-0.15371183,-0.2341178,0.2315782,-0.124866545,0.037870508,0.24455465,-0.08251667,0.14415725,0.22361687,-0.6790782,0.0065457523,-0.37855744,0.14103024,-0.5895396,-0.4452545
118,2711,0.44679964,0.1593489,-0.11032514,-0.50696826,-0.15027288,0.532735,0.6064005,-0.51334053,0.19996315,-0.33008784,0.91169846,0.25943458,-0.17690085,0.32549053,-0.8351993,0.58540726
118,2721,0.42382175,-0.56363636,0.13861264,0.54153615,0.14504248,0.03647469,0.10996197,0.16539598,0.2908858,0.27868798,-0.7623482,0.120855704,-0.49201936,0.17399465,-0.17030807,-0.1531908
118,2727,-0.8943231,-0.281965,0.0735582,-0.47616404,0.06656595,-0.2307345,-0.07840027,-0.43100795,-0.50857437,-0.15506065,0.501959,0.20799527,-0.0904312,-0.66853577,0.15307239,-0.18931854
118,2736,-0.4517069,0.23898461,0.5132667,-0.8230833,-0.16932842,0.09287281,0.32559288,0.16041696,0.41854107,0.34817883,0.13256316,-0.006845787,0.43948942,0.026789956,1.1287735,-0.10439604
118,2742,-0.45170686,0.23898464,0.5132667,-0.8230832,-0.16932842,0.09287281,0.32559288,0.16041702,0.41854104,0.34817883,0.13256316,-0.0068457723,0.43948948,0.026789956,1.1287735,-0.10439603
118,2762,0.7145063,0.19084412,-0.12614095,0.2887193,-0.39041656,0.14972863,-0.118536845,0.37785095,0.10038686,0.058901563,-0.017226093,-1.0827944,1.2368792,0.19085768,0.011542052,-0.045183107
118,2766,-0.5529591,0.127899,-0.26564682,-0.21749125,-0.14886491,-0.19055778,-0.83767784,0.19764909,-0.11448785,-0.17789692,0.18584538,0.2582674,-0.0010567755,-0.3768791,0.01703814,0.35990667
118,2768,0.4085616,-0.63513815,0.16597374,0.6191988,0.24315943,0.022390794,0.118275285,0.13513026,0.2652628,0.27187136,-0.8117865,0.20639363,-0.61897916,0.15070109,-0.16691324,-0.15638764
118,2780,0.19898692,0.044539884,0.08795969,-0.6087482,-0.12342093,0.41490155,0.65489906,-0.46397597,0.08491045,-0.29776862,0.9955506,0.22642848,-0.035323918,0.25014797,-0.5053707,0.5102363
118,2781,0.36149827,-1.146014,0.6089929,0.7081641,0.40247816,0.1201234,-0.26564956,0.37991315,0.23294148,0.050630115,0.17523023,-0.16354695,0.09950194,0.013053205,0.6583319,0.51639265
118,2791,0.36325184,0.10780883,-0.080809146,0.84347874,0.54572654,-0.05298078,0.053005382,-0.2980779,-0.87079734,-0.42942494,0.48268294,-0.94342756,0.72607565,-0.13117152,0.09140201,-0.21841782
118,2795,0.06197144,0.047162212,-0.21517238,-0.41651136,-0.52316463,0.16459927,0.1559439,0.04178804,0.40546936,0.38169825,-0.48987365,-0.22942773,0.19950151,-0.12304203,-0.28440666,-0.5129298
118,2805,-0.5532737,0.07488079,-0.17220293,-0.2738844,-0.11652075,-0.16544722,-0.6260628,0.10991976,-0.13508312,-0.12980726,0.22072819,0.22056821,0.016971767,-0.35178107,0.08861229,0.24045466
118,2812,0.033054933,1.1722143,0.03845447,-0.303993,-0.19289118,0.022643324,-0.49624664,0.955611,0.6725158,0.24274847,-0.45328188,0.28409362,0.12751958,0.60345936,0.9540248,0.38078034
118,2813,0.12801209,1.6290262,0.28047547,0.40492028,0.99541634,-0.5258906,1.1384528,-0.114334784,-0.61339927,-0.13792753,-0.30169278,0.5407015,-0.64601946,1.3019379,0.834551,-0.41140956
118,2820,0.32047263,0.072503924,-0.06863809,0.7728707,0.5275084,-0.030363537,0.062575534,-0.3045165,-0.81055814,-0.40950117,0.48498634,-0.8650849,0.6567234,-0.12616119,0.08573948,-0.19309296
118,2832,0.082872406,0.04615809,-0.26662734,-0.2974773,-0.4226268,0.117917046,0.23140606,-0.08704686,0.26356193,0.29836866,-0.47589302,-0.16123703,0.00962317,-0.07635975,-0.43632278,-0.5475109
118,2835,0.2751999,0.119576365,-0.465761,0.018371716,-0.3461765,0.048028335,0.28828213,-0.20627603,0.1239627,0.2531085,-0.754902,-0.06807807,-0.3524468,0.032237403,-0.8476734,-0.6962714
118,2837,0.42806518,-0.86356896,0.36988902,0.58575636,0.26969272,0.12465143,0.038315147,0.23060957,0.392996,0.25430086,-0.57757246,0.21015921,-0.5202429,0.14338548,0.07419254,0.11261968
118,2840,-0.9177546,-0.27920097,0.1840531,-0.43490994,0.22924553,-0.29837567,0.1490169,-0.5524762,-0.6703748,-0.19569463,0.60308343,0.26329535,-0.20178373,-0.5802258,0.22846743,-0.26334837
118,2850,-0.45037094,0.17969151,-0.63978547,0.30011928,-0.041739125,-0.34184346,-1.226854,0.13576391,-0.39743197,-0.47377372,0.061202116,0.3535021,-0.25305438,-0.3863613,-0.6346776,0.5655355
118,2853,-0.9177545,-0.279201,0.18405312,-0.43490994,0.22924547,-0.2983757,0.14901692,-0.5524762,-0.6703748,-0.19569466,0.60308343,0.26329535,-0.20178376,-0.5802259,0.22846743,-0.26334834
118,2854,0.6288717,0.38816616,-0.20433165,0.30788994,-0.2947251,0.090803385,0.0073476434,0.17407659,-0.16618364,-0.049970336,0.043494903,-1.153303,1.2637854,0.13993596,-0.06256059,-0.21112375
118,2857,0.2077111,0.11998485,-0.45027795,-0.0560959,-0.34633315,0.050839983,0.3009563,-0.23700756,0.104905605,0.2386404,-0.6812493,-0.07252993,-0.3209613,-0.00958335,-0.8062108,-0.69449836
118,2863,0.4048081,-0.5484103,0.14041689,0.5068342,0.13121225,0.04141955,0.10947265,0.15966678,0.28352267,0.27065802,-0.71439207,0.10473019,-0.45276785,0.17203847,-0.15328276,-0.14262381
118,2867,-0.8901884,-0.27049875,0.14194196,-0.5091404,0.092399076,-0.2278843,0.012771696,-0.4280189,-0.5004593,-0.12425851,0.5227361,0.20524922,-0.079665065,-0.6175556,0.25492972,-0.21901914
118,2873,0.42716646,-0.70469767,0.27263084,0.6294502,0.24203433,0.039307043,0.06353289,0.23338604,0.3181286,0.28741926,-0.76166487,0.16790852,-0.525765,0.16928902,-0.016995061,-0.05727371
118,2876,0.36325184,0.10780881,-0.08080913,0.84347874,0.5457265,-0.05298078,0.053005368,-0.2980779,-0.87079746,-0.42942494,0.48268288,-0.94342756,0.7260756,-0.13117151,0.09140201,-0.21841782
118,2886,0.04118979,0.047749788,-0.20438495,-0.4559727,-0.5461109,0.17354088,0.13800403,0.0656753,0.4340468,0.40285107,-0.49204654,-0.24286973,0.2443338,-0.15090057,-0.2458521,-0.5143248
118,2889,0.6006986,-0.24056536,0.07322492,0.27253383,-0.29320264,0.17229502,-0.1441979,0.44710863,0.34461308,0.16407908,-0.075106,-0.6564802,0.7303121,0.21889332,0.10567519,0.13055675
118,2897,0.7750134,0.2843565,0.01954035,-0.5937362,-0.20976868,0.7404778,0.72775644,-0.41799828,0.3794292,-0.4617015,1.3081368,0.33032608,-0.042009875,0.6975858,-0.885291,1.1283706
118,2904,-0.4394444,0.10370189,0.47199416,-0.9921818,-0.38915533,0.19985124,0.18789196,0.23512056,0.61858386,0.44038302,0.11115045,-0.13939317,0.65291846,-0.111510426,1.0831084,-0.07407068
118,2913,0.4062299,-0.62656784,0.15820822,0.6131454,0.23862715,0.021940425,0.12144927,0.12959751,0.26188996,0.27053064,-0.80996555,0.20443326,-0.61722517,0.15018214,-0.17524648,-0.16222753
118,2917,-0.022179484,0.04729659,-0.24319606,-0.4629599,-0.50751996,0.14222339,0.18076763,-0.029229984,0.3548148,0.37696606,-0.4950528,-0.19917586,0.1460205,-0.22030413,-0.31803113,-0.59561044
118,2928,-0.7734373,-0.13144988,0.30565906,-0.345066,0.3679331,-0.30070162,0.42687452,-0.537948,-0.6455641,-0.16702056,0.55977505,0.2919437,-0.26406527,-0.28059718,0.37672034,-0.27526048
118,2939,-0.8570353,-0.20537166,0.10926868,-0.4254377,0.13125317,-0.25410584,0.0006722212,-0.4236493,-0.5235954,-0.15511206,0.47520804,0.2339777,-0.13313736,-0.571164,0.21120815,-0.1965859
118,2956,-0.3518206,0.72785664,0.18092653,0.29269555,0.79496896,-0.5711274,0.5566529,-0.3478851,-0.8821833,-0.33312395,0.19727838,0.5186763,-0.61101234,0.46979958,0.3885602,-0.18539788
118,2961,0.29992598,0.079883605,0.085779294,-0.5660354,-0.12792936,0.45144588,0.6547134,-0.42700604,0.12213831,-0.3173535,1.0191483,0.23014823,-0.02272202,0.35458365,-0.5441361,0.6105837
118,2963,0.38467038,0.0053335577,-0.37328598,0.1710349,-0.27010465,0.05537583,0.23368646,-0.07064419,0.19203359,0.27681035,-0.82883084,-0.05088155,-0.33850372,0.12983693,-0.74738574,-0.5788937
118,2965,-0.047679104,0.04931406,-0.25956985,-0.47104967,-0.49878114,0.13139439,0.19414684,-0.06287752,0.32913333,0.37107632,-0.5023241,-0.18491884,0.112022616,-0.25299117,-0.3461757,-0.6303574
118,2966,-0.41573134,0.20989391,-0.6436101,0.28515756,-0.073335245,-0.31930557,-1.2584563,0.19606966,-0.33255392,-0.4490525,0.036811523,0.3421802,-0.21902497,-0.35237288,-0.60482234,0.5953848
118,2968,-0.4689172,0.22364408,0.49164003,-0.7140109,-0.054960858,0.029124506,0.37925005,0.06739046,0.25369543,0.26945472,0.1795769,0.052490205,0.3071863,0.042980153,1.0348388,-0.13013448
118,2980,-0.39263523,0.5883461,0.17028026,0.24683514,0.7269545,-0.5396745,0.4799208,-0.3595497,-0.86353445,-0.3324899,0.2535731,0.4897144,-0.5673532,0.36074567,0.32835433,-0.152196
118,2984,0.42900598,-0.67333513,0.20167777,0.6435977,0.25202793,0.027649172,0.100424975,0.16924244,0.29097122,0.28080443,-0.8185397,0.20442727,-0.6150216,0.15801865,-0.12811534,-0.124981076
118,2985,-0.9071221,-0.27202928,0.19733675,-0.3908233,0.28511935,-0.32209116,0.20792976,-0.5901245,-0.72665703,-0.22040835,0.62174886,0.28280845,-0.24845104,-0.540602,0.21549599,-0.27421793
118,2986,0.045070812,0.05718527,-0.22340408,-0.47283152,-0.5744649,0.177051,0.13630123,0.07037516,0.458162,0.42258856,-0.53507495,-0.24891104,0.24003983,-0.17328191,-0.26922083,-0.5469822
118,2990,-0.88893104,-0.28614825,0.06725223,-0.48962727,0.04679746,-0.21713138,-0.08929454,-0.42209816,-0.4870441,-0.14627472,0.49527478,0.19804144,-0.07443237,-0.6752174,0.14770794,-0.18755995
118,3007,0.25696966,0.08398248,-0.4245315,0.028963327,-0.30212128,0.04339026,0.29853755,-0.21720308,0.09619555,0.22609961,-0.678459,-0.053187534,-0.34903383,0.048433855,-0.7996016,-0.648335
118,3009,-0.3451764,0.2993771,-0.6335024,0.24705005,-0.13239883,-0.28119257,-1.3285775,0.35174805,-0.18639658,-0.38923717,-0.009984612,0.33056077,-0.14646237,-0.2600783,-0.48880494,0.67323554
118,3015,0.6394011,0.35180584,-0.1875605,0.27725798,-0.32995296,0.11034671,-0.0044136047,0.21708977,-0.07926392,-0.0020654202,-0.013798796,-1.0965424,1.2094095,0.16047959,-0.06849022,-0.19226685
118,3017,0.43657696,-0.12672412,-0.2570976,0.26595595,-0.19079566,0.05768064,0.2004414,0.019909486,0.2462548,0.2878475,-0.83239037,-0.029622495,-0.33977735,0.17229703,-0.6183242,-0.45591766
118,3023,0.2981787,0.10266678,-0.1118322,-0.47024965,-0.12150675,0.42944852,0.56314164,-0.50929224,0.110955924,-0.2698072,0.7661261,0.21896985,-0.17731433,0.21522623,-0.73422694,0.3860036
118,3031,0.36149827,-1.146014,0.6089929,0.7081641,0.40247816,0.1201234,-0.26564956,0.37991315,0.23294151,0.05063012,0.17523023,-0.16354695,0.09950194,0.013053205,0.6583319,0.51639265
118,3036,0.23993081,0.059046857,-0.41767544,0.06276891,-0.25008237,0.026927602,0.31928316,-0.2575946,0.04624144,0.19815089,-0.6552958,-0.017717585,-0.40485948,0.049147744,-0.8141651,-0.64836174
118,3040,-0.87908536,-0.24403055,0.22543699,-0.34148347,0.34798127,-0.34177265,0.29063368,-0.61148345,-0.7649841,-0.23333544,0.6245522,0.30282134,-0.2930066,-0.4672334,0.23148227,-0.28549734
118,3042,-0.09974018,0.8293777,-0.28423125,0.036353797,-0.14023831,-0.1671117,-0.9932922,0.7985236,0.2816661,-0.07453082,-0.23568758,0.35909694,-0.020121187,0.29615328,0.32827893,0.65228295
118,3047,-0.21074027,-0.083446175,0.0858226,-0.6223359,-0.07254821,0.19706923,0.54381746,-0.4915512,-0.085468434,-0.1423268,0.6922,0.13727337,-0.021547005,-0.11145587,-0.2290335,0.018623397
118,3056,0.54349023,0.0008103624,-0.19181964,0.2593116,-0.27905992,0.1021354,0.0848846,0.18335241,0.23422143,0.2224986,-0.5498092,-0.4159709,0.24854806,0.19897035,-0.36466914,-0.29395205
118,3073,0.5235274,-0.35977012,0.14686918,0.94877976,0.3571018,-0.059948944,-0.23013176,0.13520947,-0.5301268,-0.24653602,0.3814044,-1.0315922,0.95925283,-0.12249954,0.38641012,0.05717276
118,3078,0.04502158,0.06158533,-0.23405911,-0.47930002,-0.5849499,0.17706342,0.13772659,0.067922175,0.46484518,0.42982107,-0.5548121,-0.24943577,0.23263845,-0.18524884,-0.28413412,-0.5649817
118,3091,0.6170595,-0.14828408,0.027132649,0.25989833,-0.32589954,0.16896726,-0.1452726,0.4405434,0.30238372,0.14638838,-0.05646857,-0.7439866,0.8450707,0.2126785,0.087041155,0.09925474
118,3092,0.39273626,-0.56052375,0.11503258,0.55552316,0.18716936,0.023014184,0.13291904,0.11304733,0.24914965,0.2650155,-0.78024364,0.16715558,-0.5622355,0.15322186,-0.20852095,-0.18902808
118,3107,0.68216604,0.40885425,-0.21548584,0.3151384,-0.33927834,0.10356708,-0.02000615,0.22084895,-0.13256317,-0.036566846,0.020778015,-1.211415,1.3399758,0.14971893,-0.06621687,-0.20091742
118,3110,0.7324165,0.25424036,-0.15211251,0.3093632,-0.38733727,0.14084002,-0.104297444,0.3549868,0.046467364,0.034523576,-0.009780854,-1.1471561,1.2990992,0.18610293,-0.004730083,-0.080165066
118,3111,0.34148636,0.022072122,-0.42131186,0.17755395,-0.23692803,0.031267926,0.27702898,-0.17143059,0.111192495,0.24302837,-0.827651,-0.0029364303,-0.4427349,0.091749735,-0.8431934,-0.6475813
118,3147,0.42806518,-0.86356896,0.36988902,0.58575636,0.26969272,0.12465143,0.038315162,0.2306096,0.392996,0.2543009,-0.57757246,0.21015921,-0.520243,0.14338548,0.07419254,0.11261968
118,3161,0.5993417,0.22751155,-0.12436652,1.0947659,0.43812358,-0.18161178,-0.074254975,-0.10209533,-1.0101035,-0.3888342,0.3318599,-1.3301721,1.1812698,-0.11848575,0.15945578,-0.31969142
118,3173,0.41212678,-0.690323,0.27093008,0.60621715,0.23341836,0.041000925,0.06415786,0.22823259,0.3100431,0.2824045,-0.7341398,0.15865922,-0.5007218,0.16698267,-0.008314235,-0.05488701
118,3175,-0.6397133,-0.0886614,-0.23844233,-0.17171577,-0.035236046,-0.21548468,-0.54277873,-0.16009717,-0.3767825,-0.24366596,0.27019322,0.22141045,-0.102167174,-0.5112703,-0.19979608,0.119654015
118,3181,0.98826665,0.3928402,-0.05713647,-0.56468385,-0.25351572,0.8671361,0.6772637,-0.37889737,0.53167754,-0.47547126,1.3227245,0.33686498,-0.033050075,0.8188015,-1.0151271,1.3015112
118,3185,-0.6074822,-0.11761798,0.38198203,-1.0281093,-0.36225754,0.14959213,0.18489417,0.014335126,0.4074096,0.36245775,0.2411218,-0.12354071,0.53694755,-0.37713185,0.82647175,-0.1978671
118,3186,0.38508326,-0.9179782,0.46380705,0.7484165,0.35873365,0.06610803,-0.28001338,0.3180805,0.008718424,-0.04101722,0.28637567,-0.44472533,0.40628517,-0.037660774,0.5958277,0.3992111
118,3198,0.40070385,-0.035859793,-0.334049,0.18510541,-0.25920248,0.06237795,0.22434255,-0.04172136,0.21653715,0.27851355,-0.8027527,-0.058009002,-0.3208862,0.14685254,-0.6991653,-0.5306693
118,3212,-0.3127013,0.37167895,-0.54267305,0.21599972,-0.10367516,-0.2858898,-1.2601736,0.43036956,-0.13556103,-0.33805785,0.0047914013,0.33843395,-0.116457835,-0.14687613,-0.29735947,0.6854943
118,3224,-0.07434794,-0.04115259,0.086860046,-0.6134479,-0.0844137,0.26751345,0.5857571,-0.48716033,-0.035934795,-0.19922972,0.79689634,0.16993754,-0.032294855,0.011893626,-0.32558265,0.18280296
118,3235,0.62163436,-0.10348775,0.003842244,0.25489077,-0.33642602,0.16587713,-0.14188962,0.4304673,0.27653125,0.13533312,-0.046514384,-0.78245556,0.8931098,0.20824058,0.075362265,0.08087127
118,3236,0.19898695,0.04453989,0.08795969,-0.6087482,-0.123420924,0.41490152,0.65489906,-0.46397597,0.08491044,-0.29776862,0.9955506,0.22642845,-0.035323933,0.250148,-0.5053707,0.5102363
118,3237,0.428241,-0.6794766,0.22898711,0.63190365,0.24078934,0.03273181,0.0840031,0.1990945,0.3031482,0.28462678,-0.793256,0.18301567,-0.56754446,0.16398348,-0.08139523,-0.09781678
118,3238,0.43657696,-0.12672412,-0.2570976,0.26595595,-0.19079569,0.05768064,0.2004414,0.019909471,0.2462548,0.2878475,-0.83239037,-0.029622495,-0.33977735,0.17229703,-0.6183242,-0.45591766
118,3246,0.4619776,-0.74926215,0.31954318,0.66289264,0.24298857,0.04508939,0.03638199,0.2912685,0.35812438,0.3046102,-0.7810401,0.15520044,-0.5084387,0.18412794,0.035516534,-0.017328262
118,3249,0.43086517,-1.5582325,0.8623935,0.8346568,0.5831039,0.20410822,-0.24232279,0.4491259,0.5076049,0.1390158,-0.011553571,0.2050522,-0.39012468,0.05657454,0.75144565,0.7025649
118,3251,0.1809921,1.6299522,0.22797264,0.4450881,0.9898656,-0.51540697,1.1292591,-0.13275816,-0.6356316,-0.16400617,-0.3064923,0.5302901,-0.65057355,1.3277607,0.7211638,-0.40160072
118,3258,-0.32326078,0.33677876,-0.59506434,0.22171342,-0.13465057,-0.2735913,-1.315666,0.40668803,-0.13866362,-0.3583533,-0.008710213,0.3283806,-0.117323294,-0.20618093,-0.39442587,0.6898653
118,3296,0.5993417,0.22751155,-0.12436652,1.0947659,0.43812358,-0.18161178,-0.074254945,-0.10209533,-1.0101035,-0.38883418,0.3318599,-1.3301722,1.1812698,-0.11848575,0.15945578,-0.31969142
118,3300,-0.09670946,0.055319317,-0.28430322,-0.44804314,-0.44360882,0.10170344,0.2146698,-0.13821363,0.2378982,0.33524838,-0.48725444,-0.14592287,0.037469186,-0.2894058,-0.39485806,-0.668006
118,3304,0.26596937,-0.0023931563,-0.3977559,0.15000468,-0.18130071,0.013608411,0.32055426,-0.2563398,0.028921723,0.18751922,-0.69794714,0.029786944,-0.47887832,0.06859284,-0.8250101,-0.6327529
118,3309,0.42011142,-0.58588326,0.22425506,0.4038921,0.028305367,0.102729246,0.028572917,0.25855863,0.35550043,0.24222144,-0.42483306,-0.048260823,-0.168049,0.19678771,0.017267581,0.033577964
118,3311,-0.9071221,-0.27202928,0.19733675,-0.3908233,0.28511935,-0.32209116,0.20792976,-0.5901245,-0.7266571,-0.22040835,0.62174886,0.2828084,-0.24845107,-0.54060197,0.21549599,-0.27421793
118,3326,-0.05924233,1.0684555,-0.23055069,-0.02975507,-0.16734892,-0.14763272,-1.0290053,0.9881443,0.44765633,-0.005090922,-0.3513556,0.4040523,-0.00436987,0.42075095,0.5691034,0.6945149
118,3331,-0.73331505,0.0101267025,-0.030729542,0.01694791,0.3554147,-0.45088485,-0.19078328,-0.34844518,-0.7601199,-0.3640923,0.4219146,0.39453727,-0.38092685,-0.34299326,0.017482128,0.03159021
118,3338,-0.3681461,0.2790888,-0.64261633,0.27518857,-0.1049224,-0.3036645,-1.3201206,0.30586547,-0.24405532,-0.41832542,0.0053012446,0.34282428,-0.18002014,-0.28568885,-0.53130245,0.65929925
118,3348,0.25112206,-0.0024225786,-0.38196924,0.13736615,-0.17634,0.017566055,0.30717564,-0.24316624,0.029172637,0.18783888,-0.6753711,0.024671443,-0.44540608,0.06778388,-0.7875629,-0.6127714
118,3350,-0.8790853,-0.24403057,0.225437,-0.34148347,0.34798127,-0.34177265,0.29063368,-0.61148345,-0.7649841,-0.2333354,0.6245522,0.3028213,-0.29300654,-0.4672334,0.23148227,-0.2854973
118,3361,0.10187961,0.048621245,-0.34809,-0.1546977,-0.30670017,0.0555047,0.32916418,-0.25702474,0.08741498,0.20385319,-0.48776525,-0.069835156,-0.24523522,-0.043404873,-0.64785385,-0.6240563
118,3376,0.535579,-0.27575946,0.10556407,0.967835,0.36342317,-0.077368215,-0.21176039,0.10374746,-0.5996464,-0.26661253,0.37601772,-1.0820358,1.0022689,-0.12487544,0.3534208,0.0034487396
118,3386,0.30129063,0.00800702,-0.40865612,0.1657364,-0.2037917,0.022088155,0.29638833,-0.21409333,0.067324266,0.21459576,-0.76346266,0.016764365,-0.4619357,0.07871963,-0.83203286,-0.6388991
118,3387,0.544615,0.21748406,-0.12173107,1.0901537,0.5257739,-0.15080783,-0.024396896,-0.19882607,-1.0531528,-0.45871812,0.41590112,-1.2917254,1.0808295,-0.15535241,0.12401056,-0.3158271
118,3399,0.27660742,0.10144183,-0.12741521,-0.47353798,-0.13075414,0.4137717,0.5615006,-0.51524836,0.10468523,-0.253205,0.7190964,0.21378848,-0.19134255,0.1822701,-0.74320215,0.33151925
118,3400,0.17655951,0.102892935,-0.42146754,-0.06859407,-0.3200795,0.048101388,0.30602765,-0.2484347,0.08173224,0.21956769,-0.6181497,-0.06596843,-0.30512464,-0.0107561685,-0.76233226,-0.6655801
118,3413,0.33390754,-0.15371183,-0.2341178,0.2315782,-0.12486655,0.037870508,0.24455465,-0.08251667,0.14415725,0.22361687,-0.6790782,0.0065457523,-0.3785575,0.14103024,-0.5895396,-0.4452545
118,3429,-0.9056053,-0.2829522,0.07922059,-0.46294615,0.088836566,-0.24653244,-0.06570102,-0.44792262,-0.53796715,-0.1674909,0.5128311,0.2193619,-0.1104507,-0.6689362,0.15304454,-0.19499601
118,3435,-0.090870485,0.8780213,-0.27452713,0.025171503,-0.14528146,-0.16397616,-1.002617,0.8377819,0.31462476,-0.061531447,-0.25918847,0.36892113,-0.017785877,0.32206613,0.37536868,0.6628136
118,3443,-0.92754924,-0.28238696,0.1684314,-0.47192276,0.17535815,-0.27810565,0.08254329,-0.5073736,-0.61220783,-0.17175281,0.5787167,0.24546352,-0.15705673,-0.616258,0.24489528,-0.24708486
118,3470,0.40527225,-0.5651619,0.12850317,0.54785526,0.16946043,0.029943649,0.12215245,0.13584447,0.26800904,0.26984757,-0.7657023,0.14633411,-0.5296417,0.16200376,-0.18755694,-0.16914278
118,3477,-0.41703132,0.1699057,0.49356234,-0.9754354,-0.3722406,0.19690523,0.20596464,0.26681513,0.63923913,0.4481866,0.08325895,-0.12895033,0.6518454,-0.054920357,1.1440632,-0.06819664
118,3478,-0.9177546,-0.279201,0.1840531,-0.43490994,0.22924544,-0.29837567,0.1490169,-0.5524763,-0.6703748,-0.19569466,0.60308343,0.26329535,-0.20178379,-0.5802259,0.22846743,-0.26334834
118,3482,0.25696966,0.08398247,-0.4245315,0.028963327,-0.30212128,0.04339026,0.29853758,-0.21720308,0.09619555,0.22609961,-0.678459,-0.053187534,-0.34903383,0.048433855,-0.7996016,-0.648335
118,3497,-0.9071221,-0.27202928,0.19733675,-0.3908233,0.28511935,-0.32209116,0.20792976,-0.5901245,-0.7266571,-0.22040838,0.62174886,0.2828084,-0.24845107,-0.540602,0.21549602,-0.27421793
118,3498,-0.8790853,-0.24403055,0.22543699,-0.34148347,0.34798127,-0.34177265,0.29063368,-0.61148345,-0.7649841,-0.23333544,0.6245522,0.30282137,-0.29300654,-0.4672334,0.23148227,-0.2854973
118,3507,0.06833504,0.035911456,-0.2732207,-0.23881225,-0.34574693,0.0896815,0.26833114,-0.15955631,0.1668651,0.24172306,-0.42433596,-0.11946997,-0.07395138,-0.053760644,-0.478637,-0.5436792
118,3519,-0.42334858,0.2387841,0.51182276,-0.8787337,-0.25063837,0.13914552,0.28121653,0.2208041,0.5240933,0.39433673,0.0971188,-0.05593013,0.53051543,0.018873736,1.1575308,-0.08580438
118,3523,-0.8790853,-0.24403055,0.225437,-0.34148347,0.34798127,-0.34177265,0.29063365,-0.61148345,-0.7649841,-0.2333354,0.6245522,0.30282137,-0.29300654,-0.4672334,0.23148227,-0.2854973
118,3537,0.51114094,0.17557397,-0.09075257,-0.51461554,-0.14861529,0.57703936,0.62278956,-0.5067086,0.23127303,-0.3643306,1.0048198,0.27519017,-0.160201,0.3932898,-0.84999937,0.6989332
118,3538,0.40914828,-0.5861546,0.20888084,0.43135548,0.06464888,0.0857085,0.055828527,0.22193259,0.33030978,0.24423853,-0.48985642,-0.0009753853,-0.25540334,0.18860711,-0.023727283,-0.010030031
118,3539,-0.8443464,-0.20037004,0.105767414,-0.40866217,0.13902734,-0.25546667,0.008866683,-0.42604792,-0.5298343,-0.15810591,0.46985257,0.23388332,-0.1391838,-0.5561653,0.19963717,-0.19738612
118,3540,-0.63582903,-0.05666692,-0.21860255,-0.256518,-0.09799751,-0.17942145,-0.59033865,-0.06858829,-0.26669413,-0.19222227,0.2573333,0.2114354,-0.03897512,-0.5040691,-0.09799647,0.15411784
118,3543,-0.44358718,0.15157904,-0.5814666,0.2634213,-0.025876088,-0.3225766,-1.1002005,0.09130621,-0.3995412,-0.44003457,0.07979071,0.32747748,-0.23534678,-0.3633544,-0.58462715,0.4966594
118,3548,0.40251762,-0.581083,0.120121196,0.58969927,0.2115394,0.018087592,0.13289562,0.114881486,0.250862,0.27013046,-0.8195047,0.19063485,-0.6041255,0.15105966,-0.21541573,-0.19468935
118,3550,0.40239435,-0.045205384,-0.32518682,0.18800426,-0.25521702,0.06340792,0.22305512,-0.036963023,0.22012842,0.27814773,-0.7959655,-0.05807411,-0.31825507,0.15000293,-0.688096,-0.5202869
118,3551,-0.5211377,0.1765772,0.4780301,-0.6642237,0.021373443,-0.024364688,0.40535572,-0.026405632,0.11660303,0.20372096,0.24448481,0.09747785,0.21063496,0.0038187802,0.95951974,-0.15202582
118,3552,-0.3506879,0.30902565,-0.643735,0.25544488,-0.13238938,-0.28989258,-1.3602853,0.3645153,-0.18872045,-0.39848134,-0.010669403,0.34046885,-0.15268458,-0.2648237,-0.49197572,0.6921568
118,3574,0.63609266,-0.083399005,-0.005160993,0.26451653,-0.34105784,0.16501716,-0.14257805,0.4308517,0.26517507,0.12929067,-0.046049125,-0.81126404,0.9231963,0.20794143,0.070973754,0.07326174
118,3590,0.038883194,1.2270555,-0.022054449,-0.2426659,-0.2045427,-0.013214923,-0.6715109,1.0547805,0.6879633,0.2018764,-0.47031432,0.33474448,0.102043286,0.6128485,0.9277936,0.5068725
118,3596,-0.14386612,1.2505329,0.24883002,0.4149375,1.0100114,-0.63068557,0.90855706,-0.2796039,-0.8686921,-0.2856793,-0.036347546,0.5914978,-0.7239094,0.9264886,0.64617896,-0.32595217
118,3606,0.272127,-1.0183709,0.42445764,0.32350677,0.30133313,0.32030973,0.019914627,0.04000415,0.40388826,0.07941292,0.076579556,0.24093848,-0.38842303,0.018963464,0.17960967,0.42052895
118,3613,0.5153717,-0.09802936,-0.2137733,0.26428708,-0.25922877,0.092454545,0.11852095,0.14753264,0.3036863,0.28249702,-0.7233571,-0.20480789,-0.06097263,0.19849941,-0.48755324,-0.34621605
118,3615,-0.20519127,0.5415812,-0.40086314,0.14136934,-0.10279827,-0.23023352,-1.0710222,0.5656089,0.031979635,-0.21138614,-0.08090163,0.33692688,-0.072059706,0.071813464,-0.015418426,0.6459372
118,3620,0.06946565,0.049774043,-0.18615374,-0.45388576,-0.15827355,0.26588967,0.49485308,-0.50320613,0.024368353,-0.11648587,0.38450763,0.1439615,-0.21594317,-0.03694499,-0.6702146,-0.05107349
118,3641,-0.6131295,0.037233494,-0.19428158,-0.27363127,-0.10961292,-0.1878491,-0.65982217,0.06090364,-0.19009322,-0.16505691,0.24445331,0.23862654,-0.014107719,-0.4314469,0.03667363,0.2335466
118,3647,-0.47288382,0.22611427,0.5007727,-0.7358544,-0.06992332,0.036109433,0.37392753,0.08072159,0.27772403,0.2815057,0.17644817,0.04660833,0.32608235,0.037746504,1.0594286,-0.12622952
118,3655,0.42011142,-0.58588326,0.22425506,0.4038921,0.028305367,0.102729246,0.028572917,0.25855863,0.35550043,0.24222144,-0.42483312,-0.048260827,-0.168049,0.19678771,0.017267585,0.033577964
118,3672,0.12801209,1.6290262,0.28047547,0.40492034,0.99541634,-0.5258906,1.1384528,-0.11433478,-0.61339927,-0.13792753,-0.30169278,0.5407015,-0.64601946,1.3019379,0.834551,-0.4114096
118,3676,-0.7373689,-0.059859943,-0.14080986,-0.031850666,0.20886327,-0.3862445,-0.3830704,-0.2994259,-0.659664,-0.34683093,0.37884155,0.33655655,-0.29085672,-0.4674013,-0.11466345,0.07256849
118,3681,-0.6396655,-0.083399564,-0.23894154,-0.2006038,-0.06158467,-0.20065069,-0.56525034,-0.13299786,-0.33922723,-0.22831336,0.26353568,0.21593818,-0.08034353,-0.51747274,-0.1792163,0.1308081
118,3690,0.019127935,1.4791436,0.27878582,0.35320812,0.9635146,-0.53334606,1.070157,-0.16521163,-0.6507137,-0.14783767,-0.2285609,0.52682304,-0.62979794,1.1431496,0.8069281,-0.42073256
118,3697,0.3903244,-0.56815267,0.18823998,0.43431884,0.085031435,0.073358946,0.0782567,0.18804008,0.30487633,0.24393618,-0.52986956,0.030547932,-0.30745202,0.1796367,-0.057482403,-0.048802704
118,3706,-0.014690518,1.4395683,0.26395965,0.43057632,1.0325767,-0.5990133,1.036691,-0.2185278,-0.78319377,-0.23192185,-0.15376514,0.58079267,-0.71257144,1.1189246,0.7266418,-0.37191182
118,3714,0.4863996,-0.12953667,-0.21023987,0.23721024,-0.2566213,0.094092056,0.12934497,0.13682929,0.3336679,0.3104297,-0.77149177,-0.12031616,-0.16098608,0.19946423,-0.5113204,-0.3582855
118,3724,-0.757978,-0.28279763,0.12963904,-0.81474054,-0.120033495,-0.009928018,0.34978342,-0.48485208,-0.17127451,0.1064951,0.38218176,0.0038524643,0.108123496,-0.6436074,0.20319134,-0.52334887
118,3726,-0.583485,0.040241234,-0.47523397,0.07698354,-0.042338453,-0.3000464,-0.9579315,-0.01641199,-0.41488418,-0.39044926,0.16990057,0.3113019,-0.20349772,-0.5028875,-0.46091488,0.36933213
118,3732,-0.14386612,1.2505329,0.24883002,0.41493756,1.0100114,-0.63068557,0.90855706,-0.2796039,-0.8686921,-0.2856793,-0.036347546,0.5914978,-0.7239094,0.9264886,0.64617896,-0.32595217
118,3747,-0.54290736,0.012753181,-0.4825088,0.17123526,0.023002453,-0.31627867,-0.84435,-0.11314615,-0.5093989,-0.41950297,0.1632809,0.29992616,-0.25577277,-0.46143934,-0.5621613,0.30781573
118,3750,0.24582183,0.13688314,-0.4652279,-0.025183335,-0.360498,0.05429731,0.27866858,-0.2043048,0.1262118,0.25754264,-0.7351281,-0.081586376,-0.31364763,0.010942072,-0.8224544,-0.69719124
118,3761,0.7398289,0.22155225,-0.13741544,0.3065325,-0.3966909,0.14872554,-0.11920361,0.38112444,0.08447935,0.05004935,-0.018503524,-1.1284329,1.283924,0.19277859,0.0068582706,-0.0561867
118,3767,-0.39367485,-0.14353643,0.08828536,-0.64968306,-0.064618565,0.110397846,0.48638958,-0.49765477,-0.14202644,-0.06458969,0.5651431,0.09487888,-0.0020630062,-0.2806901,-0.09559792,-0.18998703
118,3769,0.23391235,0.13175915,-0.464145,-0.034545004,-0.3556649,0.052097183,0.289986,-0.22091675,0.11617951,0.24955648,-0.7190291,-0.07698467,-0.32408088,0.0029856116,-0.8256066,-0.70056784
118,3774,-0.7901227,-0.12799376,0.1212841,-0.35007817,0.18635328,-0.26756206,0.06893407,-0.4114137,-0.53436935,-0.15673643,0.43226635,0.24520332,-0.1671951,-0.45883468,0.2274642,-0.20259656
118,3792,-0.8816816,-0.27813303,0.08693579,-0.522869,0.0292724,-0.19916052,-0.07596727,-0.3984857,-0.44858974,-0.120641686,0.49099672,0.1865662,-0.04849173,-0.6619167,0.19178897,-0.19003837
118,3804,0.6170596,-0.14828408,0.027132645,0.25989833,-0.32589954,0.16896725,-0.14527257,0.4405434,0.3023837,0.14638838,-0.056468554,-0.7439866,0.8450707,0.21267849,0.08704117,0.09925474
118,3821,0.6380402,0.41231585,-0.21496199,0.30446726,-0.3070444,0.092150964,0.0063331425,0.17579657,-0.17211059,-0.049688928,0.03604441,-1.174641,1.292031,0.13827817,-0.07108882,-0.22203803
118,3824,-0.58451796,0.0927154,0.43374693,-0.56752205,0.13354625,-0.098340705,0.4367382,-0.1800758,-0.10116024,0.095704705,0.33809465,0.16058695,0.057083234,-0.054483164,0.7911716,-0.18584436
118,3830,0.35292,-0.9878953,0.42852762,0.42308795,0.28082526,0.25725523,0.028719544,0.13637489,0.440486,0.16528784,-0.19890237,0.25725344,-0.46104366,0.08087559,0.1462047,0.32344228
118,3835,0.6184614,0.23483166,-0.18535258,0.24560982,-0.34332716,0.12182972,0.019893765,0.23755467,0.085195735,0.112866245,-0.25383228,-0.83750033,0.8626532,0.19091079,-0.17516828,-0.22761704
118,3844,-0.6697242,-0.079893254,-0.22449382,-0.13047299,0.023180537,-0.26351562,-0.5288076,-0.18930182,-0.45181257,-0.27754995,0.2985605,0.25553662,-0.15242694,-0.50937057,-0.18893002,0.12017842
118,3855,-0.4913759,0.4952451,0.19182351,-0.024859488,0.5481086,-0.4070926,0.49281877,-0.35494995,-0.6489857,-0.18380147,0.1877023,0.3828613,-0.40068924,0.17469096,0.4419039,-0.29935175
118,3856,0.5222074,-0.47922975,0.21283366,0.9481948,0.36331803,-0.0391687,-0.25991398,0.18714112,-0.43778813,-0.219657,0.3824473,-0.9648664,0.8969144,-0.11249165,0.44389117,0.13548543
118,3861,0.1962851,0.114784986,-0.43332872,-0.05360806,-0.32973087,0.050014608,0.2940165,-0.23321721,0.09213622,0.23016939,-0.65031624,-0.071095265,-0.30334693,-0.0025101379,-0.7758668,-0.67019236
118,3862,0.2411522,0.0011160672,-0.40902823,0.13671926,-0.17230232,0.0038049258,0.35107225,-0.30768162,-0.008420803,0.1642369,-0.6587388,0.042302072,-0.51452166,0.055620544,-0.8542382,-0.6519259
118,3874,-0.5756975,-0.10300616,0.38034064,-0.9995488,-0.35850567,0.15418682,0.18053298,0.034394503,0.41748443,0.36198232,0.22755161,-0.12594497,0.5404109,-0.33703902,0.8256084,-0.1764175
118,3875,0.69903374,0.088439435,-0.0806914,0.28792897,-0.37733507,0.15749739,-0.13382132,0.4080811,0.1680497,0.0865547,-0.030932613,-0.99438024,1.1331352,0.19976822,0.035235975,0.0030787587
118,3881,-0.7529817,-0.060851455,-0.14775325,-0.036761045,0.2043085,-0.39174014,-0.41019988,-0.29507565,-0.6620632,-0.35389924,0.38362142,0.34406435,-0.29373544,-0.48640004,-0.1165894,0.0834191
118,3898,-0.21853021,-0.024600353,-0.2401948,-0.41340625,-0.17986086,0.05326888,0.40033773,-0.46589878,-0.09603312,0.06951935,-0.05000622,0.036612093,-0.21926762,-0.30858293,-0.5176295,-0.5555762
118,3903,0.37223905,-0.10209173,-0.27783746,0.20477074,-0.19624208,0.05378449,0.23629394,-0.058888495,0.18730602,0.25025952,-0.7264865,-0.030655645,-0.3429526,0.14942983,-0.63799417,-0.476817
118,3905,-0.53299725,-0.19419949,0.08327608,-0.6717708,-0.06442209,0.04626049,0.43764386,-0.5063187,-0.18584524,-0.005907811,0.464539,0.061660975,0.010943964,-0.41792834,-0.008890981,-0.35125268
118,3908,-0.45037097,0.17969151,-0.63978547,0.30011928,-0.04173912,-0.34184346,-1.2268541,0.13576394,-0.39743197,-0.4737736,0.061202116,0.3535021,-0.25305438,-0.3863613,-0.6346775,0.5655355
118,3911,-0.71359235,-0.2590264,0.16198806,-0.84548455,-0.1872421,0.027321644,0.27573934,-0.3656919,-0.04820832,0.16687956,0.33794042,-0.041745663,0.21731877,-0.5953536,0.30048618,-0.449919
118,3929,-0.2208192,0.48797733,-0.40603504,0.14708349,-0.09494101,-0.2340258,-1.0522131,0.5168299,-0.006796412,-0.224123,-0.052937217,0.32613775,-0.075272396,0.03954985,-0.05941585,0.6266243
118,3933,-0.5323254,0.09487036,-0.53175676,0.2449291,0.035725497,-0.36471435,-1.0153159,-0.013543963,-0.50794935,-0.4673739,0.15110251,0.3512014,-0.28316742,-0.4293678,-0.56189746,0.43045646
118,3947,0.25768924,0.13975255,-0.47629753,-0.0155789405,-0.3648985,0.052807685,0.2827181,-0.20720197,0.12881221,0.26016155,-0.75596255,-0.07949407,-0.33026546,0.012779389,-0.8449838,-0.70986754
118,3970,-0.41703132,0.16990569,0.49356234,-0.9754354,-0.3722406,0.19690523,0.20596464,0.26681513,0.6392391,0.4481866,0.08325895,-0.12895033,0.6518454,-0.054920357,1.1440632,-0.06819664
118,3973,-0.7300701,-0.038522795,0.12945814,-0.28375313,0.24597727,-0.2863987,0.13983989,-0.40805006,-0.55863726,-0.16923401,0.3990447,0.26666743,-0.2096955,-0.34998453,0.23744151,-0.20869362
118,3975,0.29992598,0.079883605,0.085779294,-0.5660354,-0.12792936,0.4514459,0.6547134,-0.42700607,0.12213831,-0.31735346,1.0191483,0.23014823,-0.022722006,0.35458362,-0.5441361,0.6105837
118,3976,-0.58812904,0.23394835,0.05946466,0.11341238,0.5061111,-0.4823415,0.0830693,-0.34720773,-0.79717934,-0.35036308,0.35903844,0.4332938,-0.45487362,-0.04940145,0.14611049,-0.031797677
118,3991,0.57147986,0.13418458,-0.09206842,1.0398645,0.40234077,-0.15715894,-0.10034715,-0.070526935,-0.9273201,-0.3606049,0.34217754,-1.2798678,1.1540515,-0.13083562,0.18249083,-0.26255822
118,4001,0.013743103,1.4636176,0.2598047,0.42687255,1.021167,-0.5824977,1.0497292,-0.20375447,-0.7549509,-0.21781638,-0.17753708,0.5703732,-0.69889313,1.1468765,0.72829187,-0.37805164
118,4006,-0.56547165,0.12929033,-0.27217412,-0.21792655,-0.15030333,-0.19730374,-0.86185,0.2020723,-0.11867361,-0.18546054,0.18948254,0.2661961,-0.0057667643,-0.39080274,0.015068106,0.37092513
118,4007,-0.58371806,-0.08027114,0.41224617,-1.0438795,-0.38061154,0.1651631,0.17837572,0.069946855,0.4710999,0.38870493,0.21883869,-0.130753,0.5766112,-0.3322573,0.90444314,-0.16394922
118,4012,0.47613382,0.21246925,-0.11890283,0.99239403,0.5299596,-0.12070951,0.018554479,-0.24358697,-1.0008273,-0.4494034,0.42477316,-1.1723973,0.9533245,-0.14279202,0.0952277,-0.30752677
118,4014,-0.5254023,0.1609606,0.46819225,-0.6478168,0.034203254,-0.0315921,0.4074697,-0.046161875,0.08917113,0.19053972,0.25444767,0.10333419,0.19016516,-0.0027727447,0.92910117,-0.1563095
118,4022,0.54897374,-0.05188792,-0.0071524493,0.9915274,0.37188888,-0.11848487,-0.15348722,0.0081281215,-0.7763488,-0.31547374,0.36102533,-1.1946262,1.0971178,-0.1346119,0.254968,-0.14322084
118,4032,-0.4389151,0.23969176,0.52355427,-0.88857186,-0.24291001,0.1334491,0.28924784,0.2162824,0.5190527,0.3939645,0.106049396,-0.04711493,0.52359706,0.013463628,1.1774983,-0.0872153
118,4043,-0.9232041,-0.28226233,0.13189916,-0.5170965,0.0905368,-0.23862532,-0.01629448,-0.43967348,-0.518044,-0.13892436,0.5346818,0.21666026,-0.09107818,-0.65868074,0.2419129,-0.21484986
118,4059,0.57505965,0.22892612,-0.12474105,1.0948942,0.47623885,-0.17002489,-0.049546525,-0.14699958,-1.035491,-0.42047262,0.36530426,-1.3181603,1.1411043,-0.13534866,0.1409809,-0.3238934
118,4066,0.44235635,-0.5523915,0.22055525,0.3435902,-0.054804977,0.13113032,-0.026703373,0.3252558,0.393872,0.23542735,-0.30907476,-0.15736122,0.026865415,0.20890768,0.074163854,0.099322066
118,4079,0.10187961,0.048621245,-0.34809,-0.1546977,-0.30670017,0.0555047,0.32916418,-0.25702474,0.087414965,0.20385319,-0.4877653,-0.069835156,-0.24523522,-0.043404873,-0.64785385,-0.6240563
118,4087,-0.8816816,-0.27813303,0.08693579,-0.522869,0.0292724,-0.19916052,-0.07596727,-0.3984857,-0.44858974,-0.120641686,0.49099672,0.18656623,-0.04849173,-0.6619167,0.19178897,-0.19003837
118,4090,0.5491094,0.2148591,0.04312561,-0.59189,-0.15591344,0.60689616,0.7109325,-0.44642904,0.24825558,-0.4038202,1.1780342,0.30304515,-0.054200754,0.5334972,-0.7340328,0.8745528
118,4097,0.6129696,0.36057577,-0.18906265,0.27536786,-0.30760175,0.10100827,0.006834924,0.1877515,-0.11943264,-0.021940455,0.018299885,-1.0975796,1.2117167,0.14907224,-0.061795633,-0.20025654
118,4103,-0.7413925,-0.279743,0.10531974,-0.7668927,-0.08890368,-0.021550216,0.37296224,-0.51784,-0.21653432,0.07795538,0.38203487,0.019696102,0.059227735,-0.6270068,0.14341582,-0.5358666
118,4117,0.50042933,-0.5208038,0.20651515,0.31053525,-0.14292505,0.16022658,-0.09566297,0.41069424,0.4429323,0.23161334,-0.21290013,-0.29136202,0.24117514,0.2264752,0.12318142,0.16837458
118,4125,0.34713033,-1.4137657,0.7856525,0.7238928,0.5704807,0.19933742,-0.1360458,0.32325926,0.44239473,0.1425556,-0.07111793,0.2873855,-0.4898349,0.049402528,0.6259884,0.57666314
118,4127,-0.14123909,-0.0017179623,-0.23561384,-0.43164155,-0.18956326,0.11108461,0.42084223,-0.4703897,-0.05039356,0.0329436,0.03778594,0.060695216,-0.21841146,-0.24899921,-0.5671462,-0.44027042
118,4138,-0.7579781,-0.28279763,0.12963904,-0.8147406,-0.120033495,-0.009928025,0.34978342,-0.48485208,-0.17127451,0.1064951,0.3821818,0.0038524643,0.108123496,-0.6436074,0.20319134,-0.52334887
118,4140,-0.13055278,0.047388405,-0.29310918,-0.4400925,-0.40608656,0.081880316,0.24194008,-0.19554347,0.1782057,0.3058393,-0.46028543,-0.119065605,-0.017630845,-0.31377336,-0.42452496,-0.6921368
118,4161,-0.3506879,0.30902565,-0.643735,0.25544488,-0.13238938,-0.28989258,-1.3602853,0.3645153,-0.18872045,-0.39848134,-0.010669403,0.34046885,-0.15268458,-0.2648237,-0.49197572,0.6921568
118,4164,-0.54290736,0.012753189,-0.4825088,0.17123526,0.023002453,-0.31627867,-0.84435,-0.11314614,-0.5093989,-0.41950297,0.1632809,0.29992616,-0.25577277,-0.46143934,-0.5621613,0.30781573
118,4177,-0.55550927,-0.056907125,0.42559254,-1.0276864,-0.3783033,0.17114848,0.1794505,0.09942305,0.49374074,0.3946034,0.20703748,-0.13174415,0.5892957,-0.28539574,0.9356027,-0.13767041
118,4187,-0.32319295,0.3324604,-0.60207224,0.22275561,-0.13908224,-0.2710667,-1.3199183,0.4030853,-0.13856676,-0.3598657,-0.012113608,0.32645938,-0.11761157,-0.212699,-0.40792698,0.68883634
118,4188,0.7217329,0.31808022,-0.17814301,0.31269395,-0.37454087,0.12805496,-0.07631613,0.31065086,-0.018841788,0.009419963,-0.0007112175,-1.1819452,1.3286102,0.17468198,-0.02748753,-0.12582618
118,4193,0.4023943,-0.045205384,-0.32518682,0.18800429,-0.255217,0.06340792,0.22305512,-0.036963023,0.22012842,0.27814773,-0.7959655,-0.05807411,-0.31825507,0.15000293,-0.688096,-0.5202869
118,4203,0.68381923,0.066326365,-0.072910264,0.28027034,-0.3710466,0.15756051,-0.13303293,0.40562427,0.17720899,0.090283245,-0.028311409,-0.9668145,1.1021372,0.19825093,0.038022798,0.010736957
118,4209,0.39075297,-0.54829466,0.12462957,0.5228208,0.15826502,0.03173912,0.12342352,0.130086,0.26000175,0.26473415,-0.7376953,0.13526407,-0.50297964,0.16022246,-0.18127352,-0.16803132
118,4213,0.56128806,-0.39686424,0.14715113,0.27948236,-0.23888169,0.17745255,-0.13623528,0.45343548,0.42701036,0.20746121,-0.13846001,-0.47790098,0.50270116,0.22826852,0.124663696,0.17313303
118,4218,-0.39263523,0.5883462,0.17028028,0.24683514,0.7269545,-0.53967464,0.4799208,-0.3595497,-0.86353445,-0.33248994,0.2535731,0.4897144,-0.56735325,0.36074564,0.32835436,-0.15219599
118,4228,0.28035122,0.11330183,-0.45899495,0.023330808,-0.34360105,0.04888092,0.28825328,-0.2012983,0.12701643,0.25219843,-0.749284,-0.06839054,-0.3497274,0.039172973,-0.8406075,-0.6870654
118,4231,0.34713033,-1.4137657,0.7856525,0.7238928,0.5704807,0.19933742,-0.1360458,0.32325926,0.44239473,0.1425556,-0.07111793,0.2873855,-0.4898349,0.049402528,0.6259884,0.57666314
118,4237,0.6955291,0.36571053,-0.19662365,0.308052,-0.35546374,0.11535075,-0.04639788,0.261213,-0.07901355,-0.012495048,0.00942371,-1.1913974,1.3309053,0.16076736,-0.046949755,-0.16682015
118,4253,0.38690335,-1.4907286,0.8273746,0.7801425,0.57982326,0.20267689,-0.18789218,0.3854556,0.47771567,0.14046754,-0.040426947,0.25174087,-0.44750088,0.052858766,0.6908544,0.64207554
118,4257,-0.32319295,0.3324604,-0.60207224,0.22275561,-0.13908224,-0.2710667,-1.3199183,0.4030853,-0.13856676,-0.3598657,-0.012113608,0.32645938,-0.11761157,-0.212699,-0.40792698,0.68883634
118,4259,-0.82744867,-0.1983451,0.25963765,-0.3110617,0.3870877,-0.33914402,0.37649128,-0.6046597,-0.7527778,-0.22091907,0.6050374,0.30645695,-0.30746388,-0.37074316,0.27241415,-0.2915383
118,4264,0.29491365,0.04989715,-0.06063858,0.7353874,0.5206832,-0.017987862,0.0681663,-0.30993608,-0.778821,-0.40026432,0.48898754,-0.820534,0.6156215,-0.1250248,0.08353637,-0.17818984
118,4265,0.37223905,-0.10209173,-0.27783746,0.20477077,-0.19624208,0.05378449,0.23629394,-0.058888495,0.18730602,0.25025952,-0.7264865,-0.030655645,-0.3429526,0.14942983,-0.63799417,-0.476817
118,4305,0.41473067,-1.5381324,0.85240567,0.81651455,0.58366257,0.20419656,-0.22296183,0.4270237,0.4991231,0.1393053,-0.021026678,0.22411644,-0.41387856,0.055400178,0.73193395,0.6832273
118,4311,-0.68336475,-0.0162244,0.37665582,-0.4498922,0.27158773,-0.20592394,0.4540391,-0.3780653,-0.39315847,-0.047768876,0.46252248,0.24000779,-0.12864678,-0.15869403,0.5798626,-0.23176226
118,4323,0.046739116,0.045887806,-0.2084441,-0.44485182,-0.5385421,0.17002316,0.14738531,0.05434321,0.4240241,0.39509505,-0.4904006,-0.2374157,0.22568727,-0.14381135,-0.26118118,-0.51687276
118,4325,0.18614933,-0.9770149,0.38578758,0.23002645,0.32000822,0.3616563,0.028205678,-0.07854833,0.30574062,-0.028149761,0.3490882,0.17048581,-0.27584314,-0.053088468,0.18194097,0.46008462
118,4331,0.68381923,0.066326365,-0.072910264,0.28027034,-0.3710466,0.15756051,-0.13303293,0.40562427,0.17720899,0.090283245,-0.028311409,-0.9668145,1.1021372,0.19825093,0.038022798,0.010736957
118,4334,0.5491094,0.2148591,0.04312561,-0.59189,-0.15591344,0.60689616,0.7109325,-0.44642904,0.24825558,-0.4038202,1.1780342,0.30304515,-0.054200754,0.5334972,-0.7340328,0.8745528
118,4345,-0.5337352,0.11734545,-0.3585589,-0.1102715,-0.13658988,-0.2128028,-0.91351163,0.16121149,-0.17879872,-0.24222529,0.15344462,0.26881844,-0.054567933,-0.40100777,-0.15970387,0.38741058
118,4347,0.57105887,0.107836455,-0.18464565,0.25001,-0.30470395,0.11089141,0.055278048,0.20627564,0.16063009,0.16726562,-0.39901876,-0.61309826,0.5385758,0.19343266,-0.26886788,-0.25892138
118,4349,-0.4196655,0.22667342,0.514513,-0.91709155,-0.29424232,0.16151041,0.25833812,0.24609503,0.57567334,0.4176902,0.08787288,-0.08160842,0.5792326,0.0021069646,1.1744803,-0.077459656
