window_id,vehicle_id,z_0,z_1,z_2,z_3,z_4,z_5,z_6,z_7,z_8,z_9,z_10,z_11,z_12,z_13,z_14,z_15
139,1969,0.9785406,0.40022832,-0.27013063,-0.2765025,-0.36881125,-1.1269251,1.331291,-1.1683627,0.26720688,0.34196657,-0.37217173,0.4931881,-0.6155899,-0.82428,-1.2426351,0.32657328
139,448,-0.13421567,-0.1971589,-0.9591845,0.15959354,-0.23957402,-0.48077905,-0.22202538,0.73397416,0.0090909,-0.58470076,-0.49999797,0.28448814,0.75364137,0.6258313,-0.4638599,-0.70565116
139,2276,-0.13421567,-0.1971589,-0.95918465,0.15959354,-0.23957399,-0.48077893,-0.22202536,0.7339743,0.009090902,-0.58470076,-0.4999981,0.28448817,0.7536415,0.6258313,-0.46385995,-0.70565116
139,3464,0.16850042,0.31624132,-0.43349174,0.17121036,0.02629745,-0.059587732,0.78595406,-0.82208717,0.41630104,-0.0962361,-0.23665318,0.5779884,-0.7209526,-0.61871326,-0.9505107,0.12191974
139,4000,0.56821406,-0.21812318,-0.25691083,-0.77214307,-0.32485127,-0.4095642,-0.23017037,-0.26163158,0.08482277,1.3049165,-0.44639748,-0.20837793,0.38229585,0.68894947,-0.018616863,-0.30281764
139,906,0.97854066,0.40022832,-0.2701306,-0.2765025,-0.36881125,-1.1269251,1.3312908,-1.1683626,0.2672069,0.34196657,-0.37217176,0.4931881,-0.61559,-0.82428014,-1.2426354,0.3265733
139,3023,-0.13421567,-0.1971589,-0.95918465,0.15959354,-0.23957399,-0.48077893,-0.22202536,0.7339743,0.0090909,-0.58470076,-0.4999981,0.28448817,0.7536414,0.6258313,-0.46385995,-0.70565116
139,1280,-0.13421564,-0.1971589,-0.9591845,0.15959355,-0.239574,-0.48077905,-0.22202538,0.73397416,0.0090909,-0.58470076,-0.49999803,0.2844881,0.7536415,0.6258313,-0.4638599,-0.70565116
139,1804,-0.13421567,-0.1971589,-0.95918465,0.15959355,-0.23957399,-0.48077893,-0.22202536,0.7339743,0.009090901,-0.58470076,-0.49999803,0.28448817,0.75364155,0.6258313,-0.46385995,-0.70565116
139,2049,-0.13421567,-0.1971589,-0.9591845,0.15959355,-0.23957399,-0.48077905,-0.22202538,0.73397416,0.0090909,-0.5847007,-0.49999797,0.28448814,0.75364155,0.62583125,-0.4638599,-0.7056511
139,444,-0.13421567,-0.1971589,-0.9591845,0.15959354,-0.239574,-0.48077905,-0.2220254,0.73397416,0.0090908995,-0.5847007,-0.49999803,0.28448814,0.75364155,0.6258313,-0.4638599,-0.7056511
139,1642,0.9785407,0.40022826,-0.27013054,-0.27650246,-0.36881128,-1.126925,1.3312911,-1.1683626,0.26720688,0.3419665,-0.37217176,0.4931881,-0.61559,-0.82428,-1.2426353,0.3265733
139,552,-0.13421564,-0.1971589,-0.9591845,0.15959352,-0.239574,-0.48077905,-0.22202538,0.73397416,0.0090908995,-0.5847007,-0.49999797,0.28448817,0.75364155,0.6258313,-0.4638599,-0.70565116
139,585,0.97854066,0.40022832,-0.27013057,-0.2765025,-0.36881125,-1.1269252,1.3312908,-1.1683627,0.2672069,0.34196657,-0.3721718,0.4931881,-0.61559,-0.82428014,-1.2426353,0.3265733
139,2711,-0.13421567,-0.1971589,-0.9591845,0.15959355,-0.23957399,-0.480779,-0.22202536,0.73397416,0.009090901,-0.58470076,-0.49999797,0.28448817,0.75364155,0.62583137,-0.46385995,-0.7056511
139,2779,0.25662032,-0.6376457,0.5329314,-0.346135,-0.2017622,0.02149982,-0.076631516,-0.67816997,0.17874025,0.07944836,-0.5640973,0.50158435,-0.38861918,0.3250556,-0.2142072,0.12794188
139,3501,-0.13421562,-0.1971589,-0.95918465,0.15959355,-0.23957399,-0.4807791,-0.22202538,0.73397404,0.009090901,-0.58470076,-0.49999797,0.2844881,0.75364155,0.6258313,-0.4638599,-0.70565116
139,3838,0.9785407,0.40022832,-0.2701306,-0.2765025,-0.36881125,-1.1269252,1.3312908,-1.1683626,0.26720688,0.3419665,-0.37217176,0.4931881,-0.6155899,-0.82428,-1.2426354,0.3265733
139,433,-0.13421564,-0.1971589,-0.9591845,0.15959354,-0.23957399,-0.4807791,-0.22202538,0.73397416,0.0090909,-0.5847007,-0.49999797,0.28448814,0.75364155,0.6258313,-0.4638599,-0.70565116
139,1241,-0.13421564,-0.1971589,-0.9591845,0.15959355,-0.23957399,-0.48077905,-0.22202538,0.73397416,0.0090909,-0.58470076,-0.49999797,0.28448814,0.7536415,0.6258313,-0.4638599,-0.70565104
139,2634,-0.13421561,-0.1971589,-0.95918465,0.15959355,-0.23957399,-0.48077905,-0.22202538,0.73397404,0.009090901,-0.58470076,-0.49999797,0.2844881,0.75364155,0.6258313,-0.4638599,-0.7056511
139,3472,-0.13421564,-0.1971589,-0.9591845,0.15959355,-0.239574,-0.48077905,-0.22202538,0.7339741,0.0090909,-0.5847007,-0.49999797,0.28448814,0.7536415,0.6258313,-0.4638599,-0.70565104
139,563,0.16850042,0.31624138,-0.43349168,0.17121038,0.026297458,-0.059587732,0.78595406,-0.8220871,0.41630107,-0.09623611,-0.23665321,0.5779883,-0.7209526,-0.6187133,-0.95051056,0.12191974
139,2,0.28545302,0.20475532,0.19079798,0.052142706,-0.24223,-0.8157098,-0.32034856,0.05293241,-0.13775387,-0.61789757,0.047079008,-0.7073243,-0.012894303,-0.1261908,-0.18709606,0.19646934
139,3,0.34047574,-0.53052574,0.44567403,-0.35013604,-0.22571385,-0.097425774,0.077715546,-0.7417838,0.1961077,0.12098546,-0.5438489,0.50720483,-0.43265456,0.21115385,-0.3216926,0.15752375
139,5,-0.042539738,-0.5087153,0.8766644,-0.1468629,0.027529225,0.3351787,-0.42853856,-0.45113212,0.03643221,-0.15649477,-0.33658135,0.22337197,-0.3119,0.12357875,0.11716498,0.12878487
139,32,0.0042175837,-0.19895197,0.5667611,0.055249628,-0.030460007,0.28527993,-0.30312806,-0.1817986,0.067483425,-0.4126584,0.13622552,-0.16234596,-0.6632692,0.055012137,0.3281762,0.47209626
139,35,0.10451822,0.15782489,0.09484922,0.2293514,-0.16820994,-0.28015774,-0.15244994,0.08929628,0.0071132393,-0.6114004,0.37154868,-0.54835135,-0.51765007,-0.05804147,0.14627615,0.53568304
139,39,-0.3754636,0.22476764,-0.7962751,0.40560672,0.2194601,0.37633556,0.19125764,-0.19104746,0.47449505,-0.06774971,-0.13313182,0.57858074,-0.2464957,-0.1170827,-0.61947954,-0.28513652
139,44,0.10782786,0.20184831,0.22813722,0.23969221,-0.13538595,-0.26666594,-0.2113047,0.061694354,-0.024442226,-0.62530726,0.4111888,-0.6480503,-0.55345356,-0.14663832,0.18368885,0.57543397
139,58,-0.08175361,-0.641953,0.64924383,-0.20646352,-0.00960996,0.6404794,-0.38398546,-0.34662616,0.15492627,-0.07078799,-0.19819024,0.28218326,-0.5524132,0.40952206,0.3831976,0.21955326
139,60,-0.28384173,0.19114695,0.7318939,0.14580332,0.4535715,0.21516702,0.26596397,0.043494835,-0.4772837,0.09415735,0.080520585,0.21398191,0.6927373,-0.75616705,-0.0107628405,-0.21316476
139,73,-0.12250362,0.060646966,-0.7804161,0.2632336,-0.2512322,-0.52722305,-0.23596197,0.75025326,0.013535703,-0.730514,-0.067074955,-0.12990077,0.38025695,0.41157115,-0.14196038,-0.27368152
139,88,0.31623524,-0.030691683,0.28200868,-0.05458971,-0.1389339,-0.14132072,0.26105982,-0.516835,0.15338138,-0.17033719,-0.044543073,0.10785734,-0.681686,-0.21698277,-0.18367678,0.42908472
139,95,-0.20933048,0.2874176,0.49222156,0.11197066,0.42099655,0.111086056,0.5115162,0.2304493,-0.5614095,0.25492805,0.17704181,0.17705117,0.9010763,-0.75299394,-0.011709042,-0.26105613
139,107,0.5547113,-0.27013546,-0.1954504,-0.75380576,-0.31800258,-0.40441298,-0.21269414,-0.26116404,0.05211603,1.2591296,-0.49221563,-0.14204013,0.42958748,0.6799846,-0.042813838,-0.31373227
139,109,0.52204835,-0.24074662,0.19821349,-0.32160583,-0.2729842,-0.37726414,0.45475852,-0.84937996,0.2281183,0.19029485,-0.44836587,0.488471,-0.52816665,-0.07474904,-0.5591272,0.23366572
139,110,0.29474476,0.2257035,0.19244668,0.054989025,-0.24993701,-0.8536722,-0.32564837,0.06477149,-0.14178446,-0.64414966,0.05472641,-0.7422441,-0.014973566,-0.14075069,-0.19226447,0.2049517
139,117,0.24708308,0.27389258,0.22277331,0.12045251,-0.20963123,-0.75444907,-0.33231527,0.1068068,-0.14256284,-0.67514837,0.18373933,-0.7999326,-0.111586004,-0.18014301,-0.07571977,0.29145223
139,122,0.13718253,0.22946067,0.4892945,0.19321081,-0.10044523,-0.33404988,-0.33786646,-0.037471473,-0.09932168,-0.61443496,0.3386613,-0.7601632,-0.44249177,-0.29258108,0.13296105,0.5145136
139,127,-0.26809347,-0.17203605,-1.1035587,0.25162542,-0.17098242,-0.33119845,-0.21195099,0.79165196,0.08788851,-0.5754988,-0.47102273,0.4009415,0.7124391,0.6426101,-0.44994304,-0.72585535
139,133,0.53334,0.0484668,-0.44966558,-0.7720959,-0.26885864,-0.3232916,-0.28589007,-0.20488256,0.18974672,1.4011179,-0.15582247,-0.49262807,0.16420521,0.60864305,0.15312055,-0.23518644
139,139,-0.13421562,-0.1971589,-0.9591845,0.15959355,-0.239574,-0.48077905,-0.22202538,0.73397404,0.0090909,-0.5847007,-0.49999797,0.28448814,0.7536415,0.62583125,-0.4638599,-0.70565104
139,141,0.014192671,-0.82034624,0.5517919,-0.36512253,-0.07883969,0.6102666,-0.3621428,-0.269732,0.1062072,0.23737873,-0.37617624,0.3609142,-0.24326017,0.65292436,0.41450325,0.03420502
139,147,0.2837016,0.39008045,-0.6513,-0.65375084,-0.068018444,0.06590874,-0.44217128,-0.09523676,0.39699864,1.3566723,0.31962773,-0.8242669,-0.2856566,0.44285405,0.5329467,-0.12115781
139,150,-0.05788739,-0.698798,0.43290064,-0.2652906,-0.0733151,0.68460006,-0.29810268,-0.27626294,0.2131687,0.023133934,-0.15906473,0.3145339,-0.6037071,0.5986859,0.44803974,0.22936875
139,154,0.10481238,0.08674334,-0.37853834,0.10316445,-0.29122657,-0.74155337,-0.26176775,0.3961993,-0.04709443,-0.63908684,-0.12416986,-0.32690287,0.28906757,0.21432433,-0.2554243,-0.1477191
139,158,-0.26098317,0.18904407,0.65892154,0.13140218,0.42966145,0.23689994,0.31014037,0.08258729,-0.46406198,0.11442931,0.1251999,0.19521701,0.65507,-0.7097688,0.03446869,-0.18791692
139,166,0.026756404,0.20915796,0.5484248,0.2352919,-0.01280009,-0.0895281,-0.3385229,-0.028299555,-0.08846671,-0.5984189,0.3803078,-0.6323262,-0.50094044,-0.32066,0.23755455,0.50995535
139,170,0.11688778,0.24380915,-0.15215605,-0.15809038,0.10460313,0.13664946,0.8331132,0.52673423,-0.45201513,0.6279559,0.49461365,-0.03380554,0.6947589,-0.20996888,0.3477273,-0.11100964
139,171,-0.16413929,-0.6215044,0.75789726,-0.16226697,0.08851987,0.7154878,-0.40935904,-0.29524127,0.07224257,-0.031909645,-0.22338772,0.29742247,-0.36060435,0.29528216,0.42032447,0.1069752
139,172,0.5214302,0.22742103,-0.6006516,-0.8098621,-0.23162657,-0.280446,-0.3351861,-0.1717678,0.27092978,1.54169,0.0069697276,-0.686246,0.0532199,0.5752784,0.26849672,-0.2278832
139,173,0.10451822,0.15782489,0.09484922,0.2293514,-0.16820991,-0.2801578,-0.15244994,0.08929631,0.007113239,-0.6114004,0.37154865,-0.5483513,-0.51765007,-0.058041498,0.14627613,0.53568304
139,175,0.18703057,0.24920149,0.18347296,0.17598535,-0.1949421,-0.55619,-0.25894004,0.11020677,-0.0768644,-0.66652334,0.30516827,-0.73294735,-0.3206808,-0.14008142,0.044760942,0.42898226
139,178,-0.3095681,-0.009714633,-0.7584515,0.446593,-0.08221744,0.15685931,0.055130675,0.500136,0.22198637,-0.55711335,0.23975366,0.20230006,-0.28001624,0.36193955,0.14435895,0.15892705
139,183,0.082080744,0.32002515,-0.5386246,0.24988315,0.03498534,0.0005007386,0.759167,-0.65894544,0.42857832,-0.1709593,-0.14534916,0.5699551,-0.7325604,-0.5431926,-0.8261084,0.15304041
139,185,0.2801519,0.45969373,-0.70298076,-0.64844126,-0.056377113,0.066504374,-0.44465005,-0.0785983,0.41409528,1.3795441,0.38291427,-0.8889499,-0.31878236,0.4144541,0.559388,-0.11035083
139,197,-0.112731606,-0.6246131,0.60357285,-0.18428677,0.017734535,0.6580831,-0.35461316,-0.28491485,0.11841948,-0.02096571,-0.18842945,0.28885385,-0.43468502,0.39692408,0.3986365,0.15565623
139,216,-0.2179998,0.16385038,0.5580253,0.094088025,0.38595283,0.23621616,0.35674602,0.1334757,-0.4541855,0.17070158,0.14268152,0.18320622,0.654519,-0.6226636,0.07103923,-0.18059488
139,235,0.087867826,0.15447031,0.08962253,0.24433312,-0.15784568,-0.23125981,-0.143131,0.09376234,0.015347738,-0.60746855,0.3975445,-0.53490996,-0.5522336,-0.054163292,0.17603856,0.5576999
139,240,-0.13473742,0.02990213,-0.7514269,0.26598418,-0.23364848,-0.4374485,-0.20965858,0.6981731,0.03012593,-0.68847525,-0.04948382,-0.08196114,0.31485504,0.41598722,-0.11411942,-0.23111795
139,241,0.01086529,-0.5847681,0.8532977,-0.20480818,-0.023245502,0.27089244,-0.3997913,-0.5043321,0.060095616,-0.117319405,-0.43026268,0.298091,-0.2969457,0.20015861,0.04226232,0.106654964
139,258,-0.32054806,0.046877727,-0.7573117,0.47952947,-0.023517288,0.25476798,0.1577472,0.36811626,0.27709407,-0.49133658,0.2672528,0.27999833,-0.41629404,0.24356496,0.09061618,0.21162948
139,263,0.08265467,-0.80263066,0.6774361,-0.39167747,-0.030695874,0.19300961,-0.36564338,-0.31752282,-0.11595512,0.44995862,-0.7538508,0.4753698,0.41220427,0.4708829,0.02651669,-0.27933812
139,266,0.33451897,0.16548885,-0.45306274,-0.35602129,-0.13901499,0.29898497,0.82834727,0.596396,-0.26904032,0.74538726,0.7679433,-0.2672495,0.20337181,0.20983079,0.7057323,0.13181573
139,278,-0.07958268,-0.044260114,-0.673637,0.20016512,-0.24949732,-0.43821257,-0.17366791,0.546206,0.039945856,-0.6143194,-0.14357235,-0.0054240576,0.2816429,0.41621912,-0.19884491,-0.21776976
139,279,0.009684831,-0.80028415,0.5403526,-0.3499683,-0.075764775,0.6098055,-0.3560555,-0.2620496,0.106574036,0.22123565,-0.3526274,0.34673285,-0.25508928,0.6379441,0.41660288,0.044624582
139,280,0.07230057,-0.36366695,0.500759,-0.26421055,0.07444702,-0.04933411,0.052996174,-0.12529251,-0.299385,0.5174153,-0.4975075,0.38414636,0.7484518,0.03651865,-0.106132455,-0.3437683
139,281,-0.83617175,0.6715092,-0.6814642,0.7151522,0.63232416,1.0719619,-0.13749635,-0.49913412,0.82263196,0.42181933,0.40895504,0.42844105,-0.80147815,-0.40854043,-0.38065904,-0.042959854
139,291,-0.04648704,0.002559483,-0.7050272,0.18789476,-0.24602978,-0.5400064,-0.15347032,0.5719951,0.014629437,-0.6629788,-0.19488698,-0.025222598,0.38963383,0.34583485,-0.28354114,-0.32620144
139,302,-0.0021650232,-0.10605453,-0.75966287,0.12564403,-0.19702174,-0.43863738,0.10198896,0.2881018,0.09510081,-0.5492395,-0.44587475,0.3281447,0.35710734,0.2556802,-0.58577555,-0.45104933
139,308,0.08923201,0.14944766,0.0952923,0.24146366,-0.15671794,-0.22538002,-0.14383428,0.0869282,0.015613949,-0.60140073,0.39388287,-0.53075,-0.5547192,-0.05331643,0.17538607,0.5579434
139,309,0.2888202,0.24530064,0.20523976,0.06984279,-0.2424015,-0.84896034,-0.3323788,0.07665938,-0.14611615,-0.66044533,0.084536515,-0.77185863,-0.032759875,-0.15842544,-0.16958311,0.22547118
139,312,0.62497014,0.19934691,0.04786163,-0.13913754,-0.2326173,-0.6100352,0.77784216,-0.82148594,0.20148927,0.03641595,-0.18381134,0.274552,-0.6599883,-0.55550814,-0.68036634,0.38739187
139,313,-0.15598162,-0.5765047,0.71656,-0.13342679,0.08018477,0.6570578,-0.38757503,-0.29398915,0.06709588,-0.057050183,-0.19969311,0.2789097,-0.35608637,0.2683833,0.37621897,0.119391
139,314,0.042771313,-0.055618927,-0.47442123,0.09975211,-0.27307564,-0.55882627,-0.20028126,0.3658964,-0.0010516923,-0.5482993,-0.21582976,-0.08280317,0.28588605,0.33537418,-0.2858921,-0.1978165
139,325,-0.6141517,0.45742255,-0.70448595,0.56857157,0.43615675,0.76647794,0.009450987,-0.35993782,0.647933,0.20210128,0.17945537,0.4794647,-0.5584098,-0.26679158,-0.46168986,-0.12831621
139,338,-0.0021650232,-0.10605452,-0.7596628,0.12564403,-0.19702175,-0.43863744,0.10198894,0.2881018,0.0951008,-0.5492395,-0.44587475,0.32814467,0.35710734,0.2556802,-0.5857756,-0.45104933
139,339,-1.0546727,0.6468893,-0.79683733,0.8387648,0.713487,1.2066902,-0.31965882,-0.25029236,0.88592577,0.38922715,0.5005779,0.47510585,-0.7834365,-0.25764436,-0.16616946,-0.050575122
139,342,0.12958828,0.2192647,0.48867077,0.1923731,-0.0945622,-0.30882013,-0.3361029,-0.039844297,-0.09724218,-0.60355186,0.33572063,-0.7390892,-0.4407544,-0.28588194,0.1395022,0.50763726
139,363,0.019282904,0.23889337,0.57046664,0.2509494,-0.0020438433,-0.096362114,-0.34612602,-0.020125255,-0.098113805,-0.6218649,0.40207875,-0.6630993,-0.5076213,-0.35838425,0.24473283,0.52079415
139,367,-0.13546766,0.0036626458,-0.7489489,0.2588298,-0.23247762,-0.40924448,-0.19137603,0.66686374,0.04086438,-0.66794556,-0.06828672,-0.03938368,0.29562187,0.427508,-0.12582082,-0.2250201
139,375,0.235747,-0.6265691,0.58936584,-0.3385501,-0.18067083,0.037578776,-0.107009105,-0.67774093,0.16717505,0.059481606,-0.56231135,0.48416978,-0.38527748,0.29239646,-0.19888023,0.12585187
139,381,-0.06686712,-0.6904231,0.4888881,-0.25450218,-0.056022756,0.68244433,-0.32073802,-0.29575455,0.20179239,0.0015778244,-0.17140824,0.31227937,-0.59674317,0.5555181,0.43563953,0.22754651
139,385,-0.07973015,0.2860393,0.15128468,0.024929758,0.29062295,0.14118826,0.7120077,0.39095676,-0.50459015,0.39593434,0.3573146,0.09148368,0.7789359,-0.52146876,0.16095129,-0.17426117
139,394,0.13057531,0.22520639,0.34310865,0.21862727,-0.12521723,-0.323543,-0.26894116,0.019747943,-0.06109576,-0.62648165,0.3828485,-0.719052,-0.50404394,-0.21694694,0.15279634,0.5542537
139,404,-0.017937645,0.30575687,-0.5869138,0.31914812,0.054888085,0.11174663,0.6529837,-0.49406177,0.4206317,-0.18909237,-0.027882196,0.52502286,-0.719386,-0.4193449,-0.64685255,0.18409456
139,405,0.24236777,0.2906276,0.21558952,0.13698919,-0.21444987,-0.74606085,-0.32035288,0.120463446,-0.13073999,-0.70089626,0.22250344,-0.82145983,-0.16599038,-0.18582334,-0.05097855,0.3345597
139,423,-0.13365711,0.037397668,-0.76945335,0.26655868,-0.24018587,-0.46473473,-0.21518072,0.7181709,0.0274367,-0.7037838,-0.058336765,-0.090302885,0.33640134,0.41925162,-0.1255239,-0.24709375
139,430,0.43925977,-0.4004038,0.033102743,-0.62340105,-0.24562329,-0.30239153,-0.122885354,-0.22549894,-0.05571086,1.000966,-0.5523004,0.07891581,0.5194548,0.57006186,-0.068529986,-0.30655706
139,442,0.26549748,0.26349896,0.22824615,0.09906658,-0.21923853,-0.7937202,-0.33747524,0.088856965,-0.1481862,-0.66693485,0.14255106,-0.7944562,-0.076178774,-0.17863853,-0.11399355,0.2645312
139,443,-0.19664137,0.1768582,0.5004714,0.0792634,0.37395853,0.207658,0.40976536,0.17706116,-0.47416273,0.21723546,0.15349329,0.17853624,0.7130826,-0.6105546,0.06803163,-0.19791545
139,453,0.018275183,-0.2952022,0.536468,-0.19937548,0.12821741,-0.015034601,0.072227,-0.10681259,-0.32383326,0.44782233,-0.43215466,0.36972234,0.7448747,-0.07436927,-0.102064796,-0.32986528
139,456,-0.21742745,0.28263807,0.5135842,0.11231689,0.42871785,0.12391863,0.50178844,0.22271727,-0.5608054,0.25009733,0.17140365,0.18279766,0.8965328,-0.7600795,-0.0075817406,-0.26261908
139,460,0.40161055,0.79706955,-0.9785098,-0.78053904,-0.07198857,-0.124210715,-0.49964637,-0.09808704,0.48698753,1.7560737,0.5226769,-1.2332428,-0.31043103,0.35514808,0.54514503,-0.16873758
139,461,-0.2676087,0.12045391,-0.78915733,0.3294074,0.124541104,0.2155453,0.23956226,-0.122881055,0.38795614,-0.1718536,-0.23878399,0.58670765,-0.12753224,-0.04621063,-0.6442323,-0.32254797
139,469,0.69507074,-0.061598077,0.066153474,-0.34155744,-0.31752536,-0.639019,0.7641801,-0.9998305,0.25960535,0.2580529,-0.4733978,0.5355191,-0.5779303,-0.31128973,-0.81113005,0.26091075
139,470,-0.0111817755,-0.16221638,-0.74593264,0.11992651,-0.13939779,-0.27200627,0.23114862,0.11824514,0.14869869,-0.4469909,-0.5004131,0.51024824,0.25551182,0.2072703,-0.6619949,-0.4438082
139,480,-0.1840629,0.28634995,0.4250416,0.091627456,0.3987537,0.11221435,0.5579758,0.27031696,-0.56001085,0.29329598,0.20407878,0.16567427,0.90360606,-0.7121,0.016464774,-0.25538296
139,481,0.366193,0.7311091,-0.92667043,-0.7496269,-0.06329785,-0.06794447,-0.49039453,-0.087760836,0.47889024,1.6740069,0.5073736,-1.1650534,-0.32821548,0.36769202,0.56291187,-0.15141748
139,485,0.0714931,-0.6771012,0.79504293,-0.2737567,-0.08864066,0.20945482,-0.3516353,-0.5617671,0.10000505,-0.06182593,-0.52759975,0.39498448,-0.30305865,0.31142038,-0.030105188,0.08988592
139,491,-0.20106384,0.14619829,0.528558,0.084282495,0.36328092,0.2246154,0.34762746,0.13324066,-0.44154093,0.17687036,0.13487524,0.1781377,0.6410632,-0.5817322,0.070437975,-0.17406298
139,495,0.12975425,-0.78857577,0.504366,-0.41074964,-0.104396865,0.22032723,-0.31512517,-0.2616837,-0.05764606,0.46438038,-0.6322585,0.4077804,0.27992815,0.595081,0.108889684,-0.19674452
139,498,0.09876229,0.19590835,0.12722206,0.26085928,-0.15960285,-0.25440788,-0.15779258,0.10416949,0.012967514,-0.6590378,0.4413724,-0.6157761,-0.61924726,-0.0978042,0.20134658,0.6168833
139,521,-0.82902306,0.6554483,-0.7251173,0.7120282,0.6197664,1.0454965,-0.10958579,-0.47080803,0.8165371,0.3948319,0.37234843,0.45790502,-0.7673144,-0.39146477,-0.41085538,-0.07345192
139,536,0.09664841,-0.8321195,0.66804767,-0.41936114,-0.0466873,0.20064218,-0.36592054,-0.31954455,-0.10678385,0.4790228,-0.7707742,0.48740646,0.40925497,0.51453334,0.038807835,-0.28317785
139,540,0.09222575,0.1368875,0.42788327,0.18794553,-0.090563275,-0.13770288,-0.29153097,-0.028862141,-0.037906736,-0.57523566,0.348557,-0.60710514,-0.5546634,-0.1777391,0.22416162,0.5429312
139,545,0.15589222,-0.13725136,0.38367447,0.0003118515,-0.086456545,0.08548173,-0.000647828,-0.3462028,0.11564638,-0.27196226,0.03305403,0.014685969,-0.6519711,-0.051316217,0.06243629,0.43039915
139,562,0.096829884,0.16938056,0.11368334,0.24896914,-0.16005711,-0.24056618,-0.15014878,0.091510445,0.01639124,-0.6310126,0.4153733,-0.5737349,-0.5952905,-0.074019,0.18731365,0.593104
139,569,-0.21524622,0.3012765,0.4999841,0.11311023,0.43375844,0.10855494,0.53020805,0.24146987,-0.577322,0.2663077,0.17992681,0.1815702,0.9334928,-0.7779217,-0.01529403,-0.27432668
139,572,0.96512026,0.36877888,-0.24931374,-0.2862122,-0.36843577,-1.1003352,1.3014272,-1.1661984,0.2707689,0.3412729,-0.38478926,0.5026435,-0.619547,-0.79049045,-1.2209375,0.32366896
139,576,0.05632029,-0.72938836,0.66803515,-0.33154073,-0.0062624514,0.19335073,-0.3507812,-0.30280823,-0.120428436,0.38064706,-0.67969424,0.43503693,0.37686372,0.3933621,0.023159076,-0.24688311
139,580,0.36634678,0.11593531,-0.48110458,-0.3746943,-0.19411454,0.32923317,0.75491667,0.55806553,-0.20341355,0.70958036,0.7814882,-0.30351496,0.050687596,0.31282634,0.749187,0.19711313
139,596,0.11517116,-0.83326995,0.60930216,-0.4256224,-0.07459855,0.20422465,-0.35285878,-0.304879,-0.08807003,0.48322868,-0.7391192,0.46839184,0.3678987,0.56068563,0.060997065,-0.25626308
139,604,0.019282902,0.2388934,0.57046664,0.25094944,-0.0020438358,-0.0963621,-0.34612602,-0.020125255,-0.0981138,-0.6218649,0.40207875,-0.6630992,-0.5076213,-0.35838425,0.24473283,0.52079415
139,610,-0.9417835,0.36748582,-0.92802656,0.74531287,0.52081895,0.94823146,-0.28276432,0.111811265,0.70122296,0.1128058,0.28880155,0.562061,-0.44582993,0.049416542,-0.115518235,-0.17621474
139,612,-0.013887469,0.32735533,0.6460154,0.29631528,0.04403904,-0.12140912,-0.37329394,-0.009635285,-0.14335872,-0.6643606,0.44383729,-0.73131543,-0.46592185,-0.4875152,0.23578599,0.5104165
139,619,-0.12527777,-0.62643856,0.68709624,-0.18880513,0.05930075,0.6857586,-0.382573,-0.25514454,0.06400724,0.033823565,-0.22029448,0.27845934,-0.30721822,0.34819156,0.43053648,0.08469617
139,635,-0.1525706,-0.58278334,0.7260108,-0.14488453,0.08879036,0.68153816,-0.39156282,-0.27023333,0.05294771,-0.022935875,-0.19997215,0.26629433,-0.32082826,0.26976275,0.4081744,0.09824089
139,655,0.21897231,0.2582906,0.2015329,0.14663583,-0.20605186,-0.65104127,-0.28955662,0.104042664,-0.10415091,-0.6698908,0.24689159,-0.7625745,-0.23096952,-0.15604974,-0.014518939,0.36921996
139,656,0.18567921,0.2402033,-0.2522938,-0.22712037,0.04248616,0.18469623,0.8849668,0.5808885,-0.42337102,0.6992982,0.5926424,-0.09953139,0.6029311,-0.105610535,0.4645251,-0.05742453
139,666,0.10858351,0.31992537,-0.5070413,0.22713518,0.031923726,-0.019079283,0.7684049,-0.70586216,0.4234988,-0.15152411,-0.17051055,0.5698668,-0.7295239,-0.56668264,-0.86116385,0.14531279
139,686,-0.025071166,0.3561538,0.6718322,0.3112495,0.059662923,-0.12823543,-0.3820184,-0.0066957325,-0.15791522,-0.6787918,0.45776194,-0.7531936,-0.45384598,-0.53011525,0.23360184,0.50778717
139,697,0.36277992,-0.44857192,0.16892828,-0.54586774,-0.18772656,-0.24702908,-0.07327544,-0.20621198,-0.121801265,0.8678163,-0.580219,0.1964548,0.5872172,0.47851628,-0.088905476,-0.314807
139,716,0.0768484,0.15157096,0.48012894,0.19365558,-0.07063487,-0.13266183,-0.3144453,-0.03608501,-0.052560702,-0.5839873,0.34492943,-0.6172164,-0.5383848,-0.21918981,0.22365427,0.5325266
139,717,-0.19958717,0.27583426,0.4763424,0.11028853,0.40503147,0.10336445,0.49630046,0.2223017,-0.5477828,0.24769397,0.1728077,0.17119922,0.87783694,-0.72619957,-0.014276311,-0.25048757
139,728,0.96512026,0.36877888,-0.24931371,-0.2862122,-0.36843577,-1.1003352,1.3014275,-1.1661984,0.27076894,0.3412729,-0.38478926,0.5026435,-0.619547,-0.79049045,-1.2209374,0.323669
139,729,0.22108577,0.28555143,0.20813993,0.15998587,-0.20922735,-0.6704587,-0.2922861,0.11933519,-0.10432779,-0.70211554,0.27703318,-0.80544156,-0.25991666,-0.17597781,-0.00026304275,0.3990785
139,730,0.10451822,0.15782489,0.09484922,0.2293514,-0.16820991,-0.2801578,-0.15244994,0.089296296,0.0071132397,-0.6114004,0.37154865,-0.54835135,-0.5176501,-0.058041453,0.14627615,0.53568304
139,745,0.22108577,0.28555137,0.2081399,0.15998587,-0.20922735,-0.67045873,-0.2922861,0.11933519,-0.10432781,-0.70211554,0.2770332,-0.8054417,-0.25991666,-0.17597772,-0.0002630502,0.3990785
139,758,0.30237436,0.57191324,-0.79774195,-0.6853803,-0.050641116,0.03336046,-0.46684211,-0.0728253,0.4473537,1.4953405,0.44641837,-1.0037297,-0.33621222,0.39482862,0.5820324,-0.124808565
139,763,-0.10204053,-0.6530794,0.5712718,-0.21283683,-0.0025585294,0.67685026,-0.34513235,-0.28476417,0.14311695,-0.0021880418,-0.18865082,0.30178723,-0.47590616,0.4523794,0.41809863,0.1696547
139,783,-0.27743828,0.15612699,0.7424446,0.12648205,0.44336212,0.21814239,0.24028458,0.032475144,-0.47043726,0.11018287,0.045154467,0.22753118,0.6990387,-0.7211682,-0.010394849,-0.22433649
139,786,-0.21703593,0.28515834,0.51142454,0.111891784,0.42955655,0.122211754,0.50669444,0.22612424,-0.56350285,0.2534588,0.1727044,0.1828659,0.9026694,-0.7624588,-0.008050717,-0.26471496
139,789,0.017053012,0.0859461,-0.48085263,0.18353601,-0.26194355,-0.58411705,-0.20084146,0.46250468,0.003357334,-0.66149116,-0.029170036,-0.2512612,0.18114536,0.25173885,-0.15523395,-0.08285083
139,797,-0.19656675,0.2926817,0.45901945,0.10932777,0.40858942,0.09628459,0.5272962,0.24311925,-0.5607125,0.26412362,0.18740138,0.16836274,0.90381587,-0.7387416,-0.012817644,-0.2573611
139,801,-0.1966036,-0.0029409975,-0.7009405,0.35028625,-0.17087588,-0.111192554,-0.023290426,0.5317743,0.13882175,-0.6231043,0.1342974,0.055356797,-0.09446789,0.37538266,0.051859517,0.05963564
139,808,-0.065322705,-0.65958315,0.50047714,-0.23352882,-0.048277203,0.65154064,-0.3234255,-0.29921883,0.18609525,-0.016141333,-0.16562633,0.2937603,-0.57536834,0.51229894,0.40969977,0.22601831
139,810,0.119068794,0.026444182,-0.40703967,0.06661184,-0.30864805,-0.7597619,-0.24912696,0.3642547,-0.040967878,-0.6072285,-0.22228119,-0.24449567,0.3410753,0.25812578,-0.3345102,-0.20590355
139,827,0.50382805,0.3739087,-0.70687574,-0.8153928,-0.20082067,-0.24348585,-0.37478226,-0.14843501,0.32933226,1.6108769,0.14928237,-0.83964044,-0.04709299,0.5344045,0.34856153,-0.20583121
139,832,0.013718132,-0.2028266,0.55517346,0.047239907,-0.04005498,0.25858605,-0.3026218,-0.18631636,0.06502943,-0.40316606,0.12223069,-0.1644469,-0.6400824,0.063819505,0.30727896,0.46056286
139,840,0.08265467,-0.8026306,0.67743605,-0.39167747,-0.030695878,0.19300961,-0.36564338,-0.31752282,-0.11595512,0.44995862,-0.7538509,0.47536984,0.41220438,0.47088295,0.02651669,-0.27933818
139,854,-0.21176018,0.28404373,0.49699485,0.1112601,0.4226519,0.12195277,0.50935745,0.2291222,-0.55840665,0.25233084,0.17923489,0.17789252,0.89077854,-0.75158423,-0.0037993267,-0.25766307
139,856,-0.7621083,0.14956982,-0.93915,0.6122214,0.3293459,0.66485894,-0.23839875,0.3226713,0.5161656,-0.09516023,0.10591799,0.56137496,-0.1702623,0.25265533,-0.10952277,-0.26519763
139,872,-0.8758574,0.6892701,-0.71011335,0.7411704,0.65684944,1.1037257,-0.15269174,-0.48243117,0.8472065,0.42967254,0.42466342,0.4444584,-0.81578106,-0.4094584,-0.36766264,-0.047980234
139,876,-0.13315731,0.001427412,-0.7647615,0.25564307,-0.23914759,-0.42842102,-0.19044721,0.67411715,0.041428912,-0.6752969,-0.08543417,-0.032725655,0.31144506,0.43416077,-0.14318529,-0.23953326
139,878,-0.23851536,0.15688036,-0.7178038,0.44554713,0.026864327,0.25431603,0.34250325,0.05326411,0.34751624,-0.36315146,0.18511507,0.3855429,-0.556329,-0.0010409653,-0.16719648,0.21391875
139,880,-0.07028265,0.021772876,-0.68337613,0.2122584,-0.23946789,-0.50749487,-0.19659932,0.61101246,0.00868921,-0.6634136,-0.12223999,-0.08330041,0.35726303,0.3614753,-0.20104516,-0.27479124
139,891,-0.21683057,0.26999384,0.51806784,0.11558922,0.42085856,0.12853284,0.4760031,0.20518322,-0.54501146,0.23066796,0.16597892,0.17987518,0.8614211,-0.74396116,-0.0072671473,-0.24914066
139,893,0.038828462,-0.804604,0.50264025,-0.3632967,-0.10118136,0.55426276,-0.3421623,-0.26611105,0.10354873,0.24639349,-0.37244415,0.3503606,-0.22292346,0.6654936,0.38033614,0.034351006
139,903,0.12209444,0.18606578,0.4777857,0.18598783,-0.100409836,-0.25405544,-0.323323,-0.038598962,-0.06927683,-0.6072582,0.3394477,-0.70269793,-0.5075128,-0.24256219,0.17553069,0.5383192
139,928,-0.20749478,0.30164754,0.48080418,0.11417034,0.42359078,0.10023871,0.5308586,0.24268149,-0.5712102,0.26305884,0.1856829,0.17432876,0.92149675,-0.7651041,-0.016798072,-0.2662794
139,932,-0.14441606,0.028801754,-0.7591191,0.274161,-0.22933447,-0.417045,-0.20337556,0.7022572,0.035776567,-0.6884094,-0.039076976,-0.07262596,0.30174023,0.4197651,-0.10239167,-0.22329871
139,947,0.2801519,0.45969373,-0.70298076,-0.64844126,-0.056377113,0.06650439,-0.44465005,-0.078598306,0.4140953,1.3795441,0.38291425,-0.88895005,-0.31878236,0.4144541,0.559388,-0.11035083
139,951,-0.05099742,0.29706514,0.6788152,0.2983925,0.07771832,-0.0151375085,-0.36949193,-0.02517502,-0.13171527,-0.6505488,0.4422833,-0.6593442,-0.49752432,-0.48125607,0.27515227,0.5056776
139,953,0.19393833,0.26333237,0.19110526,0.17583394,-0.1972681,-0.5852839,-0.2685165,0.11623563,-0.08450181,-0.68070716,0.30441988,-0.75804377,-0.30918583,-0.15335234,0.03778812,0.42594236
139,954,0.0768484,0.15157096,0.4801289,0.19365558,-0.07063487,-0.13266182,-0.31444526,-0.03608501,-0.052560702,-0.5839873,0.34492946,-0.61721635,-0.5383848,-0.21918984,0.22365427,0.53252655
139,955,-0.39644665,-0.120640375,-1.1935885,0.3408378,-0.084716894,-0.18273516,-0.22356829,0.81107175,0.17433827,-0.5407007,-0.4172696,0.48315123,0.6411979,0.62067914,-0.42516991,-0.7276417
139,961,-0.14610392,-0.6098027,0.6874456,-0.1639877,0.059218556,0.68029803,-0.38042587,-0.29483685,0.09327284,-0.03813132,-0.2017765,0.29431203,-0.3993941,0.32803398,0.39901847,0.13350548
139,962,-0.16480462,0.29956102,0.36110726,0.092669636,0.37666553,0.11720244,0.59020996,0.29204988,-0.5429972,0.291255,0.25363892,0.1397359,0.8519449,-0.68312836,0.044401333,-0.2224782
139,967,-0.14965051,0.027848646,-0.6484916,0.3163082,-0.19068256,-0.2239273,-0.072926186,0.5283109,0.10288575,-0.63941854,0.10837541,-0.032673307,-0.02695556,0.34209388,0.013421085,0.027697533
139,971,0.5580731,-0.10838347,-0.35196257,-0.79533315,-0.29855153,-0.37860632,-0.2554848,-0.23350109,0.13294388,1.393723,-0.342514,-0.3261216,0.3146413,0.6659659,0.061603896,-0.29888147
139,972,-0.2701701,0.15887414,0.72175723,0.13420838,0.43086326,0.21020119,0.23397778,0.026837394,-0.4573057,0.09261188,0.05715123,0.21491392,0.66612643,-0.7079565,-0.012394227,-0.20589627
139,973,0.10786852,-0.16887507,0.4142001,0.016446054,-0.07098604,0.15417062,-0.07997472,-0.29482162,0.104420565,-0.30149055,0.05724062,-0.014039924,-0.64417875,-0.00088889897,0.13736892,0.4317523
139,975,0.056323852,0.32062036,-0.57114536,0.2729057,0.037408732,0.017612033,0.75136817,-0.6105062,0.4325059,-0.19278404,-0.120379895,0.5692905,-0.7341971,-0.5202203,-0.79125726,0.16025484
139,989,-0.071625285,-0.6711674,0.5023649,-0.23923746,-0.03881639,0.66036457,-0.32623172,-0.27973378,0.1667143,0.022720143,-0.18417877,0.30000854,-0.5058371,0.51696026,0.41852537,0.18595314
139,998,-0.26826727,0.14243172,0.72640425,0.122719824,0.42817986,0.21844156,0.22785307,0.027025148,-0.45596278,0.10483141,0.04376338,0.22231178,0.6716918,-0.6922657,-0.0056536198,-0.21235849
139,1001,-0.06004496,-0.51328427,0.9008452,-0.14456809,0.04101541,0.37496972,-0.4443364,-0.44731563,0.03836888,-0.16204822,-0.32602352,0.22207719,-0.33005852,0.11931035,0.14899492,0.13433468
139,1005,0.10639257,0.090414,-0.39597103,0.10222825,-0.2981937,-0.765737,-0.26436815,0.4107678,-0.047974586,-0.6514774,-0.13589433,-0.32970718,0.30724174,0.21903147,-0.26916072,-0.16198264
139,1008,-0.10309693,-0.04314296,-0.70145583,0.21906725,-0.24099404,-0.4049024,-0.16999751,0.5746785,0.046497073,-0.6201889,-0.124522954,0.008437884,0.2757616,0.42878446,-0.17537016,-0.2171985
139,1012,-0.3205443,-0.00645411,-0.76223546,0.45772627,-0.07176755,0.18303393,0.064001724,0.49436462,0.23130682,-0.55088246,0.2532556,0.21493506,-0.30306843,0.35482275,0.15343443,0.1724387
139,1018,0.27563983,0.24652137,0.22747013,0.08121745,-0.224322,-0.80954397,-0.33865863,0.07268828,-0.15079711,-0.6499154,0.106639974,-0.7740428,-0.04498522,-0.16899453,-0.14218947,0.23758087
139,1024,-0.012811996,0.087078646,0.6414447,0.18277648,0.023746312,0.07036192,-0.35226312,-0.10572031,-0.057818532,-0.5385991,0.28953254,-0.46311757,-0.5279689,-0.2580654,0.26674968,0.4707808
139,1032,0.09740565,0.18388955,0.1489946,0.2537538,-0.15123886,-0.23536782,-0.16740768,0.087784454,0.008018993,-0.63828117,0.4291635,-0.6049159,-0.6090208,-0.09871285,0.20142922,0.605587
139,1047,0.030312832,-0.05091344,-0.5076983,0.1107308,-0.2749893,-0.56171346,-0.19875541,0.39550966,0.0031688116,-0.56457746,-0.21445423,-0.07716457,0.29599893,0.34670585,-0.28459656,-0.20829572
139,1062,0.13802564,0.22420345,0.39879173,0.20637813,-0.119792715,-0.33427012,-0.29322225,-0.0066560954,-0.073437735,-0.62331784,0.36112902,-0.73632586,-0.48782676,-0.24439405,0.13960116,0.54413074
139,1071,-0.03216327,0.36600912,0.68668264,0.31651396,0.06807594,-0.12889242,-0.38668835,-0.007859796,-0.16415344,-0.6834333,0.4595543,-0.75739384,-0.44694343,-0.5485021,0.23103961,0.5042554
139,1096,-0.029824652,0.1710959,0.6441833,0.23114651,0.04684995,0.03889563,-0.3556247,-0.07138667,-0.089943595,-0.5732624,0.35106596,-0.5349359,-0.5013506,-0.3445325,0.26652142,0.47525096
139,1101,-1.0370866,0.7217934,-0.73866224,0.83251697,0.736525,1.2370197,-0.30654335,-0.38591993,0.9179333,0.46425283,0.53773814,0.43191847,-0.86359555,-0.3526401,-0.21414936,-0.02053386
139,1106,0.053501636,-0.7151638,0.6584329,-0.32004493,-0.005788043,0.19509733,-0.34647143,-0.2997232,-0.116897486,0.36452395,-0.65930444,0.4238179,0.35889876,0.38451576,0.02585062,-0.23436354
139,1115,-0.06072463,-0.6900136,0.44183967,-0.25741383,-0.0680275,0.68229383,-0.30104628,-0.27839008,0.20964803,0.013285875,-0.15539032,0.3101856,-0.60419035,0.5827217,0.44397378,0.2320142
139,1132,0.33451897,0.16548888,-0.4530628,-0.35602129,-0.139015,0.29898494,0.8283472,0.59639597,-0.26904035,0.7453873,0.76794326,-0.2672495,0.20337178,0.20983079,0.7057323,0.13181573
139,1135,0.07070425,-0.782362,0.6258542,-0.36430573,-0.05192928,0.27493155,-0.35840482,-0.3184673,-0.04919295,0.35783982,-0.62998676,0.42838353,0.20960979,0.5046245,0.10388001,-0.1723574
139,1140,0.15189435,-0.69696236,0.6790904,-0.32242554,-0.14918455,0.14793298,-0.24341507,-0.6171327,0.14880104,0.006866634,-0.5573416,0.4610201,-0.36107683,0.365055,-0.093632944,0.11146106
139,1141,-0.13681972,0.3236853,0.25683078,0.07297718,0.35480037,0.16454694,0.6895512,0.36146468,-0.53006357,0.33175045,0.35443,0.106902845,0.7927811,-0.64181834,0.13323414,-0.18239968
139,1144,0.43531197,0.7395171,-0.93208086,-0.76701766,-0.10699518,-0.16994844,-0.46058255,-0.10578869,0.4460533,1.6982533,0.4792834,-1.1781964,-0.2696047,0.36891592,0.48929667,-0.15118556
139,1153,-0.049182244,0.27615458,0.6848114,0.28625757,0.07507998,-0.005023271,-0.37154958,-0.035919666,-0.12571554,-0.6405888,0.42471674,-0.639761,-0.49953157,-0.46366006,0.27450746,0.50081784
139,1158,0.07230057,-0.36366698,0.50075907,-0.26421055,0.074447006,-0.04933411,0.052996174,-0.12529251,-0.29938498,0.5174152,-0.49750757,0.38414633,0.74845177,0.036518663,-0.106132455,-0.3437683
139,1173,-0.01939442,-0.56010616,0.88832015,-0.18311656,0.006236337,0.31697655,-0.42560077,-0.48613948,0.050012007,-0.13645437,-0.39463335,0.2679672,-0.30919725,0.16380988,0.08631995,0.11624138
139,1174,-0.21947284,0.2710302,0.52223915,0.11324409,0.4256894,0.1357083,0.4828934,0.21014829,-0.54902166,0.23656835,0.16783488,0.182712,0.86819077,-0.74911565,-0.001530379,-0.2527539
139,1178,-0.12250362,0.060646996,-0.78041613,0.26323363,-0.2512322,-0.5272231,-0.23596197,0.75025314,0.013535702,-0.73051393,-0.067074955,-0.12990077,0.38025695,0.41157115,-0.14196038,-0.27368152
139,1184,0.087867826,0.15447031,0.08962253,0.24433315,-0.15784568,-0.23125981,-0.143131,0.09376232,0.015347738,-0.60746855,0.3975445,-0.53491,-0.5522335,-0.054163277,0.17603856,0.5576999
139,1188,0.013140503,-0.09502001,0.5745002,0.095074244,-0.024305023,0.17235315,-0.31877494,-0.15543853,0.0188184,-0.4521771,0.18228406,-0.28387967,-0.59203297,-0.050666496,0.28375295,0.46442097
139,1204,0.055154532,-0.80296004,0.6052973,-0.37019855,-0.06702829,0.3864383,-0.36167884,-0.3150255,0.012001172,0.31021786,-0.54559755,0.40981954,0.041441098,0.56381005,0.20357832,-0.09617929
139,1215,-0.11043742,-0.47133625,0.86898607,-0.100064926,0.072675616,0.48329604,-0.45295078,-0.38296407,0.042245556,-0.18955031,-0.2095851,0.17119119,-0.39590937,0.10867028,0.2577909,0.17752579
139,1216,-0.21520914,0.24378072,0.5191484,0.10315981,0.41347906,0.16465512,0.4639042,0.20189913,-0.52713925,0.23059802,0.16719432,0.1821619,0.81910837,-0.71122915,0.024834368,-0.2354583
139,1220,0.5122283,0.33900362,-0.6897318,-0.8288773,-0.20790572,-0.2567401,-0.36906266,-0.1552281,0.31970012,1.6233146,0.104387715,-0.8044233,-0.01178202,0.5512863,0.33187816,-0.22469254
139,1239,-0.87733907,0.28324324,-0.929373,0.6969913,0.45106494,0.84910357,-0.26643318,0.19148122,0.6327391,0.035501912,0.22412942,0.56390864,-0.3480804,0.12680773,-0.10527729,-0.20416392
139,1254,-0.6141517,0.45742255,-0.70448595,0.5685716,0.43615675,0.766478,0.009450987,-0.35993785,0.647933,0.2021013,0.17945537,0.47946468,-0.5584098,-0.26679158,-0.46168986,-0.12831621
139,1265,-0.21793388,0.29371846,0.50761807,0.11311865,0.4335003,0.121596314,0.5197208,0.23432796,-0.5695442,0.25803888,0.18001437,0.18199562,0.91260266,-0.77193964,-0.006896116,-0.26719958
139,1268,-0.15774989,-0.03065236,0.6622769,-0.005306177,0.31652585,0.11809325,0.16726474,-0.02499199,-0.41414103,0.24952368,-0.15840645,0.2891698,0.7292164,-0.45859778,-0.053924367,-0.27384
139,1270,-0.19903538,0.19914179,0.4979872,0.08338941,0.38452956,0.19021113,0.4351638,0.19181101,-0.4941027,0.23029925,0.15874614,0.17956091,0.7566188,-0.63958216,0.05466089,-0.21326564
139,1277,-0.11566368,0.05915378,-0.75654536,0.25783136,-0.24834758,-0.5210013,-0.23733653,0.731553,0.0105920555,-0.7194758,-0.06262949,-0.13594149,0.37029582,0.4025783,-0.13763344,-0.26355892
139,1288,0.0700313,0.14309938,0.4852589,0.19149524,-0.06480268,-0.11775641,-0.31537384,-0.041193374,-0.05252319,-0.57469726,0.33677554,-0.59918076,-0.5316312,-0.21654697,0.22321859,0.5234898
139,1290,-0.05643396,0.27955317,0.108033635,-0.0052049607,0.27384788,0.12617747,0.7501313,0.4238006,-0.5152346,0.4553681,0.35592762,0.09374079,0.82658195,-0.48716915,0.17207122,-0.1945654
139,1307,-0.23203655,0.092435405,-0.8541122,0.29928967,0.08069584,0.1005958,0.26705945,-0.07762591,0.36979344,-0.23675016,-0.32985878,0.61751103,-0.028384,-0.020563468,-0.7228008,-0.40366793
139,1322,-0.035931848,0.20385258,0.6634716,0.24798965,0.056288347,0.02738633,-0.36267942,-0.061214305,-0.10018065,-0.5984187,0.37507072,-0.57023674,-0.5077613,-0.38348484,0.27278763,0.48744416
139,1331,-0.06857744,-0.71313334,0.64250535,-0.26508138,0.0034728646,0.6554643,-0.3786449,-0.26927012,0.081702754,0.118203506,-0.29396206,0.31953177,-0.2799694,0.47411877,0.42000175,0.06155449
139,1333,-1.0370866,0.7217935,-0.7386622,0.832517,0.736525,1.2370197,-0.30654335,-0.38591993,0.9179333,0.46425283,0.53773814,0.4319185,-0.86359555,-0.3526401,-0.21414939,-0.02053386
139,1334,0.3180163,0.5922862,-0.81778383,-0.70627815,-0.055765823,0.014340259,-0.47386998,-0.078026734,0.4525876,1.5398415,0.44695303,-1.0287113,-0.32716227,0.39916387,0.5780929,-0.13543625
139,1339,-0.14487144,0.016271591,-0.7776584,0.26936755,-0.23457935,-0.42368293,-0.19773412,0.7029353,0.039757054,-0.6882708,-0.063371226,-0.04898739,0.31451005,0.433401,-0.12271818,-0.23911433
139,1342,0.24708308,0.27389264,0.22277331,0.12045251,-0.20963123,-0.75444895,-0.33231527,0.1068068,-0.14256282,-0.6751484,0.18373933,-0.79993266,-0.11158601,-0.18014295,-0.07571978,0.29145223
139,1344,0.1190688,0.026444182,-0.40703967,0.06661184,-0.30864805,-0.75976205,-0.24912696,0.36425465,-0.040967874,-0.6072286,-0.22228116,-0.24449567,0.3410753,0.2581258,-0.33451015,-0.20590355
139,1353,-0.104831845,-0.50616115,0.82148457,-0.11394193,0.056510523,0.51243466,-0.43793684,-0.37474322,0.06229976,-0.16930225,-0.20748472,0.19622166,-0.41997725,0.16721806,0.27920267,0.18324362
139,1360,-0.2809922,0.18132378,0.736686,0.14108616,0.44999713,0.20739484,0.2551788,0.03681545,-0.47669813,0.09869349,0.0644033,0.21892928,0.70091593,-0.7475077,-0.01885406,-0.2194605
139,1374,-0.05000093,0.3219021,0.7029648,0.30871245,0.080283836,-0.024860725,-0.3824934,-0.015425727,-0.13658881,-0.6799943,0.46517622,-0.7019635,-0.51911587,-0.50966746,0.29079244,0.5276159
139,1397,0.13532212,0.23661925,0.45426515,0.20445627,-0.105682135,-0.33262277,-0.32175684,-0.018841088,-0.09081261,-0.6238661,0.3588222,-0.76126724,-0.46555054,-0.28041762,0.1428608,0.5315298
139,1401,-0.2681651,0.18922926,0.6860522,0.14139634,0.43482608,0.2186027,0.28263223,0.059467927,-0.46532932,0.09730816,0.10352927,0.2000034,0.66332597,-0.7251513,0.007090669,-0.19436277
139,1421,0.24719642,-0.25865972,-0.0739345,-0.56232387,-0.13337404,0.10322331,-0.37924978,-0.2104067,0.17113307,0.9176128,-0.21621788,-0.17326619,0.0057736635,0.58758897,0.2773843,-0.15824313
139,1423,0.75097036,0.27505702,-0.055375688,-0.18588749,-0.27881888,-0.79411894,0.97808987,-0.94865906,0.22587,0.13739921,-0.24890658,0.35124204,-0.65390146,-0.6628483,-0.87994987,0.3708572
139,1428,-0.18078315,0.2959696,0.40721074,0.092269264,0.39731753,0.11706553,0.5773979,0.28297406,-0.56019574,0.29676348,0.22385709,0.15883988,0.89630497,-0.71251917,0.027797878,-0.24842341
139,1432,0.041920584,-0.6121125,0.8220039,-0.229345,-0.053448953,0.2182706,-0.37395865,-0.527275,0.06965572,-0.094964,-0.4753958,0.33301547,-0.27839303,0.2363276,-0.0085519925,0.09176646
139,1434,-0.05197881,-0.68777925,0.40318185,-0.26241693,-0.07914101,0.67125845,-0.28457284,-0.26370972,0.21150677,0.03120251,-0.14910589,0.30603495,-0.59407043,0.60337067,0.44438213,0.22729644
139,1453,-0.20772292,0.30862826,0.47934908,0.11399698,0.42704123,0.09407268,0.5409804,0.24906962,-0.57892394,0.27057177,0.18661693,0.17540978,0.9395945,-0.77405775,-0.020892464,-0.2731542
139,1455,-0.02982466,0.1710959,0.6441833,0.23114651,0.04684995,0.038895637,-0.3556247,-0.07138668,-0.089943595,-0.57326245,0.35106596,-0.5349359,-0.5013506,-0.3445325,0.26652145,0.47525096
139,1457,-0.19656675,0.2926817,0.4590195,0.10932778,0.40858945,0.09628459,0.52729625,0.24311922,-0.5607125,0.26412362,0.1874014,0.16836277,0.903816,-0.7387416,-0.012817636,-0.25736105
139,1461,0.05749707,-0.7584365,0.6430801,-0.34880316,-0.029449817,0.2642762,-0.35393542,-0.30524737,-0.07341845,0.36112654,-0.63332087,0.42600852,0.26005083,0.45985878,0.09084841,-0.19450156
139,1463,-0.015966363,0.08713569,-0.52808374,0.21453553,-0.25268677,-0.53413254,-0.17823914,0.49464303,0.021463722,-0.67437047,0.0017146543,-0.22270411,0.14901836,0.26787502,-0.12334522,-0.06548117
139,1467,0.13081959,0.21161853,0.48441285,0.18744141,-0.09503049,-0.31058192,-0.3346895,-0.04574526,-0.0986356,-0.5911437,0.3244574,-0.7271297,-0.42468882,-0.2795024,0.1295535,0.4953919
139,1472,-0.06634931,0.29113936,0.11986205,0.0028449595,0.28633523,0.1390901,0.75816834,0.42614084,-0.5195215,0.4464724,0.36851692,0.093435995,0.8220478,-0.50979745,0.17835593,-0.19148268
139,1477,0.890189,0.2588696,-0.17861646,-0.3005076,-0.35802037,-0.9747536,1.1533393,-1.1157348,0.2699614,0.32786202,-0.39678168,0.5040896,-0.61486274,-0.64925915,-1.1021366,0.3137737
139,1478,-0.06312755,0.30500168,-0.64262974,0.3564161,0.060994104,0.14434236,0.6386385,-0.41871256,0.43166202,-0.21954983,0.0075970963,0.5319107,-0.72211236,-0.38141644,-0.59595203,0.1915965
139,1497,0.06062269,-0.79454255,0.54559064,-0.36518332,-0.09027174,0.4202453,-0.348058,-0.29770797,0.044255603,0.28766578,-0.48046845,0.38083977,-0.04834774,0.6048798,0.24967799,-0.045474485
139,1501,-0.020949706,-0.1327334,-0.7869058,0.13425231,-0.15699348,-0.33350444,0.19066013,0.2030306,0.13563141,-0.49551874,-0.48436862,0.45462304,0.30337787,0.22846687,-0.6443587,-0.4628418
139,1503,0.8668171,0.34436786,-0.15496182,-0.2310569,-0.32289684,-0.9590889,1.1577715,-1.0633316,0.24883315,0.237038,-0.30538526,0.41941434,-0.650504,-0.7536852,-1.057989,0.35775813
139,1510,-0.8290231,0.6554483,-0.72511744,0.71202815,0.6197665,1.0454965,-0.109585784,-0.47080803,0.81653696,0.3948319,0.37234846,0.457905,-0.7673144,-0.39146483,-0.41085538,-0.07345192
139,1515,-0.19867904,0.16993918,0.5084795,0.08280994,0.3713162,0.21382397,0.39181882,0.16363342,-0.46358612,0.20198433,0.15136912,0.17692117,0.6871406,-0.60402274,0.069607966,-0.18826915
139,1539,-0.20772292,0.30862826,0.47934902,0.11399698,0.42704117,0.09407268,0.54098046,0.24906959,-0.5789239,0.27057177,0.18661693,0.17540978,0.9395946,-0.7740577,-0.020892471,-0.27315414
139,1549,0.119823985,0.21139939,0.28297976,0.22659713,-0.13061611,-0.29731882,-0.24000975,0.040059343,-0.04364188,-0.6206284,0.39352185,-0.67958534,-0.5206287,-0.17793022,0.1649169,0.5589844
139,1552,0.45930552,-0.3359096,0.2773026,-0.33007842,-0.25735152,-0.27741045,0.32593477,-0.80963016,0.21801105,0.1682569,-0.47223556,0.49065253,-0.50151885,0.024589077,-0.47267517,0.21194614
139,1561,0.16604325,0.22181137,0.15967672,0.18800396,-0.19142097,-0.4774127,-0.22537544,0.10040015,-0.04924545,-0.64869726,0.3278396,-0.6807446,-0.3858413,-0.11250244,0.074720904,0.46605495
139,1570,-0.014831938,-0.034728363,-0.7157101,0.1537683,-0.2420791,-0.54347277,-0.07286933,0.4766637,0.032723643,-0.636285,-0.29421127,0.08128651,0.39949727,0.31285465,-0.39864334,-0.37974113
139,1579,0.54218173,-0.015092373,-0.4070796,-0.77656084,-0.28129706,-0.34425825,-0.27280414,-0.21642539,0.16532934,1.3881491,-0.22764662,-0.42520282,0.22104068,0.6298629,0.114953384,-0.25612837
139,1587,-0.06072464,-0.6900136,0.44183964,-0.25741383,-0.0680275,0.6822939,-0.3010463,-0.27839008,0.20964803,0.013285875,-0.15539034,0.31018564,-0.60419035,0.5827217,0.44397375,0.2320142
139,1596,0.14560664,0.18535464,0.13162287,0.1997315,-0.18787596,-0.3971638,-0.18812989,0.08411196,-0.019150916,-0.6314169,0.33579606,-0.61664426,-0.45186362,-0.08518578,0.09482031,0.5012481
139,1600,-0.16410042,-0.59288716,0.7567524,-0.14249215,0.096574455,0.69627446,-0.40605336,-0.28694147,0.0568883,-0.04098513,-0.21015307,0.27831236,-0.33684057,0.2612701,0.4076345,0.10289168
139,1602,-1.0546728,0.6468894,-0.7968373,0.8387648,0.713487,1.2066902,-0.31965882,-0.25029236,0.8859259,0.3892272,0.5005779,0.47510588,-0.7834365,-0.25764441,-0.1661695,-0.050575122
139,1623,0.29307035,0.25947076,0.21217614,0.07245191,-0.24354243,-0.87035453,-0.3399359,0.08355686,-0.15186489,-0.6747801,0.089546874,-0.79582095,-0.028906524,-0.17111407,-0.17096755,0.2278035
139,1625,-0.18195339,0.2738338,0.43103433,0.092538014,0.39114416,0.10390678,0.53234965,0.25365764,-0.55090004,0.28225607,0.18787473,0.16646709,0.8915907,-0.6984725,0.005347915,-0.25254017
139,1629,-0.21171926,0.27797127,0.5019333,0.11151473,0.4200158,0.121030584,0.49715805,0.22078912,-0.55358744,0.24679278,0.17262973,0.17854351,0.88276696,-0.7458003,-0.0067381263,-0.25570202
139,1637,0.2042166,0.25345302,0.2056495,0.1590898,-0.19663244,-0.602181,-0.28033736,0.10080454,-0.094674155,-0.6627224,0.27386978,-0.7511827,-0.27088425,-0.15334173,0.015145984,0.39631325
139,1641,-0.12527774,-0.6264385,0.68709624,-0.18880516,0.059300736,0.6857586,-0.382573,-0.25514454,0.064007245,0.03382358,-0.2202945,0.27845934,-0.30721822,0.34819162,0.43053648,0.08469619
139,1646,0.016749538,-0.5723567,0.8371407,-0.1993182,-0.02704836,0.2489898,-0.39093643,-0.5002577,0.05560274,-0.11659773,-0.42752784,0.29128632,-0.282857,0.19394836,0.027400203,0.1033929
139,1647,0.25527334,-0.4672438,0.32954475,-0.44878158,-0.09670772,-0.16856028,-0.01450444,-0.17545128,-0.20099445,0.7222473,-0.5853004,0.31384796,0.6681959,0.33519644,-0.099364884,-0.32946408
139,1660,-0.013640314,-0.07214703,-0.78707236,0.14339563,-0.21559882,-0.49319494,0.053383917,0.37484372,0.0809568,-0.59827256,-0.40726352,0.25471228,0.3872462,0.27680144,-0.5443306,-0.44657868
139,1670,0.17880026,0.23770203,0.1765401,0.17808482,-0.1912333,-0.5267233,-0.25105983,0.10704215,-0.07055879,-0.653998,0.3089436,-0.7110532,-0.33119124,-0.12869088,0.054375432,0.43204215
139,1674,0.4030648,-0.42530668,0.1002626,-0.586199,-0.21806723,-0.27697545,-0.09837249,-0.21710521,-0.08865627,0.93691874,-0.56839293,0.13773811,0.5546967,0.5259114,-0.08062146,-0.31155413
139,1678,0.058241807,-0.76959795,0.6541403,-0.3576019,-0.027731366,0.2639892,-0.35802904,-0.30746984,-0.07771637,0.37447578,-0.6510276,0.4360142,0.2775882,0.46410078,0.08860709,-0.20647003
139,1704,0.11073441,0.1966195,0.23976877,0.23197144,-0.1334713,-0.26695794,-0.21766114,0.052619427,-0.028855845,-0.61296517,0.4017776,-0.64478487,-0.5389452,-0.14598443,0.17838551,0.56431186
139,1712,-0.6566938,0.03715262,-0.97680163,0.5355068,0.2120173,0.45927763,-0.22414628,0.4688415,0.40863687,-0.23101574,-0.024623767,0.5574527,0.031176195,0.37334174,-0.14162147,-0.35555083
139,1724,-0.013640311,-0.072147034,-0.7870724,0.14339563,-0.2155988,-0.49319494,0.053383917,0.37484372,0.08095682,-0.59827256,-0.40726358,0.25471228,0.3872462,0.27680144,-0.5443306,-0.44657874
139,1733,0.03189375,0.3131531,-0.56502795,0.28603223,0.043799654,0.05472985,0.70692825,-0.5717457,0.4233082,-0.18396851,-0.084180444,0.54554087,-0.72556597,-0.47979885,-0.73322695,0.16997409
139,1748,-0.13451447,0.2840652,0.27784398,0.06753861,0.3400249,0.16429746,0.63061327,0.3262207,-0.508048,0.31314403,0.31434405,0.11451391,0.76189816,-0.60382617,0.122166045,-0.17741226
139,1768,0.30237436,0.57191324,-0.79774183,-0.6853804,-0.050641116,0.03336045,-0.46684217,-0.07282529,0.4473537,1.4953405,0.44641843,-1.0037297,-0.33621222,0.39482856,0.5820324,-0.124808595
139,1773,0.13294464,0.22399645,0.5038478,0.19264095,-0.09915471,-0.3133605,-0.34119654,-0.03657993,-0.090966746,-0.62756664,0.3447774,-0.7595486,-0.47585842,-0.28962487,0.15341358,0.53284836
139,1779,0.105589435,0.20792751,0.21804588,0.24716914,-0.1374592,-0.26787174,-0.20580758,0.070576444,-0.02052879,-0.6382396,0.4209335,-0.6534191,-0.5679246,-0.14830323,0.1889016,0.58696645
139,1784,0.46302873,0.6708756,-0.90414476,-0.8050269,-0.1342375,-0.1885779,-0.44962353,-0.11525066,0.43447942,1.7243558,0.4151851,-1.12829,-0.22959046,0.42412484,0.47284338,-0.16713862
139,1789,-0.7295754,0.54837245,-0.76111376,0.64563775,0.52419335,0.8880541,-0.03812751,-0.38394105,0.73633003,0.27500278,0.24622962,0.49930474,-0.63086957,-0.31317806,-0.46093526,-0.13513656
139,1798,-0.24021928,-0.013236344,-0.7336958,0.3842175,-0.14162274,-0.010091208,0.010224283,0.52148145,0.17341357,-0.59803903,0.16445348,0.122366555,-0.16089286,0.3809241,0.08027999,0.0917134
139,1814,-0.21793394,0.2937184,0.50761807,0.11311865,0.4335003,0.121596314,0.5197209,0.23432796,-0.56954414,0.25803888,0.18001437,0.18199562,0.91260254,-0.7719396,-0.0068960935,-0.26719964
139,1830,-0.98457134,0.4421609,-0.8833297,0.7805887,0.58301497,1.0460149,-0.29248372,0.0073838234,0.75725937,0.19400336,0.36659542,0.54115725,-0.57012635,-0.038377523,-0.10465219,-0.111523554
139,1844,-0.03465168,0.36328638,0.6832939,0.31564775,0.07083753,-0.12846686,-0.3845256,-0.011582702,-0.16697715,-0.6733929,0.45248982,-0.7462994,-0.43123624,-0.54809576,0.22224101,0.49264443
139,1848,0.68800867,-0.088005476,0.088350795,-0.3512172,-0.31730992,-0.62248766,0.7433539,-1.003226,0.26170668,0.25733632,-0.49011844,0.5468972,-0.57734144,-0.29044032,-0.8008919,0.25554734
139,1850,0.3216244,0.18974371,0.0901548,0.025618255,-0.22787072,-0.77762264,-0.07662536,-0.14205424,-0.04698109,-0.5569837,-0.09256759,-0.4487241,-0.1048474,-0.2421575,-0.4051925,0.15157247
139,1855,0.4545442,-0.36002022,-0.004471965,-0.6466422,-0.24837281,-0.3173195,-0.13605201,-0.22799623,-0.041021556,1.0566982,-0.53193116,0.030905854,0.5123007,0.5714061,-0.060745783,-0.31334972
139,1856,-0.17449321,0.01678887,-0.69001853,0.33579838,-0.18509461,-0.18032591,-0.047419474,0.54241395,0.12230396,-0.64219314,0.11769446,0.010005982,-0.053757146,0.36219,0.02698509,0.037574396
139,1857,-0.129764,-0.00784716,-0.74371445,0.25062206,-0.23477535,-0.4088307,-0.18592732,0.6495377,0.042808186,-0.658625,-0.08375111,-0.024684403,0.29432738,0.43051445,-0.13898319,-0.22694089
139,1882,0.16028759,-0.46452564,0.42738667,-0.35215908,-0.021356199,-0.10406171,0.0074846596,-0.16356821,-0.2422809,0.59593725,-0.5799473,0.3877024,0.7031146,0.21942435,-0.11189713,-0.33792746
139,1884,0.7455567,-0.000957489,0.020944051,-0.34356463,-0.3304606,-0.7166518,0.8582584,-1.0419171,0.2687001,0.27797675,-0.47256804,0.54453206,-0.5961327,-0.38500786,-0.88474375,0.2727625
139,1897,0.096757114,0.14027454,0.4304238,0.18615152,-0.09266065,-0.15342875,-0.29393837,-0.031723462,-0.041928858,-0.5746248,0.34377176,-0.614603,-0.54366654,-0.18251996,0.2142581,0.5385616
139,1903,-0.112519994,-0.6410521,0.67613816,-0.20309591,0.047375128,0.6736868,-0.38048118,-0.25771898,0.065785356,0.051539287,-0.23532215,0.28543466,-0.29719585,0.3719403,0.42462382,0.07885821
139,1910,0.31395054,0.19411607,-0.43051383,-0.34548652,-0.104189456,0.28284186,0.869579,0.61777437,-0.30923095,0.76682156,0.7575467,-0.24433924,0.29632652,0.1459735,0.67983145,0.09127094
139,1923,-0.2119443,-0.18600745,-1.0492568,0.21263877,-0.20256314,-0.39636648,-0.21405073,0.7735122,0.05395082,-0.5829603,-0.4872365,0.35495937,0.73472816,0.64142334,-0.45773587,-0.720602
139,1925,0.12820715,-0.85074264,0.57395697,-0.44497535,-0.095455036,0.22471645,-0.34795338,-0.29142758,-0.07116253,0.502758,-0.7236085,0.46086416,0.33949405,0.6120986,0.0940244,-0.24333654
139,1937,-0.09214848,0.03836134,-0.75608957,0.23339629,-0.2491096,-0.53607017,-0.20094827,0.6820748,0.013878396,-0.7063375,-0.12251024,-0.08525834,0.39030546,0.38452274,-0.20405877,-0.30187523
139,1938,0.052942988,0.1636403,0.5146385,0.20733643,-0.045673843,-0.093636975,-0.3262214,-0.034447283,-0.06020552,-0.5907481,0.35805616,-0.6125239,-0.5418308,-0.25067872,0.2430273,0.5306947
139,1944,0.110849835,0.25495154,-0.14427552,-0.15861392,0.11763774,0.13205987,0.8525814,0.53866273,-0.46953824,0.64362156,0.49207023,-0.025635961,0.7352063,-0.23324098,0.34178385,-0.12879233
139,1962,0.2801519,0.45969373,-0.70298076,-0.6484413,-0.056377113,0.06650438,-0.44465,-0.07859829,0.4140953,1.3795441,0.38291422,-0.88894993,-0.31878233,0.4144541,0.55938804,-0.11035086
139,1963,0.062173657,-0.77031595,0.64021003,-0.35713416,-0.037136156,0.26984146,-0.35557938,-0.31116644,-0.0651741,0.36276793,-0.63571525,0.43018803,0.24406986,0.47722894,0.09590639,-0.1884491
139,1964,0.053767547,-0.7866371,0.49116892,-0.3555806,-0.10577913,0.4907711,-0.33549052,-0.27129766,0.0833723,0.2553978,-0.39527282,0.3488377,-0.1654065,0.64529705,0.3270299,0.015125662
139,1971,0.16604324,0.22181137,0.15967672,0.18800396,-0.19142097,-0.4774127,-0.22537544,0.10040015,-0.04924545,-0.64869726,0.3278396,-0.68074465,-0.3858413,-0.11250244,0.074720904,0.46605495
139,1983,-0.16082811,-0.579791,0.7434127,-0.13696167,0.09770393,0.68996084,-0.39831406,-0.27410972,0.0505663,-0.03541646,-0.1991851,0.2666228,-0.3240358,0.25383306,0.40964597,0.09940515
139,1986,-0.013891071,-0.7334905,0.54226226,-0.2939269,-0.051280383,0.5988584,-0.34795183,-0.25659156,0.09673997,0.15907075,-0.29977795,0.31330916,-0.27558556,0.5570522,0.40010577,0.067701355
139,1989,-0.1275745,0.054469407,-0.78357035,0.26579267,-0.24884133,-0.51047176,-0.2292254,0.7457108,0.018606737,-0.7258389,-0.065118834,-0.117039435,0.369196,0.41598424,-0.1379495,-0.26777858
139,1996,0.123792104,-0.8330665,0.5724152,-0.42945132,-0.09044533,0.21633507,-0.3446527,-0.29156375,-0.07434244,0.48542225,-0.7119896,0.45349592,0.33624303,0.59076023,0.08462848,-0.23750298
139,1999,0.09205313,-0.70843613,0.7659284,-0.29924044,-0.11198853,0.20403227,-0.33221933,-0.5818062,0.12191405,-0.037091292,-0.5490287,0.4277588,-0.32766533,0.35722804,-0.038970187,0.095615245
139,2004,0.30353338,0.20704977,-0.4175147,-0.34073052,-0.086964235,0.27620807,0.88793033,0.6271992,-0.32847664,0.77685595,0.75163174,-0.23288862,0.34067702,0.11504165,0.66773105,0.07156511
139,2039,-0.042546548,0.28945583,0.082314596,-0.013791904,0.26622579,0.08584143,0.77246046,0.44093162,-0.5326284,0.487414,0.34600678,0.094358794,0.88563776,-0.4854089,0.1488913,-0.21709703
139,2044,0.18983889,-0.6554303,0.6465943,-0.32775578,-0.15952481,0.0944329,-0.17947444,-0.64789414,0.15497027,0.028378129,-0.5578321,0.46750587,-0.37298608,0.31673798,-0.14443126,0.11888668
139,2052,-0.05420208,0.3377967,0.67045355,0.32184938,0.08363862,-0.034919366,-0.36709693,-0.005242318,-0.1442796,-0.66985875,0.47517517,-0.6982134,-0.49306583,-0.5174403,0.27626103,0.5147918
139,2053,0.13718253,0.22946076,0.48929453,0.19321081,-0.10044523,-0.33404988,-0.3378665,-0.037471496,-0.099321686,-0.61443496,0.3386613,-0.7601631,-0.44249174,-0.29258114,0.13296105,0.5145136
139,2068,0.831161,0.15215425,-0.09781367,-0.3192037,-0.3470452,-0.86675495,1.0341543,-1.086939,0.27100676,0.30867755,-0.42726338,0.522434,-0.61186934,-0.54018015,-1.0121108,0.29881087
139,2070,0.070262,-0.7602961,0.6653758,-0.35786992,-0.019836381,0.19054562,-0.35541448,-0.3077472,-0.11744582,0.41162336,-0.70957005,0.4502295,0.39054573,0.43077207,0.024630304,-0.25919664
139,2072,0.1196462,0.065564856,-0.4000627,0.08160084,-0.30831334,-0.784299,-0.25961366,0.38906497,-0.047157764,-0.6372289,-0.18250328,-0.2999251,0.33024645,0.23313051,-0.30964863,-0.18619929
139,2091,-0.09918675,0.053769767,-0.6111927,0.2785171,-0.21755487,-0.35211444,-0.11481747,0.5249232,0.07142296,-0.6605821,0.065954626,-0.10886109,0.0471545,0.31582922,-0.041552775,-0.012663364
139,2101,-0.6566939,0.037152603,-0.9768015,0.5355068,0.21201733,0.45927763,-0.22414628,0.46884143,0.40863693,-0.23101574,-0.024623781,0.5574527,0.031176195,0.37334174,-0.14162147,-0.35555083
139,2103,-0.060044944,-0.51328427,0.9008453,-0.14456806,0.0410154,0.37496978,-0.44433647,-0.4473157,0.03836889,-0.16204824,-0.32602355,0.2220772,-0.33005852,0.11931035,0.14899491,0.13433468
139,2111,-0.6566939,0.037152603,-0.9768015,0.5355068,0.2120173,0.45927763,-0.22414628,0.46884143,0.4086369,-0.23101574,-0.024623767,0.55745274,0.031176195,0.3733417,-0.14162147,-0.3555509
139,2129,-0.2119443,-0.18600745,-1.0492569,0.21263877,-0.20256314,-0.39636648,-0.21405071,0.7735121,0.053950816,-0.5829603,-0.4872365,0.35495937,0.73472816,0.64142334,-0.45773587,-0.720602
139,2136,0.23290405,0.28255022,0.20906284,0.14540794,-0.21380249,-0.7062912,-0.30288664,0.11563687,-0.11497603,-0.69737643,0.24453443,-0.80537975,-0.21390575,-0.17623453,-0.029433973,0.36562106
139,2148,0.048813283,-0.64590603,0.83716166,-0.25121522,-0.062469274,0.22546002,-0.3764326,-0.54749805,0.08161017,-0.08577274,-0.50477844,0.36173776,-0.2917716,0.2620225,-0.011770293,0.08920802
139,2153,-0.27861875,0.19386016,0.71422833,0.14307934,0.4493702,0.21595678,0.27972263,0.054859072,-0.47775105,0.10116282,0.09043442,0.2100009,0.6926224,-0.7497046,-0.0038224757,-0.21044426
139,2165,0.05753107,-0.7486994,0.63284725,-0.34101737,-0.03175759,0.26284808,-0.35050046,-0.3043443,-0.06928599,0.3487262,-0.618092,0.41716388,0.24377473,0.4564854,0.091497675,-0.18336807
139,2180,0.21897231,0.2582906,0.20153287,0.14663582,-0.20605186,-0.6510413,-0.28955662,0.104042664,-0.10415091,-0.6698908,0.24689159,-0.7625745,-0.23096952,-0.15604977,-0.014518946,0.36921996
139,2201,-0.34918886,0.012799427,-0.7983452,0.4939971,-0.055887558,0.22060996,0.087803066,0.51796204,0.24828577,-0.5677719,0.29440922,0.22808857,-0.3454966,0.344302,0.18283528,0.20099007
139,2206,-0.4933316,0.34088987,-0.7719712,0.4867452,0.32433474,0.5620661,0.112826124,-0.26974022,0.5614743,0.06101127,0.009719007,0.53795683,-0.39075956,-0.19023605,-0.5584639,-0.22137333
139,2212,-0.14502485,0.2880615,-0.6801565,0.41072872,0.07391472,0.2302523,0.5479551,-0.28133947,0.42464852,-0.2379491,0.09889069,0.49640104,-0.70809126,-0.27576858,-0.44902226,0.21495281
139,2217,-0.2119443,-0.18600745,-1.0492568,0.2126388,-0.20256314,-0.39636648,-0.21405071,0.7735122,0.053950816,-0.5829603,-0.48723656,0.35495937,0.73472816,0.64142334,-0.45773587,-0.720602
139,2218,0.76345074,0.054008707,-0.02502235,-0.3253031,-0.3320414,-0.75661194,0.9045195,-1.0385371,0.2642517,0.28159136,-0.441926,0.5231271,-0.5948338,-0.43026775,-0.9115301,0.2822796
139,2221,-0.044384234,0.29573464,0.082855694,-0.019872226,0.27388358,0.09209052,0.7934403,0.4554445,-0.5437287,0.5058889,0.35138494,0.09861328,0.90892935,-0.49558383,0.15722808,-0.22738115
139,2224,0.09222575,0.1368875,0.42788324,0.18794553,-0.090563275,-0.13770287,-0.29153097,-0.028862141,-0.037906732,-0.5752356,0.348557,-0.6071051,-0.55466336,-0.1777391,0.22416162,0.5429312
139,2235,-0.056976028,0.28956836,0.10578856,-0.009279951,0.2807735,0.12254216,0.7718922,0.43841892,-0.52900064,0.47395152,0.35934225,0.09711765,0.8582053,-0.5004826,0.17226171,-0.20740171
139,2245,0.18567921,0.2402033,-0.25229385,-0.22712034,0.04248616,0.18469623,0.8849668,0.58088845,-0.423371,0.69929814,0.5926425,-0.0995314,0.6029311,-0.105610535,0.46452513,-0.05742456
139,2258,0.14942226,0.1790225,0.1402222,0.19055162,-0.18730223,-0.40076095,-0.19374676,0.07537928,-0.023446735,-0.6183452,0.3234021,-0.6112423,-0.4333523,-0.08224578,0.08654339,0.486952
139,2259,0.2870465,0.23173802,-0.402209,-0.3338078,-0.05794535,0.26815802,0.9281438,0.6491509,-0.36163038,0.7978725,0.74865806,-0.2148171,0.4150015,0.0632925,0.65306854,0.039491594
139,2263,-0.06532271,-0.6595832,0.50047714,-0.2335288,-0.048277207,0.6515407,-0.32342553,-0.29921883,0.18609525,-0.016141325,-0.16562632,0.2937603,-0.57536834,0.512299,0.4096998,0.22601831
139,2264,-0.20483254,0.27440083,0.48722377,0.106691554,0.41276526,0.11645338,0.50172085,0.22654097,-0.55239415,0.25436813,0.17259729,0.17675419,0.88512504,-0.7330458,-0.0055123866,-0.25565684
139,2270,-0.038258478,-0.086959556,-0.8268029,0.16002749,-0.08909905,-0.21365474,0.32422674,0.051789403,0.20535474,-0.41313195,-0.5117153,0.59266615,0.19463347,0.110764205,-0.7603714,-0.47000456
139,2280,-0.03825847,-0.08695956,-0.82680285,0.1600275,-0.08909905,-0.21365474,0.32422674,0.051789403,0.20535474,-0.41313195,-0.51171535,0.59266615,0.19463347,0.1107642,-0.7603714,-0.47000456
139,2285,0.36634678,0.11593531,-0.48110452,-0.37469432,-0.19411454,0.32923323,0.75491667,0.5580655,-0.20341355,0.7095803,0.7814881,-0.30351493,0.050687566,0.31282634,0.74918705,0.19711313
139,2286,-0.05616411,-0.057463393,-0.63070554,0.17740503,-0.25243175,-0.4474374,-0.173913,0.49866468,0.034540728,-0.590717,-0.16301847,-0.005817901,0.27576464,0.40472257,-0.2176143,-0.21131296
139,2306,0.108511075,0.16057457,0.44985476,0.18721886,-0.09801046,-0.19433431,-0.30471933,-0.032296702,-0.050195433,-0.59499776,0.34735224,-0.65609956,-0.54226965,-0.20630987,0.20409593,0.5477802
139,2314,-0.011103746,-0.04292062,-0.5923905,0.14526102,-0.272668,-0.5413748,-0.19226171,0.4718789,0.016553992,-0.5990292,-0.1991761,-0.05368427,0.3107211,0.37883103,-0.2659638,-0.2280337
139,2327,-0.25308365,0.1116582,0.72062165,0.104538925,0.41155633,0.20661095,0.2103412,0.017406851,-0.44866565,0.12287913,0.011050679,0.23214893,0.67710483,-0.6531212,-0.0123736635,-0.22072919
139,2332,-0.21115275,0.24288858,0.5154558,0.10495447,0.4077348,0.14731377,0.45492816,0.19565769,-0.5262012,0.22793393,0.15814745,0.18084706,0.8247472,-0.70685333,0.010132261,-0.23747866
139,2339,0.31500053,0.17823906,-0.0042663887,0.025598478,-0.19856337,-0.66737866,0.103837,-0.28587073,0.040516853,-0.47296625,-0.1586761,-0.22901843,-0.21067408,-0.3008381,-0.53075206,0.1376571
139,2348,-0.21162759,0.17718719,0.5375414,0.09126551,0.38572198,0.21871245,0.3836851,0.1531779,-0.4683939,0.19051136,0.14819922,0.18168804,0.6906747,-0.62996966,0.06379342,-0.19207041
139,2350,-0.14487144,0.016271591,-0.7776584,0.26936755,-0.23457934,-0.42368293,-0.19773412,0.7029353,0.039757058,-0.6882708,-0.06337121,-0.048987396,0.31451005,0.43340105,-0.12271819,-0.23911433
139,2355,0.10639257,0.090414,-0.39597103,0.102228254,-0.2981937,-0.765737,-0.26436815,0.4107678,-0.04797459,-0.6514774,-0.13589433,-0.32970718,0.30724174,0.21903147,-0.26916072,-0.1619827
139,2373,0.10782785,0.20184828,0.22813722,0.23969221,-0.13538595,-0.26666594,-0.2113047,0.06169434,-0.024442222,-0.6253074,0.41118884,-0.64805037,-0.55345356,-0.14663835,0.18368885,0.57543397
139,2376,-0.18430044,0.30810225,0.4086721,0.095081806,0.4052073,0.11535812,0.5920173,0.29119843,-0.5697278,0.3015378,0.23065239,0.15932678,0.9129816,-0.72995853,0.02637089,-0.25397086
139,2385,-0.9547503,0.4026587,-0.86788785,0.75943077,0.55489075,1.0093098,-0.28649288,0.035742626,0.72684324,0.16183515,0.3454781,0.5405683,-0.5398097,-0.008234814,-0.089063264,-0.1094899
139,2398,0.13532212,0.23661925,0.45426518,0.20445627,-0.105682135,-0.33262277,-0.32175684,-0.018841088,-0.090812616,-0.623866,0.3588222,-0.76126724,-0.46555054,-0.28041762,0.1428608,0.5315298
139,2411,0.8755207,0.22981222,-0.1583871,-0.3071959,-0.355557,-0.94414616,1.1259899,-1.1111497,0.27276963,0.32393742,-0.4054107,0.5126808,-0.6203131,-0.6203437,-1.0783551,0.3118987
139,2421,-0.006739609,-0.12419083,-0.76196307,0.12594934,-0.17624906,-0.38110393,0.15191795,0.23268639,0.11495868,-0.5183552,-0.46609974,0.3957544,0.3238724,0.23710749,-0.61462,-0.45285577
139,2426,0.36634684,0.11593531,-0.48110458,-0.3746943,-0.19411454,0.3292332,0.75491667,0.5580655,-0.20341353,0.7095804,0.7814882,-0.30351493,0.050687566,0.31282634,0.7491871,0.19711313
139,2429,-0.1368197,0.3236853,0.2568308,0.07297718,0.35480034,0.16454694,0.68955123,0.36146468,-0.5300635,0.3317504,0.35443005,0.106902845,0.7927811,-0.64181834,0.13323413,-0.1823997
139,2431,0.13802564,0.22420345,0.3987917,0.2063781,-0.119792715,-0.33427018,-0.29322225,-0.0066560805,-0.073437735,-0.62331784,0.36112902,-0.7363258,-0.48782676,-0.24439402,0.13960117,0.54413074
139,2454,0.33341658,0.6992189,-0.89157486,-0.7086474,-0.05045964,-0.030278832,-0.47973204,-0.07902998,0.4717934,1.5923744,0.51009834,-1.1215172,-0.34828034,0.3555044,0.57072866,-0.1319534
139,2465,-0.20219517,0.29869676,0.47176695,0.112354174,0.4168936,0.092371866,0.52838725,0.24208333,-0.56861275,0.26477206,0.1828582,0.17236696,0.9209138,-0.7551981,-0.020595863,-0.26546943
139,2470,-0.078831464,-0.6516938,0.6253278,-0.2163648,-0.017318472,0.64553696,-0.37476403,-0.3408648,0.16216096,-0.057027936,-0.19797203,0.28902447,-0.55673504,0.43344796,0.38873845,0.21881199
139,2477,-0.10154176,-0.5752378,0.7481764,-0.15458024,0.029871032,0.59239334,-0.41565633,-0.36027932,0.1095888,-0.13107681,-0.19834471,0.24059491,-0.49828726,0.28281444,0.34251273,0.20616561
139,2483,-0.2809922,0.18132378,0.736686,0.14108616,0.4499972,0.20739484,0.25517887,0.036815464,-0.47669807,0.098693475,0.0644033,0.21892928,0.70091605,-0.7475076,-0.018854052,-0.2194605
139,2486,-0.001062844,0.0209357,0.6191255,0.14876091,0.004953563,0.099821016,-0.3411821,-0.1266507,-0.03185385,-0.50516105,0.2456548,-0.39882016,-0.54377145,-0.18431686,0.26615226,0.46417007
139,2487,0.3150006,0.17823906,-0.0042664036,0.025598478,-0.19856337,-0.66737854,0.10383701,-0.28587073,0.040516853,-0.47296625,-0.1586761,-0.22901843,-0.21067409,-0.3008381,-0.53075206,0.1376571
139,2491,-0.09185153,-0.6013428,0.70846254,-0.1752646,0.013238318,0.611868,-0.4043424,-0.35570365,0.12829106,-0.10633081,-0.19703767,0.25564456,-0.52227813,0.33351946,0.35954764,0.21334964
139,2492,0.09138838,0.100548044,-0.39561102,0.12118087,-0.2881366,-0.7270216,-0.25381312,0.41618615,-0.039673805,-0.6549909,-0.09508707,-0.33359993,0.26684284,0.21193518,-0.23139217,-0.12935524
139,2497,0.009684831,-0.80028415,0.5403525,-0.34996828,-0.075764775,0.6098055,-0.35605544,-0.26204962,0.10657404,0.22123562,-0.35262737,0.34673288,-0.25508928,0.6379441,0.41660294,0.044624582
139,2500,-0.043483064,0.37467492,0.68807155,0.32611057,0.079631,-0.114516884,-0.38343924,-0.005345568,-0.1687273,-0.681938,0.4678338,-0.7503821,-0.44122803,-0.56199324,0.2335845,0.4992349
139,2515,-0.19867903,0.16993918,0.50847954,0.08280994,0.3713162,0.21382396,0.39181876,0.16363339,-0.46358612,0.20198433,0.1513691,0.17692116,0.68714046,-0.60402274,0.069607966,-0.18826915
139,2516,-0.13421562,-0.1971589,-0.9591845,0.15959355,-0.23957399,-0.48077905,-0.22202538,0.73397404,0.0090909,-0.5847007,-0.49999797,0.28448814,0.75364155,0.62583125,-0.4638599,-0.70565104
139,2528,-0.27908814,0.11460592,-0.7450774,0.46647722,0.007229641,0.2586918,0.267492,0.19343688,0.320798,-0.4214368,0.22533587,0.34299612,-0.500407,0.1032602,-0.05499477,0.2136767
139,2530,0.12862873,-0.83757895,0.56140786,-0.4361138,-0.09664047,0.21893853,-0.34156817,-0.28731096,-0.070252225,0.49340975,-0.70870525,0.45165485,0.33197385,0.60553557,0.09167308,-0.2357385
139,2540,-0.12410095,-0.085153975,0.64087635,-0.043217726,0.2805198,0.08793403,0.14630805,-0.0424873,-0.39870322,0.28966528,-0.21996099,0.30940956,0.7410418,-0.3844149,-0.06870637,-0.2900529
139,2577,-0.7621084,0.14956985,-0.93914986,0.6122214,0.3293459,0.66485894,-0.23839873,0.32267123,0.51616555,-0.095160216,0.105918,0.561375,-0.1702623,0.25265533,-0.10952277,-0.26519763
139,2583,0.39666998,-0.43511903,0.3642569,-0.33908722,-0.24013656,-0.18249975,0.19687729,-0.7728784,0.20645683,0.14203443,-0.5059229,0.49654928,-0.46748775,0.12029737,-0.39229175,0.18534757
139,2598,0.4557389,0.7811892,-0.98175,-0.8164876,-0.11027795,-0.18698137,-0.48303193,-0.111605585,0.4700678,1.7976671,0.48668942,-1.2313936,-0.2675005,0.3846335,0.50390095,-0.17600356
139,2603,0.4545442,-0.36002022,-0.0044719726,-0.6466421,-0.2483728,-0.3173195,-0.13605201,-0.22799623,-0.04102156,1.0566982,-0.53193116,0.03090585,0.5123008,0.5714061,-0.060745798,-0.31334972
139,2614,-0.08824749,-0.13627201,0.61445206,-0.08173584,0.2427324,0.061595988,0.12968041,-0.058852136,-0.3798773,0.3286659,-0.2720932,0.3246162,0.7411566,-0.3088081,-0.0773982,-0.29949075
139,2624,-0.06346455,-0.04882343,-0.6564305,0.18551597,-0.25569007,-0.46014762,-0.17603756,0.5258707,0.035458006,-0.6080227,-0.16142228,-0.009914208,0.28886122,0.41051698,-0.21815595,-0.22155859
139,2629,0.07692168,0.23892723,-0.08909988,-0.12221355,0.14082706,0.110676646,0.80134034,0.49420887,-0.46957377,0.59124166,0.42962867,0.009947157,0.75482404,-0.26618057,0.27988067,-0.14668466
139,2631,0.48977274,0.519619,-0.8122101,-0.8253867,-0.17118606,-0.21726386,-0.41430163,-0.1326685,0.38754308,1.6907909,0.27798444,-0.9870443,-0.13620643,0.49260998,0.4163082,-0.19244511
139,2639,0.366193,0.7311091,-0.92667043,-0.7496269,-0.06329785,-0.06794445,-0.4903946,-0.087760836,0.47889024,1.674007,0.5073736,-1.1650534,-0.32821548,0.367692,0.56291187,-0.15141754
139,2646,-0.19361065,0.2124456,-0.66973376,0.42423657,0.05609274,0.25822037,0.41919005,-0.112985864,0.37477413,-0.28844774,0.15416045,0.42216408,-0.6254257,-0.12913142,-0.28253347,0.2210204
139,2658,0.04933262,-0.6588889,0.8383769,-0.2588651,-0.06552198,0.23483276,-0.37593186,-0.55302453,0.08809206,-0.08209893,-0.51118976,0.37311956,-0.30363268,0.27515584,-0.007305488,0.091652736
139,2665,-0.30507445,-0.015500113,-0.7367797,0.44067362,-0.07775445,0.1684558,0.0541905,0.4790513,0.22082162,-0.5418581,0.23901697,0.20511833,-0.28826284,0.35594052,0.14522089,0.16524264
139,2668,0.096648395,-0.8321196,0.6680476,-0.41936114,-0.046687298,0.20064218,-0.36592057,-0.31954452,-0.10678386,0.4790228,-0.7707742,0.4874064,0.40925497,0.51453334,0.038807835,-0.28317785
139,2672,-0.21146317,0.29494333,0.49377224,0.11369519,0.42592537,0.108330525,0.51992524,0.235065,-0.56789285,0.2582922,0.17978832,0.17774896,0.91363907,-0.7642382,-0.014278084,-0.26558012
139,2679,0.108511075,0.1605746,0.44985482,0.18721887,-0.098010466,-0.19433431,-0.30471933,-0.032296702,-0.050195437,-0.59499776,0.34735224,-0.6560996,-0.54226965,-0.20630984,0.20409593,0.5477802
139,2680,0.16227381,-0.6779308,0.37060547,-0.43635228,-0.12004197,0.19065231,-0.3159333,-0.2425086,-0.011942239,0.5400374,-0.5300369,0.28020048,0.20761214,0.5987698,0.14718744,-0.17231499
139,2683,-0.19361065,0.2124456,-0.66973376,0.42423654,0.056092724,0.25822037,0.41919005,-0.11298587,0.3747741,-0.2884477,0.15416045,0.42216408,-0.62542564,-0.12913145,-0.28253347,0.2210204
139,2685,-0.14649273,0.28951025,0.30890435,0.080916986,0.3524903,0.14705765,0.6096859,0.30921894,-0.51726896,0.29579782,0.29291764,0.12166976,0.78448653,-0.63278127,0.091687396,-0.18878348
139,2686,0.0037199445,0.27546114,0.5976317,0.27129486,0.01983966,-0.101816654,-0.35566288,-0.015776485,-0.119137846,-0.632615,0.41950786,-0.68573666,-0.4813304,-0.412597,0.23955199,0.5097922
139,2696,-0.26321572,0.18712796,0.66967964,0.13783899,0.42861742,0.227464,0.29081368,0.06732337,-0.45974308,0.10013324,0.11536232,0.19501337,0.64800256,-0.71189046,0.02087804,-0.18595697
139,2708,0.34047568,-0.53052574,0.44567406,-0.350136,-0.22571388,-0.09742576,0.07771553,-0.74178374,0.1961077,0.12098546,-0.54384893,0.5072049,-0.4326546,0.21115384,-0.3216926,0.15752375
139,2713,-0.09295893,0.29219133,0.17688715,0.04404135,0.3006308,0.1410999,0.68885493,0.37091172,-0.50142026,0.36160916,0.3539226,0.090650894,0.76081073,-0.54515433,0.14611436,-0.1661988
139,2731,0.36634684,0.11593531,-0.48110446,-0.37469432,-0.19411454,0.3292332,0.7549167,0.55806553,-0.20341353,0.7095803,0.7814882,-0.30351496,0.050687566,0.31282634,0.749187,0.19711313
139,2736,-0.023272716,-0.019729838,-0.7088932,0.1644561,-0.24597934,-0.55028236,-0.10529417,0.51434016,0.023072254,-0.64995986,-0.2577724,0.036505215,0.40076554,0.32413745,-0.35573336,-0.36193466
139,2749,0.019282905,0.23889337,0.5704666,0.25094944,-0.0020438433,-0.096362084,-0.34612602,-0.02012524,-0.09811379,-0.6218649,0.40207875,-0.6630992,-0.5076213,-0.3583842,0.24473283,0.52079415
139,2750,0.33451897,0.16548885,-0.45306274,-0.35602129,-0.139015,0.29898494,0.82834727,0.596396,-0.26904032,0.7453874,0.7679434,-0.2672495,0.20337181,0.20983079,0.70573235,0.13181573
139,2752,-0.14493848,0.29486907,0.30241543,0.07141307,0.35710895,0.15218337,0.6351791,0.32761168,-0.5283003,0.32037878,0.29969412,0.12518963,0.8098911,-0.63717556,0.102544956,-0.19968034
139,2759,0.4935482,0.56229883,-0.8541853,-0.8516286,-0.16424976,-0.21699966,-0.43305993,-0.13128196,0.41061327,1.7571498,0.30005118,-1.0343462,-0.14666693,0.49351257,0.4382852,-0.20720403
139,2764,0.3289919,-0.0031825453,0.23704699,-0.045665346,-0.14079633,-0.16652052,0.30298483,-0.52085036,0.15080072,-0.15013883,-0.036054164,0.118419565,-0.6632108,-0.24121715,-0.21491584,0.41880476
139,2772,-0.22122355,0.26492977,0.5287313,0.10709852,0.42858326,0.14538698,0.48451024,0.21292494,-0.5509621,0.24498023,0.16381055,0.18793382,0.87389386,-0.7469671,0.005916707,-0.2576086
139,2780,-1.0546728,0.6468893,-0.79683733,0.83876485,0.713487,1.2066902,-0.3196588,-0.25029236,0.8859259,0.38922727,0.5005779,0.47510582,-0.7834365,-0.25764436,-0.1661695,-0.050575122
139,2788,0.22589557,-0.49120694,0.36624926,-0.4203494,-0.08039121,-0.14440788,-0.010083064,-0.17452583,-0.21082526,0.6731205,-0.59710515,0.35393286,0.67410636,0.31844386,-0.103064574,-0.32845682
139,2794,-0.09185153,-0.60134274,0.70846254,-0.1752646,0.013238318,0.611868,-0.40434247,-0.35570365,0.12829106,-0.10633081,-0.19703767,0.25564456,-0.52227813,0.33351946,0.35954764,0.21334964
139,2799,0.019725544,-0.12815887,0.5478548,0.07972457,-0.034641013,0.18720537,-0.30688387,-0.1634281,0.03136166,-0.42746657,0.16216284,-0.24642467,-0.5918911,-0.008085504,0.280357,0.4559461
139,2805,0.16604324,0.22181137,0.15967672,0.18800396,-0.19142097,-0.4774127,-0.22537544,0.100400165,-0.04924545,-0.64869726,0.3278396,-0.68074465,-0.3858413,-0.11250244,0.074720904,0.46605492
139,2809,-0.07183337,-0.6719871,0.58144,-0.23860678,-0.03316419,0.6549944,-0.35762683,-0.33149737,0.17734273,-0.029125042,-0.19930995,0.3024476,-0.56691384,0.48119265,0.39950788,0.21793722
139,2813,0.24076475,0.29699075,-0.29841438,0.11560463,-0.06946091,-0.33466727,0.5610819,-0.6389722,0.2914164,-0.2518986,-0.21935374,0.27497232,-0.54859287,-0.52912277,-0.84192556,0.12875538
139,2815,0.36675447,0.10610895,-0.47262165,-0.37079325,-0.20052806,0.33365342,0.725853,0.5393464,-0.18914527,0.68857044,0.77750677,-0.30927077,0.015651628,0.32407868,0.7485741,0.21104348
139,2818,0.048813283,-0.64590603,0.8371616,-0.25121525,-0.062469274,0.22546002,-0.3764326,-0.54749805,0.08161018,-0.08577274,-0.5047784,0.3617378,-0.2917716,0.2620225,-0.011770293,0.08920802
139,2840,-0.015966356,0.08713569,-0.52808374,0.21453553,-0.2526868,-0.53413254,-0.17823914,0.4946431,0.021463718,-0.6743704,0.0017146543,-0.2227041,0.14901839,0.26787505,-0.12334522,-0.06548117
139,2849,0.79698133,0.102418765,-0.060904525,-0.32225847,-0.33949527,-0.81156576,0.96850425,-1.062342,0.26743242,0.2948112,-0.43493468,0.5226914,-0.60264,-0.48456246,-0.9615081,0.29021928
139,2850,0.13802564,0.22420345,0.39879173,0.2063781,-0.119792715,-0.33427018,-0.29322225,-0.0066560656,-0.073437735,-0.62331784,0.36112902,-0.73632586,-0.48782676,-0.24439402,0.13960117,0.54413074
139,2858,0.24426225,0.28316158,0.22014886,0.12975775,-0.21176183,-0.7490148,-0.32611305,0.113750145,-0.13623884,-0.68905854,0.2054313,-0.81215,-0.14198333,-0.18396921,-0.061568983,0.31563997
139,2861,0.053189088,-0.19209722,0.49676338,0.033507925,-0.050306506,0.22394842,-0.19901147,-0.23833126,0.08574142,-0.35777137,0.0913405,-0.08566306,-0.651112,0.034202516,0.2356422,0.44936377
139,2867,-0.13750972,0.027416348,-0.62253904,0.3052176,-0.1918941,-0.23418538,-0.08240544,0.51356906,0.09428385,-0.6313972,0.104894504,-0.04731455,-0.0204117,0.33368218,0.010481682,0.027330399
139,2878,0.51453036,-0.254576,-0.13825572,-0.72585887,-0.2752878,-0.3726374,-0.18804349,-0.24406776,0.01838243,1.2303588,-0.4817745,-0.115615316,0.47235298,0.6101948,-0.0400678,-0.32798195
139,2881,0.28503644,-0.6086637,0.5108699,-0.351433,-0.21033396,-0.018475965,-0.028856479,-0.7033817,0.18479194,0.09483254,-0.5658576,0.5081553,-0.40084058,0.29026794,-0.25215474,0.13493589
139,2888,0.31395054,0.19411607,-0.43051383,-0.34548655,-0.104189456,0.28284186,0.869579,0.6177743,-0.30923098,0.7668216,0.75754684,-0.24433924,0.29632646,0.1459735,0.67983145,0.09127095
139,2897,-0.3596924,-0.14471853,-1.1765485,0.31449246,-0.1133993,-0.22659592,-0.21640378,0.81704485,0.14553647,-0.5590817,-0.4391474,0.46708408,0.6708381,0.63649774,-0.43187407,-0.7312444
139,2904,-0.14508086,0.018128633,-0.7595946,0.2708776,-0.22864018,-0.40725756,-0.19879664,0.69311017,0.038554274,-0.6800606,-0.048364446,-0.05629712,0.299753,0.425771,-0.107802145,-0.22528364
139,2914,-0.16770576,-0.6070841,0.75085545,-0.15017891,0.090635225,0.7071424,-0.404419,-0.29489034,0.07216565,-0.046056964,-0.21397543,0.29339662,-0.36803377,0.2820856,0.41168767,0.11393688
139,2918,-0.001062844,0.0209357,0.6191255,0.14876091,0.004953563,0.099821016,-0.3411821,-0.1266507,-0.03185385,-0.50516105,0.2456548,-0.39882016,-0.54377145,-0.18431686,0.26615226,0.46417007
139,2928,0.09138838,0.100548044,-0.39561102,0.12118088,-0.2881366,-0.7270216,-0.25381312,0.41618615,-0.039673805,-0.6549909,-0.09508707,-0.33359993,0.26684284,0.21193518,-0.23139217,-0.12935524
139,2939,-0.28048474,-0.0064236373,-0.774408,0.42107773,-0.118242815,0.057997223,0.032645166,0.5360514,0.19996901,-0.59521395,0.19785772,0.16256835,-0.20690389,0.38108444,0.10686934,0.11344267
139,2956,0.3216244,0.18974368,0.0901548,0.025618263,-0.22787072,-0.77762264,-0.07662536,-0.14205423,-0.046981093,-0.55698365,-0.09256759,-0.4487241,-0.10484742,-0.24215753,-0.40519246,0.15157247
139,2961,-0.9547503,0.4026587,-0.8678879,0.75943077,0.55489075,1.0093098,-0.28649288,0.035742626,0.72684324,0.16183518,0.3454781,0.54056823,-0.5398097,-0.008234814,-0.08906325,-0.10948993
139,2962,0.0033995844,-0.21733224,0.5250036,0.0518636,-0.034274645,0.29598576,-0.28225148,-0.18246211,0.07329228,-0.3848967,0.12471302,-0.12272034,-0.64688987,0.084433354,0.31620607,0.4556681
139,2966,0.13474344,0.22872965,0.4584323,0.19917718,-0.10346059,-0.3281712,-0.3235014,-0.026559584,-0.09304475,-0.611496,0.34770834,-0.7490428,-0.4505016,-0.27768672,0.13649952,0.5187264
139,2968,0.095124215,-0.009486288,-0.43412134,0.07264696,-0.2987569,-0.6953941,-0.2320627,0.36189586,-0.02756013,-0.58338195,-0.23473439,-0.17820732,0.3321848,0.29043505,-0.3295434,-0.21332084
139,2985,-0.3043965,-0.013558641,-0.7752332,0.43932733,-0.0954992,0.12919751,0.050572917,0.5172375,0.21811147,-0.57062495,0.22117521,0.1996468,-0.2539274,0.37790078,0.13031986,0.13882142
139,3008,0.0071869455,-0.5661641,0.8455265,-0.19303009,-0.018465951,0.2666542,-0.39812154,-0.49373424,0.053903397,-0.122635484,-0.41442207,0.28275314,-0.29062673,0.1860348,0.04413254,0.10830451
139,3009,0.12206401,0.18297826,0.4708047,0.18410125,-0.09806105,-0.25684243,-0.32136616,-0.043534912,-0.07507832,-0.5903777,0.32999247,-0.6911449,-0.4795824,-0.24188562,0.16198155,0.51926047
139,3016,0.3180163,0.5922863,-0.8177838,-0.7062782,-0.055765823,0.014340259,-0.47387004,-0.07802673,0.4525876,1.5398415,0.44695303,-1.0287113,-0.32716227,0.3991639,0.5780929,-0.13543628
139,3019,0.093053624,0.15404432,0.10635893,0.24264485,-0.15714905,-0.227179,-0.14663455,0.08396603,0.015905552,-0.6084414,0.40021342,-0.5448229,-0.57189184,-0.06105861,0.17963642,0.57183117
139,3025,-0.023553304,-0.5409993,0.8786137,-0.17081073,0.01081302,0.31382596,-0.42302907,-0.474508,0.044360895,-0.14180525,-0.37724116,0.2529526,-0.30452552,0.15041308,0.089418784,0.11858177
139,3026,-0.078831464,-0.6516938,0.62532777,-0.2163648,-0.017318472,0.64553696,-0.37476403,-0.3408648,0.16216096,-0.057027936,-0.19797203,0.28902444,-0.55673504,0.43344796,0.38873845,0.21881199
139,3057,0.51453036,-0.254576,-0.13825569,-0.72585887,-0.2752878,-0.3726374,-0.18804349,-0.24406776,0.018382426,1.2303588,-0.48177445,-0.115615316,0.47235298,0.6101948,-0.0400678,-0.32798195
139,3075,-0.0007482283,-0.11337078,-0.74214584,0.123695776,-0.18827176,-0.4108892,0.11619948,0.25961047,0.099544585,-0.5326115,-0.44318396,0.34428278,0.3351112,0.24527927,-0.5839229,-0.4396339
139,3088,0.2837016,0.39008045,-0.6513,-0.65375096,-0.06801845,0.06590873,-0.44217122,-0.09523676,0.3969987,1.3566724,0.31962776,-0.82426685,-0.28565663,0.44285405,0.53294677,-0.12115781
139,3105,-0.1608281,-0.57979107,0.7434127,-0.13696167,0.097703904,0.68996084,-0.39831406,-0.27410972,0.0505663,-0.03541646,-0.1991851,0.2666228,-0.3240358,0.25383306,0.40964597,0.099405155
139,3106,0.04690784,-0.7943016,0.5030372,-0.35871294,-0.10084624,0.5128239,-0.34013712,-0.2708975,0.08735431,0.25407392,-0.39333716,0.35235396,-0.17823775,0.64777106,0.34351674,0.017242447
139,3117,0.09528638,0.15980984,0.10921293,0.24480355,-0.15923625,-0.2339582,-0.14753915,0.0865702,0.016838675,-0.61883366,0.4055926,-0.5567367,-0.5833037,-0.06611991,0.18192948,0.58172476
139,3126,0.5275539,0.194158,-0.58268476,-0.82196164,-0.23637758,-0.29401475,-0.33058488,-0.17756692,0.2598371,1.5547258,-0.03866738,-0.65079474,0.09278633,0.5892179,0.25070816,-0.24943833
139,3135,0.36527985,0.019242018,0.21583486,-0.058809824,-0.15264681,-0.21780445,0.36102527,-0.559148,0.15925312,-0.12781557,-0.054944634,0.13943347,-0.66928166,-0.2775393,-0.26984194,0.418206
139,3143,-0.0663493,0.2911393,0.11986205,0.002844952,0.2863352,0.1390901,0.75816834,0.4261408,-0.5195215,0.4464724,0.3685169,0.093436,0.8220477,-0.5097974,0.17835593,-0.19148271
139,3157,-0.06780559,-0.69268835,0.4795949,-0.25851956,-0.05185536,0.6801089,-0.3180083,-0.28031555,0.18749905,0.03170894,-0.18198195,0.3127332,-0.5457471,0.5581317,0.4364928,0.1996462
139,3162,0.18567918,0.2402033,-0.25229385,-0.22712034,0.04248616,0.18469623,0.8849668,0.5808884,-0.423371,0.69929814,0.5926425,-0.099531405,0.60293114,-0.105610505,0.46452513,-0.05742453
139,3171,-0.13816565,-0.6128132,0.7037705,-0.17486379,0.07238434,0.6941463,-0.3869471,-0.25611523,0.06007594,0.016839325,-0.21117672,0.27407527,-0.31175974,0.32142264,0.43155017,0.08759652
139,3172,0.26116312,0.2547018,-0.20900178,0.088319436,-0.1065848,-0.41529864,0.43450862,-0.5446608,0.22164385,-0.3073271,-0.1988123,0.1421155,-0.46125638,-0.45968187,-0.74413455,0.13651149
139,3175,0.28613144,0.2533446,0.21744406,0.07550444,-0.23584716,-0.8451118,-0.33891547,0.07894117,-0.15139271,-0.66362435,0.09584671,-0.78543955,-0.03464368,-0.16922759,-0.15972215,0.23095591
139,3212,0.06630529,0.16277324,0.50332206,0.20131531,-0.0584254,-0.12097497,-0.32323527,-0.03513901,-0.0583354,-0.5927991,0.35294124,-0.6240881,-0.54056597,-0.24156453,0.23192915,0.5340567
139,3216,0.89018905,0.2588696,-0.1786165,-0.30050758,-0.35802037,-0.9747535,1.1533393,-1.1157347,0.26996136,0.32786202,-0.39678165,0.5040896,-0.61486274,-0.64925915,-1.1021365,0.3137737
139,3218,0.10381315,-0.72585833,0.7393496,-0.3112375,-0.12663917,0.20361614,-0.3188113,-0.5877558,0.13472721,-0.023346432,-0.5553532,0.44488642,-0.3431054,0.38836172,-0.04121601,0.10100812
139,3220,0.056161977,-0.8009099,0.5117181,-0.36652884,-0.10269566,0.47866154,-0.34267995,-0.28059256,0.074855626,0.27144313,-0.42756855,0.36411124,-0.13418558,0.64442074,0.3115109,-0.004615307
139,3224,-1.0383394,0.58167017,-0.8278808,0.8241576,0.67392004,1.1575744,-0.31627113,-0.16115156,0.8442842,0.32714212,0.4630026,0.49311706,-0.71743387,-0.18425642,-0.13828185,-0.06638159
139,3229,-0.084497154,0.29926658,-0.6356951,0.36761552,0.066496536,0.1757136,0.6014488,-0.3860276,0.42445728,-0.21311778,0.040000882,0.51160496,-0.7175144,-0.34825152,-0.5447905,0.20171867
139,3251,0.2914605,0.21401311,0.19210574,0.051941723,-0.24685909,-0.8367597,-0.32287318,0.056922823,-0.13974102,-0.6301332,0.04803576,-0.7238255,-0.012539148,-0.13312171,-0.19231227,0.19951744
139,3257,0.33451897,0.16548888,-0.4530628,-0.35602126,-0.139015,0.29898494,0.82834727,0.596396,-0.26904035,0.7453874,0.7679434,-0.2672495,0.20337178,0.20983079,0.7057323,0.13181573
139,3258,0.09222575,0.13688754,0.42788327,0.18794554,-0.090563275,-0.13770285,-0.29153094,-0.028862149,-0.037906732,-0.5752356,0.348557,-0.60710514,-0.5546634,-0.17773907,0.22416162,0.5429312
139,3259,0.25002554,0.2623278,-0.25087565,0.097998664,-0.08773862,-0.3597464,0.50239927,-0.5984575,0.25826696,-0.2700196,-0.21252576,0.224555,-0.5081242,-0.48646742,-0.7883765,0.13315944
139,3260,0.009684831,-0.8002842,0.5403525,-0.3499683,-0.075764775,0.6098055,-0.35605544,-0.26204962,0.10657404,0.22123562,-0.35262737,0.34673285,-0.25508928,0.6379441,0.4166029,0.044624582
139,3283,-0.21520917,0.24378066,0.5191484,0.10315981,0.41347897,0.16465512,0.46390414,0.20189916,-0.5271392,0.23059802,0.16719432,0.18216193,0.81910837,-0.711229,0.024834376,-0.2354583
139,3295,-0.13816564,-0.6128132,0.7037705,-0.17486379,0.07238434,0.6941463,-0.3869471,-0.25611523,0.06007594,0.016839325,-0.21117672,0.2740753,-0.31175977,0.32142267,0.43155017,0.087596506
139,3307,-0.9547503,0.4026587,-0.8678879,0.75943077,0.55489075,1.0093098,-0.28649288,0.035742626,0.72684324,0.16183518,0.3454781,0.5405683,-0.5398097,-0.008234814,-0.089063264,-0.1094899
139,3311,0.10639257,0.09041397,-0.39597103,0.102228254,-0.29819372,-0.765737,-0.26436815,0.4107678,-0.04797459,-0.6514774,-0.13589433,-0.32970715,0.30724174,0.21903147,-0.26916072,-0.16198264
139,3315,-0.21084522,0.22998647,0.51325315,0.095799744,0.4058708,0.17598762,0.45793265,0.20098846,-0.5179212,0.23295905,0.16590865,0.18216908,0.8010708,-0.68988234,0.037252896,-0.22937448
139,3323,0.23209053,0.27194768,0.20623355,0.13937815,-0.21181992,-0.7010623,-0.30406272,0.1109059,-0.11705651,-0.6836207,0.22980914,-0.7883321,-0.19487244,-0.16841929,-0.036883257,0.34833568
139,3330,-0.22398023,0.16922785,0.5684467,0.09937341,0.39245886,0.24121478,0.35558492,0.13004993,-0.45507848,0.16308437,0.14661297,0.18331085,0.6499973,-0.63501006,0.071579665,-0.17877658
139,3331,0.30441648,0.21488161,0.16321547,0.044380203,-0.24092576,-0.8298485,-0.243494,-0.006737083,-0.112016514,-0.6143965,0.0042850226,-0.64549357,-0.04235202,-0.17900597,-0.26442772,0.18525214
139,3333,-0.06387909,-0.6524369,0.5261666,-0.22934833,-0.043309342,0.6340973,-0.33413786,-0.3114192,0.1767276,-0.022774696,-0.17731589,0.28962314,-0.5581143,0.4891973,0.39149377,0.22020382
139,3337,-0.06555321,0.27992105,0.12396955,0.0063825026,0.27923372,0.13850746,0.7338831,0.4101277,-0.5071269,0.42922843,0.36007702,0.091546796,0.7965487,-0.4965484,0.17370477,-0.18180247
139,3338,0.13294464,0.22399645,0.5038477,0.19264095,-0.09915471,-0.3133605,-0.3411966,-0.036579937,-0.09096675,-0.62756664,0.3447774,-0.75954854,-0.47585845,-0.28962487,0.1534136,0.53284836
139,3344,0.4555589,-0.35939696,0.30142045,-0.34040225,-0.25683618,-0.2678846,0.30834168,-0.81703705,0.21873476,0.16887818,-0.49297178,0.50226057,-0.49693638,0.038464174,-0.4700354,0.20482185
139,3350,0.09138838,0.100548014,-0.39561102,0.12118088,-0.2881366,-0.7270216,-0.25381312,0.4161862,-0.0396738,-0.6549909,-0.09508707,-0.33359993,0.26684284,0.21193518,-0.23139217,-0.12935524
139,3363,-0.058470562,-0.7099577,0.6174987,-0.2657476,-0.0069420263,0.64235175,-0.3698212,-0.2638024,0.08449309,0.12152089,-0.28737274,0.31326923,-0.281923,0.4859239,0.41586527,0.065976664
139,3370,-0.1559816,-0.5765047,0.71656,-0.13342679,0.08018476,0.65705776,-0.38757503,-0.29398915,0.06709589,-0.057050183,-0.19969314,0.2789097,-0.35608637,0.2683833,0.376219,0.119391
139,3394,0.8668171,0.34436792,-0.1549618,-0.2310569,-0.32289687,-0.9590889,1.1577715,-1.0633316,0.24883313,0.23703794,-0.3053853,0.41941437,-0.65050405,-0.7536852,-1.057989,0.35775813
139,3410,-0.2681651,0.1892293,0.6860522,0.14139634,0.43482608,0.21860272,0.28263223,0.059467927,-0.46532926,0.097308144,0.10352927,0.2000034,0.66332585,-0.7251513,0.007090669,-0.19436274
139,3429,-0.22158073,-0.022086233,-0.70888734,0.36621127,-0.15111652,-0.031808063,0.0012509376,0.5103692,0.16005756,-0.5943182,0.15047958,0.10799815,-0.14341414,0.38318783,0.07303172,0.08504109
139,3432,0.055154532,-0.80296016,0.6052973,-0.37019858,-0.06702829,0.3864383,-0.36167887,-0.31502545,0.012001173,0.31021786,-0.54559755,0.40981957,0.041441098,0.56381,0.20357832,-0.09617926
139,3437,0.010041662,0.290681,-0.0048017055,-0.06545638,0.22160974,0.09411634,0.8290658,0.49294627,-0.5260752,0.55986,0.40173134,0.056821335,0.86947453,-0.41315752,0.21314758,-0.19987158
139,3440,0.055154532,-0.8029601,0.6052974,-0.37019858,-0.06702829,0.3864383,-0.36167887,-0.31502545,0.012001172,0.31021786,-0.54559755,0.40981957,0.041441128,0.56381,0.20357832,-0.09617923
139,3451,0.44556022,0.80965704,-1.0045979,-0.8212424,-0.09637418,-0.16775252,-0.49528545,-0.105550885,0.48511627,1.8211821,0.51103616,-1.2610346,-0.28695837,0.37613735,0.53010476,-0.18100847
139,3458,0.22589558,-0.491207,0.36624926,-0.4203494,-0.08039121,-0.14440785,-0.010083079,-0.17452583,-0.21082526,0.6731204,-0.59710515,0.35393286,0.67410636,0.31844383,-0.103064574,-0.32845682
139,3471,0.313442,-0.5792523,0.48873025,-0.35649976,-0.21869263,-0.058498025,0.01915583,-0.72863925,0.19070931,0.110176355,-0.56761295,0.51473457,-0.4127478,0.25480136,-0.29042733,0.14168124
139,3478,-0.32368875,0.04871407,-0.7767763,0.48261878,-0.029891647,0.241899,0.15676169,0.3882538,0.27754578,-0.50599664,0.26472294,0.27794674,-0.40585893,0.25308686,0.08930918,0.20443028
139,3488,-0.112241164,0.30292463,0.21414515,0.058838077,0.32233015,0.14931826,0.6800955,0.36058378,-0.5103339,0.34171474,0.35035157,0.0971953,0.7676758,-0.58456445,0.13669986,-0.170563
139,3497,0.034158926,0.09225942,-0.4656516,0.1704299,-0.26906812,-0.62309474,-0.21337679,0.4568267,-0.006928825,-0.66426575,-0.044645593,-0.27280396,0.20411615,0.24234731,-0.1743232,-0.09585552
139,3498,-0.08489747,0.051687106,-0.5829995,0.26476327,-0.21945913,-0.36333483,-0.12435497,0.50505996,0.06330844,-0.649413,0.05815196,-0.12189601,0.0533856,0.30739346,-0.04898963,-0.013556391
139,3509,0.4016106,0.7970696,-0.9785098,-0.78053916,-0.07198857,-0.12421073,-0.49964637,-0.098087035,0.4869875,1.7560736,0.5226769,-1.2332429,-0.31043103,0.35514808,0.54514503,-0.16873758
139,3519,-0.11853953,-0.031689808,-0.7161648,0.23496029,-0.2343612,-0.38962042,-0.17363068,0.60200053,0.04719438,-0.63069445,-0.10099971,0.00083990674,0.27355736,0.43037426,-0.15184495,-0.21452118
139,3523,-0.1966036,-0.0029410422,-0.70094043,0.3502862,-0.17087588,-0.11119254,-0.023290426,0.5317743,0.13882177,-0.6231043,0.1342974,0.05535679,-0.09446788,0.37538266,0.051859513,0.05963564
139,3526,-0.1509483,0.28873056,0.324274,0.08581022,0.35637572,0.13625236,0.59538776,0.29864126,-0.5205329,0.28836507,0.27807274,0.12594384,0.79609716,-0.64238876,0.07486699,-0.19534744
139,3540,0.2774998,0.26190442,0.23056987,0.08678302,-0.22539411,-0.82594764,-0.34387338,0.08316296,-0.15461773,-0.6662316,0.117529616,-0.79754627,-0.047308728,-0.18034337,-0.13869074,0.24408509
139,3541,-0.87733907,0.2832433,-0.929373,0.69699126,0.45106506,0.8491035,-0.26643318,0.19148119,0.63273907,0.035501912,0.22412945,0.5639086,-0.3480804,0.12680773,-0.10527729,-0.20416395
139,3543,0.124670126,0.21407102,0.30858335,0.22066951,-0.12809707,-0.3087523,-0.25272653,0.028782204,-0.051808115,-0.61785865,0.38394248,-0.6915161,-0.5069682,-0.1922505,0.15595403,0.5517497
139,3545,-0.13816565,-0.6128132,0.7037705,-0.17486379,0.07238436,0.6941462,-0.3869471,-0.25611523,0.06007594,0.016839325,-0.21117672,0.27407527,-0.31175974,0.32142264,0.43155017,0.087596506
139,3551,0.0005615875,-0.04805188,-0.56166804,0.13483194,-0.27102643,-0.53813225,-0.19286093,0.4434386,0.01304926,-0.5835336,-0.20103997,-0.057529893,0.30052066,0.36857063,-0.26764488,-0.2179103
139,3557,-0.16142707,-0.58842635,0.75186926,-0.14146948,0.09656367,0.6915005,-0.40351748,-0.28242952,0.0531466,-0.036446057,-0.20793995,0.27353132,-0.3273589,0.25880522,0.40663332,0.099628694
139,3559,-0.20116533,0.185959,0.5059835,0.079734385,0.38317502,0.20920995,0.42345428,0.18533136,-0.4845256,0.22491972,0.15710215,0.18161447,0.7327378,-0.6273531,0.0684259,-0.20596753
139,3581,0.78999895,0.29343337,-0.09252807,-0.2024861,-0.29486963,-0.85299605,1.0385798,-0.9877894,0.23268308,0.17370613,-0.27374795,0.37851366,-0.64276606,-0.68838114,-0.94533914,0.35995334
139,3591,0.09740566,0.18388952,0.14899458,0.2537538,-0.15123886,-0.23536785,-0.16740768,0.087784454,0.008018993,-0.63828117,0.42916346,-0.60491586,-0.6090208,-0.09871288,0.20142922,0.605587
139,3594,0.056320295,-0.7293883,0.66803515,-0.3315407,-0.006262444,0.19335073,-0.3507812,-0.30280823,-0.12042845,0.380647,-0.67969424,0.4350369,0.37686372,0.39336205,0.023159072,-0.24688308
139,3596,-0.14502487,0.2880615,-0.68015647,0.41072872,0.07391469,0.2302523,0.54795504,-0.28133947,0.42464852,-0.2379491,0.09889069,0.49640098,-0.7080913,-0.27576858,-0.44902232,0.21495281
139,3602,0.045856506,0.18157397,0.5343847,0.21556088,-0.035416618,-0.10045022,-0.33407563,-0.03429675,-0.07089797,-0.59855986,0.36378828,-0.626639,-0.5291267,-0.27924323,0.23881328,0.5259423
139,3607,-0.15774988,-0.03065236,0.6622769,-0.0053061694,0.31652585,0.11809325,0.16726477,-0.02499199,-0.41414103,0.24952374,-0.15840647,0.28916982,0.7292164,-0.45859772,-0.053924367,-0.27384
139,3626,-0.10483183,-0.5061612,0.8214846,-0.113941915,0.056510523,0.5124346,-0.43793684,-0.37474316,0.06229976,-0.16930225,-0.20748469,0.19622166,-0.4199772,0.16721806,0.27920267,0.18324363
139,3634,-0.1582513,0.29000014,0.34800068,0.09287654,0.36388412,0.120405816,0.5775977,0.28463614,-0.52736294,0.27960676,0.25756592,0.1326439,0.81708074,-0.66001606,0.05050242,-0.20667885
139,3636,0.118327536,-0.825498,0.5913047,-0.42083737,-0.08033034,0.20266853,-0.34730715,-0.29989958,-0.08357652,0.4770745,-0.723442,0.45885178,0.35378277,0.56511015,0.06474574,-0.2458017
139,3640,0.2042166,0.25345302,0.20564951,0.1590898,-0.19663243,-0.602181,-0.28033736,0.10080454,-0.09467415,-0.6627224,0.27386978,-0.75118273,-0.27088422,-0.15334173,0.015145984,0.39631325
139,3647,0.074717045,-0.01723741,-0.4614373,0.086263925,-0.29263616,-0.6617668,-0.22400634,0.38006818,-0.019059613,-0.5837281,-0.22694722,-0.15310343,0.32553893,0.30700088,-0.31572995,-0.21437378
139,3653,-0.2520926,0.1928596,0.62811714,0.11701922,0.42763996,0.2464565,0.35158384,0.116567984,-0.47449803,0.14770223,0.14222845,0.19473451,0.67804,-0.70092344,0.05619822,-0.19448142
139,3654,0.6094366,0.1842566,0.06713453,-0.13711458,-0.22775361,-0.579691,0.7523785,-0.8088162,0.20381708,0.020899877,-0.17731312,0.2687464,-0.6772529,-0.5375009,-0.64886326,0.39795712
139,3658,0.062173657,-0.7703159,0.64021003,-0.35713416,-0.037136156,0.26984146,-0.35557938,-0.31116647,-0.06517411,0.36276793,-0.63571537,0.43018806,0.24406983,0.47722894,0.0959064,-0.18844907
139,3664,0.4016106,0.7970696,-0.9785099,-0.78053916,-0.07198857,-0.12421073,-0.49964637,-0.098087035,0.4869875,1.7560736,0.5226769,-1.2332429,-0.31043103,0.35514808,0.54514503,-0.16873758
139,3671,0.09740566,0.18388952,0.1489946,0.2537538,-0.15123886,-0.23536785,-0.16740768,0.087784454,0.008018993,-0.63828117,0.42916346,-0.6049158,-0.60902077,-0.09871288,0.20142922,0.605587
139,3676,0.30161732,0.24907582,0.19552362,0.061048742,-0.2556144,-0.88696766,-0.331505,0.07883762,-0.14590427,-0.67197835,0.06850491,-0.78005797,-0.0213833,-0.15721123,-0.19180366,0.2173482
139,3684,-0.24212436,0.17554526,0.6134783,0.12850322,0.4012416,0.23923634,0.3039868,0.08286716,-0.43793684,0.10315266,0.14171204,0.1781383,0.59727645,-0.6610034,0.050051436,-0.1583079
139,3690,0.21552908,0.2998597,-0.34724948,0.1331924,-0.035435434,-0.23242508,0.64527124,-0.7103475,0.338342,-0.19128424,-0.22944966,0.39159748,-0.61196023,-0.55949974,-0.88359785,0.12531066
139,3705,-0.19988982,0.19127898,0.49950743,0.08146924,0.38281322,0.2058095,0.42988557,0.1892501,-0.48614463,0.2253833,0.16244051,0.17903516,0.7347016,-0.6300615,0.06755317,-0.20501469
139,3706,-0.070764124,0.05288638,-0.5551991,0.25302887,-0.22143579,-0.37661475,-0.13346021,0.48855788,0.05442278,-0.6419596,0.0553282,-0.13947615,0.058253214,0.29679158,-0.052767254,-0.011906356
139,3709,0.056320295,-0.72938824,0.6680352,-0.3315407,-0.0062624514,0.19335073,-0.3507812,-0.30280823,-0.12042845,0.380647,-0.67969424,0.4350369,0.37686372,0.39336205,0.023159072,-0.24688308
139,3747,0.087867826,0.15447031,0.08962253,0.24433315,-0.15784568,-0.23125981,-0.143131,0.09376232,0.015347738,-0.6074686,0.3975445,-0.53491,-0.5522336,-0.054163292,0.17603856,0.5576999
139,3757,0.28704652,0.23173805,-0.402209,-0.33380783,-0.05794535,0.26815802,0.9281437,0.6491509,-0.36163038,0.7978726,0.7486581,-0.21481712,0.4150015,0.063292496,0.6530685,0.03949158
139,3762,-0.29909384,0.0906003,-0.75762635,0.4747909,-0.0022380352,0.2630852,0.22890358,0.25956655,0.3078872,-0.4460107,0.24024665,0.32607347,-0.47035256,0.15712306,-0.0029802993,0.21025735
139,3768,0.4016106,0.7970696,-0.9785098,-0.78053916,-0.07198857,-0.12421073,-0.49964637,-0.09808703,0.4869875,1.7560736,0.5226769,-1.2332429,-0.31043103,0.35514808,0.54514503,-0.16873758
139,3771,-0.13421562,-0.1971589,-0.9591845,0.15959354,-0.23957399,-0.48077905,-0.22202536,0.73397404,0.0090909,-0.5847007,-0.49999797,0.28448814,0.7536415,0.62583125,-0.4638599,-0.70565104
139,3777,-0.16480461,0.29956096,0.3611073,0.09266963,0.37666553,0.11720244,0.59020984,0.29204988,-0.54299724,0.29125494,0.25363892,0.13973589,0.8519449,-0.6831283,0.044401333,-0.2224782
139,3778,0.19393833,0.26333237,0.19110526,0.17583394,-0.19726811,-0.5852839,-0.26851648,0.11623563,-0.08450182,-0.68070716,0.3044199,-0.7580437,-0.30918583,-0.1533524,0.03778812,0.42594233
139,3792,-0.29909384,0.0906003,-0.75762635,0.4747909,-0.0022380352,0.2630852,0.22890358,0.25956655,0.3078872,-0.44601065,0.24024665,0.3260735,-0.47035256,0.15712306,-0.0029802993,0.21025735
139,3800,-0.16410044,-0.5928871,0.7567524,-0.14249212,0.09657447,0.69627446,-0.4060533,-0.28694147,0.0568883,-0.040985122,-0.21015307,0.27831239,-0.33684057,0.2612701,0.4076345,0.102891676
139,3809,-0.20102078,0.1641001,0.5169388,0.08677102,0.3693213,0.21896163,0.37456757,0.15047474,-0.4539584,0.18695934,0.14917314,0.1754341,0.66328734,-0.5992148,0.070133366,-0.17941393
139,3824,0.08106217,-0.0063672364,-0.46844497,0.084421515,-0.29980367,-0.6938203,-0.2293927,0.39123863,-0.022416174,-0.5983743,-0.23296925,-0.16927816,0.3406464,0.30320472,-0.32701024,-0.22331114
139,3836,-0.103691384,0.3004555,0.1941514,0.053185795,0.31271303,0.15017736,0.688014,0.36741585,-0.50483644,0.3489573,0.35896719,0.0919792,0.75724006,-0.5672223,0.14618462,-0.16451897
139,3844,0.25626212,0.28351152,0.22477403,0.116941154,-0.21560004,-0.78579867,-0.33784896,0.11035858,-0.14731726,-0.6875043,0.17727429,-0.8182501,-0.10042052,-0.18805374,-0.08810813,0.28694242
139,3848,-0.30206817,-0.0071489364,-0.78815806,0.4388579,-0.10254674,0.1053308,0.04612477,0.5330446,0.21550876,-0.5845596,0.21565858,0.18964677,-0.23801619,0.3802346,0.12240982,0.12857252
139,3850,-0.103092745,-0.43337578,0.8635818,-0.08429059,0.073352545,0.43661815,-0.4458142,-0.3790788,0.027392376,-0.1994683,-0.20182565,0.14529882,-0.36995912,0.07332085,0.22856733,0.1739149
139,3860,0.2666871,-0.011276409,-0.31139165,-0.6042595,-0.117047355,0.08820112,-0.4076811,-0.17395948,0.27088708,1.0953469,-0.011272766,-0.42627215,-0.11960185,0.54961956,0.37381533,-0.1419272
139,3865,0.12388639,-0.7778996,0.51338,-0.3938182,-0.09669125,0.20745006,-0.31584942,-0.26745743,-0.06477019,0.44587082,-0.6358768,0.40988418,0.29005736,0.5709348,0.0908647,-0.1990365
139,3872,-0.11264156,-0.47055852,0.891079,-0.102325104,0.07704656,0.48154646,-0.4611382,-0.389507,0.039508056,-0.19362763,-0.21740142,0.16963251,-0.3940826,0.09796125,0.2555291,0.17530817
139,3874,-0.03341525,-0.007470876,-0.7052442,0.17534646,-0.24651763,-0.5481675,-0.13037482,0.5430733,0.0178128,-0.6571589,-0.22624761,0.0029902766,0.39644432,0.3335334,-0.3200456,-0.34429455
139,3881,0.3269996,0.18671562,0.052348617,0.02089395,-0.21844722,-0.7500862,0.004793018,-0.20710799,-0.011879311,-0.52949613,-0.13160868,-0.35806224,-0.14370237,-0.27767354,-0.47241548,0.14092797
139,3902,-0.14494067,-0.050511077,0.6455737,-0.013811849,0.2977841,0.11161503,0.1512989,-0.032503307,-0.39999625,0.25071025,-0.17012212,0.28722504,0.71023023,-0.42245358,-0.054270677,-0.26701176
139,3908,0.13057531,0.22520636,0.34310862,0.21862727,-0.12521723,-0.323543,-0.26894116,0.019747958,-0.06109576,-0.6264817,0.3828485,-0.7190521,-0.50404394,-0.21694688,0.15279633,0.5542537
139,3911,-0.038258478,-0.08695957,-0.8268029,0.1600275,-0.08909905,-0.21365474,0.32422674,0.051789403,0.20535474,-0.41313195,-0.51171535,0.59266615,0.19463347,0.110764205,-0.7603714,-0.47000456
139,3919,0.13262108,-0.77931917,0.48890933,-0.4050585,-0.109096445,0.21543753,-0.30958927,-0.25869074,-0.05396373,0.45665526,-0.61793065,0.39854676,0.2674777,0.5957064,0.10868605,-0.18710445
139,3928,0.45930552,-0.33590963,0.2773026,-0.33007848,-0.25735152,-0.2774105,0.32593483,-0.80963016,0.21801105,0.16825692,-0.47223562,0.49065253,-0.5015189,0.024589077,-0.4726751,0.21194614
139,3931,-0.023747176,0.27448744,0.054346412,-0.031104319,0.24415055,0.080913246,0.77182907,0.4460554,-0.5222812,0.5051189,0.34560522,0.08744,0.8745036,-0.44459134,0.15960905,-0.21195795
139,3939,0.42303562,0.80988985,-0.9947603,-0.8014866,-0.08249913,-0.14650367,-0.49932492,-0.10359714,0.48799378,1.7942201,0.51983786,-1.2523613,-0.2992125,0.3621535,0.537184,-0.17635746
139,3940,-0.051058,0.2730093,0.10468343,-0.009941213,0.26774225,0.111876816,0.74351615,0.42126828,-0.5163297,0.46279287,0.34188753,0.09627307,0.8410319,-0.47729862,0.16105133,-0.20197757
139,3942,-0.21627931,0.27392852,0.5148972,0.115850136,0.4216802,0.12567519,0.48186952,0.20894553,-0.5479874,0.2336574,0.16836315,0.17929482,0.8677975,-0.7473153,-0.008396871,-0.25095862
139,3969,0.366193,0.731109,-0.92667043,-0.7496269,-0.06329785,-0.06794445,-0.4903946,-0.08776083,0.47889024,1.674007,0.5073736,-1.1650534,-0.32821548,0.367692,0.56291187,-0.15141748
139,3974,-0.2000406,0.1975076,0.49762854,0.08389172,0.38438287,0.199855,0.43469834,0.19149159,-0.48978442,0.22594492,0.16458774,0.1779578,0.74221736,-0.63679254,0.062965475,-0.20698424
139,3984,0.46548074,0.7955827,-1.0057064,-0.84020865,-0.11204143,-0.18542428,-0.49017882,-0.10621304,0.48039758,1.8388413,0.49693683,-1.2579489,-0.27421272,0.3959438,0.523799,-0.18243442
139,3994,-0.05345329,0.3531388,0.6710369,0.32794383,0.08471283,-0.052740812,-0.36896122,-0.0011568367,-0.1516113,-0.6752337,0.48073885,-0.7146817,-0.48163116,-0.5332693,0.26827723,0.51305354
139,4004,-0.05197881,-0.68777925,0.40318182,-0.2624169,-0.07914101,0.67125845,-0.2845728,-0.26370972,0.21150677,0.031202525,-0.14910589,0.30603492,-0.59407043,0.60337067,0.4443821,0.22729644
139,4007,-0.0921485,0.03836134,-0.75608957,0.23339632,-0.2491096,-0.53607017,-0.20094827,0.6820747,0.013878396,-0.7063375,-0.12251024,-0.08525834,0.39030546,0.3845227,-0.20405877,-0.30187523
139,4009,0.4016106,0.7970696,-0.9785098,-0.78053916,-0.07198857,-0.12421073,-0.49964637,-0.09808703,0.4869875,1.7560736,0.5226769,-1.2332429,-0.31043103,0.35514808,0.54514503,-0.16873758
139,4016,0.36675447,0.10610889,-0.4726216,-0.37079325,-0.20052806,0.3336534,0.725853,0.5393464,-0.18914527,0.68857044,0.77750677,-0.30927077,0.015651628,0.32407868,0.748574,0.21104348
139,4036,0.055154532,-0.8029601,0.6052973,-0.37019858,-0.06702829,0.3864383,-0.36167887,-0.31502545,0.012001173,0.31021786,-0.54559755,0.40981957,0.041441098,0.56381,0.20357832,-0.09617926
139,4038,-0.071625285,-0.6711674,0.5023649,-0.23923743,-0.03881639,0.66036457,-0.32623172,-0.27973378,0.1667143,0.022720143,-0.18417877,0.30000854,-0.5058371,0.51696026,0.41852537,0.18595314
139,4039,-0.19914398,0.15185906,0.5204292,0.086020134,0.362275,0.22013633,0.35468906,0.1376702,-0.44316003,0.1776257,0.14059013,0.17509604,0.64330965,-0.58384174,0.06915856,-0.17296006
139,4048,-0.107228845,-0.52478784,0.81641906,-0.12658224,0.053165853,0.5344469,-0.43671376,-0.37494335,0.07348897,-0.1611678,-0.21056518,0.20882668,-0.43960822,0.19153666,0.29534617,0.18683508
139,4050,-0.20441498,0.18177645,0.5160182,0.08496402,0.38230357,0.21360786,0.40614772,0.17153345,-0.47554678,0.20861192,0.15528914,0.18003389,0.7095573,-0.62541926,0.06769956,-0.19728221
139,4052,-0.21973597,0.15301664,0.5687616,0.10194649,0.3788192,0.24000709,0.32312238,0.10804592,-0.4349213,0.14185937,0.1378752,0.17862712,0.60928905,-0.6100865,0.068450704,-0.16305502
139,4070,0.24475366,-0.074108526,0.32497534,-0.02846679,-0.11499561,-0.040425688,0.14545076,-0.43965465,0.13581252,-0.21521826,-0.0066058263,0.063911326,-0.6687567,-0.14604516,-0.07402856,0.43042397
139,4081,0.11643329,0.040012285,-0.42035553,0.07355286,-0.311535,-0.77653563,-0.25261676,0.38466543,-0.04226032,-0.6249169,-0.21557468,-0.25904956,0.34785354,0.2557142,-0.33273977,-0.20895796
139,4087,-0.1375097,0.027416348,-0.622539,0.3052176,-0.19189408,-0.23418538,-0.08240544,0.513569,0.09428385,-0.6313972,0.104894504,-0.047314543,-0.0204117,0.33368218,0.010481685,0.027330399
139,4090,-0.87733907,0.2832433,-0.929373,0.69699126,0.45106506,0.8491035,-0.26643318,0.19148119,0.63273907,0.035501912,0.22412945,0.5639086,-0.3480804,0.12680773,-0.10527729,-0.20416395
139,4103,-0.7295754,0.54837245,-0.76111376,0.64563775,0.52419335,0.8880541,-0.03812752,-0.38394105,0.73633003,0.27500278,0.24622962,0.49930474,-0.63086957,-0.31317812,-0.46093526,-0.13513653
139,4104,0.8086693,0.30536777,-0.103074886,-0.21049234,-0.301635,-0.87689877,1.0659333,-1.0075772,0.23767982,0.18766649,-0.28118205,0.38763407,-0.64995337,-0.70482033,-0.97023636,0.36231944
139,4111,0.24281795,-0.30599523,-0.023000397,-0.5731156,-0.12812485,0.10817027,-0.3862865,-0.21904401,0.15260431,0.92268205,-0.2720688,-0.12624891,0.052373186,0.59581566,0.26475823,-0.18407823
139,4115,-0.016151093,0.32670224,0.6480786,0.2955007,0.04775195,-0.12237953,-0.3744556,-0.01401104,-0.14811952,-0.6554667,0.437141,-0.7246052,-0.44774985,-0.49137723,0.22709784,0.49792778
139,4120,0.21163538,-0.52366465,0.1959146,-0.50624883,-0.13621797,0.13852969,-0.34660888,-0.23885691,0.058139674,0.71411467,-0.4294384,0.1041554,0.1444136,0.61126846,0.18735455,-0.17734088
139,4124,-0.2809922,0.18132375,0.736686,0.14108616,0.44999713,0.20739484,0.2551788,0.03681545,-0.47669804,0.09869349,0.0644033,0.21892928,0.700916,-0.7475076,-0.018854052,-0.2194605
139,4126,0.123792104,-0.83306646,0.5724152,-0.42945126,-0.09044534,0.21633506,-0.3446527,-0.29156372,-0.07434243,0.48542225,-0.71198964,0.45349592,0.33624297,0.5907603,0.08462848,-0.237503
139,4129,0.25631756,0.23168291,-0.35672915,-0.2983508,-0.029737037,0.24362063,0.90921026,0.6236906,-0.375741,0.7593293,0.70099837,-0.18071549,0.46081543,0.01572159,0.59513634,0.015220046
139,4138,-0.49333155,0.34088987,-0.77197134,0.48674518,0.3243347,0.5620661,0.112826124,-0.26974022,0.5614743,0.06101127,0.009719007,0.53795683,-0.39075956,-0.19023605,-0.5584639,-0.22137333
139,4149,0.55841935,-0.23169425,-0.22884902,-0.7706702,-0.31320155,-0.4059316,-0.22744063,-0.25943202,0.068867974,1.3051629,-0.46822208,-0.18466209,0.41727865,0.6772704,-0.026433393,-0.32012302
139,4152,0.053767547,-0.78663725,0.4911689,-0.35558057,-0.10577913,0.49077106,-0.33549052,-0.27129763,0.0833723,0.2553978,-0.39527282,0.34883764,-0.1654065,0.645297,0.3270299,0.015125632
139,4153,-0.16082811,-0.57979107,0.7434126,-0.13696167,0.09770393,0.6899608,-0.39831406,-0.27410972,0.0505663,-0.035416454,-0.1991851,0.2666228,-0.3240358,0.25383306,0.409646,0.099405155
139,4157,0.013718132,-0.20282662,0.55517346,0.047239903,-0.040054984,0.25858605,-0.3026218,-0.18631634,0.065029435,-0.40316606,0.12223069,-0.1644469,-0.6400825,0.063819505,0.30727896,0.46056288
139,4161,0.108511075,0.16057457,0.44985482,0.18721887,-0.09801046,-0.19433431,-0.30471933,-0.032296702,-0.050195433,-0.59499776,0.34735224,-0.65609956,-0.54226965,-0.20630987,0.20409593,0.5477802
139,4173,0.2774998,0.26190448,0.23056987,0.08678302,-0.22539413,-0.8259477,-0.34387338,0.08316296,-0.15461773,-0.6662316,0.117529616,-0.79754627,-0.047308728,-0.18034337,-0.13869074,0.24408509
139,4175,-0.042546555,0.28945577,0.082314596,-0.013791904,0.2662258,0.08584143,0.7724604,0.44093156,-0.53262836,0.48741394,0.34600684,0.09435879,0.8856375,-0.48540884,0.14889131,-0.21709703
139,4177,-0.023253337,-0.02232948,-0.7387224,0.16386345,-0.24519794,-0.557417,-0.08075998,0.5093451,0.031725965,-0.65531224,-0.28592175,0.06837733,0.41247112,0.3189426,-0.3919246,-0.38689536
139,4180,0.9559132,0.39380527,-0.23921943,-0.2664067,-0.35765788,-1.0907488,1.2942104,-1.1472826,0.2632694,0.31702614,-0.3542873,0.4724383,-0.6300802,-0.8169949,-1.2005801,0.33798474
139,4184,0.09205313,-0.70843613,0.7659284,-0.29924047,-0.11198853,0.20403227,-0.33221933,-0.58180624,0.12191405,-0.037091292,-0.54902875,0.42775878,-0.32766533,0.35722804,-0.038970187,0.09561524
139,4191,-0.26809347,-0.17203605,-1.1035587,0.25162545,-0.17098242,-0.33119845,-0.21195099,0.7916519,0.08788851,-0.5754988,-0.47102278,0.40094146,0.7124391,0.6426101,-0.4499431,-0.7258554
139,4198,-0.18078315,0.29596955,0.4072107,0.092269264,0.3973175,0.11706553,0.57739794,0.282974,-0.5601957,0.29676348,0.22385707,0.15883988,0.89630485,-0.712519,0.027797878,-0.24842341
139,4205,0.1383491,-0.76392996,0.46240488,-0.39481202,-0.11850013,0.20506299,-0.3015948,-0.25657555,-0.04619616,0.44071317,-0.59378546,0.38255292,0.24206693,0.597444,0.10624019,-0.168427
139,4211,0.06676579,-0.7697732,0.58002853,-0.3495858,-0.0717637,0.32807297,-0.3457876,-0.3169394,-0.000492204,0.29859847,-0.5419003,0.39775068,0.06775369,0.53648454,0.15669197,-0.09710215
139,4214,0.0805596,-0.81733775,0.61894333,-0.38777298,-0.07240665,0.3008731,-0.3647682,-0.33371294,-0.022237554,0.35916674,-0.63049483,0.43854946,0.15411814,0.557052,0.12757137,-0.15089832
139,4215,0.018185206,0.2721715,-0.012064271,-0.06883148,0.2056059,0.0921783,0.80395275,0.47860426,-0.5089102,0.54969555,0.39209405,0.05304375,0.83897495,-0.3822986,0.21289662,-0.18828492
139,4216,0.10786852,-0.16887505,0.4142001,0.016446054,-0.07098604,0.15417062,-0.07997471,-0.29482165,0.104420565,-0.30149055,0.057240617,-0.014039925,-0.64417875,-0.00088888407,0.13736892,0.4317523
139,4220,-0.27743828,0.15612699,0.7424445,0.12648207,0.44336206,0.21814239,0.24028458,0.03247513,-0.47043723,0.110182896,0.045154467,0.22753118,0.69903874,-0.7211683,-0.010394849,-0.22433646
139,4222,-0.21650304,0.26866305,0.51633507,0.116126314,0.41938305,0.13222344,0.4744181,0.20414089,-0.5416192,0.22731121,0.16886252,0.17827868,0.85188866,-0.7406444,-0.0037362427,-0.24481238
139,4239,0.8755207,0.22981222,-0.1583871,-0.3071959,-0.355557,-0.94414616,1.1259899,-1.1111497,0.27276966,0.32393742,-0.40541068,0.51268077,-0.6203131,-0.6203437,-1.0783552,0.3118987
139,4240,0.13262108,-0.7793192,0.48890933,-0.4050585,-0.109096445,0.21543753,-0.3095893,-0.25869074,-0.05396373,0.45665526,-0.61793065,0.39854676,0.2674777,0.5957064,0.10868605,-0.18710445
139,4245,-0.21940435,0.16031174,0.5618391,0.09920207,0.38296962,0.24139053,0.34245616,0.122105315,-0.44374624,0.15439741,0.14503446,0.17945091,0.6269435,-0.61758673,0.07301398,-0.16901244
139,4247,-0.3964466,-0.120640375,-1.1935886,0.3408378,-0.084716894,-0.18273516,-0.22356829,0.8110717,0.1743383,-0.54070073,-0.4172696,0.4831512,0.6411979,0.62067914,-0.42516991,-0.72764176
139,4249,-0.18327725,0.2811243,0.42657584,0.092931814,0.39506015,0.110960856,0.54669493,0.26280272,-0.5543222,0.28600127,0.19975436,0.16478918,0.8925897,-0.70546156,0.013813671,-0.25129902
139,4252,0.30353338,0.20704977,-0.4175147,-0.34073052,-0.086964235,0.2762081,0.88793033,0.62719905,-0.3284767,0.776856,0.7516317,-0.23288865,0.34067696,0.11504166,0.6677309,0.07156511
139,4257,0.12206401,0.18297826,0.4708047,0.18410125,-0.09806105,-0.25684243,-0.32136616,-0.043534912,-0.07507832,-0.5903777,0.32999247,-0.6911449,-0.4795824,-0.24188562,0.16198155,0.51926047
139,4259,0.017053012,0.0859461,-0.48085263,0.183536,-0.26194352,-0.58411705,-0.20084146,0.46250468,0.003357334,-0.6614911,-0.029170044,-0.2512612,0.18114536,0.25173885,-0.15523392,-0.08285083
139,4278,0.056320295,-0.72938824,0.6680352,-0.3315407,-0.0062624514,0.19335073,-0.3507812,-0.3028082,-0.12042845,0.380647,-0.67969424,0.4350369,0.37686372,0.39336205,0.023159072,-0.24688308
139,4282,0.48763555,0.4732229,-0.7670509,-0.7996331,-0.180066,-0.21948801,-0.39440942,-0.13521641,0.36244944,1.6221619,0.252325,-0.9363658,-0.123575434,0.49319375,0.39146435,-0.1774209
139,4288,0.12209443,0.18606578,0.4777857,0.18598783,-0.10040984,-0.25405544,-0.323323,-0.038598955,-0.06927683,-0.6072582,0.33944774,-0.70269793,-0.50751275,-0.24256225,0.1755307,0.5383192
139,4289,-0.20961721,0.18419455,-0.68059486,0.4289017,0.04255198,0.25471973,0.38048822,-0.043133475,0.35866803,-0.31850153,0.16589533,0.4016268,-0.5909543,-0.07253288,-0.23033589,0.2176596
139,4293,-0.17141953,0.28491557,0.38909477,0.09770073,0.3777377,0.11269982,0.5526673,0.26652336,-0.53658974,0.27199876,0.22718266,0.14658286,0.84434426,-0.6822354,0.027140446,-0.22406645
139,4315,-0.21056886,0.19339778,0.5245655,0.087301984,0.3935938,0.21417348,0.4197889,0.17885672,-0.48721778,0.21457513,0.1591672,0.18326676,0.73098123,-0.647081,0.066108875,-0.20600955
139,4332,0.124670126,0.21407102,0.30858335,0.22066951,-0.12809707,-0.3087523,-0.25272653,0.028782204,-0.051808115,-0.61785865,0.38394248,-0.6915161,-0.5069682,-0.1922505,0.15595403,0.5517497
139,4334,-1.0383394,0.58167017,-0.8278808,0.8241576,0.67392004,1.1575744,-0.31627113,-0.16115156,0.8442842,0.32714206,0.4630026,0.49311706,-0.71743387,-0.18425642,-0.13828185,-0.06638156
139,4339,0.19400024,0.3267393,-0.40088448,0.15659693,-0.00500419,-0.16497372,0.7169986,-0.7648558,0.37984082,-0.15193681,-0.23385063,0.47299156,-0.6657855,-0.60134345,-0.9332158,0.12060914
139,4345,0.17880026,0.23770203,0.1765401,0.17808482,-0.1912333,-0.52672327,-0.25105983,0.10704218,-0.070558794,-0.653998,0.3089436,-0.71105325,-0.33119124,-0.12869091,0.054375432,0.43204218
