window_id,vehicle_id,z_0,z_1,z_2,z_3,z_4,z_5,z_6,z_7,z_8,z_9,z_10,z_11,z_12,z_13,z_14,z_15
55,2162,0.21066701,-0.27114302,0.5138813,0.28769046,-0.8119894,0.42409906,-0.08500458,0.26286328,0.58374196,0.42425084,0.52058095,-0.31708172,-0.5999322,-0.7580828,0.060925275,0.09619981
55,1955,0.21066698,-0.27114302,0.5138813,0.28769046,-0.8119893,0.42409903,-0.08500458,0.26286328,0.5837419,0.4242509,0.5205808,-0.31708172,-0.59993225,-0.7580828,0.060925275,0.09619982
55,2782,0.21066698,-0.271143,0.5138812,0.28769046,-0.8119894,0.42409906,-0.0850046,0.26286325,0.5837419,0.42425096,0.520581,-0.3170817,-0.5999322,-0.75808275,0.060925275,0.09619982
55,3155,-0.07368079,-0.739089,-1.5010136,0.5164931,-1.9411714,-0.56060207,0.5251315,-0.004418142,-0.32399207,-0.80906177,-0.3127998,-0.44916892,0.77275324,1.2657967,-0.15431568,-0.9598137
55,2305,-0.07368079,-0.739089,-1.5010138,0.516493,-1.9411714,-0.560602,0.5251316,-0.0044181496,-0.32399207,-0.8090618,-0.3127998,-0.44916898,0.7727533,1.2657967,-0.1543157,-0.9598137
55,326,-0.4056173,-0.47008866,0.30991152,0.22219516,-1.0090358,0.28258434,-0.20407844,0.5109822,0.53962237,0.12994055,0.30552423,-0.42046654,-0.76306874,-0.30173826,-0.20711528,-0.29781476
55,2485,0.20187017,-0.26196352,0.49643692,0.28057516,-0.78121257,0.4180715,-0.084555835,0.2490941,0.5655254,0.41249543,0.5000151,-0.30358505,-0.58622706,-0.7340096,0.06123643,0.101070136
55,2641,0.21066695,-0.27114302,0.5138812,0.28769043,-0.8119894,0.4240991,-0.08500458,0.26286328,0.58374196,0.42425084,0.52058107,-0.31708172,-0.5999322,-0.7580828,0.060925275,0.09619981
55,3580,0.21066698,-0.271143,0.5138812,0.28769046,-0.81198955,0.42409906,-0.0850046,0.26286334,0.58374196,0.4242509,0.52058095,-0.31708172,-0.59993225,-0.75808275,0.060925275,0.09619982
55,399,-0.007538408,-0.46418512,0.049198925,-0.3577943,-0.64141184,-1.0379827,-0.40138456,0.45060638,0.41261,-0.29056525,0.42507076,-0.5637742,-0.089359,0.49842072,0.23485234,-0.26147676
55,1187,0.20187017,-0.2619635,0.49643686,0.28057513,-0.78121257,0.41807148,-0.084555835,0.2490941,0.56552535,0.4124955,0.5000151,-0.30358508,-0.58622706,-0.73400956,0.061236426,0.101070136
55,2164,0.21066701,-0.271143,0.5138812,0.28769052,-0.8119894,0.42409906,-0.0850046,0.26286328,0.583742,0.42425096,0.52058095,-0.31708172,-0.5999322,-0.75808275,0.060925275,0.09619981
55,3742,-0.15452337,-0.750504,-1.413938,0.48570907,-1.8639812,-0.5661906,0.43368256,0.027699344,-0.2823735,-0.77325445,-0.28645346,-0.4572869,0.6767277,1.2388041,-0.17355543,-0.92985666
55,53,0.21066704,-0.27114302,0.5138813,0.2876905,-0.8119894,0.42409906,-0.08500458,0.2628633,0.5837421,0.4242509,0.52058095,-0.31708175,-0.59993225,-0.7580828,0.060925275,0.09619982
55,327,0.21066698,-0.271143,0.5138812,0.2876905,-0.8119894,0.42409906,-0.08500458,0.2628633,0.583742,0.4242509,0.52058095,-0.31708172,-0.59993225,-0.7580828,0.060925275,0.096199825
55,2851,0.21066701,-0.271143,0.5138813,0.28769046,-0.8119893,0.42409903,-0.08500458,0.2628633,0.583742,0.42425096,0.5205809,-0.31708172,-0.59993225,-0.7580828,0.060925275,0.096199825
55,1,-0.6172507,-0.16932675,0.50722075,-0.5078723,-0.021008432,-0.84153056,-0.6033861,0.71155596,0.40997452,-0.21470046,0.3203115,-0.36130717,-0.650531,0.21546844,0.21151245,-0.26703352
55,7,0.32673067,-0.1010461,0.29500824,0.08935979,0.093556486,-1.0162867,0.23268294,-0.11819115,-0.4908057,0.48427558,0.7054465,-0.37517053,0.32354265,-0.40752435,-0.5019312,-0.27062306
55,24,-0.79311764,0.56819224,0.03985466,-0.22127008,0.6549244,0.13273545,0.17406881,0.26381904,-0.38398308,-0.28804892,-0.45997223,0.3586399,-0.24142048,0.05153691,0.09261368,-0.20524429
55,25,1.0666837,0.40709332,0.34584248,-0.71186274,0.47564995,0.09823473,-0.3862102,0.11655914,0.69209564,-0.5937919,-0.15667215,0.056106377,0.53445,0.17296912,1.0525699,0.2918358
55,51,-0.74761057,0.6552407,0.11790931,-0.29500696,0.719477,0.1305055,0.16958146,0.32099393,-0.34369934,-0.33191586,-0.45666772,0.37590995,-0.25795728,0.010916114,0.19470504,-0.20456477
55,63,0.07651302,0.2785054,0.43854484,-0.6877963,0.43898326,-0.25235295,-0.46275473,0.51312274,0.4562466,-0.5055612,-0.055733576,-0.05076933,-0.14737307,0.15669091,0.75790167,-0.015901502
55,67,0.3511482,-0.015549585,0.31230468,0.061841536,0.1922211,-0.9635371,0.2363031,-0.11503348,-0.5051982,0.47128993,0.6708463,-0.33180344,0.35760713,-0.43554217,-0.45782107,-0.27114823
55,68,-0.14607595,-0.2165024,-0.58162504,0.18081394,0.40247995,0.439161,-0.24773866,-0.5756166,-0.23629004,0.21202771,-0.2598487,0.2668268,0.17055474,0.35283706,-0.42095083,0.44632962
55,69,0.054770708,-0.038621932,0.09156652,0.20495503,0.15420881,-0.87091553,0.463937,-0.14788833,-0.7950572,0.45104027,0.50669104,-0.22790486,0.34180737,-0.37299705,-0.6817184,-0.3076922
55,77,-0.80193233,0.53923935,0.2172612,-0.36430496,0.6611792,-0.080774486,0.0055834204,0.4534141,-0.25241292,-0.32401264,-0.30513734,0.23289025,-0.34738767,0.033797972,0.18781231,-0.24770297
55,81,0.26406103,-0.4467805,0.14620058,0.1939303,-0.2732351,0.41668138,-0.5533474,-0.12334904,0.55778,0.5168826,0.41499567,-0.22500944,-0.41651493,-0.34327823,-0.07580875,0.49065673
55,84,-0.9608454,0.097137496,-0.1260161,-0.15747194,0.26581168,0.30274776,-0.13975354,0.22841191,0.0012798458,-0.36092687,-0.57052445,0.25580427,-0.4648264,0.47530383,-0.07389116,-0.19175047
55,89,-0.5276044,-0.41797495,-0.44247913,0.12979627,-0.20492077,0.34689176,-0.295987,-0.17726396,0.081292346,-0.084857665,-0.36251634,0.0543321,-0.17742789,0.52447873,-0.392601,-0.0031415746
55,96,-0.12276228,-0.12903453,-0.5819986,0.16179492,0.5591912,0.45424825,-0.22427666,-0.60415435,-0.30893868,0.23567699,-0.26263216,0.32358763,0.19982721,0.32354575,-0.39006484,0.5066366
55,100,-0.08850598,0.38562658,-0.5492635,0.25338706,0.8108443,0.46671745,0.37949294,-0.6219453,-0.8121441,0.14667527,-0.39466357,0.5445374,0.45837462,0.002401054,-0.30056518,0.30547407
55,102,1.3561281,0.123676516,-0.2217043,-0.64025354,-0.2119681,-0.38947552,-0.07530993,0.055773817,0.44163454,-0.70014185,0.051601484,-0.24297324,1.0821538,0.5137523,0.9817666,0.086379066
55,111,0.40375203,0.32514405,0.40462196,-0.71021825,0.45700458,-0.14102976,-0.4428628,0.39821118,0.5373456,-0.5455216,-0.08885002,-0.019990593,0.0788462,0.16787677,0.8668132,0.080208324
55,112,0.43052065,-0.23234671,0.21515319,0.26832265,-0.2629354,0.5457343,-0.24779528,-0.19120389,0.47967702,0.52034587,0.33040392,-0.079760015,-0.31976023,-0.5261362,0.056023818,0.5063515
55,129,-0.903509,-0.6624292,-0.39167172,0.04659469,-0.47603142,0.20466411,-0.5372647,0.10503999,0.29461718,-0.22213848,-0.33835778,-0.1437133,-0.44494456,0.7287941,-0.49491632,-0.23787813
55,138,0.5554492,0.102422446,0.40936363,-0.023565648,0.3490158,-0.8776141,0.11566563,-0.13213986,-0.38096213,0.4630745,0.6629032,-0.30022597,0.43193066,-0.48175436,-0.27934855,-0.22614591
55,144,0.31808698,-0.15913555,-0.26471943,0.2831336,0.13955575,0.5867553,-0.15608081,-0.5757622,0.075169936,0.38412923,-0.075296566,0.20961913,0.076772526,-0.06634441,-0.1457648,0.59491277
55,148,0.16262105,-0.16898817,-0.31385317,0.23146552,0.18872146,0.5630741,-0.19837564,-0.5459722,0.05679147,0.30813485,-0.17311192,0.24015361,0.049155265,0.076049656,-0.1851203,0.5439997
55,163,0.0023236573,0.0044548213,0.11590029,0.14788191,0.18958439,-0.81190264,0.4064978,-0.097843155,-0.72384274,0.3859867,0.45106435,-0.19913521,0.27975392,-0.33793563,-0.5928654,-0.29577893
55,164,-0.13293387,-0.49061137,-1.2776179,0.40234584,-1.5409063,-0.39160016,0.5286298,0.01644186,-0.31845108,-0.75729907,-0.38958395,-0.27743837,0.6388605,1.0797644,-0.07340558,-0.84058213
55,169,-0.65470356,-0.38435474,-0.64572465,0.077296875,-0.84573865,-0.3488959,-0.010426044,0.31142804,-0.041893736,-0.58848506,-0.30215672,-0.22193709,-0.011992879,0.8496592,-0.057566047,-0.63305694
55,174,0.091680735,-0.49678272,0.032340474,0.16546217,-0.23708615,0.3966034,-0.6108948,-0.122247025,0.5146566,0.43980014,0.30533314,-0.20346925,-0.41344994,-0.15265809,-0.1729448,0.4307843
55,179,0.078510016,0.08667287,0.07563524,0.16234893,0.27436924,-0.6612818,0.44473913,-0.17314073,-0.7484339,0.36195678,0.35895967,-0.12080228,0.34700567,-0.34811407,-0.5275754,-0.24462198
55,198,0.37807,0.61533123,0.5780113,0.5613176,-1.0143081,0.7473783,1.5831017,0.2683349,-0.013945222,-0.15904483,-0.26772144,0.29617,-0.05913309,-1.0053322,0.480258,-0.3393551
55,203,-0.28853914,0.43673497,-0.40003383,0.104762055,0.49078807,0.3733988,0.40573025,-0.27113667,-0.5631641,-0.15715945,-0.52033347,0.46713462,0.21757545,0.12641485,-0.051794812,0.006607253
55,214,-0.25865403,0.069338426,-0.74554074,0.20186658,-0.4577077,0.03463594,0.4957881,-0.068958856,-0.41479653,-0.49317974,-0.506837,0.1415674,0.35213792,0.558408,0.0047587343,-0.43499383
55,218,0.009431243,0.03234995,0.13104537,0.1322004,0.21968642,-0.8035924,0.40340388,-0.08937977,-0.72065604,0.38052458,0.44744635,-0.18994117,0.28463095,-0.3491574,-0.5733109,-0.29860422
55,219,0.003663212,-0.123647004,-0.49341825,0.23341496,0.23148635,0.56442934,-0.06778504,-0.6075993,-0.14795135,0.1793067,-0.35591727,0.33058774,0.16963618,0.24457791,-0.28643185,0.4200434
55,227,-0.38839665,0.57928073,0.27216557,-0.45433035,0.7108265,0.016795324,-0.07153338,0.37033185,-0.04666777,-0.3797245,-0.30309823,0.24145983,-0.17205279,0.02138406,0.4124918,-0.104908526
55,238,0.37807,0.61533123,0.5780113,0.5613176,-1.0143081,0.74737835,1.5831017,0.2683349,-0.013945207,-0.15904483,-0.26772144,0.29617006,-0.059133083,-1.0053321,0.48025805,-0.33935508
55,262,0.33060563,-0.07930043,0.30948088,0.07649834,0.1192509,-1.0186753,0.23013957,-0.10782879,-0.49216676,0.48398215,0.70821595,-0.3709518,0.32866824,-0.41972095,-0.49239236,-0.27738094
55,269,1.0323694,0.059484225,-0.052410908,-0.64989996,-0.17891297,-0.50486636,-0.21512786,0.19884497,0.48568022,-0.61288136,0.1366993,-0.29106608,0.7701953,0.4604476,0.8598636,0.028078783
55,274,-0.837809,-0.2038292,-0.30693537,-0.091528386,-0.37112194,-0.23905626,-0.17928834,0.4022986,0.03627865,-0.4888391,-0.30564493,-0.10571125,-0.29143223,0.6528204,-0.00811322,-0.47643942
55,276,-0.7523625,0.10980267,-0.2742168,-0.041930657,0.4347924,0.3453811,-0.071086034,-0.022615604,-0.20693415,-0.18546462,-0.49562275,0.31592962,-0.21992838,0.38644964,-0.19899397,-0.024080757
55,296,0.040429384,-0.031679004,0.09819731,0.1951272,0.16060373,-0.8711603,0.45788166,-0.13472693,-0.7899653,0.44369274,0.50307554,-0.22556901,0.33127797,-0.37088764,-0.6743964,-0.31173456
55,303,0.5554492,0.102422446,0.40936363,-0.023565646,0.3490158,-0.87761414,0.115665615,-0.13213986,-0.38096213,0.46307456,0.66290313,-0.300226,0.43193066,-0.4817543,-0.2793485,-0.22614591
55,318,0.27751648,0.012737699,-0.5208224,0.29921597,0.41325867,0.68152034,0.055063486,-0.8189136,-0.2477257,0.30433804,-0.35890502,0.46462983,0.34175467,0.10796496,-0.22832392,0.62039727
55,319,-0.3300676,0.114034645,0.48686025,-0.65058124,0.290204,-0.49432144,-0.543723,0.6737699,0.42638427,-0.42580134,0.06355284,-0.16412139,-0.44243407,0.18778294,0.5639116,-0.15328042
55,323,-0.12999341,-0.34179455,0.13456118,-0.2339334,-0.37705052,-1.0450356,-0.22233137,0.37778452,0.09174432,-0.070731565,0.47461742,-0.48282075,-0.085917555,0.23846677,-0.045371667,-0.31509227
55,341,0.1636306,0.116349265,0.13012782,0.15095256,0.32005647,-0.7361446,0.45863235,-0.17560244,-0.77266526,0.4148897,0.43529737,-0.1467281,0.41216862,-0.4203161,-0.5483281,-0.27487776
55,353,0.42260385,-0.056437388,-0.516991,0.35490304,0.34466344,0.6934956,0.02146887,-0.8675759,-0.19109072,0.38752908,-0.27480668,0.42343754,0.37772548,0.045222767,-0.2365252,0.70095783
55,359,0.26996076,0.19421649,0.5683104,0.39142293,-0.8609148,0.5670259,0.7071994,0.26044425,0.27830982,0.160527,0.14364804,-0.0024991184,-0.3619399,-0.9032577,0.29261523,-0.10440689
55,361,-0.9713769,0.12519534,-0.1252186,-0.15942232,0.28024703,0.33260858,-0.11880556,0.22788358,0.00074368715,-0.3700142,-0.60065335,0.28368747,-0.4661531,0.47251523,-0.065748475,-0.19891854
55,373,-0.26443228,0.20328763,-0.4970173,0.17610273,0.6928099,0.38367265,0.15550528,-0.47650322,-0.61797285,0.10166405,-0.351385,0.4212216,0.26491708,0.14858444,-0.32861787,0.26145208
55,380,-0.33447006,0.172541,-0.46923268,0.14589533,0.66108704,0.37302682,0.10330875,-0.4194784,-0.5551217,0.07418588,-0.35898685,0.39808714,0.1946411,0.18815342,-0.32350498,0.23308885
55,389,-0.4091274,-0.06130655,-0.41381693,0.05014558,0.47675687,0.40761614,-0.23419559,-0.34078094,-0.18049118,0.060202703,-0.35496485,0.29617667,-0.051870845,0.37558663,-0.28389502,0.29945666
55,392,-0.8316912,0.5342106,0.05245027,-0.23759738,0.629879,0.11451176,0.12641601,0.2996317,-0.33841515,-0.30052066,-0.45327303,0.33761972,-0.28384972,0.08033029,0.09581043,-0.21928866
55,402,-0.045581177,0.23998477,0.19711158,-0.010894306,0.42279744,-0.60073084,0.31437787,-0.0017447695,-0.6061003,0.2330714,0.28765243,-0.06872378,0.2170821,-0.324273,-0.33107615,-0.2676979
55,412,-0.9599241,0.35830015,0.08149722,-0.2816781,0.4911845,0.0324116,-0.06948984,0.41964296,-0.15607283,-0.34204212,-0.41344255,0.23431194,-0.4434567,0.21077177,0.09073496,-0.26292372
55,440,-0.92325157,0.16434199,-0.13151339,-0.14012983,0.28545117,0.36637965,-0.061772566,0.19149792,-0.018549562,-0.36604255,-0.6267402,0.31842482,-0.4316147,0.44430172,-0.04521533,-0.19112222
55,455,-0.0035078228,0.11793958,0.17828444,0.06340658,0.3044758,-0.7460441,0.3601047,-0.04301592,-0.66642356,0.32755226,0.40360326,-0.15194929,0.25768042,-0.35033262,-0.47336715,-0.29509223
55,464,0.27670765,0.11302785,0.19967428,0.109531626,0.3277423,-0.77214694,0.37609088,-0.17225815,-0.6728497,0.42960536,0.49723083,-0.18839705,0.42535454,-0.43957686,-0.48085976,-0.26025993
55,466,-0.06081474,0.26219657,0.19549403,-0.018106455,0.4457819,-0.58086944,0.3185096,0.005111441,-0.61306405,0.2218409,0.2685262,-0.05273521,0.2147557,-0.3241216,-0.32095414,-0.26883528
55,473,-0.5868687,0.021036565,-0.30970287,-0.012598954,0.4425208,0.40543506,-0.19559717,-0.18339081,-0.12149225,-0.054903008,-0.44221628,0.3100788,-0.19548438,0.3891795,-0.2081093,0.1596219
55,490,0.19349858,-0.14769277,0.23324668,0.26395875,-0.41777325,0.48668805,-0.022949684,-0.014554858,0.36481732,0.3245064,0.19359238,-0.06851792,-0.36222678,-0.47346365,0.04616081,0.22788493
55,494,-0.9480522,-0.088528395,-0.12553811,-0.194529,-0.11500341,-0.18297468,-0.2577265,0.47414026,0.07794039,-0.4529435,-0.3169672,-0.03663437,-0.44384897,0.5520205,0.033145394,-0.41214776
55,500,1.144336,0.41555512,0.32028574,-0.6818222,0.46784267,0.14873682,-0.3525932,0.04936654,0.6917576,-0.5859093,-0.17748556,0.07852639,0.59811443,0.17010227,1.0509598,0.32442096
55,501,0.2564633,0.024378799,-0.49277258,0.2876907,0.39717096,0.65468514,0.065081336,-0.7809095,-0.24245925,0.28066927,-0.3564923,0.45040068,0.31752825,0.10218784,-0.20632426,0.5904813
55,502,-0.79637074,0.58350444,0.15771474,-0.3303519,0.6704155,0.053515546,0.075422406,0.38995907,-0.26867113,-0.34253013,-0.40573925,0.31235054,-0.3338865,0.04996594,0.19643812,-0.22146691
55,503,0.072194695,-0.046466976,0.07179098,0.22617556,0.14817604,-0.8612155,0.48186237,-0.17304574,-0.81464326,0.46220613,0.5040589,-0.22516549,0.3617419,-0.37537044,-0.698118,-0.30017447
55,507,0.0014650226,-0.38257727,0.054452196,-0.2722867,-0.50132966,-1.0494554,-0.23958945,0.37273484,0.18265067,-0.164318,0.45806313,-0.51585394,0.0076039582,0.34459367,0.06722518,-0.2962778
55,511,-0.21820298,-0.06814346,-0.93510985,0.2774066,-0.7703277,-0.06853998,0.5477404,-0.061226167,-0.42315623,-0.5755973,-0.49601793,0.043682903,0.47138375,0.7102529,-0.025676996,-0.56684613
55,518,0.28627414,0.015081234,-0.49990183,0.30306086,0.39078632,0.67872983,0.062407836,-0.80350363,-0.23016915,0.3011353,-0.3535277,0.45708102,0.32920063,0.09267002,-0.21196376,0.61392534
55,539,-0.43005848,-0.16319296,0.4176201,-0.48869196,-0.056392968,-0.79724556,-0.55123425,0.61593837,0.40128398,-0.23305535,0.30530268,-0.35661304,-0.4839483,0.24415731,0.24598129,-0.22005521
55,546,-0.77167803,0.67738605,0.07256651,-0.2559619,0.7420327,0.15793826,0.22809534,0.28137124,-0.4218518,-0.30952084,-0.48228583,0.40592438,-0.2165654,-0.002083853,0.1414476,-0.20961313
55,553,0.1842404,-0.49597418,-0.009309411,0.19493383,-0.19577578,0.43709794,-0.6036478,-0.21429601,0.49050218,0.4901011,0.31079352,-0.17160097,-0.34011742,-0.16926162,-0.18551068,0.5084871
55,559,0.30870956,-0.04315354,0.18745637,-0.5722522,-0.10331082,-0.64737695,-0.3895886,0.4043757,0.44638568,-0.42211664,0.22308181,-0.32283574,0.13999088,0.34355077,0.56045425,-0.08853796
55,564,0.060433805,-0.5143541,0.09385632,0.15724474,-0.30337054,0.39108452,-0.6322458,-0.04547925,0.5822914,0.43742198,0.3396564,-0.24573347,-0.49328524,-0.18855987,-0.15339094,0.390703
55,565,0.122743815,-0.17773914,-0.2811428,0.2118591,0.16739212,0.5392982,-0.2215729,-0.49537224,0.086258516,0.29110456,-0.15989776,0.21419112,0.0016184896,0.07785242,-0.17264655,0.5152748
55,567,0.21305552,0.5647943,0.31136706,-0.5421846,0.6749003,0.115493506,-0.1695781,0.22591022,0.2336029,-0.45292133,-0.27952987,0.21593174,0.122423336,0.047179915,0.6778474,0.07977009
55,573,-0.13494466,-0.34548444,-0.06663347,0.1333981,-0.13627815,0.40994793,-0.42083523,-0.11884837,0.350313,0.23729633,0.0131687075,-0.039960235,-0.35808805,0.044724405,-0.17256634,0.28747538
55,582,0.32673067,-0.101046115,0.29500824,0.08935979,0.09355648,-1.0162867,0.23268294,-0.11819116,-0.4908057,0.48427558,0.7054464,-0.3751705,0.3235427,-0.40752435,-0.5019312,-0.27062306
55,588,1.7783298,0.079826854,-0.50571376,-0.6056246,-0.45448697,-0.35484987,0.082999974,-0.1077274,0.4276688,-0.83498657,-0.00083348155,-0.27048215,1.4931238,0.6761743,1.1092823,0.118872985
55,600,0.20713308,-0.44802195,-0.08164067,0.18927768,-0.083862126,0.4206392,-0.5627041,-0.30239078,0.38291234,0.4686913,0.2522666,-0.110660896,-0.23808275,-0.11448966,-0.19053447,0.5481954
55,605,-0.823221,0.10593996,-0.24364875,-0.075681925,0.37888026,0.34975147,-0.08368689,0.05640038,-0.14362448,-0.2510155,-0.5378093,0.3105667,-0.28614795,0.42738515,-0.16639248,-0.085602835
55,607,-0.7511835,-0.5809587,-0.44229543,0.08279525,-0.32212532,0.2602767,-0.4713722,-0.037152678,0.18852298,-0.14046459,-0.33272186,-0.060273364,-0.3150155,0.66178614,-0.4859109,-0.11080094
55,627,0.35017627,0.03216064,0.27013496,0.08159003,0.24440894,-0.8818384,0.2814275,-0.15023793,-0.557363,0.4583444,0.6048798,-0.27783635,0.39434797,-0.43790996,-0.45638847,-0.25726652
55,634,-0.13094656,-0.09490305,0.39577004,0.32511935,-0.9458089,0.4714711,0.3422215,0.3756534,0.38777596,0.07585892,0.112345204,-0.15398246,-0.53501487,-0.53574806,0.03698649,-0.24530314
55,640,-0.010325432,-0.11337787,-0.620065,0.20330927,0.57663727,0.47720525,-0.17158198,-0.6907036,-0.3611324,0.27959657,-0.25047806,0.34793508,0.28963673,0.2793926,-0.39525372,0.5593859
55,642,0.31442535,-0.18771878,-0.27644745,0.28988874,0.13386096,0.6317758,-0.19363038,-0.5914059,0.11783557,0.40616584,-0.08610797,0.22051373,0.06319198,-0.050056323,-0.16668564,0.61992985
55,653,-0.68788755,-0.52882427,-0.42420217,0.09443249,-0.3353467,0.26876807,-0.3940447,-0.048740614,0.16254027,-0.15127514,-0.34506035,-0.04254937,-0.28759038,0.6131653,-0.43599677,-0.11716321
55,658,0.39361542,-0.31171644,0.19992551,0.24757719,-0.27387756,0.50940794,-0.3585083,-0.1719051,0.5182918,0.5353012,0.37525642,-0.13393775,-0.3538765,-0.48095322,0.012293655,0.5138505
55,660,-0.08053428,-0.17632633,-0.49007794,0.21720472,0.15828422,0.52038103,-0.10734281,-0.5387475,-0.115757376,0.13734518,-0.35035893,0.2796296,0.11770776,0.2926406,-0.30643094,0.35014457
55,668,0.33549863,0.047026876,0.2541651,0.081238426,0.25803187,-0.83955777,0.28276497,-0.15476522,-0.55742353,0.43938988,0.5689061,-0.25565213,0.38896102,-0.42411977,-0.43953633,-0.24614204
55,683,0.40114325,-0.02630654,-0.51118517,0.35025898,0.35494727,0.707566,0.049409367,-0.86052823,-0.20018373,0.36760032,-0.30553275,0.44505084,0.37146312,0.047752157,-0.22348101,0.6832323
55,688,-0.8278792,0.6166624,0.058853477,-0.24644485,0.69757205,0.13945627,0.18639295,0.29674628,-0.395339,-0.30482185,-0.4777547,0.38075298,-0.2512642,0.03794966,0.10714199,-0.22573908
55,696,-0.7691959,0.6169638,0.1478294,-0.32224542,0.69140136,0.091634125,0.106569484,0.3660605,-0.2842298,-0.3458842,-0.43036702,0.33941007,-0.3084877,0.035021752,0.21367294,-0.21221678
55,699,-0.13909386,0.1177592,0.21163517,-0.045663297,0.29729474,-0.7015918,0.20264128,0.09327624,-0.49575192,0.20466809,0.3352546,-0.14666405,0.09712577,-0.2392656,-0.3268819,-0.27821928
55,702,-0.55808145,-0.44839728,-0.44789767,0.12692155,-0.2289618,0.34698096,-0.32462263,-0.16408834,0.10450201,-0.08905502,-0.36348188,0.041132055,-0.19643742,0.547615,-0.4123897,-0.015515711
55,721,-0.90614605,-0.13511631,-0.20490208,-0.15074992,-0.22500399,-0.20751163,-0.22211435,0.44622728,0.05796282,-0.47051764,-0.3138472,-0.06537096,-0.3786772,0.59695905,0.014680851,-0.44391644
55,722,0.0251894,-0.4786355,0.06643869,0.14489493,-0.26178068,0.37007383,-0.59343535,-0.05520085,0.5231781,0.394504,0.28896338,-0.21578431,-0.46269172,-0.14574106,-0.15187676,0.3687601
55,741,-0.81991136,-0.6332611,-0.43654537,0.07392833,-0.3969648,0.25145096,-0.5111114,0.014003642,0.24110194,-0.16752604,-0.33858594,-0.09490581,-0.36729985,0.70021254,-0.50949585,-0.16146517
55,742,0.328304,-0.010082565,-0.50839055,0.31935197,0.3779161,0.6846453,0.046657044,-0.826452,-0.21841578,0.32951838,-0.32918063,0.44737834,0.34561783,0.081015244,-0.2226521,0.64381546
55,748,-0.7971457,-0.6134376,-0.42060196,0.072679624,-0.39724624,0.25262707,-0.4909386,0.011893816,0.24086265,-0.1702671,-0.34011328,-0.08943501,-0.36529076,0.6822803,-0.48523742,-0.15751374
55,765,1.7454419,0.0988692,-0.46649548,-0.60581595,-0.38433182,-0.30922166,0.06272456,-0.119713165,0.43008262,-0.805685,-0.012496725,-0.24388394,1.4537903,0.6421023,1.0898687,0.15262966
55,768,-0.8411911,0.46234676,0.2023615,-0.35143396,0.5884519,-0.10621762,-0.032795813,0.46327332,-0.21732806,-0.32181132,-0.29095566,0.19898742,-0.39878684,0.07687023,0.16430935,-0.24646406
55,807,0.35459727,-0.100022465,-0.46701336,0.3216047,0.30113333,0.65217245,-0.052859727,-0.7833377,-0.12066506,0.37178785,-0.23873705,0.36621836,0.2909931,0.058644176,-0.2303402,0.66454643
55,812,0.2564749,0.14537832,0.5691674,0.3778065,-0.85852695,0.5532334,0.6170956,0.26498005,0.31582564,0.19289975,0.18737404,-0.03691183,-0.39789408,-0.8929095,0.26914537,-0.085688874
55,818,0.31442535,-0.18771875,-0.27644742,0.2898887,0.13386098,0.6317758,-0.19363038,-0.5914059,0.11783557,0.40616578,-0.086107954,0.22051373,0.063191965,-0.05005631,-0.16668563,0.61992985
55,850,0.357328,0.0019569248,0.3056405,0.06450121,0.21235183,-0.9437188,0.24719225,-0.12398492,-0.51850945,0.46985865,0.6565655,-0.31776038,0.3713258,-0.44084597,-0.45502657,-0.268401
55,851,-0.25794592,-0.2960539,0.36157426,0.26133496,-0.9471605,0.37977904,0.0074826963,0.42598018,0.48848587,0.1400202,0.24071951,-0.29450187,-0.67098397,-0.42867833,-0.08073595,-0.23320334
55,867,-0.029796362,0.1870023,0.19457796,0.009512657,0.3683014,-0.64918596,0.31408912,-0.013435192,-0.60450613,0.25920188,0.32740998,-0.10271679,0.21824984,-0.32304668,-0.3671342,-0.27066648
55,871,-0.8062143,0.65291744,0.06424157,-0.25262696,0.7264264,0.15184647,0.21101303,0.29162508,-0.4139263,-0.30835807,-0.48474878,0.39797196,-0.23308313,0.01709427,0.122272074,-0.22056068
55,881,0.2534057,-0.13326582,-0.38054678,0.27274233,0.23882447,0.59850514,-0.12516074,-0.6514769,-0.027891591,0.3352158,-0.20108482,0.29597145,0.1610278,0.063691504,-0.20147969,0.59551233
55,889,0.5554492,0.102422446,0.40936366,-0.023565646,0.3490158,-0.8776141,0.115665615,-0.13213986,-0.38096213,0.4630745,0.6629032,-0.300226,0.43193072,-0.48175436,-0.2793485,-0.22614591
55,896,-0.6357604,-0.20794776,0.4556025,-0.45928654,-0.07493329,-0.8221417,-0.5768726,0.67114216,0.3833918,-0.20453298,0.30571842,-0.36069223,-0.6459828,0.24089634,0.16447258,-0.25966194
55,904,-0.7476106,0.65524065,0.11790934,-0.295007,0.719477,0.1305055,0.16958146,0.32099396,-0.34369934,-0.33191586,-0.45666772,0.37590992,-0.25795728,0.010916114,0.19470502,-0.20456477
55,911,-0.24723265,-0.27837124,0.3504175,0.25521544,-0.9063859,0.37536663,0.010506246,0.40268266,0.4697438,0.13693877,0.2278616,-0.27761778,-0.65086126,-0.41757327,-0.070812345,-0.21492676
55,917,-0.2002887,-0.24789178,-0.4848081,0.19677001,0.057925686,0.47962406,-0.1613022,-0.4470349,-0.062022746,0.081209645,-0.35493353,0.2198999,0.04187058,0.3584774,-0.3377074,0.2574731
55,927,0.72520113,0.36678356,0.36908844,-0.71281797,0.46880916,-0.022372242,-0.41268617,0.263789,0.60683066,-0.5719717,-0.12489365,0.017507069,0.3023551,0.17305027,0.9571839,0.18164015
55,943,0.051820964,-0.2869276,-0.1644055,0.21451586,-0.048027515,0.52305907,-0.31279224,-0.31940877,0.25632977,0.31200367,-0.035711974,0.07230334,-0.17894766,0.0039705485,-0.18540576,0.41745204
55,952,-0.007260561,0.25670987,0.45504406,-0.68802947,0.42468452,-0.29429612,-0.480649,0.55060744,0.45083982,-0.49389166,-0.036993176,-0.06754768,-0.210238,0.1580787,0.72905034,-0.042040993
55,992,-0.83347845,0.51925766,0.18323335,-0.35054448,0.6238669,-0.013010528,0.0028040148,0.4402953,-0.21604815,-0.3462305,-0.3603506,0.25748965,-0.39140767,0.080111876,0.19349383,-0.23345377
55,1010,0.3511482,-0.015549585,0.31230462,0.061841536,0.1922211,-0.963537,0.23630309,-0.11503348,-0.5051981,0.47128993,0.6708462,-0.3318034,0.35760713,-0.43554223,-0.45782107,-0.2711482
55,1014,0.32766223,-0.17382029,0.64606273,0.37302914,-0.9855703,0.5760879,0.13552375,0.29704282,0.6482446,0.4641754,0.52365804,-0.2655354,-0.61719483,-0.97735393,0.14872995,0.0688507
55,1016,-0.10494304,0.56980836,0.28336072,-0.48733494,0.6894718,0.06459199,-0.10858521,0.29468733,0.07466544,-0.41024423,-0.29282188,0.23044932,-0.029212147,0.033082776,0.52819425,-0.018111628
55,1035,-0.16690773,-0.2604429,-1.1227741,0.3469612,-1.1802486,-0.22400469,0.5777437,-0.020350676,-0.38147995,-0.6852508,-0.46217236,-0.10673472,0.5756555,0.8985218,-0.03697323,-0.72889477
55,1042,0.017764956,-0.24853945,0.26099598,0.26282123,-0.6208111,0.43884867,-0.07016766,0.14762613,0.42760634,0.27210552,0.23218556,-0.17751637,-0.48835212,-0.43503267,-0.034588248,0.063761875
55,1048,-0.98208785,-0.0025608018,-0.0026799813,-0.25250453,0.07454318,-0.12819782,-0.29401028,0.48920146,0.092289284,-0.41104358,-0.32260346,0.019622453,-0.5293774,0.46170127,0.06146898,-0.3404746
55,1051,-0.5419819,-0.17542318,0.45651558,-0.48448637,-0.04552546,-0.8210103,-0.5747732,0.655908,0.39664018,-0.2111291,0.31545186,-0.3599417,-0.5776742,0.22927554,0.20759399,-0.24299504
55,1055,-0.045358866,0.5765609,0.29549474,-0.50448936,0.6946029,0.07292923,-0.121911556,0.287294,0.10737042,-0.4212156,-0.29058263,0.22989774,0.0004119575,0.032771282,0.56129706,-0.0012326874
55,1056,-0.5419819,-0.1754232,0.45651564,-0.48448628,-0.04552543,-0.82101023,-0.5747732,0.65590805,0.39664012,-0.21112911,0.31545186,-0.35994172,-0.5776742,0.22927555,0.20759399,-0.24299501
55,1076,0.3664533,-0.028491095,-0.5141175,0.33519214,0.36556476,0.69598037,0.036673293,-0.8468302,-0.2051337,0.35426497,-0.31210774,0.442478,0.3589437,0.06833152,-0.22976024,0.6695754
55,1082,0.14905456,-0.5067841,0.007995009,0.18584849,-0.22204736,0.4241518,-0.61583155,-0.17567892,0.50948584,0.47683537,0.3164596,-0.19076046,-0.37428403,-0.16505931,-0.18644468,0.47889167
55,1098,-0.58191574,-0.46280605,-0.79907954,0.15156466,-1.0590127,-0.40041402,0.06636211,0.27635512,-0.078874975,-0.63576615,-0.30205104,-0.27416033,0.11151685,0.93983114,-0.081039056,-0.7098497
55,1107,-0.07957862,0.24353333,0.14720947,0.024535313,0.4306022,-0.5683249,0.362763,-0.024403915,-0.6728577,0.23658033,0.25275958,-0.04204555,0.23269744,-0.31941056,-0.37291145,-0.26615518
55,1117,-0.1735692,0.059493568,0.21863443,-0.06553672,0.2310443,-0.7339178,0.13852838,0.13248599,-0.42192638,0.18225358,0.3491677,-0.18180636,0.03673555,-0.19012745,-0.30577785,-0.27453074
55,1126,-0.9249475,0.17199054,-0.13173899,-0.13973475,0.28874764,0.37668332,-0.054711927,0.18962142,-0.01846753,-0.36776364,-0.6366763,0.3270218,-0.43177432,0.44323677,-0.042436205,-0.19257355
55,1128,-0.96035963,0.112012476,-0.12318334,-0.16002403,0.26819208,0.3154105,-0.12615435,0.2307496,0.0034922361,-0.3696993,-0.58539516,0.26869968,-0.46390414,0.47319633,-0.06437381,-0.19700916
55,1131,0.24627429,0.5523083,0.30350506,-0.5350601,0.6621362,0.121432394,-0.17097478,0.20655462,0.24262716,-0.44968492,-0.27689335,0.21204549,0.13921566,0.051027022,0.68068624,0.09389333
55,1134,0.27751648,0.012737714,-0.5208224,0.299216,0.41325867,0.6815204,0.055063486,-0.8189136,-0.2477257,0.30433804,-0.35890502,0.46462983,0.34175467,0.10796496,-0.22832386,0.62039727
55,1147,0.08925524,-0.55207443,0.08844201,0.14567578,-0.28548285,0.34976155,-0.69454956,-0.057749335,0.5812434,0.46523285,0.3967467,-0.28301275,-0.48390698,-0.18884294,-0.16759734,0.42439365
55,1148,-0.33118325,-0.294171,0.26048887,-0.18613818,-0.19191873,-1.0138733,-0.22678965,0.3797006,-0.0040733516,0.065891206,0.49085778,-0.430022,-0.2457086,0.09420289,-0.20148702,-0.31267992
55,1152,0.9169798,0.39510757,0.35644522,-0.71008736,0.48294082,0.053813815,-0.39715338,0.1744895,0.6526028,-0.5795182,-0.14551398,0.044510476,0.43315065,0.16840325,1.0098493,0.24901925
55,1155,-0.16236429,-0.38769984,0.29837403,0.25965017,-0.8461616,0.3950551,-0.16959758,0.32263938,0.5343246,0.24158151,0.30119467,-0.31185758,-0.6442201,-0.39739376,-0.12964399,-0.09142695
55,1157,-0.6722833,0.5696759,0.24294373,-0.40033722,0.70041764,-0.03803173,-0.021177825,0.4324046,-0.18406956,-0.34371436,-0.31165853,0.24574243,-0.30389184,0.020122021,0.27398342,-0.19790418
55,1167,0.29670107,-0.19570401,0.24313599,0.279042,-0.4011008,0.5319905,-0.10858923,-0.069131345,0.4401003,0.4163928,0.26240033,-0.083493546,-0.36331403,-0.5215933,0.0468797,0.3322753
55,1171,-0.2406234,-0.30118066,0.2041766,-0.1986408,-0.2628944,-1.0378277,-0.20042393,0.3772863,0.0068627596,0.014121205,0.4886921,-0.45034564,-0.16038108,0.14129925,-0.1466835,-0.3310088
55,1190,0.86296785,0.3849978,0.36126924,-0.71389437,0.4762481,0.027874125,-0.40396005,0.20475757,0.6425895,-0.57981676,-0.13754633,0.033828363,0.3953585,0.17170158,0.99705863,0.22734526
55,1195,0.2998305,0.3113616,0.41264084,-0.70338506,0.4517895,-0.17579757,-0.44793484,0.43509313,0.50988954,-0.53434026,-0.07938266,-0.029683232,0.008532852,0.16535397,0.8331796,0.049011838
55,1196,0.14905456,-0.5067841,0.007995009,0.18584849,-0.22204733,0.4241518,-0.6158316,-0.17567894,0.50948584,0.47683537,0.3164596,-0.19076046,-0.37428403,-0.16505928,-0.1864447,0.47889167
55,1207,0.9408622,0.46744663,0.33620676,-0.66909796,0.5452701,0.15778755,-0.32632583,0.09811916,0.60997415,-0.5622773,-0.20992135,0.12211139,0.47811288,0.13504025,0.98837405,0.28052393
55,1218,1.7454417,0.0988692,-0.46649542,-0.60581595,-0.38433176,-0.30922168,0.06272456,-0.11971316,0.43008262,-0.805685,-0.012496695,-0.24388394,1.4537902,0.6421023,1.0898685,0.15262964
55,1230,-0.1390258,-0.38532516,0.12367591,-0.25334248,-0.43832576,-1.0410385,-0.28042626,0.39975628,0.17006315,-0.11066679,0.4638921,-0.5032993,-0.12568486,0.2984005,0.0027161129,-0.29891068
55,1231,-0.55036736,-0.4694934,-0.49549899,0.11816077,-0.08688608,0.32877064,-0.40347874,-0.22269586,0.053849623,-0.020888202,-0.3132026,0.05025792,-0.15232897,0.5661095,-0.47275895,0.077337064
55,1233,0.11934686,-0.2074433,-0.24817768,0.2074071,0.13277039,0.53962404,-0.2648534,-0.4637993,0.14028464,0.3075108,-0.12224495,0.18151383,-0.043120548,0.057818696,-0.1686495,0.5161879
55,1240,0.015262067,0.041303962,0.14075626,0.12745902,0.23062384,-0.81411344,0.40608948,-0.08488291,-0.7255259,0.38568413,0.456788,-0.19168496,0.2912439,-0.36013603,-0.5748731,-0.3053253
55,1258,-0.15596075,-0.21468875,-0.56723464,0.17506264,0.3879866,0.42739025,-0.24497762,-0.55753756,-0.22821435,0.20004357,-0.25945443,0.25840697,0.15678827,0.35180455,-0.41054767,0.43112168
55,1259,0.23586178,0.5780126,0.44583938,0.4971248,-0.8542671,0.6761154,1.4544468,0.21569833,-0.06945221,-0.22351506,-0.35688925,0.31137568,-0.036696017,-0.78478247,0.41236544,-0.3279425
55,1262,0.893448,0.008676961,0.021156594,-0.66894984,-0.20438856,-0.59998167,-0.28990436,0.28603846,0.5270241,-0.5860805,0.19640903,-0.33811516,0.63478583,0.45559102,0.81476986,-0.014781732
55,1264,0.24676257,0.117772676,0.1979247,0.080911264,0.32407528,-0.7091374,0.32163757,-0.15388858,-0.60117435,0.37660104,0.44497055,-0.17037016,0.37254155,-0.39132476,-0.40975183,-0.23162965
55,1276,-0.7758149,0.67504764,0.0893299,-0.2731973,0.7402151,0.14932124,0.20838548,0.3023321,-0.39699498,-0.31982386,-0.47800472,0.39888218,-0.23518147,0.0029283166,0.15879446,-0.21308659
55,1279,-0.15452339,-0.75050396,-1.4139379,0.48570907,-1.8639812,-0.56619054,0.43368262,0.027699336,-0.2823735,-0.7732545,-0.28645343,-0.45728683,0.6767277,1.2388041,-0.17355545,-0.92985654
55,1284,-0.062991664,0.2578432,0.19187984,-0.020938005,0.43912095,-0.565605,0.3058643,0.004581973,-0.5951903,0.21115126,0.25754178,-0.050491944,0.20398624,-0.31117707,-0.30586672,-0.25938436
55,1293,0.29042387,0.6461763,0.4928042,0.5499842,-0.95675313,0.7275743,1.6383933,0.24827448,-0.08983169,-0.25743893,-0.38806075,0.34198695,-0.0033874288,-0.87338984,0.45611036,-0.38298315
55,1295,-0.0007108748,-0.47995973,-0.06169795,0.16519098,-0.18622476,0.44077402,-0.5794242,-0.1697058,0.45857286,0.3833685,0.17033698,-0.121689215,-0.36713934,-0.025825813,-0.2254913,0.40973154
55,1296,-0.08280754,0.2441155,0.14752312,0.01645158,0.4280587,-0.5494228,0.34638366,-0.021613866,-0.649369,0.2217239,0.23863213,-0.037599683,0.21908517,-0.3058964,-0.35024107,-0.25632307
55,1299,0.14549431,-0.2167418,-0.23303811,0.2174648,0.11423129,0.5566557,-0.2730413,-0.46464095,0.16664521,0.32903486,-0.100629345,0.17273211,-0.05260458,0.030368842,-0.163721,0.53015435
55,1301,0.32673067,-0.10104613,0.29500827,0.08935979,0.09355649,-1.0162866,0.23268296,-0.11819116,-0.4908057,0.48427564,0.7054464,-0.37517053,0.3235427,-0.40752435,-0.50193125,-0.2706231
55,1313,0.16790706,-0.18832019,-0.22794858,0.22360401,0.1191305,0.5447243,-0.23075098,-0.46932822,0.13609119,0.32214224,-0.09936014,0.17774975,-0.031756535,0.0077112913,-0.14595519,0.5231114
55,1315,-0.9216555,0.18367118,-0.13216332,-0.13721174,0.2922967,0.38954502,-0.041977372,0.18407974,-0.020442441,-0.36898094,-0.6485769,0.3385796,-0.42859346,0.43888313,-0.037592083,-0.19341707
55,1329,0.5451743,0.5374509,0.32877856,-0.6005626,0.63334304,0.14396375,-0.23393995,0.16474995,0.3983075,-0.5011476,-0.25368828,0.1837354,0.28891683,0.076715805,0.82085955,0.17144708
55,1361,-0.25865403,0.069338426,-0.74554074,0.2018666,-0.4577077,0.034635935,0.49578813,-0.06895885,-0.41479656,-0.49317974,-0.506837,0.14156738,0.35213786,0.558408,0.0047587343,-0.43499383
55,1366,0.3218884,-0.1697348,-0.2779288,0.2890043,0.14365438,0.609576,-0.1686369,-0.5929967,0.08581571,0.39549708,-0.08427431,0.22014537,0.08117972,-0.056449473,-0.15839417,0.61108595
55,1367,-0.40625584,-0.5998229,-1.0762126,0.30124706,-1.4241819,-0.47788343,0.22093427,0.16963667,-0.16531405,-0.69702554,-0.29498264,-0.35990492,0.35636705,1.0814412,-0.12970747,-0.81276673
55,1375,0.28288448,0.0048118606,-0.4848412,0.29614836,0.37483174,0.64500225,0.053480223,-0.77992725,-0.22626086,0.29420173,-0.33147937,0.43222958,0.3175773,0.08942045,-0.20471446,0.60207975
55,1390,-0.2002887,-0.24789178,-0.48480812,0.19677001,0.05792567,0.47962406,-0.1613022,-0.44703484,-0.062022746,0.08120963,-0.35493353,0.2198999,0.04187061,0.3584774,-0.33770734,0.2574731
55,1391,-0.026574641,0.17590794,0.19327527,0.014410052,0.35686064,-0.6590913,0.31475228,-0.016276658,-0.6050616,0.2647289,0.335432,-0.10961047,0.21911977,-0.32270312,-0.37544358,-0.27142528
55,1408,-0.6547035,-0.38435477,-0.64572453,0.077296875,-0.84573865,-0.34889588,-0.010426048,0.31142807,-0.04189372,-0.588485,-0.30215672,-0.22193709,-0.011992864,0.8496592,-0.05756607,-0.63305694
55,1422,0.19620895,-0.013821989,-0.50486815,0.2721469,0.37813053,0.63812387,0.021549162,-0.75407207,-0.22685367,0.2664587,-0.35495004,0.4272354,0.29018658,0.14249763,-0.23786847,0.5640969
55,1425,0.8046715,0.49971503,0.33843312,-0.64848757,0.58371174,0.15781492,-0.29433474,0.12291237,0.53853005,-0.54279375,-0.22791712,0.14786136,0.41202372,0.11148055,0.93485045,0.24282725
55,1441,-0.32939053,-0.15498137,0.39699364,-0.5111855,-0.06879601,-0.79255027,-0.54641896,0.601299,0.42465013,-0.2616746,0.30488753,-0.36253408,-0.40576315,0.26200598,0.2950949,-0.20551251
55,1451,-0.72820103,-0.55584186,-0.43443096,0.0813976,-0.29328424,0.2565023,-0.45494998,-0.048218902,0.17119275,-0.13450643,-0.32869443,-0.04981695,-0.301948,0.6438945,-0.4694051,-0.09538941
55,1458,0.32287717,0.13517053,0.25019944,0.07478786,0.3567204,-0.7988137,0.33748877,-0.15347493,-0.63161904,0.43570948,0.5304258,-0.2036739,0.43319893,-0.4624253,-0.44419587,-0.26601556
55,1480,-0.7424779,0.20261066,-0.14132708,-0.08723855,0.324678,0.38099802,-0.00089906156,0.057156034,-0.07496466,-0.28108767,-0.5900493,0.34250242,-0.3354101,0.35527542,-0.020068213,-0.094830826
55,1482,-0.7968056,0.5281068,0.16198286,-0.328771,0.627725,0.015946688,0.033344574,0.39946428,-0.2386179,-0.33609024,-0.37303337,0.27362892,-0.3577786,0.07115078,0.18758099,-0.21665789
55,1483,0.33480632,0.033171825,0.26011392,0.07881796,0.24236836,-0.85390174,0.27205762,-0.14929894,-0.5440277,0.4407612,0.5805555,-0.26708308,0.37911987,-0.4199732,-0.43930912,-0.24657933
55,1484,0.08110243,-0.046508595,0.09286532,0.22252813,0.15092039,-0.9066264,0.4909217,-0.1630244,-0.82942474,0.4826752,0.53876853,-0.24108091,0.37347263,-0.399207,-0.7196519,-0.32026902
55,1486,-0.15840477,0.10090144,0.19540691,-0.043858618,0.27587095,-0.6772663,0.18696937,0.09290532,-0.4744153,0.18634956,0.3121938,-0.14255369,0.07385248,-0.21085586,-0.31319726,-0.26358357
55,1498,-0.16690773,-0.26044288,-1.1227742,0.34696117,-1.1802486,-0.22400469,0.5777437,-0.020350676,-0.38147995,-0.6852509,-0.4621724,-0.10673474,0.57565546,0.8985218,-0.036973238,-0.7288947
55,1504,0.70814705,0.36610848,0.38490635,-0.7292769,0.46980911,-0.041307177,-0.42714268,0.2906413,0.6182944,-0.58035904,-0.117054075,0.009277314,0.28401214,0.17409988,0.967473,0.16977303
55,1513,1.029732,0.45427367,0.3395259,-0.6893243,0.526392,0.15474777,-0.34741378,0.089312695,0.6576177,-0.5791335,-0.19736981,0.10544236,0.5247695,0.14840719,1.0292506,0.3001545
55,1522,0.25319767,-0.14612597,-0.3780981,0.27385905,0.23154713,0.60951966,-0.14253275,-0.65053177,-0.008068606,0.3445378,-0.19627742,0.2926548,0.15045185,0.063867606,-0.20648806,0.6026232
55,1550,0.29670113,-0.19570404,0.24313602,0.279042,-0.4011008,0.5319905,-0.10858923,-0.06913135,0.44010025,0.41639268,0.2624004,-0.083493516,-0.36331403,-0.52159333,0.046879705,0.33227536
55,1555,-0.35515466,-0.46167105,0.3174504,0.23408757,-0.9978696,0.31001478,-0.1988259,0.48349634,0.55173784,0.15871163,0.31594366,-0.40772426,-0.74999917,-0.3334754,-0.19361435,-0.26126868
55,1562,0.2767076,0.11302785,0.19967428,0.10953161,0.32774234,-0.77214694,0.37609085,-0.17225815,-0.6728497,0.42960536,0.49723083,-0.18839705,0.42535466,-0.43957686,-0.48085976,-0.2602599
55,1568,0.21066698,-0.271143,0.5138812,0.2876905,-0.8119893,0.42409906,-0.08500458,0.2628633,0.5837421,0.42425096,0.52058095,-0.31708175,-0.59993225,-0.7580828,0.060925275,0.096199825
55,1569,0.30758893,0.13471237,0.23590803,0.07772356,0.35308313,-0.773232,0.33705008,-0.15680909,-0.62833023,0.42215234,0.5073188,-0.19254422,0.42334288,-0.44716763,-0.4363258,-0.2571976
55,1586,-0.829799,0.5067086,0.2111645,-0.35631925,0.63054514,-0.09864229,-0.007269252,0.46053836,-0.24643286,-0.32048786,-0.29673457,0.21668231,-0.36965764,0.04937955,0.1710185,-0.25378156
55,1590,-0.5645269,0.12966596,-0.39024955,0.05646616,0.56626976,0.3731273,-0.00068603083,-0.2319127,-0.38658535,-0.044079036,-0.43025786,0.36277688,-0.010775313,0.3009608,-0.2890874,0.11162311
55,1611,0.2767076,0.11302785,0.19967431,0.10953162,0.3277423,-0.77214694,0.37609085,-0.17225814,-0.6728497,0.42960542,0.49723083,-0.18839708,0.4253546,-0.4395768,-0.48085976,-0.26025993
55,1618,0.0937503,0.080723345,0.07526778,0.17602985,0.27256286,-0.6887545,0.46574685,-0.18265064,-0.7770158,0.3857239,0.38272268,-0.13043728,0.3692301,-0.36728966,-0.55821466,-0.25510746
55,1620,0.2862742,0.015081234,-0.49990177,0.30306086,0.39078632,0.6787299,0.062407836,-0.8035036,-0.23016915,0.30113524,-0.3535277,0.45708105,0.32920063,0.09267002,-0.21196373,0.61392534
55,1622,-0.011203736,0.08457775,0.15075076,0.086338274,0.26801276,-0.73856723,0.36448777,-0.06090391,-0.66951656,0.32928056,0.39563417,-0.1563234,0.25172234,-0.3305313,-0.49132746,-0.2835662
55,1626,0.3155223,-0.14723682,-0.26200306,0.28037268,0.14312735,0.5737635,-0.14106634,-0.5705756,0.060110077,0.37392706,-0.07722971,0.20941383,0.08124301,-0.06854075,-0.13845728,0.58495146
55,1635,-1.0160547,0.24706222,0.096916586,-0.30102754,0.40375632,-0.014231678,-0.1862996,0.47300974,-0.045580283,-0.35827857,-0.3838792,0.16959165,-0.5307957,0.28583115,0.08566336,-0.27672493
55,1645,-0.36039355,0.08525243,0.46140948,-0.61026824,0.25074396,-0.50476503,-0.5206761,0.65203065,0.39619207,-0.40365386,0.068335965,-0.17117512,-0.4512341,0.19383565,0.5169966,-0.16191892
55,1649,0.3857199,0.10132692,0.28018448,0.08939078,0.3302064,-0.89622813,0.34949896,-0.16457322,-0.6495148,0.4951471,0.6190736,-0.2541824,0.47297186,-0.5069994,-0.4965003,-0.28940257
55,1652,-0.8820933,0.10204443,-0.19006073,-0.1117872,0.32525256,0.32783493,-0.10673918,0.13334155,-0.07786925,-0.3009369,-0.55220026,0.28516492,-0.36622465,0.44792718,-0.12337057,-0.13372864
55,1665,-0.7716781,0.67738605,0.072566494,-0.25596187,0.7420327,0.15793826,0.22809535,0.28137124,-0.4218518,-0.30952084,-0.4822858,0.40592438,-0.2165654,-0.0020838827,0.1414476,-0.20961313
55,1673,0.090347886,-0.032077298,0.07562561,0.23333503,0.16663525,-0.8770808,0.5064077,-0.18086064,-0.8464665,0.48093307,0.5193803,-0.22458938,0.39045125,-0.40076053,-0.71841383,-0.3116664
55,1688,-0.85881007,0.52848995,0.05792132,-0.24584341,0.6290905,0.10834043,0.11114769,0.3172603,-0.3279373,-0.30542994,-0.45410806,0.33361202,-0.30197757,0.089952946,0.09244203,-0.2289577
55,1692,-0.780512,0.666748,0.055178523,-0.24118303,0.7357594,0.16321705,0.23563696,0.26786262,-0.43617737,-0.30028814,-0.48751077,0.40786257,-0.20958851,0.0033300668,0.12013839,-0.20951904
55,1701,-0.20367421,0.32864094,-0.52584475,0.21375859,0.77904063,0.45076004,0.28728586,-0.54523396,-0.7346674,0.11650945,-0.40017197,0.50960636,0.35942346,0.06971284,-0.3153438,0.27205637
55,1711,1.1512117,0.3939329,0.30579004,-0.67179865,0.44030073,0.13370734,-0.35011664,0.045571856,0.685396,-0.5837531,-0.16764632,0.063916385,0.605669,0.18107715,1.0405624,0.32025364
55,1717,-1.0160547,0.24706225,0.096916616,-0.30102754,0.40375635,-0.014231682,-0.1862996,0.47300974,-0.045580268,-0.35827857,-0.3838792,0.16959167,-0.5307957,0.28583112,0.08566336,-0.27672493
55,1726,0.4200142,0.32809603,0.38672107,-0.69323575,0.45803195,-0.11898674,-0.42600787,0.37068743,0.52325207,-0.53826153,-0.09936078,-0.009674229,0.09783988,0.16677517,0.85651445,0.09208889
55,1728,-0.010325402,-0.1133779,-0.620065,0.20330927,0.5766373,0.47720522,-0.17158195,-0.6907036,-0.36113244,0.27959663,-0.25047806,0.34793508,0.28963673,0.27939263,-0.39525372,0.5593859
55,1737,0.2983207,-0.112205386,-0.425652,0.29505873,0.27327386,0.6206483,-0.08393495,-0.7159739,-0.08127238,0.34711736,-0.22510716,0.33309487,0.22819783,0.06560809,-0.21487577,0.6251888
55,1741,0.31552237,-0.14723682,-0.2620031,0.2803727,0.14312735,0.5737635,-0.14106636,-0.57057565,0.060110077,0.37392706,-0.07722971,0.20941381,0.08124301,-0.06854075,-0.13845728,0.58495146
55,1754,-0.06971112,0.3488887,-0.56190896,0.26117378,0.7984031,0.44750336,0.35519642,-0.635704,-0.8107347,0.16216455,-0.36794537,0.5228388,0.46746767,0.011817962,-0.316491,0.32321244
55,1757,0.36645335,-0.02849111,-0.5141175,0.33519214,0.36556476,0.69598037,0.036673293,-0.8468301,-0.2051337,0.35426503,-0.31210774,0.442478,0.35894364,0.06833152,-0.22976024,0.6695754
55,1767,-0.9249475,0.17199054,-0.13173899,-0.13973473,0.2887476,0.3766833,-0.05471191,0.18962142,-0.01846753,-0.3677636,-0.6366763,0.3270218,-0.43177432,0.44323683,-0.04243622,-0.19257352
55,1769,-0.074627385,0.24824516,0.15710935,0.014173234,0.43425012,-0.5658816,0.35010663,-0.018568195,-0.6555179,0.23049955,0.2529298,-0.042954803,0.22715203,-0.31790137,-0.35665166,-0.26399758
55,1780,0.11686981,0.0073956028,0.08288182,0.22940196,0.21095166,-0.86007965,0.5272526,-0.19146603,-0.86998045,0.48639607,0.5129544,-0.20608512,0.4215861,-0.4267947,-0.70982057,-0.31390676
55,1781,-0.837809,-0.2038292,-0.30693537,-0.09152839,-0.37112206,-0.23905626,-0.17928834,0.40229857,0.03627865,-0.4888391,-0.30564493,-0.10571124,-0.29143223,0.6528204,-0.00811322,-0.47643936
55,1782,0.5451742,0.5374509,0.32877854,-0.6005625,0.633343,0.14396377,-0.23393992,0.16474992,0.39830756,-0.5011477,-0.25368828,0.18373539,0.28891683,0.076715805,0.8208597,0.17144708
55,1793,-0.8869193,0.4292844,0.06100747,-0.24884325,0.54958415,0.06768055,0.023720961,0.3455827,-0.24882194,-0.30989805,-0.4228753,0.27624118,-0.36248896,0.14754893,0.08360832,-0.23068495
55,1796,0.37584156,0.721005,0.5591681,0.5811844,-1.0104697,0.7525457,1.7811044,0.26625863,-0.117017336,-0.25348514,-0.37929854,0.3676931,0.025802761,-0.99625635,0.52050894,-0.39982498
55,1799,-0.56140006,-0.14426449,0.47046146,-0.52128977,-0.0016082972,-0.75371575,-0.590493,0.6925876,0.42049044,-0.2766541,0.24795176,-0.324683,-0.60661227,0.24236107,0.2853219,-0.23783694
55,1805,-0.35906303,-0.35156375,-0.5221772,0.14152414,0.14665449,0.36858293,-0.33776474,-0.38426924,-0.075817704,0.092635125,-0.27801546,0.1455713,-0.0073943287,0.4595207,-0.44291246,0.25462994
55,1813,-0.3035658,-0.13955908,0.38257438,-0.50358987,-0.055648714,-0.7653691,-0.5272803,0.5797629,0.41046202,-0.2650857,0.28770602,-0.34734493,-0.3814512,0.2572231,0.30468696,-0.19390304
55,1824,1.0852858,0.07880193,-0.07799242,-0.64564574,-0.16880351,-0.47037962,-0.18955187,0.16909444,0.47319585,-0.6248119,0.114472166,-0.27405134,0.820079,0.46249843,0.88059783,0.043937914
55,1825,-0.30257004,-0.1017845,-0.48986796,0.094241016,0.515559,0.42999467,-0.24815491,-0.44938987,-0.2266055,0.1367592,-0.31583443,0.30592552,0.04673603,0.36636674,-0.33915716,0.389099
55,1826,-0.21465117,-0.12418136,-0.5513159,0.13127382,0.5477864,0.4591338,-0.24881089,-0.5404218,-0.26572207,0.19614561,-0.29410857,0.3227021,0.12824433,0.3549779,-0.3795002,0.46046957
55,1833,0.38093847,0.78288853,0.546283,0.59627175,-1.0073532,0.76292384,1.8980703,0.25949463,-0.1738909,-0.30758202,-0.44725794,0.41265464,0.0788368,-0.989707,0.5436428,-0.43060184
55,1837,0.31442535,-0.18771878,-0.27644747,0.2898887,0.13386096,0.63177586,-0.19363038,-0.591406,0.11783554,0.40616572,-0.08610797,0.22051373,0.063191965,-0.05005634,-0.16668564,0.61992985
55,1840,0.22491086,-0.16097268,0.23923004,0.27235034,-0.42412686,0.5009752,-0.039630268,-0.026313946,0.3856967,0.35135674,0.21625005,-0.075157166,-0.36309028,-0.49428123,0.04540001,0.25199133
55,1842,-0.96035963,0.112012476,-0.12318334,-0.16002403,0.26819208,0.3154105,-0.12615435,0.2307496,0.0034922361,-0.3696993,-0.58539516,0.26869965,-0.46390414,0.47319633,-0.06437381,-0.19700913
55,1843,-0.3705879,-0.61696154,-1.1110972,0.32532987,-1.4675783,-0.48545584,0.2444982,0.14449024,-0.18116991,-0.697945,-0.2904866,-0.37040174,0.393983,1.0925611,-0.13712156,-0.8168226
55,1858,-0.29123884,-0.18227655,0.25640407,-0.14539853,-0.048182756,-0.92026925,-0.1156044,0.2990258,-0.13492511,0.11261089,0.447384,-0.34882644,-0.17353743,-0.0048169643,-0.24275984,-0.2923345
55,1868,-0.14618462,-0.4057927,-0.041423563,0.120035775,-0.17287627,0.38955426,-0.50453323,-0.082504965,0.4103185,0.2627746,0.07382865,-0.09493235,-0.409122,0.03867946,-0.18803978,0.29278713
55,1869,0.35015625,0.7970644,0.4974762,0.58533806,-0.95999944,0.7276811,1.9185737,0.24669597,-0.23193912,-0.3599242,-0.49663174,0.42909804,0.12120579,-0.9195684,0.5332414,-0.4474569
55,1870,0.3922398,-0.0864362,-0.49154273,0.3412389,0.31821513,0.6835744,-0.025798801,-0.8282965,-0.14233077,0.38751656,-0.2545896,0.3945925,0.3298962,0.05101104,-0.23679055,0.69028914
55,1872,-0.2503151,-0.09877001,0.25825304,-0.1270607,0.05107777,-0.87176067,-0.03585394,0.25361037,-0.22580351,0.13880192,0.42569,-0.29824725,-0.10913247,-0.07561067,-0.26111192,-0.28927034
55,1874,0.36645323,-0.028491095,-0.5141175,0.33519214,0.36556476,0.69598037,0.036673293,-0.8468301,-0.2051337,0.35426497,-0.31210774,0.44247797,0.35894364,0.06833151,-0.22976024,0.6695754
55,1875,0.317738,-0.14859864,0.6232078,0.36171743,-0.9360211,0.5612688,0.15113722,0.27711964,0.6091011,0.4413516,0.49099433,-0.2422137,-0.59041494,-0.9469956,0.156043,0.07224031
55,1877,-0.5645269,0.12966596,-0.39024955,0.056466166,0.56626976,0.3731273,-0.00068603083,-0.2319127,-0.38658535,-0.044079028,-0.43025786,0.36277688,-0.010775283,0.3009608,-0.2890874,0.11162311
55,1892,0.022566438,0.18254298,0.41313252,0.384505,-0.8713381,0.5548971,0.7699202,0.29071382,0.2059945,-0.030047357,-0.07754138,0.04401706,-0.33132365,-0.6328568,0.1933366,-0.2528415
55,1906,-0.27854034,0.14634997,-0.6834055,0.17891283,-0.29657346,0.09918,0.48978165,-0.09044,-0.43920937,-0.44926238,-0.52329755,0.20410271,0.320266,0.48759967,0.004078623,-0.372812
55,1926,1.2603428,0.13574724,-0.16423732,-0.63204336,-0.14349163,-0.36168662,-0.108846486,0.0718304,0.43623537,-0.664208,0.04483573,-0.22264475,0.98571414,0.47452098,0.94599324,0.09495142
55,1927,0.08110246,-0.04650861,0.09286533,0.22252813,0.15092039,-0.9066264,0.49092168,-0.1630244,-0.82942474,0.48267525,0.53876853,-0.24108091,0.37347263,-0.39920706,-0.71965194,-0.32026905
55,1968,0.42260402,-0.056437418,-0.516991,0.35490313,0.34466347,0.6934956,0.021468872,-0.86757594,-0.19109072,0.38752908,-0.27480668,0.42343757,0.37772554,0.045222767,-0.2365252,0.7009579
55,1977,-0.28853914,0.43673494,-0.40003386,0.10476208,0.49078807,0.37339884,0.4057302,-0.27113667,-0.5631641,-0.15715945,-0.5203335,0.46713462,0.2175755,0.12641485,-0.051794827,0.006607253
55,1979,0.29472792,0.011792883,-0.511631,0.30819637,0.39798155,0.6926317,0.0596468,-0.82009965,-0.23196396,0.31069964,-0.3568686,0.46505544,0.33920932,0.09499122,-0.22067793,0.62637246
55,1982,1.029732,0.45427373,0.33952594,-0.6893243,0.526392,0.15474777,-0.3474138,0.08931268,0.6576177,-0.57913345,-0.19736981,0.10544236,0.5247695,0.14840719,1.0292506,0.30015454
55,1990,0.124952406,-0.20139939,0.25179976,0.2680338,-0.5202761,0.471405,-0.052012887,0.058945782,0.40587515,0.31286055,0.2241124,-0.124155715,-0.42431927,-0.46780872,0.007962689,0.15979445
55,1994,0.09336704,-0.20269358,-0.2161991,0.19397907,0.114783034,0.52139056,-0.26754647,-0.4219287,0.1585796,0.29045767,-0.11363356,0.16400465,-0.0787593,0.04957941,-0.14967884,0.48925373
55,1995,0.3922398,-0.0864362,-0.49154273,0.34123886,0.3182152,0.6835744,-0.025798801,-0.8282964,-0.14233077,0.3875165,-0.2545896,0.39459252,0.32989615,0.051011033,-0.23679055,0.6902892
55,1998,-0.35906303,-0.35156372,-0.52217716,0.14152414,0.14665449,0.36858296,-0.33776477,-0.38426924,-0.075817704,0.092635125,-0.27801546,0.14557132,-0.0073943287,0.45952076,-0.44291246,0.2546299
55,2006,-0.007547915,-0.43982935,0.051159114,-0.3348734,-0.6007066,-1.039071,-0.3566887,0.42985812,0.3489644,-0.25655964,0.4322185,-0.5490162,-0.06412326,0.45583355,0.18932629,-0.2710852
55,2008,0.52670366,0.02255483,0.38831353,0.019859022,0.26071185,-0.965804,0.15447585,-0.14092201,-0.4244784,0.50473917,0.72201216,-0.34787327,0.4244874,-0.48210764,-0.37461245,-0.24744855
55,2011,-0.88691926,0.4292844,0.06100747,-0.24884322,0.54958415,0.06768055,0.023720961,0.34558278,-0.24882194,-0.30989808,-0.4228753,0.27624118,-0.36248899,0.14754893,0.083608314,-0.23068495
55,2012,0.4305207,-0.23234671,0.21515319,0.26832268,-0.26293543,0.5457343,-0.24779528,-0.19120389,0.47967702,0.52034587,0.33040392,-0.07976,-0.3197602,-0.5261363,0.056023818,0.50635153
55,2014,0.0014650226,-0.38257724,0.05445218,-0.27228674,-0.5013296,-1.0494554,-0.23958945,0.37273487,0.18265067,-0.164318,0.45806307,-0.5158539,0.0076039582,0.3445937,0.06722518,-0.29627773
55,2022,-0.045581177,0.23998477,0.19711158,-0.010894306,0.42279744,-0.6007308,0.31437787,-0.0017447695,-0.60610026,0.23307146,0.28765243,-0.06872378,0.2170821,-0.324273,-0.33107615,-0.26769787
55,2027,0.009090483,0.14406948,0.42334428,0.38661766,-0.9114238,0.55368274,0.7286716,0.3139313,0.24126388,-0.013587296,-0.04516375,0.012225419,-0.36428738,-0.6384757,0.17355938,-0.26151013
55,2034,-0.19657674,0.44604185,-0.43478018,0.18368556,0.74650246,0.44687185,0.3876477,-0.4794171,-0.71961796,0.04649061,-0.44707057,0.5323335,0.32060093,0.003918946,-0.19489188,0.20603558
55,2043,-0.4221415,-0.38511693,-0.48204035,0.16523826,-0.13670242,0.4162372,-0.26063967,-0.2838714,0.043010205,-0.023331419,-0.3718948,0.11405123,-0.0965337,0.48695427,-0.39938372,0.0852613
55,2058,0.04012376,-0.49049008,0.08640793,0.1514295,-0.28732672,0.3819725,-0.6042684,-0.04358835,0.55458844,0.41201818,0.311513,-0.22975051,-0.4829347,-0.17209582,-0.1468864,0.3730084
55,2059,0.08110246,-0.04650861,0.09286535,0.22252814,0.15092039,-0.9066264,0.49092168,-0.1630244,-0.82942474,0.4826752,0.53876853,-0.24108091,0.37347263,-0.39920706,-0.7196519,-0.32026905
55,2064,0.25249547,0.16177645,0.55392516,0.37193742,-0.8274933,0.54645604,0.6293345,0.25098023,0.29149967,0.17857079,0.16496854,-0.020569995,-0.37923396,-0.8742535,0.27426502,-0.08225042
55,2080,0.5554491,0.102422446,0.40936363,-0.023565648,0.3490158,-0.87761414,0.11566563,-0.13213986,-0.38096213,0.46307456,0.66290325,-0.30022597,0.43193072,-0.4817543,-0.27934855,-0.22614591
55,2081,0.8046715,0.49971503,0.33843315,-0.6484876,0.58371174,0.15781492,-0.29433474,0.12291237,0.5385301,-0.5427938,-0.22791712,0.14786136,0.41202366,0.11148055,0.9348505,0.24282725
55,2089,-0.8547437,0.47370642,0.20249876,-0.36247167,0.59301126,-0.07373072,-0.041203592,0.47356358,-0.19139178,-0.34095478,-0.31753027,0.21501732,-0.42191112,0.092432745,0.18263045,-0.24413092
55,2106,0.5205081,0.03984447,0.37425882,0.019133817,0.27790445,-0.9225509,0.1547382,-0.14841521,-0.42322582,0.48782152,0.6877023,-0.32560727,0.4238261,-0.47118294,-0.35541022,-0.23497571
55,2107,0.47424257,-0.049366564,0.38746324,0.03453762,0.17492187,-1.0486004,0.15915804,-0.116312064,-0.42434007,0.51917505,0.77253777,-0.39668584,0.38054776,-0.4674732,-0.42998248,-0.26833832
55,2110,0.3254068,-0.36044255,0.16922697,0.2165237,-0.25843996,0.44798744,-0.4345002,-0.14958689,0.5108249,0.5112799,0.38455027,-0.17199492,-0.37103814,-0.4072804,-0.024599746,0.49374762
55,2131,0.5273929,0.07816945,0.3881199,-0.013745237,0.3197859,-0.86470956,0.11309993,-0.13514759,-0.375188,0.45255715,0.64758474,-0.30024347,0.40884912,-0.45651066,-0.28475642,-0.21616541
55,2134,-0.95992416,0.35830012,0.08149722,-0.2816781,0.4911845,0.0324116,-0.06948982,0.41964296,-0.15607283,-0.34204215,-0.4134425,0.23431194,-0.4434567,0.21077177,0.09073496,-0.2629237
55,2138,-0.81991136,-0.633261,-0.43654537,0.07392834,-0.39696473,0.25145096,-0.5111114,0.014003642,0.24110197,-0.16752604,-0.33858594,-0.09490582,-0.36729985,0.7002126,-0.50949585,-0.16146515
55,2143,-0.26023367,0.27593046,-0.59656715,0.16899075,0.07223129,0.23575842,0.47001436,-0.21038073,-0.53323954,-0.29888827,-0.5211036,0.33606037,0.3198508,0.32424682,-0.048160605,-0.18739851
55,2149,1.0297319,0.45427373,0.33952597,-0.6893243,0.526392,0.15474777,-0.3474138,0.089312695,0.6576177,-0.5791335,-0.19736981,0.10544236,0.52476954,0.14840719,1.0292505,0.30015454
55,2156,0.40949887,0.17259037,0.34034932,-0.064778335,0.39930072,-0.6353361,0.063491926,-0.10327656,-0.30714238,0.31041628,0.4457062,-0.18359232,0.32208538,-0.36075008,-0.13281009,-0.15943429
55,2163,0.045051366,-0.08799708,-0.48640412,0.23559909,0.2734801,0.568002,-0.042488944,-0.63275343,-0.1727392,0.19391088,-0.35179523,0.35017815,0.19407879,0.21610175,-0.26544285,0.44876784
55,2166,-0.59768915,-0.18606195,0.48103938,-0.513516,-0.04673347,-0.8090888,-0.61131185,0.7100235,0.43324262,-0.25522763,0.2876174,-0.35762587,-0.6394138,0.25056055,0.247844,-0.25460616
55,2168,-0.79637074,0.58350444,0.15771475,-0.33035183,0.6704156,0.053515546,0.075422406,0.38995904,-0.26867113,-0.3425301,-0.4057392,0.31235054,-0.3338865,0.04996594,0.19643812,-0.22146691
55,2179,0.38571984,0.10132692,0.28018445,0.08939078,0.3302064,-0.89622813,0.34949896,-0.16457321,-0.6495148,0.4951471,0.6190736,-0.25418237,0.4729718,-0.5069993,-0.49650037,-0.28940254
55,2198,0.29670107,-0.19570407,0.24313602,0.27904204,-0.4011008,0.5319905,-0.10858925,-0.069131345,0.44010025,0.41639274,0.2624004,-0.08349353,-0.36331403,-0.52159333,0.046879705,0.33227533
55,2200,-0.34654704,0.09916057,0.47447088,-0.63055253,0.27016923,-0.5006352,-0.5325953,0.6638179,0.41108614,-0.41463053,0.066373244,-0.16817525,-0.44802326,0.19086748,0.54019886,-0.15828983
55,2202,-0.77246296,0.2152519,-0.13155422,-0.10159017,0.29370302,0.37416068,0.026890352,0.108466156,-0.06839049,-0.3299845,-0.6146571,0.34421027,-0.34677696,0.36725524,-0.0010821074,-0.14451711
55,2204,0.38093847,0.7828886,0.546283,0.5962718,-1.0073531,0.76292384,1.8980702,0.2594946,-0.1738909,-0.30758202,-0.44725794,0.4126546,0.078836784,-0.98970723,0.5436428,-0.43060187
55,2223,-0.76493025,0.6656439,0.11827573,-0.29852206,0.7300103,0.13292716,0.1739909,0.3290372,-0.35116276,-0.3345081,-0.46351779,0.3823245,-0.2611122,0.009627432,0.1915172,-0.21203925
55,2225,0.35194057,0.46789035,0.5869918,0.5157223,-1.000556,0.6890577,1.3067309,0.28378642,0.088913605,-0.05437977,-0.11631278,0.18325835,-0.16472648,-0.98998106,0.41725755,-0.27633315
55,2226,-0.9603596,0.112012476,-0.12318334,-0.16002403,0.26819208,0.31541047,-0.12615436,0.2307496,0.0034922212,-0.3696993,-0.58539516,0.26869965,-0.46390408,0.47319633,-0.06437381,-0.19700913
55,2227,-0.14618464,-0.40579265,-0.041423567,0.12003578,-0.1728763,0.38955426,-0.50453323,-0.082504965,0.4103185,0.2627746,0.07382865,-0.09493233,-0.409122,0.03867946,-0.1880398,0.2927871
55,2229,0.25249547,0.16177645,0.55392516,0.37193748,-0.8274933,0.54645604,0.6293345,0.25098026,0.2914996,0.17857082,0.16496854,-0.020569995,-0.37923396,-0.8742535,0.27426505,-0.08225042
55,2243,0.8473122,0.38756916,0.3774422,-0.7316684,0.4826861,0.0127551,-0.41860998,0.23031384,0.6532972,-0.5877074,-0.13175303,0.028135657,0.37747872,0.17106411,1.008332,0.21812169
55,2271,0.0036631823,-0.123647004,-0.4934182,0.23341498,0.23148635,0.56442934,-0.06778504,-0.6075993,-0.14795135,0.17930673,-0.35591727,0.33058774,0.16963618,0.24457791,-0.2864319,0.4200434
55,2274,-0.25794592,-0.2960539,0.36157426,0.261335,-0.9471605,0.37977904,0.007482689,0.42598024,0.48848587,0.14002024,0.24071954,-0.29450187,-0.67098397,-0.42867833,-0.08073597,-0.23320334
55,2289,1.144336,0.4155551,0.32028577,-0.6818222,0.46784267,0.14873682,-0.3525932,0.04936654,0.6917576,-0.58590925,-0.17748556,0.07852639,0.59811455,0.17010227,1.0509598,0.324421
55,2294,0.38571984,0.10132692,0.28018445,0.08939078,0.3302064,-0.89622813,0.34949893,-0.16457321,-0.6495148,0.4951471,0.61907357,-0.25418237,0.47297192,-0.5069993,-0.49650037,-0.28940257
55,2309,0.37806988,0.6153312,0.5780113,0.5613176,-1.014308,0.74737835,1.5831019,0.26833487,-0.013945222,-0.15904482,-0.26772144,0.29617006,-0.05913309,-1.0053322,0.480258,-0.33935505
55,2310,-0.14034572,-0.55275714,-1.3382459,0.42835787,-1.6516023,-0.4335203,0.52476025,0.024456233,-0.31275156,-0.78229815,-0.3806784,-0.3191956,0.66736704,1.1399158,-0.095145926,-0.8878448
55,2317,0.065006316,-0.051101923,0.07075536,0.22301072,0.14176849,-0.8556232,0.47251558,-0.16920403,-0.8027539,0.45475864,0.49844116,-0.22533014,0.3509838,-0.365947,-0.6901712,-0.29643857
55,2328,-0.24723265,-0.2783713,0.3504175,0.25521544,-0.9063859,0.3753667,0.010506257,0.4026827,0.4697438,0.13693874,0.2278616,-0.2776178,-0.6508612,-0.4175732,-0.070812345,-0.21492676
55,2345,0.37763816,-0.022058293,-0.49893048,0.33938512,0.35113975,0.69226897,0.04845769,-0.8374515,-0.19796845,0.35181272,-0.30711028,0.43771374,0.35444492,0.05275224,-0.21564351,0.66458124
55,2357,0.27751648,0.012737706,-0.5208224,0.29921597,0.4132586,0.68152034,0.055063486,-0.8189135,-0.2477257,0.30433804,-0.35890502,0.46462983,0.34175467,0.10796496,-0.22832392,0.62039727
55,2364,1.356128,0.12367651,-0.2217043,-0.6402536,-0.2119681,-0.38947546,-0.07530992,0.055773832,0.44163442,-0.7001418,0.051601455,-0.24297321,1.0821538,0.5137522,0.98176664,0.086379066
55,2372,0.35015625,0.7970644,0.49747613,0.5853381,-0.95999944,0.727681,1.9185736,0.24669594,-0.23193912,-0.3599242,-0.49663174,0.429098,0.12120576,-0.91956854,0.53324133,-0.44745696
55,2377,0.19239259,-0.501907,0.11826283,0.17054005,-0.27350053,0.38132507,-0.63084173,-0.098097295,0.57152283,0.5001485,0.41675085,-0.2573659,-0.44595116,-0.27341163,-0.11850749,0.47008815
55,2379,0.21305552,0.56479436,0.31136706,-0.5421846,0.6749003,0.115493506,-0.1695781,0.22591025,0.23360287,-0.45292133,-0.27952987,0.21593174,0.122423336,0.047179908,0.6778474,0.07977009
55,2395,-0.30257004,-0.10178448,-0.48986793,0.09424102,0.515559,0.42999467,-0.24815494,-0.4493899,-0.2266055,0.1367592,-0.31583446,0.30592552,0.04673603,0.36636674,-0.33915722,0.38909894
55,2403,0.35459727,-0.100022465,-0.4670134,0.32160473,0.30113333,0.6521725,-0.052859727,-0.78333765,-0.12066505,0.3717878,-0.23873705,0.36621833,0.29099315,0.058644183,-0.2303402,0.6645465
55,2406,-0.2503151,-0.09877001,0.25825304,-0.1270607,0.051077783,-0.87176067,-0.03585394,0.25361037,-0.22580351,0.13880192,0.42569,-0.29824725,-0.10913247,-0.07561065,-0.26111192,-0.28927034
55,2409,-0.115957245,-0.60452247,-1.3717542,0.44436046,-1.7216698,-0.46887353,0.51449734,0.020585313,-0.3055409,-0.789154,-0.35781702,-0.3564653,0.68871146,1.1719576,-0.10401076,-0.8993146
55,2414,-0.21835582,0.20508665,0.45794788,-0.6471076,0.38514513,-0.36693385,-0.48387635,0.5979947,0.39039493,-0.44743252,-0.008507907,-0.09237376,-0.34755427,0.1581766,0.6204262,-0.09913474
55,2415,0.17613578,-0.41719437,-0.037591588,0.18552491,-0.1248813,0.4093291,-0.5146514,-0.24396631,0.39093077,0.4364351,0.24540965,-0.11917998,-0.27628887,-0.14173727,-0.15825671,0.4911813
55,2418,-0.010325432,-0.1133779,-0.620065,0.20330927,0.57663727,0.47720528,-0.17158198,-0.69070363,-0.36113244,0.27959657,-0.25047806,0.34793505,0.28963673,0.2793926,-0.39525366,0.55938596
55,2423,-0.84097546,0.4670131,0.1975953,-0.35732847,0.58531964,-0.06534198,-0.043364923,0.46267614,-0.18449003,-0.34035146,-0.31952626,0.21447963,-0.4188187,0.09620902,0.18692009,-0.23577897
55,2434,-0.84119105,0.46234673,0.20236155,-0.35143393,0.5884519,-0.10621762,-0.032795805,0.46327332,-0.21732806,-0.32181132,-0.29095566,0.19898742,-0.39878684,0.07687024,0.16430935,-0.24646406
55,2440,-0.7224504,0.15532544,-0.1881115,-0.07187677,0.37975508,0.40337065,-0.07433142,-0.012352936,-0.08003074,-0.20956586,-0.5563093,0.34284896,-0.31338388,0.37181833,-0.08080447,-0.015174549
55,2445,0.2249108,-0.16097265,0.23923007,0.27235034,-0.42412692,0.50097513,-0.039630253,-0.026313953,0.38569665,0.35135674,0.21625005,-0.07515715,-0.36309028,-0.49428117,0.045400012,0.25199136
55,2446,0.26688486,-0.47042954,0.15161711,0.19773021,-0.29269946,0.42724288,-0.5795186,-0.11737104,0.58651686,0.53327423,0.4320112,-0.23858976,-0.43347573,-0.34955353,-0.08546932,0.49712187
55,2450,1.0928632,0.39957428,0.3282035,-0.6956053,0.46069294,0.11087333,-0.37286288,0.09046621,0.6866709,-0.58970964,-0.1607112,0.058264315,0.5582203,0.17741165,1.0451705,0.30206755
55,2457,-0.30257004,-0.10178451,-0.48986796,0.094241016,0.515559,0.4299947,-0.24815494,-0.44938987,-0.2266055,0.1367592,-0.31583446,0.30592552,0.046736047,0.36636674,-0.33915722,0.38909897
55,2460,-0.006162584,-0.30553752,0.2877374,0.2727778,-0.7101414,0.44362527,-0.11450902,0.19813058,0.489344,0.29201657,0.28150463,-0.22922018,-0.5451734,-0.45447856,-0.0631521,0.03501229
55,2474,0.19620898,-0.013821982,-0.50486815,0.2721469,0.37813053,0.6381239,0.021549165,-0.754072,-0.22685367,0.2664587,-0.35495004,0.4272354,0.29018658,0.14249763,-0.23786844,0.5640969
55,2482,0.09601945,-0.014855593,0.079742506,0.23102133,0.18624996,-0.8747195,0.5167101,-0.18156579,-0.8598475,0.48410094,0.51859784,-0.2175605,0.40229,-0.41297984,-0.71870375,-0.31613794
55,2488,0.38154787,-0.03180644,0.32954448,0.07504713,0.1806342,-1.0336602,0.26026437,-0.120227404,-0.5370443,0.51408136,0.72972506,-0.36151245,0.38872176,-0.47172248,-0.50659233,-0.2951291
55,2520,0.098716825,0.005002193,0.076044455,0.22214521,0.2044173,-0.83253175,0.50849193,-0.18580735,-0.84498703,0.464494,0.48866433,-0.1980043,0.39825577,-0.40374607,-0.6858147,-0.30151638
55,2543,0.3161927,-0.029803932,0.30123517,0.06713858,0.17114311,-0.96717453,0.24319826,-0.10671383,-0.5102839,0.46352714,0.6642423,-0.33313072,0.33772063,-0.42212826,-0.47026235,-0.27460828
55,2547,-0.026574641,0.17590795,0.19327527,0.014410052,0.35686064,-0.65909135,0.3147523,-0.016276658,-0.6050616,0.2647289,0.335432,-0.10961045,0.21911977,-0.32270318,-0.37544358,-0.27142525
55,2550,0.21747446,-0.48769772,-0.03599254,0.20437482,-0.16265726,0.45410594,-0.5954187,-0.26159927,0.4680977,0.5039833,0.29872113,-0.14710692,-0.29986233,-0.16398363,-0.19102627,0.54321074
55,2573,-0.7816126,0.53025997,0.20812768,-0.35307154,0.65189683,-0.07723941,0.011410546,0.4346871,-0.25638318,-0.31658268,-0.3022663,0.23103563,-0.33481914,0.033460237,0.18220127,-0.23806213
55,2578,-0.35515466,-0.4616711,0.31745046,0.23408757,-0.9978696,0.3100148,-0.19882587,0.48349628,0.55173796,0.1587116,0.31594372,-0.40772426,-0.74999917,-0.33347535,-0.19361435,-0.26126865
55,2580,-0.18368232,0.046327766,0.21085244,-0.06445534,0.21555148,-0.7254113,0.12827168,0.13318998,-0.40851927,0.17377721,0.34031737,-0.18278348,0.022833094,-0.17425315,-0.29999685,-0.26724553
55,2607,-0.33447006,0.17254099,-0.46923268,0.14589533,0.66108704,0.37302682,0.10330875,-0.4194784,-0.5551217,0.07418589,-0.35898685,0.39808717,0.19464107,0.18815342,-0.32350498,0.23308887
55,2616,-0.8334784,0.51925766,0.18323338,-0.35054448,0.6238669,-0.013010524,0.0028040148,0.4402953,-0.21604815,-0.3462305,-0.3603506,0.25748968,-0.39140767,0.08011188,0.19349383,-0.23345377
55,2628,0.19493133,0.1512757,0.1492147,0.12302477,0.35856038,-0.6969925,0.4240258,-0.17145585,-0.72875905,0.39336675,0.417068,-0.1329169,0.4129234,-0.41839945,-0.48789054,-0.25860578
55,2640,0.02796024,-0.019843876,0.1057082,0.18062711,0.17080642,-0.85903424,0.44493562,-0.121761434,-0.7741436,0.42896605,0.49115634,-0.21883431,0.31718266,-0.36440426,-0.65377766,-0.31021827
55,2648,-0.8647542,0.4778464,0.2105087,-0.36733863,0.6013427,-0.094677836,-0.03909066,0.48477313,-0.20466131,-0.3368703,-0.30590403,0.20938544,-0.41917688,0.082931,0.17649968,-0.25386983
55,2650,-0.8543258,0.50879,0.056253925,-0.24287334,0.6119869,0.102065444,0.09775018,0.3150568,-0.31445396,-0.30369142,-0.44678435,0.32238626,-0.3086785,0.099099904,0.09061719,-0.22440575
55,2655,-0.9251918,-0.09171879,-0.13955879,-0.18137082,-0.12541306,-0.17919901,-0.24329245,0.45414492,0.06651713,-0.44823563,-0.31599778,-0.036673233,-0.42453033,0.5506462,0.028778363,-0.40560943
55,2659,0.032308787,-0.49718058,0.093559265,0.14830631,-0.29645348,0.37649134,-0.6131146,-0.031205416,0.56349945,0.41127884,0.31907743,-0.23929545,-0.49502504,-0.1736349,-0.14720637,0.3666538
55,2660,0.3948794,-0.049897105,-0.49276307,0.3386217,0.3342017,0.6552783,0.0232556,-0.8273172,-0.1918424,0.36327714,-0.2654202,0.40252158,0.3543818,0.04475802,-0.21955468,0.6697206
55,2661,0.06352466,-0.5285997,0.08627179,0.14627804,-0.2841534,0.36579466,-0.66214836,-0.05142889,0.5740696,0.4422624,0.35758108,-0.259192,-0.48656762,-0.17652373,-0.16035928,0.4039939
55,2688,-0.78628534,-0.22425601,-0.34559563,-0.058615673,-0.4132837,-0.24041599,-0.15065694,0.3596524,0.013980597,-0.48085165,-0.29929247,-0.114708856,-0.24481817,0.6587117,-0.021277249,-0.4688214
55,2699,0.3922398,-0.08643617,-0.49154276,0.34123886,0.31821516,0.6835744,-0.025798794,-0.8282964,-0.14233077,0.3875165,-0.2545896,0.39459252,0.3298962,0.051011026,-0.23679058,0.69028914
55,2703,-0.82787925,0.6166624,0.058853492,-0.24644487,0.6975721,0.13945626,0.18639296,0.29674628,-0.395339,-0.30482185,-0.4777547,0.38075298,-0.2512642,0.03794965,0.10714199,-0.22573908
55,2704,-0.837809,-0.20382923,-0.3069354,-0.09152841,-0.371122,-0.23905626,-0.17928837,0.4022986,0.03627865,-0.4888391,-0.30564493,-0.10571125,-0.2914322,0.6528204,-0.008113228,-0.47643936
55,2709,0.24676257,0.117772676,0.19792467,0.080911264,0.32407528,-0.70913744,0.32163757,-0.15388858,-0.60117435,0.37660104,0.44497055,-0.17037016,0.37254155,-0.39132476,-0.40975183,-0.23162962
55,2725,0.49285895,0.15484527,0.38315228,-0.05311555,0.3952662,-0.747822,0.08399318,-0.115889914,-0.3405618,0.38489127,0.5507981,-0.23526621,0.38360357,-0.42759418,-0.19262667,-0.19211277
55,2730,0.19620898,-0.013821982,-0.50486815,0.27214688,0.37813053,0.6381239,0.021549163,-0.754072,-0.22685367,0.2664587,-0.35495004,0.4272354,0.29018658,0.14249763,-0.23786844,0.5640969
55,2732,-0.14607595,-0.21650243,-0.581625,0.18081394,0.40247995,0.43916097,-0.24773866,-0.5756166,-0.23629002,0.21202771,-0.2598487,0.2668268,0.17055474,0.35283706,-0.42095083,0.44632965
55,2734,0.2441045,0.3013133,0.42428514,-0.7073078,0.44479078,-0.20553538,-0.45764905,0.46577552,0.5037461,-0.5330069,-0.06846212,-0.040856436,-0.032889515,0.16577837,0.8219094,0.027398221
55,2735,-0.9035089,-0.6624292,-0.3916717,0.04659469,-0.47603154,0.20466411,-0.5372647,0.10503998,0.29461718,-0.22213848,-0.3383578,-0.1437133,-0.44494456,0.728794,-0.49491644,-0.2378781
55,2765,-0.7708813,0.20437568,-0.14149295,-0.09712076,0.31555787,0.38962278,0.00025611743,0.08250227,-0.06314598,-0.3041319,-0.6099937,0.34893382,-0.34876573,0.37238157,-0.017934173,-0.11669074
55,2776,0.2564748,0.1453783,0.5691675,0.37780648,-0.8585267,0.5532334,0.61709553,0.26498,0.31582564,0.19289978,0.18737401,-0.03691183,-0.39789408,-0.8929095,0.26914537,-0.085688874
55,2786,0.33549863,0.047026876,0.2541651,0.08123844,0.25803187,-0.83955777,0.28276494,-0.1547652,-0.55742353,0.43938988,0.56890607,-0.2556521,0.38896096,-0.42411977,-0.43953633,-0.24614204
55,2790,0.13779566,-0.5593795,0.10229492,0.15565719,-0.29099512,0.3618984,-0.70465827,-0.072643444,0.5998901,0.49774605,0.4296652,-0.29120147,-0.48000753,-0.22592492,-0.15913187,0.4557
55,2793,1.1801945,0.42452306,0.33857945,-0.71195865,0.47994462,0.14413531,-0.3742901,0.06662048,0.7251211,-0.6029916,-0.17146128,0.07302832,0.611402,0.17191575,1.087098,0.32915908
55,2797,0.31048763,0.41420093,0.56835175,0.47099942,-0.9289957,0.64791197,1.1566358,0.26774898,0.1144266,-0.011848673,-0.074111134,0.15258169,-0.20632151,-0.9462533,0.3889377,-0.23215602
55,2802,-0.5868687,0.021036573,-0.30970284,-0.012598952,0.44252074,0.40543506,-0.19559717,-0.18339081,-0.12149226,-0.054903008,-0.44221628,0.3100788,-0.19548438,0.3891795,-0.2081093,0.15962191
55,2803,0.20475605,-0.047101617,0.21481112,-0.55034703,-0.07789889,-0.64496005,-0.40114304,0.41834715,0.42475843,-0.3904956,0.2216387,-0.313427,0.05430177,0.32019916,0.512698,-0.09845747
55,2816,0.32689792,0.12752408,0.25425434,0.07111862,0.34855053,-0.8008522,0.32444984,-0.15141177,-0.6157734,0.4336933,0.5338754,-0.20941588,0.42595744,-0.4571001,-0.43597752,-0.2619617
55,2821,0.30870962,-0.043153495,0.18745637,-0.5722523,-0.10331082,-0.64737695,-0.38958853,0.40437567,0.44638562,-0.42211658,0.22308181,-0.32283574,0.13999088,0.3435508,0.5604543,-0.08853796
55,2822,-0.2503151,-0.09877001,0.25825304,-0.1270607,0.05107777,-0.87176067,-0.03585394,0.25361037,-0.22580351,0.13880192,0.42569,-0.29824728,-0.10913247,-0.07561065,-0.26111192,-0.28927034
55,2824,0.9169798,0.3951076,0.35644528,-0.7100873,0.48294085,0.05381381,-0.39715338,0.17448947,0.65260273,-0.5795182,-0.14551398,0.04451049,0.4331507,0.16840325,1.0098492,0.24901922
55,2826,0.46138656,-0.35250807,-0.104744345,-0.4243321,-0.63913697,-0.8945639,-0.28331,0.3165289,0.43097454,-0.4362561,0.33214575,-0.5104062,0.3342029,0.5685594,0.4561832,-0.17755836
55,2836,-0.21873686,0.20765716,-0.50911903,0.19169173,0.7006262,0.38009793,0.1751366,-0.50715774,-0.64373744,0.118992135,-0.33770162,0.42394823,0.3011554,0.12959953,-0.33076322,0.28047475
55,2839,0.20868704,-0.45851547,-0.059105646,0.19541527,-0.12117392,0.42709294,-0.56538564,-0.27894294,0.41059202,0.4772014,0.27213788,-0.12808026,-0.26321495,-0.13865702,-0.18762484,0.5362325
55,2844,0.31048763,0.41420096,0.56835175,0.47099942,-0.92899585,0.6479119,1.1566359,0.26774898,0.1144266,-0.011848673,-0.07411112,0.15258169,-0.20632151,-0.9462534,0.38893765,-0.232156
55,2879,-0.4319269,-0.018091075,0.4583809,-0.5724939,0.13111897,-0.6092015,-0.5476888,0.66807896,0.41003603,-0.35882404,0.14090623,-0.23868638,-0.50759923,0.22185586,0.42706656,-0.19424464
55,2887,-0.76919585,0.6169638,0.14782938,-0.3222454,0.69140136,0.091634125,0.106569484,0.36606047,-0.2842298,-0.3458842,-0.430367,0.33941007,-0.3084877,0.035021752,0.21367295,-0.21221678
55,2896,-0.10093197,-0.42768043,-0.04987552,0.13498528,-0.1746844,0.41079584,-0.5269662,-0.11316186,0.42612725,0.30064154,0.09916176,-0.098841056,-0.3947519,0.020599708,-0.20013015,0.33159858
55,2900,-0.4505033,0.57586884,0.26173604,-0.436145,0.7097255,0.009988032,-0.057290975,0.3757111,-0.081864364,-0.36678135,-0.30606678,0.24447946,-0.20243378,0.018657938,0.3784234,-0.120736316
55,2901,-0.033156484,0.19671655,0.19478858,0.005845927,0.37840277,-0.64011097,0.31427222,-0.011221662,-0.60505855,0.2543229,0.31984997,-0.09633356,0.21792097,-0.3231178,-0.36072356,-0.2701826
55,2902,-0.3035658,-0.13955909,0.38257444,-0.50358987,-0.055648714,-0.76536924,-0.5272803,0.5797628,0.41046196,-0.2650857,0.28770602,-0.34734493,-0.3814512,0.25722313,0.30468696,-0.19390307
55,2924,-0.23419851,0.25912946,-0.5211648,0.19792166,0.7416622,0.41594002,0.21455404,-0.51730716,-0.68323845,0.11512874,-0.3708066,0.46388724,0.31746012,0.11269058,-0.33212715,0.27353463
55,2925,-0.92325157,0.16434199,-0.13151339,-0.14012983,0.28545117,0.3663796,-0.06177256,0.19149789,-0.018549562,-0.36604255,-0.6267403,0.31842482,-0.4316147,0.44430172,-0.04521533,-0.19112223
55,2931,0.29402888,-0.23232761,0.6015644,0.34384763,-0.9281728,0.52693146,0.016484493,0.2818497,0.6523476,0.47199988,0.5468816,-0.2981929,-0.6259482,-0.90216994,0.10806054,0.09526047
55,2935,-0.13494466,-0.3454844,-0.06663347,0.13339809,-0.13627812,0.40994793,-0.4208352,-0.11884837,0.350313,0.23729636,0.0131687075,-0.03996022,-0.35808805,0.044724397,-0.17256634,0.28747538
55,2944,0.14137161,-0.19941741,-0.2233005,0.21179675,0.11560211,0.5320162,-0.25169665,-0.4506668,0.14628609,0.31328148,-0.09757675,0.16699938,-0.050465718,0.022646382,-0.14983495,0.512123
55,2949,0.49388802,-0.03031835,0.3936295,0.027683292,0.19924407,-1.0333786,0.15389083,-0.12080164,-0.4209373,0.5184133,0.7661229,-0.3875885,0.39332587,-0.4747511,-0.4140628,-0.26427326
55,2953,0.2904238,0.64617634,0.4928042,0.54998416,-0.956753,0.7275743,1.6383932,0.24827445,-0.08983167,-0.25743893,-0.38806075,0.34198695,-0.0033874363,-0.8733897,0.45611036,-0.38298318
55,2958,0.040429384,-0.031679004,0.098197326,0.19512722,0.16060373,-0.8711603,0.45788166,-0.13472691,-0.7899653,0.44369274,0.50307554,-0.22556895,0.33127797,-0.3708877,-0.67439634,-0.31173456
55,2964,0.45964974,0.53408027,0.3170019,-0.5718757,0.63656104,0.14178461,-0.2149575,0.16538024,0.351434,-0.4789518,-0.26028454,0.1920676,0.24283914,0.068855494,0.77307117,0.15565114
55,2967,0.06958011,-0.06394184,0.2651855,-0.54039484,-0.059577882,-0.67066294,-0.436446,0.46051273,0.42080802,-0.35580635,0.23769583,-0.3184392,-0.06398876,0.29780954,0.45968544,-0.120295346
55,2971,0.21982467,-0.4646533,-0.044332176,0.20208257,-0.14101437,0.44324768,-0.56925035,-0.2723181,0.43642914,0.49005365,0.28348672,-0.13341783,-0.278233,-0.15841077,-0.18264134,0.5402154
55,2983,0.6085332,0.3538909,0.38783336,-0.72377115,0.46629393,-0.072382286,-0.43047002,0.32670397,0.58967686,-0.5710045,-0.109544724,0.00011082739,0.21864359,0.17361215,0.93498653,0.1396968
55,2992,-1.0337815,0.096172854,0.077442035,-0.297652,0.24048942,-0.07764521,-0.29141527,0.5096624,0.06855498,-0.3888024,-0.34730303,0.08226089,-0.57958245,0.38993776,0.07549366,-0.30653173
55,2997,-0.21820298,-0.0681435,-0.93510985,0.2774066,-0.7703277,-0.06853999,0.5477404,-0.061226174,-0.42315626,-0.5755972,-0.49601793,0.043682896,0.4713837,0.7102528,-0.025676996,-0.566846
55,2999,0.27446586,-0.17920712,-0.2704143,0.27308407,0.13831553,0.6093212,-0.19170468,-0.5653073,0.11028652,0.37817675,-0.10071482,0.21800831,0.047631428,-0.029346079,-0.16083048,0.59272295
55,3013,-0.5976891,-0.18606198,0.48103943,-0.513516,-0.04673347,-0.80908877,-0.61131185,0.7100235,0.43324262,-0.25522763,0.2876174,-0.3576259,-0.6394138,0.25056055,0.247844,-0.25460616
55,3020,0.040429384,-0.031679004,0.098197326,0.19512722,0.16060373,-0.8711604,0.45788166,-0.13472691,-0.7899652,0.44369268,0.50307554,-0.22556895,0.33127797,-0.3708877,-0.67439634,-0.31173456
55,3021,0.25340575,-0.13326582,-0.38054678,0.27274233,0.23882449,0.5985052,-0.12516072,-0.6514769,-0.027891576,0.33521575,-0.20108482,0.29597142,0.1610278,0.0636915,-0.20147969,0.5955123
55,3032,0.19239259,-0.50190705,0.1182628,0.17054008,-0.27350053,0.38132504,-0.63084173,-0.098097295,0.57152283,0.5001484,0.41675085,-0.25736597,-0.44595122,-0.27341163,-0.11850749,0.47008815
55,3034,0.27670753,0.11302785,0.19967428,0.10953162,0.32774234,-0.77214694,0.37609082,-0.17225815,-0.67284966,0.42960542,0.49723083,-0.18839705,0.4253546,-0.4395768,-0.48085976,-0.26025993
55,3041,-0.0749601,0.26012033,0.1805923,-0.019395685,0.43974012,-0.54299515,0.30517364,0.0021683201,-0.59331685,0.19999747,0.23749702,-0.040078446,0.19676198,-0.29968852,-0.2980473,-0.2520506
55,3046,0.37170076,0.7381785,0.5464603,0.57920986,-0.99294007,0.744874,1.806337,0.25979856,-0.1434224,-0.2735982,-0.4023707,0.38129014,0.04604411,-0.9811634,0.52519363,-0.40604532
55,3052,-0.13683063,0.5748809,0.28865746,-0.49247694,0.6951682,0.053964704,-0.10868867,0.31272656,0.06669752,-0.41188914,-0.2923709,0.23055117,-0.044377916,0.03205514,0.5207771,-0.03156266
55,3055,0.3155223,-0.14723682,-0.26200306,0.28037268,0.14312735,0.5737635,-0.14106634,-0.5705756,0.060110077,0.37392706,-0.07722969,0.20941383,0.08124301,-0.06854075,-0.13845728,0.58495146
55,3060,-0.59306085,0.11613098,-0.36707628,0.039156377,0.54041946,0.35738093,-0.023325007,-0.19675718,-0.35202378,-0.062205993,-0.42928323,0.34432295,-0.04958044,0.31517163,-0.27551866,0.093675315
55,3064,-1.0313796,0.22213781,0.10276376,-0.30913192,0.3815385,-0.024198119,-0.21496645,0.49078616,-0.014344215,-0.36671075,-0.37974,0.15541442,-0.55400616,0.30526382,0.088942096,-0.28335455
55,3072,-0.029796362,0.1870023,0.19457793,0.009512657,0.3683014,-0.6491859,0.3140891,-0.0134352,-0.6045061,0.25920182,0.32740998,-0.10271682,0.21824987,-0.32304674,-0.3671342,-0.2706665
55,3079,-0.08834319,0.23792656,0.1368828,0.027966622,0.42279774,-0.5532697,0.36021122,-0.027913757,-0.6680852,0.22869284,0.23926605,-0.037322044,0.22482361,-0.30746013,-0.36865652,-0.25889847
55,3094,0.4011432,-0.026306525,-0.51118517,0.35025904,0.35494727,0.7075659,0.049409367,-0.86052823,-0.20018373,0.36760026,-0.30553275,0.44505084,0.37146312,0.047752157,-0.22348101,0.6832323
55,3101,0.5045101,-0.042410553,0.40555373,0.02957854,0.18800272,-1.069594,0.15643284,-0.11753939,-0.4250713,0.5351501,0.796158,-0.40563232,0.39911723,-0.4873454,-0.4314648,-0.27478734
55,3103,0.3487352,-0.10649337,-0.4607946,0.31925127,0.29476708,0.65272045,-0.063119665,-0.7750936,-0.107946925,0.37294745,-0.23473677,0.36079156,0.27960652,0.058869585,-0.2301492,0.66302115
55,3109,-0.7708813,0.20437568,-0.14149295,-0.09712076,0.31555787,0.38962278,0.00025611743,0.08250228,-0.06314598,-0.3041319,-0.6099937,0.34893382,-0.34876573,0.37238157,-0.017934173,-0.11669074
55,3123,-0.55036736,-0.46949345,-0.49549899,0.11816077,-0.08688611,0.32877064,-0.40347868,-0.22269586,0.053849623,-0.02088821,-0.31320256,0.05025793,-0.15232897,0.5661095,-0.472759,0.077337064
55,3145,-0.90056396,0.13926177,-0.12564486,-0.14172225,0.2596834,0.32990244,-0.07398862,0.19906315,-0.01358816,-0.3667488,-0.59562,0.28767264,-0.4272442,0.44412744,-0.040473558,-0.18908285
55,3151,0.2409069,-0.25796968,0.5398557,0.30479762,-0.8424072,0.45649424,-0.05474885,0.26447144,0.6040884,0.44091392,0.52882487,-0.3094722,-0.60519975,-0.80310637,0.07703874,0.10091297
55,3163,0.36790943,0.79648805,0.53178775,0.59396243,-0.9957348,0.75354993,1.9226857,0.2583421,-0.19975607,-0.33208704,-0.47284138,0.42383283,0.096065894,-0.96887696,0.54401916,-0.44399905
55,3165,1.7783298,0.07982686,-0.5057137,-0.6056246,-0.45448703,-0.35484985,0.082999974,-0.1077274,0.4276688,-0.8349866,-0.00083346665,-0.27048218,1.4931237,0.6761743,1.1092823,0.118872985
55,3168,0.10987252,0.01551988,0.082171485,0.22026135,0.21639152,-0.8352456,0.515012,-0.18790387,-0.8521652,0.46955198,0.49313873,-0.19603395,0.4093625,-0.41496682,-0.6858542,-0.30493882
55,3184,-0.0155572295,0.10192692,0.1605088,0.070546076,0.28428096,-0.72326064,0.35253313,-0.050459698,-0.6537872,0.31529868,0.38362414,-0.14765733,0.24287285,-0.32782757,-0.46656835,-0.28119212
55,3187,-0.13094656,-0.09490307,0.39577007,0.32511935,-0.945809,0.47147113,0.3422215,0.37565336,0.38777596,0.075858906,0.112345204,-0.15398243,-0.53501487,-0.53574806,0.036986485,-0.24530311
55,3189,0.31619275,-0.029803932,0.30123517,0.06713858,0.17114311,-0.96717453,0.24319826,-0.10671383,-0.5102839,0.46352714,0.6642423,-0.33313072,0.33772063,-0.42212826,-0.47026235,-0.27460828
55,3197,-0.9226131,0.39358318,0.07180627,-0.26607457,0.51937616,0.04954254,-0.023310263,0.38390258,-0.20108056,-0.327213,-0.41810572,0.2548618,-0.40328068,0.17957616,0.08870433,-0.24726434
55,3199,-0.67228323,0.5696759,0.2429437,-0.40033722,0.7004176,-0.038031716,-0.021177825,0.43240467,-0.18406956,-0.34371436,-0.31165853,0.24574243,-0.30389184,0.020122021,0.27398342,-0.19790418
55,3208,0.2613076,-0.20386675,-0.24833202,0.26814985,0.09578368,0.569544,-0.20975372,-0.5216139,0.11963464,0.37718195,-0.054757953,0.16985264,0.020050406,-0.04777062,-0.16596314,0.56232184
55,3255,-0.4091274,-0.061306536,-0.41381693,0.050145585,0.47675687,0.40761617,-0.23419559,-0.34078094,-0.18049118,0.060202703,-0.35496485,0.29617667,-0.051870853,0.37558663,-0.28389502,0.29945663
55,3262,0.5554492,0.102422446,0.40936366,-0.023565646,0.3490158,-0.87761414,0.115665615,-0.13213986,-0.38096213,0.46307456,0.6629032,-0.30022597,0.43193066,-0.4817543,-0.2793485,-0.22614588
55,3267,-0.81527305,0.10596885,-0.24252194,-0.07274678,0.38971218,0.34451863,-0.087610036,0.046006076,-0.15073673,-0.23798697,-0.5264797,0.3072796,-0.2823877,0.41875124,-0.17007451,-0.07375325
55,3278,-0.045861155,0.21959943,0.20342267,-0.011975346,0.40120545,-0.6213455,0.3022125,0.0037823021,-0.59174514,0.23710002,0.30356723,-0.08427285,0.2063254,-0.3193838,-0.33502173,-0.269169
55,3282,-0.6285616,-0.17646742,0.4942247,-0.48710814,-0.02717568,-0.8341335,-0.59205246,0.6921137,0.39322442,-0.1983208,0.31860793,-0.35752353,-0.65203047,0.21375147,0.18514162,-0.26244152
55,3290,0.26688492,-0.47042948,0.15161711,0.19773021,-0.29269946,0.42724285,-0.5795187,-0.11737104,0.5865168,0.5332743,0.43201125,-0.2385898,-0.43347573,-0.34955347,-0.08546932,0.49712184
55,3293,-0.0692015,0.24816616,0.45150247,-0.67381865,0.42076313,-0.3059474,-0.47518253,0.5604402,0.4254896,-0.48186672,-0.036163375,-0.06849775,-0.24834189,0.15580349,0.6996814,-0.05661839
55,3298,0.39021057,0.835083,0.53182435,0.60466397,-0.97863686,0.783097,1.9692442,0.23362517,-0.20976539,-0.33582002,-0.50070006,0.4587934,0.11844629,-0.9828615,0.5686428,-0.4290406
55,3301,-0.6806803,0.10073633,-0.24765322,-0.04778849,0.42859966,0.42583126,-0.13785894,-0.09436579,-0.09514677,-0.13381505,-0.51776326,0.34314182,-0.2677828,0.3856371,-0.14806335,0.06993642
55,3314,-0.1545234,-0.75050396,-1.4139379,0.48570907,-1.8639812,-0.56619054,0.43368256,0.027699344,-0.2823735,-0.77325445,-0.28645346,-0.4572869,0.6767277,1.238804,-0.17355543,-0.9298566
55,3324,-0.90056396,0.13926177,-0.12564486,-0.14172225,0.2596834,0.32990244,-0.07398863,0.19906315,-0.01358816,-0.3667488,-0.59562,0.28767264,-0.4272442,0.44412744,-0.040473558,-0.18908285
55,3335,0.10987252,0.01551988,0.082171485,0.22026134,0.21639152,-0.83524555,0.515012,-0.18790387,-0.85216516,0.46955204,0.49313873,-0.19603395,0.4093625,-0.41496682,-0.6858542,-0.30493882
55,3347,-0.11472656,-0.13379627,-0.5950066,0.16731605,0.5673181,0.4674735,-0.22922832,-0.6208027,-0.3114975,0.24646892,-0.26413342,0.3306638,0.21011813,0.3262984,-0.40057653,0.52027434
55,3352,-0.40023968,0.029456504,0.47580275,-0.6075028,0.18970603,-0.5744928,-0.55260783,0.67979425,0.42145813,-0.38600865,0.115657136,-0.21465823,-0.49096978,0.20920013,0.48208624,-0.18291721
55,3356,-0.8203583,-0.63766104,-0.42591116,0.07080776,-0.4120674,0.2553877,-0.5157948,0.018914841,0.25995487,-0.17109036,-0.34138077,-0.097665414,-0.37934834,0.70149726,-0.50214136,-0.16291556
55,3373,0.12841782,-0.4423831,0.021934725,-0.39007294,-0.6471688,-1.0214576,-0.3878424,0.42884824,0.43824464,-0.33126077,0.4173981,-0.56376964,0.020677224,0.51858634,0.30347228,-0.24011026
55,3378,0.37170076,0.73817855,0.54646015,0.57920986,-0.99294007,0.744874,1.806337,0.25979862,-0.14342241,-0.2735982,-0.40237072,0.38129014,0.046044096,-0.9811634,0.52519363,-0.40604532
55,3379,0.33007216,-0.097084016,0.30625018,0.06988888,0.09780776,-0.9958494,0.19609298,-0.10816203,-0.4485008,0.46618456,0.69363767,-0.37276357,0.30371857,-0.39185917,-0.46221483,-0.25747046
55,3383,0.5385995,0.1223733,0.39805058,-0.030294668,0.36785805,-0.8320532,0.110474154,-0.13128583,-0.3740061,0.43955797,0.6243888,-0.27621529,0.42220527,-0.46660566,-0.25376558,-0.214768
55,3404,0.49285895,0.15484527,0.38315228,-0.053115547,0.3952662,-0.747822,0.08399318,-0.115889914,-0.3405618,0.38489133,0.5507981,-0.23526621,0.38360357,-0.42759418,-0.1926267,-0.19211277
55,3406,0.4414149,0.17303427,0.35208175,-0.05801947,0.40550774,-0.6688668,0.07800366,-0.11226574,-0.32782027,0.33776784,0.47821254,-0.19623071,0.35128123,-0.38771582,-0.15617214,-0.17108764
55,3411,0.20868704,-0.45851547,-0.059105646,0.19541529,-0.12117392,0.42709294,-0.56538564,-0.2789429,0.41059202,0.4772014,0.27213788,-0.12808028,-0.26321495,-0.13865705,-0.18762484,0.5362325
55,3418,-0.16690771,-0.26044288,-1.1227742,0.34696117,-1.1802486,-0.22400469,0.5777437,-0.020350676,-0.38147992,-0.6852509,-0.46217233,-0.10673472,0.5756555,0.8985218,-0.03697323,-0.72889477
55,3420,1.2119616,-0.18191683,-0.34130424,-0.54518914,-0.6485147,-0.6948978,-0.105502814,0.122738875,0.47719568,-0.6757564,0.20021151,-0.44098425,1.0010661,0.6830533,0.8189014,-0.051273596
55,3422,0.4226039,-0.056437418,-0.516991,0.35490307,0.34466347,0.6934956,0.02146887,-0.86757594,-0.19109072,0.38752908,-0.27480668,0.42343754,0.37772548,0.04522275,-0.23652516,0.7009579
55,3425,-0.27307624,-0.10986026,-0.4953469,0.10156121,0.51260257,0.41707152,-0.24597108,-0.46375695,-0.23731564,0.14786743,-0.2974,0.29671282,0.065910876,0.3571758,-0.3408535,0.40219405
55,3433,-0.48900896,-0.54663336,-0.9591646,0.23621307,-1.2753063,-0.4482226,0.1498137,0.22178572,-0.12364223,-0.6748347,-0.29880312,-0.32629436,0.247941,1.0269831,-0.110086605,-0.7749591
55,3445,-0.031110018,0.14722577,0.17801744,0.030046135,0.3260709,-0.6651571,0.31642252,-0.026299458,-0.6059423,0.26986915,0.33839053,-0.11871478,0.21401371,-0.31074083,-0.39253485,-0.26660848
55,3453,-0.13094656,-0.09490307,0.39577007,0.32511935,-0.9458089,0.47147113,0.3422215,0.37565336,0.38777596,0.075858906,0.112345204,-0.15398243,-0.53501487,-0.53574806,0.036986485,-0.24530317
55,3454,0.27928132,-0.24086562,0.5882577,0.33570266,-0.9136685,0.51250696,-0.0011223666,0.2805226,0.6447725,0.46517223,0.5432664,-0.3023179,-0.6243245,-0.87939024,0.09908219,0.09425987
55,3456,0.3221925,-0.17741075,-0.2792272,0.29123402,0.14066708,0.62266004,-0.17873637,-0.5963368,0.09940632,0.40242743,-0.0860039,0.2225576,0.07608308,-0.05423172,-0.16300069,0.61803544
55,3460,0.13779563,-0.5593795,0.10229489,0.1556572,-0.29099512,0.36189836,-0.70465827,-0.072643444,0.59989005,0.49774605,0.4296652,-0.29120147,-0.48000753,-0.22592492,-0.15913187,0.4557
55,3463,0.009090424,0.14406948,0.42334428,0.3866177,-0.9114239,0.55368274,0.72867155,0.31393126,0.24126388,-0.013587311,-0.04516375,0.012225427,-0.36428738,-0.6384757,0.17355937,-0.26151013
55,3484,-0.4899915,-0.07970762,0.4594942,-0.5454973,0.06603895,-0.672241,-0.5662471,0.67570513,0.41441447,-0.32170653,0.1871395,-0.277804,-0.55165297,0.233917,0.36235762,-0.21276449
55,3486,0.26490033,-0.24408749,0.5764159,0.3283898,-0.8996043,0.49938437,-0.010906141,0.27941355,0.6342304,0.4560458,0.53646463,-0.30329,-0.6210427,-0.8588526,0.092876285,0.09104554
55,3490,0.9551283,-0.27162227,-0.24469994,-0.51872265,-0.68433857,-0.8161988,-0.18910913,0.2168732,0.4913653,-0.5922361,0.28030866,-0.49683207,0.7627925,0.656226,0.69164544,-0.10918765
55,3510,-0.21873684,0.20765716,-0.5091189,0.19169173,0.7006262,0.38009793,0.1751366,-0.50715774,-0.64373744,0.118992135,-0.33770162,0.42394823,0.3011554,0.12959953,-0.33076322,0.28047475
55,3544,0.34295082,-0.40825158,0.1786536,0.22457647,-0.29098248,0.46696216,-0.49028248,-0.14594135,0.5661686,0.5497714,0.4251194,-0.19999778,-0.39834154,-0.4233073,-0.04207872,0.51668286
55,3585,-0.77167803,0.67738605,0.072566494,-0.2559619,0.74203265,0.15793824,0.22809534,0.28137124,-0.4218518,-0.30952084,-0.48228586,0.40592438,-0.21656539,-0.0020838976,0.1414476,-0.2096131
55,3630,0.3254068,-0.36044258,0.16922697,0.2165237,-0.25843993,0.4479874,-0.43450022,-0.14958687,0.510825,0.5112798,0.38455027,-0.1719949,-0.3710382,-0.4072804,-0.024599746,0.49374765
55,3635,1.0928632,0.39957422,0.3282035,-0.6956053,0.46069294,0.11087333,-0.37286288,0.09046621,0.6866709,-0.58970964,-0.1607112,0.058264315,0.5582203,0.17741165,1.0451705,0.30206755
55,3643,0.1557157,0.12251202,0.12136322,0.1475003,0.3245294,-0.7053988,0.4496158,-0.17690307,-0.7599091,0.39837092,0.4112168,-0.1344767,0.40215796,-0.4057889,-0.52817804,-0.2632572
55,3645,-1.0108838,0.04307778,0.0029259399,-0.26107025,0.123275414,-0.112588406,-0.2690987,0.49879447,0.059835777,-0.4116587,-0.34141624,0.04641092,-0.5273078,0.44246912,0.057422265,-0.3493967
55,3646,-0.61986846,-0.49451184,-0.4442663,0.11567475,-0.28210238,0.32154053,-0.36363867,-0.11776661,0.13787402,-0.11319968,-0.35904923,0.0051876083,-0.23771586,0.5842394,-0.43234736,-0.058587242
55,3656,0.32766223,-0.17382029,0.6460626,0.37302914,-0.98557043,0.57608783,0.13552377,0.2970428,0.6482446,0.4641754,0.52365804,-0.2655354,-0.61719483,-0.9773538,0.14872998,0.0688507
55,3674,-0.38839668,0.5792807,0.27216557,-0.45433033,0.7108265,0.016795326,-0.07153338,0.37033185,-0.046667755,-0.3797245,-0.30309823,0.24145983,-0.17205279,0.021384075,0.4124918,-0.104908496
55,3683,-0.55036736,-0.4694935,-0.49549899,0.11816077,-0.08688611,0.32877064,-0.40347868,-0.22269586,0.053849623,-0.02088821,-0.3132026,0.050257932,-0.15232897,0.5661094,-0.47275895,0.077337064
55,3688,-0.14607595,-0.21650243,-0.581625,0.18081394,0.40247995,0.43916097,-0.24773863,-0.57561666,-0.23629002,0.21202765,-0.2598487,0.2668268,0.17055471,0.3528371,-0.42095083,0.44632965
55,3695,-0.24723265,-0.27837127,0.3504175,0.25521547,-0.9063858,0.37536666,0.010506261,0.4026827,0.4697438,0.13693874,0.2278616,-0.27761778,-0.65086126,-0.4175732,-0.07081236,-0.21492676
55,3702,1.7184033,0.045211058,-0.4738181,-0.6154816,-0.48390603,-0.416404,0.045028362,-0.060290046,0.4518355,-0.8261525,0.035171673,-0.30303216,1.4331278,0.68124485,1.0930654,0.09123494
55,3703,1.5616536,0.11765852,-0.3339777,-0.64267194,-0.2952037,-0.36753953,-0.016703214,-0.012898229,0.45009845,-0.7639979,0.026474133,-0.2504855,1.270466,0.5782098,1.0602903,0.11139774
55,3715,-0.3020115,0.25295484,-0.5594032,0.13873306,-0.018726647,0.19269976,0.44943982,-0.13215159,-0.4643165,-0.3550527,-0.52477425,0.29285917,0.25554496,0.35869056,-0.0034726597,-0.24631651
55,3719,0.16783512,-0.44307518,-0.027512986,0.18869522,-0.15561056,0.41997495,-0.5404367,-0.22696078,0.42570144,0.44840717,0.2613107,-0.13629241,-0.30294353,-0.14693074,-0.16900468,0.4871973
55,3725,0.39021063,0.835083,0.53182435,0.6046639,-0.97863686,0.783097,1.9692442,0.23362514,-0.20976539,-0.33582002,-0.50070006,0.4587934,0.11844629,-0.9828615,0.5686428,-0.4290406
55,3741,-0.85881007,0.52848995,0.057921305,-0.24584343,0.6290904,0.10834043,0.1111477,0.31726027,-0.3279373,-0.3054299,-0.45410806,0.333612,-0.30197757,0.089952946,0.092442036,-0.2289577
55,3746,-0.37031004,0.16792274,-0.46124446,0.13380586,0.650747,0.37677294,0.0896164,-0.3938417,-0.53367585,0.05708514,-0.372116,0.39629838,0.16720228,0.20548034,-0.32140768,0.2153339
55,3776,-0.14064214,-0.75465125,-1.4521419,0.48653463,-1.9075568,-0.56533885,0.4609353,0.036151104,-0.28411025,-0.8071444,-0.3068493,-0.45498323,0.7077033,1.2727361,-0.16339004,-0.95909417
55,3784,-0.87036836,0.19316158,-0.13519444,-0.12321333,0.2940593,0.39058357,-0.02026977,0.15328431,-0.03510727,-0.35334894,-0.64025563,0.34371406,-0.39994782,0.4168498,-0.02770637,-0.17394507
55,3791,0.32188845,-0.16973484,-0.27792877,0.28900427,0.14365436,0.6095759,-0.1686369,-0.5929968,0.08581574,0.39549708,-0.08427434,0.22014537,0.08117971,-0.056449458,-0.15839417,0.61108595
55,3797,-0.5294666,-0.17188922,0.43768921,-0.46606585,-0.045775026,-0.8024765,-0.55437046,0.6302692,0.37742895,-0.20445967,0.30597043,-0.35085905,-0.5600994,0.2269629,0.19626555,-0.23522343
55,3799,-0.48900896,-0.54663336,-0.9591646,0.23621307,-1.2753063,-0.4482226,0.1498137,0.22178572,-0.12364223,-0.6748347,-0.29880312,-0.32629436,0.247941,1.0269831,-0.110086605,-0.7749591
55,3802,-0.74761057,0.65524065,0.11790934,-0.295007,0.719477,0.1305055,0.16958147,0.32099396,-0.34369934,-0.33191586,-0.45666772,0.37590992,-0.25795734,0.010916129,0.19470502,-0.2045648
55,3805,0.26738024,-0.19177783,-0.2702585,0.27181295,0.13318315,0.61794746,-0.2095555,-0.5628029,0.12765269,0.38330132,-0.10003759,0.21568888,0.036664516,-0.023154885,-0.16713353,0.5967343
55,3806,0.39021063,0.835083,0.53182435,0.6046639,-0.97863686,0.783097,1.9692442,0.23362514,-0.20976539,-0.33582002,-0.50070006,0.4587934,0.11844629,-0.9828615,0.5686428,-0.4290406
55,3818,0.62416995,0.52532434,0.32876414,-0.61000234,0.61748785,0.15036146,-0.24785465,0.14643773,0.43558872,-0.51072395,-0.2470305,0.17453611,0.32845694,0.085725866,0.85060054,0.19428116
55,3825,-0.050190225,0.2267701,0.2025117,-0.013818635,0.40862572,-0.6147161,0.30420572,0.0053050295,-0.59459454,0.23374183,0.29727936,-0.07894312,0.20632868,-0.3195458,-0.33221948,-0.26947498
55,3840,0.3163104,0.3484397,0.5886601,0.45983574,-0.9445276,0.63607585,1.0418304,0.27836502,0.17775027,0.048243105,0.0063457787,0.09873195,-0.2594344,-0.96576774,0.36583078,-0.20051707
55,3845,0.12632349,0.2846774,0.4404746,-0.7003911,0.44090998,-0.24464566,-0.4678409,0.5071509,0.47773963,-0.5167001,-0.0558331,-0.05136183,-0.11688253,0.1599863,0.7826899,-0.0052333884
55,3852,0.3954438,-0.033144876,-0.5013945,0.3438164,0.34601617,0.6825813,0.04212518,-0.84281,-0.1985833,0.36185628,-0.29030594,0.42712978,0.36276168,0.04673264,-0.21920617,0.67339283
55,3857,0.2983207,-0.112205386,-0.425652,0.29505873,0.2732739,0.6206483,-0.08393493,-0.71597385,-0.08127238,0.34711736,-0.22510716,0.33309484,0.22819786,0.0656081,-0.21487574,0.6251889
55,3868,-0.33118325,-0.29417098,0.26048887,-0.18613818,-0.19191876,-1.0138733,-0.22678965,0.37970057,-0.0040733665,0.06589118,0.49085784,-0.430022,-0.2457086,0.09420288,-0.20148702,-0.3126799
55,3882,0.32830405,-0.010082558,-0.5083905,0.319352,0.37791613,0.6846453,0.046657044,-0.82645196,-0.21841578,0.32951838,-0.3291806,0.44737834,0.34561783,0.08101524,-0.22265206,0.6438155
55,3894,-0.8563102,0.46283177,0.20007461,-0.3560458,0.5864059,-0.09369463,-0.037613433,0.4712551,-0.20556895,-0.3309034,-0.30381805,0.20517345,-0.41481292,0.08790307,0.16748323,-0.24733852
55,3910,-0.37031004,0.16792274,-0.46124446,0.13380586,0.650747,0.37677294,0.0896164,-0.3938417,-0.53367585,0.05708514,-0.372116,0.39629838,0.16720228,0.20548034,-0.32140768,0.2153339
55,3922,-0.14618464,-0.40579265,-0.041423567,0.12003578,-0.17287627,0.38955426,-0.5045333,-0.08250497,0.4103185,0.2627746,0.07382868,-0.09493233,-0.409122,0.03867946,-0.1880398,0.2927871
55,3935,0.072194666,-0.04646699,0.07179098,0.22617559,0.14817604,-0.8612155,0.48186234,-0.17304575,-0.8146433,0.46220613,0.5040588,-0.22516549,0.3617419,-0.37537044,-0.698118,-0.30017447
55,3950,-0.8543582,0.4751529,0.21455964,-0.36730382,0.60242414,-0.10456726,-0.04059149,0.48279044,-0.20757288,-0.3320309,-0.2963958,0.2038055,-0.4113118,0.07716485,0.17694116,-0.25324044
55,3954,-0.2525446,-0.28341594,-0.54601836,0.1591502,0.27305758,0.3992896,-0.29317597,-0.47688538,-0.15281928,0.1511829,-0.2673052,0.20392847,0.07853532,0.4045983,-0.42852318,0.34924453
55,3955,1.170488,0.414848,0.32795298,-0.69845736,0.46776223,0.14096138,-0.36633348,0.059198014,0.71148944,-0.5960234,-0.17018732,0.0703242,0.60937476,0.17432031,1.0715126,0.32650083
55,3960,0.4044099,-0.2333726,0.20452219,0.25757143,-0.251416,0.52572834,-0.2540975,-0.18458906,0.46517718,0.5026566,0.320235,-0.08216295,-0.31942785,-0.5005142,0.050381575,0.49342602
55,3963,1.170488,0.414848,0.32795298,-0.69845736,0.46776223,0.14096138,-0.36633348,0.059198014,0.71148944,-0.5960234,-0.17018732,0.0703242,0.60937476,0.17432031,1.0715126,0.32650083
55,3964,-0.7816126,0.53025997,0.20812765,-0.3530715,0.65189683,-0.077239424,0.011410546,0.4346871,-0.25638318,-0.31658268,-0.3022663,0.23103563,-0.3348192,0.033460237,0.18220127,-0.23806216
55,3987,0.29402882,-0.23232761,0.6015644,0.34384763,-0.9281728,0.52693146,0.016484493,0.28184968,0.6523477,0.47199994,0.5468816,-0.2981929,-0.6259482,-0.90216994,0.10806054,0.09526047
55,3990,0.33007216,-0.097084016,0.30625018,0.06988888,0.09780776,-0.9958494,0.19609298,-0.10816203,-0.4485008,0.46618456,0.69363767,-0.37276357,0.30371857,-0.3918591,-0.4622149,-0.25747046
55,3998,0.37806994,0.6153312,0.5780113,0.56131756,-1.014308,0.7473783,1.5831017,0.26833484,-0.013945192,-0.15904482,-0.26772144,0.29617006,-0.059133098,-1.0053321,0.480258,-0.33935505
55,4010,0.06958011,-0.06394184,0.2651855,-0.54039484,-0.059577882,-0.67066294,-0.436446,0.46051273,0.42080802,-0.35580635,0.23769583,-0.3184392,-0.06398876,0.29780954,0.45968544,-0.120295346
55,4029,-0.11472654,-0.13379629,-0.5950066,0.16731602,0.5673181,0.4674735,-0.22922832,-0.6208027,-0.3114975,0.24646892,-0.26413342,0.3306638,0.2101181,0.3262984,-0.40057653,0.52027434
55,4033,0.06520295,-0.4439314,-0.0681643,0.17635404,-0.15237036,0.42765138,-0.5338293,-0.21091616,0.40788782,0.3937425,0.18183519,-0.10787028,-0.31221962,-0.058682933,-0.20341103,0.43651026
55,4053,-0.82787925,0.6166624,0.058853477,-0.24644487,0.6975721,0.13945626,0.18639296,0.29674628,-0.395339,-0.30482185,-0.4777547,0.38075298,-0.25126418,0.03794965,0.10714199,-0.22573905
55,4057,-0.52381057,-0.44178832,-0.48703924,0.11625788,-0.050455242,0.32736003,-0.38816708,-0.23792097,0.035252288,-0.009947494,-0.30766267,0.06350481,-0.13748893,0.5444595,-0.45639992,0.099065974
55,4060,0.6257057,0.35042775,0.36882567,-0.70441675,0.4583358,-0.056141842,-0.41392913,0.29935125,0.5767974,-0.5629975,-0.11642476,0.0061292723,0.2381912,0.17518555,0.9223273,0.14927986
55,4072,-0.0035078228,0.11793958,0.17828444,0.06340657,0.3044758,-0.7460439,0.36010465,-0.043015916,-0.6664236,0.32755226,0.40360314,-0.15194932,0.25768042,-0.35033262,-0.4733671,-0.29509217
55,4073,-0.82917285,0.4880079,0.20319405,-0.34763837,0.6126598,-0.10311009,-0.010314409,0.45333478,-0.24453107,-0.3157205,-0.2923097,0.20920572,-0.37244958,0.05652404,0.161937,-0.24977805
55,4076,0.36274773,-0.08555506,-0.4715775,0.3236604,0.310057,0.64409953,-0.031890173,-0.79034334,-0.14342085,0.36602205,-0.24280769,0.37184563,0.30721563,0.054883108,-0.22556667,0.6616901
55,4084,-0.59768915,-0.18606195,0.48103943,-0.513516,-0.04673347,-0.80908877,-0.6113118,0.7100235,0.43324262,-0.25522763,0.2876174,-0.3576259,-0.6394138,0.25056055,0.247844,-0.25460616
55,4092,-0.7159058,0.55649537,0.23236108,-0.38593465,0.6850872,-0.054577556,-0.010954674,0.4373025,-0.20994884,-0.33458138,-0.3076553,0.24016504,-0.31710002,0.024882652,0.24025992,-0.21440615
55,4093,0.015262067,0.041303962,0.14075625,0.12745902,0.23062384,-0.81411344,0.40608948,-0.08488291,-0.7255259,0.38568413,0.45678794,-0.19168496,0.2912439,-0.3601361,-0.57487303,-0.30532536
55,4107,0.017764956,-0.24853948,0.26099598,0.26282123,-0.62081105,0.4388487,-0.070167676,0.1476261,0.42760628,0.27210552,0.23218556,-0.1775164,-0.48835212,-0.43503267,-0.034588233,0.06376187
55,4119,-0.5645269,0.12966596,-0.39024958,0.05646616,0.56626976,0.3731273,-0.00068603083,-0.2319127,-0.38658535,-0.044079036,-0.43025786,0.36277688,-0.010775298,0.30096084,-0.2890874,0.11162311
55,4158,1.6282291,0.11894129,-0.37078294,-0.638207,-0.31073344,-0.34220132,0.0026860535,-0.04492208,0.45017844,-0.7811007,0.00960353,-0.24467954,1.3301611,0.59585476,1.0828071,0.12904325
55,4168,-0.4091274,-0.061306536,-0.41381693,0.050145585,0.47675687,0.40761623,-0.23419559,-0.34078094,-0.1804912,0.060202688,-0.35496485,0.29617667,-0.051870853,0.37558663,-0.28389502,0.29945663
55,4172,-0.12276228,-0.12903453,-0.5819986,0.16179493,0.5591912,0.45424828,-0.22427669,-0.60415435,-0.30893865,0.23567693,-0.26263216,0.3235876,0.19982724,0.32354575,-0.39006484,0.5066366
55,4179,0.3244745,-0.104321,-0.4458968,0.30564466,0.2893296,0.625751,-0.06645024,-0.74632585,-0.108281314,0.35566884,-0.22909358,0.34604216,0.26142365,0.06293261,-0.22148024,0.6405941
55,4190,-0.7982608,0.2129164,-0.13108,-0.107678406,0.29760376,0.37956628,0.01587363,0.11964106,-0.06084624,-0.33468845,-0.62177366,0.34590256,-0.36143032,0.37779674,-0.006613612,-0.15099144
55,4195,0.32830405,-0.010082558,-0.5083905,0.319352,0.37791613,0.6846453,0.046657044,-0.82645196,-0.21841578,0.32951838,-0.3291806,0.44737834,0.34561783,0.08101524,-0.22265206,0.6438155
55,4201,0.091680735,-0.49678272,0.032340482,0.16546217,-0.23708615,0.39660344,-0.6108948,-0.122247025,0.5146566,0.43980014,0.3053332,-0.20346925,-0.41344994,-0.15265803,-0.17294481,0.4307843
55,4217,0.2441045,0.3013133,0.42428514,-0.7073078,0.44479078,-0.20553538,-0.45764905,0.46577552,0.5037461,-0.5330069,-0.06846212,-0.040856436,-0.03288953,0.16577837,0.82190937,0.027398221
55,4226,0.08390382,0.06432125,0.07269104,0.1848515,0.25667602,-0.71415323,0.47419068,-0.18008855,-0.7913436,0.39772326,0.3985104,-0.14170107,0.36832058,-0.3701309,-0.5834701,-0.26429087
55,4230,0.06520295,-0.4439314,-0.0681643,0.17635404,-0.15237036,0.42765138,-0.5338293,-0.21091616,0.40788782,0.3937425,0.18183519,-0.10787028,-0.31221962,-0.058682933,-0.20341103,0.43651026
55,4241,0.16083184,-0.5543541,0.11880857,0.16562042,-0.3068841,0.3804792,-0.692894,-0.07246516,0.61627734,0.5116626,0.43953574,-0.28987604,-0.48515075,-0.2554748,-0.14806776,0.4629169
55,4256,0.10804269,-0.57320064,0.09577303,0.15177506,-0.30127633,0.36024448,-0.718667,-0.05943673,0.6076881,0.48859584,0.42143542,-0.29664177,-0.49388462,-0.2047923,-0.17305519,0.44034764
55,4263,-0.26023367,0.27593046,-0.59656715,0.16899075,0.07223129,0.23575842,0.47001436,-0.21038073,-0.53323954,-0.29888827,-0.5211036,0.33606035,0.3198508,0.32424682,-0.048160605,-0.18739851
55,4271,-0.82917285,0.4880079,0.20319405,-0.34763837,0.6126598,-0.10311009,-0.010314409,0.45333478,-0.24453107,-0.3157205,-0.2923097,0.20920572,-0.37244958,0.05652404,0.161937,-0.24977805
55,4285,0.2249108,-0.16097265,0.23923007,0.27235034,-0.42412692,0.50097513,-0.039630253,-0.026313953,0.38569665,0.35135674,0.21625005,-0.075157136,-0.36309028,-0.49428117,0.045400012,0.25199136
55,4327,0.80467165,0.499715,0.33843318,-0.64848757,0.58371174,0.15781492,-0.2943347,0.122912355,0.53853005,-0.5427938,-0.22791712,0.14786136,0.41202366,0.11148055,0.9348505,0.24282724
55,4333,0.14549431,-0.21674177,-0.23303813,0.21746479,0.11423129,0.55665576,-0.27304137,-0.46464097,0.16664521,0.32903486,-0.100629315,0.17273211,-0.05260457,0.030368835,-0.163721,0.53015435
55,4335,0.2613076,-0.20386675,-0.24833202,0.26814985,0.09578368,0.569544,-0.20975372,-0.5216139,0.11963464,0.37718195,-0.054757953,0.16985263,0.020050406,-0.04777062,-0.16596314,0.56232184
55,4343,-0.32463208,-0.3733468,0.35631812,0.2577211,-1.0238068,0.3546378,-0.05750903,0.48551485,0.5253039,0.13468854,0.27142817,-0.35470685,-0.7247768,-0.398786,-0.13559657,-0.2837704
55,4346,0.3371935,-0.10428934,0.3043886,0.08355898,0.09151516,-1.0234481,0.22006796,-0.115382925,-0.47687984,0.4861017,0.7144823,-0.38195777,0.32155943,-0.4083318,-0.49417293,-0.2693221
55,4351,0.2910362,0.27208892,0.57827663,0.42694494,-0.9074528,0.60056883,0.88028383,0.2728534,0.22504611,0.099806845,0.073063865,0.047624744,-0.309909,-0.9335649,0.32875407,-0.15811388
