window_id,vehicle_id,z_0,z_1,z_2,z_3,z_4,z_5,z_6,z_7,z_8,z_9,z_10,z_11,z_12,z_13,z_14,z_15
35,351,0.007945567,0.6035012,0.43879104,0.014560677,-0.77707833,-0.20926568,-0.3501873,-0.40112528,0.91604114,0.08197397,-0.12645452,-0.51766354,-0.1594937,-0.7661777,-0.30059418,-0.50797796
35,333,0.025996149,0.6255287,0.44670865,0.016382083,-0.791333,-0.19787279,-0.34954444,-0.38665053,0.9389682,0.08975905,-0.13199233,-0.5256112,-0.15051413,-0.80718476,-0.3036922,-0.4823873
35,915,0.5610812,0.30324787,-1.0550473,0.0094141215,0.76280767,-0.13649653,-0.3871316,-0.38530877,0.24966183,0.31247675,-0.35332406,0.82241964,0.07791065,1.0283909,-0.3019388,-0.6533284
35,1493,0.2954953,0.22548705,-0.61049485,0.50990856,0.6060625,0.093256265,-0.027294658,0.5762984,0.24499987,0.5381865,-0.4300089,1.0506853,0.14400767,0.20567337,-0.19050172,-0.39837015
35,273,0.007945567,0.6035012,0.43879104,0.014560677,-0.77707833,-0.20926568,-0.35018733,-0.40112525,0.91604114,0.081974,-0.12645455,-0.51766354,-0.1594937,-0.76617754,-0.3005942,-0.50797796
35,877,0.025996119,0.62552863,0.44670868,0.016382083,-0.7913331,-0.1978728,-0.34954444,-0.38665053,0.93896824,0.08975908,-0.13199233,-0.5256113,-0.15051411,-0.8071847,-0.30369222,-0.4823873
35,2505,0.2954953,0.22548702,-0.6104948,0.50990856,0.6060625,0.093256265,-0.027294667,0.5762985,0.24499989,0.53818655,-0.4300089,1.0506853,0.14400773,0.20567337,-0.19050175,-0.39837015
35,3329,0.007945567,0.6035012,0.438791,0.014560677,-0.77707833,-0.20926568,-0.35018736,-0.40112528,0.91604114,0.08197394,-0.12645458,-0.5176636,-0.1594937,-0.7661776,-0.30059418,-0.50797796
35,3901,0.007945597,0.6035012,0.43879104,0.01456067,-0.7770783,-0.20926568,-0.35018733,-0.4011252,0.9160412,0.08197394,-0.12645458,-0.51766354,-0.1594937,-0.76617765,-0.3005942,-0.50797796
35,1080,0.10101977,-0.013152981,-0.015388429,-0.66094565,0.48969716,-0.7665572,0.8665615,0.6437238,0.584999,0.6224633,-0.32239228,0.71574783,-1.2068299,0.18661666,-0.5379144,-0.8311163
35,2761,0.60814416,0.16506603,0.5479771,-0.48424396,0.19887276,-0.17662992,-0.033290073,1.030217,0.3024146,0.55865926,-0.6594448,0.34300843,-0.05481743,-0.86678284,-0.7516345,-0.31763962
35,3049,0.007945627,0.60350126,0.438791,0.01456067,-0.77707833,-0.20926568,-0.35018733,-0.40112525,0.9160412,0.08197394,-0.12645455,-0.5176635,-0.1594937,-0.7661777,-0.30059418,-0.50797796
35,2535,0.007945567,0.60350126,0.43879104,0.014560677,-0.77707833,-0.20926568,-0.35018733,-0.40112528,0.9160411,0.08197394,-0.12645455,-0.51766354,-0.1594937,-0.7661776,-0.30059418,-0.50797796
35,3621,0.10101977,-0.013152974,-0.015388429,-0.66094553,0.48969716,-0.7665572,0.86656135,0.6437238,0.58499914,0.6224632,-0.32239228,0.71574783,-1.2068299,0.18661666,-0.5379144,-0.8311164
35,4328,0.007945597,0.60350126,0.438791,0.014560677,-0.77707833,-0.20926568,-0.35018733,-0.40112525,0.91604114,0.08197394,-0.12645455,-0.51766354,-0.1594937,-0.7661777,-0.3005942,-0.50797796
35,3713,0.007945567,0.60350126,0.438791,0.014560685,-0.7770784,-0.20926568,-0.35018733,-0.40112525,0.91604114,0.08197394,-0.12645458,-0.51766354,-0.1594937,-0.76617765,-0.30059424,-0.50797796
35,13,0.30086884,0.2039088,0.16699,0.06145712,-0.12483685,0.03319612,0.112459965,-0.03522235,-0.014987802,0.5225115,-0.05967374,-0.15089586,-0.0868169,-0.035495594,-0.5605352,0.32642174
35,29,-0.4787227,-0.3461509,0.41847286,0.25084615,0.56750774,0.1633431,-0.4571525,0.38979113,-0.9766714,-0.1602834,0.43149376,0.0076798983,-0.089221634,0.08353152,-0.15440619,0.39735276
35,50,-0.34973896,0.31175566,-0.09841585,0.16270429,0.65213656,-0.5704536,-0.28104234,-0.7102425,0.3865203,-0.84490865,0.38040274,-0.06446323,-0.27892828,0.20376116,0.4439514,-0.45999596
35,53,-0.61037403,-0.3171713,0.25066924,0.4338824,0.28183258,0.19684938,-0.16338795,0.48640412,-0.65319353,-0.10422622,0.37964058,0.11885975,-0.12867188,-0.047936082,0.114025,0.32070488
35,55,0.54114914,-0.550653,-0.1039584,-1.2040187,-0.3740965,0.20780018,0.35738683,-0.005538189,-0.21944526,-0.36413732,-0.41097003,-0.25683835,0.672577,0.07223509,0.5589424,0.1073508
35,68,0.108353466,-0.4514809,-0.06178701,-0.7188518,-0.32355458,0.08959016,0.24706647,-0.06251404,-0.107628964,-0.49671954,-0.16120274,-0.22082631,0.4195615,-0.018268827,0.63914895,-0.016320705
35,70,0.2507629,0.17228778,-0.08479525,0.13752295,-0.5288689,0.13117969,0.5256333,-0.59020925,-0.12687464,0.8313634,0.1540997,-0.4341517,-0.30180785,0.500896,-0.6032778,0.7251759
35,74,0.30963752,0.3421219,0.12574825,0.20418137,-0.44167703,0.024663866,-0.1977964,-0.96553004,-0.019567562,0.5160051,0.10311629,-0.6068501,-0.058850937,0.41045332,-0.72846097,0.15018433
35,81,-0.7938458,-0.150191,-0.27506927,0.34933814,-0.25598854,-0.28022015,0.5170851,-0.02885313,0.46137878,-0.3432385,0.34798646,0.16688606,-0.5804839,-0.045784503,0.65231055,-0.3499414
35,90,0.18575236,0.1259989,0.025478855,0.13967782,-0.36697185,0.10194287,0.2930983,-0.48586327,-0.21432516,0.665378,0.16781275,-0.39624342,-0.24548751,0.40603608,-0.6028699,0.5830425
35,91,0.17087969,0.24209972,0.002526462,0.15511551,-0.45883113,0.016859025,0.26420325,-0.61979705,0.020340769,0.60817295,0.13397112,-0.4378628,-0.2606624,0.3408984,-0.55829316,0.4111628
35,96,0.19332185,-0.5515409,-0.12746486,-0.8851975,-0.4772429,0.14599979,0.38967827,0.007757837,-0.10221484,-0.4059021,-0.25722295,-0.20066215,0.45458424,-0.0019736253,0.65911984,-0.01733765
35,100,0.50898767,-0.4702384,-0.12046319,-1.1163249,-0.29596096,0.14702603,0.3310067,-0.022953983,-0.17987867,-0.3027201,-0.38703734,-0.21171734,0.5805821,0.11164532,0.45882455,0.05655074
35,108,-0.4787227,-0.34615093,0.41847286,0.25084615,0.5675078,0.16334313,-0.45715246,0.38979113,-0.9766714,-0.16028339,0.43149376,0.007679902,-0.08922164,0.08353151,-0.15440616,0.3973528
35,112,-0.8641341,-0.25231847,-0.2129798,0.35653102,-0.38500607,-0.18564054,0.5917766,0.08575909,0.35549197,-0.31010982,0.36164182,0.12013334,-0.55783105,-0.10722916,0.71116155,-0.2300162
35,113,-0.16692081,-0.39252698,0.18396892,0.0704037,-0.24678569,0.28953588,0.5820079,0.39521492,-0.77332634,0.6865161,0.2916418,-0.07201183,-0.36590976,0.18891492,-0.3984904,0.95570487
35,123,0.30963746,0.3421219,0.12574825,0.20418139,-0.44167703,0.024663806,-0.1977964,-0.96553,-0.019567559,0.5160051,0.1031163,-0.60685015,-0.058850944,0.4104533,-0.72846097,0.1501843
35,129,0.116931885,-0.30489427,0.038098007,-0.595248,-0.025532827,0.033371776,-0.021846144,-0.24836457,-0.15596253,-0.72117305,-0.0465194,-0.30259928,0.49380076,-0.006871745,0.6555972,0.045665354
35,137,0.29060915,0.9492222,0.0282301,0.7969874,-0.20664196,0.34081155,-0.31727394,0.039838493,0.76886725,-0.11463253,-0.065378174,-0.15930508,0.7365917,-0.9715393,0.23281467,0.67476153
35,140,0.55014443,0.15194242,0.5614061,-0.42644653,0.17805782,-0.15532747,-0.102242306,0.8930418,0.2185816,0.5222797,-0.57141,0.25121775,-0.058514476,-0.7777011,-0.7618809,-0.27681804
35,144,-0.27144456,0.18218553,-0.035784706,0.08862996,0.5732474,-0.36063486,-0.4042867,-0.69271505,0.14998713,-0.9281294,0.36277655,-0.19167753,0.014229,0.16727757,0.53438586,-0.27648094
35,148,-0.027929842,0.09217632,-0.824397,0.49122784,0.20969148,0.15559924,-0.5316992,-0.4001368,0.13302538,-0.29765654,0.0041152686,0.3914012,0.44898325,0.46342853,0.40357494,-0.45094776
35,164,0.6602452,-0.5767047,-0.15407431,-1.3376477,-0.40067637,0.23459339,0.40521556,-0.0016916115,-0.22533856,-0.3048548,-0.48769343,-0.24439293,0.7243654,0.12231853,0.5305634,0.11393255
35,174,-0.60151225,0.074705094,-0.2906331,0.2811476,0.102161944,-0.47115248,0.28390864,-0.28897732,0.56912607,-0.44658828,0.32261178,0.19018558,-0.57313156,0.09155353,0.49753454,-0.52196527
35,186,0.24042371,0.4412797,-0.0051812828,0.17673317,-0.6905094,-0.06085013,0.15891525,-0.94564974,0.35517415,0.5919975,0.0664312,-0.5824603,-0.22895098,0.28372684,-0.5763377,0.1536712
35,192,0.19149461,0.20343405,-0.6664216,0.76108944,0.47115016,0.28839868,-0.11734973,0.5739544,0.16361105,0.4610132,-0.3778053,1.0121565,0.36599052,0.14975798,-0.0010265037,-0.24546012
35,198,0.2749276,0.1901984,-0.51237994,0.3169207,0.6036299,-0.051003367,0.112962894,0.58143175,0.29455355,0.5517658,-0.41691834,1.0040785,-0.067047745,0.20403364,-0.254577,-0.46789292
35,203,0.659428,-0.58698356,-0.10973969,-1.3349681,-0.3941942,0.25429946,0.37923673,0.01635561,-0.26568165,-0.33045155,-0.48281014,-0.2701823,0.7594509,0.091849186,0.5401385,0.15139055
35,219,0.056685925,-0.24027953,0.08954179,-0.46113548,0.0936076,0.014668137,-0.1544691,-0.29736722,-0.18818502,-0.78710544,0.022769988,-0.31616363,0.49494475,-0.015907086,0.63298357,0.053325504
35,220,0.01782462,0.15891366,-0.71707654,1.0864882,0.26140723,0.53647363,-0.204445,0.5716152,0.060016997,0.3442558,-0.28908265,0.93503946,0.6275955,0.058892854,0.27317616,-0.033242285
35,222,0.109740645,0.5048352,0.40902707,0.051800117,-0.5204012,-0.16165897,-0.18436807,-0.26357853,0.62454057,0.13656163,-0.10379617,-0.45006302,-0.09070954,-0.65155643,-0.3324755,-0.17457436
35,230,0.5410099,-0.48904222,-0.12633887,-1.1602167,-0.3130402,0.16348231,0.34384808,-0.019366153,-0.18959306,-0.30211338,-0.4072526,-0.21817712,0.60915273,0.1148937,0.46981496,0.06851277
35,236,0.2402871,0.29105484,0.057075508,0.17792828,-0.4585834,0.023470312,0.05855328,-0.7827821,0.0042876364,0.5773599,0.119923405,-0.51913196,-0.17130746,0.3754871,-0.6443419,0.30100548
35,238,-0.056628555,0.11050029,-0.7224104,1.1974839,0.13027748,0.66433096,-0.2178205,0.61271894,-0.011682794,0.32622832,-0.26022303,0.8837696,0.7373392,0.008779909,0.381962,0.0770672
35,239,0.60814416,0.16506605,0.5479771,-0.48424396,0.19887276,-0.17662993,-0.03329006,1.0302172,0.30241457,0.5586591,-0.6594448,0.3430084,-0.054817446,-0.86678284,-0.7516344,-0.31763962
35,248,0.65912426,-0.5697853,-0.14528435,-1.329383,-0.38933176,0.23268872,0.3960263,0.0008022841,-0.23127179,-0.3029215,-0.4851057,-0.24556689,0.7234303,0.12035627,0.5199741,0.11797106
35,251,0.2507629,0.17228778,-0.08479525,0.13752295,-0.5288689,0.13117972,0.5256333,-0.59020925,-0.12687464,0.8313634,0.1540997,-0.4341517,-0.30180782,0.500896,-0.6032778,0.7251759
35,253,-0.46187797,-0.3889873,0.40895095,0.227054,0.36823392,0.18582243,-0.22983956,0.4981051,-0.9014404,0.050019175,0.3932138,0.04227243,-0.20329279,0.025417209,-0.23630649,0.44923717
35,255,0.4878839,-0.4923482,-0.07701716,-1.1054842,-0.29607993,0.17085809,0.29211706,-0.035694115,-0.21296786,-0.39077455,-0.36077166,-0.2558012,0.6332483,0.06930667,0.531833,0.09658158
35,256,-0.2263573,-0.18624167,0.632464,-0.022752613,0.17139158,-0.06614007,-0.32686612,0.46703288,-0.42816535,0.11625403,0.1263305,-0.11341291,-0.24745855,-0.35832304,-0.52707493,0.038101584
35,260,0.8499681,0.2698772,0.44845906,-0.5041832,0.27659872,-0.13765334,0.12585774,1.2116969,0.44186753,0.67586416,-0.83114916,0.51400155,0.071327254,-0.95605356,-0.72443295,-0.22305816
35,261,-0.50466174,-0.33037636,0.4010747,0.266913,0.55840105,0.13667822,-0.43132532,0.3838571,-0.91773915,-0.17390108,0.43472677,0.022632267,-0.12018487,0.06994807,-0.12420384,0.359703
35,272,-0.48141173,-0.16780472,-0.3459085,1.0079244,-0.18129481,0.6093688,0.029897824,0.6772142,-0.23363134,0.17302054,0.038477644,0.49580866,0.39843875,-0.15090522,0.5217564,0.30029142
35,315,0.039768577,-0.19515505,0.12675624,-0.3856829,0.18844754,0.009430885,-0.25471988,-0.3292887,-0.22434498,-0.82315135,0.060096733,-0.32664424,0.5098692,-0.013278384,0.6020238,0.064535975
35,316,0.08750424,-0.2892262,0.050769888,-0.5501729,0.0021715313,0.025868684,-0.057631783,-0.26834914,-0.15785742,-0.7534318,-0.01951404,-0.30861273,0.4905544,-0.013650108,0.66592884,0.04482472
35,327,-0.5746162,-0.25430775,-0.15358213,0.8809792,-0.14783566,0.5556011,-0.002078496,0.65677845,-0.39134014,0.084567904,0.15715115,0.34196508,0.28319758,-0.15915996,0.47459304,0.36733347
35,330,0.14738104,-0.29132932,0.02711828,-0.61955595,-0.013711125,0.024044603,-0.012702532,-0.24769208,-0.1483399,-0.6925778,-0.06473912,-0.29384533,0.48875493,0.009888776,0.6249352,0.038392097
35,331,0.35537538,-0.32707798,-0.052277386,-0.8472712,-0.065470904,0.064329505,0.09015139,-0.20097646,-0.16193068,-0.5307869,-0.21202151,-0.2583149,0.5526242,0.093400605,0.52244014,0.04288304
35,334,-0.015774101,0.033293188,0.53077364,0.09062344,0.10410109,-0.0037850738,-0.6339772,-0.10266975,-0.3953811,0.1216743,0.12056701,-0.31743044,-0.028587922,-0.073324375,-0.66392,-0.03895083
35,344,0.050904155,-0.21354413,0.10698998,-0.4228998,0.1473745,0.009671122,-0.20811006,-0.31777826,-0.20486686,-0.8060775,0.04202982,-0.32125106,0.50204706,-0.011400603,0.6151405,0.057741344
35,353,0.41454193,0.29999503,-0.57920074,-0.1702829,0.8706807,-0.28918976,-0.41545737,-0.5480259,0.16991496,-0.15876095,-0.13444646,0.3904937,0.04166603,0.775738,-0.08949333,-0.46826863
35,359,0.12052891,0.13341509,-0.6921237,0.8857105,0.3111234,0.44720006,-0.07847335,0.67533433,0.09725104,0.4942034,-0.3710327,1.0071703,0.46958125,0.09477871,0.12269694,-0.120573856
35,361,0.53441095,-0.49938715,-0.076820776,-1.150094,-0.28114742,0.18758085,0.27301088,-0.059516817,-0.23147425,-0.42106825,-0.37480247,-0.2744922,0.6855812,0.07836301,0.55182433,0.11953643
35,365,-0.28609094,-0.22529554,0.5130296,0.20763634,0.60412174,0.10430989,-0.67294496,0.2650671,-0.8824139,-0.13147447,0.36295378,-0.067820325,-0.031567767,0.05183684,-0.41494745,0.25292614
35,374,-0.20456879,-0.09580405,0.76656246,0.058724776,0.5647143,-0.10500014,-0.9817611,0.27496037,-0.5598173,-0.24755298,0.14112592,-0.16170637,0.012062207,-0.29791996,-0.561088,-0.24030243
35,389,0.08466992,-0.5690377,-0.11925852,-0.79334736,-0.53740054,0.1423893,0.4165914,0.057969823,-0.08692253,-0.38078812,-0.22635894,-0.17832562,0.38901174,-0.041572493,0.6649886,-0.047251508
35,398,-0.9211247,-0.35947317,-0.17224571,0.3806181,-0.53615683,-0.05961448,0.669383,0.22425641,0.24209784,-0.23870127,0.35536787,0.09549831,-0.5092048,-0.16293532,0.76525086,-0.101443924
35,408,-0.61246485,-0.27801904,-0.11033197,0.8464767,-0.17692907,0.5348334,0.027478106,0.65214014,-0.4029947,0.064528614,0.18475935,0.29668167,0.23981269,-0.17364359,0.48334065,0.37758225
35,420,-0.21085611,-0.097729474,0.8063866,0.00080771744,0.49459273,-0.15888676,-0.89156723,0.35241264,-0.45458293,-0.21265186,0.08989931,-0.16071871,-0.05512038,-0.41077706,-0.5659078,-0.3064844
35,425,0.47216943,-0.24460739,-0.002388686,-0.87446034,0.12353731,0.05809194,-0.063354135,-0.29902703,-0.22636649,-0.6141689,-0.20876054,-0.30965358,0.6613163,0.13191068,0.48042393,0.110310405
35,440,0.54695797,-0.4527371,-0.06885493,-1.1199231,-0.20164211,0.16908112,0.20851296,-0.10833713,-0.23608358,-0.45180207,-0.35638613,-0.28139448,0.6976009,0.097628586,0.5321426,0.122076094
35,445,-0.60151225,0.07470509,-0.29063314,0.28114763,0.10216195,-0.47115248,0.28390864,-0.28897732,0.56912607,-0.44658828,0.32261175,0.19018559,-0.5731315,0.09155353,0.4975345,-0.52196527
35,447,0.5220978,-0.44772604,-0.068975136,-1.0950795,-0.20698945,0.15954483,0.21613872,-0.098707944,-0.225876,-0.43900293,-0.34754825,-0.27227402,0.6706497,0.093310155,0.52315277,0.1099211
35,449,0.2278988,0.40180507,0.022555448,0.17816152,-0.6082866,-0.04652168,0.104309954,-0.89025784,0.2640708,0.5577239,0.07982411,-0.5590221,-0.20548391,0.29000327,-0.582171,0.16632581
35,468,0.01782462,0.15891364,-0.7170765,1.0864882,0.26140726,0.53647363,-0.20444503,0.57161534,0.060016997,0.34425586,-0.2890827,0.93503934,0.62759554,0.058892854,0.27317616,-0.0332423
35,472,-0.34702766,0.28215674,-0.08905071,0.15049168,0.6103783,-0.53501105,-0.27459228,-0.6865281,0.3529642,-0.8391255,0.3742055,-0.08359119,-0.24346009,0.18939787,0.45704895,-0.43051285
35,473,0.35537532,-0.32707798,-0.0522774,-0.8472712,-0.065470904,0.064329535,0.09015139,-0.20097645,-0.16193067,-0.5307869,-0.21202151,-0.25831494,0.5526242,0.09340059,0.52244014,0.04288307
35,482,0.12519976,0.7732737,0.19557771,0.411161,-0.49409735,0.087361604,-0.23797125,-0.15170036,0.82057625,0.0079627335,-0.055084392,-0.34355032,0.23004265,-0.8373541,-0.00567168,0.19952577
35,490,-0.96100247,-0.42798722,-0.16673166,0.40980604,-0.6472678,0.025025398,0.7388384,0.32145947,0.18896013,-0.17623457,0.34686685,0.09892717,-0.48578048,-0.19705564,0.80641794,-0.026457459
35,505,0.25076285,0.17228776,-0.08479524,0.13752295,-0.528869,0.13117963,0.5256333,-0.5902093,-0.12687464,0.8313635,0.1540997,-0.43415174,-0.30180782,0.50089586,-0.6032777,0.7251759
35,513,0.19977686,0.15403414,0.10287285,0.1124929,-0.25456202,0.054834664,0.18827954,-0.30825013,-0.13077047,0.5569441,0.09079245,-0.3060839,-0.18414605,0.20909867,-0.56410575,0.44342458
35,533,-0.18120375,0.038983308,-0.663312,1.2096828,0.00519149,0.69241863,-0.12486728,0.6575629,-0.04308551,0.30425173,-0.19002102,0.81053215,0.67790276,-0.05087287,0.46537983,0.15092191
35,535,0.048207164,0.0194672,0.47694868,0.122984186,0.11142509,0.06812739,-0.6079734,-0.19368511,-0.51866347,0.19856593,0.15343799,-0.34642667,0.0101982355,0.0809787,-0.70712185,0.0997197
35,538,-0.2559824,-0.21631333,0.5476327,0.20959294,0.644943,0.111701995,-0.75823694,0.24941857,-0.9158912,-0.13933097,0.36461288,-0.08358408,-0.003746584,0.05628047,-0.47003078,0.2455675
35,547,0.22690806,0.24348885,-0.026197016,0.15158643,-0.522957,0.06191957,0.3496217,-0.65044934,-0.003825053,0.72280127,0.13524668,-0.46337563,-0.27952725,0.39715105,-0.6130747,0.52682936
35,553,-0.40362185,0.25594503,-0.10595292,0.16833863,0.5357716,-0.5598705,-0.15357025,-0.5943768,0.4075839,-0.73916817,0.3581162,-0.01479955,-0.35603756,0.16805226,0.42048988,-0.47267228
35,554,0.2637972,0.16027245,-0.056954727,0.13726991,-0.5087893,0.14447513,0.47654346,-0.5813825,-0.17024362,0.83909506,0.15865836,-0.44101164,-0.2911205,0.4999735,-0.64633584,0.73117226
35,560,-0.5649152,-0.45994747,0.36672008,0.24409454,0.32598484,0.21636578,-0.11484699,0.5719326,-0.9439771,0.04238102,0.4174201,0.079772875,-0.23239641,0.03115984,-0.10528033,0.5144972
35,564,-0.54880375,0.1214787,-0.2219851,0.2534211,0.22007483,-0.49360198,0.16589013,-0.3415422,0.50946265,-0.4994495,0.3242579,0.14236535,-0.5205816,0.10308557,0.44424415,-0.5055046
35,573,-0.34639385,0.24947977,-0.046428397,0.15684088,0.6104045,-0.4688463,-0.35432282,-0.6983483,0.26603603,-0.90785533,0.39480513,-0.1410469,-0.14154999,0.16479924,0.50311196,-0.3668578
35,583,-0.01577413,0.03329319,0.53077364,0.09062344,0.10410109,-0.003785044,-0.6339772,-0.102669746,-0.39538115,0.12167433,0.120567,-0.31743044,-0.028587922,-0.07332437,-0.6639199,-0.038950816
35,589,0.8499681,0.26987714,0.44845906,-0.5041832,0.2765987,-0.13765335,0.12585777,1.2116969,0.44186756,0.6758642,-0.83114916,0.51400155,0.07132727,-0.9560535,-0.72443306,-0.22305816
35,591,-0.99749327,-0.52788574,-0.16812912,0.47919488,-0.81149364,0.18837509,0.84509873,0.5231954,0.08964328,-0.012615889,0.30735135,0.14721423,-0.42796326,-0.24616015,0.83411086,0.1028564
35,595,-0.27724946,-0.07115621,-0.015479222,-0.2735096,0.2974105,-0.6082454,0.73751295,0.43890157,0.47745323,0.25025433,-0.03086017,0.50668085,-1.0370235,0.08833038,-0.12732324,-0.5940832
35,599,-0.55050826,-0.4274077,0.33246058,0.22262478,0.2303507,0.17395231,-0.0048917457,0.5603606,-0.8122764,0.08757195,0.37770176,0.084367916,-0.27774978,-0.004666239,-0.100469135,0.4626974
35,600,-0.3470277,0.28215674,-0.089050695,0.15049168,0.6103783,-0.535011,-0.27459228,-0.686528,0.35296413,-0.8391255,0.37420553,-0.08359119,-0.24346009,0.18939787,0.45704892,-0.43051282
35,605,0.5639492,-0.5390419,-0.099346146,-1.2135788,-0.34247833,0.20830342,0.32988304,-0.030402664,-0.22862506,-0.38832858,-0.40986627,-0.26821342,0.6971454,0.080805995,0.5625641,0.11929843
35,625,0.23134229,0.20109406,-0.07981902,0.13933666,-0.5398625,0.10597956,0.5167103,-0.5821053,-0.05923512,0.80873436,0.14711666,-0.43145972,-0.3170523,0.4505122,-0.589124,0.6854328
35,634,-0.56906307,-0.22802961,-0.06577869,0.05002965,-0.08657016,-0.30323976,0.7240148,0.4309854,0.30514342,0.1034846,0.13070622,0.35089874,-0.78188515,-0.03355237,0.24996248,-0.30810958
35,640,0.12554482,-0.5902302,-0.13320103,-0.8513409,-0.5547003,0.15772513,0.43223244,0.047580175,-0.08944036,-0.39440215,-0.24687742,-0.18867584,0.42364776,-0.033299178,0.69235426,-0.036412746
35,642,-0.17963788,0.14135809,-0.34577256,0.22987941,0.4135459,-0.16965434,-0.42271864,-0.5659459,0.1540768,-0.6585902,0.21621847,0.04137036,0.15670396,0.2849666,0.47000816,-0.35093212
35,649,-0.966095,-0.47351044,-0.12681538,0.4584318,-0.65342,0.1197291,0.7488436,0.46191064,0.069518656,-0.06818022,0.33461833,0.14062408,-0.44985265,-0.21666855,0.7633962,0.07967025
35,654,0.27666888,0.33827782,0.13530284,0.20697744,-0.39848518,0.0024466217,-0.24429181,-0.9562111,-0.014787355,0.4373138,0.099934146,-0.590031,-0.033151373,0.39287758,-0.67428416,0.07999396
35,660,0.03184718,-0.1250478,0.14511189,-0.31013384,0.31446886,-0.018145815,-0.36511576,-0.39731157,-0.23518184,-0.8719432,0.10471449,-0.334258,0.509406,0.011998236,0.5713411,0.05732712
35,677,0.2888948,0.2095446,-0.55875516,0.42001078,0.6086525,0.030518055,0.017611325,0.5653707,0.2499622,0.53359526,-0.42139643,1.016049,0.066169575,0.2058891,-0.22186494,-0.42162862
35,678,0.27697518,0.3709521,0.054878436,0.20030609,-0.51073736,-0.007648587,-0.037424736,-0.95801413,0.10379487,0.529772,0.0960983,-0.5845977,-0.11821452,0.3912569,-0.64135796,0.16831258
35,681,0.34977785,0.09846317,0.59829855,-0.3085874,0.14339481,-0.14148535,-0.2607672,0.6163693,0.045065045,0.38471347,-0.36382788,0.063192114,-0.09635696,-0.6024292,-0.73700726,-0.25187114
35,685,-0.19378547,-0.10287988,0.7277594,0.11417137,0.6236067,-0.04292831,-1.0456436,0.21335329,-0.67221475,-0.2564765,0.19751503,-0.16123058,0.06340729,-0.188595,-0.57273823,-0.1498764
35,689,0.2313424,0.20109403,-0.07981905,0.13933666,-0.53986233,0.10597953,0.5167103,-0.5821053,-0.05923511,0.80873436,0.14711668,-0.4314597,-0.3170523,0.45051214,-0.589124,0.68543285
35,702,0.14168581,-0.303663,0.030945174,-0.6199708,-0.01952079,0.03425175,-0.022018185,-0.25779262,-0.15485698,-0.7231842,-0.057104304,-0.304891,0.5075854,0.0020750053,0.6558355,0.046896815
35,722,-0.66325575,0.012992768,-0.30411842,0.31348908,-0.01658003,-0.41810048,0.3611805,-0.20863532,0.561789,-0.4058099,0.325975,0.19945882,-0.58219624,0.04669392,0.5425992,-0.49323103
35,736,0.24672964,0.23070642,-0.056866527,0.1466335,-0.5504493,0.09023741,0.44121364,-0.63619816,-0.02732866,0.79311067,0.14082931,-0.45970234,-0.30331904,0.43448284,-0.62453014,0.62331307
35,739,0.34683582,0.099822685,0.5877192,-0.32090676,0.14133814,-0.15571243,-0.22267592,0.64373124,0.07611417,0.38208437,-0.377284,0.08314334,-0.108151,-0.6213901,-0.7139214,-0.2630308
35,741,0.1461542,-0.41819137,-0.040333807,-0.73012304,-0.24104713,0.07846543,0.1806801,-0.12848498,-0.11984248,-0.5762141,-0.14156802,-0.25561765,0.46360475,-0.007960338,0.66406137,0.011627704
35,760,-0.3852632,-0.3309221,0.45424047,0.22299045,0.47702014,0.16749123,-0.41619524,0.40689972,-0.92557096,-0.017007649,0.39093238,-0.0038261935,-0.12903598,0.04819116,-0.31911913,0.39509887
35,762,0.23998323,0.14543432,-0.036822677,0.13664255,-0.46996552,0.13292247,0.43188286,-0.5545211,-0.18709056,0.79186815,0.16155906,-0.4270517,-0.2792799,0.479677,-0.6306363,0.690741
35,771,-0.22291699,-0.12968947,0.74745303,-0.056787476,0.27310503,-0.16363674,-0.54662263,0.4594274,-0.33608145,-0.027189732,0.06554839,-0.13917096,-0.20575118,-0.47826663,-0.55131483,-0.20504764
35,773,0.2467297,0.23070641,-0.056866527,0.1466335,-0.5504493,0.09023744,0.4412136,-0.63619816,-0.02732866,0.79311067,0.14082931,-0.45970237,-0.30331904,0.43448284,-0.62453014,0.62331307
35,779,-0.19703197,-0.15693007,0.62764186,0.20191526,0.7125095,0.07634735,-0.98039454,0.18184474,-0.89157546,-0.20465448,0.33029926,-0.12699075,0.06773932,0.020788908,-0.566623,0.121916145
35,785,0.26646152,0.17330132,-0.08342546,0.13819566,-0.53653044,0.14090595,0.52350223,-0.6027619,-0.13846555,0.8518532,0.1547142,-0.4435142,-0.3000733,0.5131155,-0.62497985,0.7416259
35,788,0.28242967,0.19020374,0.1353519,0.07796399,-0.19099303,0.049051374,0.15781462,-0.15174797,-0.05749728,0.5652946,-0.00675945,-0.21658902,-0.12725155,0.07019114,-0.58031905,0.39069635
35,794,-0.34962776,0.28128183,-0.08927913,0.15311512,0.6167256,-0.5322952,-0.28589377,-0.7012406,0.35137936,-0.8604697,0.38296354,-0.090515144,-0.23485355,0.19035801,0.47380498,-0.42769724
35,805,0.23915216,0.46434247,0.061233252,0.16484386,-0.72431225,-0.08258629,0.03227871,-0.9710364,0.4082018,0.55329067,0.041481495,-0.61255884,-0.20392932,0.20448154,-0.6048341,0.022612795
35,807,0.5205822,0.060558647,-1.7516444,0.6983887,0.13010484,0.6000183,-0.6549954,-0.09613534,0.08568572,0.626444,-0.5364315,1.2301469,0.80294645,1.049121,-0.07956753,-0.6879864
35,815,0.15022692,-0.29684728,0.031078637,-0.6242485,-0.018305674,0.030103892,-0.012850083,-0.2422247,-0.15536384,-0.692336,-0.0679784,-0.29623485,0.49642605,0.0063472204,0.6260526,0.043866694
35,818,-0.09926468,0.11182824,-0.6103008,0.3679332,0.28601062,0.0025187135,-0.45761395,-0.45681107,0.15066442,-0.4348805,0.09182808,0.24201636,0.29787385,0.3811751,0.41850728,-0.41142434
35,823,-0.34122437,0.23009391,-0.018274173,0.15659127,0.6111982,-0.43273318,-0.3905564,-0.68914384,0.21445352,-0.9281902,0.3976416,-0.16428514,-0.090725906,0.14998311,0.51251704,-0.33061534
35,852,-0.18863712,-0.1206364,0.68790793,0.16761617,0.6744386,0.023785919,-1.0811661,0.17429279,-0.7884503,-0.24890345,0.26058018,-0.15332808,0.09803112,-0.08582479,-0.5861886,-0.04058054
35,879,-0.21601923,-0.39794353,0.2007976,0.06468871,-0.22585393,0.257522,0.5693394,0.45345378,-0.73535496,0.6301126,0.28925633,-0.04172226,-0.38154155,0.12540182,-0.3564605,0.899054
35,884,0.15494314,0.80442613,0.3667788,0.22115834,-0.780264,-0.021965563,-0.34953284,-0.31543326,1.0237279,0.11396709,-0.13689466,-0.50307405,0.066070095,-0.94423723,-0.2215423,-0.15210497
35,907,-0.30267227,-0.074164145,-0.0098927915,-0.23653227,0.27929455,-0.5805503,0.6947223,0.40936595,0.44335282,0.20962992,-0.005927801,0.4698394,-0.98807085,0.079915754,-0.09604322,-0.5606247
35,917,0.056685954,-0.2402795,0.0895418,-0.46113548,0.0936076,0.014668107,-0.1544691,-0.29736722,-0.18818502,-0.78710544,0.022769973,-0.3161636,0.49494475,-0.015907083,0.63298357,0.053325474
35,920,-0.31695157,0.19289063,0.026414655,0.14192504,0.60043114,-0.36138615,-0.4464775,-0.66514856,0.11824141,-0.9477576,0.3890278,-0.20792869,0.009665951,0.12561777,0.52160853,-0.26014125
35,933,0.14040372,-0.29708385,0.0316196,-0.6151593,-0.019246042,0.028645337,-0.01448746,-0.24443801,-0.15284522,-0.6985117,-0.06176634,-0.29649895,0.49242896,0.0037018955,0.6322549,0.04172489
35,934,-0.19877787,-0.13959536,0.64602655,0.19046283,0.7037168,0.051021516,-1.0169799,0.17840128,-0.8453017,-0.22764623,0.306558,-0.13274577,0.074167624,-0.018543772,-0.5690539,0.05913341
35,943,-0.30973166,0.21514331,0.015032969,0.14502926,0.6361051,-0.38126543,-0.465053,-0.7039452,0.13860849,-0.9746966,0.39929578,-0.20743383,0.003169015,0.14257014,0.53005314,-0.2744441
35,946,0.2278988,0.40180507,0.022555456,0.17816152,-0.6082866,-0.04652168,0.104309954,-0.8902577,0.26407078,0.5577238,0.07982411,-0.5590221,-0.20548391,0.29000327,-0.58217096,0.16632581
35,978,-0.50466174,-0.3303764,0.4010747,0.266913,0.55840105,0.13667822,-0.43132532,0.38385713,-0.91773915,-0.1739011,0.43472677,0.022632267,-0.12018487,0.06994807,-0.12420381,0.35970306
35,981,0.84996796,0.26987717,0.4484591,-0.5041832,0.2765987,-0.13765334,0.12585774,1.2116967,0.4418675,0.67586416,-0.83114916,0.5140016,0.07132727,-0.9560536,-0.724433,-0.22305816
35,988,-0.32748294,0.14603351,0.047544234,0.13345061,0.54896665,-0.3142476,-0.44093746,-0.63165057,0.07301943,-0.9546548,0.38748598,-0.22817717,0.05381848,0.09597375,0.5497368,-0.2234813
35,1019,0.5220978,-0.447726,-0.068975136,-1.0950798,-0.20698951,0.15954486,0.21613872,-0.098707944,-0.22587599,-0.43900293,-0.34754825,-0.27227402,0.6706496,0.093310155,0.52315277,0.10992116
35,1026,-0.55050826,-0.4274077,0.33246058,0.22262478,0.2303507,0.17395231,-0.0048917457,0.5603606,-0.8122764,0.08757189,0.37770173,0.084367916,-0.27774978,-0.004666239,-0.10046912,0.4626974
35,1030,-0.50466174,-0.33037636,0.4010747,0.266913,0.55840105,0.13667822,-0.43132532,0.38385713,-0.9177392,-0.17390108,0.43472677,0.022632267,-0.12018487,0.06994807,-0.12420381,0.359703
35,1042,-1.0065304,-0.53474385,-0.18626785,0.48912534,-0.8559945,0.20210645,0.8635511,0.5238734,0.110353254,-0.011261821,0.2995286,0.14516991,-0.4172337,-0.25512552,0.8620276,0.09541625
35,1046,0.16370538,0.48456857,0.29961032,0.062221833,-0.6542209,-0.1533109,-0.12832212,-0.5905051,0.5554618,0.32588083,-0.05799572,-0.5502653,-0.16756211,-0.31019384,-0.4923852,-0.16992684
35,1060,0.65978026,0.1866355,0.52431774,-0.48597643,0.21767062,-0.16610575,-0.0028531812,1.0675395,0.32849696,0.58504814,-0.69542295,0.38112426,-0.025580361,-0.8815543,-0.7477837,-0.29729816
35,1061,0.053176165,0.6565908,0.44199598,0.035333365,-0.79353946,-0.16987768,-0.34041834,-0.36350772,0.95687336,0.10023415,-0.13138963,-0.5293636,-0.12672079,-0.8452799,-0.29890734,-0.4192412
35,1067,-0.31124884,0.16192274,0.04049185,0.12923187,0.58585876,-0.32068464,-0.47195882,-0.67641497,0.07811714,-0.9956339,0.39733845,-0.23908928,0.07187909,0.111191995,0.56991684,-0.22364083
35,1072,0.26846775,0.470329,0.036044165,0.16958092,-0.74679244,-0.062204152,0.0846803,-0.99291784,0.3970767,0.61013895,0.04705611,-0.6236099,-0.21679665,0.24412501,-0.63125354,0.09292653
35,1079,0.36540744,0.9530372,0.27631134,0.62285876,-0.15146144,0.21314725,-0.3816758,0.2540942,0.89084154,-0.23755834,-0.21781184,-0.14137436,0.7798537,-1.365171,0.22674352,0.4781167
35,1083,0.4252704,1.0913596,0.05717676,0.955678,-0.073958576,0.42697144,-0.4215888,0.19269541,0.86119056,-0.24027243,-0.14865924,-0.06941868,1.0526903,-1.2471843,0.3676665,0.823386
35,1089,0.44823578,1.1260642,0.045654282,0.9835185,-0.091029674,0.458431,-0.41032624,0.2005196,0.88653207,-0.22139458,-0.147256,-0.07440122,1.072016,-1.271586,0.37165037,0.88257426
35,1094,0.84996796,0.26987714,0.44845906,-0.50418305,0.2765987,-0.13765334,0.12585774,1.2116969,0.4418675,0.6758642,-0.8311492,0.5140016,0.07132727,-0.95605356,-0.724433,-0.22305816
35,1105,-0.40362185,0.25594503,-0.10595293,0.16833863,0.5357715,-0.5598704,-0.15357026,-0.59437674,0.4075839,-0.73916817,0.35811624,-0.014799543,-0.35603756,0.16805229,0.42048988,-0.47267228
35,1127,-0.2795128,0.18385352,0.025295421,0.11069474,0.60510033,-0.3365834,-0.4681734,-0.68713796,0.09262587,-0.97421706,0.38043875,-0.23169746,0.06628139,0.13127333,0.5430097,-0.23357716
35,1154,-0.9974934,-0.52788574,-0.16812915,0.4791949,-0.8114936,0.18837512,0.8450988,0.52319527,0.08964328,-0.012615889,0.30735135,0.14721419,-0.42796332,-0.24616018,0.83411086,0.10285637
35,1155,-0.84865355,-0.39182714,-0.11277664,0.34581903,-0.47919506,-0.00897634,0.7366497,0.4461716,0.14898598,-0.021270305,0.274554,0.20583202,-0.5477468,-0.16254526,0.6131635,-0.04125993
35,1159,0.21403685,0.15547752,0.091530904,0.11250749,-0.27838075,0.0665552,0.2155728,-0.3255659,-0.13449234,0.5896503,0.09240211,-0.3166633,-0.19095382,0.22964966,-0.57748556,0.4746185
35,1167,-0.98493814,-0.468533,-0.17743772,0.4371597,-0.7223484,0.08204463,0.7884052,0.38460362,0.1682392,-0.12926573,0.3375138,0.11366224,-0.47117466,-0.21582222,0.8367226,0.013076276
35,1182,-0.22175452,-0.32998,0.39436534,0.040121205,-0.053749457,0.15827957,0.16087008,0.47994268,-0.6635079,0.4306671,0.23839387,-0.069329455,-0.31244433,-0.06982101,-0.45351,0.5790493
35,1187,-0.6397792,-0.3325045,0.12952498,0.60210466,0.051919863,0.35848647,-0.06441103,0.57608026,-0.5814802,-0.036688313,0.31371406,0.1646121,0.022384673,-0.11684384,0.28991255,0.37872034
35,1196,-0.42471877,0.25426787,-0.12019694,0.17993805,0.5240107,-0.57869375,-0.106135964,-0.5722219,0.44211185,-0.7107167,0.35952848,0.018505912,-0.41063863,0.16763675,0.41278636,-0.49384224
35,1200,0.3524857,0.9007973,0.36486864,0.46246797,-0.2712599,0.12658453,-0.33993986,0.21643798,0.91918546,-0.1517901,-0.24054845,-0.21510918,0.6045484,-1.3702633,0.0977242,0.3340875
35,1231,0.07833001,-0.26561627,0.06372109,-0.5158256,0.04479067,0.018506795,-0.099625595,-0.2879055,-0.16663407,-0.77209795,-0.0015772134,-0.31256247,0.49337125,-0.011044819,0.6547848,0.04704851
35,1233,-0.09926468,0.111828245,-0.6103008,0.3679332,0.28601062,0.0025187135,-0.45761392,-0.4568111,0.15066443,-0.43488055,0.09182808,0.24201636,0.29787385,0.3811752,0.41850728,-0.41142434
35,1271,0.04242915,-0.15967718,0.12944657,-0.357587,0.25054342,-0.006583482,-0.30604222,-0.37172917,-0.22245114,-0.85306156,0.08008618,-0.33175716,0.51160735,0.0034528486,0.59427977,0.058735847
35,1292,0.23659793,0.44320628,0.0069402903,0.17412665,-0.6932833,-0.06578374,0.13735917,-0.94452536,0.36375913,0.58159256,0.06248918,-0.58483,-0.22521073,0.26742792,-0.57765305,0.12930295
35,1303,-0.7444902,-0.069610275,-0.29316404,0.3385287,-0.13840298,-0.35337046,0.44281828,-0.13015172,0.524174,-0.396249,0.35068148,0.1784667,-0.5897667,-0.004381314,0.6205144,-0.4256493
35,1305,-0.0073313415,-0.22239912,0.23246497,0.106647216,-0.11717309,0.24708956,0.18682498,0.058327988,-0.7356429,0.5774603,0.25652546,-0.21583916,-0.19947457,0.28972012,-0.55461633,0.7374205
35,1313,0.21457925,0.07281731,-1.2922289,0.67450666,0.14355476,0.43962157,-0.66908723,-0.26676273,0.08704121,0.086281866,-0.23860715,0.7754367,0.7228228,0.71362966,0.24939483,-0.5448747
35,1315,0.563264,-0.3977114,-0.04893315,-1.082185,-0.09756406,0.15254629,0.11530142,-0.17296146,-0.25236613,-0.5078218,-0.32988393,-0.29957098,0.72738206,0.11517408,0.51900643,0.13522366
35,1327,-0.6352829,0.040037822,-0.305703,0.3032146,0.028365046,-0.44004163,0.3336787,-0.23746859,0.5708545,-0.411967,0.3205035,0.20425127,-0.5808529,0.06696179,0.5177696,-0.51092494
35,1328,-1.0065305,-0.53474385,-0.18626782,0.4891254,-0.8559944,0.20210642,0.863551,0.5238733,0.110353254,-0.011261821,0.2995286,0.14516993,-0.4172337,-0.25512555,0.8620277,0.09541628
35,1347,0.2511693,0.7928084,0.39750943,0.34830543,-0.28976357,0.039785713,-0.26562533,0.19276737,0.8586059,-0.14055641,-0.20142646,-0.24490716,0.41442466,-1.2650995,0.058590565,0.22247052
35,1364,0.23989221,0.1824588,-0.09545013,0.13567913,-0.54483896,0.123462796,0.5595927,-0.57555544,-0.09159155,0.8361183,0.15128843,-0.42725533,-0.3196928,0.48171166,-0.5866345,0.7311729
35,1373,-0.22505456,-0.2552447,0.5607092,-0.004089877,0.083352365,0.02953437,-0.13912916,0.50751925,-0.53647745,0.2577985,0.17207734,-0.09174116,-0.28452924,-0.2679254,-0.5231055,0.2656396
35,1390,0.09877297,-0.30061132,0.04308998,-0.57426345,-0.025388896,0.028682321,-0.023053626,-0.24096994,-0.15422118,-0.71496964,-0.039061844,-0.29834774,0.4791715,-0.012268666,0.6480733,0.04095757
35,1392,0.29592893,0.3372182,0.14219776,0.21000913,-0.3947832,0.015639096,-0.26500404,-0.97340363,-0.04127082,0.4526363,0.10201339,-0.6018987,-0.02203679,0.41167662,-0.7023187,0.09434122
35,1399,-0.97417164,-0.4901616,-0.13724273,0.4630772,-0.6974659,0.14035067,0.77630717,0.48057002,0.071958065,-0.051244423,0.32706374,0.14216867,-0.44315684,-0.22435522,0.7820281,0.08883762
35,1400,0.12675145,-0.60574216,-0.13140151,-0.86179614,-0.5796945,0.16911653,0.44950923,0.072793595,-0.097955815,-0.37251666,-0.2591743,-0.18468454,0.4257716,-0.040173694,0.68495095,-0.033020943
35,1404,-0.8717126,-0.4012372,-0.11039941,0.37563527,-0.5059482,0.018746287,0.7172439,0.4367879,0.1241294,-0.04397492,0.29113692,0.18227369,-0.51225936,-0.17488274,0.6426681,-0.012447655
35,1414,0.25823143,0.14211793,-0.030177504,0.1367696,-0.47359723,0.14601639,0.42168158,-0.5641647,-0.20986469,0.81490916,0.16349073,-0.4373227,-0.27567267,0.49290273,-0.66085976,0.7099789
35,1419,-0.5275732,-0.41934943,0.35311005,0.22326118,0.2638306,0.17901447,-0.05821327,0.5507804,-0.83639014,0.085006,0.3826326,0.076245755,-0.26369023,0.00083012506,-0.14001706,0.46356356
35,1424,-0.40362185,0.25594503,-0.10595295,0.16833863,0.5357716,-0.5598704,-0.15357025,-0.59437674,0.40758386,-0.7391682,0.35811624,-0.01479955,-0.35603756,0.16805229,0.42048988,-0.47267228
35,1433,0.3411021,0.3669957,0.13952206,0.21619573,-0.43974078,0.02821821,-0.28140986,-1.0508943,-0.025042674,0.49268287,0.093939535,-0.64197105,-0.008748099,0.4393713,-0.7455035,0.098106205
35,1438,-0.34923685,0.31980613,-0.098936394,0.16730669,0.6712992,-0.575979,-0.29710168,-0.7282498,0.39012125,-0.86344486,0.38777038,-0.06664199,-0.27722943,0.20879018,0.45078412,-0.46362263
35,1447,0.26117858,0.30103898,0.064318754,0.18029037,-0.47150004,0.031153351,0.035449676,-0.8130885,0.0012175114,0.5928227,0.11670668,-0.53759,-0.16125725,0.3849892,-0.6712601,0.2995795
35,1462,0.24042371,0.44127974,-0.0051813126,0.17673317,-0.6905093,-0.060850114,0.15891528,-0.9456498,0.35517415,0.5919975,0.0664312,-0.5824603,-0.22895098,0.28372684,-0.57633775,0.15367115
35,1464,0.26928642,0.39815727,0.03727623,0.18817407,-0.58568347,-0.018939435,0.04567647,-0.9366269,0.1973615,0.57303107,0.08474082,-0.58369243,-0.16836104,0.33979708,-0.6320538,0.18572128
35,1470,-0.18691497,-0.12747748,0.68418854,0.18097661,0.7103751,0.040969312,-1.0971256,0.17134827,-0.83405685,-0.24901141,0.2839139,-0.14773494,0.10064496,-0.05260059,-0.59639513,0.0012699068
35,1479,0.118793756,-0.45895723,-0.064458564,-0.73554206,-0.32870978,0.09472206,0.25011373,-0.067806736,-0.1087242,-0.50710654,-0.1651092,-0.22632727,0.4317416,-0.017579768,0.6530484,-0.011503398
35,1480,0.5299535,-0.2683862,-0.02335307,-0.9507867,0.097868904,0.07579237,-0.03155249,-0.29537806,-0.22976178,-0.5984694,-0.24522887,-0.31194007,0.6933636,0.14784041,0.48677975,0.11971438
35,1491,0.25952217,0.48015022,0.06873613,0.1646644,-0.75394845,-0.07950179,0.014255494,-1.0053358,0.42471254,0.5728435,0.034479722,-0.6343322,-0.19969095,0.20340052,-0.63154966,0.011572644
35,1495,0.25209746,0.15865949,-0.059347585,0.13716015,-0.5007581,0.1376481,0.47749546,-0.5744769,-0.16440167,0.82086855,0.15807392,-0.43368918,-0.28929967,0.4948534,-0.6264695,0.7177425
35,1498,0.5672909,-0.5099245,-0.13306499,-1.200397,-0.3348931,0.18013397,0.35896438,-0.014116719,-0.19762242,-0.30156875,-0.42593652,-0.22358796,0.63495773,0.11616682,0.48364547,0.07831782
35,1517,0.3411021,0.3669957,0.13952206,0.21619573,-0.43974072,0.02821821,-0.28140983,-1.0508941,-0.025042674,0.49268287,0.093939535,-0.64197105,-0.008748099,0.4393713,-0.74550354,0.098106205
35,1522,0.48201558,0.031580348,-1.7551696,0.7972485,0.059018046,0.6989261,-0.73151946,-0.053792723,0.028592583,0.60220766,-0.5323438,1.2139474,0.9189497,0.9913229,-0.025710337,-0.6541764
35,1531,-0.24230814,-0.18197729,0.5545715,0.20762464,0.66035753,0.08225855,-0.80722636,0.21197498,-0.87153786,-0.17161164,0.35136977,-0.09461258,0.010746881,0.04667058,-0.4793648,0.1885691
35,1538,-0.23012637,-0.1657464,0.6439709,-0.024227202,0.1942685,-0.09302445,-0.37516668,0.44807315,-0.39466572,0.07148218,0.11563833,-0.118374944,-0.2343444,-0.37686655,-0.5180567,-0.026832536
35,1543,0.2447811,0.20729774,-0.07778102,0.14038868,-0.55219233,0.11066222,0.51151514,-0.59864914,-0.05817896,0.82496816,0.14619839,-0.4425081,-0.3168077,0.4558026,-0.6088117,0.691193
35,1550,-0.91738284,-0.36413562,-0.15630835,0.376633,-0.53653264,-0.049849078,0.6598918,0.23486467,0.21933421,-0.2345354,0.35207173,0.0854156,-0.4955325,-0.16834575,0.7564107,-0.08630681
35,1555,-0.38991266,-0.12976572,-0.034253046,-0.15733942,0.15760234,-0.5047331,0.7396743,0.432281,0.4192737,0.19282147,0.034463152,0.44812828,-0.9557523,0.044925936,0.012446068,-0.49142826
35,1556,0.5758196,0.25847575,0.2565879,-0.14658067,0.0847932,-0.006180644,0.083527826,0.53124785,0.18314302,0.59491885,-0.4098112,0.17836012,0.049279198,-0.4452607,-0.62928385,0.1210435
35,1571,0.22121409,0.07215729,-1.320317,0.6888187,0.12631653,0.4515702,-0.66081977,-0.24409762,0.09113351,0.12885788,-0.25633967,0.8036007,0.72289264,0.72440547,0.22836602,-0.55594635
35,1590,0.5554849,-0.5738674,-0.10496986,-1.2320247,-0.40302795,0.22664112,0.37407658,0.013527961,-0.23196404,-0.35281742,-0.42887938,-0.258566,0.6920835,0.06668007,0.5643963,0.11643928
35,1607,-0.3096395,-0.26285607,0.51910496,0.2147314,0.59606403,0.13483697,-0.64456785,0.31796864,-0.9315298,-0.10059002,0.3785816,-0.050540376,-0.050884172,0.0494712,-0.41465425,0.30559886
35,1609,-0.2416348,-0.092699744,0.77593803,-0.06528416,0.31327292,-0.22394034,-0.6279943,0.44587108,-0.25582784,-0.117415816,0.038515985,-0.14114466,-0.1903182,-0.5360305,-0.52282494,-0.33916077
35,1615,0.27882794,0.4376317,0.008011147,0.18353447,-0.678699,-0.03610815,0.11517113,-0.9815795,0.29883444,0.61899406,0.07096577,-0.6051238,-0.20567492,0.32293677,-0.6309171,0.17984104
35,1620,0.29256776,0.3095095,-0.32738283,-0.26136476,0.89757264,-0.4244032,-0.3415468,-0.5901555,0.18490392,-0.3373231,-0.018138751,0.19164129,-0.09370736,0.6372838,-0.018733986,-0.41112152
35,1626,-0.27144456,0.18218556,-0.035784706,0.088629976,0.5732473,-0.36063486,-0.40428668,-0.69271505,0.14998715,-0.9281293,0.36277655,-0.19167753,0.014228985,0.16727757,0.5343858,-0.27648094
35,1636,0.25262985,0.9063056,0.047128618,0.71882415,-0.25993466,0.29093248,-0.28558403,-0.0014052521,0.76649344,-0.083929375,-0.057269037,-0.1931558,0.6255933,-0.91951513,0.18730867,0.5901078
35,1640,-0.24352954,-0.19998483,0.55913323,0.20895404,0.6613683,0.10109028,-0.8006296,0.22986926,-0.9057116,-0.15594171,0.35897332,-0.09193998,0.009973586,0.05314081,-0.48607653,0.21892798
35,1651,0.15596548,-0.29880062,0.026038744,-0.63374794,-0.024882391,0.029260695,-0.0017995834,-0.23747402,-0.15152617,-0.6816701,-0.07408588,-0.2928551,0.49225795,0.00936294,0.6214738,0.04113269
35,1652,0.5650176,-0.5575827,-0.10298219,-1.2292854,-0.37199676,0.21842891,0.35207483,-0.011671562,-0.23054193,-0.3746267,-0.4206558,-0.2656351,0.6989403,0.075042404,0.56739223,0.11998272
35,1664,0.56051624,0.16869697,-1.5033264,0.43794462,0.40044868,0.32723033,-0.5862795,-0.23047462,0.14992808,0.49118817,-0.47044086,1.0748373,0.55170774,1.0612075,-0.15264037,-0.67622495
35,1677,-0.22291698,-0.12968948,0.747453,-0.056787476,0.27310503,-0.16363676,-0.54662263,0.4594274,-0.33608142,-0.027189732,0.06554838,-0.13917096,-0.20575118,-0.47826663,-0.5513148,-0.20504764
35,1680,0.25209746,0.15865949,-0.059347555,0.13716015,-0.5007581,0.13764814,0.47749546,-0.5744769,-0.16440168,0.82086855,0.15807392,-0.43368915,-0.28929967,0.4948534,-0.62646955,0.7177425
35,1685,0.6959231,0.28675157,0.32575345,-0.2874496,0.24265325,-0.07150003,0.062942676,0.91330487,0.34033442,0.56079483,-0.6283224,0.4005242,0.123381004,-0.73882264,-0.6035696,-0.077612564
35,1701,0.65638256,-0.5903929,-0.115026146,-1.3347988,-0.40246445,0.2551111,0.38571638,0.019708754,-0.26247448,-0.32395288,-0.48497087,-0.2658092,0.7554077,0.093005694,0.539614,0.14674133
35,1708,0.025996149,0.62552863,0.4467087,0.016382083,-0.791333,-0.19787279,-0.34954444,-0.38665053,0.9389681,0.08975902,-0.13199233,-0.5256113,-0.15051411,-0.80718464,-0.3036922,-0.4823873
35,1718,0.7849834,0.29515058,0.34858853,-0.36080593,0.2834433,-0.08132461,0.08205367,1.0612819,0.3888694,0.6127605,-0.72756803,0.48401308,0.14111741,-0.83187246,-0.6435839,-0.12303009
35,1722,0.20372441,0.14178911,0.0540542,0.12720302,-0.3339793,0.089683235,0.26706192,-0.41262296,-0.17552955,0.64090306,0.13258988,-0.36204147,-0.22242431,0.3250977,-0.5945628,0.5451181
35,1728,0.12675145,-0.6057422,-0.13140148,-0.86179614,-0.57969445,0.1691165,0.44950923,0.07279361,-0.09795581,-0.37251666,-0.2591743,-0.18468454,0.42577153,-0.040173694,0.684951,-0.033020943
35,1737,0.5205822,0.060558643,-1.7516446,0.6983888,0.13010485,0.60001844,-0.6549953,-0.09613536,0.085685715,0.6264439,-0.53643155,1.2301468,0.80294645,1.0491209,-0.07956753,-0.6879864
35,1741,-0.26752627,0.1557905,-0.10078624,0.106642105,0.49022657,-0.32400605,-0.3523018,-0.6234273,0.16155939,-0.82468617,0.31823373,-0.1322765,0.009903178,0.18030709,0.5040344,-0.29673153
35,1754,0.6602452,-0.5767047,-0.15407434,-1.3376476,-0.40067625,0.23459339,0.40521556,-0.0016916115,-0.22533855,-0.3048548,-0.48769343,-0.2443929,0.7243654,0.12231856,0.5305634,0.11393249
35,1757,0.22231504,0.27263606,0.023827098,-0.29725444,0.9325301,-0.36375332,-0.512047,-0.62636256,-0.005461069,-0.6934652,0.09588356,-0.13272114,0.12243496,0.3856007,0.1750373,-0.19179544
35,1759,0.24241278,0.27752307,0.01552213,0.16763116,-0.49722153,0.041440666,0.19399339,-0.73689204,0.00890353,0.6529256,0.12559286,-0.5001137,-0.22186172,0.3901742,-0.6376284,0.40722567
35,1762,0.39044246,1.054239,-0.008145839,0.98277664,-0.065965,0.4589609,-0.3932089,0.16081384,0.7795156,-0.1939101,-0.09647672,-0.0663865,1.0160563,-1.1140599,0.34771848,0.8791819
35,1763,0.2688935,0.4452942,0.0021948218,0.18022195,-0.69693524,-0.04604572,0.13536423,-0.9764445,0.3323037,0.6169608,0.06666746,-0.6019635,-0.21753377,0.30506745,-0.6151559,0.16845906
35,1767,0.5304409,-0.4156732,-0.06254615,-1.0738813,-0.15067248,0.1473383,0.16888052,-0.13500302,-0.22976097,-0.46523273,-0.33346838,-0.27891514,0.6813142,0.10596324,0.513304,0.11271757
35,1786,-0.61246485,-0.27801907,-0.110332,0.8464767,-0.17692907,0.5348334,0.027478106,0.6521402,-0.4029947,0.064528584,0.18475935,0.29668167,0.23981269,-0.1736436,0.48334065,0.3775822
35,1796,0.01782465,0.15891366,-0.71707636,1.0864882,0.26140726,0.53647363,-0.20444497,0.5716153,0.060016997,0.3442558,-0.28908265,0.93503934,0.62759554,0.05889286,0.27317613,-0.0332423
35,1803,-0.3762078,-0.090729296,-0.48743856,1.1142435,-0.120386496,0.66020495,-0.028222237,0.68204206,-0.16154814,0.23247516,-0.047156826,0.6327557,0.5147428,-0.11422426,0.5134509,0.25368962
35,1805,0.15778694,-0.42164236,-0.043127865,-0.74418974,-0.23991598,0.08202386,0.17882928,-0.1374505,-0.121056005,-0.58756816,-0.14447255,-0.26090026,0.4762879,-0.005075842,0.6751247,0.01599583
35,1807,-0.45071682,0.24582005,-0.11547355,0.1977952,0.51064414,-0.5793268,-0.08482231,-0.54934347,0.44931707,-0.7010916,0.3671314,0.0314455,-0.4347024,0.15405,0.41502804,-0.49692526
35,1832,0.27703616,0.06922707,0.6096518,-0.2327233,0.132927,-0.101653546,-0.36973283,0.4473734,-0.09350803,0.3507368,-0.24988492,-0.042671304,-0.093575485,-0.46823665,-0.76962674,-0.19759749
35,1837,-0.074324965,0.10137728,-0.6941958,0.41444245,0.24539298,0.060275435,-0.47241482,-0.42101526,0.14620478,-0.36352885,0.052645363,0.30604976,0.34562325,0.4115175,0.4016846,-0.4297663
35,1839,-0.9776355,-0.46978617,-0.16857079,0.43376252,-0.7203807,0.088917494,0.78024316,0.39179307,0.15267639,-0.12199049,0.3321597,0.109884426,-0.45985794,-0.21664119,0.8260212,0.021894097
35,1840,-0.9610026,-0.42798722,-0.16673166,0.40980604,-0.6472678,0.025025368,0.7388383,0.3214595,0.18896015,-0.17623456,0.34686685,0.09892717,-0.48578048,-0.19705564,0.8064179,-0.026457459
35,1842,0.5852947,-0.492316,-0.08040942,-1.1890745,-0.24708308,0.19529486,0.24425045,-0.09615248,-0.244377,-0.4523478,-0.38549155,-0.29093292,0.7331347,0.09659659,0.5628554,0.13765088
35,1851,-0.22058211,-0.37165168,0.26366663,0.059824802,-0.16900866,0.22405046,0.42640972,0.46037385,-0.70717186,0.5612708,0.27753872,-0.05022197,-0.3595794,0.05737137,-0.39095727,0.7909357
35,1852,0.5923438,-0.53288776,-0.13607684,-1.23978,-0.358432,0.19927484,0.37308884,-0.005129792,-0.20955719,-0.3010627,-0.4448381,-0.23026958,0.66304815,0.11434426,0.4973968,0.09103808
35,1853,-0.51375175,-0.40300858,0.3636632,0.22331034,0.28680652,0.16976622,-0.097678766,0.53428364,-0.83064663,0.07130179,0.38177833,0.06979592,-0.25447667,-0.00019172207,-0.15964487,0.44464797
35,1868,-0.3470277,0.28215674,-0.08905071,0.15049168,0.6103783,-0.53501105,-0.27459228,-0.686528,0.35296413,-0.8391255,0.37420553,-0.08359119,-0.24346009,0.18939784,0.45704892,-0.43051282
35,1869,0.1937457,0.083402276,-0.24059233,-0.24122897,0.57499856,-0.47913915,0.57772684,0.63528734,0.48997262,0.61843723,-0.3772679,0.8904868,-0.745297,0.1977441,-0.43067998,-0.6925508
35,1870,0.49378356,0.029176086,-1.7577963,0.82192826,0.059331395,0.73329806,-0.7657635,-0.03067119,-0.0027325875,0.61679643,-0.54495174,1.2225137,0.96289444,0.9864665,-0.036240585,-0.6394856
35,1874,0.5213282,0.046553202,-1.7524467,0.76576495,0.10915818,0.67683643,-0.72264886,-0.042916708,0.023708412,0.64512205,-0.5533704,1.2418687,0.89415526,1.0215973,-0.0838171,-0.65983826
35,1875,-0.034034878,0.119541034,-0.7286231,1.1686151,0.16770183,0.6299295,-0.18713188,0.6232929,0.019538993,0.35165602,-0.27512437,0.9228623,0.6908645,0.022326954,0.35216287,0.0445745
35,1877,0.47493497,-0.52851677,-0.08691496,-1.1198624,-0.3658622,0.18928817,0.34479856,0.01956842,-0.2144231,-0.33616805,-0.38437903,-0.23774038,0.61944103,0.055781253,0.52118635,0.086776465
35,1892,-0.11908007,-0.03540448,-0.0071114004,-0.43579718,0.39875865,-0.68636525,0.7714647,0.50847673,0.5248469,0.38904738,-0.14683317,0.5865154,-1.1105356,0.13050294,-0.3042797,-0.7019298
35,1906,0.65912426,-0.56978524,-0.14528432,-1.3293829,-0.38933176,0.23268878,0.3960263,0.0008022841,-0.23127177,-0.3029215,-0.48510575,-0.24556687,0.7234303,0.120356254,0.51997405,0.11797106
35,1911,0.26004693,0.31359866,0.11145368,0.19046281,-0.42764246,0.015924156,-0.10966517,-0.85451716,-0.009977896,0.5164009,0.110846594,-0.55667645,-0.107374884,0.36761513,-0.6824098,0.19413972
35,1919,-0.2528767,-0.053941257,-0.0121744275,-0.28939375,0.32232344,-0.62353873,0.72398496,0.43231204,0.48748407,0.25608784,-0.045349523,0.51152146,-1.0369794,0.09462961,-0.15286234,-0.61379015
35,1930,0.28789344,0.80187213,0.38993493,0.33458948,-0.37928867,0.03545457,-0.28112236,0.046653897,0.86450654,-0.05724621,-0.19919722,-0.31237704,0.37951505,-1.1699483,-0.036850072,0.18200567
35,1952,-0.34914967,0.2542976,-0.060105667,0.15482244,0.60197985,-0.48381162,-0.3280689,-0.6933539,0.29033992,-0.8889701,0.38966918,-0.12651302,-0.16877499,0.17011592,0.4952329,-0.38318047
35,1966,0.23017725,0.058813512,0.61614245,-0.19488063,0.124055505,-0.09186843,-0.41660133,0.36510885,-0.14401728,0.31676126,-0.19339801,-0.095657885,-0.09516494,-0.41541353,-0.7657139,-0.18187407
35,1967,-0.35191834,0.3113202,-0.10419269,0.16190629,0.6515131,-0.5721166,-0.28069463,-0.7216509,0.3932864,-0.8577557,0.3854115,-0.0673531,-0.27854332,0.20593485,0.45845515,-0.46242213
35,1977,0.50898767,-0.47023845,-0.12046316,-1.1163249,-0.2959609,0.147026,0.33100668,-0.022953983,-0.17987867,-0.3027201,-0.38703728,-0.21171734,0.58058214,0.11164532,0.45882455,0.05655071
35,1988,0.5146315,-0.316521,-0.013450801,-0.96887517,0.017474279,0.10513669,0.02360528,-0.21890338,-0.24902184,-0.542994,-0.2709934,-0.3018001,0.6881964,0.11838994,0.4767675,0.12733525
35,1990,-1.0101721,-0.52588034,-0.18847826,0.47612822,-0.8336705,0.17396897,0.8515082,0.48607415,0.12671861,-0.04855758,0.31348038,0.13453016,-0.4343208,-0.24545145,0.8695885,0.07508966
35,1994,0.35596988,0.054611996,-1.5626321,0.75130785,0.08133563,0.5786248,-0.6852418,-0.14216891,0.0737116,0.3868503,-0.40379697,1.0266992,0.817932,0.86613655,0.09742047,-0.61677814
35,1995,0.44048706,0.03464116,-1.7016139,0.7867291,0.055622943,0.6671003,-0.7124595,-0.07603148,0.044650927,0.5402765,-0.49458534,1.1599628,0.8892518,0.95112956,0.01584468,-0.64397144
35,2000,-0.22830029,-0.103756845,0.81802875,-0.054447487,0.3673966,-0.19648154,-0.7335208,0.4531821,-0.32910037,-0.12927057,0.05129619,-0.14860782,-0.15594421,-0.5308772,-0.57367486,-0.32706296
35,2002,0.33851954,0.8991947,0.37243783,0.475228,-0.2243302,0.12574321,-0.35950863,0.26911575,0.91430414,-0.20230968,-0.24443136,-0.18715903,0.6377139,-1.413219,0.14081597,0.332451
35,2034,0.5923438,-0.5328878,-0.13607684,-1.23978,-0.358432,0.19927484,0.37308884,-0.005129792,-0.20955719,-0.3010627,-0.4448381,-0.23026957,0.66304815,0.11434426,0.4973968,0.09103802
35,2040,0.25799152,-0.48394573,-0.10973157,-0.8911102,-0.34857762,0.12168145,0.29752466,-0.06577961,-0.11889884,-0.45111024,-0.24862285,-0.2213973,0.49460495,0.032576554,0.6232903,0.0014100075
35,2046,-0.21873827,-0.09325187,0.7873457,-0.0051398277,0.46782833,-0.1730864,-0.8389715,0.3532601,-0.41741544,-0.20640934,0.08303729,-0.15599702,-0.073981166,-0.41717696,-0.5414676,-0.31345484
35,2054,-0.4787227,-0.34615093,0.4184729,0.25084615,0.56750774,0.16334316,-0.45715246,0.38979113,-0.97667134,-0.16028339,0.43149376,0.0076799095,-0.08922164,0.08353151,-0.15440613,0.39735276
35,2058,-0.4897511,0.19661523,-0.11193146,0.21290569,0.4190659,-0.5407387,-0.023438647,-0.46580556,0.43148413,-0.6422646,0.3573358,0.044938575,-0.44775593,0.11863712,0.41346255,-0.47791404
35,2064,0.26162818,0.23815756,-0.6204922,0.5821935,0.5955484,0.12245357,-0.07684931,0.534627,0.23305395,0.48258054,-0.40068984,1.0271469,0.2017373,0.1949361,-0.13976565,-0.3701828
35,2066,0.24092749,0.16521546,-0.4439035,0.20899317,0.5852287,-0.1362052,0.19609147,0.5755102,0.32236132,0.5423025,-0.39309263,0.95520955,-0.19626144,0.19430614,-0.2774529,-0.5017729
35,2088,0.3225986,0.35213938,0.14720428,0.21642518,-0.40432304,0.02321276,-0.30111495,-1.0259702,-0.046406206,0.45896834,0.097610325,-0.6264111,0.00065885484,0.4340712,-0.72542906,0.08197662
35,2092,-0.23011164,-0.28247324,0.48059037,0.020309545,0.028073788,0.080669254,-0.013364144,0.48773336,-0.5829309,0.32000005,0.20422469,-0.07954303,-0.29484612,-0.1799067,-0.4825741,0.3916269
35,2102,0.10066989,-0.041609213,0.3955282,0.14640978,0.08494595,0.17173257,-0.43871734,-0.20578942,-0.6857016,0.35766804,0.20889115,-0.3467611,-0.00553596,0.24977848,-0.745766,0.36696732
35,2110,-0.8468907,-0.2297507,-0.20633802,0.34658486,-0.3459314,-0.20872119,0.56345206,0.061406508,0.36161757,-0.32482427,0.36097395,0.11623216,-0.55803525,-0.098921545,0.6891826,-0.24684802
35,2120,-0.18863711,-0.12063642,0.68790793,0.16761617,0.6744386,0.023785919,-1.0811661,0.17429279,-0.78845036,-0.24890345,0.26058018,-0.15332808,0.09803109,-0.08582479,-0.58618855,-0.04058054
35,2121,0.25799146,-0.4839458,-0.109731555,-0.8911103,-0.34857762,0.12168145,0.29752463,-0.06577961,-0.11889885,-0.45111024,-0.24862285,-0.22139731,0.49460495,0.03257656,0.6232903,0.0014100224
35,2138,0.17015746,-0.31092152,0.011433303,-0.6626953,-0.044774383,0.031784773,0.022239804,-0.2372091,-0.14161253,-0.6771883,-0.085209265,-0.29160297,0.4936912,0.015048526,0.63357395,0.037697345
35,2142,0.3064141,0.34165603,0.13823596,0.20916677,-0.4128617,0.020636618,-0.25005051,-0.9809745,-0.03564705,0.47645086,0.101616785,-0.6088295,-0.030223146,0.4155722,-0.71745735,0.11147925
35,2163,0.15229437,-0.34630033,-0.015146673,-0.6819165,-0.1258801,0.03830239,0.09820641,-0.1857817,-0.119616695,-0.61532074,-0.10786824,-0.26575956,0.4566568,0.008581791,0.62845343,0.012092605
35,2164,-0.58116895,-0.3185701,0.3230546,0.33800942,0.4118225,0.12822333,-0.24295497,0.43818468,-0.73238975,-0.13657096,0.41473317,0.083570555,-0.18541974,0.0006048307,0.0053670555,0.31049538
35,2174,0.30641416,0.34165603,0.13823596,0.20916677,-0.4128617,0.020636618,-0.25005051,-0.9809745,-0.03564705,0.47645086,0.101616785,-0.6088295,-0.030223146,0.4155722,-0.71745735,0.11147922
35,2193,-0.20456877,-0.095804065,0.7665625,0.058724776,0.5647143,-0.10500012,-0.98176116,0.27496034,-0.5598172,-0.24755298,0.14112592,-0.16170636,0.012062207,-0.29791996,-0.5610881,-0.24030244
35,2198,-0.96100247,-0.42798722,-0.1667316,0.40980607,-0.6472678,0.025025427,0.73883826,0.32145944,0.18896012,-0.17623457,0.34686685,0.09892717,-0.48578054,-0.19705564,0.80641794,-0.026457459
35,2202,0.5061536,-0.33449075,-0.022604197,-0.9784821,-0.01849249,0.10967541,0.055409357,-0.19807114,-0.24108317,-0.52330244,-0.2789541,-0.2938779,0.67538774,0.11330476,0.48139536,0.11949387
35,2204,0.13041702,0.021628566,-0.092311874,-0.5000162,0.52350336,-0.6574631,0.75606567,0.6389443,0.54153347,0.61455643,-0.3376633,0.77999806,-1.0292337,0.18441951,-0.49444467,-0.7716032
35,2207,0.10093096,-0.5406233,-0.084813386,-0.7782577,-0.4664355,0.14048928,0.3466209,0.01889897,-0.11478754,-0.4400059,-0.2061554,-0.20775396,0.4290262,-0.04464134,0.6718696,-0.016244605
35,2227,-0.3265436,0.207356,0.026061788,0.15666117,0.61386335,-0.379893,-0.44354346,-0.6616929,0.13280015,-0.9333856,0.39220172,-0.19338013,-0.018952534,0.12954429,0.49975207,-0.276659
35,2229,0.26162812,0.23815756,-0.6204922,0.5821935,0.59554833,0.12245357,-0.076849334,0.534627,0.23305397,0.48258048,-0.4006899,1.0271469,0.2017373,0.19493613,-0.13976565,-0.3701828
35,2241,0.66024506,-0.5767046,-0.15407431,-1.3376476,-0.40067625,0.23459345,0.40521553,-0.0016916096,-0.22533855,-0.3048548,-0.48769343,-0.24439292,0.7243654,0.12231856,0.53056335,0.11393249
35,2256,0.13620135,-0.51508904,-0.07851815,-0.7919092,-0.40704316,0.13252985,0.3012828,-0.030039474,-0.1211432,-0.4863412,-0.19866942,-0.2268644,0.46089137,-0.028768862,0.68099225,-0.0011867881
35,2271,0.08378565,-0.2594756,0.079890594,-0.5038861,0.0750261,0.02786538,-0.14011261,-0.30244163,-0.19031642,-0.79830223,0.007482603,-0.3245521,0.52094555,-0.012662485,0.65736616,0.062291116
35,2302,0.23989215,0.18245882,-0.09545012,0.13567913,-0.54483896,0.12346274,0.5595927,-0.57555544,-0.091591544,0.83611816,0.15128843,-0.42725533,-0.3196928,0.48171172,-0.5866345,0.7311729
35,2307,-1.0065305,-0.53474385,-0.18626782,0.48912537,-0.8559944,0.20210645,0.86355096,0.52387327,0.110353254,-0.011261821,0.2995286,0.14516991,-0.4172337,-0.25512555,0.86202765,0.09541631
35,2308,0.23989215,0.18245882,-0.09545012,0.13567913,-0.54483896,0.12346274,0.5595927,-0.57555544,-0.091591544,0.8361183,0.15128843,-0.42725533,-0.3196928,0.48171172,-0.5866345,0.7311729
35,2328,-0.58701634,-0.23363498,-0.06360412,0.07494383,-0.10470678,-0.28152707,0.70301783,0.41847804,0.2830686,0.08169326,0.14551483,0.32980058,-0.7506219,-0.04162759,0.2730817,-0.28431606
35,2329,-0.22058211,-0.37165165,0.26366663,0.05982481,-0.16900866,0.22405052,0.42640978,0.46037385,-0.70717186,0.5612708,0.27753872,-0.05022197,-0.35957944,0.057371378,-0.39095727,0.7909357
35,2345,0.26626328,0.29703125,-0.21657413,-0.3022949,0.91194385,-0.4377749,-0.3548927,-0.6163126,0.1499364,-0.44877455,0.025110453,0.09043428,-0.07193869,0.57024485,0.04082431,-0.35417873
35,2353,0.11033133,-0.28928807,0.036895983,-0.5797641,-0.012876704,0.02031213,-0.024215383,-0.24688162,-0.14718552,-0.7062886,-0.04341212,-0.29374355,0.47439665,-0.0028981678,0.63414866,0.034008592
35,2354,-0.32219476,0.20286894,0.029872566,0.15307577,0.61457986,-0.37137178,-0.45217592,-0.66432345,0.12260907,-0.942226,0.392285,-0.20030394,-0.0041453987,0.12772363,0.50670344,-0.2680749
35,2356,-0.6632557,0.012992768,-0.3041184,0.31348908,-0.01658006,-0.41810048,0.3611805,-0.2086353,0.5617889,-0.40580994,0.325975,0.19945882,-0.58219624,0.046693914,0.5425992,-0.49323103
35,2357,0.0947656,-0.033489786,0.11147694,-0.33015957,0.47119135,-0.101192445,-0.40052134,-0.46195978,-0.17764601,-0.8398216,0.09616555,-0.28696942,0.4225285,0.11155992,0.48738927,-0.0023942888
35,2362,0.22462472,0.21816207,0.021881923,-0.33713016,0.8610196,-0.3249328,-0.48448905,-0.6191281,-0.01953526,-0.7321285,0.087531745,-0.15828128,0.17578925,0.35698652,0.24729618,-0.16579203
35,2367,-1.0101721,-0.52588034,-0.18847826,0.47612822,-0.8336705,0.17396897,0.85150826,0.4860741,0.12671861,-0.04855758,0.31348038,0.13453011,-0.4343208,-0.24545145,0.86958843,0.07508966
35,2399,0.12076488,0.7536089,0.39449397,0.15392444,-0.7851713,-0.07313356,-0.341732,-0.32776016,1.0021149,0.1107367,-0.13453288,-0.5123056,-0.003900215,-0.91389585,-0.2491585,-0.24145544
35,2403,0.35002825,0.06448363,-1.5348806,0.736225,0.10758332,0.5563522,-0.6931499,-0.17367356,0.07818987,0.34109765,-0.38348126,0.99678093,0.80941296,0.85844344,0.11622924,-0.61016434
35,2412,0.6104485,0.2709207,0.28547984,-0.20257756,0.16567507,-0.042249426,0.07166503,0.7088481,0.26063135,0.5502916,-0.50360286,0.28427204,0.08815448,-0.58652097,-0.5876869,0.02011408
35,2415,-0.38450152,0.28277466,-0.10826394,0.16647065,0.58924484,-0.5726453,-0.20487645,-0.6553246,0.4106176,-0.7938258,0.37226874,-0.0339698,-0.3308209,0.1863518,0.43938482,-0.47562766
35,2420,0.22939464,0.3002762,0.11157415,0.18509024,-0.41020048,0.0037389696,-0.092940524,-0.80671275,-0.003458796,0.4924265,0.113165244,-0.5323259,-0.12081868,0.34135646,-0.65161985,0.18565187
35,2427,0.54209614,0.17806211,-1.4128838,0.37122077,0.43640184,0.25490314,-0.53793633,-0.23645969,0.1580151,0.4654826,-0.44795603,1.0261225,0.47050887,1.0348438,-0.17503601,-0.6629325
35,2440,0.25076875,-0.436149,-0.08507213,-0.8464755,-0.27878296,0.095290124,0.25005388,-0.08329161,-0.12305797,-0.45722225,-0.2262965,-0.22338028,0.47738695,0.03651105,0.58339155,0.0027966052
35,2445,-1.0101721,-0.52588034,-0.18847826,0.47612822,-0.8336705,0.17396897,0.8515082,0.4860741,0.12671861,-0.048557565,0.31348038,0.13453013,-0.4343208,-0.24545145,0.8695885,0.07508966
35,2446,-0.8903126,-0.29283252,-0.21137062,0.37584263,-0.4531175,-0.13377309,0.62836957,0.13842537,0.32596254,-0.2805989,0.35797077,0.11893898,-0.54027754,-0.12856148,0.74229485,-0.18781494
35,2456,0.25823143,0.14211795,-0.030177504,0.1367696,-0.47359717,0.14601636,0.42168158,-0.5641647,-0.20986468,0.81490916,0.16349074,-0.4373227,-0.27567267,0.49290267,-0.66085964,0.70997894
35,2457,0.25076875,-0.436149,-0.08507213,-0.8464755,-0.27878302,0.095290124,0.2500539,-0.08329162,-0.12305797,-0.45722225,-0.2262965,-0.22338027,0.47738695,0.03651105,0.58339155,0.0027965903
35,2460,-1.0088118,-0.50868255,-0.185532,0.46393633,-0.7954698,0.13977346,0.8364978,0.44863293,0.14492047,-0.08293663,0.3285032,0.12708378,-0.45536333,-0.23529589,0.8672451,0.054734975
35,2461,0.64257777,0.18182164,0.5465471,-0.4818544,0.20526034,-0.16587776,-0.030609636,1.0581359,0.32111672,0.5776875,-0.6829433,0.36163366,-0.032903478,-0.89260185,-0.7608931,-0.305955
35,2467,-0.030022264,-0.018291788,-0.007519603,-0.524788,0.4407817,-0.7246268,0.80013466,0.5520065,0.5538981,0.47379255,-0.21648808,0.6326999,-1.146384,0.15245274,-0.39899418,-0.7591748
35,2485,-0.6397792,-0.3325045,0.12952498,0.6021046,0.051919863,0.3584864,-0.06441103,0.57608026,-0.58148015,-0.036688313,0.3137141,0.16461211,0.022384658,-0.11684384,0.28991255,0.37872028
35,2494,-0.18691498,-0.12747747,0.6841886,0.18097661,0.710375,0.040969253,-1.0971256,0.17134824,-0.8340568,-0.2490114,0.28391388,-0.14773494,0.10064493,-0.05260059,-0.5963952,0.0012699068
35,2502,0.10422537,-0.009098319,-0.024047956,-0.6515304,0.49707425,-0.765562,0.86963797,0.6480504,0.5930638,0.62733364,-0.32587004,0.73181444,-1.2075757,0.18732384,-0.53652555,-0.8343297
35,2531,0.27697518,0.3709521,0.054878443,0.20030609,-0.5107374,-0.007648587,-0.037424732,-0.958014,0.10379487,0.529772,0.0960983,-0.58459765,-0.11821451,0.3912569,-0.64135796,0.16831258
35,2534,0.022919118,-0.154305,0.27159625,0.1215105,-0.04521039,0.21042827,-0.0068543777,-0.038869858,-0.700482,0.4913866,0.24197778,-0.2548917,-0.13896653,0.28131807,-0.60001683,0.6053422
35,2537,-0.5493556,-0.4458597,0.34088105,0.2264266,0.24989538,0.19643158,-0.02476814,0.5651377,-0.86564755,0.08575523,0.38901252,0.07985443,-0.26012722,0.013616987,-0.10358236,0.49356478
35,2564,-0.3096395,-0.26285607,0.51910496,0.2147314,0.59606403,0.13483691,-0.64456785,0.31796864,-0.9315298,-0.100590006,0.3785816,-0.05054038,-0.050884165,0.049471192,-0.41465425,0.30559886
35,2569,0.06985298,0.028187416,0.6135165,-0.08788167,0.09459974,-0.08201629,-0.505,0.15740192,-0.249888,0.2003881,-0.03615603,-0.22246476,-0.114403725,-0.28589872,-0.70701724,-0.14993274
35,2578,-0.97961545,-0.4875087,-0.1357598,0.46701202,-0.68212664,0.13343608,0.7704609,0.47504112,0.07246968,-0.060528785,0.335662,0.14462866,-0.4520579,-0.22216296,0.7826113,0.08671433
35,2593,0.050325185,0.019718062,0.4543631,0.1324601,0.12076937,0.072155535,-0.5910861,-0.21407603,-0.53105104,0.19740254,0.16083081,-0.34519634,0.01653026,0.11519491,-0.6925535,0.11825058
35,2601,-0.2245623,-0.09640372,0.81423765,-0.04739949,0.40519243,-0.20519574,-0.7703815,0.4146375,-0.34035793,-0.17344931,0.043519676,-0.1548805,-0.12272758,-0.501068,-0.5472103,-0.35857958
35,2606,-0.9855876,-0.51742685,-0.16176385,0.47500718,-0.793091,0.18283623,0.8285391,0.5173365,0.0858642,-0.013714194,0.3034976,0.14543529,-0.4214093,-0.24351087,0.8190954,0.0994032
35,2607,0.61417544,-0.5773099,-0.09074931,-1.2817752,-0.3889277,0.24605715,0.36545733,0.028338289,-0.26718983,-0.33212095,-0.460182,-0.26774064,0.73512363,0.07332355,0.5330537,0.14642966
35,2626,0.022919148,-0.154305,0.27159625,0.1215105,-0.04521042,0.21042833,-0.0068543814,-0.03886986,-0.70048195,0.49138653,0.24197778,-0.25489166,-0.13896653,0.2813181,-0.6000167,0.6053421
35,2635,0.25139323,0.35308716,0.071946606,0.19798684,-0.470567,-0.016542971,-0.07111986,-0.92177975,0.08343136,0.48614204,0.09900739,-0.56614,-0.10872208,0.3719487,-0.62106115,0.13811004
35,2638,0.1860272,0.4426896,0.11275779,0.15442455,-0.6692051,-0.11103767,-0.061450332,-0.9053556,0.40572822,0.45538622,0.036013305,-0.5854477,-0.18371737,0.12854517,-0.56461996,-0.08190797
35,2641,-0.58116895,-0.31857008,0.32305464,0.33800942,0.4118225,0.12822336,-0.24295497,0.43818468,-0.7323897,-0.13657095,0.41473323,0.083570555,-0.18541974,0.00060483813,0.0053670555,0.31049538
35,2644,-0.5229731,-0.18898393,-0.046024665,0.011013806,-0.0043096244,-0.35208884,0.675424,0.396331,0.3102876,0.091237515,0.11959594,0.3487122,-0.79091656,-0.012441352,0.18810454,-0.34318858
35,2659,-0.7061312,-0.041841693,-0.2951014,0.32781115,-0.10742138,-0.36538586,0.4085206,-0.14362815,0.527336,-0.3811114,0.32813948,0.18558961,-0.57003677,0.008740626,0.5771976,-0.44755656
35,2660,0.5242393,0.29909432,-0.94699806,-0.03070493,0.7845098,-0.16955575,-0.396768,-0.42568588,0.22917446,0.20023093,-0.3003313,0.7214706,0.070461646,0.971212,-0.25009584,-0.61116
35,2661,-0.74238217,-0.09599021,-0.28325492,0.33406946,-0.1837254,-0.31908596,0.4574072,-0.079686604,0.48869693,-0.35381043,0.33068657,0.17594802,-0.5673801,-0.020353895,0.60256946,-0.39932537
35,2695,0.18966171,0.8530642,0.053057924,0.6719862,-0.27518427,0.25147748,-0.24343753,-0.028673695,0.7336067,-0.07980965,-0.024909556,-0.21459655,0.52288216,-0.849321,0.17532617,0.5432438
35,2697,-0.056628585,0.11050029,-0.7224104,1.1974839,0.1302775,0.664331,-0.2178205,0.61271894,-0.011682786,0.32622826,-0.2602231,0.88376963,0.73733914,0.008779898,0.38196203,0.077067226
35,2699,0.5757208,0.23208167,-1.3359818,0.2682065,0.56284463,0.14604178,-0.52340907,-0.3051723,0.19320637,0.41222638,-0.42682785,0.977055,0.3752635,1.0606087,-0.20492479,-0.66863513
35,2701,-0.5472246,-0.45223024,0.3512963,0.22799829,0.26280338,0.20558241,-0.04020693,0.57704663,-0.8875223,0.09108624,0.39501977,0.08148454,-0.26066065,0.012975022,-0.11912716,0.5070415
35,2702,0.4303458,-0.43110138,-0.118317485,-1.0162064,-0.27040184,0.10751018,0.31514144,-0.028156176,-0.14758386,-0.29413173,-0.34312755,-0.18954845,0.50520146,0.10695139,0.4346127,0.018448263
35,2710,-0.38450152,0.28277466,-0.10826394,0.16647065,0.58924484,-0.5726453,-0.20487645,-0.65532464,0.4106176,-0.7938258,0.37226874,-0.033969797,-0.3308209,0.1863518,0.4393848,-0.4756277
35,2714,0.2471973,0.19911045,-0.08454426,0.13857256,-0.55595475,0.11802086,0.53186274,-0.59452283,-0.07029324,0.8362823,0.1476918,-0.44054407,-0.31831917,0.46745864,-0.6058182,0.7104463
35,2718,0.19605204,0.64863294,0.42565182,0.15443558,-0.47939092,-0.084099516,-0.21686906,-0.12048054,0.7617548,0.053591967,-0.152472,-0.40663677,0.09409343,-0.9167587,-0.20939687,-0.024006784
35,2719,0.16897884,0.06303097,-0.18778312,-0.3142213,0.5538654,-0.5260911,0.61698467,0.62843174,0.4912255,0.6052178,-0.35866874,0.8414075,-0.81500745,0.18828899,-0.4449957,-0.7054913
35,2730,0.039768577,-0.19515502,0.12675624,-0.3856829,0.18844754,0.0094308555,-0.2547199,-0.32928875,-0.22434495,-0.82315135,0.060096733,-0.32664424,0.5098691,-0.013278376,0.6020238,0.064535975
35,2732,0.10326323,-0.51420933,-0.07637398,-0.7605772,-0.4229887,0.12589958,0.31554458,-0.0055976305,-0.11394876,-0.45898324,-0.19220997,-0.21295506,0.42765862,-0.037739158,0.66317075,-0.014728591
35,2740,0.2251037,0.13786423,0.0062766075,0.13906752,-0.41528416,0.12535873,0.34304634,-0.51850253,-0.21308276,0.740166,0.16629753,-0.4177943,-0.25997257,0.43880674,-0.6433491,0.6481007
35,2747,0.5471122,-0.5612,-0.09361397,-1.2105371,-0.38726932,0.22193411,0.36091173,0.021194981,-0.23900144,-0.34113723,-0.42440343,-0.2549508,0.68339753,0.06428703,0.5406985,0.117156684
35,2748,0.4170787,1.0530639,0.16583927,0.8098229,-0.13400944,0.34259373,-0.40458906,0.22866474,0.90328604,-0.22518468,-0.19195871,-0.11383326,0.93729424,-1.3384761,0.29794633,0.6869515
35,2760,0.23109761,0.30223235,-0.13046813,-0.32102954,0.92642105,-0.4675902,-0.35026607,-0.6280826,0.14222334,-0.51433647,0.061960146,0.020967517,-0.09197869,0.5187765,0.068549216,-0.32546234
35,2765,0.40976402,-0.29182884,-0.046938643,-0.8683276,0.010869339,0.056177855,0.03505247,-0.25345466,-0.17461091,-0.56661975,-0.2125365,-0.2755155,0.592668,0.1194159,0.51164263,0.060896367
35,2775,-0.5043825,-0.37551087,0.40187225,0.24863325,0.4963265,0.1740494,-0.3578313,0.43931064,-0.95882493,-0.10495338,0.42580956,0.02823272,-0.13108256,0.0671953,-0.13709638,0.42396253
35,2782,-0.5814917,-0.30817267,0.312293,0.33702105,0.39563337,0.11635971,-0.22427538,0.4278802,-0.7000419,-0.1382406,0.40691304,0.083740115,-0.18987095,-0.0043646693,0.017198853,0.29264426
35,2789,0.27164313,0.05762577,-1.4292896,0.72499037,0.08410737,0.5147652,-0.6585106,-0.17821974,0.08350439,0.26117527,-0.3259923,0.90789974,0.76138145,0.77847373,0.16647479,-0.5835468
35,2790,-0.7938458,-0.15019098,-0.27506927,0.34933817,-0.25598854,-0.28022015,0.517085,-0.028853128,0.46137875,-0.3432385,0.3479865,0.16688605,-0.580484,-0.045784503,0.65231055,-0.34994143
35,2796,0.15812144,-0.3035411,0.029330052,-0.63604534,-0.020416483,0.036093414,-0.015436325,-0.25063863,-0.15815149,-0.70738375,-0.069129884,-0.30263406,0.511112,0.0067203343,0.6420173,0.049307078
35,2797,0.29549524,0.22548704,-0.6104948,0.50990856,0.60606253,0.093256265,-0.02729468,0.5762985,0.24499986,0.5381866,-0.43000895,1.0506853,0.1440077,0.20567334,-0.19050175,-0.39837015
35,2817,0.27270922,0.32548094,0.15059228,0.21100569,-0.35564357,0.006681353,-0.29193288,-0.95036006,-0.056025833,0.40583193,0.10387713,-0.58512336,-0.007610768,0.40245733,-0.6716842,0.06488377
35,2819,0.13041702,0.021628566,-0.09231186,-0.5000161,0.52350336,-0.6574631,0.7560658,0.63894427,0.54153347,0.6145565,-0.3376633,0.7799982,-1.0292338,0.18441951,-0.4944448,-0.7716033
35,2823,0.35537538,-0.32707798,-0.0522774,-0.8472712,-0.06547089,0.064329505,0.09015141,-0.20097645,-0.16193067,-0.5307869,-0.21202151,-0.2583149,0.5526242,0.09340059,0.5224401,0.04288307
35,2831,-0.38450152,0.28277463,-0.10826394,0.16647065,0.58924484,-0.5726453,-0.20487645,-0.65532464,0.4106176,-0.7938258,0.37226874,-0.0339698,-0.33082086,0.1863518,0.4393848,-0.47562766
35,2836,0.61417544,-0.5773099,-0.09074931,-1.2817752,-0.38892776,0.24605715,0.36545733,0.028338293,-0.26718986,-0.33212095,-0.460182,-0.26774064,0.73512363,0.07332354,0.5330537,0.14642969
35,2839,-0.34923685,0.31980613,-0.09893641,0.16730669,0.6712992,-0.575979,-0.29710168,-0.7282497,0.39012122,-0.8634448,0.38777038,-0.06664199,-0.27722943,0.20879021,0.45078412,-0.46362263
35,2851,-0.4814117,-0.1678047,-0.34590852,1.0079246,-0.18129481,0.6093688,0.029897831,0.67721415,-0.23363134,0.17302051,0.038477644,0.49580866,0.3984388,-0.15090522,0.52175635,0.30029136
35,2855,0.022919118,-0.15430498,0.27159625,0.1215105,-0.04521039,0.21042833,-0.006854385,-0.038869865,-0.70048195,0.49138653,0.24197778,-0.25489166,-0.13896653,0.28131807,-0.6000168,0.6053421
35,2890,0.34686813,-0.40072855,-0.07241966,-0.89772904,-0.1772276,0.10347569,0.16501153,-0.15467334,-0.16135037,-0.51589423,-0.23868485,-0.2572094,0.56691617,0.070783935,0.5773054,0.04482174
35,2895,0.748765,0.2224955,0.5033035,-0.49539098,0.24078324,-0.14908509,0.036554575,1.141027,0.37618223,0.63560325,-0.7604723,0.4390767,0.019380197,-0.9273856,-0.757733,-0.26923618
35,2899,0.14706656,0.8094311,0.10638599,0.55508655,-0.37323546,0.1789304,-0.21963531,-0.0830328,0.7623419,-0.036483616,-0.026524022,-0.2734129,0.3708583,-0.8239319,0.099372566,0.4051795
35,2906,-0.19378547,-0.10287988,0.7277594,0.11417137,0.6236067,-0.04292831,-1.0456436,0.21335329,-0.6722147,-0.2564765,0.19751503,-0.16123058,0.0634073,-0.188595,-0.57273835,-0.14987642
35,2910,-0.20014316,-0.14914548,0.6184845,0.19896264,0.6986426,0.06487045,-0.96553993,0.1739656,-0.86441815,-0.20958501,0.32279864,-0.12698896,0.064322606,0.015395723,-0.5529418,0.10500768
35,2920,-0.45071682,0.24582005,-0.11547354,0.1977952,0.5106442,-0.57932675,-0.08482232,-0.54934347,0.44931707,-0.7010916,0.36713144,0.0314455,-0.43470234,0.15405,0.41502804,-0.49692526
35,2924,0.66024506,-0.5767047,-0.15407431,-1.3376476,-0.40067637,0.23459345,0.40521553,-0.0016916096,-0.22533856,-0.3048548,-0.48769343,-0.24439292,0.7243654,0.12231856,0.53056335,0.11393252
35,2925,0.54695797,-0.45273706,-0.06885494,-1.119923,-0.20164214,0.16908115,0.20851296,-0.10833714,-0.2360836,-0.4518021,-0.35638618,-0.28139445,0.69760084,0.097628586,0.5321426,0.122076124
35,2931,-0.11349124,0.07635804,-0.69339347,1.2092693,0.06162858,0.6904529,-0.19207504,0.62814593,-0.038496863,0.30813622,-0.22879721,0.83641493,0.7338168,-0.021634497,0.42661414,0.119525105
35,2933,-0.18863711,-0.12063639,0.68790793,0.16761619,0.6744386,0.023785919,-1.0811661,0.1742928,-0.78845036,-0.24890345,0.2605802,-0.15332808,0.09803112,-0.08582479,-0.5861886,-0.040580556
35,2936,0.17093739,0.12389997,0.03453675,0.14049898,-0.34618616,0.091234595,0.26852494,-0.4739336,-0.21261877,0.6351751,0.16833791,-0.38819045,-0.24027967,0.39108208,-0.59019846,0.55508983
35,2941,0.30963758,0.3421219,0.12574825,0.20418137,-0.44167697,0.024663836,-0.1977964,-0.96553004,-0.01956756,0.516005,0.1031163,-0.60685015,-0.058850937,0.4104533,-0.72846097,0.1501843
35,2944,0.2670937,0.06603393,-1.4005659,0.7101265,0.111230336,0.49559087,-0.66963005,-0.20859283,0.08396314,0.21526915,-0.30639052,0.8781019,0.757012,0.77070165,0.18473324,-0.57475215
35,2969,0.19439724,0.2255212,-0.035606205,0.14860968,-0.49498904,0.052843362,0.37856326,-0.6023495,-0.008562546,0.6939811,0.14038362,-0.433698,-0.2884755,0.3866623,-0.56867874,0.52919483
35,2971,-0.36807525,0.29147112,-0.089946866,0.16790468,0.6152673,-0.55818146,-0.2558255,-0.6715865,0.37727147,-0.81739134,0.37497756,-0.058222037,-0.28741997,0.18557897,0.4358855,-0.45521057
35,2972,0.80655885,0.25662735,0.49665722,-0.49883053,0.24785794,-0.1415131,0.07795466,1.1961192,0.428694,0.6611262,-0.8023294,0.47173625,0.046644077,-0.9813854,-0.74969405,-0.2407044
35,2973,0.06221947,-0.11931822,0.3189667,0.12961298,-0.0036256164,0.20874932,-0.15791297,-0.09726263,-0.7136181,0.46579856,0.2331157,-0.29246753,-0.09336252,0.27841297,-0.6735165,0.5445725
35,2994,0.35537538,-0.32707798,-0.0522774,-0.8472712,-0.06547089,0.064329535,0.09015141,-0.20097645,-0.16193067,-0.5307869,-0.21202157,-0.25831494,0.5526242,0.09340059,0.5224401,0.04288304
35,2999,0.035227925,0.05706711,-1.0339046,0.6289326,0.10987088,0.3331476,-0.60468894,-0.3122833,0.095914066,-0.14236459,-0.09012799,0.5457602,0.6156251,0.5324433,0.38636675,-0.47776645
35,3011,-0.0073313713,-0.22239912,0.23246497,0.106647216,-0.11717309,0.24708956,0.18682498,0.058327988,-0.7356429,0.5774603,0.25652546,-0.21583918,-0.19947457,0.28972015,-0.55461633,0.73742056
35,3021,0.49378356,0.029176084,-1.7577963,0.8219284,0.059331387,0.73329806,-0.7657636,-0.030671189,-0.0027325847,0.61679643,-0.54495174,1.2225137,0.96289456,0.9864665,-0.0362406,-0.6394857
35,3032,-0.7444902,-0.069610275,-0.29316407,0.3385287,-0.13840298,-0.35337046,0.4428183,-0.13015172,0.524174,-0.396249,0.35068148,0.1784667,-0.5897667,-0.0043813176,0.62051445,-0.4256493
35,3046,0.2075217,0.10716393,-0.2994463,-0.11422728,0.5786244,-0.38472176,0.4741014,0.6217458,0.4485763,0.59973514,-0.3833483,0.9132262,-0.59577096,0.19604579,-0.3882899,-0.6431052
35,3060,0.51201534,-0.49357295,-0.078820884,-1.1276691,-0.28628176,0.17704594,0.28271762,-0.04986937,-0.219804,-0.40522963,-0.3674723,-0.26416916,0.6572387,0.07602466,0.5404488,0.10624248
35,3062,0.15657517,0.4526246,0.2091814,0.105058305,-0.65180784,-0.14044064,-0.104763545,-0.7390245,0.47337225,0.3754778,-0.0056914985,-0.56054175,-0.18112285,-0.09127294,-0.52110046,-0.1469289
35,3063,0.14106992,-0.46577242,-0.07047571,-0.7637768,-0.32685673,0.10060078,0.24784052,-0.08655549,-0.109253794,-0.53111064,-0.16990258,-0.23709811,0.45524722,-0.011961665,0.67700726,-0.0034982115
35,3065,-0.78853405,-0.13935086,-0.2868736,0.34721413,-0.2439908,-0.29389516,0.51397073,-0.046736713,0.48063332,-0.35049963,0.3485735,0.17350751,-0.58830005,-0.03716301,0.6523855,-0.3682965
35,3071,-0.9211247,-0.35947323,-0.17224568,0.38061813,-0.53615683,-0.059614465,0.66938305,0.22425643,0.24209785,-0.23870127,0.35536784,0.09549832,-0.5092048,-0.16293535,0.7652508,-0.10144391
35,3084,0.39712784,1.0075859,0.23641703,0.70368195,-0.16010876,0.2743758,-0.39350516,0.24805756,0.9115957,-0.22323382,-0.21494828,-0.13659275,0.8502929,-1.3751636,0.25162512,0.57456017
35,3094,0.41454205,0.29999503,-0.5792007,-0.1702829,0.87068075,-0.28918976,-0.4154574,-0.54802597,0.16991496,-0.15876095,-0.13444649,0.39049372,0.04166603,0.77573794,-0.08949333,-0.46826866
35,3103,0.53891194,0.14428537,-1.5224435,0.4726088,0.34542704,0.3617493,-0.5781038,-0.1988993,0.13784894,0.5125942,-0.4753852,1.089767,0.57579124,1.0437901,-0.14320275,-0.6723367
35,3109,0.5246655,-0.28640106,-0.0091701,-0.9539033,0.068853594,0.091225445,-0.014524218,-0.25235814,-0.2488888,-0.5653216,-0.2587195,-0.3075688,0.6935679,0.13172054,0.4674999,0.12881011
35,3121,0.24241278,0.27752304,0.01552213,0.16763116,-0.49722153,0.041440636,0.19399339,-0.73689204,0.008903531,0.65292567,0.12559286,-0.5001137,-0.22186173,0.39017424,-0.6376284,0.40722567
35,3142,-0.29867986,0.16198575,0.04899233,0.123888746,0.59156823,-0.31245226,-0.48200348,-0.668685,0.061739787,-0.98802716,0.38945103,-0.2424144,0.08693336,0.11009141,0.5564905,-0.21296293
35,3145,0.55820763,-0.41302192,-0.06251988,-1.0952635,-0.13279732,0.1532942,0.15216154,-0.15316272,-0.23934934,-0.48249674,-0.33980054,-0.28875306,0.70933264,0.11438046,0.5193233,0.124280006
35,3151,-0.32860065,-0.053846076,-0.5517418,1.1583594,-0.13047142,0.68569577,-0.03776686,0.6765855,-0.10964899,0.25528026,-0.09501816,0.6760087,0.58041835,-0.10902889,0.5277187,0.2281473
35,3187,-0.35368642,-0.10908972,-0.027035102,-0.19543472,0.20656542,-0.54134756,0.73560494,0.430225,0.43828103,0.20782965,0.015048355,0.4652604,-0.9830662,0.060128912,-0.03397917,-0.5257082
35,3191,-0.84865355,-0.3918271,-0.11277664,0.345819,-0.47919512,-0.0089764,0.7366498,0.44617158,0.14898597,-0.021270305,0.274554,0.20583202,-0.5477468,-0.16254526,0.61316353,-0.04125993
35,3201,-0.21403708,-0.17208995,0.5793656,0.20991233,0.6884899,0.088948905,-0.8805772,0.18522416,-0.89765775,-0.18192874,0.34804422,-0.112718,0.043236062,0.05672451,-0.51913613,0.17623162
35,3206,0.20857415,0.4521261,0.09781027,0.15818398,-0.6931486,-0.100820035,-0.036869235,-0.9371393,0.40665504,0.494478,0.03688532,-0.60009456,-0.18933475,0.15731311,-0.5883682,-0.049976066
35,3208,-0.30751574,0.15919024,0.050249457,0.129327,0.58628803,-0.31285623,-0.4783079,-0.6644502,0.063045375,-0.9866787,0.39268756,-0.24057196,0.08072777,0.1069319,0.5576812,-0.21510461
35,3214,-0.53135705,-0.41270024,0.3844149,0.24700287,0.42131388,0.19164494,-0.25037533,0.49433637,-0.9519077,-0.04351449,0.42207026,0.049765486,-0.17415488,0.054128326,-0.118865795,0.46219963
35,3231,-0.22505458,-0.2552447,0.56070924,-0.004089877,0.08335237,0.02953437,-0.13912916,0.5075192,-0.5364775,0.2577985,0.17207734,-0.09174116,-0.28452924,-0.2679254,-0.5231055,0.2656396
35,3241,0.17863736,0.64325553,0.42269635,0.15671782,-0.44513875,-0.0866864,-0.19727573,-0.06710958,0.761066,0.020485848,-0.15224172,-0.37994725,0.10086532,-0.945853,-0.1658645,-0.007990852
35,3252,-0.0073313713,-0.22239912,0.23246495,0.10664721,-0.11717309,0.24708956,0.18682498,0.058327988,-0.7356429,0.57746035,0.25652546,-0.21583918,-0.19947457,0.28972012,-0.5546164,0.7374205
35,3254,0.060209632,0.029978773,0.5851908,-0.020743847,0.09299555,-0.038256586,-0.5568651,0.04448869,-0.32663274,0.19799733,0.023571342,-0.2708725,-0.078370236,-0.18656841,-0.7206264,-0.08178285
35,3266,0.48201558,0.031580348,-1.7551699,0.7972485,0.05901803,0.6989261,-0.73151946,-0.053792723,0.028592583,0.60220766,-0.5323438,1.2139475,0.9189497,0.9913229,-0.025710292,-0.6541765
35,3267,0.5246655,-0.28640103,-0.0091701,-0.9539033,0.068853594,0.091225386,-0.014524221,-0.25235814,-0.24888882,-0.5653216,-0.2587195,-0.3075688,0.6935679,0.13172054,0.46749994,0.12881005
35,3291,-0.37620783,-0.090729296,-0.4874385,1.1142435,-0.120386496,0.6602049,-0.028222239,0.68204206,-0.16154815,0.23247516,-0.047156826,0.63275576,0.51474273,-0.11422426,0.5134509,0.25368962
35,3292,-0.63320965,-0.30849564,-0.046088234,0.792184,-0.15723957,0.5121927,0.022201307,0.648004,-0.45903403,0.044286758,0.21813536,0.2519451,0.19679426,-0.170335,0.4566652,0.39847487
35,3298,0.20562622,0.10858162,-0.30161622,-0.09382525,0.5745269,-0.36581016,0.44868,0.613085,0.4301873,0.58824164,-0.37917316,0.9036175,-0.56210583,0.19280419,-0.3788794,-0.6270038
35,3302,-0.32514358,0.23337725,-0.0007972121,0.15767409,0.6442316,-0.41542798,-0.44020417,-0.70861304,0.18046935,-0.95962864,0.40401167,-0.18326063,-0.04817079,0.15144822,0.5173862,-0.30780816
35,3305,0.14562497,0.4327853,0.17074138,0.12564015,-0.63159025,-0.13639547,-0.098020874,-0.7885995,0.43031576,0.37933314,0.016531914,-0.5547287,-0.18050545,0.0007249974,-0.51799875,-0.13965265
35,3317,0.007945538,0.6035012,0.438791,0.014560677,-0.7770784,-0.20926568,-0.35018736,-0.40112525,0.91604114,0.08197394,-0.12645455,-0.5176636,-0.1594937,-0.76617765,-0.30059418,-0.50797796
35,3320,0.2251037,0.13786423,0.0062766075,0.13906752,-0.41528416,0.12535873,0.34304634,-0.51850253,-0.21308276,0.740166,0.16629753,-0.4177943,-0.25997257,0.43880674,-0.6433491,0.6481007
35,3342,0.10422537,-0.009098319,-0.02404797,-0.6515304,0.49707425,-0.765562,0.8696379,0.64805037,0.5930637,0.62733364,-0.32587004,0.7318144,-1.2075757,0.18732387,-0.5365255,-0.8343298
35,3347,0.08466995,-0.5690377,-0.11925852,-0.79334736,-0.5374006,0.1423893,0.4165914,0.057969816,-0.08692253,-0.38078812,-0.22635894,-0.17832561,0.38901168,-0.041572496,0.6649886,-0.047251508
35,3356,0.14265886,-0.29159182,0.025405183,-0.61802197,-0.024864346,0.020403236,0.003970269,-0.22988741,-0.14384569,-0.6666454,-0.07023887,-0.28472728,0.4711843,0.00906352,0.60755783,0.031831264
35,3366,-0.5666636,-0.4621767,0.36694548,0.24351421,0.3181016,0.2167711,-0.10476306,0.58117807,-0.9396648,0.05188474,0.4166211,0.083557695,-0.24128623,0.025455646,-0.10939864,0.5168527
35,3369,0.2251037,0.13786423,0.0062766075,0.13906752,-0.41528416,0.12535873,0.34304634,-0.51850253,-0.21308276,0.740166,0.16629753,-0.4177943,-0.25997257,0.43880674,-0.6433491,0.6481007
35,3371,0.28242967,0.19020377,0.1353519,0.07796399,-0.19099309,0.049051404,0.15781459,-0.15174796,-0.057497278,0.5652945,-0.00675945,-0.216589,-0.12725155,0.07019114,-0.58031905,0.39069635
35,3378,0.20562616,0.10858162,-0.30161622,-0.09382525,0.5745269,-0.36581016,0.44867998,0.613085,0.4301873,0.58824164,-0.37917316,0.9036175,-0.56210583,0.19280419,-0.3788794,-0.6270038
35,3392,-0.5275732,-0.41934943,0.35311002,0.22326118,0.2638306,0.17901444,-0.05821327,0.5507804,-0.8363902,0.08500603,0.3826326,0.07624574,-0.26369023,0.00083012506,-0.14001706,0.4635635
35,3395,0.23554978,0.4662434,0.080880605,0.16186182,-0.7246422,-0.08902608,-0.006719023,-0.9727099,0.41486862,0.5368122,0.036113515,-0.6174669,-0.19526388,0.18367076,-0.61025923,-0.0145456195
35,3403,-0.18503596,-0.10514915,0.7653266,0.09233412,0.6222302,-0.05644764,-1.0569005,0.2439525,-0.6600515,-0.24790548,0.17771322,-0.16655698,0.05176051,-0.22961536,-0.59842634,-0.1753456
35,3411,-0.38450152,0.28277463,-0.10826394,0.16647065,0.58924484,-0.5726453,-0.20487645,-0.65532464,0.4106176,-0.7938258,0.37226874,-0.033969805,-0.33082092,0.1863518,0.4393848,-0.4756277
35,3414,0.26117864,0.30103895,0.06431876,0.18029037,-0.47150016,0.031153321,0.03544967,-0.81308854,0.0012175104,0.5928226,0.116706684,-0.5375901,-0.16125727,0.3849892,-0.6712601,0.29957944
35,3422,0.5242393,0.29909435,-0.9469982,-0.030704916,0.7845097,-0.16955575,-0.396768,-0.4256859,0.22917445,0.2002308,-0.3003313,0.7214706,0.070461646,0.971212,-0.25009587,-0.6111599
35,3430,0.3180485,0.08261422,0.6064639,-0.26678255,0.13857806,-0.11438468,-0.32778928,0.5190921,-0.03939321,0.37399715,-0.30181092,0.0021382533,-0.091119535,-0.52266026,-0.7665908,-0.21704237
35,3431,-0.16692084,-0.392527,0.18396892,0.070403695,-0.24678572,0.28953588,0.58200777,0.39521495,-0.77332634,0.686516,0.29164183,-0.07201183,-0.36590976,0.18891492,-0.3984904,0.95570475
35,3453,-0.1190801,-0.03540449,-0.0071113855,-0.43579724,0.39875865,-0.68636525,0.7714647,0.50847673,0.5248469,0.38904732,-0.14683317,0.5865155,-1.1105357,0.13050291,-0.3042797,-0.7019298
35,3456,-0.21336216,0.14354865,-0.26378024,0.18586312,0.43015492,-0.22481075,-0.3881913,-0.5795382,0.16075966,-0.7066153,0.24912667,-0.015642647,0.09773393,0.24836758,0.47784927,-0.3362973
35,3460,-0.6632557,0.012992768,-0.30411842,0.31348908,-0.01658003,-0.41810048,0.36118048,-0.2086353,0.561789,-0.4058099,0.325975,0.1994588,-0.5821962,0.04669392,0.5425992,-0.49323106
35,3461,0.19832245,0.16226517,0.043403886,-0.3377824,0.77717656,-0.27298597,-0.4718391,-0.5880238,-0.05770194,-0.762186,0.08921004,-0.19139431,0.23598601,0.30308524,0.3052753,-0.12588534
35,3463,0.10422537,-0.009098319,-0.02404797,-0.6515304,0.49707425,-0.765562,0.8696379,0.64805037,0.5930637,0.62733364,-0.32587004,0.7318144,-1.2075758,0.18732387,-0.5365255,-0.8343298
35,3475,0.13620135,-0.51508904,-0.07851815,-0.7919091,-0.40704316,0.13252985,0.3012828,-0.030039478,-0.1211432,-0.4863412,-0.19866945,-0.22686438,0.46089137,-0.028768864,0.68099225,-0.0011867583
35,3480,-0.19703197,-0.15693006,0.6276419,0.20191526,0.7125095,0.07634729,-0.98039454,0.18184471,-0.89157546,-0.20465448,0.33029926,-0.12699075,0.06773929,0.020788923,-0.566623,0.121916175
35,3489,-0.5010342,-0.38039935,0.41313162,0.25197113,0.51978296,0.18462425,-0.386605,0.4408398,-0.9891381,-0.11075875,0.43371528,0.025771629,-0.11953204,0.0743557,-0.14726436,0.43656802
35,3510,0.6280811,-0.5760285,-0.09974398,-1.2950913,-0.38730884,0.24531811,0.37002954,0.024295283,-0.26376855,-0.32473037,-0.4677292,-0.26429364,0.7368982,0.08304388,0.5274561,0.14385545
35,3515,0.33019188,0.9889867,0.011082962,0.87277615,-0.14734598,0.39231092,-0.3505469,0.09353471,0.76508003,-0.14382677,-0.07578777,-0.11990063,0.8508326,-1.0279785,0.27643058,0.76388294
35,3536,-0.30973166,0.21514331,0.015032977,0.14502926,0.63610506,-0.38126543,-0.46505293,-0.7039453,0.13860847,-0.97469646,0.39929578,-0.20743383,0.00316903,0.14257014,0.53005314,-0.27444413
35,3563,-0.2559824,-0.21631333,0.5476328,0.20959294,0.644943,0.111701995,-0.75823694,0.24941857,-0.91589105,-0.13933097,0.36461288,-0.08358407,-0.0037465692,0.05628048,-0.47003078,0.2455675
35,3566,0.053176165,0.6565909,0.44199592,0.035333365,-0.79353946,-0.16987768,-0.34041834,-0.36350772,0.95687336,0.10023412,-0.13138966,-0.52936363,-0.12672079,-0.8452799,-0.29890734,-0.4192412
35,3570,-0.18807974,-0.10748753,0.73754525,0.118111014,0.6397538,-0.032246634,-1.0698984,0.21589732,-0.6982665,-0.25443092,0.20409721,-0.16244902,0.07042442,-0.18160853,-0.5898788,-0.13673268
35,3573,-0.37620783,-0.0907293,-0.48743856,1.1142435,-0.120386496,0.6602049,-0.02822224,0.682042,-0.16154815,0.23247516,-0.047156826,0.63275576,0.51474273,-0.11422427,0.51345086,0.25368962
35,3583,0.16039804,-0.370004,-0.022598311,-0.7075373,-0.15745105,0.05346003,0.119093515,-0.17577367,-0.1225411,-0.61409914,-0.119963154,-0.2682788,0.47037572,0.0049467348,0.6473022,0.01698345
35,3584,0.6104486,0.2709207,0.28547984,-0.20257762,0.16567507,-0.042249426,0.07166503,0.7088481,0.26063132,0.5502916,-0.50360286,0.28427204,0.08815448,-0.586521,-0.5876869,0.02011408
35,3587,0.0931724,-0.0061403904,0.4049405,0.15371613,0.11880138,0.13516283,-0.51902074,-0.25008127,-0.63730764,0.28352123,0.19480854,-0.35506824,0.023606911,0.23371339,-0.7238337,0.2695666
35,3589,-0.6888667,-0.2968399,-0.08780603,0.18103597,-0.25406092,-0.17452377,0.7271844,0.43724906,0.23830612,0.05003196,0.19213684,0.29036915,-0.67883176,-0.08831167,0.40708292,-0.19309206
35,3603,-0.5566015,-0.44185126,0.37982717,0.25115794,0.3826282,0.20798364,-0.18954939,0.54414165,-0.95893997,-0.0015425086,0.4264682,0.06986189,-0.20816138,0.04120014,-0.11253063,0.49415237
35,3604,-0.1968014,-0.105572894,0.69954354,0.13870372,0.63715404,-0.019480422,-1.0529714,0.18725452,-0.70712036,-0.2601396,0.22288142,-0.15667649,0.07939051,-0.14297152,-0.56412274,-0.11162841
35,3608,0.11182544,-0.31831786,0.03959074,-0.59905565,-0.0351827,0.042703748,-0.026260529,-0.25792122,-0.15935394,-0.75048196,-0.040486604,-0.31311586,0.51061493,-0.014428139,0.6883153,0.052541643
35,3611,-0.52411133,-0.3254951,0.38486043,0.27443343,0.5288536,0.12203136,-0.38694727,0.3896806,-0.8691346,-0.1687403,0.43168116,0.03486501,-0.14664234,0.056101732,-0.098659165,0.33927363
35,3614,0.33851954,0.8991947,0.37243786,0.475228,-0.2243302,0.12574321,-0.35950866,0.26911575,0.91430426,-0.20230968,-0.24443136,-0.18715903,0.6377139,-1.4132189,0.14081597,0.332451
35,3630,-0.35191834,0.31132016,-0.10419269,0.16190629,0.6515131,-0.5721166,-0.28069463,-0.72165084,0.39328638,-0.85775566,0.3854115,-0.0673531,-0.27854332,0.20593482,0.45845515,-0.46242213
35,3638,0.074914634,-0.2812604,0.05724284,-0.5302386,0.010231063,0.021273255,-0.06536891,-0.26427758,-0.15928644,-0.7483556,-0.012915626,-0.30552384,0.48058355,-0.016689684,0.65437615,0.042471647
35,3648,0.10814968,-0.056384556,0.39429772,0.1440386,0.07117286,0.19016531,-0.41268298,-0.19247429,-0.71137625,0.38995862,0.21404114,-0.34680796,-0.012995526,0.25994432,-0.76011074,0.40805048
35,3656,-0.6510592,-0.3470961,0.046473734,0.72713435,-0.076910034,0.4875149,-0.037427135,0.6503824,-0.5679123,0.012640744,0.27070454,0.2067566,0.14520513,-0.15483896,0.39168,0.43246818
35,3663,0.2467297,0.23070638,-0.05686654,0.1466335,-0.55044925,0.09023744,0.44121364,-0.63619816,-0.027328659,0.79311067,0.14082931,-0.4597024,-0.30331904,0.4344828,-0.62453014,0.623313
35,3666,-0.116078556,-0.36115533,0.20028633,0.07877079,-0.22002877,0.2968129,0.49185976,0.31835118,-0.7922931,0.6860286,0.28763926,-0.11172494,-0.3250023,0.22559658,-0.45674562,0.93454033
35,3683,0.17604885,-0.35591215,-0.017608225,-0.71029997,-0.1243739,0.049616694,0.09071914,-0.2028041,-0.12730198,-0.641629,-0.114090875,-0.27883908,0.4887852,0.011848874,0.65327954,0.024890274
35,3688,0.10093096,-0.5406233,-0.08481337,-0.7782577,-0.4664355,0.14048925,0.34662092,0.018898977,-0.11478754,-0.4400059,-0.20615534,-0.20775396,0.4290263,-0.04464134,0.6718696,-0.016244605
35,3692,-0.26380947,-0.2124417,0.535005,0.20739746,0.630668,0.102470905,-0.7332994,0.24712239,-0.89248776,-0.14213984,0.36032614,-0.080264285,-0.011401698,0.052535243,-0.45048892,0.23639864
35,3694,-0.19926615,-0.11083463,0.6372645,0.172708,0.64294755,0.012130767,-1.0023199,0.14736412,-0.7484284,-0.24626215,0.2627023,-0.1462592,0.08234559,-0.059734173,-0.536643,-0.032862604
35,3699,0.06976074,-0.08987447,0.34189144,0.13510951,0.029046461,0.18992004,-0.24979913,-0.13114558,-0.6937234,0.4220432,0.22496305,-0.30736026,-0.06760911,0.26349318,-0.6905221,0.4775458
35,3719,-0.54880375,0.12147871,-0.22198507,0.25342113,0.22007483,-0.49360198,0.1658901,-0.3415422,0.50946265,-0.4994495,0.3242579,0.14236537,-0.5205816,0.10308557,0.44424415,-0.5055046
35,3725,0.117581755,0.0043233596,-0.052219883,-0.5999607,0.51638937,-0.7347904,0.8401857,0.6503009,0.5862799,0.6302158,-0.3336118,0.76400846,-1.1580592,0.18885654,-0.5260828,-0.8207056
35,3737,-0.89031255,-0.29283246,-0.21137065,0.37584263,-0.45311743,-0.13377309,0.6283696,0.13842535,0.32596257,-0.2805989,0.35797077,0.118939,-0.54027754,-0.12856147,0.7422948,-0.18781494
35,3756,-0.21403708,-0.17208995,0.5793656,0.20991234,0.6884899,0.088948905,-0.8805772,0.18522415,-0.89765775,-0.18192872,0.34804422,-0.112718,0.043236062,0.05672451,-0.5191361,0.17623165
35,3764,-0.53135705,-0.41270024,0.3844149,0.24700288,0.42131388,0.19164497,-0.25037533,0.49433637,-0.9519077,-0.04351449,0.42207026,0.049765486,-0.17415488,0.05412832,-0.11886581,0.46219963
35,3765,0.37108353,0.9547714,0.34092274,0.5481624,-0.22942545,0.17962301,-0.37654263,0.2660258,0.9424003,-0.1989738,-0.24436514,-0.18430214,0.70957774,-1.4387137,0.16556314,0.41464508
35,3775,-0.9211247,-0.35947323,-0.17224568,0.38061813,-0.53615683,-0.059614465,0.66938305,0.22425643,0.24209785,-0.23870127,0.35536784,0.09549832,-0.50920475,-0.16293535,0.7652508,-0.10144392
35,3784,0.5042281,-0.24902794,-0.016408563,-0.91138434,0.12007272,0.061276585,-0.050285067,-0.30435035,-0.22327408,-0.6059394,-0.22568093,-0.30906406,0.67331046,0.1457397,0.47902927,0.11148453
35,3791,-0.2434169,0.1489212,-0.1785605,0.1453405,0.4642362,-0.27546397,-0.375198,-0.6102173,0.16039687,-0.77977806,0.28999877,-0.08033036,0.055768237,0.21321973,0.50047755,-0.31474873
35,3793,0.22112373,0.29129487,-0.06309742,-0.30396634,0.9247854,-0.41937807,-0.43446365,-0.6474346,0.07911053,-0.61904263,0.08681956,-0.06206268,0.01600124,0.45499262,0.135367,-0.26300076
35,3795,0.43482468,-0.30245453,-0.045225084,-0.89693964,0.00932765,0.069879055,0.030571677,-0.25834677,-0.18794814,-0.5791145,-0.22353001,-0.28591383,0.62328005,0.12052994,0.5238027,0.07578099
35,3796,0.5720848,0.25897455,0.26158357,-0.15588492,0.10745136,-0.017091453,0.08028688,0.5744057,0.20095792,0.5730186,-0.4267915,0.20506783,0.057565168,-0.4790363,-0.6079569,0.09429306
35,3805,-0.12464613,0.12315562,-0.52352643,0.32370764,0.33049974,-0.05395618,-0.44875926,-0.49417695,0.15149555,-0.50956833,0.13284934,0.1759474,0.25316334,0.35010877,0.43534634,-0.39122087
35,3811,-0.21938619,-0.2831361,0.55088866,-0.0055080056,0.053679176,0.060311615,-0.08259314,0.52882814,-0.57679033,0.30856758,0.18051927,-0.08869274,-0.29624805,-0.2463823,-0.5309177,0.3349417
35,3819,0.048207164,0.019467201,0.4769487,0.122984186,0.11142507,0.068127364,-0.60797346,-0.19368511,-0.51866347,0.1985659,0.15343799,-0.34642667,0.0101982355,0.0809787,-0.70712185,0.0997197
35,3840,0.2749276,0.19019845,-0.51237994,0.31692064,0.60362995,-0.05100341,0.11296291,0.5814316,0.29455355,0.5517657,-0.41691828,1.0040785,-0.06704774,0.20403367,-0.25457698,-0.4678929
35,3852,0.3715184,0.30221382,-0.4970643,-0.20057237,0.8761489,-0.33528423,-0.38845322,-0.56299365,0.17730239,-0.21806952,-0.09486501,0.32440066,-0.0065971166,0.7300664,-0.06496925,-0.45109385
35,3854,0.49724886,-0.53905725,-0.090499684,-1.1511289,-0.36954284,0.19729841,0.34778613,0.0076961387,-0.21715435,-0.35599813,-0.391177,-0.2488315,0.64212584,0.058784932,0.54411966,0.097473234
35,3857,0.49378362,0.029176086,-1.7577963,0.8219284,0.059331387,0.73329806,-0.7657636,-0.030671189,-0.0027325847,0.61679643,-0.5449517,1.2225137,0.96289456,0.9864665,-0.036240585,-0.6394857
35,3863,-0.23193416,-0.35225224,0.26819283,0.063370645,-0.14477776,0.19961181,0.38667127,0.44886273,-0.67531526,0.5167792,0.2731905,-0.04852351,-0.3519275,0.039915062,-0.3757856,0.73738545
35,3879,-0.02500233,-0.23078227,0.22234192,0.103756696,-0.122636124,0.24127907,0.21976349,0.07872032,-0.7254374,0.571509,0.2579489,-0.2025774,-0.21116647,0.28171426,-0.52736586,0.7395248
35,3886,0.22690806,0.24348885,-0.026197031,0.15158643,-0.52295697,0.06191957,0.34962168,-0.65044934,-0.0038250536,0.72280127,0.13524668,-0.4633757,-0.27952725,0.397151,-0.6130747,0.52682936
35,3888,0.5501443,0.15194242,0.5614061,-0.42644653,0.17805782,-0.15532748,-0.10224232,0.8930419,0.21858159,0.5222797,-0.57141,0.25121772,-0.05851447,-0.7777011,-0.7618809,-0.27681804
35,3893,-0.4884792,-0.3385996,0.41527832,0.2606694,0.5808903,0.15358981,-0.46534905,0.38313526,-0.96484464,-0.17425337,0.43806797,0.012800377,-0.09756592,0.08230045,-0.14626592,0.383865
35,3896,0.5412818,-0.3803363,-0.040966168,-1.0475194,-0.07731587,0.14006463,0.09856323,-0.1786376,-0.24836335,-0.51233435,-0.3133024,-0.2970933,0.70970196,0.11271682,0.50939083,0.12926248
35,3897,-0.6888667,-0.2968399,-0.08780603,0.18103595,-0.25406092,-0.17452377,0.7271845,0.43724906,0.23830612,0.05003196,0.19213684,0.29036915,-0.67883176,-0.08831167,0.4070829,-0.19309206
35,3910,0.61417544,-0.5773099,-0.09074931,-1.2817752,-0.3889277,0.24605715,0.36545733,0.028338293,-0.26718986,-0.33212095,-0.46018195,-0.26774064,0.73512363,0.07332354,0.5330537,0.14642969
35,3921,0.3730698,0.21258178,0.17366895,0.02320645,-0.09864102,0.040718228,0.111863874,0.043803908,0.0019338563,0.57098883,-0.12338786,-0.10008351,-0.060959972,-0.07724102,-0.60264045,0.31085318
35,3922,-0.33119282,0.22881131,-0.00180839,0.15754656,0.6261486,-0.4173994,-0.4192827,-0.6878837,0.18528974,-0.9355675,0.3970725,-0.17490128,-0.063076265,0.14684644,0.5051688,-0.3123025
35,3923,-0.22610767,-0.3494969,0.30837333,0.053697206,-0.123631164,0.19142699,0.32688326,0.46447623,-0.67620325,0.50216925,0.26207456,-0.05536055,-0.34357947,0.0055898577,-0.40522736,0.69943386
35,3932,-0.21403708,-0.17208995,0.5793656,0.20991234,0.6884899,0.088948876,-0.8805772,0.18522415,-0.89765775,-0.18192872,0.34804422,-0.112718,0.043236062,0.05672451,-0.5191361,0.17623162
35,3945,0.2332901,0.14628503,-0.3970756,0.08707751,0.5887346,-0.23456788,0.31034872,0.60063016,0.3835596,0.57345146,-0.3954972,0.95430833,-0.35805625,0.19777992,-0.32277948,-0.5649729
35,3946,-0.20538525,0.021432228,-0.65130323,1.200079,-0.0068157166,0.6849363,-0.092800595,0.67229694,-0.04738653,0.31053144,-0.17473163,0.8080481,0.64124984,-0.055837654,0.4694187,0.16077584
35,3948,-0.24230815,-0.18197727,0.5545715,0.20762466,0.6603576,0.08225855,-0.80722636,0.21197496,-0.8715379,-0.17161164,0.35136977,-0.09461258,0.010746866,0.04667058,-0.47936487,0.1885691
35,3952,-0.23012637,-0.16574639,0.6439709,-0.024227172,0.1942685,-0.09302445,-0.37516668,0.44807315,-0.39466572,0.07148221,0.11563832,-0.118374944,-0.23434438,-0.37686658,-0.5180567,-0.026832506
35,3953,0.23989221,0.1824588,-0.09545012,0.13567913,-0.54483896,0.12346274,0.5595928,-0.57555544,-0.091591544,0.83611816,0.15128843,-0.42725533,-0.3196928,0.48171172,-0.5866345,0.7311729
35,3954,0.13620129,-0.51508904,-0.07851815,-0.7919091,-0.40704316,0.13252985,0.3012828,-0.030039478,-0.1211432,-0.4863412,-0.19866942,-0.2268644,0.46089137,-0.028768862,0.6809922,-0.0011867732
35,3957,-0.21403708,-0.17208995,0.5793656,0.20991234,0.6884899,0.088948876,-0.8805772,0.18522415,-0.89765775,-0.18192872,0.34804422,-0.112718,0.043236062,0.05672451,-0.5191361,0.17623162
35,3960,-0.8747252,-0.27432165,-0.20398098,0.36514458,-0.41877514,-0.15371926,0.6033661,0.11760881,0.32864475,-0.29333195,0.35754284,0.11436443,-0.54021627,-0.120879754,0.72195804,-0.20105489
35,3988,-0.34914967,0.2542976,-0.060105667,0.15482244,0.6019798,-0.48381162,-0.3280689,-0.6933539,0.29033995,-0.88897014,0.38966918,-0.12651302,-0.168775,0.17011592,0.49523288,-0.38318047
35,3995,0.20313606,0.27050933,0.037755705,0.16889903,-0.45062333,0.013923377,0.13225785,-0.7125887,0.015267531,0.57254237,0.12518345,-0.4820694,-0.20481649,0.3538687,-0.5985248,0.32825345
35,3997,-0.22175452,-0.32998,0.39436534,0.040121205,-0.053749457,0.15827957,0.16087008,0.4799427,-0.6635079,0.43066698,0.23839386,-0.069329455,-0.31244433,-0.06982101,-0.45351,0.5790493
35,3998,0.24092749,0.16521543,-0.44390345,0.20899318,0.5852287,-0.1362052,0.1960915,0.57551026,0.3223613,0.5423025,-0.39309263,0.95520955,-0.19626147,0.19430614,-0.2774529,-0.5017729
35,4029,0.15770242,-0.29973158,0.017466776,-0.6407317,-0.032939598,0.024989516,0.01279936,-0.23486526,-0.1417765,-0.67125046,-0.07789354,-0.28766382,0.4817304,0.013547875,0.6191551,0.03402841
35,4033,-0.34639388,0.24947976,-0.046428412,0.15684088,0.6104045,-0.4688463,-0.35432282,-0.69834816,0.26603606,-0.9078552,0.39480513,-0.14104688,-0.14154997,0.16479921,0.50311196,-0.3668578
35,4051,-0.044221878,-0.2700192,0.21466045,0.09626905,-0.15091257,0.26144564,0.29619196,0.13647461,-0.7535614,0.6064757,0.26572543,-0.1823515,-0.23582186,0.2774307,-0.508044,0.79735655
35,4057,0.121792704,-0.40790197,-0.037065417,-0.6994362,-0.24035026,0.06794286,0.18438235,-0.11335791,-0.113683455,-0.5526858,-0.13427468,-0.24339536,0.43388474,-0.01136433,0.64018345,-0.00022304058
35,4071,0.24823436,0.7472124,0.40216774,0.27609593,-0.3857634,-0.0047659874,-0.24882725,0.035050616,0.8288276,-0.042499363,-0.1859995,-0.3224039,0.29346675,-1.1108513,-0.065708585,0.12610498
35,4076,0.562811,0.20183703,-1.3976493,0.33715084,0.48902518,0.21931371,-0.5416807,-0.26786122,0.17380859,0.44615692,-0.44324666,1.0147188,0.44308174,1.0538429,-0.18391615,-0.66947913
35,4083,-0.37847915,-0.12630363,-0.036494106,-0.17388716,0.16867676,-0.51999074,0.7571498,0.4426971,0.43691042,0.2089535,0.023807794,0.46443737,-0.9794204,0.049497135,-0.0023043454,-0.5086453
35,4091,-0.09010282,-0.31979957,0.20278549,0.08561212,-0.18947999,0.27520108,0.41063637,0.23799832,-0.76576877,0.64189506,0.27660948,-0.14021377,-0.2863809,0.24549809,-0.46733367,0.86474246
35,4094,0.496393,-0.2565937,-0.011064276,-0.90840566,0.1111533,0.066464454,-0.049554512,-0.29896396,-0.22768632,-0.6119695,-0.22341155,-0.31241006,0.6767629,0.13761914,0.48830047,0.11543843
35,4107,-1.0065305,-0.5347439,-0.18626785,0.48912537,-0.8559944,0.20210645,0.863551,0.52387327,0.110353254,-0.011261821,0.2995286,0.14516991,-0.4172337,-0.25512555,0.8620277,0.09541631
35,4109,0.02560398,0.025159609,0.50232667,0.10804616,0.105301455,0.04061842,-0.61865807,-0.15465622,-0.46918428,0.17355043,0.13899079,-0.3365044,-0.0072045475,0.015554763,-0.696531,0.04641241
35,4112,-0.40362185,0.25594503,-0.10595293,0.16833863,0.53577155,-0.5598705,-0.15357025,-0.59437674,0.4075839,-0.73916817,0.35811624,-0.014799546,-0.35603756,0.16805226,0.4204899,-0.47267228
35,4119,0.47493497,-0.5285167,-0.08691496,-1.1198626,-0.3658622,0.18928817,0.34479856,0.019568415,-0.21442309,-0.33616805,-0.38437897,-0.23774038,0.619441,0.055781245,0.5211864,0.086776435
35,4139,-0.5486978,-0.46273094,0.3600785,0.23296008,0.28708544,0.21941844,-0.06818865,0.57848,-0.9272752,0.08073625,0.4054342,0.078396246,-0.2455577,0.025812045,-0.120793544,0.52441263
35,4148,-0.58701634,-0.23363498,-0.06360413,0.074943826,-0.10470675,-0.28152707,0.70301795,0.41847804,0.2830686,0.0816932,0.14551483,0.32980064,-0.7506219,-0.04162759,0.2730817,-0.28431606
35,4172,0.12675145,-0.6057421,-0.13140148,-0.86179614,-0.57969445,0.16911653,0.44950923,0.0727936,-0.09795582,-0.37251666,-0.25917423,-0.18468456,0.42577153,-0.040173694,0.684951,-0.03302096
35,4179,0.5205822,0.060558647,-1.7516446,0.6983888,0.13010485,0.6000183,-0.6549954,-0.09613535,0.08568572,0.6264439,-0.5364316,1.2301471,0.80294645,1.049121,-0.079567544,-0.6879864
35,4185,-0.44887868,-0.3905344,0.42326456,0.22941259,0.39013588,0.19569564,-0.26473925,0.49383318,-0.93021286,0.049232155,0.3985608,0.03594086,-0.18990327,0.033884533,-0.25965205,0.45839745
35,4186,0.257818,0.45510358,0.0037479252,0.17523146,-0.71943814,-0.05791995,0.14312273,-0.9719083,0.3719678,0.611434,0.05996283,-0.60167265,-0.22746326,0.27801296,-0.6024772,0.14402083
35,4199,-0.7101885,-0.30363634,-0.085035056,0.20976877,-0.27594757,-0.15017018,0.7050226,0.4246809,0.21493782,0.02565965,0.20873627,0.26696378,-0.6447789,-0.099062026,0.43410796,-0.16681087
35,4229,0.13316599,0.46943972,0.31827682,0.05470962,-0.619555,-0.16395643,-0.1435862,-0.5304734,0.5507282,0.28325182,-0.059142455,-0.5253992,-0.16616839,-0.35253906,-0.46181196,-0.1926374
35,4230,-0.34639388,0.24947976,-0.046428412,0.15684088,0.6104045,-0.4688463,-0.35432282,-0.69834816,0.26603606,-0.9078552,0.39480513,-0.14104688,-0.14154997,0.16479921,0.50311196,-0.3668578
35,4232,-0.27724946,-0.07115621,-0.015479207,-0.27350953,0.2974105,-0.60824543,0.73751307,0.4389016,0.47745332,0.25025433,-0.030860215,0.5066808,-1.0370235,0.08833038,-0.12732321,-0.5940832
35,4243,0.18922874,0.8561573,0.33457366,0.29617834,-0.77517253,0.03404826,-0.36159503,-0.30587518,1.0426949,0.11768091,-0.13888289,-0.49195656,0.14282875,-0.96969754,-0.1914711,-0.05854118
35,4276,0.06976074,-0.08987447,0.34189144,0.13510951,0.029046461,0.18992004,-0.24979913,-0.13114558,-0.6937234,0.4220432,0.22496305,-0.30736026,-0.0676091,0.26349318,-0.6905221,0.47754586
35,4284,-0.84689075,-0.22975066,-0.20633802,0.34658483,-0.3459314,-0.20872119,0.5634521,0.061406493,0.36161757,-0.32482427,0.36097395,0.11623216,-0.5580352,-0.09892154,0.6891826,-0.24684803
35,4285,-0.9882549,-0.45580763,-0.18090352,0.42875805,-0.69948274,0.052807838,0.7840988,0.354705,0.19089532,-0.15588382,0.34968996,0.11011499,-0.4931066,-0.20907968,0.84061825,-0.007588595
35,4313,0.0898993,-0.0060461666,0.43066093,0.1413129,0.10866466,0.12729108,-0.5337635,-0.2253398,-0.6193473,0.28341258,0.18446432,-0.355731,0.014677778,0.19320872,-0.73733395,0.24561936
35,4317,0.33534393,0.35855675,0.14762057,0.21620324,-0.4211347,0.02773267,-0.29958716,-1.0402116,-0.04154339,0.47833282,0.09578012,-0.6367154,-0.0019842982,0.43720153,-0.74331325,0.08987129
35,4324,0.54772794,0.15291627,0.5534406,-0.44293925,0.17793795,-0.17136747,-0.06288575,0.9352494,0.25501865,0.52047765,-0.59010744,0.278096,-0.07136952,-0.8086214,-0.73852813,-0.29187864
35,4333,0.43974832,0.3037177,-0.6853549,-0.12737885,0.8454514,-0.26257694,-0.4030158,-0.51243216,0.19535863,-0.052093938,-0.17965184,0.48746485,0.03673245,0.83176696,-0.13791779,-0.5147935
35,4335,0.52732205,0.08967533,-1.6596482,0.6109215,0.20903772,0.50941855,-0.6164607,-0.12384996,0.102873184,0.5927673,-0.5163551,1.1807367,0.7130307,1.0432643,-0.11080737,-0.67909575
35,4337,-0.5486978,-0.46273094,0.3600785,0.23296008,0.28708544,0.21941844,-0.06818865,0.57848,-0.9272752,0.08073625,0.4054342,0.078396246,-0.2455577,0.025812045,-0.120793544,0.52441263
35,4340,0.31240496,-0.40669948,-0.070919275,-0.87203705,-0.20066203,0.09909946,0.18329662,-0.13314547,-0.15229386,-0.49972358,-0.23047666,-0.24747905,0.53756577,0.058424108,0.5749208,0.03318575
35,4343,-0.97417164,-0.49016154,-0.1372427,0.46307722,-0.6974661,0.1403507,0.77630717,0.48057008,0.07195806,-0.051244423,0.32706374,0.14216866,-0.44315678,-0.22435522,0.7820281,0.08883765
35,4350,-0.23011164,-0.28247324,0.48059037,0.020309545,0.028073788,0.080669284,-0.01336414,0.48773336,-0.58293086,0.32000005,0.20422469,-0.07954304,-0.29484612,-0.17990667,-0.48257416,0.3916269
35,4351,-0.32860065,-0.05384607,-0.5517419,1.1583594,-0.1304714,0.68569577,-0.03776686,0.67658544,-0.10964899,0.25528026,-0.09501816,0.6760087,0.58041847,-0.10902889,0.5277187,0.22814733
