window_id,vehicle_id,z_0,z_1,z_2,z_3,z_4,z_5,z_6,z_7,z_8,z_9,z_10,z_11,z_12,z_13,z_14,z_15
59,911,-0.18186499,-0.068212524,0.18070179,-1.2632825,-0.15753967,-0.22489633,0.28967115,0.09112832,-0.4501425,0.10767409,-1.0757564,-0.2028179,-0.09373708,-0.4638851,1.2146065,-0.39496768
59,2328,-0.18186498,-0.068212524,0.18070179,-1.2632823,-0.15753967,-0.22489631,0.28967112,0.09112832,-0.4501425,0.1076741,-1.0757563,-0.2028179,-0.09373708,-0.4638851,1.2146064,-0.39496768
59,3695,-0.18186499,-0.068212494,0.18070179,-1.2632825,-0.15753967,-0.2248963,0.28967112,0.09112833,-0.45014256,0.10767409,-1.0757564,-0.2028179,-0.09373705,-0.46388504,1.2146068,-0.39496768
59,2274,-0.18186496,-0.068212524,0.18070179,-1.2632825,-0.15753967,-0.2248963,0.28967112,0.09112832,-0.45014256,0.10767409,-1.0757564,-0.20281792,-0.09373714,-0.4638851,1.2146068,-0.39496768
59,2887,0.45411247,-0.8118012,-0.8271664,0.98444986,-0.46209234,2.0539672,-1.0435073,-0.21692502,0.82288843,-1.1310135,-0.4668468,-1.221658,-0.81909573,-0.85012466,0.2406145,-0.58705235
59,851,-0.181865,-0.068212494,0.18070179,-1.2632825,-0.15753967,-0.2248963,0.28967115,0.09112832,-0.45014262,0.10767409,-1.0757564,-0.20281789,-0.09373708,-0.4638851,1.2146066,-0.39496762
59,2578,-0.18186499,-0.068212524,0.18070179,-1.2632828,-0.15753967,-0.22489631,0.28967112,0.09112832,-0.45014256,0.10767409,-1.0757564,-0.2028179,-0.09373708,-0.46388513,1.2146066,-0.39496768
59,4343,-0.181865,-0.068212494,0.18070179,-1.2632825,-0.15753967,-0.22489631,0.28967118,0.09112832,-0.45014262,0.10767409,-1.0757564,-0.20281789,-0.09373705,-0.46388507,1.2146065,-0.39496768
59,2168,0.4541124,-0.81180125,-0.8271664,0.98444986,-0.46209234,2.0539672,-1.0435073,-0.21692505,0.8228885,-1.1310136,-0.46684688,-1.221658,-0.81909573,-0.8501248,0.24061452,-0.5870524
59,1555,-0.181865,-0.068212524,0.18070179,-1.2632825,-0.15753967,-0.22489633,0.28967112,0.09112832,-0.4501425,0.10767409,-1.0757563,-0.20281789,-0.09373711,-0.4638851,1.2146065,-0.39496768
59,289,-0.16798963,-0.061868727,0.17093965,-1.1896262,-0.16321656,-0.21750624,0.26431397,0.07701097,-0.41772634,0.11196934,-1.0185462,-0.18369383,-0.080929175,-0.43625987,1.1566309,-0.37620056
59,702,-0.80375063,-1.1087724,0.25821286,0.6662202,-0.8579921,-0.0133141205,-0.85860246,-0.16210067,0.13319376,-0.70764697,-0.08876709,0.17014512,-0.52269334,-0.03441224,0.19382182,-0.21372627
59,1082,-0.93112767,-0.24357997,0.95379585,-0.063338965,-0.3463186,-0.48754787,-0.39075875,0.36220568,-0.28997946,-0.6397333,-0.45490462,0.089197904,-0.44574434,0.09132333,0.57799834,0.056416217
59,1155,-0.181865,-0.068212524,0.18070179,-1.2632825,-0.15753967,-0.2248963,0.28967115,0.09112832,-0.45014262,0.10767409,-1.0757564,-0.2028179,-0.09373705,-0.46388507,1.2146065,-0.39496768
59,1042,-0.18186499,-0.068212494,0.18070179,-1.2632825,-0.15753967,-0.2248963,0.28967115,0.09112832,-0.45014262,0.10767409,-1.0757564,-0.2028179,-0.09373711,-0.4638851,1.2146065,-0.39496768
59,1043,-0.18186498,-0.068212524,0.18070179,-1.2632825,-0.15753967,-0.22489631,0.28967112,0.09112832,-0.4501425,0.10767409,-1.0757564,-0.2028179,-0.09373714,-0.46388513,1.2146065,-0.39496768
59,2089,0.45429808,-0.7991659,-0.76893854,0.96829724,-0.46867532,2.0220163,-1.0228741,-0.18679786,0.80492175,-1.1318151,-0.4653288,-1.1880851,-0.81333745,-0.8558588,0.23595339,-0.54288346
59,2423,0.4541124,-0.8118013,-0.8271664,0.98444986,-0.46209234,2.053967,-1.0435073,-0.21692508,0.8228885,-1.1310135,-0.46684682,-1.221658,-0.81909573,-0.8501248,0.24061452,-0.58705235
59,361,-0.09977724,-0.87404907,0.99133533,0.11229998,-0.63565975,-0.2368965,-0.00024443865,0.40337455,-0.2899354,-0.40406567,-0.03375527,0.7027171,-0.4413674,-0.11920478,-0.08057895,0.5874349
59,748,-0.8037505,-1.1087725,0.25821286,0.6662202,-0.8579922,-0.013314119,-0.85860246,-0.1621007,0.13319376,-0.70764697,-0.08876709,0.17014512,-0.5226933,-0.03441224,0.19382182,-0.21372627
59,1,-0.11737265,0.9522917,0.24724017,0.4546909,-0.33880818,-0.38447475,-0.41734332,-0.020485304,0.48160112,0.29506487,0.27731755,-0.3509515,0.99017274,-0.40960407,0.50404626,0.0012955293
59,7,0.2379661,-0.12372632,-0.2568534,0.07098964,0.7610335,-0.08974945,0.44176978,0.46803543,-0.43139446,-0.35293484,0.20741226,-0.5347161,0.07146698,-0.16010638,0.010866396,-0.026210755
59,19,-0.955747,-0.8713062,-0.47894377,0.42679405,0.13434093,-0.7356128,-0.0031244308,0.06677491,-0.45337325,0.2171256,0.5771143,-0.5878357,0.69709724,0.45804363,-0.0011451393,-0.36133957
59,24,0.88033366,0.20436667,0.39483076,0.031078577,0.042575225,0.20335485,0.31600603,-0.1975609,-0.0037565976,-0.08125411,0.33520678,0.6427845,-0.18876316,-0.069802545,-0.4329466,0.5947782
59,25,0.7735699,0.74136716,0.5667645,0.13525218,0.10385333,0.16875093,0.2279675,0.10694801,0.11778486,-0.09189293,0.30456632,0.118959576,0.18876955,-0.35196787,-0.097578004,0.6130238
59,63,0.33493948,0.89366895,0.45548087,0.29555824,-0.11797428,-0.10822812,-0.10735529,0.104492694,0.3097322,0.071374446,0.2542559,-0.1317072,0.58776855,-0.41973588,0.24641395,0.3259827
59,67,0.28703517,-0.08088492,-0.3054052,0.08376962,0.83568805,-0.12994266,0.47728604,0.4123631,-0.46553785,-0.34691077,0.3086478,-0.5142851,0.09033256,-0.12450268,-0.0335799,-0.030577958
59,68,-0.07543194,-0.4459641,-0.21814184,0.22125213,-0.5146983,-0.2299765,-0.38919926,-0.6367662,0.10033699,0.025070839,0.15160692,0.6942032,-0.19099747,0.24787825,-0.0944075,-0.2325051
59,69,-1.2247928,-0.6046094,-0.09098892,-0.98296183,-0.17457072,1.3876333,0.46229565,0.92314696,0.77208054,1.72599,-0.6527536,-0.37308025,-0.36913204,1.029312,-1.6840909,0.6527447
59,77,0.60157454,-0.5415445,-0.5634177,0.8272678,-0.34306937,1.7874761,-0.78220326,-0.17921251,0.69052917,-0.9907515,-0.31537914,-0.9410382,-0.70497876,-0.7766921,0.12949553,-0.32534903
59,81,-0.78689766,1.3650717,0.17007254,-0.019267231,0.73885524,-0.3198284,-0.57933265,0.043591566,0.060671583,-0.7228989,-0.68682784,0.21277566,-0.81126654,0.85784215,0.009537764,-0.51410437
59,84,0.0006455779,-0.8502085,0.89023,0.08038691,-0.579511,-0.1989435,0.050365925,0.30868724,-0.27991694,-0.3552974,0.007618537,0.7492993,-0.45258975,-0.09189033,-0.15025336,0.56624043
59,89,-0.4192736,-0.68137926,-0.08505927,0.3307168,-0.63718796,-0.11669658,-0.5886799,-0.44654098,0.109237425,-0.27873266,-0.046801157,0.3632328,-0.3136623,0.0807433,0.14917842,-0.3160045
59,96,0.11833542,-0.27378255,-0.25910288,0.09731269,-0.44027305,-0.3349775,-0.23781867,-0.7282605,0.064144865,0.22048907,0.23458427,0.89740723,-0.09657006,0.33182445,-0.19635582,-0.18194573
59,100,0.6742317,-0.29253858,-0.064557195,-0.0057778656,-0.11835787,0.051586814,0.23656955,-0.55964667,-0.016258433,0.13625331,0.3638147,0.91565084,-0.29044652,0.18733196,-0.5782739,0.2348749
59,102,-0.44828713,0.6544924,0.025599733,0.19696096,-0.38145667,-0.074596554,-0.33609426,0.05503533,0.619521,0.68361235,0.13924122,-0.36832106,0.84315324,-0.058419436,0.084051125,0.0011452958
59,111,0.4839447,0.86902547,0.5126599,0.24325472,-0.0468255,-0.025247695,0.002814725,0.11561364,0.24937591,0.013871051,0.27638778,-0.04787519,0.47048622,-0.4115702,0.1408142,0.43354982
59,112,-0.39113605,0.083739474,0.29968786,-1.234447,-0.09426989,-0.35733235,0.16823152,0.13440388,-0.4727506,-0.051621154,-1.1293935,-0.11789809,-0.20356931,-0.31628114,1.2056128,-0.42399013
59,138,0.31355685,-0.29881024,-0.42537016,0.036043808,1.0212786,-0.107001916,0.6121235,0.43277973,-0.6341393,-0.4578936,0.31188014,-0.48463959,-0.0925277,0.0048492667,-0.14679933,-0.04295273
59,144,0.18006097,-0.05995199,-0.5438466,-0.62994933,-0.18527055,-0.121645816,0.048797444,-0.6450062,-0.084481284,0.34432042,-0.37688416,0.27822095,-0.05303146,-0.03535613,0.4757207,-0.52467763
59,148,0.4908347,-0.14834549,-0.88767296,-0.6490313,-0.10774338,0.06760734,0.18842241,-0.8835844,-0.03592889,0.50494945,-0.22901817,0.3118328,-0.08091746,-0.027924323,0.29019648,-0.5615858
59,163,-1.0872903,-0.42931527,-0.057492137,-0.85185975,-0.15136841,1.1815541,0.38207,0.85533655,0.7014427,1.532615,-0.56409943,-0.3590008,-0.2399687,0.8765236,-1.453453,0.56692535
59,164,0.42958468,-0.07103206,0.5922907,0.12395306,-0.27630997,-0.13558777,0.058235317,-0.13737306,-0.047600046,-0.10589771,0.2766605,0.8241792,-0.16798826,0.06553797,-0.32390183,0.51690036
59,169,0.2233685,0.08305103,0.8955211,0.24966499,-0.4226805,-0.23070921,-0.12584513,0.098524526,0.0016090423,-0.21870552,0.19263686,0.6861858,-0.039525434,-0.026571227,-0.111085266,0.601151
59,174,-0.9788561,0.8414492,0.4759733,0.17308164,0.47859353,-0.30925733,-0.6238669,0.16894752,-0.012327597,-0.911922,-0.57020974,0.1937954,-0.93381345,0.7500266,-0.005499363,-0.311157
59,179,-0.23168196,-0.029766425,-0.10124092,-0.068171114,-0.057303235,0.46211487,0.05642347,0.5662767,0.39151615,0.40733665,-0.21958803,-0.79342234,0.31408465,-0.29872456,0.012254268,0.07347644
59,203,0.56567174,-0.17259611,0.1888821,0.059638634,-0.17067747,-0.021156441,0.15292886,-0.3922358,-0.01602082,0.04422789,0.3250023,0.8488634,-0.21991141,0.13933723,-0.4626504,0.33408815
59,214,0.5418283,-0.15177985,0.28877503,0.06732784,-0.18555366,-0.03893636,0.14221361,-0.3224264,-0.028429464,0.006989114,0.30908173,0.83493316,-0.21236928,0.115901895,-0.43095568,0.38458812
59,218,-1.2730055,-0.59651554,-0.08257912,-1.0332084,-0.15553798,1.4114456,0.48899847,0.9480387,0.7787357,1.7847781,-0.66479313,-0.33411717,-0.39932734,1.1038563,-1.780046,0.68427193
59,219,0.08902167,-0.11931591,-0.5871486,-0.06619546,-0.31881696,-0.16895238,-0.2589138,-0.81505066,0.12034142,0.2592528,0.0018670941,0.51370776,-0.05195211,0.2104409,0.09494637,-0.46944934
59,227,0.76293355,0.022315592,0.05422443,0.44420254,-0.110048234,1.051316,-0.21796367,-0.015430979,0.365811,-0.58846366,-0.02928192,-0.33864748,-0.370409,-0.55715805,-0.04673581,0.22541079
59,242,0.30139852,-0.36481464,-0.48817617,0.04302919,1.0767329,-0.13518469,0.64093953,0.3950587,-0.68743855,-0.46814662,0.35864156,-0.46556127,-0.11911337,0.078303695,-0.19228762,-0.06242925
59,262,0.26235914,-0.105476126,-0.26074767,0.06508486,0.78840303,-0.08857851,0.46023846,0.4770003,-0.4415571,-0.3631056,0.22007962,-0.5429261,0.07203375,-0.17420489,0.0071780533,-0.022137016
59,269,-0.39861858,0.72349817,0.031419456,0.26133734,-0.36975306,-0.16248815,-0.36841315,-0.006275013,0.5909735,0.61564726,0.1888274,-0.3465348,0.883813,-0.08754633,0.15601806,-0.028055757
59,274,0.20018698,0.10109921,0.88602823,0.25817448,-0.4188102,-0.21947014,-0.13931964,0.1255286,0.015255868,-0.21321683,0.17012686,0.62660354,-0.017865494,-0.03955845,-0.07804415,0.5857544
59,276,0.13022825,-0.7455442,0.73509467,0.047293767,-0.4825896,-0.14868444,0.10524839,0.1829713,-0.24154194,-0.26490265,0.05971522,0.76420695,-0.42157996,-0.050093025,-0.21728128,0.51858526
59,296,-1.3006858,-0.6331173,-0.097066596,-1.0504513,-0.17634568,1.4533225,0.49550402,0.9721195,0.8061948,1.820759,-0.68037236,-0.38210016,-0.389049,1.0867437,-1.7863522,0.68598455
59,298,0.64529455,-0.23621278,0.07008599,0.025755286,-0.14617594,0.007586565,0.20363992,-0.5045738,-0.023471534,0.08285946,0.3676466,0.9372109,-0.2711107,0.1739666,-0.55214906,0.29804164
59,303,0.32063383,-0.27440113,-0.4054879,0.037196547,0.9960206,-0.09763686,0.59730035,0.42829564,-0.61165196,-0.44642997,0.30205736,-0.47467488,-0.087995395,-0.0042552142,-0.13965046,-0.033993542
59,318,0.24430051,-0.02547653,-0.77988136,-0.19457328,-0.2468713,-0.15421022,-0.16758908,-0.9572264,0.11733611,0.3989296,0.0030255336,0.5555669,-0.011310697,0.22433703,0.091687396,-0.5477632
59,319,-0.0020278431,0.92579234,0.35749984,0.4105718,-0.29166606,-0.30272704,-0.34253865,0.07370892,0.4332,0.2052673,0.21677507,-0.30833966,0.8575653,-0.45353594,0.47806218,0.10777623
59,321,-1.2494103,-0.5727018,-0.07836692,-1.0082967,-0.1545044,1.3769455,0.47323567,0.9264735,0.76649994,1.753461,-0.6487193,-0.3228777,-0.3838727,1.0890459,-1.7452343,0.6706275
59,323,0.0077696852,0.59826964,0.19262706,0.21022539,-0.09954418,-0.07227453,-0.11742842,0.32172057,0.33360147,0.22631764,0.1349727,-0.5490039,0.7219318,-0.5016939,0.34122875,0.072970636
59,341,-0.14522684,0.02354826,-0.116646156,0.0011914223,-0.0011914074,0.35297036,0.04775682,0.5243867,0.3214681,0.29183668,-0.14565259,-0.7996973,0.36572412,-0.36612788,0.11523039,0.025125183
59,353,0.3766395,0.068637945,-1.081539,-0.37721658,-0.11899172,-0.02602886,-0.07350289,-1.1074508,0.12828779,0.5084919,-0.09451037,0.4177894,-0.009062231,0.17397296,0.18112497,-0.72196347
59,373,0.51553184,-0.39959145,0.13812478,0.013851613,-0.21857294,-0.0166957,0.19157714,-0.3681158,-0.067862555,0.044216566,0.28479657,0.87197,-0.30908704,0.13438429,-0.47325298,0.2948105
59,380,0.41878068,-0.49947035,0.29914215,0.024616733,-0.29396793,-0.056006156,0.16830885,-0.23338503,-0.11562662,-0.041194186,0.23280802,0.86517274,-0.34703845,0.08857364,-0.41648856,0.35674793
59,389,0.04131392,-0.28170586,-0.015166968,0.14818537,-0.48333806,-0.37454545,-0.24669327,-0.5470881,0.041270018,0.14165962,0.22201014,0.8728972,-0.08189185,0.29442617,-0.17354044,-0.055056885
59,391,-0.77770275,-0.8773385,-0.5133999,0.35511667,0.34610814,-0.63354397,0.13784122,0.15350384,-0.5507405,0.063813165,0.52322215,-0.5901928,0.51206577,0.42044654,-0.04939811,-0.3226506
59,392,0.9390662,0.25888658,0.29000604,0.034646943,0.08098467,0.2356039,0.32963973,-0.28953162,0.027316049,-0.04115902,0.37232217,0.63716626,-0.16888861,-0.05560343,-0.4634188,0.55355316
59,402,-0.11493267,0.25017172,0.11244874,-0.057332546,-0.09064304,0.40708262,7.556379e-05,0.67762387,0.41393268,0.28845686,-0.27547258,-0.77951366,0.393695,-0.5241275,0.16675778,0.12451955
59,428,-1.3006856,-0.6331173,-0.097066596,-1.0504513,-0.17634568,1.4533225,0.49550402,0.9721196,0.8061948,1.8207592,-0.6803723,-0.38210016,-0.389049,1.0867437,-1.7863522,0.68598455
59,440,-0.010164823,-0.7989713,0.7443121,0.09347381,-0.5950714,-0.26510453,-0.006723061,0.13274795,-0.2336099,-0.2588393,0.069967985,0.8350801,-0.39824867,-0.00017160783,-0.18856177,0.46571457
59,455,-1.0872903,-0.4293152,-0.057492167,-0.85185975,-0.1513684,1.1815542,0.38207,0.8553365,0.7014427,1.5326148,-0.56409943,-0.3590008,-0.2399687,0.8765236,-1.4534531,0.5669253
59,457,0.10233937,0.58857375,0.21761987,0.20851383,-0.032093942,-0.06626986,-0.07471528,0.36637843,0.268157,0.11791138,0.117246106,-0.561848,0.6671674,-0.56495315,0.378092,0.08574716
59,464,0.20321004,0.1194782,-0.20942502,0.13396421,0.503931,-0.035351075,0.24471793,0.39861533,-0.14757068,-0.16383179,0.19107345,-0.6358722,0.2964612,-0.3232754,0.15157342,-0.043848574
59,466,0.20046994,0.47070122,0.18768975,0.10810278,0.04230669,0.19041935,-0.014569759,0.65715396,0.25972286,-0.07976252,-0.16724715,-0.8285702,0.5027266,-0.84471923,0.50430954,0.06503096
59,473,0.036260385,-0.32053608,0.13855606,0.15432805,-0.499651,-0.3854488,-0.21242368,-0.44576424,0.008419663,0.09225732,0.22653908,0.89682263,-0.10415633,0.26864538,-0.19535208,0.046034157
59,474,-0.07528368,0.5808021,0.17744498,0.22438762,-0.17664342,-0.07699082,-0.17261784,0.27782226,0.38729817,0.29951632,0.12524658,-0.5307583,0.74714303,-0.4457664,0.33093023,0.053081825
59,489,-0.46685278,-0.7516992,-0.49913096,0.254174,0.57594883,-0.4661486,0.29084697,0.25918037,-0.60046947,-0.122945264,0.4302602,-0.57012594,0.2933152,0.30431864,-0.077750355,-0.24328457
59,490,-0.19648655,-0.08492507,0.20086268,-1.2883339,-0.16796334,-0.24114303,0.2951826,0.09900067,-0.4684549,0.099624775,-1.0937104,-0.19196612,-0.10289733,-0.4711002,1.2339548,-0.3950203
59,494,0.230053,0.10888064,0.8841161,0.2382798,-0.37974775,-0.1685878,-0.10424295,0.17448576,0.011343569,-0.21856193,0.143268,0.5630559,-0.026064992,-0.074398585,-0.06624359,0.59999585
59,500,0.80356073,0.72611344,0.6061976,0.12345548,0.10370745,0.19076665,0.25006068,0.115476966,0.1038505,-0.11214964,0.2975987,0.15560618,0.14983827,-0.35006863,-0.12093255,0.655179
59,501,0.26882955,-0.0266269,-0.8310434,-0.22618386,-0.23542824,-0.13994204,-0.15137525,-0.9922328,0.1150417,0.4183361,-0.0061020027,0.55208963,-0.015690297,0.21891701,0.10022022,-0.575654
59,502,0.72783005,0.20628633,-0.07901771,0.2917629,-0.04758182,0.5330683,-0.042412683,-0.35849112,0.28488722,-0.14282791,0.21300744,0.14291938,-0.12582113,-0.17692135,-0.2325885,0.18962792
59,503,-1.0902989,-0.5202738,-0.10386391,-0.84123665,-0.19014089,1.266557,0.38257188,0.87187535,0.7487216,1.5519422,-0.5989988,-0.46876937,-0.24159457,0.8055233,-1.4079499,0.5534738
59,507,-0.05092393,0.58710134,0.18177506,0.21563345,-0.15135668,-0.07126638,-0.15214863,0.2940123,0.37241757,0.28128266,0.12815861,-0.5371418,0.73936003,-0.46207693,0.3284943,0.062385317
59,511,0.5215227,-0.14220734,0.38528234,0.075773776,-0.2104581,-0.067200765,0.12983531,-0.2711136,-0.04371126,-0.030372933,0.30479392,0.85301787,-0.21317963,0.10214082,-0.41358957,0.43349087
59,518,0.27167684,-0.020072058,-0.81995535,-0.2219604,-0.22888738,-0.12966897,-0.14618123,-0.9734472,0.117568,0.41703433,-0.008522581,0.5310853,-0.010151401,0.21078943,0.10297013,-0.56489
59,522,-1.0587333,-0.83582556,-0.44186914,0.47506672,-0.032613188,-0.7934676,-0.111710034,-0.0024023466,-0.36070067,0.33296087,0.6072763,-0.5727619,0.82894295,0.47312337,0.03681989,-0.38120306
59,534,0.18498258,0.45901138,0.18507911,0.111848995,0.02272676,0.19553372,-0.02936484,0.6534644,0.27082038,-0.07344766,-0.18137671,-0.83033425,0.5008251,-0.84078085,0.5110593,0.058130078
59,539,-0.18437228,0.9050175,0.16985355,0.45103216,-0.35878143,-0.38598233,-0.4385307,-0.06436472,0.4993301,0.35527635,0.28590274,-0.35401917,1.0053548,-0.3407613,0.47024056,-0.048034698
59,546,0.9644654,0.3674294,0.1455105,0.07301363,0.10044588,0.2528864,0.29703206,-0.41350853,0.09689686,0.019799769,0.41694325,0.5968018,-0.09853475,-0.034256343,-0.46293148,0.46965784
59,553,-0.98050416,0.4086946,0.6792821,0.08258012,0.149446,-0.3983057,-0.5427414,0.24527827,-0.13287975,-0.8204876,-0.5207826,0.1637202,-0.7482767,0.50215113,0.23091681,-0.17462815
59,559,-0.3244927,0.86882997,0.08503425,0.36959755,-0.38047898,-0.3056053,-0.42846087,-0.05593554,0.57343584,0.51742643,0.26407948,-0.3664297,1.0089258,-0.22138798,0.32607442,-0.05731429
59,564,-0.94372696,1.8370894,0.009299219,0.39421052,1.2268451,-0.12563482,-0.8049518,-0.013253868,0.2518088,-1.0992663,-0.65009123,0.26835233,-1.3178241,1.3223109,-0.5380132,-0.63762945
59,565,0.48438865,-0.15735467,-0.84421176,-0.6387344,-0.11280746,0.067912534,0.19299704,-0.84581494,-0.040369987,0.4935416,-0.227943,0.30164587,-0.07863937,-0.037350435,0.28930163,-0.53184336
59,567,0.87735516,0.5236225,0.51826155,0.15342522,0.08416699,0.41956574,0.22104847,0.07339698,0.11822918,-0.23632593,0.23267265,0.14194717,-0.05638729,-0.359909,-0.18331316,0.6326849
59,573,-0.42379326,0.030629128,0.35429376,-0.4174744,-0.34819055,-0.48441118,-0.21297762,-0.037206836,-0.18049075,-0.046771392,-0.5290301,0.291205,-0.044532314,0.0014649574,0.63554335,-0.22990157
59,582,0.23796609,-0.12372629,-0.2568534,0.07098964,0.76103354,-0.089749455,0.44176972,0.46803546,-0.43139452,-0.3529349,0.20741226,-0.5347162,0.07146697,-0.16010638,0.010866396,-0.026210748
59,588,-0.36750287,0.54634625,0.11191492,0.19991554,-0.3746385,-0.030837325,-0.2986017,0.19125456,0.5758144,0.5798895,0.075700805,-0.4882608,0.80532247,-0.23963365,0.21154499,0.021430448
59,600,-0.8471317,-0.21782099,0.8850239,-0.19593602,-0.37069315,-0.522587,-0.3217364,0.3221747,-0.31428772,-0.510914,-0.5092278,0.11007859,-0.35266185,0.029338507,0.6586498,0.026053578
59,605,-0.065703645,-0.8990563,0.9615395,0.0898336,-0.6341968,-0.24730143,0.020873249,0.3497427,-0.30040103,-0.38443065,-0.0071717734,0.77234334,-0.4615206,-0.09613059,-0.12288144,0.58332646
59,607,-0.67596763,-1.0260292,0.17113848,0.59040785,-0.80654544,-0.024431152,-0.77987576,-0.234976,0.12628838,-0.5985439,-0.06040427,0.2374392,-0.4800974,-0.009000726,0.15645452,-0.22148232
59,627,0.29369313,-0.039730012,-0.28836936,0.10217725,0.78958476,-0.13844678,0.44217145,0.35176107,-0.4293272,-0.30466628,0.33237508,-0.45983672,0.10276286,-0.089383826,-0.04682678,-0.019018434
59,640,0.1502243,-0.2555831,-0.3228882,0.07060906,-0.4067579,-0.29594547,-0.21758355,-0.74537224,0.07193762,0.24617282,0.21821757,0.848643,-0.091157064,0.31969678,-0.18281952,-0.20865668
59,642,0.24035051,-0.09154697,-0.63260084,-0.70077956,-0.16828376,-0.093310736,0.095860094,-0.7122214,-0.10121147,0.38085192,-0.3865343,0.295691,-0.07716219,-0.045383103,0.47485223,-0.5632136
59,653,-0.571118,-0.8509705,0.07910433,0.46683365,-0.72260684,-0.06918118,-0.6848836,-0.30179465,0.115285695,-0.45187765,-0.06688099,0.2659921,-0.38979197,0.021902606,0.17093262,-0.2540331
59,658,-0.5634484,0.6838211,0.29812628,-0.5039532,0.23779823,-0.3424003,-0.2342269,0.12660614,-0.15822499,-0.34323102,-0.7876648,0.020417266,-0.37965274,0.24389559,0.5863284,-0.37069875
59,660,-0.0678807,-0.3048932,-0.48984545,0.046052232,-0.41972873,-0.15366949,-0.37544665,-0.76096004,0.12163834,0.09627572,-0.010901999,0.49391186,-0.15131496,0.18733779,0.10792312,-0.46482676
59,668,0.3066318,-0.02470781,-0.28942144,0.10357447,0.7951347,-0.14053918,0.44472766,0.341474,-0.42841715,-0.30086142,0.34537548,-0.45149267,0.104547046,-0.08575219,-0.05323732,-0.015383914
59,673,-0.9147323,2.2130697,-0.12950037,0.3607999,1.4344262,-0.14370434,-0.8457577,-0.059608623,0.31171462,-1.0928414,-0.7004648,0.29078054,-1.3373017,1.4720002,-0.5977777,-0.73854756
59,680,-1.0251328,-0.73012054,-0.37060958,0.48513746,-0.14604776,-0.7640236,-0.18055403,-0.049031094,-0.26004326,0.38939762,0.5818317,-0.5126212,0.85377324,0.4537073,0.059469044,-0.35272974
59,688,0.9390662,0.25888658,0.29000604,0.034646958,0.08098464,0.23560391,0.32963973,-0.28953162,0.027316079,-0.04115902,0.37232217,0.6371662,-0.16888861,-0.05560343,-0.4634188,0.5535531
59,696,0.72783005,0.20628634,-0.07901774,0.2917629,-0.04758182,0.53306836,-0.042412683,-0.3584911,0.2848872,-0.14282788,0.21300744,0.1429194,-0.12582119,-0.17692135,-0.2325885,0.18962793
59,699,0.28161204,0.51838535,0.23978642,0.11068736,0.14313744,0.082288705,0.068666294,0.5685556,0.14769563,-0.09030439,-0.019769337,-0.64539796,0.47428977,-0.70602864,0.38040388,0.13841921
59,709,-1.0387496,-0.7531409,-0.3850606,0.48583,-0.12818915,-0.77380526,-0.17048834,-0.042389855,-0.27877104,0.38233268,0.58916914,-0.5252663,0.8538594,0.45991883,0.05591744,-0.36018103
59,720,0.18134849,-0.44340366,-0.5151972,0.077341914,1.0289043,-0.19686075,0.59824455,0.3695567,-0.69356465,-0.43054885,0.3798028,-0.48607284,-0.06366478,0.12586187,-0.18047023,-0.10302207
59,722,-0.95340616,1.5011382,0.15172198,0.331359,0.9746731,-0.17903303,-0.75140345,0.0382264,0.17476824,-1.0337709,-0.61446315,0.24437954,-1.1865472,1.1353729,-0.370091,-0.53099227
59,723,0.19465101,0.100649506,0.9257377,0.25230125,-0.41328123,-0.20334479,-0.12962009,0.18701181,0.007224828,-0.23220603,0.14356759,0.5858957,-0.021150753,-0.06865584,-0.05373472,0.60861
59,741,-0.73672473,-1.091252,0.1950358,0.6105061,-0.84298044,-0.041515134,-0.81535137,-0.23956081,0.11743379,-0.64435506,-0.06282635,0.26004732,-0.51928806,-0.00087875035,0.15675974,-0.23016764
59,742,0.31694704,0.019382447,-0.9262062,-0.27706283,-0.1820775,-0.083356775,-0.11767888,-1.0254633,0.1262445,0.45470142,-0.038909588,0.4800979,-0.006582007,0.19623272,0.13031852,-0.6251047
59,755,0.18808599,-0.41575283,-0.48785222,0.07610154,0.9994251,-0.18328509,0.5811376,0.37507924,-0.6668516,-0.4232852,0.35883534,-0.48177445,-0.058764264,0.10486686,-0.1651034,-0.09363265
59,765,-0.4097981,0.56182194,0.087109715,0.17268294,-0.38193578,-0.0054843687,-0.29888985,0.17165124,0.60612535,0.6386794,0.071344376,-0.4542594,0.7943506,-0.17061006,0.1424473,0.031404458
59,768,0.54887027,-0.6751883,-0.67682576,0.90258425,-0.39822698,1.9324704,-0.90141624,-0.19082832,0.7505564,-1.0771155,-0.38647953,-1.0721778,-0.7743648,-0.82529575,0.17690179,-0.43644595
59,791,-0.9347679,-0.9205711,-0.52359974,0.40750033,0.22848184,-0.7345161,0.058725357,0.101050675,-0.52019346,0.16425842,0.5880439,-0.615544,0.6570111,0.46186766,-0.023984775,-0.36980295
59,807,0.41614217,0.04967664,-1.1032404,-0.43333864,-0.09750387,0.005939708,-0.02526325,-1.1069115,0.10930358,0.5237662,-0.11641707,0.39718586,-0.024349555,0.14857541,0.19203596,-0.7230132
59,818,0.36079735,-0.12001841,-0.7636463,-0.73675907,-0.12883085,-0.012431728,0.1636701,-0.7909513,-0.09126912,0.4435733,-0.35462177,0.28461236,-0.08824034,-0.058789566,0.4286112,-0.58277625
59,841,-0.020531654,-0.55707276,-0.5399783,0.13883366,0.9144246,-0.2946465,0.51231664,0.31219357,-0.68406695,-0.33737868,0.42069864,-0.5026494,0.039326474,0.21286172,-0.16719848,-0.15467267
59,842,-0.25065982,-0.6695691,-0.5093742,0.18842375,0.74614143,-0.3677938,0.40399522,0.31415743,-0.64591414,-0.24527554,0.3962415,-0.55059284,0.1532773,0.242115,-0.11136462,-0.19542862
59,848,0.18989535,-0.43658853,-0.5116893,0.07413322,1.0325263,-0.19188818,0.60140413,0.37511313,-0.6926896,-0.4350223,0.37585947,-0.48762184,-0.066652015,0.11806913,-0.1786271,-0.100397035
59,850,0.28703517,-0.08088489,-0.30540514,0.08376962,0.83568805,-0.12994267,0.4772861,0.4123631,-0.4655379,-0.34691077,0.3086478,-0.514285,0.09033257,-0.124502696,-0.03357993,-0.030577958
59,871,0.9390662,0.25888658,0.29000604,0.034646958,0.08098467,0.23560388,0.32963973,-0.2895316,0.027316079,-0.04115902,0.3723222,0.63716626,-0.16888864,-0.05560343,-0.46341875,0.55355316
59,881,0.48971665,-0.06686683,-0.98533577,-0.55939037,-0.08386531,0.07185292,0.12193024,-0.9684746,0.027558923,0.5200968,-0.17408343,0.33007503,-0.06135513,0.039614115,0.22966659,-0.61313707
59,889,0.3206339,-0.27440113,-0.40548784,0.037196547,0.9960206,-0.09763687,0.5973003,0.42829564,-0.61165196,-0.44642997,0.30205736,-0.47467488,-0.087995365,-0.0042552124,-0.13965046,-0.033993557
59,896,-0.32449275,0.8688299,0.085034244,0.36959755,-0.38047898,-0.3056053,-0.42846087,-0.055935554,0.57343584,0.51742643,0.2640795,-0.36642963,1.0089258,-0.22138798,0.32607448,-0.05731432
59,904,0.8592326,0.2813935,0.010271445,0.17492892,0.033785596,0.40715712,0.13835213,-0.39455578,0.19304387,-0.05433777,0.3133015,0.3647827,-0.1144975,-0.111224756,-0.3542731,0.3243541
59,917,-0.10234837,-0.3086896,-0.4168989,0.08396307,-0.42894536,-0.15238693,-0.39126933,-0.6948767,0.12481148,0.062447704,-0.012924568,0.46262175,-0.14756902,0.17634735,0.11171692,-0.42539197
59,927,0.6194234,0.7907562,0.5275282,0.1880117,0.031208739,0.06890956,0.11365825,0.109233744,0.17983013,-0.034890175,0.28799382,0.03388091,0.32564798,-0.36890927,0.019287616,0.513897
59,942,-0.9347678,-0.9205711,-0.5235997,0.40750033,0.22848181,-0.734516,0.058725327,0.101050675,-0.52019346,0.1642584,0.58804387,-0.61554396,0.6570111,0.46186763,-0.02398476,-0.36980295
59,943,-0.35654718,-0.011358365,0.23597991,-0.45180452,-0.35312122,-0.4669947,-0.1888139,-0.1440241,-0.17947055,0.0017405301,-0.50169706,0.3407985,-0.057457164,0.009054558,0.61063665,-0.27776885
59,952,0.21811113,0.91397995,0.42940545,0.33463427,-0.17888847,-0.1738202,-0.19120166,0.106172904,0.35597694,0.11419657,0.2323542,-0.19523656,0.6802112,-0.4365858,0.3331703,0.25394815
59,992,0.61651236,-0.37200487,-0.49158418,0.7014178,-0.28353906,1.4434514,-0.612921,-0.2899564,0.596178,-0.7523174,-0.16282198,-0.6221171,-0.5520148,-0.58770347,0.017711088,-0.23292486
59,1010,0.28171432,-0.07689889,-0.2923671,0.08554216,0.8112282,-0.123166315,0.4626389,0.40816703,-0.44975418,-0.33817494,0.29540974,-0.5053648,0.08962541,-0.12406393,-0.028407082,-0.026718095
59,1016,0.8773552,0.5236225,0.5182616,0.15342523,0.08416699,0.41956568,0.2210485,0.07339698,0.11822918,-0.23632602,0.23267262,0.1419472,-0.05638723,-0.35990894,-0.18331316,0.6326848
59,1035,0.43378162,-0.06946866,0.56010634,0.120578706,-0.26419878,-0.12493062,0.061934263,-0.14987358,-0.041704997,-0.09179102,0.2752124,0.8082781,-0.16420572,0.069484055,-0.32531905,0.4998209
59,1051,-0.25563097,0.8955693,0.11411858,0.4243343,-0.3728243,-0.36686474,-0.44446322,-0.08276846,0.5341489,0.434874,0.29168576,-0.35610783,1.0248928,-0.275953,0.40744436,-0.06712754
59,1055,0.82013303,0.32218271,0.32372397,0.27796793,-0.003903389,0.67344606,0.030460775,0.033024527,0.22690883,-0.37652606,0.12383515,-0.0587941,-0.17719896,-0.43986073,-0.119710326,0.4590239
59,1056,-0.18437229,0.90501755,0.16985355,0.45103216,-0.3587814,-0.38598233,-0.4385307,-0.06436471,0.49933004,0.35527632,0.28590274,-0.35401917,1.0053549,-0.3407613,0.47024056,-0.048034683
59,1076,0.3537376,0.05423531,-1.0231891,-0.31397915,-0.14462991,-0.04859228,-0.10124385,-1.0807983,0.13776058,0.48695463,-0.056042112,0.44911462,-0.0047595054,0.19350028,0.14357026,-0.6797238
59,1112,0.31287706,-0.37549573,-0.50257736,0.03590314,1.1100163,-0.13509795,0.66355604,0.4067526,-0.7094506,-0.48521107,0.36584076,-0.47552192,-0.12976147,0.0766319,-0.20031407,-0.0643128
59,1117,0.274867,0.52976406,0.24258274,0.120433725,0.14087535,0.057699695,0.06376949,0.5473568,0.14482892,-0.078726664,0.0018442469,-0.62539524,0.48663473,-0.6849731,0.37326717,0.13761331
59,1126,-0.0068387464,-0.75714326,0.69548815,0.10291602,-0.59763986,-0.2998181,-0.030101016,0.057519767,-0.21204506,-0.21941103,0.10438153,0.88223106,-0.3698063,0.042341493,-0.20807645,0.43052852
59,1128,-0.06570365,-0.8990563,0.9615395,0.08983359,-0.63419676,-0.24730143,0.020873249,0.34974274,-0.30040103,-0.38443065,-0.0071717724,0.77234334,-0.46152055,-0.096130595,-0.12288144,0.58332646
59,1131,0.8773552,0.5236225,0.51826155,0.15342523,0.08416699,0.41956574,0.22104847,0.07339698,0.11822918,-0.23632593,0.23267265,0.14194721,-0.05638726,-0.359909,-0.18331322,0.6326849
59,1134,0.2443005,-0.02547656,-0.77988136,-0.19457328,-0.24687131,-0.15421022,-0.16758908,-0.9572263,0.1173361,0.3989296,0.0030255336,0.55556697,-0.011310682,0.22433704,0.09168739,-0.54776317
59,1142,-1.0640086,-0.81694114,-0.42349392,0.47989497,-0.06613066,-0.7912155,-0.1326745,-0.010149516,-0.33623874,0.34951228,0.5996154,-0.5647646,0.842213,0.46705148,0.046863616,-0.37735277
59,1147,-0.87641436,2.116498,-0.120373175,0.42708743,1.401585,-0.09774507,-0.8210199,-0.058230154,0.3193128,-1.0798672,-0.6563564,0.29826057,-1.3489416,1.4477137,-0.66391194,-0.6957789
59,1148,0.147607,0.59013194,0.22927698,0.19500388,0.012991682,-0.05418357,-0.0419859,0.4065115,0.23507689,0.06588491,0.10482985,-0.5805774,0.64244384,-0.604886,0.38860115,0.097077124
59,1152,0.7735698,0.7413672,0.56676453,0.13525218,0.1038533,0.16875094,0.2279675,0.10694802,0.117784865,-0.09189294,0.30456626,0.11895959,0.18876955,-0.35196784,-0.09757802,0.6130239
59,1157,0.76293355,0.022315606,0.05422443,0.4442025,-0.11004821,1.0513159,-0.21796367,-0.015430979,0.365811,-0.58846366,-0.029281918,-0.33864748,-0.370409,-0.5571581,-0.04673581,0.22541082
59,1164,0.218113,-0.39903635,-0.48470545,0.06704542,1.0170845,-0.16934222,0.59489375,0.38297713,-0.669272,-0.43577266,0.35520607,-0.47914225,-0.07332836,0.093179494,-0.1686914,-0.08524707
59,1171,0.147607,0.59013194,0.22927698,0.1950039,0.012991682,-0.05418357,-0.0419859,0.40651146,0.23507689,0.06588491,0.10482985,-0.5805773,0.6424438,-0.604886,0.38860115,0.097077124
59,1177,-0.4276325,-0.7394426,-0.50624925,0.24339764,0.6125845,-0.45120645,0.313784,0.26615846,-0.6128678,-0.14578716,0.42912748,-0.5661843,0.26721436,0.29749194,-0.087015435,-0.23590188
59,1190,0.33493948,0.8936689,0.45548087,0.29555827,-0.117974296,-0.10822811,-0.10735529,0.104492694,0.3097322,0.071374446,0.25425583,-0.13170722,0.58776855,-0.4197359,0.24641395,0.32598266
59,1195,0.11352705,0.92174166,0.40245795,0.36906865,-0.23543945,-0.23144367,-0.26544532,0.09725767,0.39462075,0.15376449,0.2166072,-0.24252097,0.7568786,-0.44083428,0.4025893,0.190159
59,1196,-0.9448903,0.4596175,0.6303091,0.104708955,0.18284662,-0.3708415,-0.5443131,0.22441673,-0.10220994,-0.7993792,-0.5047818,0.15683953,-0.7364273,0.5201001,0.1962567,-0.18777008
59,1199,0.18838023,-0.4183876,-0.492405,0.077064544,1.0029199,-0.18540923,0.5828317,0.37061608,-0.6697683,-0.42267078,0.3637577,-0.47936982,-0.05988659,0.11068814,-0.16897291,-0.094542995
59,1207,0.81423056,0.740382,0.61173505,0.12300131,0.10826765,0.19079801,0.25495932,0.116413794,0.10428636,-0.11452903,0.3046656,0.1557171,0.15498015,-0.35843167,-0.121866465,0.6616991
59,1218,-0.44524938,0.60256815,0.040562123,0.16371058,-0.37629437,-0.02151501,-0.30944425,0.09609385,0.6159518,0.68823594,0.10151646,-0.36824065,0.7876928,-0.05006139,0.052536905,0.028496802
59,1226,0.12252421,-0.49185455,-0.5456417,0.09772308,1.0199661,-0.23692651,0.5861464,0.34168434,-0.71001256,-0.4071961,0.4132995,-0.4895935,-0.037081063,0.17061836,-0.19102508,-0.12500386
59,1230,-0.0060070604,0.59021455,0.18918659,0.21537778,-0.11550133,-0.07499892,-0.12909031,0.30541837,0.3414688,0.23949039,0.13507304,-0.53650856,0.7211282,-0.48261467,0.33633497,0.06951657
59,1231,-0.52769923,-0.9067552,0.068834975,0.48989147,-0.7436293,-0.07482855,-0.67945063,-0.3408527,0.111232586,-0.4468186,-0.012599986,0.35780126,-0.41918004,0.048252556,0.09716475,-0.22955857
59,1233,0.46865898,-0.16251694,-0.8746777,-0.73047924,-0.11307092,0.04789594,0.20850223,-0.87316823,-0.072960064,0.4992445,-0.29110476,0.30505323,-0.0947745,-0.055413023,0.35721242,-0.58686644
59,1258,-0.08823618,-0.44006544,-0.19815005,0.23268715,-0.51416975,-0.22332658,-0.39559746,-0.61114407,0.10453508,0.013960034,0.14419726,0.6671145,-0.18537827,0.23833096,-0.08323735,-0.22407596
59,1262,-0.4553997,0.6093619,0.039162695,0.16752338,-0.38794556,-0.025431361,-0.31639314,0.0995854,0.6277072,0.6992373,0.1063224,-0.38640916,0.8124111,-0.066443995,0.06638196,0.022844858
59,1264,0.25791252,0.08181084,-0.22461756,0.14572635,0.6582112,-0.17154455,0.34241295,0.29870033,-0.32278413,-0.21532662,0.3505719,-0.4486735,0.21884304,-0.12583698,0.007873923,-0.016766682
59,1279,0.31715828,0.02933301,0.7399228,0.18777278,-0.34009612,-0.19389933,-0.038268223,-0.020099588,-0.022065014,-0.15219642,0.237909,0.7403836,-0.08770864,0.03182072,-0.2092621,0.55516726
59,1295,-0.70866305,-0.16832717,0.7358453,-0.37337798,-0.41434518,-0.5717428,-0.25603354,0.20064074,-0.3189066,-0.3246138,-0.575732,0.22815557,-0.2287326,-0.01728447,0.71941173,-0.07518454
59,1296,0.2646125,0.4942032,0.22439002,0.1047101,0.11602493,0.12344514,0.04941182,0.59520525,0.17716068,-0.09112385,-0.06843711,-0.69239134,0.46790773,-0.7419257,0.41000614,0.12148391
59,1301,0.2379661,-0.12372629,-0.25685346,0.07098965,0.7610336,-0.08974944,0.44176972,0.46803543,-0.43139452,-0.35293484,0.20741224,-0.5347162,0.07146697,-0.16010639,0.010866389,-0.026210763
59,1313,0.39938813,-0.1074896,-0.7537201,-0.68573713,-0.10791663,0.036300644,0.17866582,-0.7542819,-0.06511362,0.4520157,-0.31999964,0.23367967,-0.06737985,-0.070190094,0.3919129,-0.53722566
59,1315,-0.006838754,-0.75714326,0.69548815,0.102916,-0.59763986,-0.2998181,-0.030101016,0.057519756,-0.21204506,-0.21941106,0.10438153,0.88223106,-0.3698063,0.042341493,-0.20807645,0.43052858
59,1329,0.9462632,0.65128726,0.6477776,0.07098238,0.15679456,0.28386354,0.3583045,0.102774024,0.04244961,-0.1675771,0.30645457,0.26974744,0.0008806586,-0.32329595,-0.23812091,0.75662076
59,1330,-0.06910678,-0.5845317,-0.5337471,0.14847927,0.87862355,-0.30811018,0.4899571,0.3123467,-0.67684025,-0.31858283,0.4134509,-0.5105511,0.059298128,0.22184852,-0.1571782,-0.16255231
59,1345,0.9446493,0.33819428,0.18875226,0.066710025,0.08917512,0.24208064,0.297384,-0.37455243,0.07970764,0.0030088574,0.40096316,0.6025709,-0.11276282,-0.03900755,-0.45510533,0.48923582
59,1361,0.5418283,-0.15177988,0.28877503,0.06732783,-0.18555366,-0.03893636,0.14221361,-0.32242638,-0.028429449,0.006989114,0.30908173,0.8349331,-0.21236928,0.115901895,-0.43095568,0.38458806
59,1366,0.18006095,-0.05995196,-0.5438466,-0.6299493,-0.18527055,-0.12164581,0.04879743,-0.6450061,-0.084481284,0.34432042,-0.3768842,0.27822095,-0.05303149,-0.035356127,0.4757207,-0.52467763
59,1367,0.28775567,0.052681357,0.7883358,0.20591256,-0.36150393,-0.20610036,-0.063959464,0.01899504,-0.015460849,-0.17099126,0.22333829,0.71810305,-0.06869887,0.0152578335,-0.17637885,0.57010895
59,1375,0.28513193,0.00028952956,-0.86244506,-0.24025327,-0.21013072,-0.11423864,-0.13998483,-0.99588037,0.12279001,0.4301579,-0.020161077,0.5130744,-0.008485362,0.20896398,0.11291836,-0.5913664
59,1390,-0.11990003,-0.31291938,-0.37922776,0.104504645,-0.4345672,-0.15186977,-0.39960223,-0.6617002,0.12636103,0.04464761,-0.012656234,0.4483183,-0.14664836,0.17121238,0.11202988,-0.40448385
59,1391,-1.0872903,-0.42931527,-0.057492167,-0.85185975,-0.1513684,1.1815542,0.38207,0.85533655,0.7014427,1.5326148,-0.56409943,-0.3590008,-0.2399687,0.8765236,-1.4534531,0.56692535
59,1408,0.21950994,0.094777115,0.8868288,0.2519463,-0.4156199,-0.21858317,-0.12793985,0.11134049,0.009017155,-0.21565844,0.18178906,0.6539721,-0.030141085,-0.03519674,-0.09703417,0.5948732
59,1416,-0.36185706,0.055314884,0.06960829,-0.27593184,-0.11015813,0.64196545,0.10064492,0.7199787,0.49523395,0.61018485,-0.37462592,-0.6496016,0.18479285,-0.13958244,-0.27528608,0.2536868
59,1422,0.24430048,-0.025476545,-0.77988136,-0.19457331,-0.24687131,-0.15421021,-0.16758908,-0.9572263,0.11733611,0.3989296,0.0030255318,0.55556697,-0.011310682,0.22433704,0.09168739,-0.54776317
59,1425,0.8787297,0.70419264,0.65325576,0.093381956,0.13227539,0.23570904,0.30959636,0.13228734,0.071248665,-0.14684607,0.29871204,0.20513304,0.083241716,-0.35765946,-0.17038268,0.7219474
59,1441,-0.25563103,0.89556926,0.114118576,0.4243343,-0.3728243,-0.36686474,-0.4444632,-0.08276846,0.5341489,0.43487406,0.29168573,-0.35610783,1.0248929,-0.275953,0.4074444,-0.06712757
59,1451,-0.6759676,-1.0260292,0.17113848,0.5904079,-0.80654544,-0.024431154,-0.77987576,-0.234976,0.12628838,-0.59854376,-0.06040427,0.2374392,-0.48009735,-0.009000726,0.15645452,-0.22148232
59,1458,0.28766894,0.06437722,-0.24573873,0.1306182,0.7121498,-0.16133049,0.38148826,0.3137124,-0.3572322,-0.24441601,0.35713527,-0.452717,0.18667962,-0.12179027,-0.012211695,-0.013665877
59,1480,0.041711263,-0.40775985,0.39585012,0.1519646,-0.50415015,-0.35351545,-0.1272379,-0.22710803,-0.053038523,-0.0015517622,0.20559105,0.8670437,-0.15612476,0.1883873,-0.21789855,0.23164561
59,1482,0.6995617,0.051415116,-0.18775462,0.39738396,-0.10857796,0.7754477,-0.19048011,-0.3373856,0.36559248,-0.30331385,0.11269902,-0.059980482,-0.23948969,-0.28595904,-0.16744146,0.07997467
59,1483,0.2899239,-0.03907241,-0.2800542,0.10482216,0.76814795,-0.13265708,0.4289719,0.34090024,-0.41615307,-0.29516417,0.32361042,-0.44530302,0.09815617,-0.08034694,-0.047185466,-0.015435927
59,1484,-1.2389481,-0.6232134,-0.08715831,-1.0186727,-0.15364003,1.4285398,0.49018663,0.9423969,0.7711987,1.7486036,-0.676154,-0.349657,-0.42268062,1.0762377,-1.7515063,0.68241423
59,1486,0.27486703,0.52976406,0.24258275,0.12043374,0.14087538,0.057699695,0.06376949,0.54735684,0.14482892,-0.07872665,0.0018442422,-0.6253951,0.48663473,-0.6849731,0.37326714,0.13761331
59,1498,0.45620066,-0.083540425,0.48928928,0.10884708,-0.24094544,-0.10048265,0.07954162,-0.18800291,-0.035207704,-0.06515311,0.27871606,0.8001106,-0.17074685,0.07903378,-0.34464094,0.46698976
59,1504,0.57340205,0.8308002,0.52286154,0.21047066,0.0032587498,0.030917656,0.07269186,0.107273236,0.20726593,-0.015862003,0.2898225,0.0057967454,0.3849029,-0.3863521,0.0639122,0.48616332
59,1513,0.87872976,0.70419264,0.65325576,0.09338194,0.13227533,0.23570906,0.3095964,0.13228734,0.07124865,-0.14684607,0.29871207,0.20513304,0.083241716,-0.3576595,-0.17038268,0.7219474
59,1522,0.47508603,-0.085634485,-0.89358646,-0.5400589,-0.09463049,0.07179974,0.1317901,-0.8886094,0.017312482,0.49588352,-0.17398871,0.30787235,-0.056610003,0.018874563,0.23035893,-0.5516648
59,1526,-0.42595118,-0.755361,-0.5209972,0.23934273,0.6387877,-0.45498788,0.33080113,0.2748196,-0.632956,-0.15882476,0.43600467,-0.576082,0.26052758,0.29974893,-0.09334561,-0.2404403
59,1532,-0.31179738,-0.6996737,-0.51376104,0.20500405,0.71519655,-0.39827943,0.38132668,0.30803493,-0.64456695,-0.22050543,0.4074581,-0.5667814,0.19095632,0.25542676,-0.10144359,-0.21153323
59,1533,-1.0640086,-0.81694126,-0.42349392,0.479895,-0.066130675,-0.7912154,-0.1326745,-0.010149524,-0.33623874,0.34951228,0.5996154,-0.5647647,0.84221303,0.4670515,0.046863608,-0.37735277
59,1545,-0.07981113,-0.60750747,-0.54673225,0.14676803,0.8955092,-0.31519657,0.50130934,0.32123917,-0.69502753,-0.3268401,0.4183046,-0.52250326,0.05768566,0.2262366,-0.1609061,-0.1690977
59,1550,-0.30129462,-0.12746872,0.31503588,-1.3459544,-0.21073914,-0.33194888,0.2827447,0.14461528,-0.5338786,0.04093788,-1.1570207,-0.14062725,-0.14454721,-0.4723104,1.2980567,-0.385049
59,1562,0.20321004,0.1194782,-0.20942502,0.13396421,0.50393105,-0.035351083,0.24471793,0.39861533,-0.14757065,-0.16383176,0.19107346,-0.6358721,0.29646122,-0.32327542,0.15157339,-0.043848544
59,1569,0.2744149,0.07471688,-0.23985837,0.13785814,0.695769,-0.17104895,0.3679132,0.31010276,-0.34608662,-0.23331751,0.36066356,-0.45817006,0.20757262,-0.12828366,-0.0018173456,-0.01748015
59,1586,0.54887027,-0.67518824,-0.6768257,0.9025842,-0.39822698,1.9324704,-0.90141624,-0.19082832,0.75055635,-1.0771157,-0.38647953,-1.0721778,-0.77436477,-0.8252957,0.1769018,-0.43644595
59,1590,0.29108286,-0.6797191,0.540203,0.01878938,-0.4003995,-0.10593929,0.16109583,-0.026005596,-0.20579647,-0.17244984,0.15414546,0.87136555,-0.42554986,0.01870044,-0.3463643,0.4611438
59,1592,0.31159294,-0.3594485,-0.48280966,0.03764355,1.0810798,-0.12698832,0.64618915,0.4044299,-0.68756825,-0.47423702,0.351632,-0.46765786,-0.1252821,0.06886289,-0.19095638,-0.057846338
59,1611,0.23069571,0.104438975,-0.21797739,0.1354602,0.5693713,-0.08151504,0.28594783,0.36451346,-0.21670048,-0.19033404,0.2477886,-0.5681643,0.26088873,-0.2520828,0.09696156,-0.033861235
59,1617,-0.30129462,-0.12746869,0.31503594,-1.3459547,-0.21073914,-0.33194894,0.28274474,0.14461528,-0.5338787,0.040937886,-1.1570206,-0.14062725,-0.14454724,-0.4723104,1.2980567,-0.38504893
59,1618,-0.446908,-0.16718332,-0.08830245,-0.26915395,-0.1432489,0.74904287,0.11905417,0.66444916,0.54616237,0.71860486,-0.3814966,-0.751947,0.14866218,-0.06722295,-0.3238601,0.21386561
59,1620,0.26419324,-0.03549847,-0.83756965,-0.22909033,-0.24411905,-0.15227978,-0.15721522,-1.0087999,0.11161381,0.41816622,-0.0028932728,0.57541585,-0.021688268,0.22725977,0.09681609,-0.58393794
59,1622,-0.83335716,-0.23041596,-0.024030283,-0.6265524,-0.14511141,0.93598187,0.2555863,0.77866596,0.6181494,1.1952069,-0.46684483,-0.45233488,-0.04295157,0.5187984,-1.0066657,0.42443597
59,1626,0.036852915,0.018661618,-0.36203754,-0.5130803,-0.20917094,-0.1916863,-0.049687132,-0.5115721,-0.062074974,0.25941825,-0.38408023,0.24858992,-0.018242747,-0.008189933,0.49364325,-0.46508658
59,1635,0.5356916,0.10020695,0.77272946,0.115927294,-0.18944219,0.015548084,0.12274665,0.10762942,-0.03765291,-0.20957674,0.1978913,0.60670775,-0.14964707,-0.11374957,-0.2304481,0.6733172
59,1645,0.10678062,0.9408545,0.40298814,0.37569934,-0.24025898,-0.24370131,-0.27344728,0.0948239,0.40185788,0.15915409,0.22415115,-0.25145352,0.7792461,-0.45160443,0.41429234,0.18518393
59,1649,0.32229787,0.01783973,-0.29386628,0.110599086,0.8069887,-0.15711355,0.44664305,0.33060208,-0.42411876,-0.29141545,0.37855512,-0.45993966,0.1365553,-0.09998305,-0.05037494,-0.016918205
59,1652,-0.06570365,-0.8990563,0.9615395,0.0898336,-0.63419676,-0.24730144,0.020873263,0.34974274,-0.30040103,-0.38443065,-0.0071717724,0.77234334,-0.4615205,-0.09613058,-0.12288144,0.5833265
59,1655,-0.69929355,-0.85747635,-0.5177,0.32737765,0.41882294,-0.59215695,0.18613982,0.18547958,-0.5753179,0.008922793,0.50178915,-0.58977795,0.45002776,0.39402834,-0.060989022,-0.3045994
59,1673,-1.0902989,-0.52027375,-0.10386388,-0.84123653,-0.19014087,1.2665569,0.38257188,0.8718753,0.7487216,1.5519422,-0.5989987,-0.46876937,-0.24159451,0.80552334,-1.4079497,0.5534737
59,1688,0.8803336,0.20436667,0.3948307,0.031078562,0.042575255,0.20335484,0.31600603,-0.19756094,-0.0037565976,-0.08125411,0.33520672,0.64278454,-0.18876319,-0.069802545,-0.43294665,0.5947782
59,1701,0.6033263,-0.39265752,0.08464703,-0.009532541,-0.18239605,0.00909419,0.23467556,-0.44503814,-0.07003699,0.064149246,0.32715377,0.9396411,-0.33425307,0.1538905,-0.5433315,0.29940924
59,1711,0.50309503,0.8623227,0.513547,0.23727317,-0.03682512,-0.015069105,0.016802907,0.10948321,0.24081385,0.008932769,0.28149512,-0.033099268,0.45268178,-0.4025431,0.1229379,0.44477952
59,1726,0.50309503,0.86232275,0.51354694,0.23727317,-0.03682512,-0.015069104,0.016802892,0.10948321,0.24081385,0.008932769,0.28149515,-0.03309927,0.45268178,-0.4025431,0.1229379,0.44477946
59,1728,0.15022428,-0.25558317,-0.3228882,0.07060906,-0.4067579,-0.29594547,-0.21758355,-0.74537224,0.07193762,0.2461728,0.21821757,0.848643,-0.091157034,0.3196968,-0.18281952,-0.20865668
59,1737,0.4585095,0.014378056,-1.0694382,-0.47948903,-0.07883494,0.048582386,0.03909883,-1.0522126,0.08402272,0.5280519,-0.13636309,0.3540635,-0.035841256,0.10365436,0.20074552,-0.6789806
59,1741,0.062069096,0.003207013,-0.40634942,-0.54794455,-0.20568548,-0.18250233,-0.030486763,-0.5465663,-0.070001885,0.27800262,-0.39044783,0.25695926,-0.026567146,-0.014510144,0.49992216,-0.48802435
59,1754,0.67423165,-0.29253858,-0.06455721,-0.0057778656,-0.11835787,0.051586803,0.23656958,-0.55964667,-0.016258419,0.13625331,0.36381474,0.91565084,-0.29044652,0.18733196,-0.5782738,0.2348749
59,1756,-1.0587333,-0.83582556,-0.44186902,0.47506672,-0.032613173,-0.7934676,-0.111710034,-0.0024023466,-0.36070073,0.3329609,0.6072763,-0.5727619,0.8289429,0.4731234,0.03681989,-0.38120306
59,1757,0.35373753,0.05423531,-1.0231891,-0.3139791,-0.14462991,-0.04859228,-0.10124384,-1.0807981,0.13776058,0.4869547,-0.056042112,0.44911462,-0.004759535,0.1935003,0.14357026,-0.6797237
59,1767,-0.006344497,-0.7813206,0.7242598,0.097196996,-0.596177,-0.28104633,-0.015853077,0.09795198,-0.22491805,-0.24192227,0.08689709,0.8601918,-0.38712293,0.019208303,-0.20008203,0.45206147
59,1769,0.24696316,0.48920482,0.21673375,0.105777636,0.096264675,0.1378314,0.032378912,0.611789,0.19784884,-0.08773191,-0.093039945,-0.7264656,0.47861618,-0.76805943,0.4349066,0.106595404
59,1780,-0.8836725,-0.41666138,-0.12583737,-0.67909217,-0.17048036,1.1730756,0.30818024,0.86712414,0.7200727,1.283428,-0.5810071,-0.6578917,-0.11538349,0.44684216,-1.0316122,0.43705136
59,1781,0.21950996,0.09477712,0.8868287,0.2519463,-0.4156199,-0.21858317,-0.12793985,0.1113405,0.009017184,-0.21565844,0.18178906,0.65397197,-0.030141085,-0.03519674,-0.09703417,0.59487325
59,1782,0.8917881,0.67970544,0.6379979,0.088714436,0.1375276,0.25046843,0.31933552,0.11486085,0.06472562,-0.14763384,0.29853216,0.22311924,0.056951627,-0.33795053,-0.19105217,0.72196877
59,1793,0.8803336,0.20436667,0.39483076,0.031078577,0.042575255,0.20335485,0.31600603,-0.19756094,-0.0037565976,-0.081254095,0.33520675,0.6427844,-0.18876319,-0.069802545,-0.43294665,0.5947782
59,1799,0.0037332065,0.9462566,0.36511755,0.41301256,-0.29168174,-0.30701292,-0.3430035,0.0746752,0.43715298,0.20426953,0.2231068,-0.3088433,0.8685984,-0.46352232,0.4822607,0.11309185
59,1805,-0.30782557,-0.66747826,-0.06340447,0.36024582,-0.6284366,-0.15523133,-0.5362544,-0.4781332,0.107308865,-0.21215527,0.06840122,0.51835877,-0.29889077,0.1473584,0.0046143085,-0.22565936
59,1809,-0.19370581,-0.61927915,-0.48880875,0.1785252,0.74545914,-0.3362165,0.4052406,0.3076148,-0.6231298,-0.2523297,0.38071188,-0.52344453,0.12779823,0.22691788,-0.1134831,-0.17528744
59,1813,-0.41072363,0.65883225,0.026081234,0.21760663,-0.36263728,-0.09808403,-0.33845007,0.027311597,0.5908342,0.63736236,0.14773217,-0.33859372,0.8193333,-0.050640106,0.098797604,-0.005420089
59,1824,-0.39861852,0.7234982,0.03141944,0.26133734,-0.36975306,-0.16248815,-0.3684131,-0.0062750056,0.5909735,0.61564726,0.18882741,-0.34653485,0.883813,-0.08754633,0.15601806,-0.028055757
59,1825,0.06197576,-0.29503578,-0.12323679,0.13325337,-0.4875753,-0.38616997,-0.25984028,-0.6555989,0.047453225,0.17254013,0.24197994,0.93469536,-0.09709807,0.32977605,-0.19591004,-0.119697675
59,1826,0.0839436,-0.2954625,-0.19152488,0.11572528,-0.47654468,-0.37560433,-0.2558612,-0.7070011,0.052062005,0.19482839,0.24432315,0.9433391,-0.10265641,0.33956903,-0.20132944,-0.1557013
59,1828,-0.17614262,-0.6282149,-0.50552315,0.16996846,0.7854063,-0.33470225,0.43148023,0.31989247,-0.64736253,-0.27391475,0.38808018,-0.5331298,0.11339413,0.22412044,-0.12244588,-0.17741112
59,1837,0.30061883,-0.08511771,-0.6765173,-0.6712884,-0.14483944,-0.038164392,0.11872715,-0.7202223,-0.07462148,0.40911776,-0.351379,0.25552875,-0.059531048,-0.05557979,0.44013146,-0.5470939
59,1840,-0.21985976,-0.10358171,0.23270741,-1.3079135,-0.1821911,-0.26327956,0.2969842,0.11287347,-0.48825526,0.08590746,-1.1109887,-0.17876004,-0.11301516,-0.47623983,1.253197,-0.38945562
59,1842,-0.07123436,-0.8815557,0.93839663,0.09804641,-0.62941676,-0.24000983,0.010116696,0.34121796,-0.2874341,-0.37585634,-0.010545506,0.7478696,-0.4477201,-0.09571177,-0.11387876,0.566602
59,1843,0.2563988,0.06835853,0.83780986,0.23032102,-0.39534158,-0.22288553,-0.09809142,0.047464136,-0.00520204,-0.1927466,0.21422929,0.71258116,-0.05408652,-0.0008394965,-0.14875853,0.58325744
59,1858,0.19869868,0.5774893,0.24225244,0.18013418,0.0610293,-0.03553124,-0.008798748,0.4380573,0.19461493,0.009023115,0.08319427,-0.57549536,0.5868277,-0.62003165,0.3821258,0.11271605
59,1866,-0.32914704,0.08916877,0.07670491,-0.26264608,-0.09381831,0.62768674,0.10095647,0.7504932,0.48699945,0.5645449,-0.37482184,-0.70054877,0.21835648,-0.22113788,-0.21321425,0.23995511
59,1868,-0.5301516,-0.03802426,0.5187401,-0.3819974,-0.36728364,-0.5055072,-0.22666898,0.07886786,-0.22679777,-0.15656243,-0.5408812,0.24314429,-0.10650773,-0.012178345,0.66235256,-0.150461
59,1870,0.38340944,0.07195548,-1.0807993,-0.3917144,-0.11010228,-0.014532986,-0.060961343,-1.0959042,0.12475702,0.51080513,-0.10649261,0.3971302,-0.007827088,0.1617574,0.19262838,-0.72041243
59,1872,0.21131863,0.56737846,0.2418715,0.16973175,0.07649486,-0.021072544,0.004762262,0.4566916,0.18407598,-0.0053724498,0.07023866,-0.5832962,0.5688711,-0.6284405,0.37882942,0.11641954
59,1873,-0.8834698,1.8048393,0.02942285,0.14787912,1.0895485,-0.24698025,-0.72121817,-0.0039169528,0.18014371,-0.9177164,-0.72431225,0.25244588,-1.0852011,1.1681125,-0.2736429,-0.63475335
59,1877,0.2801789,-0.71900624,0.57287496,0.014777273,-0.41740853,-0.111254625,0.16534498,-0.0037549436,-0.2234879,-0.19482152,0.14701779,0.88775253,-0.44780725,0.00986794,-0.34717596,0.47886235
59,1906,0.5619766,-0.16762666,0.27443826,0.058990702,-0.182196,-0.03528952,0.15546381,-0.3442593,-0.03383413,0.010286227,0.32058057,0.8633458,-0.22730778,0.12258631,-0.45359328,0.38489556
59,1913,-0.89537615,1.9970983,-0.090294465,0.4448221,1.3414756,-0.075750574,-0.8228076,-0.053332053,0.30981568,-1.099492,-0.64328957,0.27884948,-1.3554981,1.4056545,-0.6455312,-0.68565536
59,1926,-0.4132644,0.72602916,0.030290231,0.2545844,-0.37631094,-0.15533061,-0.36868304,0.0023062564,0.6028738,0.63327277,0.18670556,-0.35785455,0.8947819,-0.09044361,0.15122849,-0.026626945
59,1927,-1.2247927,-0.60460925,-0.09098895,-0.98296183,-0.17457072,1.3876333,0.46229565,0.923147,0.7720805,1.72599,-0.6527536,-0.37308025,-0.36913204,1.029312,-1.6840907,0.6527447
59,1968,0.36362296,0.08106451,-1.0540196,-0.3527245,-0.11900945,-0.02725033,-0.0842502,-1.0820211,0.13555028,0.4979971,-0.089725755,0.4055857,-0.0009971261,0.175651,0.1771299,-0.705308
59,1973,-0.11800593,-0.6235218,-0.53759956,0.1547191,0.86284953,-0.32522386,0.48068166,0.32286003,-0.6850188,-0.3106367,0.41039068,-0.5300203,0.07691735,0.22829768,-0.14929658,-0.17461018
59,1977,0.5884604,-0.18054296,0.123034924,0.05162829,-0.1540361,-0.0018628589,0.16498405,-0.4340098,-0.007695362,0.06838289,0.3332059,0.85020655,-0.2251556,0.15026338,-0.4827743,0.30452406
59,1979,0.27167684,-0.020072058,-0.8199553,-0.2219604,-0.22888738,-0.12966895,-0.14618123,-0.9734472,0.11756801,0.41703433,-0.008522582,0.5310854,-0.010151401,0.21078946,0.10297013,-0.56489
59,1982,0.77356994,0.7413672,0.56676453,0.13525218,0.1038533,0.16875094,0.2279675,0.10694802,0.11778486,-0.09189288,0.3045663,0.11895959,0.18876955,-0.35196784,-0.097578034,0.6130238
59,1990,-0.18186499,-0.068212524,0.18070179,-1.2632825,-0.15753967,-0.22489631,0.28967115,0.09112832,-0.45014256,0.10767409,-1.0757564,-0.20281789,-0.09373705,-0.46388513,1.2146064,-0.39496768
59,1994,0.45175773,-0.1498516,-0.81507427,-0.70069546,-0.11052949,0.052027404,0.20355171,-0.81474835,-0.068203256,0.48002577,-0.28995088,0.27571285,-0.084315106,-0.062894024,0.3551606,-0.5482386
59,1995,0.3656863,0.08259351,-1.0424672,-0.3652249,-0.11302926,-0.018828833,-0.07287732,-1.0626687,0.13043958,0.4967394,-0.10252124,0.38501632,0.00056281686,0.16229889,0.19007796,-0.69860524
59,2003,-0.0031099506,-0.5478989,-0.5341767,0.13096923,0.9243248,-0.28301352,0.5206953,0.32543796,-0.68476045,-0.34957755,0.4100548,-0.50595075,0.029034868,0.19801612,-0.16423142,-0.1497602
59,2006,-0.13105127,0.56642747,0.16837355,0.24294971,-0.23423856,-0.087492295,-0.2190335,0.24678814,0.42194274,0.3382719,0.11453618,-0.5222567,0.7659379,-0.41533798,0.34056318,0.03150128
59,2008,0.3152176,-0.22608037,-0.3514778,0.03361228,0.9330496,-0.071097024,0.5624047,0.46621233,-0.557434,-0.43437928,0.24890824,-0.5025822,-0.058224246,-0.07404666,-0.088921204,-0.023039863
59,2011,0.7499232,0.13472392,0.5372867,0.036571667,-0.02002956,0.1449909,0.27076364,-0.04728967,-0.037415534,-0.12568282,0.2625789,0.6025844,-0.19054364,-0.086970925,-0.3544927,0.63016045
59,2012,-0.36249268,0.0026756525,0.3096469,-1.2751215,-0.14062281,-0.3507262,0.2095787,0.13977829,-0.49659204,-0.017159387,-1.1405308,-0.12765081,-0.1791303,-0.37590376,1.2436057,-0.40815592
59,2022,0.051182833,0.35641268,0.14371547,0.07084295,-0.06799586,0.27631885,-0.056167804,0.64067346,0.35155693,0.077589095,-0.22765222,-0.82479525,0.47563595,-0.7282505,0.4145103,0.058926057
59,2031,-0.92934275,-0.60607004,-0.3091638,0.4748685,-0.18933009,-0.7081351,-0.2085869,-0.066469885,-0.18410073,0.39693272,0.5435573,-0.461245,0.834859,0.40793157,0.07683638,-0.3115976
59,2034,0.6738001,-0.23964633,-0.027567178,0.018795237,-0.12694639,0.031008687,0.21290278,-0.569837,-0.006452158,0.1198969,0.38158414,0.9388218,-0.27245653,0.19218153,-0.57753706,0.25166556
59,2043,-0.41927356,-0.68137914,-0.08505927,0.3307168,-0.6371879,-0.11669657,-0.5886799,-0.44654095,0.10923742,-0.27873266,-0.046801157,0.3632328,-0.3136623,0.08074329,0.14917843,-0.31600457
59,2058,-0.9437269,1.8370895,0.009299204,0.39421052,1.2268451,-0.12563482,-0.8049518,-0.01325386,0.2518088,-1.0992663,-0.6500911,0.26835227,-1.3178241,1.322311,-0.53801334,-0.63762945
59,2059,-1.2247927,-0.6046094,-0.09098898,-0.9829617,-0.17457072,1.3876334,0.46229565,0.92314696,0.7720806,1.72599,-0.65275353,-0.3730802,-0.36913204,1.029312,-1.6840909,0.6527447
59,2080,0.3206339,-0.27440113,-0.40548784,0.037196547,0.9960206,-0.09763687,0.5973003,0.4282956,-0.611652,-0.44643003,0.3020574,-0.47467482,-0.087995395,-0.004255216,-0.1396505,-0.033993542
59,2081,0.8917881,0.67970544,0.6379979,0.08871445,0.13752757,0.25046843,0.31933552,0.114860855,0.06472561,-0.14763384,0.29853216,0.22311924,0.056951642,-0.3379505,-0.1910522,0.7219687
59,2106,0.319898,-0.23567931,-0.36532128,0.035239577,0.9475352,-0.076790035,0.5701973,0.45096546,-0.56927115,-0.43501878,0.26441938,-0.48978227,-0.06777792,-0.052029215,-0.10472754,-0.02428557
59,2107,0.22800474,-0.1784318,-0.2862684,0.059554607,0.80961496,-0.09258934,0.4752218,0.49706087,-0.47550446,-0.38647777,0.20375143,-0.56047404,0.048777834,-0.15559722,0.0024568588,-0.03901732
59,2110,-0.52916175,0.58975255,0.317196,-0.54065174,0.15915887,-0.34804583,-0.19855498,0.1350762,-0.17511241,-0.2863269,-0.7758152,0.0022225603,-0.3064742,0.16752991,0.64680517,-0.3384102
59,2123,-0.68487585,-0.135347,0.004411891,-0.5224357,-0.13211137,0.85439295,0.20983604,0.7780219,0.58643603,1.0113702,-0.4459954,-0.53641146,0.03499177,0.29035556,-0.76887894,0.3697614
59,2124,-0.9347678,-0.9205712,-0.52359974,0.4075003,0.22848184,-0.734516,0.058725357,0.101050675,-0.52019346,0.16425842,0.58804387,-0.615544,0.65701115,0.46186766,-0.02398476,-0.36980295
59,2131,0.3286206,-0.26651388,-0.40188855,0.027553916,1.010504,-0.087988175,0.60985893,0.46368504,-0.61522865,-0.46293873,0.28768474,-0.5080101,-0.08183493,-0.04299948,-0.122621566,-0.03470646
59,2134,0.81141245,0.17362626,0.44674695,0.03588137,0.014736667,0.17710808,0.28967288,-0.13067117,-0.014257804,-0.09455541,0.29754713,0.61047435,-0.18277754,-0.075470716,-0.39016977,0.5989142
59,2138,-0.7690788,-1.0986727,0.22586277,0.6365001,-0.8497521,-0.027393783,-0.8357356,-0.20094803,0.1249825,-0.6746048,-0.076496586,0.21454258,-0.52018946,-0.018038379,0.1762221,-0.22226553
59,2143,0.5884604,-0.18054299,0.12303493,0.051628277,-0.1540361,-0.0018628589,0.16498408,-0.4340098,-0.007695362,0.06838289,0.33320588,0.85020655,-0.2251556,0.15026337,-0.4827743,0.30452406
59,2149,0.87159204,0.68918633,0.6429687,0.09353037,0.13103266,0.23737878,0.3068621,0.12785383,0.06986314,-0.14420511,0.29418194,0.20553495,0.0762316,-0.34695855,-0.17292958,0.71402454
59,2156,0.32726735,-0.35526204,-0.48045504,0.026051283,1.1056111,-0.11871523,0.66585374,0.43330994,-0.6999903,-0.4936456,0.34451964,-0.48727316,-0.13070966,0.04341569,-0.18620345,-0.054522246
59,2163,0.10429218,-0.11988102,-0.6260152,-0.083265066,-0.31458995,-0.16691811,-0.2533594,-0.84914917,0.119893774,0.27358764,0.0020816196,0.5265016,-0.05585681,0.2152064,0.09371033,-0.49149382
59,2166,-0.2753269,0.8812095,0.10174283,0.40919676,-0.37459856,-0.34879863,-0.44037566,-0.0789103,0.54322875,0.45682663,0.28280059,-0.35591692,1.0151068,-0.25485098,0.38254672,-0.06690751
59,2177,0.2161292,-0.41539115,-0.50216305,0.065643534,1.0422239,-0.17769212,0.610136,0.38700348,-0.6894639,-0.44540352,0.36746332,-0.48859507,-0.07554196,0.0990911,-0.1758995,-0.09174979
59,2179,0.32302678,0.015945613,-0.3021109,0.104136854,0.8391549,-0.16476667,0.46739662,0.36216274,-0.44419307,-0.31067556,0.38342083,-0.49584037,0.14872763,-0.12860581,-0.040365726,-0.023987696
59,2198,-0.30129462,-0.12746869,0.3150359,-1.3459544,-0.21073914,-0.33194894,0.2827447,0.14461528,-0.5338787,0.040937886,-1.1570207,-0.14062726,-0.14454724,-0.4723104,1.2980567,-0.385049
59,2200,0.15250185,0.914423,0.41554812,0.35467795,-0.2139224,-0.20781808,-0.23667145,0.1047464,0.37824494,0.13657075,0.21795714,-0.22360532,0.7228594,-0.4382464,0.37636685,0.21612534
59,2202,0.00063189864,-0.57293946,0.5277476,0.1442753,-0.5532351,-0.31639308,-0.09754345,-0.084930785,-0.116508916,-0.1061202,0.14815897,0.83536065,-0.25000232,0.108846754,-0.1983484,0.31656504
59,2226,-0.06459275,-0.8500463,0.88154894,0.10405329,-0.6189793,-0.23972888,-0.0037460476,0.29326296,-0.2654466,-0.344621,0.0030509494,0.74469596,-0.42557067,-0.07579919,-0.12145421,0.5334389
59,2227,-0.5301516,-0.038024247,0.5187401,-0.3819974,-0.36728364,-0.50550723,-0.22666898,0.07886786,-0.22679777,-0.15656243,-0.54088116,0.24314432,-0.10650773,-0.012178345,0.66235256,-0.150461
59,2228,0.11500146,-0.48089153,-0.53140587,0.10312724,0.99006075,-0.23474438,0.56660455,0.33148298,-0.6897364,-0.3920018,0.40590635,-0.4791364,-0.029610038,0.17188871,-0.18477592,-0.12156476
59,2243,0.6835821,0.75875217,0.54343784,0.16226244,0.06463614,0.1142611,0.16541055,0.11317872,0.14907897,-0.06020777,0.29060078,0.06850523,0.260926,-0.35938922,-0.032653406,0.55550456
59,2271,-0.0678807,-0.30489326,-0.4898454,0.046052247,-0.41972876,-0.15366949,-0.37544668,-0.76096004,0.12163834,0.09627572,-0.010901998,0.49391186,-0.15131496,0.1873378,0.10792311,-0.46482676
59,2289,0.71106803,0.74752545,0.54869986,0.15264371,0.078134045,0.13294573,0.18611068,0.11172955,0.13745332,-0.07033335,0.29321083,0.08437911,0.23457342,-0.35439414,-0.054832757,0.5723878
59,2294,0.32302684,0.015945598,-0.3021109,0.104136854,0.8391549,-0.16476667,0.46739668,0.3621627,-0.44419307,-0.31067556,0.38342083,-0.49584037,0.14872763,-0.12860583,-0.040365726,-0.023987696
59,2310,0.36658227,-0.0254291,0.6661806,0.14837375,-0.29775682,-0.15362662,0.016533747,-0.053519703,-0.037163615,-0.12636943,0.24145506,0.7476523,-0.12605335,0.0403503,-0.25287554,0.53521436
59,2311,0.3136834,-0.32332367,-0.44563562,0.03202547,1.0535804,-0.11350931,0.6326067,0.43852255,-0.6607623,-0.47329563,0.32226866,-0.49154,-0.10388358,0.015290251,-0.15824431,-0.049274936
59,2317,-1.1876485,-0.57761264,-0.100558564,-0.9388773,-0.183102,1.3524112,0.43490803,0.9121867,0.7709405,1.6753987,-0.63750386,-0.41800052,-0.31950074,0.9486134,-1.5904124,0.61615026
59,2321,0.27420434,-0.0076168776,-0.83779424,-0.23091078,-0.21972741,-0.12434542,-0.14533359,-0.9824635,0.119797975,0.42139328,-0.016363475,0.5220288,-0.009344459,0.21066283,0.10984915,-0.57855326
59,2345,0.35928077,0.08764044,-1.0523058,-0.32753944,-0.12066795,-0.030776983,-0.09759074,-1.0857284,0.14528167,0.49478817,-0.07402812,0.4147429,0.0014802814,0.1885307,0.1597673,-0.7010102
59,2346,-1.0251328,-0.73012054,-0.37060958,0.48513746,-0.14604776,-0.7640235,-0.18055403,-0.049031086,-0.2600432,0.38939762,0.5818317,-0.51262116,0.85377324,0.45370728,0.059469044,-0.35272968
59,2357,0.2443005,-0.02547653,-0.7798813,-0.19457328,-0.2468713,-0.15421022,-0.16758908,-0.9572264,0.11733611,0.3989296,0.0030255318,0.55556697,-0.011310682,0.22433706,0.09168738,-0.5477632
59,2364,-0.4066401,0.6358036,0.029052407,0.20518413,-0.35704988,-0.07945792,-0.32674223,0.037995048,0.584261,0.6359371,0.13477826,-0.33085757,0.79177016,-0.038976595,0.08146205,0.0046230927
59,2377,-0.9277733,2.1211329,-0.09047668,0.27276832,1.3443497,-0.18962942,-0.8185153,-0.04921919,0.26879427,-1.046123,-0.7322433,0.2772243,-1.2648252,1.3893839,-0.47806564,-0.72950304
59,2379,0.9285518,0.6409468,0.6334812,0.07310791,0.15322731,0.2801236,0.3491069,0.102132425,0.045547754,-0.15975477,0.29897535,0.2582934,0.0055092573,-0.31747925,-0.23055571,0.74044585
59,2390,-1.0251328,-0.7301205,-0.37060964,0.48513746,-0.14604776,-0.7640235,-0.18055403,-0.049031094,-0.2600432,0.38939762,0.5818317,-0.5126211,0.85377324,0.4537073,0.059469044,-0.35272974
59,2394,0.42958474,-0.07103203,0.59229076,0.123953044,-0.27630997,-0.13558777,0.058235303,-0.13737303,-0.047600046,-0.105897695,0.2766605,0.82417905,-0.16798829,0.06553796,-0.3239018,0.51690036
59,2395,0.061975762,-0.29503578,-0.12323676,0.13325337,-0.4875753,-0.3861699,-0.25984028,-0.6555988,0.047453225,0.17254014,0.24197994,0.93469536,-0.09709807,0.32977602,-0.19591007,-0.11969769
59,2403,0.39084768,0.0691157,-1.0704089,-0.3948118,-0.103641964,-0.0045828084,-0.04982072,-1.0812296,0.12188177,0.5095989,-0.10787946,0.3871945,-0.01027368,0.15552667,0.1893175,-0.70819706
59,2406,0.2234808,0.56090945,0.24436952,0.1609391,0.09325315,-0.012222797,0.018417984,0.4738731,0.17072544,-0.0209281,0.060614355,-0.5877481,0.5532077,-0.6353906,0.37519127,0.1211597
59,2409,0.31464058,0.029900834,0.76898354,0.1920156,-0.3522867,-0.20331334,-0.04289961,-0.011243142,-0.025935322,-0.16530965,0.24009065,0.75700015,-0.090360895,0.027752994,-0.20872566,0.57071155
59,2414,0.30865228,0.9031589,0.448236,0.30557588,-0.13108657,-0.12500107,-0.12698999,0.10423912,0.3214216,0.082041755,0.25135347,-0.14851867,0.6129816,-0.42570755,0.26763242,0.30781606
59,2415,-0.9138068,0.028966129,0.8020442,0.030861542,-0.1442171,-0.42352957,-0.45617023,0.28906205,-0.19661896,-0.6820436,-0.4412978,0.11315583,-0.53634226,0.26389515,0.40922952,-0.043911517
59,2418,0.15022428,-0.2555831,-0.3228882,0.07060906,-0.4067579,-0.29594547,-0.21758355,-0.7453722,0.07193762,0.24617279,0.21821757,0.84864295,-0.091157034,0.3196968,-0.18281949,-0.20865665
59,2435,0.18755585,-0.39724904,-0.46807158,0.07850565,0.970115,-0.17586969,0.56295747,0.37133738,-0.6438669,-0.41161376,0.34578177,-0.4734596,-0.052939847,0.09680355,-0.15535405,-0.087368995
59,2440,0.050434537,-0.39834255,0.33141398,0.14805913,-0.51705784,-0.39412856,-0.14820537,-0.3246281,-0.045454517,0.029148668,0.23977007,0.95453763,-0.1534086,0.23750895,-0.24638271,0.18505345
59,2445,-0.2198598,-0.10358168,0.23270741,-1.3079138,-0.1821911,-0.26327956,0.2969842,0.11287348,-0.48825532,0.08590746,-1.1109887,-0.17876002,-0.11301513,-0.4762398,1.2531968,-0.38945562
59,2446,-0.7693783,1.286045,0.18081143,-0.15329862,0.6987123,-0.32168323,-0.5103247,0.060648978,0.003494501,-0.6846777,-0.7618182,0.17196985,-0.78645694,0.763237,0.1271255,-0.52537113
59,2450,0.42287272,0.87678385,0.49441057,0.26215875,-0.07578667,-0.056299157,-0.040872186,0.12028873,0.2729461,0.033890717,0.26289174,-0.08587609,0.5166105,-0.42023173,0.18645161,0.39142662
59,2457,0.07467583,-0.27367365,-0.15272133,0.13057618,-0.46699232,-0.3632924,-0.25489083,-0.6578603,0.058118567,0.18399867,0.23493747,0.8980188,-0.08705799,0.3235752,-0.18822232,-0.13183604
59,2460,-0.16798963,-0.061868727,0.17093965,-1.1896262,-0.16321656,-0.21750623,0.26431397,0.07701097,-0.41772634,0.11196934,-1.0185461,-0.18369381,-0.080929145,-0.43625984,1.156631,-0.3762005
59,2474,0.10429218,-0.11988105,-0.62601525,-0.083265066,-0.31458995,-0.16691811,-0.2533594,-0.8491491,0.119893774,0.27358764,0.0020816196,0.5265016,-0.05585681,0.2152064,0.09371033,-0.49149376
59,2482,-1.0706667,-0.5047318,-0.121370986,-0.82768124,-0.18690994,1.2714256,0.37343985,0.88700825,0.7582865,1.5248413,-0.6066244,-0.5248281,-0.215111,0.7401616,-1.3536364,0.5311486
59,2488,0.28171432,-0.07689889,-0.2923671,0.08554216,0.8112283,-0.12316632,0.46263885,0.40816712,-0.44975418,-0.33817494,0.29540974,-0.5053648,0.08962541,-0.12406393,-0.028407082,-0.026718095
59,2520,-0.99340975,-0.4656024,-0.12711374,-0.764473,-0.18212645,1.2315162,0.34372717,0.87952733,0.7465107,1.4259171,-0.59547585,-0.5882317,-0.16702916,0.6114949,-1.2143933,0.48831093
59,2543,0.27271676,-0.091674194,-0.27168584,0.06847921,0.80809385,-0.1014752,0.4694335,0.4677793,-0.4502585,-0.36194175,0.24647798,-0.54412115,0.08300766,-0.17177704,9.23574e-05,-0.024176657
59,2547,-0.8993979,-0.26027322,-0.041337788,-0.6883959,-0.13962385,0.9928288,0.2841653,0.80636376,0.6405887,1.2775824,-0.49139342,-0.44294643,-0.076214895,0.5988147,-1.112878,0.4502005
59,2550,-0.93119895,-0.2193474,0.91981095,-0.11561948,-0.33954895,-0.50027925,-0.3857931,0.3369304,-0.29834503,-0.62133825,-0.49230587,0.09662475,-0.44030237,0.087513596,0.6119393,0.01467891
59,2552,-1.0436151,-0.8821074,-0.48498285,0.45912078,0.05738817,-0.7965977,-0.05449023,0.030651877,-0.4248392,0.283736,0.6201269,-0.6031542,0.79593265,0.47535068,0.01749102,-0.39094043
59,2573,0.62171465,-0.4630949,-0.4800322,0.773824,-0.31159714,1.6824045,-0.704443,-0.1580084,0.6457425,-0.93152845,-0.27550912,-0.8570359,-0.65630156,-0.74353194,0.10578477,-0.2507136
59,2580,0.25646818,0.5408887,0.24458887,0.13524908,0.1262996,0.028955966,0.049133286,0.5201769,0.15065601,-0.058743164,0.025356261,-0.60871434,0.5103423,-0.6638237,0.37193006,0.13254395
59,2592,-1.0587333,-0.83582556,-0.44186896,0.47506672,-0.03261316,-0.7934675,-0.111710034,-0.0024023429,-0.3607008,0.3329609,0.6072763,-0.5727619,0.82894295,0.47312334,0.03681989,-0.38120306
59,2607,0.46002215,-0.4676094,0.23347124,0.019939423,-0.2657848,-0.038490895,0.17894593,-0.29053226,-0.09819831,-0.00969255,0.25487882,0.87424237,-0.33794308,0.106473304,-0.44394442,0.33268684
59,2616,0.66637886,-0.038927272,-0.24001805,0.46006495,-0.14941098,0.9046693,-0.2819771,-0.31339103,0.41095603,-0.3950417,0.048457153,-0.18388245,-0.29887092,-0.34820983,-0.11919239,0.016016096
59,2628,0.13218111,0.18197496,-0.15445398,0.14298135,0.29114234,0.06401244,0.11164713,0.44030172,0.047574714,-0.06959905,0.058012143,-0.74385315,0.38978285,-0.46687338,0.2795716,-0.05881244
59,2640,-1.2797164,-0.6301017,-0.09442671,-1.0488544,-0.1576084,1.4507047,0.5008209,0.9605652,0.788613,1.7964771,-0.68378675,-0.35375595,-0.4208914,1.1053774,-1.7969543,0.6911104
59,2645,0.14018628,-0.49388725,-0.55322003,0.08763774,1.0526801,-0.23162432,0.60892904,0.36156458,-0.72803074,-0.42861205,0.41272762,-0.50338584,-0.048177704,0.15674359,-0.19300768,-0.124759495
59,2648,0.5002409,-0.7501973,-0.74907535,0.9420126,-0.44322324,1.984442,-0.97427756,-0.21188125,0.7873825,-1.1027409,-0.4249343,-1.1233747,-0.79823756,-0.8365129,0.19990683,-0.505587
59,2650,0.78012586,0.14982386,0.5152475,0.03550674,-0.008947745,0.15509188,0.2810305,-0.07853771,-0.032228544,-0.12004483,0.28060463,0.618999,-0.19239445,-0.08371227,-0.37368855,0.6286568
59,2655,0.194651,0.10064951,0.9257377,0.25230125,-0.41328126,-0.20334479,-0.12962009,0.18701181,0.007224813,-0.23220603,0.1435676,0.5858957,-0.021150768,-0.06865584,-0.053734735,0.60861
59,2659,-0.89537615,1.9970983,-0.090294436,0.44482213,1.3414756,-0.07575057,-0.8228077,-0.05333206,0.3098157,-1.0994922,-0.64328945,0.27884942,-1.3554981,1.4056545,-0.64553106,-0.68565524
59,2660,0.36568636,0.0825935,-1.0424672,-0.36522484,-0.11302926,-0.018828832,-0.072877325,-1.0626687,0.13043956,0.49673933,-0.10252123,0.38501632,0.00056281686,0.16229887,0.19007796,-0.6986053
59,2661,-0.8953762,1.9970982,-0.090294436,0.44482213,1.3414757,-0.07575057,-0.82280767,-0.053332053,0.3098157,-1.0994922,-0.64328945,0.27884942,-1.355498,1.4056544,-0.64553106,-0.68565524
59,2688,0.21950996,0.09477712,0.8868288,0.2519463,-0.4156199,-0.21858318,-0.12793985,0.1113405,0.009017155,-0.21565847,0.18178906,0.6539721,-0.030141085,-0.03519674,-0.09703417,0.59487325
59,2699,0.38340944,0.07195548,-1.0807993,-0.3917144,-0.11010228,-0.014532986,-0.060961336,-1.0959042,0.12475702,0.51080513,-0.1064926,0.39713013,-0.007827088,0.16175738,0.19262838,-0.72041243
59,2703,0.914645,0.22825739,0.34025645,0.029396757,0.06579165,0.22258854,0.32802933,-0.24383539,0.009471759,-0.06067303,0.35409155,0.64116985,-0.18263115,-0.062425934,-0.45188054,0.57542133
59,2704,0.20485985,0.100337006,0.9348672,0.2515373,-0.4162104,-0.20964544,-0.12672988,0.17615494,0.0029470474,-0.23708902,0.15494926,0.61240315,-0.027928367,-0.06365843,-0.06655733,0.618341
59,2709,0.23698816,0.09496061,-0.19450648,0.15584336,0.59253985,-0.16406311,0.29999194,0.2802861,-0.28088963,-0.18653132,0.32652843,-0.42671317,0.22865254,-0.12133058,0.022199176,-0.0109892115
59,2725,0.32086623,-0.33748806,-0.46278667,0.032279164,1.0717931,-0.1165109,0.6433985,0.42265543,-0.6753545,-0.4762832,0.33685488,-0.47693455,-0.119445905,0.040912714,-0.17724359,-0.05028543
59,2729,0.36658227,-0.0254291,0.6661806,0.14837375,-0.29775685,-0.1536266,0.016533747,-0.053519703,-0.037163615,-0.1263694,0.24145506,0.74765223,-0.12605335,0.0403503,-0.25287554,0.53521436
59,2730,0.10429218,-0.11988105,-0.62601525,-0.083265066,-0.31458992,-0.16691811,-0.2533594,-0.8491491,0.119893774,0.27358764,0.0020816196,0.5265016,-0.05585681,0.2152064,0.09371033,-0.49149376
59,2732,-0.07543193,-0.44596404,-0.21814181,0.22125213,-0.5146983,-0.22997649,-0.38919926,-0.63676625,0.100336984,0.025070846,0.15160692,0.69420314,-0.19099747,0.24787827,-0.094407514,-0.23250507
59,2734,0.42287278,0.87678397,0.49441057,0.26215875,-0.07578668,-0.05629916,-0.040872186,0.12028872,0.2729461,0.033890717,0.26289174,-0.08587609,0.5166105,-0.42023173,0.18645161,0.39142662
59,2735,-0.80375063,-1.1087725,0.25821286,0.6662202,-0.8579922,-0.0133141205,-0.85860246,-0.1621007,0.13319376,-0.70764685,-0.0887671,0.17014514,-0.5226933,-0.03441224,0.19382182,-0.21372624
59,2765,-0.021793418,-0.587562,0.5307805,0.15440352,-0.58776236,-0.36488003,-0.12464844,-0.12680903,-0.12051706,-0.10768403,0.16969544,0.9101038,-0.25503844,0.1388793,-0.21227953,0.30269015
59,2786,0.30663174,-0.02470778,-0.28942144,0.103574485,0.79513466,-0.14053917,0.4447276,0.34147397,-0.4284172,-0.30086148,0.3453755,-0.4514926,0.10454704,-0.085752204,-0.053237304,-0.015383922
59,2790,-0.93736356,2.2220967,-0.1332574,0.33359838,1.4288157,-0.16380377,-0.8548961,-0.06831026,0.30414355,-1.090096,-0.7193588,0.28730708,-1.3260602,1.4697605,-0.56030655,-0.75908774
59,2793,0.6110723,0.814018,0.53119856,0.1954501,0.023912072,0.05626027,0.102926224,0.10939118,0.18946874,-0.030418769,0.2927087,0.02551528,0.34868458,-0.38082975,0.03384813,0.5099446
59,2801,-1.0436152,-0.8821074,-0.4849828,0.45912078,0.0573882,-0.7965977,-0.054490224,0.030651879,-0.4248392,0.283736,0.6201269,-0.6031542,0.79593265,0.47535068,0.017491013,-0.39094043
59,2802,0.036260385,-0.32053608,0.13855606,0.15432805,-0.499651,-0.38544887,-0.2124237,-0.44576427,0.008419663,0.09225731,0.22653908,0.89682263,-0.10415633,0.26864535,-0.19535205,0.046034154
59,2803,-0.44828707,0.6544924,0.025599763,0.19696096,-0.38145667,-0.07459656,-0.33609426,0.05503533,0.619521,0.6836124,0.13924122,-0.36832112,0.8431532,-0.05841943,0.08405112,0.0011452958
59,2816,0.30453843,0.036306515,-0.27318966,0.11559805,0.7767672,-0.1610576,0.42600894,0.34252355,-0.40240562,-0.28050196,0.36614195,-0.4763747,0.16489153,-0.12707019,-0.025419772,-0.018737167
59,2821,-0.36427152,0.7892036,0.05052256,0.31753874,-0.3753045,-0.23860836,-0.40057296,-0.04049576,0.57833433,0.56676835,0.23018087,-0.3504932,0.9443466,-0.1436165,0.23722762,-0.048733592
59,2822,0.23503162,0.55386424,0.24317542,0.15166,0.10687448,0.0017144824,0.030231297,0.49170372,0.16279835,-0.034164146,0.047858894,-0.5971412,0.53832805,-0.64586455,0.3741634,0.12391804
59,2824,0.6037456,0.83612895,0.5351288,0.20216534,0.017362177,0.044630725,0.09330335,0.110225864,0.1983931,-0.026498765,0.2971857,0.017222352,0.37042046,-0.39281753,0.04762338,0.5066016
59,2826,-0.3189699,0.55030173,0.12579727,0.2211598,-0.35526198,-0.054120235,-0.2935403,0.1969139,0.5442245,0.52378494,0.08528496,-0.49877763,0.805829,-0.28432596,0.25652826,0.0151592195
59,2836,0.49615073,-0.43462402,0.17966327,0.015458152,-0.24072778,-0.027667752,0.18860593,-0.34085953,-0.08347277,0.019302048,0.27633595,0.8856332,-0.32707995,0.124462694,-0.4677817,0.31328928
59,2839,-0.8876196,-0.21683164,0.9060929,-0.19457719,-0.36220056,-0.5346965,-0.33840224,0.32944024,-0.32389188,-0.5471254,-0.52053016,0.11501117,-0.38473433,0.046651334,0.66309536,0.018802844
59,2842,-0.58361864,-0.79596263,-0.49802303,0.29417533,0.47832286,-0.52361333,0.2257576,0.21299228,-0.57380456,-0.04760526,0.4588867,-0.5679552,0.36966082,0.35296258,-0.06812319,-0.26941818
59,2879,0.060123786,0.94844335,0.39169466,0.39224678,-0.26406977,-0.27154738,-0.30572027,0.09225203,0.41981077,0.17755401,0.21938686,-0.27876443,0.8199417,-0.46160328,0.44900978,0.15588889
59,2896,-0.63216174,-0.10812177,0.6339751,-0.39427966,-0.39648214,-0.55164486,-0.24239185,0.13933654,-0.2829277,-0.24504612,-0.5717998,0.24422215,-0.17329012,-0.015817592,0.70450115,-0.1198882
59,2900,0.7232913,-0.034063026,-0.0012115389,0.46646434,-0.13093069,1.082038,-0.26216686,-0.026385777,0.38458747,-0.59723,-0.057518736,-0.3807631,-0.38713545,-0.55192566,-0.028698847,0.17138572
59,2902,-0.39861846,0.72349817,0.03141944,0.26133734,-0.36975306,-0.16248815,-0.3684131,-0.006275017,0.59097356,0.6156472,0.1888274,-0.34653485,0.88381296,-0.08754634,0.15601806,-0.028055772
59,2923,-0.017222963,-0.57200503,-0.55497986,0.13440263,0.9419779,-0.29812288,0.5302623,0.32105395,-0.7045176,-0.3511027,0.42800754,-0.51257634,0.032253698,0.21454813,-0.17379346,-0.15907897
59,2924,0.51553184,-0.3995914,0.1381248,0.013851613,-0.21857294,-0.016695704,0.19157705,-0.36811578,-0.067862585,0.044216566,0.28479657,0.87197,-0.30908704,0.1343843,-0.47325298,0.2948105
59,2925,-0.015663117,-0.79212666,0.7531751,0.09357391,-0.58706695,-0.24946332,-0.004424751,0.16254598,-0.23203237,-0.2639705,0.053556457,0.79370385,-0.39222187,-0.016108116,-0.16995585,0.47097766
59,2935,-0.42379326,0.030629113,0.35429376,-0.41747433,-0.34819052,-0.48441118,-0.21297762,-0.037206843,-0.18049075,-0.046771377,-0.5290301,0.291205,-0.044532314,0.0014649569,0.6355432,-0.22990157
59,2942,0.23460707,-0.39361185,-0.48103487,0.059352413,1.0279511,-0.15827742,0.6047313,0.39387077,-0.6723593,-0.44623518,0.3476032,-0.48038757,-0.08501966,0.08341947,-0.1695607,-0.07966009
59,2944,0.43741894,-0.12652753,-0.84254795,-0.72401905,-0.10263246,0.043249894,0.1942172,-0.8362742,-0.06937955,0.48207265,-0.31383723,0.27236712,-0.08550502,-0.058518015,0.3800516,-0.5841086
59,2949,0.30384845,-0.22261707,-0.35513675,0.031297818,0.94958955,-0.08119336,0.571611,0.50108224,-0.5662766,-0.44707102,0.24821611,-0.5492507,-0.030524269,-0.11392913,-0.065941304,-0.034268662
59,2958,-1.2797164,-0.6301017,-0.09442671,-1.0488546,-0.1576084,1.4507046,0.5008209,0.96056527,0.788613,1.7964771,-0.6837867,-0.3537559,-0.42089146,1.1053774,-1.7969543,0.69111043
59,2964,0.8796789,0.62216854,0.61936694,0.08647567,0.12409799,0.2596156,0.31538412,0.093433455,0.05805044,-0.14572199,0.28494987,0.2538225,0.018055007,-0.29931018,-0.20934173,0.7134498
59,2967,-0.3244927,0.86882997,0.08503423,0.36959755,-0.38047898,-0.3056053,-0.42846087,-0.055935554,0.5734359,0.51742643,0.26407948,-0.3664297,1.0089257,-0.22138797,0.32607448,-0.057314306
59,2971,-0.9642167,-0.16075306,0.9313204,-0.041826397,-0.28081983,-0.48574036,-0.42355406,0.34758642,-0.27622074,-0.6840995,-0.46296874,0.10800211,-0.5010374,0.16037908,0.53297424,0.019124493
59,2983,0.21811113,0.91398,0.42940545,0.33463427,-0.17888847,-0.17382021,-0.19120166,0.10617292,0.35597694,0.11419657,0.2323542,-0.19523656,0.6802112,-0.4365858,0.3331703,0.25394815
59,2992,0.34139472,0.094381995,0.88091236,0.18909124,-0.31535983,-0.10408376,-0.0148175955,0.17640573,-0.018878147,-0.23213647,0.15697323,0.58957666,-0.082736954,-0.09852672,-0.12575746,0.65001494
59,2997,0.5215227,-0.14220734,0.38528234,0.07577379,-0.21045808,-0.067200765,0.12983528,-0.2711136,-0.04371126,-0.030372933,0.3047939,0.8530179,-0.21317963,0.102140814,-0.4135895,0.43349087
59,2998,-0.12653442,-0.60970503,-0.5190637,0.15950793,0.82951087,-0.3218441,0.4594273,0.3170506,-0.66203755,-0.2954595,0.3992109,-0.5226677,0.08689085,0.2236166,-0.13909766,-0.17048512
59,2999,0.3607974,-0.12001844,-0.7636464,-0.7367591,-0.12883087,-0.012431727,0.1636701,-0.7909513,-0.09126918,0.4435733,-0.35462174,0.28461236,-0.08824034,-0.05878956,0.4286112,-0.58277625
59,3013,-0.03949657,0.9556308,0.33025587,0.43319005,-0.3110129,-0.3436277,-0.3735159,0.042551532,0.4527197,0.23257178,0.24603255,-0.32912648,0.9215998,-0.45524058,0.5011805,0.07210092
59,3020,-1.2797164,-0.6301017,-0.09442671,-1.0488544,-0.1576084,1.4507046,0.5008209,0.96056527,0.788613,1.7964771,-0.6837867,-0.3537559,-0.4208914,1.1053773,-1.7969542,0.69111043
59,3021,0.47192776,-0.0069171935,-1.0405354,-0.49486655,-0.07587851,0.061929725,0.06525786,-1.0208995,0.07072024,0.5249792,-0.14233625,0.34147316,-0.04238303,0.08518595,0.20139942,-0.6516698
59,3029,0.031126019,-0.53581053,-0.5436019,0.12392831,0.95379585,-0.2737013,0.53945863,0.32196066,-0.6945011,-0.36373222,0.41766274,-0.4969352,0.009634241,0.19957349,-0.17667627,-0.14464726
59,3032,-0.9124886,2.177981,-0.12780578,0.32042435,1.3898381,-0.16209416,-0.83646876,-0.064258866,0.30118933,-1.0561925,-0.70748055,0.27509034,-1.2819504,1.4301071,-0.5344831,-0.7382793
59,3034,0.2346349,0.097589895,-0.20460893,0.1439924,0.5835616,-0.12294436,0.2952723,0.32634258,-0.25233448,-0.19249384,0.28474107,-0.4976434,0.24227741,-0.18811731,0.060097925,-0.021837957
59,3041,0.17983326,0.4516514,0.17977908,0.10852514,0.013994753,0.21238582,-0.035154834,0.6683084,0.2818706,-0.07515037,-0.20101616,-0.8534493,0.5002662,-0.8606993,0.5243951,0.051653363
59,3052,0.7628842,0.20482512,0.22798443,0.33340156,-0.05236569,0.7767142,-0.06603262,0.021470165,0.2733838,-0.43045223,0.058878787,-0.15465891,-0.23243885,-0.4616749,-0.08228062,0.36480546
59,3055,0.062069096,0.003207013,-0.40634936,-0.5479445,-0.20568548,-0.18250231,-0.030486777,-0.5465663,-0.070001855,0.27800268,-0.39044783,0.2569592,-0.026567146,-0.014510144,0.49992213,-0.48802435
59,3060,0.25003833,-0.7189887,0.61090326,0.02195111,-0.4296109,-0.12071903,0.15264001,0.036271214,-0.22673546,-0.20903914,0.12998793,0.86251515,-0.4394827,-0.0019786325,-0.31990242,0.48941684
59,3069,-0.48634052,0.44778723,0.33503842,-0.6827462,0.06491695,-0.35686547,-0.11372346,0.14982131,-0.23630123,-0.21020998,-0.82920337,-0.034928877,-0.2348399,0.03330676,0.7855785,-0.32487416
59,3072,-0.68487585,-0.13534702,0.004411906,-0.5224357,-0.13211136,0.85439295,0.20983604,0.77802193,0.58643603,1.0113701,-0.4459954,-0.53641146,0.03499177,0.2903556,-0.76887906,0.3697614
59,3079,0.28161204,0.51838535,0.23978642,0.11068736,0.14313747,0.082288705,0.06866631,0.56855565,0.14769563,-0.090304375,-0.01976934,-0.64539796,0.47428977,-0.7060287,0.38040388,0.13841923
59,3094,0.3592807,0.08764045,-1.0523058,-0.3275395,-0.12066795,-0.030776983,-0.09759073,-1.0857284,0.14528167,0.49478823,-0.07402812,0.4147429,0.0014802963,0.1885307,0.1597673,-0.7010102
59,3099,-0.91248864,2.177981,-0.12780584,0.32042438,1.3898381,-0.16209416,-0.8364688,-0.064258866,0.30118933,-1.0561923,-0.70748055,0.27509034,-1.2819504,1.4301071,-0.5344831,-0.7382793
59,3100,0.21131864,0.56737846,0.2418715,0.16973177,0.07649486,-0.021072544,0.004762292,0.4566916,0.18407597,-0.005372435,0.07023864,-0.5832962,0.5688711,-0.6284405,0.37882942,0.11641954
59,3101,0.24094795,-0.18582912,-0.29457915,0.0543015,0.82745844,-0.08680703,0.4885074,0.4972311,-0.48692584,-0.39549434,0.20614406,-0.5554884,0.032460198,-0.14805493,-0.008434176,-0.036538184
59,3109,0.02385161,-0.45609373,0.43300515,0.15252218,-0.5268383,-0.35730255,-0.12639618,-0.1992529,-0.07149224,-0.029882878,0.19586849,0.87826616,-0.18232755,0.17518295,-0.21579465,0.25110298
59,3119,0.16756333,0.43080837,0.16877878,0.114143535,-0.004144147,0.21747783,-0.049287066,0.64439696,0.29051098,-0.061568692,-0.20599386,-0.83423936,0.48476845,-0.83003384,0.5139023,0.04568884
59,3123,-0.49189526,-0.8609408,0.060870446,0.47113395,-0.72001183,-0.07729203,-0.6520003,-0.3388784,0.11194165,-0.41182607,-0.0077869333,0.3567707,-0.39251548,0.051200137,0.092197165,-0.2192346
59,3145,-0.02658853,-0.8440528,0.8056783,0.092022195,-0.61234546,-0.2578947,0.00058327615,0.19158831,-0.25565434,-0.29947978,0.047426604,0.8244445,-0.42550683,-0.02951564,-0.17468247,0.49989837
59,3160,-0.10755882,-0.6028067,-0.523638,0.15515438,0.84610945,-0.3163333,0.470138,0.3169116,-0.6675126,-0.3041067,0.40239567,-0.5190011,0.076356545,0.2226896,-0.14505258,-0.16764347
59,3165,-0.25563097,0.8955693,0.114118576,0.4243343,-0.3728243,-0.36686468,-0.4444632,-0.08276846,0.5341489,0.43487406,0.29168573,-0.35610783,1.0248929,-0.275953,0.40744436,-0.067127526
59,3168,-0.88367254,-0.41666132,-0.1258374,-0.67909217,-0.17048036,1.1730756,0.30818027,0.86712396,0.72007275,1.283428,-0.58100706,-0.6578917,-0.11538346,0.4468422,-1.0316123,0.43705136
59,3184,-1.0614859,-0.40239936,-0.053566292,-0.82089776,-0.15307403,1.136507,0.3616532,0.83029765,0.6864536,1.4959509,-0.54263484,-0.3500489,-0.21440814,0.8548795,-1.4071999,0.54753685
59,3189,0.25921744,-0.07711814,-0.25398123,0.07704705,0.7678978,-0.10148163,0.44207364,0.45474946,-0.42303598,-0.34137732,0.23767279,-0.5337827,0.097323105,-0.17195974,0.010992363,-0.022015072
59,3194,0.15224728,-0.45459569,-0.521382,0.09028663,1.009682,-0.21548323,0.5819847,0.3507106,-0.6891084,-0.41124558,0.3936228,-0.4832192,-0.044170395,0.1444628,-0.18071222,-0.11155693
59,3197,0.7365751,0.12861116,0.57640433,0.04371418,-0.04146333,0.13061628,0.25943822,-0.030727163,-0.041625947,-0.14297344,0.26007402,0.6197234,-0.19306906,-0.09307048,-0.34828487,0.64653486
59,3199,0.71320933,-0.37127703,-0.36720634,0.7089778,-0.2530491,1.6199918,-0.5882065,-0.12952718,0.5884233,-0.9080291,-0.2210474,-0.75449914,-0.6423056,-0.74022764,0.051412903,-0.1307031
59,3208,-0.10658653,-0.002457738,-0.12849708,-0.48109382,-0.2672975,-0.2922063,-0.098087475,-0.36684397,-0.10607453,0.16218044,-0.41956368,0.28215533,-0.031492203,-0.00454208,0.53084767,-0.3814205
59,3242,0.06745584,-0.5204021,-0.54023856,0.11032507,0.9797918,-0.25469202,0.55930823,0.33890003,-0.70079494,-0.38556498,0.40737268,-0.4983276,-0.011978462,0.18107238,-0.17866457,-0.13581996
59,3255,0.04131392,-0.28170592,-0.015166968,0.14818537,-0.48333806,-0.3745454,-0.24669327,-0.5470881,0.041270003,0.14165962,0.22201012,0.8728972,-0.08189185,0.29442617,-0.17354038,-0.055056885
59,3262,0.31366384,-0.30443937,-0.43197507,0.037620217,1.0265528,-0.11084648,0.61448604,0.424303,-0.6393738,-0.4571464,0.3195666,-0.47789854,-0.096273944,0.016748598,-0.1542534,-0.044093058
59,3267,0.16071028,-0.7491523,0.70668906,0.038430944,-0.47165066,-0.14180197,0.12015954,0.14744312,-0.2417814,-0.25336093,0.07727517,0.79444057,-0.43199003,-0.038640168,-0.24599466,0.51401204
59,3278,-0.83335733,-0.23041596,-0.024030253,-0.62655246,-0.14511141,0.93598187,0.25558627,0.77866596,0.6181494,1.1952068,-0.46684483,-0.45233488,-0.04295157,0.5187984,-1.0066658,0.42443603
59,3279,0.097722255,-0.48842108,-0.52882034,0.10707311,0.97698146,-0.24039416,0.55778867,0.3316087,-0.68613267,-0.38528985,0.40357965,-0.48295516,-0.02054441,0.1732772,-0.17968076,-0.124993935
59,3282,-0.12672335,0.9342143,0.23147891,0.4551248,-0.3395325,-0.38520682,-0.42039475,-0.03075429,0.4791656,0.30108827,0.2759535,-0.3483038,0.9836507,-0.39250904,0.49835044,-0.009368621
59,3290,-0.7757933,1.3247681,0.17216606,-0.08854973,0.7187994,-0.3193295,-0.5433845,0.05034389,0.03213279,-0.70163447,-0.7248391,0.1912211,-0.79794836,0.8090615,0.069626324,-0.5212242
59,3293,0.060123783,0.94844335,0.39169466,0.39224678,-0.2640698,-0.27154738,-0.30572027,0.09225203,0.41981077,0.17755401,0.21938688,-0.27876446,0.8199417,-0.46160334,0.4490098,0.15588889
59,3301,0.03384791,-0.36577624,0.26621422,0.1595282,-0.5192163,-0.4019426,-0.18374391,-0.37188837,-0.023014113,0.04909908,0.2376514,0.94021535,-0.1311958,0.2537822,-0.22512174,0.1310598
59,3314,0.27732348,0.052737802,0.84086025,0.21983479,-0.39079657,-0.2196573,-0.0811687,0.03822121,-0.015660986,-0.19650005,0.22317405,0.74072564,-0.071874395,0.00138675,-0.16960102,0.59471196
59,3316,0.56988853,0.103093326,0.7631768,0.106744885,-0.17485873,0.028311897,0.14286691,0.08988586,-0.041727364,-0.20968826,0.21126592,0.6258249,-0.16166346,-0.11393102,-0.252433,0.68237025
59,3324,-0.015663117,-0.79212666,0.7531751,0.09357391,-0.58706695,-0.24946332,-0.004424751,0.16254598,-0.23203237,-0.2639705,0.053556457,0.79370385,-0.39222187,-0.016108114,-0.16995585,0.47097766
59,3335,-0.64315593,-0.32341486,-0.08652444,-0.47463202,-0.17663217,1.0261799,0.21907619,0.78878886,0.6601498,0.99233615,-0.5284088,-0.729959,-0.02780886,0.14669317,-0.6599761,0.351247
59,3347,0.118335426,-0.2737826,-0.25910288,0.09731269,-0.44027305,-0.3349775,-0.23781869,-0.72826046,0.064144865,0.22048905,0.23458429,0.8974073,-0.09657009,0.33182448,-0.19635582,-0.18194576
59,3352,-0.06809209,0.9331654,0.29624552,0.43870378,-0.31873232,-0.3524912,-0.3872627,0.020404683,0.45674092,0.2511291,0.24847905,-0.3344007,0.92926174,-0.43038142,0.49920884,0.043933198
59,3356,-0.60319674,-0.8936963,0.08887596,0.48485237,-0.7460291,-0.07127809,-0.7096389,-0.30376014,0.1135966,-0.48227966,-0.06829971,0.27357852,-0.41399348,0.021768877,0.17161866,-0.2601918
59,3359,-0.92934275,-0.60607,-0.3091638,0.4748685,-0.18933009,-0.7081352,-0.2085869,-0.06646987,-0.18410073,0.39693272,0.54355735,-0.461245,0.834859,0.4079316,0.07683638,-0.3115976
59,3364,-1.2389481,-0.6232134,-0.08715834,-1.0186727,-0.15364003,1.4285398,0.4901867,0.94239694,0.7711987,1.7486039,-0.676154,-0.349657,-0.42268056,1.0762377,-1.7515066,0.68241423
59,3365,-0.19038333,-0.65124774,-0.52209526,0.1719526,0.8002064,-0.34698892,0.44004422,0.32038507,-0.6649857,-0.27676272,0.40039083,-0.5418225,0.11614401,0.23553218,-0.12876803,-0.18565618
59,3373,-0.24215488,0.5598867,0.1470167,0.23655576,-0.30977666,-0.07260595,-0.269231,0.22550982,0.4955899,0.44074684,0.09280606,-0.5230328,0.7982543,-0.35632628,0.31022805,0.01532279
59,3379,0.2046253,-0.14054893,-0.24852122,0.07753903,0.7270519,-0.09250738,0.4187808,0.46908513,-0.41706562,-0.34262192,0.18836947,-0.53919053,0.081284136,-0.15907025,0.025496535,-0.03328903
59,3383,0.3136639,-0.30443937,-0.43197495,0.03762023,1.0265529,-0.11084648,0.61448604,0.424303,-0.6393738,-0.4571464,0.31956664,-0.47789854,-0.096273914,0.016748598,-0.1542534,-0.044093058
59,3404,0.3136639,-0.30443937,-0.431975,0.03762023,1.026553,-0.11084648,0.61448604,0.424303,-0.6393737,-0.4571464,0.31956664,-0.47789854,-0.096273944,0.016748598,-0.1542534,-0.044093058
59,3405,-0.0031099655,-0.5478989,-0.53417677,0.13096923,0.9243247,-0.28301358,0.52069545,0.325438,-0.6847606,-0.3495776,0.4100548,-0.50595075,0.029034868,0.1980161,-0.16423139,-0.14976023
59,3406,0.32086623,-0.33748806,-0.46278667,0.032279164,1.0717931,-0.1165109,0.6433985,0.42265543,-0.6753545,-0.4762832,0.33685485,-0.47693455,-0.119445875,0.040912714,-0.17724359,-0.05028543
59,3411,-0.9311989,-0.2193474,0.919811,-0.11561951,-0.33954895,-0.50027925,-0.3857931,0.3369304,-0.29834503,-0.62133825,-0.49230585,0.09662476,-0.4403023,0.087513596,0.6119393,0.014678918
59,3418,0.5254399,-0.1327912,0.43279672,0.07726753,-0.217672,-0.07559239,0.13006386,-0.25166678,-0.051613897,-0.050017953,0.30803564,0.8691311,-0.21690787,0.09464137,-0.41296813,0.4642225
59,3420,-0.2630142,0.5660964,0.14173508,0.22602513,-0.31464845,-0.06441365,-0.26930574,0.22800523,0.5093904,0.46562952,0.09124105,-0.5242416,0.80466926,-0.34322917,0.29159594,0.018054962
59,3422,0.3766395,0.06863795,-1.081539,-0.37721664,-0.11899173,-0.02602886,-0.07350289,-1.107451,0.12828778,0.5084919,-0.09451036,0.4177894,-0.009062231,0.17397298,0.18112497,-0.72196347
59,3425,0.07467581,-0.27367365,-0.15272127,0.13057618,-0.46699232,-0.3632924,-0.25489083,-0.6578602,0.058118567,0.18399869,0.23493747,0.89801884,-0.08705799,0.3235752,-0.18822235,-0.13183604
59,3433,0.22336848,0.08305104,0.89552104,0.24966499,-0.4226805,-0.23070918,-0.12584513,0.09852453,0.0016090423,-0.21870555,0.19263688,0.6861858,-0.039525464,-0.026571227,-0.111085266,0.60115105
59,3434,-0.9437269,1.8370895,0.009299219,0.39421052,1.226845,-0.12563482,-0.8049518,-0.013253868,0.2518088,-1.0992662,-0.6500912,0.26835227,-1.317824,1.322311,-0.53801334,-0.6376294
59,3450,-0.82342577,-0.883324,-0.5067932,0.37094384,0.29864538,-0.65796465,0.10699901,0.13726255,-0.5317642,0.09761828,0.53431845,-0.59294355,0.5541469,0.42955372,-0.03816381,-0.33284056
59,3456,0.24035048,-0.09154697,-0.63260084,-0.70077956,-0.16828376,-0.093310736,0.095860064,-0.7122213,-0.10121144,0.38085192,-0.3865343,0.29569107,-0.07716216,-0.045383107,0.47485223,-0.5632136
59,3460,-0.93736356,2.2220967,-0.13325743,0.33359838,1.4288157,-0.1638038,-0.854896,-0.06831026,0.30414355,-1.0900961,-0.71935874,0.28730708,-1.3260602,1.4697607,-0.56030643,-0.75908774
59,3465,-0.040216938,-0.57801324,-0.5520471,0.14159551,0.9231908,-0.30826318,0.5169679,0.3170893,-0.6981569,-0.33854157,0.42979598,-0.5164282,0.04847306,0.2177993,-0.16770154,-0.16367163
59,3484,-0.138644,0.91630775,0.21684295,0.45653945,-0.34266537,-0.38654494,-0.4254603,-0.040201128,0.47819543,0.30751765,0.27298284,-0.34690756,0.97860533,-0.3768666,0.49496374,-0.020658098
59,3490,-0.36750287,0.54634625,0.11191492,0.19991554,-0.3746385,-0.030837327,-0.2986017,0.19125456,0.5758144,0.5798895,0.07570081,-0.4882608,0.80532247,-0.23963365,0.21154499,0.021430433
59,3510,0.51553184,-0.39959145,0.1381248,0.013851613,-0.21857294,-0.016695704,0.19157705,-0.36811578,-0.067862585,0.044216573,0.28479654,0.87197,-0.30908704,0.13438432,-0.47325298,0.2948105
59,3535,-0.13147046,-0.5953254,-0.5007594,0.16293928,0.79904646,-0.31648815,0.44034982,0.3123312,-0.6401037,-0.28252298,0.3871316,-0.5147744,0.09386794,0.21825545,-0.12978083,-0.16552351
59,3544,-0.815244,1.509752,0.12474007,0.054697156,0.84917396,-0.2940591,-0.6316331,0.02809075,0.10832704,-0.78251827,-0.6832269,0.22353722,-0.8895674,0.96261907,-0.091954544,-0.54592586
59,3553,0.6751287,-0.25187635,-0.061388314,0.009803817,-0.11683301,0.045243315,0.22040346,-0.5733486,-0.0032390505,0.13607833,0.37337598,0.9159163,-0.27204227,0.19211265,-0.5755249,0.2338166
59,3585,0.916273,0.35950732,0.12390931,0.09785654,0.07430707,0.2700851,0.2524623,-0.39525735,0.12334199,0.013217069,0.38374183,0.5336774,-0.082647935,-0.05375744,-0.4230245,0.43648106
59,3630,-0.52916175,0.5897525,0.317196,-0.5406518,0.15915884,-0.34804583,-0.198555,0.1350762,-0.17511241,-0.2863269,-0.7758151,0.0022225678,-0.3064742,0.16752993,0.64680517,-0.3384102
59,3635,0.71106803,0.7475256,0.54869986,0.15264371,0.078134045,0.13294573,0.18611068,0.11172955,0.13745332,-0.07033335,0.29321083,0.08437909,0.23457342,-0.3543942,-0.05483274,0.5723878
59,3643,-0.061935097,0.08033215,-0.131373,0.066890314,0.055329323,0.24900968,0.039886743,0.48224276,0.25547573,0.18312,-0.073882,-0.80299884,0.41384614,-0.42704985,0.20930892,-0.01943615
59,3645,0.2731948,0.1025331,0.8892483,0.22116359,-0.36063617,-0.1513583,-0.07224653,0.16909324,-0.0020167232,-0.22614945,0.15450905,0.5882828,-0.049466446,-0.07956263,-0.093828246,0.6228365
59,3646,-0.5711181,-0.8509705,0.07910433,0.46683365,-0.7226068,-0.069181174,-0.68488353,-0.30179465,0.115285695,-0.45187765,-0.066880986,0.2659921,-0.38979203,0.02190261,0.17093262,-0.2540331
59,3674,0.82275975,0.2741688,0.27376038,0.31184053,-0.021373466,0.7546767,-0.014943749,0.021012576,0.2561904,-0.42390996,0.09963827,-0.11295931,-0.21606664,-0.47041208,-0.10872923,0.41952384
59,3683,-0.49189526,-0.8609408,0.060870446,0.47113395,-0.72001183,-0.07729204,-0.6520003,-0.3388784,0.11194165,-0.41182607,-0.007786934,0.3567707,-0.39251548,0.051200137,0.092197165,-0.2192346
59,3686,-1.0436151,-0.88210726,-0.48498273,0.45912078,0.057388186,-0.7965977,-0.054490224,0.030651879,-0.4248392,0.283736,0.62012684,-0.6031542,0.79593265,0.47535068,0.017491028,-0.39094043
59,3688,0.15022428,-0.2555831,-0.3228882,0.07060906,-0.40675792,-0.29594547,-0.21758357,-0.74537224,0.07193762,0.24617279,0.21821755,0.8486429,-0.091157064,0.31969684,-0.18281949,-0.20865665
59,3702,-0.44386035,0.56545943,0.056937084,0.15203343,-0.38275605,0.004959424,-0.29798573,0.13039449,0.6164457,0.6863767,0.07901188,-0.39330286,0.7721245,-0.07502596,0.06296696,0.039020073
59,3703,-0.44386035,0.56545943,0.056937084,0.15203343,-0.38275605,0.004959424,-0.29798573,0.13039449,0.6164457,0.6863767,0.07901188,-0.39330286,0.7721245,-0.07502596,0.06296695,0.039020073
59,3707,0.012688382,-0.54243284,-0.53993684,0.12847006,0.9383128,-0.2797649,0.52925205,0.32134727,-0.68957245,-0.35511255,0.41576317,-0.50043476,0.020331383,0.20107615,-0.17128727,-0.14769839
59,3715,0.5619766,-0.1676267,0.27443826,0.058990702,-0.182196,-0.03528952,0.15546381,-0.34425926,-0.03383416,0.010286227,0.32058057,0.863346,-0.22730778,0.1225863,-0.45359322,0.3848955
59,3719,-0.91380674,0.028966144,0.8020443,0.030861557,-0.1442171,-0.42352962,-0.45617023,0.28906205,-0.19661896,-0.6820436,-0.4412978,0.11315581,-0.53634226,0.26389515,0.40922952,-0.043911517
59,3727,0.056101616,-0.5087861,-0.5252476,0.11754204,0.9458149,-0.25477967,0.5365043,0.32700565,-0.67833316,-0.3675443,0.400797,-0.48822314,-0.0005803108,0.18261918,-0.1708206,-0.13338311
59,3741,0.8114125,0.17362626,0.44674695,0.035881355,0.014736667,0.17710808,0.28967288,-0.13067114,-0.014257804,-0.09455542,0.29754713,0.61047435,-0.18277754,-0.075470716,-0.3901697,0.5989142
59,3746,0.46002215,-0.4676094,0.23347124,0.019939408,-0.2657848,-0.03849089,0.17894593,-0.29053226,-0.09819825,-0.00969255,0.25487882,0.8742423,-0.33794314,0.106473304,-0.44394436,0.3326868
59,3776,0.29830062,0.041849226,0.7744965,0.19808266,-0.35417262,-0.20385116,-0.053503178,0.005670905,-0.020099387,-0.16512184,0.22957405,0.72988766,-0.077417,0.022349209,-0.18973407,0.5671635
59,3784,-0.004591521,-0.61877227,0.56532186,0.13670069,-0.5675752,-0.31554377,-0.08605846,-0.05596692,-0.13837372,-0.1334167,0.13889669,0.8510179,-0.2788307,0.09532118,-0.2014279,0.34043345
59,3791,0.2403505,-0.09154697,-0.63260084,-0.70077956,-0.16828376,-0.093310736,0.095860094,-0.7122213,-0.10121147,0.38085192,-0.3865343,0.29569107,-0.07716216,-0.045383107,0.4748522,-0.5632136
59,3794,0.23460709,-0.3936118,-0.48103482,0.059352413,1.027951,-0.15827742,0.6047313,0.39387077,-0.6723593,-0.44623518,0.3476032,-0.48038757,-0.08501966,0.08341948,-0.1695607,-0.07966009
59,3797,-0.36427152,0.7892036,0.05052256,0.31753874,-0.3753045,-0.23860836,-0.40057296,-0.040495776,0.57833433,0.5667684,0.23018087,-0.3504932,0.94434667,-0.1436165,0.23722762,-0.048733577
59,3802,0.83338475,0.2842175,-0.0037617385,0.18700553,0.02504906,0.40649718,0.11702824,-0.39188343,0.20501758,-0.049832314,0.3028537,0.33677626,-0.10077156,-0.11130503,-0.33483908,0.30365714
59,3805,0.37194973,-0.11945002,-0.7530956,-0.7225015,-0.12385863,0.0024758503,0.17061716,-0.7729915,-0.085425034,0.4446352,-0.34556654,0.2667672,-0.081690416,-0.06564709,0.4195477,-0.5641412
59,3815,-0.42494166,-0.7701313,-0.5332497,0.2348077,0.66297174,-0.45782638,0.34682745,0.28620216,-0.6515387,-0.17217414,0.44014996,-0.5876939,0.2547857,0.29865053,-0.09735064,-0.24463747
59,3818,0.9285518,0.64094675,0.6334812,0.07310793,0.15322731,0.28012365,0.34910697,0.102132425,0.045547724,-0.1597548,0.29897532,0.2582934,0.0055092573,-0.3174792,-0.23055574,0.74044585
59,3825,-0.119492844,0.23135674,0.10919928,-0.0644739,-0.094075896,0.41974866,0.0027954876,0.66948193,0.41387147,0.29658586,-0.2813964,-0.760631,0.37171158,-0.49729243,0.14512147,0.13114434
59,3841,-0.7129676,1.130885,0.21406658,-0.19689798,0.57008344,-0.32687962,-0.45685765,0.07333581,-0.01945649,-0.59442705,-0.73262423,0.14265187,-0.6680719,0.6429033,0.21607774,-0.4701538
59,3845,0.35389793,0.90413517,0.47006387,0.29090965,-0.111260675,-0.10226955,-0.09545935,0.10958345,0.30579278,0.06393366,0.25959733,-0.12465807,0.5834631,-0.42888716,0.23973972,0.3425622
59,3852,0.35291857,0.09554654,-1.0302058,-0.3173144,-0.117907554,-0.027334701,-0.09880854,-1.0614628,0.14766973,0.4879977,-0.075873695,0.39806277,0.007124275,0.18368404,0.16208433,-0.68714803
59,3857,0.4613015,0.0149540305,-1.0964725,-0.4890107,-0.07904946,0.0443928,0.036065757,-1.0792856,0.08414312,0.5348074,-0.13712822,0.36776817,-0.03978598,0.11068425,0.20137522,-0.6989164
59,3868,0.1971782,0.569965,0.24118596,0.183595,0.057575345,-0.041297056,-0.010669887,0.41792554,0.1915729,0.0152288675,0.09206584,-0.550964,0.57770675,-0.5929979,0.36813635,0.11561653
59,3877,0.34587848,-0.64718926,0.46537626,0.01410459,-0.3715802,-0.09177647,0.17439464,-0.106279574,-0.18784095,-0.13753997,0.18960859,0.90624106,-0.4213621,0.045242272,-0.39054194,0.43580687
59,3878,-1.2494103,-0.5727018,-0.078366876,-1.0082967,-0.15450439,1.3769455,0.47323573,0.92647344,0.76649994,1.7534611,-0.6487194,-0.32287776,-0.38387257,1.0890456,-1.745234,0.6706274
59,3880,-0.77770287,-0.8773384,-0.51339984,0.35511667,0.34610814,-0.63354397,0.1378412,0.15350384,-0.55074036,0.063813165,0.52322215,-0.59019285,0.51206577,0.42044652,-0.04939811,-0.32265055
59,3882,0.31694704,0.019382417,-0.92620593,-0.27706283,-0.1820775,-0.08335678,-0.11767888,-1.0254633,0.12624449,0.45470148,-0.038909588,0.48009783,-0.006581992,0.19623274,0.13031852,-0.6251048
59,3894,0.55672777,-0.55419767,-0.62216395,0.82426083,-0.36252603,1.708697,-0.7950095,-0.25628212,0.6930327,-0.92508256,-0.290288,-0.871067,-0.6702612,-0.7088525,0.109385654,-0.37203038
59,3910,0.39524353,-0.49259418,0.31319577,0.031878382,-0.30004185,-0.059951663,0.15562966,-0.20928201,-0.11230387,-0.0454776,0.21916802,0.83698267,-0.33538657,0.08119752,-0.3932627,0.3553099
59,3922,-0.5301516,-0.038024247,0.5187401,-0.3819974,-0.36728364,-0.5055072,-0.22666898,0.07886786,-0.22679777,-0.15656243,-0.5408812,0.24314435,-0.10650776,-0.012178343,0.66235256,-0.150461
59,3935,-1.0902989,-0.5202738,-0.10386388,-0.84123653,-0.19014087,1.266557,0.38257194,0.8718752,0.7487216,1.5519423,-0.5989987,-0.4687693,-0.24159454,0.8055233,-1.40795,0.5534737
59,3941,0.7226199,0.121349715,0.6135935,0.05185634,-0.06373113,0.11836416,0.2467705,-0.013648108,-0.04412967,-0.16011287,0.2565904,0.634178,-0.19596429,-0.10088218,-0.34119165,0.66142726
59,3949,0.32457143,-0.34562135,-0.47255754,0.02727577,1.096117,-0.11898084,0.65955925,0.43703628,-0.69193953,-0.48990953,0.34097403,-0.49186438,-0.1214972,0.033226315,-0.17825255,-0.053866252
59,3950,0.5002409,-0.75019723,-0.74907535,0.94201255,-0.44322324,1.984442,-0.9742775,-0.21188125,0.7873825,-1.102741,-0.4249343,-1.1233747,-0.79823756,-0.8365129,0.19990683,-0.50558704
59,3954,-0.2664399,-0.6102334,-0.07680045,0.33897752,-0.598939,-0.16032492,-0.50644934,-0.48243034,0.11013391,-0.1700287,0.07706787,0.52232563,-0.26839232,0.15677482,-0.004612386,-0.21631815
59,3955,0.8142306,0.740382,0.611735,0.12300129,0.10826768,0.19079801,0.25495926,0.116413794,0.104286365,-0.11452903,0.30466563,0.15571712,0.15498015,-0.35843167,-0.121866465,0.6616991
59,3960,-0.44180846,0.30404413,0.34301776,-0.7957657,-0.013665587,-0.346098,-0.031835526,0.15617637,-0.29013884,-0.14649533,-0.8745808,-0.069093555,-0.19089688,-0.08662193,0.8905282,-0.3164466
59,3963,0.7636382,0.72644466,0.56136835,0.13545084,0.09950675,0.16938671,0.22360885,0.10570625,0.1170316,-0.08978905,0.29744667,0.119661644,0.18253078,-0.34308547,-0.097456396,0.6070555
59,3964,0.71320933,-0.37127703,-0.36720634,0.7089778,-0.2530491,1.6199918,-0.5882065,-0.12952721,0.5884233,-0.9080291,-0.2210474,-0.7544992,-0.6423056,-0.74022764,0.051412903,-0.13070309
59,3981,-0.119492844,0.23135674,0.10919928,-0.0644739,-0.09407589,0.41974866,0.0027954876,0.66948193,0.41387147,0.29658586,-0.2813964,-0.760631,0.37171158,-0.49729243,0.14512146,0.13114433
59,3990,0.2046253,-0.14054893,-0.24852122,0.07753903,0.7270519,-0.09250738,0.41878074,0.46908513,-0.41706562,-0.34262198,0.18836947,-0.53919053,0.081284136,-0.15907025,0.025496535,-0.03328903
59,4010,-0.36427152,0.7892036,0.05052256,0.31753874,-0.3753045,-0.23860836,-0.40057296,-0.040495776,0.57833433,0.56676835,0.23018087,-0.3504932,0.94434667,-0.1436165,0.23722762,-0.048733592
59,4029,0.118335426,-0.2737826,-0.25910288,0.09731269,-0.44027305,-0.3349775,-0.23781869,-0.72826046,0.064144865,0.22048905,0.23458429,0.8974073,-0.09657009,0.33182445,-0.19635582,-0.18194576
59,4033,-0.7593688,-0.18265913,0.78900605,-0.31186467,-0.39870518,-0.5544404,-0.27923992,0.24646997,-0.31867546,-0.3898946,-0.55482423,0.17733364,-0.27025586,-0.0045901374,0.70400953,-0.040021792
59,4053,0.916273,0.35950732,0.12390931,0.09785654,0.07430707,0.2700851,0.2524623,-0.39525735,0.12334199,0.013217069,0.38374183,0.5336774,-0.082647935,-0.05375744,-0.4230245,0.43648106
59,4057,-0.49189526,-0.8609408,0.060870446,0.47113395,-0.72001183,-0.07729204,-0.6520003,-0.3388784,0.11194165,-0.41182607,-0.0077869333,0.3567707,-0.39251548,0.051200137,0.092197165,-0.2192346
59,4060,0.8917881,0.67970544,0.6379979,0.088714436,0.13752757,0.25046843,0.31933552,0.11486085,0.06472561,-0.14763387,0.29853216,0.22311924,0.056951642,-0.3379505,-0.19105217,0.72196877
59,4065,-0.36750287,0.54634625,0.11191492,0.19991554,-0.3746385,-0.03083733,-0.2986017,0.19125456,0.5758144,0.5798895,0.07570081,-0.4882608,0.8053224,-0.23963365,0.21154499,0.021430433
59,4072,-1.2730057,-0.59651554,-0.08257912,-1.0332081,-0.15553798,1.4114456,0.48899835,0.94803876,0.7787357,1.784778,-0.6647932,-0.33411717,-0.39932728,1.1038563,-1.7800461,0.68427193
59,4073,0.62969434,-0.5050954,-0.52391505,0.8059528,-0.32501242,1.7594974,-0.7440129,-0.17170256,0.6718669,-0.97899544,-0.29434907,-0.90367514,-0.6947984,-0.7728825,0.112366706,-0.2848211
59,4076,0.39084768,0.0691157,-1.0704089,-0.3948118,-0.103641964,-0.0045828084,-0.04982072,-1.0812297,0.12188177,0.50959885,-0.10787947,0.3871945,-0.01027368,0.15552665,0.1893175,-0.708197
59,4084,-0.18437228,0.90501744,0.16985355,0.45103216,-0.3587814,-0.38598233,-0.4385307,-0.06436472,0.49933004,0.35527635,0.2859027,-0.35401917,1.0053548,-0.3407613,0.4702406,-0.048034683
59,4092,0.62171465,-0.46309495,-0.48003215,0.773824,-0.31159714,1.6824046,-0.704443,-0.15800837,0.64574254,-0.93152845,-0.2755091,-0.8570359,-0.6563016,-0.74353194,0.10578477,-0.25071365
59,4093,-1.2730057,-0.59651554,-0.08257912,-1.0332081,-0.15553798,1.4114456,0.48899835,0.94803876,0.7787357,1.784778,-0.6647932,-0.33411717,-0.39932728,1.1038563,-1.7800461,0.68427193
59,4107,-0.17669284,-0.06563784,0.17903028,-1.226346,-0.16109765,-0.2224501,0.2767901,0.086033486,-0.43481445,0.10854194,-1.0477332,-0.19296378,-0.08761777,-0.45030737,1.186251,-0.38426352
59,4119,0.29108286,-0.6797191,0.540203,0.01878941,-0.4003995,-0.1059393,0.16109583,-0.026005588,-0.20579644,-0.17244984,0.15414546,0.87136567,-0.42554986,0.01870044,-0.34636426,0.46114373
59,4132,-0.5836187,-0.79596263,-0.49802303,0.29417533,0.4783228,-0.52361333,0.2257576,0.21299228,-0.57380456,-0.047605246,0.4588867,-0.5679552,0.36966082,0.3529626,-0.06812321,-0.26941818
59,4145,0.14491332,-0.47493064,-0.5384014,0.08990942,1.0306531,-0.22495101,0.5947905,0.354008,-0.7086711,-0.4185567,0.40503466,-0.49247825,-0.045221314,0.1527511,-0.18766451,-0.11868271
59,4155,-0.057043605,-0.5734457,-0.53311646,0.14648259,0.8857643,-0.3053375,0.4940315,0.31369546,-0.676378,-0.32259548,0.41491053,-0.5106548,0.057883143,0.21549574,-0.1568805,-0.16062637
59,4158,-0.138644,0.91630775,0.21684295,0.45653945,-0.34266537,-0.38654494,-0.4254603,-0.040201128,0.47819543,0.30751765,0.27298284,-0.34690756,0.97860533,-0.3768666,0.4949637,-0.020658098
59,4168,0.04131392,-0.28170592,-0.015166968,0.14818537,-0.48333806,-0.3745455,-0.24669327,-0.5470881,0.041270003,0.14165962,0.22201012,0.8728972,-0.08189185,0.29442617,-0.17354038,-0.055056885
59,4172,0.118335426,-0.2737826,-0.25910288,0.09731269,-0.44027305,-0.3349775,-0.23781869,-0.72826046,0.064144865,0.22048905,0.23458429,0.8974073,-0.09657009,0.33182445,-0.19635582,-0.18194576
59,4179,0.43921447,0.032823175,-1.0681401,-0.4477653,-0.08466109,0.03460836,0.011319816,-1.0590848,0.09789508,0.521804,-0.12383664,0.36339265,-0.027709737,0.12130469,0.19184153,-0.6843251
59,4190,0.00063189864,-0.5729395,0.5277475,0.14427528,-0.5532351,-0.31639314,-0.09754345,-0.08493077,-0.116508916,-0.106120214,0.14815897,0.83536065,-0.25000238,0.108846754,-0.1983484,0.31656504
59,4195,0.31694704,0.019382417,-0.92620605,-0.27706283,-0.1820775,-0.08335678,-0.11767888,-1.0254633,0.12624449,0.45470148,-0.038909588,0.48009783,-0.006581992,0.19623274,0.13031852,-0.6251048
59,4201,-0.91913027,1.2101616,0.26239604,0.27067536,0.7487321,-0.21108405,-0.6817759,0.083358124,0.11493532,-0.9376615,-0.57305914,0.20880844,-1.035415,0.9484876,-0.22045675,-0.42499894
59,4217,0.27453342,0.9140866,0.444336,0.31754327,-0.15040874,-0.14421572,-0.1523843,0.107791856,0.33775485,0.09431575,0.24412335,-0.1698426,0.643309,-0.4366273,0.29683104,0.28873432
59,4226,-0.49267095,-0.20609768,-0.09040873,-0.3199938,-0.14151573,0.8125312,0.1499224,0.69678473,0.5667193,0.7820921,-0.41108876,-0.7479383,0.105804235,-0.0144195985,-0.4090434,0.24721451
59,4230,-0.7593688,-0.18265913,0.78900605,-0.31186467,-0.39870518,-0.5544404,-0.27923992,0.24646997,-0.31867546,-0.3898946,-0.55482423,0.17733364,-0.27025586,-0.0045901374,0.70400953,-0.040021792
59,4256,-0.94756603,2.2191002,-0.11736007,0.3664173,1.4440482,-0.153212,-0.8627702,-0.059635706,0.3057133,-1.1224568,-0.70360196,0.30221915,-1.3646343,1.4955926,-0.60371673,-0.75006485
59,4263,0.5884604,-0.18054296,0.123034924,0.051628277,-0.1540361,-0.0018628598,0.16498408,-0.4340098,-0.007695347,0.06838289,0.3332059,0.85020655,-0.2251556,0.15026337,-0.4827743,0.30452406
59,4271,0.5356645,-0.6221404,-0.6364024,0.87482774,-0.38600367,1.8472017,-0.8678103,-0.18441305,0.729429,-1.0228223,-0.36487687,-1.0246799,-0.72836405,-0.7891659,0.17139252,-0.40777224
59,4277,0.2172579,0.4777642,0.19604787,0.10685134,0.05808845,0.18051577,-0.0010367036,0.64486045,0.24409448,-0.08354622,-0.14710847,-0.80145323,0.4945541,-0.8263767,0.48487777,0.07863322
59,4280,-0.7867895,-0.863636,-0.49639308,0.36069041,0.3127824,-0.6320037,0.11658856,0.14534585,-0.52815866,0.080435574,0.5151038,-0.5820914,0.52367455,0.41773173,-0.04036635,-0.31933212
59,4285,-0.19648655,-0.08492507,0.20086268,-1.2883339,-0.16796334,-0.24114303,0.29518256,0.09900068,-0.46845496,0.099624775,-1.0937104,-0.19196615,-0.10289733,-0.47110027,1.2339548,-0.39502025
59,4309,-0.5836187,-0.79596263,-0.49802303,0.29417533,0.4783228,-0.52361333,0.2257576,0.21299228,-0.57380456,-0.047605246,0.4588867,-0.5679552,0.36966082,0.3529626,-0.06812321,-0.26941818
59,4326,0.051182833,0.3564127,0.14371547,0.07084297,-0.06799586,0.27631885,-0.056167804,0.6406734,0.3515569,0.077589095,-0.22765225,-0.8247952,0.47563595,-0.7282505,0.41451034,0.058926053
59,4327,0.88476354,0.6262119,0.6098493,0.08254059,0.1393327,0.26556927,0.32258967,0.101334386,0.05475448,-0.14459826,0.2846262,0.234688,0.021329507,-0.3051477,-0.20966348,0.7071453
59,4333,0.43741894,-0.12652747,-0.84254795,-0.724019,-0.102632456,0.043249894,0.1942172,-0.8362742,-0.06937955,0.48207265,-0.31383726,0.27236712,-0.08550502,-0.058518015,0.3800516,-0.5841086
59,4335,-0.106586546,-0.002457738,-0.12849708,-0.48109382,-0.2672975,-0.2922063,-0.09808748,-0.36684394,-0.10607456,0.16218042,-0.41956368,0.28215533,-0.031492203,-0.00454208,0.53084767,-0.3814205
59,4346,0.23746477,-0.137682,-0.27049404,0.06685351,0.7870789,-0.094679795,0.45843208,0.48187402,-0.45077103,-0.36710954,0.21281843,-0.55135554,0.06980218,-0.16494484,0.009313948,-0.032351658
