window_id,vehicle_id,z_0,z_1,z_2,z_3,z_4,z_5,z_6,z_7,z_8,z_9,z_10,z_11,z_12,z_13,z_14,z_15
86,1926,0.87438244,-0.77852696,-0.78787374,-0.8322534,-0.11514412,0.63217795,0.012412906,-0.49883753,0.39320597,0.7722466,0.25465137,0.40482652,-0.065694004,0.04898116,0.3584144,-0.261386
86,1306,0.8743825,-0.77852714,-0.7878738,-0.8322534,-0.11514412,0.63217795,0.012412906,-0.49883753,0.39320594,0.7722466,0.25465137,0.40482652,-0.065694004,0.048981145,0.35841438,-0.26138598
86,2792,0.8743825,-0.778527,-0.7878737,-0.83225334,-0.11514412,0.632178,0.012412906,-0.49883753,0.39320594,0.7722467,0.25465137,0.40482652,-0.065694004,0.04898116,0.3584144,-0.261386
86,2086,1.0834262,0.073390216,-0.47151345,0.3525144,1.6876191,-0.5448101,-0.05870357,-0.8661872,0.22610387,-0.3343778,-0.36301047,-0.19482312,-1.2591802,-0.060528178,-0.5016114,-0.633798
86,1824,0.8743824,-0.778527,-0.78787374,-0.8322534,-0.11514412,0.63217795,0.012412906,-0.49883753,0.39320594,0.7722467,0.25465137,0.40482658,-0.065694004,0.048981145,0.35841438,-0.261386
86,2166,0.8743825,-0.778527,-0.7878737,-0.8322534,-0.11514412,0.63217795,0.012412906,-0.49883753,0.39320594,0.7722467,0.25465137,0.40482652,-0.06569402,0.048981145,0.3584144,-0.26138607
86,2364,0.87438244,-0.77852696,-0.7878737,-0.8322533,-0.11514409,0.6321779,0.012412876,-0.4988376,0.39320594,0.7722467,0.25465137,0.40482652,-0.06569402,0.048981145,0.3584144,-0.26138604
86,2466,0.8421435,0.06454294,-0.09720192,0.09315038,0.38290867,0.11390245,-0.476814,0.17820935,0.10342001,-0.44775885,-0.029217541,-0.54218024,-0.7219763,-0.14593525,-0.23494567,0.094233684
86,3352,0.8743825,-0.778527,-0.78787374,-0.8322533,-0.11514412,0.63217795,0.012412906,-0.49883747,0.39320594,0.7722467,0.25465137,0.40482652,-0.06569402,0.048981175,0.3584144,-0.261386
86,269,0.87438244,-0.778527,-0.78787374,-0.83225334,-0.11514413,0.63217795,0.012412906,-0.49883753,0.39320594,0.7722466,0.25465137,0.40482652,-0.065694004,0.048981145,0.35841438,-0.26138598
86,709,-0.024574265,0.68730354,-0.18391225,0.35067737,0.4037965,-0.13929284,-0.29805258,-0.49377656,0.33416957,-0.4543829,-0.76619744,-0.665223,-0.2146768,-0.3230816,0.30248827,0.44589815
86,2114,0.8743825,-0.77852696,-0.7878737,-0.8322534,-0.11514415,0.63217795,0.012412876,-0.4988376,0.39320594,0.7722466,0.25465137,0.40482646,-0.065694004,0.048981145,0.35841438,-0.26138598
86,4262,1.0834261,0.07339021,-0.4715134,0.3525144,1.6876191,-0.54481,-0.05870357,-0.8661872,0.22610389,-0.3343778,-0.36301053,-0.19482312,-1.2591802,-0.060528178,-0.5016114,-0.633798
86,102,0.8743824,-0.778527,-0.7878738,-0.83225316,-0.11514412,0.63217795,0.012412906,-0.49883753,0.39320594,0.7722466,0.25465137,0.40482652,-0.065694004,0.04898116,0.35841438,-0.261386
86,1553,0.87438256,-0.778527,-0.78787374,-0.8322533,-0.11514412,0.63217795,0.012412876,-0.49883753,0.39320594,0.7722466,0.25465137,0.40482658,-0.065694004,0.048981145,0.3584144,-0.261386
86,3917,0.87438256,-0.778527,-0.7878738,-0.83225334,-0.11514412,0.63217795,0.012412906,-0.49883747,0.39320594,0.7722466,0.25465137,0.40482658,-0.06569399,0.048981145,0.35841438,-0.26138598
86,3989,1.0834261,0.0733902,-0.4715135,0.3525144,1.6876193,-0.54481006,-0.058703616,-0.86618733,0.22610389,-0.3343778,-0.3630104,-0.19482312,-1.2591804,-0.060528174,-0.50161135,-0.6337979
86,6,1.0504575,0.06727224,-0.3565146,0.25010467,1.2490056,-0.30933335,-0.25116992,-0.47436875,0.19653752,-0.42179096,-0.24920331,-0.35895604,-1.1356984,-0.100839436,-0.424712,-0.38135764
86,14,-0.33546716,-0.17507035,0.27748045,-0.1710991,-0.14788231,-0.5428993,-0.06758529,-0.40895277,0.5988158,-0.23436604,0.13129765,0.039180726,0.4714539,-0.04307998,1.0477093,-0.66378117
86,19,-0.5825272,0.22559573,0.15342243,0.57793814,-0.013735313,0.035405897,0.24818626,-0.56178015,-0.048983544,0.2901345,-0.36572194,-0.4150629,0.40695184,-0.030587725,0.1773263,1.0296016
86,27,0.14794388,-0.004195273,0.09777534,-0.24178083,-0.10133113,0.30039236,-0.22583836,0.51453614,-0.34138367,-0.0935168,0.3224823,0.27845657,-0.23727438,0.35584205,-0.4344486,-0.17604798
86,36,-0.77325964,0.3522014,0.48999104,0.4551709,-0.0066442117,-0.28077307,-0.15841848,-0.36863858,0.24596137,-0.22321858,-0.23860328,-0.5089676,0.43802336,0.0071738735,0.6236408,0.4644986
86,45,-0.29535222,-0.21715146,0.2689437,-0.19812128,-0.1792149,-0.53456885,-0.04467106,-0.39680934,0.58711934,-0.20377071,0.16306414,0.07678862,0.4620114,-0.046976913,1.0418291,-0.7070253
86,57,-0.016493887,-0.3607992,0.58716834,-0.31600836,-0.16979706,0.29883152,-0.9642154,0.82623684,0.42806858,-0.45582753,0.84194773,-0.22718626,0.2201154,0.17237286,0.35996684,-0.16351727
86,69,0.1609789,-0.67041814,-0.4339611,-0.18217799,-0.17202671,0.56537133,0.38151178,-0.6444039,0.035698295,1.0618505,0.15130037,0.180443,0.386512,0.14113672,0.057106704,0.6402092
86,76,-0.11198361,0.23965812,0.32829624,0.38100213,-0.09115103,0.034827624,-0.26339716,0.02204983,0.0023497492,-0.2575324,-0.18577053,-0.58548963,-0.057872936,-0.10173221,0.13688293,0.5715474
86,87,0.87030995,-0.8476757,-0.75841266,-0.88804996,-0.22182152,0.51987743,0.07263929,-0.5284408,0.43300065,0.77195597,0.27767304,0.48695087,-0.05524333,0.020944804,0.48687327,-0.47740796
86,98,1.1074337,0.08339258,-0.4683808,0.37301472,1.6642962,-0.52678376,-0.057486475,-0.8612145,0.1981354,-0.32576054,-0.39117557,-0.22765169,-1.2915348,-0.06746274,-0.53410214,-0.59240675
86,104,0.014683574,-0.34706044,0.5791413,-0.28913718,-0.19311062,0.3036,-0.93650126,0.8159148,0.39220178,-0.4501764,0.80849046,-0.24699071,0.18225658,0.16283064,0.333292,-0.1254154
86,120,0.23321411,-0.33222488,0.4382034,-0.23162584,-0.20869754,0.37480888,-0.75122344,0.8213634,0.16271976,-0.37821987,0.6862665,-0.23678538,-0.011321127,0.121855795,0.06975344,0.0143697485
86,128,0.60979885,-0.32320994,0.32686603,-0.0169597,-0.3754574,0.50932103,-0.38120088,0.797983,-0.3386633,-0.14715677,0.39517617,-0.2844271,-0.45652995,0.095060706,-0.49234277,0.33359462
86,149,0.5821491,-0.37049443,0.30298406,-0.11281356,-0.2922579,0.49368465,-0.49217868,0.850994,-0.1922619,-0.2544111,0.50537914,-0.26638514,-0.36012986,0.079383165,-0.3631385,0.25159237
86,156,-0.5119148,0.75080013,0.027557611,-0.1628718,-0.102725565,0.0053485036,0.12682495,-0.05553986,-0.6318667,0.24400148,-0.20812376,0.7565338,-0.1711419,0.69078094,-0.45196056,-0.60516346
86,157,-0.015544027,-0.3511387,0.5741808,-0.31310746,-0.15753491,0.29225108,-0.9515865,0.81241786,0.4300495,-0.4519955,0.8309255,-0.22297,0.22500482,0.16591094,0.36104578,-0.16505006
86,165,0.5870584,-0.5168819,0.4180709,0.28879318,-1.1381552,-1.0522723,1.1261119,0.08081148,-0.13373134,0.3360176,-0.3191316,-0.020190164,-0.08884907,-1.009891,0.5014372,-1.1979494
86,168,0.14155099,-0.34769207,0.5086387,-0.26007488,-0.21292683,0.35836038,-0.8340461,0.8364774,0.24296343,-0.39823496,0.7486671,-0.23630753,0.06322357,0.14956076,0.16219848,-0.045083955
86,180,-0.31316227,-0.063178,0.12362565,-0.07041763,-0.0076594353,-0.24621668,-0.11394633,-0.4240448,0.48657355,-0.104781196,0.03766933,-0.082445785,0.43131074,0.0068169087,0.779807,-0.15854022
86,182,-0.0124501735,0.3075896,0.107244164,0.12518348,0.15678154,-0.155671,-0.49336362,0.098275445,0.3870415,-0.6562553,-0.10838176,-0.5217989,-0.08602458,-0.1930741,0.40901622,0.13246794
86,184,0.019664183,-0.3372713,0.5663939,-0.28184754,-0.18422572,0.29702392,-0.9209815,0.8006912,0.39230675,-0.44698644,0.7939211,-0.24704957,0.18357812,0.15374552,0.33307028,-0.1202026
86,188,0.07957225,0.23698315,0.33389828,0.55973554,-0.1140908,0.122070186,-0.118807495,-0.0631427,-0.24852279,-0.0627829,-0.34112227,-0.6798746,-0.2870983,-0.09638371,-0.1792189,0.7788551
86,194,0.2108782,-0.73402256,-0.3748355,-0.37875178,-0.1638798,0.46685272,0.23047712,-0.5817557,0.20728235,0.8860878,0.2967345,0.2614007,0.40302676,0.18052457,0.2772516,0.26070762
86,208,-0.56666577,0.7241438,-0.03294447,-0.25319368,0.022222694,-0.0045569316,0.058039337,-0.03376849,-0.49266544,0.16385582,-0.13714458,0.7915877,-0.062472656,0.6692623,-0.34617746,-0.67134225
86,234,-0.17960756,0.6127484,-0.06131328,0.29287812,0.35906807,-0.21500883,-0.33776546,-0.4573257,0.41605502,-0.49817985,-0.6119089,-0.6037066,-0.049829587,-0.25369257,0.47733098,0.31918693
86,247,-0.6550131,0.10201231,0.22278932,0.53038037,-0.07173093,0.028661009,0.27350274,-0.55297375,-0.017195538,0.37207216,-0.21725608,-0.33251,0.54421246,0.03879735,0.2505117,0.9606353
86,249,0.03448394,-0.34866196,0.5839034,-0.2744778,-0.21270044,0.31239122,-0.9313073,0.82095504,0.37055677,-0.45142666,0.7958009,-0.26688161,0.1538998,0.15866236,0.3147886,-0.0968415
86,250,-0.7253354,0.32236215,0.44448322,0.27377132,0.07456357,-0.35952193,-0.2834192,-0.34400332,0.45487687,-0.37919798,-0.1308208,-0.42049664,0.4857079,0.019992195,0.8159023,0.15358827
86,259,0.13509476,0.38173157,-0.11926592,-0.078875124,0.37271672,-0.2942726,-0.6461307,0.15801346,0.67451996,-0.9618497,-0.06508237,-0.44751644,-0.14860645,-0.27855796,0.5827724,-0.2295421
86,270,-0.012450188,0.30758962,0.107244164,0.12518348,0.15678154,-0.15567097,-0.49336362,0.09827545,0.3870415,-0.6562553,-0.10838176,-0.52179897,-0.08602458,-0.19307409,0.40901625,0.13246793
86,296,0.16608112,-0.6285693,-0.42909664,-0.16592437,-0.15814656,0.5521271,0.3614284,-0.62135965,0.03588003,1.0165391,0.13184763,0.15840052,0.3659734,0.12418908,0.05099824,0.63917136
86,304,-0.59719664,0.7337752,-0.046353765,-0.27752584,0.046417203,-0.008823447,0.050142676,-0.03556198,-0.47986886,0.15752298,-0.13087504,0.82069695,-0.044996753,0.68329626,-0.3366465,-0.70307374
86,320,-0.27013248,-0.22479531,0.17766835,-0.17554806,-0.1441177,-0.4103328,-0.02054356,-0.44632232,0.5384197,-0.08778539,0.11655335,0.05242516,0.446509,-0.028769724,0.9328697,-0.5102681
86,321,0.64970994,-0.6113261,0.24994847,0.07788424,-1.0319389,-0.82227147,0.97970986,0.0002451241,-0.042247444,0.42017305,-0.19037594,0.09077339,-0.07610938,-0.8501947,0.52768,-1.155661
86,323,0.8785716,-0.8887625,-0.68035984,-0.8339187,-0.34451127,0.37445325,0.20291519,-0.51339966,0.39612615,0.7897123,0.23744732,0.4910407,-0.062548146,-0.07015717,0.5239582,-0.61345875
86,345,0.50041765,-0.055568427,0.36004066,0.21310891,-0.5224367,0.43864056,-0.059575945,0.51323044,-0.6585406,0.15285203,0.05180435,-0.22475545,-0.5819943,0.16920252,-0.7056223,0.39411798
86,356,-0.8061756,0.625236,-0.3344732,-0.56877613,0.53603727,-0.010787033,-0.1311518,0.06870191,-0.10817087,-0.060709387,0.06791984,0.93876207,0.2971987,0.60207564,-0.20676912,-0.7951275
86,368,-0.015544027,-0.3511387,0.57418084,-0.31310743,-0.1575349,0.29225108,-0.9515865,0.8124179,0.43004948,-0.45199552,0.83092546,-0.22297,0.22500484,0.16591094,0.36104578,-0.16505009
86,370,-0.38953525,-0.5016565,-0.89337295,0.07291297,0.6519087,-0.36069843,1.0797714,1.2597594,-0.011321664,-0.64978087,0.33312094,0.38870406,0.69143796,-0.9935168,-1.0185026,0.687158
86,376,-0.4430151,0.7165563,0.0981913,-0.0978435,-0.17398866,0.02112285,0.09823379,-0.030115947,-0.6310339,0.24726883,-0.20242797,0.6370666,-0.19622815,0.64127034,-0.43631148,-0.5118123
86,377,-0.07787712,0.6734904,-0.16394442,0.40605146,0.37304774,-0.1191536,-0.23208798,-0.52768844,0.27702895,-0.37721765,-0.7837814,-0.6711672,-0.18478158,-0.30977744,0.2623111,0.54917777
86,384,0.5242769,-0.087399974,0.35340294,0.19227588,-0.5223128,0.45832062,-0.067868486,0.54769653,-0.6723112,0.14520964,0.07503965,-0.21237402,-0.60284686,0.17836611,-0.736377,0.3906225
86,391,-0.6610794,0.0544376,0.23513287,0.48557234,-0.08128594,0.019193187,0.2583301,-0.5439913,0.021197438,0.37808943,-0.1556191,-0.29669306,0.5853021,0.061517015,0.29924938,0.8877801
86,395,-0.7079689,-0.525521,-1.2372059,0.09722571,0.9836091,-0.6201064,1.4558288,1.3834494,0.1337642,-0.83677316,0.34052646,0.5298324,1.036464,-1.3231575,-1.1189141,0.80598307
86,400,-0.7702251,0.3581422,0.48960716,0.4772598,-0.014257167,-0.2679606,-0.143659,-0.37070048,0.21790427,-0.20540154,-0.25630945,-0.52179277,0.42441708,0.0022651702,0.5940556,0.5053622
86,407,-0.43932903,0.69398147,0.14022559,-0.10301465,-0.2060433,0.03880898,0.048903376,0.012399197,-0.62354577,0.23566216,-0.16745426,0.60691255,-0.2006416,0.64567566,-0.42554915,-0.50446594
86,414,-0.73985463,0.3192804,0.4726086,0.33522493,0.032194793,-0.32340726,-0.23354475,-0.33266354,0.37106076,-0.31124437,-0.14456187,-0.4402883,0.47982794,0.022397503,0.7389698,0.2614367
86,418,-0.5323823,0.7552803,0.0085900575,-0.18466723,-0.07491797,0.0016879365,0.12512797,-0.05848168,-0.61944485,0.23739925,-0.20374991,0.7826542,-0.1561938,0.69897735,-0.4460135,-0.6299448
86,424,-0.56732225,0.4265073,0.2721508,0.21288377,0.21240065,-0.37136173,-0.3783074,-0.38911474,0.5480988,-0.521314,-0.269342,-0.46832424,0.32805973,-0.06622879,0.82262,0.07971324
86,428,0.165343,-0.6800776,-0.40816596,-0.2134514,-0.17382647,0.5437855,0.35190973,-0.61838496,0.063962325,1.0227014,0.19011676,0.19511999,0.39734757,0.15077944,0.09696652,0.5676433
86,432,-0.14385374,0.48774105,0.29989386,0.06772187,-0.3746471,0.15353625,-0.025576636,0.1592228,-0.6269512,0.23115927,-0.12467699,0.23486932,-0.3175681,0.4607591,-0.46348047,-0.16680369
86,454,0.07131005,-0.08671816,-0.44619596,0.12181012,0.048089743,0.37515372,0.20041323,-0.5935329,0.046828166,0.571179,-0.30816323,-0.17789178,0.13268547,-0.09000662,0.0020873398,0.8252976
86,455,0.2777896,-0.70366836,-0.2574316,-0.43820217,-0.2679578,0.19209424,0.21027091,-0.4760155,0.30646107,0.64755136,0.29050872,0.2864018,0.32645583,0.052389577,0.49557614,-0.20813227
86,457,0.67682225,-0.6575221,-0.0131312385,-0.23392762,-0.7687718,-0.41808996,0.6375991,-0.117605284,0.1284422,0.45745373,0.019296646,0.22648688,-0.034973055,-0.5436667,0.55898273,-0.98530865
86,464,0.16874456,-0.38080978,-0.45946854,-0.08756252,-0.047421973,0.45914385,0.24329117,-0.5930119,0.08241483,0.76276076,-0.060670927,0.018205926,0.23162183,0.019432932,0.059815854,0.64064837
86,471,0.6030531,-0.21721569,0.22728938,0.03925747,-0.37116244,0.47631967,-0.13275316,0.65293944,-0.55916274,0.0140040815,0.22005603,-0.12567629,-0.5516511,0.15540482,-0.70745486,0.3014631
86,478,0.20914152,-0.28365958,0.56146795,-0.07041626,-0.34062997,0.37264305,-0.7444601,0.75667655,0.090826556,-0.35747868,0.56795144,-0.41744903,-0.10076031,0.09602751,0.06887588,0.20612751
86,484,-0.21454374,0.5064666,0.13679542,-0.073020354,-0.21555296,0.11710442,0.021782786,0.12930772,-0.5892495,0.18021563,-0.09234469,0.45367843,-0.25709835,0.525108,-0.46462315,-0.33569652
86,496,-0.59683496,0.735193,-0.04124693,-0.2728989,0.042206176,-0.009741224,0.04798147,-0.03666611,-0.47821274,0.15799892,-0.13187842,0.81370234,-0.044051126,0.6806223,-0.33234352,-0.6990578
86,497,-0.32814097,0.59303975,0.1366776,-0.0969861,-0.20319839,0.07803506,0.023048699,0.07811162,-0.58910406,0.1957379,-0.11630361,0.52899927,-0.2173979,0.58148277,-0.43022823,-0.42416945
86,503,0.1660536,-0.6277556,-0.45560962,-0.15270272,-0.1549467,0.5681806,0.38114277,-0.6498199,0.022614941,1.0478139,0.1017908,0.15145169,0.35650295,0.118470475,0.028932303,0.6841208
86,504,0.17394036,-0.105329335,0.511978,0.1076951,-0.296098,0.2746546,-0.61188567,0.5145372,0.026509702,-0.32414997,0.30867028,-0.53643185,-0.18261433,0.03308542,0.04469131,0.3534905
86,506,0.72600454,0.03292659,0.018662907,0.07493754,0.24694386,0.15108913,-0.54020953,0.26617438,0.1136096,-0.45231357,0.04541497,-0.55943495,-0.6251867,-0.114076965,-0.1637115,0.1344416
86,507,0.698436,-0.6548018,-0.27912235,-0.5164795,-0.4931403,-0.024472952,0.29232636,-0.22483034,0.2917192,0.46240562,0.19196722,0.33517897,-0.013799444,-0.25968876,0.5710082,-0.7855308
86,522,-0.33313525,0.41637337,-0.007950969,0.59786004,0.11288963,0.04809825,0.16443768,-0.5804122,-0.051689267,0.14167938,-0.6191191,-0.542923,0.103763506,-0.1586913,0.047360793,1.0117397
86,530,0.15005511,-0.31946445,0.56061316,-0.16453607,-0.27503768,0.34850726,-0.8284757,0.7898961,0.2195229,-0.40680298,0.6685081,-0.3554994,0.0036249906,0.11563821,0.17328514,0.07435741
86,556,-0.3609323,-0.6204871,-1.07512,-0.091869876,0.873429,-0.3490358,1.0880402,1.3247108,0.06446249,-0.77376413,0.48318464,0.5260987,0.72206545,-0.9890856,-1.0729192,0.6086545
86,558,-0.09737508,0.25157076,0.29451862,0.33861828,-0.047238175,-0.0018551201,-0.3129562,0.032933593,0.07251948,-0.33668414,-0.17905395,-0.5853259,-0.072831765,-0.11651924,0.18740809,0.49575177
86,571,0.081255525,-0.14221552,0.6210258,0.15735875,-0.4329505,0.3187782,-0.5639161,0.55303997,-0.067301095,-0.23866318,0.33748323,-0.5243429,-0.119645625,0.06461747,0.018082872,0.44631073
86,574,-0.004085943,0.31070587,0.0817176,0.08446565,0.18615322,-0.18109769,-0.5212688,0.11289843,0.44104224,-0.7024459,-0.08299987,-0.50045127,-0.07335752,-0.2003251,0.45187038,0.062306978
86,588,0.60333544,-0.4638567,0.6123784,0.5936147,-1.3079773,-1.3255768,1.4156786,0.19173515,-0.31932357,0.34565312,-0.5338592,-0.19588137,-0.14944252,-1.2778332,0.3752319,-1.2109661
86,594,0.49133265,-0.023914516,0.24339,0.06659516,-0.04525536,0.23844498,-0.61396766,0.4341904,0.085127175,-0.42250913,0.17388566,-0.57902163,-0.42225406,-0.059091,-0.053487316,0.2568485
86,598,-0.44047523,0.6984359,0.12810038,-0.103266254,-0.1949885,0.033909474,0.05937031,0.0021828264,-0.62038875,0.23561776,-0.17400591,0.6138441,-0.19593328,0.64246565,-0.42401636,-0.5067384
86,621,-0.46500742,0.74220616,0.089912415,-0.10175493,-0.17866065,0.017175816,0.12535447,-0.046654984,-0.6722517,0.27171642,-0.22601216,0.67836887,-0.21577752,0.67282575,-0.47273225,-0.5367807
86,629,-0.06817168,0.5524776,0.29849097,0.20188572,-0.47766057,0.17162606,0.18487012,0.067867324,-0.8991486,0.40965426,-0.32275152,0.25144696,-0.5149735,0.500791,-0.726182,-0.07334417
86,632,-0.16374575,0.47122636,0.2975614,0.03075505,-0.34689197,0.1514757,-0.07582551,0.18398194,-0.5675006,0.19064164,-0.07770516,0.23758422,-0.27467027,0.45631468,-0.40881205,-0.19487888
86,639,-0.2402486,0.47656417,-0.05284276,0.5635756,0.16520697,0.032009866,0.08952671,-0.5554454,-0.005348131,0.04313156,-0.66338104,-0.5724839,0.014424607,-0.19916525,0.052612618,0.92461145
86,641,-0.4670781,0.4763513,0.18084446,0.21098089,0.26469755,-0.34623697,-0.38951242,-0.40869057,0.5452214,-0.5445663,-0.35199076,-0.49726027,0.23395455,-0.114722334,0.76492226,0.10217379
86,643,-0.78049695,0.69417864,-0.26444256,-0.4923792,0.40793914,-0.024609134,-0.059596762,0.0068617314,-0.22805873,0.019962192,-0.017163053,0.94042826,0.20373534,0.64667386,-0.24398763,-0.8055924
86,659,0.61822635,-0.2902843,0.324683,0.02791293,-0.39853764,0.50574267,-0.31932622,0.7567054,-0.39909735,-0.096787065,0.3350466,-0.28540626,-0.49179688,0.09741329,-0.5445842,0.36436278
86,663,-0.59683496,0.73519284,-0.041246943,-0.2728989,0.042206176,-0.009741217,0.04798153,-0.03666611,-0.47821268,0.15799889,-0.13187842,0.81370234,-0.04405111,0.6806224,-0.33234358,-0.69905794
86,671,0.52697366,-0.28470752,0.07624381,-0.04790852,-0.18405193,0.413961,-0.11820656,0.7274382,-0.40414277,-0.1195265,0.30944496,-0.06395532,-0.38868448,0.053949907,-0.6623728,0.2838949
86,672,0.13899867,-0.15910637,0.61528546,0.16660546,-0.44801793,0.34785774,-0.55921215,0.5788589,-0.10675272,-0.23123166,0.32878023,-0.54443717,-0.1764541,0.05897157,-0.03649892,0.47666332
86,682,-0.7623796,0.69739276,-0.25202888,-0.47856557,0.379805,-0.022847705,-0.043645605,0.0016453862,-0.25464863,0.033286184,-0.028787702,0.9399626,0.17845468,0.6539852,-0.25700444,-0.8036901
86,691,-0.2483085,0.60140914,-0.017887376,0.29095882,0.34973696,-0.24913299,-0.34342515,-0.47651368,0.44389763,-0.50837,-0.5937403,-0.59801406,-0.0032233298,-0.23085429,0.5362701,0.2907966
86,698,-0.4905082,0.3606333,0.3662766,0.44339207,-0.0041859783,-0.15903524,-0.18827096,-0.21819569,0.14345369,-0.25622883,-0.25962198,-0.5455444,0.20408033,-0.068494335,0.39833027,0.53870755
86,699,0.60333544,-0.46385664,0.6123784,0.5936147,-1.3079773,-1.3255767,1.4156786,0.19173515,-0.31932357,0.34565306,-0.53385925,-0.19588137,-0.14944252,-1.277833,0.37523192,-1.2109661
86,700,-0.12405072,0.50011927,0.30014315,0.099618316,-0.39719328,0.1561276,0.019300818,0.13839392,-0.68003845,0.26689082,-0.16620778,0.23239912,-0.35673097,0.46385384,-0.51384145,-0.14162761
86,701,0.05873424,0.106764376,0.1521247,-0.19480723,-0.16034661,0.26773694,-0.21293725,0.45165116,-0.38632885,-0.036028787,0.24575718,0.2789235,-0.23881286,0.39212966,-0.41811198,-0.20008805
86,707,0.28233522,-0.37639385,-0.21995002,-0.062962785,0.087206244,0.20664197,0.17546597,0.90125257,-0.24884099,-0.30475554,0.36064094,0.07894345,-0.06307465,-0.23708984,-0.7326431,0.36905527
86,711,1.0125114,0.066965364,-0.30581006,0.21759358,1.0718493,-0.22271737,-0.29893798,-0.33789957,0.17661399,-0.43030408,-0.2035463,-0.40062207,-1.0555017,-0.11135626,-0.38969928,-0.28221792
86,715,0.60223013,0.007831603,0.14622444,0.057620883,0.046909638,0.22254625,-0.60268116,0.3938372,0.09935108,-0.44631344,0.1207906,-0.5903163,-0.50633645,-0.09067964,-0.09524043,0.22422269
86,720,-0.31339872,-0.12528005,0.22476715,-0.13943163,-0.09330705,-0.4434388,-0.09716734,-0.3968824,0.56386894,-0.21064457,0.09858711,-0.008491114,0.44666728,-0.03233535,0.9532353,-0.50221515
86,731,0.2639663,-0.36996984,-0.23248851,-0.06456478,0.1056253,0.19149,0.1807706,0.8949595,-0.22642592,-0.31612328,0.36161155,0.082967535,-0.0364618,-0.2503131,-0.7128063,0.3655603
86,735,0.49306947,-0.04376787,0.37205613,0.22817427,-0.5361308,0.43659082,-0.054246813,0.50299,-0.66679764,0.16396248,0.038586482,-0.23474053,-0.585361,0.17004655,-0.7061911,0.40375853
86,753,-0.6928943,0.34992158,0.40197223,0.25600746,0.11178562,-0.36808947,-0.31081295,-0.36016482,0.48542914,-0.42085463,-0.16692208,-0.4325869,0.44948366,-0.00082618,0.827901,0.12931614
86,754,-0.36446643,0.39342993,0.00853885,0.5969833,0.09789319,0.049599066,0.17728671,-0.58004236,-0.05442314,0.16316622,-0.5908319,-0.5281383,0.14044875,-0.1438801,0.059485838,1.0219588
86,755,-0.30913156,-0.19871616,0.3058904,-0.18006226,-0.19223607,-0.5748904,-0.041203305,-0.37162918,0.58433616,-0.24112162,0.16905999,0.07515846,0.4644892,-0.060964298,1.0553414,-0.74454796
86,756,-0.7243792,0.36753452,0.47474512,0.5462344,-0.04853979,-0.20161512,-0.081670254,-0.35543567,0.103281684,-0.12394141,-0.29785013,-0.5498065,0.37185633,-0.016776115,0.4621697,0.6492213
86,764,-0.72437924,0.36753452,0.47474515,0.5462345,-0.04853979,-0.20161512,-0.08167024,-0.3554356,0.103281684,-0.12394141,-0.29785013,-0.5498065,0.37185633,-0.0167761,0.4621697,0.6492213
86,766,0.14965634,-0.2693261,-0.4432053,-0.0760009,0.0063332636,0.38089278,0.1590541,-0.5741652,0.14215812,0.600816,-0.12493788,-0.0386779,0.18838142,-0.017880373,0.12117258,0.5713805
86,769,-0.29184675,0.57839715,0.018741876,0.27313218,0.33448276,-0.26886207,-0.35568032,-0.46152353,0.4665517,-0.5194509,-0.54507923,-0.5783026,0.044852942,-0.20960836,0.58507067,0.2531788
86,770,0.9551383,0.061223358,-0.20761773,0.15790386,0.73139566,-0.047124505,-0.39482352,-0.0823306,0.130485,-0.43955445,-0.1246696,-0.4873832,-0.91949475,-0.12956093,-0.3319487,-0.08372736
86,772,-0.04564804,-0.1293123,-0.30372185,0.041181725,0.030787269,0.23606214,0.120657146,-0.57953197,0.17771123,0.43904817,-0.18809088,-0.12996908,0.24498,-0.03074655,0.22613086,0.57205665
86,780,-0.8683774,0.51979494,-0.42015243,-0.67914325,0.73862517,0.0021073967,-0.27870494,0.1719046,0.11931403,-0.20104566,0.21588762,0.9004805,0.47579196,0.51386225,-0.104957834,-0.7688776
86,782,0.5061069,-0.01440388,0.22036901,0.060995795,-0.024764244,0.23139697,-0.6064385,0.42371243,0.09380885,-0.42604667,0.16618949,-0.57134175,-0.4239526,-0.06619259,-0.05194013,0.24327826
86,793,-0.8683774,0.51979494,-0.42015243,-0.6791433,0.73862517,0.0021073967,-0.27870494,0.1719046,0.11931403,-0.20104566,0.21588762,0.9004805,0.47579196,0.51386225,-0.104957804,-0.7688776
86,800,-0.1507758,0.57283294,-0.10992875,0.5126785,0.25501454,-0.021072127,-0.036727026,-0.5476988,0.09595058,-0.123884924,-0.73836166,-0.6281393,-0.092606544,-0.25762892,0.11132585,0.7896917
86,804,-0.49734682,0.737564,0.025326878,-0.15815783,-0.0917047,0.0040276423,0.11747217,-0.05350539,-0.6033572,0.22966856,-0.19964485,0.731481,-0.15579411,0.66642195,-0.42729205,-0.58786964
86,814,0.0679424,-0.118614405,0.5785968,0.10794833,-0.35319158,0.2715953,-0.6088376,0.52675277,0.03152597,-0.30072606,0.35266328,-0.5065577,-0.08578771,0.05767639,0.09963759,0.35790646
86,817,-0.4359153,0.51124763,0.13965675,0.23060654,0.28880066,-0.3357898,-0.38558292,-0.43613023,0.53381485,-0.5474266,-0.4158275,-0.52632844,0.18518767,-0.14060588,0.73153514,0.14240411
86,835,0.0736087,-0.4743181,-0.5782376,-0.3193511,0.53883946,0.0751217,0.26883325,0.9793131,-0.0025441796,-0.5593021,0.57712144,0.37897158,0.21914108,-0.31198156,-0.70276916,0.1940139
86,841,-0.40458602,-0.020159036,0.08109187,0.08722575,0.026343707,-0.09414481,-0.028483704,-0.5063445,0.35888118,0.07811448,-0.059261516,-0.1749945,0.46558088,0.036891773,0.6030196,0.25487334
86,842,-0.33376372,-0.16183591,0.2600489,-0.15829046,-0.12760663,-0.50230646,-0.076318756,-0.40821564,0.58461666,-0.21798618,0.1231634,0.022475451,0.46942708,-0.03404308,1.0118974,-0.59584403
86,850,0.14536531,-0.2503901,-0.45226896,-0.057357613,0.013117766,0.38299793,0.16407242,-0.58270097,0.13325118,0.60103923,-0.15086369,-0.05364865,0.17782266,-0.027261257,0.10691292,0.6009687
86,853,0.602132,-0.5161671,0.5121907,0.4226922,-1.2466007,-1.2003437,1.2891904,0.12572818,-0.2219179,0.3577242,-0.41658306,-0.084387004,-0.116348326,-1.1453301,0.45732015,-1.2417345
86,857,0.1544741,-0.33729723,0.49229732,-0.25198847,-0.20854114,0.35628986,-0.8145579,0.82498485,0.2312897,-0.39385572,0.7312661,-0.23589595,0.054426424,0.14164396,0.15101302,-0.034811765
86,863,-0.04771073,0.5433193,0.28446537,0.20433341,-0.47400567,0.17739263,0.2046381,0.0679757,-0.91773653,0.41666234,-0.33121574,0.25796527,-0.53301334,0.4995818,-0.75385016,-0.06498626
86,864,0.24472275,-0.14654726,0.00896924,-0.3270586,0.010463953,0.32986155,-0.26502845,0.59319633,-0.23055622,-0.19703475,0.44307333,0.28129643,-0.19492054,0.29783034,-0.40741915,-0.16640788
86,865,-0.45576948,0.7159703,0.11190726,-0.104518786,-0.17767465,0.02112478,0.07378569,-0.020056814,-0.6133456,0.2370772,-0.18697439,0.62934303,-0.18253899,0.642284,-0.414212,-0.5186827
86,870,-0.5651717,0.75229985,-0.016728304,-0.22333579,-0.021521062,-0.005444318,0.097650915,-0.054695636,-0.562667,0.20673522,-0.1781696,0.8034948,-0.108522385,0.6947512,-0.400505,-0.66446006
86,874,-0.4880867,-0.5707598,-1.1202549,-0.028637167,0.9138012,-0.44602963,1.1918999,1.3242804,0.10990701,-0.79723513,0.43402267,0.5157043,0.8423084,-1.0996405,-1.0515873,0.66487765
86,888,0.5676773,-0.2656901,0.14004257,-0.03514268,-0.24720389,0.45014516,-0.163574,0.69577485,-0.44233832,-0.07703549,0.29333526,-0.091914594,-0.45034936,0.10768549,-0.6550598,0.27328545
86,897,-0.44945574,0.72044253,0.08240271,-0.1074253,-0.1594639,0.01699479,0.10683361,-0.03668143,-0.6291269,0.24515444,-0.20387296,0.65608686,-0.19120494,0.64570117,-0.4376611,-0.5244825
86,935,0.5728354,-0.15798831,0.37544042,0.17517792,-0.51802766,0.4881019,-0.1525365,0.62012434,-0.5975208,0.07990241,0.14639777,-0.28594822,-0.5903214,0.14216141,-0.6855676,0.4347934
86,942,-0.5129598,0.29670262,0.10028866,0.59673697,0.027885282,0.040531043,0.2266657,-0.5742588,-0.059443146,0.24275848,-0.46220797,-0.4653951,0.30620205,-0.074560955,0.12952703,1.0470598
86,944,-0.7910941,0.32819206,0.48643366,0.34141096,0.04239598,-0.35542238,-0.23802754,-0.37411284,0.398753,-0.32727036,-0.16454421,-0.4515772,0.50135195,0.028011367,0.78606516,0.252528
86,948,0.05937071,-0.50927365,-0.6489995,-0.29902202,0.59046334,0.038859643,0.35826132,1.0206152,0.008192375,-0.5936234,0.5766925,0.3879366,0.26090178,-0.39431858,-0.7520018,0.25212824
86,963,-0.57750195,0.7376252,-0.030901894,-0.25173485,0.013916146,-0.006020203,0.06865245,-0.04087624,-0.51432455,0.17723352,-0.14892681,0.80681926,-0.073498964,0.68475604,-0.36310285,-0.68095124
86,982,0.55134904,0.21134184,0.03991938,0.5455798,0.39917552,-0.0063530207,-0.04722756,-0.30358368,-0.21474922,-0.07244761,-0.43388397,-0.5752911,-0.71114516,-0.11405094,-0.43385333,0.43764582
86,983,-0.10520388,-0.15741801,-0.16240415,-0.038114686,-0.0054373443,0.08930065,0.04641944,-0.5102471,0.28478217,0.28016484,-0.058588102,-0.0701632,0.31554106,-0.004909441,0.42001545,0.27611756
86,986,0.022966579,0.33493373,0.023215737,0.030847328,0.24796472,-0.23221672,-0.571,0.12833467,0.53121126,-0.80344766,-0.07752402,-0.49005634,-0.09237602,-0.22811133,0.51124966,-0.038987875
86,991,-0.028590888,-0.11264825,-0.31688195,0.06494455,0.033808608,0.25930494,0.13219136,-0.5671215,0.14917926,0.4537654,-0.2045788,-0.14358766,0.22858182,-0.041058205,0.18059023,0.6223552
86,994,1.1153445,0.07148894,-0.45919842,0.33915836,1.6150486,-0.49264345,-0.10599019,-0.7945193,0.21003444,-0.35670608,-0.35894328,-0.2515033,-1.2854083,-0.072001696,-0.51652277,-0.57538617
86,996,0.87438244,-0.778527,-0.7878738,-0.8322533,-0.11514412,0.63217795,0.012412906,-0.49883753,0.39320594,0.7722466,0.25465137,0.40482658,-0.065694004,0.048981145,0.35841438,-0.26138598
86,1003,-0.5899115,0.1650012,0.17717838,0.54202384,-0.039061423,0.038596153,0.25102448,-0.53922236,-0.03285317,0.3201992,-0.28620923,-0.37062967,0.4597946,-0.0022131428,0.20464335,0.98004687
86,1021,-0.28545767,-0.49097532,-0.7800571,0.0508713,0.55148935,-0.2721085,0.9418334,1.2128257,-0.05183585,-0.59135467,0.3400545,0.34584534,0.57671034,-0.873261,-0.9764448,0.63336074
86,1022,-0.49922693,0.742809,0.042345837,-0.15212536,-0.11632846,0.008772548,0.1181989,-0.048415244,-0.6297847,0.24302489,-0.2041737,0.7330695,-0.17480668,0.6816105,-0.4470387,-0.5881361
86,1028,-0.5323822,0.7552804,0.0085900575,-0.18466721,-0.07491796,0.0016879365,0.12512806,-0.05848168,-0.61944485,0.23739925,-0.20374997,0.7826543,-0.15619376,0.6989774,-0.4460135,-0.6299448
86,1036,0.5844632,-0.5004713,0.47869292,0.37596783,-1.1802596,-1.1191837,1.1990681,0.11929132,-0.18975788,0.33816105,-0.36481482,-0.068935454,-0.09544781,-1.0723203,0.45907354,-1.1867707
86,1040,0.022966579,0.33493373,0.023215733,0.030847326,0.24796472,-0.23221672,-0.571,0.12833467,0.53121126,-0.8034476,-0.07752401,-0.49005634,-0.09237602,-0.22811133,0.51124966,-0.038987875
86,1049,0.5728354,-0.15798825,0.37544042,0.17517792,-0.51802766,0.4881019,-0.1525365,0.62012434,-0.5975208,0.07990244,0.14639777,-0.28594822,-0.5903214,0.14216146,-0.6855676,0.43479344
86,1054,0.69803923,0.036352918,0.041596536,0.064133234,0.18040907,0.17886728,-0.55394393,0.3116647,0.109737754,-0.4518702,0.06244058,-0.56805146,-0.5820054,-0.11673609,-0.14095853,0.16738759
86,1058,-0.45391876,0.73086864,0.08734177,-0.10145669,-0.17180099,0.017754786,0.11849028,-0.042119935,-0.6543249,0.26069802,-0.21724094,0.6647567,-0.20688844,0.6584535,-0.45860952,-0.52703965
86,1063,-0.12409182,0.6713755,-0.12577522,0.3558205,0.3889164,-0.18373483,-0.2981814,-0.5243516,0.36435175,-0.46074772,-0.7442224,-0.6613299,-0.14627692,-0.29414955,0.379044,0.42453924
86,1066,0.50467753,-0.033865392,0.42022026,0.28444013,-0.6009232,0.45516306,-0.036148027,0.4969797,-0.71956587,0.20596236,0.0008916259,-0.28323185,-0.63189304,0.17383875,-0.7481602,0.46567923
86,1075,-0.021437109,0.5287218,0.26086447,0.20885056,-0.44993496,0.17344376,0.21714711,0.06003748,-0.8956151,0.4042431,-0.33187705,0.24562697,-0.52244425,0.47175562,-0.7418931,-0.046832144
86,1084,-0.7999569,0.3386371,0.50018454,0.4008425,0.014270471,-0.32479563,-0.19770794,-0.37548023,0.32572502,-0.27472118,-0.19894771,-0.47876108,0.47948015,0.024045542,0.7149621,0.35539365
86,1088,0.5869995,-0.36684728,0.31327116,-0.09758663,-0.31280455,0.5006591,-0.4778201,0.84865844,-0.2217435,-0.23498836,0.4900254,-0.2707108,-0.3819435,0.08638786,-0.39052415,0.26598668
86,1095,0.5813473,-0.18428752,0.2653524,0.078626394,-0.4187142,0.47461686,-0.116906084,0.6301723,-0.6006422,0.05344057,0.18228278,-0.1451042,-0.5738696,0.1685801,-0.72596437,0.32093018
86,1100,0.1556712,-0.32482326,0.5724193,-0.1539933,-0.29088965,0.35747775,-0.82840276,0.7964452,0.20219478,-0.40158343,0.6639363,-0.36852175,-0.013235703,0.11751214,0.157306,0.093594454
86,1104,-0.5750266,0.76439166,-0.014529072,-0.22206558,-0.029418107,-0.0064052492,0.107100785,-0.06070976,-0.5829208,0.21917364,-0.1888582,0.817318,-0.119047195,0.70916384,-0.41656065,-0.6731683
86,1110,-0.74982834,-0.5089812,-1.2178283,0.1360903,0.94814056,-0.64030993,1.4805918,1.3968314,0.12440973,-0.827274,0.3150584,0.5215056,1.0646921,-1.348782,-1.1150105,0.8348824
86,1112,-0.2689587,-0.207796,0.24099484,-0.18167554,-0.16347933,-0.4765509,-0.044027254,-0.38283104,0.55566907,-0.17074375,0.154751,0.059805885,0.4483669,-0.0436184,0.97829795,-0.6220472
86,1114,0.07311475,-0.13270259,0.610428,0.15340085,-0.4199591,0.3085709,-0.5584937,0.5409107,-0.05518441,-0.24056856,0.33517212,-0.51449454,-0.10427445,0.061693907,0.031896323,0.43430677
86,1118,0.034483954,-0.3486619,0.5839034,-0.27447775,-0.21270044,0.31239122,-0.9313073,0.82095516,0.37055677,-0.45142666,0.7958009,-0.2668816,0.15389982,0.1586624,0.31478864,-0.0968415
86,1133,0.16958521,-0.59465575,-0.45111406,-0.13389048,-0.14626166,0.56185186,0.37076095,-0.6297161,0.015516013,1.0186799,0.086300515,0.13307773,0.34110144,0.10480188,0.015884131,0.6942282
86,1137,-0.45955783,0.72743076,0.10050338,-0.10389696,-0.17694563,0.019492716,0.09795201,-0.032154143,-0.6400641,0.2525764,-0.20470987,0.6526452,-0.19767976,0.6560814,-0.4414847,-0.52721214
86,1142,-0.57189703,0.26407692,0.13647097,0.60008967,0.0017935559,0.035032976,0.2455391,-0.5739745,-0.061616927,0.2701422,-0.41838747,-0.4441514,0.3673355,-0.04924222,0.15661776,1.0584908
86,1148,0.6554783,-0.6361043,0.01935871,-0.20145674,-0.7772567,-0.44892427,0.64657116,-0.09928633,0.1171637,0.43422073,0.010819167,0.20946606,-0.027600974,-0.55728275,0.55678725,-0.9846449
86,1151,-0.4669311,0.7137977,0.039836746,-0.14418821,-0.10210961,0.010274477,0.10080126,-0.038629115,-0.5831847,0.21660972,-0.18523268,0.68816173,-0.15286595,0.6393145,-0.40892255,-0.5550324
86,1156,0.020153672,0.36525047,-0.026536465,-0.0100361295,0.29820043,-0.27519867,-0.5570408,0.10312228,0.5971395,-0.8284437,-0.060634598,-0.4223619,-0.047157124,-0.23027304,0.57182384,-0.14237323
86,1161,-0.016568407,-0.34830177,0.560851,-0.31595403,-0.14145677,0.28854942,-0.9435853,0.8046755,0.4349338,-0.44944558,0.8274904,-0.21513781,0.23357466,0.16077267,0.3610344,-0.16925853
86,1165,0.19512016,-0.18786862,0.58005583,0.10208543,-0.42129397,0.3624381,-0.58863705,0.6305669,-0.072806,-0.2558596,0.3863225,-0.5011266,-0.17509618,0.06478809,-0.030246332,0.40384758
86,1180,0.38842285,-0.37930065,0.3673535,-0.22151788,-0.214912,0.4330229,-0.6815016,0.87002033,0.051103026,-0.364107,0.6563899,-0.24150611,-0.14131969,0.10030107,-0.09124358,0.09293655
86,1183,0.19512016,-0.18786865,0.58005583,0.10208543,-0.421294,0.3624381,-0.5886371,0.6305669,-0.072806,-0.2558596,0.3863225,-0.5011266,-0.17509618,0.06478809,-0.030246302,0.4038476
86,1213,-0.077877104,0.67349035,-0.16394445,0.40605146,0.3730477,-0.119153626,-0.23208798,-0.5276883,0.27702895,-0.37721765,-0.78378135,-0.6711672,-0.18478164,-0.3097775,0.2623111,0.54917777
86,1219,0.6005393,-0.21455738,0.23934865,0.046082094,-0.38759604,0.48115712,-0.13134167,0.65533346,-0.5753448,0.024193227,0.21503212,-0.12880501,-0.5635264,0.1628855,-0.7203445,0.30615866
86,1228,-0.19610994,0.4759475,0.31537554,0.00799912,-0.35587102,0.1562509,-0.10645059,0.20341283,-0.567647,0.18694746,-0.057404786,0.25596684,-0.27004138,0.4837839,-0.40368396,-0.22658205
86,1230,0.8785715,-0.88876235,-0.6803598,-0.8339187,-0.34451133,0.37445322,0.20291519,-0.5133997,0.39612615,0.7897124,0.23744732,0.49104083,-0.06254813,-0.07015717,0.5239582,-0.61345875
86,1244,0.6058994,-0.45100528,0.6159907,0.60876083,-1.314904,-1.3492022,1.4282552,0.19050156,-0.32161316,0.33502078,-0.56082594,-0.20859759,-0.16244403,-1.2993158,0.37757105,-1.2224491
86,1249,1.1113169,0.09806309,-0.4537589,0.38752466,1.6075354,-0.49653152,-0.060878426,-0.8367369,0.17084485,-0.31528997,-0.411394,-0.2610496,-1.2946022,-0.076043755,-0.54898506,-0.536384
86,1256,0.21770969,-0.09510851,0.4764016,0.10718396,-0.26495087,0.27144775,-0.60584474,0.50198627,0.026985452,-0.33290213,0.28705105,-0.5441109,-0.21712619,0.019408993,0.024902418,0.34854406
86,1262,0.87065387,-0.836718,-0.764494,-0.8808635,-0.2028441,0.53992426,0.060466737,-0.5246335,0.42856658,0.7713704,0.27459565,0.47414893,-0.056880966,0.026618913,0.46744323,-0.44247213
86,1266,-0.6212596,0.7558226,-0.054826967,-0.28684482,0.045498908,-0.011744365,0.06983581,-0.04717633,-0.51302516,0.17630994,-0.14736475,0.86174405,-0.05908279,0.7139467,-0.36666185,-0.7309514
86,1273,-0.7272036,0.3582105,0.47050968,0.49142966,-0.02432679,-0.23343012,-0.123429194,-0.3489802,0.17492947,-0.17517251,-0.25995958,-0.5236823,0.39916295,-0.009461343,0.5344126,0.5495576
86,1275,0.18403693,-0.5253927,-0.47146553,-0.107558355,-0.115967706,0.5496962,0.34518674,-0.6194845,0.015942827,0.96111214,0.027126387,0.092687175,0.2940688,0.07116087,-0.0022609234,0.7135073
86,1301,0.100756034,-0.114528745,-0.45289427,0.05036097,0.055275664,0.3548114,0.15668604,-0.58859074,0.103434205,0.53037864,-0.27356333,-0.1476587,0.12978822,-0.07980068,0.06316844,0.7130673
86,1304,0.22082411,-0.7431103,-0.36548325,-0.41572163,-0.16757295,0.44101834,0.20589799,-0.5724453,0.24081795,0.84979415,0.31713232,0.27811003,0.3993215,0.18059047,0.32708597,0.17796448
86,1312,0.23822956,-0.22714514,0.5353342,0.00075417757,-0.36561406,0.36776808,-0.65465003,0.69598186,0.008510098,-0.3139286,0.475887,-0.44101095,-0.1483964,0.07393557,0.012677118,0.285294
86,1317,-0.018879622,0.37124556,-0.0015682504,0.02566497,0.281543,-0.27421874,-0.5350806,0.0770485,0.5693736,-0.80012405,-0.08563851,-0.44034284,-0.03851968,-0.22358477,0.5624135,-0.09257729
86,1321,-0.7442945,-0.513138,-1.2495366,0.12889232,0.97668415,-0.6457734,1.5087556,1.3976839,0.12235825,-0.8349544,0.31567073,0.53198326,1.0638349,-1.3616569,-1.1360556,0.8397864
86,1324,1.1173213,0.11293158,-0.44033223,0.40398562,1.5542367,-0.46819398,-0.06291354,-0.8145907,0.14230481,-0.3044175,-0.4334607,-0.29491237,-1.3009909,-0.08467146,-0.5672148,-0.48106262
86,1332,0.18965688,-0.40990067,-0.4756959,-0.11516455,-0.051721606,0.47241238,0.24502355,-0.6015375,0.089324966,0.78392184,-0.045704573,0.03678164,0.23047726,0.026647225,0.06383869,0.6221441
86,1335,-0.49650776,0.7386884,0.02947919,-0.15720084,-0.101432964,0.0069078393,0.12061119,-0.050754696,-0.6173794,0.23557201,-0.20154212,0.7362757,-0.16607746,0.674402,-0.44000107,-0.589234
86,1348,-0.75490063,0.36498523,-0.41239202,-0.6679008,0.8012098,0.032603737,-0.4103052,0.27447838,0.3251309,-0.33033615,0.3437039,0.69379365,0.57842684,0.3413663,0.03171809,-0.6080923
86,1354,0.20463958,-0.19391581,0.5715221,0.086307004,-0.41263238,0.36402038,-0.5973555,0.6410668,-0.061563626,-0.26400188,0.39965147,-0.49118143,-0.17236897,0.065800264,-0.025563017,0.3855564
86,1357,-0.5912516,-0.5825387,-1.1994364,0.0073490925,0.9640502,-0.5239318,1.3277129,1.3874499,0.12235109,-0.8318812,0.41445225,0.5482417,0.94111156,-1.2091763,-1.109468,0.7280196
86,1365,0.36993307,-0.36877286,0.3652452,-0.22536837,-0.2030734,0.4209894,-0.6873945,0.8579774,0.07291649,-0.3710786,0.6581488,-0.23846497,-0.1185126,0.097267404,-0.063433275,0.08049488
86,1369,-0.04577677,0.26912493,0.20217551,0.2169999,0.05220314,-0.06433726,-0.403154,0.06937205,0.22846937,-0.47751507,-0.12088214,-0.53540593,-0.059721738,-0.14579569,0.3003015,0.30375248
86,1389,0.1850034,-0.40074617,-0.48284298,-0.10569225,-0.047471967,0.47287685,0.24878156,-0.6113586,0.08631177,0.7859862,-0.062517,0.029006436,0.22553962,0.02198638,0.058205724,0.6389458
86,1394,-0.0457768,0.26912493,0.2021755,0.2169999,0.05220315,-0.06433726,-0.40315396,0.06937204,0.22846937,-0.47751507,-0.12088217,-0.53540593,-0.059721723,-0.14579569,0.3003015,0.30375248
86,1416,0.23995413,-0.72518194,-0.34320924,-0.45843196,-0.16395542,0.39054704,0.15246937,-0.53594387,0.29085892,0.7580033,0.3378157,0.2872793,0.38094866,0.16872607,0.39589727,0.05059413
86,1430,0.037285775,-0.12659779,0.6107133,0.1197079,-0.3863479,0.27817783,-0.602862,0.53352225,0.014820665,-0.28278422,0.36105216,-0.5053255,-0.06700288,0.0681147,0.1005556,0.37610212
86,1436,-0.07099375,0.2599551,0.24629283,0.27621436,0.004098974,-0.034748055,-0.3580417,0.053046346,0.15291941,-0.40960997,-0.14874049,-0.559571,-0.06550251,-0.13305217,0.244672,0.39741662
86,1444,-0.6061057,0.74617803,-0.0720078,-0.28244138,0.070684165,-0.018599212,0.07298288,-0.05669366,-0.48017606,0.1615237,-0.14620273,0.84360504,-0.03826569,0.68449855,-0.34028512,-0.7149081
86,1454,-0.67873544,-0.5017229,-1.13971,0.11507659,0.88396716,-0.5833929,1.3749022,1.3597602,0.1171478,-0.79613876,0.32611683,0.49186802,0.9993024,-1.268367,-1.0600991,0.78754115
86,1456,0.007892996,0.5206764,0.23153344,0.21251015,-0.44367814,0.1817551,0.2631041,0.0531296,-0.94006324,0.42403936,-0.35505486,0.27055526,-0.5590707,0.47810477,-0.8013391,-0.038470626
86,1458,0.16874456,-0.38080978,-0.45946848,-0.0875625,-0.04742198,0.45914388,0.2432912,-0.5930119,0.08241482,0.7627608,-0.060670927,0.01820591,0.23162183,0.019432932,0.05981584,0.64064837
86,1466,1.070523,0.1395658,-0.37878144,0.4624993,1.406009,-0.40489084,-0.03543836,-0.76985073,0.05772341,-0.25259686,-0.4808023,-0.35560578,-1.2728072,-0.09475744,-0.60139364,-0.32815447
86,1469,-0.7181931,-0.537093,-1.2574834,0.0931786,0.99888116,-0.6260986,1.4728775,1.402593,0.13537638,-0.8480235,0.346344,0.53916204,1.0470679,-1.3384043,-1.1372464,0.8152164
86,1473,0.86477256,0.061495975,-0.11457857,0.09838517,0.43243495,0.09405946,-0.4724456,0.14520386,0.10898724,-0.4510717,-0.040771976,-0.5389242,-0.7556094,-0.14402784,-0.24916427,0.07019143
86,1483,0.1413722,-0.33804756,-0.4562143,-0.11283569,-0.0113976635,0.39596644,0.18385816,-0.6204121,0.15508685,0.6660361,-0.097279325,-0.0013565421,0.21965717,0.0098468065,0.14532512,0.5571581
86,1486,0.58446324,-0.50047123,0.47869292,0.37596786,-1.1802595,-1.1191835,1.199068,0.11929131,-0.18975791,0.338161,-0.36481476,-0.06893546,-0.09544781,-1.0723202,0.4590735,-1.1867707
86,1487,0.610807,-0.30636165,0.31883505,-0.0008171536,-0.37399936,0.50182176,-0.35691446,0.77543044,-0.34943113,-0.13324724,0.37143773,-0.2849195,-0.45893714,0.08895826,-0.49912602,0.3432061
86,1502,0.113155805,-0.3181698,0.5577806,-0.1941474,-0.24988052,0.33083788,-0.8471261,0.7863338,0.26657215,-0.4177332,0.69763774,-0.324414,0.05630769,0.12338771,0.220547,0.023181878
86,1511,-0.0097335875,0.52566075,0.2518224,0.21186471,-0.44893143,0.17660491,0.23311877,0.057635933,-0.91165507,0.41176516,-0.34075803,0.25182635,-0.5361104,0.47287256,-0.76290476,-0.041948825
86,1516,-0.51191485,0.75080025,0.027557608,-0.16287181,-0.102725565,0.005348496,0.12682489,-0.05553986,-0.6318667,0.24400151,-0.20812373,0.75653386,-0.17114186,0.6907809,-0.45196056,-0.60516346
86,1524,0.13509476,0.38173157,-0.11926592,-0.07887514,0.37271675,-0.29427257,-0.64613056,0.15801345,0.67452,-0.9618498,-0.065082386,-0.44751644,-0.14860648,-0.27855796,0.5827724,-0.22954217
86,1525,0.58705837,-0.51688194,0.41807088,0.28879324,-1.1381552,-1.0522724,1.1261116,0.08081148,-0.13373134,0.33601767,-0.31913167,-0.020190164,-0.08884904,-1.009891,0.5014372,-1.1979495
86,1527,0.16608112,-0.62856925,-0.42909658,-0.16592437,-0.15814656,0.5521272,0.36142847,-0.6213597,0.035880014,1.016539,0.13184763,0.15840052,0.3659734,0.12418909,0.05099824,0.63917136
86,1532,-0.56524783,0.041802093,0.16894025,0.41682327,-0.055963863,0.037114233,0.21553531,-0.52145326,0.05671069,0.34973538,-0.14693569,-0.27850917,0.5354011,0.04305379,0.30125743,0.8111644
86,1533,-0.57572097,0.20448044,0.15799937,0.5666679,-0.023946207,0.04248123,0.25230893,-0.5488727,-0.05070111,0.30386144,-0.33882457,-0.3989882,0.4192136,-0.02247668,0.17593466,1.0176347
86,1536,0.8879288,0.058620803,-0.13170761,0.10409869,0.48133394,0.07473143,-0.46807772,0.11219363,0.11384754,-0.45395046,-0.05303864,-0.5362338,-0.78996944,-0.14218813,-0.26403093,0.046970952
86,1545,-0.53260577,0.024220258,0.13502082,0.35758504,-0.03728384,0.026459407,0.17888805,-0.5333749,0.1095625,0.32206637,-0.13999449,-0.26049435,0.522027,0.042044327,0.34665424,0.7299808
86,1547,0.62591606,0.19970879,-0.017315827,0.5286676,0.52615345,-0.05310376,-0.04100178,-0.36033165,-0.18085858,-0.08539195,-0.43087184,-0.53439707,-0.7759944,-0.10881577,-0.45722032,0.32934463
86,1557,0.081255525,-0.14221555,0.6210258,0.15735875,-0.4329506,0.3187782,-0.5639161,0.55303997,-0.067301124,-0.23866318,0.33748323,-0.52434283,-0.119645625,0.064617455,0.018082887,0.4463108
86,1558,0.6174281,-0.22135401,0.3467999,0.12244065,-0.47268823,0.5055152,-0.20205212,0.6795715,-0.5420196,0.019073129,0.21368375,-0.28596452,-0.5758567,0.12370083,-0.6631533,0.42244497
86,1565,0.0600235,-0.35297233,0.5351357,-0.29573435,-0.17515005,0.32491702,-0.8977983,0.82766116,0.34500453,-0.4300933,0.79718834,-0.22347341,0.15264784,0.15727766,0.2667262,-0.11325613
86,1569,0.17427254,-0.40402812,-0.47684282,-0.102140814,-0.050335575,0.47038358,0.2532761,-0.6157419,0.08580906,0.79083824,-0.06039986,0.029860556,0.23388335,0.025558487,0.061919376,0.64245796
86,1572,-0.24064343,-0.60972816,-0.9861519,-0.14708827,0.82074183,-0.25074166,0.9112543,1.2570745,0.0599771,-0.7418167,0.5162893,0.48871177,0.6094014,-0.85535586,-0.9977403,0.53115916
86,1574,0.19723943,-0.37668395,-0.33713815,-0.38686523,0.35762835,0.22082788,-0.047480762,0.8196221,-0.03935848,-0.43988046,0.581168,0.32455176,0.040474907,-0.028580114,-0.5317617,0.008032113
86,1576,-0.24024858,0.47656417,-0.05284276,0.5635756,0.16520697,0.032009862,0.08952671,-0.55544543,-0.005348146,0.04313156,-0.66338104,-0.5724839,0.014424607,-0.19916525,0.052612633,0.92461145
86,1582,-0.14032699,-0.16461957,-0.063957475,-0.09555791,-0.03516205,-0.057685666,-0.002112314,-0.4725672,0.37455422,0.13963085,0.0030925572,-0.033139393,0.34514728,-0.010626122,0.5812491,0.018663034
86,1585,0.0140462965,-0.3689677,0.5513815,-0.3293487,-0.1461418,0.30770782,-0.9505068,0.8349746,0.4170305,-0.4596271,0.8409073,-0.2143783,0.20704092,0.16345717,0.33299285,-0.16247186
86,1592,-0.27013242,-0.22479525,0.17766835,-0.17554806,-0.14411773,-0.41033277,-0.020543516,-0.44632232,0.5384198,-0.08778539,0.11655335,0.05242516,0.446509,-0.028769717,0.93286973,-0.5102681
86,1593,0.7981523,0.17551821,-0.15324533,0.5063435,0.861268,-0.18419757,-0.03737384,-0.5234629,-0.09473774,-0.14095397,-0.45363587,-0.4666416,-0.96969724,-0.10085153,-0.5160647,0.08172996
86,1595,0.48277962,-0.019951507,0.4114667,0.27477702,-0.5863805,0.44201118,-0.03569007,0.4836371,-0.7061652,0.202348,0.0011432916,-0.26673022,-0.61098266,0.17670755,-0.7283192,0.44380036
86,1618,0.18820494,-0.51163656,-0.48022205,-0.10802646,-0.10672329,0.5447587,0.33602807,-0.6233054,0.022901177,0.9458735,0.01154919,0.084981725,0.2820664,0.06392744,0.00076274574,0.7100626
86,1619,-0.5972315,0.41119823,0.30024442,0.22367918,0.19109084,-0.37133494,-0.36303982,-0.38555902,0.53457355,-0.49915093,-0.24977155,-0.4617409,0.35480735,-0.052358367,0.8244029,0.09251017
86,1622,0.247584,-0.7243832,-0.3163565,-0.47817916,-0.18795481,0.33515957,0.14505279,-0.5152046,0.31434977,0.70953524,0.35035014,0.30298388,0.37349755,0.1517234,0.4478839,-0.05223681
86,1628,0.17276406,-0.36850792,-0.46730983,-0.094557226,-0.03677916,0.44983387,0.22882402,-0.5979428,0.096717596,0.7412768,-0.07387999,0.012439564,0.22032475,0.013412818,0.071918145,0.624943
86,1632,-0.46850324,0.7210357,0.11348288,-0.11365892,-0.179892,0.022438545,0.07063866,-0.016459778,-0.6212379,0.23959556,-0.18437426,0.6447575,-0.1851142,0.65671206,-0.42101067,-0.53350174
86,1649,0.14958103,-0.35600042,-0.45073086,-0.12366313,-0.020057093,0.40246052,0.18642518,-0.61005783,0.15274793,0.6764217,-0.07449663,0.011312187,0.22714986,0.017107397,0.1447333,0.5453227
86,1661,-0.332681,-0.061636567,0.1169084,-0.050390016,-0.006821271,-0.2369031,-0.095379904,-0.4503441,0.47440952,-0.077382654,0.01700528,-0.09216775,0.43689525,0.008341424,0.7677175,-0.11286931
86,1663,-0.1507758,0.5728329,-0.10992878,0.51267844,0.25501454,-0.021072134,-0.03672704,-0.5476988,0.09595058,-0.123884924,-0.7383617,-0.6281394,-0.092606544,-0.2576289,0.11132586,0.7896917
86,1673,0.16608112,-0.62856925,-0.42909658,-0.16592436,-0.15814658,0.5521271,0.36142847,-0.6213597,0.03588003,1.0165391,0.13184763,0.15840052,0.3659734,0.12418909,0.050998226,0.63917136
86,1681,0.19512016,-0.18786862,0.58005583,0.10208543,-0.421294,0.36243808,-0.58863705,0.6305669,-0.07280603,-0.2558596,0.3863225,-0.5011266,-0.17509618,0.0647881,-0.030246302,0.40384763
86,1695,0.01658988,0.4383645,0.16794766,0.10523455,-0.3352909,0.18289828,0.1726206,0.12065861,-0.78346145,0.30157346,-0.22552331,0.29642022,-0.45851985,0.4437011,-0.687038,-0.09372261
86,1696,-0.16374572,0.47122636,0.29756138,0.030755049,-0.34689197,0.1514757,-0.07582551,0.18398194,-0.5675005,0.19064164,-0.077705145,0.23758419,-0.2746703,0.45631474,-0.40881217,-0.19487888
86,1703,0.22725631,-0.2006048,0.54116756,0.0479089,-0.38223258,0.3612675,-0.61131835,0.6564418,-0.029180646,-0.28364134,0.42622238,-0.46211958,-0.1599456,0.06431411,-0.008767426,0.3358968
86,1714,0.9415183,0.06515217,-0.20754957,0.16146673,0.7387086,-0.056842558,-0.38316634,-0.09637682,0.13311957,-0.43238252,-0.12584804,-0.47547787,-0.9049785,-0.12790339,-0.3241731,-0.09153959
86,1756,-0.5963769,0.23401088,0.15053204,0.5945525,-0.011984937,0.03572832,0.25979412,-0.5814344,-0.05750227,0.2995814,-0.38825822,-0.42544138,0.4043761,-0.032588214,0.17075635,1.0576928
86,1760,0.13027638,-0.427423,-0.46219957,-0.35165256,0.45284972,0.14370391,0.1167303,0.9039554,-0.018194944,-0.5033506,0.5798971,0.35266495,0.13593705,-0.17744884,-0.6188637,0.10433436
86,1769,0.55786365,-0.45732206,0.56073946,0.508369,-1.2162871,-1.2358817,1.2946194,0.14598227,-0.24604964,0.3180895,-0.4696042,-0.1626212,-0.111747086,-1.1762202,0.41994473,-1.1703899
86,1790,-0.091422155,0.29974556,0.24009305,-0.099048585,-0.23831534,0.19345997,-0.1998423,0.32239234,-0.4038281,0.041038185,0.11491038,0.23890443,-0.19673255,0.4099992,-0.32525516,-0.21952987
86,1794,-0.45403922,0.7084223,0.1267307,-0.108870804,-0.19617495,0.032879822,0.063714504,-0.0010427386,-0.63242006,0.24234143,-0.17869703,0.6315067,-0.2000651,0.6569123,-0.43400544,-0.5209912
86,1809,-0.50766313,0.023174182,0.1340015,0.33657858,-0.034450095,0.024456743,0.15827152,-0.5070845,0.12180801,0.29905868,-0.1206554,-0.25222713,0.51389617,0.04001659,0.3535068,0.69046235
86,1815,-0.09615956,0.5288353,0.30609074,0.15315317,-0.45244694,0.17088428,0.109660596,0.10725993,-0.81765544,0.35265332,-0.2517985,0.2505074,-0.45633945,0.49711138,-0.6476291,-0.108520135
86,1818,0.6016386,-0.43137974,0.61542094,0.6191843,-1.2994858,-1.3407211,1.4155698,0.19837044,-0.3243148,0.32219118,-0.56686234,-0.22224651,-0.16515198,-1.2985336,0.36465555,-1.1978625
86,1822,-0.45521432,0.70835334,0.12743126,-0.10574809,-0.18890803,0.027672224,0.05544758,-0.00506787,-0.60981894,0.23306829,-0.17507108,0.617412,-0.1835778,0.6432072,-0.4096235,-0.5155902
86,1827,0.26458463,0.2468557,0.24313912,0.570444,-0.06265162,0.15541087,-0.076554716,-0.06936444,-0.30673844,-0.03185603,-0.389095,-0.6806964,-0.4177142,-0.12474654,-0.31195372,0.77604187
86,1828,-0.53260577,0.024220243,0.13502082,0.35758504,-0.03728385,0.026459407,0.17888808,-0.53337497,0.109562494,0.3220663,-0.13999452,-0.26049432,0.522027,0.042044327,0.34665424,0.7299807
86,1836,0.5362101,-0.08754809,0.410246,0.24569684,-0.57889336,0.47396627,-0.083388925,0.55210745,-0.67982817,0.15984923,0.05847723,-0.2901152,-0.6242229,0.163034,-0.7326011,0.46147683
86,1847,-0.5850018,0.72595817,-0.045319267,-0.27133897,0.047559373,-0.00875511,0.047920108,-0.034441173,-0.4700202,0.15264925,-0.1284333,0.8045722,-0.041559815,0.67007715,-0.3280368,-0.6896653
86,1866,0.3017816,-0.67546463,-0.20930237,-0.3819105,-0.3210018,0.09631058,0.26613835,-0.4322927,0.27865997,0.60724145,0.23584396,0.25383842,0.28798965,-0.030342445,0.49631524,-0.28144494
86,1872,0.4977563,-0.48122633,0.3698917,0.2595488,-0.9734005,-0.9154057,0.9902061,0.02434662,-0.08268812,0.32523054,-0.28244,-0.05632837,-0.026264742,-0.8896348,0.47302926,-0.9977751
86,1890,-0.8746421,0.53912735,-0.4168533,-0.6727222,0.719688,-4.4703484e-05,-0.25507042,0.15832089,0.080631755,-0.17866354,0.19475724,0.92358017,0.4519226,0.5366689,-0.1329634,-0.7819246
86,1891,-0.46840566,0.7238313,0.061246518,-0.12985869,-0.13107128,0.012083232,0.10397309,-0.039629146,-0.61013865,0.23334402,-0.19587128,0.6820131,-0.1716617,0.6507863,-0.42517334,-0.549451
86,1899,0.27934268,-0.33593047,0.4127058,-0.22316952,-0.2112022,0.3885848,-0.7234148,0.82743686,0.12548307,-0.3726257,0.6681766,-0.2391418,-0.05098179,0.11298968,0.023202136,0.041500363
86,1918,-0.012987524,-0.4334088,-0.5029522,-0.019192956,0.33313978,-0.04029595,0.541147,1.0511752,-0.11455202,-0.46202916,0.36279726,0.21487181,0.2876088,-0.55905235,-0.8143925,0.48610246
86,1920,-0.4743713,0.74055374,0.10429472,-0.10549064,-0.18372278,0.017954517,0.10240018,-0.036857978,-0.6559999,0.26275685,-0.21234138,0.6672162,-0.20416978,0.6717263,-0.4524275,-0.5396538
86,1941,-0.2701022,-0.6208492,-1.0143807,-0.13555367,0.83675873,-0.27498475,0.962957,1.2830756,0.05752095,-0.7517752,0.51160187,0.504164,0.637799,-0.89151967,-1.0276828,0.55301666
86,1946,0.21770969,-0.09510851,0.47640157,0.10718396,-0.26495087,0.27144775,-0.60584474,0.5019863,0.026985452,-0.33290213,0.28705105,-0.54411083,-0.21712619,0.019409,0.024902403,0.34854403
86,1956,-0.7253354,0.32236215,0.44448322,0.27377135,0.07456357,-0.35952193,-0.28341922,-0.34400332,0.4548768,-0.37919796,-0.13082077,-0.4204967,0.4857079,0.019992203,0.8159023,0.15358827
86,1959,-0.4461097,0.7025764,0.12700075,-0.1040642,-0.1919531,0.031166926,0.058660805,-0.0013888925,-0.61604476,0.23462594,-0.1749581,0.615518,-0.1908291,0.6423567,-0.418311,-0.5101156
86,1973,-0.5871361,0.027756214,0.15865573,0.4088554,-0.052871544,0.030340813,0.22206163,-0.56227916,0.07375415,0.36577666,-0.15982427,-0.27471888,0.54749846,0.050195366,0.3254003,0.81024826
86,1978,-0.6991687,-0.51323843,-1.171344,0.11651996,0.9087939,-0.59850925,1.4117243,1.383332,0.116130136,-0.810597,0.32946485,0.50717723,1.0180497,-1.2952089,-1.0891504,0.8043306
86,2006,0.87030995,-0.8476757,-0.7584126,-0.88804996,-0.22182149,0.51987743,0.07263929,-0.52844065,0.43300068,0.77195597,0.27767304,0.486951,-0.055243343,0.020944804,0.48687327,-0.47740814
86,2016,0.20914152,-0.28365958,0.5614679,-0.07041626,-0.34062994,0.37264305,-0.7444601,0.75667655,0.09082654,-0.35747868,0.56795144,-0.41744903,-0.10076034,0.09602749,0.068875864,0.20612752
86,2025,0.15005511,-0.31946447,0.56061316,-0.16453606,-0.2750377,0.34850726,-0.8284757,0.7898961,0.2195229,-0.40680295,0.6685081,-0.3554994,0.0036249757,0.1156382,0.17328514,0.07435741
86,2028,-0.3846109,0.63792133,0.13579915,-0.10849705,-0.19925554,0.059256323,0.028633833,0.051484376,-0.5974784,0.20783433,-0.13180868,0.5713533,-0.20331421,0.61384374,-0.42150968,-0.46960136
86,2038,-0.77872914,0.3803153,-0.42491537,-0.68417776,0.81460637,0.028994035,-0.40302622,0.26587418,0.31597102,-0.3230284,0.33664155,0.7268681,0.58013844,0.3613037,0.022458851,-0.63699853
86,2048,-0.8746421,0.53912735,-0.4168533,-0.6727222,0.71968794,-4.4703484e-05,-0.25507042,0.1583209,0.080631755,-0.17866352,0.19475722,0.92358017,0.4519226,0.5366689,-0.13296343,-0.7819246
86,2050,1.0511942,0.06955864,-0.3775478,0.26744884,1.3298138,-0.35459647,-0.21445322,-0.54919827,0.2044132,-0.40453517,-0.26845044,-0.32555848,-1.150845,-0.093190715,-0.43343592,-0.42982164
86,2059,0.15902007,-0.669896,-0.40903908,-0.19361337,-0.1743643,0.54910856,0.36291483,-0.6194091,0.048866913,1.0316448,0.17754485,0.18595894,0.3955907,0.14624842,0.078906655,0.5987736
86,2063,-0.32386512,-0.051739097,0.10563434,-0.044494044,0.0047938116,-0.21023256,-0.103229135,-0.4413889,0.4639218,-0.071275845,0.0154732615,-0.10112462,0.43142334,0.012020104,0.74223584,-0.075570986
86,2071,0.23822957,-0.22714514,0.5353342,0.00075417757,-0.36561406,0.36776805,-0.65465003,0.6959819,0.008510128,-0.3139286,0.475887,-0.44101095,-0.1483964,0.07393555,0.012677133,0.285294
86,2083,0.08971293,-0.33815098,0.5727151,-0.22523753,-0.24001274,0.33005473,-0.8855634,0.80925995,0.30400142,-0.43352,0.73952067,-0.3089068,0.08621572,0.13640434,0.2508786,-0.016118325
86,2084,-0.04640755,-0.6015073,-0.8556322,-0.2369652,0.73828745,-0.09219656,0.6481619,1.1598107,0.035875753,-0.68819284,0.56700826,0.44281048,0.42141476,-0.64163464,-0.90565056,0.41159868
86,2090,0.14958103,-0.35600048,-0.45073086,-0.12366313,-0.020057093,0.40246052,0.18642518,-0.61005783,0.15274793,0.6764217,-0.07449663,0.011312187,0.22714986,0.017107397,0.1447333,0.5453227
86,2104,1.0410585,0.07166647,-0.38047576,0.27421984,1.3477291,-0.36927477,-0.19654533,-0.57196,0.20508984,-0.39389163,-0.27178884,-0.30958146,-1.1421009,-0.09007533,-0.43178284,-0.4429153
86,2106,-0.006796211,-0.10194069,-0.34794027,0.09791943,0.03406845,0.29932755,0.16275838,-0.5699874,0.10480286,0.49912685,-0.23483525,-0.15784822,0.20667261,-0.054480214,0.11269289,0.7070172
86,2107,0.020426631,-0.09961736,-0.38387847,0.09633568,0.041381713,0.3203167,0.16939366,-0.58297426,0.09550904,0.5176051,-0.25928336,-0.16167757,0.1813089,-0.06529292,0.08679812,0.73226416
86,2108,-0.11102529,0.5191097,0.30654898,0.12871498,-0.43639112,0.1687038,0.074691296,0.12360444,-0.7761481,0.32435507,-0.21865068,0.2522397,-0.4256949,0.49472338,-0.6076772,-0.12769443
86,2123,0.58439255,-0.44642973,0.6044454,0.5839243,-1.2838125,-1.3194708,1.3870581,0.17930137,-0.29975042,0.32378834,-0.53415835,-0.19757599,-0.14472446,-1.2627786,0.3900249,-1.2036844
86,2133,-0.48575962,0.73389226,0.04754445,-0.14387563,-0.11902642,0.009641495,0.112461746,-0.045273185,-0.61828005,0.23713005,-0.19998287,0.7119562,-0.17118171,0.6667976,-0.4357354,-0.57202256
86,2140,0.014046311,-0.3689677,0.5513815,-0.3293487,-0.1461418,0.30770782,-0.9505068,0.83497465,0.4170305,-0.4596271,0.8409072,-0.2143783,0.20704092,0.16345717,0.33299285,-0.16247186
86,2146,-0.55058694,-0.55990696,-1.1523309,-0.0032072514,0.9358858,-0.49242595,1.2546625,1.342197,0.12557237,-0.81320494,0.41573113,0.5225399,0.9014139,-1.1573315,-1.0593815,0.69545066
86,2151,-0.8683774,0.51979494,-0.42015243,-0.67914325,0.73862517,0.0021073893,-0.27870494,0.1719046,0.11931403,-0.20104566,0.2158876,0.9004805,0.475792,0.51386225,-0.104957834,-0.7688776
86,2156,-0.20815437,-0.19714361,0.09546788,-0.16093984,-0.09704359,-0.2725141,-0.040205583,-0.42442274,0.4852872,-0.028747752,0.10022563,0.024929583,0.40848917,-0.015043169,0.8045841,-0.33416915
86,2160,-0.8213793,0.42673454,-0.42648214,-0.69591373,0.80325544,0.018207844,-0.374507,0.23814157,0.26703086,-0.2901558,0.30497873,0.78891253,0.55993044,0.41378248,-0.004827827,-0.6940352
86,2177,-0.33628416,-0.20560783,0.2955257,-0.19405684,-0.17559122,-0.5727564,-0.055384398,-0.40878922,0.6104673,-0.23673296,0.16039252,0.07145767,0.48128355,-0.043634523,1.0839753,-0.7363193
86,2184,0.22725631,-0.2006048,0.5411676,0.0479089,-0.38223258,0.3612675,-0.61131835,0.6564418,-0.029180646,-0.28364134,0.42622238,-0.46211958,-0.15994564,0.06431411,-0.008767411,0.3358968
86,2185,1.0198616,0.06751231,-0.3228011,0.22823219,1.1347089,-0.25546736,-0.28008628,-0.38804954,0.18595058,-0.4260924,-0.2176827,-0.38138008,-1.0761791,-0.1069214,-0.39682359,-0.3199998
86,2203,-0.46500748,0.74220616,0.089912415,-0.10175495,-0.17866065,0.017175823,0.12535456,-0.046654955,-0.6722518,0.27171642,-0.22601213,0.678369,-0.21577752,0.67282575,-0.4727323,-0.5367807
86,2220,-0.3467672,-0.15897122,0.25098422,-0.15411203,-0.12000054,-0.49855348,-0.0747221,-0.4308095,0.5885241,-0.20928988,0.10717738,0.015748322,0.47171757,-0.031196728,1.0147147,-0.57573223
86,2228,-0.3359155,-0.14945084,0.24193701,-0.15106575,-0.111085445,-0.4787769,-0.08290939,-0.41983616,0.58092165,-0.20869821,0.1066802,0.009238854,0.46461588,-0.029931322,0.994924,-0.5516294
86,2244,-0.6754195,0.36217242,0.48678392,0.60608613,-0.10099721,-0.13473594,-0.040654033,-0.32434112,-0.0110967755,-0.060201913,-0.33043343,-0.5849131,0.3048895,-0.027386196,0.33589745,0.7795522
86,2252,0.039439753,0.33429343,0.0031691492,0.0027492978,0.26522347,-0.24075186,-0.5833688,0.14064349,0.55965185,-0.8233297,-0.056863934,-0.46984357,-0.08483234,-0.23182,0.52953726,-0.08293672
86,2279,0.54115427,-0.10213363,0.3969586,0.22662,-0.5542293,0.47089326,-0.10346536,0.5633314,-0.64359915,0.13277507,0.081975736,-0.29056665,-0.60228443,0.15100978,-0.7037687,0.4521162
86,2284,-0.25703448,0.535294,0.1345652,-0.086581916,-0.20682293,0.10278276,0.018031508,0.11339636,-0.58250797,0.1808306,-0.095513925,0.48276055,-0.23786736,0.54488647,-0.44681972,-0.37100342
86,2287,0.007929623,0.5249407,0.23908806,0.22125491,-0.45115483,0.18095645,0.26363042,0.049684063,-0.9433931,0.42894882,-0.36100835,0.26144892,-0.5613688,0.47590232,-0.8007317,-0.031948984
86,2292,0.106270194,-0.41371828,-0.39450246,-0.038378965,0.23896173,0.05732566,0.39800403,0.9939674,-0.16658622,-0.402224,0.36391583,0.16279705,0.14873411,-0.43338823,-0.783431,0.43899125
86,2296,0.20914154,-0.28365958,0.5614679,-0.07041626,-0.34062994,0.37264305,-0.7444601,0.7566766,0.09082655,-0.35747868,0.56795144,-0.41744903,-0.10076034,0.09602751,0.068875864,0.20612752
86,2297,-0.7276087,0.3714397,0.49291852,0.600489,-0.0824987,-0.1701765,-0.04518272,-0.35794038,0.030428335,-0.075028405,-0.33173162,-0.578185,0.34417933,-0.019079298,0.3932987,0.7470077
86,2298,0.01468356,-0.34706044,0.5791414,-0.2891372,-0.19311062,0.30360004,-0.93650126,0.81591475,0.39220172,-0.45017642,0.8084904,-0.24699071,0.18225658,0.16283064,0.333292,-0.1254154
86,2301,-0.12849297,0.22642216,0.3905381,0.47518656,-0.1687665,0.094365254,-0.178105,-0.008085892,-0.13108605,-0.12977855,-0.2324874,-0.6139471,-0.071302265,-0.08095106,0.032663047,0.7229948
86,2313,0.5402371,-0.14871848,0.2757403,0.0865715,-0.4156035,0.45109287,-0.124734215,0.60046685,-0.5696658,0.050394803,0.17166664,-0.15269476,-0.53656673,0.16253792,-0.67270845,0.31010368
86,2316,-0.59723157,0.41119826,0.30024442,0.2236792,0.19109085,-0.37133494,-0.3630398,-0.38555896,0.53457355,-0.4991509,-0.24977155,-0.46174097,0.35480735,-0.052358363,0.8244029,0.09251017
86,2317,0.16958521,-0.59465575,-0.45111406,-0.1338905,-0.14626165,0.5618519,0.370761,-0.62971616,0.015516028,1.0186801,0.086300515,0.13307767,0.34110144,0.10480188,0.015884101,0.6942283
86,2319,0.8785715,-0.88876224,-0.6803598,-0.8339187,-0.34451127,0.37445322,0.20291519,-0.5133998,0.39612615,0.7897124,0.23744734,0.49104083,-0.06254813,-0.07015717,0.5239582,-0.61345875
86,2322,-0.7623795,0.69739276,-0.25202885,-0.4785655,0.379805,-0.022847697,-0.043645605,0.0016453713,-0.25464866,0.033286184,-0.028787687,0.9399624,0.17845467,0.65398514,-0.25700444,-0.8036901
86,2323,0.60223013,0.007831603,0.14622444,0.057620883,0.046909645,0.22254622,-0.60268116,0.39383724,0.09935109,-0.44631344,0.1207906,-0.59031636,-0.50633657,-0.09067964,-0.09524046,0.22422272
86,2326,-0.24830858,0.6014091,-0.017887376,0.2909588,0.349737,-0.24913296,-0.34342518,-0.47651362,0.44389763,-0.5083699,-0.5937403,-0.59801406,-0.0032233298,-0.23085429,0.5362701,0.29079658
86,2346,-0.562822,0.24141282,0.14011061,0.5770179,-0.003712535,0.0367577,0.23889732,-0.5571962,-0.049184203,0.27305138,-0.382241,-0.42400473,0.38394088,-0.041391887,0.16881472,1.0272238
86,2352,-0.55709696,0.32772863,0.44208625,0.5116483,-0.08167489,-0.11267675,-0.09944923,-0.24489744,0.03743656,-0.114260346,-0.25459355,-0.53631085,0.27283275,-0.034410544,0.34041822,0.6574817
86,2378,0.5496412,-0.103510916,0.41208908,0.23938571,-0.58280116,0.48442367,-0.09100318,0.57025504,-0.6848612,0.15549034,0.06968096,-0.29194173,-0.63528097,0.1650389,-0.74491346,0.46502033
86,2390,-0.44161022,0.35840827,0.045299847,0.6095779,0.07198714,0.042257734,0.20698822,-0.59912163,-0.05866812,0.20358694,-0.5563358,-0.511163,0.21079451,-0.11617348,0.08931869,1.0520759
86,2393,0.004512012,-0.12636536,0.62775344,0.12399733,-0.4005631,0.2742078,-0.5938112,0.52876765,0.01349619,-0.2702362,0.3686471,-0.4943797,-0.036469683,0.074764654,0.11441299,0.37842253
86,2404,-0.6513358,0.36066806,0.4635709,0.58831656,-0.08741292,-0.13312572,-0.03668724,-0.31905967,-0.002203554,-0.06120403,-0.3190891,-0.56478035,0.30725312,-0.031351767,0.3353723,0.75421584
86,2405,0.19723943,-0.37668395,-0.33713818,-0.38686523,0.35762838,0.22082788,-0.047480747,0.8196221,-0.03935848,-0.4398805,0.581168,0.32455176,0.040474907,-0.028580114,-0.53176177,0.008032113
86,2419,0.025822565,0.45476934,0.186412,0.14199455,-0.36666226,0.18465455,0.19948688,0.10266136,-0.8243344,0.33497924,-0.2622875,0.27697605,-0.4879838,0.44375664,-0.7181486,-0.06525986
86,2430,-0.35865068,0.5535271,0.07002701,0.24951696,0.32248577,-0.3059416,-0.37771457,-0.45648223,0.50922334,-0.5438734,-0.49294567,-0.5582462,0.106115565,-0.18058486,0.66221756,0.19276404
86,2436,0.62998897,-0.26047155,0.32709453,0.07440885,-0.42967874,0.50754374,-0.2544296,0.71933484,-0.4738746,-0.03928855,0.27315223,-0.2836532,-0.539469,0.1074253,-0.6127061,0.39655966
86,2439,-0.7276087,0.37143973,0.49291855,0.6004891,-0.0824987,-0.17017648,-0.04518272,-0.35794038,0.03042832,-0.075028405,-0.33173162,-0.578185,0.34417933,-0.019079298,0.3932987,0.7470077
86,2449,-0.45955783,0.72743076,0.10050337,-0.103896946,-0.17694561,0.01949272,0.09795204,-0.032154158,-0.6400641,0.2525764,-0.20470987,0.6526452,-0.19767982,0.6560814,-0.4414847,-0.52721214
86,2453,0.23999721,-0.3626868,-0.28526047,-0.40067807,0.3200558,0.2552645,-0.1194558,0.78297687,-0.04179783,-0.41710964,0.5847643,0.30470163,-0.0023654252,0.028673753,-0.48957765,-0.02884677
86,2462,-0.46850312,0.7210357,0.11348288,-0.11365892,-0.179892,0.022438549,0.07063869,-0.016459778,-0.6212379,0.23959559,-0.18437426,0.64475757,-0.1851142,0.6567121,-0.42101067,-0.53350174
86,2469,0.17784661,-0.7315132,-0.43829668,-0.25854135,-0.17832628,0.55714184,0.35961178,-0.6620058,0.08627746,1.0646367,0.2004493,0.22458158,0.40381318,0.16685651,0.121365495,0.54052097
86,2472,0.5876682,-0.1769132,0.3664787,0.16126533,-0.5049061,0.49369413,-0.16587283,0.6370285,-0.5827812,0.063115984,0.16491218,-0.28730297,-0.58806837,0.13624258,-0.6810123,0.43333745
86,2488,0.14688021,-0.2081309,-0.43840152,-0.051372644,0.029067548,0.35745123,0.13127881,-0.5556331,0.14776546,0.5370389,-0.16209741,-0.0731429,0.16112149,-0.041552912,0.120518476,0.57273924
86,2510,-0.60347325,0.7475778,-0.051757835,-0.26966614,0.051104214,-0.01760666,0.06328273,-0.053591162,-0.48115715,0.16404024,-0.14588799,0.8230283,-0.04112239,0.68086225,-0.3333509,-0.70316756
86,2517,-0.51440763,0.744551,0.012553334,-0.17484252,-0.07881333,0.0033071116,0.12236765,-0.055225298,-0.610368,0.23206466,-0.20037575,0.7609493,-0.15530509,0.6830181,-0.43797076,-0.6110487
86,2520,0.1785836,-0.4848143,-0.48385936,-0.11971687,-0.08542909,0.5137966,0.3042675,-0.63748485,0.059303634,0.8939998,-0.013512477,0.072034195,0.2698661,0.055521846,0.04054475,0.6706526
86,2525,-0.6968189,0.3630005,0.4580614,0.5231166,-0.0382003,-0.19936714,-0.09279278,-0.34073222,0.11794993,-0.13691378,-0.28196347,-0.5366481,0.36846468,-0.020849481,0.4662851,0.61879456
86,2529,-0.42836124,0.682797,0.1369786,-0.106601804,-0.20520991,0.04425325,0.04865536,0.02110739,-0.6256397,0.23273394,-0.16134365,0.6068907,-0.20612907,0.64437073,-0.4332235,-0.5007751
86,2538,-0.29216617,0.35329512,0.23259306,0.26961815,0.092764124,-0.18535835,-0.32592458,-0.090287134,0.30068746,-0.45003867,-0.16823305,-0.48897868,0.11655473,-0.116656266,0.45616582,0.28294224
86,2539,0.5068667,-0.049148574,0.38943845,0.24581118,-0.567432,0.452913,-0.04149525,0.5113048,-0.70813835,0.18724096,0.025261149,-0.24437317,-0.62086785,0.18055685,-0.7487025,0.42716154
86,2545,-0.48120356,0.74102044,0.06728823,-0.12761234,-0.1488527,0.013154093,0.1194565,-0.045647383,-0.64909804,0.25527784,-0.21217476,0.70479554,-0.19439548,0.67686945,-0.45763296,-0.56245136
86,2548,0.3482058,-0.05370736,0.35560355,0.096969634,-0.1551927,0.250794,-0.584051,0.4529115,0.04517278,-0.35991132,0.22179917,-0.5513919,-0.30734703,-0.021824218,-0.019939527,0.30907935
86,2558,-0.84043115,0.46628478,-0.42861295,-0.693437,0.7768288,0.0125840455,-0.32787594,0.20982137,0.19673795,-0.25002795,0.2658797,0.8476808,0.51844966,0.4627182,-0.05550398,-0.73311937
86,2561,0.75111806,0.030210227,-0.0026347116,0.084162146,0.30817142,0.12518734,-0.52848065,0.22521141,0.11835237,-0.45401263,0.030317977,-0.55169994,-0.6641947,-0.1119545,-0.18337683,0.10358731
86,2565,-0.7442945,-0.513138,-1.2495366,0.12889232,0.97668415,-0.64577323,1.5087557,1.3976837,0.12235825,-0.83495444,0.31567073,0.5319832,1.0638347,-1.361657,-1.1360555,0.8397864
86,2576,0.62998897,-0.26047155,0.32709453,0.07440885,-0.42967877,0.5075438,-0.2544296,0.71933484,-0.4738746,-0.03928855,0.27315223,-0.2836532,-0.5394689,0.10742529,-0.6127061,0.3965597
86,2580,0.6030791,-0.48894727,0.56240475,0.50852174,-1.2777886,-1.2642308,1.3528115,0.15907772,-0.2710524,0.35086757,-0.475954,-0.14027625,-0.1335645,-1.2121384,0.41631973,-1.2271566
86,2599,-0.018879637,0.37124556,-0.0015682504,0.025664968,0.281543,-0.27421874,-0.5350807,0.077048495,0.5693736,-0.8001241,-0.08563851,-0.4403429,-0.038519666,-0.22358477,0.56241345,-0.09257728
86,2602,0.60033995,-0.49651062,0.5294428,0.45714906,-1.2481077,-1.2148063,1.302557,0.14302468,-0.24129567,0.3491254,-0.43683684,-0.110061176,-0.12240684,-1.1649214,0.43454874,-1.2206589
86,2615,0.60081,-0.34742153,0.31347895,-0.064168766,-0.33560368,0.502718,-0.43451917,0.82572186,-0.26887557,-0.20088269,0.44919848,-0.27615815,-0.4122245,0.08669877,-0.43128484,0.29479483
86,2618,-0.6112003,0.74821913,-0.03887912,-0.27481478,0.036131855,-0.011303782,0.053565055,-0.041738734,-0.49433997,0.16799605,-0.13972561,0.8295251,-0.05068341,0.6962691,-0.34396935,-0.71183896
86,2620,-0.05511366,0.45133007,0.15359047,0.037145343,-0.29150638,0.16515607,0.1175358,0.13341625,-0.71674967,0.2551127,-0.17151861,0.35315835,-0.3927814,0.47218317,-0.61606354,-0.17774692
86,2623,0.026872233,0.37369388,-0.04419052,-0.0291556,0.32511076,-0.30059496,-0.59534156,0.11035933,0.6393635,-0.88869953,-0.067711055,-0.43920666,-0.071800426,-0.2428614,0.59958297,-0.17783517
86,2625,0.51009905,-0.4591462,0.42295206,0.32178566,-1.0268922,-0.99849486,1.0501965,0.06724406,-0.11847916,0.30006576,-0.32593846,-0.086904295,-0.050685674,-0.960969,0.46489394,-1.0470175
86,2628,0.1782466,-0.47017622,-0.4645788,-0.11377491,-0.08535497,0.50392735,0.29237917,-0.6103728,0.058442324,0.86732423,-0.0027108341,0.06693144,0.27012673,0.052823484,0.042039335,0.6572701
86,2630,-0.34555066,0.602768,0.13569629,-0.10315502,-0.19498836,0.06966899,0.015182793,0.071541235,-0.57241225,0.18882865,-0.11246531,0.5342741,-0.1997731,0.582531,-0.40857536,-0.43693653
86,2632,0.1373392,-0.13616264,-0.4770617,-0.006495796,0.06452598,0.35033917,0.12664852,-0.59312046,0.14287446,0.5098845,-0.25921422,-0.1258764,0.11489116,-0.0769559,0.097857706,0.6392009
86,2637,-0.39688516,0.65201986,0.13945338,-0.10289785,-0.20073727,0.052033532,0.030827373,0.03957434,-0.5961628,0.21228293,-0.14058231,0.5710721,-0.19740054,0.61504114,-0.41296417,-0.47306314
86,2645,-0.32633364,-0.096027374,0.167012,-0.09623468,-0.046361875,-0.3290829,-0.09846167,-0.42684317,0.5188503,-0.13608703,0.060803093,-0.0500049,0.446859,-0.004924372,0.8567305,-0.29342583
86,2664,0.1805489,-0.17336261,0.6063139,0.16055353,-0.45344,0.3667511,-0.5575243,0.60157424,-0.12389931,-0.22703394,0.33482698,-0.5445711,-0.20389518,0.05768925,-0.06577216,0.4796724
86,2673,0.6265986,-0.2631315,0.31850404,0.0636172,-0.41298118,0.501548,-0.26513505,0.72007143,-0.4493889,-0.054828167,0.2844941,-0.28190726,-0.5213169,0.100328,-0.58974797,0.38715655
86,2700,-0.780497,0.6941786,-0.26444256,-0.4923792,0.40793908,-0.024609126,-0.059596777,0.0068617314,-0.22805873,0.019962192,-0.017163053,0.940428,0.20373534,0.6466738,-0.24398763,-0.8055923
86,2709,0.16617587,-0.35922247,-0.46789533,-0.09493245,-0.030374337,0.43998015,0.22119296,-0.60469294,0.10660995,0.72714406,-0.08398841,0.0071044564,0.21786729,0.010825425,0.08339284,0.6175344
86,2721,-0.6824796,0.7316688,-0.1536471,-0.37014392,0.217586,-0.027717672,0.01874125,-0.040664166,-0.3653125,0.103042245,-0.097644284,0.8829744,0.070968695,0.66585594,-0.28411633,-0.7605399
86,2725,-0.18913673,-0.19096756,0.046070952,-0.14261036,-0.07542659,-0.19505212,-0.031478837,-0.4367175,0.44908392,0.029473573,0.07947962,0.009178519,0.39516014,-0.0058839694,0.73043966,-0.21407282
86,2738,-0.49391103,0.47881022,0.19451201,0.22060831,0.26173222,-0.35594308,-0.38805333,-0.42012024,0.54795384,-0.5440948,-0.35710323,-0.50428003,0.24537545,-0.11033337,0.7779,0.109084174
86,2744,0.5046776,-0.033865333,0.4202203,0.2844401,-0.6009232,0.45516306,-0.036148027,0.4969797,-0.71956587,0.20596242,0.0008916408,-0.28323185,-0.63189316,0.17383872,-0.7481602,0.4656792
86,2745,-0.38461095,0.63792133,0.13579915,-0.10849707,-0.19925556,0.059256323,0.028633833,0.05148436,-0.5974785,0.20783436,-0.13180871,0.5713533,-0.20331424,0.61384374,-0.42150974,-0.46960136
86,2767,-0.35865074,0.5535271,0.07002701,0.24951698,0.32248577,-0.3059416,-0.37771457,-0.45648235,0.50922334,-0.5438734,-0.4929456,-0.5582462,0.106115565,-0.18058486,0.66221756,0.19276404
86,2768,-0.5750266,0.7643917,-0.014529072,-0.22206558,-0.029418092,-0.006405242,0.107100815,-0.06070976,-0.5829208,0.2191737,-0.1888582,0.817318,-0.119047195,0.70916384,-0.41656053,-0.6731683
86,2769,0.071310066,-0.08671819,-0.4461959,0.12181011,0.048089743,0.37515375,0.2004132,-0.59353304,0.046828166,0.571179,-0.30816323,-0.17789178,0.13268547,-0.09000662,0.0020873398,0.8252976
86,2771,0.2639663,-0.36996984,-0.23248851,-0.064564794,0.1056253,0.19148996,0.18077058,0.89495945,-0.22642595,-0.31612328,0.36161155,0.082967535,-0.036461815,-0.2503131,-0.7128062,0.36556026
86,2773,-0.4283613,0.682797,0.1369786,-0.106601804,-0.20520991,0.044253245,0.04865536,0.02110739,-0.6256397,0.23273394,-0.16134365,0.6068906,-0.20612907,0.64437073,-0.43322355,-0.5007751
86,2783,0.28233522,-0.37639385,-0.21995005,-0.0629628,0.087206244,0.206642,0.17546597,0.90125257,-0.24884099,-0.30475554,0.3606409,0.07894345,-0.06307468,-0.23708981,-0.732643,0.3690553
86,2784,-0.60198396,0.343608,0.456352,0.54245293,-0.081690416,-0.12691233,-0.08708009,-0.2789309,0.030097738,-0.1076552,-0.28815073,-0.55899715,0.28022116,-0.0341034,0.34863418,0.69470334
86,2800,-0.116448864,0.6245167,-0.13807666,0.4729263,0.3111949,-0.063243546,-0.121301405,-0.5444708,0.17340998,-0.23411727,-0.7700252,-0.6551086,-0.13952753,-0.28516042,0.17163116,0.69409597
86,2801,-0.41070187,0.3622483,0.03611081,0.5961958,0.0761014,0.047140867,0.19315657,-0.57786185,-0.056112528,0.18799248,-0.5500576,-0.5080342,0.19289221,-0.12249333,0.081657514,1.0304811
86,2803,0.873987,-0.7979042,-0.7836493,-0.8545723,-0.14477862,0.59769654,0.025453836,-0.512071,0.41234213,0.7672937,0.25834814,0.43083894,-0.06622332,0.039632678,0.40485176,-0.33394203
86,2810,0.04904248,-0.33075613,0.5562628,-0.2609984,-0.19485593,0.30166855,-0.9005606,0.79370296,0.36809477,-0.44652855,0.76708204,-0.26724458,0.15255985,0.1398991,0.31029934,-0.08466388
86,2820,-0.31158072,0.5797266,0.13520595,-0.096664175,-0.20692411,0.086712316,0.026139319,0.0884282,-0.5990169,0.19704479,-0.113499805,0.5261284,-0.23043859,0.58015895,-0.4469334,-0.41508815
86,2822,0.58446324,-0.50047123,0.4786929,0.37596786,-1.1802592,-1.1191833,1.1990681,0.11929132,-0.18975788,0.3381611,-0.36481482,-0.06893545,-0.09544781,-1.0723203,0.4590735,-1.1867704
86,2826,0.8743824,-0.778527,-0.7878738,-0.83225316,-0.11514413,0.63217795,0.012412906,-0.49883753,0.39320594,0.7722466,0.25465137,0.40482658,-0.065694004,0.04898113,0.3584144,-0.26138598
86,2828,0.052294903,-0.4504313,-0.5540975,-0.32350054,0.5181085,0.07844854,0.25007197,0.9698196,-0.016196996,-0.54425275,0.57088584,0.38821727,0.2103999,-0.28158897,-0.6965023,0.16921653
86,2833,0.684898,-0.65513885,-0.09892701,-0.3264775,-0.6800202,-0.29260534,0.5248542,-0.15054573,0.18259203,0.45583248,0.075044736,0.26213312,-0.029588193,-0.45308602,0.5652902,-0.92549384
86,2837,-0.48120356,0.74102044,0.06728823,-0.12761234,-0.1488527,0.013154093,0.1194565,-0.045647383,-0.64909804,0.25527784,-0.21217476,0.70479554,-0.19439548,0.67686945,-0.45763296,-0.56245136
86,2842,-0.5652479,0.04180211,0.16894025,0.41682333,-0.055963863,0.037114233,0.21553537,-0.5214532,0.056710705,0.34973538,-0.14693566,-0.27850917,0.5354011,0.04305379,0.30125743,0.8111644
86,2843,-0.2122523,-0.20425096,0.071440175,-0.14763117,-0.095786706,-0.24838796,-0.017010316,-0.4543032,0.468601,0.014670908,0.07799689,0.02046056,0.40727302,-0.013706446,0.77935904,-0.279133
86,2848,-0.28329414,-0.21116596,0.26325527,-0.19370674,-0.17465658,-0.51845187,-0.0480659,-0.3842883,0.57728934,-0.20087373,0.16384229,0.071545914,0.45536897,-0.047698963,1.0219738,-0.68721056
86,2863,-0.5623249,0.7324675,-0.022581048,-0.23678888,0.0050144047,-0.0065049008,0.067338586,-0.042040363,-0.5077845,0.17523232,-0.15005074,0.78269875,-0.07328126,0.66930354,-0.35365337,-0.660871
86,2866,0.11483522,0.3680131,-0.105027296,-0.086298496,0.3592593,-0.2952425,-0.61937344,0.15333879,0.6729839,-0.9300281,-0.036148265,-0.40616068,-0.10182488,-0.26197535,0.594421,-0.25391
86,2869,0.3022347,-0.35236192,0.4080077,-0.22733127,-0.21470675,0.4016431,-0.7221941,0.84496886,0.110340215,-0.37313884,0.6741137,-0.23937848,-0.07152368,0.114343286,-0.0019915253,0.04979327
86,2873,-0.48120356,0.74102044,0.06728823,-0.12761234,-0.1488527,0.013154093,0.1194565,-0.045647383,-0.64909804,0.25527784,-0.21217476,0.7047956,-0.19439548,0.67686945,-0.45763296,-0.56245136
86,2876,0.007892981,0.5206763,0.23153344,0.21251012,-0.44367814,0.18175513,0.26310405,0.053129613,-0.94006324,0.4240393,-0.35505491,0.27055526,-0.5590707,0.47810477,-0.8013391,-0.03847064
86,2884,0.50467753,-0.033865348,0.4202203,0.28444007,-0.6009231,0.45516306,-0.03614801,0.4969797,-0.71956587,0.20596239,0.0008916259,-0.28323185,-0.63189316,0.17383875,-0.7481602,0.4656792
86,2902,0.87030995,-0.8476757,-0.75841254,-0.88804996,-0.22182152,0.5198775,0.07263929,-0.52844065,0.43300065,0.77195597,0.27767307,0.48695093,-0.055243343,0.020944804,0.4868732,-0.47740808
86,2905,0.3482058,-0.05370736,0.35560355,0.096969634,-0.15519269,0.250794,-0.584051,0.4529115,0.04517278,-0.35991132,0.22179918,-0.5513919,-0.30734703,-0.021824218,-0.019939542,0.30907935
86,2908,-0.2821917,0.54848343,0.1326133,-0.09669088,-0.19453895,0.09159997,0.006263092,0.10518336,-0.55882,0.17061529,-0.08920525,0.491531,-0.21294165,0.54712456,-0.41683215,-0.39019603
86,2929,0.51057637,-0.10327971,0.32815826,0.14465646,-0.47894868,0.44916674,-0.102117404,0.5659932,-0.617854,0.10215795,0.11949741,-0.18610285,-0.5607724,0.175357,-0.6903315,0.34659407
86,2940,-0.2821917,0.54848343,0.1326133,-0.09669089,-0.19453895,0.09159997,0.006263092,0.10518338,-0.55882,0.17061529,-0.08920525,0.491531,-0.21294168,0.54712456,-0.4168321,-0.39019603
86,2942,-0.30913162,-0.19871613,0.30589038,-0.18006226,-0.19223605,-0.5748904,-0.04120329,-0.37162918,0.5843362,-0.24112162,0.16905998,0.07515843,0.4644892,-0.060964294,1.0553412,-0.74454796
86,2943,-0.49922693,0.742809,0.04234583,-0.15212536,-0.11632846,0.008772552,0.11819899,-0.048415244,-0.6297847,0.24302486,-0.20417373,0.7330695,-0.17480668,0.6816105,-0.44703865,-0.5881361
86,2949,0.07131006,-0.08671819,-0.4461959,0.12181012,0.048089743,0.37515372,0.20041323,-0.5935329,0.046828166,0.571179,-0.30816323,-0.17789178,0.13268547,-0.09000663,0.0020873249,0.8252976
86,2974,0.08400593,-0.3497734,0.53137636,-0.2817083,-0.19248709,0.33657023,-0.8776964,0.8304329,0.30972236,-0.41759032,0.7805383,-0.22935557,0.12326965,0.15601109,0.23342094,-0.08938816
86,2975,-0.6267771,0.75518817,-0.049342237,-0.28867605,0.047097832,-0.012358025,0.05777639,-0.043987542,-0.5003985,0.17056802,-0.14107876,0.8545449,-0.049975574,0.71062833,-0.352656,-0.7318562
86,2991,-0.4721923,0.3068626,0.082579106,0.5803321,0.03935993,0.044341505,0.20702481,-0.5519829,-0.054032743,0.21628791,-0.46359336,-0.467162,0.27836657,-0.087390795,0.12123381,1.0222589
86,2993,0.16149566,-0.68447894,-0.427473,-0.19804028,-0.17559326,0.56108075,0.37591794,-0.64264226,0.046472296,1.0596203,0.16869037,0.19115196,0.3948928,0.14863433,0.07332571,0.6146078
86,3000,-0.46689636,0.49349684,0.16808157,0.22136213,0.2759156,-0.34808424,-0.38994092,-0.42660707,0.54558706,-0.5491574,-0.3817041,-0.5125927,0.21899025,-0.12425591,0.7606406,0.119117275
86,3001,-0.82129085,0.64198273,-0.33224,-0.5703589,0.52759653,-0.013418429,-0.12062843,0.05997117,-0.12995923,-0.047275886,0.05618558,0.9601712,0.28670856,0.62189597,-0.22102033,-0.8126323
86,3002,-0.23409756,0.35865235,0.18022732,0.21557058,0.13653105,-0.21257842,-0.3753022,-0.050584793,0.3667006,-0.5381285,-0.1523761,-0.4819975,0.078863494,-0.14451058,0.48379475,0.19458225
86,3029,-0.32633364,-0.096027374,0.167012,-0.09623468,-0.046361875,-0.3290829,-0.09846169,-0.42684317,0.5188503,-0.13608703,0.060803093,-0.0500049,0.446859,-0.004924372,0.8567306,-0.29342583
86,3033,0.631985,-0.59181786,0.2098096,0.027787989,-0.9616933,-0.7396974,0.8878437,-0.010384187,-0.0059196055,0.39812833,-0.14302395,0.106979236,-0.05843407,-0.77865803,0.531303,-1.0997304
86,3034,0.1935604,-0.38435537,-0.46276534,-0.11270872,-0.04350679,0.4566043,0.22271103,-0.5765436,0.097261295,0.74110365,-0.045822486,0.026286066,0.22086954,0.018406779,0.07151158,0.59967756
86,3037,0.3482058,-0.05370736,0.35560358,0.096969634,-0.15519269,0.250794,-0.584051,0.4529115,0.04517278,-0.35991132,0.22179917,-0.55139184,-0.30734703,-0.021824218,-0.019939542,0.30907935
86,3039,0.61080706,-0.30636165,0.31883505,-0.0008171499,-0.37399933,0.5018218,-0.35691446,0.77543044,-0.34943113,-0.13324723,0.37143773,-0.2849195,-0.45893714,0.08895825,-0.49912608,0.3432061
86,3041,0.4088419,-0.55827594,0.10523719,-0.0538623,-0.6593943,-0.46302488,0.62706363,-0.1809385,0.10851331,0.4171772,-0.040293902,0.08702098,0.112761006,-0.49195355,0.5103244,-0.7053883
86,3050,0.61742806,-0.22135401,0.34679988,0.12244065,-0.47268823,0.50551516,-0.20205212,0.67957145,-0.5420195,0.019073114,0.21368375,-0.28596452,-0.5758567,0.12370081,-0.6631533,0.42244494
86,3079,0.60333544,-0.46385664,0.6123784,0.59361476,-1.3079773,-1.3255768,1.4156786,0.19173515,-0.31932357,0.34565306,-0.5338593,-0.19588138,-0.14944258,-1.2778332,0.37523192,-1.2109659
86,3092,-0.6061056,0.746178,-0.07200781,-0.28244135,0.070684165,-0.018599212,0.07298288,-0.056693673,-0.48017606,0.16152373,-0.14620276,0.84360504,-0.038265675,0.6844985,-0.34028512,-0.7149081
86,3093,0.69843596,-0.6548017,-0.27912238,-0.51647943,-0.49314025,-0.024472944,0.2923263,-0.22483034,0.2917192,0.46240562,0.19196723,0.33517897,-0.013799459,-0.2596888,0.5710082,-0.7855309
86,3101,-0.006796211,-0.10194069,-0.34794027,0.09791942,0.03406845,0.29932758,0.16275838,-0.5699873,0.10480287,0.49912685,-0.23483528,-0.15784822,0.2066726,-0.054480206,0.11269291,0.7070173
86,3114,-0.6613817,0.38059092,0.35964528,0.23892465,0.15083422,-0.37854615,-0.34152818,-0.37699962,0.5181031,-0.46644157,-0.20618863,-0.4477625,0.41095623,-0.02255506,0.8416826,0.103818156
86,3115,-0.047710717,0.5433193,0.2844654,0.20433341,-0.4740056,0.17739263,0.2046381,0.067975685,-0.91773653,0.41666234,-0.33121574,0.25796533,-0.53301334,0.4995818,-0.75385016,-0.06498629
86,3116,0.46916586,-0.3862477,0.33910447,-0.18747617,-0.23889148,0.46043372,-0.6149141,0.872775,-0.037749648,-0.3279448,0.60793334,-0.24982958,-0.22532323,0.09060605,-0.19786657,0.15248212
86,3119,0.5329905,-0.45041066,0.48527384,0.40546048,-1.1090158,-1.1043105,1.1530514,0.10886806,-0.17442241,0.29868042,-0.38971615,-0.12208344,-0.08124459,-1.0579723,0.44532365,-1.1040622
86,3122,0.6213026,0.017707184,0.1217335,0.054544773,0.06722364,0.21713373,-0.59333014,0.3828672,0.10393551,-0.44847065,0.109781615,-0.58503497,-0.5133388,-0.09891109,-0.09908913,0.21464339
86,3132,0.5105763,-0.10327974,0.32815826,0.14465646,-0.47894868,0.44916677,-0.102117404,0.56599325,-0.617854,0.10215795,0.11949741,-0.18610285,-0.5607724,0.17535703,-0.6903315,0.3465941
86,3133,-0.20483811,0.52957916,-0.07936948,0.54661053,0.20985737,0.002527073,0.030958474,-0.56053084,0.041977465,-0.038832888,-0.71137077,-0.60602355,-0.03893605,-0.22929074,0.08232747,0.8683709
86,3139,0.5036245,-0.042232156,0.39801627,0.2574436,-0.577567,0.45257723,-0.03717065,0.50466144,-0.71402156,0.19507319,0.01595731,-0.2530362,-0.6240814,0.18025865,-0.750019,0.43682486
86,3141,-0.1620708,0.4714034,0.1309639,-0.05947415,-0.21934327,0.13343,0.03254175,0.14566009,-0.59777653,0.17900178,-0.09021525,0.4255497,-0.27995428,0.5012236,-0.48927152,-0.29558608
86,3147,-0.8746421,0.53912735,-0.4168533,-0.6727222,0.71968794,-4.4696033e-05,-0.25507042,0.1583209,0.080631755,-0.17866354,0.19475724,0.92358017,0.4519226,0.5366689,-0.1329634,-0.7819246
86,3149,0.5899875,-0.1913858,0.24921331,0.06766483,-0.39783576,0.470895,-0.119814396,0.6319476,-0.5818068,0.03886658,0.19112179,-0.1404679,-0.5625285,0.15922652,-0.7137996,0.31458923
86,3156,-0.54532146,0.75092614,-0.00092665106,-0.20071554,-0.04859304,-0.0017250925,0.10714173,-0.055422857,-0.58445275,0.21940768,-0.18918447,0.783288,-0.12924218,0.69045806,-0.41644114,-0.6410284
86,3159,-0.5623249,0.7324675,-0.022581048,-0.23678885,0.005014401,-0.0065049008,0.067338556,-0.042040363,-0.5077845,0.17523232,-0.15005074,0.78269875,-0.07328126,0.66930354,-0.3536535,-0.660871
86,3164,-0.75798804,0.32142335,0.47820306,0.33663055,0.035203032,-0.33471957,-0.23518199,-0.3464812,0.381124,-0.31671023,-0.14995731,-0.4432416,0.48828763,0.025014862,0.756063,0.25694424
86,3166,-0.678425,0.36480632,0.47434026,0.59203374,-0.08553237,-0.1467866,-0.040971145,-0.33224797,0.010289162,-0.06750609,-0.3233956,-0.5698737,0.32007608,-0.027049959,0.35689762,0.7502552
86,3167,0.13509476,0.38173157,-0.11926592,-0.07887514,0.37271675,-0.2942726,-0.64613056,0.15801345,0.67452,-0.96184975,-0.06508237,-0.44751644,-0.14860645,-0.27855796,0.5827724,-0.22954214
86,3168,0.19021662,-0.50031626,-0.4865495,-0.108719856,-0.09900232,0.53946334,0.32796505,-0.62707096,0.029778719,0.93234754,-0.0011020452,0.078682706,0.27304873,0.058356136,0.00512293,0.70582795
86,3184,0.31522015,-0.65116274,-0.15060988,-0.32562703,-0.3763496,-0.006064385,0.32176647,-0.38876796,0.25439817,0.56479836,0.18835837,0.22306238,0.2593459,-0.1087186,0.50619406,-0.36149058
86,3186,-0.144688,0.39243412,0.27975318,-0.04045343,-0.3011469,0.17388591,-0.14832482,0.25858548,-0.49164566,0.11912525,0.022187278,0.24621423,-0.2366288,0.44758588,-0.36805493,-0.22054768
86,3189,0.14688021,-0.2081309,-0.43840152,-0.051372644,0.02906755,0.35745123,0.13127881,-0.55563307,0.14776546,0.5370389,-0.16209741,-0.0731429,0.16112149,-0.04155291,0.120518476,0.57273924
86,3194,-0.32271457,-0.19866496,0.29784712,-0.1863985,-0.1797959,-0.5710598,-0.051688537,-0.39113307,0.5982158,-0.24025624,0.16115552,0.06945582,0.4716469,-0.05175126,1.0679747,-0.73425615
86,3195,0.16958521,-0.59465575,-0.451114,-0.1338905,-0.14626166,0.5618519,0.37076095,-0.62971616,0.015516013,1.0186799,0.086300515,0.13307773,0.34110144,0.10480188,0.015884101,0.6942283
86,3204,0.1513263,-0.14702573,0.59030235,0.16594563,-0.431673,0.3419277,-0.53736913,0.5644823,-0.106656194,-0.22347698,0.31765214,-0.52973247,-0.17100859,0.050856486,-0.03984858,0.46854174
86,3207,0.48540407,-0.39758456,0.3410504,-0.18622659,-0.24835953,0.47157407,-0.6121152,0.88556236,-0.05523342,-0.3234458,0.6091698,-0.25187618,-0.24457732,0.09370498,-0.22135623,0.16194409
86,3215,0.72979903,0.18416204,-0.09758442,0.535203,0.7483659,-0.14194736,-0.028232574,-0.48361975,-0.13978916,-0.113134,-0.46394998,-0.5019683,-0.91754496,-0.10144293,-0.5098425,0.18832305
86,3233,0.24472275,-0.14654726,0.008969232,-0.32705858,0.010463947,0.32986155,-0.26502845,0.59319633,-0.23055622,-0.19703475,0.44307333,0.28129643,-0.19492051,0.29783034,-0.4074192,-0.16640785
86,3245,-0.69289434,0.34992158,0.4019722,0.25600746,0.111785635,-0.36808947,-0.31081295,-0.36016482,0.48542914,-0.42085463,-0.16692208,-0.4325869,0.44948363,-0.0008261949,0.82790095,0.12931614
86,3249,0.28090584,-0.28906018,-0.1384927,-0.42621106,0.19531307,0.327297,-0.27776358,0.698526,-0.09072155,-0.3366716,0.57126474,0.288697,-0.10845029,0.19638307,-0.4141823,-0.13821238
86,3262,-0.10520388,-0.15741804,-0.16240412,-0.038114686,-0.005437348,0.08930065,0.04641944,-0.5102471,0.28478214,0.28016478,-0.058588102,-0.070163205,0.3155411,-0.0049094334,0.42001542,0.27611753
86,3277,0.034483954,-0.3486619,0.5839033,-0.27447778,-0.21270046,0.31239122,-0.9313073,0.8209551,0.37055677,-0.45142666,0.7958009,-0.2668816,0.15389982,0.15866236,0.31478864,-0.0968415
86,3278,0.28497094,-0.67224896,-0.2474888,-0.42736357,-0.26255268,0.17466155,0.19505897,-0.4507836,0.30739886,0.60652024,0.27976727,0.27163756,0.3095211,0.036238626,0.49576688,-0.22386226
86,3303,1.0705229,0.1395658,-0.3787814,0.46249932,1.4060088,-0.40489087,-0.035438344,-0.76985073,0.05772341,-0.25259686,-0.4808023,-0.35560584,-1.2728075,-0.09475744,-0.6013937,-0.3281545
86,3318,0.32115233,-0.3608014,-0.17712858,-0.06934288,0.055440363,0.23699412,0.11657497,0.8691757,-0.25534385,-0.28515396,0.35993987,0.056254327,-0.10479635,-0.1921081,-0.70123553,0.34556603
86,3336,0.19723944,-0.376684,-0.33713815,-0.3868652,0.35762838,0.22082788,-0.047480747,0.81962216,-0.039358467,-0.43988043,0.581168,0.32455176,0.040474907,-0.028580114,-0.5317617,0.008032113
86,3359,-0.1325367,0.6538397,-0.11094279,0.33771363,0.37892798,-0.18739596,-0.30779588,-0.49906433,0.37411568,-0.46926188,-0.70423543,-0.6432176,-0.121536195,-0.28441477,0.3997527,0.398729
86,3362,1.0884875,0.07291904,-0.44392496,0.32569224,1.5671381,-0.47575393,-0.11606125,-0.7572321,0.213242,-0.36072606,-0.33776367,-0.25187534,-1.2422248,-0.074079275,-0.4918688,-0.55720484
86,3364,0.43896288,-0.5170386,0.21939561,0.06929481,-0.77616787,-0.6424637,0.7526976,-0.08704941,0.0375192,0.36119533,-0.12551902,0.028463647,0.0612057,-0.6425108,0.5008865,-0.8263321
86,3365,-0.63791275,0.095371366,0.22413489,0.5153602,-0.07366985,0.03016382,0.2629347,-0.5324129,-0.0115971565,0.362979,-0.19735087,-0.32278365,0.54288566,0.04011266,0.2528641,0.9344671
86,3367,0.631985,-0.59181786,0.20980957,0.027787987,-0.9616933,-0.7396974,0.8878437,-0.010384202,-0.0059196055,0.39812833,-0.14302395,0.106979206,-0.05843407,-0.77865803,0.53130305,-1.0997306
86,3368,0.0016789883,0.5220539,0.2405558,0.21340793,-0.4455633,0.17923531,0.24954024,0.05482763,-0.9254712,0.41778588,-0.34863442,0.25958508,-0.5479069,0.47342587,-0.7824002,-0.037912607
86,3372,-0.532408,0.33929062,0.4155078,0.48599905,-0.053299505,-0.12810221,-0.1342486,-0.23631112,0.07660513,-0.16558455,-0.25632656,-0.5402241,0.24757966,-0.045378495,0.36285442,0.61361706
86,3373,0.6409559,-0.60254866,0.22989538,0.052122645,-0.9968258,-0.78034705,0.9333117,-0.005246818,-0.023879811,0.4097519,-0.16562904,0.099453524,-0.06670077,-0.8134851,0.5298389,-1.1280231
86,3382,-0.2921661,0.35329515,0.23259306,0.26961815,0.09276414,-0.18535832,-0.32592458,-0.090287134,0.30068746,-0.45003873,-0.16823302,-0.48897874,0.11655472,-0.116656266,0.4561658,0.28294224
86,3383,-0.13823493,-0.17818892,-0.12605128,-0.058640014,-0.027464066,0.023532562,0.050051063,-0.52772045,0.32041162,0.251378,-0.04246129,-0.04763736,0.33893353,-0.0043195635,0.49473387,0.17852953
86,3388,0.004512027,-0.12636536,0.6277534,0.12399733,-0.40056312,0.27420783,-0.59381115,0.52876765,0.01349619,-0.2702362,0.3686471,-0.4943797,-0.036469713,0.07476464,0.11441299,0.37842253
86,3402,-0.36596775,-0.5044706,-0.8717563,0.067402795,0.62880313,-0.33840227,1.0559115,1.2598488,-0.031129435,-0.63663465,0.33625358,0.38368607,0.65881574,-0.96666676,-1.0267814,0.6791798
86,3406,-0.23770888,-0.20340315,0.14777154,-0.1689535,-0.11842184,-0.34635976,-0.041859567,-0.41789412,0.5145141,-0.07695374,0.11816633,0.03668724,0.42794883,-0.021791771,0.871905,-0.43436453
86,3420,0.87042737,-0.82494485,-0.77035964,-0.8729963,-0.18336694,0.55937165,0.048223376,-0.52113503,0.42415285,0.77020264,0.2706319,0.46057683,-0.058594182,0.032074824,0.4479762,-0.40699008
86,3426,1.0834262,0.0733902,-0.4715134,0.35251436,1.6876192,-0.54481006,-0.05870357,-0.8661872,0.22610387,-0.33437777,-0.36301047,-0.19482312,-1.2591803,-0.060528178,-0.5016114,-0.633798
86,3441,0.07271894,0.36548972,-0.055053256,-0.038153205,0.3248983,-0.28123605,-0.6284003,0.1455959,0.63341904,-0.91387385,-0.067015395,-0.46902347,-0.11995101,-0.25699586,0.5729462,-0.162615
86,3450,-0.5659095,0.14479598,0.18992549,0.50424564,-0.04394759,0.03342095,0.22338024,-0.49485457,-0.0100521445,0.2965085,-0.23091139,-0.346419,0.47205168,0.00467629,0.22654866,0.91199553
86,3467,0.69646376,0.18933886,-0.07273734,0.532841,0.67975765,-0.11507831,-0.032064095,-0.44501144,-0.1516408,-0.10505214,-0.4531443,-0.5111955,-0.872401,-0.10381188,-0.49251676,0.23094639
86,3470,-0.6212597,0.75582254,-0.054826967,-0.28684476,0.045498908,-0.011744373,0.06983581,-0.047176346,-0.51302516,0.17630991,-0.14736475,0.86174405,-0.05908279,0.7139468,-0.36666185,-0.7309514
86,3476,-0.6581735,-0.5391612,-1.2121875,0.06266596,0.97252613,-0.5802304,1.3910097,1.3703458,0.13513663,-0.83054924,0.3673132,0.5284817,0.9962373,-1.2709168,-1.0986297,0.7686298
86,3485,0.22242278,0.2471377,0.26705694,0.57821095,-0.075250104,0.14830577,-0.08444823,-0.07404287,-0.30146793,-0.036381423,-0.38923973,-0.69084966,-0.3985844,-0.11848746,-0.2901044,0.78910756
86,3493,0.13419358,0.3722781,-0.11178032,-0.07345264,0.3599185,-0.2845499,-0.6301372,0.16256663,0.656995,-0.9388778,-0.05691099,-0.4402805,-0.1376423,-0.27541295,0.56877583,-0.21608949
86,3495,0.5329905,-0.45041072,0.48527384,0.4054605,-1.1090161,-1.1043103,1.1530515,0.10886806,-0.17442244,0.29868042,-0.38971603,-0.12208344,-0.08124459,-1.0579723,0.44532365,-1.1040623
86,3508,0.5269736,-0.28470755,0.07624381,-0.047908504,-0.18405193,0.41396096,-0.11820657,0.7274382,-0.40414277,-0.1195265,0.30944496,-0.06395532,-0.38868442,0.053949893,-0.66237277,0.2838949
86,3524,0.009342134,-0.3594516,0.590246,-0.29923984,-0.19666,0.30995357,-0.9542124,0.8321734,0.39733335,-0.45513475,0.82611454,-0.24581069,0.18454653,0.17036973,0.33564013,-0.13301979
86,3528,0.13509476,0.38173157,-0.11926592,-0.07887514,0.37271672,-0.29427257,-0.64613056,0.15801346,0.67452,-0.96184975,-0.06508237,-0.44751638,-0.14860648,-0.27855796,0.5827724,-0.22954217
86,3529,0.18907125,-0.062779754,0.06404008,-0.27558702,-0.062385995,0.31552547,-0.23803617,0.54923654,-0.3074384,-0.13080168,0.36947793,0.28350145,-0.22783893,0.33750653,-0.43412316,-0.17170238
86,3535,-0.30643976,-0.21685162,0.28989923,-0.19877322,-0.188479,-0.56078786,-0.04471524,-0.38978678,0.59419954,-0.22298561,0.17249124,0.08232547,0.46886685,-0.049756337,1.0631492,-0.74223125
86,3538,-0.62568176,0.73929,-0.102542125,-0.3104583,0.12643911,-0.025480084,0.055182636,-0.055880904,-0.42920122,0.13761935,-0.13012071,0.8491422,0.005805984,0.6690169,-0.30725378,-0.7281954
86,3547,-0.86837727,0.51979494,-0.42015243,-0.6791433,0.7386252,0.0021073893,-0.27870494,0.1719046,0.11931403,-0.20104568,0.21588762,0.9004805,0.47579196,0.51386225,-0.104957834,-0.7688776
86,3558,-0.41858393,-0.51177555,-0.9307832,0.07969791,0.6800143,-0.3842366,1.1294323,1.2862005,-0.011586621,-0.6671342,0.33282506,0.4061861,0.71734846,-1.0301634,-1.0507753,0.7083727
86,3560,0.35753185,-0.59682727,-0.036368303,-0.21002518,-0.49226376,-0.21548238,0.4408773,-0.2904672,0.20044616,0.47542477,0.08529757,0.15874122,0.18900378,-0.28083044,0.5168217,-0.527267
86,3561,-0.62677705,0.75518805,-0.049342237,-0.28867605,0.047097832,-0.012358032,0.05777636,-0.043987542,-0.5003985,0.17056796,-0.14107873,0.8545449,-0.049975574,0.7106283,-0.352656,-0.7318562
86,3572,0.1544741,-0.33729717,0.49229732,-0.25198847,-0.20854113,0.35628986,-0.8145579,0.82498485,0.23128971,-0.39385572,0.731266,-0.23589595,0.054426424,0.14164394,0.15101302,-0.03481175
86,3574,-0.8213793,0.42673457,-0.42648208,-0.6959137,0.8032554,0.018207844,-0.374507,0.23814157,0.26703086,-0.2901558,0.30497873,0.78891253,0.55993044,0.41378254,-0.004827827,-0.6940352
86,3578,-0.61429554,0.74455786,-0.083944164,-0.292496,0.09581851,-0.024483107,0.06403506,-0.059289232,-0.4519067,0.14957738,-0.1401001,0.840454,-0.014630452,0.67389303,-0.3169173,-0.7196952
86,3588,0.08971293,-0.33815098,0.5727151,-0.22523753,-0.24001274,0.33005473,-0.88556325,0.80925995,0.30400142,-0.43352,0.73952067,-0.3089068,0.08621572,0.13640435,0.2508786,-0.016118325
86,3595,0.54527617,-0.00381352,0.18578301,0.05659825,0.008200141,0.22568262,-0.6030086,0.41014904,0.09977645,-0.4351781,0.14871925,-0.5746164,-0.45291147,-0.07724317,-0.06574644,0.23050854
86,3598,-0.7787291,0.3803153,-0.42491537,-0.6841779,0.8146063,0.028994031,-0.40302622,0.26587418,0.31597102,-0.3230284,0.33664155,0.7268681,0.58013844,0.3613037,0.022458851,-0.63699853
86,3601,0.020426631,-0.09961736,-0.38387847,0.09633568,0.041381717,0.3203167,0.16939369,-0.58297426,0.09550904,0.5176051,-0.2592833,-0.16167757,0.1813089,-0.06529291,0.08679812,0.73226404
86,3606,-0.46850318,0.7210357,0.11348288,-0.11365892,-0.179892,0.022438545,0.07063866,-0.016459778,-0.6212379,0.23959559,-0.18437423,0.64475757,-0.18511423,0.6567121,-0.42101073,-0.53350174
86,3612,1.0510687,0.14320725,-0.36404788,0.4588012,1.3615893,-0.38648564,-0.038770974,-0.7450249,0.051247194,-0.24669167,-0.47330725,-0.36017436,-1.2427753,-0.09644529,-0.58887184,-0.30265808
86,3631,0.61742806,-0.22135401,0.34679988,0.12244065,-0.47268823,0.50551516,-0.20205212,0.67957145,-0.5420195,0.019073129,0.21368375,-0.28596452,-0.5758567,0.12370081,-0.6631533,0.42244497
86,3661,-0.13253672,0.6538397,-0.11094279,0.33771363,0.37892798,-0.18739596,-0.30779588,-0.49906433,0.3741157,-0.46926188,-0.70423543,-0.6432176,-0.121536195,-0.28441477,0.3997527,0.398729
86,3686,-0.56225353,0.19583604,0.16193202,0.5513045,-0.026664209,0.04262959,0.24205112,-0.52862775,-0.043897465,0.2955053,-0.3159594,-0.3884425,0.42209098,-0.02003055,0.18107134,0.9909792
86,3689,0.5362101,-0.08754808,0.410246,0.24569683,-0.5788934,0.47396627,-0.08338891,0.5521075,-0.67982817,0.15984923,0.058477238,-0.2901152,-0.6242229,0.163034,-0.73260117,0.46147683
86,3697,-0.632593,0.7604663,-0.08179987,-0.2984967,0.08424151,-0.02295386,0.07493803,-0.06253265,-0.48414335,0.1656493,-0.14985149,0.87164044,-0.032155707,0.70249385,-0.34457767,-0.7413871
86,3707,-0.33098072,-0.08619949,0.14668582,-0.08043055,-0.03206959,-0.29566467,-0.09526919,-0.44165778,0.5039346,-0.110721,0.042797938,-0.064500175,0.44442528,0.00076504797,0.82642674,-0.22657192
86,3710,-0.62568176,0.73929,-0.102542125,-0.3104583,0.12643911,-0.025480084,0.055182636,-0.05588092,-0.42920128,0.13761935,-0.13012071,0.8491422,0.005805999,0.6690169,-0.30725378,-0.7281953
86,3716,0.081255525,-0.14221552,0.6210258,0.15735875,-0.43295056,0.3187782,-0.5639161,0.55303997,-0.067301124,-0.23866318,0.33748323,-0.52434283,-0.119645625,0.064617455,0.018082917,0.44631073
86,3717,-0.33628416,-0.20560789,0.29552573,-0.19405684,-0.17559123,-0.5727564,-0.055384398,-0.40878922,0.6104673,-0.23673296,0.16039252,0.07145764,0.48128355,-0.04363452,1.0839752,-0.7363192
86,3721,0.016933545,0.48635763,0.20815304,0.17511871,-0.40382248,0.18361878,0.22970673,0.079571925,-0.8808751,0.377949,-0.30653334,0.27491182,-0.5228473,0.4613185,-0.7591861,-0.05341077
86,3727,-0.2597037,-0.21211958,0.21554512,-0.18453506,-0.15185864,-0.44314066,-0.044839993,-0.39492303,0.549353,-0.1450631,0.14810984,0.056932226,0.44457805,-0.035921924,0.95579636,-0.5802394
86,3729,0.58439255,-0.4464298,0.6044454,0.5839243,-1.2838124,-1.3194709,1.387058,0.17930137,-0.29975045,0.3237883,-0.53415835,-0.19757599,-0.14472446,-1.2627788,0.39002493,-1.2036844
86,3731,0.026872233,0.37369388,-0.044190504,-0.029155593,0.32511076,-0.300595,-0.5953416,0.11035935,0.6393635,-0.8886996,-0.06771104,-0.43920666,-0.07180041,-0.2428614,0.59958297,-0.17783514
86,3734,-0.29535222,-0.2171515,0.2689437,-0.19812128,-0.1792149,-0.53456897,-0.04467106,-0.39680928,0.5871193,-0.20377071,0.16306414,0.07678865,0.46201134,-0.046976913,1.0418291,-0.7070254
86,3738,0.8879288,0.058620803,-0.13170758,0.10409869,0.4813339,0.074731424,-0.46807775,0.11219363,0.11384754,-0.45395046,-0.053038627,-0.5362338,-0.78996944,-0.14218813,-0.26403093,0.046970956
86,3743,-0.27037966,-0.21791774,0.22326821,-0.18685661,-0.15884358,-0.46260622,-0.038748488,-0.4056703,0.55758464,-0.14849237,0.14605671,0.06160198,0.44988647,-0.037858285,0.9752316,-0.6027975
86,3745,0.13226803,-0.116791606,-0.4509226,0.0056083724,0.06377112,0.3379257,0.11484051,-0.560786,0.13913797,0.4791761,-0.24732377,-0.13388309,0.117456004,-0.080043025,0.09804214,0.6288456
86,3758,-0.11219834,0.46415985,0.14107558,-0.014889412,-0.25715736,0.15037195,0.078265786,0.14028955,-0.6677631,0.2213693,-0.13279046,0.3999135,-0.34278616,0.49575424,-0.56321263,-0.24405545
86,3763,0.2566744,-0.2588188,-0.11765956,-0.4139191,0.16787088,0.3244132,-0.2704806,0.68494487,-0.12296572,-0.31113356,0.5481508,0.2977165,-0.12350577,0.21967314,-0.42886764,-0.1481991
86,3780,-0.7744525,-0.47411186,-1.2247306,0.18983965,0.9314035,-0.67870176,1.5658715,1.3719751,0.09391741,-0.8039045,0.2633435,0.5262413,1.0756811,-1.3824023,-1.1313527,0.861861
86,3781,0.4031272,-0.3665697,0.35020196,-0.20920286,-0.21195608,0.4298931,-0.65612423,0.8542799,0.035922244,-0.35612965,0.6338656,-0.24205443,-0.15229115,0.091435134,-0.10526587,0.106213555
86,3783,-0.75709856,0.34404194,0.48264402,0.43512213,-0.0028859153,-0.27912053,-0.16681886,-0.35403484,0.25892702,-0.22996566,-0.2174897,-0.49335086,0.44278136,0.0086109415,0.63023996,0.43617427
86,3785,0.5338202,-0.07364899,0.42175305,0.26405245,-0.6024202,0.47726753,-0.061839372,0.5413562,-0.7169291,0.18670613,0.03470771,-0.2884488,-0.6472591,0.17462035,-0.76340735,0.47036588
86,3794,-0.30643976,-0.21685162,0.28989923,-0.19877322,-0.188479,-0.56078786,-0.04471524,-0.38978678,0.59419954,-0.22298561,0.17249124,0.08232547,0.46886685,-0.049756337,1.0631492,-0.74223125
86,3797,0.873987,-0.7979042,-0.7836493,-0.8545723,-0.14477862,0.59769654,0.025453836,-0.512071,0.41234213,0.76729375,0.25834814,0.43083888,-0.06622332,0.039632693,0.40485176,-0.33394203
86,3804,-0.8213793,0.4267345,-0.42648208,-0.6959137,0.8032554,0.018207844,-0.374507,0.23814157,0.26703086,-0.2901558,0.30497873,0.78891253,0.55993044,0.41378254,-0.0048278123,-0.6940352
86,3808,-0.34555066,0.60276806,0.13569629,-0.10315502,-0.19498837,0.06966899,0.015182823,0.071541235,-0.57241225,0.18882865,-0.11246531,0.5342741,-0.19977307,0.58253103,-0.40857536,-0.43693653
86,3820,0.22033378,-0.21392909,0.55503416,0.036150236,-0.38916895,0.36615214,-0.6323173,0.67413557,-0.019932687,-0.29165643,0.44723427,-0.46043688,-0.1553976,0.073338345,-0.00070245564,0.32513314
86,3821,-0.7787291,0.3803153,-0.42491537,-0.6841779,0.8146063,0.028994035,-0.40302622,0.26587418,0.31597102,-0.3230284,0.33664155,0.7268681,0.58013844,0.3613037,0.022458851,-0.63699853
86,3828,-0.31251436,-0.109514415,0.2003775,-0.12444255,-0.06969316,-0.39302137,-0.105640784,-0.40055275,0.54630756,-0.18754105,0.0868998,-0.02674286,0.44360504,-0.020868793,0.91039497,-0.41810855
86,3834,-0.42028934,-0.013797551,0.0781925,0.12797795,0.02144824,-0.065925844,0.0033348054,-0.5165937,0.31979102,0.123898864,-0.07862608,-0.19172955,0.4721625,0.038821787,0.5570296,0.3427102
86,3842,0.11662789,0.372836,-0.11553704,-0.09685181,0.37643003,-0.31128764,-0.64408803,0.15811764,0.69910395,-0.9688781,-0.041085094,-0.4192307,-0.11791387,-0.27008036,0.61103195,-0.27237582
86,3851,0.8743824,-0.778527,-0.7878738,-0.83225316,-0.11514412,0.63217795,0.012412906,-0.49883753,0.39320594,0.7722466,0.25465137,0.40482658,-0.065694004,0.048981145,0.35841438,-0.26138598
86,3866,-0.62770694,0.35022777,0.4667776,0.5594468,-0.08446063,-0.13352308,-0.079499364,-0.29544264,0.024715066,-0.10147752,-0.30314398,-0.5696505,0.28612092,-0.032093957,0.35223848,0.7151866
86,3869,-0.076119125,0.36448473,0.050149694,0.07378182,0.23929983,-0.25651667,-0.49173704,0.045697317,0.5152489,-0.7267084,-0.09792517,-0.44757068,-0.0019493401,-0.2007798,0.5429424,-0.019876026
86,3880,-0.53369844,0.268351,0.12234352,0.5841304,0.007848879,0.041983075,0.23026273,-0.54950047,-0.059789076,0.25203612,-0.4126135,-0.44122684,0.34515458,-0.058267843,0.14598435,1.036428
86,3889,-0.012987524,-0.43340874,-0.5029523,-0.019192953,0.33313978,-0.04029595,0.541147,1.0511752,-0.11455199,-0.46202916,0.36279726,0.21487181,0.2876088,-0.55905235,-0.8143925,0.48610246
86,3892,0.16617587,-0.35922247,-0.46789533,-0.09493245,-0.030374337,0.43998015,0.22119296,-0.60469294,0.106609955,0.727144,-0.08398841,0.0071044564,0.21786729,0.010825418,0.08339283,0.6175344
86,3906,0.004512027,-0.12636536,0.62775344,0.12399733,-0.40056312,0.27420783,-0.59381115,0.52876765,0.01349619,-0.2702362,0.3686471,-0.4943797,-0.036469713,0.07476464,0.11441299,0.3784225
86,3935,0.1748562,-0.5458402,-0.45478237,-0.111912414,-0.1283707,0.5506158,0.35296145,-0.6141267,0.013353482,0.97527456,0.052960403,0.105259344,0.31410265,0.08334912,0.0038678795,0.70583117
86,3936,0.60333544,-0.4638567,0.6123784,0.5936148,-1.3079773,-1.3255768,1.4156786,0.19173515,-0.31932357,0.34565306,-0.5338593,-0.19588137,-0.14944258,-1.2778332,0.3752319,-1.210966
86,3944,1.1153445,0.07148893,-0.45919836,0.33915836,1.6150489,-0.49264333,-0.10599019,-0.7945194,0.21003444,-0.35670605,-0.35894328,-0.2515033,-1.2854085,-0.072001696,-0.51652277,-0.57538617
86,3962,-0.20477061,-0.49570233,-0.7063754,0.031159237,0.48188853,-0.20270243,0.8490442,1.1945995,-0.090119004,-0.55215245,0.35096046,0.3198452,0.48705626,-0.78894705,-0.9666619,0.60162604
86,3967,1.0965126,0.13641661,-0.4094614,0.42839903,1.4600457,-0.4282039,-0.0527156,-0.7776774,0.100053705,-0.2775761,-0.45664954,-0.3266523,-1.2743118,-0.09435862,-0.5794779,-0.40238908
86,3971,1.1059734,0.13050857,-0.400191,0.4573646,1.4573736,-0.42021856,-0.046339884,-0.7927212,0.06950168,-0.26726353,-0.48478228,-0.3585696,-1.3162168,-0.09343211,-0.6145469,-0.35542297
86,3981,0.37105665,-0.5774915,0.023155518,-0.15102673,-0.55069166,-0.30989245,0.5015365,-0.2447388,0.16899604,0.44361293,0.043590173,0.1302916,0.16415094,-0.3556105,0.51860493,-0.59626603
86,3999,0.24758399,-0.7243832,-0.31635657,-0.4781791,-0.18795484,0.33515957,0.14505279,-0.51520467,0.3143498,0.7095352,0.35035014,0.30298388,0.3734975,0.1517234,0.4478839,-0.05223678
86,4012,-0.07470335,0.44871536,0.14432976,0.010503883,-0.26918188,0.15878175,0.09405398,0.14081764,-0.68107045,0.23055491,-0.1457734,0.36842096,-0.36291596,0.4744526,-0.58198977,-0.20435235
86,4021,-0.78046787,0.33782685,0.49218377,0.405276,0.009800237,-0.3093697,-0.19086348,-0.36355555,0.30835667,-0.26270378,-0.19811068,-0.47873187,0.4687869,0.019390583,0.6896951,0.3721411
86,4022,-0.068171665,0.5524776,0.29849094,0.20188572,-0.47766057,0.17162606,0.18487012,0.06786732,-0.89914846,0.40965414,-0.32275152,0.25144702,-0.5149735,0.500791,-0.726182,-0.0733442
86,4026,-0.72760874,0.37143973,0.49291858,0.600489,-0.0824987,-0.1701765,-0.045182735,-0.35794038,0.030428335,-0.075028405,-0.33173162,-0.5781851,0.34417933,-0.019079305,0.3932987,0.74700785
86,4028,0.4395538,-0.32268998,-0.03623154,-0.052796457,-0.08490053,0.34028733,-0.0045381486,0.79911864,-0.35503516,-0.1876905,0.3282251,-0.010952026,-0.27594227,-0.054955088,-0.7028612,0.32115227
86,4030,-0.3644665,0.39342993,0.00853885,0.59698325,0.09789319,0.049599066,0.17728668,-0.5800424,-0.05442314,0.16316628,-0.5908319,-0.5281383,0.14044875,-0.1438801,0.059485838,1.0219588
86,4059,-0.4083044,0.6619892,0.13682032,-0.107322484,-0.20226172,0.050919585,0.038502306,0.035144523,-0.6111034,0.22054926,-0.14721005,0.5893779,-0.20372736,0.6294551,-0.42608,-0.48603937
86,4069,0.61884475,-0.24379289,0.32251024,0.082218945,-0.4248305,0.49661255,-0.24216579,0.69892496,-0.47145125,-0.03293571,0.25913617,-0.280532,-0.5297731,0.10454689,-0.6037208,0.3945569
86,4072,0.19470152,-0.7062464,-0.41075075,-0.28959295,-0.16468498,0.51949334,0.3012506,-0.61410457,0.12652795,0.97376704,0.22595891,0.2236927,0.3919388,0.16190393,0.16800025,0.4438025
86,4080,0.87857145,-0.88876235,-0.6803598,-0.83391875,-0.34451133,0.37445322,0.20291519,-0.5133998,0.39612615,0.7897124,0.23744734,0.49104077,-0.06254813,-0.07015717,0.5239582,-0.61345875
86,4082,-0.05820182,0.6816227,-0.16432995,0.35209796,0.3987795,-0.15439779,-0.29802203,-0.50415945,0.34455046,-0.4565487,-0.75838894,-0.6635654,-0.1912022,-0.313219,0.3286979,0.43833268
86,4089,0.5980169,-0.19555464,0.36031947,0.14559697,-0.4929817,0.49877983,-0.18211785,0.65498996,-0.56522644,0.045114547,0.18582216,-0.28763574,-0.5816988,0.13134117,-0.6720816,0.42947537
86,4093,0.2108782,-0.7340226,-0.37483552,-0.37875175,-0.16387978,0.46685266,0.23047715,-0.58175576,0.20728235,0.8860878,0.2967345,0.26140076,0.40302676,0.18052457,0.2772516,0.26070762
86,4096,0.10841145,-0.10803291,0.54239434,0.10416198,-0.32093865,0.26696002,-0.6043333,0.5146298,0.036419347,-0.31087118,0.33371377,-0.51093364,-0.115694314,0.044846013,0.08463682,0.34830013
86,4116,-0.7498283,-0.5089812,-1.2178283,0.1360903,0.94814056,-0.64030993,1.4805921,1.3968313,0.124409735,-0.8272741,0.3150584,0.52150553,1.064692,-1.3487821,-1.1150105,0.8348824
86,4122,0.23822957,-0.22714517,0.5353342,0.00075417757,-0.3656141,0.36776808,-0.65465003,0.6959819,0.008510113,-0.3139286,0.475887,-0.44101095,-0.1483964,0.07393555,0.012677148,0.285294
86,4125,-0.046407565,-0.60150737,-0.8556322,-0.2369652,0.7382874,-0.09219656,0.64816177,1.1598107,0.035875753,-0.68819284,0.56700826,0.44281048,0.42141476,-0.64163464,-0.90565044,0.4115987
86,4132,-0.63959897,0.04352282,0.21188933,0.46287832,-0.07481389,0.02601121,0.24905881,-0.5489465,0.035954908,0.3811276,-0.15333267,-0.28807396,0.57669294,0.059837922,0.30528903,0.8667085
86,4150,0.20678756,-0.74546915,-0.42225552,-0.33821198,-0.16699263,0.5171852,0.29037276,-0.63454,0.1584387,0.9816239,0.24850045,0.25081098,0.39864677,0.17666371,0.2067707,0.38682276
86,4155,-0.4855392,-0.003916353,0.10437144,0.21835251,-0.001840245,-0.035645925,0.074664325,-0.54199094,0.24697325,0.2091994,-0.10531591,-0.21702789,0.50563264,0.04780622,0.48981524,0.49562553
86,4159,-0.42028934,-0.013797566,0.0781925,0.12797795,0.02144824,-0.065925844,0.0033348054,-0.51659364,0.31979102,0.123898864,-0.07862605,-0.19172955,0.4721625,0.038821787,0.5570296,0.34271014
86,4162,0.14188524,-0.16022629,-0.41615248,-0.047800925,0.04764936,0.3207364,0.08924633,-0.52549434,0.17161548,0.45623332,-0.17134814,-0.094363146,0.14702784,-0.055422064,0.14765584,0.52894175
86,4166,-0.49328613,0.014305711,0.106071964,0.27787262,-0.011285551,-0.0026827902,0.11646253,-0.5366435,0.18643685,0.25602242,-0.12858333,-0.23974344,0.50155574,0.03994955,0.41890025,0.6020695
86,4176,0.69068426,-0.6667521,-0.07133297,-0.29602236,-0.720372,-0.3411859,0.57681227,-0.14327063,0.16148381,0.46745032,0.051211804,0.2527014,-0.035566673,-0.4917608,0.564191,-0.95668566
86,4200,-0.004085943,0.31070584,0.0817176,0.08446565,0.18615323,-0.18109772,-0.5212687,0.11289843,0.4410422,-0.7024459,-0.08299987,-0.50045127,-0.07335752,-0.20032509,0.45187038,0.06230697
86,4203,-0.88240534,0.5993409,-0.38515174,-0.6436975,0.6437248,-0.0071520284,-0.19787845,0.11364673,-0.02256076,-0.1144696,0.1319696,0.96995807,0.38106906,0.59806436,-0.18551357,-0.8205273
86,4204,-0.29184675,0.57839715,0.018741883,0.27313218,0.33448276,-0.26886204,-0.35568032,-0.4615236,0.46655163,-0.5194509,-0.5450792,-0.57830256,0.04485295,-0.20960835,0.5850707,0.2531788
86,4209,-0.62568176,0.73929,-0.102542125,-0.3104583,0.12643911,-0.025480092,0.055182636,-0.05588092,-0.42920128,0.13761935,-0.13012071,0.8491422,0.005805999,0.6690169,-0.30725378,-0.7281953
86,4219,0.5047497,-0.10280335,0.31951347,0.13515928,-0.46315864,0.44198105,-0.10978481,0.5636816,-0.59622824,0.08941135,0.12782347,-0.18226632,-0.5430012,0.16966186,-0.66891974,0.33604825
86,4238,0.9415183,0.06515217,-0.20754957,0.16146673,0.7387086,-0.056842558,-0.38316637,-0.09637682,0.13311957,-0.43238252,-0.12584798,-0.47547793,-0.9049785,-0.12790339,-0.3241731,-0.09153961
86,4242,0.0064980686,0.5193771,0.24326706,0.2209358,-0.44125038,0.17460835,0.24225315,0.051025882,-0.9030143,0.40881634,-0.34562945,0.23879729,-0.5331434,0.45559388,-0.7579477,-0.025663361
86,4255,0.4812166,-0.30624792,0.011312082,-0.058635507,-0.121083125,0.37348282,-0.067040145,0.7647474,-0.36416975,-0.16472888,0.3266776,-0.0350803,-0.3212727,-0.0056712776,-0.67059857,0.29679382
86,4267,-0.08137281,0.6529555,-0.15626279,0.4334911,0.34621778,-0.09030148,-0.18506393,-0.5272537,0.22821558,-0.31584638,-0.77670664,-0.6633791,-0.17299539,-0.3013027,0.21407105,0.6094576
86,4268,-0.50461215,-0.52676207,-1.0245823,0.09547278,0.759637,-0.45390305,1.2460446,1.3377484,0.012285426,-0.7164111,0.33198288,0.44721746,0.8056402,-1.1270504,-1.0996134,0.7535074
86,4273,1.1153445,0.07148893,-0.45919836,0.33915836,1.6150489,-0.4926434,-0.1059902,-0.7945194,0.21003444,-0.35670605,-0.35894322,-0.2515033,-1.2854085,-0.07200169,-0.5165228,-0.57538617
86,4277,0.43896294,-0.5170386,0.21939564,0.06929481,-0.77616787,-0.6424637,0.7526976,-0.08704938,0.037519187,0.36119527,-0.12551899,0.028463662,0.0612057,-0.64251083,0.5008865,-0.8263322
86,4280,-0.63044035,0.04481045,0.22272673,0.4585422,-0.078262135,0.024012085,0.2411358,-0.52545017,0.034899533,0.36751276,-0.13702784,-0.28395337,0.57629895,0.060318977,0.30409902,0.8501103
86,4281,-0.7744525,-0.47411186,-1.2247306,0.18983965,0.93140346,-0.67870176,1.5658715,1.3719751,0.0939174,-0.8039045,0.2633435,0.5262413,1.0756811,-1.3824024,-1.1313527,0.861861
86,4294,-0.8683774,0.51979494,-0.42015243,-0.6791433,0.7386252,0.0021073967,-0.27870494,0.1719046,0.11931403,-0.20104568,0.2158876,0.9004806,0.47579196,0.51386225,-0.104957834,-0.7688776
86,4300,0.8879288,0.058620803,-0.13170758,0.10409869,0.4813339,0.074731424,-0.46807775,0.11219363,0.11384753,-0.45395046,-0.053038627,-0.5362338,-0.78996944,-0.14218813,-0.26403093,0.046970956
86,4301,0.024892494,-0.5773452,-0.79286045,-0.2650758,0.7027446,-0.034691066,0.53022933,1.1011279,0.039219484,-0.66591984,0.5789967,0.40855086,0.351546,-0.55752397,-0.8409706,0.3606309
86,4305,-0.4880867,-0.5707597,-1.1202548,-0.028637152,0.9138012,-0.44602963,1.1918998,1.3242804,0.109907016,-0.79723513,0.43402267,0.5157042,0.8423083,-1.0996406,-1.0515872,0.66487753
86,4308,-0.5326057,0.024220243,0.13502082,0.35758504,-0.03728385,0.026459407,0.17888805,-0.5333749,0.109562494,0.32206637,-0.13999452,-0.26049435,0.522027,0.04204431,0.34665424,0.7299808
86,4309,-0.59637684,0.23401086,0.15053204,0.5945525,-0.011984929,0.03572832,0.25979412,-0.5814346,-0.057502285,0.2995814,-0.38825834,-0.42544138,0.4043761,-0.032588214,0.17075635,1.0576928
86,4316,-0.3125257,-0.041315243,0.09505146,-0.035198,0.014508842,-0.18448263,-0.107646406,-0.43053532,0.45009264,-0.06359145,0.011513263,-0.11176717,0.42384785,0.0128533915,0.71318865,-0.036593586
86,4320,0.49306947,-0.043767884,0.37205607,0.22817424,-0.5361308,0.43659082,-0.054246813,0.50299,-0.6667975,0.16396242,0.038586468,-0.23474053,-0.585361,0.17004658,-0.706191,0.4037585
86,4329,1.1173214,0.112931594,-0.44033223,0.40398565,1.5542368,-0.46819392,-0.06291355,-0.8145907,0.14230481,-0.3044175,-0.4334607,-0.29491237,-1.300991,-0.08467146,-0.5672148,-0.48106262
86,4344,-0.67873544,-0.5017228,-1.1397101,0.11507659,0.88396716,-0.5833929,1.3749024,1.3597602,0.1171478,-0.7961388,0.3261168,0.4918679,0.9993025,-1.2683669,-1.0600992,0.78754103
86,4346,0.09163031,-0.07543446,-0.45528543,0.113311335,0.056148738,0.37457818,0.18543547,-0.58194935,0.05269617,0.55084723,-0.31268263,-0.18123455,0.11508548,-0.09817553,0.00052931905,0.80989087
86,4348,-0.091422155,0.29974556,0.24009305,-0.099048585,-0.23831537,0.19345997,-0.1998423,0.32239234,-0.40382817,0.041038156,0.11491038,0.23890443,-0.19673252,0.40999925,-0.32525522,-0.21952984
