window_id,vehicle_id,z_0,z_1,z_2,z_3,z_4,z_5,z_6,z_7,z_8,z_9,z_10,z_11,z_12,z_13,z_14,z_15
100,1181,0.43000567,-0.8653681,-0.46794102,0.7106589,-0.24094394,0.41348422,0.40306064,-0.3755945,-0.24477653,-0.6181817,-0.35089397,-0.34988314,0.12887813,0.19437793,-0.3446041,0.8446403
100,1211,-0.34378648,0.3326658,-0.4819435,0.17390755,0.49205363,-1.0736006,0.54571766,-0.3859073,0.6198508,-0.5393084,-0.35448378,0.11525196,0.11716604,0.4778319,-0.88079715,-0.57804924
100,2801,-0.34378645,0.3326658,-0.4819435,0.17390755,0.49205363,-1.0736006,0.54571766,-0.38590723,0.61985075,-0.5393085,-0.35448378,0.11525194,0.11716604,0.47783196,-0.8807972,-0.5780493
100,1371,-0.34378645,0.33266574,-0.48194352,0.17390755,0.49205357,-1.0736004,0.5457177,-0.38590723,0.6198508,-0.5393085,-0.3544838,0.11525197,0.11716605,0.4778319,-0.88079727,-0.57804924
100,3115,1.5395994,0.6982321,-0.057149082,1.0107818,-0.43354705,0.85201895,0.82620907,1.0256025,-1.4419054,-2.5290203,1.1367848,-0.10526203,-1.1770263,0.60550576,-0.4835337,-0.29112577
100,522,-0.34378645,0.3326658,-0.4819435,0.17390755,0.49205363,-1.0736006,0.54571766,-0.38590723,0.61985075,-0.53930855,-0.35448378,0.11525194,0.117166035,0.47783196,-0.88079715,-0.5780493
100,1430,0.2815822,-0.0054799914,0.11484721,0.16333531,-0.50862783,0.74570143,-0.7178614,-0.2828117,0.0010577962,0.86599326,0.2056973,0.034694582,0.25325692,-0.40592867,-0.9288806,0.016720831
100,2287,1.5395994,0.6982322,-0.057149053,1.0107819,-0.433547,0.852019,0.826209,1.0256023,-1.4419053,-2.5290205,1.136785,-0.10526203,-1.1770262,0.6055057,-0.48353365,-0.2911257
100,2390,-0.3316205,0.3246966,-0.47375256,0.16838308,0.46908998,-1.0541288,0.5403028,-0.380857,0.6123072,-0.524796,-0.34837168,0.120051384,0.12253641,0.46835804,-0.8586064,-0.55859596
100,639,-0.34378648,0.3326658,-0.4819435,0.17390755,0.49205363,-1.0736006,0.5457176,-0.38590723,0.61985075,-0.5393085,-0.3544838,0.11525196,0.11716604,0.4778319,-0.8807972,-0.5780493
100,1003,-0.3437865,0.3326658,-0.4819435,0.17390756,0.49205363,-1.0736006,0.5457176,-0.38590723,0.61985075,-0.5393085,-0.35448378,0.11525194,0.117166035,0.4778319,-0.88079715,-0.57804924
100,4196,0.19432911,0.4931739,0.18677378,0.01695358,-0.3043481,0.48977154,-0.7528311,-0.18052968,-0.969603,-0.1461977,0.59159994,0.31982487,0.6044283,-0.6715063,-0.8777307,-1.0965415
100,1456,1.5395994,0.6982322,-0.057149097,1.0107818,-0.433547,0.85201895,0.826209,1.0256025,-1.4419055,-2.52902,1.136785,-0.10526203,-1.1770263,0.60550576,-0.4835337,-0.2911257
100,1576,-0.34378645,0.33266574,-0.4819435,0.17390755,0.49205357,-1.0736006,0.5457176,-0.38590723,0.61985075,-0.5393085,-0.3544838,0.11525194,0.11716604,0.47783196,-0.8807972,-0.57804924
100,3133,-0.34378648,0.33266574,-0.4819435,0.17390755,0.49205357,-1.0736006,0.5457176,-0.38590723,0.61985075,-0.5393085,-0.35448378,0.11525196,0.11716604,0.47783196,-0.88079727,-0.5780493
100,2346,-0.34378645,0.33266574,-0.4819435,0.17390755,0.49205357,-1.0736005,0.5457176,-0.3859073,0.6198507,-0.5393085,-0.35448378,0.11525196,0.117166035,0.47783202,-0.8807972,-0.57804924
100,1663,-0.3316205,0.3246966,-0.47375256,0.16838309,0.4690901,-1.0541285,0.5403028,-0.38085705,0.61230725,-0.5247959,-0.34837168,0.120051384,0.12253642,0.46835804,-0.85860646,-0.558596
100,2062,-0.34378648,0.33266574,-0.48194346,0.17390755,0.49205357,-1.0736005,0.54571766,-0.3859073,0.6198507,-0.5393085,-0.35448378,0.11525193,0.11716603,0.47783196,-0.8807972,-0.57804924
100,3141,1.5395995,0.6982322,-0.057149053,1.0107818,-0.433547,0.85201895,0.82620907,1.0256023,-1.4419055,-2.5290203,1.1367848,-0.10526203,-1.1770263,0.60550576,-0.4835337,-0.29112577
100,3372,0.19432911,0.49317384,0.18677372,0.01695358,-0.3043481,0.48977154,-0.75283116,-0.18052968,-0.969603,-0.14619772,0.5916,0.31982487,0.6044283,-0.6715063,-0.8777307,-1.0965415
100,3396,1.5395995,0.6982321,-0.057149068,1.0107818,-0.433547,0.852019,0.82620907,1.0256025,-1.4419055,-2.5290203,1.1367848,-0.10526203,-1.1770262,0.6055057,-0.4835337,-0.29112577
100,3752,-0.34378645,0.33266574,-0.4819435,0.17390755,0.49205363,-1.0736006,0.54571766,-0.38590723,0.6198508,-0.5393085,-0.3544838,0.11525194,0.11716604,0.47783196,-0.8807972,-0.57804924
100,2595,-0.34378645,0.33266574,-0.4819435,0.17390755,0.49205357,-1.0736005,0.54571766,-0.3859073,0.61985075,-0.5393085,-0.3544838,0.11525194,0.11716605,0.4778319,-0.8807972,-0.5780493
100,3136,-0.3316205,0.3246966,-0.47375256,0.16838309,0.46909004,-1.0541288,0.5403028,-0.38085705,0.61230725,-0.52479595,-0.34837168,0.120051354,0.12253643,0.46835804,-0.8586064,-0.558596
100,4089,0.6300239,-0.26454338,-0.047369868,0.055635087,-1.1339006,0.21852273,0.045499865,-0.55979586,0.2299606,0.4401596,-0.0503871,0.3909604,0.48946875,-0.07401857,-0.62288475,0.4332583
100,4267,-0.34378645,0.33266574,-0.48194346,0.17390756,0.49205357,-1.0736005,0.5457176,-0.38590723,0.6198507,-0.5393085,-0.3544838,0.11525194,0.117166035,0.47783196,-0.8807972,-0.5780493
100,6,0.04513081,0.5247113,0.18618077,-0.5528579,-0.115232676,-0.6568595,0.2576885,0.22376485,0.8647383,-0.40761104,0.09087664,0.35633838,0.03493835,0.36176947,-0.22571906,-0.124257356
100,15,-0.11857745,-0.28688866,-0.2349657,-0.5221005,-0.03368652,0.44744647,-0.60216933,0.57787263,0.28878704,-0.12103623,0.18513,-0.122836754,0.41537195,-0.289453,0.3866081,0.3415554
100,21,0.064519085,0.5600463,0.07239795,-0.25887796,-0.050846815,-0.12253344,-0.317891,0.0726147,-0.25883675,-0.57601017,0.42775446,0.31559128,0.42129403,-0.1976758,-0.62713885,-0.87619066
100,23,-0.08367264,-0.7757284,0.03370148,0.40461254,0.12882255,-0.033440545,0.26584423,-0.72448695,-0.17515169,0.1020308,-0.6531802,-0.36719954,-0.06744039,0.1374949,0.06013409,0.5986321
100,27,-0.09201616,-0.3025579,-0.19839668,-0.5381391,-0.07806892,0.432764,-0.5745806,0.5459097,0.29656184,-0.1346226,0.17385677,-0.10880912,0.4217614,-0.2771222,0.37680992,0.37324017
100,38,-0.1718586,-0.117354244,0.6591127,-0.26082534,0.21673231,-0.24659596,-0.085145585,-0.38959557,-0.51100296,-0.00082745776,-0.24144974,-0.19895394,-0.30053425,-0.059229545,0.39299908,0.0036459863
100,85,-0.23862824,-0.06093663,0.71639174,-0.46829513,0.2946301,-0.2675256,-0.17906713,-0.22170857,-0.56683695,-0.17453578,-0.15885022,-0.19002868,-0.26114014,-0.12892127,0.593562,-0.09353161
100,92,-0.23587766,-0.07053398,0.7251939,-0.46735176,0.28935474,-0.26024234,-0.18335262,-0.22902426,-0.5608963,-0.17201851,-0.16629359,-0.19509979,-0.26108202,-0.12718782,0.5880035,-0.077290475
100,120,0.40238726,0.37149853,0.52379155,-0.7137911,-0.7907765,-0.11865632,0.030968882,0.16746977,0.70040554,0.0808059,0.22285032,0.47929412,0.17844802,0.114710286,-0.057353117,0.21093047
100,127,-0.1624195,0.33433366,0.8158469,-0.32594827,0.29001787,-0.57159454,0.023200067,-0.35456073,-0.8070386,0.15794013,0.0036321133,-0.01740089,-0.563805,-0.046957172,0.44602996,-0.56465304
100,128,0.4880936,0.17178367,0.33167446,-0.49833488,-0.9243509,0.03307499,-0.009307452,-0.02473998,0.56572783,0.2107537,0.16444355,0.45559746,0.29523093,0.019712761,-0.24106249,0.29821482
100,146,-0.14490749,-0.08803429,0.90366983,-0.28432328,0.20353396,-0.29089218,-0.11582542,-0.5155009,-0.59482485,0.08076231,-0.26738837,-0.2220018,-0.4436214,-0.02720502,0.35676152,-0.0030891001
100,149,0.5207112,0.120793596,0.2907589,-0.43445337,-0.96971655,0.058510534,-0.0029408631,-0.0940525,0.5287773,0.24063577,0.14581758,0.45930868,0.32518604,0.008661531,-0.29945293,0.31467965
100,155,0.07043991,0.5748789,-0.53695,1.3587644,-0.20084812,-0.13449095,1.0095044,-0.0007116273,-0.16751225,1.6638689,0.23070484,0.63496923,-0.2805369,0.15694475,0.476098,-0.5344277
100,156,-0.23583594,-0.79626435,-0.56674504,-0.106369376,0.23197107,0.2087671,-0.12463423,0.20859613,0.08541065,-0.5618923,-0.25359872,-0.32969952,0.47829184,-0.13480233,0.47203988,0.5939387
100,162,-0.3947629,0.37795675,-0.467458,0.16115996,0.6204197,-1.0089846,0.42057037,-0.3611834,0.6776951,-0.5581461,-0.35093796,0.02464234,0.03655435,0.4707219,-1.0843071,-0.64977926
100,182,0.12307266,0.5885319,0.17124411,-0.15089962,-0.15377134,0.18278994,-0.5741001,-0.027446885,-0.6042545,-0.38133356,0.54815066,0.3267637,0.49358842,-0.4432337,-0.8173708,-1.0509249
100,184,0.47310972,0.25689143,0.31419832,-0.32524025,-0.9415911,-0.23584048,0.21587007,-0.26174846,0.5532965,0.32811818,0.057314306,0.57071716,0.27663237,0.13744321,-0.33876804,0.083967745
100,188,0.018926613,0.40978736,-0.00069482625,-0.25486422,-0.12079662,-0.7329971,0.38136345,-0.08297406,0.7262929,-0.2667451,-0.0625142,0.3588789,0.113093406,0.3590184,-0.40521893,-0.20846123
100,208,-0.44975257,-0.3015422,-0.7277331,-0.30282503,0.49903744,0.11912971,-0.21207863,0.76022846,0.06429647,-0.53173316,0.11087254,-0.13993353,0.44403955,-0.23807697,0.9492236,0.04894036
100,224,-0.15779203,-0.10919501,0.75663114,-0.2592631,0.20828511,-0.2644878,-0.09226758,-0.45078647,-0.54352343,0.0413111,-0.2569193,-0.20927802,-0.36177278,-0.042211458,0.36846337,0.005591035
100,237,-0.16119611,0.14029698,1.043994,-0.40088955,0.25577658,-0.43526614,-0.12901346,-0.4667434,-0.75936186,0.10038635,-0.13722365,-0.14877886,-0.57090497,-0.044553615,0.4327581,-0.280743
100,243,0.048631452,0.522257,-0.56317186,1.3485162,-0.15133762,-0.17086108,1.0281631,-0.0040642545,-0.18910812,1.5770183,0.21217948,0.6116055,-0.26875752,0.16360483,0.5023268,-0.526223
100,249,0.52185184,0.25421643,0.28861135,-0.29413983,-1.0036356,-0.2442858,0.22871973,-0.30793387,0.5157554,0.32843733,0.07383627,0.61097854,0.320737,0.13799372,-0.3945103,0.040219367
100,264,-0.22358033,-0.0759834,0.8002163,-0.5014278,0.26340953,-0.2383291,-0.22007065,-0.24409796,-0.5484339,-0.16325332,-0.17543909,-0.20599413,-0.2721716,-0.12615676,0.5792613,-0.03401351
100,267,-0.070820525,-0.37816048,-0.5259905,0.8370764,0.069834545,0.02562005,0.5363133,-0.31915694,-0.08919306,0.5675502,-0.36057618,-0.040510617,-0.010714874,0.11293429,0.23987582,0.1970064
100,277,-0.13844526,0.19572906,0.8274003,-0.27198818,0.23010032,-0.45791942,-0.018918334,-0.4386841,-0.71278894,0.17538387,-0.0994415,-0.08484688,-0.5262706,-0.029201835,0.35344166,-0.3511662
100,285,-0.08367264,-0.77572834,0.03370145,0.4046125,0.12882255,-0.033440545,0.26584426,-0.724487,-0.1751517,0.1020308,-0.6531802,-0.36719954,-0.06744039,0.13749492,0.060134087,0.59863216
100,299,-0.13779248,-0.0048603565,1.0439106,-0.33993495,0.20655428,-0.3404776,-0.14324902,-0.5382602,-0.66611934,0.113528386,-0.23486093,-0.20847732,-0.52949536,-0.02458106,0.36567456,-0.07996786
100,304,-0.44461772,-0.2395975,-0.73401934,-0.25994945,0.49818957,0.103740595,-0.16664246,0.7636185,0.045237742,-0.48199433,0.13049433,-0.10552192,0.41850635,-0.23107517,0.9590295,-0.007426381
100,307,-0.5145646,0.2819816,-0.08986445,0.22496593,1.008162,0.42160803,-0.6287646,0.10866201,0.53685296,0.08273107,-0.25105786,-0.70245564,-0.5956742,0.05303113,-1.2461075,-0.23718059
100,343,-0.2286475,-0.07159855,0.6513888,-0.41642568,0.27900043,-0.25655884,-0.15043084,-0.23110066,-0.5386809,-0.14893733,-0.16757607,-0.18365152,-0.24223271,-0.12004285,0.5541847,-0.0778743
100,345,0.33951637,-0.14723834,0.012445152,-0.38823476,-0.6936081,0.25200468,-0.23475151,0.062301055,0.41676098,0.098182246,0.121780485,0.22021694,0.4290666,-0.13650578,-0.17720166,0.44910896
100,352,0.087664776,0.54733735,-0.5441007,1.415318,-0.20726235,-0.13455541,1.043289,-0.044693146,-0.16161552,1.6894729,0.2081174,0.6259863,-0.29668814,0.17921868,0.4350597,-0.5027856
100,356,-0.42031306,-0.13213938,-0.7460511,-0.12278926,0.4699844,0.07373019,-0.050685555,0.7325138,0.006259419,-0.32777032,0.14831391,-0.03307126,0.35174447,-0.21061763,0.9531446,-0.108136564
100,364,-0.24012798,-0.06540844,0.749574,-0.47875303,0.30016056,-0.27370775,-0.18579796,-0.23441921,-0.5807797,-0.17606701,-0.16419846,-0.19682096,-0.27628118,-0.12692355,0.60146505,-0.092669755
100,366,0.05684703,-0.98611116,-0.04655832,0.6468365,0.035172615,0.06793319,0.40209877,-0.90076005,-0.11582063,0.060029075,-0.8289186,-0.49797726,-0.11103195,0.2847098,-0.14323458,0.8486393
100,368,0.40238726,0.37149858,0.5237915,-0.7137911,-0.79077643,-0.11865632,0.030968882,0.16746978,0.70040554,0.0808059,0.22285035,0.47929412,0.17844802,0.11471027,-0.0573531,0.21093047
100,370,0.29841542,-0.14759684,0.18636703,-0.6983557,-0.68038976,0.27734077,-0.33683777,0.30069745,0.5022954,-0.05671366,0.2065596,0.20410497,0.4293518,-0.15814313,0.079616964,0.5252307
100,376,-0.2865631,-0.7263183,-0.5778852,-0.18290412,0.28364515,0.19375229,-0.16878282,0.31680006,0.09361252,-0.57879597,-0.19466677,-0.30880833,0.48260415,-0.16283962,0.568219,0.5156703
100,383,-0.18621483,-0.2292187,-0.3003013,-0.5377819,0.076702416,0.48842704,-0.6944386,0.70237017,0.2804589,-0.1123385,0.23921141,-0.15485333,0.40378153,-0.32531434,0.44485226,0.25560877
100,395,0.07909422,-0.18651898,-0.060625955,-0.6404072,-0.3222924,0.39849085,-0.5494147,0.5110328,0.41808122,-0.103377864,0.23784205,0.024766669,0.42813635,-0.25226974,0.20079836,0.40922388
100,400,-0.47836596,0.29685783,0.007193774,0.29988596,0.9828729,0.6797959,-0.78669256,0.18284838,0.465905,0.32039917,-0.17970885,-0.7488888,-0.6824538,-0.028540082,-1.2361104,-0.19120675
100,406,-0.036115877,-0.6506802,-0.4191283,0.81542546,0.07757038,0.033371724,0.5222779,-0.5404951,-0.09294097,0.3640522,-0.55240107,-0.2121417,-0.018698588,0.17722353,0.09493992,0.4569304
100,407,0.2801786,-1.0102632,-0.49750343,0.61490905,-0.19770359,0.3564093,0.32146615,-0.4715742,-0.110272095,-0.43677703,-0.48483074,-0.36918366,0.27637765,0.13151121,-0.27465227,0.9342799
100,418,-0.31118855,-0.69586587,-0.58167326,-0.22529835,0.30615175,0.18404874,-0.18845579,0.36658698,0.099231295,-0.59074664,-0.16867267,-0.29827145,0.4886561,-0.1754649,0.6164146,0.48029107
100,422,0.04449778,0.48158818,-0.51272583,1.2471676,-0.14981893,-0.14229827,0.9444139,-0.010054551,-0.17280976,1.4776623,0.19223395,0.5611282,-0.2420856,0.1434161,0.46358824,-0.46283644
100,432,0.12743986,-0.46107352,0.051710635,-0.530177,-0.43443435,0.35874137,-0.35435385,0.2073199,0.33398294,-0.10669461,0.051449776,-0.008690797,0.44219536,-0.17341343,0.21720093,0.6217991
100,433,-0.14742354,0.29241264,0.8959309,-0.31008363,0.26962888,-0.5500662,0.0015084253,-0.43161088,-0.8075086,0.19010569,-0.0439253,-0.050452087,-0.6000354,-0.028921753,0.4012824,-0.49611235
100,434,-0.09459692,-0.18757863,-0.6007292,0.84758824,0.06384425,0.025310017,0.5411302,-0.16167107,-0.08387324,0.7056073,-0.22621422,0.076147154,-0.0026425123,0.066362455,0.3390045,0.018584311
100,437,-0.11063384,0.06745313,-0.70052814,0.9047682,0.058089424,0.03028734,0.5773943,0.042574137,-0.0940232,0.91222024,-0.051255524,0.2250218,-0.025568932,0.031087592,0.48643684,-0.22978574
100,444,-0.14783505,0.2742539,0.90158546,-0.31153944,0.2667485,-0.5365767,-0.00782822,-0.43744767,-0.7992075,0.18417042,-0.0554547,-0.060298573,-0.5946413,-0.029010236,0.39869913,-0.47153264
100,467,-0.12230676,0.3673736,-0.74049973,0.90826356,0.04600816,0.047822677,0.5698604,0.27327096,-0.111707136,1.1238202,0.1490007,0.37564903,-0.07211274,-0.009584941,0.6547703,-0.5026385
100,471,0.46169686,0.2717963,0.35679072,-0.41007265,-0.9146197,-0.19427924,0.15965931,-0.16915351,0.59064007,0.2834937,0.095475495,0.54786694,0.26024127,0.12315452,-0.2899237,0.12973739
100,478,0.44066608,0.08253129,0.11376062,-0.046633825,-0.829616,0.14593564,-0.1372822,-0.37865454,0.23033316,0.492887,0.09577814,0.3816601,0.37676138,-0.10709288,-0.66743034,0.0067974627
100,484,1.2085822,0.070051685,-0.21190116,0.9559548,-0.4159187,0.72428966,0.7209944,0.4764104,-1.0300245,-1.8971955,0.58289355,-0.20823711,-0.715906,0.49335015,-0.4814298,0.18436843
100,496,-0.4591385,-0.2743161,-0.7458357,-0.29708424,0.5173173,0.112344496,-0.20082274,0.79006636,0.05615552,-0.5292276,0.13203162,-0.1257797,0.4398281,-0.239032,0.98072803,0.013512671
100,497,1.4059776,0.42497456,-0.122102596,0.99576145,-0.4318494,0.804544,0.78200316,0.7860895,-1.2688946,-2.2574754,0.900346,-0.15239961,-0.98380923,0.5590897,-0.49269584,-0.08143377
100,504,0.01731202,0.11899696,-0.05250013,-0.09488135,-0.0583066,0.23494858,-0.3546551,0.07111047,0.5017987,0.2574233,0.040246457,-0.036913697,0.053145558,-0.046365514,-0.6077532,0.08695531
100,523,0.29841542,-0.14759684,0.18636703,-0.69835573,-0.68038976,0.27734077,-0.33683777,0.3006974,0.5022953,-0.05671366,0.20655966,0.20410497,0.42935178,-0.15814313,0.079616964,0.5252307
100,524,-0.11614379,0.25364697,-0.73417836,0.9294414,0.04843882,0.040344164,0.58634716,0.17848195,-0.106954545,1.0673333,0.070811,0.32392544,-0.05785656,0.009457938,0.5899729,-0.40466857
100,548,-0.16115445,0.1321977,1.0096264,-0.40697843,0.2440015,-0.40868902,-0.13910222,-0.43731266,-0.72632855,0.08443941,-0.13428053,-0.14744364,-0.5363557,-0.053863008,0.43268263,-0.25603676
100,552,-0.1554659,0.34756154,0.90339315,-0.34866285,0.283432,-0.57739973,-0.0028251673,-0.38944358,-0.83266574,0.17602384,-0.002901435,-0.027577132,-0.60730857,-0.041682087,0.4355162,-0.56295586
100,556,-0.05398179,-0.19729692,-0.21220773,-0.55163723,-0.11312242,0.48389733,-0.6666975,0.6126241,0.3528092,-0.04826906,0.25407267,-0.07187389,0.41046497,-0.3059678,0.2699065,0.31241187
100,574,-0.15768309,0.518877,-0.008481592,-0.45027065,0.24658237,-0.8046155,0.2886991,0.21388514,0.8694399,-0.63420945,-0.004951969,0.20821215,0.0008163452,0.42058945,-0.37465298,-0.2651655
100,579,-0.23429635,0.3980834,-0.7374899,0.52709603,0.19854741,0.07358202,0.33529624,0.5784155,-0.08457863,0.73826003,0.2733689,0.3149122,0.023506597,-0.1025649,0.8753677,-0.54157096
100,586,-0.073583335,0.4398942,-0.037295178,-0.29819158,0.062044878,-0.77445096,0.35217798,0.01424814,0.7697608,-0.42132813,-0.06064795,0.28170657,0.06889358,0.38557732,-0.41343424,-0.24412036
100,594,0.06260241,0.20388316,-0.032618612,-0.22789434,-0.14402337,-0.09560411,-0.11256316,0.038486026,0.612537,0.0019318201,0.020784289,0.11978108,0.1191972,0.07983367,-0.5446202,0.045505524
100,597,0.015234306,0.31984872,-0.44517803,1.1949358,-0.0938741,-0.15984653,0.9021224,-0.12895839,-0.21047996,1.3642671,0.0743947,0.45794666,-0.25155982,0.1534378,0.45380503,-0.3717128
100,598,0.1851351,-1.0810773,-0.51075023,0.5200759,-0.15582322,0.32585537,0.2548272,-0.47542572,-0.036611035,-0.37880844,-0.5381088,-0.38298857,0.35983217,0.08894545,-0.19608146,0.9698973
100,614,-0.13560271,0.16758524,0.8357804,-0.25881585,0.22534682,-0.445432,-0.02128828,-0.46222633,-0.70508564,0.17999613,-0.120956264,-0.098770924,-0.5272101,-0.023129776,0.34019595,-0.3177114
100,615,-0.17043468,0.31212753,0.74040943,-0.3124115,0.29389414,-0.5553624,0.0361253,-0.3202976,-0.7767321,0.13294658,0.004454404,-0.014248192,-0.5174198,-0.05429272,0.45786616,-0.54987186
100,618,-0.11322937,0.09196858,-0.70876193,0.9120793,0.061527964,0.031092472,0.5816652,0.063801244,-0.097481385,0.9345669,-0.033951566,0.2383108,-0.032170862,0.029607072,0.50770426,-0.25696474
100,620,-0.15065163,-0.15590772,0.7144669,-0.25260502,0.14470147,-0.18716897,-0.063728794,-0.3398956,-0.4291613,0.07515143,-0.22728984,-0.15243663,-0.25133583,-0.027908958,0.5101266,0.124291286
100,621,-0.4083255,-0.5349664,-0.6084383,-0.38139662,0.40545553,0.15119447,-0.26488334,0.60110044,0.109521165,-0.6252896,-0.033425078,-0.24095955,0.49514753,-0.22855651,0.82925224,0.30080852
100,632,0.056363396,-0.41198865,-0.02486147,-0.54205936,-0.32274565,0.36788628,-0.40975502,0.3106696,0.32417622,-0.13834624,0.083699524,-0.03847257,0.44276357,-0.20532215,0.27006257,0.5509783
100,643,-0.4193595,-0.097359404,-0.758292,-0.09146669,0.47068095,0.064411804,-0.021911485,0.7436125,-0.00365372,-0.28923038,0.1635158,-0.009828016,0.336259,-0.20676477,0.9723965,-0.14579648
100,659,0.39284748,0.33382207,0.4623853,-0.61942655,-0.78430694,-0.13802747,0.06406204,0.081786826,0.6568564,0.12130317,0.17577487,0.47434986,0.1941734,0.11420794,-0.103585534,0.19304022
100,663,-0.45303312,-0.1719661,-0.7643011,-0.21673636,0.5168353,0.09201278,-0.12794723,0.80883944,0.02406139,-0.43089488,0.17041948,-0.066027656,0.39206144,-0.23094296,1.0103517,-0.08769375
100,671,0.28452757,-0.04843521,0.2117824,-0.70925206,-0.6496268,0.23944047,-0.31186756,0.33059388,0.5044692,-0.052739155,0.22176147,0.2186626,0.39086583,-0.14278515,0.09446958,0.46238682
100,674,-0.096076556,-0.14321646,-0.6214631,0.87868065,0.06422931,0.024168968,0.56054944,-0.13286796,-0.090724915,0.7625375,-0.19792219,0.104924604,-0.016764745,0.06646067,0.3702205,-0.031835586
100,691,-0.5059349,0.2783488,-0.059971884,0.26286578,1.007265,0.52164584,-0.67706513,0.13992594,0.52218413,0.18173343,-0.23981386,-0.7318264,-0.6447969,0.034088224,-1.2264447,-0.19730991
100,695,-0.15856478,0.13558634,1.0163817,-0.38836405,0.24857314,-0.42548198,-0.12361502,-0.4610799,-0.7430111,0.10300106,-0.13848197,-0.14640526,-0.55635303,-0.044686303,0.42220476,-0.27058774
100,715,0.09482313,0.29223657,0.0061513036,-0.32900834,-0.19911903,-0.33605725,0.050122086,0.029459298,0.7096401,-0.15721461,0.029318675,0.2429481,0.14800116,0.18058833,-0.50863457,-0.003673911
100,725,-0.12104454,0.43438077,-0.721345,0.8825853,0.036611598,0.05802226,0.54804206,0.31603378,-0.111984596,1.1595843,0.18926853,0.39944988,-0.08506638,-0.020302154,0.6812397,-0.54941547
100,727,0.49164176,0.2733407,0.34729725,-0.3722434,-0.9662579,-0.22103943,0.191306,-0.22944148,0.58650666,0.32499114,0.0846746,0.5834546,0.27523822,0.13429141,-0.3394407,0.10190903
100,731,0.279551,-0.048393354,0.2055516,-0.6820941,-0.6413952,0.2333518,-0.29591024,0.30788296,0.49257123,-0.03944869,0.20693153,0.21550806,0.38320076,-0.13849597,0.0856988,0.457645
100,735,0.55872905,-0.25069588,-0.025763527,-0.11329989,-1.0164016,0.2593126,-0.08174068,-0.3386082,0.31904188,0.31886593,0.029705241,0.34060025,0.49007675,-0.10148743,-0.50023884,0.4700539
100,743,-0.12264603,0.41868877,-0.7341178,0.89993334,0.041839566,0.053729273,0.56038105,0.3080188,-0.11469664,1.1580325,0.18125981,0.3972575,-0.08348614,-0.016584396,0.6797399,-0.54424286
100,744,0.18114054,-0.48605174,0.11093989,-0.50009286,-0.519975,0.31304103,-0.25934026,0.08990899,0.33181024,-0.102424026,-0.0012998581,0.017916545,0.43783963,-0.13751434,0.16128558,0.6789297
100,753,-0.41569066,0.31839943,0.067849845,0.30265674,0.86167246,0.756496,-0.8467749,0.15471315,0.32239518,0.38901284,-0.09751808,-0.67585206,-0.6021118,-0.1250154,-1.2293146,-0.25031722
100,754,-0.39476293,0.37795675,-0.467458,0.16115998,0.6204197,-1.0089843,0.42057037,-0.3611834,0.67769516,-0.5581462,-0.35093793,0.02464234,0.03655435,0.47072184,-1.084307,-0.64977926
100,756,-0.4662476,0.31675565,0.029508233,0.2991018,0.9603049,0.699762,-0.8191379,0.16705802,0.41686684,0.33021224,-0.14887063,-0.7284185,-0.65795404,-0.06219311,-1.2691168,-0.23754752
100,764,-0.41569063,0.31839943,0.067849785,0.30265674,0.86167246,0.7564961,-0.84677494,0.15471317,0.3223951,0.3890128,-0.09751808,-0.67585206,-0.6021117,-0.1250154,-1.2293146,-0.25031728
100,769,-0.47035012,0.24967523,-0.2773722,0.11089784,0.81348646,-0.18376766,-0.1941811,-0.09431286,0.538932,-0.29993013,-0.3025898,-0.4025197,-0.23473153,0.17593667,-1.0846735,-0.35753542
100,770,0.08577075,0.37531072,0.06339091,-0.39352262,-0.19763196,-0.49972796,0.17750818,0.06697996,0.7533486,-0.24481186,0.037550837,0.3151939,0.12505825,0.2594939,-0.38123807,-0.049632043
100,780,-0.2716452,0.33054197,-0.73842067,0.40026578,0.25461686,0.07272071,0.26322925,0.63039285,-0.072578266,0.5458117,0.268184,0.26215,0.07739408,-0.12662457,0.9081054,-0.4879079
100,781,-0.21275607,-0.103360236,0.87074494,-0.5059835,0.24975173,-0.23356791,-0.2316063,-0.29394743,-0.55263585,-0.14191556,-0.20203519,-0.22299963,-0.29661942,-0.1116927,0.5660997,0.007829249
100,782,0.082036294,0.24460496,-0.015140891,-0.27926973,-0.17647088,-0.21977685,-0.027953736,0.027427226,0.66211885,-0.08371368,0.021855623,0.18271853,0.13844778,0.1296746,-0.53279614,0.023361713
100,793,-0.39242688,0.012602836,-0.7718428,0.03178063,0.43656647,0.058115937,0.055047687,0.7347709,-0.025336243,-0.10605359,0.19788477,0.060050726,0.27144665,-0.19000472,0.9738928,-0.24282056
100,795,-0.29640535,0.2537719,-0.73098004,0.29894313,0.29204127,0.073860265,0.20149332,0.64696014,-0.05876513,0.3810783,0.24696174,0.207837,0.1239449,-0.1440648,0.90701455,-0.41784036
100,800,-0.4252257,0.39966828,-0.45327494,0.15432353,0.69325155,-0.9639971,0.3569074,-0.33549297,0.7028408,-0.5658187,-0.34958705,-0.029039666,-0.016017005,0.4668457,-1.1613762,-0.6723627
100,804,-0.44722202,-0.4208874,-0.6779236,-0.37901554,0.47690964,0.13670531,-0.2639318,0.72197795,0.08940096,-0.6187377,0.050113916,-0.19994843,0.4798679,-0.24347545,0.9241451,0.16815758
100,814,0.0520219,0.06017673,0.07034448,0.083753854,-0.10223667,0.7304597,-0.74897957,0.019483954,0.27160662,0.7486935,0.15095916,-0.16556235,0.0018934906,-0.29038113,-0.8029256,0.0872076
100,835,-0.16002521,-0.17888634,-0.31265014,-0.49159265,0.052916538,0.53486514,-0.7438973,0.693449,0.2983021,-0.008550037,0.2666625,-0.13957432,0.38557926,-0.3415431,0.3356194,0.22113806
100,838,-0.23035306,-0.06741096,0.6247347,-0.42007074,0.27599663,-0.24798755,-0.15217866,-0.2092374,-0.5249651,-0.15843625,-0.15954845,-0.17818382,-0.22329462,-0.12627488,0.55739963,-0.07791591
100,849,-0.18229035,-0.14924186,0.9843459,-0.5252075,0.19376276,-0.19733073,-0.2661563,-0.3636822,-0.52136487,-0.09794459,-0.2427127,-0.24559219,-0.3125049,-0.08740628,0.5283182,0.11393072
100,856,-0.1536741,0.3437587,0.8776076,-0.34136692,0.27647775,-0.56638825,-0.00052886666,-0.37934262,-0.8155609,0.17488343,-0.0024729222,-0.025119774,-0.59091234,-0.043618627,0.42872816,-0.55266285
100,857,0.4295733,0.3420837,0.49893498,-0.7337833,-0.8246545,-0.04442495,-0.029458247,0.20212121,0.70722383,0.08274582,0.253729,0.47102177,0.2103009,0.07265228,-0.080387674,0.25470334
100,863,0.28931522,-0.49646735,0.26629534,-0.36781308,-0.6915417,0.27905527,-0.09428671,-0.16705579,0.29370522,0.07123075,-0.094431505,0.07636064,0.36857092,-0.062563114,0.043170296,0.7330211
100,864,-0.09201617,-0.3025579,-0.19839668,-0.53813905,-0.07806891,0.432764,-0.57458055,0.5459097,0.29656184,-0.1346226,0.17385677,-0.10880912,0.4217614,-0.2771222,0.37680992,0.37324017
100,865,-0.094509535,-0.94617337,-0.53827846,0.102604866,0.093779445,0.25326562,-0.004315288,-0.054058112,0.053314008,-0.507439,-0.38466024,-0.37034863,0.45044017,-0.05989592,0.22839257,0.7691454
100,870,-0.41858926,-0.5054212,-0.622579,-0.3859843,0.42316705,0.14748019,-0.26759264,0.6330236,0.10536362,-0.626431,-0.013000086,-0.23200369,0.49098063,-0.2330647,0.8531086,0.26831964
100,874,0.0031705797,-0.19198927,-0.14774972,-0.59428287,-0.20305215,0.45146245,-0.62329036,0.5767854,0.38356304,-0.0710724,0.25223565,-0.030529268,0.4191838,-0.2851571,0.24226451,0.35317475
100,883,-0.14889085,0.039680585,1.0222677,-0.38626236,0.21290849,-0.34254658,-0.16148967,-0.47289777,-0.66523325,0.081007235,-0.19408044,-0.18796247,-0.5061571,-0.046502754,0.40074107,-0.12299842
100,888,0.33579445,-0.05788739,0.199215,-0.6993924,-0.7176187,0.25767475,-0.33652326,0.3084938,0.55130297,-0.005329203,0.24834073,0.25827986,0.41830432,-0.14442296,0.00706321,0.47606814
100,897,-0.23583591,-0.7962644,-0.56674504,-0.10636936,0.23197104,0.20876709,-0.12463427,0.20859613,0.08541065,-0.5618923,-0.2535987,-0.32969952,0.4782918,-0.13480233,0.4720398,0.5939387
100,899,-0.05877463,0.08763026,0.15639836,0.41457507,0.0068493225,-0.1528299,0.37820947,-0.21685462,-0.2936012,0.6770165,-0.06649186,0.14434376,-0.22906569,0.053432643,0.45463207,-0.08925247
100,908,-0.36199114,0.35089934,-0.4796534,0.171125,0.5400478,-1.0559286,0.49912092,-0.3830704,0.6445526,-0.54751843,-0.3546083,0.083398044,0.08973873,0.4773366,-0.9720615,-0.6116261
100,909,-0.16115445,0.1321977,1.0096265,-0.40697846,0.2440015,-0.40868902,-0.13910222,-0.4373126,-0.72632855,0.08443941,-0.13428053,-0.14744364,-0.53635556,-0.053863004,0.43268263,-0.2560367
100,912,0.28999934,-0.050047293,0.20471385,-0.69436246,-0.65513796,0.24064654,-0.31067425,0.3177889,0.50682515,-0.03883792,0.22007719,0.22275989,0.39221954,-0.14149666,0.07453584,0.4618252
100,924,-0.15234262,0.13435419,0.90845823,-0.33730546,0.23401521,-0.41132462,-0.0894023,-0.4407295,-0.702506,0.116835296,-0.13333085,-0.12938307,-0.5141475,-0.043171324,0.39024004,-0.26713705
100,925,-0.13560271,0.16758524,0.8357804,-0.25881588,0.22534679,-0.445432,-0.021288281,-0.46222633,-0.7050856,0.17999613,-0.12095626,-0.098770924,-0.5272101,-0.023129776,0.34019598,-0.3177114
100,931,-0.053981785,-0.19729692,-0.21220773,-0.55163723,-0.11312242,0.48389733,-0.66669756,0.612624,0.3528092,-0.04826906,0.25407273,-0.07187389,0.41046494,-0.3059678,0.2699065,0.31241187
100,935,0.6300239,-0.26454338,-0.047369882,0.055635087,-1.1339005,0.21852273,0.045499865,-0.55979586,0.22996062,0.44015956,-0.0503871,0.39096034,0.48946875,-0.074018575,-0.62288475,0.4332583
100,944,-0.3826551,0.29599345,0.07495922,0.29738042,0.7917424,0.774257,-0.8312845,0.15957339,0.28389025,0.41652617,-0.0796047,-0.64196295,-0.5614026,-0.14806083,-1.1453538,-0.21487367
100,948,-0.20031875,-0.21848623,-0.3149459,-0.5422549,0.09776476,0.5186576,-0.7386039,0.7435982,0.28302363,-0.08577055,0.26483208,-0.16213113,0.40168434,-0.34048837,0.45758712,0.2322647
100,956,-0.14883895,0.4618774,-0.7399966,0.8255886,0.07616131,0.060787007,0.5150743,0.39943516,-0.111758396,1.1093715,0.23136094,0.40232134,-0.07377437,-0.03819572,0.75455326,-0.5889701
100,960,-0.4958924,0.28027773,-0.027047545,0.3143009,1.0096675,0.62935126,-0.7385875,0.16206542,0.5134945,0.3015873,-0.22572695,-0.76343435,-0.7016709,0.013874181,-1.243354,-0.17158616
100,963,-0.45205146,-0.24939874,-0.74059564,-0.2787303,0.5089778,0.10984527,-0.1863971,0.7824629,0.050856896,-0.50115824,0.13686752,-0.113074034,0.4270117,-0.23576981,0.97205186,-0.0026102662
100,976,0.6052407,-0.25270927,-0.022320732,-0.051344194,-1.0912141,0.24232574,-0.026413891,-0.43529427,0.28955674,0.37557265,0.003382638,0.37566137,0.493402,-0.08757295,-0.5593827,0.45641983
100,982,0.032939307,0.4211977,0.032455146,-0.3027309,-0.13656887,-0.70517147,0.35308146,-0.035203204,0.74578196,-0.27486536,-0.034809083,0.3613404,0.10454309,0.35135537,-0.3744581,-0.1819843
100,986,-0.51456463,0.2819816,-0.08986445,0.22496596,1.0081619,0.42160797,-0.62876457,0.108662024,0.53685296,0.08273106,-0.25105786,-0.70245564,-0.59567416,0.05303116,-1.2461076,-0.23718053
100,994,0.015213035,0.5168184,0.17210051,-0.5392017,-0.07021998,-0.6650904,0.2694048,0.22979005,0.8442043,-0.42996332,0.074676305,0.3331303,0.025236398,0.36443147,-0.19359156,-0.13054949
100,1007,0.57947373,-0.024651155,0.16333115,-0.2537054,-1.0523552,0.12823103,0.009710514,-0.26985076,0.42025942,0.31508315,0.082240075,0.4444443,0.3967671,-0.026720166,-0.4353899,0.3620864
100,1020,-0.23769638,-0.06682686,0.7462541,-0.4932022,0.28728238,-0.25406116,-0.20178929,-0.21646582,-0.5591176,-0.18431637,-0.16102171,-0.19687618,-0.25870922,-0.13329391,0.6005745,-0.07253492
100,1022,-0.2865631,-0.7263183,-0.57788527,-0.18290415,0.28364515,0.19375229,-0.16878283,0.31680006,0.09361252,-0.578796,-0.19466677,-0.30880833,0.48260418,-0.16283962,0.56821907,0.5156703
100,1028,-0.4290078,-0.47423255,-0.6365421,-0.39214537,0.4414022,0.14376895,-0.27084577,0.66678464,0.10109213,-0.62859005,0.009162948,-0.22232272,0.48714587,-0.23783243,0.8785763,0.23454164
100,1054,0.082036294,0.24460496,-0.015140906,-0.27926973,-0.17647089,-0.21977682,-0.027953738,0.027427226,0.66211885,-0.083713695,0.021855652,0.18271853,0.13844779,0.12967457,-0.53279614,0.023361713
100,1064,0.03350868,0.5048128,-0.53293216,1.2773571,-0.14143248,-0.16048025,0.9731302,0.0005277544,-0.19298156,1.5250268,0.20128772,0.58620775,-0.2532563,0.14371863,0.5100977,-0.516503
100,1066,0.35372964,-0.14725806,0.030119196,-0.41266665,-0.71792567,0.25695077,-0.24445131,0.07194649,0.43269074,0.09841865,0.13464257,0.23192994,0.43503913,-0.13722534,-0.17750001,0.45850176
100,1091,-0.47836602,0.29685777,0.007193774,0.29988596,0.9828729,0.679796,-0.78669256,0.18284838,0.465905,0.3203992,-0.17970885,-0.7488888,-0.6824538,-0.028540075,-1.2361104,-0.19120675
100,1100,0.4770351,0.18036754,0.18285435,-0.19178644,-0.9354561,-0.2079678,0.22571595,-0.3497724,0.42962116,0.32965618,0.023808539,0.5489936,0.34118414,0.10492419,-0.39594513,0.047684282
100,1103,-0.1536741,0.3437587,0.8776076,-0.34136692,0.27647772,-0.56638825,-0.00052886666,-0.37934262,-0.8155608,0.17488343,-0.0024729073,-0.025119781,-0.59091246,-0.043618627,0.4287282,-0.55266285
100,1104,-0.447222,-0.4208874,-0.6779236,-0.3790155,0.4769097,0.13670531,-0.26393178,0.721978,0.089400955,-0.61873764,0.050113887,-0.19994843,0.4798679,-0.24347545,0.9241452,0.16815755
100,1108,-0.112302944,-0.6671869,-0.037620112,0.40093875,0.13989758,-0.05969721,0.28662568,-0.6125493,-0.17407374,0.14631397,-0.56451225,-0.28412974,-0.038998008,0.1024984,0.14214641,0.48574445
100,1110,-0.19250092,-0.17208445,-0.34677085,-0.47528142,0.10280301,0.5607012,-0.78095007,0.73112303,0.2857461,0.015497489,0.2809241,-0.15866902,0.37866622,-0.35673726,0.3595109,0.1885834
100,1113,-0.16000213,0.12639867,0.9694431,-0.4061036,0.23184945,-0.38488334,-0.14395101,-0.41100866,-0.6942833,0.07383109,-0.13100749,-0.1441438,-0.503453,-0.061303772,0.42777205,-0.23536503
100,1114,0.1075687,0.021074653,0.15786672,0.2003059,-0.19473071,1.0278729,-0.9963488,-0.06635879,0.10455391,1.0725564,0.22425857,-0.21011753,0.0061564296,-0.4577939,-0.96735597,0.06217426
100,1122,-0.023556616,-0.89982426,0.06539321,0.5130478,0.08910729,0.009814382,0.31010985,-0.86787504,-0.1620471,0.120586544,-0.761558,-0.44364542,-0.114567906,0.20629305,-0.048663847,0.739746
100,1123,-0.1637584,-0.16794577,1.0593245,-0.5490085,0.15792789,-0.17436521,-0.2937012,-0.39665693,-0.5022607,-0.075029895,-0.26057604,-0.25607133,-0.3206795,-0.075679705,0.51070744,0.17324668
100,1124,0.39933062,-0.17642105,-0.0020433366,-0.30139542,-0.78598523,0.25263125,-0.19151638,-0.060260363,0.39438635,0.17882663,0.09066197,0.25506443,0.44369572,-0.12733167,-0.27948326,0.4567815
100,1129,-0.23769635,-0.06682686,0.7462542,-0.49320227,0.2872824,-0.2540611,-0.20178929,-0.21646582,-0.55911756,-0.18431637,-0.16102171,-0.19687617,-0.25870922,-0.13329391,0.6005745,-0.07253492
100,1137,0.4890651,-0.7888511,-0.44392872,0.72580624,-0.25917727,0.43718112,0.4257907,-0.3113476,-0.2997496,-0.70362824,-0.27869964,-0.33536494,0.06409511,0.21501815,-0.35524964,0.79497564
100,1151,-0.40832555,-0.5349664,-0.60843825,-0.38139665,0.40545553,0.15119447,-0.26488334,0.60110027,0.109521165,-0.62528944,-0.033425078,-0.24095954,0.4951476,-0.22855651,0.8292523,0.30080852
100,1156,0.07745393,0.5326157,0.066239744,-0.2328414,-0.07729636,-0.05910325,-0.3518754,0.0545633,-0.33055508,-0.5447321,0.43544936,0.30815244,0.44703826,-0.24189655,-0.62094384,-0.8731439
100,1161,0.44603097,0.31767613,0.42127424,-0.51721793,-0.8792609,-0.1854756,0.12479997,-0.05990441,0.63990825,0.21667786,0.14098153,0.53688747,0.2309151,0.12936057,-0.2204327,0.14702944
100,1183,0.23451382,0.0016484708,0.12876883,0.17910807,-0.42204612,0.841107,-0.8138741,-0.2237522,0.03146474,0.9443832,0.21716511,-0.036295753,0.18337916,-0.42696437,-0.95919716,0.02732724
100,1189,-0.10451099,-0.030442491,-0.6627575,0.9057285,0.06442191,0.026388064,0.5771195,-0.043394722,-0.097102955,0.8599918,-0.12088969,0.17082231,-0.03073728,0.05211948,0.44170034,-0.14471039
100,1209,0.56946665,0.064645216,0.2521068,-0.36834386,-1.0402774,0.0885206,0.0033825624,-0.17566621,0.493904,0.28106895,0.12930319,0.47182554,0.36131853,-0.0027337149,-0.37385687,0.3361219
100,1212,-0.008349009,0.14735319,-0.37922728,1.0839491,-0.04830259,-0.15187098,0.8149201,-0.22442016,-0.21393211,1.1768576,-0.039391115,0.33498508,-0.22526976,0.15031832,0.4065156,-0.23247683
100,1213,-0.35566723,0.34559786,-0.48001862,0.17039002,0.523994,-1.0629947,0.51493603,-0.38272387,0.6378141,-0.5463355,-0.35388726,0.0946866,0.09900686,0.47817063,-0.9412652,-0.6002262
100,1232,-0.13488106,-0.06534574,0.9372107,-0.29059508,0.18890522,-0.29196435,-0.1250572,-0.52476287,-0.5978277,0.102379054,-0.26138943,-0.2172822,-0.46228027,-0.024631761,0.339589,-0.0076342225
100,1237,-0.15301275,0.33405715,0.9475213,-0.3376324,0.28964224,-0.5910991,0.0013994105,-0.4328941,-0.85658175,0.19286136,-0.021471187,-0.039909426,-0.64021295,-0.029367596,0.42746422,-0.55831283
100,1238,-0.48455593,0.25522596,-0.17941126,0.15531589,0.8972808,0.137288,-0.44099644,-0.015487045,0.53734285,-0.11004527,-0.27868232,-0.5573572,-0.40412313,0.09792517,-1.2138536,-0.29876816
100,1241,-0.1554659,0.34756154,0.90339303,-0.34866282,0.283432,-0.57739985,-0.0028251673,-0.38944358,-0.83266574,0.17602384,-0.00290142,-0.027577125,-0.6073087,-0.041682087,0.4355162,-0.5629559
100,1249,0.015213035,0.5168184,0.17210048,-0.5392016,-0.07021998,-0.66509044,0.2694048,0.22979002,0.84420425,-0.42996338,0.074676335,0.3331303,0.025236368,0.3644315,-0.19359162,-0.13054949
100,1253,0.015234314,0.31984872,-0.44517803,1.1949358,-0.0938741,-0.15984653,0.90212244,-0.12895837,-0.21047996,1.3642671,0.07439476,0.45794666,-0.2515598,0.15343782,0.45380503,-0.37171274
100,1266,-0.453021,-0.24347472,-0.74267876,-0.2737125,0.5105718,0.10395706,-0.17512655,0.78317666,0.046249866,-0.50038517,0.137568,-0.10832766,0.42536873,-0.23459919,0.9781587,-0.0108219385
100,1267,-0.15686724,0.34029442,0.83535194,-0.33271804,0.2788809,-0.5631794,0.010697185,-0.35976332,-0.80260503,0.16564867,0.0027415156,-0.019055605,-0.5692185,-0.04713563,0.43422,-0.5550844
100,1273,-0.3957107,0.30423886,0.07235187,0.29454312,0.81922525,0.7664281,-0.83639497,0.16272499,0.2997885,0.4003165,-0.08492674,-0.65422237,-0.5753736,-0.13931789,-1.1703727,-0.22628993
100,1302,0.04489454,-1.0184906,-0.11818822,0.68367255,0.05347218,0.07007503,0.42800295,-0.8959242,-0.10326578,0.04581297,-0.84208924,-0.5022073,-0.082048595,0.2825636,-0.14512053,0.86192447
100,1316,-0.15020394,0.121606335,0.8454009,-0.3129962,0.22444867,-0.39318562,-0.07627353,-0.42458928,-0.67051166,0.115321174,-0.13526368,-0.12473318,-0.4806273,-0.04480315,0.37618548,-0.24917096
100,1317,0.10157501,0.58353627,0.12381294,-0.21460761,-0.10944086,0.032480165,-0.44995993,0.03694669,-0.4496799,-0.5023782,0.50432587,0.32994384,0.4661075,-0.32659334,-0.71393275,-0.98159266
100,1320,0.6237399,-0.6266707,-0.39375705,0.7624275,-0.29834554,0.48982167,0.48110327,-0.17120275,-0.42744148,-0.9096086,-0.121085025,-0.30728978,-0.07918036,0.26582518,-0.38033304,0.6864576
100,1321,0.17389762,-0.17386599,0.045945078,-0.6648348,-0.47396237,0.3277079,-0.43621507,0.40576118,0.45006663,-0.111457884,0.20987672,0.09854852,0.429392,-0.20503208,0.14544156,0.46841508
100,1324,0.024001174,0.5480874,0.17664644,-0.54758173,-0.077484466,-0.71395457,0.28881255,0.21895672,0.88251984,-0.441855,0.08152524,0.3602696,0.023917228,0.3899842,-0.24181482,-0.1639131
100,1335,-0.44975257,-0.3015422,-0.7277331,-0.30282506,0.49903744,0.11912971,-0.21207868,0.76022846,0.06429647,-0.5317331,0.11087248,-0.13993353,0.44403958,-0.23807698,0.9492235,0.04894036
100,1336,-0.08504173,-0.40914714,-0.17304479,0.6604654,0.08866891,-0.10840091,0.49421376,-0.49504346,-0.19765057,0.5061628,-0.4014287,-0.071444035,-0.10516128,0.1272943,0.25506312,0.23400827
100,1348,-0.15004136,0.4625103,-0.73090035,0.8039663,0.07565944,0.064306095,0.5007101,0.40357554,-0.108426735,1.0932282,0.23171836,0.39683056,-0.0697588,-0.042257883,0.7531626,-0.5840739
100,1351,-0.5004654,0.2791044,-0.038386807,0.29943475,1.0107418,0.5934817,-0.71749216,0.15300255,0.5152963,0.26149827,-0.23259184,-0.7542618,-0.6843238,0.020993173,-1.2385819,-0.17996836
100,1354,0.2815822,-0.0054799914,0.11484718,0.16333531,-0.50862783,0.74570143,-0.7178615,-0.2828117,0.0010578036,0.86599326,0.20569733,0.034694582,0.25325692,-0.4059287,-0.9288806,0.016720831
100,1357,0.042943977,-0.20867187,-0.11276354,-0.5837175,-0.26291656,0.40166718,-0.5446073,0.49395007,0.38643932,-0.101323605,0.21006444,-0.008043602,0.42256048,-0.25725663,0.20104778,0.39951682
100,1365,0.43700647,0.30847728,0.46420103,-0.6873256,-0.83835137,-0.028302744,-0.02752339,0.16005282,0.67822677,0.1070797,0.23554933,0.4649428,0.22636239,0.060921848,-0.109228514,0.26287076
100,1369,-0.073583335,0.4398942,-0.037295163,-0.29819155,0.062044885,-0.7744509,0.35217795,0.014248133,0.76976085,-0.42132816,-0.060647935,0.2817065,0.06889358,0.38557738,-0.4134342,-0.24412036
100,1386,-0.35571077,0.11553995,-0.7523635,0.12684739,0.3825992,0.064098075,0.10734231,0.7078298,-0.038378246,0.07452986,0.22270754,0.118889645,0.21218148,-0.17484652,0.9491428,-0.31494445
100,1394,-0.06394368,0.407017,-0.04782054,-0.27140096,0.036329444,-0.73302126,0.34233955,-0.008843996,0.7326814,-0.3812491,-0.07070562,0.27422726,0.08358288,0.361085,-0.4008053,-0.21845084
100,1418,-0.1422799,0.12247123,0.8609787,-0.26638776,0.23285805,-0.4296053,-0.03759603,-0.481301,-0.70393276,0.15953957,-0.14859976,-0.1238001,-0.5248241,-0.022232495,0.35113233,-0.2744031
100,1420,0.28030354,-0.506297,0.24944687,-0.41266966,-0.67865705,0.29086173,-0.13372369,-0.113508195,0.31116816,0.032159183,-0.06916486,0.07013835,0.39016944,-0.07708609,0.06818558,0.7365825
100,1431,-0.04917452,-0.16180904,-0.27001667,0.89215267,0.029267099,-0.13415147,0.6657631,-0.3899325,-0.21388213,0.848645,-0.24251306,0.11933097,-0.17402145,0.147706,0.33026677,0.016567051
100,1435,0.30236706,0.016997695,0.13581312,0.1410409,-0.54461205,0.70471203,-0.6842596,-0.28891033,0.030643426,0.85944045,0.20943296,0.06978513,0.25450736,-0.38204804,-0.9273703,0.007014245
100,1436,-0.073583335,0.4398942,-0.037295178,-0.29819158,0.062044878,-0.77445096,0.35217798,0.014248133,0.7697608,-0.42132813,-0.06064795,0.2817065,0.06889358,0.38557738,-0.41343418,-0.24412036
100,1444,-0.43795276,-0.16640194,-0.74737203,-0.19293588,0.4939034,0.088372834,-0.10877365,0.77118176,0.021558382,-0.4018173,0.15544155,-0.060928598,0.380983,-0.22390752,0.97634155,-0.080284804
100,1454,0.22193474,-0.16391446,0.10144985,-0.6749394,-0.55241525,0.29306585,-0.37817377,0.35366607,0.46607143,-0.1064879,0.19784978,0.13841441,0.42856687,-0.18023616,0.12137842,0.49447298
100,1466,0.039774798,0.54841644,0.16796178,-0.50381887,-0.11528781,-0.75441253,0.3340829,0.15064433,0.873951,-0.4017007,0.06067735,0.39341128,0.03820078,0.404738,-0.27788693,-0.19342935
100,1469,-0.077619955,-0.198217,-0.2391457,-0.5239815,-0.07634843,0.4983601,-0.6820241,0.62018675,0.33705223,-0.026839036,0.25195044,-0.08830894,0.40316385,-0.3138339,0.2769032,0.29274568
100,1473,0.09482313,0.29223657,0.0061513036,-0.3290083,-0.199119,-0.3360572,0.05012208,0.029459313,0.70964015,-0.15721463,0.029318705,0.24294813,0.14800116,0.1805883,-0.50863457,-0.0036738515
100,1481,-0.22511166,-0.068484224,0.72621185,-0.42191634,0.2856111,-0.27876377,-0.15421873,-0.2742102,-0.5750321,-0.12931222,-0.17814752,-0.19318771,-0.29008734,-0.10893699,0.5524132,-0.087176025
100,1487,0.46998167,0.24078439,0.40008873,-0.5910442,-0.89574623,0.001064539,-0.015342236,0.05966729,0.62171084,0.16874658,0.19993472,0.46712703,0.26302338,0.04031959,-0.18083936,0.2792948
100,1490,-0.22565794,0.41265774,-0.73520637,0.552473,0.18524817,0.07353258,0.3503451,0.5658088,-0.086842,0.77852744,0.27362335,0.32595998,0.01230748,-0.09735272,0.8667865,-0.55191857
100,1496,-0.12988116,-0.12154606,0.5776851,-0.10217002,0.1119719,-0.17579018,0.035932194,-0.32081085,-0.38879496,0.19853817,-0.20368528,-0.09366909,-0.2352919,-0.0068867505,0.48887944,0.09614611
100,1505,-0.25190303,-0.1875194,-0.386401,-0.48721683,0.18572168,0.5340638,-0.7671851,0.77608985,0.25784937,-0.055644993,0.2679074,-0.1901703,0.3821337,-0.3565157,0.46272156,0.17202653
100,1511,0.28350678,-0.49843568,0.25903654,-0.39555877,-0.68343186,0.28487659,-0.11651609,-0.13479705,0.3029216,0.04855727,-0.07914162,0.07325286,0.37942827,-0.07071948,0.059917975,0.7327244
100,1516,-0.37665564,-0.57895607,-0.59315455,-0.33627337,0.37014487,0.1612034,-0.24298063,0.52652556,0.1075387,-0.60955155,-0.074930936,-0.25706965,0.49011293,-0.21234497,0.7596352,0.35509598
100,1518,-0.09724152,-0.5479562,-0.1047027,0.53802073,0.11571424,-0.086108655,0.39592955,-0.56407064,-0.1878763,0.3255781,-0.4921307,-0.18279442,-0.07653144,0.12028378,0.19684209,0.36499378
100,1519,-0.29640535,0.2537719,-0.73098004,0.29894313,0.29204127,0.073860265,0.20149332,0.6469601,-0.058765143,0.3810783,0.24696174,0.207837,0.12394489,-0.14406481,0.9070146,-0.41784042
100,1521,-0.4591108,0.24013887,-0.2828349,0.10940539,0.7860518,-0.19780563,-0.17432097,-0.10329461,0.52865744,-0.3000175,-0.30234906,-0.38459522,-0.21301228,0.17449507,-1.0576584,-0.3490432
100,1524,-0.05469112,0.50670636,-0.046078414,-0.36767957,0.12062366,-0.52208006,7.282593e-05,0.13374676,0.239549,-0.7285496,0.21755469,0.27500296,0.30744705,0.11918008,-0.46011594,-0.62596023
100,1536,0.08577075,0.37531066,0.06339091,-0.39352262,-0.19763194,-0.49972796,0.17750816,0.066979945,0.7533485,-0.24481189,0.037550807,0.3151939,0.12505825,0.25949392,-0.381238,-0.049632043
100,1537,-0.15144964,0.12903173,0.87640154,-0.32420367,0.23025168,-0.40428603,-0.0811801,-0.43317324,-0.6882093,0.116782054,-0.13372062,-0.12640841,-0.49855185,-0.043597355,0.38359994,-0.26088518
100,1540,-0.29443374,-0.13629979,-0.42894787,-0.4601933,0.26159352,0.6017044,-0.8624023,0.84437424,0.24497439,0.022917667,0.30977947,-0.21721712,0.3562535,-0.39206934,0.44950414,0.09612933
100,1541,-0.11063384,0.06745319,-0.70052814,0.9047682,0.058089424,0.030287325,0.5773942,0.042574115,-0.09402323,0.9122203,-0.051255524,0.22502185,-0.025568902,0.031087592,0.48643684,-0.22978568
100,1547,0.029990315,0.3961953,0.031371206,-0.30021828,-0.13615166,-0.6606419,0.3318272,-0.02411279,0.71817034,-0.26305348,-0.03676164,0.34074986,0.106656775,0.32869753,-0.33953655,-0.15150684
100,1557,0.1075687,0.021074653,0.15786669,0.20030586,-0.19473073,1.0278729,-0.9963488,-0.0663588,0.104553916,1.0725564,0.22425857,-0.21011753,0.0061564296,-0.45779386,-0.96735597,0.06217429
100,1558,0.44800472,0.25097996,0.40404105,-0.60594195,-0.8609693,-0.0032827407,-0.020914605,0.0869039,0.62696594,0.1496647,0.20183146,0.45414007,0.25250572,0.041167796,-0.1553219,0.27638903
100,1573,-0.15528312,0.11680685,1.0097021,-0.41181737,0.22572248,-0.3798113,-0.15555222,-0.43113923,-0.6969034,0.08112018,-0.14281952,-0.15421113,-0.5182214,-0.057260953,0.42137274,-0.21536613
100,1574,-0.26506764,-0.14324221,-0.40563482,-0.44863394,0.21690159,0.5838843,-0.825517,0.79596716,0.25047976,0.027834222,0.29267943,-0.20104864,0.35738745,-0.37795466,0.4151973,0.1207483
100,1575,-0.16919468,0.29940218,0.7147106,-0.30278313,0.28738672,-0.5410693,0.037774257,-0.31429693,-0.75765085,0.12992527,-0.0006707907,-0.015788525,-0.49939162,-0.05537813,0.45061627,-0.53090835
100,1577,-0.008348994,0.14735322,-0.37922728,1.0839491,-0.04830259,-0.15187098,0.8149201,-0.22442016,-0.21393211,1.1768575,-0.039391145,0.33498514,-0.22526976,0.15031832,0.40651557,-0.23247683
100,1580,-0.1523426,0.13435425,0.908458,-0.33730546,0.23401524,-0.41132468,-0.089402296,-0.4407295,-0.7025061,0.116835296,-0.13333085,-0.12938307,-0.5141474,-0.043171316,0.39024,-0.26713705
100,1593,0.021323398,0.4476965,0.09889552,-0.40567985,-0.10763092,-0.6589246,0.30858636,0.088522255,0.7632305,-0.33432233,0.010308102,0.33513534,0.06938657,0.34324118,-0.25702775,-0.1410931
100,1595,0.61500895,-0.27068168,-0.055605978,0.059412517,-1.1086514,0.22178295,0.043115042,-0.55103964,0.22206214,0.42670655,-0.055652037,0.37574464,0.48539892,-0.07561755,-0.6086103,0.43598422
100,1619,-0.51460236,0.28423184,-0.07752341,0.24142282,1.0161557,0.46247512,-0.6519586,0.12269236,0.534667,0.12168363,-0.24686463,-0.7184346,-0.62096703,0.047006294,-1.2478917,-0.22621727
100,1634,0.6157002,-0.2540864,-0.025252104,-0.026004948,-1.1093587,0.23553747,-0.0072476575,-0.46891797,0.27700526,0.39573205,-0.008985266,0.38374913,0.49299386,-0.083616786,-0.5781612,0.4508683
100,1650,-0.41640845,-0.0883417,-0.7593534,-0.07866448,0.46685392,0.062278047,-0.012168956,0.7401843,-0.0060335323,-0.27301776,0.16489068,-0.0033310205,0.33037686,-0.2044753,0.9712988,-0.15355271
100,1681,0.23451385,0.0016484559,0.12876883,0.17910807,-0.42204618,0.84110695,-0.81387424,-0.22375219,0.031464744,0.94438326,0.21716508,-0.03629575,0.18337914,-0.42696437,-0.9591973,0.02732724
100,1691,-0.42522568,0.39966834,-0.45327494,0.15432352,0.6932516,-0.963997,0.3569074,-0.33549297,0.7028407,-0.56581867,-0.34958702,-0.029039651,-0.016017005,0.46684575,-1.1613762,-0.6723627
100,1696,0.3266681,-0.53208876,0.29011345,-0.3206208,-0.74442124,0.28224656,-0.05785528,-0.24295291,0.2862819,0.11511797,-0.122437984,0.08530873,0.35908926,-0.040350996,0.0013702735,0.76681113
100,1703,0.34077358,0.01722835,0.07355893,0.049702898,-0.6422179,0.3926624,-0.37503892,-0.32744598,0.11113911,0.5947167,0.11962673,0.2031006,0.33194414,-0.23709844,-0.74070156,0.023244798
100,1707,0.03949005,-1.028604,-0.14755042,0.7057859,0.06267257,0.06445853,0.4461363,-0.8924857,-0.102089524,0.047686297,-0.84356475,-0.4980573,-0.074201554,0.2836979,-0.1390284,0.85887605
100,1713,-0.17092903,-0.11298992,0.7053298,-0.26823553,0.22219689,-0.26102304,-0.08903931,-0.41206425,-0.5345033,0.008168429,-0.2454694,-0.20394185,-0.32909685,-0.053905547,0.39564323,-0.005291283
100,1730,-0.15142676,0.10145523,1.0439055,-0.41257125,0.22151203,-0.37477738,-0.16363011,-0.4536149,-0.69896495,0.08752544,-0.15772125,-0.16573364,-0.53111845,-0.05217858,0.41491362,-0.1929285
100,1760,-0.25190303,-0.1875194,-0.386401,-0.48721683,0.18572168,0.5340638,-0.76718515,0.7760897,0.25784937,-0.055645,0.2679074,-0.19017029,0.38213366,-0.3565157,0.46272153,0.17202653
100,1787,-0.20283619,-0.11440001,0.8273802,-0.47882932,0.22813882,-0.21041821,-0.22343963,-0.29194564,-0.5168742,-0.12774256,-0.20873992,-0.22010022,-0.2722441,-0.10900208,0.53562564,0.037626058
100,1794,1.208582,0.070051655,-0.21190116,0.9559548,-0.41591868,0.72428966,0.72099435,0.4764104,-1.0300246,-1.8971955,0.58289355,-0.20823711,-0.715906,0.49335015,-0.4814298,0.18436843
100,1815,0.2494357,-0.5135459,0.20096731,-0.48403782,-0.6288115,0.31117678,-0.20945004,-0.007005945,0.33473927,-0.041380707,-0.023945972,0.05100821,0.42282033,-0.10523934,0.11840244,0.72696316
100,1822,0.15280125,-1.0872761,-0.5148926,0.45771912,-0.124333695,0.32329348,0.21767356,-0.41566914,-0.025882028,-0.42149383,-0.52153045,-0.39076835,0.37685168,0.07162346,-0.13399333,0.9606574
100,1830,-0.1691947,0.29940218,0.7147106,-0.30278316,0.2873867,-0.5410693,0.037774257,-0.3142969,-0.75765073,0.12992527,-0.00067076087,-0.015788533,-0.4993915,-0.055378135,0.45061627,-0.5309083
100,1836,0.6213232,-0.2484089,-0.01470001,-0.052559115,-1.1181239,0.23990417,-0.02257597,-0.4469717,0.29535723,0.3900336,0.007084951,0.39058107,0.49741295,-0.08591429,-0.5742364,0.45494232
100,1846,-0.13944732,0.14117284,0.8424547,-0.26407272,0.22756393,-0.4318537,-0.03189565,-0.46679163,-0.69826514,0.16539484,-0.13547291,-0.11219947,-0.51909924,-0.024461687,0.34656456,-0.289555
100,1847,-0.44062158,-0.1400892,-0.7631822,-0.16455178,0.5003905,0.08004345,-0.08301274,0.7839635,0.010875471,-0.3749691,0.16852677,-0.0426132,0.36851084,-0.22163624,0.9965527,-0.1144416
100,1862,0.2091048,-0.50139934,0.14391366,-0.49837244,-0.5629013,0.31727576,-0.24750552,0.0583611,0.33497196,-0.08173844,-0.0061653256,0.029432654,0.43391824,-0.12580043,0.14636418,0.6997607
100,1886,-0.5006822,0.26932216,-0.13344055,0.18617634,0.95707005,0.28350723,-0.5452078,0.043523885,0.5410063,-0.018842015,-0.26551455,-0.6348808,-0.5015631,0.072961,-1.2499267,-0.2731905
100,1890,-0.4124992,-0.09677237,-0.74806815,-0.08649887,0.45986372,0.063930556,-0.017731698,0.72705346,-0.0032085925,-0.28050864,0.15638733,-0.00960315,0.3330363,-0.2042386,0.9559844,-0.13892299
100,1891,-0.31118855,-0.69586587,-0.5816733,-0.22529835,0.30615178,0.18404874,-0.18845576,0.36658686,0.099231295,-0.59074676,-0.16867267,-0.29827145,0.4886561,-0.1754649,0.61641467,0.48029107
100,1894,-0.1808866,-0.1854502,0.8971226,-0.47685605,0.17516264,-0.18849917,-0.22058775,-0.34629428,-0.47251445,-0.084316164,-0.24826044,-0.22449368,-0.25850353,-0.06929291,0.5408497,0.15494655
100,1899,0.44800472,0.25097996,0.4040411,-0.6059419,-0.86096936,-0.0032827258,-0.020914603,0.0869039,0.62696594,0.14966471,0.20183149,0.45414007,0.25250572,0.041167796,-0.15532187,0.27638906
100,1902,-0.15365434,0.13016023,0.9709326,-0.35469878,0.24201362,-0.42250335,-0.10196465,-0.46537256,-0.7281414,0.1178274,-0.14221334,-0.1408743,-0.54436266,-0.03912954,0.40059698,-0.2667837
100,1918,0.6300239,-0.26454338,-0.047369897,0.055635087,-1.1339005,0.21852271,0.04549986,-0.5597958,0.22996062,0.44015962,-0.0503871,0.3909604,0.48946875,-0.07401857,-0.62288463,0.4332583
100,1920,-0.34259447,-0.64501715,-0.59892243,-0.264718,0.34191957,0.1760518,-0.210607,0.44430274,0.10060878,-0.5964567,-0.12322524,-0.2793715,0.48923397,-0.19198734,0.68656725,0.4196676
100,1929,-0.038713194,-0.625393,-0.4355553,0.83209944,0.0787569,0.03104227,0.5337811,-0.5215411,-0.09596121,0.3933782,-0.5354363,-0.19411002,-0.023378477,0.17550841,0.11350282,0.42727536
100,1932,-0.22991124,-0.07052258,0.785733,-0.5057155,0.27233973,-0.24285637,-0.21853551,-0.22911917,-0.55255276,-0.17502512,-0.16792706,-0.20281252,-0.26659003,-0.13086386,0.59146494,-0.048315585
100,1934,-0.15129009,0.101936445,1.0095433,-0.4074875,0.21595575,-0.36422384,-0.1610545,-0.43571275,-0.6811136,0.08265318,-0.1527839,-0.1604495,-0.5103288,-0.05636116,0.4113461,-0.18836576
100,1940,-0.26506767,-0.14324221,-0.40563482,-0.44863388,0.21690159,0.5838843,-0.82551706,0.7959671,0.2504798,0.027834212,0.29267943,-0.20104864,0.35738745,-0.37795463,0.4151973,0.1207483
100,1941,-0.16002521,-0.17888635,-0.31265014,-0.49159265,0.052916538,0.53486514,-0.7438973,0.69344896,0.2983021,-0.008550029,0.26666254,-0.1395743,0.38557926,-0.34154308,0.3356194,0.22113806
100,1949,0.016882055,0.34680527,-0.25052065,0.9796054,-0.101031564,-0.14457734,0.75574505,-0.10361795,-0.22469606,1.2383834,0.10142061,0.41814905,-0.26116744,0.12167877,0.4549997,-0.33175135
100,1953,-0.14647779,0.06997414,1.0029298,-0.38782424,0.20727827,-0.34717947,-0.15826865,-0.45396656,-0.6628907,0.088024825,-0.17449178,-0.17238888,-0.50215656,-0.050415237,0.395224,-0.14867187
100,1958,-0.15528312,0.11680682,1.0097022,-0.41181737,0.2257225,-0.3798113,-0.15555222,-0.43113923,-0.69690335,0.08112018,-0.14281954,-0.15421113,-0.51822126,-0.057260953,0.42137277,-0.21536613
100,1959,0.026597634,-1.0339094,-0.5169962,0.27395523,-0.02225259,0.28751305,0.1045481,-0.2506896,0.02115668,-0.4550395,-0.46879536,-0.38481796,0.4203812,0.0050152615,0.04341353,0.88326126
100,1975,-0.05525405,-0.5284666,-0.46462303,0.8133642,0.074196085,0.028123423,0.5214933,-0.43990803,-0.08820781,0.44962218,-0.46584967,-0.13402128,-0.009288192,0.14341205,0.15945688,0.34166518
100,1978,0.18935606,-0.17258781,0.062498033,-0.65580356,-0.49892926,0.30975074,-0.4041468,0.37456435,0.44997382,-0.10880171,0.19620365,0.11052713,0.42633936,-0.19329229,0.13297586,0.47858036
100,2007,-0.08367264,-0.77572834,0.03370148,0.40461257,0.12882255,-0.03344056,0.26584426,-0.724487,-0.17515172,0.1020308,-0.6531802,-0.36719954,-0.06744042,0.1374949,0.060134087,0.5986321
100,2016,0.48232841,0.12139581,0.12417987,-0.11176826,-0.91537386,-0.039597675,0.047841102,-0.39253235,0.3109691,0.3925217,0.066179335,0.4863044,0.39768714,-0.006164372,-0.56765336,0.009285361
100,2021,0.10756872,0.021074682,0.15786669,0.2003059,-0.1947307,1.0278728,-0.9963488,-0.0663588,0.10455392,1.0725564,0.22425854,-0.21011755,0.0061564296,-0.4577939,-0.96735585,0.06217429
100,2028,1.2601385,0.26923245,-0.1568482,0.930121,-0.40975675,0.74125975,0.72076374,0.6313154,-1.1088051,-2.0076144,0.72832537,-0.16825093,-0.8296776,0.5016695,-0.45876923,0.039337397
100,2037,-0.15686725,0.34029442,0.83535194,-0.33271804,0.27888092,-0.5631794,0.010697184,-0.35976332,-0.802605,0.16564868,0.0027415454,-0.019055605,-0.56921846,-0.04713563,0.43422002,-0.5550844
100,2038,-0.262446,0.3363949,-0.7268225,0.40955326,0.24024455,0.07434276,0.2674947,0.6130244,-0.07176371,0.56618977,0.26298913,0.26504678,0.07107611,-0.12347356,0.88985693,-0.484114
100,2048,-0.41249922,-0.09677238,-0.74806815,-0.086498864,0.45986372,0.06393056,-0.017731695,0.7270534,-0.0032085925,-0.28050864,0.1563873,-0.009603158,0.3330363,-0.2042386,0.9559845,-0.13892302
100,2055,-0.09724152,-0.5479562,-0.10470268,0.53802073,0.11571425,-0.08610864,0.39592963,-0.5640707,-0.18787627,0.32557806,-0.4921307,-0.18279442,-0.07653144,0.12028377,0.1968421,0.3649938
100,2057,-0.15365434,0.1301602,0.9709325,-0.35469875,0.24201365,-0.4225034,-0.10196466,-0.46537262,-0.7281414,0.1178274,-0.14221334,-0.1408743,-0.54436266,-0.039129525,0.40059695,-0.26678365
100,2071,0.34272966,0.026745051,0.10395539,0.06987432,-0.63393056,0.4753983,-0.46166915,-0.32229117,0.10358875,0.6833372,0.15088463,0.17828338,0.30788586,-0.27215928,-0.8096669,0.012939215
100,2084,-0.16002521,-0.17888634,-0.31265014,-0.49159265,0.052916538,0.53486514,-0.7438973,0.6934491,0.2983021,-0.008550033,0.26666254,-0.1395743,0.38557926,-0.34154308,0.3356194,0.22113807
100,2104,0.037386693,0.5093635,0.176761,-0.541791,-0.10563047,-0.6394363,0.25147247,0.2224588,0.84571874,-0.4039205,0.08376169,0.34187365,0.036599264,0.35167012,-0.2126973,-0.11448687
100,2108,0.63675964,-0.26223522,0.25169417,-0.0038873404,-0.72015995,0.41103554,0.16424178,-0.0001835972,-0.12762804,-0.4708944,0.16130844,0.05879067,0.001866132,0.12417835,-0.13159096,0.52531624
100,2119,0.03350869,0.50481284,-0.53293216,1.2773571,-0.1414325,-0.16048022,0.9731303,0.000527747,-0.19298156,1.5250268,0.20128766,0.58620775,-0.2532563,0.14371863,0.5100977,-0.5165029
100,2133,-0.4512891,-0.37601453,-0.7023097,-0.35017988,0.4900511,0.13082606,-0.24653138,0.74257046,0.079377,-0.5873135,0.07551256,-0.17763072,0.46720898,-0.24268307,0.93938905,0.12004088
100,2151,-0.39396033,-0.024817497,-0.7513201,-0.012851831,0.4364149,0.06130752,0.02687695,0.7199009,-0.016354717,-0.16699772,0.17826268,0.033685803,0.2911064,-0.19448592,0.9515281,-0.19829762
100,2158,-0.46882012,0.24135225,-0.23637113,0.12898853,0.8308974,-0.040759757,-0.29836208,-0.06695935,0.526929,-0.21195403,-0.29225793,-0.46331644,-0.29523796,0.13465354,-1.125551,-0.32135117
100,2160,-0.1763443,0.45443302,-0.72587496,0.7034186,0.111963436,0.07153739,0.4379894,0.46746486,-0.09862125,0.9823945,0.2517381,0.37211043,-0.04193732,-0.064608574,0.7948534,-0.5767342
100,2171,0.06759127,0.048998043,0.09790954,0.12765953,-0.12647903,0.8297904,-0.82954115,-0.0070336387,0.2216119,0.86446756,0.17455956,-0.18308105,-0.003058821,-0.34207463,-0.8596219,0.080004215
100,2184,0.2815822,-0.0054799914,0.11484721,0.16333531,-0.50862783,0.7457014,-0.71786153,-0.28281167,0.0010577887,0.86599326,0.20569733,0.034694597,0.25325692,-0.40592867,-0.9288806,0.016720831
100,2185,0.054405086,0.47281903,0.15183184,-0.49966156,-0.14030558,-0.60488576,0.23973048,0.17628045,0.8179612,-0.35297146,0.06969544,0.3413946,0.06009102,0.32792452,-0.24564332,-0.09509751
100,2196,-0.15004136,0.4625103,-0.7309004,0.8039664,0.07565944,0.0643061,0.5007101,0.40357554,-0.108426705,1.0932283,0.23171836,0.3968305,-0.0697588,-0.042257868,0.75316256,-0.5840738
100,2203,0.28017864,-1.0102632,-0.4975034,0.614909,-0.19770359,0.3564093,0.32146615,-0.4715742,-0.11027211,-0.4367769,-0.48483077,-0.36918366,0.27637765,0.13151121,-0.27465227,0.9342799
100,2216,-0.17043468,0.31212753,0.7404095,-0.31241146,0.29389417,-0.5553624,0.036125302,-0.3202976,-0.77673197,0.13294657,0.004454389,-0.014248192,-0.5174198,-0.054292716,0.45786616,-0.54987186
100,2237,-0.116053954,0.18793364,-0.72550166,0.9254148,0.05616859,0.0360791,0.5864888,0.13220024,-0.104034394,1.0165529,0.028218955,0.2895624,-0.048710436,0.01841189,0.55980563,-0.34687245
100,2244,-0.30786014,0.33658844,0.12405184,0.2604189,0.647782,0.79836136,-0.86397433,0.13950823,0.10354621,0.3889169,0.028040469,-0.5279819,-0.4302408,-0.24869448,-1.1143403,-0.32766092
100,2254,0.03928688,0.1573727,-0.036147326,-0.122675195,-0.09091149,0.16239387,-0.31243846,0.060584173,0.547245,0.230095,0.050299376,0.011806443,0.06054136,-0.012580775,-0.6333297,0.059975266
100,2262,0.03204467,0.4275669,-0.37194952,1.1425965,-0.12466551,-0.1565233,0.87480706,-0.06556729,-0.21459477,1.3998246,0.1515708,0.50448155,-0.2726787,0.14137289,0.47871205,-0.419618
100,2265,0.04523153,-1.0320029,-0.0097716,0.6610022,0.057194848,0.051441543,0.40879267,-0.9556239,-0.13777237,0.07693562,-0.8616654,-0.51635593,-0.1327841,0.294321,-0.13583395,0.8658774
100,2278,-0.0734592,0.02925323,0.25229266,0.2956608,0.029584039,-0.15781017,0.30010858,-0.24825464,-0.31153715,0.5585074,-0.105255134,0.08448821,-0.22776714,0.041983232,0.45343724,-0.034751475
100,2279,0.59631836,-0.09956319,0.09343243,-0.15533899,-1.0807682,0.15804437,0.019515712,-0.36160654,0.35997927,0.35807875,0.041267455,0.4289208,0.4272163,-0.04396774,-0.49644837,0.3834799
100,2283,0.0524394,-1.0135114,-0.09059851,0.6814313,0.047319423,0.067867756,0.42537668,-0.9083575,-0.10942736,0.053960696,-0.8447719,-0.5049043,-0.09939489,0.28967905,-0.15094802,0.86219454
100,2288,-0.1327562,-0.03421922,0.96047556,-0.30423695,0.18803318,-0.3054703,-0.1298267,-0.52154243,-0.61345655,0.11175306,-0.24577565,-0.20782505,-0.47978526,-0.025861219,0.3404187,-0.03624335
100,2292,0.279551,-0.048393354,0.20555162,-0.6820941,-0.6413952,0.2333518,-0.29591024,0.30788296,0.49257123,-0.039448697,0.20693153,0.21550806,0.38320076,-0.13849597,0.0856988,0.457645
100,2298,0.44603097,0.3176762,0.4212743,-0.51721793,-0.8792609,-0.18547557,0.124799974,-0.05990441,0.6399083,0.21667784,0.14098153,0.53688747,0.2309151,0.12936056,-0.2204327,0.14702944
100,2301,-0.00709372,0.4626462,0.0017447323,-0.28879538,-0.059754234,-0.81032866,0.3988306,-0.05195836,0.7878313,-0.34267634,-0.05260642,0.36361027,0.089579985,0.40256268,-0.44599822,-0.26129586
100,2316,-0.5044783,0.27239013,-0.119364835,0.1976383,0.9724385,0.32754698,-0.572403,0.06365536,0.5399558,0.011776336,-0.26122215,-0.6563287,-0.5307963,0.066144735,-1.2497032,-0.26111668
100,2318,-0.12264603,0.4186887,-0.7341178,0.89993346,0.041839566,0.05372926,0.5603812,0.30801886,-0.11469662,1.1580325,0.18125981,0.39725757,-0.08348611,-0.016584404,0.67973995,-0.5442428
100,2323,0.08637857,0.24518152,-0.020653948,-0.2935635,-0.19311105,-0.2771296,0.02415085,0.012582913,0.66020733,-0.12843652,0.011828929,0.2091446,0.16019425,0.14701271,-0.4983178,0.02659899
100,2336,-0.1637584,-0.16794577,1.0593245,-0.5490085,0.15792787,-0.17436518,-0.29370123,-0.39665693,-0.5022606,-0.075029895,-0.26057604,-0.25607136,-0.32067955,-0.075679705,0.51070744,0.17324667
100,2343,0.40095094,0.34443676,0.4948519,-0.71703905,-0.78270775,-0.065432906,-0.011378931,0.19534369,0.69462645,0.07342912,0.23357522,0.4553244,0.19416556,0.08312386,-0.059963413,0.24326506
100,2352,0.043743737,0.4643364,0.20455414,0.08241615,-0.01970499,0.635923,-0.83788,-0.06633185,-0.6562633,0.04987562,0.44687724,0.055780157,0.27249786,-0.5781559,-0.9773449,-0.8738872
100,2369,-0.15835042,0.15022986,0.96881056,-0.37016597,0.24872886,-0.4318354,-0.10441622,-0.4466328,-0.7372098,0.108989835,-0.12624954,-0.13239579,-0.544067,-0.045130037,0.4153854,-0.2925437
100,2371,-0.22358033,-0.07598338,0.8002163,-0.5014278,0.26340953,-0.23832913,-0.22007065,-0.24409796,-0.54843396,-0.1632533,-0.1754391,-0.2059941,-0.27217156,-0.12615676,0.5792613,-0.03401354
100,2375,-0.1662432,0.45438308,0.2290023,0.22486292,0.41657656,0.87191755,-0.96693045,0.106544286,-0.23281915,0.342692,0.24832499,-0.33784795,-0.24103585,-0.42803696,-1.1578056,-0.59726346
100,2380,0.3458212,-0.11319194,0.11986178,-0.56576765,-0.7191725,0.26365894,-0.29829675,0.19716258,0.4978392,0.03911221,0.19480684,0.24391554,0.43124074,-0.14218104,-0.082042314,0.47869664
100,2396,0.05684703,-0.98611116,-0.04655832,0.64683646,0.035172615,0.06793319,0.4020988,-0.90076,-0.11582063,0.060029075,-0.8289185,-0.4979772,-0.11103195,0.2847098,-0.14323458,0.8486393
100,2405,-0.2858643,-0.16018605,-0.42024404,-0.48436642,0.24285711,0.57196313,-0.8295953,0.8362075,0.25225833,-0.027866166,0.29762924,-0.20994914,0.37177867,-0.37967494,0.47604707,0.12681146
100,2419,1.2798345,0.39202124,0.036322057,0.73720104,-0.5236654,0.70990866,0.647636,0.6751959,-1.0715525,-1.9177853,0.82130224,-0.060145825,-0.8303044,0.47921807,-0.39041665,-0.052176833
100,2430,-0.44099715,0.22256689,-0.2946082,0.09205745,0.73984516,-0.23259546,-0.13245791,-0.106973596,0.5155538,-0.32103318,-0.29888642,-0.34895957,-0.16777474,0.17408091,-0.99030125,-0.32992423
100,2436,0.6152432,-0.20201598,0.004852563,-0.016436059,-1.1146358,0.19325599,0.040814415,-0.49379724,0.275639,0.42000943,-0.021312147,0.4058811,0.46314514,-0.06256119,-0.5741725,0.4125408
100,2437,0.747268,-0.4768604,-0.3500622,0.7954689,-0.3302721,0.5375948,0.5314227,-0.037813284,-0.5476686,-1.1101564,0.02550155,-0.28203708,-0.21148658,0.3129324,-0.40044427,0.5831125
100,2439,-0.3190293,0.34301913,0.12475413,0.26983312,0.6747792,0.80392945,-0.8750374,0.14053518,0.12081057,0.3950495,0.020831823,-0.5454425,-0.45431566,-0.2402954,-1.1456239,-0.33332223
100,2449,0.056921013,-1.0256243,-0.50670975,0.3276352,-0.054539174,0.28976786,0.13739647,-0.3065098,0.0134815425,-0.41088974,-0.4840104,-0.3762892,0.4035047,0.020351633,-0.014325537,0.89229226
100,2453,-0.10118569,-0.29697123,-0.20878081,-0.5397798,-0.06395262,0.44821173,-0.5981709,0.5686979,0.2972298,-0.12237294,0.1868509,-0.113636866,0.42069483,-0.28548494,0.3843953,0.36006558
100,2462,0.13646519,-1.070361,-0.5100405,0.43899885,-0.11587506,0.31499013,0.2065727,-0.4040631,-0.017468609,-0.40590313,-0.5169462,-0.38464856,0.37997717,0.062836334,-0.11887751,0.94668037
100,2472,0.4354763,0.38265175,0.54484123,-0.75097203,-0.83768094,-0.098507464,0.005960094,0.18804945,0.7342461,0.08903254,0.25316826,0.50237185,0.19016604,0.10629034,-0.08009199,0.22560893
100,2475,0.4361602,0.2936952,0.39110506,-0.4790122,-0.86636096,-0.17854623,0.12767862,-0.08620045,0.6169353,0.22984387,0.121795386,0.5238471,0.2377317,0.12119761,-0.23152146,0.14996013
100,2501,-0.15700425,0.13229384,0.9903079,-0.38044614,0.24229364,-0.41548198,-0.120689906,-0.45169556,-0.7271292,0.10224292,-0.13794637,-0.14380036,-0.54076964,-0.04637205,0.41530362,-0.26177996
100,2510,-0.4537187,-0.24652459,-0.74103373,-0.28105366,0.51117265,0.10655028,-0.18275389,0.78588796,0.04871949,-0.5058237,0.13827562,-0.11134281,0.42774484,-0.23600219,0.97803986,-0.006762743
100,2516,-0.1691947,0.29940218,0.7147106,-0.30278316,0.28738675,-0.5410692,0.037774257,-0.31429693,-0.7576508,0.12992527,-0.0006707758,-0.015788533,-0.49939156,-0.055378135,0.45061627,-0.53090835
100,2517,-0.46677855,-0.27225664,-0.75588316,-0.30355412,0.52910614,0.11076947,-0.20288566,0.808792,0.054681152,-0.54003584,0.1404508,-0.12454439,0.44327337,-0.24162085,1.0005841,0.0038661063
100,2525,-0.3190293,0.34301907,0.1247541,0.26983312,0.6747792,0.8039294,-0.87503743,0.14053518,0.12081056,0.3950495,0.020831823,-0.5454425,-0.4543156,-0.2402954,-1.1456238,-0.3333223
100,2527,-0.15700425,0.1322938,0.9903079,-0.38044614,0.24229364,-0.41548198,-0.120689906,-0.45169556,-0.7271292,0.10224292,-0.13794637,-0.14380036,-0.54076964,-0.04637205,0.41530362,-0.26177996
100,2529,0.4890651,-0.7888512,-0.44392872,0.72580624,-0.2591773,0.43718106,0.42579073,-0.3113476,-0.2997496,-0.70362824,-0.27869964,-0.33536497,0.064095065,0.21501812,-0.35524964,0.79497576
100,2538,0.043743752,0.46433645,0.20455414,0.082416154,-0.019705009,0.6359231,-0.8378801,-0.06633185,-0.6562633,0.049875624,0.4468773,0.055780157,0.27249783,-0.5781559,-0.9773449,-0.8738872
100,2539,0.39933056,-0.17642105,-0.0020433515,-0.30139545,-0.7859852,0.25263128,-0.19151637,-0.060260363,0.39438635,0.17882663,0.09066197,0.25506443,0.44369572,-0.12733167,-0.2794832,0.4567815
100,2542,-0.11484918,0.29386634,-0.7383486,0.92269975,0.04133894,0.042343788,0.58174205,0.20931192,-0.105610326,1.0837712,0.09737468,0.34328574,-0.058996737,0.0022727698,0.601418,-0.4344408
100,2545,-0.44307935,-0.4402588,-0.66500926,-0.38751864,0.467578,0.14002049,-0.26947835,0.70879936,0.09379488,-0.62618965,0.03771773,-0.20867941,0.4833354,-0.24283578,0.91376,0.19046435
100,2566,0.033214554,-1.0355265,-0.17613636,0.72507524,0.0713425,0.05855722,0.46233636,-0.88625574,-0.1016172,0.05039876,-0.84290206,-0.49234158,-0.066260666,0.28341052,-0.13022259,0.85252786
100,2574,-0.12662554,-0.051371306,0.90349436,-0.27769786,0.17069276,-0.27930838,-0.12105193,-0.5110405,-0.57404345,0.11562532,-0.25270015,-0.20605916,-0.44607484,-0.026106603,0.31696692,-0.0043734014
100,2576,0.61500895,-0.27068168,-0.055605978,0.059412517,-1.1086515,0.22178297,0.043115046,-0.5510396,0.22206213,0.42670655,-0.055652037,0.37574464,0.48539895,-0.07561755,-0.6086103,0.43598422
100,2582,-0.13921255,-0.0109522045,1.0247914,-0.34099367,0.20409803,-0.33015257,-0.14544691,-0.5252695,-0.6527926,0.10438071,-0.23434559,-0.20836183,-0.51320046,-0.028554954,0.367932,-0.070201874
100,2594,-0.262446,0.33639497,-0.7268225,0.40955326,0.2402445,0.07434276,0.26749474,0.6130244,-0.071763724,0.56618977,0.26298916,0.26504678,0.07107611,-0.12347356,0.88985693,-0.48411387
100,2599,0.101574995,0.5835362,0.12381294,-0.21460761,-0.10944086,0.032480165,-0.44996,0.036946684,-0.44967997,-0.50237817,0.50432587,0.32994384,0.4661075,-0.32659334,-0.71393275,-0.9815928
100,2608,-0.18118148,-0.8562369,-0.55640984,-0.02324728,0.17973115,0.22698542,-0.07894631,0.10574652,0.07285917,-0.54092497,-0.30557126,-0.34732705,0.46684638,-0.10582105,0.3754188,0.66351926
100,2613,-0.11484918,0.29386634,-0.7383486,0.92269975,0.04133894,0.042343788,0.58174205,0.20931192,-0.10561031,1.0837712,0.09737465,0.34328574,-0.058996737,0.0022727698,0.601418,-0.43444085
100,2615,0.48809355,0.1717837,0.3316744,-0.498335,-0.9243509,0.03307499,-0.009307454,-0.024739988,0.56572783,0.21075368,0.16444358,0.4555974,0.29523093,0.019712776,-0.24106249,0.29821482
100,2618,-0.45888627,-0.29037216,-0.74206233,-0.3053205,0.5147334,0.114475116,-0.20812047,0.783964,0.060000353,-0.54011804,0.12418842,-0.1338745,0.4455905,-0.23983891,0.97509533,0.029079735
100,2627,1.4211632,0.48275703,-0.1081791,0.9911791,-0.42692772,0.8106388,0.78223556,0.83363265,-1.2943649,-2.29415,0.9440066,-0.14252344,-1.018733,0.5618775,-0.4864817,-0.12445477
100,2630,0.41674206,-0.88242316,-0.46850646,0.6936116,-0.23484597,0.41126806,0.3918462,-0.37091082,-0.23515771,-0.6184245,-0.35556674,-0.35325843,0.14098814,0.18830076,-0.3278271,0.85325944
100,2634,-0.14285578,0.2587151,0.8470738,-0.28830886,0.2515605,-0.5126306,0.00041598734,-0.42505848,-0.7625041,0.18577182,-0.06074658,-0.058117937,-0.56192404,-0.030028924,0.37931395,-0.44320846
100,2637,0.6901616,-0.519907,-0.35890603,0.7657244,-0.31882644,0.5127488,0.5042807,-0.08577892,-0.4925533,-1.0150576,-0.028800488,-0.2844072,-0.15711969,0.28857344,-0.3845059,0.61347854
100,2649,-0.0734592,0.02925323,0.2522927,0.2956608,0.029584039,-0.15781017,0.3001086,-0.24825466,-0.31153715,0.5585073,-0.10525514,0.0844882,-0.22776717,0.041983217,0.45343724,-0.034751475
100,2651,-0.16130802,0.13663007,0.4108556,-0.20635723,0.21442266,-0.35942376,0.04225963,-0.22900006,-0.52533,0.07170658,-0.06333412,-0.04089986,-0.27237403,-0.07522005,0.38016462,-0.29217064
100,2652,0.044767953,-1.0148187,-0.013988435,0.64934754,0.05424768,0.053646944,0.40215164,-0.9370934,-0.1349762,0.07273422,-0.8483296,-0.50937855,-0.12690407,0.2880099,-0.13222808,0.8557916
100,2664,0.1882695,0.011054978,0.14088067,0.19370414,-0.33738723,0.94563025,-0.9172249,-0.15541348,0.055879276,1.0279851,0.23695341,-0.105070956,0.1147371,-0.45018598,-0.9817264,0.034504205
100,2673,0.6163705,-0.06450217,0.13659245,-0.20585763,-1.1110466,0.14841792,0.012272373,-0.3336321,0.40164077,0.35770762,0.06931409,0.45670503,0.42230946,-0.03546884,-0.49678394,0.37976244
100,2690,-0.08504173,-0.40914714,-0.17304479,0.6604654,0.08866891,-0.108400956,0.49421376,-0.49504346,-0.1976506,0.5061628,-0.4014287,-0.071444035,-0.10516128,0.1272943,0.25506312,0.23400828
100,2691,-0.15036562,-0.19601524,1.0049251,-0.5048621,0.13188897,-0.1507804,-0.27317965,-0.41201234,-0.46057284,-0.050000016,-0.27813345,-0.2548408,-0.29211634,-0.06429677,0.470565,0.21725121
100,2700,-0.39242685,0.012602821,-0.7718427,0.03178063,0.43656647,0.058115937,0.05504768,0.73477083,-0.02533625,-0.106053606,0.19788477,0.06005071,0.27144665,-0.19000474,0.9738928,-0.24282056
100,2711,-0.14435968,0.24687763,0.86019695,-0.297028,0.25051105,-0.5026767,-0.011948916,-0.42787212,-0.75912404,0.17780556,-0.068244636,-0.066511735,-0.5597895,-0.03167364,0.38177776,-0.42571145
100,2721,-0.4403809,-0.17464095,-0.745406,-0.20699082,0.4966082,0.089951925,-0.11843609,0.7748619,0.024657197,-0.41738898,0.1543501,-0.066830724,0.38729376,-0.22581284,0.97833663,-0.07222244
100,2724,-0.15881494,-0.104003794,0.79630387,-0.2697105,0.2155097,-0.27821344,-0.09678899,-0.4662125,-0.56565595,0.04494347,-0.25827125,-0.21308985,-0.38543993,-0.039140634,0.3757058,-0.0055994987
100,2738,-0.5059349,0.27834874,-0.05997187,0.26286578,1.007265,0.5216458,-0.6770651,0.13992594,0.522184,0.18173341,-0.23981386,-0.73182636,-0.6447969,0.034088224,-1.2264447,-0.19730991
100,2739,-0.15117449,0.060353324,1.0417553,-0.4012239,0.21898781,-0.35633075,-0.16543126,-0.4686073,-0.682682,0.080604695,-0.18228814,-0.18247864,-0.5197496,-0.0486204,0.41090173,-0.14847338
100,2744,0.5016171,-0.2329186,-0.025244951,-0.16740896,-0.9324335,0.25986373,-0.119296215,-0.24958299,0.3410653,0.27293926,0.045535415,0.3063137,0.47478652,-0.11123201,-0.42931917,0.46864045
100,2745,1.1318885,-0.055889085,-0.24530995,0.9428316,-0.40513343,0.6959754,0.6939867,0.36643243,-0.94335693,-1.7577517,0.46970797,-0.22909465,-0.6186436,0.4653446,-0.4780623,0.27715188
100,2755,-0.16634944,-0.21390004,0.7943586,-0.36118498,0.17016934,-0.18909256,-0.13878734,-0.36679375,-0.44500732,-0.042300057,-0.26442903,-0.21201679,-0.24701348,-0.041728877,0.50352705,0.17598373
100,2762,-0.19585738,0.44786125,-0.7382377,0.66018575,0.14137824,0.06990069,0.41504842,0.51035535,-0.09718864,0.9219936,0.26587546,0.3626594,-0.02594459,-0.07523409,0.8322512,-0.5812735
100,2767,-0.44491637,0.24879692,-0.33096713,0.10225661,0.740354,-0.37015474,-0.04021355,-0.14442536,0.5456698,-0.37732226,-0.3103627,-0.29475817,-0.13492948,0.22649178,-1.0089394,-0.38755983
100,2768,-0.43915668,-0.38844317,-0.6796582,-0.35132605,0.46944654,0.1318294,-0.24673463,0.70800734,0.08359326,-0.58448976,0.056219876,-0.18482971,0.46717986,-0.23899703,0.90475035,0.14618516
100,2771,0.30353042,-0.062126324,0.22438028,-0.7637032,-0.6810111,0.25786042,-0.3479502,0.36907762,0.53335285,-0.07453567,0.2522913,0.22889446,0.41338623,-0.15244585,0.10259723,0.48295176
100,2783,0.2969459,-0.06244743,0.18129203,-0.6641348,-0.66022384,0.24583778,-0.3120676,0.29594368,0.5106875,-0.018434968,0.21571231,0.2260075,0.39907575,-0.14181584,0.03872866,0.46458387
100,2784,-0.11642034,0.46217114,0.22933966,0.19529535,0.31204322,0.83117896,-0.95100635,0.066496626,-0.3409894,0.29020703,0.30282378,-0.24503495,-0.12190351,-0.47267774,-1.124281,-0.6706438
100,2795,-0.13746868,-0.055709824,0.9676666,-0.30401933,0.19702248,-0.3053823,-0.12973435,-0.530867,-0.618038,0.101660684,-0.25774944,-0.21799773,-0.4804122,-0.024254508,0.35047442,-0.023978055
100,2800,-0.42010063,0.228997,-0.34235722,0.097826734,0.6815337,-0.40128326,0.0030781317,-0.15969297,0.52625436,-0.37815905,-0.3078967,-0.25470284,-0.088229686,0.22468707,-0.9472177,-0.36818033
100,2811,0.047096513,0.04147783,0.06747094,0.11249167,-0.099971265,0.76935786,-0.76626414,0.008060634,0.23810656,0.7888092,0.14468408,-0.18262668,-0.0011333674,-0.30995873,-0.79431695,0.09446372
100,2820,1.5019432,0.61034364,-0.027438596,0.95981324,-0.478279,0.8274805,0.7957906,0.92915374,-1.3601009,-2.3915708,1.0620008,-0.09301112,-1.1006207,0.5857333,-0.475633,-0.21820378
100,2825,-0.14520313,-0.06781864,0.9921988,-0.31485778,0.21324335,-0.315921,-0.13248222,-0.5401955,-0.6374475,0.08867995,-0.26443908,-0.22704758,-0.49195355,-0.02361644,0.3709384,-0.027481705
100,2827,-0.14768606,0.07980122,1.0283735,-0.39619824,0.21346761,-0.36005372,-0.16017239,-0.46161497,-0.68092525,0.09095614,-0.17134173,-0.1721415,-0.5195734,-0.04893868,0.40152392,-0.1643396
100,2828,-0.29443374,-0.13629979,-0.42894787,-0.46019334,0.26159352,0.6017044,-0.8624023,0.8443741,0.24497436,0.022917666,0.30977947,-0.21721712,0.3562535,-0.39206934,0.44950414,0.09612931
100,2835,-0.20847201,-0.105921485,0.85116327,-0.49668968,0.23948522,-0.22243069,-0.2297076,-0.28962842,-0.53574747,-0.13692075,-0.20301434,-0.22074227,-0.28438038,-0.111683495,0.5536249,0.020105839
100,2837,-0.004554242,-1.0159806,-0.5222222,0.23254782,0.006536763,0.27894428,0.07679717,-0.2052317,0.030280448,-0.4657297,-0.45118356,-0.38271183,0.42883098,-0.011757545,0.08731462,0.8582696
100,2863,-0.44452482,-0.20781504,-0.73884314,-0.24217352,0.5002165,0.09764177,-0.14807978,0.7743359,0.0356546,-0.45821258,0.14427784,-0.08795488,0.40564838,-0.23021781,0.972146,-0.03924203
100,2866,-0.035284877,0.45742702,-0.05367762,-0.3407973,0.0793474,-0.42183775,-0.05059844,0.12011212,0.13444388,-0.6874757,0.22902182,0.26038384,0.3473171,0.053132683,-0.42035133,-0.6027997
100,2869,0.44631952,0.37806797,0.5413169,-0.7805652,-0.84801716,-0.06177841,-0.031739112,0.22650532,0.74926573,0.078479335,0.27826014,0.4980117,0.20258127,0.08622524,-0.08171991,0.24770841
100,2873,-0.16736786,-0.8644391,-0.544088,-0.0043658093,0.16076739,0.22919317,-0.06845648,0.072711304,0.07234336,-0.5231763,-0.32142803,-0.3492046,0.4607452,-0.099723905,0.34431395,0.6802078
100,2876,1.2798345,0.3920213,0.036322057,0.73720104,-0.5236655,0.7099086,0.647636,0.6751959,-1.0715525,-1.9177853,0.82130224,-0.060145825,-0.8303045,0.479218,-0.39041662,-0.052176833
100,2877,-0.12264603,0.4186887,-0.7341178,0.89993346,0.041839566,0.053729273,0.5603811,0.30801886,-0.11469664,1.1580324,0.18125978,0.39725757,-0.08348614,-0.016584404,0.67973995,-0.54424286
100,2882,-0.23530418,-0.075556226,0.661303,-0.42554426,0.29173356,-0.26528907,-0.1513052,-0.23119156,-0.5522852,-0.16056503,-0.16797613,-0.18709484,-0.24723959,-0.121329345,0.5712404,-0.0865711
100,2884,0.5016171,-0.2329186,-0.025244951,-0.16740894,-0.9324335,0.25986373,-0.119296215,-0.24958299,0.3410653,0.27293926,0.045535386,0.3063137,0.47478652,-0.11123201,-0.42931917,0.46864045
100,2886,-0.13779248,-0.0048603415,1.0439106,-0.33993497,0.20655428,-0.34047753,-0.14324903,-0.5382602,-0.66611934,0.113528386,-0.23486093,-0.20847732,-0.52949536,-0.024581075,0.36567456,-0.079967886
100,2897,-0.16970576,0.2698599,0.6562454,-0.2871462,0.2773478,-0.5100649,0.03971587,-0.2951216,-0.7170424,0.11524908,-0.010451153,-0.019724183,-0.45639688,-0.060105722,0.4429957,-0.49120492
100,2905,0.03928688,0.15737267,-0.036147326,-0.12267521,-0.09091149,0.16239387,-0.31243846,0.060584173,0.54724497,0.23009497,0.050299376,0.011806443,0.06054136,-0.012580767,-0.6333297,0.059975237
100,2908,1.5395994,0.6982322,-0.057149082,1.0107818,-0.433547,0.8520191,0.8262089,1.0256025,-1.4419054,-2.5290203,1.1367848,-0.10526203,-1.1770264,0.6055057,-0.48353365,-0.29112577
100,2938,0.06759127,0.048998028,0.09790957,0.12765953,-0.12647903,0.82979035,-0.8295412,-0.007033631,0.2216119,0.8644676,0.17455956,-0.18308105,-0.0030588359,-0.34207463,-0.8596218,0.080004215
100,2940,0.7540733,-0.44062674,-0.33739823,0.7849998,-0.33232605,0.53838503,0.52964073,-0.013545975,-0.55714,-1.121859,0.04903537,-0.2726627,-0.22826889,0.31295982,-0.3948477,0.55793446
100,2943,-0.123410344,-0.9188851,-0.5458766,0.065602764,0.1226453,0.2449857,-0.028622938,-0.004474476,0.060028452,-0.51483315,-0.36071357,-0.36372614,0.45535797,-0.07507151,0.27366778,0.7358265
100,2957,0.60081446,-0.059369817,0.13527417,-0.21055551,-1.0861562,0.14490847,0.011510323,-0.3187765,0.39932197,0.34427032,0.06820336,0.44707477,0.41613692,-0.035196953,-0.47876653,0.3751397
100,2963,0.03350869,0.5048128,-0.53293216,1.2773571,-0.1414325,-0.16048025,0.9731303,0.0005277395,-0.19298156,1.5250268,0.20128766,0.5862077,-0.2532563,0.14371863,0.5100977,-0.5165029
100,2965,-0.16000213,0.12639864,0.9694432,-0.40610355,0.23184948,-0.38488334,-0.14395103,-0.41100866,-0.69428325,0.07383109,-0.13100749,-0.14414382,-0.5034529,-0.06130378,0.42777202,-0.23536503
100,2991,-0.34378645,0.33266574,-0.4819435,0.17390755,0.49205357,-1.0736005,0.54571766,-0.3859073,0.61985075,-0.5393085,-0.35448378,0.11525194,0.117166035,0.4778319,-0.8807972,-0.5780493
100,3000,-0.46882015,0.24135225,-0.23637113,0.12898852,0.8308974,-0.040759757,-0.2983621,-0.06695935,0.526929,-0.21195403,-0.29225793,-0.46331638,-0.29523796,0.13465352,-1.1255509,-0.32135117
100,3001,-0.3715682,0.08802976,-0.76620895,0.09708189,0.40704578,0.06278622,0.08960649,0.72931224,-0.035738714,0.017302759,0.22234666,0.1028429,0.23037101,-0.18120167,0.96895206,-0.30176497
100,3002,0.19432911,0.49317384,0.18677375,0.01695358,-0.3043481,0.48977154,-0.7528311,-0.18052968,-0.9696031,-0.1461977,0.5916,0.31982487,0.6044283,-0.6715063,-0.8777307,-1.0965415
100,3004,-0.061847284,-0.44097775,-0.5021442,0.8380185,0.070507556,0.026656441,0.53666466,-0.3731373,-0.091047585,0.5267116,-0.40561855,-0.07867221,-0.014482826,0.12917972,0.20550957,0.25591666
100,3007,-0.1813958,-0.15735205,1.0653611,-0.55251235,0.19810276,-0.2105567,-0.28132415,-0.3955927,-0.5491155,-0.094636425,-0.25319213,-0.2574422,-0.34535456,-0.07912752,0.54406047,0.12002975
100,3014,-0.17602599,-0.16163431,1.050398,-0.54202133,0.18680802,-0.19996925,-0.27899817,-0.396137,-0.53310055,-0.08671963,-0.2562264,-0.25610992,-0.33570176,-0.07738201,0.52969134,0.13453786
100,3015,-0.09838801,-0.116823696,-0.6310377,0.88794714,0.0666561,0.024096787,0.566855,-0.11156231,-0.094178036,0.78735465,-0.17992517,0.12001358,-0.023284227,0.06499718,0.39140898,-0.060701102
100,3017,-0.06405538,-0.8157318,0.04615718,0.4385232,0.11594859,-0.019087791,0.279008,-0.771296,-0.1714096,0.10755907,-0.68846977,-0.39266062,-0.08353785,0.15964252,0.024622694,0.6446522
100,3031,-0.2888833,-0.16154392,-0.42405695,-0.49784476,0.24827974,0.58291394,-0.8502588,0.8554632,0.257509,-0.03232998,0.30875874,-0.21331424,0.37618226,-0.38641882,0.4800628,0.125569
100,3036,-0.16498902,-0.18299635,1.0842603,-0.550426,0.16361327,-0.18017797,-0.29401994,-0.41678548,-0.51364565,-0.074021,-0.27212736,-0.26473996,-0.33258003,-0.07022707,0.5156101,0.18114078
100,3037,0.047025673,0.08802523,0.041463047,0.027319318,-0.095973045,0.5825205,-0.6361675,0.03459002,0.3442492,0.60975116,0.12652916,-0.11975528,0.017658547,-0.21831107,-0.7598742,0.08031386
100,3039,0.5884712,-0.12033265,0.06994307,-0.12442078,-1.0699121,0.16363016,0.024276698,-0.38281256,0.3368215,0.3639022,0.024802983,0.41615397,0.43138283,-0.04889571,-0.50106066,0.38632753
100,3056,0.033214554,-1.0355265,-0.17613636,0.72507524,0.07134251,0.05855722,0.46233636,-0.8862558,-0.1016172,0.05039876,-0.8429021,-0.49234158,-0.066260636,0.28341052,-0.13022259,0.8525279
100,3078,-0.13592061,-0.020969748,0.9952383,-0.3245482,0.19588123,-0.31809187,-0.13887599,-0.5228545,-0.63384515,0.10799827,-0.23919378,-0.20783958,-0.4974091,-0.027544543,0.3547465,-0.05417514
100,3081,-0.44219187,0.38460994,-0.4282738,0.1493331,0.73111135,-0.85212636,0.26963058,-0.29941738,0.68645215,-0.53333116,-0.34563822,-0.093629494,-0.05835077,0.4280209,-1.1707098,-0.63628626
100,3092,-0.43685383,-0.20756598,-0.7297452,-0.23205003,0.48846507,0.09702466,-0.14110601,0.754723,0.035431407,-0.44525856,0.13585451,-0.087074324,0.4010427,-0.22695932,0.9534503,-0.032701433
100,3110,-0.196255,0.4439327,-0.7281065,0.6407425,0.14113778,0.07284054,0.40167013,0.51148677,-0.09417871,0.9037628,0.2646748,0.3559416,-0.021317706,-0.07843546,0.82759213,-0.57169795
100,3111,0.048731677,0.52285033,-0.54832655,1.3265381,-0.15434654,-0.16315664,1.0090029,-0.002127841,-0.18646796,1.5661302,0.2130886,0.6051546,-0.26536494,0.15824041,0.49675676,-0.51939005
100,3116,0.4295733,0.3420837,0.4989351,-0.7337833,-0.8246545,-0.04442498,-0.02945825,0.20212121,0.7072238,0.08274582,0.25372896,0.47102183,0.2103009,0.07265228,-0.080387644,0.25470334
100,3122,0.09231252,0.28969663,0.0011813641,-0.32555705,-0.2119667,-0.38537276,0.107684456,0.015424274,0.6882073,-0.17826389,0.015241146,0.265267,0.16331454,0.19509661,-0.44506142,0.0014954507
100,3146,-0.13657062,-0.04009463,0.9770535,-0.3166456,0.19384311,-0.30608922,-0.1374113,-0.52135706,-0.6195129,0.10151666,-0.24813718,-0.21309951,-0.48263067,-0.027822413,0.35281825,-0.033328623
100,3147,-0.0045542493,-1.0159806,-0.5222222,0.23254782,0.006536763,0.27894428,0.07679718,-0.2052317,0.030280448,-0.4657297,-0.45118356,-0.38271183,0.42883098,-0.011757545,0.08731462,0.85826963
100,3156,-0.45383668,-0.3347091,-0.7203746,-0.3272983,0.50005925,0.12529366,-0.23051108,0.7617859,0.07086385,-0.5601623,0.09895924,-0.15691385,0.45514658,-0.24171633,0.95413405,0.07711244
100,3159,-0.45302093,-0.24347472,-0.74267876,-0.2737125,0.5105717,0.10395706,-0.17512657,0.7831766,0.046249866,-0.5003853,0.13756797,-0.10832765,0.42536873,-0.23459919,0.9781587,-0.010821998
100,3161,0.10133586,-0.44562185,0.019456282,-0.52784026,-0.39308718,0.3555475,-0.3647663,0.23613243,0.32859796,-0.12384869,0.055675775,-0.020478815,0.44332162,-0.18310815,0.23100525,0.59976006
100,3164,-0.44311827,0.2998305,0.03424999,0.30282384,0.9126093,0.71687734,-0.8112646,0.1660771,0.39212883,0.35989034,-0.13966861,-0.70881045,-0.6353396,-0.07688166,-1.2193503,-0.21105665
100,3167,-0.047432993,0.48352677,-0.049514264,-0.35597855,0.10437094,-0.47476387,-0.024039041,0.1297376,0.18963087,-0.7116328,0.2228176,0.26640576,0.3250688,0.08816148,-0.4382427,-0.61474484
100,3169,-0.16132948,0.13421671,1.0059028,-0.4058059,0.24443139,-0.40989012,-0.13745242,-0.43595475,-0.72665334,0.08487511,-0.13278955,-0.1460226,-0.5357932,-0.053965475,0.4325106,-0.25912392
100,3173,-0.04815363,-0.9730225,-0.5206524,0.16836438,0.044703413,0.26460892,0.036314607,-0.13682318,0.043121837,-0.47423702,-0.42023224,-0.3744073,0.4344296,-0.03626494,0.14951605,0.8127295
100,3181,-0.15702882,0.33690798,0.81127214,-0.33204517,0.27362698,-0.5511276,0.009009615,-0.34451485,-0.7858627,0.15862602,0.004895702,-0.01702594,-0.55061924,-0.051405195,0.4330586,-0.54534
100,3186,0.011076517,-0.3808209,-0.082913905,-0.5294617,-0.24858908,0.39715397,-0.46685582,0.381559,0.31495446,-0.11745663,0.11386439,-0.059873916,0.43420938,-0.22951478,0.29846174,0.49337274
100,3198,-0.08504173,-0.4091471,-0.17304477,0.66046536,0.0886689,-0.10840094,0.49421376,-0.49504346,-0.1976506,0.5061628,-0.4014287,-0.071444035,-0.10516128,0.1272943,0.25506312,0.23400828
100,3203,0.018699363,0.5298374,0.16615087,-0.5312678,-0.07367948,-0.6957963,0.28485096,0.21019365,0.86005455,-0.43133953,0.07204983,0.34787965,0.02810821,0.37879804,-0.23121306,-0.1539914
100,3204,0.1279873,0.013662651,0.15419951,0.20305224,-0.23761533,1.0131283,-0.9810525,-0.09629508,0.08215879,1.0735776,0.22821414,-0.18182892,0.04102266,-0.46345663,-0.9693241,0.058012664
100,3207,0.49152684,0.22841196,0.39393556,-0.57503825,-0.9273791,0.0074259937,-0.0110592265,0.033460677,0.6144281,0.18304616,0.19834673,0.47784227,0.2747029,0.039205834,-0.20672143,0.2830934
100,3215,0.021323398,0.4476965,0.09889552,-0.40567985,-0.10763092,-0.6589246,0.3085864,0.08852227,0.7632305,-0.33432233,0.010308132,0.33513534,0.06938657,0.34324118,-0.25702772,-0.14109316
100,3233,-0.008799262,-0.36634368,-0.11101452,-0.5157891,-0.21411394,0.39422464,-0.47206682,0.3966847,0.30653518,-0.12192957,0.11396167,-0.06980228,0.4291539,-0.23454395,0.30436748,0.47171438
100,3236,-0.16028833,0.15462922,0.44691736,-0.21124867,0.22153138,-0.38213044,0.045403082,-0.24561675,-0.5530818,0.08456327,-0.058468416,-0.038154926,-0.3022722,-0.07030441,0.3829429,-0.319161
100,3238,0.015234306,0.31984872,-0.445178,1.1949358,-0.09387409,-0.15984656,0.9021224,-0.12895839,-0.21047996,1.3642671,0.07439476,0.45794666,-0.2515598,0.15343782,0.45380503,-0.3717128
100,3239,0.41728282,0.06971811,0.12232393,-0.009427629,-0.77837896,0.26636535,-0.25725907,-0.3621444,0.19275543,0.5766023,0.12293449,0.31966162,0.35232455,-0.16620548,-0.73153657,0.0066303015
100,3245,-0.484556,0.25522596,-0.17941126,0.15531589,0.8972809,0.13728802,-0.4409965,-0.0154870525,0.5373428,-0.110045254,-0.27868232,-0.5573572,-0.40412313,0.097925186,-1.2138535,-0.29876822
100,3249,-0.2888833,-0.16154392,-0.42405695,-0.49784476,0.24827974,0.58291394,-0.8502588,0.8554632,0.257509,-0.03232998,0.30875874,-0.21331424,0.37618226,-0.38641885,0.4800628,0.125569
100,3263,-0.15686741,0.1415699,0.94512343,-0.36376154,0.2414112,-0.4176808,-0.104629,-0.43797183,-0.7183778,0.105842456,-0.12880562,-0.13259748,-0.5264237,-0.047185108,0.4087406,-0.2760945
100,3272,0.03350869,0.5048128,-0.53293216,1.2773571,-0.14143248,-0.16048022,0.9731303,0.0005277395,-0.19298156,1.5250269,0.20128766,0.58620775,-0.2532563,0.14371863,0.5100977,-0.51650304
100,3277,0.49957234,0.25470692,0.30064273,-0.30932477,-0.974906,-0.23874588,0.22165468,-0.28557134,0.53174406,0.32688943,0.0671252,0.59197533,0.30089563,0.13701063,-0.3671844,0.06158623
100,3297,-0.14861885,0.1226051,0.88337946,-0.29622015,0.23776229,-0.42433524,-0.058436204,-0.46745932,-0.7075437,0.13853008,-0.1449179,-0.12868959,-0.52216434,-0.030415535,0.37172493,-0.27141535
100,3300,-0.16324583,0.13848428,1.0294336,-0.4124747,0.25168216,-0.4214087,-0.13866904,-0.44505268,-0.7435581,0.08588295,-0.13258335,-0.14781733,-0.55146086,-0.052126873,0.43965256,-0.27056336
100,3303,0.039774805,0.5484165,0.16796178,-0.5038188,-0.115287796,-0.7544125,0.33408293,0.15064432,0.87395096,-0.40170074,0.06067735,0.39341128,0.038200766,0.40473807,-0.27788693,-0.19342935
100,3348,-0.12435956,-0.11206357,0.47850537,-0.050426155,0.09748544,-0.15988229,0.069041885,-0.28947243,-0.35078657,0.21777758,-0.1912576,-0.07179849,-0.1989139,-0.0073354617,0.46918783,0.09352799
100,3361,-0.22864747,-0.07159856,0.6513889,-0.41642565,0.27900043,-0.25655884,-0.15043084,-0.23110066,-0.538681,-0.14893733,-0.16757607,-0.1836515,-0.24223271,-0.12004285,0.55418473,-0.0778743
100,3362,0.045130797,0.52471143,0.1861808,-0.5528578,-0.115232676,-0.6568595,0.2576885,0.22376485,0.8647382,-0.40761107,0.09087667,0.35633838,0.03493835,0.36176947,-0.22571906,-0.124257326
100,3368,0.43250817,-0.45219707,0.27352366,-0.20978466,-0.7361776,0.32420215,0.020524193,-0.1688013,0.1453672,-0.09071636,-0.034015894,0.07428029,0.24190097,0.018139929,-0.04507222,0.69021475
100,3374,0.502355,0.14471565,0.12960988,-0.1533857,-0.9594664,-0.1567501,0.16647099,-0.39297915,0.36051643,0.32397622,0.046016753,0.5476896,0.40752673,0.058008984,-0.49157563,0.014944494
100,3382,0.15980399,0.5001009,0.18458253,0.005989155,-0.22895145,0.5050399,-0.77440816,-0.13305205,-0.9009429,-0.15625417,0.5744566,0.2656814,0.5433043,-0.6459508,-0.8966284,-1.071258
100,3387,0.75826126,-0.03982319,0.12794599,0.28691947,-0.5808916,0.45458835,0.3279862,0.14628975,-0.42634863,-0.8243814,0.29783958,0.004832685,-0.2560185,0.22599488,-0.21162751,0.30044082
100,3391,-0.14520313,-0.06781864,0.9921988,-0.31485778,0.21324332,-0.315921,-0.1324822,-0.5401955,-0.6374475,0.08867994,-0.26443905,-0.22704758,-0.49195355,-0.023616448,0.3709384,-0.027481675
100,3399,-0.14202696,0.22456111,0.8679786,-0.2873442,0.2463205,-0.49196613,-0.014958311,-0.44659734,-0.7527513,0.18134558,-0.08545528,-0.07789181,-0.5606197,-0.026993059,0.37090084,-0.3983237
100,3400,-0.23530418,-0.075556226,0.661303,-0.42554426,0.29173356,-0.26528907,-0.15130521,-0.23119155,-0.55228513,-0.16056503,-0.16797613,-0.18709484,-0.24723962,-0.121329345,0.5712404,-0.0865711
100,3413,-0.009089284,-0.9560786,0.0571748,0.56342256,0.09285705,0.012544006,0.34370458,-0.9144127,-0.16998106,0.109504744,-0.80262774,-0.4736902,-0.13072848,0.23561281,-0.06891055,0.7800802
100,3428,-0.08504173,-0.4091471,-0.17304479,0.66046536,0.0886689,-0.10840094,0.49421376,-0.49504346,-0.19765063,0.5061628,-0.4014287,-0.071444035,-0.10516128,0.12729432,0.25506312,0.23400828
100,3449,-0.48568338,0.25951546,-0.22093567,0.14805102,0.8786841,0.0016556159,-0.34221748,-0.052876737,0.5430499,-0.18396696,-0.29207516,-0.49978364,-0.34578252,0.13542067,-1.1831859,-0.33494592
100,3466,-0.03658633,0.014048398,-0.33317038,0.9342552,-0.009928618,-0.13570206,0.7056875,-0.26521197,-0.20272271,0.96806276,-0.12081257,0.22944589,-0.17330685,0.12786372,0.37399372,-0.11624843
100,3467,0.0329393,0.4211977,0.032455176,-0.30273086,-0.13656886,-0.7051714,0.3530815,-0.035203204,0.74578196,-0.27486536,-0.034809083,0.3613404,0.10454308,0.35135537,-0.3744581,-0.1819843
100,3470,-0.4420452,-0.20022802,-0.74079263,-0.22806361,0.4973709,0.09581156,-0.1380202,0.7701944,0.032616768,-0.4430004,0.14487872,-0.082259685,0.39955777,-0.22811891,0.9700717,-0.046714455
100,3476,0.04294399,-0.20867187,-0.112763554,-0.58371747,-0.26291654,0.40166718,-0.5446073,0.49395,0.38643938,-0.101323605,0.21006441,-0.00804361,0.42256045,-0.25725663,0.20104778,0.39951682
100,3493,-0.07050367,0.48897874,-0.05316581,-0.37574247,0.14362517,-0.5490924,0.044099625,0.15359189,0.32099944,-0.7215816,0.17897925,0.25155377,0.26573178,0.16149339,-0.41966334,-0.5503919
100,3504,0.502355,0.14471568,0.12960991,-0.1533857,-0.9594664,-0.15675013,0.16647097,-0.39297915,0.36051643,0.32397622,0.046016723,0.5476896,0.40752673,0.058008984,-0.49157563,0.014944464
100,3507,-0.15881494,-0.104003794,0.79630387,-0.2697105,0.21550967,-0.2782135,-0.09678898,-0.4662125,-0.56565595,0.04494347,-0.25827125,-0.21308985,-0.38543993,-0.03914064,0.37570584,-0.005599469
100,3508,0.32543936,-0.06685222,0.17943254,-0.6691468,-0.69979763,0.255574,-0.32706165,0.29072255,0.5384954,0.0011786707,0.2332384,0.24859701,0.41517258,-0.14359513,-0.0008549988,0.47360754
100,3524,0.47310984,0.2568915,0.31419832,-0.32524028,-0.94159114,-0.23584048,0.21587005,-0.2617485,0.55329657,0.32811818,0.057314306,0.5707171,0.27663237,0.1374432,-0.33876804,0.083967745
100,3527,-0.30180925,-0.14504986,-0.43806496,-0.45933908,0.27216876,0.59542316,-0.85613656,0.84788007,0.24247724,0.008762676,0.3046279,-0.2214,0.35836452,-0.39023173,0.46461943,0.100957945
100,3528,-0.13699222,0.5082018,-0.024990112,-0.4244058,0.22301932,-0.73775774,0.22674447,0.193835,0.7256439,-0.6547135,0.03881362,0.21639784,0.0691566,0.35322434,-0.39115006,-0.33871287
100,3529,-0.18621483,-0.2292187,-0.30030128,-0.5377819,0.07670237,0.48842704,-0.6944385,0.70237017,0.28045893,-0.11233851,0.23921141,-0.15485333,0.4037815,-0.32531434,0.44485232,0.25560877
100,3537,-0.14464384,0.26483065,0.87287545,-0.29632372,0.25866958,-0.5247459,-0.001624915,-0.43402058,-0.7803964,0.18719849,-0.059672058,-0.059530422,-0.578811,-0.028336495,0.38659203,-0.45605117
100,3538,-0.4333885,-0.14193952,-0.7538171,-0.15683943,0.48907757,0.07947174,-0.07738737,0.7646193,0.011228271,-0.36516437,0.1594727,-0.042970262,0.36524868,-0.2185672,0.9781913,-0.10598484
100,3547,-0.33409712,0.20699443,-0.7601701,0.22348139,0.35084835,0.07026631,0.15855946,0.70903605,-0.05412425,0.24800856,0.25611672,0.1760735,0.16204768,-0.16149403,0.9607079,-0.39950985
100,3550,0.03350868,0.5048128,-0.53293216,1.2773571,-0.1414325,-0.16048022,0.9731303,0.0005277395,-0.19298156,1.5250269,0.20128766,0.58620775,-0.2532563,0.14371863,0.5100977,-0.516503
100,3561,-0.43622446,-0.15547624,-0.7495127,-0.18094233,0.49230152,0.08695093,-0.10038634,0.7713311,0.018468875,-0.38681322,0.1590111,-0.054210022,0.3745644,-0.22258687,0.9774363,-0.090717524
100,3572,0.3928475,0.33382207,0.4623853,-0.6194264,-0.784307,-0.13802747,0.06406204,0.08178684,0.6568564,0.121303156,0.17577487,0.47434992,0.1941734,0.11420792,-0.103585504,0.19304022
100,3574,-0.30844083,0.23044764,-0.73483586,0.26439297,0.3104022,0.072652854,0.18200403,0.66200536,-0.055266842,0.32322136,0.24467283,0.19164263,0.14043272,-0.15074016,0.91751915,-0.4011212
100,3578,-0.44452485,-0.20781502,-0.73884314,-0.2421735,0.50021654,0.09764177,-0.1480798,0.77433586,0.035654604,-0.45821258,0.14427784,-0.08795488,0.40564838,-0.2302178,0.97214603,-0.03924203
100,3588,0.47703516,0.18036754,0.1828543,-0.19178644,-0.9354561,-0.20796777,0.22571597,-0.3497724,0.42962116,0.32965618,0.023808569,0.5489935,0.3411841,0.10492419,-0.39594513,0.047684252
100,3598,-0.28001246,0.32915723,-0.74969274,0.39309126,0.26803914,0.07163405,0.2595298,0.64900416,-0.073667616,0.5306138,0.27547044,0.2612512,0.08156927,-0.12963198,0.9267185,-0.49484593
100,3606,0.74726796,-0.47686034,-0.3500622,0.7954689,-0.3302721,0.5375948,0.5314226,-0.037813284,-0.5476685,-1.1101564,0.025501579,-0.28203708,-0.21148655,0.31293246,-0.4004443,0.58311254
100,3612,0.029687531,0.49814212,0.13050136,-0.45405766,-0.109171525,-0.7077942,0.32080877,0.120275185,0.8202275,-0.37003583,0.03557828,0.36370713,0.054054633,0.3742028,-0.27030188,-0.16774565
100,3613,0.004064508,-0.8868455,-0.31741574,0.8060104,0.08201778,0.04293047,0.5186345,-0.73802775,-0.103646725,0.1873226,-0.7234336,-0.37020075,-0.044311166,0.24686697,-0.028266855,0.68169594
100,3616,0.027006514,-1.0393864,0.023412451,0.6438766,0.0776144,0.03431101,0.397413,-0.97159344,-0.15932937,0.08587426,-0.8641852,-0.5175857,-0.1420883,0.28561842,-0.11352519,0.8556353
100,3620,-0.14024767,0.1263374,0.8638941,-0.26210302,0.23169099,-0.43332207,-0.034208573,-0.486471,-0.7068185,0.16652673,-0.14821649,-0.122236446,-0.53032225,-0.019966818,0.34643918,-0.27847576
100,3623,-0.13560271,0.16758527,0.8357804,-0.25881588,0.22534679,-0.44543195,-0.021288276,-0.46222633,-0.7050855,0.17999613,-0.120956264,-0.09877093,-0.52721006,-0.023129769,0.34019595,-0.31771147
100,3625,-0.014986835,-0.8053317,-0.3563344,0.78921795,0.08154662,0.04062996,0.5076169,-0.65991,-0.093678355,0.23030975,-0.6609905,-0.31595662,-0.022387788,0.2141985,0.014662266,0.6071325
100,3631,0.6123641,-0.15265255,0.049577445,-0.08748665,-1.1076229,0.17885253,0.027097445,-0.42928845,0.32013774,0.3924371,0.0130752325,0.4208637,0.44872093,-0.05437285,-0.54149467,0.40073985
100,3675,-0.14202696,0.22456111,0.8679786,-0.2873442,0.24632047,-0.4919662,-0.014958311,-0.44659734,-0.7527513,0.18134558,-0.08545527,-0.07789181,-0.56061965,-0.026993066,0.37090084,-0.39832377
100,3678,0.09535482,0.31525236,0.016653731,-0.34805754,-0.21154173,-0.41303593,0.11708529,0.030016847,0.7158781,-0.19646806,0.026401654,0.28017217,0.15502495,0.21189743,-0.4492549,-0.013232201
100,3689,0.5587291,-0.25069588,-0.025763556,-0.11329989,-1.0164016,0.2593126,-0.08174067,-0.3386082,0.3190419,0.3188659,0.029705256,0.3406003,0.49007675,-0.10148743,-0.50023884,0.4700539
100,3697,-0.420313,-0.13213938,-0.7460511,-0.12278926,0.46998447,0.07373019,-0.050685555,0.73251384,0.006259419,-0.3277703,0.14831385,-0.033071257,0.35174447,-0.21061763,0.95314467,-0.108136594
100,3710,-0.40695593,-0.046580687,-0.76122206,-0.04008387,0.45507967,0.062094398,0.009942934,0.7398759,-0.013222687,-0.21049438,0.17935961,0.02076213,0.3070576,-0.20001858,0.9710482,-0.18840075
100,3714,0.033214554,-1.0355265,-0.17613636,0.72507524,0.07134251,0.05855722,0.46233636,-0.8862558,-0.1016172,0.05039876,-0.8429022,-0.49234158,-0.066260636,0.28341052,-0.13022259,0.8525279
100,3716,0.10756872,0.021074653,0.15786672,0.20030586,-0.1947307,1.0278729,-0.9963488,-0.0663588,0.104553916,1.0725564,0.22425854,-0.21011755,0.0061564296,-0.45779383,-0.96735585,0.06217429
100,3718,0.057649575,0.13665454,0.033171773,-0.03379336,-0.10933119,0.42837393,-0.5338402,0.039458066,0.4313383,0.48994255,0.11867571,-0.056307204,0.032192007,-0.14390147,-0.7583555,0.053162605
100,3723,0.0524394,-1.0135114,-0.09059851,0.68143135,0.047319416,0.067867756,0.42537668,-0.9083575,-0.10942735,0.053960696,-0.84477204,-0.50490427,-0.09939486,0.28967917,-0.15094799,0.86219454
100,3731,-0.05469112,0.5067063,-0.04607843,-0.36767957,0.12062366,-0.52208006,7.2820345e-05,0.13374677,0.23954901,-0.72854966,0.21755466,0.27500296,0.30744702,0.1191801,-0.46011594,-0.62596023
100,3738,0.089577414,0.38427007,0.06653881,-0.4071239,-0.19711523,-0.50123197,0.1670682,0.07649599,0.7715258,-0.2540447,0.04696989,0.3176763,0.12425406,0.2623076,-0.40197638,-0.05282271
100,3758,1.2601385,0.2692325,-0.15684822,0.930121,-0.40975678,0.74125975,0.72076386,0.6313154,-1.1088048,-2.0076144,0.72832537,-0.16825093,-0.8296776,0.5016695,-0.45876917,0.039337456
100,3761,0.0143986195,-0.93655586,-0.28529227,0.8023775,0.08109769,0.045134284,0.51558965,-0.78601104,-0.10711031,0.15457965,-0.76157933,-0.40527475,-0.054912567,0.2632847,-0.057374366,0.730951
100,3780,0.09322088,-0.19000736,-0.04774478,-0.6357273,-0.34410238,0.38126296,-0.52134675,0.48287225,0.41889298,-0.110272855,0.2244313,0.034041792,0.42831185,-0.2423438,0.187996,0.42304224
100,3781,0.43442297,0.3703758,0.52932584,-0.7672944,-0.83023614,-0.06215331,-0.028492875,0.22248231,0.73675627,0.074614435,0.2687761,0.48677433,0.20069644,0.0850113,-0.074968494,0.24665585
100,3783,-0.506954,0.29398763,-0.021994203,0.3001207,1.0398726,0.6405485,-0.76003915,0.19084115,0.5302304,0.28407785,-0.21776868,-0.780906,-0.7203307,0.016418323,-1.2566614,-0.17938691
100,3804,-0.3557108,0.11553995,-0.7523635,0.12684739,0.38259923,0.06409807,0.10734231,0.7078298,-0.03837824,0.074529864,0.22270748,0.118889645,0.21218148,-0.17484653,0.94914275,-0.31494445
100,3808,1.2312431,0.16404213,-0.185896,0.9425871,-0.41271594,0.73173034,0.71953845,0.5490562,-1.0659269,-1.9463221,0.65094495,-0.18880868,-0.7682118,0.49605018,-0.47012642,0.11567667
100,3812,-0.09724152,-0.5479562,-0.104702696,0.53802073,0.11571424,-0.086108625,0.39592957,-0.5640707,-0.1878763,0.3255781,-0.4921307,-0.18279442,-0.07653141,0.12028378,0.1968421,0.3649938
100,3817,-0.23273313,-0.19786575,-0.3597299,-0.506232,0.15302852,0.51956445,-0.74593145,0.7581313,0.26521936,-0.074695796,0.26138425,-0.17869586,0.38868135,-0.34751496,0.46170324,0.1954599
100,3820,0.30236706,0.016997695,0.13581306,0.14104089,-0.544612,0.7047119,-0.6842595,-0.28891033,0.030643433,0.8594404,0.20943296,0.06978512,0.25450736,-0.382048,-0.9273703,0.007014215
100,3821,-0.16488467,0.467148,-0.73114324,0.7557249,0.09693886,0.068822555,0.46967787,0.44573957,-0.104993075,1.0449547,0.24993145,0.38904405,-0.058172733,-0.054384775,0.7837097,-0.5903352
100,3830,0.18513513,-1.0810773,-0.5107503,0.52007586,-0.15582322,0.32585537,0.2548272,-0.47542578,-0.036611043,-0.3788084,-0.5381088,-0.38298857,0.35983217,0.08894545,-0.19608149,0.96989715
100,3835,-0.10796058,0.0044858307,-0.6785404,0.89820725,0.061686005,0.028041929,0.57319826,-0.008812174,-0.09334731,0.8701822,-0.09445502,0.19022427,-0.02282688,0.04121624,0.4556479,-0.1728192
100,3842,-0.12388795,0.5076353,-0.016891345,-0.38895148,0.17404902,-0.8334114,0.33823112,0.123768106,0.8485702,-0.5580375,-0.028681174,0.25538486,0.023754299,0.4271596,-0.40715465,-0.28245223
100,3846,-0.19370708,-0.13235924,0.93161535,-0.51756704,0.21259366,-0.20688067,-0.253665,-0.33111876,-0.52673995,-0.11666703,-0.22583918,-0.23591153,-0.29976094,-0.09814745,0.5414992,0.07678363
100,3859,-0.14937636,0.4481222,-0.7626243,0.8630385,0.08161785,0.05259554,0.5410789,0.3891477,-0.1173788,1.123714,0.22376692,0.40648037,-0.07628107,-0.03075844,0.75582653,-0.5904439
100,3861,-0.2355729,-0.06272744,0.6799644,-0.4494718,0.28770006,-0.26033503,-0.16827454,-0.2162682,-0.5508519,-0.16844012,-0.15858579,-0.1850532,-0.24637187,-0.12804902,0.57979137,-0.08854097
100,3862,-0.16634943,-0.21390004,0.7943586,-0.36118498,0.17016934,-0.18909253,-0.13878734,-0.36679375,-0.44500738,-0.042300057,-0.26442903,-0.21201679,-0.24701348,-0.041728877,0.50352705,0.17598373
100,3866,-0.078381434,0.45071656,0.2288796,0.16864415,0.22404368,0.79845953,-0.92041963,0.0382308,-0.4042173,0.25941238,0.32869834,-0.17979902,-0.037361115,-0.5013105,-1.0683835,-0.68381023
100,3870,-0.049174525,-0.16180904,-0.27001664,0.8921527,0.029267099,-0.1341515,0.6657631,-0.38993245,-0.21388213,0.8486449,-0.24251306,0.11933096,-0.17402142,0.147706,0.3302668,0.016567111
100,3875,-0.23340073,0.40927094,-0.7461353,0.5466366,0.19768815,0.07179338,0.34811425,0.5811432,-0.08796358,0.7631555,0.2787646,0.32457125,0.016695082,-0.09981002,0.88296646,-0.5568662
100,3889,0.29584506,-0.068282425,0.22096232,-0.742321,-0.6714218,0.2533431,-0.33274573,0.34902096,0.5180397,-0.06833114,0.23542452,0.22179894,0.4066142,-0.14983906,0.1043499,0.48272818
100,3898,-0.14769536,0.121260926,0.8588445,-0.28391123,0.23601015,-0.42275923,-0.049088217,-0.46360636,-0.6998067,0.14124206,-0.14416656,-0.12503435,-0.51329017,-0.029675469,0.36596474,-0.27172184
100,3903,-0.020226523,0.084117845,-0.35248962,1.0290806,-0.029995032,-0.14675082,0.77330285,-0.25273305,-0.21438213,1.0983536,-0.07959542,0.28813672,-0.210148,0.14482892,0.39547437,-0.18138635
100,3906,0.08479781,0.35866892,0.048501432,-0.38742915,-0.1929657,-0.47113526,0.15352626,0.06811866,0.7460104,-0.24080351,0.0378004,0.299807,0.1321409,0.24424124,-0.39761618,-0.035896808
100,3912,-0.20640257,-0.08888353,0.6272139,-0.35940263,0.24578886,-0.23612686,-0.13099378,-0.26948318,-0.5054932,-0.099921435,-0.1905129,-0.18555634,-0.24110189,-0.10310255,0.48998237,-0.034719706
100,3918,-0.16430768,-0.21332487,0.75863016,-0.34815174,0.16331702,-0.18104489,-0.13051158,-0.35435486,-0.4278559,-0.04033977,-0.2607613,-0.20546055,-0.22950098,-0.042594314,0.4956257,0.18016833
100,3947,-0.23200205,-0.06667527,0.8275987,-0.5280382,0.2771543,-0.2500664,-0.23129885,-0.23512654,-0.5685825,-0.17951718,-0.16712484,-0.20694919,-0.28224266,-0.13142069,0.6053091,-0.05292675
100,3958,-0.5055707,0.28898066,-0.029108793,0.31107503,1.0297004,0.62007666,-0.7426185,0.16164412,0.5237544,0.28643098,-0.22832401,-0.77061266,-0.7093383,0.019573435,-1.2680702,-0.18662846
100,3962,0.30849248,-0.07953591,0.22817376,-0.76818126,-0.69246763,0.26415712,-0.35071117,0.3638872,0.53334236,-0.076290295,0.24989638,0.22838832,0.41951764,-0.15450914,0.10474901,0.4965905
100,3967,0.008381568,0.50437814,0.15973392,-0.52058667,-0.063611515,-0.66080934,0.27375576,0.21610214,0.8266458,-0.4234254,0.06346494,0.3250233,0.028840482,0.35988864,-0.19105273,-0.13055351
100,3971,0.018699363,0.5298374,0.16615087,-0.5312678,-0.07367948,-0.69579625,0.28485096,0.21019365,0.86005455,-0.43133953,0.072049856,0.34787965,0.028108224,0.378798,-0.23121303,-0.15399146
100,3975,-0.16597967,0.20879112,0.542212,-0.24923858,0.24904998,-0.44189525,0.04216726,-0.26474106,-0.62948954,0.095319785,-0.034522653,-0.029064685,-0.37187862,-0.06691852,0.41456166,-0.40105057
100,4012,1.1793593,0.2976249,0.077112585,0.6270352,-0.5562955,0.6568745,0.5766089,0.5576269,-0.930028,-1.6769503,0.7154787,-0.037794247,-0.7052839,0.42708194,-0.35278395,0.02730766
100,4022,0.28030357,-0.506297,0.24944693,-0.41266966,-0.6786571,0.29086176,-0.13372368,-0.11350819,0.3111682,0.032159183,-0.06916484,0.07013835,0.39016944,-0.0770861,0.06818558,0.73658246
100,4026,-0.2565891,0.3548928,0.14868745,0.2423167,0.54974186,0.8078014,-0.8757977,0.121446565,-0.0066049322,0.37732714,0.09167668,-0.45334798,-0.34569633,-0.3068345,-1.0872216,-0.3894055
100,4054,-0.17251852,-0.2037435,0.8346127,-0.3936383,0.1803972,-0.19822259,-0.15682858,-0.36159933,-0.46486968,-0.05679727,-0.25735712,-0.21539648,-0.26128888,-0.047427908,0.5257657,0.16118415
100,4056,0.15747347,0.007704571,0.147454,0.1967267,-0.2922691,0.9731737,-0.94347095,-0.13336632,0.059161104,1.0451194,0.23047361,-0.13973771,0.08728783,-0.46044827,-0.9666233,0.048588455
100,4058,-0.047569163,-0.13168299,-0.28592166,0.8937506,0.022512387,-0.13326584,0.6693699,-0.36439705,-0.20872961,0.8600593,-0.22150932,0.13686761,-0.1692509,0.1424675,0.33562428,-0.0050699413
100,4059,0.64071214,-0.23895904,0.24471042,0.016023511,-0.70477045,0.41043544,0.17732127,0.010568395,-0.15046294,-0.49252743,0.16958857,0.05449608,-0.01943694,0.13153015,-0.13256088,0.5035311
100,4061,-0.14769536,0.121260926,0.8588445,-0.28391123,0.23601015,-0.42275923,-0.049088217,-0.46360636,-0.6998067,0.14124206,-0.14416656,-0.12503435,-0.51329017,-0.029675469,0.36596474,-0.27172184
100,4066,-0.42866614,-0.11631893,-0.76821065,-0.10909404,0.48472118,0.07056987,-0.040724132,0.7593036,0.0006443411,-0.31578764,0.16510451,-0.021515466,0.34713605,-0.21151441,0.9838936,-0.13649711
100,4069,0.50882715,0.15964307,0.32661986,-0.48404092,-0.9543889,0.039611787,-0.0056641977,-0.048946142,0.55961144,0.22323008,0.16328269,0.46548456,0.306143,0.018905118,-0.26558462,0.30298474
100,4074,0.41202903,0.37038237,0.5190495,-0.6947355,-0.8091932,-0.13170518,0.045483787,0.13851763,0.6972151,0.09972753,0.21508211,0.49245298,0.18405454,0.11983864,-0.07810063,0.20055836
100,4079,-0.22018927,-0.07311052,0.70512676,-0.4073628,0.27554443,-0.26852816,-0.1492957,-0.27422053,-0.55873823,-0.121407256,-0.18141274,-0.19163442,-0.2795776,-0.107292496,0.5368322,-0.07410765
100,4082,-0.45165616,0.24642415,-0.316572,0.101057954,0.7586068,-0.31747186,-0.08258315,-0.12880218,0.5415978,-0.35923475,-0.30797485,-0.32457498,-0.15949437,0.21044075,-1.0229322,-0.3759964
100,4099,-0.022706345,0.42839485,-0.027002826,-0.2628172,-0.037719194,-0.7724833,0.38019845,-0.055578567,0.75304604,-0.33648437,-0.066682145,0.3320188,0.0961504,0.37957636,-0.43397918,-0.23989671
100,4100,0.5402041,-0.25100577,-0.030906126,-0.116750106,-0.98687935,0.2596534,-0.08703155,-0.32209405,0.31674516,0.30460706,0.027601838,0.32640362,0.4848724,-0.10330134,-0.48192915,0.47020483
100,4110,-0.5006822,0.2693221,-0.13344055,0.18617633,0.95707005,0.28350723,-0.54520774,0.043523878,0.5410063,-0.01884202,-0.26551455,-0.6348808,-0.5015631,0.072961,-1.2499268,-0.27319056
100,4116,0.18935609,-0.17258781,0.062498003,-0.6558036,-0.49892926,0.30975074,-0.4041468,0.37456435,0.44997388,-0.10880169,0.19620362,0.1105271,0.42633936,-0.19329229,0.13297586,0.4785804
100,4122,0.34130818,0.02171728,0.088591665,0.06018041,-0.6371217,0.43490803,-0.4193304,-0.32436156,0.10786266,0.6399395,0.1353437,0.1898842,0.31926045,-0.25467253,-0.77548283,0.018366158
100,4125,-0.2787199,-0.14481026,-0.42004597,-0.47323388,0.23755233,0.60125387,-0.8621984,0.84061366,0.25673038,0.01604551,0.3138067,-0.20821428,0.36536378,-0.39041978,0.44013953,0.11140314
100,4127,-0.14861885,0.12260507,0.88337946,-0.29622015,0.23776232,-0.4243353,-0.058436204,-0.46745932,-0.7075437,0.13853008,-0.1449179,-0.12868959,-0.52216434,-0.030415535,0.3717249,-0.27141535
100,4141,0.07604136,0.43373972,0.113723874,-0.44585246,-0.1796006,-0.57132393,0.22273657,0.112248704,0.79421073,-0.29484117,0.053516537,0.34272534,0.09194547,0.30325773,-0.31962204,-0.08290723
100,4156,-0.15301275,0.33405715,0.94752145,-0.33763236,0.28964224,-0.59109914,0.00139941,-0.43289417,-0.85658175,0.19286136,-0.021471232,-0.039909434,-0.6402129,-0.029367603,0.42746422,-0.55831295
100,4188,-0.096076556,-0.14321645,-0.6214632,0.8786807,0.064229295,0.02416896,0.5605495,-0.13286796,-0.090724915,0.7625375,-0.19792219,0.104924604,-0.016764745,0.066460654,0.3702205,-0.031835616
100,4189,0.053334855,-0.98025084,-0.035212144,0.6355256,0.038238127,0.06488603,0.3952501,-0.89718187,-0.12101658,0.05943627,-0.82398784,-0.49632466,-0.11293769,0.28095835,-0.135768,0.84270513
100,4193,-0.008349016,0.14735319,-0.37922728,1.0839491,-0.048302583,-0.15187098,0.8149201,-0.22442016,-0.21393211,1.1768576,-0.03939113,0.33498508,-0.22526973,0.15031835,0.4065156,-0.23247683
100,4200,-0.13582814,0.5387934,-0.0058983117,-0.42583278,0.20477669,-0.8611187,0.33671397,0.16156249,0.884247,-0.605747,-0.013165355,0.25441843,0.009285629,0.4457379,-0.41243452,-0.30079925
100,4203,-0.3721351,0.11126988,-0.773659,0.110757485,0.40808654,0.0629114,0.09825806,0.74417615,-0.0397197,0.045509808,0.23671347,0.11657557,0.22182216,-0.18081287,0.98615175,-0.32747394
100,4204,-0.47035024,0.2496752,-0.27737224,0.110897824,0.8134864,-0.18376769,-0.19418111,-0.094312854,0.5389321,-0.2999301,-0.30258983,-0.40251964,-0.23473144,0.17593673,-1.0846735,-0.35753524
100,4209,-0.4451133,-0.17021266,-0.7564032,-0.201597,0.5047068,0.08844152,-0.114301935,0.7870389,0.021941695,-0.41540328,0.16100767,-0.062959485,0.3862838,-0.22649136,0.9925705,-0.08376229
100,4219,0.38365927,-0.15517005,0.01820679,-0.3636576,-0.763608,0.25381285,-0.21933165,0.007287562,0.4178177,0.14201087,0.11818895,0.2503124,0.4409994,-0.13243097,-0.2324327,0.45475286
100,4228,-0.13881591,-0.068109505,0.9634899,-0.29780573,0.19999214,-0.30416524,-0.12620415,-0.536709,-0.6171883,0.099314265,-0.26492658,-0.22247733,-0.47843468,-0.022398196,0.35121503,-0.01598385
100,4238,0.07604136,0.43373972,0.113723874,-0.44585246,-0.17960058,-0.57132393,0.22273657,0.112248704,0.79421073,-0.29484117,0.053516537,0.34272534,0.09194547,0.30325773,-0.31962204,-0.08290723
100,4250,-0.36199117,0.35089934,-0.4796534,0.171125,0.5400478,-1.0559286,0.49912095,-0.3830704,0.6445526,-0.54751843,-0.3546083,0.083398044,0.08973873,0.4773366,-0.9720614,-0.6116261
100,4255,0.6079017,-0.22347945,-0.01903756,0.015067209,-1.1043731,0.19901785,0.046129294,-0.5157027,0.25167036,0.4251335,-0.03804268,0.39290053,0.467413,-0.06723128,-0.57910144,0.41559973
100,4281,0.4295733,0.3420837,0.4989351,-0.7337833,-0.8246545,-0.04442498,-0.02945825,0.20212121,0.7072238,0.08274582,0.25372896,0.47102183,0.2103009,0.07265228,-0.08038766,0.25470337
100,4294,-0.33712465,0.17949454,-0.7539183,0.19905628,0.35515815,0.069033414,0.14503144,0.7002971,-0.049065307,0.20279679,0.2426857,0.15900673,0.17489663,-0.16414744,0.94851285,-0.37093168
100,4304,-0.3866748,-0.010748059,-0.7514727,0.012560811,0.42634374,0.060631417,0.04196051,0.70915264,-0.019391306,-0.13206653,0.17879257,0.044016197,0.27961516,-0.19013253,0.9434689,-0.20902473
100,4305,-0.13270077,-0.1875432,-0.29154256,-0.49592274,0.010359276,0.52347475,-0.7221648,0.6648582,0.30999556,-0.010610774,0.25967273,-0.123287305,0.39120984,-0.3322507,0.3122914,0.24539751
100,4320,0.39933056,-0.17642105,-0.0020433366,-0.30139542,-0.7859852,0.25263125,-0.19151637,-0.060260363,0.39438635,0.17882663,0.09066197,0.25506437,0.44369572,-0.12733167,-0.27948317,0.4567815
100,4329,0.02171009,0.5358477,0.17573941,-0.5422521,-0.07782702,-0.69695246,0.28509673,0.22049211,0.8660279,-0.4342386,0.07779202,0.35220623,0.02464594,0.3807429,-0.21957853,-0.1513192
100,4331,-0.18672827,0.44845045,-0.727353,0.6706693,0.12691958,0.07190982,0.4194263,0.48963243,-0.0961297,0.9409786,0.25770795,0.3634584,-0.03106603,-0.07173237,0.811509,-0.5738185
100,4344,0.2994708,-0.08977414,0.21843508,-0.74161226,-0.67991334,0.26158515,-0.3375692,0.341963,0.5170959,-0.068886116,0.23181683,0.21905015,0.41446823,-0.15303023,0.10238202,0.49693134
