window_id,vehicle_id,z_0,z_1,z_2,z_3,z_4,z_5,z_6,z_7,z_8,z_9,z_10,z_11,z_12,z_13,z_14,z_15
111,1949,0.8168322,0.1208601,-0.6534335,0.9838253,-0.21749668,-0.15005752,-0.56357384,1.2066691,-0.43430424,-0.6309093,0.3449137,-0.73421025,-1.2557276,0.016995877,0.3229415,-0.07850553
111,2021,0.81921744,0.23517478,0.31059098,-0.26286805,-0.35182843,0.04595931,-0.5856002,-0.0073174275,0.64369535,0.17807288,0.24894102,0.09366424,1.0122926,-0.1377414,0.43435147,0.13746685
111,2770,0.5826144,0.18914545,-1.6685048,1.1295108,-0.018475402,-0.35739565,0.06860387,0.78832304,-0.04202418,-0.16477707,0.45279026,-0.95202476,-0.4248096,-0.5540972,0.13564515,-0.05180107
111,3820,0.81921744,0.23517478,0.310591,-0.26286805,-0.3518284,0.04595931,-0.58560014,-0.0073174275,0.64369524,0.17807288,0.24894102,0.09366424,1.0122925,-0.1377414,0.43435144,0.13746688
111,128,1.0338972,0.38273978,0.90271235,0.13848111,0.009989015,-0.6391837,-0.8206601,0.054884188,0.31869784,-0.11505535,-0.41595358,0.4905609,-0.12168154,0.37831533,0.33295,-0.25680968
111,963,-0.23772773,-0.14581864,-0.027591936,-0.1829731,0.16953383,-0.4755187,-0.64696264,-0.02360982,-0.32500628,-0.75496405,-0.3596993,0.36691874,-0.61976516,0.6399779,-0.05281867,-0.6316608
111,4122,0.8192175,0.23517478,0.31059098,-0.26286805,-0.3518284,0.04595928,-0.5856002,-0.0073174275,0.6436951,0.17807291,0.248941,0.09366424,1.0122925,-0.1377414,0.43435144,0.13746682
111,1183,0.81921744,0.23517478,0.31059107,-0.26286805,-0.3518284,0.04595928,-0.58560014,-0.0073174275,0.643695,0.17807285,0.24894102,0.09366424,1.0122925,-0.1377414,0.43435144,0.13746685
111,1703,0.8192175,0.23517472,0.310591,-0.26286805,-0.3518284,0.045959294,-0.5856002,-0.0073174294,0.6436951,0.17807288,0.24894103,0.09366424,1.0122925,-0.1377414,0.43435144,0.13746685
111,899,0.83872426,0.13064754,-0.65601754,0.9981481,-0.22120023,-0.16281879,-0.56828576,1.2110283,-0.4342794,-0.6366275,0.33690983,-0.7501634,-1.2899667,0.025490329,0.3306327,-0.04929375
111,902,0.8192174,0.23517472,0.31059098,-0.26286805,-0.35182837,0.04595928,-0.58560014,-0.0073174313,0.64369524,0.17807294,0.24894102,0.09366424,1.0122925,-0.1377414,0.43435144,0.13746682
111,1209,1.0401032,0.39148152,0.90420246,0.13329285,0.005246817,-0.6439679,-0.84162897,0.05256211,0.33457705,-0.11508863,-0.4158103,0.49271777,-0.09468546,0.37358373,0.3373941,-0.25762683
111,1750,0.58261436,0.18914545,-1.6685051,1.129511,-0.018475385,-0.35739565,0.06860388,0.78832316,-0.042024165,-0.16477707,0.4527902,-0.95202464,-0.42480958,-0.5540973,0.13564515,-0.051801085
111,2419,0.57004344,0.24681354,0.26233146,0.44974998,0.15669101,-0.70997953,-0.90721923,0.41778252,0.052668273,-0.63387895,-0.35429657,0.12273594,-0.7843393,0.51247346,0.09213102,-0.27145877
111,2183,0.79700536,0.22121096,0.3108727,-0.25611335,-0.3367059,0.03772235,-0.5730238,-0.0076241754,0.6120002,0.1620649,0.23349907,0.103053994,0.95999384,-0.118530884,0.42268303,0.11821616
111,647,0.81921744,0.23517472,0.31059095,-0.26286805,-0.3518284,0.04595928,-0.58560014,-0.0073174294,0.6436951,0.17807288,0.24894102,0.09366424,1.0122925,-0.1377414,0.4343514,0.13746682
111,2596,0.5893608,0.18455893,-1.7062887,1.1341138,0.06685821,-0.40880704,0.114868745,0.6168701,0.02386257,-0.14524783,0.33845943,-0.8521252,-0.47770798,-0.51580346,0.136064,0.0802626
111,3918,0.8387243,0.13064754,-0.65601754,0.9981481,-0.22120023,-0.16281879,-0.5682856,1.2110286,-0.43427938,-0.63662744,0.33690983,-0.75016344,-1.2899667,0.025490329,0.3306327,-0.04929374
111,2,-0.36937436,0.85338086,0.5098906,0.1815367,-0.024390064,-0.55420196,0.39756256,0.24778965,0.268504,0.5415658,-0.21233813,-0.75538665,0.44873422,-0.41701943,-0.6141163,-0.24005505
111,8,-0.09131703,-0.11103791,-0.5371824,-0.505805,-0.2627428,0.118686385,-0.5001655,-0.082945354,0.35936943,-0.3166042,0.2799358,-0.119847454,0.79805386,0.0029416084,0.14909247,0.12612587
111,15,0.118824854,-0.036446273,-0.48960742,-0.5206584,-0.38051042,0.2674212,-0.44923273,-0.05956793,0.55606437,-0.10886969,0.4478578,-0.2081886,1.1492817,-0.18553512,0.2503937,0.29536748
111,22,-0.16731605,-0.49576426,0.47161862,-0.028052948,0.077128515,0.54223263,0.30557257,0.077182345,-0.63815457,0.08385305,0.087183185,0.41325605,-0.50940484,0.10632045,0.10266315,-0.2219603
111,23,-0.963779,-0.30196163,0.03768112,-0.28075755,0.16663998,0.10953383,-0.17055571,-0.041546084,-0.40517557,-0.526115,-0.22749911,0.07500617,-0.45935655,0.27908868,-0.18163228,0.28709587
111,28,-0.11006389,-0.12165804,-0.5366137,-0.49102223,-0.2504705,0.12184852,-0.48502907,-0.07816315,0.34328428,-0.31866586,0.2784544,-0.12070272,0.7742884,-0.0014477372,0.13987963,0.12454063
111,38,-0.10652882,-0.5156433,0.49346045,-0.029052272,0.075965635,0.61785036,0.42128456,0.012432649,-0.60613495,0.20035125,0.14396396,0.46758085,-0.43176067,0.052852936,0.1122914,-0.23126051
111,85,-0.17834792,-0.5391518,0.47853798,-0.08810919,0.101353526,0.5342509,0.28215274,0.0168833,-0.6471492,0.044720188,0.052085906,0.49774936,-0.5416053,0.18562126,0.11812624,-0.2432074
111,92,-0.1795538,-0.53274655,0.4920313,-0.070909426,0.09718787,0.54712594,0.29402646,0.033794824,-0.6561394,0.061923593,0.059309952,0.48468888,-0.5421939,0.16433097,0.11534414,-0.23729195
111,99,0.59627354,0.18731636,0.22311133,-0.17138079,-0.17824344,-0.20177093,-0.6815438,0.0009372048,0.4689736,-0.104210176,0.020222694,0.15943365,0.5647193,0.0718611,0.29617622,-0.0016684979
111,110,-0.28537485,0.66775125,0.4011596,0.15683606,-0.024408692,-0.43252885,0.36410505,0.221358,0.20398253,0.45360368,-0.12530442,-0.6229998,0.37721574,-0.35531414,-0.50171316,-0.25549632
111,120,0.9080348,0.25387156,0.48704967,-0.38262054,-0.3661207,-0.07913652,-0.44629398,-0.08245242,0.39247248,0.08897215,-0.041840985,0.16785142,0.45310426,0.23186727,0.44880337,0.09958449
111,127,0.40619653,-0.43430918,0.015521108,0.32039538,-0.056720037,0.64350307,0.67965704,0.1088025,-0.22356631,0.53369546,0.64893544,0.30503193,0.19672774,-0.37047684,0.15558839,-0.60445046
111,132,0.028025607,-0.55213976,0.46425676,-0.04707138,0.07142113,0.6890019,0.54632455,-0.09715504,-0.5271499,0.32722342,0.23564297,0.5601413,-0.29671988,0.021332897,0.14285141,-0.28938153
111,136,-0.04458748,-0.5396922,0.49461284,-0.03142912,0.074998066,0.6651741,0.48621392,-0.033441726,-0.5852685,0.26849562,0.18946028,0.52173114,-0.37991577,0.03537759,0.12925601,-0.26669917
111,146,0.055426776,-0.56533897,0.47074175,-0.058606416,0.07676846,0.71922493,0.60024863,-0.14492393,-0.50334525,0.37839276,0.255976,0.5993344,-0.25412744,0.0097448155,0.14726508,-0.29258722
111,149,1.1861818,0.40537184,1.0218221,-0.17545101,-0.1895463,-0.51456696,-0.5705077,-0.07138417,0.16420895,-0.033861578,-0.53253067,0.44342995,-0.3154006,0.6206924,0.4414144,-0.11726567
111,155,-0.19372407,-0.353933,0.042140108,-0.042015865,0.090715654,0.2651391,0.045620628,0.040570267,-0.45973307,-0.26539677,-0.025148615,0.2019606,-0.66333646,0.30199203,0.06667261,0.08364093
111,156,-0.9146428,-0.13542858,-0.47675604,-0.43211251,-0.03796636,0.03348629,-0.46381983,-0.08689205,0.11089429,-0.590053,-0.03615129,-0.27109832,0.20024367,0.03924998,-0.14613737,0.50940824
111,183,-0.43768123,0.7409013,0.57791764,0.09461978,-0.016125351,-0.47833967,0.3301974,0.23529407,0.1315805,0.40481877,-0.28696352,-0.6868003,0.23304527,-0.28441924,-0.55395937,-0.11207325
111,199,0.8281408,0.12194702,-0.6536187,0.991279,-0.22023933,-0.1578902,-0.57129,1.2121065,-0.4447605,-0.64008313,0.33993846,-0.7365212,-1.281709,0.02732084,0.3293903,-0.07806042
111,205,0.4111011,-0.46431816,0.058709558,0.29232514,-0.03920003,0.67231107,0.7113696,0.04765688,-0.22457066,0.56039405,0.6356666,0.380096,0.19870989,-0.34615397,0.16654152,-0.60583806
111,208,-0.6519041,-0.19592398,-0.34148258,-0.3726758,0.032006785,-0.09703308,-0.4644846,-0.09807148,-0.097987175,-0.6317703,-0.116947785,-0.006035112,-0.13273767,0.29554397,-0.10339485,0.03968531
111,224,-0.16239214,-0.4910549,0.47651064,-0.03100387,0.07741453,0.5588565,0.349155,0.051700354,-0.614715,0.12385608,0.097885236,0.4127695,-0.47509873,0.07813002,0.0961096,-0.1975111
111,237,0.029019844,-0.50170684,0.48904076,0.016228676,0.07019994,0.7181946,0.70093477,-0.12593657,-0.44045404,0.48776966,0.28373367,0.5208286,-0.14459608,-0.13237216,0.09692883,-0.25300917
111,243,0.11812322,-0.30494168,-0.0734693,0.10874723,0.019725136,0.247583,0.034933344,0.1650362,-0.42052713,-0.23938213,0.079502895,0.09101969,-0.7331483,0.26511312,0.15638316,0.05650711
111,249,0.8474109,0.27233988,0.2571548,-0.31285685,-0.40441427,0.0660788,-0.6467301,-0.015839227,0.74669623,0.195008,0.29605627,0.052024208,1.1914657,-0.18557678,0.461061,0.20101464
111,254,0.71153474,0.22612655,-1.8504337,1.0373691,1.4969424,-1.0307117,1.3210319,-2.3390288,1.203985,0.77098334,-1.3415608,1.0126989,-0.65251076,-0.06205766,-0.17549664,1.8096371
111,258,-0.50396085,0.7719149,0.6843405,0.0945351,-0.019083455,-0.46550876,0.34111086,0.27200246,0.069355786,0.41153324,-0.34347683,-0.72337306,0.15044262,-0.27821863,-0.5753982,-0.049849376
111,264,-0.014700934,-0.40439677,0.19824888,0.13853173,0.040319845,0.3728482,0.04501202,0.31239542,-0.61429536,-0.15037237,0.123650745,0.24727136,-0.65948707,0.14918202,0.14600205,-0.31185165
111,267,-1.0826036,-0.29115242,-0.11249171,-0.36585334,0.10934883,0.174967,-0.15545088,-0.11881312,-0.24420762,-0.5171285,-0.16775678,-0.07218582,-0.27644002,0.19541241,-0.21577606,0.5297029
111,277,0.37371054,-0.51665497,0.15312304,0.19962958,-0.0010256039,0.7017773,0.72066265,-0.05746387,-0.26201475,0.5532853,0.56742096,0.49933138,0.13483267,-0.25312614,0.1800776,-0.5596145
111,291,0.6877256,0.23254162,-1.8220844,1.0108064,1.4692832,-1.036854,1.2704177,-2.2867856,1.1739463,0.7187078,-1.3440168,0.97152,-0.69095016,-0.03333123,-0.16995722,1.8096884
111,302,0.70970184,0.20663774,-1.8120731,1.016162,1.4973282,-1.0027349,1.3377143,-2.3545709,1.1993924,0.79110837,-1.3291563,1.0470816,-0.6240238,-0.06058027,-0.1778765,1.7835968
111,304,-0.45613742,-0.17165905,-0.18481758,-0.29091236,0.10420298,-0.30088416,-0.5723457,-0.07005475,-0.22223316,-0.7119073,-0.25409794,0.19212219,-0.39310622,0.49171412,-0.08073887,-0.31149316
111,306,-0.40471223,0.29767174,0.6989908,0.00066084415,0.034518037,-0.038370624,0.4410379,0.096548915,-0.15946287,0.3617596,-0.21182017,-0.26272368,-0.06864647,-0.14479248,-0.32815138,0.022707447
111,309,-0.37565058,0.83075064,0.5089665,0.15690681,-0.017269304,-0.5523399,0.38436213,0.22128126,0.26681307,0.517818,-0.22746782,-0.7288663,0.4321893,-0.38879067,-0.6035893,-0.22192144
111,325,0.71662813,0.19821596,-1.807619,1.0250574,1.4831254,-0.98403007,1.3401059,-2.3292756,1.1901127,0.80062526,-1.2978052,1.0408599,-0.6027898,-0.07866332,-0.17230552,1.7491839
111,338,0.71662825,0.19821584,-1.8076191,1.0250574,1.4831256,-0.98402995,1.3401057,-2.329276,1.1901126,0.8006251,-1.2978052,1.04086,-0.60278976,-0.078663334,-0.17230552,1.7491834
111,343,-0.17955384,-0.5327465,0.49203137,-0.070909426,0.09718786,0.5471259,0.29402646,0.033794824,-0.6561395,0.061923623,0.05930996,0.48468888,-0.54219395,0.16433097,0.11534414,-0.23729195
111,345,0.30790287,0.06540713,-0.2390098,-0.40033054,-0.32131016,0.09752488,-0.5776889,-0.038127344,0.5762001,-0.09635289,0.30999216,-0.08273151,1.0264637,-0.12486757,0.2778485,0.2039136
111,356,-0.30208418,-0.14638008,-0.06818094,-0.21386659,0.16056989,-0.45915633,-0.65935594,-0.03861841,-0.3052174,-0.7714758,-0.3553849,0.33671814,-0.5850329,0.6284672,-0.06590401,-0.57312477
111,364,-0.18913704,-0.54675925,0.4933965,-0.08635767,0.10585476,0.5414908,0.27922928,0.021042224,-0.66631234,0.041775197,0.045394048,0.5118266,-0.56103015,0.192549,0.11888235,-0.2512531
111,366,-1.0083249,-0.30442497,-0.030242186,-0.3292529,0.13254835,0.17321026,-0.12584531,-0.090444334,-0.31666964,-0.49150866,-0.18142162,0.0014480203,-0.3493657,0.22474262,-0.19189733,0.43021053
111,367,-0.3877148,0.2673537,0.69254625,0.0003957227,0.03844875,-0.009604603,0.45609012,0.08050891,-0.16352963,0.37093043,-0.1929097,-0.22787961,-0.06433005,-0.14566608,-0.3122975,0.014304295
111,368,0.90803474,0.25387156,0.4870497,-0.38262054,-0.3661207,-0.07913655,-0.44629404,-0.08245241,0.39247254,0.08897218,-0.041840985,0.16785142,0.45310432,0.23186725,0.4488034,0.09958449
111,370,0.09537477,-0.06469399,-0.47490525,-0.5185777,-0.35018152,0.23315315,-0.42663112,-0.069777794,0.4725748,-0.15146926,0.39690363,-0.1649332,1.002125,-0.10691804,0.23168443,0.22205117
111,395,0.005998117,-0.08040896,-0.56150526,-0.5481646,-0.3528067,0.24334225,-0.44171295,-0.07559201,0.48176005,-0.19163305,0.40824062,-0.20461497,1.0397413,-0.12004109,0.20839214,0.25726414
111,396,0.061382912,-0.5496359,0.47887516,-0.057249606,0.079302706,0.7360734,0.6750336,-0.1868833,-0.4559162,0.44715333,0.27043387,0.59893537,-0.18431787,-0.038997293,0.13067853,-0.2653521
111,404,-0.41588816,0.7804447,0.56489384,0.12613729,-0.01710616,-0.50124335,0.3621418,0.2342901,0.18019694,0.46237928,-0.26362938,-0.705428,0.3098809,-0.33397806,-0.57655036,-0.15432304
111,405,-0.2698213,0.63132274,0.38693008,0.15130386,-0.022710614,-0.40681732,0.36285442,0.21039137,0.19335878,0.44260472,-0.1104355,-0.5916682,0.36547333,-0.34438133,-0.4806113,-0.25785708
111,416,-0.51070017,0.52069724,0.7705201,0.030191183,0.008750735,-0.2164377,0.38770175,0.20665905,-0.122393556,0.36216134,-0.3223946,-0.4962581,-0.061865717,-0.18078794,-0.44813117,0.05748613
111,422,0.6103594,-0.13870926,-0.32775426,0.5007926,-0.10188351,0.09709638,-0.15186056,0.55400884,-0.41029617,-0.34095395,0.21244192,-0.22880533,-1.0209106,0.20072451,0.2915674,0.029049277
111,423,0.30360657,0.22314066,-0.9897674,0.8452158,-0.19312689,-0.1336194,0.08614258,1.0005127,-0.22594465,-0.061875343,0.5424512,-1.0057313,-0.22736332,-0.56120837,0.012816466,-0.30723187
111,433,0.40175596,-0.50601983,0.107858665,0.22801408,-0.011668798,0.6900465,0.7202888,-0.039299212,-0.23383217,0.5578785,0.5963633,0.47535086,0.17378537,-0.27868217,0.18154046,-0.5852815
111,434,-1.104372,-0.30038178,-0.067304224,-0.36450446,0.12720355,0.18926765,-0.13672954,-0.116543405,-0.28326094,-0.5117744,-0.18843435,-0.042151697,-0.31527546,0.20981419,-0.21830374,0.53061634
111,442,-0.37273067,0.89310557,0.5159198,0.19583681,-0.024256248,-0.5820436,0.4120906,0.24953285,0.2977138,0.5730835,-0.21585803,-0.7807831,0.48873806,-0.44306952,-0.63790154,-0.25250283
111,444,0.40175596,-0.50601983,0.10785867,0.22801405,-0.011668798,0.69004655,0.72028875,-0.039299212,-0.23383217,0.5578785,0.5963633,0.4753509,0.17378543,-0.27868217,0.18154047,-0.5852815
111,461,0.68772566,0.23254174,-1.8220844,1.0108064,1.469283,-1.0368543,1.2704178,-2.2867856,1.1739463,0.71870774,-1.3440168,0.9715199,-0.69095016,-0.03333123,-0.16995728,1.8096882
111,465,0.47711524,-0.24900468,-0.5411,0.55060935,-0.0023341817,0.30147564,0.49401438,0.258463,-0.13703242,0.32000405,0.5768868,-0.03797362,0.07398628,-0.4171418,0.110923514,-0.44789112
111,467,-1.024704,-0.26908347,-0.18559217,-0.35704038,0.102333784,0.08170494,-0.2551383,-0.11121649,-0.2198491,-0.5810609,-0.17033969,-0.067441545,-0.27648962,0.23078814,-0.20729461,0.40884608
111,471,0.70440614,0.17140615,0.1355102,-0.36336234,-0.398093,0.14555632,-0.48276386,-0.029694915,0.61906147,0.1549942,0.31670025,0.0052670687,1.0439634,-0.13801737,0.41729861,0.20731115
111,496,-0.76108855,-0.19598219,-0.4042793,-0.40313208,0.007407514,-0.02578117,-0.43455544,-0.105633385,-0.04234034,-0.61404413,-0.07459055,-0.09996983,-0.032009855,0.21278138,-0.12272008,0.20745742
111,497,0.49478903,0.23217958,0.2093221,0.39637452,0.1447991,-0.68804646,-0.9180154,0.38932636,0.06760767,-0.64631706,-0.33972222,0.11020483,-0.709037,0.4929539,0.08134145,-0.24981165
111,514,-0.44481212,0.35875052,0.72645104,0.0003081262,0.029009705,-0.08973318,0.42027134,0.124929875,-0.15567529,0.3520931,-0.2537291,-0.32766458,-0.07976623,-0.14476083,-0.3620295,0.04528375
111,515,-0.027563695,-0.06734446,-0.37476128,-0.36080933,-0.15423796,-0.074937046,-0.5893855,-0.030798927,0.25126985,-0.41382325,0.1104513,-0.011764005,0.45535135,0.14905936,0.11355393,-0.024286628
111,523,0.067945085,-0.064302266,-0.51268375,-0.54220754,-0.36042666,0.23794937,-0.44065538,-0.07588465,0.4879987,-0.16584978,0.40361512,-0.18358624,1.0353082,-0.11120522,0.22767112,0.24262512
111,529,-0.45912442,0.6577034,0.6154375,0.08456567,-0.028965259,-0.38293636,0.30474362,0.2933917,-0.002984926,0.33335227,-0.28814065,-0.6682938,0.070543125,-0.23344262,-0.5019752,-0.052108146
111,548,-0.020128485,-0.5032258,0.51447254,-0.03400393,0.07945544,0.7064537,0.67037416,-0.14302003,-0.46293932,0.4411856,0.22978996,0.52251905,-0.20169003,-0.0833953,0.091456786,-0.199024
111,552,0.39318898,-0.47022483,0.06532102,0.2571471,-0.03051627,0.6536896,0.68481755,0.021997333,-0.22414728,0.5258522,0.6036794,0.39458784,0.17630814,-0.30568016,0.16859823,-0.58282375
111,556,-0.011769896,-0.09375881,-0.56097406,-0.5453104,-0.34623206,0.2539807,-0.41169378,-0.07533213,0.45780793,-0.19138974,0.4060424,-0.20730302,1.004334,-0.11514315,0.20089546,0.25880763
111,563,-0.5057637,0.7830693,0.67951965,0.08992134,-0.016423592,-0.4826157,0.3385964,0.26153013,0.0869928,0.4133458,-0.34961718,-0.7261949,0.16750126,-0.27819014,-0.58267844,-0.05219066
111,579,-1.0314025,-0.2348309,-0.23621088,-0.33681682,0.11388444,-0.033354968,-0.37778395,-0.0868179,-0.21519573,-0.6736712,-0.20747267,-0.072281726,-0.31094745,0.26525638,-0.21788839,0.3166532
111,597,-0.6817946,-0.38380027,0.16993327,-0.24716587,0.17230837,0.25322753,0.024610408,-0.08754581,-0.4686052,-0.32969934,-0.1562262,0.26261115,-0.50125957,0.30222714,-0.08367267,0.15439495
111,598,-0.86040944,-0.11422312,-0.5163159,-0.44995013,-0.061783478,0.009919107,-0.5340579,-0.08594047,0.1693547,-0.59679943,-0.017657354,-0.26221484,0.30400246,0.03138782,-0.12502764,0.47735792
111,606,0.715117,0.094774514,-1.5861101,0.9395392,1.2396173,-0.698967,1.2711797,-1.9188558,0.97262883,0.786923,-0.9300321,0.9172888,-0.4190626,-0.16287081,-0.13849466,1.3308095
111,610,0.4771152,-0.24900466,-0.5411,0.55060947,-0.0023341863,0.30147564,0.4940144,0.258463,-0.1370324,0.32000405,0.5768868,-0.03797362,0.07398628,-0.4171418,0.110923514,-0.44789112
111,614,0.28979436,-0.524254,0.2491045,0.12954114,0.028963761,0.70833933,0.7267971,-0.116505735,-0.29462236,0.54509586,0.4875834,0.540717,0.07389988,-0.20347317,0.16123454,-0.4770671
111,615,0.4041197,-0.42716238,0.01085168,0.3266583,-0.06102278,0.63968396,0.6739231,0.12521395,-0.22750078,0.52982277,0.652397,0.28795502,0.19372816,-0.3761803,0.1525058,-0.60528326
111,618,-1.0445801,-0.28609344,-0.15668511,-0.37063715,0.10416686,0.12923443,-0.20969132,-0.12316281,-0.234961,-0.55233204,-0.16726603,-0.05677145,-0.27594677,0.22669518,-0.20850402,0.45045614
111,621,-0.88261753,-0.17781164,-0.4618784,-0.44074857,-0.020806948,0.028039083,-0.42973533,-0.109664105,0.02563335,-0.6079959,-0.04842314,-0.20495248,0.07833876,0.12841181,-0.14303485,0.39383554
111,628,0.711535,0.22612643,-1.8504332,1.0373691,1.4969426,-1.0307114,1.3210318,-2.339029,1.2039849,0.77098334,-1.3415606,1.0126988,-0.65251076,-0.062057644,-0.17549664,1.809637
111,632,-0.10701925,-0.12688938,-0.52361596,-0.48203862,-0.2455964,0.12711373,-0.4659874,-0.07543105,0.32985297,-0.31125,0.27747577,-0.11748103,0.752023,-0.0006611049,0.13897777,0.121181786
111,644,-0.9081947,-0.12079339,-0.4918826,-0.43855953,-0.05511508,0.044163927,-0.47411713,-0.081958055,0.15340629,-0.57489425,-0.01973702,-0.29554814,0.2702778,0.004391983,-0.13916174,0.55050725
111,659,0.8225956,0.2106319,0.3413486,-0.3796106,-0.3817806,0.024829462,-0.4356906,-0.061744377,0.47135773,0.122385725,0.10915765,0.0982594,0.678584,0.08545053,0.43600884,0.14467877
111,663,-0.26506558,-0.14881918,-0.04223915,-0.19500652,0.16802056,-0.46869063,-0.65089035,-0.031161316,-0.32126814,-0.7626262,-0.35935956,0.35926276,-0.6115599,0.639201,-0.05907446,-0.61206174
111,666,-0.41426805,0.8310544,0.5709778,0.1501812,-0.01978238,-0.5309453,0.38364872,0.24441603,0.21391055,0.5060468,-0.26006174,-0.74007714,0.3619485,-0.37232578,-0.6053418,-0.17887592
111,670,0.65555525,0.012477815,-0.5051576,0.8215164,-0.16966839,-0.042757273,-0.4569126,1.0478456,-0.47182193,-0.54389733,0.3206752,-0.53519636,-1.1148609,0.036796734,0.28823686,-0.17578156
111,671,0.1142408,-0.037936956,-0.49437264,-0.5241729,-0.38088554,0.26718166,-0.44915518,-0.06084372,0.5541097,-0.11245829,0.44692308,-0.2090278,1.1469872,-0.18248393,0.2491894,0.294989
111,674,-1.0667,-0.24527153,-0.2152869,-0.34905815,0.11378212,0.009954855,-0.3375193,-0.096845254,-0.21897116,-0.6493796,-0.2046061,-0.07995007,-0.3027078,0.25039214,-0.22441167,0.37972355
111,684,-0.8153382,-0.19968666,-0.43606326,-0.42717916,-0.015951982,0.034337804,-0.3949122,-0.11185927,-0.010138482,-0.58692783,-0.039567158,-0.16077498,0.03465697,0.15833884,-0.12694731,0.3189748
111,695,0.055426773,-0.56533897,0.47074172,-0.058606416,0.07676846,0.719225,0.60024863,-0.14492393,-0.50334525,0.37839276,0.255976,0.5993344,-0.25412747,0.009744823,0.14726508,-0.29258722
111,714,-0.1798923,-0.5445329,0.49150142,-0.08469719,0.102599226,0.545913,0.2883569,0.01912022,-0.65895784,0.05224128,0.05273702,0.5069014,-0.54939854,0.18384787,0.11977403,-0.2473723
111,743,-0.97800756,-0.26273242,-0.1889022,-0.3387104,0.101735875,0.053787485,-0.27268657,-0.09687142,-0.22244085,-0.5868507,-0.16722359,-0.058073603,-0.2857178,0.23764503,-0.19665942,0.35246044
111,744,-0.13953087,-0.12296562,-0.54576224,-0.49531808,-0.23350509,0.080312416,-0.52485794,-0.084817335,0.3230599,-0.36456433,0.24292831,-0.09922644,0.7296541,0.03767124,0.1252593,0.08857873
111,752,-0.4633626,0.73383003,0.6159803,0.08206415,-0.014059305,-0.46569473,0.3270403,0.23687273,0.10197234,0.39255232,-0.31230235,-0.682575,0.18805934,-0.2661379,-0.5522146,-0.079412974
111,776,0.82259554,0.21063179,0.34134862,-0.3796106,-0.3817806,0.024829462,-0.4356906,-0.061744384,0.4713578,0.122385725,0.109157644,0.0982594,0.678584,0.08545053,0.43600884,0.1446788
111,781,0.24256638,-0.24064822,-0.091992155,0.41668352,-0.03963391,0.21875483,-0.16702878,0.6284624,-0.5625771,-0.31103033,0.21827169,-0.054525472,-0.8161323,0.09191716,0.19616774,-0.305732
111,793,-0.37034836,-0.16844746,-0.086584784,-0.2340108,0.1535205,-0.40168953,-0.6130024,-0.053152084,-0.30763778,-0.75631803,-0.33382165,0.30540508,-0.56874025,0.605002,-0.0786307,-0.49101326
111,795,-0.8925783,-0.22281641,-0.23217668,-0.30804268,0.11243027,-0.094879925,-0.41427812,-0.07253468,-0.2175362,-0.6795332,-0.20716123,-0.020719104,-0.3366639,0.30644804,-0.18732259,0.16624227
111,801,-0.45912445,0.6577034,0.6154375,0.08456567,-0.02896526,-0.38293642,0.30474362,0.2933917,-0.002984926,0.33335233,-0.2881406,-0.66829383,0.070543095,-0.23344265,-0.5019752,-0.05210813
111,804,-0.90196496,-0.1778506,-0.47331655,-0.45177028,-0.021963827,0.027785733,-0.43854347,-0.11607816,0.028834134,-0.6180392,-0.051939234,-0.20900497,0.08246581,0.13252443,-0.14766821,0.40440822
111,828,0.56319714,-0.10602148,-0.9996036,0.6837987,0.5840401,-0.15107223,0.85748816,-0.7927281,0.3871285,0.53522575,-0.13381253,0.44228154,-0.12683815,-0.27999336,-0.016111225,0.3768319
111,835,-0.03228166,-0.0950952,-0.5858307,-0.56041896,-0.34973094,0.2514506,-0.4241331,-0.080680326,0.46272013,-0.2066809,0.4051621,-0.21459725,1.0158719,-0.11079234,0.19625896,0.26439905
111,838,-0.16697249,-0.5333053,0.47699896,-0.08067944,0.0959847,0.5383111,0.29030532,0.021829667,-0.6410394,0.056427643,0.061899327,0.4873937,-0.5297122,0.17243579,0.11842655,-0.24187887
111,839,0.71135163,0.13884193,-1.6776745,0.96902215,1.353781,-0.8284622,1.3038933,-2.1178827,1.0740762,0.7920887,-1.105454,0.98355573,-0.5045118,-0.11661099,-0.15416059,1.528349
111,849,0.08221267,-0.3386457,0.07991051,0.25064018,0.009631787,0.3115249,-0.042374842,0.44221976,-0.59347975,-0.2166461,0.16158605,0.1263253,-0.7181242,0.12358252,0.16414434,-0.31369126
111,856,0.39587885,-0.45015913,0.042181835,0.28804067,-0.04181157,0.6463337,0.684654,0.060857512,-0.21904147,0.53156495,0.62285805,0.3499922,0.19017158,-0.33968163,0.15966201,-0.58869946
111,863,-0.10754862,-0.14148293,-0.4513105,-0.44294938,-0.19115305,0.053957775,-0.47220483,-0.07578906,0.23316786,-0.35845077,0.1948959,-0.039463677,0.56126845,0.09036799,0.11820268,0.010738358
111,864,-0.11162369,-0.12907204,-0.519214,-0.47861388,-0.23863222,0.116932176,-0.4699293,-0.07645149,0.31943265,-0.3201717,0.26676196,-0.108945645,0.73080015,0.010681242,0.13509238,0.108996004
111,874,-0.017722102,-0.08877221,-0.5811604,-0.5605333,-0.35657036,0.25765032,-0.42521408,-0.07911086,0.47640267,-0.1948364,0.41387278,-0.21856129,1.0384784,-0.12180804,0.20285664,0.27357256
111,875,1.174359,0.36732686,0.9462023,-0.34806025,-0.30425957,-0.35855806,-0.4227313,-0.124698766,0.13882235,0.027325898,-0.4619949,0.3696285,-0.23976946,0.63521945,0.48209035,-0.028639063
111,878,-0.46296814,0.67634267,0.6224303,0.07201034,-0.016749134,-0.41255933,0.31557488,0.24840578,0.043812722,0.3565271,-0.30550814,-0.65201455,0.1165293,-0.23700477,-0.51800144,-0.055072226
111,880,0.3036066,0.2231406,-0.98976743,0.8452159,-0.19312692,-0.13361943,0.08614256,1.0005126,-0.22594465,-0.061875343,0.5424512,-1.0057313,-0.2273633,-0.56120837,0.012816474,-0.30723187
111,883,0.12178313,-0.58595157,0.4650372,-0.06433734,0.07663483,0.7670347,0.67964625,-0.20462742,-0.46400374,0.45651633,0.30490792,0.65411735,-0.1819156,-0.01873669,0.16109318,-0.3236362
111,888,0.15335587,-0.01876697,-0.45664537,-0.51070416,-0.3802541,0.24903701,-0.47349778,-0.05835691,0.5698973,-0.10097446,0.43703294,-0.19206837,1.1567271,-0.18304275,0.25990018,0.2853726
111,897,-0.8945463,-0.14313444,-0.461991,-0.42281494,-0.03427919,0.038235426,-0.44357213,-0.08508646,0.09482744,-0.5794073,-0.03370695,-0.25943044,0.17748089,0.045724213,-0.14207715,0.4894728
111,909,-0.0015438795,-0.49697405,0.5045496,-0.0021643415,0.07286203,0.7080686,0.6807451,-0.122183464,-0.4559083,0.46144438,0.255288,0.50967807,-0.17832565,-0.114233896,0.090868786,-0.22398877
111,924,0.1778732,-0.5187532,0.3647839,0.07254596,0.051602453,0.72093534,0.72974586,-0.13765764,-0.35468167,0.5342306,0.39885694,0.5481032,-0.013985708,-0.1711346,0.13264939,-0.37773237
111,925,0.28979436,-0.524254,0.2491045,0.12954113,0.02896376,0.70833933,0.72679704,-0.116505735,-0.29462236,0.5450958,0.48758346,0.54071695,0.07389985,-0.20347317,0.16123454,-0.47706705
111,931,-0.04129378,-0.09752032,-0.587226,-0.55906093,-0.34572905,0.24825048,-0.42410883,-0.08076164,0.4568397,-0.2122817,0.40042886,-0.21387646,1.005639,-0.10738067,0.1923884,0.2625036
111,932,0.2647588,0.19371039,-0.8783487,0.7758063,-0.27869356,-0.047851592,0.03858673,1.1356479,-0.30640894,-0.09370166,0.6389655,-1.0542374,-0.18091914,-0.56088215,0.0153797865,-0.4306973
111,948,-0.087443806,-0.11267316,-0.52714086,-0.49881423,-0.26057807,0.12357041,-0.48789445,-0.07988743,0.35392454,-0.30874175,0.2811398,-0.1199645,0.78944135,-0.0008953661,0.14955872,0.12766767
111,956,-1.0244479,-0.2789555,-0.17218636,-0.36358964,0.10229895,0.10438567,-0.23288158,-0.117399596,-0.2285964,-0.5657538,-0.16668274,-0.05743713,-0.2764575,0.23208287,-0.20509365,0.4184698
111,975,-0.41656917,0.7980855,0.5701771,0.13437651,-0.017399937,-0.5108701,0.37136617,0.2362749,0.19186327,0.47959423,-0.26372808,-0.71614105,0.32765442,-0.3477484,-0.587059,-0.16129114
111,976,0.55847406,0.1631836,0.18154638,-0.18670271,-0.18431967,-0.16627628,-0.65179783,-0.0015950855,0.45889267,-0.10231417,0.04795488,0.14040634,0.5832628,0.05555033,0.2893809,0.0074219555
111,1004,-0.37152788,0.8591096,0.504582,0.17212304,-0.018825173,-0.5714201,0.39525288,0.22697312,0.28987893,0.5424559,-0.22143395,-0.74929816,0.4671262,-0.4128325,-0.6195806,-0.2385645
111,1006,-0.41588816,0.7804447,0.56489384,0.12613727,-0.017106162,-0.50124335,0.3621418,0.23429006,0.18019694,0.46237934,-0.26362938,-0.70542794,0.3098809,-0.33397806,-0.57655025,-0.15432304
111,1007,1.1242658,0.41777927,0.9782339,0.028936028,-0.062308427,-0.6310031,-0.7647658,0.008098177,0.2771527,-0.09340482,-0.48727655,0.48791337,-0.20415418,0.48857176,0.37983364,-0.20864499
111,1012,-0.50770617,0.58931947,0.71031916,0.05251588,-0.016778184,-0.30002147,0.32026052,0.27804503,-0.09710558,0.31430113,-0.32673806,-0.6057385,-0.0519294,-0.18791984,-0.47260335,0.032404184
111,1018,-0.37152788,0.8591098,0.504582,0.17212301,-0.018825173,-0.57142013,0.39525285,0.22697309,0.28987888,0.5424559,-0.22143392,-0.74929816,0.4671262,-0.41283256,-0.6195806,-0.2385645
111,1020,-0.16188088,-0.52558637,0.42257872,-0.061699755,0.09074395,0.49440563,0.21895799,0.0694543,-0.65427244,-0.013873637,0.060761973,0.4695778,-0.56392676,0.19876638,0.12303646,-0.29841158
111,1037,0.76675767,0.28059095,-2.0869324,1.253569,1.0557023,-0.9062956,0.9434195,-1.3119289,0.8688538,0.4626456,-0.7763817,0.27889323,-0.66021854,-0.30008882,-0.07024546,1.31839
111,1044,-0.3797908,0.80099076,0.5131801,0.14197733,-0.016262954,-0.5314299,0.3726051,0.21768624,0.24117887,0.4917118,-0.23255898,-0.70864487,0.394589,-0.36457896,-0.5867492,-0.20487194
111,1064,-0.07966755,-0.33248657,-0.0020811893,0.024895445,0.065246046,0.2530976,0.029610261,0.099777915,-0.4544001,-0.26631773,0.0093943775,0.15527032,-0.7099408,0.29158384,0.10072087,0.07712987
111,1066,0.15335587,-0.018767,-0.4566454,-0.51070416,-0.38025406,0.24903701,-0.47349778,-0.05835691,0.5698973,-0.10097446,0.43703294,-0.19206837,1.1567272,-0.18304272,0.25990018,0.28537264
111,1070,0.35985804,0.07169446,-0.10115873,-0.3165226,-0.26174745,0.03109105,-0.5579565,-0.021662738,0.5000926,-0.09426271,0.22864313,-0.010295771,0.8375243,-0.069995195,0.26924428,0.13104731
111,1103,0.41110116,-0.46431816,0.05870955,0.2923251,-0.03920002,0.67231107,0.7113696,0.04765687,-0.22457066,0.56039417,0.63566655,0.38009602,0.19870998,-0.34615403,0.16654152,-0.60583806
111,1113,-0.019063406,-0.5074302,0.5157972,-0.040768076,0.0813983,0.7104542,0.6733386,-0.1513212,-0.46337777,0.44195837,0.22797179,0.53098196,-0.20277265,-0.07696128,0.09329839,-0.19706357
111,1122,-0.91704667,-0.28529757,0.12548812,-0.20401935,0.19475941,0.04752016,-0.20353022,0.034488447,-0.48655775,-0.54374915,-0.26755536,0.11409278,-0.5656302,0.2983846,-0.17266002,0.17498827
111,1123,0.5659515,-0.038553804,-0.41856882,0.7428676,-0.14227219,0.010808051,-0.39979705,0.9668191,-0.49665147,-0.49993324,0.29604846,-0.44013193,-1.0661486,0.049096614,0.26912564,-0.19432446
111,1124,0.18551442,0.0016995668,-0.41676113,-0.49213704,-0.37319937,0.22176337,-0.50584954,-0.055065848,0.5838324,-0.09726241,0.41829592,-0.17224848,1.1583009,-0.1810355,0.26672378,0.27152306
111,1129,-0.16188091,-0.52558637,0.4225787,-0.06169976,0.09074396,0.4944057,0.21895802,0.0694543,-0.6542725,-0.013873644,0.060761966,0.46957773,-0.5639267,0.19876638,0.12303646,-0.29841155
111,1137,-0.692708,-0.08879933,-0.4372309,-0.35718215,-0.039883673,-0.056944683,-0.56102955,-0.03564875,0.15126467,-0.58807486,-0.038292512,-0.20514572,0.20783775,0.07669754,-0.097274974,0.36253858
111,1149,0.81921744,0.23517478,0.31059098,-0.26286805,-0.35182837,0.045959294,-0.5856002,-0.0073174294,0.643695,0.17807288,0.24894103,0.09366424,1.0122925,-0.13774143,0.43435144,0.13746685
111,1151,-0.88563645,-0.16899738,-0.4618204,-0.43832347,-0.031330705,0.049312413,-0.41416654,-0.10327231,0.052790374,-0.5841935,-0.03445466,-0.23271087,0.121250406,0.09036067,-0.14017439,0.44637394
111,1161,0.7833291,0.21007371,0.24270058,-0.3606142,-0.39474848,0.08046244,-0.4941484,-0.038803235,0.5845696,0.14753251,0.22628155,0.047669705,0.9204596,-0.05391489,0.4350674,0.18820494
111,1178,0.44744375,0.1786865,-1.3246303,0.97221756,-0.12872618,-0.20889023,0.06335593,0.9296521,-0.15676612,-0.12688637,0.54205585,-0.97954303,-0.3088761,-0.56000096,0.08580789,-0.22403067
111,1191,0.40582135,-0.34982017,-0.13619806,0.39649898,-0.11509578,0.54939747,0.54883015,0.3295286,-0.26349148,0.41158348,0.69578135,0.067315236,0.14790206,-0.4066332,0.13595729,-0.6229892
111,1212,-0.19372404,-0.353933,0.04214011,-0.042015865,0.09071565,0.26513913,0.045620628,0.040570274,-0.45973307,-0.26539677,-0.025148585,0.2019606,-0.6633364,0.30199206,0.06667261,0.08364096
111,1232,-0.002766476,-0.5494599,0.48286545,-0.038487278,0.07307605,0.6846187,0.52420956,-0.068825245,-0.5568681,0.306535,0.21744755,0.547928,-0.33476967,0.025604583,0.13804519,-0.28253245
111,1237,0.40651834,-0.48179936,0.073899746,0.25872207,-0.028247135,0.66969633,0.7002815,0.010977641,-0.22721751,0.5425321,0.612676,0.4182747,0.18156554,-0.30568713,0.1756395,-0.5958388
111,1241,0.39096642,-0.4631827,0.057784755,0.2631211,-0.033902083,0.64787126,0.679846,0.033718735,-0.22263321,0.5217627,0.6055277,0.37882733,0.17718787,-0.31227708,0.16533299,-0.5815972
111,1250,-0.45197722,0.40651298,0.71334326,0.014489554,0.017147487,-0.1359325,0.39486003,0.16143507,-0.1410947,0.34083086,-0.26379788,-0.38940448,-0.07161667,-0.15519156,-0.38330674,0.036590174
111,1253,-0.47344133,-0.4141814,0.15231493,-0.21835545,0.15635943,0.3071165,0.10339062,-0.124446295,-0.46146917,-0.2458395,-0.10493536,0.32831368,-0.5253352,0.32311654,-0.017246038,0.10330358
111,1266,-0.56696075,-0.18699752,-0.2735499,-0.3417946,0.06331652,-0.18737605,-0.5138258,-0.088514306,-0.15631646,-0.66943026,-0.17944138,0.08443758,-0.24946453,0.3873968,-0.09260093,-0.11997862
111,1267,0.42488444,-0.4535153,0.033182077,0.3227755,-0.050010968,0.6720135,0.7148746,0.079387024,-0.21972421,0.5699735,0.66113085,0.34999296,0.21541668,-0.37669533,0.16441149,-0.6210252
111,1277,0.5974858,0.20104384,-1.70372,1.1491475,0.034770615,-0.39462835,0.10925596,0.69098806,0.005791694,-0.13416637,0.39108706,-0.9029129,-0.44095093,-0.5472102,0.12640132,0.019437596
111,1282,-0.36937436,0.85338074,0.5098906,0.18153676,-0.024390066,-0.55420196,0.39756256,0.24778968,0.26850405,0.5415657,-0.21233813,-0.7553866,0.44873422,-0.41701937,-0.6141163,-0.24005505
111,1287,-0.16494867,-0.49143845,0.47470558,-0.029269442,0.07703182,0.55435634,0.33731347,0.059922814,-0.62102216,0.11271401,0.094916284,0.410933,-0.48443335,0.08441806,0.09729755,-0.20291127
111,1302,-1.0141948,-0.30385447,-0.0019922238,-0.31495297,0.15040947,0.14544566,-0.15188813,-0.07316013,-0.35760766,-0.5158417,-0.20910673,0.03209226,-0.40001893,0.2518139,-0.19408464,0.38210016
111,1307,0.6359926,-0.026550919,-1.2524232,0.78927886,0.8835479,-0.37584674,1.0654843,-1.316805,0.6551287,0.67075765,-0.48056734,0.6811587,-0.23172666,-0.23401265,-0.07768881,0.79105115
111,1316,0.14636964,-0.5169836,0.3871538,0.050489634,0.05920975,0.7143733,0.7207708,-0.14880118,-0.36436754,0.51923436,0.36939645,0.5491437,-0.038164333,-0.15366052,0.12537146,-0.34574953
111,1319,-0.4878878,0.69940764,0.6597246,0.09261581,-0.02974364,-0.4005521,0.3171338,0.30767196,-0.0045042485,0.35625976,-0.31376702,-0.7010449,0.06821959,-0.24800332,-0.527972,-0.0371584
111,1336,-0.9047822,-0.27932066,0.10364591,-0.20647743,0.18562192,0.044395313,-0.20283058,0.0312837,-0.46321452,-0.5410938,-0.2559827,0.09521683,-0.5413764,0.2883566,-0.17154819,0.1833351
111,1346,0.117405474,-0.5758769,0.45364037,-0.06102089,0.074627474,0.7522532,0.6703883,-0.1975148,-0.45510614,0.447353,0.30278504,0.636172,-0.17672457,-0.021437839,0.1563061,-0.31740648
111,1349,-0.3342753,0.7630437,0.45766646,0.16362584,-0.024225397,-0.4987656,0.37375724,0.2352511,0.23367676,0.48859268,-0.17682289,-0.6934808,0.40543616,-0.37907577,-0.5594033,-0.24061458
111,1357,0.007011272,-0.09195039,-0.52671057,-0.52098525,-0.33240512,0.23943785,-0.41166535,-0.06917936,0.44411525,-0.18661468,0.3927297,-0.18762478,0.9720757,-0.1087562,0.20146918,0.23600942
111,1386,-0.47657618,-0.1804291,-0.12035347,-0.24790831,0.14511706,-0.33840078,-0.57120734,-0.05769129,-0.2882581,-0.7422983,-0.30599105,0.2383138,-0.523599,0.54577,-0.10188156,-0.3567234
111,1418,0.1778732,-0.5187532,0.3647839,0.07254593,0.051602453,0.72093534,0.72974586,-0.13765764,-0.35468167,0.53423065,0.3988569,0.5481032,-0.013985708,-0.17113464,0.13264939,-0.37773237
111,1420,-0.021219112,-0.07045725,-0.35513887,-0.34473568,-0.14506476,-0.07676914,-0.5750018,-0.025465228,0.23575372,-0.40875423,0.10434855,-0.004560478,0.42417634,0.15255858,0.111689776,-0.032975137
111,1435,0.81921744,0.23517478,0.31059098,-0.26286805,-0.35182837,0.04595928,-0.5856002,-0.0073174294,0.6436951,0.17807288,0.24894102,0.09366424,1.0122925,-0.1377414,0.43435144,0.13746682
111,1437,0.7060062,0.24249524,-1.8922218,1.0707698,1.3963882,-1.0196469,1.2160676,-2.1165266,1.1298683,0.67278165,-1.243493,0.8410242,-0.68750936,-0.09122537,-0.14719163,1.7314411
111,1444,-0.29771897,-0.15064475,-0.068107314,-0.21422574,0.15610361,-0.44332272,-0.64189816,-0.03907209,-0.30235022,-0.75700694,-0.34382498,0.33044,-0.57342505,0.616775,-0.062543765,-0.56060576
111,1454,0.08103702,-0.054582953,-0.5225642,-0.55270064,-0.37375227,0.24335313,-0.45508662,-0.07756156,0.5142386,-0.15864839,0.4166391,-0.19177687,1.0804539,-0.123582944,0.23603694,0.25589207
111,1465,-0.418043,0.76354784,0.56479996,0.116149366,-0.016432192,-0.4912092,0.3531014,0.23151064,0.16685212,0.44499993,-0.26674044,-0.69405335,0.28908998,-0.318686,-0.5668024,-0.14498697
111,1478,-0.41398853,0.72210664,0.5548694,0.10081673,-0.016031355,-0.46477252,0.33702782,0.22771758,0.13939783,0.4114641,-0.26312715,-0.6676014,0.25020522,-0.2912609,-0.5421922,-0.13171431
111,1481,-0.16287687,-0.51702696,0.46912035,-0.055284727,0.08717239,0.5358556,0.28915498,0.050632536,-0.6400826,0.061435252,0.074229985,0.45424542,-0.5236751,0.14592682,0.11396748,-0.24042559
111,1487,1.1554306,0.37083745,0.98981595,-0.22734104,-0.21746477,-0.44958037,-0.48438576,-0.08843179,0.11882767,-0.01815404,-0.5123381,0.4153725,-0.33757877,0.6327445,0.44382367,-0.091599844
111,1496,0.80788165,0.06761894,-0.58758867,0.8979033,-0.18522066,-0.0972431,-0.46615013,1.055227,-0.43293628,-0.56242,0.30376026,-0.6138984,-1.2486887,0.072304666,0.32585847,-0.032838568
111,1509,0.64905405,-0.014103293,-1.2914903,0.807317,0.9292084,-0.40879357,1.0997326,-1.3955874,0.6954013,0.6936153,-0.531906,0.71756613,-0.247884,-0.22832952,-0.087270185,0.85347414
111,1510,0.47711524,-0.24900466,-0.5411,0.55060935,-0.0023341817,0.30147564,0.49401438,0.258463,-0.13703242,0.32000405,0.5768868,-0.037973605,0.07398628,-0.41714185,0.110923514,-0.44789112
111,1511,-0.021219116,-0.07045725,-0.3551388,-0.34473568,-0.14506477,-0.07676917,-0.5750019,-0.025465231,0.23575369,-0.40875423,0.10434854,-0.004560478,0.42417634,0.15255858,0.111689776,-0.032975137
111,1518,-0.8935897,-0.29561052,0.055680525,-0.2465155,0.16684878,0.08403825,-0.17503068,-0.013184417,-0.419133,-0.518295,-0.22145252,0.0888863,-0.47852594,0.28052467,-0.16494611,0.21721584
111,1519,-0.9751282,-0.23473594,-0.2520864,-0.33132374,0.10509092,-0.043503866,-0.381955,-0.08541601,-0.20579776,-0.6671654,-0.19075848,-0.06349959,-0.299744,0.26946968,-0.2030867,0.26865852
111,1535,-0.4878878,0.6994075,0.65972465,0.09261581,-0.029743642,-0.4005521,0.31713378,0.30767196,-0.0045042485,0.35625976,-0.31376702,-0.701045,0.06821956,-0.24800332,-0.527972,-0.037158415
111,1537,0.1968874,-0.5196409,0.34838143,0.08188455,0.047865346,0.7207555,0.7319101,-0.1351375,-0.3450167,0.53899735,0.41418576,0.5485915,0.0017558187,-0.17694081,0.13737172,-0.39517686
111,1540,-0.067866154,-0.10621752,-0.54984903,-0.524295,-0.29656222,0.17730822,-0.45810965,-0.08054857,0.39611104,-0.26661402,0.3307145,-0.15975532,0.87776494,-0.04550086,0.16759872,0.18635246
111,1558,1.1305757,0.352418,0.9666769,-0.24206553,-0.22250141,-0.42486382,-0.45158395,-0.09267725,0.0992558,-0.018216439,-0.5012853,0.40249792,-0.34816083,0.63379896,0.4387857,-0.083647385
111,1563,0.78332907,0.21007371,0.24270058,-0.3606142,-0.39474848,0.08046245,-0.49414834,-0.038803227,0.5845696,0.14753251,0.22628157,0.047669694,0.9204595,-0.05391489,0.43506742,0.18820497
111,1570,0.7166282,0.1982159,-1.8076192,1.0250576,1.4831257,-0.98402995,1.3401058,-2.3292758,1.1901125,0.8006251,-1.2978054,1.0408599,-0.60278976,-0.07866332,-0.17230552,1.7491837
111,1573,-0.020128485,-0.5032258,0.51447254,-0.034003943,0.07945544,0.7064536,0.67037416,-0.14302003,-0.46293932,0.4411856,0.22978994,0.52251905,-0.20169003,-0.08339527,0.091456786,-0.199024
111,1575,0.39585245,-0.40535063,-0.018346503,0.3373918,-0.07072294,0.61379933,0.64548296,0.16532531,-0.23078014,0.502398,0.6545974,0.23610756,0.1857336,-0.38148254,0.14422852,-0.60044813
111,1577,-0.6044424,-0.40564606,0.17282435,-0.25274846,0.1702271,0.28958744,0.07497972,-0.12370088,-0.46015728,-0.2794292,-0.13364945,0.30806926,-0.48925322,0.31018946,-0.059503034,0.13113207
111,1580,0.016530167,-0.49529755,0.487403,0.010299027,0.0694388,0.7055993,0.68472946,-0.11903464,-0.44299755,0.4693374,0.2717827,0.5069388,-0.1570613,-0.12459436,0.093527496,-0.24107894
111,1595,1.0256405,0.39046693,0.86387014,0.11007944,-0.012599636,-0.6230869,-0.84998834,0.048370235,0.3608937,-0.11324401,-0.3891015,0.4709808,-0.030793235,0.35231936,0.34054837,-0.23530194
111,1602,0.5103609,-0.17870149,-0.7614316,0.6072633,0.2761669,0.07702497,0.65539575,-0.24104565,0.11379686,0.41052455,0.2326992,0.18429802,-0.02317226,-0.3457625,0.04928643,-0.051050127
111,1623,-0.28537485,0.66775113,0.4011597,0.15683606,-0.024408692,-0.43252885,0.36410505,0.22135803,0.20398253,0.45360368,-0.12530445,-0.6229998,0.37721574,-0.35531414,-0.50171316,-0.25549632
111,1630,-0.4901065,0.74155635,0.64277524,0.100453764,-0.034696855,-0.44139493,0.30725053,0.3227261,0.021814853,0.35863185,-0.31731027,-0.742703,0.10012598,-0.2607553,-0.5493789,-0.052654445
111,1634,0.98141336,0.36405593,0.82337445,0.09975378,-0.011144118,-0.5942647,-0.83018345,0.04520747,0.35056815,-0.11513717,-0.36435306,0.46210372,-0.011312664,0.3344707,0.33020437,-0.2431487
111,1638,-0.42625868,0.864224,0.57965976,0.15072674,-0.018844021,-0.55990595,0.3844015,0.243505,0.23387188,0.51672816,-0.27508843,-0.76241577,0.38255465,-0.38016492,-0.62524545,-0.17933728
111,1650,-0.43779302,-0.17815313,-0.10931271,-0.24237357,0.14685301,-0.35474002,-0.5792095,-0.055928543,-0.29451942,-0.7426198,-0.31119758,0.2598676,-0.5366192,0.5629256,-0.09292404,-0.40019798
111,1660,0.7057173,0.25872892,-1.9671587,1.2362329,0.5718865,-0.68357635,0.54173046,-0.33338332,0.45828405,0.16812925,-0.21583174,-0.31949377,-0.5754518,-0.4278674,0.024086677,0.7108142
111,1662,-0.124305196,-0.120130524,-0.51690805,-0.4879454,-0.21939236,0.045685664,-0.5433444,-0.087874696,0.29829207,-0.38278633,0.21041214,-0.06567062,0.67394114,0.07625748,0.12375284,0.042895228
111,1679,0.44744375,0.1786865,-1.3246303,0.97221756,-0.12872621,-0.20889023,0.06335593,0.9296521,-0.15676613,-0.12688637,0.54205585,-0.97954303,-0.3088761,-0.56000096,0.08580788,-0.22403067
111,1696,0.114975385,0.012212127,-0.2096527,-0.17087859,-0.07450134,-0.24788111,-0.6838132,0.069263905,0.19897974,-0.47862965,-0.020656288,0.036307327,0.14641525,0.2531406,0.10699617,-0.09679954
111,1707,-1.1038944,-0.30081207,-0.059338514,-0.36138022,0.1297354,0.18968408,-0.13390538,-0.11369199,-0.28921515,-0.51023614,-0.19098006,-0.038505413,-0.32161474,0.2105423,-0.2179215,0.5283554
111,1713,-0.17454147,-0.49244452,0.47496438,-0.027935833,0.07817014,0.5437078,0.3136055,0.07400824,-0.6341629,0.090342626,0.085025534,0.40833694,-0.5048955,0.09860571,0.09833204,-0.20922987
111,1716,0.450374,-0.29090726,-0.3491255,0.48609355,-0.18149094,0.46086434,0.40329745,0.5595448,-0.302497,0.26541054,0.77319944,-0.16041064,0.102455065,-0.4342454,0.14782369,-0.6702605
111,1730,0.011764668,-0.5237092,0.49170175,-0.054642793,0.082325555,0.71334314,0.6701127,-0.17389706,-0.4513202,0.43697387,0.24063405,0.5575247,-0.19108832,-0.05543925,0.10728233,-0.2174641
111,1733,-0.39955178,0.784954,0.54894024,0.13855118,-0.018848307,-0.50280964,0.37134212,0.23576829,0.19503164,0.47821003,-0.24597056,-0.70706165,0.33676773,-0.35050052,-0.57792914,-0.17553046
111,1743,0.40649596,-0.40985578,-0.018384065,0.34589458,-0.07226105,0.6244328,0.65602636,0.16705689,-0.23212767,0.5147849,0.66560113,0.24266043,0.19189541,-0.38996112,0.14765376,-0.61152613
111,1760,-0.08188864,-0.10919811,-0.5439602,-0.5151168,-0.28269485,0.15909356,-0.46802983,-0.080271676,0.38086513,-0.28300667,0.3124881,-0.14848769,0.84618115,-0.03169793,0.1588901,0.17014357
111,1787,-0.09232739,-0.4581241,0.2953803,0.03676951,0.06426672,0.41975695,0.12238386,0.1929501,-0.62316924,-0.09310356,0.091098666,0.34548062,-0.60342723,0.1734298,0.13069011,-0.30183858
111,1789,0.4937241,-0.21226105,-0.66106737,0.5796349,0.13606116,0.18136692,0.56570965,0.0114023425,-0.009623215,0.35597664,0.40306753,0.06666973,0.02397725,-0.37912428,0.08164989,-0.24754708
111,1794,-0.06669558,0.03838697,-0.13983423,0.019622207,0.043946095,-0.34144652,-0.7056296,0.18011719,0.0820677,-0.60326934,-0.1525716,-0.033645995,-0.25910974,0.2919262,0.0075181723,0.0011068434
111,1804,0.7097017,0.2066378,-1.8120726,1.0161619,1.4973284,-1.0027347,1.3377144,-2.3545706,1.1993923,0.7911084,-1.3291562,1.0470816,-0.62402385,-0.06058027,-0.17787653,1.7835968
111,1815,-0.12071056,-0.12521642,-0.5010545,-0.47697285,-0.21252409,0.04778023,-0.52612984,-0.08488774,0.28272614,-0.37687546,0.206646,-0.059651382,0.6469061,0.0793159,0.122287095,0.03575553
111,1820,-0.49142084,0.65435606,0.65100956,0.07627043,-0.032449547,-0.37014246,0.29100117,0.31860623,-0.049837008,0.3073392,-0.31358778,-0.6842735,0.0060623586,-0.21337338,-0.5002737,-0.012472957
111,1830,0.40619653,-0.43430918,0.015521104,0.32039532,-0.056720037,0.6435031,0.67965704,0.108802505,-0.22356631,0.5336955,0.6489355,0.30503193,0.1967278,-0.37047684,0.15558839,-0.60445046
111,1836,0.92558193,0.34470493,0.7200236,0.048888505,-0.044810936,-0.5358251,-0.82387275,0.03628874,0.38715902,-0.115668714,-0.30043942,0.40966403,0.105982915,0.28975353,0.3283298,-0.19682975
111,1841,0.3091433,0.054645598,-0.2010719,-0.37054405,-0.2974595,0.08676866,-0.55139345,-0.031660993,0.535511,-0.0957233,0.28830135,-0.061722122,0.9490919,-0.108166456,0.26951143,0.17751378
111,1846,0.31468463,-0.5198415,0.21152227,0.14343047,0.020114943,0.6942537,0.71134496,-0.10094359,-0.27988243,0.5329389,0.5063979,0.5245208,0.09024818,-0.20727827,0.16749562,-0.49958646
111,1847,-0.23772773,-0.14581862,-0.027591936,-0.18297309,0.16953386,-0.47551876,-0.6469626,-0.02360982,-0.32500628,-0.75496405,-0.35969937,0.36691874,-0.61976516,0.6399779,-0.052818686,-0.6316608
111,1850,-0.3622734,0.83494097,0.49746922,0.17085597,-0.01943648,-0.5510237,0.3941896,0.22663522,0.2762986,0.5339532,-0.21071167,-0.73246425,0.452969,-0.40619075,-0.60495985,-0.23908624
111,1856,-0.45912448,0.6577034,0.61543757,0.08456567,-0.02896526,-0.38293648,0.30474362,0.2933917,-0.0029849112,0.33335233,-0.28814065,-0.6682938,0.070543095,-0.23344265,-0.5019752,-0.05210813
111,1857,-0.1323694,0.23390204,0.12797393,0.26558614,-0.11173085,0.009361342,0.2949515,0.5390902,-0.2524431,0.20984872,0.18300903,-0.55740225,-0.05341792,-0.30558473,-0.1992862,-0.24157223
111,1890,-0.40073323,-0.177266,-0.09949032,-0.24019182,0.14680763,-0.36601627,-0.5826912,-0.05663923,-0.29953066,-0.74035376,-0.3142295,0.27929953,-0.5466136,0.5791688,-0.083859906,-0.43768603
111,1891,-0.94518185,-0.14692876,-0.4917038,-0.45304173,-0.03503692,0.03373547,-0.46415117,-0.10295475,0.09020403,-0.61202884,-0.04603605,-0.26549992,0.16823329,0.068784386,-0.15474483,0.50266767
111,1894,0.7585656,0.07383978,-0.5971011,0.9194937,-0.20091169,-0.10560748,-0.52562904,1.147842,-0.4539889,-0.59873,0.34115314,-0.6487809,-1.1974343,0.02732651,0.311817,-0.13926265
111,1899,1.1699207,0.3744207,1.0023949,-0.2455281,-0.2304266,-0.44290853,-0.46852586,-0.09588996,0.109653324,-0.011488244,-0.5214029,0.4133378,-0.3516531,0.6488124,0.4522027,-0.08183168
111,1902,0.07162981,-0.5766276,0.47980332,-0.06588923,0.08107114,0.7438745,0.63751614,-0.17576244,-0.49259508,0.4131773,0.2681861,0.6294087,-0.23044762,0.0023739412,0.15082806,-0.29612535
111,1918,1.033897,0.38273978,0.90271246,0.13848113,0.009989015,-0.6391837,-0.8206602,0.054884188,0.3186979,-0.11505535,-0.41595352,0.49056092,-0.12168155,0.37831533,0.33294997,-0.2568097
111,1932,-0.019324113,-0.4135247,0.21634358,0.13441122,0.043531317,0.38617915,0.054935314,0.30582032,-0.6257962,-0.14051068,0.121626124,0.26404577,-0.66474855,0.15156212,0.14756559,-0.3155615
111,1934,0.061382912,-0.5496359,0.4788752,-0.057249606,0.079302706,0.73607343,0.6750337,-0.1868833,-0.4559162,0.44715333,0.2704339,0.59893537,-0.18431787,-0.038997293,0.13067853,-0.2653521
111,1937,0.7519122,0.27030104,-2.0334835,1.1935263,1.249223,-0.98348206,1.0941113,-1.7520742,1.0293463,0.57362986,-1.0362707,0.56940615,-0.6918632,-0.20476292,-0.10869007,1.570261
111,1940,-0.051780798,-0.109562516,-0.54473144,-0.52429795,-0.3027592,0.19420488,-0.43569747,-0.0790007,0.39459798,-0.24912313,0.3437761,-0.16279843,0.8818122,-0.052347556,0.1740211,0.18921682
111,1941,-0.045496844,-0.09414904,-0.5843244,-0.56159425,-0.34049982,0.22853512,-0.4434038,-0.084184214,0.45167455,-0.22861251,0.38321257,-0.20324844,0.9894655,-0.08989836,0.18923762,0.24837384
111,1953,0.07617842,-0.5563567,0.471859,-0.059868407,0.07785062,0.7388514,0.67033476,-0.18925163,-0.45668608,0.4440263,0.2780573,0.6088094,-0.18461314,-0.030924499,0.1380597,-0.27978098
111,1959,-0.9229914,-0.11525065,-0.51736903,-0.45771205,-0.061982706,0.037041247,-0.5017424,-0.08949519,0.16890553,-0.59187764,-0.020653605,-0.30079103,0.29522192,0.009100929,-0.1410585,0.5559376
111,1975,-1.0826036,-0.2911524,-0.11249172,-0.3658533,0.10934884,0.174967,-0.15545088,-0.11881312,-0.24420762,-0.5171285,-0.16775678,-0.07218582,-0.27644002,0.1954124,-0.21577609,0.5297029
111,1978,0.025691884,-0.072438315,-0.5409726,-0.54725057,-0.3552847,0.23869993,-0.4434087,-0.07609798,0.48374817,-0.18413019,0.4021981,-0.19768482,1.0352536,-0.11510882,0.21459791,0.25513047
111,1989,-0.1323694,0.23390198,0.12797394,0.26558614,-0.11173085,0.009361342,0.2949515,0.5390901,-0.2524431,0.20984872,0.18300903,-0.5574023,-0.05341789,-0.3055848,-0.1992862,-0.24157223
111,2007,-0.97698903,-0.2963591,0.14864205,-0.22366533,0.2046223,0.08391845,-0.17795157,0.017997809,-0.5004103,-0.53463596,-0.27956498,0.1205229,-0.5743655,0.29781234,-0.18452281,0.23417374
111,2016,0.8397514,0.2630794,0.2680251,-0.3004558,-0.39201984,0.06258565,-0.63200146,-0.01338467,0.7233896,0.1915123,0.28666824,0.060697082,1.1518245,-0.1764452,0.4545238,0.18708366
111,2028,0.3725789,0.15835011,0.10883898,0.3120276,0.11483386,-0.5753232,-0.8325411,0.34646487,0.045470446,-0.6246295,-0.26762325,0.07599632,-0.61758405,0.44348603,0.07330777,-0.21282241
111,2033,-0.47430107,0.70859903,0.6435766,0.087138295,-0.021044143,-0.42367226,0.32636055,0.26909068,0.04377097,0.37696725,-0.31182963,-0.6826517,0.12266381,-0.25616705,-0.53600025,-0.056614965
111,2037,0.42488444,-0.4535153,0.03318207,0.3227755,-0.050010964,0.6720135,0.7148746,0.07938702,-0.21972421,0.5699736,0.6611309,0.34999296,0.21541668,-0.37669528,0.16441149,-0.6210252
111,2038,-0.99950397,-0.2348766,-0.23922044,-0.33098507,0.10941015,-0.0349831,-0.3734085,-0.0842366,-0.21072285,-0.66472787,-0.19716589,-0.068962194,-0.3050286,0.26337788,-0.20932245,0.2956461
111,2048,-0.2944576,-0.15156129,-0.05543522,-0.20676386,0.16737224,-0.46261948,-0.6554856,-0.038542848,-0.3183998,-0.77117825,-0.36051434,0.3518827,-0.60508823,0.63905287,-0.06603262,-0.5916836
111,2055,-0.9463949,-0.27769092,0.07539353,-0.23129888,0.18161249,0.050333634,-0.20854637,0.011044755,-0.44129527,-0.55320793,-0.2576995,0.07601807,-0.5178141,0.28694043,-0.18369174,0.2274777
111,2057,-0.009914985,-0.49261355,0.50040025,-0.0083210245,0.0727842,0.696747,0.66737753,-0.11997417,-0.4550367,0.4461133,0.24587601,0.50054884,-0.18571985,-0.10617581,0.08877307,-0.21494053
111,2072,-0.484109,0.49836683,0.7103033,0.026462689,0.0016344965,-0.22545466,0.34985414,0.21426257,-0.115839876,0.31895435,-0.30278897,-0.4971737,-0.06436751,-0.16392471,-0.4285867,0.040127426
111,2084,-0.041293785,-0.09752032,-0.587226,-0.55906093,-0.34572902,0.24825048,-0.42410877,-0.080761634,0.45683977,-0.21228172,0.40042883,-0.21387643,1.0056388,-0.10738066,0.19238842,0.26250356
111,2100,-0.3449706,0.78935844,0.46981755,0.16861904,-0.025257418,-0.5159513,0.37707064,0.24248564,0.24165064,0.4994743,-0.18696065,-0.71486646,0.4150715,-0.38853365,-0.5748122,-0.23969479
111,2101,0.72763264,0.11276612,-1.6300416,0.97259784,1.2540616,-0.73205566,1.2714747,-1.9284374,0.9883232,0.7846788,-0.9511829,0.9026687,-0.4428898,-0.16839607,-0.13610566,1.3634937
111,2108,-0.021219116,-0.07045728,-0.3551389,-0.34473568,-0.14506476,-0.07676914,-0.5750018,-0.025465231,0.23575372,-0.40875423,0.104348555,-0.004560478,0.4241764,0.15255857,0.111689776,-0.032975137
111,2119,-0.5235583,-0.43049043,0.17529605,-0.26045558,0.1703196,0.3290795,0.13059345,-0.16789678,-0.45100564,-0.225072,-0.11247362,0.3610064,-0.4764709,0.32038057,-0.034346297,0.10867253
111,2125,-0.46296814,0.67634267,0.6224303,0.07201034,-0.016749134,-0.41255945,0.31557485,0.24840578,0.04381275,0.35652703,-0.30550814,-0.6520145,0.1165293,-0.2370048,-0.51800144,-0.05507221
111,2133,-0.80707395,-0.19427069,-0.42903382,-0.4198152,-0.0051550483,0.0036189407,-0.4243212,-0.10980546,-0.018048674,-0.60696036,-0.058871076,-0.13969433,0.012897775,0.17913471,-0.12920405,0.28012443
111,2151,-0.40073326,-0.177266,-0.09949032,-0.24019183,0.14680764,-0.36601627,-0.5826912,-0.05663923,-0.29953066,-0.74035376,-0.3142295,0.27929953,-0.5466135,0.5791688,-0.083859906,-0.43768603
111,2196,-1.0686575,-0.23713413,-0.2334076,-0.34704208,0.11658612,-0.02225013,-0.37455082,-0.09324258,-0.21709439,-0.6774532,-0.21495222,-0.07831224,-0.31096125,0.26369998,-0.2272901,0.3505717
111,2203,-0.795135,-0.12413353,-0.48767242,-0.4280409,-0.060508143,0.016801625,-0.5027684,-0.07753414,0.1525619,-0.56732655,-0.004573196,-0.23655033,0.28665602,0.035543963,-0.1084767,0.42985165
111,2206,0.4937241,-0.21226105,-0.6610673,0.5796349,0.13606115,0.18136694,0.5657097,0.0114023425,-0.009623215,0.35597664,0.40306753,0.066669725,0.02397725,-0.37912422,0.08164989,-0.24754706
111,2216,0.3939922,-0.4227213,0.010429065,0.31877288,-0.05996341,0.6293279,0.66284204,0.12481337,-0.2268537,0.5169976,0.6418935,0.28068674,0.1867963,-0.36801612,0.14933385,-0.5948378
111,2217,0.38485602,-0.4007522,-0.017856576,0.32864076,-0.0693698,0.60325444,0.6343463,0.16435266,-0.23041852,0.48945308,0.6433004,0.22905004,0.17837511,-0.37263292,0.14075662,-0.5893618
111,2237,-1.0655731,-0.28958467,-0.118846886,-0.36213252,0.1088323,0.16075957,-0.1689463,-0.115466125,-0.2458979,-0.52494967,-0.16789849,-0.065642156,-0.28060833,0.20375253,-0.21215877,0.501347
111,2246,-0.39787692,0.80980676,0.546244,0.14178586,-0.015934957,-0.5271085,0.37938955,0.22359666,0.22651765,0.4983008,-0.24891765,-0.71506697,0.3749659,-0.36421525,-0.5934057,-0.18835998
111,2265,-0.9836807,-0.30485198,-0.008904754,-0.31288272,0.14256372,0.15230922,-0.13935259,-0.07497414,-0.34539908,-0.5004091,-0.19333674,0.029038377,-0.38373116,0.24388084,-0.18562227,0.37500846
111,2270,0.71135163,0.13884196,-1.6776744,0.9690223,1.3537812,-0.8284622,1.3038931,-2.1178827,1.074076,0.7920887,-1.1054538,0.9835558,-0.5045118,-0.11661099,-0.1541606,1.5283492
111,2278,0.7147365,-0.033882707,-0.4524405,0.6925868,-0.14137429,-0.0046904087,-0.29715192,0.78559417,-0.41500252,-0.44479567,0.24883804,-0.4215714,-1.141723,0.14334983,0.30828804,0.023673713
111,2279,1.163279,0.4390797,1.0151889,-0.008146621,-0.084680066,-0.6447106,-0.75597453,-0.009600963,0.25963634,-0.095228136,-0.5307416,0.4908742,-0.2531788,0.54174113,0.3957816,-0.1908575
111,2280,0.7507103,0.26757872,-2.0349102,1.2026939,1.1862836,-0.9537733,1.0443296,-1.6180378,0.9764339,0.5357097,-0.9570779,0.48581493,-0.6819963,-0.22912474,-0.09472905,1.4903858
111,2283,-1.0244479,-0.2789555,-0.17218636,-0.36358964,0.10229894,0.104385674,-0.23288155,-0.117399596,-0.2285964,-0.5657538,-0.16668274,-0.05743713,-0.2764575,0.23208287,-0.20509368,0.41846973
111,2286,-0.5134741,0.5480277,0.73131907,0.03163749,-0.0048492467,-0.26242507,0.33621326,0.2444995,-0.116668954,0.31444824,-0.33072168,-0.55311596,-0.07324489,-0.16876002,-0.45534554,0.05412124
111,2288,0.038870335,-0.556065,0.46335915,-0.054440632,0.07389926,0.69806546,0.56742084,-0.11942602,-0.51326954,0.34615105,0.2426221,0.574145,-0.27663583,0.018144213,0.143857,-0.28706187
111,2291,-0.5172737,0.6529055,0.6905975,0.061243966,-0.024958953,-0.36557847,0.29639947,0.30254066,-0.061444134,0.30875754,-0.34154278,-0.67186433,-0.01770316,-0.2005022,-0.50448775,0.018332928
111,2292,0.114240795,-0.037936896,-0.4943726,-0.5241729,-0.38088554,0.2671817,-0.44915518,-0.060843714,0.5541098,-0.11245829,0.44692308,-0.2090278,1.146987,-0.18248393,0.24918942,0.294989
111,2303,0.7280917,0.255278,-1.9640456,1.13352,1.3224176,-1.0024097,1.1561972,-1.9372395,1.0812169,0.6224522,-1.1413642,0.70543367,-0.6906962,-0.14834492,-0.12629999,1.6531334
111,2312,0.19447803,0.19297189,-0.69539714,0.6802994,-0.28263113,-0.0099457055,0.06379179,1.1025965,-0.32931936,-0.054594405,0.6095272,-1.0031708,-0.14094102,-0.52802926,-0.019263558,-0.45144993
111,2334,-0.12315414,-0.13156095,-0.51629806,-0.4748269,-0.22763442,0.0987053,-0.4816564,-0.077846766,0.3044072,-0.3382009,0.24936873,-0.096476115,0.70024854,0.028710447,0.12781969,0.08948621
111,2336,0.5659515,-0.038553804,-0.41856882,0.7428677,-0.1422722,0.01080808,-0.39979705,0.96681905,-0.49665144,-0.49993324,0.29604846,-0.44013193,-1.0661486,0.049096607,0.26912564,-0.19432445
111,2343,0.9477192,0.2724051,0.5606321,-0.36991552,-0.35173976,-0.12867558,-0.4476094,-0.0857019,0.35125628,0.07486433,-0.11007525,0.20001155,0.338508,0.2951948,0.45179796,0.07805993
111,2350,0.7475946,0.26873314,-2.0406775,1.2339426,0.9821026,-0.8672206,0.8781406,-1.1758754,0.8035021,0.41307038,-0.7008764,0.20412849,-0.6528026,-0.30640656,-0.052560955,1.2306174
111,2355,-0.49142084,0.65435606,0.65100956,0.07627042,-0.032449543,-0.37014246,0.29100117,0.31860623,-0.049836993,0.3073392,-0.31358778,-0.6842734,0.0060623586,-0.21337332,-0.5002737,-0.012472972
111,2366,-0.46296814,0.6763427,0.62243026,0.07201034,-0.016749134,-0.41255945,0.31557485,0.24840578,0.04381275,0.35652703,-0.30550814,-0.6520145,0.1165293,-0.2370048,-0.51800144,-0.05507222
111,2369,0.06303179,-0.50511515,0.45574987,0.022449628,0.06976307,0.7141803,0.71097153,-0.14334747,-0.40897804,0.50037223,0.30727404,0.5326867,-0.10422124,-0.13725649,0.10312842,-0.2757867
111,2371,-0.18913704,-0.54675925,0.4933965,-0.086357675,0.10585475,0.5414908,0.2792293,0.021042224,-0.66631234,0.04177521,0.04539404,0.5118266,-0.56103015,0.19254902,0.11888234,-0.2512531
111,2380,0.1554746,-0.011364758,-0.4689639,-0.5211462,-0.38877702,0.24786726,-0.49127474,-0.06089846,0.58889127,-0.103136346,0.44234842,-0.1980471,1.1886718,-0.18843673,0.26353854,0.29405355
111,2396,-1.0083247,-0.30442497,-0.030242186,-0.3292529,0.13254833,0.17321026,-0.12584528,-0.090444334,-0.31666964,-0.49150866,-0.18142165,0.0014480129,-0.3493657,0.22474262,-0.19189733,0.4302106
111,2413,0.39706683,-0.46244138,0.057551254,0.27342448,-0.036030408,0.6549417,0.68919814,0.04022335,-0.22362511,0.53364426,0.6153924,0.3769758,0.18357028,-0.32386255,0.16524826,-0.5892396
111,2421,0.7605734,0.27375984,-2.057551,1.214986,1.2160023,-0.9714758,1.0706967,-1.6714926,1.0041264,0.5568663,-0.98654073,0.51355326,-0.68422496,-0.22957738,-0.10156825,1.5254108
111,2425,-0.17454147,-0.49244452,0.47496435,-0.02793584,0.07817014,0.5437078,0.3136055,0.07400824,-0.63416296,0.09034264,0.085025534,0.40833694,-0.5048955,0.09860571,0.09833204,-0.20922987
111,2436,1.0256405,0.39046693,0.8638702,0.11007942,-0.012599639,-0.6230869,-0.84998846,0.048370235,0.3608937,-0.11324401,-0.3891015,0.4709808,-0.030793235,0.35231936,0.34054837,-0.23530194
111,2437,-0.39862615,-0.062443763,-0.30261138,-0.20867631,-0.010902687,-0.1423944,-0.56636494,0.042561926,0.101457536,-0.55757904,-0.059620604,-0.11035184,0.023646742,0.16206127,-0.04115595,0.17271969
111,2438,-0.43768123,0.7409014,0.57791764,0.094619796,-0.016125353,-0.4783396,0.33019736,0.23529407,0.13158053,0.40481877,-0.28696358,-0.6868004,0.2330452,-0.28441924,-0.55395937,-0.11207326
111,2441,0.8868548,0.2438876,0.4373461,-0.38202986,-0.376259,-0.04003796,-0.4481012,-0.07438987,0.43228254,0.10730444,0.017235085,0.14112623,0.552348,0.17212516,0.44868982,0.12100497
111,2451,0.06933187,-0.55796325,0.48693278,-0.058280718,0.07969468,0.7485843,0.6811298,-0.19024363,-0.46430844,0.45478672,0.27570546,0.61373466,-0.18848807,-0.036251888,0.1361464,-0.2754914
111,2453,-0.09131703,-0.11103788,-0.5371824,-0.505805,-0.2627428,0.118686385,-0.5001655,-0.08294536,0.35936943,-0.31660417,0.2799358,-0.119847454,0.79805404,0.0029416084,0.14909245,0.1261259
111,2464,-1.0501119,-0.30193895,-0.044112395,-0.34231383,0.13216618,0.17500356,-0.13534126,-0.09908226,-0.30648223,-0.5044408,-0.18794389,-0.01460401,-0.3404068,0.2215743,-0.20368978,0.46677136
111,2472,0.983812,0.2945611,0.6006775,-0.3744634,-0.35526672,-0.15688396,-0.46301445,-0.09143116,0.34869906,0.071482435,-0.14598067,0.21409664,0.3052494,0.32664734,0.46122938,0.07703245
111,2475,0.7841243,0.20236474,0.2768807,-0.36314926,-0.38179556,0.05743149,-0.46324882,-0.046615854,0.5253427,0.1288832,0.17548794,0.068500996,0.80202675,0.0064914823,0.42876035,0.16536221
111,2478,0.69559705,0.23071545,-1.8326412,1.0188454,1.4813818,-1.0358202,1.2900105,-2.310133,1.1863815,0.737865,-1.3465301,0.988606,-0.6780535,-0.04192373,-0.1729497,1.8135428
111,2479,-0.37273067,0.8931053,0.5159198,0.19583684,-0.024256246,-0.58204365,0.4120906,0.24953285,0.29771385,0.5730835,-0.21585803,-0.7807831,0.488738,-0.44306946,-0.63790154,-0.25250283
111,2484,-0.47430104,0.70859903,0.6435765,0.08713828,-0.02104414,-0.4236722,0.32636055,0.26909065,0.04377097,0.3769672,-0.31182963,-0.6826517,0.12266378,-0.25616705,-0.53600025,-0.056614973
111,2487,-0.37565067,0.83075076,0.5089665,0.15690678,-0.017269304,-0.55233985,0.38436213,0.22128126,0.26681307,0.517818,-0.22746779,-0.7288663,0.43218923,-0.38879073,-0.6035893,-0.22192143
111,2492,-0.47288516,0.54064316,0.6554567,0.046122387,-0.018818656,-0.2802273,0.29976413,0.26978135,-0.09927196,0.28175116,-0.2957654,-0.57396084,-0.056154206,-0.17042355,-0.44066027,0.01461193
111,2493,1.1598445,0.3618328,0.99363744,-0.27534753,-0.24551846,-0.4201972,-0.42324653,-0.10629711,0.07755846,-0.011588208,-0.5266429,0.3987088,-0.39007366,0.6737362,0.453562,-0.063063145
111,2496,0.44744375,0.17868644,-1.3246303,0.97221756,-0.12872618,-0.20889023,0.06335593,0.92965215,-0.15676613,-0.12688637,0.5420558,-0.97954303,-0.30887607,-0.56000096,0.08580788,-0.22403066
111,2501,0.008177573,-0.5022985,0.5083467,0.0036069006,0.0732222,0.72004825,0.6950074,-0.12614423,-0.45602405,0.47779065,0.26543233,0.520837,-0.16959508,-0.12181875,0.093577005,-0.23414761
111,2503,0.8474109,0.27233994,0.2571548,-0.31285685,-0.40441424,0.0660788,-0.64673,-0.015839223,0.74669623,0.19500802,0.29605627,0.052024208,1.1914657,-0.18557678,0.46106103,0.20101458
111,2510,-0.5370541,-0.19137134,-0.25430402,-0.32871282,0.066967025,-0.1881684,-0.49923256,-0.083764926,-0.16894783,-0.65766335,-0.17842858,0.09942034,-0.26784074,0.39322978,-0.086066365,-0.14589845
111,2516,0.40411964,-0.42716238,0.010851682,0.32665828,-0.06102278,0.639684,0.67392296,0.12521395,-0.22750078,0.52982295,0.652397,0.28795502,0.19372813,-0.37618023,0.1525058,-0.60528326
111,2517,-0.65190405,-0.19592397,-0.3414826,-0.37267578,0.032006785,-0.09703311,-0.4644846,-0.09807148,-0.09798718,-0.63177025,-0.116947785,-0.0060351044,-0.13273764,0.29554397,-0.103394836,0.039685294
111,2524,-0.08188864,-0.10919811,-0.5439603,-0.5151168,-0.28269485,0.15909356,-0.46802977,-0.08027168,0.38086513,-0.28300667,0.3124881,-0.14848769,0.84618115,-0.031697884,0.1588901,0.17014363
111,2527,0.056056995,-0.50667894,0.46956792,0.024039477,0.07114525,0.7222781,0.7175257,-0.14164749,-0.41856286,0.50720596,0.30436954,0.53630775,-0.111262605,-0.14003508,0.10173069,-0.27252614
111,2529,-0.5721709,-0.104514,-0.3838937,-0.31464836,-0.034150437,-0.054421365,-0.5134996,-0.019323222,0.11618468,-0.5442357,-0.0217399,-0.15457433,0.15952493,0.09620328,-0.068801716,0.26785755
111,2539,0.40342098,0.09772104,-0.05139526,-0.29834592,-0.25415483,-0.0079381615,-0.5890257,-0.018866397,0.50888455,-0.094671056,0.19704887,0.013047501,0.8137853,-0.05146727,0.27719712,0.11804125
111,2542,-1.0655731,-0.28958467,-0.11884688,-0.36213252,0.1088323,0.16075955,-0.1689463,-0.115466125,-0.2458979,-0.52494967,-0.16789852,-0.065642156,-0.28060833,0.20375255,-0.21215877,0.501347
111,2563,0.45571107,-0.30937406,-0.29243696,0.4841123,-0.167528,0.50442433,0.46696633,0.50717694,-0.2935503,0.33438796,0.7764294,-0.095808946,0.1314617,-0.4518034,0.14704299,-0.6776132
111,2566,-0.27947605,-0.16105424,-0.04941964,-0.20687306,0.1564315,-0.4274196,-0.61104625,-0.037851647,-0.31877372,-0.7393425,-0.3370492,0.33964732,-0.5927042,0.62063146,-0.057265967,-0.5678768
111,2574,0.12094227,-0.58060104,0.44262865,-0.07259856,0.07526536,0.7441312,0.65353554,-0.20276996,-0.4539332,0.42856663,0.29792872,0.64167947,-0.18378218,-0.0021461025,0.16166914,-0.3206113
111,2576,0.7212861,0.25251043,0.40273222,-0.08948437,-0.12817091,-0.33849472,-0.75234,0.0136413,0.44787642,-0.11758887,-0.10321577,0.2533247,0.39971316,0.15741703,0.30722564,-0.073982984
111,2579,0.005133147,-0.5243732,0.51476586,-0.047221214,0.08367762,0.729329,0.68860906,-0.17118272,-0.46337253,0.45749617,0.24155138,0.5631569,-0.19437157,-0.06766535,0.10448543,-0.21604829
111,2582,0.120942265,-0.58060104,0.44262865,-0.07259856,0.07526536,0.7441312,0.65353554,-0.20276994,-0.4539332,0.42856675,0.29792872,0.64167947,-0.18378218,-0.002146095,0.16166914,-0.32061127
111,2613,-0.9457225,-0.115639254,-0.50507325,-0.44857454,-0.053832944,0.037715435,-0.49232766,-0.08575192,0.1597983,-0.5930664,-0.029323712,-0.3081489,0.27453524,0.004076354,-0.14934681,0.57419086
111,2615,1.1861819,0.4053718,1.0218221,-0.17545101,-0.1895463,-0.514567,-0.57050776,-0.07138416,0.16420898,-0.03386157,-0.5325307,0.44343,-0.3154006,0.62069243,0.4414144,-0.117265664
111,2618,-0.65190405,-0.19592398,-0.3414826,-0.37267578,0.03200678,-0.09703314,-0.4644846,-0.09807148,-0.09798718,-0.63177025,-0.116947785,-0.0060351044,-0.13273765,0.29554397,-0.103394836,0.03968528
111,2630,-0.7314513,-0.084405825,-0.45540404,-0.37265444,-0.043024063,-0.054959998,-0.5733106,-0.041831374,0.16265959,-0.60082763,-0.042148545,-0.2229197,0.22397478,0.070296586,-0.10602239,0.39562523
111,2634,0.4070368,-0.49667162,0.089777745,0.24266255,-0.018520147,0.68207943,0.7139566,-0.01968119,-0.22802764,0.5534553,0.60579854,0.45284843,0.18115084,-0.29182768,0.17951848,-0.5914892
111,2646,-0.4346367,0.71762294,0.5739411,0.0864674,-0.015155244,-0.46288717,0.32404983,0.23036289,0.11831179,0.38970506,-0.28466874,-0.6694383,0.2142214,-0.27058995,-0.540547,-0.10555282
111,2649,0.4771538,-0.18993169,-0.2521973,0.38224423,-0.06806926,0.14280145,-0.08937278,0.43124327,-0.40902624,-0.30429476,0.17503233,-0.13161147,-0.93323976,0.22132744,0.25597793,0.038140386
111,2651,0.3835603,-0.37612736,-0.060085118,0.34918982,-0.08579988,0.57463616,0.5943782,0.22769839,-0.2426411,0.45145738,0.6540381,0.1607389,0.16097094,-0.38042456,0.13510552,-0.59275377
111,2652,-0.95932156,-0.2972367,0.04970912,-0.26808697,0.17267805,0.092160955,-0.18310794,-0.028047696,-0.41935402,-0.53594875,-0.23799933,0.081305265,-0.47966224,0.28559637,-0.1818575,0.2646007
111,2653,0.71153486,0.22612649,-1.8504335,1.0373694,1.4969425,-1.0307114,1.3210318,-2.3390293,1.2039849,0.77098334,-1.3415607,1.0126988,-0.6525108,-0.062057644,-0.17549664,1.8096372
111,2665,-0.45912445,0.65770346,0.6154376,0.08456567,-0.028965259,-0.38293642,0.3047436,0.29339173,-0.002984926,0.33335233,-0.28814065,-0.6682938,0.070543125,-0.23344265,-0.5019752,-0.052108154
111,2667,0.5103609,-0.1787015,-0.7614316,0.6072632,0.27616686,0.07702497,0.6553957,-0.24104565,0.11379683,0.4105245,0.23269922,0.18429802,-0.02317226,-0.3457625,0.049286425,-0.051050127
111,2673,1.1401097,0.42224556,0.9942877,-0.017784923,-0.08725482,-0.62319565,-0.72983664,-0.01189363,0.24429268,-0.09492378,-0.518698,0.48067477,-0.25815022,0.5388637,0.39085388,-0.18661098
111,2674,-0.4308103,0.33712065,0.7275043,0.003958568,0.03262122,-0.0634684,0.4406201,0.11173096,-0.15814543,0.36968374,-0.23676227,-0.29873684,-0.07154684,-0.15172578,-0.35148284,0.03626491
111,2683,-0.46704435,0.67889565,0.63072336,0.07080868,-0.015161775,-0.41335005,0.31893322,0.24440211,0.045024753,0.36099958,-0.31037754,-0.6502934,0.11668165,-0.23752724,-0.5205333,-0.05141443
111,2687,-1.0944103,-0.29808447,-0.08705996,-0.36810797,0.11628693,0.19587232,-0.1309436,-0.121871985,-0.25919247,-0.5027697,-0.17255928,-0.06075316,-0.2878755,0.19517949,-0.21623164,0.5468395
111,2690,-0.8927839,-0.27407345,0.080856755,-0.21097873,0.17568846,0.04442972,-0.19898805,0.02557679,-0.43762732,-0.53603804,-0.24266268,0.075746916,-0.51379144,0.27699858,-0.17031413,0.19586208
111,2691,0.6886212,0.029129267,-0.53940606,0.8437879,-0.18026741,-0.05962503,-0.4733164,1.0717866,-0.45693427,-0.5556614,0.33456182,-0.5666256,-1.1168748,0.029731624,0.2943527,-0.17588641
111,2711,0.3737105,-0.51665497,0.15312305,0.19962958,-0.0010256036,0.70177734,0.7206627,-0.057463884,-0.26201475,0.5532853,0.567421,0.49933138,0.13483264,-0.25312614,0.1800776,-0.5596145
111,2721,-0.2943938,-0.15533814,-0.0685868,-0.21527801,0.1517364,-0.42689902,-0.62405556,-0.039870374,-0.29979113,-0.7424613,-0.33191103,0.32413912,-0.5610179,0.60475606,-0.059314817,-0.54804313
111,2724,-0.1649487,-0.49143842,0.47470558,-0.02926945,0.07703183,0.55435634,0.33731347,0.059922814,-0.6210221,0.11271401,0.094916284,0.41093293,-0.48443335,0.08441806,0.09729755,-0.20291127
111,2727,-0.4940034,0.771882,0.6631186,0.113234624,-0.033102088,-0.45493054,0.3294345,0.31964463,0.042445123,0.39535403,-0.32153803,-0.75470823,0.13076754,-0.2850889,-0.5686672,-0.062127464
111,2736,-0.4204184,0.32324845,0.7071604,0.0018113852,0.030705526,-0.06032926,0.42928123,0.11291689,-0.15972833,0.35434836,-0.22787054,-0.29344067,-0.07565355,-0.14447702,-0.34149858,0.031164184
111,2739,0.110038325,-0.5724318,0.4573184,-0.06164302,0.075606175,0.75153905,0.6748423,-0.19940117,-0.4528612,0.4503982,0.29891694,0.63226914,-0.1746966,-0.025185302,0.15243152,-0.30845147
111,2742,-0.4674082,0.421696,0.7433087,0.014417417,0.021265749,-0.13751546,0.41138673,0.1554608,-0.14017525,0.36121267,-0.27737117,-0.39124614,-0.067922615,-0.16242789,-0.39555433,0.046379775
111,2744,0.7944866,0.29069996,0.50086963,-0.052566446,-0.10881937,-0.4044044,-0.790825,0.019023307,0.44500163,-0.116171114,-0.16398229,0.30056307,0.33095205,0.19603056,0.31880414,-0.106659845
111,2755,0.31460997,-0.19825193,-0.14991736,0.49928382,-0.060652077,0.17884456,-0.2170679,0.7101969,-0.5652561,-0.35161597,0.22783557,-0.13738889,-0.90391076,0.087123364,0.21663928,-0.2670635
111,2762,-1.0431441,-0.23590216,-0.24537715,-0.3454567,0.11412432,-0.036194637,-0.3876352,-0.093014255,-0.21442568,-0.68347466,-0.21125506,-0.07030555,-0.31044188,0.2729007,-0.22105992,0.31662658
111,2768,-0.8153381,-0.19968666,-0.43606323,-0.42717916,-0.015951982,0.03433779,-0.3949122,-0.111859255,-0.010138482,-0.58692783,-0.039567173,-0.16077498,0.034656957,0.15833884,-0.12694733,0.31897485
111,2771,0.09815662,-0.04343754,-0.5125833,-0.5380188,-0.38346192,0.26823714,-0.44729635,-0.06558273,0.54782546,-0.12421861,0.44511855,-0.21330583,1.1407211,-0.17238654,0.2453891,0.29524493
111,2780,0.46185398,-0.29214594,-0.37017518,0.50455916,-0.1657747,0.45464748,0.42307675,0.53182566,-0.28448904,0.28570122,0.7687005,-0.14320964,0.11382328,-0.44697702,0.14822607,-0.6634724
111,2795,0.038870335,-0.556065,0.46335918,-0.05444064,0.07389927,0.69806546,0.56742084,-0.119426005,-0.51326954,0.34615105,0.24262209,0.57414496,-0.27663583,0.018144205,0.14385699,-0.28706187
111,2820,0.4731404,0.18857235,0.16463268,0.30612382,0.10160805,-0.5974104,-0.84365654,0.33503473,0.07881498,-0.5892833,-0.27749962,0.10742076,-0.5782424,0.45543426,0.10146272,-0.23134744
111,2825,-0.09473146,-0.5164577,0.4894707,-0.030089997,0.07479944,0.62276447,0.43323842,0.0033441056,-0.59656703,0.21255164,0.1530852,0.4718026,-0.41720143,0.047154695,0.11390703,-0.2342638
111,2827,0.005133147,-0.5243732,0.51476586,-0.047221214,0.08367761,0.729329,0.68860906,-0.17118272,-0.46337253,0.45749623,0.24155137,0.5631569,-0.19437157,-0.06766535,0.10448543,-0.21604829
111,2828,-0.06504296,-0.095028326,-0.6060766,-0.5687396,-0.34046254,0.22383007,-0.45883587,-0.08611361,0.457818,-0.24283408,0.38302302,-0.20941585,1.0030226,-0.09072134,0.18396482,0.25186414
111,2832,-0.11629961,-0.50929564,0.48628986,-0.031260394,0.07591666,0.6039784,0.40759656,0.017313298,-0.6029408,0.18511815,0.13534243,0.4548505,-0.43619275,0.05761732,0.10850671,-0.2221637
111,2835,0.24256635,-0.24064822,-0.091992125,0.41668347,-0.0396339,0.21875481,-0.16702875,0.62846243,-0.5625771,-0.3110303,0.21827169,-0.054525472,-0.81613237,0.09191715,0.19616774,-0.30573204
111,2837,-0.8751854,-0.12645824,-0.47983235,-0.43061596,-0.057010658,0.052550748,-0.4540033,-0.07915279,0.14670587,-0.55717355,-0.010107905,-0.28550342,0.2656107,0.00458917,-0.12993768,0.53166413
111,2840,-0.5040063,0.6034353,0.6942477,0.05471292,-0.019533446,-0.32078844,0.30895063,0.28252363,-0.08181788,0.30865526,-0.3269512,-0.62172306,-0.03817752,-0.19014432,-0.4785184,0.023503974
111,2853,-0.5027164,0.59688586,0.69888973,0.05474995,-0.018210124,-0.31255263,0.31443664,0.27852148,-0.084825724,0.3129692,-0.3251018,-0.6130403,-0.04017569,-0.19066636,-0.4755769,0.024494946
111,2857,-0.16188091,-0.52558637,0.4225787,-0.061699763,0.090743944,0.49440566,0.21895799,0.0694543,-0.65427256,-0.013873637,0.060761966,0.46957773,-0.56392676,0.19876638,0.12303646,-0.29841155
111,2863,-0.3020842,-0.1463801,-0.06818095,-0.21386659,0.16056988,-0.45915645,-0.65935594,-0.038618404,-0.3052174,-0.7714758,-0.35538495,0.3367181,-0.58503294,0.62846714,-0.06590401,-0.57312477
111,2865,-0.14525539,0.25288993,0.1622215,0.2666375,-0.10683478,0.0051656812,0.31543392,0.52796173,-0.24412377,0.23770536,0.16892843,-0.55655175,-0.041161045,-0.31614918,-0.21425,-0.23662996
111,2867,-0.4878878,0.69940776,0.6597246,0.09261581,-0.02974364,-0.40055215,0.31713375,0.30767196,-0.0045042336,0.35625976,-0.31376696,-0.70104486,0.06821959,-0.24800329,-0.527972,-0.0371584
111,2869,1.1677899,0.38582236,0.86237067,-0.37991664,-0.34470537,-0.32056683,-0.48389658,-0.12379406,0.24792492,0.04537432,-0.38225967,0.32232574,-0.025369272,0.5509143,0.49713624,0.025913417
111,2873,-0.9146428,-0.1354286,-0.4767561,-0.43211254,-0.037966356,0.03348629,-0.46381983,-0.08689205,0.11089429,-0.59005296,-0.03615129,-0.2710983,0.2002437,0.03924998,-0.14613734,0.5094083
111,2876,0.29259822,0.10905182,-0.037177462,0.05706072,0.008973887,-0.43760735,-0.79699093,0.19992256,0.15257654,-0.5499019,-0.15455066,0.07206978,-0.19765529,0.36155456,0.10611366,-0.16758427
111,2884,0.40342098,0.09772104,-0.05139527,-0.29834592,-0.25415483,-0.0079381615,-0.5890257,-0.018866394,0.50888455,-0.094671056,0.19704887,0.013047509,0.8137852,-0.05146727,0.27719712,0.11804125
111,2886,0.084613204,-0.5750965,0.46500263,-0.06879199,0.078693755,0.73873395,0.6373931,-0.18213692,-0.4789352,0.41240835,0.27506194,0.6279771,-0.21675014,0.0027207658,0.1530869,-0.30104738
111,2897,0.384856,-0.4007522,-0.017856576,0.32864073,-0.0693698,0.60325444,0.6343463,0.16435266,-0.23041852,0.48945314,0.6433004,0.22905003,0.17837505,-0.37263292,0.14075662,-0.5893618
111,2904,0.19447803,0.19297189,-0.69539714,0.6802994,-0.28263113,-0.009945691,0.06379179,1.1025965,-0.32931936,-0.054594412,0.6095272,-1.003171,-0.14094102,-0.5280292,-0.019263558,-0.45144993
111,2913,-0.8826176,-0.17781164,-0.4618784,-0.44074854,-0.020806948,0.028039068,-0.4297354,-0.109664105,0.025633335,-0.6079959,-0.04842314,-0.20495248,0.07833873,0.12841181,-0.14303485,0.39383543
111,2917,0.03378726,-0.5385338,0.49291566,-0.05654191,0.08345848,0.7317523,0.6851919,-0.18824616,-0.45254278,0.4536118,0.25507352,0.5851281,-0.18329358,-0.051574588,0.11706183,-0.23670971
111,2939,-0.46147752,0.6870354,0.6097224,0.09047763,-0.03110112,-0.4092222,0.30287585,0.29998893,0.016480267,0.34109044,-0.2917776,-0.6933381,0.09447093,-0.24442966,-0.5177283,-0.062058434
111,2956,-0.42171115,0.879101,0.565884,0.15143049,-0.017278753,-0.58027685,0.38374853,0.23521113,0.25853273,0.52354,-0.2739902,-0.7689006,0.41150433,-0.38711482,-0.63395727,-0.19050749
111,2957,1.059087,0.378707,0.9178413,0.05824305,-0.040765945,-0.59688747,-0.7485536,0.024288148,0.27935165,-0.09330346,-0.43106318,0.4749246,-0.16043241,0.43215775,0.35743698,-0.22337498
111,2961,0.39140826,-0.34031236,-0.14786291,0.38543624,-0.11711231,0.5253709,0.51695484,0.34182277,-0.26683477,0.3763646,0.6796929,0.043811895,0.12790512,-0.38900465,0.13269751,-0.6078944
111,2963,-0.5235583,-0.43049043,0.17529608,-0.26045555,0.17031962,0.3290795,0.13059345,-0.16789678,-0.45100564,-0.22507201,-0.11247362,0.36100644,-0.4764709,0.32038057,-0.03434629,0.10867253
111,2965,-0.010942042,-0.5125704,0.51226646,-0.045355532,0.082586184,0.71408814,0.6765069,-0.16016224,-0.4608609,0.4442197,0.23094751,0.54133785,-0.19920455,-0.07099499,0.09690969,-0.20158128
111,2980,-0.40986073,0.854507,0.5507138,0.14722413,-0.016486244,-0.565399,0.37989372,0.22839767,0.25306398,0.51297134,-0.26268607,-0.7492779,0.4052449,-0.37889796,-0.61934793,-0.19339383
111,2984,-0.9138414,-0.16140735,-0.47664467,-0.44766167,-0.032873742,0.04330179,-0.43510202,-0.10557059,0.066301495,-0.5982974,-0.040125534,-0.24545988,0.13795452,0.08513431,-0.14708512,0.46904153
111,2985,-0.53013676,0.6780115,0.70793325,0.067291096,-0.02667608,-0.37860173,0.30068067,0.31344083,-0.059640184,0.3195632,-0.35256082,-0.69406044,-0.014958173,-0.20977627,-0.5191523,0.022208124
111,2990,-0.47674525,0.7159279,0.62588376,0.09567277,-0.033487894,-0.42666167,0.30362386,0.31367353,0.01831621,0.34837103,-0.30515426,-0.72096634,0.0961733,-0.25234455,-0.5342314,-0.05693204
111,3007,0.49388784,-0.08523193,-0.3381292,0.67623305,-0.11807156,0.059481606,-0.34905896,0.89594096,-0.5213858,-0.45857036,0.27427617,-0.35176912,-1.0281589,0.061874937,0.25524962,-0.21528976
111,3015,-1.0450933,-0.29085323,-0.13297632,-0.36567432,0.10500968,0.15295194,-0.17884767,-0.11978618,-0.2415542,-0.52929974,-0.16267918,-0.058207534,-0.27598727,0.21318753,-0.20697498,0.47492748
111,3017,-0.99498904,-0.30487972,0.021747831,-0.29929978,0.16247177,0.1242885,-0.16703725,-0.05764135,-0.39018995,-0.5272467,-0.22452252,0.06217796,-0.4393887,0.27367496,-0.18909213,0.3266856
111,3023,0.6877256,0.23254168,-1.8220844,1.0108063,1.4692832,-1.036854,1.2704179,-2.2867856,1.1739465,0.71870786,-1.3440168,0.9715198,-0.69095016,-0.033331245,-0.16995728,1.8096883
111,3031,-0.05843614,-0.1121604,-0.5359533,-0.51589334,-0.29297686,0.18399549,-0.43688342,-0.07815037,0.3819712,-0.25671557,0.3317948,-0.1544559,0.8558222,-0.043393195,0.16876993,0.17866078
111,3036,0.623853,-0.0059635043,-0.4844563,0.7848635,-0.16132583,-0.025296688,-0.43515858,1.0131689,-0.46874958,-0.52655625,0.3196095,-0.5005143,-1.070657,0.03661798,0.27870646,-0.1966074
111,3039,1.0657815,0.39814317,0.9280648,0.119740754,-0.0053737103,-0.6447557,-0.82249486,0.046115912,0.322054,-0.1064822,-0.4319371,0.49529237,-0.12600756,0.3974805,0.34651294,-0.24966648
111,3040,-0.55073804,0.6113272,0.77435946,0.040468216,-0.008274594,-0.3010858,0.33924752,0.26897138,-0.11172144,0.33237594,-0.36567134,-0.6098056,-0.07165096,-0.18446226,-0.49253103,0.070255235
111,3047,0.7115349,0.22612649,-1.8504335,1.0373693,1.4969425,-1.0307114,1.3210317,-2.339029,1.2039849,0.77098334,-1.3415607,1.0126988,-0.6525108,-0.062057644,-0.17549664,1.8096372
111,3056,-1.1038944,-0.30081207,-0.05933851,-0.3613802,0.12973538,0.18968408,-0.13390538,-0.11369199,-0.28921515,-0.51023614,-0.19098,-0.038505413,-0.32161474,0.2105423,-0.21792153,0.5283554
111,3061,-0.14525539,0.25289,0.16222149,0.2666375,-0.10683477,0.005165696,0.31543392,0.52796173,-0.24412377,0.23770534,0.16892843,-0.55655175,-0.04116106,-0.31614918,-0.21425,-0.23662996
111,3073,-0.13953084,-0.122965604,-0.54576224,-0.49531806,-0.23350507,0.08031242,-0.52485794,-0.08481733,0.3230599,-0.3645643,0.24292831,-0.09922645,0.7296542,0.037671246,0.12525931,0.08857876
111,3078,0.12178314,-0.58595157,0.4650372,-0.06433734,0.076634824,0.7670347,0.67964625,-0.20462742,-0.46400374,0.45651633,0.30490798,0.6541174,-0.1819156,-0.018736705,0.16109318,-0.32363623
111,3092,-0.41992855,-0.17447391,-0.16353798,-0.27534965,0.10839963,-0.3049489,-0.5606554,-0.0638072,-0.2340379,-0.6998253,-0.25364262,0.20988019,-0.41104633,0.49787146,-0.0728789,-0.34320775
111,3110,-1.0605363,-0.23918614,-0.21856102,-0.34052327,0.11672342,-0.010862276,-0.3564137,-0.08902338,-0.22092554,-0.662364,-0.21073352,-0.07834045,-0.3116949,0.2552873,-0.22441056,0.358114
111,3111,0.17737299,-0.3031844,-0.08880847,0.12310001,0.007831818,0.25139308,0.0455228,0.17112142,-0.40780288,-0.22279231,0.10137281,0.08510736,-0.72708887,0.25897753,0.1730364,0.041517317
111,3116,1.2141865,0.39387786,0.984065,-0.32626688,-0.29832235,-0.39356917,-0.4527481,-0.117169194,0.15440768,0.025650725,-0.48455828,0.38084257,-0.25405714,0.64576006,0.48868984,-0.02598302
111,3146,0.09923897,-0.57436943,0.44965306,-0.07196529,0.07632102,0.73432857,0.6380112,-0.18951541,-0.46473843,0.41238916,0.28288156,0.6278624,-0.20217939,0.0030636787,0.1559769,-0.3070878
111,3147,-0.89024127,-0.12131573,-0.50527894,-0.4496046,-0.062590726,0.04256326,-0.48432484,-0.08700177,0.16002566,-0.57698005,-0.012849078,-0.28812796,0.28676915,0.0126751065,-0.1323506,0.5321714
111,3161,-0.13831222,-0.11544523,-0.54708403,-0.50235486,-0.23502944,0.06620356,-0.5471445,-0.088166185,0.32994792,-0.37523788,0.23370558,-0.09453554,0.7353765,0.046738677,0.12602437,0.08365932
111,3169,-0.01728762,-0.49903518,0.51005185,-0.024352029,0.0778153,0.70375144,0.6727415,-0.1368162,-0.45809856,0.44609064,0.23571391,0.51523685,-0.19296132,-0.09380762,0.0893793,-0.20309788
111,3173,-0.92654526,-0.12190713,-0.48815665,-0.43665424,-0.049437463,0.041851014,-0.47278634,-0.08219303,0.14542684,-0.5814322,-0.027375668,-0.29807976,0.25360304,0.0071695596,-0.14563064,0.5576414
111,3174,-0.0027664723,-0.54945993,0.48286542,-0.038487285,0.07307605,0.6846187,0.52420956,-0.068825245,-0.5568681,0.306535,0.21744755,0.547928,-0.33476967,0.02560459,0.13804519,-0.28253245
111,3175,-0.26982132,0.6313227,0.38693005,0.15130386,-0.022710616,-0.40681732,0.36285442,0.21039137,0.19335878,0.44260472,-0.1104355,-0.5916683,0.36547333,-0.34438133,-0.4806113,-0.25785708
111,3181,0.4248844,-0.4535153,0.03318207,0.32277554,-0.050010968,0.6720135,0.7148746,0.07938702,-0.21972421,0.5699735,0.66113085,0.34999296,0.21541668,-0.37669528,0.16441149,-0.6210252
111,3185,0.76121384,0.2854759,-2.082466,1.2676603,0.9199323,-0.85207504,0.83380723,-1.0233852,0.75703275,0.38457173,-0.61082953,0.09215031,-0.6321934,-0.34892523,-0.047702074,1.1441971
111,3186,-0.1116237,-0.12907201,-0.519214,-0.47861382,-0.23863223,0.116932176,-0.46992937,-0.07645149,0.31943265,-0.3201717,0.26676196,-0.10894566,0.73080015,0.010681242,0.13509238,0.108995974
111,3198,-0.6367936,-0.38826916,0.16687967,-0.2440668,0.16427746,0.26450783,0.04349556,-0.09129164,-0.4590969,-0.3071627,-0.13704209,0.268479,-0.4866323,0.2969203,-0.07048893,0.13715178
111,3207,1.1554307,0.3708375,0.98981595,-0.22734104,-0.21746477,-0.44958037,-0.48438588,-0.08843178,0.11882767,-0.018154047,-0.512338,0.41537252,-0.33757877,0.6327445,0.44382372,-0.09159984
111,3224,0.4937241,-0.21226105,-0.66106737,0.579635,0.13606115,0.18136692,0.5657097,0.0114023425,-0.009623215,0.35597664,0.40306753,0.06666973,0.02397725,-0.37912422,0.08164989,-0.24754706
111,3233,-0.0962688,-0.12556228,-0.5192426,-0.4837078,-0.24814476,0.1273734,-0.4650562,-0.07619632,0.33018473,-0.3077339,0.27835685,-0.11400617,0.75233513,0.0023341402,0.14265418,0.11642763
111,3235,-0.5720345,-0.20492867,-0.15604448,-0.25743124,0.12499798,-0.22633019,-0.47845665,-0.05829761,-0.2593347,-0.68345827,-0.24108966,0.1503434,-0.4403044,0.4439329,-0.116682395,-0.18601131
111,3236,0.3835603,-0.37612736,-0.060085118,0.34918982,-0.08579988,0.57463616,0.5943781,0.22769839,-0.2426411,0.45145738,0.6540381,0.1607389,0.16097091,-0.38042456,0.13510552,-0.59275377
111,3238,-0.07966756,-0.33248657,-0.002081195,0.02489543,0.065246046,0.2530976,0.029610269,0.099777915,-0.4544001,-0.26631773,0.009394392,0.15527031,-0.7099408,0.29158384,0.10072087,0.077129886
111,3239,0.8192175,0.23517478,0.31059098,-0.26286805,-0.35182837,0.045959294,-0.58560014,-0.0073174294,0.6436951,0.17807288,0.248941,0.09366424,1.0122925,-0.1377414,0.43435147,0.13746682
111,3249,-0.058436126,-0.112160414,-0.5359533,-0.51589334,-0.29297686,0.18399549,-0.43688336,-0.07815037,0.3819712,-0.2567156,0.33179483,-0.1544559,0.8558222,-0.043393195,0.16876993,0.17866081
111,3263,0.13804522,-0.5194192,0.404011,0.049753755,0.0614463,0.7246215,0.730504,-0.15064484,-0.37393367,0.52841127,0.36512148,0.5553252,-0.045122758,-0.15640374,0.123725295,-0.34007096
111,3277,0.87184584,0.29812604,0.23170748,-0.35393703,-0.4409939,0.07433333,-0.68227917,-0.025664661,0.8043705,0.20335443,0.31593728,0.030659728,1.2873181,-0.19962199,0.48055607,0.23736387
111,3297,0.10141327,-0.51320875,0.43710822,0.042051688,0.06549739,0.7261128,0.72762907,-0.14405394,-0.39632806,0.5231649,0.339558,0.54736084,-0.07444825,-0.15174325,0.11375325,-0.3122808
111,3300,-0.01928943,-0.5014865,0.5124301,-0.03068439,0.07950282,0.7055814,0.6737056,-0.14320555,-0.45877865,0.44505864,0.23205507,0.5206184,-0.19558159,-0.08830057,0.08994203,-0.19916955
111,3304,0.58143544,-0.1592405,-0.30108732,0.45728818,-0.0922744,0.11285794,-0.122467674,0.50244737,-0.4048546,-0.32022443,0.20213367,-0.1896537,-0.9861518,0.21001178,0.28478515,0.027497306
111,3308,-0.5057637,0.7830692,0.6795198,0.08992134,-0.016423592,-0.48261577,0.3385964,0.26153013,0.08699277,0.41334587,-0.34961718,-0.7261949,0.1675012,-0.27819014,-0.58267844,-0.05219067
111,3311,-0.55112517,0.6471352,0.76525944,0.055183157,-0.016328149,-0.33222514,0.32892546,0.2927482,-0.0960103,0.3350317,-0.36771548,-0.6512756,-0.055473298,-0.1992939,-0.5089762,0.05729778
111,3331,-0.34870934,0.75981027,0.47291884,0.14070426,-0.0147724105,-0.5091779,0.36995184,0.2029281,0.24435577,0.48164576,-0.20236345,-0.6738104,0.40290892,-0.35922742,-0.5617739,-0.22183883
111,3348,0.6390983,-0.118523374,-0.35505968,0.54512155,-0.11098114,0.08252778,-0.18185309,0.6071476,-0.41606343,-0.36142677,0.22398017,-0.2665162,-1.0536612,0.19050568,0.29808205,0.026421577
111,3350,-0.5257321,0.5954089,0.7287684,0.044638276,-0.015104579,-0.30328143,0.31708756,0.27921844,-0.107060805,0.30810457,-0.3438241,-0.6116581,-0.06869357,-0.17950423,-0.47778848,0.0505113
111,3361,-0.16770452,-0.5250101,0.49100742,-0.045626424,0.08855294,0.55639035,0.2998694,0.05968533,-0.6623248,0.074591756,0.076155536,0.46583614,-0.53865755,0.13921969,0.11561817,-0.2472637
111,3374,0.8233338,0.24353641,0.29047042,-0.27897975,-0.3674071,0.054523513,-0.5999043,-0.010057457,0.6718615,0.18215372,0.26441896,0.07949452,1.0636333,-0.15186371,0.4410675,0.15703309
111,3387,0.11497539,0.012212127,-0.2096527,-0.17087859,-0.07450135,-0.24788111,-0.68381315,0.069263905,0.1989797,-0.47862965,-0.020656303,0.036307327,0.14641525,0.2531406,0.10699617,-0.09679953
111,3391,-0.08424171,-0.52438605,0.49730113,-0.029469058,0.07575408,0.6382545,0.44948217,-0.0054814294,-0.59882903,0.23000632,0.16182093,0.48833033,-0.4113949,0.04346382,0.117972046,-0.24303673
111,3399,0.32981884,-0.5182105,0.19309679,0.15552506,0.01425765,0.6917569,0.70767784,-0.088918515,-0.2747983,0.5316814,0.52008647,0.5156708,0.099295095,-0.21453895,0.17125195,-0.5144475
111,3400,-0.16854301,-0.5406674,0.48083073,-0.0838246,0.09895266,0.5410794,0.28768685,0.019139979,-0.6489185,0.052757874,0.05881936,0.49999928,-0.5388771,0.18081513,0.12109499,-0.25018436
111,3412,1.2169429,0.46173477,1.0649033,-0.05998855,-0.12011255,-0.64571244,-0.7312172,-0.032507766,0.23732346,-0.0839331,-0.5746402,0.49189785,-0.3025341,0.5998813,0.42165944,-0.16612396
111,3413,-0.9208914,-0.27477783,0.078216396,-0.21968423,0.1791304,0.044548213,-0.20636299,0.020064704,-0.43998384,-0.5468209,-0.25156194,0.07479911,-0.51720375,0.28190908,-0.17768219,0.21092033
111,3429,-0.4883915,0.7620978,0.6685325,0.11253101,-0.02886771,-0.4454888,0.34116185,0.30359846,0.04828328,0.40811092,-0.3181532,-0.7347516,0.13894205,-0.2881173,-0.5650631,-0.06462848
111,3443,-0.5014821,0.6817464,0.6677683,0.0794657,-0.030084254,-0.3892073,0.30098763,0.3134442,-0.032211617,0.32765806,-0.3259579,-0.69705915,0.026289925,-0.22522302,-0.517908,-0.012831196
111,3470,-0.38440955,-0.1607791,-0.13160494,-0.25410143,0.12888597,-0.36929286,-0.60776705,-0.05505693,-0.25821668,-0.7350198,-0.2962644,0.25526288,-0.47725213,0.54946566,-0.073354214,-0.4263937
111,3473,-0.4517159,0.64763016,0.6080194,0.066275656,-0.015980678,-0.3943526,0.31029773,0.24188912,0.03417319,0.34256655,-0.29460645,-0.630054,0.10458334,-0.2258342,-0.5010042,-0.055488378
111,3476,-0.020921666,-0.09149003,-0.5793919,-0.55825126,-0.35147482,0.25078875,-0.42695096,-0.07986229,0.46766588,-0.20156142,0.40684962,-0.21206474,1.0222613,-0.11292641,0.2000418,0.26290667
111,3477,0.54029524,0.18371928,-1.5572407,1.0790484,-0.057478257,-0.30515495,0.06555654,0.84041417,-0.08224821,-0.153301,0.4877947,-0.96292657,-0.38547936,-0.5577977,0.120799616,-0.11370036
111,3478,-0.5028931,0.6111125,0.68386406,0.058047786,-0.023560647,-0.32947803,0.29992738,0.29493302,-0.08158058,0.300663,-0.32498896,-0.6371698,-0.038142756,-0.19084908,-0.4806806,0.019366011
111,3482,0.5221358,-0.06940931,-0.35880497,0.7080333,-0.12616342,0.044475555,-0.36855888,0.9276081,-0.524273,-0.47444975,0.27736697,-0.3824176,-1.0645618,0.061192837,0.26356214,-0.20116815
111,3497,-0.5418126,0.6234848,0.7502577,0.048263103,-0.015199463,-0.31991476,0.32230648,0.2852247,-0.10161941,0.32090312,-0.35951632,-0.63278013,-0.06360168,-0.18806212,-0.4950252,0.05694303
111,3498,-0.51013595,0.5662084,0.7085073,0.04065068,-0.014804685,-0.2851476,0.3124457,0.27293536,-0.11385992,0.29533672,-0.32832867,-0.5894134,-0.07520787,-0.17048864,-0.46006897,0.04502769
111,3507,-0.13404185,-0.50105554,0.47848174,-0.029667936,0.075660214,0.58208364,0.37847176,0.035072055,-0.6079509,0.15545072,0.12034047,0.43476662,-0.45328838,0.06765482,0.10407734,-0.21459435
111,3508,0.11882486,-0.036446273,-0.4896074,-0.5206584,-0.38051045,0.2674212,-0.44923273,-0.05956792,0.55606425,-0.10886969,0.4478578,-0.20818862,1.149282,-0.18553509,0.25039372,0.29536742
111,3519,0.26475877,0.19371033,-0.8783486,0.7758062,-0.27869356,-0.047851577,0.03858673,1.1356478,-0.30640894,-0.09370165,0.63896555,-1.0542372,-0.18091914,-0.5608821,0.015379794,-0.43069732
111,3524,0.8599752,0.28978235,0.23475474,-0.3347831,-0.42683938,0.07178023,-0.6772821,-0.019924719,0.79217803,0.2005051,0.31433254,0.03532286,1.2691433,-0.20471339,0.4726023,0.2272113
111,3537,0.37513694,-0.50788873,0.12659815,0.1981048,-0.0056587025,0.6777496,0.6939041,-0.04701256,-0.2516542,0.52520084,0.56383586,0.47789657,0.1340629,-0.24393828,0.18021312,-0.5582069
111,3538,-0.2650656,-0.14881918,-0.042239152,-0.19500652,0.16802056,-0.46869063,-0.65089023,-0.03116132,-0.32126814,-0.7626263,-0.35935956,0.35926276,-0.6115599,0.6392009,-0.059074447,-0.61206174
111,3539,-0.474301,0.7085989,0.6435765,0.087138295,-0.021044139,-0.42367226,0.32636055,0.26909065,0.04377097,0.3769672,-0.31182957,-0.6826517,0.12266378,-0.25616705,-0.53600025,-0.056614973
111,3547,-0.9751282,-0.23473594,-0.2520864,-0.33132374,0.10509094,-0.043503895,-0.381955,-0.08541602,-0.20579776,-0.6671654,-0.19075842,-0.06349958,-0.299744,0.26946968,-0.20308667,0.2686585
111,3550,-0.68179464,-0.38380024,0.16993329,-0.24716587,0.17230839,0.25322753,0.024610408,-0.08754581,-0.46860516,-0.32969937,-0.1562262,0.26261115,-0.50125957,0.3022272,-0.08367269,0.15439495
111,3551,-0.53183514,0.58025837,0.7518842,0.036620483,-0.007014642,-0.28215316,0.3371435,0.25820014,-0.1144702,0.32287908,-0.3476705,-0.5829073,-0.07250963,-0.17690577,-0.474039,0.061622545
111,3564,0.8763239,0.32959276,0.63162637,0.0063628405,-0.07153193,-0.49255687,-0.8254182,0.028553195,0.41817924,-0.121320084,-0.2502889,0.3669487,0.20247285,0.25549972,0.3252627,-0.15954123
111,3574,-0.70644873,-0.204678,-0.18505639,-0.27513692,0.12740591,-0.20010251,-0.479641,-0.061148025,-0.24828774,-0.70392287,-0.24532126,0.090290636,-0.41712856,0.40491337,-0.14951114,-0.06532831
111,3578,-0.38739654,-0.1564621,-0.12992448,-0.25413537,0.13403484,-0.3866567,-0.62547296,-0.055312514,-0.2620683,-0.74968094,-0.30905747,0.26343957,-0.49023008,0.56291723,-0.07644419,-0.4411676
111,3588,0.8397514,0.26307935,0.26802513,-0.3004558,-0.39201984,0.06258565,-0.6320015,-0.01338467,0.7233896,0.19151233,0.28666824,0.060697082,1.1518245,-0.17644523,0.45452383,0.18708366
111,3596,-0.43566275,0.88799006,0.5915522,0.15741768,-0.02088575,-0.573072,0.38803056,0.25423053,0.2377016,0.5269351,-0.28271437,-0.78387505,0.38866395,-0.3900398,-0.63874865,-0.17895982
111,3598,-0.83191854,-0.20861793,-0.21346766,-0.2981734,0.12542929,-0.16271949,-0.46932068,-0.06929195,-0.23515211,-0.71433085,-0.24298446,0.03185475,-0.38658774,0.36496228,-0.17839727,0.05844015
111,3606,-0.572171,-0.104514,-0.38389367,-0.3146484,-0.03415044,-0.054421365,-0.5134996,-0.019323226,0.11618468,-0.5442357,-0.021739885,-0.15457433,0.15952493,0.09620328,-0.0688017,0.26785752
111,3613,-0.98740226,-0.30476952,-0.019255143,-0.31881753,0.1381526,0.15776514,-0.13671145,-0.080850676,-0.3342442,-0.497988,-0.18783067,0.020580791,-0.37065387,0.23868853,-0.18661699,0.38862747
111,3620,0.31468466,-0.5198415,0.2115223,0.14343047,0.020114945,0.6942537,0.711345,-0.10094359,-0.27988243,0.53293884,0.50639796,0.5245208,0.09024818,-0.2072783,0.16749562,-0.49958652
111,3631,1.1029421,0.4109432,0.9566206,0.07228972,-0.03765615,-0.6352317,-0.79991525,0.026166162,0.31070557,-0.09170661,-0.45337516,0.49486333,-0.14340131,0.43485498,0.36769703,-0.23263896
111,3647,-0.5022705,0.5083995,0.74745625,0.025522977,0.00647825,-0.21829566,0.3704611,0.20859715,-0.12324905,0.34052378,-0.316698,-0.49436304,-0.06832149,-0.16985427,-0.43867382,0.054538965
111,3675,0.401756,-0.50601983,0.107858665,0.22801405,-0.0116687985,0.69004655,0.72028875,-0.039299212,-0.23383217,0.55787855,0.5963633,0.4753509,0.17378537,-0.27868223,0.18154046,-0.5852815
111,3676,-0.3636934,0.8365877,0.49483034,0.16736352,-0.018345902,-0.55660635,0.3909521,0.22257054,0.28081825,0.5309442,-0.21380003,-0.7324641,0.45575225,-0.40342516,-0.6062368,-0.23781222
111,3681,-0.22821641,0.54714715,0.34336975,0.14776337,-0.023941852,-0.34350735,0.35699317,0.20290372,0.16089407,0.41381705,-0.06499468,-0.53100634,0.33472532,-0.3248549,-0.4294609,-0.26959693
111,3689,0.7944866,0.29070002,0.50086963,-0.052566446,-0.10881937,-0.4044044,-0.79082495,0.019023305,0.44500163,-0.116171114,-0.16398229,0.30056307,0.33095205,0.19603057,0.31880414,-0.10665983
111,3697,-0.30831647,-0.16360807,-0.06251835,-0.21823105,0.15584509,-0.4217065,-0.6158533,-0.04496456,-0.3157565,-0.7478387,-0.33819318,0.33229598,-0.5861563,0.6202759,-0.06414303,-0.5479517
111,3706,-0.39955184,0.78495413,0.54894024,0.13855118,-0.018848307,-0.50280964,0.37134212,0.23576826,0.19503167,0.47821003,-0.24597053,-0.70706165,0.33676773,-0.35050046,-0.57792914,-0.17553046
111,3714,-1.0412621,-0.3021341,0.0056919856,-0.31431445,0.15944013,0.13357322,-0.16906849,-0.068566665,-0.3728246,-0.53436637,-0.22684385,0.03782598,-0.4213905,0.2625394,-0.20191428,0.37997305
111,3724,0.71662825,0.1982159,-1.8076193,1.0250576,1.4831258,-0.98402995,1.3401058,-2.3292758,1.1901127,0.80062515,-1.2978053,1.0408599,-0.60278976,-0.07866332,-0.17230552,1.7491837
111,3732,-0.42423376,0.86140746,0.57732767,0.15385252,-0.020892842,-0.5551099,0.38355592,0.25068206,0.22762132,0.5145223,-0.27077788,-0.7648958,0.37738287,-0.38108438,-0.6227082,-0.18053143
111,3761,-1.0686575,-0.23713413,-0.2334076,-0.34704208,0.11658611,-0.022250116,-0.3745509,-0.09324256,-0.21709439,-0.6774532,-0.21495219,-0.078312226,-0.31096125,0.26369995,-0.2272901,0.3505717
111,3767,0.6359925,-0.026550919,-1.2524232,0.78927886,0.88354784,-0.3758468,1.0654843,-1.3168049,0.65512884,0.6707576,-0.48056728,0.6811587,-0.23172666,-0.23401268,-0.07768881,0.79105115
111,3769,-0.16188091,-0.52558637,0.4225787,-0.061699763,0.09074395,0.49440566,0.21895799,0.0694543,-0.6542725,-0.013873644,0.060761966,0.46957773,-0.56392676,0.19876638,0.12303646,-0.29841155
111,3780,0.0059981174,-0.08040896,-0.5615053,-0.5481646,-0.3528067,0.24334225,-0.441713,-0.07559201,0.4817601,-0.19163306,0.40824062,-0.20461494,1.0397414,-0.12004107,0.20839214,0.25726414
111,3792,-0.4901065,0.74155635,0.6427751,0.10045378,-0.03469686,-0.44139493,0.30725053,0.3227261,0.021814883,0.35863185,-0.31731033,-0.742703,0.10012601,-0.26075524,-0.5493789,-0.052654438
111,3804,-0.84021187,-0.2142475,-0.21742503,-0.29939625,0.119967476,-0.13962707,-0.44773158,-0.06945789,-0.23049542,-0.69878,-0.22845478,0.017738633,-0.37075612,0.34646243,-0.17785412,0.08596626
111,3817,-0.09187615,-0.10037203,-0.5730504,-0.5350349,-0.2922366,0.14874896,-0.5046884,-0.08668157,0.40535727,-0.30035508,0.31356165,-0.1553776,0.887038,-0.030783549,0.15948242,0.17673981
111,3821,-1.089069,-0.26742685,-0.18631978,-0.37006962,0.11031212,0.08026763,-0.27049643,-0.11696487,-0.22557524,-0.60373217,-0.19112499,-0.07587025,-0.28609496,0.2357133,-0.22490945,0.44797903
111,3830,-0.795135,-0.12413354,-0.48767242,-0.4280409,-0.060508143,0.01680164,-0.50276846,-0.07753413,0.1525619,-0.56732655,-0.004573211,-0.23655033,0.28665596,0.035543963,-0.10847668,0.4298516
111,3835,-1.0691195,-0.29537952,-0.08831304,-0.35820246,0.11255156,0.19005562,-0.13026056,-0.11445587,-0.2551115,-0.4972083,-0.16497658,-0.06333449,-0.283956,0.18992312,-0.21033087,0.53112614
111,3844,-0.33427528,0.7630437,0.45766652,0.16362584,-0.024225395,-0.4987656,0.3737572,0.2352511,0.23367676,0.48859268,-0.17682292,-0.69348073,0.40543622,-0.37907577,-0.5594033,-0.24061458
111,3855,-0.4837862,0.735176,0.6493009,0.088933304,-0.021192234,-0.4462034,0.32599506,0.2718872,0.057553053,0.3842802,-0.32263428,-0.7030282,0.13722096,-0.26299667,-0.5515839,-0.056957245
111,3856,-0.08343586,-0.111190364,-0.5304679,-0.50082356,-0.26560667,0.13119921,-0.48500547,-0.07905064,0.36183658,-0.30186674,0.2894929,-0.12597924,0.80551946,-0.009562358,0.15254605,0.1361587
111,3861,-0.18913704,-0.54675925,0.4933965,-0.086357675,0.10585475,0.5414908,0.2792293,0.021042224,-0.66631234,0.04177521,0.04539404,0.5118266,-0.5610301,0.19254902,0.11888234,-0.2512531
111,3862,0.8387244,0.13064748,-0.65601754,0.9981482,-0.22120023,-0.16281879,-0.56828564,1.2110283,-0.43427938,-0.6366275,0.33690983,-0.75016344,-1.2899667,0.025490329,0.3306327,-0.04929374
111,3874,0.6107612,0.20889616,-1.7340729,1.1600144,0.09660407,-0.4268762,0.16168727,0.5734294,0.058960617,-0.09549451,0.32348996,-0.8359807,-0.45150667,-0.5362288,0.11272344,0.09581289
111,3875,-0.96205926,-0.22832201,-0.2473835,-0.32771194,0.11092242,-0.06954098,-0.40594247,-0.08360393,-0.21119685,-0.68387043,-0.20617588,-0.047157384,-0.31852072,0.28995275,-0.20287907,0.23483291
111,3881,-0.34497058,0.78935844,0.46981755,0.16861904,-0.025257418,-0.51595134,0.37707067,0.24248564,0.24165067,0.49947423,-0.18696074,-0.71486646,0.41507143,-0.38853365,-0.5748122,-0.23969479
111,3889,0.096479565,-0.05023256,-0.49725944,-0.52356356,-0.37251917,0.26671532,-0.43221596,-0.061967425,0.52879786,-0.12239961,0.43825018,-0.2054013,1.1074895,-0.16790159,0.24109803,0.28451246
111,3898,0.20225254,-0.51581395,0.33325887,0.08237308,0.045327738,0.709271,0.7200941,-0.13103169,-0.33764678,0.5276244,0.4160558,0.53989285,0.005636126,-0.17317285,0.13841297,-0.3990086
111,3903,-0.92687374,-0.29823023,0.14802542,-0.21565568,0.1930481,0.10058305,-0.14878026,0.019034518,-0.48462906,-0.50250137,-0.25382757,0.11512341,-0.5513349,0.28012645,-0.17020687,0.2284069
111,3905,0.58409417,-0.077055484,-1.093815,0.7135987,0.70456076,-0.24353626,0.9331459,-1.0085593,0.49387357,0.5800943,-0.28016233,0.54192525,-0.17216589,-0.25122333,-0.040265046,0.5473787
111,3911,0.030159416,0.17594272,-0.23913798,0.4119151,-0.19356216,0.027212635,0.17842591,0.78953177,-0.3052367,0.07836209,0.4063645,-0.72061694,-0.0740482,-0.37677997,-0.10472928,-0.3796511
111,3912,-0.16465533,-0.5213003,0.47977754,-0.050103202,0.08767263,0.5463729,0.29408294,0.055718932,-0.6516668,0.06764999,0.075586535,0.46035916,-0.53157383,0.14272429,0.11516247,-0.24501762
111,3947,-0.091253035,-0.4675389,0.31163305,0.034208834,0.06642955,0.43487975,0.13337323,0.1869199,-0.6340848,-0.081408866,0.09223206,0.36293912,-0.6077082,0.17520456,0.13391885,-0.30831012
111,3961,-0.5026272,0.6274478,0.6694606,0.057049364,-0.02480145,-0.35188353,0.29016444,0.2965089,-0.06546128,0.29550767,-0.32770246,-0.6528826,-0.021957591,-0.19169508,-0.48878875,0.01252909
111,3962,0.09793523,-0.056176126,-0.49113232,-0.53027093,-0.36301738,0.24037853,-0.440878,-0.070931524,0.49937418,-0.14710167,0.41062152,-0.17852986,1.0501688,-0.12280075,0.23713464,0.24193546
111,3970,-0.02033066,0.22377837,-0.13960141,0.39879695,-0.17900422,0.0111207515,0.21760878,0.7579748,-0.294312,0.13021101,0.3507207,-0.7199281,-0.06464589,-0.3848548,-0.14430024,-0.34635913
111,3975,0.3835603,-0.37612736,-0.060085114,0.34918982,-0.08579988,0.57463616,0.5943782,0.22769839,-0.2426411,0.45145738,0.65403813,0.1607389,0.16097091,-0.38042456,0.13510552,-0.59275377
111,3976,-0.36919358,0.82420534,0.5010758,0.15580887,-0.015739275,-0.5505842,0.38537255,0.21370777,0.2725751,0.518796,-0.22236581,-0.7199241,0.4393915,-0.3887509,-0.6001353,-0.22629626
111,4001,-0.3995518,0.784954,0.54894024,0.13855118,-0.01884831,-0.50280964,0.37134212,0.23576826,0.1950317,0.47821003,-0.24597053,-0.70706165,0.33676773,-0.35050046,-0.57792914,-0.17553046
111,4007,0.76121384,0.2854759,-2.082466,1.2676603,0.9199323,-0.85207504,0.83380723,-1.0233852,0.75703275,0.38457173,-0.61082953,0.09215031,-0.6321934,-0.34892523,-0.047702074,1.144197
111,4012,0.29259822,0.10905182,-0.037177466,0.05706072,0.008973887,-0.43760735,-0.79699093,0.19992253,0.15257654,-0.5499019,-0.15455063,0.07206978,-0.19765528,0.36155456,0.10611366,-0.16758427
111,4014,-0.48410904,0.4983669,0.7103033,0.026462689,0.0016344968,-0.22545466,0.34985414,0.21426257,-0.11583987,0.31895435,-0.30278897,-0.49717358,-0.0643675,-0.16392468,-0.4285867,0.04012741
111,4022,-0.11635587,-0.13101666,-0.48582572,-0.46686444,-0.20564288,0.049275994,-0.50877243,-0.082493305,0.26568875,-0.37191394,0.20239766,-0.05228547,0.6176927,0.084717385,0.12093729,0.025871292
111,4032,0.074595354,0.15994152,-0.3523775,0.4571317,-0.21754852,0.028018564,0.1394326,0.8643815,-0.32075757,0.03259404,0.46653342,-0.77365273,-0.0860067,-0.39707673,-0.076645404,-0.4130235
111,4043,-0.49138042,0.67704964,0.66005164,0.08184448,-0.028722068,-0.38646263,0.30705506,0.30524468,-0.022901416,0.33575177,-0.31723267,-0.68722147,0.040523782,-0.23026635,-0.5154183,-0.022811174
111,4045,1.1677899,0.38582247,0.86237067,-0.37991664,-0.34470537,-0.32056683,-0.48389658,-0.12379404,0.24792492,0.04537432,-0.3822596,0.32232574,-0.025369272,0.5509143,0.49713624,0.025913417
111,4054,0.73640704,0.06315538,-0.58585155,0.89616,-0.1950436,-0.09319639,-0.51016337,1.1256096,-0.4476009,-0.58528996,0.34243459,-0.62900347,-1.1619468,0.023088813,0.30420506,-0.15012126
111,4059,0.044737853,-0.03177288,-0.27133262,-0.25370404,-0.10437297,-0.16258445,-0.62048626,0.020994784,0.20929629,-0.44035876,0.03796558,0.022068866,0.2744649,0.20367563,0.10656211,-0.07048535
111,4061,0.26714796,-0.5216557,0.27240527,0.11679652,0.033227716,0.7085479,0.725209,-0.12059911,-0.30567992,0.5411675,0.46916378,0.5411266,0.05725065,-0.19505937,0.15513346,-0.4577511
111,4066,-0.3388384,-0.16391243,-0.074125126,-0.22661084,0.15695295,-0.4215541,-0.62515455,-0.049215533,-0.31410787,-0.7599817,-0.34250277,0.32436472,-0.5836791,0.6204589,-0.07197301,-0.53046477
111,4069,1.2074021,0.4225564,1.0416228,-0.16225718,-0.18422537,-0.5394692,-0.60133296,-0.06782347,0.1811876,-0.036665745,-0.5448672,0.45483008,-0.30962947,0.62235606,0.44480383,-0.123859406
111,4074,0.7988863,0.19516116,0.3390051,-0.3771104,-0.36849537,0.018466204,-0.4175273,-0.063515425,0.4360011,0.1053493,0.09230014,0.10548013,0.620474,0.10883076,0.42430082,0.1279313
111,4079,-0.15020555,-0.5074572,0.4651179,-0.03401885,0.07772066,0.54498994,0.300271,0.07025977,-0.6398736,0.07839121,0.09244039,0.43310273,-0.5119172,0.11948896,0.11260989,-0.24443507
111,4087,-0.4878878,0.69940776,0.65972453,0.09261583,-0.029743642,-0.40055215,0.31713378,0.30767193,-0.0045042336,0.35625976,-0.31376696,-0.7010448,0.06821959,-0.24800332,-0.527972,-0.0371584
111,4090,0.42542297,-0.31617522,-0.2480581,0.440286,-0.15110758,0.49850637,0.46510673,0.45457724,-0.2866795,0.32799876,0.73313683,-0.058150686,0.119161054,-0.41738915,0.14018534,-0.64646447
111,4097,-1.0165484,-0.2899974,-0.14934082,-0.36578608,0.10097677,0.13874368,-0.19316852,-0.121623464,-0.23596975,-0.535494,-0.1568753,-0.050453015,-0.27220324,0.22319984,-0.20006123,0.43887198
111,4100,0.22325045,0.01543963,-0.33914298,-0.43862972,-0.33897564,0.17347047,-0.51492363,-0.043304585,0.55847,-0.09818816,0.37147638,-0.13230953,1.0694642,-0.15628691,0.2629779,0.2355792
111,4103,0.71662825,0.1982159,-1.8076193,1.0250576,1.4831258,-0.98402995,1.3401058,-2.3292758,1.1901127,0.80062515,-1.2978053,1.0408599,-0.60278976,-0.07866332,-0.17230552,1.7491837
111,4116,0.0460119,-0.0756482,-0.5114245,-0.53474945,-0.34867117,0.23727648,-0.42391577,-0.07421295,0.46391353,-0.17394295,0.39436018,-0.18212542,0.9967706,-0.10347454,0.2175388,0.23734537
111,4125,-0.06369916,-0.10099617,-0.5854688,-0.552552,-0.32819554,0.21932924,-0.44421592,-0.08228906,0.43642804,-0.24116793,0.37289843,-0.19836771,0.9637338,-0.08320351,0.18006216,0.23775256
111,4127,0.2587667,-0.52234983,0.28836036,0.1171722,0.034798637,0.7170774,0.733283,-0.11992598,-0.31521642,0.5492381,0.46520227,0.544319,0.05009027,-0.19839565,0.15293467,-0.45238853
111,4138,0.5047703,-0.17909345,-0.76910037,0.597821,0.29074645,0.062538624,0.6538099,-0.27168757,0.12531853,0.40279466,0.20809793,0.19922724,-0.032892466,-0.33055013,0.047942672,-0.026120633
111,4140,0.0026565054,-0.49544674,0.4998524,0.0031395927,0.07158113,0.7069094,0.6819227,-0.119157024,-0.45249587,0.4639187,0.26003885,0.5066413,-0.17218553,-0.1191182,0.090947,-0.22846699
111,4146,-0.46704435,0.67889565,0.63072336,0.07080868,-0.015161775,-0.41335005,0.31893322,0.24440211,0.045024753,0.36099958,-0.31037754,-0.6502934,0.11668165,-0.2375272,-0.52053344,-0.051414423
111,4177,0.6107612,0.20889616,-1.7340729,1.1600144,0.09660407,-0.4268762,0.16168727,0.5734294,0.058960617,-0.09549451,0.32348996,-0.8359807,-0.45150667,-0.5362288,0.11272344,0.09581289
111,4188,-1.0667001,-0.24527153,-0.21528691,-0.34905812,0.11378212,0.009954855,-0.33751926,-0.09684525,-0.21897116,-0.64937955,-0.20460613,-0.07995006,-0.3027078,0.25039217,-0.2244117,0.3797235
111,4193,-0.8592441,-0.33822408,0.16407788,-0.2372583,0.18962163,0.16515711,-0.09023241,-0.025409013,-0.49319544,-0.44684505,-0.22545736,0.18412215,-0.5452477,0.30045453,-0.1408593,0.2022517
111,4203,-0.75690335,-0.20714793,-0.19666804,-0.28357416,0.12598096,-0.18097705,-0.47066095,-0.063502796,-0.242303,-0.70411277,-0.24094693,0.0641768,-0.40110487,0.3840211,-0.16070178,-0.012022823
111,4209,-0.38739654,-0.1564621,-0.12992449,-0.25413537,0.13403484,-0.3866567,-0.62547296,-0.055312514,-0.2620683,-0.74968094,-0.30905747,0.26343957,-0.49023008,0.56291723,-0.07644419,-0.4411676
111,4213,-0.5662036,-0.19357155,-0.14911549,-0.2571407,0.13512619,-0.2692026,-0.5200553,-0.058908954,-0.26743945,-0.7152787,-0.27069044,0.1728355,-0.4703948,0.47803223,-0.119985074,-0.228137
111,4218,-0.42171115,0.879101,0.565884,0.15143049,-0.017278751,-0.5802768,0.38374856,0.23521113,0.25853273,0.52353996,-0.2739902,-0.7689006,0.41150427,-0.38711488,-0.6339574,-0.19050749
111,4219,0.35985807,0.07169449,-0.10115873,-0.3165226,-0.26174742,0.031091064,-0.5579566,-0.021662734,0.5000926,-0.09426271,0.22864312,-0.010295771,0.8375243,-0.06999521,0.26924425,0.13104728
111,4221,1.0801691,0.3438989,0.75529206,-0.37078947,-0.3385577,-0.26290634,-0.4697987,-0.109005354,0.2694285,0.041766673,-0.2998281,0.27944845,0.070555225,0.47339326,0.47429258,0.043106526
111,4228,0.120369494,-0.31594977,0.044292007,0.2985456,-0.0009765896,0.2942986,-0.073572926,0.49576885,-0.5954325,-0.23877147,0.17434996,0.084583744,-0.7542664,0.11493696,0.17319806,-0.31231612
111,4231,-0.059661865,-0.101325125,-0.57362795,-0.54388386,-0.3200188,0.20690967,-0.44969133,-0.08141788,0.42678562,-0.2466676,0.36195636,-0.18602812,0.9423213,-0.0729371,0.17826635,0.22103894
111,4237,-1.009616,-0.2577464,-0.19507055,-0.34248048,0.10657609,0.040791944,-0.29276797,-0.09692282,-0.22355327,-0.6071735,-0.18073578,-0.06394098,-0.2931838,0.24254642,-0.20626765,0.36277455
111,4253,-0.057960533,-0.10224226,-0.56495535,-0.53892577,-0.31413284,0.19824165,-0.4517903,-0.081544615,0.41781268,-0.2512194,0.35296702,-0.17698747,0.92335975,-0.06355961,0.17654732,0.2089906
111,4255,1.102942,0.4109432,0.9566206,0.072289735,-0.037656147,-0.6352317,-0.79991525,0.026166163,0.31070563,-0.09170661,-0.45337516,0.49486333,-0.1434013,0.43485498,0.36769703,-0.23263896
111,4264,0.4457716,0.18013132,0.13457587,0.26114577,0.08587257,-0.5808652,-0.84881705,0.3104363,0.09267327,-0.5891721,-0.26522523,0.10660822,-0.5172682,0.44810754,0.103121564,-0.22586632
111,4305,-0.045496844,-0.09414907,-0.5843244,-0.56159425,-0.34049982,0.22853512,-0.4434038,-0.084184214,0.4516745,-0.22861253,0.38321257,-0.20324847,0.9894655,-0.08989838,0.18923762,0.2483738
111,4320,0.18551439,0.0016995668,-0.4167611,-0.49213704,-0.3731993,0.22176337,-0.50584954,-0.055065848,0.5838325,-0.09726241,0.41829592,-0.17224848,1.158301,-0.18103553,0.26672378,0.27152306
111,4322,1.1987411,0.38335747,0.987977,-0.31264263,-0.28330216,-0.40094596,-0.4394532,-0.11465978,0.12805125,0.0148295015,-0.49894398,0.38607204,-0.30073372,0.65764636,0.47852707,-0.036534265
111,4325,-0.31777582,-0.0114937425,-0.26342258,-0.1380634,0.0065602385,-0.2248936,-0.6491932,0.090455525,0.11718795,-0.5949235,-0.10315959,-0.103679515,-0.05487895,0.20159054,-0.03365244,0.14910093
111,4331,-0.97614485,-0.23255935,-0.23563977,-0.32054198,0.107595846,-0.038773358,-0.36944494,-0.0767758,-0.20936772,-0.65733856,-0.19120835,-0.06933265,-0.30436012,0.25810802,-0.20346871,0.28179425
111,4334,0.3924625,-0.3821583,-0.0551145,0.3546277,-0.0848933,0.5873604,0.6102087,0.22125018,-0.24150425,0.46891844,0.66315794,0.17406785,0.17084374,-0.38836497,0.13783985,-0.60197145
111,4344,0.09136123,-0.060822845,-0.4850673,-0.5182872,-0.36099592,0.25890374,-0.41566142,-0.0636619,0.49708137,-0.13090368,0.42194247,-0.1909292,1.0518471,-0.14402662,0.23516688,0.2614908
111,4347,-1.104372,-0.30038178,-0.067304224,-0.36450443,0.12720355,0.18926765,-0.13672948,-0.116543405,-0.28326094,-0.5117744,-0.18843432,-0.042151712,-0.31527546,0.20981419,-0.21830377,0.53061634
111,4349,-0.2994873,0.25096995,0.5423619,0.08122404,-0.0019840682,0.010668486,0.43122295,0.1972231,-0.17933536,0.35216552,-0.07113294,-0.29883048,-0.035941944,-0.20301808,-0.28031704,-0.07701276
