window_id,vehicle_id,z_0,z_1,z_2,z_3,z_4,z_5,z_6,z_7,z_8,z_9,z_10,z_11,z_12,z_13,z_14,z_15
137,2451,0.86356217,0.19176428,-0.40532377,0.16255854,0.71967375,-0.37108952,-0.5946053,-0.18227993,0.15547112,0.0046649426,-1.1643858,0.041599624,0.06273885,-0.24114737,-0.76703703,-0.4415527
137,3618,0.86356217,0.19176427,-0.4053238,0.16255853,0.71967375,-0.37108958,-0.5946053,-0.18227993,0.15547112,0.00466495,-1.1643857,0.041599628,0.06273885,-0.24114737,-0.76703703,-0.4415527
137,3929,-0.42045546,-1.3731552,-0.39683405,-0.318993,-1.8756384,0.35624388,-2.1028972,-0.27040887,0.22819862,0.85979986,-0.34434444,1.15563,-2.134251,-0.35944203,0.9035296,-1.710645
137,362,-0.5368992,0.037517175,-0.33197963,0.0035919622,-0.57799274,0.106311254,-0.09019847,0.56155056,0.14719313,0.07615056,-0.3990581,-0.15629306,0.12691104,0.04963921,0.3551972,0.18801007
137,3435,-0.41600597,-1.3897091,-0.39242363,-0.3228446,-1.8754123,0.3510884,-2.1135342,-0.28606856,0.23473555,0.8654525,-0.3252809,1.1709188,-2.1526859,-0.35878766,0.9116646,-1.7235066
137,4323,0.86356205,0.19176431,-0.40532374,0.16255854,0.7196738,-0.37108955,-0.59460545,-0.18227993,0.15547112,0.004664965,-1.1643858,0.041599624,0.062738866,-0.24114734,-0.76703703,-0.4415527
137,1953,0.86356217,0.19176428,-0.4053238,0.16255856,0.7196738,-0.37108955,-0.59460545,-0.18227993,0.15547112,0.0046649575,-1.1643858,0.041599624,0.06273885,-0.24114737,-0.7670371,-0.44155264
137,2986,0.86356205,0.19176428,-0.40532383,0.16255854,0.71967375,-0.37108955,-0.59460545,-0.18227993,0.15547112,0.0046649724,-1.1643858,0.041599624,0.06273885,-0.24114737,-0.767037,-0.4415527
137,146,0.86356217,0.19176428,-0.4053238,0.16255854,0.71967375,-0.37108955,-0.5946054,-0.18227993,0.15547112,0.004664965,-1.1643858,0.041599628,0.06273885,-0.2411474,-0.7670371,-0.44155264
137,2157,-0.42045546,-1.3731554,-0.396834,-0.318993,-1.8756386,0.35624385,-2.1028972,-0.27040887,0.22819862,0.8597998,-0.3443445,1.1556301,-2.134251,-0.35944197,0.9035296,-1.710645
137,3042,-0.42506385,-1.3890163,-0.37964806,-0.32510865,-1.8925531,0.3576179,-2.1239321,-0.29457766,0.22072417,0.86154747,-0.32613948,1.1816647,-2.1643956,-0.36864802,0.908365,-1.7359418
137,3334,0.87132317,0.66887754,-0.37060523,0.10601619,-0.91802484,0.45116717,-0.25049478,0.2000404,-0.76493925,0.6161907,0.1801664,-0.17949055,-0.473037,0.4378835,-0.89836067,-0.36690098
137,3455,0.86356217,0.19176428,-0.4053238,0.16255856,0.71967375,-0.37108958,-0.59460527,-0.18227993,0.15547112,0.00466495,-1.1643858,0.041599624,0.06273885,-0.24114737,-0.76703703,-0.4415527
137,1113,0.86356205,0.19176428,-0.4053238,0.16255856,0.7196738,-0.37108955,-0.59460545,-0.18227993,0.15547112,0.00466495,-1.1643857,0.041599628,0.062738866,-0.24114737,-0.76703703,-0.44155264
137,1346,0.86356217,0.19176428,-0.40532383,0.16255856,0.7196738,-0.37108955,-0.5946054,-0.18227993,0.15547112,0.0046649575,-1.1643859,0.041599628,0.062738836,-0.2411474,-0.7670371,-0.44155264
137,1658,-0.42506385,-1.3890163,-0.379648,-0.32510868,-1.8925531,0.35761788,-2.1239321,-0.29457766,0.22072417,0.8615475,-0.32613948,1.181665,-2.1643956,-0.36864802,0.908365,-1.735942
137,283,-0.42506385,-1.3890162,-0.37964797,-0.32510865,-1.8925531,0.35761783,-2.1239324,-0.2945776,0.22072417,0.8615474,-0.3261395,1.1816648,-2.1643956,-0.36864802,0.908365,-1.7359419
137,1282,-0.66392475,-0.2426948,0.68304527,0.14416148,-0.3448487,-0.043995354,0.05949159,0.18801175,-0.35932028,-0.5084463,0.31731412,0.84371257,0.23722501,-0.17570749,-0.16045687,0.08610059
137,3300,0.86356217,0.19176425,-0.4053238,0.16255856,0.7196737,-0.37108958,-0.5946053,-0.18227993,0.15547112,0.00466495,-1.1643859,0.041599624,0.062738836,-0.2411474,-0.767037,-0.44155264
137,438,0.9641103,0.64026386,-0.38516217,0.15311484,-0.9251809,0.4052992,-0.19095917,0.22387336,-0.7596794,0.6588455,0.3399178,-0.13749342,-0.47766912,0.541656,-0.9493082,-0.36212885
137,548,0.86356217,0.19176425,-0.40532377,0.16255856,0.7196738,-0.37108955,-0.59460545,-0.18227993,0.15547113,0.00466495,-1.1643857,0.041599628,0.06273885,-0.24114737,-0.76703703,-0.44155264
137,3576,0.86356217,0.19176428,-0.40532377,0.16255854,0.7196738,-0.37108955,-0.59460545,-0.18227993,0.15547112,0.0046649575,-1.1643857,0.041599628,0.06273885,-0.24114737,-0.76703703,-0.44155264
137,2197,-0.42506385,-1.3890163,-0.37964803,-0.32510862,-1.8925531,0.35761788,-2.1239324,-0.29457766,0.22072417,0.8615474,-0.32613948,1.1816647,-2.1643958,-0.36864802,0.908365,-1.7359418
137,4140,0.86356217,0.19176427,-0.4053238,0.16255854,0.71967375,-0.37108955,-0.59460545,-0.18227993,0.15547112,0.004664965,-1.1643858,0.04159963,0.062738836,-0.2411474,-0.76703703,-0.44155264
137,2,-0.4589791,-0.10299291,0.8168758,0.17601587,-0.094903246,-0.043168265,0.09220243,0.056853816,-0.45719817,-0.5120847,0.330696,0.8701869,0.23512253,-0.16207,-0.34635866,0.20831504
137,3,-0.21259055,-0.19883029,-0.62341,0.1030898,-0.18070191,0.0005412325,0.19344938,0.67370486,0.84188807,0.2724836,-0.20265976,-0.36467808,0.21289213,0.54027915,0.5294315,0.5323642
137,5,-0.42731136,0.2232068,-0.49080834,-0.029214013,-0.3170518,0.1579229,0.118956424,0.6099962,0.38919973,0.10794335,-0.5577442,-0.5177235,0.20404159,0.19345509,0.39539942,0.42918715
137,32,-0.50687385,-0.56638813,-0.31357688,-0.14845042,-1.1813331,0.23209864,-0.99910617,0.17339072,0.11938219,0.40247422,-0.37273523,0.45511538,-0.89537686,-0.16644932,0.5728475,-0.6741222
137,35,-0.61324024,-0.24144551,0.5399629,0.18053284,-0.12099521,-0.16446629,0.2587574,0.2022052,-0.21887934,-0.3616436,0.51196307,0.6835979,0.34535575,-0.0154435225,0.08852918,0.35436657
137,39,0.58316195,0.09974669,0.15440188,0.23459297,0.5680244,-0.14848234,-0.48292834,-0.087867215,-0.02459538,-0.20934716,-0.87831885,0.5051085,0.07558082,-0.1877519,-0.88705343,-0.12344307
137,44,-0.6571473,-0.19653597,0.4848633,0.17204678,-0.18692546,-0.13109225,0.2726946,0.26519632,-0.1917218,-0.34525755,0.47314408,0.6213199,0.354872,0.009070694,0.121720426,0.39423776
137,58,-0.09344298,0.06007527,-0.67719615,0.05648165,-0.2307662,0.13508466,0.11731933,0.7163118,0.67480886,0.2753297,-0.47485673,-0.50906396,0.16251889,0.4669961,0.29726171,0.45186493
137,60,0.04604873,0.03666138,0.4637807,-0.40335515,0.45664752,0.515908,0.28166145,-0.55052495,0.26181167,-0.119946964,0.216643,-0.42237377,-0.48393744,-0.12773477,0.16086173,0.087332554
137,73,0.42867744,-0.28253937,0.066093326,0.27006173,0.73860234,-0.3963186,-0.2506997,-0.039688617,0.1141794,-0.1315593,-0.34864837,0.5351131,0.277588,-0.07272568,-0.3877399,0.03981869
137,88,-0.514177,-0.002239,-0.38770083,0.015373595,-0.5492402,0.097138695,-0.07418908,0.59789747,0.24007237,0.107927315,-0.39926606,-0.18199612,0.13906977,0.1058279,0.39682844,0.23198059
137,95,0.38129526,-0.35647047,0.44029826,-0.41990227,0.80761683,0.49003786,0.2843758,-0.6823356,0.61212486,0.001459159,0.5853181,-0.3056358,-0.65679187,0.071648955,0.26034346,0.05812581
137,107,-0.2690294,0.6526218,0.7057648,-0.4598929,0.11996086,0.681156,0.22616039,-0.63535297,-0.4258035,-0.3570839,-0.14464831,-0.53141797,-0.34409773,-0.5133083,-0.12385592,0.031874105
137,109,-0.1537357,-0.29296744,-0.6417259,0.13882543,-0.16348648,-0.04260833,0.20864536,0.6768921,0.92110366,0.30905187,-0.097764365,-0.3178066,0.22428831,0.6156222,0.53713953,0.53605485
137,110,-0.4899985,-0.12583192,0.8092667,0.17275243,-0.12937506,-0.04296481,0.0858225,0.07348229,-0.45056024,-0.51765746,0.33358106,0.87933797,0.2348604,-0.16717471,-0.32596824,0.19114012
137,117,-0.633279,-0.2206456,0.71544194,0.14903285,-0.30565763,-0.04213935,0.06406985,0.16334787,-0.38236234,-0.514857,0.32411596,0.8560715,0.23558426,-0.17744753,-0.19535321,0.10389275
137,122,-0.60427713,-0.13438518,-0.26650408,0.1638002,-0.45491278,-0.26482084,0.3554333,0.57414305,0.024076432,0.0023484305,0.33850536,-0.016971774,0.5807326,0.21672025,0.4142588,0.3011663
137,127,0.04899472,0.30444002,-0.7262541,-0.067946255,-0.093974546,-1.1167638,0.07715213,-0.7801245,-0.9709462,0.18039146,0.3989707,-0.75485593,0.59077805,-0.7688681,0.51180327,-1.1253763
137,133,-0.2867902,0.6080642,0.66584504,-0.42406622,0.09591691,0.62653726,0.22858931,-0.57734406,-0.39230326,-0.34510228,-0.12822413,-0.4919082,-0.30471927,-0.47698143,-0.10565087,0.043698624
137,139,0.013756216,0.36504638,-0.88888526,-0.098481,-0.072497204,-1.3498578,0.22996727,-0.98406553,-1.2062551,0.3012135,0.76097244,-1.0390441,0.8107908,-0.85405445,0.85995215,-1.2089962
137,141,-0.46193635,1.0198784,0.06445064,-0.27641234,-0.49384642,0.608521,0.026116505,0.12153677,-0.49458292,-0.15822195,-0.8772647,-0.7522159,0.05081132,-0.3522983,-0.18081254,0.17410848
137,147,0.3827262,0.6226286,-0.17764601,-0.11569983,-0.6430361,0.5822261,-0.30096287,0.028719977,-0.5469444,0.33418226,-0.29903805,-0.3467791,-0.44669056,0.043382928,-0.4995116,-0.2395213
137,150,0.13880754,-0.057790607,-0.7186383,0.12532285,-0.15635884,0.1230446,0.12792826,0.73792547,0.81775695,0.35593566,-0.34558427,-0.431346,0.11695068,0.6459803,0.1961772,0.4734214
137,154,-0.06423336,-0.7162299,-0.17652687,0.18529281,0.5868627,-0.8007936,0.14019491,-0.05782108,0.090932935,0.0012248531,0.537219,0.33736205,0.5884016,-0.055172946,0.6064632,-0.0011323541
137,158,0.15243256,-0.14937949,0.3872913,-0.38657627,0.5727759,0.47401524,0.29563147,-0.51819444,0.48087707,-0.04774267,0.32692045,-0.3878243,-0.5372533,0.00251415,0.23608541,0.1149283
137,166,-0.6669277,0.24471106,0.5715859,0.08729845,-0.32834247,0.09840607,0.27795792,0.18474454,-0.4357576,-0.37769026,0.21016973,0.37609196,0.26256573,-0.10272801,-0.07075594,0.40685904
137,171,-0.34989312,0.52708113,-0.27323037,-0.13532433,-0.3217497,0.34951037,0.10059229,0.39788228,0.10004641,0.013661198,-0.6869767,-0.6407479,0.08777276,0.02129166,0.10097417,0.31362903
137,172,-0.2818107,0.6518447,0.69303715,-0.45654288,0.11398943,0.67736834,0.23209539,-0.6153393,-0.40762424,-0.35526744,-0.15941507,-0.5399008,-0.34278864,-0.5036154,-0.115256935,0.04551039
137,173,-0.61324024,-0.24144551,0.539963,0.18053284,-0.12099521,-0.16446629,0.2587574,0.2022052,-0.21887934,-0.3616436,0.51196307,0.68359786,0.34535572,-0.0154435225,0.088529184,0.3543666
137,175,-0.6025668,-0.29983115,0.60570836,0.17974898,-0.13406697,-0.15488794,0.17960708,0.17562617,-0.25450104,-0.41722998,0.47528744,0.78134596,0.31328395,-0.07195397,0.013881527,0.2535135
137,178,-0.15773718,-0.239555,0.5047847,0.19897509,0.18373246,-0.2025314,-0.034288988,0.03586036,-0.21523324,-0.36625364,0.09787628,0.747969,0.26876965,-0.12818108,-0.30197158,0.11475465
137,183,-0.21218446,-0.15889765,0.7203686,0.2178045,0.20087789,-0.1330651,0.0457803,0.0020401329,-0.33693513,-0.43403766,0.2428281,0.85188234,0.2655209,-0.114840746,-0.37439507,0.2549988
137,185,1.9102643,0.76901734,-0.30195525,0.55339724,-1.0876185,0.26358786,0.39299178,0.29746136,-0.9195018,0.9475087,1.7682314,0.091835305,-0.5216448,1.4977219,-1.689426,-0.23340285
137,197,-0.23179579,0.3477105,-0.3974029,-0.06904921,-0.2575083,0.27986515,0.10922277,0.48971623,0.3190396,0.10242609,-0.6008116,-0.5832637,0.0934705,0.18580717,0.15029086,0.35960096
137,216,0.2901355,-0.36308014,0.2692323,-0.35199842,0.6932628,0.41560894,0.29665813,-0.45183307,0.73061013,0.049455576,0.4428118,-0.33923423,-0.57819265,0.1683264,0.30954844,0.14473496
137,235,-0.6483987,-0.1604858,0.61941004,0.17276667,-0.18366975,-0.115597546,0.2638744,0.18536338,-0.30773485,-0.4041067,0.5060512,0.7019899,0.3280651,-0.05166584,0.017024152,0.3469959
137,237,0.9359564,0.1263595,-0.47798422,0.17439076,0.8423536,-0.47195318,-0.61527365,-0.22484858,0.17425346,0.03831149,-1.1521156,0.04141189,0.09681857,-0.2558383,-0.71425974,-0.4862371
137,240,0.3775487,-0.32274747,0.035427034,0.26016632,0.71579117,-0.42712387,-0.21050005,-0.028305784,0.12868063,-0.11773668,-0.27157938,0.50784075,0.30020228,-0.06273626,-0.29682767,0.039652072
137,241,-0.40883496,0.13156904,-0.4788266,-0.007183239,-0.27351123,0.11595262,0.13955055,0.6003695,0.456726,0.115645684,-0.46850473,-0.45800292,0.20550582,0.2361105,0.42236292,0.4441989
137,258,-0.14246869,-0.14066239,0.63215435,0.20983247,0.18289958,-0.12160679,-0.035133556,0.016037405,-0.28800973,-0.41118395,0.07368228,0.80379146,0.23700048,-0.12997979,-0.4340477,0.17683975
137,263,1.9602773,0.82263,-0.1638353,0.61705303,-1.0777651,0.23674682,0.5745908,0.28922534,-0.926057,0.89507484,2.0441525,0.13456273,-0.45380038,1.6389627,-1.7909794,-0.13999468
137,278,0.17565411,-0.5099856,-0.043127492,0.22737622,0.6424182,-0.56736887,-0.07573743,-0.009056225,0.14201298,-0.09041923,0.03858725,0.47398657,0.39411202,-0.053164143,0.04178392,0.0073200613
137,279,-0.46193635,1.0198784,0.06445063,-0.27641234,-0.49384642,0.608521,0.02611652,0.12153676,-0.49458292,-0.15822195,-0.8772646,-0.7522158,0.05081132,-0.3522983,-0.18081257,0.17410848
137,280,-0.13699882,0.49654424,0.6513587,-0.4705856,0.24125527,0.6725237,0.22838995,-0.65798944,-0.2502786,-0.28277567,-0.04342834,-0.5279628,-0.40940964,-0.4243323,-0.053376496,0.024688683
137,291,0.45735186,-0.13224113,0.14303231,0.26009962,0.66377974,-0.27998915,-0.30690873,-0.052011147,0.047202326,-0.17188644,-0.5042196,0.5411478,0.20682558,-0.09898016,-0.56843746,0.022730298
137,302,0.48184264,0.05128377,0.25179362,0.24384089,0.54346514,-0.13202088,-0.39625317,-0.06703003,-0.053451575,-0.23914051,-0.7144935,0.5720519,0.1101702,-0.15085955,-0.81353945,-0.027430117
137,308,-0.64226127,-0.1476294,0.6039412,0.16731526,-0.19093156,-0.109815046,0.26183778,0.1852854,-0.30084822,-0.39631367,0.4901084,0.6773336,0.32296053,-0.05098621,0.015743017,0.3393399
137,309,-0.5299877,-0.15461363,0.78404593,0.16632056,-0.17861483,-0.042667534,0.07734063,0.09881171,-0.43190798,-0.5179744,0.3299424,0.8764048,0.2346064,-0.17116131,-0.29087463,0.16507298
137,312,-0.50774646,0.07418355,-0.3854345,0.041052703,-0.42777056,0.062131412,0.085140124,0.644649,0.27427948,0.059143163,-0.36339477,-0.27067113,0.30093458,0.15913771,0.37390712,0.38029087
137,313,-0.31927365,0.5065919,-0.31226006,-0.12649544,-0.31236434,0.35023364,0.098563224,0.4253363,0.15047084,0.03856813,-0.6958016,-0.65108216,0.08401205,0.058399003,0.108091146,0.32972926
137,314,0.042097837,-0.57062024,-0.09636082,0.19770035,0.5661082,-0.6219689,0.02262953,0.0033257306,0.14564636,-0.060950767,0.21794811,0.40060675,0.44103843,-0.03856987,0.24996182,0.0023626536
137,325,0.5373741,0.05523076,0.060791783,0.21839009,0.551493,-0.1977404,-0.4309144,-0.06777339,0.032570492,-0.16212274,-0.7977436,0.41502726,0.10458501,-0.16428436,-0.74755436,-0.12492624
137,338,0.48184264,0.05128377,0.25179362,0.24384089,0.54346526,-0.13202088,-0.3962531,-0.06703003,-0.053451575,-0.23914054,-0.7144935,0.5720519,0.1101702,-0.15085955,-0.8135394,-0.027430102
137,339,0.1942389,0.05695471,-0.4348014,0.037192926,0.16054897,-0.6729216,-0.1939085,-0.33198136,-0.30030704,0.008353956,-0.26501748,-0.18564147,0.27765414,-0.45672265,-0.0013104528,-0.70364785
137,342,-0.6006111,-0.12477343,-0.34053323,0.16120942,-0.48449832,-0.27341446,0.35998988,0.6043034,0.045517012,0.035269745,0.31369677,-0.08316622,0.6006884,0.23352279,0.44076273,0.28933728
137,363,-0.6750135,0.24998672,0.5840702,0.08820988,-0.3262869,0.10337547,0.28295588,0.1857976,-0.4440169,-0.38394657,0.2132817,0.38378918,0.2633607,-0.10343425,-0.070635945,0.42029455
137,367,0.29764646,-0.37861085,0.009709887,0.24571969,0.67581683,-0.466709,-0.15760176,-0.017822787,0.1328119,-0.10796256,-0.16151702,0.48698336,0.3303951,-0.056479786,-0.17688465,0.032755136
137,375,-0.28572407,-0.08376591,-0.57197714,0.064987995,-0.21178189,0.046900965,0.17374532,0.6523101,0.713734,0.2160163,-0.30491412,-0.39656043,0.209476,0.43492582,0.4968471,0.5121013
137,381,0.13174087,-0.051348474,-0.75896764,0.121539876,-0.1611489,0.13073018,0.12453547,0.76940286,0.84808207,0.37006056,-0.3895439,-0.46599102,0.12217624,0.65485454,0.21912917,0.49052724
137,385,0.24434495,-0.25691164,0.33901256,-0.32152182,0.58529043,0.38463032,0.24171019,-0.49203002,0.46720418,-0.01049228,0.45748106,-0.24840994,-0.4589712,0.060252517,0.21337669,0.06625165
137,394,-0.6528352,-0.18933557,0.27385247,0.16675201,-0.257623,-0.16594754,0.29294986,0.35532105,-0.11665218,-0.25181744,0.42647034,0.44491464,0.4161862,0.06582433,0.21713889,0.37447804
137,404,-0.186686,-0.16582145,0.72469974,0.22425903,0.2295704,-0.13981982,0.03394054,-0.0051731765,-0.3350771,-0.43514043,0.22971848,0.8681133,0.26695403,-0.116084486,-0.3923809,0.2563673
137,405,-0.6644599,-0.25551242,0.71580565,0.1546785,-0.31616864,-0.055678096,0.07009984,0.17898913,-0.37521192,-0.51979,0.35250777,0.880714,0.24679421,-0.17499755,-0.16105875,0.10801763
137,423,0.3775487,-0.32274747,0.035427034,0.26016632,0.7157911,-0.42712387,-0.2105001,-0.028305799,0.12868063,-0.11773668,-0.27157933,0.5078408,0.30020228,-0.06273627,-0.29682764,0.03965208
137,430,-0.23708378,0.62651104,0.69723487,-0.4608417,0.13939856,0.6776149,0.2191346,-0.6448757,-0.4095593,-0.34278464,-0.12013657,-0.5232998,-0.34909064,-0.5024116,-0.11790985,0.020162925
137,433,0.015606821,0.35325712,-0.8717458,-0.09248705,-0.060335934,-1.3222511,0.22760385,-0.95617783,-1.1697912,0.29614836,0.74696594,-1.0151073,0.80510575,-0.8254792,0.84470963,-1.168153
137,442,-0.61408305,-0.20091824,0.74610496,0.15352736,-0.2820726,-0.037214387,0.0643892,0.14611347,-0.40702844,-0.5240056,0.326362,0.87338465,0.23318759,-0.18198134,-0.22904176,0.11596964
137,443,0.4000175,-0.5070486,0.22031716,-0.34332332,0.7998537,0.39264622,0.29711246,-0.4492898,0.88320816,0.10712103,0.54368263,-0.30538952,-0.6253544,0.262668,0.3548798,0.1512852
137,444,0.1275832,0.24641289,-0.8834261,-0.05529109,0.13344435,-1.3153913,0.16537726,-0.8976469,-0.99474,0.307828,0.6396,-0.9180539,0.79278886,-0.74771714,0.8118386,-1.0766369
137,448,0.4125383,0.10050818,-0.8194425,0.029686747,0.49624485,-1.1289217,-0.07412745,-0.68810827,-0.5371679,0.26179317,0.112366356,-0.6108068,0.6117645,-0.56465316,0.45220226,-0.8655108
137,453,-0.12535283,0.43546152,0.60544145,-0.44560763,0.24393605,0.63112986,0.22978924,-0.613798,-0.18892068,-0.2572737,-0.018132277,-0.5020476,-0.3916648,-0.37797278,-0.025218159,0.034286417
137,456,0.42922366,-0.4374901,0.3919055,-0.4136871,0.8610816,0.47765583,0.29375416,-0.653618,0.7301971,0.04104086,0.61410916,-0.30714226,-0.6883773,0.13855138,0.30016518,0.08070378
137,460,-0.28977013,0.6743511,0.5378181,-0.40637785,-0.044575527,0.6634663,0.13079488,-0.4590038,-0.40128893,-0.28159863,-0.30279204,-0.5399686,-0.30420446,-0.44925174,-0.12344381,0.039454006
137,461,0.5621055,0.10610548,0.19478548,0.236981,0.55461353,-0.12777273,-0.46775615,-0.08453648,-0.042291433,-0.22378534,-0.8556823,0.5281439,0.07551706,-0.18094026,-0.8948216,-0.09771997
137,465,0.5743639,0.060318597,0.029516147,0.21826412,0.57671934,-0.21410629,-0.45389187,-0.07919334,0.040990423,-0.15320933,-0.83579415,0.4006979,0.100872815,-0.17399395,-0.7626277,-0.15225437
137,469,-0.15206674,-0.30981874,-0.6557275,0.14626065,-0.16582255,-0.048162814,0.20798562,0.689841,0.93909264,0.31669205,-0.09213666,-0.314834,0.23505087,0.6286347,0.54888964,0.5448963
137,470,0.47252637,0.11604546,0.2703026,0.23192668,0.48609197,-0.08207324,-0.408592,-0.064821675,-0.07604446,-0.2498306,-0.7679696,0.5517307,0.080617055,-0.15964092,-0.86569875,-0.03875369
137,480,0.40071142,-0.35167438,0.5109602,-0.44185266,0.84202504,0.5120068,0.28559113,-0.766024,0.56397986,-0.022887364,0.63797003,-0.28824317,-0.68194467,0.03205847,0.2403512,0.02802097
137,481,-0.2299245,0.68144095,0.28165984,-0.34451655,-0.3502916,0.6838213,-0.17143442,-0.2641229,-0.47265473,-0.10714377,-0.5417324,-0.47408527,-0.33252364,-0.40956402,-0.152681,-0.08478898
137,485,-0.33988443,-0.0033368152,-0.5378721,0.033392865,-0.22706863,0.07853598,0.1593509,0.63362324,0.6274276,0.17507854,-0.3839051,-0.42546278,0.20512292,0.35540408,0.4781724,0.49436453
137,491,0.29054117,-0.3911752,0.22753839,-0.32373583,0.67364866,0.37763405,0.28774095,-0.4022978,0.7494049,0.06521814,0.44957024,-0.3104341,-0.5436679,0.19921272,0.31539345,0.14977582
137,495,1.9102645,0.76901734,-0.30195525,0.5533972,-1.0876184,0.26358783,0.39299178,0.29746136,-0.9195018,0.9475087,1.7682315,0.091835305,-0.5216448,1.497722,-1.689426,-0.23340282
137,498,-0.67255926,-0.14357181,0.6378355,0.17335139,-0.2050695,-0.10356853,0.27079684,0.19525762,-0.3288153,-0.41598955,0.51062095,0.71458006,0.33207566,-0.056674253,0.0117158,0.3628624
137,521,0.6080788,0.07193968,0.068981774,0.23147899,0.6089495,-0.1976164,-0.47294867,-0.08860843,0.026741352,-0.16651008,-0.866121,0.44145525,0.09381318,-0.17563167,-0.81979233,-0.13555399
137,529,-0.18718852,-0.4179942,0.22618994,0.17308852,0.21858723,-0.38616517,0.012760907,0.04984969,-0.07207926,-0.24755955,0.20518386,0.5762183,0.35182804,-0.11073658,0.029532284,0.019617796
137,536,1.9602773,0.8226299,-0.16383529,0.61705303,-1.077765,0.23674682,0.57459086,0.28922534,-0.92605674,0.89507484,2.0441525,0.13456273,-0.45380044,1.6389626,-1.7909794,-0.13999474
137,540,-0.6055145,-0.021815475,-0.23084563,0.147031,-0.4938829,-0.20204055,0.35120538,0.5565757,-0.044210665,-0.015087925,0.26717916,-0.061897486,0.5551475,0.18452112,0.34838998,0.3039316
137,545,-0.5386245,-0.12740338,-0.30149904,-0.04327975,-0.7503144,0.14245376,-0.34730273,0.4381094,0.11386587,0.1567066,-0.38027766,0.030212818,-0.16699208,-0.025912035,0.41156504,-0.06063886
137,552,0.12758309,0.24641292,-0.8834261,-0.055291083,0.13344441,-1.3153915,0.16537726,-0.8976468,-0.99474,0.307828,0.6396,-0.918054,0.7927889,-0.74771714,0.81183857,-1.0766368
137,562,-0.6725593,-0.14357182,0.6378355,0.17335139,-0.2050695,-0.10356853,0.2707968,0.19525762,-0.3288153,-0.41598952,0.5106209,0.71458006,0.33207566,-0.05667426,0.0117158,0.3628624
137,563,-0.20289098,-0.16062547,0.7392061,0.22290063,0.2153645,-0.13417263,0.040139675,-0.004772097,-0.34855595,-0.4427806,0.2429102,0.87463975,0.26604167,-0.11940688,-0.39266664,0.2581148
137,569,0.38129526,-0.35647053,0.4402982,-0.41990232,0.80761695,0.49003786,0.2843758,-0.6823357,0.61212486,0.0014591739,0.58531815,-0.30563575,-0.6567919,0.071648955,0.2603435,0.05812581
137,572,-0.24412929,-0.21145317,-0.6120944,0.1271325,-0.2456148,-0.034594424,0.17964989,0.6982218,0.75882155,0.25864437,-0.15480876,-0.31230944,0.27975267,0.51379144,0.5126564,0.5033644
137,576,1.8199255,0.7808105,-0.17982642,0.5713616,-1.0052657,0.25369212,0.5443257,0.30685636,-0.80213094,0.8394896,1.8652943,0.07989886,-0.41690272,1.5630778,-1.6454239,-0.08173494
137,585,-0.44770518,-0.007831272,-0.47262338,0.06300327,-0.37523806,0.032967657,0.1089013,0.68135685,0.42479992,0.12068016,-0.3269084,-0.29693407,0.30696407,0.25881603,0.43742007,0.4294489
137,596,1.9889398,0.83481854,-0.18645927,0.6176401,-1.0873299,0.24410436,0.5625449,0.29688677,-0.9415053,0.91605365,2.0285676,0.12430068,-0.46585554,1.6425804,-1.8122013,-0.15268934
137,604,-0.6669277,0.24471109,0.5715859,0.08729845,-0.32834244,0.09840607,0.27795792,0.18474454,-0.43575767,-0.37769026,0.21016975,0.37609196,0.26256573,-0.102727994,-0.07075596,0.406859
137,610,0.45214564,-0.010653036,-0.20713508,0.14415619,0.46007276,-0.3727032,-0.39263624,-0.10078524,0.059820466,-0.08477692,-0.70623845,0.19555518,0.14397019,-0.22474977,-0.46722162,-0.34632736
137,612,-0.68444884,0.3055852,0.6515504,0.0818879,-0.33263886,0.13524953,0.2872504,0.1544095,-0.50682944,-0.4128822,0.20874193,0.40044016,0.24512307,-0.13093145,-0.11640972,0.42890653
137,619,-0.42858142,0.7290512,-0.15445441,-0.20650847,-0.3836391,0.45709962,0.0901412,0.30291408,-0.105076425,-0.0608036,-0.79584664,-0.7286626,0.06370215,-0.12577058,0.028393656,0.2830559
137,635,-0.41174003,0.6954107,-0.19526862,-0.19606258,-0.37310305,0.44209456,0.088544354,0.332985,-0.054594584,-0.03881546,-0.7942261,-0.72868085,0.06699808,-0.09291382,0.04915671,0.29365468
137,655,-0.6412722,-0.27088523,0.6669613,0.1623032,-0.24643028,-0.094588205,0.11504072,0.1763081,-0.32503647,-0.47631326,0.40231496,0.83095086,0.27200046,-0.13521408,-0.08559567,0.16070364
137,666,-0.23433594,-0.14572167,0.7184887,0.21089,0.16995783,-0.12297422,0.054567292,0.007956579,-0.34256366,-0.43443376,0.24833238,0.8355741,0.26180917,-0.11564328,-0.36579847,0.2513545
137,686,-0.68646705,0.29154092,0.6478373,0.06637615,-0.40463716,0.16342738,0.21206175,0.13020746,-0.5282738,-0.39037925,0.16920218,0.41832173,0.16950136,-0.16220932,-0.11916348,0.349714
137,697,-0.22373484,0.606367,0.6836374,-0.45852903,0.14911382,0.6722372,0.21868306,-0.6386553,-0.3854902,-0.33178088,-0.111198716,-0.5217145,-0.35202396,-0.4876695,-0.10801318,0.021566316
137,716,-0.6429086,0.0793864,0.01858065,0.13139856,-0.4758346,-0.10191224,0.32811016,0.45790076,-0.19382322,-0.13230623,0.24163637,0.07403414,0.47554463,0.08836791,0.20912158,0.33511853
137,717,0.34236854,-0.29952687,0.46352267,-0.41784337,0.76094025,0.49205697,0.27699482,-0.6871776,0.5321426,-0.023532286,0.5569735,-0.30312622,-0.62634873,0.029905902,0.23319545,0.045924224
137,728,-0.28096086,-0.17735286,-0.59084713,0.11546761,-0.26625043,-0.02619195,0.16790503,0.6962795,0.70102966,0.23495796,-0.18414137,-0.3115068,0.28748015,0.46832052,0.5039158,0.49021548
137,729,-0.6395305,-0.30406648,0.6760138,0.17741765,-0.19922228,-0.12215482,0.13540573,0.17747538,-0.3152367,-0.47312835,0.44964987,0.8626746,0.29301617,-0.1173532,-0.055306956,0.20208901
137,730,-0.62272805,-0.23369291,0.567281,0.18286274,-0.12623847,-0.15892836,0.26135036,0.19752587,-0.24150088,-0.37541133,0.5222215,0.7040411,0.34513795,-0.023077685,0.074447975,0.35853913
137,745,-0.6395305,-0.30406654,0.6760138,0.17741764,-0.19922228,-0.12215482,0.13540573,0.17747538,-0.3152367,-0.47312835,0.44964987,0.8626746,0.29301617,-0.1173532,-0.055306956,0.20208901
137,758,1.0329504,0.65643245,-0.3759013,0.17829956,-0.9452648,0.40620106,-0.15954278,0.22406909,-0.77751106,0.68059796,0.43447888,-0.12254761,-0.4894967,0.60601467,-1.0047836,-0.35715324
137,763,-0.11510101,0.23419707,-0.5183904,-0.014847245,-0.2261874,0.24519351,0.11133497,0.58022934,0.48714003,0.18959633,-0.5518548,-0.56271833,0.09348959,0.33464745,0.17330694,0.40435413
137,783,0.0020767748,0.12787646,0.5004138,-0.41228753,0.4056639,0.5399407,0.27213728,-0.567459,0.15548578,-0.15390557,0.16424565,-0.4390704,-0.46076965,-0.18857296,0.119460896,0.073939085
137,786,0.41208464,-0.42365706,0.3936188,-0.40806207,0.8408767,0.47060168,0.29166353,-0.6461898,0.70752084,0.03403435,0.60548025,-0.30145282,-0.67217183,0.12916689,0.29437757,0.07878871
137,789,-0.13723081,-0.72422093,-0.1780314,0.16809468,0.51324403,-0.80487853,0.17005174,-0.052780464,0.06823666,-0.0059116557,0.59548163,0.31455976,0.5980404,-0.06811306,0.6709585,-0.018459931
137,797,0.35764903,-0.29079974,0.5145054,-0.438964,0.7893484,0.51640445,0.2795129,-0.7497622,0.50212693,-0.040226832,0.58664554,-0.30175388,-0.6523601,0.00045303255,0.21984777,0.026929103
137,801,-0.1871885,-0.41799426,0.22618991,0.17308852,0.21858715,-0.38616514,0.0127608925,0.04984969,-0.07207925,-0.24755955,0.20518386,0.5762182,0.35182807,-0.110736564,0.029532291,0.019617796
137,808,0.06221831,-0.0066711195,-0.7419033,0.100779474,-0.19134788,0.14003506,0.12127352,0.75978607,0.79449105,0.34538954,-0.42700064,-0.49107468,0.13285369,0.60096717,0.24661687,0.48471943
137,810,-0.029020041,-0.7047479,-0.17349793,0.1898153,0.60367566,-0.787612,0.10545255,-0.05244708,0.102941796,-0.011278167,0.46791682,0.36103094,0.5637584,-0.060363393,0.53085816,-0.022206724
137,827,-0.29032832,0.61007124,0.65672445,-0.43064928,0.102770224,0.63713676,0.23611072,-0.56879956,-0.3660327,-0.341333,-0.14669067,-0.51511043,-0.3186525,-0.46858552,-0.09473127,0.058524027
137,832,-0.48109448,-0.9774477,-0.33731475,-0.25312275,-1.6131843,0.33053955,-1.6365321,-0.075274125,0.12975013,0.6457728,-0.38728884,0.85038745,-1.6036428,-0.30167717,0.733934,-1.2632105
137,840,1.895421,0.7990957,-0.17864902,0.5971393,-1.0414973,0.24370271,0.55854565,0.3035999,-0.8589112,0.87121063,1.9552177,0.108084925,-0.43496692,1.6076428,-1.7197633,-0.10971272
137,854,0.39829624,-0.3964036,0.41252,-0.41188076,0.8256477,0.47685295,0.28843465,-0.65998244,0.66721076,0.020299606,0.59804344,-0.30137813,-0.66390294,0.10563934,0.2801242,0.0700664
137,856,0.04490292,0.28777182,-0.70355165,-0.06262295,-0.08720515,-1.0849344,0.06927383,-0.7476473,-0.9280958,0.16912708,0.36959296,-0.72102433,0.57168496,-0.7454545,0.48957294,-1.0914412
137,872,0.539222,0.051805407,0.019464683,0.21108694,0.55027926,-0.21691063,-0.42935824,-0.06892945,0.04710617,-0.14762348,-0.79776925,0.3806743,0.10807501,-0.16618022,-0.7197124,-0.14574957
137,876,0.29764652,-0.37861085,0.009709887,0.24571969,0.6758169,-0.46670902,-0.15760176,-0.017822787,0.1328119,-0.107962556,-0.16151702,0.48698336,0.3303951,-0.05647977,-0.17688462,0.032755136
137,878,-0.1448835,-0.12935711,0.7005745,0.22050537,0.22488312,-0.122406594,0.000598982,-0.0075332522,-0.32857537,-0.4275693,0.14611515,0.84186447,0.249079,-0.1233581,-0.44435126,0.22998416
137,880,0.38987786,-0.18660182,0.09830235,0.24974857,0.6392284,-0.3165453,-0.24602665,-0.029401973,0.08217679,-0.14578241,-0.3957703,0.4953977,0.23913458,-0.0749124,-0.4395364,0.041834787
137,891,0.39467126,-0.44170815,0.34590346,-0.38176924,0.8130555,0.4376207,0.29190293,-0.5827819,0.7398716,0.04916916,0.5863736,-0.2914728,-0.64300203,0.16115269,0.30764043,0.09703684
137,893,-0.46193635,1.0198784,0.06445063,-0.27641237,-0.49384642,0.60852104,0.02611652,0.12153676,-0.49458298,-0.15822195,-0.8772647,-0.7522159,0.050811335,-0.3522983,-0.18081254,0.17410848
137,903,-0.60301316,-0.07310901,-0.3868344,0.15501079,-0.5387136,-0.26362753,0.3664152,0.6242503,0.020977993,0.0525415,0.2788378,-0.15191673,0.6167187,0.2302183,0.42896578,0.26714435
137,906,-0.5283383,0.021014381,-0.350263,0.007997949,-0.56602883,0.10211902,-0.08389439,0.57297134,0.18170269,0.08750286,-0.39630073,-0.16371278,0.13022232,0.07029027,0.37068814,0.20384407
137,909,0.86356217,0.19176427,-0.4053238,0.16255856,0.7196738,-0.37108955,-0.59460545,-0.18227993,0.15547112,0.0046649575,-1.1643858,0.041599624,0.062738836,-0.24114737,-0.76703703,-0.4415527
137,924,1.002393,0.04581765,-0.60928965,0.17966548,0.9959656,-0.66241634,-0.6023716,-0.32951242,0.14190641,0.11005146,-1.0386617,-0.03627097,0.19318916,-0.3064946,-0.5267549,-0.5728508
137,925,0.5354216,0.03595694,-0.7322228,0.077413864,0.65006566,-0.95326036,-0.19829245,-0.52415663,-0.256998,0.21530807,-0.19925699,-0.41509187,0.4850428,-0.43164766,0.2144588,-0.69259053
137,928,0.37031126,-0.3055231,0.50013936,-0.44086012,0.80285525,0.5191099,0.28127605,-0.74231094,0.53276014,-0.029172786,0.5860286,-0.31050843,-0.6635461,0.016318839,0.23047677,0.034207307
137,932,0.34772587,-0.325836,0.0375496,0.25486833,0.6908197,-0.42315793,-0.19165502,-0.02054964,0.127946,-0.117658876,-0.2432183,0.4987235,0.30396563,-0.057358254,-0.27089143,0.046925038
137,947,1.5366843,0.69712996,-0.35550448,0.3904723,-1.0248636,0.33042282,0.13375238,0.27615044,-0.82395834,0.8480534,1.1762949,-0.0005851686,-0.5232902,1.1235437,-1.371294,-0.28433827
137,951,-0.49891207,-1.0782654,-0.17533302,-0.25143743,-1.6237549,0.3316468,-1.6928563,-0.2109593,0.07710967,0.6242645,-0.23095575,1.05748,-1.7392191,-0.3303004,0.73651296,-1.3279583
137,953,-0.60968596,-0.30146396,0.6243198,0.18093297,-0.14190012,-0.15028414,0.1740581,0.17462212,-0.2687999,-0.42937464,0.47650343,0.801836,0.3112405,-0.07978159,0.00058843195,0.24880338
137,954,-0.6419462,0.10472436,0.1772691,0.113868445,-0.41131407,-0.04122004,0.29614803,0.37094998,-0.22978726,-0.20490313,0.20869908,0.16744421,0.39718533,0.02923344,0.13509767,0.35040158
137,955,0.11500549,0.2067811,-0.6101316,-0.024031874,0.011549532,-0.9377242,-0.033225596,-0.598634,-0.70108414,0.112482734,0.12959038,-0.5242614,0.46416223,-0.6408127,0.2963918,-0.95592487
137,961,-0.25635657,0.44421,-0.38485906,-0.100259855,-0.28851557,0.3361194,0.09834153,0.47855413,0.25538698,0.087337844,-0.685762,-0.64927727,0.08192125,0.13898537,0.1253749,0.35920092
137,962,0.45297468,-0.36865556,0.5734669,-0.46881518,0.9065052,0.54326695,0.28522843,-0.857255,0.54715925,-0.032888442,0.7028314,-0.27618682,-0.72768426,0.008858625,0.22629842,-0.0016052276
137,967,-0.15511382,-0.6628214,-0.020096317,0.17962395,0.41624856,-0.66388005,0.09049982,-0.0035773665,0.03039259,-0.1088075,0.4496792,0.4655717,0.5115664,-0.0874691,0.43069652,-0.010999173
137,971,-0.2690294,0.65262175,0.70576465,-0.4598929,0.11996089,0.681156,0.22616039,-0.63535297,-0.4258035,-0.3570839,-0.14464831,-0.531418,-0.34409767,-0.5133083,-0.12385592,0.031874105
137,972,0.014075279,0.10100415,0.48944563,-0.41010842,0.42093283,0.5335036,0.2759364,-0.56207985,0.18882604,-0.14382905,0.17838982,-0.43576038,-0.46878082,-0.1703139,0.13275337,0.079015605
137,973,-0.5403612,-0.12909082,-0.28101823,-0.04605965,-0.75652426,0.1436224,-0.35579956,0.41965377,0.09562515,0.15114474,-0.3692312,0.047639996,-0.18161021,-0.038171772,0.40227407,-0.07791498
137,975,-0.21218446,-0.15889765,0.7203686,0.2178045,0.20087789,-0.1330651,0.045780316,0.002040118,-0.33693513,-0.43403763,0.2428281,0.85188234,0.2655209,-0.114840746,-0.37439513,0.2549988
137,989,0.0772616,0.01958337,-0.6877905,0.087288305,-0.17708157,0.15273306,0.11873718,0.710928,0.7347299,0.32349473,-0.4037487,-0.4751382,0.10758908,0.57309,0.19794679,0.4510133
137,998,-0.013282478,0.16281396,0.5105976,-0.41523433,0.38536388,0.54908025,0.26717955,-0.57088655,0.116374016,-0.16502248,0.14218551,-0.44648516,-0.45106786,-0.20989656,0.1037935,0.06933147
137,1001,-0.41429555,0.22502892,-0.5024042,-0.02827013,-0.31565863,0.16163766,0.11698848,0.6174118,0.39879563,0.115145005,-0.56718075,-0.5256735,0.20210198,0.20162134,0.38849878,0.42967856
137,1005,-0.06423342,-0.7162299,-0.17652687,0.18529281,0.5868627,-0.8007935,0.14019492,-0.05782108,0.090932935,0.0012248531,0.5372189,0.33736205,0.5884016,-0.055172946,0.6064632,-0.0011323392
137,1008,0.20103651,-0.45230812,-0.025605425,0.22748435,0.6268951,-0.52137923,-0.09847541,-0.00646542,0.13632824,-0.09734457,-0.030219473,0.46465403,0.3670296,-0.054191653,-0.029645383,0.014145777
137,1012,-0.16519538,-0.35207927,0.35038614,0.18825196,0.22132327,-0.31664613,-0.010925427,0.038955122,-0.13530746,-0.3011008,0.16242717,0.66435474,0.31918314,-0.120230764,-0.11662528,0.059655078
137,1018,-0.56394064,-0.18357415,0.76084673,0.1617541,-0.21711817,-0.0453661,0.07130684,0.12089619,-0.4130445,-0.51722616,0.33007848,0.8747236,0.23613736,-0.17316222,-0.25631696,0.1445218
137,1024,-0.43225935,-1.3651319,-0.388583,-0.31965706,-1.8983033,0.36848804,-2.1136546,-0.26881307,0.20940518,0.85541004,-0.36040235,1.1593207,-2.1404178,-0.37134778,0.89661306,-1.7199224
137,1032,-0.6778624,-0.13941698,0.609548,0.17113559,-0.21273759,-0.09964734,0.27459008,0.21551216,-0.30619824,-0.40466142,0.49843007,0.69013536,0.3363319,-0.04355527,0.031932816,0.3780903
137,1047,0.042097837,-0.5706203,-0.0963608,0.19770038,0.5661082,-0.6219689,0.022629514,0.0033257306,0.14564638,-0.060950764,0.21794811,0.4006068,0.44103843,-0.03856987,0.24996182,0.0023626536
137,1062,-0.6289069,-0.1874404,0.04270944,0.16420381,-0.31821638,-0.21258965,0.3152715,0.44497192,-0.031202815,-0.14215928,0.38901344,0.25729728,0.48017603,0.13394758,0.31739473,0.35260338
137,1071,-0.6566311,0.11203846,0.5280545,0.022440853,-0.5683286,0.18545517,-0.042319328,0.0839158,-0.4418498,-0.25120413,0.106293574,0.48859727,-0.085233256,-0.18567702,-0.00623551,0.116974816
137,1096,-0.47434524,-1.1769779,-0.24784693,-0.27578875,-1.7130865,0.3399231,-1.8337556,-0.23740612,0.12697282,0.7032474,-0.26741034,1.08939,-1.8749275,-0.34366602,0.79259676,-1.4645516
137,1101,0.58893794,0.04156574,-0.053889103,0.20296209,0.5781798,-0.2660508,-0.4723112,-0.09100412,0.05868669,-0.13291012,-0.8545012,0.35266078,0.105480865,-0.19544004,-0.72148436,-0.22611004
137,1106,1.7770803,0.75700605,-0.17154016,0.5643459,-0.98422456,0.24857259,0.54263765,0.305864,-0.766307,0.8184527,1.8408275,0.08148914,-0.4025162,1.5458478,-1.6025565,-0.0647143
137,1115,0.12296599,-0.060230147,-0.73335373,0.124053,-0.16162807,0.12065188,0.12923631,0.75127625,0.8314105,0.3586793,-0.36065,-0.44377822,0.124949664,0.6455719,0.21727255,0.48213053
137,1135,0.68050355,0.6914656,-0.102238595,0.18761754,-0.6364963,0.35428274,0.29093665,0.26221818,-0.41451383,0.34820825,0.5466119,-0.25598562,-0.14339696,0.6934494,-0.78803223,0.11233665
137,1140,-0.3064298,-0.0651944,-0.54241216,0.055116646,-0.2107504,0.049572594,0.16966714,0.632058,0.6748819,0.19319978,-0.31516394,-0.3886494,0.20882472,0.39879376,0.48439014,0.4962248
137,1141,0.46379775,-0.36764437,0.5035927,-0.4598466,0.8921312,0.54391456,0.27453285,-0.79323906,0.5941388,-0.00095113367,0.6499012,-0.30844343,-0.71941906,0.046666086,0.24038614,0.021383464
137,1144,-0.27966064,0.7169272,0.53691256,-0.41883475,-0.10430575,0.70917064,0.06786604,-0.47092122,-0.4596422,-0.26749694,-0.35765186,-0.54311097,-0.3401466,-0.4772592,-0.15211156,0.0015090555
137,1153,-0.5135224,-0.96959084,-0.11479272,-0.2242179,-1.5164194,0.31331006,-1.5304195,-0.17903139,0.03773263,0.54242176,-0.19601256,0.9998795,-1.5770255,-0.3103919,0.6733398,-1.1838318
137,1158,-0.14785561,0.496296,0.64147997,-0.45988873,0.22505508,0.6585681,0.22622216,-0.63992125,-0.25556624,-0.28276595,-0.047027238,-0.51772,-0.39232522,-0.42056403,-0.054472715,0.026436143
137,1173,-0.41953176,0.19294654,-0.5206592,-0.023337003,-0.3040207,0.15040806,0.12229946,0.6314546,0.44079238,0.12583125,-0.5557665,-0.52204317,0.20432925,0.22235012,0.42287508,0.44910443
137,1174,0.4301082,-0.47599363,0.3341596,-0.38952598,0.85349727,0.44734496,0.2965315,-0.58884007,0.7954172,0.067259915,0.6030926,-0.30172873,-0.6738963,0.18747011,0.32266307,0.10412553
137,1178,0.41567355,-0.27237147,0.06470318,0.2655188,0.7209553,-0.38792318,-0.2420379,-0.035768047,0.113780156,-0.12968887,-0.34363276,0.52116823,0.27539498,-0.069537774,-0.3804286,0.043066896
137,1184,-0.61055565,-0.09312367,-0.3861516,0.15800269,-0.53277874,-0.2678677,0.36298028,0.6315548,0.032176487,0.05041898,0.28309202,-0.13494949,0.6186327,0.23310211,0.44074154,0.27385813
137,1188,-0.42045546,-1.3731552,-0.39683405,-0.31899306,-1.8756384,0.35624388,-2.1028974,-0.27040887,0.22819859,0.85979986,-0.34434444,1.1556301,-2.134251,-0.35944203,0.9035296,-1.710645
137,1204,-0.036160022,0.86732906,-0.024431437,-0.10951045,-0.50735587,0.5292601,0.09105158,0.19136053,-0.40116704,0.033771537,-0.4287976,-0.57503515,-0.018383473,0.031399474,-0.3830436,0.16832305
137,1215,-0.28321242,0.14052814,-0.6067405,0.00013461709,-0.2640123,0.14619824,0.11281872,0.67238873,0.5589765,0.19236138,-0.56174624,-0.54326075,0.18692383,0.31492725,0.3737252,0.44107196
137,1216,0.44821066,-0.5343354,0.2632173,-0.366256,0.8616736,0.41707438,0.29983804,-0.51917124,0.89218843,0.10508562,0.6004811,-0.29889935,-0.6697596,0.25493982,0.35308304,0.13262361
137,1220,-0.29032835,0.61007124,0.65672445,-0.4306493,0.102770165,0.6371368,0.23611072,-0.5687995,-0.3660327,-0.341333,-0.14669067,-0.51511043,-0.3186525,-0.46858552,-0.09473127,0.058524035
137,1239,0.19423884,0.05695471,-0.4348014,0.037192926,0.16054897,-0.67292166,-0.1939085,-0.3319813,-0.30030704,0.008353956,-0.26501745,-0.18564148,0.27765414,-0.45672265,-0.0013104379,-0.70364785
137,1241,0.013756156,0.36504632,-0.88888526,-0.098481,-0.07249722,-1.3498577,0.22996727,-0.9840653,-1.2062552,0.3012135,0.76097244,-1.0390443,0.81079084,-0.8540546,0.8599521,-1.2089962
137,1254,0.5844266,0.06542613,0.06478341,0.22704817,0.5895463,-0.1983951,-0.45924765,-0.08130421,0.029700276,-0.16426599,-0.84355795,0.43179113,0.09757216,-0.17204006,-0.79470026,-0.13272631
137,1265,0.41509247,-0.41096282,0.41252396,-0.41795012,0.8467165,0.48377365,0.29092202,-0.66933477,0.6891896,0.026536606,0.6085068,-0.30633688,-0.68060374,0.11406048,0.28667918,0.07149648
137,1268,-0.054672062,0.27694923,0.5587195,-0.43452403,0.33580178,0.59147143,0.25362372,-0.6020259,-0.00986933,-0.2046791,0.07859309,-0.47516775,-0.4363678,-0.2843075,0.050631136,0.05258485
137,1270,0.42123622,-0.5287418,0.22343779,-0.3416901,0.81832147,0.3887084,0.29434347,-0.4608479,0.8920172,0.11210308,0.5705124,-0.29067773,-0.63047093,0.27038962,0.35510662,0.14448884
137,1277,0.41567355,-0.27237147,0.06470318,0.26551884,0.72095525,-0.38792318,-0.24203794,-0.035768047,0.113780156,-0.12968887,-0.34363273,0.52116823,0.27539498,-0.069537774,-0.3804286,0.043066904
137,1280,0.26120597,0.11955607,-0.8568592,-0.0070421994,0.34992015,-1.2500587,0.057055086,-0.78716016,-0.74156505,0.28939563,0.41594666,-0.74118394,0.7193729,-0.6443497,0.67912835,-0.9567027
137,1288,-0.65383255,0.13110073,0.22415152,0.11300814,-0.41557157,-0.024210356,0.30017737,0.35586846,-0.27009004,-0.22673288,0.21330687,0.19042818,0.39067966,0.012799237,0.10833697,0.35977262
137,1307,0.60768473,0.11793785,0.22057483,0.2485104,0.5909448,-0.12064352,-0.5013915,-0.099643216,-0.05802562,-0.2378461,-0.9043597,0.5674224,0.06551482,-0.19257393,-0.9599785,-0.103240415
137,1316,0.9788212,0.072976135,-0.55065525,0.17897713,0.93670654,-0.57589394,-0.61302495,-0.27694005,0.17015496,0.077424936,-1.0991724,0.009065799,0.14470881,-0.27864432,-0.61559284,-0.5289951
137,1322,-0.47434524,-1.1769779,-0.24784693,-0.27578872,-1.7130865,0.33992308,-1.8337556,-0.23740612,0.12697282,0.7032474,-0.2674103,1.08939,-1.8749275,-0.34366605,0.79259676,-1.4645514
137,1331,-0.46739852,0.8989983,-0.0008818507,-0.24621634,-0.44909054,0.5365967,0.06495051,0.18613829,-0.34887087,-0.13559872,-0.82733893,-0.7284712,0.059776157,-0.26972803,-0.09666191,0.21883914
137,1334,0.57451695,0.6377349,-0.25287262,-0.027752396,-0.7486603,0.53054494,-0.28027654,0.09673296,-0.6282849,0.44459957,-0.11126929,-0.27982473,-0.4583308,0.20009193,-0.6555744,-0.28724083
137,1339,0.33907306,-0.32859063,0.034822308,0.25224394,0.6816599,-0.42480218,-0.18855669,-0.018971756,0.1272591,-0.11791763,-0.2370565,0.49566776,0.30484092,-0.05840474,-0.26261422,0.04270345
137,1342,-0.63327897,-0.22064559,0.71544194,0.14903286,-0.30565763,-0.04213935,0.06406987,0.16334787,-0.3823623,-0.514857,0.32411596,0.8560715,0.23558426,-0.17744753,-0.19535318,0.10389275
137,1344,-0.029020041,-0.70474803,-0.17349795,0.1898153,0.60367566,-0.78761214,0.10545256,-0.052447066,0.1029418,-0.011278167,0.46791682,0.36103088,0.5637584,-0.060363386,0.5308582,-0.022206724
137,1353,-0.21866931,0.113004655,-0.65403795,0.016292013,-0.25059044,0.14784089,0.11193583,0.70233124,0.62196827,0.23037204,-0.55540586,-0.55151874,0.17697625,0.37494382,0.3626609,0.45530438
137,1360,0.03171122,0.06469013,0.4767052,-0.40633765,0.44142795,0.52341944,0.27945396,-0.55689114,0.22879598,-0.13126446,0.20127904,-0.42718053,-0.47741175,-0.1471139,0.14811127,0.08330705
137,1374,-0.54088885,-0.6810542,0.031987052,-0.1559397,-1.2416483,0.2668352,-1.1138943,-0.10244875,-0.0630177,0.3353802,-0.11948394,0.8295983,-1.1536232,-0.2661069,0.49950057,-0.82896185
137,1381,1.0023928,0.045817636,-0.60928965,0.17966548,0.99596584,-0.66241634,-0.6023715,-0.32951242,0.14190641,0.11005146,-1.0386617,-0.03627097,0.19318914,-0.30649462,-0.5267549,-0.5728507
137,1397,-0.607846,-0.15455544,-0.16939536,0.16373879,-0.40561792,-0.24997672,0.3429793,0.5310483,0.011619218,-0.041852895,0.35769802,0.07009675,0.54677397,0.19312385,0.3853646,0.31822318
137,1401,0.07567778,-0.039758854,0.430084,-0.38547608,0.48672664,0.4822955,0.28556168,-0.5255371,0.3375759,-0.09456596,0.26508746,-0.39202,-0.48608208,-0.07585308,0.18923241,0.09678089
137,1423,-0.40277067,-0.06312083,-0.51955116,0.0781605,-0.34031242,0.010282107,0.12636992,0.6939592,0.5137691,0.15816903,-0.28831533,-0.30662835,0.30761963,0.32213888,0.47043803,0.451386
137,1428,0.42902678,-0.35784322,0.5383282,-0.46067408,0.87853754,0.53519785,0.28685638,-0.8111683,0.56550264,-0.025085777,0.66253763,-0.29434735,-0.7128046,0.022855733,0.23729149,0.017427146
137,1432,-0.39052847,0.07601882,-0.48498002,0.005296465,-0.24763459,0.09710107,0.15182802,0.6011176,0.5162965,0.12933844,-0.42680192,-0.43740517,0.20313448,0.2718813,0.44530398,0.46091405
137,1434,0.13880754,-0.057790603,-0.7186384,0.12532283,-0.15635884,0.1230446,0.12792826,0.73792547,0.81775695,0.3559357,-0.34558424,-0.431346,0.116950676,0.6459803,0.1961772,0.47342137
137,1453,0.37789965,-0.30089682,0.51669145,-0.44893527,0.81310284,0.52941465,0.28075162,-0.76435256,0.5214628,-0.034044206,0.59480846,-0.31169385,-0.6729663,0.0060481206,0.22488204,0.027116306
137,1455,-0.4555864,-1.2796792,-0.30869272,-0.2994681,-1.8056725,0.35251766,-1.9781817,-0.2615317,0.16758238,0.7794517,-0.29734507,1.1408777,-2.0186813,-0.35641488,0.85078174,-1.5921347
137,1457,0.3422011,-0.2814477,0.50932795,-0.43042594,0.7688941,0.5063019,0.27730113,-0.73500985,0.4870803,-0.043696504,0.5768716,-0.29530627,-0.6347462,-0.0028225258,0.2155585,0.027363092
137,1461,1.3634377,0.7730309,-0.10328421,0.41454256,-0.85417795,0.33908275,0.46394038,0.2684135,-0.6206197,0.61992353,1.3593949,-0.07131776,-0.3144893,1.2429808,-1.2988822,0.04460738
137,1463,-0.14715433,-0.74090517,-0.17559737,0.16803974,0.5096345,-0.81316984,0.17070648,-0.051073387,0.066707686,-0.0114919245,0.60727125,0.32681865,0.60111386,-0.072153434,0.6794866,-0.025635973
137,1467,-0.6006111,-0.12477341,-0.3405333,0.1612094,-0.48449832,-0.2734145,0.3599899,0.60430336,0.045517016,0.035269745,0.31369674,-0.083166204,0.6006884,0.23352277,0.4407627,0.28933728
137,1477,-0.21314655,-0.2438328,-0.65583277,0.13647494,-0.22925709,-0.035876684,0.18311137,0.72047293,0.8322749,0.28921697,-0.15562764,-0.32798034,0.2739495,0.56173867,0.5349404,0.525898
137,1478,-0.17994644,-0.1697691,0.7426317,0.229097,0.24152018,-0.141122,0.028119087,-0.010557458,-0.34575614,-0.44414335,0.23049551,0.89137477,0.26764885,-0.12079576,-0.4083594,0.258401
137,1497,-0.18295103,0.8777972,-0.0019962862,-0.1569923,-0.4860701,0.53217924,0.062236786,0.17264828,-0.41002923,-0.030912727,-0.569557,-0.6074339,0.017847553,-0.09651318,-0.29757935,0.16564804
137,1501,0.4952662,0.105829254,0.27045757,0.23891532,0.51560736,-0.09237327,-0.4192049,-0.07110156,-0.07291802,-0.24954537,-0.77686805,0.56645304,0.083746746,-0.16137855,-0.8769621,-0.038948014
137,1503,-0.3624847,-0.10627803,-0.55865514,0.09098461,-0.31407648,-0.005196139,0.13907284,0.7045345,0.5872011,0.18917298,-0.26019788,-0.31557673,0.3057773,0.37532598,0.49240264,0.4671227
137,1510,0.6080788,0.07193968,0.06898177,0.231479,0.6089494,-0.1976164,-0.47294867,-0.08860843,0.026741352,-0.16651008,-0.86612105,0.44145525,0.09381318,-0.17563166,-0.81979233,-0.13555396
137,1515,0.34095538,-0.46031344,0.20850188,-0.32069686,0.7260879,0.36732996,0.2902531,-0.4045453,0.8224412,0.09076161,0.49953157,-0.29425824,-0.5685253,0.24245976,0.33770332,0.15309785
137,1539,0.37789965,-0.30089676,0.51669145,-0.4489353,0.81310284,0.52941465,0.28075162,-0.7643527,0.52146286,-0.034044206,0.5948085,-0.3116938,-0.67296624,0.006048117,0.22488204,0.027116306
137,1549,-0.64725256,-0.19819655,0.45769206,0.16875039,-0.18356007,-0.13388301,0.2710607,0.26936752,-0.17065868,-0.33126903,0.4605506,0.59640944,0.35416827,0.016525276,0.13360873,0.39085358
137,1552,-0.16780788,-0.26797414,-0.6636832,0.12809782,-0.16876592,-0.027005807,0.20254907,0.6953604,0.92285216,0.3114035,-0.14568996,-0.34919304,0.22093947,0.6075884,0.5497485,0.54633224
137,1560,-0.4526355,-1.2104995,-0.36303553,-0.29841253,-1.8004663,0.36084527,-1.9418303,-0.20040365,0.16800784,0.77410406,-0.3750593,1.045859,-1.9470677,-0.35217768,0.82766706,-1.554773
137,1561,-0.58166,-0.31079298,0.5554416,0.1882805,-0.07267785,-0.19010952,0.22354673,0.18161254,-0.20502979,-0.37423688,0.515466,0.736179,0.34002012,-0.028742041,0.08116739,0.31488627
137,1570,0.47888833,-0.056610513,0.20187116,0.2587552,0.62826836,-0.2182928,-0.35162938,-0.06331374,-0.0026726946,-0.20644444,-0.5977017,0.57298124,0.16651875,-0.12389834,-0.6885909,0.0042060465
137,1579,-0.27511573,0.63948,0.69455576,-0.44858083,0.111860946,0.66394883,0.22674647,-0.61807615,-0.41749576,-0.3541157,-0.13899413,-0.51812696,-0.3312477,-0.5030382,-0.11906916,0.034925953
137,1580,0.53542167,0.035956927,-0.7322227,0.077413864,0.65006566,-0.95326024,-0.19829245,-0.5241567,-0.25699806,0.2153081,-0.19925702,-0.41509187,0.4850428,-0.43164772,0.2144588,-0.69259053
137,1587,0.1388076,-0.057790603,-0.7186383,0.12532283,-0.15635884,0.1230446,0.12792826,0.73792547,0.81775695,0.35593566,-0.3455843,-0.43134606,0.116950676,0.6459803,0.1961772,0.47342137
137,1596,-0.5944537,-0.2646604,0.5998651,0.19356345,-0.06684399,-0.18075892,0.257671,0.17073983,-0.24797788,-0.38481554,0.5511942,0.7460326,0.34862736,-0.026397284,0.06616688,0.36204177
137,1600,-0.3899859,0.66041094,-0.23139375,-0.18329048,-0.36073196,0.42771626,0.089004956,0.3605255,-0.0032129362,-0.017388217,-0.7874937,-0.72399503,0.0682324,-0.056706864,0.06411234,0.30567133
137,1602,0.5573539,0.04114756,-0.05471363,0.19658066,0.55139124,-0.2612833,-0.44999576,-0.08243881,0.059586342,-0.13057202,-0.82388455,0.33714747,0.10939287,-0.18792212,-0.69137156,-0.21676081
137,1623,-0.5497434,-0.16634612,0.8116728,0.16941458,-0.19372538,-0.039342765,0.07098929,0.1015492,-0.45124856,-0.53736436,0.3398856,0.9131451,0.2346452,-0.18230397,-0.30050355,0.15899904
137,1625,0.36505556,-0.3041169,0.5091276,-0.43211925,0.7914866,0.5066052,0.2764037,-0.7454822,0.5060456,-0.036237553,0.59952486,-0.28846735,-0.6461018,0.008138716,0.21999395,0.024287127
137,1629,0.39594036,-0.40882438,0.39246568,-0.40156472,0.8194438,0.46367085,0.28867173,-0.6358063,0.68556327,0.02837298,0.59420174,-0.29662108,-0.6549768,0.1213097,0.2873003,0.077389166
137,1637,-0.61473435,-0.29896992,0.62101793,0.17382134,-0.17166138,-0.13642347,0.15314806,0.1786512,-0.2719479,-0.43635643,0.44712391,0.8002928,0.29918247,-0.092901066,-0.01662071,0.21809822
137,1641,-0.47172812,0.89860415,-0.005191844,-0.24981113,-0.4410068,0.5401576,0.07313808,0.18954395,-0.33345568,-0.13596797,-0.83467764,-0.7412221,0.053520426,-0.2645899,-0.08655003,0.22987273
137,1642,-0.44770518,-0.007831266,-0.47262338,0.06300327,-0.37523812,0.032967634,0.1089013,0.68135685,0.4247999,0.12068016,-0.32690847,-0.296934,0.30696407,0.25881603,0.43742007,0.4294489
137,1646,-0.40883496,0.13156904,-0.4788266,-0.007183239,-0.27351123,0.1159526,0.13955057,0.60036945,0.45672596,0.115645684,-0.46850473,-0.45800292,0.20550582,0.23611052,0.42236292,0.4441989
137,1647,-0.18428434,0.53186023,0.65239155,-0.4516227,0.18893297,0.6521717,0.22456533,-0.6280722,-0.3024352,-0.30163348,-0.06869819,-0.5098618,-0.36769485,-0.44113332,-0.07276216,0.02715411
137,1659,-0.65352654,-0.27839923,0.70018053,0.16566592,-0.257968,-0.08847162,0.10379049,0.17558207,-0.34895015,-0.49840868,0.40465403,0.87203044,0.26959646,-0.14878525,-0.108581215,0.15293507
137,1660,0.47533524,-0.006914027,0.22730446,0.25067177,0.5824905,-0.17683615,-0.37215316,-0.06391089,-0.028427564,-0.22376923,-0.6506398,0.5742542,0.13952307,-0.13763155,-0.7460508,-0.012496233
137,1670,-0.59312445,-0.29556686,0.58928525,0.17855518,-0.12410473,-0.15873992,0.18589611,0.17497241,-0.24194509,-0.40539384,0.474113,0.7607275,0.3150006,-0.0638559,0.024009496,0.2600096
137,1674,-0.23708378,0.62651104,0.69723487,-0.4608417,0.13939856,0.6776149,0.2191346,-0.64487565,-0.4095593,-0.34278467,-0.12013658,-0.52329975,-0.34909064,-0.50241154,-0.11790985,0.020162925
137,1678,1.2182848,0.76736134,-0.098960504,0.36324504,-0.81167704,0.35445872,0.4256137,0.2647169,-0.5776372,0.5605001,1.1773347,-0.11902811,-0.28190666,1.1258259,-1.1938426,0.064305656
137,1687,0.631378,-0.035631634,-0.62259865,0.12593883,0.77759045,-0.76316667,-0.30713117,-0.34390795,0.019077811,0.16012669,-0.4836622,-0.20288406,0.35702205,-0.28947565,-0.021788254,-0.5036544
137,1704,-0.6384431,-0.18934298,0.44481212,0.1647699,-0.18360326,-0.13113649,0.26969445,0.26689646,-0.1634419,-0.3238802,0.4486604,0.57613224,0.3501456,0.018064786,0.13341239,0.38530633
137,1712,-0.114838034,0.42275327,-0.82576036,-0.12917747,-0.28533706,-1.2887318,0.25870368,-0.96556354,-1.2851142,0.25166756,0.7786163,-1.0386238,0.7400538,-0.8978602,0.8188003,-1.2729937
137,1724,0.47533524,-0.006914027,0.22730447,0.25067177,0.5824905,-0.17683616,-0.37215322,-0.06391086,-0.028427564,-0.22376923,-0.6506398,0.5742542,0.13952307,-0.13763154,-0.74605083,-0.012496233
137,1733,-0.20176731,-0.1624923,0.7102405,0.21867542,0.21082486,-0.13720538,0.042644963,0.0017433017,-0.32750776,-0.42842996,0.23549516,0.846677,0.26643738,-0.11210169,-0.37266988,0.2545974
137,1748,0.4735549,-0.40232348,0.5094296,-0.4510344,0.9070103,0.5251174,0.2779552,-0.7993312,0.6087976,0.00042578578,0.6887885,-0.27969927,-0.718192,0.057910178,0.24615446,0.016841844
137,1766,0.87132305,0.6688775,-0.37060517,0.10601619,-0.91802484,0.45116723,-0.25049484,0.2000404,-0.7649393,0.6161907,0.18016642,-0.17949055,-0.47303706,0.4378835,-0.8983608,-0.36690092
137,1773,-0.6126773,-0.12564175,-0.3665819,0.16528545,-0.5026338,-0.2779031,0.3648871,0.62892216,0.047520652,0.042855345,0.30838507,-0.096651025,0.6175261,0.24112567,0.45530963,0.29490092
137,1779,-0.6681831,-0.16349916,0.5644131,0.17235345,-0.19785719,-0.11329292,0.27543187,0.23266791,-0.2615407,-0.38236824,0.49264115,0.66680706,0.34356874,-0.022184227,0.06697083,0.3872097
137,1784,-0.28977013,0.67435104,0.5378181,-0.40637788,-0.044575512,0.6634662,0.13079488,-0.45900393,-0.40128896,-0.28159863,-0.30279195,-0.53996855,-0.3042044,-0.44925168,-0.12344381,0.039454006
137,1789,0.6299748,0.07879731,0.07907446,0.2364281,0.6258654,-0.19364296,-0.48700833,-0.09517901,0.02146928,-0.17090434,-0.88901967,0.4556883,0.08914456,-0.17943901,-0.8485802,-0.1365248
137,1804,0.2612061,0.119556054,-0.8568592,-0.007042203,0.34992015,-1.2500585,0.05705507,-0.78716,-0.741565,0.28939566,0.41594663,-0.7411839,0.719373,-0.64434963,0.67912835,-0.9567026
137,1814,0.39801723,-0.40613484,0.4028705,-0.40636683,0.82463944,0.4690423,0.28943223,-0.6484407,0.6794059,0.024650149,0.59934705,-0.29736298,-0.66038114,0.11498031,0.28486037,0.0739285
137,1830,0.14659983,0.13447405,-0.52878404,0.0041572116,0.0758266,-0.81701595,-0.10336216,-0.47323608,-0.5175992,0.06403964,-0.044990383,-0.36646903,0.37874293,-0.55490315,0.1617674,-0.84001917
137,1844,-0.6566311,0.11203848,0.5280544,0.022440854,-0.56832856,0.18545517,-0.042319283,0.08391581,-0.4418498,-0.25120413,0.106293574,0.48859733,-0.085233286,-0.185677,-0.00623551,0.116974816
137,1848,-0.15206675,-0.30981874,-0.6557274,0.14626065,-0.16582255,-0.048162807,0.20798562,0.689841,0.93909264,0.31669208,-0.092136614,-0.314834,0.23505087,0.6286347,0.54888964,0.54489636
137,1850,-0.40483505,-0.07814835,0.8276417,0.1847073,-0.026218146,-0.051082935,0.10207345,0.029970914,-0.46243832,-0.50227666,0.33155566,0.86264974,0.23968732,-0.15242267,-0.37278724,0.23869324
137,1855,-0.2416218,0.64375395,0.70732,-0.4703388,0.14173041,0.69343066,0.2219229,-0.65477973,-0.4163517,-0.348577,-0.13340989,-0.539001,-0.35997826,-0.5120985,-0.12153736,0.023208417
137,1856,-0.16810401,-0.5118421,0.15294722,0.18045762,0.30207473,-0.4813795,0.033112213,0.032513157,-0.03333903,-0.20568922,0.2838971,0.55902195,0.40296382,-0.101834014,0.15540154,0.012663439
137,1857,0.25294393,-0.39730543,-0.00086400285,0.2362333,0.6438972,-0.4778127,-0.13107066,-0.009838849,0.13334359,-0.10447895,-0.11218817,0.47192508,0.34101093,-0.05326419,-0.12225872,0.02943939
137,1882,-0.17110035,0.49718964,0.6212685,-0.43804178,0.19094022,0.63030803,0.22178462,-0.6024179,-0.26731402,-0.28314072,-0.055778615,-0.49734914,-0.35702586,-0.41336605,-0.057092905,0.030317396
137,1884,-0.1507616,-0.31981456,-0.65396285,0.14956048,-0.1637418,-0.052521408,0.20923245,0.6888895,0.9442747,0.31771716,-0.081462674,-0.3076877,0.2369716,0.63297886,0.5520458,0.54665005
137,1897,-0.59698385,-0.028452875,-0.20316315,0.14159207,-0.4673729,-0.19031282,0.33815658,0.53510195,-0.03137528,-0.026943557,0.2527903,-0.043353416,0.5314095,0.17485423,0.33846492,0.30522075
137,1903,-0.46807426,0.87972736,-0.0041566603,-0.24381278,-0.43646428,0.5269385,0.07392479,0.18857339,-0.32730207,-0.13477457,-0.81451005,-0.72461003,0.058021486,-0.25954503,-0.083513856,0.22571342
137,1923,-0.0736672,0.41970593,-0.8737252,-0.12647511,-0.22236805,-1.3471324,0.25847,-1.0132431,-1.3089186,0.28156772,0.8070295,-1.0795605,0.7893985,-0.9136438,0.8693024,-1.2893643
137,1925,1.9889395,0.8348185,-0.18645929,0.6176401,-1.0873299,0.24410442,0.5625449,0.29688677,-0.9415053,0.91605365,2.0285673,0.124300666,-0.46585536,1.6425805,-1.8122013,-0.15268937
137,1937,0.43984312,-0.21898311,0.09956616,0.26669106,0.7084967,-0.34570807,-0.27197826,-0.04340799,0.08827327,-0.14750709,-0.4112761,0.53684133,0.24833788,-0.08110957,-0.4619894,0.038286686
137,1938,-0.66608393,0.18046275,0.38071844,0.10153279,-0.37916565,0.033457436,0.2877025,0.28310138,-0.34368476,-0.2974813,0.20442817,0.27683407,0.33382136,-0.041445483,0.029738426,0.38297498
137,1962,1.8556883,0.7589655,-0.3215343,0.5237638,-1.0842859,0.28475192,0.3344676,0.29561403,-0.90255153,0.9404839,1.6560045,0.07188417,-0.5335679,1.4366685,-1.634989,-0.24638793
137,1963,1.2182846,0.76736134,-0.09896052,0.363245,-0.811677,0.35445872,0.4256137,0.2647169,-0.57763726,0.56050014,1.1773347,-0.11902808,-0.28190672,1.1258258,-1.1938429,0.06430565
137,1964,-0.44515637,0.94629097,0.08653955,-0.25074512,-0.47329217,0.5601825,0.030468121,0.10526451,-0.4824485,-0.15913218,-0.78456175,-0.67364603,0.0637334,-0.3352567,-0.17727244,0.15548123
137,1969,-0.5386246,-0.12740336,-0.30149904,-0.04327975,-0.7503145,0.14245376,-0.34730273,0.4381094,0.113865875,0.15670663,-0.3802777,0.030212816,-0.16699208,-0.025912035,0.41156504,-0.060638905
137,1971,-0.58166,-0.31079292,0.5554416,0.1882805,-0.07267786,-0.19010954,0.22354673,0.18161254,-0.20502982,-0.37423688,0.515466,0.736179,0.3400201,-0.028742041,0.0811674,0.31488627
137,1983,-0.42858142,0.7290512,-0.1544544,-0.20650847,-0.38363913,0.45709968,0.09014121,0.30291408,-0.10507644,-0.060803607,-0.79584664,-0.7286625,0.06370214,-0.1257706,0.028393663,0.2830559
137,1986,-0.46341664,0.9290656,0.013065837,-0.24684073,-0.47484958,0.5494743,0.044613123,0.1746566,-0.39820084,-0.1379591,-0.8363344,-0.7203585,0.06651664,-0.29127666,-0.1265361,0.19867982
137,1989,0.3910305,-0.30256116,0.049651183,0.26245725,0.7156759,-0.40955058,-0.22301145,-0.030058548,0.122328326,-0.12391221,-0.30000192,0.5150654,0.2897856,-0.06522274,-0.33151987,0.0423667
137,1996,1.9889398,0.8348185,-0.18645929,0.61764014,-1.0873297,0.24410439,0.5625448,0.29688677,-0.9415053,0.91605365,2.0285676,0.12430068,-0.46585536,1.6425803,-1.8122013,-0.15268937
137,1999,-0.33956227,-0.010892382,-0.5182034,0.03601627,-0.22282143,0.07203839,0.16304421,0.6194462,0.6173159,0.16738194,-0.36162287,-0.40737236,0.20470563,0.3512438,0.47091153,0.4884071
137,2024,-0.42045546,-1.3731551,-0.39683402,-0.31899306,-1.8756384,0.35624388,-2.1028974,-0.27040887,0.22819859,0.85979986,-0.3443444,1.1556301,-2.134251,-0.359442,0.9035296,-1.710645
137,2044,-0.24356574,-0.16381353,-0.5879693,0.087332815,-0.18232045,0.011200994,0.18715504,0.6515073,0.7877979,0.24211034,-0.22976086,-0.3631125,0.20981258,0.49063796,0.51454395,0.5163167
137,2049,0.26120597,0.119556054,-0.8568593,-0.007042203,0.34992015,-1.2500585,0.05705507,-0.78716,-0.741565,0.28939566,0.41594666,-0.7411839,0.719373,-0.64434963,0.67912835,-0.9567026
137,2052,-0.5746919,-0.26621023,0.23477307,-0.051788446,-0.8181136,0.1869613,-0.4867764,0.023967266,-0.19497335,0.032785513,0.00020115077,0.57429475,-0.5169262,-0.18642849,0.252313,-0.2916601
137,2053,-0.60427713,-0.13438517,-0.26650402,0.1638002,-0.45491278,-0.2648208,0.35543323,0.5741431,0.024076443,0.002348423,0.3385054,-0.016971774,0.5807326,0.21672024,0.41425887,0.30116633
137,2057,0.978821,0.07297613,-0.55065525,0.17897712,0.93670654,-0.575894,-0.61302495,-0.27694005,0.17015496,0.077424936,-1.0991724,0.009065798,0.14470881,-0.2786443,-0.6155928,-0.52899516
137,2068,-0.16306496,-0.29534477,-0.6710031,0.14921853,-0.18870768,-0.04690756,0.19876568,0.71059245,0.91453105,0.31489566,-0.11465455,-0.32130522,0.25647452,0.61666846,0.54379904,0.54092
137,2070,1.8199258,0.78081053,-0.17982644,0.57136154,-1.0052657,0.25369215,0.5443257,0.30685636,-0.802131,0.8394895,1.8652945,0.07989885,-0.41690278,1.5630779,-1.6454239,-0.081734955
137,2072,-0.033477455,-0.75358754,-0.18292557,0.19584759,0.6377381,-0.8309941,0.122688994,-0.065272376,0.10140116,0.0003632009,0.5320607,0.37140667,0.5957536,-0.059115265,0.59936893,-0.012494981
137,2091,-0.15511379,-0.6628214,-0.020096317,0.17962395,0.4162485,-0.66388005,0.09049982,-0.0035773516,0.030392587,-0.10880749,0.44967923,0.4655717,0.5115664,-0.0874691,0.43069652,-0.010999173
137,2093,0.9359563,0.1263595,-0.47798428,0.17439076,0.8423536,-0.47195318,-0.6152738,-0.22484855,0.17425348,0.038311474,-1.1521157,0.04141189,0.09681855,-0.2558383,-0.7142598,-0.48623717
137,2101,0.19423884,0.05695471,-0.4348014,0.037192926,0.16054897,-0.67292166,-0.19390853,-0.3319813,-0.30030704,0.008353956,-0.26501745,-0.18564148,0.27765414,-0.45672265,-0.0013104379,-0.70364785
137,2103,-0.41429555,0.22502892,-0.5024042,-0.028270137,-0.31565863,0.1616377,0.11698848,0.6174118,0.39879563,0.115144975,-0.5671808,-0.52567357,0.20210198,0.20162134,0.38849875,0.4296785
137,2109,0.53542155,0.035956927,-0.7322227,0.077413864,0.6500656,-0.95326024,-0.19829245,-0.52415663,-0.25699803,0.2153081,-0.19925699,-0.41509187,0.48504287,-0.43164772,0.2144588,-0.69259053
137,2129,-0.07366726,0.41970593,-0.8737252,-0.12647508,-0.22236805,-1.3471324,0.25847,-1.0132431,-1.3089186,0.28156772,0.8070295,-1.0795605,0.7893985,-0.9136438,0.8693023,-1.2893643
137,2136,-0.6535266,-0.27839917,0.70018053,0.16566592,-0.257968,-0.08847162,0.103790484,0.17558207,-0.34895015,-0.4984087,0.404654,0.87203044,0.26959646,-0.14878525,-0.108581215,0.15293507
137,2148,-0.36867276,0.044506736,-0.522156,0.015040748,-0.23882082,0.093519546,0.15299353,0.62463856,0.576379,0.15519458,-0.42425346,-0.4456486,0.20237496,0.31202185,0.46715984,0.48103604
137,2153,0.081861466,-0.029470952,0.44201526,-0.39680678,0.49662858,0.49868143,0.28627315,-0.543574,0.33221605,-0.09745346,0.2616474,-0.4046545,-0.50015104,-0.085280135,0.18606941,0.09408232
137,2165,1.3077826,0.74946296,-0.099823594,0.40014696,-0.82930994,0.33582422,0.45305395,0.26778275,-0.5845832,0.5963797,1.3055712,-0.07695123,-0.30054438,1.2078868,-1.2490647,0.057429314
137,2180,-0.6412722,-0.2708852,0.6669613,0.16230316,-0.24643028,-0.094588205,0.11504073,0.1763081,-0.32503647,-0.4763133,0.40231493,0.830951,0.27200046,-0.1352141,-0.08559565,0.16070364
137,2191,0.99554235,0.0553359,-0.5900446,0.1793914,0.9767349,-0.63282216,-0.6066736,-0.311477,0.15260732,0.09926025,-1.0610957,-0.021025576,0.17611288,-0.29682013,-0.55782765,-0.5579235
137,2201,-0.14839965,-0.18694952,0.58335006,0.20661871,0.17713846,-0.15167148,-0.046009168,0.028672546,-0.25716484,-0.39840332,0.070898056,0.793333,0.24680361,-0.13346937,-0.3912524,0.14436826
137,2206,0.5758131,0.07599937,0.1063903,0.2291996,0.57250345,-0.17532158,-0.46790826,-0.08109422,0.006597869,-0.18595885,-0.8538349,0.46673465,0.08792311,-0.17857434,-0.830007,-0.12868065
137,2212,-0.1572514,-0.16544193,0.7311441,0.23049292,0.25949466,-0.144209,0.022004083,-0.014833435,-0.33656418,-0.436271,0.21296066,0.88198364,0.26686522,-0.117829114,-0.41694766,0.25852293
137,2217,0.015444696,0.32450765,-0.7478336,-0.08002411,-0.12875879,-1.1536521,0.11481272,-0.8171699,-1.0311631,0.19576177,0.47762752,-0.8118328,0.6221895,-0.7936239,0.5785589,-1.1533569
137,2218,-0.1717906,-0.28647357,-0.6694211,0.14826754,-0.19696444,-0.046264254,0.19612855,0.71337104,0.8980862,0.31014547,-0.12065264,-0.32159066,0.2626147,0.60717916,0.5413121,0.5377527
137,2224,-0.6055145,-0.021815477,-0.23084563,0.147031,-0.4938829,-0.20204055,0.35120538,0.5565758,-0.044210657,-0.015087917,0.26717913,-0.0618975,0.5551475,0.18452114,0.34839,0.3039316
137,2240,-0.5265378,-0.264359,-0.26371554,-0.077576175,-0.88623106,0.17091319,-0.55493057,0.32063326,0.08412227,0.21940699,-0.35219812,0.1919194,-0.41034883,-0.088100925,0.43711656,-0.27604774
137,2258,-0.56928444,-0.26875335,0.5543375,0.18772922,-0.053127572,-0.1878156,0.25301677,0.1711842,-0.21141416,-0.35985705,0.52932703,0.7021995,0.34537613,-0.014755301,0.08317132,0.35153955
137,2263,0.10844791,-0.04492608,-0.74437165,0.11655386,-0.16832957,0.12924433,0.12636524,0.7589823,0.8308035,0.35932073,-0.38771668,-0.46479034,0.1251066,0.63775045,0.2295802,0.4873626
137,2264,0.36367983,-0.3627777,0.41067293,-0.3991629,0.77996147,0.4637782,0.28193063,-0.63897806,0.6191193,0.007848024,0.5724695,-0.29296649,-0.62804866,0.08762333,0.26492715,0.06701128
137,2270,0.46982735,0.12408918,0.25519297,0.22634307,0.4711362,-0.080409676,-0.41163737,-0.062410012,-0.071436144,-0.24447751,-0.7798365,0.5329833,0.07584868,-0.16248704,-0.8626899,-0.050704256
137,2276,0.41253817,0.10050818,-0.81944263,0.029686753,0.4962449,-1.1289219,-0.07412745,-0.68810827,-0.5371679,0.26179317,0.11236637,-0.6108068,0.61176455,-0.5646533,0.45220232,-0.8655108
137,2277,-0.29022035,-0.16732,-0.59212255,0.11296502,-0.2753201,-0.02093599,0.1638004,0.70277625,0.69116,0.23282295,-0.19703597,-0.31575996,0.289046,0.46132597,0.5049333,0.49184474
137,2280,0.51991355,0.1309318,0.2749338,0.23881125,0.5156644,-0.07905257,-0.44457412,-0.07823445,-0.0822131,-0.2550418,-0.8262341,0.56988764,0.06855062,-0.1725373,-0.9223911,-0.055629462
137,2286,0.09839398,-0.53954166,-0.07287552,0.20889857,0.5909306,-0.59148616,-0.021336615,0.0024514347,0.14665008,-0.07569946,0.13156343,0.43142676,0.41582078,-0.043542866,0.1508408,0.003532946
137,2293,-0.47750783,-1.0755972,-0.34749424,-0.2772546,-1.718472,0.35513917,-1.7890943,-0.12924771,0.1348578,0.70521945,-0.39550602,0.9415831,-1.7706394,-0.33295313,0.7760215,-1.4012047
137,2306,-0.60134685,-0.06301662,-0.34704635,0.15455289,-0.51832837,-0.24813661,0.3633186,0.6086745,0.011622071,0.036846362,0.27806312,-0.12627913,0.59941065,0.22441915,0.41484463,0.28823936
137,2314,0.09839398,-0.53954166,-0.07287552,0.20889857,0.5909305,-0.59148616,-0.021336645,0.0024514496,0.14665008,-0.07569947,0.13156343,0.43142676,0.4158208,-0.043542866,0.1508408,0.003532946
137,2327,-0.028021127,0.18722904,0.5225365,-0.41735414,0.37152022,0.55479705,0.26622105,-0.5754421,0.08797551,-0.17588176,0.12872106,-0.44995517,-0.44524205,-0.22666824,0.09281693,0.06691947
137,2332,0.41415244,-0.49796855,0.27733904,-0.3570915,0.82013905,0.40696737,0.29362243,-0.5150939,0.8297498,0.0859201,0.58506334,-0.28526974,-0.6366018,0.2263017,0.33368382,0.1227736
137,2339,-0.3766759,-0.058057096,0.80752456,0.18365534,0.0001822114,-0.053946923,0.109205075,0.020655692,-0.4498466,-0.48375392,0.32178524,0.82829994,0.23968409,-0.14191473,-0.37260252,0.24952894
137,2348,0.3401057,-0.448339,0.22990915,-0.3353335,0.73708355,0.38583255,0.2958614,-0.4298219,0.8158512,0.08274045,0.49783266,-0.3085941,-0.58699137,0.22774272,0.3365683,0.15131041
137,2350,0.33907306,-0.32859057,0.034822308,0.25224394,0.6816599,-0.4248022,-0.18855672,-0.018971771,0.1272591,-0.11791763,-0.2370565,0.49566776,0.30484092,-0.058404732,-0.26261425,0.04270345
137,2355,-0.06506854,-0.73300016,-0.17983714,0.1865663,0.5958517,-0.81608313,0.14080393,-0.06197293,0.08901197,0.00062628835,0.5502017,0.34505504,0.59612274,-0.059667077,0.61931926,-0.0074148923
137,2373,-0.6571473,-0.19653597,0.48486334,0.17204678,-0.18692546,-0.13109225,0.27269456,0.26519632,-0.1917218,-0.34525755,0.47314408,0.6213198,0.354872,0.009070694,0.121720426,0.39423776
137,2376,0.4451577,-0.3543433,0.5561509,-0.47276703,0.8969052,0.55169606,0.2854706,-0.83962,0.55781275,-0.027823418,0.67303205,-0.2996983,-0.72932136,0.01312675,0.2316427,0.009243518
137,2385,0.3999328,0.011631928,-0.2763388,0.11569379,0.38844204,-0.48298523,-0.35371768,-0.19909577,-0.073050864,-0.059012376,-0.59458375,0.08902626,0.17721283,-0.3225247,-0.34449753,-0.49108988
137,2398,-0.607846,-0.15455543,-0.16939536,0.16373879,-0.4056179,-0.24997672,0.34297934,0.53104824,0.011619225,-0.041852884,0.35769802,0.07009676,0.54677397,0.19312386,0.3853646,0.31822318
137,2411,-0.21923478,-0.23687683,-0.64003706,0.13453516,-0.23168519,-0.03734863,0.18362544,0.7099954,0.81111956,0.27996323,-0.14926031,-0.320489,0.27462268,0.54886514,0.5262761,0.5173041
137,2421,0.48065698,0.08480053,0.26829237,0.2403789,0.5203479,-0.103981555,-0.40307993,-0.066905394,-0.0661945,-0.24631923,-0.7421234,0.5683638,0.095393464,-0.15407334,-0.84623677,-0.027216047
137,2429,0.4637977,-0.36764437,0.5035927,-0.4598466,0.8921312,0.54391456,0.27453285,-0.7932391,0.5941388,-0.0009511411,0.6499012,-0.30844343,-0.719419,0.04666609,0.24038614,0.021383464
137,2431,-0.6364509,-0.1772586,0.0045757666,0.16835102,-0.34789312,-0.22202864,0.3272444,0.47069752,-0.038634434,-0.12607917,0.3929228,0.2269986,0.50436217,0.14531931,0.33042964,0.3511855
137,2454,0.07658574,0.6105899,0.008057661,-0.27956507,-0.42505923,0.6886458,-0.29656672,-0.14023699,-0.42201293,0.12694693,-0.5582603,-0.46803945,-0.4516359,-0.22559842,-0.25363642,-0.15457076
137,2465,0.37789965,-0.30089682,0.51669145,-0.4489353,0.81310296,0.52941465,0.28075162,-0.7643526,0.52146286,-0.034044214,0.59480846,-0.3116938,-0.67296624,0.0060481206,0.22488204,0.027116306
137,2470,0.01830104,0.023134898,-0.7429751,0.085345805,-0.20850007,0.14789298,0.11747155,0.7616562,0.7699722,0.33399105,-0.46341455,-0.51685286,0.13956526,0.5688458,0.26841688,0.48397216
137,2477,-0.10577369,0.06780377,-0.70603657,0.050004918,-0.2344955,0.14376467,0.114028975,0.7368007,0.6967115,0.2852108,-0.50999975,-0.53859234,0.16227692,0.4709145,0.3224866,0.46683857
137,2483,0.029572994,0.045861416,0.4594939,-0.3938274,0.43499088,0.50432503,0.27931568,-0.5358045,0.24466139,-0.12419431,0.20818931,-0.4137131,-0.464648,-0.13163887,0.1558659,0.087109946
137,2486,-0.42506385,-1.3890164,-0.37964803,-0.32510865,-1.8925531,0.35761788,-2.1239324,-0.29457766,0.22072417,0.86154747,-0.32613945,1.1816647,-2.1643956,-0.36864802,0.90836495,-1.7359418
137,2487,-0.36622027,-0.071224436,0.846699,0.19424663,0.023939103,-0.05760867,0.09658199,0.010647878,-0.47221115,-0.5043609,0.3265415,0.8817106,0.24204032,-0.15243979,-0.40345365,0.25310504
137,2491,-0.16810124,0.08443066,-0.6760812,0.03280941,-0.24209128,0.13764897,0.11247043,0.7152881,0.65535456,0.25439715,-0.5256807,-0.5388219,0.1745656,0.41585052,0.34441787,0.45282435
137,2492,-0.103875965,-0.7187954,-0.17997345,0.1754992,0.5479722,-0.8042476,0.15877564,-0.056389198,0.07843181,-0.00018344074,0.5715116,0.3200565,0.5951187,-0.061538342,0.64568615,-0.009490952
137,2497,-0.46193635,1.0198784,0.06445063,-0.27641234,-0.49384648,0.60852104,0.02611652,0.121536754,-0.49458292,-0.15822193,-0.8772647,-0.7522158,0.050811306,-0.35229823,-0.18081254,0.17410848
137,2500,-0.60613585,-0.12484895,0.35289493,-0.024262827,-0.7252276,0.18871045,-0.3222069,0.041219056,-0.29284006,-0.07498532,0.04407168,0.55006844,-0.36143708,-0.18829466,0.15320909,-0.13955042
137,2515,0.37748444,-0.4891218,0.21913908,-0.33686543,0.7742987,0.38510603,0.29584205,-0.43621254,0.8606287,0.09974223,0.52814394,-0.30267024,-0.6068913,0.25345504,0.34901577,0.15191056
137,2516,-0.114838034,0.42275327,-0.82576025,-0.12917747,-0.28533706,-1.2887322,0.25870368,-0.96556354,-1.2851143,0.25166756,0.7786163,-1.0386237,0.7400537,-0.8978602,0.8188002,-1.2729934
137,2527,0.978821,0.07297613,-0.55065525,0.17897712,0.93670666,-0.575894,-0.61302495,-0.27694005,0.17015496,0.07742495,-1.0991722,0.009065798,0.14470881,-0.27864432,-0.6155928,-0.52899504
137,2528,-0.14357051,-0.10328152,0.6870347,0.21339604,0.20142974,-0.108240545,-0.004395589,-0.004556477,-0.32857212,-0.42271063,0.11752788,0.8147992,0.23945409,-0.12547806,-0.45664346,0.21805446
137,2530,1.9102643,0.7690174,-0.30195528,0.55339724,-1.0876185,0.26358783,0.39299178,0.29746133,-0.91950184,0.9475088,1.7682315,0.091835305,-0.5216449,1.4977218,-1.689426,-0.23340285
137,2540,-0.071225524,0.3141365,0.5698266,-0.43746823,0.31461102,0.60112244,0.24827725,-0.60507154,-0.0513824,-0.21698979,0.05569411,-0.48203337,-0.4264298,-0.30636576,0.033135988,0.048391394
137,2579,0.86356217,0.19176428,-0.40532377,0.16255854,0.7196738,-0.37108955,-0.5946055,-0.1822799,0.15547112,0.00466495,-1.1643859,0.041599628,0.062738836,-0.24114737,-0.7670371,-0.44155264
137,2583,-0.18803145,-0.23867254,-0.62842405,0.11600076,-0.169481,-0.019110791,0.20011896,0.6711929,0.87421066,0.28613228,-0.1581949,-0.34440333,0.21439752,0.5687072,0.53203356,0.53023756
137,2603,-0.23708376,0.6265111,0.69723487,-0.4608417,0.13939859,0.6776149,0.2191346,-0.6448756,-0.40955934,-0.34278467,-0.12013658,-0.52329975,-0.3490907,-0.5024116,-0.11790985,0.020162925
137,2614,-0.1122154,0.40818846,0.5958773,-0.44372997,0.25956857,0.6245805,0.23329905,-0.61097366,-0.15744951,-0.24725154,-0.002342768,-0.49816233,-0.39926606,-0.36123303,-0.011971518,0.037376434
137,2624,0.15108597,-0.5061308,-0.04612402,0.22050494,0.6156029,-0.5622944,-0.062735036,-0.003154859,0.1405649,-0.089241125,0.05449262,0.45944333,0.39409798,-0.051019046,0.061085716,0.007053733
137,2631,-0.3076533,0.6323735,0.62341154,-0.42732924,0.07789163,0.6411652,0.23413189,-0.52883315,-0.3549694,-0.33340982,-0.19558635,-0.54277647,-0.3086748,-0.45862934,-0.089809135,0.07693747
137,2634,0.013756156,0.36504638,-0.8888854,-0.098481,-0.07249722,-1.3498577,0.22996727,-0.9840653,-1.2062552,0.3012135,0.7609724,-1.0390441,0.8107908,-0.85405445,0.85995215,-1.208996
137,2639,0.40162498,0.5968494,-0.20657375,-0.09519659,-0.6622628,0.5597867,-0.31339723,0.054572627,-0.5377802,0.35616517,-0.28155413,-0.32048523,-0.44068313,0.070180185,-0.5032823,-0.24769136
137,2646,-0.14843766,-0.15301616,0.7041204,0.22530445,0.25201392,-0.14039934,0.018923849,-0.011009753,-0.32121506,-0.42309743,0.18931362,0.8502198,0.26224062,-0.113622814,-0.4138791,0.25088334
137,2658,-0.3795768,0.060671195,-0.50382495,0.009916004,-0.24310757,0.095461674,0.15228845,0.6129632,0.54631835,0.14222452,-0.42640644,-0.4420997,0.20280823,0.2915123,0.4560319,0.47079775
137,2665,-0.16274695,-0.2972687,0.44235727,0.19575267,0.2050512,-0.259245,-0.023183271,0.0340641,-0.18552986,-0.34112096,0.13608599,0.72119,0.29482448,-0.1278629,-0.21725023,0.08949788
137,2668,1.9602776,0.82262987,-0.1638353,0.617053,-1.077765,0.23674685,0.57459086,0.28922534,-0.92605686,0.8950748,2.0441527,0.13456273,-0.45380044,1.6389629,-1.7909796,-0.13999471
137,2672,0.37881207,-0.3363772,0.4639285,-0.43002456,0.80849695,0.5042165,0.2836794,-0.70742095,0.5837761,-0.009822011,0.584418,-0.3107081,-0.6628649,0.050191853,0.24958077,0.049406044
137,2679,-0.60134685,-0.063016616,-0.34704635,0.15455289,-0.5183284,-0.24813664,0.36331862,0.60867447,0.011622071,0.036846362,0.2780631,-0.12627913,0.59941053,0.22441913,0.4148446,0.28823936
137,2683,-0.14843766,-0.15301618,0.7041204,0.22530445,0.25201392,-0.14039934,0.018923864,-0.011009768,-0.32121506,-0.42309743,0.18931362,0.8502198,0.26224062,-0.11362283,-0.41387916,0.25088334
137,2685,0.46598548,-0.40761042,0.53505546,-0.45049044,0.9099517,0.5183003,0.28315732,-0.8196515,0.59233004,-0.012205094,0.712878,-0.26112998,-0.7171035,0.04566688,0.24213986,0.0086090565
137,2686,-0.6800486,0.2809437,0.6338,0.085027464,-0.32298097,0.12208093,0.287224,0.162318,-0.4827148,-0.40457448,0.2170105,0.4016354,0.25000617,-0.1201286,-0.098817766,0.42956668
137,2696,0.09082574,-0.07260956,0.41319624,-0.38023508,0.50325304,0.47185224,0.28820416,-0.5142459,0.3769814,-0.081513725,0.28188097,-0.38514668,-0.4920923,-0.051470164,0.203713,0.10327661
137,2708,-0.17495084,-0.2569284,-0.63673294,0.12327245,-0.16713679,-0.027205244,0.20238736,0.67532563,0.8926732,0.29575855,-0.14014474,-0.3377865,0.21723323,0.58578384,0.53425586,0.531593
137,2711,0.12758315,0.24641289,-0.8834261,-0.05529109,0.13344441,-1.3153914,0.16537726,-0.8976469,-0.9947401,0.30782807,0.6395999,-0.918054,0.7927889,-0.7477172,0.81183857,-1.0766368
137,2713,0.28400725,-0.2591917,0.38218275,-0.3516683,0.63710374,0.42260408,0.2431718,-0.5613973,0.46350518,-0.015776388,0.48949412,-0.26112777,-0.5050602,0.042292178,0.20672698,0.04993707
137,2736,0.44984722,-0.098500535,0.16498151,0.25576788,0.63394314,-0.24939457,-0.31286293,-0.051015154,0.030209657,-0.1830751,-0.52874583,0.5418129,0.19124737,-0.103352815,-0.60161614,0.022313438
137,2749,-0.66692775,0.24471106,0.5715859,0.08729845,-0.3283425,0.09840607,0.27795792,0.18474454,-0.43575767,-0.37769026,0.21016975,0.37609196,0.26256573,-0.10272798,-0.07075596,0.406859
137,2752,0.46598548,-0.40761042,0.5350555,-0.45049044,0.9099517,0.5183002,0.28315732,-0.8196515,0.59233004,-0.012205094,0.712878,-0.26112992,-0.7171034,0.04566688,0.24213986,0.0086090565
137,2759,-0.30075538,0.62466854,0.629107,-0.42767972,0.084655896,0.6392476,0.23359415,-0.53764975,-0.35584635,-0.333466,-0.18250081,-0.53543365,-0.31056482,-0.45940754,-0.0902863,0.07165158
137,2764,-0.52833825,0.021014381,-0.35026303,0.007997949,-0.56602883,0.102119036,-0.08389439,0.5729713,0.18170269,0.08750286,-0.39630073,-0.16371278,0.13022232,0.07029027,0.3706881,0.20384407
137,2772,0.41684878,-0.47621524,0.31937155,-0.3777412,0.834772,0.4323066,0.29515633,-0.5647328,0.79465073,0.068921275,0.5944064,-0.2942322,-0.6557939,0.1937667,0.323878,0.108594656
137,2779,-0.1507616,-0.31981456,-0.65396273,0.14956048,-0.16374178,-0.052521408,0.20923245,0.6888895,0.9442748,0.31771722,-0.08146266,-0.3076877,0.2369716,0.63297886,0.5520458,0.54665005
137,2780,0.5391335,0.0028700233,-0.15894952,0.17145388,0.5351798,-0.3355307,-0.44634092,-0.09553458,0.076218635,-0.102369234,-0.79835236,0.27042088,0.12652785,-0.21031001,-0.5936568,-0.30495897
137,2788,-0.18551505,0.55391467,0.6691309,-0.46371123,0.19224067,0.6713632,0.22481516,-0.64667225,-0.3202058,-0.3096581,-0.07922151,-0.5241474,-0.37930083,-0.45737937,-0.08141525,0.024571307
137,2794,-0.09344298,0.060075276,-0.67719615,0.056481645,-0.2307662,0.13508463,0.11731933,0.71631175,0.67480886,0.2753297,-0.47485667,-0.5090639,0.16251889,0.46699607,0.29726171,0.45186493
137,2805,-0.58166,-0.31079292,0.5554416,0.1882805,-0.07267786,-0.19010952,0.22354673,0.18161254,-0.20502979,-0.37423685,0.5154659,0.736179,0.3400201,-0.028742049,0.0811674,0.31488627
137,2809,0.00033134222,0.02791731,-0.71685374,0.08317683,-0.21354665,0.14152017,0.11999828,0.74385935,0.7399466,0.31864685,-0.4467023,-0.50190926,0.14373791,0.5486532,0.26500833,0.4726395
137,2813,-0.29664594,-0.10202606,0.8177172,0.20698439,0.098272935,-0.082508296,0.06423679,0.0014642179,-0.43458495,-0.4888354,0.28099823,0.8938518,0.24836604,-0.14647938,-0.4214809,0.24944678
137,2818,-0.3795768,0.060671195,-0.50382495,0.009916,-0.24310757,0.095461674,0.15228845,0.6129632,0.54631835,0.14222455,-0.42640644,-0.4420997,0.20280823,0.2915123,0.45603186,0.47079772
137,2840,-0.14715432,-0.74090517,-0.17559735,0.16803975,0.5096345,-0.81316984,0.17070648,-0.051073372,0.066707686,-0.011491932,0.6072712,0.3268186,0.60111386,-0.072153434,0.6794866,-0.025635973
137,2849,-0.16306493,-0.2953447,-0.671003,0.14921853,-0.18870768,-0.046907555,0.19876568,0.71059245,0.914531,0.31489566,-0.11465456,-0.32130516,0.25647452,0.61666846,0.54379904,0.5409201
137,2850,-0.63876605,-0.18372507,0.077290535,0.1668221,-0.31907332,-0.2070413,0.31600317,0.43697852,-0.05453814,-0.15937541,0.40100527,0.2865889,0.47756082,0.124007195,0.30172986,0.35708314
137,2858,-0.6587404,-0.24817544,0.70226014,0.14973223,-0.3270641,-0.04832269,0.06067577,0.181146,-0.3696016,-0.5157962,0.33017597,0.86572117,0.24024662,-0.17735647,-0.16864145,0.095025465
137,2861,-0.5265378,-0.26435903,-0.2637155,-0.07757619,-0.88623106,0.17091316,-0.5549305,0.32063323,0.08412226,0.21940699,-0.35219812,0.1919194,-0.4103489,-0.08810091,0.4371166,-0.27604774
137,2867,-0.15230489,-0.62798524,0.024838328,0.18192196,0.39731103,-0.6231,0.074560076,0.0012236387,0.011626773,-0.13285826,0.41041234,0.4938162,0.4872418,-0.09231137,0.3612498,-0.0045782924
137,2878,-0.2480225,0.6461888,0.7117288,-0.4700425,0.14005049,0.6932484,0.22462748,-0.6552137,-0.41845766,-0.35238698,-0.13431832,-0.5383924,-0.36014712,-0.514206,-0.122152,0.025426008
137,2881,-0.24356574,-0.16381355,-0.5879693,0.087332815,-0.18232045,0.011201002,0.18715504,0.6515074,0.7877979,0.24211031,-0.22976083,-0.3631125,0.2098126,0.49063793,0.51454395,0.51631665
137,2897,0.074422956,0.21191871,-0.6087252,-0.03102794,-0.021781221,-0.94336814,0.0013819039,-0.6029911,-0.72335225,0.11766765,0.18794009,-0.54930085,0.47762346,-0.641388,0.34214774,-0.9504713
137,2904,0.33907306,-0.32859057,0.034822308,0.25224394,0.6816599,-0.42480215,-0.18855672,-0.018971771,0.1272591,-0.11791763,-0.2370565,0.49566776,0.30484092,-0.058404732,-0.26261425,0.04270345
137,2914,-0.36275288,0.60715556,-0.2667385,-0.16257745,-0.34376526,0.40045732,0.091091566,0.3891011,0.05357607,0.005151324,-0.759806,-0.7008597,0.07512723,-0.013810292,0.078932,0.31499845
137,2928,-0.10195425,-0.73391604,-0.18282545,0.17743057,0.5585254,-0.8172586,0.15729278,-0.059656486,0.07859157,-0.0011745989,0.5792938,0.32838023,0.59998155,-0.06516282,0.653721,-0.01583837
137,2939,-0.17151152,-0.35287452,0.32225823,0.18235788,0.20886324,-0.31990367,-0.0061581284,0.0456243,-0.1191543,-0.28838617,0.15981957,0.6352162,0.31982026,-0.11551522,-0.093115196,0.052434973
137,2956,-0.4201121,-0.083570555,0.8430588,0.18459979,-0.045242354,-0.045807235,0.09374273,0.033520907,-0.4749668,-0.51487654,0.33094236,0.8843472,0.23628461,-0.16136189,-0.38199335,0.229051
137,2961,0.42627412,-0.00023558177,-0.24415794,0.12969951,0.42638087,-0.42971322,-0.37324935,-0.15033613,-0.0059815496,-0.0709231,-0.65088385,0.14036033,0.16181447,-0.27433312,-0.40282923,-0.41907406
137,2962,-0.50527173,-0.61897504,-0.3271105,-0.16149804,-1.2360489,0.24419367,-1.0793315,0.15158495,0.127945,0.43676382,-0.38078362,0.4988004,-0.981244,-0.17922898,0.60070777,-0.7423084
137,2966,-0.6162595,-0.14885628,-0.19956551,0.16810365,-0.42893243,-0.25765148,0.35273623,0.5545674,0.007529326,-0.029339477,0.36142454,0.04873392,0.56796783,0.2035433,0.39875245,0.3213932
137,2968,0.010372311,-0.64473164,-0.1279316,0.1965248,0.5937911,-0.7032643,0.06055957,-0.022412479,0.12994255,-0.039910413,0.3388507,0.39271235,0.49820238,-0.04812662,0.38357693,-0.007360831
137,2985,-0.17647597,-0.40685904,0.26013917,0.17879903,0.23029183,-0.37757668,0.0060911924,0.0405553,-0.094281025,-0.26239222,0.20065695,0.6054021,0.3481193,-0.11710881,-0.0066434294,0.027175084
137,2990,-0.17151153,-0.35287452,0.3222582,0.18235788,0.20886318,-0.31990364,-0.0061581433,0.0456243,-0.1191543,-0.28838617,0.15981957,0.6352162,0.31982026,-0.11551522,-0.093115196,0.052434966
137,3008,-0.40779316,0.14010285,-0.49991915,-0.010038491,-0.27786916,0.123600446,0.13563675,0.6152462,0.46817207,0.124395855,-0.492836,-0.47819477,0.20513994,0.24115437,0.4292173,0.45059347
137,3009,-0.6105557,-0.09312368,-0.3861516,0.15800267,-0.5327787,-0.2678677,0.3629803,0.6315548,0.032176487,0.05041898,0.28309202,-0.13494949,0.61863273,0.2331021,0.44074163,0.27385813
137,3016,1.729023,0.7593865,-0.33979863,0.45234057,-1.091739,0.34496695,0.2026738,0.27765742,-0.8939858,0.914371,1.4060386,0.028360013,-0.5631942,1.2855283,-1.5314345,-0.28337196
137,3019,-0.6584602,-0.14842118,0.6341635,0.17301442,-0.19224767,-0.108610675,0.26852727,0.18639332,-0.32233188,-0.4118327,0.5103748,0.70942,0.32905665,-0.05549338,0.009870991,0.3550815
137,3023,0.33859724,0.08136555,-0.8064953,0.021645823,0.44665152,-1.1431779,-0.021493614,-0.68798596,-0.56778646,0.26147598,0.21810468,-0.6239065,0.63987553,-0.5644434,0.53313327,-0.85299486
137,3025,-0.41953176,0.19294654,-0.5206592,-0.02333701,-0.3040207,0.15040806,0.12229946,0.6314546,0.44079232,0.12583122,-0.5557666,-0.52204317,0.20432925,0.2223501,0.42287505,0.44910443
137,3026,0.00033137202,0.02791731,-0.71685374,0.08317683,-0.21354665,0.14152017,0.11999828,0.7438593,0.7399466,0.31864685,-0.4467023,-0.50190926,0.14373791,0.5486532,0.26500833,0.47263947
137,3057,-0.2480225,0.6461888,0.7117288,-0.4700425,0.14005049,0.6932484,0.22462748,-0.6552137,-0.41845766,-0.35238698,-0.13431832,-0.5383924,-0.36014712,-0.514206,-0.122152,0.025426008
137,3075,0.5168326,0.053597428,0.25039822,0.2504336,0.5739592,-0.13705216,-0.4173293,-0.07663737,-0.052696474,-0.23907691,-0.74593455,0.5838173,0.10675487,-0.1567615,-0.843301,-0.03493069
137,3088,1.5875163,0.71300066,-0.3501503,0.40715986,-1.0426869,0.33388454,0.1527484,0.27583975,-0.84219205,0.86521953,1.2395734,0.008052008,-0.53399044,1.1671067,-1.4136436,-0.28382742
137,3105,-0.42858142,0.7290512,-0.1544544,-0.20650847,-0.3836391,0.45709968,0.09014121,0.30291408,-0.10507644,-0.060803603,-0.7958466,-0.7286625,0.06370214,-0.12577057,0.028393663,0.2830559
137,3106,-0.4457664,0.9565178,0.076822326,-0.25636274,-0.47325003,0.5699227,0.030568123,0.11112877,-0.47528943,-0.15589997,-0.8039792,-0.69288737,0.058860272,-0.3339539,-0.17314035,0.16197418
137,3117,-0.6635934,-0.14373606,0.6235713,0.17066352,-0.20296499,-0.10482059,0.26824033,0.19367997,-0.31784385,-0.408313,0.5021785,0.69918007,0.3290817,-0.054152865,0.014419697,0.35520315
137,3126,-0.27967826,0.6711305,0.7104498,-0.46892563,0.11983411,0.6964509,0.23180091,-0.6364789,-0.424628,-0.36240423,-0.16621915,-0.5526678,-0.35535055,-0.5194305,-0.12371817,0.04128114
137,3135,-0.5116167,0.039831124,-0.39446738,0.03189729,-0.49121332,0.0844375,0.008061662,0.6332308,0.26159048,0.08501724,-0.39563173,-0.23556407,0.22724704,0.13597727,0.3839621,0.3129145
137,3154,-0.4988941,-0.86401016,-0.36996728,-0.2252721,-1.5065317,0.30839807,-1.4690344,0.029011905,0.14936839,0.59392,-0.41485882,0.71908116,-1.4015493,-0.25337708,0.7178153,-1.0826012
137,3157,0.1196354,-0.02509518,-0.7116686,0.11066512,-0.16463377,0.13665485,0.121051595,0.7313059,0.7854729,0.3461431,-0.3729713,-0.45027393,0.11252409,0.6194596,0.19261977,0.4634784
137,3171,-0.44231722,0.7373601,-0.12488881,-0.20774202,-0.38986766,0.45447248,0.09323054,0.28302866,-0.13696331,-0.07690522,-0.780371,-0.71391284,0.06810574,-0.14565402,0.018365987,0.27364248
137,3172,-0.33219242,-0.08087897,0.82809424,0.19852297,0.055095956,-0.067068666,0.08055777,0.0069960207,-0.45261338,-0.49473223,0.29888684,0.8797786,0.2434812,-0.14932558,-0.4130934,0.24902505
137,3175,-0.5497434,-0.16634609,0.8116728,0.1694146,-0.19372538,-0.039342765,0.07098928,0.10154919,-0.45124856,-0.53736436,0.33988562,0.9131452,0.2346452,-0.18230397,-0.30050355,0.15899904
137,3212,-0.65676355,0.16743791,0.35579002,0.101092786,-0.378052,0.023810558,0.28420478,0.28749478,-0.32339805,-0.2854778,0.20136915,0.26292866,0.3357106,-0.03481253,0.039915256,0.37131327
137,3216,-0.21923476,-0.23687685,-0.64003706,0.13453516,-0.23168519,-0.03734863,0.18362544,0.7099954,0.8111195,0.27996323,-0.14926031,-0.320489,0.27462268,0.54886514,0.5262761,0.5173041
137,3218,-0.33956227,-0.010892376,-0.51820326,0.03601627,-0.22282143,0.07203839,0.16304421,0.6194462,0.6173158,0.16738197,-0.36162287,-0.40737236,0.20470563,0.3512438,0.47091156,0.4884071
137,3220,-0.42385423,0.9398354,0.050031744,-0.24801622,-0.4668337,0.5648144,0.024076432,0.12976526,-0.45070723,-0.13959396,-0.8042862,-0.69026643,0.059426934,-0.31185633,-0.1730645,0.164375
137,3224,0.5397706,0.034760173,-0.09109007,0.18348934,0.5269788,-0.28024283,-0.44643134,-0.08368866,0.06289838,-0.122487895,-0.81572497,0.30690545,0.111908674,-0.19693519,-0.6559593,-0.25136682
137,3229,-0.18069401,-0.17437547,0.71438694,0.22529146,0.23762213,-0.14536566,0.031730607,-0.0036527365,-0.3244194,-0.4301464,0.22677764,0.865303,0.26893,-0.113141805,-0.3854766,0.2558912
137,3251,-0.47849262,-0.11867451,0.7961801,0.17159052,-0.118812084,-0.045212444,0.090525426,0.070764095,-0.44131157,-0.5074287,0.3302773,0.86024356,0.23531044,-0.16095622,-0.32109487,0.19630075
137,3258,-0.59698385,-0.028452875,-0.20316312,0.14159209,-0.4673729,-0.19031283,0.33815658,0.53510195,-0.03137529,-0.026943557,0.2527903,-0.04335341,0.53140956,0.17485425,0.33846492,0.30522078
137,3259,-0.3214371,-0.09384749,0.81153023,0.20001923,0.06763293,-0.075044915,0.07509637,0.009276703,-0.43571368,-0.48714003,0.2908792,0.8755823,0.24615128,-0.14538072,-0.40459895,0.24668705
137,3260,-0.46193635,1.0198784,0.06445063,-0.27641237,-0.49384642,0.608521,0.026116505,0.121536754,-0.49458292,-0.15822195,-0.8772647,-0.7522158,0.05081132,-0.35229823,-0.18081248,0.17410848
137,3283,0.43406582,-0.5239652,0.26314953,-0.35913247,0.84304965,0.40842605,0.2972201,-0.5104707,0.87216437,0.099691235,0.5943297,-0.29085797,-0.65320504,0.24826415,0.346946,0.13045032
137,3295,-0.47172812,0.8986041,-0.005191844,-0.24981113,-0.4410068,0.54015756,0.07313808,0.18954395,-0.3334557,-0.13596797,-0.8346776,-0.741222,0.053520426,-0.26458994,-0.08655003,0.22987273
137,3311,-0.06512487,-0.7013503,-0.17211594,0.18400082,0.5772953,-0.78609645,0.14087845,-0.05328782,0.09231261,0.0015932098,0.5274748,0.33138233,0.58231574,-0.050296176,0.5953963,0.0068380535
137,3315,0.43595135,-0.5324601,0.24855538,-0.35507524,0.84267783,0.40351015,0.29748487,-0.49588484,0.88928276,0.106784396,0.5905523,-0.29241776,-0.6516708,0.260279,0.35297018,0.13640931
137,3323,-0.6590354,-0.25825697,0.6960434,0.1557167,-0.29706925,-0.067637384,0.08573722,0.17859437,-0.35735735,-0.50346863,0.3686564,0.8583202,0.25396565,-0.16162336,-0.13290238,0.12351704
137,3330,0.2901355,-0.36308008,0.2692323,-0.35199842,0.6932629,0.415609,0.29665813,-0.45183295,0.7306101,0.049455576,0.4428118,-0.33923423,-0.5781928,0.1683264,0.3095484,0.14473496
137,3331,-0.45220307,-0.10342707,0.84202063,0.18154098,-0.08096195,-0.043216225,0.08804166,0.048845887,-0.4737431,-0.523673,0.33503875,0.897275,0.2357562,-0.16774699,-0.36670792,0.2130818
137,3333,0.094257474,-0.027797835,-0.75531685,0.10939714,-0.17708689,0.1381371,0.12259377,0.76740277,0.8270733,0.3596669,-0.415632,-0.4854173,0.12633905,0.6289271,0.23945767,0.49137253
137,3338,-0.6126773,-0.12564176,-0.36658186,0.16528545,-0.5026338,-0.2779031,0.36488706,0.6289222,0.047520652,0.042855345,0.3083851,-0.09665103,0.61752605,0.2411257,0.45530963,0.2949009
137,3344,-0.15373571,-0.29296738,-0.6417259,0.13882543,-0.16348648,-0.042608336,0.20864534,0.6768921,0.9211036,0.30905187,-0.09776438,-0.3178066,0.22428831,0.6156222,0.53713953,0.53605485
137,3350,-0.10195425,-0.733916,-0.18282545,0.17743057,0.55852544,-0.81725866,0.15729278,-0.059656486,0.07859157,-0.0011745989,0.5792938,0.32838023,0.59998155,-0.06516282,0.653721,-0.01583837
137,3363,-0.46909097,0.96610266,0.0060857125,-0.25897184,-0.48422956,0.5747999,0.041820154,0.17994575,-0.4081685,-0.13825655,-0.8793299,-0.75588065,0.05897984,-0.30045867,-0.13176748,0.20629373
137,3370,-0.31927365,0.5065919,-0.31226006,-0.12649545,-0.31236434,0.3502336,0.09856324,0.4253363,0.15047082,0.038568117,-0.6958016,-0.6510822,0.08401205,0.058399,0.108091146,0.32972926
137,3394,-0.326944,-0.1405521,-0.5750134,0.10179125,-0.29161963,-0.014166333,0.15179305,0.7027492,0.6435742,0.21113831,-0.22690383,-0.31455922,0.29661646,0.41928318,0.5024606,0.4813189
137,3399,0.99554235,0.0553359,-0.5900446,0.1793914,0.9767349,-0.63282216,-0.6066736,-0.311477,0.15260732,0.09926025,-1.0610957,-0.02102558,0.17611289,-0.29682013,-0.55782765,-0.5579235
137,3410,0.07567778,-0.03975885,0.43008393,-0.38547608,0.4867267,0.4822955,0.28556165,-0.5255372,0.3375759,-0.09456596,0.2650875,-0.39202,-0.48608208,-0.07585308,0.18923241,0.096780896
137,3429,-0.16626239,-0.40153366,0.2904065,0.18500355,0.24540307,-0.3726454,0.0009442568,0.032111272,-0.11213318,-0.2751991,0.20049182,0.63405865,0.34643978,-0.121702716,-0.03558573,0.03595642
137,3432,-0.03616008,0.86732894,-0.024431445,-0.10951044,-0.50735587,0.5292601,0.09105158,0.19136053,-0.40116704,0.033771537,-0.42879766,-0.5750351,-0.018383428,0.03139948,-0.3830436,0.16832305
137,3440,-0.03616008,0.86732894,-0.024431437,-0.10951045,-0.50735587,0.5292601,0.091051586,0.19136053,-0.40116704,0.033771537,-0.42879766,-0.5750351,-0.018383443,0.03139948,-0.3830436,0.16832305
137,3458,-0.18551505,0.5539147,0.6691309,-0.46371123,0.19224067,0.67136323,0.22481516,-0.64667225,-0.3202058,-0.3096581,-0.079221494,-0.5241474,-0.3793009,-0.45737937,-0.08141525,0.0245713
137,3464,-0.14357051,-0.10328152,0.68703485,0.21339604,0.20142974,-0.10824054,-0.004395589,-0.004556492,-0.3285721,-0.42271063,0.11752788,0.81479925,0.23945409,-0.12547806,-0.45664346,0.21805446
137,3471,-0.22819811,-0.17734833,-0.61514246,0.095129564,-0.184894,0.010047384,0.1898924,0.67076874,0.82007384,0.26153326,-0.22501546,-0.3723175,0.21161534,0.52025306,0.52646506,0.5307743
137,3472,0.12456131,0.2655434,-0.90115774,-0.06232928,0.11488287,-1.3428668,0.17006889,-0.92838657,-1.0394776,0.31338647,0.65758884,-0.9475415,0.79933196,-0.7780944,0.8256284,-1.1203063
137,3478,-0.1577372,-0.23955499,0.50478476,0.19897507,0.18373252,-0.2025314,-0.034288988,0.03586036,-0.2152332,-0.3662536,0.09787628,0.747969,0.26876965,-0.12818111,-0.30197158,0.11475465
137,3488,0.34542197,-0.27179244,0.44212928,-0.39777818,0.72154295,0.4792655,0.2493523,-0.6618078,0.47590968,-0.019923829,0.538404,-0.28397465,-0.58079106,0.023005035,0.2043688,0.03068459
137,3497,-0.10195425,-0.733916,-0.18282545,0.17743057,0.55852544,-0.81725866,0.15729278,-0.059656486,0.07859157,-0.0011745989,0.5792938,0.3283803,0.59998155,-0.06516282,0.653721,-0.015838385
137,3498,-0.14798215,-0.73170793,-0.1164387,0.17559968,0.4816965,-0.76612866,0.13438949,-0.030354619,0.05800216,-0.052011188,0.5501623,0.39664805,0.5711115,-0.0800132,0.5851418,-0.024211153
137,3501,0.15490335,0.23105632,-0.89147675,-0.04928192,0.16945176,-1.3208693,0.14806339,-0.89432526,-0.97027445,0.31016332,0.61147416,-0.9025387,0.78751856,-0.74210733,0.79806036,-1.0753669
137,3509,-0.25290594,0.7088246,0.40044096,-0.38338825,-0.25651312,0.709168,-0.08071621,-0.3626415,-0.48218343,-0.17676717,-0.47375667,-0.5063135,-0.3486308,-0.45045233,-0.15840206,-0.05680804
137,3519,0.22806638,-0.4539643,-0.022141121,0.2347415,0.6555906,-0.52542555,-0.11222102,-0.013250589,0.13756129,-0.098197356,-0.04858347,0.47884345,0.36651766,-0.056199584,-0.051662937,0.015127897
137,3523,-0.16810402,-0.5118421,0.15294722,0.18045762,0.30207473,-0.4813795,0.033112213,0.03251314,-0.03333903,-0.20568922,0.2838971,0.5590219,0.40296382,-0.10183403,0.15540154,0.012663439
137,3526,0.42375857,-0.3658074,0.5528413,-0.44450724,0.8663006,0.5114548,0.28150505,-0.8161204,0.53178865,-0.03466522,0.691316,-0.25418967,-0.68754905,0.014297374,0.22376809,0.002322495
137,3537,0.624801,-0.016580015,-0.64742637,0.117155775,0.759467,-0.80086577,-0.29441518,-0.38296324,-0.035045877,0.17126453,-0.44323456,-0.24503238,0.37948352,-0.32058352,0.012823373,-0.5463938
137,3540,-0.58341354,-0.18963027,0.7682185,0.1603073,-0.2388711,-0.041240834,0.06892048,0.1272508,-0.41973516,-0.5258688,0.3339302,0.8859816,0.23513664,-0.1789934,-0.25368714,0.13664167
137,3543,-0.6439532,-0.19306818,0.32863548,0.16231912,-0.22630127,-0.15008022,0.2790193,0.32258758,-0.11898079,-0.2757093,0.4214039,0.48531651,0.3853883,0.048436746,0.1901167,0.37468523
137,3545,-0.47172812,0.8986041,-0.005191844,-0.2498111,-0.4410068,0.5401576,0.07313808,0.18954395,-0.3334557,-0.13596797,-0.8346776,-0.741222,0.053520426,-0.26458994,-0.08655003,0.22987273
137,3551,0.065256774,-0.5722646,-0.09007017,0.20411275,0.58752364,-0.6233993,0.0064415187,-0.0014911443,0.14502038,-0.065002955,0.19700184,0.4181844,0.4383939,-0.042684313,0.2246077,0.00028574467
137,3557,-0.36650813,0.63334763,-0.267221,-0.17071237,-0.3523959,0.41678256,0.08701667,0.38851655,0.039285213,0.0035418272,-0.785357,-0.7207621,0.07177715,-0.024039645,0.07196675,0.31579608
137,3559,0.40778834,-0.5200364,0.21674913,-0.34127364,0.807472,0.3886344,0.2973047,-0.44849604,0.8947817,0.11130587,0.55366105,-0.30002946,-0.6274746,0.27042073,0.35856685,0.151513
137,3581,-0.3624847,-0.10627804,-0.55865514,0.09098461,-0.31407648,-0.0051961318,0.13907284,0.7045345,0.5872012,0.18917298,-0.26019788,-0.31557673,0.3057773,0.37532598,0.4924026,0.4671227
137,3590,-0.44201523,-1.2519156,-0.371191,-0.3023392,-1.8131307,0.35685408,-1.9770008,-0.21867187,0.18547283,0.79420006,-0.36368218,1.0719545,-1.9890268,-0.35189798,0.8453004,-1.5915035
137,3591,-0.6830386,-0.15259439,0.6196021,0.17604464,-0.20582199,-0.105932474,0.27654004,0.21711919,-0.30914634,-0.40973407,0.51231205,0.7101558,0.34159774,-0.04270066,0.03576144,0.38536975
137,3594,1.7770803,0.7570061,-0.17154014,0.5643459,-0.98422456,0.24857253,0.54263765,0.305864,-0.766307,0.8184527,1.8408276,0.08148913,-0.40251613,1.5458475,-1.6025565,-0.0647143
137,3596,-0.1572514,-0.16544193,0.7311441,0.23049292,0.25949472,-0.14420898,0.022004083,-0.014833465,-0.3365642,-0.43627104,0.21296066,0.8819837,0.26686522,-0.1178291,-0.41694772,0.25852293
137,3607,-0.06844911,0.28636557,0.54904735,-0.4243284,0.31338024,0.5797641,0.24898607,-0.5831347,-0.025459439,-0.20639974,0.067734,-0.4676097,-0.41555512,-0.2854633,0.045348898,0.052831784
137,3620,0.53542155,0.035956927,-0.7322227,0.077413864,0.6500656,-0.95326024,-0.19829245,-0.5241567,-0.25699797,0.21530807,-0.19925705,-0.41509187,0.4850428,-0.4316477,0.2144588,-0.69259053
137,3626,-0.2505533,0.117391214,-0.63222456,0.008128621,-0.2512245,0.14248246,0.11182666,0.6863162,0.5997694,0.2116527,-0.557921,-0.54544246,0.18282892,0.34485444,0.37211397,0.44620195
137,3634,0.42375857,-0.3658074,0.5528413,-0.4445072,0.8663006,0.51145476,0.28150505,-0.8161204,0.53178865,-0.034665212,0.691316,-0.25418967,-0.68754905,0.01429737,0.2237681,0.002322495
137,3636,1.9602776,0.82262987,-0.16383532,0.61705303,-1.077765,0.23674688,0.57459086,0.28922534,-0.92605686,0.8950748,2.0441527,0.13456273,-0.4538005,1.6389627,-1.7909794,-0.13999471
137,3640,-0.61473435,-0.29896992,0.62101793,0.17382134,-0.17166138,-0.13642347,0.15314807,0.1786512,-0.2719479,-0.43635643,0.44712391,0.8002928,0.29918247,-0.092901066,-0.01662071,0.21809824
137,3647,0.010372311,-0.64473164,-0.12793161,0.1965248,0.5937912,-0.7032642,0.06055957,-0.022412479,0.12994255,-0.039910413,0.3388507,0.39271235,0.49820238,-0.048126627,0.38357693,-0.007360831
137,3653,0.23072815,-0.26423872,0.32385275,-0.3717813,0.6437207,0.4492156,0.29840103,-0.48527575,0.62388825,0.0066321716,0.38580546,-0.36939442,-0.56795377,0.09379423,0.2763414,0.13344201
137,3654,-0.4983095,0.05817353,-0.4038523,0.04503918,-0.42066813,0.059431173,0.0877293,0.65493536,0.3058464,0.07195351,-0.3612504,-0.27675098,0.30058172,0.17894478,0.3879894,0.39193153
137,3658,1.2182848,0.7673613,-0.098960504,0.363245,-0.8116771,0.35445872,0.42561367,0.2647169,-0.5776373,0.5605,1.1773347,-0.11902809,-0.28190672,1.1258258,-1.1938426,0.064305656
137,3664,-0.23000035,0.6930143,0.30798167,-0.3586325,-0.32830402,0.6997282,-0.1571026,-0.29165858,-0.47753325,-0.11996522,-0.53523254,-0.4883634,-0.34641802,-0.4227412,-0.15541887,-0.08154631
137,3671,-0.6778624,-0.13941698,0.609548,0.17113557,-0.21273759,-0.09964734,0.27459008,0.21551216,-0.30619827,-0.40466142,0.4984301,0.69013524,0.3363319,-0.043555263,0.03193283,0.37809032
137,3676,-0.5143936,-0.13667446,0.8382176,0.17492044,-0.15263882,-0.036771502,0.076621145,0.078013845,-0.47254845,-0.5394323,0.34019977,0.9180755,0.23329668,-0.18108279,-0.33794013,0.18042877
137,3684,0.14336115,-0.17947435,0.35439965,-0.36102763,0.5550358,0.4366973,0.2945238,-0.47420824,0.50475603,-0.03671512,0.33574528,-0.36128825,-0.50867635,0.030288156,0.24752831,0.123296976
137,3690,-0.26885122,-0.1141705,0.74220514,0.20204294,0.11869867,-0.09920297,0.0637102,0.010940418,-0.37404865,-0.4487626,0.25463724,0.83079386,0.2524893,-0.12552288,-0.3790264,0.24529678
137,3705,0.43046343,-0.5354814,0.22755599,-0.35012138,0.8348936,0.3982062,0.29846147,-0.47185403,0.90801066,0.11445021,0.5751898,-0.29985183,-0.6471611,0.27308467,0.3612619,0.14667715
137,3706,-0.16420987,-0.69308275,-0.1007722,0.16902399,0.4367751,-0.72308475,0.1335773,-0.013875455,0.057881974,-0.060964238,0.51961076,0.3855518,0.54820037,-0.07442823,0.5496981,-0.016354635
137,3709,1.8199258,0.78081053,-0.17982642,0.5713616,-1.0052657,0.25369215,0.5443257,0.30685636,-0.80213106,0.8394895,1.8652945,0.07989885,-0.41690272,1.5630777,-1.6454237,-0.081734926
137,3747,-0.6384326,-0.16468158,0.5974004,0.17043778,-0.17876002,-0.11950254,0.2618396,0.1873787,-0.28964886,-0.39249042,0.49689165,0.6829053,0.32723728,-0.045612898,0.026474409,0.34239328
137,3762,-0.13788739,-0.16117771,0.62432194,0.21248387,0.19398044,-0.13500142,-0.04118496,0.016522333,-0.28068984,-0.41024068,0.07552022,0.81344974,0.24189438,-0.13205647,-0.42574787,0.16971445
137,3768,-0.122214705,0.616714,0.14871065,-0.32659724,-0.37790567,0.6935629,-0.26364094,-0.2104427,-0.4125144,-0.0045776665,-0.5924826,-0.46587843,-0.40160763,-0.34414768,-0.15151691,-0.11839309
137,3771,0.013756156,0.36504638,-0.8888854,-0.098481,-0.07249722,-1.3498578,0.22996727,-0.9840653,-1.2062552,0.3012135,0.7609724,-1.039044,0.81079084,-0.85405445,0.85995215,-1.208996
137,3777,0.45297468,-0.36865556,0.5734669,-0.46881518,0.9065052,0.54326695,0.28522843,-0.8572551,0.54715925,-0.032888442,0.7028314,-0.27618676,-0.72768426,0.008858629,0.22629842,-0.0016052127
137,3778,-0.60968596,-0.30146396,0.6243199,0.18093297,-0.14190012,-0.15028414,0.1740581,0.17462212,-0.26879987,-0.42937464,0.47650343,0.80183595,0.3112405,-0.07978159,0.00058843195,0.24880338
137,3792,-0.14348201,-0.106400564,0.67187643,0.21120164,0.19119935,-0.106809065,-0.01347515,0.0017714947,-0.31815204,-0.41932422,0.09966732,0.8072763,0.23602751,-0.12656485,-0.45465356,0.20652469
137,3800,-0.3899859,0.660411,-0.23139375,-0.1832905,-0.36073193,0.4277163,0.08900495,0.3605255,-0.0032129362,-0.017388217,-0.7874937,-0.723995,0.06823242,-0.056706864,0.064112335,0.30567133
137,3801,-0.23025621,0.70579374,0.3327412,-0.37233698,-0.30857366,0.71567774,-0.14428772,-0.31764138,-0.4837601,-0.13213761,-0.53078866,-0.50269425,-0.35951704,-0.4360498,-0.15875831,-0.078825325
137,3809,0.34010583,-0.448339,0.22990917,-0.33533344,0.73708355,0.38583258,0.29586142,-0.4298219,0.8158513,0.08274043,0.4978327,-0.3085941,-0.5869915,0.22774273,0.3365683,0.15131041
137,3824,0.010372311,-0.64473164,-0.12793161,0.19652481,0.5937912,-0.7032642,0.06055957,-0.022412479,0.12994255,-0.039910413,0.3388507,0.39271235,0.49820244,-0.048126627,0.38357693,-0.007360831
137,3838,-0.44770515,-0.007831264,-0.47262338,0.06300327,-0.37523806,0.032967642,0.1089013,0.68135685,0.4247999,0.12068013,-0.32690847,-0.29693407,0.3069641,0.25881606,0.4374201,0.42944887
137,3844,-0.6290724,-0.22166282,0.739197,0.15417928,-0.29185492,-0.04324434,0.06387502,0.15580137,-0.3976327,-0.5249236,0.334194,0.88013715,0.23707901,-0.18128857,-0.20992205,0.11131269
137,3850,-0.36530417,0.19505322,-0.53744805,-0.01790591,-0.30007324,0.15029567,0.112557836,0.6338162,0.44758767,0.1413588,-0.56230444,-0.5283815,0.20166722,0.23518404,0.37277424,0.4198912
137,3865,1.9361384,0.8279711,-0.19050561,0.59640014,-1.0911735,0.23350316,0.533245,0.2808215,-0.9710376,0.9036907,1.9788076,0.123205416,-0.46352923,1.574648,-1.7779517,-0.18418834
137,3872,-0.36530417,0.19505322,-0.53744805,-0.01790591,-0.30007324,0.15029567,0.112557836,0.6338162,0.44758767,0.1413588,-0.56230444,-0.5283815,0.20166722,0.23518404,0.37277424,0.4198912
137,3874,0.4573518,-0.13224113,0.14303233,0.2600996,0.66377985,-0.27998918,-0.30690873,-0.052011177,0.047202326,-0.17188646,-0.50421965,0.54114777,0.20682558,-0.09898017,-0.5684374,0.022730306
137,3881,-0.40483505,-0.07814834,0.8276417,0.1847073,-0.026218176,-0.051082935,0.10207345,0.029970929,-0.46243832,-0.50227666,0.33155566,0.86264974,0.23968732,-0.15242265,-0.37278724,0.23869324
137,3898,0.631378,-0.035631638,-0.62259877,0.12593885,0.7775905,-0.7631666,-0.30713123,-0.34390795,0.019077815,0.16012666,-0.48366213,-0.20288405,0.35702205,-0.28947565,-0.021788254,-0.5036544
137,3902,-0.06844908,0.28636557,0.54904735,-0.4243284,0.3133803,0.5797641,0.24898607,-0.5831347,-0.025459439,-0.20639974,0.067734,-0.4676097,-0.41555512,-0.2854633,0.045348898,0.052831784
137,3908,-0.65283525,-0.18933557,0.27385247,0.16675201,-0.257623,-0.16594754,0.29294986,0.355321,-0.11665215,-0.25181744,0.42647034,0.44491458,0.4161862,0.06582433,0.21713892,0.3744781
137,3911,0.51991355,0.13093178,0.2749338,0.23881125,0.51566446,-0.07905257,-0.44457418,-0.07823445,-0.0822131,-0.2550418,-0.8262341,0.5698877,0.06855063,-0.1725373,-0.9223911,-0.055629462
137,3919,1.9276781,0.815288,-0.2223967,0.5829589,-1.0902079,0.23790428,0.4970268,0.28378466,-0.9665457,0.9148865,1.9200163,0.11221871,-0.47596246,1.5463632,-1.7562895,-0.20202789
137,3928,-0.16780788,-0.26797414,-0.6636832,0.1280978,-0.16876592,-0.027005807,0.20254907,0.6953604,0.92285216,0.31140345,-0.14569,-0.34919298,0.22093947,0.6075883,0.5497485,0.5463322
137,3942,0.39538574,-0.43769288,0.35705382,-0.38609865,0.8166679,0.44249344,0.29250765,-0.59531087,0.7312202,0.044629954,0.59104204,-0.2914588,-0.6471108,0.1536617,0.30433387,0.093147576
137,3969,0.09046462,0.5799449,-0.04593382,-0.24880172,-0.46542037,0.6553634,-0.3256371,-0.089157864,-0.4117746,0.1583843,-0.55953395,-0.43331397,-0.4317913,-0.19328672,-0.2539491,-0.16508576
137,3974,0.4162615,-0.5342018,0.21667416,-0.33977672,0.8170618,0.3847123,0.29801875,-0.45144767,0.9050565,0.11431428,0.5672983,-0.2928145,-0.63072324,0.27683395,0.36177123,0.15046117
137,3984,-0.28437418,0.6909831,0.49334913,-0.392963,-0.13307662,0.67592484,0.05620879,-0.42091763,-0.43840364,-0.24912754,-0.36131802,-0.52044,-0.3121541,-0.448679,-0.14171246,0.005334243
137,3994,-0.58892107,-0.22721693,0.28149173,-0.046946745,-0.8080441,0.19667327,-0.45639873,0.020042911,-0.2370834,0.0021107942,0.012267269,0.5849881,-0.49287772,-0.19587734,0.22091216,-0.25990278
137,4000,-0.27966064,0.7169273,0.53691256,-0.4188347,-0.104305744,0.7091707,0.06786603,-0.47092116,-0.4596422,-0.26749697,-0.35765183,-0.543111,-0.34014654,-0.47725913,-0.15211156,0.0015090257
137,4004,0.10575622,-0.019453514,-0.6892861,0.10844655,-0.16863379,0.13192976,0.12317652,0.7159355,0.7585925,0.33312285,-0.3590674,-0.43809748,0.115293264,0.6023395,0.18769373,0.45319054
137,4007,0.43984306,-0.21898311,0.09956616,0.26669106,0.7084967,-0.34570807,-0.27197826,-0.043407977,0.08827327,-0.1475071,-0.4112761,0.53684133,0.24833788,-0.08110958,-0.46198946,0.03828668
137,4009,-0.27111697,0.69269776,0.42974016,-0.37581804,-0.21045333,0.67729974,-0.01925379,-0.37115437,-0.45935735,-0.20668885,-0.4191904,-0.5008523,-0.3144133,-0.44025722,-0.14986634,-0.026674986
137,4036,-0.03616008,0.86732894,-0.024431437,-0.10951044,-0.50735587,0.5292601,0.091051586,0.19136053,-0.40116704,0.033771522,-0.42879766,-0.5750351,-0.018383443,0.03139948,-0.3830436,0.16832305
137,4038,-0.058223993,0.15075183,-0.57475626,0.020197721,-0.20496535,0.20626467,0.112987235,0.62356967,0.5760442,0.23167133,-0.49969763,-0.5257954,0.10153814,0.41160578,0.19061798,0.41865075
137,4039,0.32224548,-0.43386656,0.22527118,-0.3272891,0.7133138,0.37712416,0.29301816,-0.4147585,0.7961401,0.07805247,0.48408583,-0.30402446,-0.5679522,0.22194193,0.3303488,0.15151975
137,4048,-0.27409908,0.12584527,-0.60675967,0.0036394633,-0.25731978,0.13743854,0.11364682,0.66902024,0.5677651,0.19484499,-0.5474138,-0.53432804,0.18751207,0.32042724,0.37167645,0.43516132
137,4050,0.39536917,-0.5035285,0.22357865,-0.34455132,0.7977717,0.39358386,0.29864234,-0.45083588,0.8802527,0.10449105,0.54176706,-0.3069464,-0.6255932,0.25948438,0.35473233,0.15170383
137,4052,0.23431289,-0.29936004,0.28151405,-0.3435455,0.6290815,0.409994,0.29073706,-0.43662858,0.65021425,0.024044402,0.39804196,-0.3390348,-0.53623974,0.12843724,0.28522837,0.13927035
137,4070,-0.52811265,-0.0760382,-0.35865685,-0.022284765,-0.68432504,0.12800378,-0.2528199,0.51581687,0.165225,0.14690167,-0.41055012,-0.06340351,-0.048310503,0.025109304,0.41071218,0.04823818
137,4081,-0.04951942,-0.6919888,-0.16910301,0.18510082,0.57809204,-0.77598965,0.120194785,-0.049197122,0.095943235,-0.008618303,0.48537526,0.344705,0.5663161,-0.056098137,0.54848456,-0.009728864
137,4087,-0.16874735,-0.57367414,0.0688144,0.17734645,0.34096736,-0.5445173,0.06284477,0.033504903,0.02127564,-0.15836269,0.34375933,0.5037754,0.4378288,-0.08090879,0.27686372,0.013281286
137,4090,0.26104558,0.031061336,-0.38829333,0.06339456,0.24106671,-0.6148514,-0.24767892,-0.28476512,-0.21474585,-0.011850283,-0.37346542,-0.09386636,0.2459739,-0.41102615,-0.105566666,-0.633222
137,4103,0.6299748,0.07879731,0.07907446,0.2364281,0.6258654,-0.19364296,-0.48700833,-0.09517901,0.02146928,-0.17090434,-0.88901967,0.4556883,0.08914454,-0.17943901,-0.8485802,-0.13652483
137,4104,-0.3624847,-0.10627803,-0.55865514,0.09098461,-0.31407648,-0.0051961467,0.13907284,0.7045345,0.5872012,0.18917295,-0.26019788,-0.31557673,0.3057773,0.37532598,0.4924026,0.46712273
137,4115,-0.6716753,0.20201184,0.5880573,0.044109534,-0.4880761,0.17483392,0.08367837,0.10679259,-0.4858999,-0.32062954,0.13700214,0.45389414,0.04080972,-0.17463805,-0.06332508,0.23169032
137,4120,1.2715664,0.7127857,-0.35063985,0.26306736,-1.010792,0.41297567,-0.057441756,0.22826873,-0.8359862,0.75751215,0.742983,-0.07566744,-0.53118294,0.8245202,-1.1955488,-0.34013093
137,4124,0.029572934,0.045861408,0.4594939,-0.39382738,0.43499094,0.50432503,0.27931568,-0.53580457,0.24466139,-0.12419431,0.20818931,-0.41371316,-0.46464807,-0.13163888,0.1558659,0.087109946
137,4126,1.9889398,0.8348185,-0.18645927,0.61764014,-1.0873297,0.24410442,0.5625448,0.29688677,-0.9415053,0.91605365,2.0285676,0.12430067,-0.46585536,1.6425804,-1.8122013,-0.1526894
137,4127,0.631378,-0.035631638,-0.62259877,0.12593885,0.7775905,-0.7631666,-0.30713123,-0.34390795,0.019077815,0.16012666,-0.48366213,-0.20288405,0.35702205,-0.28947565,-0.021788254,-0.5036544
137,4138,0.54051274,0.077068105,0.113416865,0.22349475,0.5426123,-0.16567677,-0.44365966,-0.07125951,0.004882641,-0.186153,-0.8206342,0.45569152,0.09126255,-0.1698601,-0.802669,-0.11416033
137,4149,-0.24735881,0.66065264,0.72555304,-0.4809325,0.14683874,0.7098422,0.2265117,-0.6716875,-0.42694333,-0.3580885,-0.14107177,-0.5514707,-0.37313378,-0.525372,-0.12672728,0.0247671
137,4152,-0.4451564,0.946291,0.08653956,-0.25074515,-0.4732921,0.5601825,0.030468106,0.10526451,-0.48244843,-0.15913218,-0.7845617,-0.673646,0.0637334,-0.3352567,-0.17727241,0.15548123
137,4153,-0.41174003,0.6954107,-0.19526862,-0.19606258,-0.37310302,0.44209456,0.088544354,0.332985,-0.0545946,-0.038815476,-0.79422605,-0.7286809,0.06699811,-0.09291381,0.04915671,0.29365468
137,4157,-0.48109448,-0.9774476,-0.33731478,-0.25312275,-1.6131845,0.33053955,-1.6365322,-0.075274095,0.12975012,0.6457729,-0.38728887,0.85038745,-1.6036428,-0.30167714,0.733934,-1.2632107
137,4161,-0.59458566,-0.058867827,-0.3381433,0.152312,-0.511441,-0.24260539,0.35917604,0.5998663,0.012213901,0.034120344,0.27241772,-0.1239745,0.59023064,0.2209325,0.40589097,0.28593135
137,4173,-0.58341354,-0.18963027,0.7682185,0.1603073,-0.2388711,-0.041240834,0.06892046,0.1272508,-0.41973516,-0.5258688,0.3339302,0.8859816,0.23513664,-0.1789934,-0.25368714,0.13664167
137,4177,0.45503902,-0.0718665,0.1829362,0.25392503,0.6171973,-0.22820765,-0.32877725,-0.05427879,0.012807004,-0.19485977,-0.5621074,0.55034524,0.17648822,-0.11306594,-0.64166087,0.012519777
137,4180,-0.29022035,-0.16731998,-0.59212255,0.11296502,-0.2753201,-0.020936005,0.1638004,0.70277625,0.69116,0.23282295,-0.19703597,-0.31575996,0.289046,0.46132597,0.5049333,0.4918447
137,4184,-0.31795228,-0.035500098,-0.5506891,0.046334956,-0.22028017,0.06835697,0.16669278,0.6406712,0.66506875,0.19207942,-0.35170734,-0.41483277,0.20461917,0.39045006,0.4877724,0.50626516
137,4191,-0.07366726,0.41970593,-0.8737252,-0.1264751,-0.22236805,-1.3471324,0.25847,-1.0132431,-1.3089186,0.28156772,0.80702955,-1.0795605,0.7893985,-0.9136438,0.8693024,-1.2893643
137,4198,0.42902678,-0.35784322,0.5383282,-0.46067408,0.87853765,0.53519785,0.28685638,-0.8111682,0.56550264,-0.02508577,0.66253763,-0.29434735,-0.7128047,0.022855733,0.23729149,0.017427161
137,4205,1.8946416,0.7738091,-0.32289162,0.5349549,-1.0975118,0.29029003,0.3448369,0.29892376,-0.9166597,0.95533395,1.6918311,0.073644266,-0.5413952,1.467057,-1.6668353,-0.24641427
137,4211,0.043708175,0.8797397,-0.031403527,-0.08406751,-0.532641,0.5291499,0.10800651,0.19718133,-0.42553338,0.06770178,-0.34617293,-0.5589141,-0.036422953,0.093252435,-0.44203353,0.1603958
137,4214,0.52582186,0.7883041,-0.092039615,0.11241447,-0.6384437,0.4261006,0.23509052,0.25238472,-0.44940433,0.28356737,0.2864132,-0.36173505,-0.12170087,0.5355419,-0.7243712,0.122586615
137,4216,-0.53867173,-0.18170959,-0.29090884,-0.059470523,-0.81425935,0.15772074,-0.4394809,0.39450103,0.10008631,0.18525332,-0.37741244,0.0942015,-0.27080482,-0.054076005,0.42738795,-0.15030548
137,4220,0.0039925575,0.14783378,0.51643395,-0.42422208,0.41035116,0.55869925,0.271363,-0.58721346,0.1380972,-0.16066281,0.15612301,-0.45231587,-0.47208273,-0.20413595,0.11096917,0.06984029
137,4222,0.4122423,-0.46432585,0.33718115,-0.38395417,0.83436203,0.43926662,0.29539508,-0.5824845,0.7739093,0.05969254,0.596978,-0.29479223,-0.65819734,0.17808752,0.31838256,0.102261215
137,4227,0.631378,-0.035631638,-0.62259877,0.12593885,0.7775905,-0.7631666,-0.30713123,-0.34390795,0.019077815,0.16012666,-0.48366213,-0.20288405,0.35702205,-0.28947565,-0.021788254,-0.5036544
137,4239,-0.17767832,-0.2794788,-0.6544887,0.14683579,-0.20005816,-0.04788193,0.19663872,0.7037596,0.87681687,0.3012463,-0.114055775,-0.31409305,0.26410645,0.5950331,0.53262836,0.5294647
137,4245,0.25037253,-0.32986993,0.26543298,-0.3376321,0.6439737,0.39958453,0.291618,-0.42617446,0.68437415,0.036566593,0.4149983,-0.33049154,-0.54005337,0.1512471,0.29655206,0.14385234
137,4247,-0.114838034,0.42275327,-0.82576025,-0.12917747,-0.28533706,-1.2887319,0.25870368,-0.96556354,-1.2851142,0.25166756,0.7786163,-1.0386237,0.7400537,-0.8978603,0.8188002,-1.2729934
137,4249,0.36505562,-0.3041169,0.5091276,-0.43211925,0.7914866,0.5066052,0.2764037,-0.7454822,0.5060456,-0.036237553,0.59952486,-0.28846735,-0.6461018,0.0081387125,0.21999395,0.024287127
137,4257,-0.6030131,-0.07310901,-0.38683435,0.1550108,-0.5387135,-0.26362756,0.36641517,0.6242503,0.020977989,0.052541472,0.2788378,-0.15191671,0.6167187,0.23021832,0.4289658,0.26714435
137,4259,-0.14715432,-0.7409051,-0.17559738,0.16803974,0.5096345,-0.8131699,0.17070648,-0.051073387,0.066707686,-0.0114919245,0.6072712,0.32681865,0.60111386,-0.072153434,0.6794866,-0.025636002
137,4278,1.6952903,0.7587725,-0.15915571,0.53465044,-0.9579511,0.26564604,0.5270827,0.29872692,-0.73593533,0.77966535,1.7462773,0.05110443,-0.38472182,1.4864315,-1.5410278,-0.043123454
137,4282,-0.2940197,0.6391322,0.6550658,-0.4413163,0.09677802,0.6578998,0.23356918,-0.5692291,-0.37627137,-0.3426436,-0.1775231,-0.5417915,-0.32586646,-0.47821888,-0.100297764,0.06252779
137,4288,-0.6030131,-0.07310901,-0.38683435,0.1550108,-0.5387135,-0.26362756,0.36641517,0.6242503,0.020977989,0.052541472,0.2788378,-0.15191671,0.6167187,0.23021832,0.4289658,0.26714435
137,4293,0.3970316,-0.3359322,0.5333127,-0.4433637,0.8357992,0.5147925,0.28139657,-0.7861118,0.52606225,-0.03500036,0.6454471,-0.27790803,-0.6752808,0.011538763,0.22493355,0.01501897
137,4315,0.39536917,-0.5035285,0.22357865,-0.34455132,0.7977717,0.39358386,0.29864234,-0.45083588,0.8802527,0.10449103,0.54176706,-0.3069464,-0.6255932,0.25948438,0.35473233,0.15170383
137,4332,-0.6439532,-0.19306818,0.32863548,0.16231912,-0.22630127,-0.15008022,0.2790193,0.3225876,-0.11898079,-0.2757093,0.4214039,0.48531651,0.3853883,0.048436742,0.19011669,0.37468523
137,4334,0.24908084,0.060703143,-0.4201207,0.05127042,0.21106474,-0.6636392,-0.22824974,-0.33599842,-0.28963572,0.0024449378,-0.3218792,-0.15129025,0.2676404,-0.4552528,-0.06355283,-0.69489217
137,4339,-0.23433591,-0.14572167,0.7184887,0.21089,0.16995783,-0.12297423,0.054567277,0.007956579,-0.34256366,-0.4344338,0.24833238,0.83557415,0.26180917,-0.11564329,-0.36579847,0.25135446
137,4345,-0.59312445,-0.29556686,0.58928525,0.17855518,-0.12410472,-0.15873992,0.18589611,0.17497241,-0.24194506,-0.40539384,0.474113,0.7607275,0.3150006,-0.0638559,0.024009496,0.2600096
