window_id,vehicle_id,z_0,z_1,z_2,z_3,z_4,z_5,z_6,z_7,z_8,z_9,z_10,z_11,z_12,z_13,z_14,z_15
43,773,0.14022642,0.42685488,0.023360904,0.40226766,-0.5049951,0.6490006,-0.13305452,-0.55730075,0.9540688,1.4893085,-0.35538954,-0.03968363,-0.28824168,0.19116607,0.16681159,0.71603024
43,3663,0.14352855,0.43760455,0.021124542,0.41308323,-0.51426864,0.6652235,-0.13781424,-0.5698098,0.9751406,1.5226333,-0.3687203,-0.03781546,-0.30274546,0.19194753,0.16867779,0.7307482
43,472,-0.49103874,1.2282296,0.91442245,0.3077358,0.59042025,0.43893343,-0.5125887,0.29250437,0.23139337,-1.1332564,-0.9466108,-1.0045741,0.43158656,0.38250047,-0.9847588,0.37599924
43,140,1.2917355,-0.65011483,0.63130647,0.12814355,0.2255309,0.9415133,0.62401867,0.45072186,-0.28757825,-0.035868756,-0.08641209,-1.4480655,0.50856924,-0.4549343,0.94294035,0.2850312
43,625,0.14352858,0.43760458,0.021124545,0.41308323,-0.5142687,0.6652235,-0.13781425,-0.5698097,0.9751404,1.5226336,-0.36872023,-0.03781546,-0.3027454,0.19194753,0.16867779,0.7307483
43,1543,0.14022645,0.42685488,0.023360904,0.40226766,-0.5049951,0.6490005,-0.13305454,-0.55730075,0.9540689,1.4893086,-0.35538965,-0.039683625,-0.28824157,0.19116607,0.16681159,0.71603036
43,2330,0.13840881,0.41018978,0.02145163,0.39615354,-0.49166092,0.628587,-0.12457446,-0.54584676,0.92436194,1.4496026,-0.33909506,-0.04140903,-0.271753,0.18812957,0.1597122,0.7033469
43,2714,0.14352855,0.43760455,0.021124545,0.41308323,-0.51426864,0.6652235,-0.13781424,-0.56980973,0.97514045,1.5226336,-0.36872017,-0.03781546,-0.30274552,0.19194753,0.16867779,0.73074836
43,3988,-0.49103874,1.2282295,0.9144225,0.3077358,0.59042025,0.43893343,-0.5125887,0.29250437,0.23139338,-1.1332564,-0.9466109,-1.0045741,0.43158656,0.38250047,-0.9847589,0.3759992
43,736,0.14022645,0.42685488,0.023360912,0.40226772,-0.5049951,0.6490006,-0.13305452,-0.5573008,0.95406884,1.4893086,-0.3553896,-0.039683633,-0.28824162,0.19116607,0.16681159,0.7160303
43,739,1.3244878,-0.63201284,0.6679446,0.1134581,0.24116442,0.9599595,0.65478426,0.4539674,-0.28164008,-0.012357593,-0.06689219,-1.4776931,0.49040765,-0.44800436,0.9240493,0.32290983
43,1952,-0.48964843,1.2241089,0.9226725,0.2704094,0.58673275,0.41469264,-0.49718386,0.31292528,0.25517437,-1.1097976,-0.91882074,-0.9944497,0.4393994,0.38757688,-0.9557056,0.35799032
43,1364,0.14352858,0.43760452,0.021124542,0.41308323,-0.51426864,0.6652235,-0.13781425,-0.56980973,0.9751405,1.5226336,-0.36872023,-0.037815463,-0.3027454,0.19194753,0.16867779,0.73074806
43,2308,0.14352855,0.43760455,0.021124545,0.41308329,-0.51426864,0.6652235,-0.13781424,-0.5698098,0.97514045,1.5226336,-0.36872017,-0.03781546,-0.30274546,0.19194753,0.16867779,0.7307483
43,689,0.13840884,0.4101898,0.021451633,0.39615354,-0.49166092,0.62858707,-0.12457446,-0.54584664,0.924362,1.4496026,-0.33909512,-0.04140903,-0.27175295,0.18812957,0.1597122,0.703347
43,2241,-0.18387423,0.72534174,0.33716893,-0.287742,0.20997766,0.50250727,0.060486354,-0.7782572,-0.112199135,-1.1982726,0.190761,-0.08106242,-0.75146097,0.3789547,-0.30940863,-0.47593203
43,3953,0.14022642,0.42685485,0.023360908,0.40226772,-0.5049951,0.6490005,-0.13305452,-0.55730075,0.9540687,1.4893086,-0.3553896,-0.03968363,-0.28824157,0.19116607,0.16681159,0.7160303
43,70,0.14352861,0.43760455,0.021124545,0.41308323,-0.51426876,0.6652235,-0.13781425,-0.56980973,0.9751405,1.5226336,-0.36872023,-0.03781546,-0.30274534,0.19194753,0.16867779,0.7307483
43,505,0.14352858,0.43760458,0.02112455,0.41308323,-0.5142687,0.6652235,-0.13781425,-0.56980973,0.9751405,1.5226336,-0.36872023,-0.037815467,-0.3027454,0.19194753,0.16867779,0.73074824
43,920,-0.49103874,1.2282296,0.9144224,0.3077358,0.5904201,0.43893337,-0.5125887,0.29250437,0.23139337,-1.1332564,-0.9466109,-1.0045742,0.43158656,0.38250047,-0.9847588,0.3759992
43,785,0.14022642,0.42685488,0.023360904,0.40226778,-0.5049951,0.6490005,-0.13305454,-0.5573008,0.9540687,1.4893086,-0.3553896,-0.03968363,-0.28824157,0.19116607,0.16681159,0.7160303
43,3345,0.14022645,0.4268549,0.023360908,0.40226772,-0.5049951,0.6490005,-0.13305454,-0.55730075,0.9540688,1.4893085,-0.35538954,-0.03968363,-0.28824162,0.19116607,0.16681159,0.7160303
43,13,0.034717873,0.038154047,-0.3250708,0.5978435,-0.4000728,0.5128672,-0.29272506,-0.5397575,0.6283051,0.89890665,-0.5278274,-0.054846108,-0.08866513,0.027176812,0.25694528,0.43959862
43,24,-0.5400461,-0.26109025,-0.2528688,-0.31654578,-0.2402274,0.5830484,-0.25805777,0.39784884,-0.6677097,0.118268855,0.069653824,0.17395045,-0.3259439,-0.046423614,-0.0039022937,-0.1427454
43,25,-0.4837268,-0.4322807,-0.42756084,-0.12128529,-0.19731155,0.7477653,-0.15925437,0.19451761,-1.0918771,-0.016646393,0.09857336,0.21680298,-0.56075615,-0.14159864,-0.20136887,0.035402358
43,29,0.6804935,0.006274555,0.47199917,-0.03312026,0.4718623,-0.33859283,0.6169798,0.17466158,-0.22643319,-0.16275722,0.4008214,-0.36474285,-0.1582216,-0.09450981,-0.44100752,0.51429427
43,40,-0.15482089,0.033376116,0.18656445,-0.55592835,-0.135997,-0.5911811,-0.20676824,0.7471839,0.48456022,0.3427389,0.017387256,0.092715755,0.60509145,0.043269426,0.38605276,-0.42070496
43,51,-0.5168952,-0.26953414,-0.2576466,-0.32656056,-0.22594658,0.5874481,-0.294286,0.49660337,-0.7320103,0.11940507,0.0064722747,0.17781648,-0.46056664,-0.12017697,-0.035389163,-0.13570035
43,53,0.3634434,-0.16716295,-0.20538507,0.44268265,0.32603845,-0.7791965,0.37833342,-0.08098328,-0.3622405,-0.10375299,0.2207291,0.30088732,-0.27840102,-0.26966587,-0.7301291,0.4862339
43,68,-0.01857227,0.0076248497,-0.007616926,-0.16851331,-0.10866444,0.10604857,0.08193064,-1.1467004,0.33320916,-0.4585975,0.42456824,0.37331992,0.39225996,0.37004793,0.69861865,-0.73837954
43,77,-0.49624065,0.017194893,-0.059449483,-0.49329275,-0.098446615,0.6363885,-0.4838981,0.9164391,-0.7670574,-0.00064932555,-0.28128517,0.043691702,-1.11304,-0.27196798,-0.28383064,-0.15528195
43,81,-0.0870199,-0.24605282,-0.11931008,0.16610694,0.10962741,-0.66217005,0.04157055,-0.05086926,0.16867812,-0.32082564,0.028967395,0.06929525,0.8055835,0.056250736,0.22603384,-0.19565514
43,90,0.16591477,0.3698084,-0.079111114,0.5433303,-0.51593876,0.7309026,-0.14978379,-0.6515569,0.96526307,1.574197,-0.44008166,-0.050352495,-0.32665217,0.15180841,0.16187839,0.7986887
43,96,-0.376597,0.05055641,0.033596944,-0.37623194,-0.23960543,0.2587601,0.008509526,-0.61925787,0.31738344,-0.11234242,0.47653025,0.23132992,0.5938747,0.48601547,0.58032006,-0.5940905
43,100,-0.2887029,0.6818379,0.29650903,-0.30158526,0.16465512,0.55260366,0.03451907,-0.714749,-0.124927856,-1.0813818,0.2110222,-0.07109576,-0.65436333,0.41121823,-0.3039678,-0.44995543
43,108,0.67602146,0.011529431,0.49604523,-0.058300443,0.46602544,-0.31155777,0.61493796,0.1828061,-0.21529268,-0.16636778,0.40730214,-0.3923465,-0.13288432,-0.077540666,-0.4122996,0.50169784
43,112,0.028072238,-0.17765893,-0.05927064,0.09073721,0.24244446,-0.93382317,0.19135535,0.17524026,0.015452077,-0.24095598,0.1728543,0.15397309,0.56765693,-0.048278242,-0.16817087,0.041913897
43,129,-0.3978827,-0.27847782,-0.20156337,-0.2188414,-0.34127295,-0.10184478,-0.085521765,-0.24223898,0.25946984,0.25829425,0.35581946,0.2953584,1.0802327,0.33022696,0.62867004,-0.45547628
43,144,-0.36615348,1.0060314,0.8110718,0.051434904,0.47362027,0.06785597,-0.41331014,0.49321234,0.35583538,-0.80404997,-0.73097587,-0.76134765,0.44920927,0.28348577,-0.69667387,0.1893811
43,148,-0.024442837,0.19384341,0.36154726,-0.5294404,0.037100077,-0.77806544,-0.13291064,0.81980133,0.54139924,0.13800076,-0.06084703,-0.03716503,0.5445867,0.015448064,0.20269078,-0.32279104
43,164,0.17301548,0.68094146,0.39255342,-0.39160982,0.20703903,0.45527327,0.2099638,-1.1361129,0.021393672,-1.3129113,0.29955885,0.07438647,-0.8968007,0.2975033,0.10217125,-0.770031
43,169,-0.4600711,0.07771033,0.06518399,-0.61167836,-0.19736013,0.31846654,-0.41986734,0.8574281,-0.24288589,0.19127896,-0.115156874,0.06658746,-0.46967584,-0.063072056,0.060613364,-0.31342
43,174,-0.17497586,-0.2879113,-0.27344704,0.2395716,-0.010270089,-0.59928346,-0.14590088,-0.14119083,0.27525216,-0.24845159,-0.119619,0.19420047,0.8275846,0.043344393,0.38318375,-0.3476528
43,192,0.23311707,-0.22328609,-0.23264258,0.36089057,0.31307924,-0.95060635,0.30088654,0.01796681,-0.33118537,-0.21256383,0.2354085,0.35326728,-0.022412628,-0.23660189,-0.6328942,0.3410498
43,198,0.28585544,-0.22603825,-0.25628555,0.40356693,0.34468862,-0.99163514,0.32622442,0.017876094,-0.36708823,-0.2043634,0.22533335,0.3865106,-0.12489045,-0.28723827,-0.71184623,0.38865587
43,203,0.5496659,0.47887108,0.39348948,-0.4637656,0.13900244,0.26474023,0.33140224,-1.2631986,0.15201148,-1.2245609,0.39369887,0.21321793,-0.84172064,0.15040216,0.5591082,-0.9604705
43,214,-0.68604815,0.25076595,0.050785087,-0.41998896,-0.13266727,0.51697004,-0.2699719,0.23751317,-0.20255332,-0.09376015,0.09237392,0.0018145982,-0.19573599,0.28901148,-0.14777642,-0.23910482
43,219,-0.3860467,-0.2593804,-0.14685895,-0.32516104,-0.32174036,-0.30602145,-0.15340383,0.24615887,0.30745623,0.4292558,0.23820935,0.23337495,1.0414577,0.21289472,0.5612365,-0.41682738
43,220,0.28585088,-0.21366338,-0.27096277,0.41813686,0.3136742,-0.9271797,0.30560043,-0.0062150136,-0.3695328,-0.16661865,0.20004137,0.38598704,-0.18342316,-0.28957033,-0.71471703,0.39990872
43,227,-0.5274193,-0.10313982,-0.17664589,-0.40728462,-0.11255771,0.74558777,-0.44400838,0.7975217,-0.94167465,-0.011070833,-0.23569177,0.091564305,-1.1247876,-0.28664842,-0.32031363,-0.09705932
43,230,-0.33075392,0.6732079,0.28531232,-0.2905485,0.15688753,0.5531702,0.021500012,-0.6832624,-0.12875104,-1.0446097,0.20847157,-0.07836288,-0.60813385,0.4259113,-0.32545128,-0.42133486
43,238,0.28729415,-0.21577518,-0.24884807,0.3917487,0.33504245,-0.97189385,0.3164978,0.023033576,-0.36212063,-0.19613968,0.21813306,0.38235754,-0.14539325,-0.28651977,-0.7055252,0.38374197
43,248,0.2408016,0.64865386,0.39047867,-0.39692962,0.20013729,0.41949844,0.23224166,-1.1674654,0.03604675,-1.3132682,0.31325108,0.10073387,-0.8915089,0.26933298,0.1721339,-0.8039642
43,251,0.16312593,0.40215614,-0.028349813,0.48495266,-0.5139486,0.7033916,-0.13052581,-0.61752415,0.9684345,1.5659735,-0.3962651,-0.046332933,-0.3165838,0.17288299,0.15682098,0.78194815
43,256,0.24486914,0.1845625,-0.09653795,0.49926028,-0.06457804,-0.033187464,0.15489915,-0.4353808,0.27739045,0.68919307,-0.046609953,0.1573404,-0.38382095,-0.015059248,-0.3622504,0.65243465
43,260,0.34458843,-0.47371164,-0.8413704,1.0419422,-0.17077024,0.072251245,-0.761295,-0.29503617,0.3636189,-0.41782302,-1.5684903,-0.19234799,-0.3443793,-0.65123016,0.78849864,-0.41505766
43,261,0.562793,-0.056986496,0.2134621,0.14998123,0.4149727,-0.5181857,0.5282716,0.080606386,-0.27425945,-0.13517211,0.3288021,-0.10364414,-0.20498472,-0.16597182,-0.55099255,0.50460494
43,272,0.2887202,-0.2233078,-0.27090347,0.46499148,0.2946797,-0.8016703,0.3392949,-0.09519099,-0.3824785,-0.1348062,0.22449324,0.32863596,-0.16277432,-0.25260463,-0.6924262,0.4416229
43,274,-0.45164093,0.07311329,0.05890499,-0.61898166,-0.18660457,0.33923447,-0.44290712,0.919359,-0.3002671,0.1878592,-0.15528016,0.068488106,-0.5761563,-0.11133596,0.029981956,-0.30450568
43,284,-0.49871925,0.042989295,0.02010712,-0.6086191,-0.20323013,0.41445637,-0.4334426,0.87019044,-0.3481959,0.19327715,-0.1258731,0.08297943,-0.5615384,-0.09373334,0.030609757,-0.30120274
43,286,-0.55079734,-0.22747098,-0.2251902,-0.34746164,-0.24350744,0.5721817,-0.27021697,0.42074582,-0.6147735,0.12968966,0.0666666,0.16503556,-0.30896634,-0.029292822,0.012344398,-0.16709858
43,301,-0.33608526,-0.18413243,-0.061333004,-0.39027837,-0.27688178,-0.37027025,-0.16951442,0.37857303,0.35582986,0.41242394,0.18539947,0.1989179,0.92667437,0.17145662,0.5210301,-0.42529938
43,315,-0.33608526,-0.18413244,-0.061332997,-0.39027837,-0.27688178,-0.37027028,-0.16951442,0.378573,0.35582983,0.41242394,0.18539947,0.1989179,0.92667437,0.17145663,0.5210301,-0.42529938
43,316,-0.4503773,-0.3375517,-0.23589675,-0.26020688,-0.37974653,-0.20543507,-0.13234109,0.062300507,0.2597246,0.44313303,0.30799836,0.2774954,1.183413,0.27511927,0.61807376,-0.41297838
43,327,0.31327242,-0.19278191,-0.23392339,0.43907484,0.30127445,-0.7864683,0.34689388,-0.08017188,-0.36377442,-0.12158589,0.22051203,0.312767,-0.2051903,-0.25353125,-0.69428223,0.44814122
43,330,-0.10331107,-0.05930577,-0.05586488,-0.1594274,-0.16136466,0.0671868,0.04660994,-0.9705985,0.3088839,-0.3163506,0.40222704,0.35319602,0.5533788,0.36515367,0.6789321,-0.67071235
43,331,-0.66155887,0.08916272,0.05756017,-0.49549186,-0.3250239,0.34804976,-0.0796378,-0.14081535,0.27140468,0.14548811,0.45888227,0.08729982,0.72107285,0.55605096,0.40812442,-0.4292598
43,334,1.2049612,-0.6836433,0.46123087,0.22424626,0.1782549,0.83337164,0.48579168,0.4009126,-0.25229397,-0.12937021,-0.24870907,-1.313411,0.45419624,-0.5112738,0.9928958,0.15023766
43,344,-0.43805847,-0.31191838,-0.22163154,-0.23295186,-0.3675974,-0.14220364,-0.10774868,-0.09560487,0.24928029,0.35457182,0.33930755,0.2800769,1.1539514,0.3140763,0.6143754,-0.41813478
43,353,0.06858949,0.23205991,0.41908577,-0.6925005,0.0128252655,-0.83137614,-0.23953621,1.1005912,0.5831071,0.25874767,-0.1648116,-0.009736994,0.25270337,-0.111212164,0.2295385,-0.38976145
43,359,0.28835472,-0.19242042,-0.2290061,0.3636454,0.3161383,-0.935187,0.29900765,0.035480518,-0.34574524,-0.17950003,0.20405117,0.3717194,-0.17833048,-0.28221816,-0.68852633,0.3712836
43,361,-0.1294835,0.3030331,0.25321677,-0.5612691,-0.116353095,0.37844062,0.10084167,-0.6455946,0.23152201,-0.4167748,0.45474517,0.17221753,-0.08447927,0.38807938,0.51170945,-0.7054509
43,365,0.27560684,-0.23551516,-0.29598877,0.63866997,0.184365,-0.32210016,0.34899703,-0.36728325,-0.2928128,0.14456221,0.17971608,0.09745884,-0.047375202,-0.11440438,-0.5676694,0.63581157
43,373,0.19506523,0.36111066,0.31033176,-0.52652526,-0.013267055,0.3433565,0.2348403,-1.007952,0.21271905,-0.76317644,0.47041357,0.22599585,-0.39845353,0.29628828,0.59910005,-0.85272324
43,374,0.37917712,-0.094130024,0.015293021,0.35676417,0.14172408,-0.07905912,0.39071387,-0.24866505,-0.124678485,0.21863353,0.2272967,-0.1285969,-0.08511311,-0.040565953,-0.35433012,0.58479387
43,389,-0.0924471,0.0076738633,0.0018117763,-0.2157707,-0.14429668,0.1473593,0.09338824,-1.0232172,0.30995893,-0.37243077,0.45777088,0.332574,0.4444005,0.3955505,0.66764796,-0.6859235
43,408,0.32555565,-0.17515649,-0.21197577,0.42913654,0.29926762,-0.75749195,0.35308608,-0.083870426,-0.35170984,-0.106961444,0.21988174,0.29537573,-0.22508985,-0.24721298,-0.6890495,0.45600408
43,412,-0.46783638,-0.061276585,-0.055781577,-0.48384613,-0.21756531,0.37379128,-0.3525223,0.6735787,-0.37278312,0.16846392,-0.0411046,0.10582452,-0.35448205,-0.0597322,0.06745982,-0.253209
43,440,-0.37970507,0.2680044,0.21097341,-0.57922137,-0.18962018,0.39978397,-0.014859207,-0.32459882,0.2290583,-0.17807785,0.41771495,0.102957,0.13626677,0.44572896,0.40069503,-0.57294315
43,441,-0.005304575,-0.34866765,-0.37296635,0.45488456,0.222994,-0.9704485,0.23601463,-0.115517125,-0.2861531,-0.23074535,0.2574738,0.36879563,0.46544963,-0.107373685,-0.46397963,0.26119033
43,445,-0.20407113,-0.32783335,-0.2919524,0.3164262,-0.018898897,-0.47188538,-0.17973737,-0.29984003,0.33614567,-0.37580043,-0.19397603,0.12399168,0.92135084,0.08714565,0.5618726,-0.45702967
43,447,-0.49076748,0.26703307,0.20134625,-0.60350335,-0.22145605,0.42403394,-0.06538377,-0.19377545,0.23865232,-0.08099095,0.4042734,0.07522663,0.21602637,0.4767078,0.3624741,-0.53405726
43,451,-0.4738684,-0.025467902,-0.028202485,-0.53487873,-0.21134126,0.38504648,-0.38865158,0.7671667,-0.3709031,0.18299046,-0.08253728,0.10063805,-0.45047373,-0.08523056,0.052533895,-0.27185696
43,468,0.29436332,-0.21863309,-0.27294943,0.42285147,0.32786986,-0.95030826,0.31458917,-0.000678353,-0.37697467,-0.1760937,0.20523997,0.39177778,-0.18575871,-0.2975682,-0.7284962,0.40554887
43,473,-0.73102295,0.12509133,0.07710719,-0.5411508,-0.33732265,0.3686018,-0.1273469,0.017782127,0.2714785,0.19716948,0.4200313,0.044629484,0.69686043,0.56055355,0.35714987,-0.40724874
43,488,-0.51865554,-0.20790905,-0.25847465,-0.32541955,-0.13287845,0.7535206,-0.3872698,0.67017025,-1.0088785,-0.0056205913,-0.17092477,0.13118705,-1.0132036,-0.27615026,-0.2968044,-0.057701644
43,490,0.1243318,-0.11530879,-0.03595559,0.053394973,0.28803575,-1.0401068,0.22265568,0.28820756,-0.054011226,-0.21404335,0.18256427,0.22750275,0.2952988,-0.13798672,-0.36936006,0.12563461
43,500,-0.52458894,-0.3465227,-0.37123996,-0.21000928,-0.17340352,0.7791119,-0.28423554,0.43716246,-1.0800784,0.00010616332,-0.044198975,0.1861854,-0.79909915,-0.2190077,-0.25252867,-0.006540261
43,502,-0.49143413,-0.18255432,-0.18372619,-0.37158462,-0.1968472,0.54198104,-0.3305713,0.5902954,-0.67161465,0.09538352,-0.05126877,0.13616277,-0.5469031,-0.13646948,-0.063971646,-0.15208583
43,511,-0.6236957,0.1549785,0.02622978,-0.4659863,-0.17654622,0.46050143,-0.29977107,0.38903666,-0.21059732,0.022868402,0.061980933,0.03739872,-0.19978338,0.19476797,-0.04123924,-0.26561964
43,513,0.1133607,0.22173502,-0.22286497,0.6191548,-0.479804,0.67427456,-0.23553681,-0.64086664,0.8472888,1.327399,-0.5293096,-0.049763307,-0.2528969,0.08314017,0.20795721,0.669543
43,516,0.2872277,0.310869,-0.0064282157,0.44438997,-0.07632284,-0.008605987,0.14411095,-0.4243444,0.40317625,0.7883957,-0.087231115,0.17029226,-0.5253074,-0.010815963,-0.35642195,0.67161405
43,535,1.2917355,-0.65011483,0.6313065,0.12814355,0.22553086,0.9415133,0.6240186,0.45072186,-0.28757828,-0.035868756,-0.08641209,-1.4480655,0.50856924,-0.45493442,0.9429405,0.2850312
43,538,0.20249125,-0.20874475,-0.39185137,0.715384,0.12241918,-0.33965245,0.27638328,-0.43809044,-0.24626195,0.22757348,0.11570192,0.21307796,-0.10447806,-0.1174258,-0.5949939,0.63539416
43,546,-0.5636525,-0.25616133,-0.25902906,-0.34329903,-0.24028689,0.6324989,-0.28785104,0.45543674,-0.7093134,0.12936121,0.04011248,0.17889836,-0.4160623,-0.073444486,-0.023570396,-0.15113848
43,553,-0.03873022,-0.23794338,-0.28091988,0.13572922,0.047662377,-0.979077,-0.16130681,0.2853701,0.1869617,-0.038993098,-0.15063842,0.36636776,0.50824404,-0.18383366,0.042583346,-0.17271936
43,554,0.16591477,0.3698084,-0.07911113,0.5433302,-0.51593876,0.7309026,-0.14978378,-0.65155697,0.96526307,1.5741969,-0.4400816,-0.050352495,-0.32665217,0.15180843,0.16187838,0.7986886
43,560,0.82069325,-0.093696415,0.6399647,-0.08627022,0.553965,-0.11306843,0.78682,0.18954955,-0.2960519,-0.21893497,0.53223747,-0.7055168,0.07796922,-0.027876556,-0.3178776,0.6082261
43,564,-0.16573754,-0.30376956,-0.286888,0.2680969,-0.0015515536,-0.6086095,-0.15765728,-0.16461784,0.3054342,-0.2871735,-0.1636198,0.18899557,0.84859776,0.032682776,0.43234977,-0.38706154
43,567,-0.54093075,-0.2964983,-0.33903778,-0.25921622,-0.15945463,0.8080095,-0.3305941,0.5323269,-1.0848309,-0.0020491555,-0.09740852,0.16928943,-0.91996795,-0.24621907,-0.28474993,-0.024571612
43,573,-0.24448392,0.92115873,0.759889,0.055209726,0.4844294,-0.05715108,-0.37804255,0.54522645,0.30986878,-0.75312555,-0.71425915,-0.68273324,0.31526545,0.17432356,-0.71991473,0.2058785
43,583,1.165611,-0.70408493,0.34199575,0.3004061,0.1518122,0.75684845,0.38353366,0.36744002,-0.21615967,-0.20226157,-0.39212048,-1.2300882,0.39479145,-0.5629675,1.0355979,0.05140558
43,584,0.39258346,0.40408146,0.34656948,-0.48673338,0.05921167,0.311805,0.3110768,-1.2082903,0.18661079,-1.000392,0.46420383,0.23530474,-0.59581286,0.23495433,0.6086401,-0.91758597
43,589,0.44159803,-0.48531872,-0.81146604,0.9875839,-0.11072147,-0.11071667,-0.81006813,-0.15024957,0.34050095,-0.72686166,-1.7190443,-0.21341363,-0.41284633,-0.7588262,0.9100404,-0.6614154
43,591,0.07121518,-0.2197933,-0.20459093,0.22969389,0.24830729,-1.0498801,0.20134296,0.13819943,-0.15779632,-0.2134608,0.18867227,0.32761645,0.33720165,-0.15275463,-0.42441812,0.17645985
43,595,0.0028703362,-0.35389557,-0.38222992,0.4654458,0.23421487,-1.0016106,0.24156862,-0.10937841,-0.29166192,-0.23378325,0.2547131,0.38250375,0.45923623,-0.120636374,-0.4820523,0.26859683
43,599,0.6815295,-0.10235444,0.4662002,0.010175973,0.44770762,-0.14377959,0.6622337,0.09874472,-0.2685724,-0.14773864,0.4555049,-0.53191257,0.051267475,-0.031896293,-0.32732,0.56575346
43,600,0.1981327,0.030313622,0.062324762,-0.24732752,0.14683005,-1.2057886,-0.12881063,0.8716251,0.2673294,0.0824131,-0.18967412,0.2827472,0.05860862,-0.3381769,-0.18145046,-0.10984273
43,605,0.1405775,0.34844398,0.300784,-0.53803176,-0.03445351,0.3497628,0.2146633,-0.9535048,0.22437565,-0.6939428,0.47384393,0.22381388,-0.3371914,0.31525296,0.60015905,-0.8354631
43,607,-0.39788276,-0.27847782,-0.2015634,-0.2188414,-0.341273,-0.10184478,-0.085521765,-0.2422389,0.25946984,0.2582943,0.35581943,0.2953584,1.0802327,0.33022696,0.6286701,-0.45547628
43,634,0.0028703362,-0.3538956,-0.38222986,0.46544573,0.23421487,-1.0016105,0.24156862,-0.10937843,-0.29166198,-0.23378325,0.2547131,0.3825037,0.45923623,-0.120636344,-0.4820523,0.26859686
43,640,-0.11570505,0.008892145,0.00051071495,-0.23125625,-0.15411648,0.1589805,0.085002884,-0.99772114,0.3150922,-0.34907743,0.4595114,0.3312901,0.45768553,0.402676,0.6713216,-0.6891432
43,642,-0.32551384,0.9228835,0.7693779,-0.022129335,0.43383214,-0.056157507,-0.38703763,0.5592235,0.39865178,-0.6918429,-0.6716617,-0.6811473,0.47903204,0.24659449,-0.5944181,0.12330891
43,645,0.30854025,0.3668416,0.3209556,-0.48761037,0.02438651,0.31213313,0.2860781,-1.1347773,0.19694813,-0.883145,0.476542,0.23584896,-0.47446823,0.2649616,0.61124545,-0.8765574
43,651,-0.5168952,-0.26953414,-0.2576466,-0.32656056,-0.22594658,0.5874481,-0.294286,0.49660337,-0.73201025,0.11940505,0.0064722747,0.17781647,-0.46056658,-0.12017694,-0.035389163,-0.13570035
43,658,0.016316146,-0.17593725,-0.052400466,0.083195135,0.2295191,-0.901155,0.18528916,0.16341597,0.021603849,-0.23949757,0.17622769,0.13956733,0.5851964,-0.031933576,-0.14400753,0.032101028
43,660,-0.38604674,-0.2593804,-0.1468589,-0.32516104,-0.32174036,-0.30602145,-0.15340383,0.24615888,0.30745623,0.42925575,0.23820935,0.23337492,1.0414578,0.21289472,0.56123644,-0.41682744
43,683,0.08014308,0.24184565,0.43597674,-0.71739626,0.022335678,-0.8785246,-0.24036221,1.1462703,0.6202133,0.27693793,-0.17592554,-0.007969663,0.2717849,-0.12177178,0.239949,-0.4068728
43,688,-0.55995977,-0.26843533,-0.26712498,-0.33461305,-0.24389008,0.6281583,-0.28028187,0.4418376,-0.71265244,0.13197264,0.048342466,0.18375486,-0.3974247,-0.071814954,-0.01658059,-0.14761662
43,696,-0.498964,-0.24432941,-0.2305867,-0.32163352,-0.21718954,0.5451825,-0.2831439,0.47639817,-0.68229926,0.1023932,0.013878718,0.16094182,-0.4184183,-0.099632144,-0.03198456,-0.13572443
43,702,-0.43805847,-0.31191838,-0.22163157,-0.23295185,-0.3675974,-0.14220364,-0.10774869,-0.09560487,0.2492803,0.35457182,0.33930755,0.28007692,1.1539514,0.3140763,0.6143754,-0.41813478
43,721,-0.4933834,0.06047776,0.036687635,-0.63159394,-0.2019865,0.40111387,-0.44946125,0.91458476,-0.329499,0.20455247,-0.14410989,0.07976543,-0.5852856,-0.10426754,0.035903968,-0.3137039
43,722,-0.19306584,-0.3171158,-0.29237556,0.29942062,-0.022785977,-0.502109,-0.17330022,-0.26344746,0.32017776,-0.33915114,-0.17809318,0.14956759,0.8901972,0.07509065,0.51774323,-0.43213984
43,741,-0.23533005,-0.16875246,-0.14184701,-0.1641606,-0.24707465,0.011312678,-0.002459908,-0.71423984,0.28066844,-0.07769354,0.39271215,0.34079266,0.8086686,0.36359155,0.6755909,-0.58476496
43,742,0.011953726,0.21886705,0.39643276,-0.6978265,-0.01536867,-0.7751119,-0.24078137,1.0605911,0.58784974,0.28473133,-0.13214837,0.0026965998,0.31066382,-0.07337618,0.26535848,-0.40998107
43,748,-0.4380585,-0.31191835,-0.22163151,-0.23295188,-0.3675974,-0.14220364,-0.10774867,-0.09560488,0.2492803,0.35457188,0.33930755,0.2800769,1.1539514,0.3140763,0.6143754,-0.4181348
43,749,0.41889712,-0.49954167,-0.86926985,1.0673983,-0.13683298,-0.016904876,-0.8179617,-0.2364978,0.36420062,-0.6009089,-1.7278477,-0.20839827,-0.41850746,-0.7468366,0.87487763,-0.55966383
43,760,0.38286707,-0.22670817,-0.13288544,0.5135499,0.25940433,-0.3025686,0.43932337,-0.26177046,-0.30898464,0.06609955,0.25114375,-0.046352737,-0.009274125,-0.10776693,-0.5239452,0.63482904
43,762,0.14779642,0.42820045,0.004605856,0.4361159,-0.516617,0.67963,-0.13858679,-0.5863361,0.97729933,1.5401691,-0.38047862,-0.039364822,-0.30799484,0.18677709,0.1671645,0.74637014
43,771,0.24857056,0.12643436,-0.085834265,0.47043845,-0.0342407,-0.040962726,0.18474571,-0.4010834,0.20274118,0.59480864,0.0012889504,0.107063025,-0.30207586,-0.011255056,-0.35004237,0.6260373
43,779,0.21601221,-0.27280328,-0.3947525,0.7433481,0.1196267,-0.22171718,0.31495786,-0.47764754,-0.27750838,0.23809323,0.14851291,0.107768476,-0.0055689216,-0.09095055,-0.5452709,0.67345756
43,788,0.21876135,-0.39780644,-0.7328491,0.9427253,-0.22625923,0.21408229,-0.60188097,-0.37921876,0.35532576,-0.05626688,-1.1993353,-0.16256988,-0.19218421,-0.44688857,0.600871,-0.12949315
43,802,0.12504819,-0.24155228,-0.58835167,0.815277,-0.30791333,0.35020852,-0.5032398,-0.4390236,0.46120802,0.319484,-0.9442978,-0.12559325,-0.13063353,-0.26222298,0.4854015,0.08746353
43,807,0.07438639,0.21957783,0.41620815,-0.6782304,0.022914588,-0.87474096,-0.21076429,1.0771362,0.6025956,0.25322917,-0.14562665,-0.007758932,0.32693118,-0.10111588,0.23817915,-0.39078802
43,818,-0.21816184,0.5848263,0.557474,-0.20160252,0.25019222,-0.33529988,-0.25979918,0.5908474,0.41729423,-0.36601678,-0.37703472,-0.38933712,0.51489,0.16769215,-0.25643227,-0.05392267
43,823,-0.04026208,0.46631077,0.45351723,-0.1465064,0.27553818,-0.5067037,-0.21616359,0.6315302,0.29559135,-0.3361569,-0.36977756,-0.25622824,0.2370328,-0.008505553,-0.35435578,0.012605175
43,851,0.014613688,-0.36203742,-0.3953437,0.48958263,0.24353465,-1.0022726,0.25339547,-0.12611668,-0.31314746,-0.23609534,0.26085454,0.39076948,0.43352115,-0.13048947,-0.50841916,0.28865212
43,852,0.31699353,-0.22099896,-0.23910777,0.6272577,0.12859377,-0.12439479,0.3718108,-0.41037652,-0.22442043,0.27420613,0.18174805,-0.015489511,-0.04739666,-0.08206409,-0.47788194,0.6909149
43,871,-0.5636525,-0.2561614,-0.25902903,-0.34329903,-0.24028689,0.632499,-0.28785104,0.45543674,-0.70931345,0.12936124,0.040112466,0.17889836,-0.41606218,-0.073444486,-0.023570381,-0.15113848
43,904,-0.5457519,-0.27123576,-0.26911685,-0.34428933,-0.23265862,0.6352993,-0.30865055,0.5161629,-0.76003265,0.13179734,0.0006881803,0.18535276,-0.50152874,-0.1252124,-0.042362116,-0.14325075
43,907,0.014613688,-0.3620374,-0.3953437,0.4895827,0.24353468,-1.0022727,0.25339547,-0.12611668,-0.3131475,-0.23609537,0.26085454,0.39076948,0.43352115,-0.13048947,-0.5084191,0.28865212
43,910,0.43716142,0.52956134,0.316548,0.16130456,-0.021572076,0.019129992,0.19988059,-0.25389355,0.5589416,0.78798956,-0.06042634,0.06595306,-0.7355165,0.0002911389,-0.29553056,0.62261635
43,911,0.030750826,-0.34164283,-0.36166584,0.46153829,0.24181086,-0.95821303,0.25886846,-0.11725415,-0.3092881,-0.2342782,0.26680565,0.36449602,0.39576054,-0.12424335,-0.49979952,0.28599402
43,917,-0.41150656,-0.30298936,-0.19673096,-0.2946334,-0.3485276,-0.27269992,-0.14972317,0.18427727,0.28185734,0.4475412,0.26050058,0.25569037,1.1013696,0.2300336,0.58789,-0.41411394
43,933,-0.39788276,-0.27847782,-0.2015634,-0.2188414,-0.34127295,-0.10184477,-0.08552176,-0.24223895,0.25946987,0.25829428,0.35581943,0.29535842,1.0802329,0.330227,0.62867016,-0.4554763
43,934,0.23188052,-0.2705727,-0.37282264,0.7316829,0.10430144,-0.17169213,0.31895778,-0.47614026,-0.25592244,0.27523118,0.1464926,0.070389405,0.0031621158,-0.083843976,-0.51521003,0.6880637
43,943,-0.42734295,1.1730919,0.89551634,0.23974356,0.5834149,0.28996652,-0.48317045,0.38405845,0.27320647,-1.0484045,-0.9117464,-0.9352508,0.41260418,0.32452148,-0.93110067,0.33174717
43,978,0.50014114,-0.083193615,0.1001235,0.2238315,0.383293,-0.58802634,0.48030096,0.038979486,-0.29066893,-0.12438059,0.29613122,0.0090176575,-0.21777844,-0.19053805,-0.5900617,0.49051487
43,981,0.3445885,-0.47371158,-0.8413704,1.0419421,-0.17077023,0.072251245,-0.76129496,-0.29503614,0.363619,-0.41782302,-1.5684901,-0.19234799,-0.3443793,-0.65123016,0.78849864,-0.41505766
43,988,-0.49103877,1.2282296,0.91442245,0.3077358,0.5904201,0.43893337,-0.5125887,0.2925044,0.23139337,-1.1332564,-0.9466109,-1.0045741,0.43158656,0.38250047,-0.9847588,0.37599924
43,1014,0.2921998,-0.22586572,-0.29056168,0.4480993,0.3196235,-0.93223464,0.31666747,-0.025719903,-0.38573542,-0.16350682,0.20229234,0.39473152,-0.19073153,-0.29770598,-0.7350782,0.41930985
43,1016,-0.5030547,-0.032660156,-0.106232,-0.44480622,-0.1001364,0.6714263,-0.45737654,0.8435534,-0.8335114,-0.016746573,-0.25460547,0.059827305,-1.0989318,-0.26985988,-0.30332875,-0.124604985
43,1019,-0.102999344,0.31483674,0.26214415,-0.5672475,-0.10826782,0.3847025,0.11329672,-0.6870904,0.2375781,-0.44801924,0.45949596,0.18045834,-0.11793798,0.3850948,0.52918774,-0.73022676
43,1026,0.601876,-0.123767346,0.26700482,0.18731886,0.39258716,-0.22141218,0.59134436,-0.019752134,-0.2757411,-0.059224624,0.3764609,-0.34437415,-0.029045254,-0.07596403,-0.42715266,0.60600704
43,1030,0.5561441,-0.05077244,0.23197654,0.12885052,0.4070308,-0.4950449,0.52330244,0.086456314,-0.26241648,-0.13551569,0.33196285,-0.12357768,-0.18521482,-0.15120733,-0.5257901,0.49231184
43,1035,-0.4444251,0.08208208,0.06988475,-0.6135876,-0.18272659,0.3223517,-0.43316808,0.90098184,-0.2803757,0.17744946,-0.14674865,0.061088696,-0.55181867,-0.0982413,0.030294023,-0.3015553
43,1042,0.10912478,-0.14553225,-0.08839387,0.10319561,0.26870242,-1.0361788,0.20894417,0.24676317,-0.08709434,-0.21100123,0.17936736,0.26136658,0.29365617,-0.14600918,-0.38449416,0.13732834
43,1048,-0.4976878,0.017837983,-0.0007427819,-0.5938228,-0.20773809,0.42091602,-0.42974144,0.85924107,-0.37225685,0.19779262,-0.12260069,0.093646064,-0.5558837,-0.10290933,0.033753045,-0.29501644
43,1055,-0.51865554,-0.20790905,-0.25847462,-0.32541955,-0.13287845,0.75352067,-0.3872698,0.67017025,-1.0088786,-0.005620584,-0.17092471,0.13118705,-1.0132031,-0.2761503,-0.29680437,-0.057701644
43,1060,0.64889586,-0.53804564,-0.6223331,0.88647497,-0.06415267,-0.025169015,-0.6601601,-0.00685763,0.27722582,-0.7665494,-1.6523461,-0.41082776,-0.35231262,-0.81199545,1.0475144,-0.66670287
43,1067,-0.46500063,1.2110426,0.9105218,0.2765841,0.59122694,0.369869,-0.5007993,0.33770356,0.25388142,-1.0985968,-0.9351052,-0.97684944,0.4256629,0.3585635,-0.9652701,0.3569117
43,1094,0.4550257,-0.47696805,-0.77866054,0.9503416,-0.10129973,-0.13862284,-0.7922231,-0.11958529,0.33023986,-0.756151,-1.6980512,-0.2205227,-0.40609568,-0.75512546,0.9158529,-0.6836842
43,1098,-0.48032546,0.060662266,0.044518314,-0.6238345,-0.2130785,0.34120178,-0.43416923,0.8753926,-0.2532288,0.22224402,-0.11816521,0.084099926,-0.47037846,-0.070053786,0.07896963,-0.328745
43,1126,-0.8071722,0.26056206,0.16074951,-0.64787626,-0.31800646,0.4649408,-0.19252524,0.12638915,0.30840546,0.17722344,0.37763774,-0.008990858,0.5295123,0.5922877,0.29013702,-0.43944854
43,1127,-0.4267657,1.0795025,0.84429306,0.13907635,0.50106025,0.24352174,-0.4275913,0.37145972,0.28983966,-0.93005353,-0.7612735,-0.84997165,0.43689317,0.3483962,-0.79137987,0.2618054
43,1131,-0.5195602,-0.23880632,-0.28239536,-0.28714478,-0.1417481,0.7510804,-0.34960055,0.5812539,-1.0100014,-0.013596065,-0.1248817,0.14038615,-0.9255273,-0.24402338,-0.2841362,-0.042163424
43,1147,-0.16942489,-0.30615285,-0.23039605,0.2722243,-0.0054310784,-0.4612319,-0.14542264,-0.25783715,0.32333466,-0.39221865,-0.17268513,0.07744515,0.8927446,0.08791547,0.5465711,-0.43782315
43,1152,-0.29640526,-0.5998559,-0.49614745,-0.0072247908,-0.24102637,0.6989186,0.20317754,-0.42829412,-1.1545848,-0.085044906,0.4963146,0.3079468,-0.06544262,0.021920025,-0.048035957,0.099047706
43,1155,0.038745552,-0.26836568,-0.2583887,0.30789426,0.233325,-1.0062461,0.21926484,0.032624193,-0.20566943,-0.224283,0.22632638,0.3357882,0.40290254,-0.12397504,-0.42393824,0.20287749
43,1159,0.16749635,0.3351633,-0.137593,0.6066853,-0.51836246,0.7550484,-0.18148987,-0.68265027,0.96438336,1.5670921,-0.5011656,-0.0537795,-0.34104568,0.12307065,0.17409757,0.80215967
43,1167,0.112307966,-0.1252802,-0.030217748,0.05295798,0.29305455,-1.0394855,0.23479763,0.2789922,-0.04077003,-0.21805036,0.19406268,0.20840287,0.36098975,-0.11901441,-0.3402808,0.1197959
43,1182,0.27457932,0.31555405,0.005678706,0.41866812,-0.082288,-0.0099538565,0.13389605,-0.40868694,0.40894973,0.7738659,-0.08434673,0.1671678,-0.5088024,-0.0022863299,-0.33761525,0.64726645
43,1187,0.35363403,-0.16355705,-0.19710343,0.43043837,0.31673387,-0.76110935,0.3714423,-0.080757365,-0.35342655,-0.10269885,0.22166839,0.2901763,-0.26265645,-0.25788057,-0.7109271,0.4756205
43,1195,-0.27531773,-0.59107,-0.48104584,-0.003132686,-0.23593539,0.67308867,0.22589535,-0.46714982,-1.129734,-0.099044695,0.5190539,0.30226842,-0.023039997,0.039470777,-0.03945961,0.10032344
43,1196,-0.038371913,-0.2467456,-0.2880045,0.15357378,0.049896657,-0.9680006,-0.16645648,0.2535842,0.20718426,-0.066761166,-0.17121993,0.35940763,0.52840966,-0.17999235,0.08185138,-0.20224664
43,1207,-0.5331205,-0.33641717,-0.3672467,-0.22505984,-0.17096063,0.7971548,-0.2993996,0.46789157,-1.0924892,0.0019274876,-0.06092058,0.18431425,-0.8440768,-0.2305764,-0.26382267,-0.011196621
43,1231,-0.24456269,-0.1743965,-0.14368442,-0.16367036,-0.2514039,0.0040772855,-0.0065797456,-0.6814676,0.2733769,-0.060764298,0.38910165,0.33259612,0.8222306,0.36108595,0.66401356,-0.5681091
43,1233,-0.12612629,0.38305438,0.45422804,-0.37259966,0.13709524,-0.5588711,-0.18673155,0.69696534,0.4801699,-0.1053007,-0.19919707,-0.20608735,0.53915006,0.09984293,-0.017213263,-0.19219857
43,1242,-0.3860011,-0.60965526,-0.5406666,-0.03047096,-0.24949726,0.8189246,0.115765795,-0.2919346,-1.2513233,-0.051603604,0.4102972,0.3190202,-0.25430077,-0.03534788,-0.10408155,0.09448321
43,1271,-0.2852654,-0.11661096,0.014913108,-0.43337697,-0.23336895,-0.4324044,-0.17385319,0.47366813,0.39288387,0.38101277,0.14254047,0.16300616,0.8373798,0.14172979,0.47661257,-0.419895
43,1279,-0.47538492,0.058744688,0.04560273,-0.6126419,-0.21362922,0.32662404,-0.42210224,0.84754425,-0.23716635,0.21706674,-0.104312554,0.08217186,-0.4318655,-0.056190908,0.08600323,-0.325942
43,1313,-0.107866764,0.3345536,0.42573977,-0.39776304,0.11114295,-0.59447765,-0.16914362,0.7019758,0.48116663,-0.058155287,-0.15789379,-0.16749214,0.5412847,0.08767769,0.030451722,-0.21535408
43,1315,-0.59473026,0.23005237,0.17069702,-0.5911111,-0.25460932,0.40985245,-0.11925112,-0.03241924,0.2252527,0.036264144,0.3775772,0.042658634,0.3329642,0.48907262,0.3047244,-0.45406383
43,1361,-0.64817107,0.1976977,0.034857035,-0.42382687,-0.15217623,0.47780603,-0.26961026,0.27546513,-0.20114428,-0.047728337,0.09194878,0.018572122,-0.1672942,0.25383633,-0.09555931,-0.24459316
43,1367,-0.44582728,0.08192101,0.07028395,-0.6145452,-0.18628459,0.3163653,-0.4311487,0.89427394,-0.26724976,0.18283027,-0.14080434,0.062844664,-0.5309445,-0.09073678,0.039431356,-0.3058551
43,1373,0.2639083,0.24718495,-0.053047393,0.47205934,-0.0716865,-0.02157396,0.1478593,-0.42999005,0.34033677,0.73848903,-0.067425445,0.16518356,-0.45288557,-0.0125647485,-0.358514,0.66047084
43,1390,-0.4503773,-0.33755174,-0.23589672,-0.26020688,-0.37974653,-0.20543507,-0.13234109,0.06230051,0.2597246,0.44313297,0.30799836,0.2774954,1.183413,0.27511927,0.6180737,-0.4129784
43,1400,-0.16101676,0.013557758,0.0071484335,-0.253424,-0.16901398,0.17145474,0.07256875,-0.92090523,0.30906287,-0.3046841,0.46287748,0.30902973,0.48481748,0.4151093,0.646317,-0.6607615
43,1414,0.16312593,0.40215614,-0.028349828,0.48495278,-0.51394856,0.7033916,-0.13052581,-0.6175241,0.9684345,1.5659735,-0.3962652,-0.046332933,-0.31658393,0.17288299,0.15682098,0.78194815
43,1419,0.56311476,-0.14947526,0.16704921,0.27916124,0.36978948,-0.2447497,0.5667067,-0.0860737,-0.29254985,-0.027523004,0.34931993,-0.26864344,-0.04651767,-0.09250909,-0.4685361,0.6280298
43,1422,-0.2852654,-0.116610944,0.014913108,-0.43337697,-0.23336893,-0.4324044,-0.17385317,0.47366813,0.39288387,0.38101274,0.14254047,0.16300617,0.8373798,0.1417298,0.47661254,-0.41989496
43,1424,-0.03873022,-0.23794337,-0.28091982,0.13572922,0.047662348,-0.979077,-0.1613068,0.28537014,0.18696171,-0.038993098,-0.15063842,0.3663678,0.50824404,-0.18383363,0.04258334,-0.17271936
43,1438,0.1713984,-0.046576615,-0.043491643,-0.14880055,0.13257796,-1.2361212,-0.124937065,0.78655994,0.20863377,0.077383555,-0.17879437,0.3463382,0.122537225,-0.3484084,-0.19867024,-0.0823815
43,1446,0.64889586,-0.53804564,-0.62233305,0.8864747,-0.06415267,-0.02516903,-0.6601601,-0.006857626,0.27722585,-0.76654947,-1.6523463,-0.41082776,-0.35231262,-0.8119952,1.0475144,-0.66670287
43,1451,-0.33441332,-0.24438101,-0.18627325,-0.18728578,-0.30607945,-0.060813524,-0.056050695,-0.41973522,0.25733134,0.13064617,0.36446077,0.31200734,0.9767938,0.33810592,0.64061403,-0.49625102
43,1470,0.25672445,-0.25507346,-0.31769586,0.679212,0.1065276,-0.14716592,0.33318388,-0.44358626,-0.24200869,0.26947796,0.16206297,0.031191573,0.00037363172,-0.07778981,-0.48428145,0.6758588
43,1471,0.10066533,-0.123445764,-0.48083812,0.7353158,-0.356471,0.43868613,-0.42856243,-0.48247027,0.55239934,0.5773712,-0.8025944,-0.10861141,-0.12694532,-0.15157521,0.41594425,0.2320154
43,1479,-0.07734709,-0.040727206,-0.043145407,-0.16063723,-0.14612679,0.08037706,0.056855768,-1.03215,0.3176749,-0.36077613,0.4092576,0.36293226,0.50684553,0.36710477,0.68884695,-0.6949634
43,1480,-0.74475265,0.25818336,0.16836391,-0.6287645,-0.29242685,0.42348182,-0.21070042,0.19241498,0.25909477,0.14971709,0.31949937,-0.015468447,0.41117474,0.5229624,0.24344441,-0.41206595
43,1482,-0.4914341,-0.18255432,-0.18372619,-0.37158465,-0.1968472,0.541981,-0.3305713,0.5902954,-0.6716147,0.09538352,-0.05126877,0.13616277,-0.5469031,-0.13646945,-0.06397163,-0.15208583
43,1495,0.14779642,0.42820045,0.004605856,0.43611583,-0.516617,0.67963,-0.13858679,-0.5863361,0.97729933,1.5401691,-0.38047862,-0.039364822,-0.30799484,0.18677709,0.1671645,0.74637014
43,1498,-0.08747355,0.733475,0.36108768,-0.3242212,0.21509835,0.5096808,0.105331,-0.90294534,-0.070375666,-1.2493036,0.22232543,-0.03781642,-0.81810004,0.36618918,-0.1959441,-0.5715486
43,1504,-0.27531773,-0.59107006,-0.4810459,-0.003132686,-0.23593539,0.67308867,0.22589535,-0.4671498,-1.129734,-0.099044695,0.5190539,0.30226845,-0.023039997,0.039470777,-0.039459623,0.10032347
43,1513,-0.524589,-0.34652263,-0.3712399,-0.21000926,-0.17340352,0.779112,-0.28423554,0.43716243,-1.0800784,0.00010616332,-0.044198975,0.18618539,-0.79909927,-0.2190077,-0.25252858,-0.006540261
43,1522,0.019770801,0.12906832,0.32506758,-0.58203125,-0.0057079867,-0.84642667,-0.15714689,0.9052576,0.55928904,0.24135605,-0.06437911,0.02350042,0.51322263,-0.043924898,0.27475795,-0.37659258
43,1531,0.20249128,-0.20874476,-0.39185137,0.7153839,0.12241921,-0.33965245,0.2763833,-0.4380904,-0.24626192,0.22757348,0.11570193,0.21307795,-0.10447806,-0.1174258,-0.59499377,0.6353941
43,1538,0.22725236,0.16546488,-0.104604274,0.4916583,-0.06736262,-0.03590949,0.14867294,-0.42785972,0.26052812,0.6632716,-0.03831522,0.15163943,-0.34526956,-0.008419007,-0.34914467,0.63291657
43,1550,0.08619949,-0.14424446,-0.043773387,0.06725921,0.28183788,-1.0225475,0.23273504,0.25062165,-0.03580732,-0.21747783,0.20198345,0.19936548,0.42915973,-0.097501576,-0.30696866,0.111772016
43,1555,-0.015593559,-0.3396271,-0.3564782,0.4278156,0.21460363,-0.9694126,0.22565877,-0.09671429,-0.26266992,-0.22847724,0.25229996,0.35759032,0.49366155,-0.09681031,-0.43481478,0.2402944
43,1556,0.31288508,-0.45845994,-0.8158079,1.0085107,-0.17930068,0.08630504,-0.73753375,-0.29749158,0.35694608,-0.37371886,-1.4957287,-0.18448476,-0.30788898,-0.6113462,0.7585509,-0.38121954
43,1571,0.011423558,0.11997354,0.31199628,-0.5549253,-0.0016251355,-0.8449699,-0.13755599,0.8604829,0.54733425,0.22027847,-0.045668766,0.024640795,0.54360306,-0.03014727,0.2656839,-0.3626372
43,1586,-0.48708025,0.025792401,-0.0476206,-0.49367353,-0.09763275,0.6125486,-0.47917798,0.9110534,-0.7393902,-0.0019191131,-0.27674365,0.038515907,-1.085227,-0.2630432,-0.27392265,-0.15855362
43,1590,0.48372784,0.42681828,0.3686513,-0.4708683,0.09430888,0.2876389,0.34216982,-1.2852193,0.17904764,-1.1015863,0.4573363,0.23748899,-0.6871888,0.20496537,0.6091791,-0.94257
43,1607,0.26468545,-0.22536886,-0.26168263,0.58372986,0.17761165,-0.32142818,0.33830902,-0.33130854,-0.28218886,0.11778436,0.18939531,0.08219089,-0.022225797,-0.10120851,-0.53122616,0.5944354
43,1620,-0.056071185,0.16410705,0.33084932,-0.6536033,-0.058288068,-0.694223,-0.22646362,0.9428077,0.55324084,0.29898384,-0.07266627,0.027504865,0.41114935,-0.021223024,0.30593312,-0.41367397
43,1626,-0.37842062,1.0240543,0.8195933,0.07084948,0.48059562,0.10678811,-0.41715074,0.46748802,0.34074977,-0.83329946,-0.73928535,-0.7816433,0.44216737,0.29682988,-0.7198504,0.20651776
43,1640,0.1829353,-0.21602298,-0.3734071,0.67167807,0.12016043,-0.3442408,0.26484025,-0.40613523,-0.25252178,0.185913,0.12809293,0.19562273,-0.055103898,-0.1030623,-0.5628196,0.59365606
43,1651,-0.24456269,-0.1743965,-0.1436844,-0.16367036,-0.25140387,0.0040773004,-0.0065797456,-0.6814677,0.27337688,-0.06076431,0.38910162,0.3325961,0.82223064,0.36108595,0.6640136,-0.56810904
43,1652,0.19506526,0.36111063,0.31033176,-0.5265253,-0.013267048,0.3433565,0.2348403,-1.007952,0.21271907,-0.76317644,0.4704135,0.22599584,-0.3984536,0.29628828,0.59910005,-0.8527231
43,1664,0.0895756,0.24866642,0.44600487,-0.71831024,0.030580714,-0.89040726,-0.23342718,1.1485424,0.62491417,0.26804665,-0.1762111,-0.01451998,0.27092895,-0.12279162,0.23342958,-0.40334252
43,1680,0.14352855,0.43760458,0.021124545,0.41308323,-0.5142687,0.6652234,-0.13781425,-0.5698097,0.9751405,1.5226336,-0.36872023,-0.037815463,-0.3027454,0.19194753,0.16867779,0.73074836
43,1685,0.3774748,-0.48702326,-0.86723167,1.0748111,-0.16167125,0.056144685,-0.7863054,-0.29230767,0.37321043,-0.462971,-1.6450064,-0.19838503,-0.38444108,-0.691897,0.8191979,-0.45214877
43,1688,-0.5183476,-0.23347595,-0.22002168,-0.31938788,-0.23542029,0.52377176,-0.25067282,0.38913956,-0.59572667,0.112655215,0.07565388,0.15899284,-0.26476634,-0.02535458,0.015479639,-0.15308884
43,1692,-0.5400461,-0.26109022,-0.25286883,-0.31654575,-0.2402274,0.5830483,-0.25805774,0.3978489,-0.66770965,0.11826884,0.069653824,0.17395043,-0.32594377,-0.04642363,-0.0039022937,-0.14274539
43,1701,0.45293835,0.583834,0.40858784,-0.4427221,0.18700969,0.34579355,0.306348,-1.2931048,0.09937358,-1.3360162,0.36495242,0.17810707,-0.9295202,0.19689907,0.39977863,-0.9332492
43,1711,-0.49456713,-0.3957252,-0.39826822,-0.14373735,-0.19050594,0.7286959,-0.19414346,0.25645193,-1.0452547,-0.011956476,0.06151195,0.1997439,-0.5853198,-0.14687705,-0.20408642,0.018337227
43,1717,-0.4869338,0.0029861517,-0.009435188,-0.5746951,-0.20813887,0.40636384,-0.41735882,0.8338883,-0.37333167,0.19339395,-0.112268105,0.09630512,-0.5259409,-0.100758195,0.03930577,-0.2869476
43,1722,0.1665026,0.35288373,-0.107953936,0.5745436,-0.5175694,0.74346393,-0.16568317,-0.6671231,0.9653696,1.5716431,-0.47042793,-0.05207855,-0.33377576,0.13786209,0.16826057,0.8006495
43,1726,-0.27531773,-0.59107006,-0.4810459,-0.0031326786,-0.23593539,0.67308867,0.22589535,-0.4671498,-1.129734,-0.099044695,0.5190539,0.30226842,-0.023039997,0.039470777,-0.039459623,0.10032347
43,1728,-0.24294232,0.029446308,0.015541501,-0.30872342,-0.19828825,0.21428616,0.046843164,-0.82392836,0.32228073,-0.23294896,0.4708653,0.2910713,0.52119935,0.44446918,0.64038503,-0.65717316
43,1737,0.028238326,0.14434285,0.3381827,-0.5945741,-0.0065151528,-0.8282908,-0.1710367,0.92427856,0.55288327,0.23995852,-0.078126416,0.01626718,0.45977545,-0.052735507,0.26492038,-0.37401497
43,1741,-0.36615348,1.0060313,0.81107175,0.051434934,0.47362033,0.067856014,-0.4133101,0.49321243,0.35583538,-0.80405,-0.7309758,-0.76134765,0.44920927,0.28348577,-0.6966737,0.18938106
43,1754,0.24080166,0.6486539,0.39047864,-0.39692962,0.2001372,0.4194985,0.23224166,-1.1674652,0.03604675,-1.3132681,0.31325108,0.100733876,-0.891509,0.26933298,0.1721339,-0.803964
43,1757,-0.056071185,0.16410707,0.33084932,-0.6536032,-0.05828806,-0.69422305,-0.2264636,0.9428077,0.55324084,0.29898384,-0.07266627,0.027504869,0.41114935,-0.021223024,0.30593315,-0.41367397
43,1758,0.8245665,0.37656227,0.7638243,-0.116752565,0.14877477,0.39801228,0.49399173,0.062406577,0.36899534,0.64861697,0.13744089,-0.59449416,-0.40433538,0.0023505539,-0.043618627,0.6932215
43,1764,-0.3909183,1.0417862,0.8264167,0.092840195,0.4879302,0.14536567,-0.4224556,0.44168055,0.32426158,-0.86333483,-0.749898,-0.8010986,0.43403226,0.3088629,-0.74505746,0.22493678
43,1767,-0.49076748,0.2670331,0.20134623,-0.60350335,-0.22145605,0.42403388,-0.06538377,-0.19377548,0.23865232,-0.08099094,0.4042734,0.075226605,0.21602634,0.47670782,0.3624741,-0.53405726
43,1781,-0.47228697,0.05975568,0.04291889,-0.6123489,-0.19495247,0.36934108,-0.434587,0.8892396,-0.31543237,0.18902653,-0.13671975,0.07354684,-0.5556181,-0.09835148,0.034594394,-0.30303472
43,1786,0.31224918,-0.24246061,-0.3039632,0.50427413,0.32530677,-0.8724447,0.35681906,-0.09186247,-0.41290683,-0.14665322,0.2230352,0.36818385,-0.19635004,-0.290019,-0.75137883,0.46858627
43,1793,-0.5226948,-0.1282656,-0.12843925,-0.4375646,-0.24112973,0.46934658,-0.3170906,0.55481637,-0.45237178,0.16712105,0.020423532,0.13331686,-0.2964307,-0.026549414,0.06687263,-0.23132288
43,1796,0.27242085,-0.2221617,-0.2436126,0.38463548,0.3365577,-0.98016113,0.31895,0.023115572,-0.3539432,-0.20808569,0.22874457,0.37455553,-0.096803844,-0.27235574,-0.68667483,0.372242
43,1800,0.27457932,0.31555402,0.005678706,0.41866806,-0.082288004,-0.0099538565,0.13389605,-0.40868694,0.40894976,0.7738659,-0.0843467,0.1671678,-0.5088024,-0.0022863299,-0.33761525,0.6472664
43,1803,0.28889573,-0.24246033,-0.31007758,0.48457792,0.3130972,-0.8978119,0.32971257,-0.06860186,-0.4015694,-0.15356234,0.21205169,0.38617885,-0.17667031,-0.28929612,-0.7361323,0.44006467
43,1805,-0.037660435,-0.010785166,-0.021158066,-0.16206552,-0.1203909,0.09084748,0.07049207,-1.0940963,0.32417804,-0.42344344,0.4120263,0.3662136,0.42942154,0.36401045,0.6893734,-0.7179478
43,1826,-0.006278634,0.023863103,0.007706728,-0.17626122,-0.098428816,0.11239709,0.09117166,-1.1460731,0.33184966,-0.475465,0.42734057,0.36325347,0.3546179,0.36799493,0.68972594,-0.7363797
43,1832,1.0509032,-0.72404426,-0.087837815,0.5975772,0.07591702,0.44905466,-0.044286128,0.24124707,-0.041001797,-0.529007,-1.0122313,-0.9273169,0.062761605,-0.7790164,1.1711323,-0.34318984
43,1837,-0.2110723,0.58107734,0.5609069,-0.22204076,0.24766874,-0.35873958,-0.25771448,0.6143379,0.43474975,-0.34600073,-0.37273097,-0.38134354,0.51961565,0.16155812,-0.24020162,-0.06790693
43,1840,0.12160808,-0.10904859,-0.019256923,0.03717093,0.28834468,-1.0303063,0.22654212,0.2931279,-0.04134517,-0.21435247,0.18768048,0.21108629,0.31558722,-0.1258049,-0.35094497,0.11799231
43,1842,-0.1294835,0.3030331,0.25321677,-0.56126916,-0.1163531,0.37844068,0.10084167,-0.64559466,0.23152196,-0.41677478,0.45474523,0.17221756,-0.08447921,0.38807935,0.5117095,-0.7054511
43,1843,-0.60355175,0.1353905,0.03490546,-0.5479272,-0.19668296,0.4583109,-0.35952207,0.5780225,-0.23007825,0.10461911,-0.0023803115,0.055543736,-0.32020646,0.109291255,-0.0014940128,-0.3018902
43,1851,0.35661736,0.45035526,0.23322757,0.19282669,-0.04756522,-0.0017562062,0.16358078,-0.26642555,0.49790344,0.72846735,-0.050496325,0.08807215,-0.6098252,0.014341965,-0.27151245,0.5730865
43,1852,-0.18387422,0.7253416,0.3371689,-0.28774202,0.20997763,0.5025073,0.060486354,-0.7782572,-0.112199135,-1.1982726,0.19076101,-0.08106242,-0.75146097,0.3789547,-0.30940863,-0.475932
43,1853,0.56454885,-0.1599186,0.13829273,0.31600773,0.3746437,-0.25386828,0.5717079,-0.109114036,-0.3058351,-0.019478269,0.34473825,-0.25117993,-0.060079813,-0.10226774,-0.49454722,0.6484933
43,1865,0.21593994,-0.22835796,-0.35526332,0.67162704,0.14163715,-0.3331436,0.29550412,-0.3999818,-0.27071616,0.17642444,0.14453664,0.16225156,-0.052491248,-0.1094777,-0.56875134,0.61529833
43,1868,-0.06817718,0.5332981,0.49740136,-0.11620353,0.30728668,-0.4447422,-0.24150741,0.623113,0.29714516,-0.39590916,-0.42316413,-0.31707224,0.24444827,0.015097469,-0.41115198,0.042389482
43,1869,0.15876216,-0.2650455,-0.2751161,0.3921952,0.28106552,-0.9307129,0.28300792,-0.034108315,-0.3272509,-0.22009677,0.2503764,0.34917855,0.122772306,-0.19053346,-0.5778512,0.31841952
43,1870,0.07438637,0.21957783,0.41620815,-0.6782305,0.022914603,-0.87474096,-0.21076429,1.077136,0.6025955,0.2532292,-0.14562668,-0.007758933,0.32693115,-0.10111591,0.23817913,-0.39078805
43,1874,0.056095198,0.23818345,0.42541566,-0.723259,0.0074127316,-0.8450703,-0.2510945,1.1402603,0.6160587,0.29163435,-0.17080905,-0.0016023945,0.27228343,-0.11205959,0.2528638,-0.41535527
43,1875,0.27650452,-0.20787315,-0.25888243,0.3994808,0.30542237,-0.91336316,0.2973289,0.00059114397,-0.35850033,-0.16791564,0.20072643,0.37555304,-0.16854602,-0.27851066,-0.6940301,0.38547692
43,1877,0.49962267,0.44387263,0.3756377,-0.4738385,0.10523847,0.2964859,0.34513915,-1.3018398,0.17177214,-1.1420723,0.45117986,0.23527017,-0.7315921,0.19731557,0.600419,-0.9561942
43,1892,0.06985766,-0.340526,-0.35716283,0.47576544,0.2704913,-0.9721259,0.2874228,-0.11530855,-0.33256927,-0.24020904,0.27604687,0.36716,0.33793387,-0.14729398,-0.54252,0.31491616
43,1906,0.3054465,0.62545943,0.394618,-0.40680832,0.19574115,0.387913,0.25064978,-1.1918864,0.053935394,-1.317083,0.3221351,0.12118743,-0.8958717,0.24289724,0.23761943,-0.8375177
43,1966,1.0509032,-0.7240443,-0.087837785,0.5975771,0.07591702,0.44905472,-0.04428613,0.24124706,-0.041001797,-0.529007,-1.0122311,-0.92731696,0.062761605,-0.7790165,1.1711323,-0.3431898
43,1977,-0.3884804,0.6360909,0.25552198,-0.29413393,0.1296305,0.55808574,-0.010025399,-0.6018195,-0.14061773,-0.95158964,0.19900931,-0.07052983,-0.5519441,0.42506784,-0.32481524,-0.3958353
43,1982,-0.51429355,-0.36347052,-0.37766212,-0.18272987,-0.18132874,0.74618953,-0.25117412,0.36595038,-1.0451752,-0.0013285354,-0.002714038,0.18957208,-0.693024,-0.18497923,-0.22463343,-0.00080129504
43,1988,-0.74753726,0.24791865,0.16013594,-0.6321722,-0.29789203,0.43132484,-0.21494426,0.20303069,0.24731146,0.15978202,0.31697166,-0.008326823,0.40325078,0.5144154,0.24876595,-0.4148245
43,1990,0.12106171,-0.13026476,-0.06264785,0.07887833,0.2840024,-1.0509033,0.21820146,0.2735208,-0.07030929,-0.21353707,0.17920111,0.24784446,0.29093125,-0.14729232,-0.38336542,0.13359298
43,1994,0.006720796,0.12001184,0.308933,-0.53481865,0.0013373643,-0.8226553,-0.12389715,0.82020926,0.52673525,0.19412458,-0.031091422,0.016650204,0.5418925,-0.01681894,0.25092614,-0.34566408
43,1995,0.03843786,0.15926889,0.35493702,-0.61459553,0.00062558055,-0.8463018,-0.17900465,0.96203715,0.56876177,0.24641186,-0.093143955,0.012646992,0.4395881,-0.06403908,0.26232138,-0.38061994
43,1997,0.38827148,-0.48515043,-0.84434843,1.0347328,-0.14511769,-0.0038286597,-0.7956554,-0.23774461,0.35708568,-0.5599549,-1.657891,-0.20118344,-0.38294727,-0.70874006,0.8468895,-0.52813315
43,2000,0.2982963,0.044517886,-0.06829181,0.45937827,0.034471646,-0.055799462,0.26149616,-0.36631542,0.08291451,0.47531578,0.07328293,0.030890297,-0.2344976,-0.02667889,-0.37357602,0.63505036
43,2011,-0.5226948,-0.1282656,-0.12843926,-0.43756458,-0.24112973,0.46934658,-0.3170906,0.55481637,-0.45237178,0.16712102,0.020423532,0.13331686,-0.29643077,-0.026549414,0.06687262,-0.23132287
43,2012,0.07638121,-0.15901434,-0.051243853,0.081049696,0.28573045,-1.0271093,0.23704022,0.23704593,-0.030683441,-0.22382125,0.2042479,0.19320618,0.47540998,-0.09119189,-0.290644,0.108804196
43,2027,0.06985769,-0.340526,-0.35716286,0.47576544,0.27049133,-0.9721259,0.28742278,-0.11530855,-0.33256927,-0.24020904,0.27604687,0.36716002,0.33793387,-0.14729396,-0.54252,0.31491616
43,2034,0.06652573,0.66087335,0.36078843,-0.34467357,0.1980415,0.4323588,0.15236023,-0.96617377,-0.029600957,-1.2452892,0.25117266,0.019412488,-0.812301,0.30151296,-0.02995225,-0.6518914
43,2040,-0.47104546,0.056651663,0.04612078,-0.41432208,-0.26945686,0.27127463,-0.019998785,-0.42242178,0.2916003,-0.011537656,0.47119826,0.17118296,0.65002155,0.5032261,0.5068953,-0.5121438
43,2046,0.3595139,-0.012836367,0.0063947327,0.3795751,0.10360286,-0.07360042,0.34220213,-0.28652185,-0.023188839,0.3274171,0.16356316,-0.0627259,-0.17682177,-0.036133647,-0.36451858,0.6042606
43,2054,0.6174586,-0.01900423,0.36740604,0.033305272,0.43789312,-0.40306962,0.57096964,0.13643213,-0.23821005,-0.1517885,0.3707819,-0.2612157,-0.15607554,-0.113376856,-0.46766338,0.4970709
43,2058,-0.17497586,-0.28791127,-0.27344704,0.23957163,-0.010270104,-0.59928346,-0.14590089,-0.14119081,0.27525216,-0.24845159,-0.11961903,0.19420049,0.8275846,0.043344393,0.38318375,-0.34765276
43,2064,0.30416375,-0.20335595,-0.24174578,0.38640055,0.33791873,-0.96947455,0.31690603,0.032412525,-0.3624964,-0.18795565,0.20984583,0.38517123,-0.18911707,-0.29828605,-0.71955633,0.39049003
43,2081,-0.54093075,-0.29649833,-0.33903775,-0.25921622,-0.15945463,0.8080095,-0.33059406,0.5323268,-1.084831,-0.002049148,-0.09740849,0.16928944,-0.91996783,-0.24621913,-0.2847499,-0.024571612
43,2089,-0.49085504,-0.017517231,-0.06609064,-0.47861883,-0.13810627,0.5604604,-0.4319583,0.81422764,-0.6503759,0.046935655,-0.19284363,0.064346254,-0.8541898,-0.19735566,-0.17181459,-0.18015228
43,2092,0.2872277,0.310869,-0.006428208,0.4443899,-0.07632284,-0.008605987,0.14411093,-0.42434433,0.40317622,0.78839576,-0.087231115,0.1702923,-0.5253074,-0.010815963,-0.35642198,0.6716141
43,2102,1.0687939,-0.053793617,0.7454347,-0.0055011585,0.20232823,0.69389266,0.6237851,0.20452806,0.07603109,0.45880798,0.109352924,-0.9991499,-0.02521354,-0.17379206,0.32192525,0.63251346
43,2110,-0.040744603,-0.21450867,-0.08441082,0.12758493,0.1624594,-0.76005596,0.10670559,0.03930905,0.1090675,-0.29266727,0.092114136,0.0908636,0.7172055,0.021656439,0.07617618,-0.102224655
43,2120,0.30899173,-0.20997618,-0.20090748,0.5712464,0.118784845,-0.11195317,0.36282694,-0.37659073,-0.20985007,0.2548954,0.19179164,-0.037879363,-0.022333503,-0.06703043,-0.4360523,0.65285474
43,2121,-0.52685237,0.06073082,0.04955616,-0.4394412,-0.28816122,0.28680182,-0.038337555,-0.32614735,0.28464553,0.043879546,0.46805787,0.1454082,0.68019444,0.5157308,0.4792252,-0.48234347
43,2134,-0.48520702,-0.09259838,-0.08665626,-0.45764923,-0.2282859,0.40406883,-0.331079,0.61183184,-0.3998317,0.16608006,-0.009060606,0.11664039,-0.31081653,-0.04176426,0.07298198,-0.24172421
43,2138,-0.321069,-0.2362344,-0.1832026,-0.18706319,-0.29953963,-0.052709147,-0.050637778,-0.45879516,0.26512152,0.107211046,0.36690718,0.3205839,0.95612603,0.3398578,0.65317166,-0.51601
43,2143,-0.72653913,0.4635869,0.12674634,-0.33277753,-0.015531942,0.5990522,-0.17858323,-0.14352198,-0.18921481,-0.43584904,0.16206285,-0.052312136,-0.24290478,0.44988793,-0.34269968,-0.23678899
43,2149,-0.51314497,-0.39464682,-0.40819183,-0.1682288,-0.18554826,0.7822387,-0.23208432,0.33369204,-1.1082574,-0.004412405,0.016129002,0.2051185,-0.71198493,-0.19243649,-0.23639277,0.015332319
43,2162,0.50378704,-0.09308438,0.07926279,0.24769527,0.38988462,-0.6077419,0.4851067,0.029579936,-0.30404046,-0.12473824,0.29437548,0.026654162,-0.22886866,-0.2026245,-0.61247087,0.5028873
43,2163,-0.07284848,-0.03751235,-0.042322148,-0.1627878,-0.14462054,0.08726625,0.060451537,-1.0579575,0.32414326,-0.37056586,0.4152001,0.37040243,0.50163835,0.37093526,0.69993526,-0.7081993
43,2164,0.37261513,-0.12906818,-0.14277968,0.38124117,0.31696585,-0.7307096,0.37626278,-0.05612197,-0.32734767,-0.09743428,0.22446108,0.2589248,-0.28851098,-0.24797955,-0.6889877,0.4654771
43,2168,-0.4914341,-0.1825543,-0.18372618,-0.37158465,-0.1968472,0.541981,-0.3305713,0.5902954,-0.6716147,0.0953835,-0.05126874,0.13616277,-0.5469031,-0.13646948,-0.06397166,-0.15208583
43,2193,0.39798132,-0.13646443,-0.05730356,0.46216968,0.15589198,-0.0805657,0.4145903,-0.3107449,-0.16429934,0.25329173,0.21795675,-0.11087182,-0.10225564,-0.066281736,-0.41620758,0.65860134
43,2198,0.09795323,-0.12616774,-0.029050205,0.048865616,0.2772726,-1.0104959,0.22632551,0.2661059,-0.036955573,-0.2145811,0.19702943,0.19920883,0.3806398,-0.10371843,-0.31793275,0.11081135
43,2202,-0.69230044,0.23812126,0.15903975,-0.61651933,-0.28441957,0.4643454,-0.14490484,0.009992082,0.24133824,0.09660106,0.38919866,0.031337038,0.3986845,0.53665495,0.29344052,-0.4486573
43,2204,0.1981687,-0.24768591,-0.25842953,0.3817865,0.30138448,-0.95440733,0.2947752,-0.006998237,-0.33330518,-0.21927488,0.24357773,0.35818017,0.04935345,-0.21837288,-0.6132172,0.3326429
43,2207,-0.08535005,0.008616887,-0.0013127141,-0.21284908,-0.14169101,0.15064733,0.09431058,-1.0505625,0.3169092,-0.38381463,0.45704818,0.3417281,0.43776754,0.39617756,0.6799497,-0.7017914
43,2223,-0.5636526,-0.2561614,-0.25902903,-0.34329903,-0.24028689,0.6324989,-0.28785104,0.45543674,-0.70931333,0.12936124,0.040112466,0.17889836,-0.4160623,-0.073444515,-0.023570396,-0.15113848
43,2226,-0.74753726,0.24791868,0.16013595,-0.6321722,-0.29789203,0.43132484,-0.21494426,0.20303066,0.24731147,0.15978199,0.31697166,-0.008326823,0.40325078,0.5144154,0.24876595,-0.4148245
43,2227,-0.24448392,0.92115873,0.759889,0.05520971,0.48442945,-0.05715107,-0.37804258,0.5452265,0.30986878,-0.7531255,-0.71425915,-0.68273324,0.31526548,0.17432354,-0.7199146,0.2058785
43,2229,0.30416375,-0.20335595,-0.24174578,0.38640055,0.33791873,-0.9694745,0.31690603,0.032412525,-0.36249647,-0.18795565,0.20984583,0.38517126,-0.18911707,-0.29828608,-0.7195564,0.39049003
43,2234,1.0509032,-0.72404426,-0.087837785,0.5975772,0.07591702,0.44905472,-0.04428614,0.24124706,-0.041001797,-0.5290071,-1.0122312,-0.92731684,0.062761575,-0.7790165,1.1711323,-0.3431898
43,2243,-0.35161096,-0.61149305,-0.527385,-0.020420939,-0.24894577,0.77066976,0.14724186,-0.3383026,-1.2155695,-0.059147336,0.4409508,0.31747437,-0.17991626,-0.016955271,-0.078294136,0.09598304
43,2256,-0.0109915435,0.03172482,0.018331174,-0.18768051,-0.09918374,0.12023787,0.097791135,-1.1207278,0.32514054,-0.46834257,0.43278152,0.3488405,0.34687668,0.36967218,0.6765186,-0.72285646
43,2271,-0.41150656,-0.30298936,-0.19673093,-0.2946334,-0.34852758,-0.27269992,-0.14972317,0.18427727,0.28185734,0.44754115,0.26050058,0.25569037,1.1013696,0.2300336,0.58789,-0.41411388
43,2274,0.0069443583,-0.30627722,-0.3118112,0.3737165,0.21661502,-0.9694475,0.21983778,-0.04583485,-0.24064174,-0.22524747,0.24231856,0.34605527,0.44496474,-0.10570729,-0.42760262,0.22298014
43,2300,-0.010991529,0.031724814,0.01833117,-0.18768051,-0.09918374,0.12023787,0.097791135,-1.1207277,0.32514063,-0.46834257,0.43278152,0.34884053,0.34687668,0.36967218,0.67651856,-0.7228565
43,2302,0.14779642,0.42820045,0.004605856,0.4361159,-0.516617,0.67963,-0.13858679,-0.586336,0.97729933,1.540169,-0.38047868,-0.039364822,-0.30799484,0.18677709,0.1671645,0.74637014
43,2305,-0.7338518,0.3580003,0.091613874,-0.36657953,-0.08031799,0.55531204,-0.21530291,0.031814948,-0.1757517,-0.24083626,0.14975563,-0.035107143,-0.16062438,0.40248406,-0.25323036,-0.21557541
43,2309,0.25416222,-0.23078482,-0.25406042,0.39051637,0.33031827,-0.9879275,0.313022,0.015685193,-0.35067475,-0.21095034,0.2298863,0.3795378,-0.06225717,-0.26393336,-0.67647934,0.36539748
43,2328,0.0028703362,-0.35389555,-0.38222992,0.46544567,0.23421484,-1.0016106,0.24156862,-0.10937843,-0.29166192,-0.23378325,0.2547131,0.38250375,0.45923623,-0.120636344,-0.48205236,0.26859683
43,2329,0.35661736,0.4503552,0.23322757,0.19282669,-0.04756522,-0.0017561913,0.16358078,-0.26642555,0.4979034,0.7284674,-0.050496325,0.088072136,-0.6098252,0.014341965,-0.27151248,0.5730865
43,2345,0.036514312,0.22971193,0.4084728,-0.6881639,-0.0012718141,-0.780195,-0.23951647,1.0651944,0.56965697,0.25718224,-0.1454478,-0.0100326445,0.2622279,-0.087219864,0.2367534,-0.39017913
43,2353,-0.17623356,-0.11753234,-0.098838136,-0.16236812,-0.20711276,0.033586293,0.018385941,-0.8104958,0.28728542,-0.1831357,0.3926935,0.33796504,0.68762565,0.3608176,0.6652166,-0.6119608
43,2357,-0.26056635,-0.094638556,0.04088345,-0.45032892,-0.21681777,-0.46172,-0.18036297,0.5203663,0.40473682,0.37420687,0.11916657,0.15248577,0.7960938,0.121771686,0.46041414,-0.41839015
43,2362,-0.1548209,0.033376124,0.18656445,-0.55592835,-0.135997,-0.5911811,-0.20676824,0.7471839,0.48456022,0.34273887,0.017387196,0.09271575,0.6050915,0.043269426,0.3860528,-0.42070493
43,2372,0.15876219,-0.26504546,-0.2751161,0.3921952,0.28106558,-0.930713,0.2830079,-0.034108307,-0.32725093,-0.22009675,0.2503764,0.34917852,0.122772336,-0.19053346,-0.5778512,0.31841952
43,2395,-0.014051735,0.029036302,0.013969995,-0.1861023,-0.100853875,0.12443365,0.09789911,-1.1407598,0.33134186,-0.46957448,0.43739888,0.35715362,0.35650337,0.3747965,0.6871861,-0.73224527
43,2403,0.019770786,0.1290683,0.32506758,-0.58203113,-0.005708009,-0.84642667,-0.15714689,0.9052576,0.5592891,0.24135605,-0.06437911,0.023500416,0.51322263,-0.043924883,0.27475795,-0.37659258
43,2412,0.1477421,-0.29186857,-0.63934916,0.8603667,-0.28340328,0.30654556,-0.5374177,-0.42340195,0.42551723,0.20243579,-1.0234213,-0.13241556,-0.14878082,-0.3198071,0.5170162,0.022087067
43,2415,0.03748636,-0.17713289,-0.21752153,0.03560482,0.06592551,-1.0901723,-0.14598732,0.49252608,0.14051615,0.03569474,-0.13810636,0.38576406,0.3354538,-0.26069045,-0.10089763,-0.09210809
43,2427,0.089575574,0.24866639,0.44600487,-0.71831024,0.030580714,-0.89040726,-0.23342721,1.1485424,0.6249142,0.26804668,-0.1762111,-0.01451998,0.27092895,-0.12279165,0.23342958,-0.40334252
43,2434,-0.48832616,0.037115138,-0.033807155,-0.5080422,-0.104425505,0.59407735,-0.4788478,0.9145646,-0.6991407,0.010764144,-0.26878417,0.03667734,-1.0461793,-0.24815655,-0.2498864,-0.17320518
43,2440,-0.4710455,0.056651663,0.04612078,-0.41432205,-0.26945686,0.2712747,-0.019998789,-0.42242175,0.2916003,-0.011537664,0.4711982,0.17118296,0.65002155,0.5032261,0.50689536,-0.51214373
43,2445,0.12433183,-0.11530879,-0.03595559,0.05339499,0.28803575,-1.0401068,0.22265568,0.2882076,-0.054011233,-0.21404335,0.18256427,0.22750273,0.2952988,-0.13798672,-0.36936006,0.12563455
43,2446,-0.026784942,-0.2006567,-0.067788154,0.108321935,0.1806046,-0.7914491,0.13367972,0.07400246,0.08287311,-0.27647364,0.12460688,0.09711734,0.68613404,0.0135985315,0.015455984,-0.061467808
43,2456,0.15666589,0.2775128,-0.206612,0.66081834,-0.50934416,0.75118196,-0.22347939,-0.6934561,0.93371034,1.492147,-0.5620279,-0.056624494,-0.33149296,0.08629415,0.1971271,0.7643893
43,2457,-0.47104552,0.05665167,0.046120778,-0.41432208,-0.26945686,0.2712747,-0.019998787,-0.42242175,0.29160032,-0.011537664,0.4711982,0.17118296,0.65002155,0.50322604,0.50689536,-0.51214373
43,2460,0.10912478,-0.14553225,-0.08839385,0.10319561,0.26870245,-1.0361788,0.20894416,0.24676317,-0.08709434,-0.21100122,0.17936736,0.26136658,0.29365617,-0.14600912,-0.38449416,0.13732833
43,2461,0.7863611,-0.5886547,-0.44210732,0.7865627,-0.01224146,0.10856463,-0.46082872,0.07932339,0.17684571,-0.71378964,-1.4537686,-0.5707878,-0.22842526,-0.8061765,1.0867045,-0.57841533
43,2474,-0.33608526,-0.18413243,-0.061333004,-0.39027834,-0.27688175,-0.3702703,-0.16951443,0.37857303,0.35582983,0.41242394,0.18539947,0.19891787,0.92667437,0.17145663,0.5210301,-0.42529944
43,2485,0.34823284,-0.13637227,-0.1536053,0.37935385,0.29909146,-0.72178507,0.35935637,-0.06057887,-0.32282707,-0.09660618,0.2215749,0.2620029,-0.2579972,-0.23705152,-0.66778594,0.4491117
43,2494,0.2878728,-0.23573221,-0.2756836,0.6508539,0.117701426,-0.13646579,0.3529075,-0.4254084,-0.23201418,0.27184618,0.17244649,0.007841604,-0.025593668,-0.07980478,-0.48106244,0.6827951
43,2495,-0.44684544,0.055687208,0.045800462,-0.59850866,-0.18863705,0.33348334,-0.4307377,0.88860387,-0.30616125,0.1836766,-0.14288943,0.07268993,-0.54548067,-0.10699904,0.034437567,-0.29651642
43,2502,0.098082006,-0.31804854,-0.33504415,0.45292196,0.27190632,-0.94619125,0.28299135,-0.09377983,-0.33608937,-0.23211175,0.26665306,0.35834754,0.26170316,-0.16055986,-0.5553106,0.3185177
43,2534,0.91119623,0.26439717,0.8006844,-0.11323093,0.18471977,0.5016294,0.56579936,0.1178319,0.27042064,0.60896933,0.17031375,-0.7492472,-0.27083486,-0.022881642,0.03394959,0.7164786
43,2537,0.6815295,-0.10235444,0.4662002,0.010175973,0.44770762,-0.14377959,0.66223365,0.09874472,-0.26857236,-0.14773864,0.4555049,-0.53191257,0.051267415,-0.031896308,-0.32732,0.56575346
43,2546,0.55614424,-0.05077244,0.23197657,0.12885049,0.40703085,-0.49504483,0.52330244,0.086456314,-0.26241648,-0.13551569,0.33196285,-0.123577684,-0.18521476,-0.15120733,-0.52579004,0.49231184
43,2564,0.27179965,-0.22887453,-0.276519,0.60947657,0.18161282,-0.32205966,0.34457415,-0.3481685,-0.2868158,0.13103473,0.1850327,0.0894831,-0.03744328,-0.108165145,-0.54959565,0.61506546
43,2569,1.1170136,-0.7142637,0.28500307,0.32251805,0.12836593,0.71770614,0.33817363,0.35004383,-0.20786577,-0.22706771,-0.4256186,-1.1711395,0.39024442,-0.5714678,1.0489322,0.0041815117
43,2573,-0.48708028,0.025792401,-0.0476206,-0.4936736,-0.09763275,0.61254853,-0.479178,0.91105336,-0.7393901,-0.0019191056,-0.2767437,0.0385159,-1.085227,-0.26304317,-0.2739226,-0.15855362
43,2578,0.04672894,-0.2566809,-0.24395467,0.28844014,0.23663229,-1.0141007,0.21618721,0.056878358,-0.19421339,-0.22205469,0.21881106,0.33206427,0.38844734,-0.12962553,-0.42243567,0.1962817
43,2593,1.3244879,-0.63201284,0.6679446,0.1134581,0.24116442,0.9599596,0.6547843,0.45396742,-0.2816401,-0.012357593,-0.06689219,-1.4776933,0.49040765,-0.44800436,0.9240493,0.32290983
43,2601,0.29538643,0.021497782,-0.063421726,0.4425288,0.043808788,-0.06228625,0.2697966,-0.34858853,0.05321659,0.4329658,0.093248256,0.01334516,-0.19853765,-0.024147347,-0.36429456,0.61652434
43,2607,0.5625776,0.4982315,0.3991442,-0.46095452,0.15425983,0.26454747,0.32929876,-1.2616998,0.13855013,-1.2672954,0.37692243,0.20578398,-0.8904943,0.13701203,0.5362688,-0.964806
43,2616,-0.51292956,-0.09009537,-0.12429991,-0.4322657,-0.16833282,0.58022344,-0.3831681,0.6919864,-0.6646839,0.067218535,-0.11661996,0.09780497,-0.7089824,-0.15363479,-0.1275734,-0.1693924
43,2626,0.6500263,0.48210278,0.63200516,-0.07741652,0.07128982,0.23857932,0.35893747,-0.0376766,0.48577806,0.6881414,0.066767305,-0.33082193,-0.5466508,0.026839644,-0.12243811,0.6252616
43,2641,0.3726152,-0.1290682,-0.14277968,0.38124117,0.31696588,-0.7307096,0.3762628,-0.05612197,-0.32734767,-0.09743428,0.22446106,0.2589248,-0.28851104,-0.24797958,-0.6889877,0.4654771
43,2648,-0.52585757,-0.07461664,-0.11821391,-0.45164424,-0.16504012,0.60569954,-0.401455,0.72721714,-0.6791764,0.06779767,-0.13604848,0.09413972,-0.765215,-0.16488332,-0.14343497,-0.1751071
43,2650,-0.55079734,-0.22747096,-0.22519024,-0.34746167,-0.24350746,0.5721816,-0.27021694,0.4207458,-0.61477345,0.1296897,0.0666666,0.16503556,-0.30896634,-0.029292852,0.012344398,-0.16709858
43,2655,-0.44684544,0.0556872,0.045800462,-0.59850866,-0.18863705,0.33348328,-0.4307377,0.88860387,-0.30616125,0.1836766,-0.14288945,0.07268993,-0.54548067,-0.10699904,0.034437567,-0.29651642
43,2659,-0.20407113,-0.32783335,-0.2919524,0.3164262,-0.01889889,-0.47188538,-0.17973737,-0.29984003,0.3361457,-0.37580043,-0.19397606,0.1239917,0.9213509,0.08714566,0.56187254,-0.45702967
43,2660,0.07341002,0.23275377,0.4214864,-0.699667,0.014707968,-0.8482944,-0.2427733,1.1186024,0.5935587,0.26735982,-0.17148133,-0.006465383,0.25555137,-0.11804804,0.23323628,-0.39554706
43,2661,-0.16942489,-0.30615285,-0.23039602,0.2722243,-0.005431071,-0.4612319,-0.14542264,-0.25783718,0.32333466,-0.39221865,-0.17268513,0.07744515,0.8927446,0.087915465,0.5465711,-0.43782312
43,2688,-0.45164093,0.07311328,0.058904994,-0.6189817,-0.18660457,0.33923447,-0.44290715,0.919359,-0.30026716,0.1878592,-0.1552801,0.068488106,-0.5761563,-0.11133599,0.029981948,-0.3045057
43,2697,0.29219982,-0.22586574,-0.29056165,0.44809934,0.31962347,-0.9322345,0.3166675,-0.025719903,-0.3857354,-0.16350682,0.20229234,0.3947315,-0.19073153,-0.297706,-0.73507816,0.4193098
43,2699,0.08739053,0.23793937,0.43511844,-0.7069547,0.028497308,-0.8937121,-0.22928718,1.1345824,0.6201571,0.2674311,-0.17115258,-0.009241856,0.28760886,-0.12098396,0.23556694,-0.40119493
43,2701,0.6099161,-0.11359082,0.36794513,0.07113446,0.3963667,-0.17032929,0.60213286,0.049962442,-0.26043427,-0.11272351,0.41521686,-0.43871018,0.04618168,-0.038137138,-0.3383934,0.5481661
43,2702,-0.46871337,0.58787954,0.21902665,-0.31773567,0.08810128,0.57791984,-0.05683703,-0.4781164,-0.15677197,-0.8199766,0.18744093,-0.05678907,-0.49326313,0.41985282,-0.31274268,-0.37343943
43,2703,-0.5599598,-0.26843533,-0.26712504,-0.33461305,-0.24389008,0.6281583,-0.2802819,0.44183767,-0.7126523,0.13197267,0.048342466,0.18375485,-0.3974247,-0.071814954,-0.016580604,-0.14761662
43,2730,-0.32579702,-0.17685206,-0.051243935,-0.40531585,-0.2719137,-0.3925121,-0.1765655,0.4127888,0.37062278,0.42243913,0.17133522,0.1992796,0.91615826,0.15898159,0.52261144,-0.43279845
43,2732,-0.01405175,0.02903631,0.013969995,-0.1861023,-0.100853875,0.12443362,0.09789911,-1.1407598,0.3313419,-0.46957445,0.43739888,0.35715362,0.35650337,0.3747965,0.6871861,-0.73224527
43,2734,-0.27531773,-0.59107006,-0.4810459,-0.0031326786,-0.23593539,0.67308867,0.22589535,-0.4671498,-1.129734,-0.099044695,0.5190539,0.30226842,-0.023039997,0.039470777,-0.03945961,0.10032347
43,2735,-0.45037732,-0.3375517,-0.23589675,-0.26020688,-0.37974653,-0.20543507,-0.13234109,0.062300507,0.2597246,0.44313297,0.30799836,0.27749538,1.183413,0.27511927,0.6180737,-0.4129784
43,2740,0.1631259,0.40215614,-0.02834982,0.48495278,-0.51394856,0.7033916,-0.13052581,-0.61752415,0.9684346,1.5659735,-0.39626515,-0.046332933,-0.31658393,0.17288299,0.15682098,0.78194815
43,2747,0.48372784,0.42681825,0.36865133,-0.4708683,0.09430888,0.28763884,0.34216982,-1.2852196,0.17904764,-1.1015865,0.4573363,0.23748899,-0.6871889,0.20496537,0.6091791,-0.94257
43,2760,-0.0029162318,0.20473571,0.38001475,-0.6892706,-0.025898568,-0.76051646,-0.23981526,1.0393664,0.5817996,0.29230508,-0.12121849,0.010637559,0.33405262,-0.064272076,0.2768382,-0.41299164
43,2765,-0.7107434,0.113180935,0.07235994,-0.5250068,-0.3334928,0.36085606,-0.109154515,-0.02790818,0.26936117,0.18334907,0.43395656,0.05381018,0.7110318,0.5600567,0.36781844,-0.40694657
43,2775,0.71176004,0.010340039,0.5258155,-0.06482966,0.48991284,-0.3021825,0.6455079,0.19206055,-0.22455773,-0.17264092,0.42229283,-0.42686373,-0.1365146,-0.08057019,-0.41935006,0.52415615
43,2782,0.40443888,-0.11761272,-0.084920615,0.34365365,0.33429214,-0.6991273,0.40193278,-0.033148076,-0.31931207,-0.10459746,0.2420659,0.20107082,-0.27571058,-0.23547828,-0.6680494,0.47232556
43,2789,0.021174774,0.133914,0.3292087,-0.57200557,0.007055357,-0.86525065,-0.13844194,0.8892109,0.56519645,0.22380325,-0.054474697,0.019783176,0.5356514,-0.036744416,0.26393425,-0.36832216
43,2790,-0.097793326,-0.26263225,-0.13714251,0.19131008,0.09479828,-0.6315091,0.008969029,-0.094413474,0.21427992,-0.3524073,-0.021628574,0.060459793,0.84503865,0.061571136,0.31324485,-0.25764483
43,2793,-0.46139368,-0.4499217,-0.43244475,-0.102860525,-0.2075478,0.73243356,-0.09964984,0.08795433,-1.076792,-0.025889218,0.16884458,0.22694382,-0.455271,-0.099278,-0.17031044,0.041187212
43,2796,-0.33441332,-0.24438101,-0.18627325,-0.18728578,-0.30607945,-0.060813516,-0.0560507,-0.4197352,0.25733134,0.13064617,0.36446077,0.31200737,0.9767939,0.33810592,0.640614,-0.496251
43,2797,0.27407572,-0.21318491,-0.24322833,0.37973556,0.32293504,-0.9549443,0.30662087,0.023402961,-0.35280505,-0.1946067,0.21760353,0.37410814,-0.12698913,-0.27449426,-0.6845163,0.37076342
43,2802,-0.22091836,0.022273283,0.011957537,-0.2900408,-0.1907356,0.20131476,0.055292003,-0.8491788,0.31469014,-0.25173402,0.46977174,0.29414824,0.51542157,0.4362895,0.63854384,-0.6523315
43,2807,0.2403759,0.22434045,-0.07207906,0.47313747,-0.077295266,-0.0295894,0.13755332,-0.42712188,0.32074642,0.71341413,-0.06184466,0.16812362,-0.41269678,-0.0074711144,-0.34879172,0.6404161
43,2819,0.11464602,-0.3167324,-0.33741713,0.4598408,0.28456265,-0.96625566,0.2907573,-0.08721624,-0.3437893,-0.2331559,0.2639914,0.3681679,0.23356201,-0.17587954,-0.5785499,0.32999286
43,2823,-0.64486253,0.090517,0.05830088,-0.49255416,-0.3199879,0.35058486,-0.070992835,-0.18656489,0.27862844,0.12526116,0.46756685,0.099815294,0.7123585,0.5575862,0.42484155,-0.44655576
43,2824,-0.48372677,-0.43228075,-0.42756087,-0.12128529,-0.19731155,0.7477653,-0.15925437,0.19451763,-1.0918772,-0.016646385,0.09857336,0.21680298,-0.56075615,-0.14159864,-0.2013689,0.035402372
43,2836,0.5625775,0.4982315,0.39914417,-0.46095452,0.15425983,0.26454747,0.32929873,-1.2616997,0.13855015,-1.2672952,0.37692243,0.20578398,-0.8904943,0.13701203,0.5362688,-0.964806
43,2839,0.1713984,-0.04657661,-0.043491635,-0.14880055,0.13257796,-1.236121,-0.12493707,0.78655994,0.20863377,0.07738354,-0.1787944,0.3463382,0.122537196,-0.3484084,-0.19867018,-0.0823815
43,2851,0.29839846,-0.22921558,-0.27983415,0.47845152,0.3059362,-0.82130706,0.34771317,-0.0960291,-0.39285132,-0.1383564,0.22569141,0.33857927,-0.17423761,-0.26392063,-0.71184623,0.4525454
43,2855,0.9551717,0.072469845,0.7529978,-0.06396803,0.18844432,0.58613944,0.59277105,0.1626712,0.13649893,0.50463915,0.1697141,-0.8739748,-0.08179909,-0.0790956,0.17666999,0.6611689
43,2887,-0.5422548,-0.26682904,-0.26200992,-0.33329257,-0.23476967,0.6130073,-0.28953594,0.471602,-0.7234053,0.1260089,0.026296139,0.18047732,-0.43416232,-0.09567565,-0.027883999,-0.14301549
43,2890,-0.64486253,0.090517,0.058300875,-0.49255416,-0.3199879,0.35058486,-0.070992835,-0.18656489,0.27862847,0.12526116,0.46756685,0.099815294,0.7123585,0.5575862,0.42484152,-0.4465558
43,2895,0.6267543,-0.54358053,-0.66888326,0.93136716,-0.077018835,-0.010032594,-0.6998301,-0.03650597,0.2974413,-0.75312865,-1.6997169,-0.39352086,-0.36726385,-0.8224233,1.052121,-0.6653292
43,2900,-0.5186554,-0.20790905,-0.25847465,-0.32541955,-0.13287845,0.75352055,-0.38726977,0.6701701,-1.0088785,-0.005620599,-0.17092474,0.13118707,-1.0132031,-0.27615032,-0.29680437,-0.057701644
43,2906,0.36279026,-0.1753756,-0.10644901,0.49211493,0.14821613,-0.093994044,0.39897415,-0.32524276,-0.19605312,0.23097226,0.218029,-0.09644521,-0.04999596,-0.063249886,-0.41841647,0.6473989
43,2910,0.23188052,-0.2705727,-0.37282264,0.7316829,0.10430144,-0.17169215,0.31895775,-0.47614032,-0.2559224,0.27523124,0.1464926,0.070389405,0.003162086,-0.083843976,-0.5152101,0.68806374
43,2920,-0.15253548,-0.26987922,-0.26725572,0.20272616,-0.004330933,-0.6690827,-0.13804635,-0.04662915,0.23997408,-0.18954697,-0.098443255,0.22969262,0.7569009,0.005244896,0.2907095,-0.29238087
43,2924,0.10928944,0.66796154,0.37359437,-0.36397135,0.20129108,0.4415865,0.1771424,-1.036361,-0.009348102,-1.2706919,0.27391756,0.04271166,-0.84418327,0.30089158,0.024186492,-0.69888246
43,2925,-0.4341806,0.26146108,0.20183764,-0.58883476,-0.20763874,0.41065502,-0.03847008,-0.2620741,0.23192401,-0.12684278,0.41313672,0.09189453,0.1825718,0.46018237,0.38602284,-0.5534463
43,2931,0.2602492,-0.23599033,-0.30082586,0.4529433,0.29125682,-0.88646305,0.3020966,-0.052622568,-0.38089964,-0.15595484,0.2056291,0.38135722,-0.1432342,-0.2718033,-0.69820976,0.40612403
43,2933,0.2878728,-0.2357322,-0.2756836,0.6508539,0.11770141,-0.13646579,0.35290748,-0.4254084,-0.23201416,0.2718462,0.17244649,0.0078416,-0.025593609,-0.07980481,-0.48106244,0.682795
43,2944,-0.06883648,0.23556207,0.36903042,-0.45061538,0.058641374,-0.66860497,-0.1334308,0.71547997,0.48443165,0.039754175,-0.074209705,-0.08926362,0.5449948,0.061640903,0.1278705,-0.2629843
43,2971,0.06998576,-0.15393643,-0.18351425,-0.0031581596,0.069531485,-1.1082263,-0.13654715,0.5540735,0.1243995,0.049341105,-0.13339336,0.37926513,0.2707407,-0.28036615,-0.14057535,-0.06939189
43,2972,0.64889586,-0.53804564,-0.6223331,0.88647485,-0.06415267,-0.02516903,-0.6601601,-0.00685763,0.27722585,-0.76654947,-1.6523463,-0.41082776,-0.35231262,-0.81199545,1.0475144,-0.66670287
43,2973,1.0314511,-0.014451943,0.7476244,-0.024919376,0.19785467,0.6595801,0.61495364,0.19098175,0.09389679,0.47479746,0.13157514,-0.95883876,-0.04194668,-0.14223292,0.27408433,0.64300257
43,2992,-0.4645,0.057202566,0.04173299,-0.6117055,-0.19401672,0.35876882,-0.43936098,0.9008317,-0.31492782,0.19311786,-0.14486472,0.076234415,-0.5619684,-0.107118726,0.035316497,-0.3039469
43,2994,-0.7107434,0.113180935,0.07235994,-0.5250068,-0.3334928,0.36085606,-0.109154515,-0.02790818,0.26936117,0.18334907,0.43395656,0.05381018,0.7110318,0.56005675,0.36781847,-0.40694657
43,2999,-0.15623116,0.429476,0.47048777,-0.30978012,0.16481987,-0.48547113,-0.20388167,0.64500886,0.44602334,-0.18504629,-0.24142168,-0.25381762,0.5337577,0.12256623,-0.08784897,-0.14527312
43,3011,0.6500262,0.48210272,0.63200516,-0.07741652,0.07128981,0.23857935,0.35893747,-0.0376766,0.4857781,0.6881414,0.066767305,-0.33082193,-0.5466508,0.026839659,-0.12243811,0.62526155
43,3021,0.051090777,0.17407261,0.37166113,-0.63490856,0.008391902,-0.86817706,-0.18809722,1.0035899,0.58528435,0.25386858,-0.110745355,0.009973872,0.41675287,-0.07807422,0.25906402,-0.38722563
43,3032,-0.097793326,-0.26263225,-0.13714252,0.19131008,0.09479828,-0.6315091,0.008969029,-0.09441349,0.21427992,-0.3524073,-0.021628574,0.060459785,0.84503865,0.06157112,0.31324485,-0.25764483
43,3046,0.22616878,-0.24854338,-0.2677232,0.4008418,0.3238978,-0.99125624,0.3099951,-0.0011306033,-0.34916583,-0.22036883,0.23971148,0.37797108,0.0026648343,-0.245722,-0.6564738,0.3560979
43,3048,0.08831346,-0.18610802,-0.15045467,0.17292708,0.25973582,-1.0420264,0.20757997,0.18522336,-0.12569417,-0.21338814,0.18677485,0.2948764,0.3203851,-0.14776248,-0.40639576,0.16005206
43,3052,-0.5274192,-0.10313982,-0.17664587,-0.40728462,-0.11255771,0.7455878,-0.44400835,0.79752177,-0.94167465,-0.0110708475,-0.23569177,0.09156433,-1.1247876,-0.28664845,-0.32031363,-0.09705932
43,3060,-0.15295824,0.29280916,0.24574724,-0.55662036,-0.124067105,0.3718958,0.08807795,-0.6030815,0.22693674,-0.38860184,0.44713062,0.16280404,-0.055421114,0.3893401,0.4963106,-0.683443
43,3063,-0.01857227,0.0076248497,-0.0076169185,-0.16851331,-0.10866444,0.10604857,0.08193063,-1.1467001,0.33320916,-0.4585975,0.42456824,0.37331995,0.39225996,0.37004793,0.6986186,-0.73837954
43,3064,-0.55179185,-0.14179225,-0.14850579,-0.43664923,-0.25010026,0.51483935,-0.3143114,0.5321295,-0.47897166,0.17213437,0.035166845,0.14238277,-0.29640728,-0.015852362,0.06400561,-0.23101255
43,3094,0.053588837,0.23669006,0.42179477,-0.7152808,0.0059494525,-0.83166146,-0.24971092,1.1257428,0.60476196,0.2836291,-0.1672654,-0.003308937,0.265469,-0.10860771,0.24770612,-0.40893576
43,3103,0.0676343,0.20699622,0.4021539,-0.66010606,0.01743026,-0.8599297,-0.20412096,1.0449992,0.5875919,0.24633467,-0.1338922,-0.005027866,0.34088343,-0.09267241,0.23861682,-0.38379627
43,3109,-0.74753726,0.24791868,0.16013597,-0.6321722,-0.297892,0.4313249,-0.21494426,0.20303066,0.24731146,0.15978199,0.31697166,-0.008326823,0.40325078,0.5144154,0.24876595,-0.41482446
43,3123,-0.6287992,0.09111357,0.05805499,-0.48859802,-0.31495124,0.3522101,-0.06343438,-0.23107402,0.28594288,0.10542446,0.47477108,0.11252323,0.70448446,0.55854607,0.4414837,-0.4639184
43,3142,-0.48964846,1.2241089,0.9226725,0.27040944,0.5867326,0.41469258,-0.4971838,0.31292528,0.25517437,-1.1097976,-0.9188206,-0.99444973,0.4393994,0.3875769,-0.9557057,0.35799026
43,3145,-0.52399504,0.2550345,0.19151843,-0.5992532,-0.23192191,0.41922486,-0.08237771,-0.1418161,0.23370747,-0.043436483,0.39602715,0.06466421,0.25345623,0.48058012,0.34320432,-0.50771284
43,3151,0.26496685,-0.23941906,-0.30210924,0.47277775,0.28651398,-0.844419,0.31695944,-0.08477315,-0.38746014,-0.14297198,0.21418047,0.3632078,-0.14255035,-0.26181638,-0.69523364,0.4245957
43,3155,-0.7281842,0.45614734,0.12480986,-0.35286823,-0.022728942,0.605755,-0.19451496,-0.09671454,-0.19751209,-0.4111232,0.14741692,-0.046745226,-0.27130073,0.43040726,-0.33274975,-0.244652
43,3187,0.014767334,-0.35161087,-0.38054258,0.47213015,0.23476714,-0.97761655,0.24757412,-0.12041783,-0.30680704,-0.23282018,0.25971848,0.37929824,0.42233628,-0.124212325,-0.4958926,0.28049472
43,3197,-0.56113374,-0.18242145,-0.18617366,-0.39671314,-0.250857,0.55243707,-0.2892151,0.46731618,-0.54085314,0.15382731,0.06023255,0.15391348,-0.28945524,-0.01144883,0.04343743,-0.20247689
43,3199,-0.500746,-0.058758076,-0.12678587,-0.42230844,-0.104791015,0.67321146,-0.44137517,0.80687314,-0.849927,-0.017353386,-0.23652007,0.06903826,-1.0679703,-0.26510045,-0.29832026,-0.1134367
43,3208,-0.4429663,1.161434,0.9012955,0.17876264,0.55130374,0.2957999,-0.46326917,0.38492125,0.29860893,-1.0044154,-0.84862447,-0.9228715,0.43346858,0.35572243,-0.8664474,0.2976963
43,3214,0.75140667,-0.01314963,0.58426696,-0.089631796,0.51675045,-0.2407485,0.6956964,0.20036596,-0.24109891,-0.195941,0.4647066,-0.52703434,-0.065362394,-0.056515425,-0.38070884,0.5458558
43,3217,-0.48520702,-0.09259838,-0.08665626,-0.45764923,-0.2282859,0.40406877,-0.331079,0.61183184,-0.3998317,0.16608006,-0.009060606,0.11664039,-0.31081647,-0.04176426,0.07298198,-0.24172421
43,3228,0.37349764,-0.18459636,-0.12037502,0.51745677,0.15462479,-0.09365432,0.40951297,-0.3396695,-0.20652127,0.2400203,0.21745203,-0.09454148,-0.059895515,-0.07147679,-0.43592045,0.66905946
43,3231,0.2879956,0.28208354,-0.025741432,0.46318397,-0.06769915,-0.01398398,0.15489171,-0.42997825,0.37139922,0.7690311,-0.07660617,0.16524726,-0.5036928,-0.016219363,-0.36638263,0.6779108
43,3252,0.8245665,0.37656224,0.7638242,-0.116752565,0.14877474,0.39801222,0.49399167,0.06240657,0.3689954,0.6486169,0.13744089,-0.5944942,-0.40433544,0.0023505688,-0.043618627,0.69322145
43,3254,1.1170137,-0.7142637,0.28500307,0.32251805,0.12836593,0.7177062,0.33817363,0.3500438,-0.20786577,-0.22706771,-0.4256186,-1.1711395,0.3902444,-0.5714679,1.0489322,0.004181519
43,3255,-0.69230044,0.23812129,0.15903975,-0.6165193,-0.28441954,0.46434546,-0.14490482,0.009992084,0.24133822,0.09660108,0.38919866,0.031337038,0.3986845,0.53665495,0.29344052,-0.44865733
43,3266,0.009752631,0.11318076,0.30550593,-0.5568415,-0.00968039,-0.83631545,-0.14659375,0.86506593,0.5429337,0.23075277,-0.049434558,0.02922675,0.5375403,-0.033705667,0.27291694,-0.36704668
43,3267,-0.69230044,0.23812126,0.15903975,-0.6165193,-0.28441954,0.46434546,-0.14490482,0.009992084,0.24133822,0.09660108,0.38919866,0.031337038,0.3986845,0.53665495,0.29344052,-0.44865733
43,3290,-0.07263358,-0.22395597,-0.092348576,0.1315664,0.12596694,-0.6923265,0.08142039,-0.00033026934,0.11955779,-0.29104275,0.087163106,0.07355391,0.7601898,0.051154748,0.13438222,-0.12925701
43,3291,0.26496685,-0.23941906,-0.30210924,0.4727777,0.28651398,-0.844419,0.3169594,-0.08477315,-0.38746014,-0.14297198,0.21418047,0.3632078,-0.14255035,-0.26181638,-0.69523364,0.4245957
43,3292,0.30660942,-0.17966227,-0.21566008,0.42223993,0.28646487,-0.74818796,0.34049806,-0.08451289,-0.34709808,-0.109664224,0.2195681,0.29308948,-0.19823438,-0.23650473,-0.66900337,0.44048446
43,3298,0.19816872,-0.24768591,-0.25842953,0.3817865,0.30138448,-0.95440745,0.2947752,-0.006998241,-0.33330518,-0.21927488,0.24357773,0.35818017,0.04935348,-0.21837288,-0.6132172,0.33264297
43,3314,-0.6566901,0.19750749,0.034207962,-0.44120324,-0.15719537,0.49313956,-0.281659,0.3041933,-0.20816137,-0.03371264,0.083341226,0.021840807,-0.19157773,0.2444847,-0.09114847,-0.25287464
43,3324,-0.7738147,0.27365264,0.17432258,-0.64507604,-0.298724,0.44693804,-0.21011336,0.17714246,0.2811236,0.15599605,0.3357519,-0.018532716,0.43674532,0.5517371,0.2523016,-0.42438278
43,3347,-0.12465529,0.006058816,0.0015478097,-0.23255417,-0.15756273,0.15555991,0.08260613,-0.97053164,0.30836782,-0.33544576,0.45945084,0.322986,0.46775743,0.40244478,0.6591019,-0.67298114
43,3356,-0.3632108,-0.2615659,-0.19252934,-0.18865253,-0.32025152,-0.07764089,-0.067121,-0.33713174,0.24126866,0.18068022,0.36026275,0.29405433,1.0216064,0.33489737,0.61490554,-0.4548281
43,3366,0.8083004,-0.100287184,0.65014607,-0.10065785,0.5424123,-0.08736685,0.78099006,0.19164029,-0.29079464,-0.2214083,0.5377143,-0.72858447,0.11883247,-0.010933399,-0.28650358,0.5957214
43,3369,0.034717873,0.038154047,-0.32507077,0.5978435,-0.40007278,0.5128671,-0.2927251,-0.5397575,0.6283051,0.89890665,-0.5278274,-0.05484611,-0.08866507,0.027176812,0.25694528,0.43959862
43,3371,0.054267243,0.08959733,-0.30779773,0.61575806,-0.42793226,0.56300277,-0.28935406,-0.5743988,0.6998654,1.024005,-0.5475253,-0.050414342,-0.14077097,0.038555086,0.25095177,0.5010013
43,3378,0.22616878,-0.24854337,-0.26772326,0.40084174,0.3238978,-0.99125624,0.3099951,-0.001130607,-0.3491658,-0.22036883,0.23971148,0.37797108,0.0026648343,-0.245722,-0.6564738,0.3560979
43,3392,0.56046,-0.13341229,0.22223493,0.20747694,0.3630113,-0.22888765,0.5587793,-0.039684545,-0.2717416,-0.04899733,0.3608144,-0.3049936,-0.014259547,-0.0735735,-0.4184732,0.58745676
43,3403,0.37428454,-0.18350087,-0.12847134,0.52898836,0.15544859,-0.09880681,0.40980092,-0.3469716,-0.20669577,0.24586698,0.21385647,-0.08516708,-0.070454955,-0.07530412,-0.44544432,0.67568886
43,3411,0.06998576,-0.15393643,-0.18351425,-0.003158167,0.069531485,-1.1082263,-0.13654715,0.5540735,0.1243995,0.049341105,-0.13339336,0.37926513,0.2707407,-0.28036615,-0.14057535,-0.06939189
43,3418,-0.6295531,0.15963055,0.029728916,-0.48526835,-0.17885031,0.4722939,-0.3136941,0.42382422,-0.21622314,0.03461454,0.04905802,0.039050274,-0.23247367,0.18332179,-0.040766783,-0.2737336
43,3422,0.079452336,0.23728292,0.43053105,-0.71674013,0.018827826,-0.87660646,-0.24531475,1.1496894,0.6171128,0.2825998,-0.17932098,-0.004019689,0.26780713,-0.12544921,0.24263269,-0.40828475
43,3431,0.45252958,0.5554373,0.4105948,0.049111605,-0.007293254,0.029882908,0.21002312,-0.18053244,0.57011867,0.72949547,-0.029467404,0.007908506,-0.7107596,0.020507678,-0.24367252,0.5677858
43,3453,0.010445982,-0.34280717,-0.36628562,0.45587716,0.2248142,-0.9472031,0.24247468,-0.11993253,-0.299319,-0.2296213,0.2613155,0.36410388,0.42136964,-0.112984866,-0.47816524,0.27165353
43,3456,-0.26191986,0.6989207,0.6219411,-0.12245784,0.31049377,-0.21401459,-0.2998528,0.54829973,0.38845617,-0.49575403,-0.4705996,-0.49169302,0.49121785,0.20311964,-0.38386837,0.019640148
43,3460,-0.14824596,-0.3039335,-0.19680692,0.24859273,0.036823794,-0.53628814,-0.06492877,-0.20040883,0.26620302,-0.37786523,-0.09127842,0.060167484,0.9219574,0.08851872,0.45556718,-0.3517384
43,3461,-0.23254651,-0.06256707,0.076755114,-0.46470633,-0.19386637,-0.48707378,-0.180747,0.5593219,0.4135754,0.35078466,0.098362066,0.13276246,0.7445371,0.10621019,0.4322804,-0.40896022
43,3463,0.06985767,-0.34052604,-0.3571628,0.4757655,0.27049133,-0.9721258,0.28742278,-0.11530858,-0.33256927,-0.24020904,0.27604687,0.36715996,0.33793387,-0.14729398,-0.54252,0.3149162
43,3480,0.21501872,-0.26469335,-0.36671823,0.71100616,0.09707102,-0.17748256,0.3051132,-0.46413514,-0.24891868,0.2625102,0.1460996,0.0746961,0.017033845,-0.07574779,-0.49995014,0.66362226
43,3489,0.67602146,0.011529431,0.49604523,-0.058300436,0.46602544,-0.31155777,0.61493796,0.1828061,-0.21529266,-0.16636778,0.40730214,-0.3923465,-0.13288432,-0.077540636,-0.41229954,0.50169784
43,3510,0.3983039,0.60555494,0.40563777,-0.431682,0.19271556,0.37051427,0.29031414,-1.2760105,0.08313081,-1.3389748,0.3547021,0.16148883,-0.926006,0.21896902,0.34178564,-0.90610874
43,3532,0.51723397,0.47086117,0.3868825,-0.47191948,0.12643084,0.2968945,0.34342745,-1.2981347,0.15816218,-1.1988171,0.42927897,0.2230821,-0.7954306,0.18151577,0.57258415,-0.9615785
43,3563,0.21593994,-0.22835796,-0.35526335,0.6716269,0.14163715,-0.3331436,0.29550412,-0.39998186,-0.27071616,0.17642444,0.14453666,0.16225155,-0.052491307,-0.10947773,-0.5687514,0.61529833
43,3570,0.3852934,-0.18627128,-0.13852824,0.55028117,0.16261604,-0.10278733,0.41928497,-0.35917544,-0.21319248,0.25446013,0.21218637,-0.079113185,-0.088100135,-0.083859324,-0.46448115,0.69489425
43,3584,0.12028161,-0.27098832,-0.607841,0.8218467,-0.29014528,0.31859398,-0.50800574,-0.42624205,0.42265508,0.25172678,-0.9471774,-0.12352516,-0.115756094,-0.27780032,0.48355576,0.058092088
43,3585,-0.5422548,-0.26682904,-0.26200992,-0.33329257,-0.23476967,0.6130073,-0.28953594,0.471602,-0.7234053,0.1260089,0.026296139,0.18047732,-0.43416232,-0.09567565,-0.027883999,-0.14301549
43,3587,1.2326155,-0.48636183,0.70852715,0.05302915,0.24206439,0.9140829,0.6857391,0.38211688,-0.22205013,0.13354877,0.066302255,-1.3671472,0.41044495,-0.33601224,0.72486985,0.44498336
43,3603,0.77172565,-0.047021374,0.6706442,-0.15201259,0.52202106,-0.124403976,0.73485315,0.22327845,-0.24348548,-0.22376227,0.5150938,-0.68254864,0.08777323,-0.001122132,-0.2737723,0.54047626
43,3604,0.3852934,-0.18627127,-0.13852823,0.55028117,0.16261604,-0.10278733,0.41928497,-0.35917544,-0.21319248,0.25446013,0.21218637,-0.079113185,-0.088100195,-0.083859324,-0.46448115,0.69489425
43,3608,-0.4503773,-0.3375517,-0.23589675,-0.26020688,-0.37974653,-0.20543507,-0.13234109,0.06230051,0.2597246,0.44313297,0.30799836,0.27749538,1.183413,0.27511927,0.6180737,-0.4129784
43,3611,0.5691596,-0.06597184,0.195342,0.17221156,0.42459825,-0.5392918,0.5356718,0.07276147,-0.2878389,-0.13763525,0.32898414,-0.08729248,-0.21799564,-0.17867067,-0.5745975,0.5173621
43,3630,0.05602312,0.35665402,0.34727353,-0.17358002,0.2584226,-0.74287856,-0.21136506,0.75298697,0.2894361,-0.21814997,-0.364345,-0.094369404,0.1239222,-0.14374295,-0.33846727,-0.0128811
43,3635,-0.51429355,-0.36347052,-0.37766212,-0.18272987,-0.18132874,0.7461895,-0.25117415,0.36595038,-1.0451752,-0.0013285279,-0.002714023,0.1895721,-0.693024,-0.1849792,-0.22463349,-0.00080129504
43,3645,-0.48520702,-0.09259838,-0.08665626,-0.45764923,-0.2282859,0.40406877,-0.331079,0.61183184,-0.3998317,0.16608006,-0.009060606,0.11664039,-0.31081647,-0.04176426,0.07298198,-0.24172421
43,3646,-0.41407314,-0.30620468,-0.20167731,-0.2822983,-0.34945256,-0.25798377,-0.1441277,0.1604861,0.26843134,0.43567666,0.26818275,0.2530632,1.1011199,0.23654577,0.5819209,-0.40510565
43,3648,1.1531671,-0.29006773,0.71259964,0.04097843,0.21429032,0.82140934,0.6519015,0.28858608,-0.07845813,0.30268133,0.07830702,-1.1909609,0.20835009,-0.263408,0.54353225,0.5370445
43,3656,0.3096849,-0.21353185,-0.26178288,0.4658338,0.3075043,-0.8112141,0.3505778,-0.089802474,-0.38291594,-0.1302906,0.22291662,0.3304165,-0.19555241,-0.26364988,-0.7117687,0.45572668
43,3666,0.5115862,0.58434635,0.46092102,0.03952238,0.0045785457,0.077402934,0.2425147,-0.18185699,0.6016266,0.781039,-0.030447751,-0.036562763,-0.76079386,0.016156524,-0.24516436,0.6171116
43,3674,-0.4789171,0.049842466,-0.02057891,-0.5015984,-0.09920896,0.5721513,-0.469751,0.8951771,-0.6731941,-0.0012564585,-0.26136595,0.027072452,-1.0189393,-0.23392683,-0.24970156,-0.17084967
43,3683,-0.15450309,-0.10491657,-0.09645668,-0.16406028,-0.19747674,0.05324672,0.029048087,-0.8995645,0.30851153,-0.22478825,0.40397215,0.36214003,0.6584561,0.36900872,0.7001028,-0.6584602
43,3688,-0.010991558,0.031724814,0.018331166,-0.18768051,-0.09918374,0.12023787,0.097791135,-1.1207278,0.32514057,-0.4683426,0.43278152,0.34884053,0.34687668,0.36967218,0.67651856,-0.72285646
43,3692,0.30451483,-0.23430596,-0.22749807,0.57244444,0.20441976,-0.31288666,0.37383994,-0.3137787,-0.29494238,0.1049641,0.20779797,0.0369922,-0.007565826,-0.10537824,-0.5291221,0.6148358
43,3694,0.3111896,-0.21726495,-0.22318675,0.60202646,0.12305552,-0.11803272,0.3663353,-0.39532018,-0.21798457,0.26510656,0.18601541,-0.025825022,-0.032467604,-0.074350715,-0.45743337,0.6724838
43,3695,0.0047742724,-0.31950834,-0.3282004,0.3963749,0.22500569,-0.9836974,0.22834054,-0.05963267,-0.24956146,-0.22910109,0.24626194,0.35212436,0.46063074,-0.10793221,-0.4389414,0.23410928
43,3699,0.91119635,0.26439717,0.8006844,-0.11323093,0.18471974,0.50162935,0.56579936,0.117831886,0.27042064,0.6089693,0.17031376,-0.7492472,-0.2708348,-0.022881657,0.03394959,0.71647865
43,3719,-0.10317213,-0.27742425,-0.29550472,0.2035777,0.021990255,-0.81931067,-0.15248935,0.0684845,0.2372866,-0.14948523,-0.14570652,0.29492348,0.68796384,-0.08144879,0.22135764,-0.26897413
43,3725,0.098082006,-0.31804854,-0.33504418,0.4529219,0.27190638,-0.94619125,0.28299135,-0.09377983,-0.3360894,-0.23211175,0.26665306,0.3583475,0.26170316,-0.1605599,-0.5553106,0.31851774
43,3741,-0.5352874,-0.26664427,-0.2536906,-0.32089308,-0.24528813,0.5702123,-0.261508,0.4100508,-0.6576921,0.13089558,0.067282245,0.1790242,-0.31305444,-0.05119577,0.011195749,-0.14955929
43,3742,-0.7338518,0.3580003,0.091613874,-0.36657953,-0.08031799,0.5553121,-0.21530293,0.031814955,-0.17575172,-0.24083623,0.14975563,-0.035107143,-0.16062438,0.40248403,-0.25323036,-0.21557541
43,3746,-0.37970507,0.26800436,0.2109734,-0.57922137,-0.18962018,0.3997841,-0.014859223,-0.32459882,0.2290583,-0.17807785,0.41771495,0.10295702,0.13626677,0.445729,0.400695,-0.5729431
43,3756,0.21635014,-0.24583536,-0.40863645,0.7531818,0.12951791,-0.29223973,0.30347344,-0.47035897,-0.27261674,0.23618087,0.13063553,0.17190969,-0.0706709,-0.113612235,-0.5938108,0.6714401
43,3764,0.7514068,-0.013149627,0.58426696,-0.08963178,0.51675045,-0.2407485,0.6956964,0.20036596,-0.24109891,-0.195941,0.4647066,-0.5270344,-0.065362394,-0.056515425,-0.38070884,0.5458559
43,3776,-0.47538486,0.058744695,0.04560273,-0.61264193,-0.2136292,0.32662404,-0.42210224,0.8475442,-0.23716635,0.21706676,-0.104312524,0.08217185,-0.43186545,-0.056190908,0.08600323,-0.32594204
43,3784,-0.79507947,0.2515551,0.15601307,-0.6328685,-0.3146185,0.45241845,-0.18531781,0.11403029,0.3022985,0.16994092,0.3789736,-0.00874548,0.5376029,0.5879325,0.28786474,-0.43092534
43,3790,-0.56222606,0.07820381,0.018991888,-0.5542996,-0.218353,0.41366106,-0.3602658,0.62280625,-0.22595905,0.1560944,-0.0039918125,0.07426217,-0.28771025,0.070188195,0.057894208,-0.3094288
43,3791,-0.35472038,0.99117976,0.8067554,0.030095592,0.4681169,0.031125039,-0.4082256,0.51893157,0.372986,-0.7766527,-0.72192,-0.7448758,0.4587899,0.2728347,-0.6732589,0.17199314
43,3793,-0.076668255,0.13647577,0.30015165,-0.63373303,-0.07495933,-0.6729167,-0.223645,0.9037843,0.5386357,0.3093025,-0.054996952,0.041805737,0.44999364,-0.008784547,0.3229376,-0.41554508
43,3795,-0.76170194,0.21180768,0.1350995,-0.5976006,-0.31514508,0.40755552,-0.1671853,0.09100035,0.29494178,0.17314473,0.3866009,0.003358461,0.5850499,0.57278794,0.30489138,-0.41683173
43,3796,0.12880978,-0.212854,-0.5714,0.81081426,-0.32453966,0.37845004,-0.49967504,-0.45218855,0.4981247,0.38395697,-0.94287956,-0.12522197,-0.1466546,-0.2481189,0.48530734,0.11561048
43,3799,-0.45302346,0.07851753,0.06661974,-0.61254525,-0.19256914,0.31667364,-0.42542443,0.8749471,-0.25441444,0.18830249,-0.1274686,0.06559036,-0.497509,-0.07668474,0.05148542,-0.3101105
43,3805,-0.18046121,0.4887177,0.5048808,-0.27090147,0.1958965,-0.42404836,-0.22159186,0.6190777,0.43422997,-0.2548554,-0.2866783,-0.30616716,0.52502036,0.1431965,-0.15018946,-0.11057611
43,3811,0.26390827,0.24718495,-0.053047393,0.4720594,-0.0716865,-0.02157399,0.14785932,-0.42999,0.3403368,0.73848915,-0.067425415,0.16518354,-0.45288557,-0.012564734,-0.35851398,0.66047084
43,3818,-0.524589,-0.34652266,-0.3712399,-0.21000928,-0.17340353,0.7791119,-0.28423554,0.4371624,-1.0800784,0.00010616332,-0.044198975,0.18618539,-0.79909915,-0.2190077,-0.25252855,-0.006540261
43,3819,1.2429155,-0.66067916,0.57777613,0.14635628,0.20027426,0.90464175,0.5835964,0.4337845,-0.27829164,-0.052139897,-0.11198278,-1.3913035,0.5120303,-0.4592412,0.9571488,0.24314594
43,3840,0.28585547,-0.22603822,-0.25628555,0.40356693,0.34468865,-0.99163514,0.3262244,0.017876092,-0.3670882,-0.20436342,0.22533335,0.3865106,-0.12489045,-0.2872383,-0.7118461,0.3886559
43,3852,0.04416111,0.23155032,0.4118897,-0.6968651,0.001551792,-0.8008996,-0.24468082,1.089131,0.5811764,0.26700374,-0.15571766,-0.0061871503,0.25976816,-0.0975416,0.2392605,-0.3961412
43,3854,0.22188601,0.3570012,0.31005535,-0.51159525,-0.004871629,0.3312484,0.2492049,-1.0413779,0.20805924,-0.7872337,0.4746338,0.22928007,-0.40547526,0.29001623,0.6022453,-0.8529082
43,3857,0.038437843,0.1592689,0.35493702,-0.61459553,0.00062556565,-0.84630185,-0.17900465,0.96203715,0.5687618,0.24641186,-0.093143925,0.012646988,0.4395881,-0.06403905,0.26232138,-0.38061994
43,3863,0.31831348,0.39429697,0.11799838,0.3141695,-0.06820065,-0.0017213672,0.14557065,-0.3462,0.46793628,0.7723728,-0.07749696,0.13423662,-0.57617563,0.0048721284,-0.3101087,0.62116617
43,3879,0.7721791,0.41641155,0.7397873,-0.11845461,0.13107598,0.34979475,0.4553172,0.040427867,0.40124473,0.64908123,0.12510358,-0.5234912,-0.44437808,0.0159477,-0.07333725,0.66960233
43,3887,0.4923251,0.5616297,0.40777767,-0.4465054,0.18031803,0.31572384,0.30989,-1.2806131,0.11160139,-1.3239022,0.36019394,0.18508206,-0.92432696,0.1746537,0.43893954,-0.94508815
43,3888,0.8291011,-0.5994671,-0.34510517,0.7139623,0.014646307,0.15287586,-0.3527069,0.1192005,0.12087719,-0.681915,-1.316246,-0.6301024,-0.15579718,-0.7779984,1.074411,-0.5271286
43,3894,-0.49085504,-0.017517231,-0.06609063,-0.47861886,-0.13810626,0.5604603,-0.43195826,0.8142276,-0.65037584,0.046935655,-0.19284366,0.064346254,-0.8541898,-0.19735566,-0.17181459,-0.18015228
43,3896,-0.65054214,0.22552656,0.16094331,-0.59846294,-0.27224773,0.4247353,-0.14197563,0.022603951,0.22846012,0.083351426,0.37229046,0.030503504,0.37834564,0.50638473,0.2884534,-0.43554622
43,3910,0.5625775,0.49823156,0.39914417,-0.4609545,0.15425983,0.26454747,0.32929876,-1.2616997,0.13855015,-1.2672952,0.37692243,0.205784,-0.8904943,0.13701203,0.5362688,-0.964806
43,3921,0.10066533,-0.12344575,-0.48083812,0.7353158,-0.356471,0.43868613,-0.4285624,-0.48247027,0.5523993,0.5773712,-0.8025944,-0.108611405,-0.12694532,-0.15157524,0.41594422,0.2320154
43,3922,-0.2280922,0.88267374,0.7362629,0.038249582,0.4651957,-0.08532129,-0.3638678,0.54735005,0.3072618,-0.71859765,-0.6825878,-0.6516059,0.3113571,0.16282186,-0.68640953,0.19029376
43,3923,0.3571367,0.44113028,0.18683638,0.25906667,-0.053848222,0.007731065,0.16199271,-0.31284633,0.50113535,0.77832747,-0.07246305,0.109215796,-0.62841886,0.0045569837,-0.3016986,0.6191998
43,3932,0.21280408,-0.2549342,-0.38899568,0.73290527,0.11701526,-0.23930658,0.30515352,-0.469002,-0.2641986,0.24090114,0.14045206,0.12616962,-0.026730984,-0.09349349,-0.549717,0.66445804
43,3946,0.24682155,-0.23639192,-0.29740128,0.44598886,0.2795283,-0.8636972,0.29558918,-0.058983702,-0.37477353,-0.15428787,0.2083729,0.37043443,-0.12134433,-0.25779158,-0.6770979,0.39640126
43,3948,0.20864302,-0.22236714,-0.38818082,0.7181008,0.126272,-0.31643227,0.28956565,-0.444322,-0.25687373,0.22260234,0.12755199,0.18840756,-0.08516067,-0.11236665,-0.5861507,0.6421346
43,3950,-0.48832613,0.03711513,-0.03380714,-0.5080423,-0.10442551,0.5940773,-0.4788478,0.91456455,-0.6991407,0.010764159,-0.26878417,0.03667734,-1.0461793,-0.24815655,-0.24988642,-0.17320518
43,3952,0.24486911,0.18456252,-0.09653793,0.49926028,-0.064578034,-0.03318748,0.15489917,-0.43538076,0.27739042,0.689193,-0.046609983,0.15734039,-0.38382083,-0.015059248,-0.3622504,0.65243465
43,3954,-0.018572256,0.007624846,-0.007616926,-0.16851331,-0.10866444,0.10604857,0.08193063,-1.1467003,0.3332092,-0.4585975,0.42456824,0.37331995,0.39225996,0.37004793,0.6986186,-0.73837954
43,3955,-0.51429355,-0.36347052,-0.37766212,-0.18272987,-0.18132874,0.7461895,-0.25117415,0.36595038,-1.0451752,-0.0013285279,-0.002714023,0.1895721,-0.693024,-0.1849792,-0.22463346,-0.0008012876
43,3957,0.21079731,-0.24633962,-0.38850284,0.72865903,0.11863841,-0.25738055,0.30063522,-0.46317178,-0.26146737,0.23667035,0.13712549,0.1413259,-0.04053417,-0.09733939,-0.55769557,0.6582424
43,3960,0.028072238,-0.17765892,-0.059270654,0.09073721,0.24244443,-0.93382317,0.19135536,0.17524026,0.0154520795,-0.24095598,0.1728543,0.15397309,0.56765693,-0.048278272,-0.16817084,0.041913882
43,3963,-0.48372677,-0.43228075,-0.42756084,-0.12128529,-0.19731155,0.7477653,-0.15925436,0.19451763,-1.0918771,-0.016646385,0.09857336,0.21680298,-0.56075615,-0.14159864,-0.2013689,0.035402358
43,3964,-0.50954175,-0.008126207,-0.06912464,-0.4981445,-0.13309005,0.6071755,-0.45725793,0.86174554,-0.69434327,0.04610219,-0.22223948,0.06402515,-0.94818276,-0.22203052,-0.20147142,-0.18159677
43,3972,0.38672522,-0.085884325,0.00015356019,0.38684204,0.13927764,-0.07595043,0.39115474,-0.27121505,-0.11276335,0.25263515,0.21307835,-0.11375215,-0.11523783,-0.047888815,-0.37313458,0.61142284
43,3997,0.26336843,0.31948817,0.018096652,0.39309314,-0.08643359,-0.0130441785,0.12542881,-0.39247298,0.41245478,0.75691485,-0.08017953,0.16395517,-0.49327564,0.0053365678,-0.32055175,0.6232777
43,3998,0.2541622,-0.23078483,-0.25406045,0.3905163,0.33031827,-0.98792744,0.31302193,0.015685193,-0.35067472,-0.21095034,0.2298863,0.37953782,-0.06225717,-0.26393336,-0.6764794,0.3653975
43,4029,-0.018572256,0.007624846,-0.007616926,-0.16851331,-0.10866444,0.10604857,0.08193063,-1.1467003,0.3332092,-0.4585975,0.42456824,0.37331995,0.39225996,0.37004793,0.6986186,-0.73837954
43,4033,0.05602312,0.35665402,0.34727353,-0.17358002,0.25842264,-0.74287856,-0.21136506,0.75298697,0.28943613,-0.21814997,-0.364345,-0.094369404,0.12392217,-0.14374295,-0.33846727,-0.0128811
43,4051,0.6500263,0.48210278,0.63200516,-0.07741652,0.07128981,0.23857935,0.35893747,-0.037676606,0.48577806,0.6881414,0.06676732,-0.33082193,-0.5466508,0.026839644,-0.122438096,0.62526155
43,4053,-0.55079734,-0.22747096,-0.2251902,-0.34746167,-0.24350746,0.5721816,-0.27021694,0.4207458,-0.61477345,0.1296897,0.0666666,0.16503558,-0.30896634,-0.029292837,0.012344398,-0.16709858
43,4057,-0.15450309,-0.10491657,-0.09645668,-0.16406028,-0.19747674,0.05324672,0.029048087,-0.8995645,0.30851156,-0.22478825,0.40397215,0.36214003,0.6584561,0.36900872,0.7001028,-0.6584602
43,4060,-0.27531773,-0.59107006,-0.4810459,-0.0031326786,-0.23593539,0.67308867,0.22589535,-0.4671498,-1.129734,-0.099044695,0.5190539,0.30226842,-0.023039997,0.039470777,-0.03945961,0.10032347
43,4064,1.1954485,-0.6742221,0.52263117,0.16843247,0.17837137,0.87022173,0.5438742,0.41690758,-0.27624956,-0.074726,-0.13768573,-1.3364134,0.51402336,-0.46634924,0.9679104,0.20175266
43,4076,0.087810665,0.23964764,0.43305856,-0.6987096,0.026212618,-0.86822844,-0.23392165,1.1224433,0.59855,0.25497362,-0.17302842,-0.013932118,0.25537074,-0.1214537,0.22361228,-0.39008778
43,4091,0.4979104,0.5725058,0.46127647,0.02463606,0.002270177,0.07490577,0.23678544,-0.16991095,0.59061795,0.75712204,-0.022631004,-0.043498978,-0.72990614,0.022677988,-0.23059109,0.5963065
43,4092,-0.50305474,-0.032660156,-0.106232,-0.44480625,-0.1001364,0.6714264,-0.4573765,0.8435534,-0.83351135,-0.016746573,-0.25460547,0.05982729,-1.0989318,-0.2698599,-0.30332875,-0.124604985
43,4094,-0.79507947,0.2515551,0.15601307,-0.6328685,-0.3146185,0.45241845,-0.18531781,0.11403029,0.3022985,0.16994092,0.3789736,-0.008745479,0.5376029,0.5879325,0.28786474,-0.43092534
43,4107,0.10572305,-0.16227414,-0.11211248,0.1317054,0.27632976,-1.0592636,0.21574675,0.22998175,-0.09975812,-0.21489885,0.1828866,0.27637652,0.30970687,-0.1514022,-0.39992663,0.14955789
43,4109,1.2326154,-0.4863618,0.7085271,0.05302915,0.24206439,0.91408277,0.68573916,0.38211688,-0.2220501,0.1335488,0.066302255,-1.3671474,0.41044497,-0.33601224,0.7248699,0.44498336
43,4119,0.4996226,0.4438726,0.37563774,-0.47383848,0.10523848,0.2964859,0.34513915,-1.3018398,0.17177214,-1.1420723,0.45117986,0.23527017,-0.731592,0.19731557,0.60041904,-0.95619416
43,4139,0.8083005,-0.100287184,0.650146,-0.10065784,0.5424123,-0.08736686,0.78099006,0.19164029,-0.29079464,-0.2214083,0.5377143,-0.72858447,0.11883247,-0.010933384,-0.28650358,0.5957214
43,4148,-0.015593559,-0.3396271,-0.35647815,0.4278156,0.21460357,-0.96941257,0.22565874,-0.09671429,-0.26266992,-0.22847722,0.25229996,0.35759032,0.49366155,-0.09681031,-0.43481478,0.2402944
43,4172,-0.3116875,0.02840935,0.022566017,-0.33634594,-0.22204758,0.2203667,0.026147002,-0.6821856,0.3056284,-0.15525566,0.4694233,0.2512246,0.57140446,0.45640343,0.5935038,-0.59945476
43,4179,0.08059305,0.21967967,0.41421115,-0.67562747,0.021908164,-0.8688538,-0.21906678,1.0831326,0.59105235,0.25075972,-0.15494497,-0.0072009256,0.29886425,-0.1100077,0.23027998,-0.38570437
43,4185,0.42938748,-0.20800889,-0.05512165,0.45407966,0.28752837,-0.2918123,0.47377288,-0.21582657,-0.3052708,0.042001285,0.27800345,-0.10304537,-0.0122920275,-0.10343462,-0.5085035,0.6338646
43,4190,0.48372778,0.42681825,0.36865133,-0.4708683,0.09430888,0.28763884,0.34216982,-1.2852194,0.17904764,-1.1015865,0.4573363,0.23748899,-0.68718904,0.20496537,0.6091791,-0.94257
43,4195,-0.1548209,0.03337614,0.18656445,-0.55592835,-0.135997,-0.5911811,-0.20676824,0.747184,0.48456022,0.34273884,0.017387226,0.092715755,0.6050915,0.043269426,0.3860528,-0.42070493
43,4230,0.05602312,0.35665402,0.34727353,-0.17358002,0.25842264,-0.74287856,-0.21136506,0.75298697,0.28943613,-0.21814997,-0.364345,-0.094369404,0.12392217,-0.14374295,-0.33846727,-0.0128811
43,4241,-0.14207265,-0.29281038,-0.17845923,0.22879449,0.035793275,-0.53170806,-0.054269094,-0.18043162,0.2519196,-0.37180343,-0.074639335,0.050107315,0.90511656,0.090008676,0.43748415,-0.33530128
43,4256,-0.15670227,-0.3042941,-0.20279406,0.25114694,0.0187805,-0.5027743,-0.08705709,-0.2140779,0.27462798,-0.37897098,-0.10893847,0.057401128,0.9134445,0.091475725,0.48053676,-0.37058294
43,4258,-0.23254651,-0.06256707,0.076755114,-0.46470633,-0.19386637,-0.48707378,-0.180747,0.5593219,0.4135754,0.35078466,0.098362066,0.13276246,0.7445371,0.10621019,0.4322804,-0.40896022
43,4263,-0.5921248,0.52441114,0.1677661,-0.32943237,0.036759004,0.5977861,-0.11713433,-0.31793928,-0.18071018,-0.64152783,0.1742935,-0.04824972,-0.38554537,0.4270032,-0.32098463,-0.31799662
43,4271,-0.48832616,0.03711513,-0.03380714,-0.5080423,-0.10442551,0.5940773,-0.4788478,0.91456455,-0.6991407,0.010764159,-0.26878417,0.03667734,-1.0461793,-0.24815655,-0.24988642,-0.17320518
43,4276,1.1163584,-0.25615007,0.7140102,0.022185773,0.21067896,0.78929234,0.6444683,0.27660468,-0.064900056,0.31544393,0.10198064,-1.1546862,0.1989108,-0.23263788,0.49899775,0.54644734
43,4285,0.12433183,-0.11530879,-0.03595559,0.053395003,0.28803578,-1.0401068,0.22265568,0.28820756,-0.054011226,-0.21404335,0.18256427,0.22750273,0.2952988,-0.13798672,-0.36936006,0.12563455
43,4313,1.2272966,-0.397048,0.7096991,0.07043049,0.22736695,0.89365315,0.67027193,0.33428684,-0.13948373,0.22984555,0.039322317,-1.2956347,0.28595427,-0.3274336,0.662547,0.49368513
43,4324,0.6398996,-0.52506304,-0.59820884,0.85659516,-0.059317015,-0.034534395,-0.6377683,-0.00089901313,0.26885408,-0.7599696,-1.6069556,-0.4038697,-0.3362944,-0.7909432,1.0262144,-0.6579591
43,4327,-0.54093075,-0.29649833,-0.33903775,-0.25921625,-0.15945463,0.8080095,-0.33059403,0.5323269,-1.0848309,-0.0020491406,-0.09740849,0.16928943,-0.91996795,-0.2462191,-0.28474993,-0.02457162
43,4333,-0.024442822,0.19384341,0.36154726,-0.52944046,0.037100077,-0.7780655,-0.13291064,0.8198012,0.54139924,0.13800076,-0.06084703,-0.03716503,0.5445867,0.015448049,0.20269078,-0.32279107
43,4335,-0.40694475,1.0610447,0.835734,0.11470075,0.49489006,0.19148685,-0.42565638,0.4098844,0.30776983,-0.895769,-0.75689423,-0.8246246,0.43201602,0.3265336,-0.7687493,0.2431714
43,4337,0.7129868,-0.10484071,0.5234846,-0.031989522,0.47365424,-0.12163374,0.69464076,0.12962075,-0.27679214,-0.1780454,0.48416775,-0.5959411,0.08283976,-0.020472094,-0.30559832,0.56546277
43,4340,-0.6795484,0.08832082,0.057301372,-0.49938896,-0.33018893,0.3455587,-0.08835933,-0.09210639,0.264282,0.16642013,0.44993097,0.07378286,0.73025894,0.55469966,0.3910935,-0.41151908
43,4343,0.018040463,-0.2945728,-0.2990846,0.35480836,0.22074771,-0.9853869,0.21615905,-0.018616796,-0.23165075,-0.22339761,0.23344162,0.34871343,0.4230276,-0.11608964,-0.43110725,0.21712083
43,4350,0.2872276,0.31086904,-0.006428208,0.4443899,-0.07632284,-0.008605987,0.14411093,-0.42434436,0.40317625,0.7883957,-0.087231115,0.17029227,-0.5253074,-0.010815948,-0.35642198,0.67161417
43,4351,0.29436335,-0.21863312,-0.27294943,0.42285153,0.3278699,-0.9503082,0.31458923,-0.00067835674,-0.3769746,-0.17609371,0.20523997,0.39177775,-0.18575871,-0.2975682,-0.72849613,0.4055488
