window_id,vehicle_id,z_0,z_1,z_2,z_3,z_4,z_5,z_6,z_7,z_8,z_9,z_10,z_11,z_12,z_13,z_14,z_15
151,2,-0.26643294,-0.06244983,-0.43387228,0.81494635,0.12828636,-0.28086966,0.056484774,0.19675462,0.8369584,0.17491958,0.61016834,0.024407852,-0.39235914,1.0708128,-0.52161324,-0.32958743
151,2212,-0.24767128,-0.050626095,-0.42047042,0.7613843,0.08017886,-0.28613067,0.07102999,0.18674593,0.7786612,0.20897092,0.5767158,0.020918403,-0.38506907,1.0112989,-0.47435728,-0.3144246
151,3057,1.1678271,0.8417182,0.10499862,0.099823244,0.28469235,-0.50684786,-0.71093124,0.029503716,-1.356963,-0.6070868,-0.03548199,0.44827795,-1.037687,-0.28967616,-0.9832994,-0.8086576
151,1158,0.7900959,-0.0579386,0.47712857,-0.24505445,0.09404662,-0.07323302,0.012607157,0.62505573,0.09291944,0.019591838,-0.35376036,0.033836383,-0.8899535,-0.6168932,-0.5012544,-0.11137936
151,2785,-0.26643294,-0.062449835,-0.43387228,0.81494635,0.12828636,-0.28086966,0.05648477,0.19675462,0.83695847,0.17491958,0.6101683,0.024407845,-0.39235914,1.070813,-0.52161324,-0.32958746
151,1341,-0.24767128,-0.050626088,-0.42047048,0.7613844,0.08017885,-0.2861307,0.07102999,0.18674594,0.77866125,0.20897093,0.5767158,0.020918388,-0.38506907,1.0112988,-0.47435722,-0.3144245
151,3939,1.1508746,0.8386092,0.096329615,0.102051176,0.2796352,-0.5045398,-0.7063627,0.014806467,-1.3608804,-0.6022783,-0.027539402,0.44963568,-1.0188607,-0.27981126,-0.9702307,-0.802976
151,2257,1.1678269,0.84171814,0.10499862,0.09982326,0.28469235,-0.50684786,-0.7109312,0.029503714,-1.356963,-0.6070867,-0.035481974,0.44827795,-1.037687,-0.28967616,-0.98329926,-0.8086575
151,2858,-0.2664329,-0.06244983,-0.43387234,0.81494635,0.12828636,-0.2808697,0.05648477,0.19675462,0.83695847,0.17491958,0.6101683,0.024407852,-0.39235914,1.070813,-0.52161324,-0.3295875
151,4234,-0.26072016,-0.0582655,-0.42984337,0.7975698,0.111094244,-0.28454134,0.061472036,0.1949204,0.81780356,0.1873197,0.59854203,0.022862818,-0.39010197,1.0527301,-0.5057558,-0.32505065
151,1848,0.1440557,0.6674324,-0.7308215,0.04282186,-1.4077911,-0.41744173,0.28362647,-0.8962459,-0.82484543,0.46997157,0.23904297,0.40504825,-0.89059037,-0.38940194,0.3907267,-0.48704103
151,2145,-0.13364083,0.09491516,0.27511248,-0.50901335,-0.30679658,-0.86121583,-1.069649,1.1326201,0.42833644,-0.96171886,0.29410726,-0.5602647,-0.033296876,-0.3590569,-0.23251599,-0.8801742
151,3229,-0.24767128,-0.050626095,-0.42047042,0.76138437,0.08017886,-0.2861307,0.07102999,0.18674594,0.77866125,0.20897093,0.5767158,0.020918403,-0.38506907,1.011299,-0.47435725,-0.31442457
151,3671,-0.15731627,0.15398568,-0.72843426,0.094414674,-1.2844443,0.35178334,0.49903595,-1.031136,0.38108614,0.28285277,0.73041266,0.27016804,-1.0437548,-0.8185753,0.42532456,-0.06804552
151,3676,-0.26643294,-0.062449835,-0.43387228,0.8149463,0.12828636,-0.2808697,0.056484774,0.19675462,0.83695847,0.17491958,0.6101683,0.024407852,-0.3923591,1.0708128,-0.52161336,-0.3295875
151,78,-0.2664329,-0.062449828,-0.43387228,0.81494635,0.12828636,-0.28086972,0.05648477,0.1967546,0.83695847,0.17491956,0.6101683,0.024407845,-0.39235914,1.070813,-0.52161324,-0.3295875
151,110,-0.2664329,-0.06244983,-0.43387228,0.8149465,0.12828636,-0.28086972,0.05648477,0.19675463,0.83695847,0.17491958,0.6101682,0.024407845,-0.39235914,1.0708128,-0.52161324,-0.3295875
151,3331,-0.2664329,-0.062449828,-0.43387228,0.8149465,0.12828636,-0.28086972,0.056484774,0.19675462,0.8369586,0.17491958,0.6101682,0.024407838,-0.39235914,1.070813,-0.52161324,-0.32958743
151,1552,0.1440557,0.66743237,-0.73082143,0.042821832,-1.407791,-0.4174418,0.28362647,-0.89624584,-0.8248454,0.4699716,0.23904297,0.40504825,-0.89059037,-0.38940194,0.39072666,-0.4870411
151,4023,-0.2476713,-0.05062609,-0.42047048,0.76138437,0.08017886,-0.2861307,0.07102999,0.18674593,0.7786612,0.20897093,0.57671577,0.020918373,-0.3850691,1.0112988,-0.4743572,-0.31442448
151,2956,-0.26643294,-0.06244983,-0.43387228,0.8149464,0.12828636,-0.2808697,0.056484774,0.19675462,0.83695847,0.17491956,0.6101683,0.024407845,-0.3923591,1.0708128,-0.52161336,-0.32958743
151,3881,-0.26643294,-0.06244983,-0.43387228,0.81494635,0.12828636,-0.28086966,0.056484774,0.19675463,0.83695847,0.17491959,0.6101682,0.024407852,-0.39235917,1.070813,-0.52161336,-0.32958746
151,225,-0.24767128,-0.05062609,-0.42047048,0.76138437,0.08017886,-0.28613067,0.07102999,0.18674593,0.77866113,0.20897093,0.5767158,0.020918388,-0.38506907,1.0112988,-0.47435722,-0.31442448
151,1704,-0.17477873,0.1795884,-0.77393216,0.13151643,-1.3194927,0.29605627,0.5076108,-1.0222481,0.38751814,0.32353416,0.74556094,0.2723223,-1.0586412,-0.74470687,0.4207167,-0.10169447
151,3,0.14763469,0.6518326,-0.7093918,0.040239774,-1.3684565,-0.40642887,0.2752528,-0.87559074,-0.81194663,0.45782757,0.23427357,0.3965574,-0.87170154,-0.3822893,0.37681043,-0.47480193
151,9,0.020553209,0.38562188,-0.20312116,-0.44972834,0.45928732,0.24579892,-0.43610042,-0.021503774,-0.388939,0.53113806,1.1054012,-0.35255262,0.722566,0.04375178,0.20391424,-0.12632287
151,31,0.29331237,0.28191626,0.13874067,-0.3851642,0.13105124,-0.5334807,-0.8951424,1.129662,0.31070974,-0.5848164,0.2619287,-0.46306616,-0.37272283,-0.1699426,-0.49954337,-0.3762355
151,32,-0.13864201,-0.26597732,0.046019435,0.5976994,-0.05179184,-0.44751507,0.32791308,0.20126672,0.13678613,0.4381255,0.0067733526,0.19932999,-0.024518121,0.87091154,-0.16699634,-0.4245439
151,34,-0.12207952,0.19145665,-0.18507615,-0.0367093,-0.06547443,0.09704474,-0.09487199,0.072141275,0.12602143,-0.35175526,-0.8574991,-0.12429081,-0.11275008,-0.022993859,0.17689934,0.9772448
151,42,-0.3061241,0.6375426,-0.53590554,0.3062297,0.11948869,-0.057087064,-0.49677992,-0.5133895,-0.38109648,-0.5490758,-0.6623085,-0.08404004,0.32839835,0.5054885,0.16894118,0.8551776
151,44,-0.166087,-0.13271254,-0.42460072,0.25759324,-0.7429849,0.63849294,0.35721597,-1.0828068,0.5937042,-0.3466856,0.67442936,0.33641657,-0.8817873,-0.86878455,0.16349874,-0.12726572
151,48,0.008648187,-0.39094564,0.30500507,0.3527169,-0.43915802,-0.54058284,0.49363735,0.16003837,-0.12826367,0.411962,-0.4781354,0.27198023,-0.06770826,0.3966893,0.044649847,-0.40529975
151,60,0.48914877,-0.3616519,0.49848035,-0.46838185,0.02815495,0.18419239,0.33709976,0.6241009,0.33334234,0.31371135,-0.39491236,-0.044880584,-0.5421864,-0.70367146,-0.14435692,0.2811999
151,64,0.13849694,0.35522535,-0.19701836,-0.43216518,0.5070366,0.3238315,-0.28766593,-0.008058682,-0.32553783,0.62440956,0.99758786,-0.29868767,0.5522552,0.032184217,0.1283037,0.01077529
151,65,-0.33873326,0.67495257,-0.5508361,0.42787367,0.12662154,-0.093233556,-0.5465008,-0.63283724,-0.4600936,-0.69405687,-0.7912099,-0.039690048,0.36087596,0.5787723,0.15840319,0.86509204
151,88,-0.07027587,-0.2589425,0.07647619,0.573525,-0.018018126,-0.3496366,0.32397774,0.08488166,0.08087922,0.38312,0.031539664,0.2234836,-0.031265505,0.735077,-0.16032243,-0.42180875
151,94,-0.2849259,0.5303204,-0.42494652,0.41455632,0.06594555,-0.044103622,-0.4125911,-0.5586271,-0.3572638,-0.72457045,-0.94934666,-0.0017870925,0.2332522,0.4470109,0.15645827,0.89678943
151,95,0.14230867,0.26489788,-0.19555804,-0.54244375,0.57101935,0.54437685,-0.011408128,-0.19343074,-0.3919055,0.79095036,0.8775434,-0.18052503,0.65996015,-0.01964508,0.24013981,0.24050766
151,109,0.01947964,0.34391442,-0.46465403,0.19451329,-1.0981791,-0.46943605,0.3740759,-0.59571743,-0.61119646,0.51322126,0.07278232,0.38835767,-0.5875494,-0.025831569,0.2886544,-0.49997786
151,122,-0.18053174,0.10115815,-0.5861084,0.3724503,-0.8125745,-0.09823257,0.41569626,-0.46727338,0.31117752,0.52766204,0.5506448,0.20255537,-0.6711972,0.12639199,0.13973631,-0.22695974
151,124,-0.1687755,0.45978513,-0.38707688,0.13120711,0.121059746,-0.0012287796,-0.34899795,-0.29526848,-0.23514184,-0.26757807,-0.36835057,-0.113144726,0.20989132,0.33616543,0.10985288,0.6620255
151,125,-0.1944645,0.32750517,-0.30958393,0.0608901,-0.03093224,0.084055945,-0.18015069,-0.14441048,-0.030478526,-0.40247053,-0.8355442,-0.10596728,0.037408527,0.13047618,0.21977931,0.9956663
151,133,0.18269734,-0.66812944,0.6603663,-0.24827227,0.07106246,0.26217794,0.624865,0.037344944,-0.13585244,0.35422027,-0.5233605,0.25536886,0.19958812,-0.4708295,0.120915934,0.13530721
151,134,0.0432958,0.06639879,-0.02143287,-0.10524044,-0.028992668,0.07783085,-0.062419392,0.31520206,0.2484692,-0.31807983,-0.78193504,-0.12878868,-0.31137466,-0.15173309,0.017279591,0.8205184
151,141,0.029085845,-0.71448886,0.69738525,0.13627681,0.020994395,-0.032726035,0.643544,-0.1999215,-0.4015416,0.26157147,-0.5968197,0.4359167,0.4314477,-0.014416873,0.08633453,-0.2703399
151,152,-0.20736274,0.3741178,-0.3069506,0.26302034,0.009134933,0.020706788,-0.2628469,-0.33281913,-0.17104328,-0.6056291,-0.9564824,-0.027219404,0.08070938,0.25495172,0.15984738,0.92493284
151,153,-0.11955255,0.21246687,-0.2021712,-0.033163957,-0.04925683,0.09692056,-0.10886351,0.04810038,0.100699276,-0.3322606,-0.8052807,-0.12593329,-0.0891742,0.0016232692,0.17301264,0.953032
151,158,0.63147974,-0.29955748,0.5475945,-0.40009117,0.034551147,0.08295132,0.25026113,0.7000025,0.32665783,0.2125288,-0.4457956,-0.025529124,-0.73201007,-0.7260494,-0.2936156,0.13906479
151,166,-0.251871,-0.3280364,0.04275085,0.6283722,0.12005763,-0.43721044,0.2707453,0.36772808,0.3008755,0.40583473,0.0547717,0.1402765,0.053382594,1.0571339,-0.27569672,-0.3654588
151,170,0.1978192,0.38677642,-0.2091116,-0.55634207,0.41358694,0.23245934,-0.34842458,0.4048933,-0.050196785,0.61262345,0.9354707,-0.4363299,0.2516946,-0.05420295,0.036490135,0.116445236
151,172,0.17728528,-0.6593625,0.6476108,-0.24773252,0.05186885,0.24426723,0.6147231,0.05802123,-0.114592224,0.35238874,-0.52164936,0.24290113,0.1763687,-0.46299765,0.11594623,0.13873854
151,173,-0.20264894,-0.7292803,0.28749242,0.4922853,0.39912757,1.0349133,0.0070797056,-0.9480449,0.95741564,-1.5728703,0.39943707,0.38020194,-0.3916878,-0.8215475,-0.3685972,-0.27000883
151,175,-0.137025,-0.73350763,0.3287014,0.587427,0.7459472,1.0962936,-0.06430105,-0.88825965,0.96868443,-1.5787687,0.47615415,0.36886296,-0.2942577,-0.6067604,-0.53803766,-0.2397756
151,185,0.4011876,-0.271652,0.5264212,0.12156279,0.72338563,0.66054004,0.11490843,-0.9554304,-0.7993719,-0.13071972,0.120229445,0.3600705,0.7158002,-0.30138415,-0.03499066,-0.3057418
151,187,-1.0052371,-0.2285369,0.39836192,-0.74381584,-1.0169414,-1.199919,-1.202087,0.86198425,0.46380687,-1.4149337,0.25701913,-0.649915,0.803193,-0.61023104,0.46559057,-1.411689
151,197,0.0635436,-0.5525437,0.5375363,0.274937,-0.1990751,-0.29793018,0.561385,-0.0365779,-0.3079536,0.31561244,-0.5528464,0.38140178,0.1665412,0.17488457,0.047586255,-0.3911409
151,204,0.010758236,0.28882998,-0.4121394,0.19432077,-1.0104375,-0.4465478,0.37052515,-0.53125113,-0.5534037,0.5125876,0.061373815,0.36125726,-0.52863777,0.012744825,0.26465532,-0.47049806
151,212,0.07958388,-0.46785903,0.45451784,0.31649292,-0.21115702,-0.31438193,0.52101755,-0.04736167,-0.30203918,0.34665644,-0.45045805,0.36391646,0.10576074,0.22665906,0.043001756,-0.41446558
151,216,0.5578009,-0.32738143,0.5206896,-0.4237798,0.022570152,0.12011662,0.28746527,0.66090405,0.3276554,0.25392753,-0.42421603,-0.033189572,-0.6435312,-0.70575124,-0.22462425,0.20105636
151,217,0.6204337,0.2865517,0.10490723,-0.16474175,0.42457095,-0.16380247,-0.5530854,0.9296926,0.22185491,-0.46482956,-0.2502445,-0.22050756,-0.7237903,-0.078463435,-0.68307436,0.26289853
151,228,-0.21959853,0.39117232,-0.341421,0.19459489,0.00019970536,0.047077067,-0.25032207,-0.29635784,-0.14324746,-0.53387165,-0.9066578,-0.06054715,0.09471491,0.23569939,0.19673401,0.9720828
151,235,-0.10175423,-0.5324499,0.10782702,0.744271,0.86783016,0.8439257,-0.06738467,-0.613496,0.9591842,-1.0632563,0.6841553,0.28845307,-0.2835945,-0.013618197,-0.689384,-0.23007518
151,241,0.07341118,0.034542285,-0.08967725,0.22952217,-0.74550545,-0.4622472,0.37270385,-0.26358923,-0.42015585,0.38000473,-0.17320521,0.325826,-0.37491176,0.08907029,0.14641914,-0.4218357
151,246,-1.2392335,-0.34713432,0.4275966,-0.7701579,-1.2336032,-1.2463393,-1.1396481,0.7051072,0.4650224,-1.4471207,0.22420414,-0.64341366,1.014357,-0.6715141,0.6866132,-1.5081298
151,252,0.18709497,0.06273144,-0.037989028,-0.6128367,0.4637974,0.5775416,0.17296204,-0.027043413,-0.20212644,0.7486818,0.5549116,-0.14560823,0.45436776,-0.22324765,0.22899872,0.3886634
151,263,0.12445377,-0.7445089,0.7683278,0.036962964,-0.11173246,-0.06949574,0.6624197,-0.09667055,-0.3489139,0.21034189,-0.77828526,0.4212287,0.27812573,-0.24483326,0.08569959,-0.22129095
151,266,0.15500434,0.4079904,-0.21970749,-0.5674021,0.42012236,0.22337747,-0.40129924,0.3690633,-0.102506116,0.5965988,1.0008903,-0.45074612,0.35067526,-0.042618785,0.074604265,0.065167174
151,279,0.033274435,-0.695309,0.67937726,0.12506852,0.0328709,-0.015599847,0.6264367,-0.2024603,-0.39244914,0.26202083,-0.56623065,0.42152807,0.423589,-0.022023179,0.08405465,-0.25490987
151,280,1.1055659,0.6322305,0.20671055,0.01590529,0.2553161,-0.40217286,-0.5435063,0.18659809,-1.0090626,-0.45904434,-0.11412932,0.34951103,-1.021473,-0.38096467,-0.8887534,-0.6571204
151,288,0.25112793,-0.1563358,0.16019154,-0.6006663,0.30101502,0.5095951,0.30155906,0.21532613,0.052041624,0.6198468,0.18554705,-0.12276433,0.12674494,-0.4286873,0.14732425,0.45747688
151,293,0.25713354,-0.08307702,0.0862537,-0.6690627,-0.03145527,0.24948551,0.13433012,0.9166939,0.64077586,0.2874723,-0.280863,-0.3453709,-0.5518713,-0.5441925,-0.009335972,0.7802439
151,308,-0.18849441,-0.75153977,0.32373822,0.51748365,0.50986886,1.0599265,-0.018192358,-0.9318323,0.9661065,-1.614938,0.4012819,0.3807147,-0.35254127,-0.7795063,-0.4194961,-0.26889008
151,309,-0.09775923,-0.35537288,-0.07423075,0.772989,0.78303415,0.5678519,-0.044757314,-0.35490835,0.91603833,-0.6112972,0.75383353,0.19544815,-0.30529553,0.3673348,-0.6996629,-0.19945607
151,312,-0.032910198,-0.27196857,0.12022594,0.5147988,0.055585105,-0.24469283,0.30686355,0.02557834,0.04542811,0.33968773,0.045455754,0.22310777,0.0039410293,0.6225476,-0.15844244,-0.3779399
151,313,0.06888963,-0.5280626,0.51432616,0.2681556,-0.19407973,-0.28910452,0.5415698,-0.034047324,-0.2959308,0.3178052,-0.5205949,0.36525542,0.15022504,0.17328234,0.044066202,-0.37954178
151,324,0.25998497,0.34506887,-0.17055821,-0.6102378,0.3847776,0.2404009,-0.30018222,0.56588864,0.0806722,0.5847411,0.7876305,-0.44837618,0.078506544,-0.13990933,-0.015150599,0.22736427
151,328,-0.22729072,0.46359947,-0.36345562,0.35361004,0.06454714,-0.02407363,-0.36064732,-0.45691898,-0.2892233,-0.6566817,-0.89095855,-0.0113176145,0.16508883,0.37537977,0.12708639,0.8529785
151,332,-0.20812386,0.39079425,-0.34279147,0.16941118,0.009715237,0.053213574,-0.24739489,-0.28200126,-0.14035273,-0.4841755,-0.83567154,-0.0712433,0.10045414,0.23232234,0.19199017,0.94289976
151,337,-0.21659845,0.38872772,-0.35209066,0.13024479,-0.006511271,0.0660901,-0.23390222,-0.24071646,-0.105767354,-0.4679004,-0.8565155,-0.088799365,0.08830872,0.20557153,0.2146444,0.9945332
151,342,-0.17514786,0.08704523,-0.5543664,0.37724045,-0.7504071,-0.117321834,0.39830142,-0.41453353,0.30932796,0.5241884,0.52740115,0.18893833,-0.6291422,0.1783275,0.11279841,-0.22819942
151,355,-1.2564669,-0.35650885,0.34030405,-0.863338,-1.1746277,-0.9946479,-0.9303844,0.56501716,0.41843313,-1.1822579,0.19757797,-0.60825753,1.099375,-0.68203264,0.83098257,-1.195333
151,358,0.050598875,-0.7432084,0.7363618,0.12237621,-0.009093642,-0.03834942,0.6669317,-0.20504221,-0.4233231,0.24460381,-0.66040546,0.45611495,0.4226408,-0.0741135,0.0946355,-0.2771801
151,363,-0.26721928,-0.33072644,0.033243038,0.6555831,0.11106449,-0.46610838,0.27558577,0.3868284,0.3166098,0.413215,0.052978486,0.14336008,0.04852942,1.1020631,-0.28440812,-0.3823866
151,369,-1.0052371,-0.2285369,0.39836192,-0.74381584,-1.0169413,-1.199919,-1.2020869,0.86198425,0.46380687,-1.4149339,0.25701913,-0.64991504,0.80319303,-0.610231,0.46559057,-1.4116887
151,375,0.12651348,0.4635729,-0.51408863,0.13080019,-1.2055848,-0.4574316,0.32309356,-0.71268016,-0.7354214,0.42572623,0.082690775,0.41154703,-0.72843766,-0.22273447,0.30739275,-0.50188535
151,379,0.40151396,-0.25385523,0.5085876,0.12110021,0.72723407,0.6648154,0.095281176,-0.95997113,-0.7940066,-0.1378052,0.14256269,0.34764782,0.7115663,-0.2955872,-0.038537942,-0.3014643
151,381,0.06718768,-0.40454817,0.36990523,0.3442524,-0.28039637,-0.38133222,0.4968788,-0.00096172397,-0.2528386,0.3822489,-0.40540528,0.33040634,0.030015301,0.29546347,0.044310894,-0.4214383
151,385,-0.015205786,0.44682732,-0.24712962,-0.46775317,0.43585783,0.18089792,-0.5327704,0.065948755,-0.3733517,0.547593,1.209204,-0.4226283,0.73309684,0.08149415,0.2096519,-0.16570106
151,386,0.30810618,-0.053291276,0.08764987,-0.6767126,0.018335693,0.24568397,0.09780131,0.94848347,0.62797976,0.29973403,-0.2028877,-0.3555318,-0.56883657,-0.5324687,-0.060080763,0.72833616
151,394,-0.14873818,0.21870676,-0.78226954,0.1569367,-1.2387096,0.21139288,0.49360594,-0.93022776,0.3233162,0.45249692,0.7376532,0.24821688,-0.9925853,-0.55617857,0.38400027,-0.098374896
151,410,-0.27626586,-0.28913584,-0.0421504,0.7253565,0.05382382,-0.52544916,0.26574585,0.39718446,0.3886502,0.40906516,0.0984422,0.13680136,-0.03502646,1.171516,-0.3124705,-0.42272928
151,413,0.35676372,0.20556787,-0.0660784,-0.6654866,0.27472076,0.2389956,-0.14557496,0.8136964,0.34824955,0.4935765,0.40895265,-0.42647326,-0.27569044,-0.3106048,-0.10557705,0.43246537
151,421,-0.20111597,0.3633864,-0.33072704,0.11013416,-0.008795805,0.070391506,-0.2152476,-0.21108522,-0.085258335,-0.4373985,-0.8277334,-0.09162131,0.071161136,0.18246198,0.20718892,0.9714465
151,430,1.1508746,0.8386093,0.096329615,0.102051176,0.27963522,-0.5045397,-0.7063628,0.014806468,-1.3608804,-0.60227823,-0.027539387,0.44963574,-1.0188607,-0.27981126,-0.9702306,-0.8029761
151,435,-1.3673165,-0.45678324,0.49543354,-0.7605523,-1.3795137,-1.2978592,-1.1070678,0.6198035,0.47982615,-1.5789459,0.10004465,-0.61091727,1.0975364,-0.73381597,0.7846527,-1.5884576
151,442,-0.10175425,-0.53244984,0.10782702,0.7442709,0.8678302,0.8439258,-0.06738467,-0.61349607,0.9591843,-1.063256,0.6841553,0.28845304,-0.2835945,-0.013618186,-0.689384,-0.23007515
151,443,0.28012282,-0.29992864,0.2913764,-0.60872835,0.1954937,0.46012476,0.38739404,0.36530215,0.19298376,0.5605477,-0.04361266,-0.1050991,-0.04659725,-0.56425864,0.11496979,0.49397168
151,446,0.103249654,0.19314995,0.21256435,-0.44579998,-0.08210892,-0.7068802,-0.99158275,1.1629401,0.3830085,-0.79222006,0.26177204,-0.5144201,-0.2414337,-0.26998875,-0.39295894,-0.6249375
151,453,0.7627059,-0.11862208,0.505642,-0.29205954,0.0761357,-0.041380703,0.07337219,0.6520338,0.12837718,0.057276487,-0.3997972,0.03168172,-0.8620764,-0.6613912,-0.45664626,-0.051047675
151,456,0.18289079,0.09815762,-0.0650822,-0.5963297,0.4805427,0.5693732,0.14271176,-0.056605205,-0.23301864,0.7528403,0.60597754,-0.14972027,0.48242134,-0.18555245,0.22596699,0.3611278
151,462,-1.059011,-0.25382617,0.3998486,-0.7513084,-1.0637263,-1.2029719,-1.1804136,0.8223994,0.46427324,-1.4046907,0.25957423,-0.6499713,0.8542315,-0.62136126,0.5206847,-1.426171
151,469,-0.022840798,0.15192693,-0.29176584,0.2454237,-0.81400555,-0.4196291,0.3792465,-0.3978825,-0.43396547,0.5103017,0.0281495,0.33121955,-0.39191756,0.1490818,0.20080759,-0.4458455
151,475,-0.137025,-0.7335076,0.3287014,0.587427,0.74594724,1.0962937,-0.06430105,-0.88825965,0.9686846,-1.5787685,0.47615415,0.368863,-0.2942577,-0.60676044,-0.5380378,-0.23977557
151,480,0.044689596,0.36779255,-0.19379756,-0.43539262,0.4570485,0.25492662,-0.39790165,-0.018178053,-0.3668208,0.53884107,1.0615809,-0.33555737,0.6711003,0.039208595,0.18340392,-0.09839713
151,491,0.4082512,-0.38096842,0.4557882,-0.50926757,0.044716477,0.25771716,0.37832308,0.56318927,0.32151866,0.37955374,-0.33633274,-0.058838133,-0.41078955,-0.6794521,-0.055363063,0.36302975
151,495,0.33613274,-0.4331581,0.6239449,0.093999796,0.4285186,0.3955541,0.30539104,-0.6125256,-0.61094666,-0.017545044,-0.2068563,0.37516007,0.5023093,-0.30451027,-0.02045294,-0.28132373
151,498,-0.16642815,-0.3239109,-0.16860977,0.304439,-0.35266554,0.73329175,0.23559666,-0.969688,0.69063705,-0.7034499,0.55155534,0.3235485,-0.6855751,-0.8249612,-0.007349383,-0.15720865
151,508,-0.1687755,0.45978513,-0.3870769,0.13120708,0.121059746,-0.0012287796,-0.34899795,-0.29526848,-0.23514184,-0.26757807,-0.36835057,-0.113144726,0.20989132,0.3361654,0.10985288,0.66202545
151,509,-1.4099624,-0.4286324,0.4223003,-0.77703375,-1.3114852,-1.1730828,-1.041087,0.45647392,0.3559095,-1.4252727,0.17588016,-0.58050525,1.2545159,-0.6732627,0.8828808,-1.4862719
151,510,-0.35384902,0.653019,-0.53551984,0.4516781,0.089793906,-0.076455265,-0.5143285,-0.6429039,-0.43719175,-0.7744362,-0.9520054,-0.020827886,0.32876134,0.55021137,0.18506648,0.9542729
151,525,-0.22054255,0.40182707,-0.352026,0.18480569,0.0047903135,0.04905174,-0.2565419,-0.29409593,-0.14563072,-0.51948154,-0.8835261,-0.067693494,0.1024944,0.24047628,0.19873117,0.97214997
151,526,-0.17803243,0.30039918,-0.2841304,0.0431171,-0.03713555,0.08608883,-0.16335401,-0.10024823,0.00055428036,-0.39653772,-0.8436794,-0.10841365,0.005189497,0.100573525,0.20973788,0.99279684
151,536,0.12247647,-0.76199424,0.7857339,0.042007245,-0.11894416,-0.0775228,0.6771617,-0.09890811,-0.35904202,0.20806086,-0.804125,0.43388334,0.28720075,-0.24688512,0.08897645,-0.2309339
151,540,-0.24723217,-0.2589074,-0.058698095,0.6800738,0.041867904,-0.48892683,0.2462199,0.3715266,0.38879967,0.3966744,0.12351935,0.11589418,-0.06340063,1.0961859,-0.3012821,-0.39044088
151,545,-0.09689689,-0.25418112,0.05481103,0.58761466,-0.04885047,-0.4010805,0.32714647,0.13257329,0.105556116,0.41051406,0.02232425,0.21319993,-0.040515885,0.79378253,-0.15998685,-0.42824337
151,561,-0.20326853,0.35757396,-0.33127046,0.08540464,-0.018674403,0.07707299,-0.20584989,-0.18107267,-0.061613243,-0.42573786,-0.8368131,-0.10213283,0.05993821,0.16311175,0.21745521,0.99654734
151,562,-0.19724244,-0.53257173,0.057456918,0.3867489,-0.031665154,0.8863793,0.1307553,-0.9827892,0.82632697,-1.1589258,0.46281457,0.35835314,-0.554433,-0.8692082,-0.1609942,-0.2210381
151,569,0.07947034,0.3609809,-0.19242832,-0.43307707,0.4709519,0.27598995,-0.358334,-0.009263887,-0.34643078,0.565204,1.0331174,-0.32273293,0.62126935,0.034191277,0.16087137,-0.06058546
151,570,-1.1898096,-0.31643966,0.41767216,-0.76983887,-1.1838654,-1.2366786,-1.1587996,0.745391,0.46514952,-1.4352701,0.24246809,-0.6499218,0.9729452,-0.6568643,0.6398573,-1.4881592
151,572,-0.081933334,-0.15916207,-0.0048812106,0.36716944,-0.33736387,-0.34657925,0.3844751,-0.09879075,-0.16263598,0.46783826,-0.04374847,0.26581353,-0.087792784,0.44800755,0.03423427,-0.38658634
151,575,-0.25873238,-0.11893846,-0.4145708,0.93949574,0.3361311,-0.12719646,0.024088562,0.08797304,0.9346483,0.0032918453,0.7239555,0.08125116,-0.39370105,1.0889013,-0.651139,-0.35886467
151,576,0.10670009,-0.7844488,0.79667354,0.047841452,-0.1677216,-0.122823,0.69466496,-0.06799261,-0.34600407,0.20724732,-0.8554088,0.4380588,0.27280515,-0.23576567,0.09297395,-0.23905036
151,578,1.1055658,0.6322305,0.20671055,0.015905306,0.25531614,-0.40217292,-0.5435063,0.18659806,-1.0090625,-0.45904434,-0.11412935,0.3495111,-1.021473,-0.3809646,-0.8887534,-0.6571204
151,587,-0.12231672,0.20263043,-0.1972253,-0.04443048,-0.058484532,0.10114401,-0.09846548,0.06304698,0.116371736,-0.32808918,-0.81967676,-0.12918553,-0.09760809,-0.013642333,0.18012482,0.967431
151,592,-0.21937504,0.40438372,-0.36013713,0.15625119,0.0040682256,0.058409132,-0.25084224,-0.27393124,-0.1328869,-0.48638517,-0.8534156,-0.08068728,0.10396001,0.23071802,0.20711638,0.97977275
151,596,0.39064127,-0.30783403,0.5469922,0.11325685,0.61121666,0.55224836,0.16169772,-0.80264866,-0.70198935,-0.09632462,0.021294057,0.3469807,0.59732646,-0.3026974,-0.049390215,-0.2985289
151,612,-0.24824202,-0.33819085,0.057685595,0.6265383,0.13675873,-0.42239934,0.2736497,0.3553135,0.28818855,0.39977133,0.04934722,0.1482985,0.06779741,1.0464252,-0.27522102,-0.3657793
151,613,-0.13722655,0.24025679,-0.22532645,-0.0021865442,-0.045552246,0.08991828,-0.12969944,0.003113943,0.06964426,-0.3686633,-0.83506,-0.117984094,-0.06517536,0.03350738,0.18058114,0.9700523
151,619,0.03664784,-0.6699387,0.6539901,0.16847867,-0.038050525,-0.11035426,0.6138326,-0.13985138,-0.36299786,0.2728315,-0.5870387,0.4118337,0.3557778,0.04084174,0.07015325,-0.29817843
151,624,-0.19667464,0.35496646,-0.32634333,0.08956318,-0.012683392,0.075546905,-0.206292,-0.18651192,-0.06805207,-0.41842347,-0.8164174,-0.099175125,0.06181461,0.1669802,0.20951913,0.97521514
151,635,0.036517978,-0.6259083,0.60454863,0.18818957,-0.09310139,-0.17396674,0.58357495,-0.080998525,-0.31728974,0.28550416,-0.5709905,0.3813065,0.28610405,0.08888933,0.05873613,-0.30726936
151,650,-0.56145024,-0.06796853,0.36897707,-0.6301729,-0.65990436,-1.0821912,-1.2050112,1.0430104,0.4383752,-1.3166957,0.21558832,-0.5989366,0.37317184,-0.49918357,0.07510589,-1.1915615
151,655,-0.09478778,-0.60387474,0.19307387,0.6920486,0.87113166,0.97432405,-0.07050564,-0.741637,0.95204866,-1.2561135,0.63657266,0.32628122,-0.27819556,-0.23698652,-0.6533017,-0.22735536
151,656,0.029104508,0.45081368,-0.253502,-0.5121204,0.43982318,0.1986233,-0.50366145,0.15220208,-0.30181485,0.5803715,1.1805183,-0.4421301,0.6453042,0.048605647,0.1814935,-0.10159994
151,657,0.21667597,-0.04718306,0.058428463,-0.59334743,0.3757199,0.5370718,0.23545003,0.08976929,-0.07040998,0.6730676,0.3648768,-0.1323029,0.2805269,-0.3168628,0.18234017,0.41951916
151,686,-0.2605353,-0.34845918,0.060239136,0.65037996,0.1386407,-0.4407828,0.28138268,0.36546326,0.292166,0.40416142,0.041739926,0.15729088,0.07451178,1.0817763,-0.2817574,-0.38233805
151,697,1.0969379,0.4980766,0.2932098,-0.041428335,0.22869918,-0.35366374,-0.4430598,0.3236855,-0.7797762,-0.38717014,-0.20108046,0.29227713,-1.061097,-0.46614668,-0.85473526,-0.5714523
151,716,-0.25873238,-0.11893846,-0.41457078,0.93949574,0.3361311,-0.12719649,0.024088547,0.08797303,0.9346483,0.0032918453,0.7239556,0.08125116,-0.39370108,1.0889013,-0.6511389,-0.3588647
151,717,0.16910641,0.1908437,-0.13411757,-0.59407043,0.55096287,0.5818219,0.065723225,-0.12715206,-0.32849875,0.7929323,0.7642866,-0.17004251,0.59856457,-0.11086598,0.24265563,0.3124807
151,719,0.37061754,0.12786901,-0.015743732,-0.6989167,0.20096439,0.24397552,-0.06622765,0.91379,0.47393805,0.44092828,0.20871565,-0.41793028,-0.41277668,-0.40461424,-0.11332342,0.5441484
151,726,1.1279899,0.8167395,0.09633828,0.09563514,0.27207276,-0.48939145,-0.6843912,0.014758771,-1.3260015,-0.5778273,-0.024426147,0.43712953,-0.99809736,-0.27745524,-0.94641316,-0.7823384
151,728,-0.081933334,-0.15916207,-0.004881218,0.36716947,-0.33736387,-0.34657925,0.3844751,-0.09879075,-0.16263598,0.46783826,-0.043748453,0.26581353,-0.08779277,0.44800755,0.034234278,-0.3865863
151,729,-0.08726497,-0.32960716,-0.08983741,0.7624715,0.77200526,0.5347109,-0.03992472,-0.32331398,0.88903284,-0.5402619,0.7563498,0.18198498,-0.29864165,0.40479168,-0.6926515,-0.1896885
151,730,-0.137025,-0.73350763,0.32870138,0.587427,0.7459471,1.0962937,-0.064301066,-0.8882597,0.9686845,-1.5787685,0.47615415,0.36886296,-0.2942577,-0.60676044,-0.53803766,-0.23977554
151,745,-0.19944125,-0.17500004,-0.33397156,0.92340845,0.5226275,0.09692272,-0.0025142357,-0.04308865,0.94516724,-0.1570926,0.78204256,0.11571251,-0.37143096,0.925802,-0.7024673,-0.30493876
151,763,0.07609265,-0.4806442,0.46642354,0.331938,-0.22082135,-0.33078343,0.5348165,-0.047348265,-0.311793,0.3488565,-0.47100723,0.3776648,0.1112283,0.23971981,0.04477062,-0.43195054
151,783,0.9855306,0.30187774,0.3565267,-0.11018674,0.18539196,-0.2531216,-0.28301102,0.4259827,-0.46981102,-0.24045026,-0.2508034,0.1994737,-0.99370295,-0.5115,-0.7289771,-0.4109368
151,786,0.1147174,0.35520303,-0.19253573,-0.43076393,0.48776224,0.29981613,-0.31716725,-0.003906045,-0.3289885,0.595051,1.0067058,-0.30883297,0.5740779,0.030896049,0.1391699,-0.020839699
151,787,1.0755157,0.7304337,0.13094704,0.07139855,0.2404024,-0.4619872,-0.6062021,0.034228522,-1.2508292,-0.5261201,-0.07280864,0.4256617,-0.94906735,-0.29619604,-0.8873737,-0.73011416
151,796,-0.65555567,-0.11634091,0.06912778,-0.81315243,-0.55549306,-0.3133273,-0.4491853,0.5316167,0.34159088,-0.2739526,0.24701273,-0.50583094,0.61875486,-0.48097724,0.58784676,-0.23380828
151,797,0.14398438,0.27315438,-0.19875765,-0.5214758,0.5619521,0.51913095,-0.032295622,-0.18210204,-0.3816636,0.77454674,0.8832434,-0.18690513,0.63837457,-0.007194452,0.22380963,0.21917567
151,803,-0.1758556,-0.27418295,-0.251816,0.3022257,-0.48355353,0.72357905,0.27513108,-1.0367953,0.67815703,-0.6300374,0.5978651,0.34006494,-0.7617842,-0.8622316,0.045372613,-0.15726432
151,808,0.076615736,-0.46970245,0.4531559,0.33924514,-0.23554555,-0.3442885,0.53215265,-0.041643303,-0.30711904,0.35472748,-0.46549672,0.37472662,0.096136466,0.24998066,0.04537811,-0.4371387
151,820,0.10664325,0.08079789,0.0028165355,-0.11170482,-0.004081495,0.043257378,-0.112066604,0.4158771,0.27361682,-0.39181983,-0.8280864,-0.13550277,-0.40023932,-0.16599257,-0.06067379,0.8157229
151,827,0.19249366,-0.640696,0.644658,-0.23654068,0.124997616,0.30073482,0.6053531,-0.028609686,-0.18560824,0.35380277,-0.46603793,0.26437196,0.24594036,-0.45510027,0.12315096,0.12059795
151,832,-0.14861333,-0.27169693,0.044195015,0.62194294,-0.0583859,-0.46945214,0.33609048,0.20916873,0.14044747,0.44414073,5.595386e-05,0.20807837,-0.024334682,0.9039406,-0.17125538,-0.44290844
151,834,-0.05510758,0.12010013,-0.10140372,-0.09476711,-0.07522989,0.09435283,-0.06800217,0.24765223,0.23802778,-0.37350273,-0.9261439,-0.13929963,-0.24784121,-0.12694868,0.11767809,0.98878354
151,840,0.028691545,-0.69849,0.67999995,0.15472654,-0.010533415,-0.07616606,0.6337957,-0.16780385,-0.38251397,0.26780322,-0.5998703,0.42666665,0.39833522,0.01835071,0.07890764,-0.28669927
151,854,0.020553209,0.38562188,-0.20312119,-0.44972834,0.4592873,0.24579895,-0.43610042,-0.021503773,-0.388939,0.53113806,1.1054012,-0.3525526,0.722566,0.04375178,0.20391424,-0.12632284
151,882,0.5822089,0.3930969,0.0445624,-0.2651181,0.4417924,-0.26331958,-0.7273012,1.0501332,0.20859516,-0.34012514,0.16043359,-0.35480574,-0.598319,-0.038462922,-0.6681951,0.033779368
151,891,0.1472194,0.22877729,-0.16883329,-0.55731887,0.55644435,0.5590169,0.026355453,-0.17834863,-0.3699693,0.7876353,0.8226694,-0.17011592,0.638069,-0.052953634,0.24472025,0.27030656
151,903,-0.20307374,-0.021737706,-0.3898743,0.48913348,-0.4945367,-0.28288478,0.3475058,-0.13132618,0.3210538,0.49980986,0.37705594,0.16341797,-0.42773587,0.5280037,-0.027094351,-0.30695578
151,905,0.2985063,0.31061363,-0.1469273,-0.6198232,0.3631676,0.24582924,-0.24851504,0.6329051,0.15529631,0.5768448,0.68959516,-0.4397619,-0.032371085,-0.17852092,-0.049275063,0.2911408
151,928,0.1511949,0.2881831,-0.20535803,-0.5180263,0.57027614,0.5112488,-0.051134624,-0.17184553,-0.38125518,0.7740157,0.9033638,-0.19567432,0.63390857,-0.00083115697,0.21366234,0.20636705
151,936,0.07445906,-0.41271213,0.38637772,0.33187827,-0.24917296,-0.34909564,0.49493757,-0.020716017,-0.26644182,0.3719608,-0.3992716,0.33480793,0.05076753,0.27086592,0.042548735,-0.4131994
151,938,-0.10607317,-0.627666,0.20623147,0.7049151,0.8777703,1.0012039,-0.07487147,-0.7706739,0.97674155,-1.3218677,0.6336635,0.33911198,-0.28393558,-0.2676081,-0.65960515,-0.23985064
151,947,0.39783505,-0.26840818,0.5183703,0.11840575,0.6998375,0.63796395,0.11467506,-0.9179315,-0.76807827,-0.123562425,0.11460319,0.34792694,0.68177927,-0.29736283,-0.041114744,-0.2989973
151,951,-0.2080501,-0.31122696,0.0626636,0.59146875,0.031900913,-0.4544204,0.30866888,0.30923355,0.19962679,0.44506848,-7.498264e-05,0.16796574,0.04370242,0.9709941,-0.2045398,-0.3838039
151,958,-0.21632195,-0.3153982,0.06026449,0.61350286,0.023367736,-0.47538996,0.31658152,0.31542513,0.20200786,0.451277,-0.0065086633,0.17623623,0.042446066,1.0000471,-0.20734765,-0.4012107
151,961,0.08128954,-0.4742165,0.46238407,0.29288107,-0.20244378,-0.29761302,0.5165095,-0.043483242,-0.29429704,0.33658788,-0.45633233,0.35492826,0.11082193,0.20097873,0.041862547,-0.39399675
151,962,0.15500434,0.4079904,-0.21970755,-0.5674021,0.42012236,0.22337747,-0.40129924,0.3690633,-0.1025061,0.5965988,1.0008904,-0.45074615,0.35067528,-0.04261879,0.07460426,0.065167174
151,969,-0.28933156,0.558862,-0.44437814,0.42485124,0.08091619,-0.057177484,-0.4440784,-0.5675314,-0.3762144,-0.7379196,-0.9352715,-0.0064326636,0.24773267,0.47320518,0.1471848,0.8923834
151,972,0.72398096,-0.17776117,0.52205986,-0.32181275,0.061796136,-0.004568577,0.12900631,0.6730538,0.20415728,0.107176125,-0.41538584,0.009288523,-0.8280868,-0.68040013,-0.40894476,0.004638776
151,973,-0.0731184,-0.24818498,0.06366802,0.56031156,-0.032822765,-0.35797834,0.31822172,0.0997024,0.09084429,0.39177704,0.034518555,0.21048202,-0.0412015,0.7339885,-0.15565626,-0.4103138
151,998,0.6566959,-0.27416128,0.5457279,-0.37275994,0.03711192,0.056062974,0.22073239,0.70064616,0.31723303,0.1867469,-0.44047618,-0.022052065,-0.76647997,-0.71256846,-0.3264609,0.098957784
151,1018,-0.062711015,-0.41489124,0.020679086,0.71439695,0.8328986,0.70147,-0.048192285,-0.46503374,0.8740829,-0.7496914,0.7170939,0.22769235,-0.27375197,0.17248939,-0.6750716,-0.18115059
151,1023,-0.082469046,-0.5434129,0.13829297,0.7059946,0.8666019,0.88660663,-0.062881865,-0.653385,0.92558837,-1.0906653,0.6656878,0.2969278,-0.27438337,-0.09688261,-0.66518927,-0.21572307
151,1024,-0.19033268,-0.29503188,0.059174415,0.5746166,-0.016139425,-0.46862507,0.32053912,0.29146197,0.16695015,0.46421528,-0.016536132,0.17245899,0.027550604,0.9375263,-0.17503518,-0.38889262
151,1032,-0.16039419,-0.07447185,-0.4903763,0.23384443,-0.8480543,0.600266,0.39012623,-1.0946578,0.5524454,-0.22532403,0.7004271,0.33267745,-0.92534924,-0.8705263,0.21325052,-0.11303324
151,1039,-0.32123324,0.6563232,-0.55237126,0.32363147,0.11969966,-0.06292084,-0.51199466,-0.5382005,-0.39784643,-0.57361275,-0.68630546,-0.08137439,0.3437265,0.52421856,0.17597705,0.8719221
151,1052,-0.32123327,0.65632313,-0.5523713,0.32363153,0.11969966,-0.06292084,-0.51199466,-0.5382005,-0.39784643,-0.57361275,-0.6863055,-0.08137439,0.34372652,0.52421856,0.17597707,0.8719221
151,1062,-0.1331453,0.23037615,-0.7756407,0.15315956,-1.202257,0.19124871,0.48484176,-0.8993921,0.29466382,0.4899543,0.730719,0.23716162,-0.96343005,-0.508419,0.37299767,-0.09159658
151,1071,-0.26053527,-0.34845915,0.060239136,0.65038,0.1386407,-0.4407828,0.28138268,0.36546326,0.292166,0.40416142,0.041739926,0.15729088,0.07451178,1.0817763,-0.2817574,-0.38233802
151,1087,-0.2849259,0.53032035,-0.42494652,0.41455632,0.06594555,-0.044103667,-0.41259104,-0.5586271,-0.3572638,-0.7245706,-0.9493468,-0.0017870888,0.2332522,0.44701096,0.15645824,0.8967895
151,1106,0.08171323,-0.7861301,0.78460103,0.060434498,-0.15508842,-0.1163955,0.6953823,-0.098137215,-0.36470765,0.21266246,-0.8329712,0.44321227,0.31435367,-0.20051189,0.10454211,-0.24408853
151,1115,0.08119732,-0.40133765,0.37902257,0.3144073,-0.22888678,-0.32198778,0.4807292,-0.02961066,-0.26322892,0.36723828,-0.37465787,0.32376152,0.0518633,0.25066987,0.040446952,-0.395089
151,1132,-0.15585697,0.048513584,-0.092644475,-0.74647576,-0.13191602,0.12782905,-0.105695166,0.61076194,0.38021994,0.33098173,0.2289153,-0.45195583,0.11746314,-0.37002748,0.32823807,0.44008458
151,1135,0.09188439,-0.79534245,0.7991907,0.054742612,-0.16653162,-0.122811556,0.7031791,-0.083109125,-0.3583878,0.20880133,-0.85826993,0.44631183,0.29761195,-0.22111702,0.10140345,-0.24343511
151,1140,-0.088843405,-0.3282334,0.17451954,0.46742463,-0.029607438,-0.30504438,0.37398124,0.04741482,-0.03790104,0.3901337,-0.08626528,0.25427094,0.07488549,0.61963874,-0.09359512,-0.38027146
151,1141,-0.034240678,0.4357917,-0.23635021,-0.44880038,0.45907387,0.21412107,-0.5264298,-0.029581025,-0.4443259,0.5331987,1.2160487,-0.39326552,0.8157262,0.08855969,0.2412087,-0.18181041
151,1144,0.19442518,-0.5413429,0.57137036,-0.17280136,0.26157454,0.40253702,0.49671656,-0.26891324,-0.3378055,0.28656343,-0.28643084,0.27433974,0.4043837,-0.38246632,0.12884569,0.06285278
151,1153,-0.2301923,-0.33368397,0.07204036,0.62269807,0.062826104,-0.4634586,0.31167924,0.32859296,0.21654363,0.4399288,-0.0025954843,0.17626251,0.06468332,1.0232164,-0.22556223,-0.39726582
151,1162,-0.22273159,0.39267975,-0.35841358,0.13471287,-0.006239295,0.06782817,-0.23288476,-0.26073843,-0.117193446,-0.45903915,-0.84411895,-0.08657992,0.10286659,0.21375182,0.22122137,0.9883906
151,1168,-0.22322774,0.39923865,-0.32420895,0.29614502,0.011366993,0.01002574,-0.28723305,-0.3651942,-0.19413435,-0.65864533,-1.0079479,-0.01956052,0.09276806,0.28129435,0.16160467,0.94990844
151,1173,0.056882873,-0.06394291,0.0029380545,0.27629012,-0.71184456,-0.5117666,0.41405827,-0.17834094,-0.38090977,0.38019213,-0.27188778,0.33767632,-0.31781766,0.16514966,0.12669827,-0.44568637
151,1174,0.20968641,-0.021295715,0.0353355,-0.61100316,0.40397805,0.5580378,0.22511292,0.06205616,-0.1054008,0.7011152,0.41469008,-0.13666047,0.33322114,-0.30180666,0.20105721,0.42115852
151,1176,0.12445377,-0.74450886,0.76832783,0.036962964,-0.111732416,-0.06949574,0.6624196,-0.09667057,-0.3489139,0.2103419,-0.77828515,0.42122874,0.2781257,-0.24483326,0.08569957,-0.22129095
151,1179,0.3767594,0.13549945,-0.017313704,-0.6863004,0.21330702,0.238458,-0.07692132,0.89789134,0.4550022,0.4417527,0.23481262,-0.4132193,-0.40288442,-0.38867888,-0.12376143,0.5176043
151,1184,-0.13702503,-0.73350763,0.32870138,0.587427,0.7459472,1.0962937,-0.064301066,-0.8882597,0.96868443,-1.5787685,0.47615415,0.368863,-0.2942577,-0.60676044,-0.53803766,-0.23977557
151,1188,-0.1531817,-0.2681951,0.044022903,0.5897959,-0.062075026,-0.46812904,0.3299988,0.23056245,0.14061245,0.45636177,-0.006339282,0.19133608,-0.016970214,0.89194846,-0.16057552,-0.4178923
151,1192,-0.22128117,0.42910323,-0.33607084,0.32901195,0.030974023,-0.009436145,-0.3272786,-0.38101274,-0.21997494,-0.70874304,-1.0257579,-0.014758047,0.09670055,0.31424996,0.13853258,0.94521064
151,1204,0.05667585,-0.7421444,0.73555714,0.11124731,-0.038731366,-0.05576247,0.6652308,-0.18323104,-0.40910587,0.23982865,-0.6827725,0.44797307,0.39706075,-0.091921456,0.09524375,-0.27055883
151,1215,-0.004347354,-0.4069178,0.31657803,0.37289247,-0.43694437,-0.55548185,0.50667125,0.1634388,-0.13341969,0.41721123,-0.49254882,0.2847789,-0.051078238,0.42669892,0.043931257,-0.42186883
151,1216,0.13560882,0.23622966,-0.17800352,-0.53515095,0.548986,0.5434885,0.014460564,-0.1987741,-0.3805589,0.77764994,0.8329656,-0.16667974,0.6448544,-0.030679435,0.24413499,0.25187343
151,1220,0.20730942,-0.5818964,0.6162676,-0.18572666,0.2506021,0.39783508,0.53260547,-0.23924145,-0.33116502,0.2898844,-0.34646833,0.2916849,0.3918867,-0.41936484,0.12786348,0.06413111
151,1248,-0.19062135,0.32757205,-0.30875364,0.064926185,-0.024375789,0.08410916,-0.18011495,-0.15847513,-0.04209816,-0.38748103,-0.8048866,-0.103109375,0.047081936,0.13814825,0.21546155,0.971039
151,1265,0.1686988,0.17712325,-0.12576243,-0.5890921,0.5359549,0.5756949,0.077971704,-0.12096262,-0.31393895,0.784572,0.7385363,-0.16499732,0.5790842,-0.1170157,0.2394749,0.3174416
151,1268,1.1055658,0.6322306,0.20671055,0.015905298,0.2553161,-0.40217292,-0.5435064,0.18659806,-1.0090626,-0.45904434,-0.11412932,0.34951106,-1.0214729,-0.38096464,-0.88875353,-0.6571203
151,1270,0.87222046,0.104804434,0.41814393,-0.18283938,0.14000575,-0.14866951,-0.120690756,0.52703285,-0.16176772,-0.09228185,-0.2970817,0.10631105,-0.9243228,-0.5620331,-0.59931064,-0.24403816
151,1274,0.061712034,-0.7535306,0.74925673,0.11016952,-0.059147604,-0.07081649,0.6747838,-0.17420056,-0.41086823,0.23506832,-0.7136291,0.45420384,0.38805467,-0.10511806,0.0971257,-0.27645025
151,1283,-0.20306155,0.34703973,-0.29958826,0.2064017,-0.00580132,0.043761626,-0.2231712,-0.29314044,-0.13439003,-0.52802,-0.9049803,-0.043629244,0.074664995,0.21551412,0.18178141,0.92673427
151,1288,-0.27482736,-0.2952911,-0.025184803,0.69630426,0.054956455,-0.5185333,0.26917887,0.40437636,0.36654025,0.42023823,0.08141862,0.13242593,-0.015244581,1.1508306,-0.29726923,-0.406633
151,1290,0.07134912,0.4358115,-0.24206802,-0.5355617,0.4284933,0.2040799,-0.46829307,0.23288938,-0.22572336,0.58491206,1.118162,-0.44786885,0.5405936,0.013803903,0.1453509,-0.045807816
151,1308,-0.030094966,0.05751153,-0.10839977,-0.7558954,-0.05495035,0.24305588,0.0041665435,0.67868364,0.44037116,0.4538991,0.14301741,-0.44090325,-0.05022823,-0.3930831,0.26865932,0.65293425
151,1314,-1.4298873,-0.4198797,0.42532945,-0.7981163,-1.3416319,-1.2194779,-1.0861889,0.5114976,0.38490027,-1.459974,0.19619025,-0.61355036,1.2545928,-0.6863354,0.88444555,-1.5299338
151,1322,-0.20346293,-0.29563132,0.046199113,0.6289366,-0.05790416,-0.5280101,0.34304777,0.2991859,0.16673936,0.48389894,-0.03258337,0.19390674,0.010933522,1.0005014,-0.1747643,-0.43715242
151,1326,0.1992427,0.3367269,-0.21264943,-0.49619263,0.5785997,0.44754392,-0.13943231,-0.058164913,-0.3255033,0.74606055,0.9519201,-0.24705265,0.5403348,0.0057691224,0.13711746,0.1497136
151,1331,0.07445906,-0.41271216,0.38637775,0.33187827,-0.24917296,-0.3490956,0.49493757,-0.020716023,-0.2664418,0.37196076,-0.3992716,0.33480793,0.05076753,0.27086592,0.04254874,-0.4131994
151,1340,-0.2008765,0.38745072,-0.33924595,0.16056961,0.013494227,0.054907076,-0.24529773,-0.27284187,-0.13702756,-0.4678008,-0.81128323,-0.07434603,0.09818061,0.22869453,0.18708104,0.92965806
151,1343,0.20836014,-0.5959586,0.6795337,0.039823674,0.098067656,0.11686029,0.5178657,-0.2588749,-0.4121156,0.15655376,-0.52253306,0.37608215,0.32195735,-0.26537278,0.046332225,-0.21006694
151,1350,0.09436571,0.03563559,-0.07946577,-0.7755756,-0.020996489,0.3029748,0.08504485,0.8091271,0.5435395,0.4848916,0.0015159696,-0.43274075,-0.2589128,-0.45723775,0.18399838,0.81255084
151,1353,0.008648172,-0.39094564,0.30500504,0.35271692,-0.43915808,-0.5405829,0.4936373,0.16003837,-0.12826368,0.411962,-0.4781354,0.27198023,-0.06770826,0.39668927,0.044649847,-0.4052998
151,1360,0.77016574,-0.099997684,0.4964563,-0.27692616,0.080377296,-0.052376777,0.05458962,0.6437043,0.11757165,0.045428693,-0.38613355,0.0323095,-0.8706523,-0.64671123,-0.470141,-0.0698862
151,1374,-0.20983648,-0.32337058,0.07419537,0.58357054,0.0830577,-0.4157403,0.2939488,0.30675405,0.21478978,0.42068252,0.01656939,0.16199176,0.062025625,0.9609555,-0.22354747,-0.3651903
151,1376,0.61822593,0.31956503,0.07849198,-0.18789306,0.44128564,-0.1678989,-0.5818741,0.95262945,0.21696113,-0.42198253,-0.17121811,-0.24844816,-0.7001003,-0.0643239,-0.6782845,0.24999127
151,1377,-0.87368935,-0.1824647,0.38354167,-0.71001154,-0.90765,-1.1500084,-1.1862938,0.90578246,0.4587097,-1.361167,0.25443596,-0.6345685,0.67817175,-0.5751917,0.35732177,-1.332184
151,1382,-0.3061241,0.6375426,-0.53590554,0.3062297,0.11948869,-0.057087064,-0.49677992,-0.5133895,-0.38109648,-0.5490758,-0.6623084,-0.08404004,0.32839835,0.5054884,0.16894118,0.85517764
151,1395,-0.087060004,0.14826086,-0.13954619,-0.052380912,-0.06068281,0.096906096,-0.07256993,0.11678654,0.15283555,-0.32190573,-0.81766295,-0.12149422,-0.1491605,-0.05560057,0.14640197,0.92239994
151,1397,-0.1366457,0.19834632,-0.7156539,0.22658795,-1.0643059,0.088305086,0.4597057,-0.7555099,0.2819567,0.5220113,0.67343926,0.22406738,-0.8600404,-0.28345877,0.293453,-0.13720718
151,1401,0.591687,-0.32553488,0.54070646,-0.425803,0.02611237,0.11004521,0.28161794,0.68986356,0.33559763,0.24154411,-0.44521356,-0.030562686,-0.6852529,-0.7297793,-0.2505633,0.18537815
151,1417,-0.33219814,0.6473561,-0.5374958,0.39543492,0.119821586,-0.07900073,-0.5140157,-0.62204695,-0.44616526,-0.62172157,-0.7218889,-0.045183133,0.3661305,0.5560859,0.16872369,0.83098567
151,1421,0.050598867,-0.7432084,0.73636174,0.122376196,-0.009093635,-0.038349405,0.6669317,-0.20504221,-0.4233231,0.24460381,-0.6604055,0.45611495,0.42264083,-0.0741135,0.094635494,-0.27718008
151,1423,-0.062314495,-0.32072794,0.16931249,0.50679624,0.06082496,-0.26988363,0.33660513,0.059155945,0.018153705,0.3607824,-0.022479683,0.23738532,0.06530002,0.65229064,-0.14349614,-0.37959915
151,1426,-0.32961267,0.625201,-0.50627595,0.44068056,0.08923566,-0.07128514,-0.49573863,-0.6090003,-0.4137628,-0.76779526,-0.95020187,-0.018425137,0.29679713,0.52429235,0.16860215,0.93844014
151,1427,-0.0034006685,0.09033228,-0.056934573,-0.092113115,-0.049580954,0.08347775,-0.065584354,0.27501956,0.23809153,-0.34874493,-0.8502836,-0.12967217,-0.27892894,-0.13584118,0.06254764,0.89277416
151,1428,0.17625737,0.3040355,-0.20323715,-0.5046837,0.5716957,0.48328257,-0.08403822,-0.122838855,-0.35304818,0.75681853,0.9129963,-0.21421573,0.5844457,-0.0016661175,0.17676973,0.1817073
151,1432,0.12564132,0.36916927,-0.4084689,0.15140313,-1.0778631,-0.4490531,0.32202452,-0.61416984,-0.6732495,0.39071706,0.025048599,0.39506274,-0.6486449,-0.1618249,0.25790203,-0.47980896
151,1439,0.22979546,0.25453684,0.16382512,-0.40681005,0.063874945,-0.5981792,-0.9356332,1.1369166,0.32626224,-0.6413986,0.30031228,-0.48327595,-0.31532237,-0.19640462,-0.46645394,-0.49087408
151,1450,0.48914877,-0.36165193,0.49848038,-0.46838182,0.028154954,0.18419239,0.33709976,0.62410104,0.33334237,0.31371135,-0.3949123,-0.044880584,-0.5421863,-0.70367134,-0.14435692,0.28119987
151,1452,0.16153148,0.29578587,-0.2066086,-0.5198604,0.5739263,0.5052075,-0.061655633,-0.15114044,-0.3705417,0.7731284,0.9097195,-0.20408821,0.6181364,-0.0033371411,0.20199932,0.20198539
151,1453,-0.042495474,0.42608175,-0.2297512,-0.43725693,0.4452656,0.20462477,-0.5253703,-0.035140157,-0.4427228,0.51917976,1.2019962,-0.38877878,0.8123138,0.09006712,0.24246022,-0.18848523
151,1457,-0.037474006,0.45561603,-0.24999559,-0.45258367,0.44901425,0.188718,-0.5537274,0.012755094,-0.4264204,0.54270923,1.2434367,-0.41719937,0.79780173,0.100115016,0.23369113,-0.19080845
151,1461,0.08341403,-0.8170152,0.817565,0.063640736,-0.16630551,-0.12592104,0.7213545,-0.09614231,-0.376514,0.20797917,-0.8803872,0.46332502,0.3222173,-0.2147326,0.10770391,-0.25543392
151,1472,0.029104508,0.45081368,-0.25350207,-0.5121204,0.43982318,0.1986233,-0.5036615,0.15220207,-0.30181488,0.5803715,1.1805183,-0.44213006,0.6453042,0.048605632,0.18149352,-0.101599954
151,1474,-0.011054009,0.38750315,-0.20183724,-0.44046792,0.43900156,0.22072536,-0.46905303,-0.02897384,-0.40329558,0.5039959,1.1222112,-0.36170232,0.75489336,0.052772563,0.22010154,-0.16030699
151,1477,-0.081933334,-0.15916207,-0.004881218,0.36716944,-0.3373639,-0.34657925,0.38447508,-0.09879075,-0.16263598,0.4678383,-0.043748483,0.2658135,-0.08779277,0.44800755,0.03423428,-0.3865863
151,1488,-0.15475368,0.2754546,-0.2567622,0.03240172,-0.032833137,0.08475122,-0.15216506,-0.06898332,0.017311793,-0.3787803,-0.8160149,-0.107892744,-0.018412966,0.081742585,0.18907928,0.9580835
151,1489,-0.20322707,0.37139454,-0.32172364,0.18803313,0.004221216,0.04775498,-0.2384342,-0.28374225,-0.1366573,-0.5104049,-0.872579,-0.058146548,0.084668726,0.22468793,0.18374072,0.936683
151,1497,0.076007664,-0.7643353,0.7630576,0.079984106,-0.116332956,-0.098404706,0.67998964,-0.12993579,-0.38325712,0.2215817,-0.7756246,0.44322008,0.3404415,-0.1606022,0.100694664,-0.25709927
151,1500,1.1724901,0.81609374,0.12591265,0.088274695,0.27839106,-0.5005561,-0.69155484,0.059021015,-1.3158523,-0.59617066,-0.05849503,0.44023317,-1.0527846,-0.3119914,-0.98039913,-0.795803
151,1512,0.19863875,0.3227524,-0.20372197,-0.48861542,0.56669724,0.44437084,-0.12658113,-0.06048828,-0.31692922,0.7364051,0.9268479,-0.23918122,0.52648723,0.001087714,0.13525653,0.15300287
151,1515,0.32920957,-0.38683683,0.40469915,-0.5463035,0.074832216,0.33431375,0.40988582,0.4856671,0.2894562,0.44771183,-0.2581094,-0.07047786,-0.2617359,-0.6417392,0.032029245,0.4349861
151,1523,-1.2995207,-0.3775431,0.44170445,-0.7759862,-1.2908304,-1.2684426,-1.1379493,0.6731211,0.46510917,-1.4826672,0.2044064,-0.6424019,1.066248,-0.69047755,0.73768604,-1.5438194
151,1534,0.29331234,0.28191623,0.13874066,-0.3851642,0.13105123,-0.5334806,-0.89514244,1.129662,0.31070974,-0.58481646,0.2619287,-0.46306616,-0.3727228,-0.1699426,-0.49954334,-0.3762355
151,1539,-0.046398953,0.43924662,-0.23897484,-0.44063175,0.44908252,0.20081824,-0.539725,-0.028256347,-0.44828156,0.5286213,1.225045,-0.39859188,0.82122684,0.09876865,0.24553877,-0.19287133
151,1544,-0.15475366,0.27545458,-0.2567622,0.032401703,-0.032833144,0.08475122,-0.15216506,-0.06898332,0.017311793,-0.3787803,-0.81601495,-0.10789275,-0.01841297,0.081742615,0.18907928,0.95808357
151,1549,-0.17162877,0.14659473,-0.7417773,0.16344044,-1.24089,0.34342468,0.49182108,-1.0445219,0.4130123,0.24528465,0.75326586,0.28763682,-1.0427821,-0.7478534,0.38071677,-0.11035208
151,1554,-0.20959681,0.3818228,-0.33089206,0.19149575,0.003598079,0.04664454,-0.24603808,-0.28762135,-0.13955428,-0.5238365,-0.8892622,-0.059605822,0.08781542,0.23038992,0.18772717,0.9533475
151,1561,-0.084670216,-0.57374674,0.16798654,0.69923145,0.87327766,0.93481183,-0.06533053,-0.7024512,0.93372095,-1.1725192,0.65188134,0.31418347,-0.27499014,-0.16985992,-0.6596304,-0.22141293
151,1578,-0.35400242,0.6842552,-0.554472,0.46731448,0.11533037,-0.09698604,-0.5542107,-0.66095454,-0.46937156,-0.77368504,-0.89914656,-0.024203576,0.35365194,0.58830696,0.1654492,0.9163688
151,1579,0.19249366,-0.640696,0.6446581,-0.23654068,0.124997616,0.30073482,0.6053531,-0.028609682,-0.18560824,0.35380277,-0.46603793,0.26437193,0.24594039,-0.45510027,0.12315096,0.12059795
151,1581,0.14574459,0.27479059,-0.20026183,-0.53250366,0.5695675,0.5295378,-0.028150462,-0.1828617,-0.3857747,0.7838644,0.8879881,-0.18749323,0.6474815,-0.011627827,0.2287955,0.22671434
151,1601,0.4685455,0.35327408,0.07871032,-0.31459185,0.3222062,-0.37057287,-0.79665923,1.0812647,0.2451925,-0.42381626,0.2222438,-0.40151888,-0.5030983,-0.08637676,-0.60079134,-0.1379619
151,1603,0.018182144,-0.41406977,0.34029967,0.35854498,-0.4064049,-0.51397294,0.50844824,0.12492043,-0.16545452,0.4017698,-0.488936,0.2981066,-0.033460006,0.37788013,0.045147978,-0.42024913
151,1605,-0.22835535,0.39659187,-0.36296445,0.13974535,-0.007921033,0.067544974,-0.23445249,-0.2702475,-0.12186684,-0.46501982,-0.85308933,-0.08505109,0.10818453,0.21810079,0.22576635,0.99478865
151,1623,-0.2512341,-0.13567105,-0.40514833,0.9683828,0.39760697,-0.069963485,0.016324028,0.04614495,0.9588455,-0.051124424,0.756963,0.098747104,-0.39591098,1.0757602,-0.6842568,-0.36148733
151,1625,0.14230867,0.26489782,-0.19555804,-0.5424438,0.5710194,0.5443768,-0.01140812,-0.1934307,-0.39190546,0.79095036,0.87754345,-0.18052503,0.65996015,-0.019645084,0.24013981,0.24050769
151,1627,-0.22198856,0.38918558,-0.35556874,0.1379652,-0.005547151,0.06779936,-0.22997186,-0.2684107,-0.1215972,-0.45325416,-0.8346416,-0.08372475,0.106563225,0.21537092,0.22051716,0.97714114
151,1629,0.6314797,-0.29955748,0.5475945,-0.40009117,0.034551144,0.08295133,0.2502611,0.7000025,0.32665783,0.21252881,-0.44579548,-0.025529124,-0.73201007,-0.7260494,-0.2936156,0.13906479
151,1633,-0.12771752,0.22195485,-0.21143198,-0.028987847,-0.051715575,0.09610078,-0.11488009,0.0426719,0.09813349,-0.3470142,-0.8266684,-0.12668061,-0.085575216,0.006697867,0.17923741,0.9724941
151,1637,-0.11922407,-0.6947305,0.29699758,0.5951072,0.7684923,1.0644182,-0.063723154,-0.848355,0.94948095,-1.4814594,0.5101866,0.35222957,-0.28673553,-0.5263198,-0.55512226,-0.22765625
151,1644,-0.0677122,0.12882671,0.24796966,-0.4913846,-0.2347838,-0.80873084,-1.0423758,1.1274053,0.40613014,-0.881193,0.32101756,-0.5499091,-0.07761909,-0.3234625,-0.27195024,-0.8138824
151,1646,0.07341118,0.0345423,-0.08967725,0.22952217,-0.7455055,-0.4622472,0.37270385,-0.26358923,-0.42015582,0.38000473,-0.17320521,0.32582596,-0.37491173,0.08907029,0.14641917,-0.4218357
151,1647,1.1724901,0.8160937,0.12591265,0.08827468,0.27839106,-0.5005562,-0.69155484,0.059021022,-1.315852,-0.59617066,-0.058495015,0.44023317,-1.0527847,-0.31199142,-0.98039913,-0.795803
151,1648,-0.1964244,0.34668127,-0.32192388,0.08003629,-0.018111952,0.07864773,-0.19768494,-0.17530757,-0.057566475,-0.40999866,-0.81781185,-0.10144886,0.056369025,0.1563721,0.21355163,0.97955495
151,1670,-0.09775925,-0.35537282,-0.07423072,0.7729889,0.7830342,0.5678519,-0.044757314,-0.35490832,0.9160383,-0.6112973,0.75383353,0.19544812,-0.3052955,0.36733487,-0.6996629,-0.19945604
151,1706,-0.0034006685,0.09033229,-0.056934573,-0.092113115,-0.049580954,0.08347776,-0.06558437,0.27501956,0.23809153,-0.348745,-0.8502836,-0.12967218,-0.27892894,-0.13584118,0.06254764,0.89277416
151,1709,-0.11582941,0.18669185,-0.1815871,-0.041759156,-0.060730316,0.09958355,-0.089667164,0.06832883,0.12181738,-0.32687622,-0.82024074,-0.12428731,-0.1070098,-0.022413392,0.17371489,0.95252734
151,1710,0.20015946,-0.04421207,0.006252192,-0.7922201,-0.056525774,0.30790487,0.16205177,0.9720023,0.7042166,0.40561837,-0.22632213,-0.41655064,-0.5044003,-0.57434237,0.08704594,0.9137125
151,1723,-0.11032373,-0.24899235,0.0436521,0.57114273,-0.056202628,-0.41373128,0.3194679,0.16500278,0.1229341,0.42396602,0.02167201,0.19508027,-0.040884558,0.8071122,-0.15770125,-0.41018167
151,1732,-1.42731,-0.4829874,0.4960873,-0.775191,-1.4211564,-1.2962976,-1.0902528,0.57154435,0.46836424,-1.5902162,0.08325554,-0.60623074,1.1647743,-0.7455414,0.84412396,-1.5961639
151,1748,-0.03747402,0.45561603,-0.24999559,-0.45258367,0.44901425,0.188718,-0.5537275,0.012755099,-0.42642042,0.54270923,1.2434368,-0.41719934,0.7978017,0.100115046,0.23369116,-0.1908085
151,1773,-0.17514789,0.0870452,-0.55436635,0.37724048,-0.7504071,-0.11732182,0.39830145,-0.41453356,0.30932796,0.5241884,0.5274012,0.18893836,-0.6291422,0.17832744,0.11279841,-0.22819945
151,1779,-0.15152782,0.020856366,-0.5890074,0.1842564,-1.0113915,0.5106328,0.4363622,-1.0779151,0.4789115,-0.012476444,0.72458047,0.31184462,-0.97552735,-0.8476579,0.29283845,-0.090523235
151,1785,0.037514314,-0.19730715,0.12973067,0.32525477,-0.6172648,-0.5468068,0.45189714,-0.04854167,-0.30236018,0.38249114,-0.37497252,0.32984313,-0.22174774,0.27013847,0.09059112,-0.45147094
151,1816,-0.090567335,0.15086788,-0.1469366,-0.051865395,-0.05637238,0.10130281,-0.06731839,0.08688712,0.13331628,-0.28705794,-0.76597416,-0.119420186,-0.12307049,-0.042653993,0.15390252,0.8933894
151,1844,-0.2645439,-0.3587475,0.0719533,0.6680012,0.11628565,-0.46942937,0.30335295,0.36332774,0.265843,0.4224621,0.013063818,0.17679462,0.083861694,1.1019527,-0.26832944,-0.40763208
151,1855,0.17743285,-0.6450985,0.6334554,-0.24473739,0.035822667,0.22560975,0.59927106,0.078733474,-0.092923224,0.3476744,-0.51523477,0.22931843,0.14696652,-0.4555806,0.106258385,0.13766839
151,1859,-0.18412834,0.31674793,-0.29851973,0.05472132,-0.028330483,0.084583774,-0.174117,-0.1327275,-0.024446063,-0.38898772,-0.81611174,-0.1060459,0.029646818,0.12289241,0.21161956,0.9773754
151,1882,0.9413503,0.22784173,0.37872082,-0.13520747,0.17018968,-0.21341786,-0.22311595,0.4623452,-0.35290518,-0.18471268,-0.26512486,0.16346304,-0.9645707,-0.52659756,-0.680321,-0.3491274
151,1883,0.37293673,0.039934076,0.041168094,-0.6981934,0.12510021,0.24461186,0.016873576,0.95890236,0.5657289,0.37813282,0.018294603,-0.38907248,-0.5239189,-0.47485673,-0.11770632,0.6227991
151,1884,0.001977697,0.2657189,-0.39372504,0.21861288,-0.98110044,-0.45158255,0.37619987,-0.51569146,-0.5419795,0.51051354,0.05313447,0.36777252,-0.50748074,0.048926402,0.2511177,-0.4812989
151,1887,-0.01198259,0.10076515,-0.068524696,-0.09735353,-0.05336105,0.08560511,-0.07040905,0.27985683,0.24278192,-0.3580252,-0.8706964,-0.1353309,-0.2777915,-0.13577047,0.071656466,0.92093295
151,1897,-0.25444028,-0.16369039,-0.20127475,0.64487433,-0.16026881,-0.47714514,0.2827787,0.2309079,0.3791012,0.46079832,0.21169893,0.12695572,-0.18780732,0.98109555,-0.21738224,-0.39264032
151,1907,-1.429887,-0.41987976,0.42532942,-0.79811645,-1.3416318,-1.2194779,-1.0861888,0.5114976,0.38490027,-1.459974,0.19619027,-0.61355036,1.2545928,-0.68633544,0.88444567,-1.5299338
151,1910,0.071349114,0.4358115,-0.24206802,-0.5355617,0.4284933,0.2040799,-0.46829307,0.23288938,-0.2257233,0.58491206,1.118162,-0.44786888,0.54059374,0.013803888,0.14535092,-0.0458078
151,1921,-0.15585697,0.04851357,-0.092644505,-0.74647576,-0.13191599,0.12782905,-0.105695136,0.6107619,0.3802199,0.33098176,0.22891532,-0.4519558,0.11746313,-0.3700275,0.32823804,0.44008455
151,1938,-0.29267377,-0.3237685,-0.0005357489,0.71505094,0.07909044,-0.52797693,0.28193787,0.41849864,0.3567996,0.4254635,0.059838973,0.14717995,0.01924194,1.1885097,-0.302969,-0.41986832
151,1944,0.29850632,0.31061363,-0.1469273,-0.61982316,0.36316764,0.24582925,-0.2485151,0.6329052,0.15529631,0.5768448,0.6895951,-0.43976194,-0.032371093,-0.17852092,-0.04927506,0.2911408
151,1950,-0.16476047,0.27386257,-0.25869197,0.029283322,-0.044593938,0.08578049,-0.14902538,-0.05941275,0.029749805,-0.39580268,-0.85727584,-0.110042855,-0.025593232,0.07231617,0.19996446,0.9905198
151,1962,0.40092668,-0.23927432,0.4928834,0.11972355,0.72740835,0.6659152,0.07768239,-0.9601684,-0.786545,-0.14499003,0.15925774,0.33594134,0.70562196,-0.2906247,-0.042636413,-0.2969437
151,1963,0.16589491,-0.6825413,0.7370381,0.03945168,-0.00116615,0.028643712,0.60516405,-0.18348974,-0.39223617,0.18960772,-0.66346395,0.40978244,0.31089965,-0.2581365,0.072289295,-0.21757081
151,1964,0.03245627,-0.7347864,0.7192864,0.12577176,0.021588575,-0.019913107,0.658567,-0.21280205,-0.41581517,0.25434238,-0.621824,0.44781137,0.44507083,-0.043386586,0.09328755,-0.26660773
151,1971,-0.104494646,-0.630823,0.21522754,0.6857688,0.86469555,1.0061784,-0.0736207,-0.77467835,0.9678519,-1.3286152,0.619831,0.3370854,-0.28226584,-0.29621756,-0.6453363,-0.23338422
151,1974,-0.32961267,0.6252009,-0.5062759,0.4406805,0.08923566,-0.07128513,-0.49573863,-0.6090004,-0.41376287,-0.76779526,-0.950202,-0.01842514,0.29679716,0.5242923,0.16860215,0.9384402
151,1996,0.16797951,-0.6655487,0.72021717,0.034688763,0.0050440133,0.035990678,0.5905611,-0.18116242,-0.38215673,0.19106013,-0.6394714,0.39734235,0.30168834,-0.25646022,0.06925231,-0.20839027
151,2004,0.29528958,-0.05013108,0.07615853,-0.70073915,0.006505683,0.25707734,0.105815314,0.96798843,0.64979655,0.30891386,-0.22170122,-0.36893705,-0.5705069,-0.54763764,-0.03958483,0.77081466
151,2005,-0.34958652,0.67268544,-0.54724264,0.45813018,0.11517677,-0.0936196,-0.54300004,-0.6598232,-0.46743667,-0.7446105,-0.86543584,-0.024647519,0.3569282,0.5821252,0.16578206,0.89373034
151,2039,0.100012526,0.42709675,-0.23719463,-0.54683024,0.42582026,0.21364874,-0.4408812,0.2768938,-0.18276717,0.5966861,1.0808821,-0.4490084,0.47554415,-0.0038998872,0.12305094,-0.0041843727
151,2044,0.14763469,0.6518325,-0.7093917,0.04023979,-1.3684564,-0.40642887,0.27525276,-0.8755907,-0.8119465,0.45782757,0.23427357,0.3965574,-0.87170136,-0.3822893,0.3768105,-0.47480187
151,2068,-0.073860124,-0.10978641,-0.05058611,0.33707783,-0.41511717,-0.35427073,0.38348928,-0.14348245,-0.20463109,0.48007536,-0.032855228,0.27102602,-0.1328556,0.39363316,0.06589338,-0.38807264
151,2070,0.35247087,-0.40793806,0.61324483,0.100806005,0.47370523,0.43369228,0.2735086,-0.6624439,-0.6387658,-0.04112947,-0.15975393,0.3735103,0.5285147,-0.30850285,-0.028304908,-0.290718
151,2097,-0.21057475,0.3558152,-0.3036115,0.23169869,-0.0049425736,0.03650137,-0.23398376,-0.31728217,-0.15006287,-0.5609286,-0.9364207,-0.034699924,0.080690235,0.23052001,0.18038517,0.9328983
151,2105,-0.17057541,0.29155016,-0.2773461,0.04400132,-0.029813647,0.08886166,-0.15428403,-0.1197298,-0.013388135,-0.3600461,-0.78609,-0.10365625,0.019511785,0.1059441,0.20518616,0.94717103
151,2115,-1.429887,-0.41987973,0.42532945,-0.7981164,-1.3416318,-1.2194779,-1.0861889,0.5114976,0.38490027,-1.459974,0.19619027,-0.61355036,1.2545927,-0.68633544,0.88444567,-1.5299339
151,2117,0.5822089,0.39309695,0.044562392,-0.2651181,0.44179237,-0.26331958,-0.7273013,1.0501331,0.20859514,-0.34012514,0.16043356,-0.35480574,-0.598319,-0.038462926,-0.6681951,0.033779383
151,2144,0.12564132,0.36916927,-0.40846893,0.15140313,-1.0778631,-0.4490531,0.32202452,-0.61416984,-0.6732495,0.3907171,0.025048584,0.3950627,-0.6486449,-0.1618249,0.25790206,-0.47980902
151,2152,0.27292556,-0.37281334,0.35004222,-0.59334224,0.12559283,0.41784617,0.42976713,0.41520292,0.24917305,0.5262687,-0.15924229,-0.08766648,-0.11646278,-0.6088574,0.10804154,0.49796805
151,2153,0.72398096,-0.17776117,0.52205986,-0.32181278,0.061796136,-0.004568577,0.1290063,0.67305374,0.20415726,0.10717611,-0.4153859,0.009288546,-0.8280869,-0.68040013,-0.40894476,0.0046387687
151,2155,0.3215168,0.13485044,0.076187074,-0.11412122,0.13693696,-0.052953616,-0.27585763,0.6329708,0.2682679,-0.50737584,-0.742182,-0.14391433,-0.58597016,-0.16119578,-0.32398552,0.6357585
151,2165,0.07766614,-0.78736025,0.78375083,0.065098725,-0.15532517,-0.11932355,0.6967659,-0.10132295,-0.3680544,0.21388453,-0.8323524,0.44526297,0.32010806,-0.19182281,0.10581042,-0.24813893
151,2175,0.44665202,-0.3742223,0.47688416,-0.49686596,0.03919546,0.22927195,0.362903,0.5949582,0.33008483,0.35379714,-0.36366063,-0.053970933,-0.47075102,-0.6965544,-0.09387134,0.33103523
151,2180,-0.2104846,-0.16239256,-0.34995914,0.9231574,0.4855977,0.050934978,0.002047345,-0.014439087,0.9407935,-0.121557504,0.76981634,0.10692862,-0.3736475,0.95908713,-0.6913495,-0.31430197
151,2192,-1.4232829,-0.4281943,0.42748713,-0.78764784,-1.331846,-1.2001121,-1.0647051,0.4839867,0.37274846,-1.4511259,0.18088792,-0.59643406,1.255527,-0.68363434,0.8848585,-1.5133111
151,2215,-0.25024942,0.49107483,-0.3879428,0.3828002,0.06842321,-0.034796536,-0.38397262,-0.5066363,-0.32422048,-0.67892367,-0.89993656,-0.0055589974,0.19882703,0.41007617,0.13611376,0.85630226
151,2221,0.100012526,0.42709675,-0.23719457,-0.54683024,0.4258203,0.21364874,-0.44088125,0.2768938,-0.1827672,0.5966862,1.080882,-0.4490084,0.4755442,-0.0038998872,0.12305097,-0.0041843653
151,2224,-0.24723214,-0.2589074,-0.058698095,0.68007386,0.041867904,-0.48892677,0.2462199,0.37152663,0.38879964,0.3966744,0.12351936,0.11589418,-0.063400626,1.0961859,-0.3012821,-0.39044085
151,2235,0.3341784,-0.009036757,0.06018006,-0.7071532,0.061494313,0.25795597,0.07011466,0.9684087,0.61701727,0.34479904,-0.115097925,-0.3803117,-0.5535548,-0.52134657,-0.073509686,0.7112992
151,2236,0.026619792,-0.7151124,0.6964527,0.16824445,-0.026480436,-0.09757003,0.649547,-0.16324708,-0.39135635,0.26740795,-0.6307722,0.44087434,0.40098768,0.027041975,0.08039907,-0.30493584
151,2245,0.20015946,-0.044212073,0.0062521845,-0.79222023,-0.05652576,0.30790484,0.16205177,0.9720024,0.7042166,0.40561837,-0.22632216,-0.41655058,-0.50440025,-0.57434237,0.08704595,0.9137126
151,2258,-0.1193642,-0.68179506,0.26513508,0.6561976,0.8330278,1.0647652,-0.073401146,-0.8387532,0.9828422,-1.4610312,0.5708051,0.35682845,-0.29041693,-0.4330767,-0.61189485,-0.23919985
151,2259,0.09436571,0.035635583,-0.079465784,-0.7755756,-0.020996489,0.30297482,0.08504485,0.80912703,0.5435395,0.4848916,0.0015159547,-0.43274075,-0.2589128,-0.45723775,0.18399838,0.8125509
151,2263,0.06497946,-0.39738676,0.36094907,0.33040166,-0.2748695,-0.37259692,0.48563093,0.0077684172,-0.23804227,0.38033113,-0.3938113,0.3162724,0.026402015,0.29016042,0.04202679,-0.40411523
151,2264,0.36430195,-0.3872961,0.42916352,-0.5368455,0.060990926,0.30489954,0.4007846,0.5230206,0.306188,0.42224652,-0.29565114,-0.06584045,-0.32719538,-0.6650827,-0.0027854675,0.4093888
151,2285,0.17303462,-0.040496834,-0.007986702,-0.7601806,-0.05716408,0.31042093,0.16928965,0.89273506,0.66131175,0.42309058,-0.19277917,-0.40092686,-0.44950348,-0.54025173,0.1108187,0.88645196
151,2306,-0.23935294,-0.1513573,-0.2046673,0.61853766,-0.17072108,-0.45734978,0.279072,0.21070506,0.36694723,0.45956826,0.21793582,0.12172848,-0.19665736,0.9362822,-0.20430411,-0.37804258
151,2327,0.81813014,-0.023873951,0.47196946,-0.23511541,0.103322655,-0.092696965,-0.016575262,0.6169965,0.04223021,-0.009073466,-0.35237032,0.049962465,-0.9127257,-0.61540407,-0.5300317,-0.14157015
151,2332,0.17830914,0.12219269,-0.08370475,-0.59092635,0.4961714,0.5695822,0.12297485,-0.07865991,-0.2583937,0.76055074,0.6451173,-0.15312037,0.51080966,-0.16236876,0.22897692,0.34590772
151,2338,-0.15585697,0.04851357,-0.09264449,-0.74647576,-0.13191602,0.12782905,-0.10569515,0.6107619,0.38021988,0.33098176,0.22891532,-0.4519558,0.11746311,-0.37002745,0.32823804,0.44008455
151,2339,-0.25873238,-0.11893846,-0.41457078,0.93949574,0.3361311,-0.12719649,0.024088547,0.08797304,0.93464833,0.0032918155,0.7239556,0.08125116,-0.39370105,1.0889012,-0.651139,-0.35886464
151,2340,-0.16708466,0.33223313,-0.26495048,0.2359299,0.019769639,0.02394484,-0.23808533,-0.2877822,-0.14795439,-0.54558414,-0.87172234,-0.028631177,0.053050067,0.22540408,0.12929147,0.8505903
151,2341,0.25192273,-0.077478155,0.07565002,-0.6995194,-0.03799785,0.2614114,0.13882443,0.9487446,0.6669004,0.3001653,-0.29007292,-0.36276925,-0.5597965,-0.561789,0.0043532494,0.8197615
151,2342,0.88997215,0.08559745,0.44342825,-0.19820905,0.13101333,-0.15158585,-0.1080148,0.57042223,-0.12752075,-0.09432757,-0.3332845,0.10225184,-0.96169317,-0.5952597,-0.60868275,-0.23507446
151,2348,0.27292556,-0.3728133,0.35004222,-0.59334224,0.12559283,0.41784617,0.42976713,0.41520295,0.24917303,0.5262687,-0.15924226,-0.08766648,-0.11646278,-0.60885733,0.108041525,0.49796805
151,2360,-0.04123409,0.13434824,0.25157785,-0.4845682,-0.2214731,-0.80557466,-1.0436013,1.1511012,0.41296887,-0.90402275,0.27383953,-0.5437337,-0.11864415,-0.32520926,-0.29692337,-0.7792003
151,2376,-0.025668368,0.41093147,-0.21824977,-0.44243938,0.4477197,0.21615297,-0.5002336,-0.03326718,-0.42696857,0.51498616,1.1699973,-0.376894,0.78988725,0.07138558,0.23240727,-0.17439848
151,2384,0.1440557,0.6674324,-0.7308214,0.042821847,-1.4077909,-0.4174418,0.28362644,-0.8962458,-0.82484543,0.4699716,0.23904297,0.40504825,-0.8905903,-0.38940197,0.39072666,-0.48704115
151,2388,-0.08541615,-0.27834043,-0.13411108,0.75441486,0.7231797,0.4430676,-0.030589588,-0.24826196,0.85561705,-0.40464258,0.75624394,0.15326403,-0.29539746,0.5009079,-0.67721236,-0.18523395
151,2397,-0.20491695,0.3708565,-0.33686453,0.11655342,-0.0070329756,0.06916918,-0.22071001,-0.22165929,-0.092915654,-0.44412392,-0.83160543,-0.09038219,0.07748555,0.19034964,0.20862071,0.97459567
151,2410,-0.65555567,-0.11634091,0.06912778,-0.8131525,-0.55549306,-0.31332734,-0.44918537,0.53161657,0.34159082,-0.2739526,0.24701273,-0.50583094,0.61875474,-0.48097727,0.58784676,-0.23380831
151,2411,-0.057334244,-0.010196179,-0.14480713,0.27899763,-0.5738935,-0.3714066,0.3815896,-0.22910905,-0.28067347,0.50711495,-0.008386612,0.2778017,-0.22704393,0.28670093,0.12885799,-0.39101198
151,2426,-0.874867,-0.19889621,0.14718804,-0.8227878,-0.7325569,-0.50128484,-0.5901454,0.4594486,0.30035335,-0.54236835,0.25425845,-0.51091313,0.8546085,-0.51922864,0.7002711,-0.542668
151,2428,0.08436405,0.03954018,-0.086576276,-0.76544404,-0.018801734,0.3041439,0.08484382,0.7805544,0.52593416,0.49362692,0.021034554,-0.42871532,-0.23553817,-0.44288683,0.19271646,0.8003379
151,2429,0.16348311,0.29278174,-0.20202953,-0.5078632,0.5659899,0.49344906,-0.06625687,-0.14500558,-0.36259145,0.7611365,0.9014023,-0.20405638,0.6022103,-0.0017909445,0.19299291,0.1933787
151,2431,-0.1487382,0.21870676,-0.78226954,0.1569367,-1.2387094,0.21139288,0.49360594,-0.9302279,0.32331622,0.4524969,0.73765314,0.24821685,-0.99258524,-0.55617857,0.3840003,-0.098374896
151,2454,0.20833509,-0.51050615,0.55775553,-0.14841513,0.30286473,0.4265454,0.45650235,-0.33426234,-0.3794977,0.25090474,-0.2395436,0.27747372,0.43705204,-0.36982444,0.11679615,0.033278525
151,2463,-0.78330207,-0.14943564,0.36041993,-0.6828372,-0.82811964,-1.0931404,-1.1473167,0.9123422,0.45051515,-1.2739484,0.27234286,-0.6219482,0.5975202,-0.5418956,0.29651496,-1.2562847
151,2465,0.1511949,0.28818303,-0.20535806,-0.51802623,0.57027614,0.51124877,-0.051134624,-0.17184553,-0.38125518,0.7740158,0.90336376,-0.1956743,0.6339086,-0.0008311458,0.21366233,0.20636705
151,2470,0.030743398,-0.43380326,0.37156245,0.38226327,-0.39192393,-0.5060834,0.53174925,0.08513594,-0.21264242,0.3989443,-0.5049757,0.33468404,-0.009205129,0.37077114,0.04913518,-0.4549742
151,2473,-0.1944646,0.32750517,-0.30958393,0.060890116,-0.030932248,0.084055945,-0.18015066,-0.14441049,-0.030478526,-0.40247047,-0.8355442,-0.105967276,0.037408527,0.13047619,0.2197793,0.9956663
151,2477,0.018182136,-0.4140698,0.34029967,0.35854498,-0.4064049,-0.513973,0.5084482,0.12492043,-0.16545454,0.4017698,-0.488936,0.2981066,-0.033460006,0.37788013,0.045147985,-0.42024913
151,2486,-0.19842923,-0.2908103,0.0457,0.60924435,-0.05339224,-0.5136052,0.33563814,0.29844198,0.16748615,0.4809939,-0.027245298,0.18470065,0.010729868,0.9789649,-0.17197327,-0.42102954
151,2497,0.030592456,-0.6966988,0.67985535,0.13158587,0.030022189,-0.023639247,0.62832123,-0.1989317,-0.3919951,0.2638876,-0.5692361,0.42341977,0.42379487,-0.011699401,0.083122164,-0.2607876
151,2500,-0.25228864,-0.35551322,0.0794643,0.6418208,0.12060946,-0.44742835,0.29940617,0.35075632,0.25192195,0.41912892,0.013029292,0.17224382,0.08796933,1.0638756,-0.25898343,-0.39144066
151,2506,0.36430195,-0.3872961,0.42916352,-0.5368455,0.060990926,0.30489954,0.40078458,0.5230206,0.306188,0.42224652,-0.29565114,-0.06584045,-0.32719535,-0.6650826,-0.0027854675,0.4093888
151,2508,0.39643666,-0.28557557,0.53241014,0.117015,0.65999293,0.5979069,0.13488013,-0.8638578,-0.73721546,-0.1128456,0.07282648,0.3473839,0.6408642,-0.30054858,-0.0475408,-0.30075842
151,2513,-0.095738605,0.1612322,-0.15527031,-0.049339682,-0.057288386,0.09944888,-0.07596963,0.08910239,0.13385062,-0.30541658,-0.7895521,-0.12161397,-0.12439299,-0.038880307,0.15646583,0.9146155
151,2514,0.19154903,0.038998522,-0.017663918,-0.59464407,0.43738577,0.55836856,0.18303269,-0.0068011517,-0.1729761,0.7225094,0.50954413,-0.14001104,0.4091216,-0.23453128,0.2132391,0.38627347
151,2515,0.27292556,-0.37281334,0.35004222,-0.59334224,0.12559283,0.41784614,0.42976713,0.41520295,0.24917303,0.5262687,-0.15924226,-0.08766648,-0.1164628,-0.6088574,0.10804154,0.49796805
151,2519,-1.42731,-0.4829874,0.49608737,-0.775191,-1.4211564,-1.2962976,-1.0902529,0.57154447,0.46836427,-1.5902162,0.083255544,-0.6062308,1.1647743,-0.7455414,0.84412384,-1.5961637
151,2530,0.07473194,-0.7887603,0.7841409,0.06953891,-0.15170315,-0.11962378,0.6983667,-0.10567288,-0.3724446,0.21522366,-0.83034325,0.4478966,0.3271407,-0.18388769,0.106107935,-0.2522286
151,2532,-0.19570985,-0.30190754,0.061973386,0.58111143,0.0040322095,-0.460563,0.3162426,0.29493028,0.17768298,0.45540485,-0.01023908,0.17211461,0.03451543,0.94755876,-0.18625468,-0.38736445
151,2540,0.88997215,0.08559743,0.44342825,-0.19820905,0.13101333,-0.15158585,-0.1080148,0.57042223,-0.12752075,-0.09432757,-0.33328444,0.10225184,-0.96169317,-0.5952597,-0.60868275,-0.23507446
151,2555,-1.42731,-0.4829874,0.49608737,-0.775191,-1.4211564,-1.2962976,-1.0902528,0.57154447,0.46836427,-1.5902162,0.08325555,-0.6062308,1.1647743,-0.74554133,0.84412384,-1.5961637
151,2556,0.18704106,0.35403264,-0.20822349,-0.45231175,0.5550769,0.38763046,-0.21427485,-0.025294634,-0.32240093,0.69484687,0.9795823,-0.27389055,0.5227458,0.027506161,0.115313575,0.084862
151,2581,-0.35400242,0.6842552,-0.55447197,0.46731448,0.11533037,-0.09698604,-0.5542107,-0.6609545,-0.46937156,-0.77368516,-0.8991467,-0.024203576,0.35365194,0.58830696,0.16544922,0.9163688
151,2583,0.10584637,0.5845159,-0.66357476,0.088431664,-1.3529073,-0.45038605,0.3150822,-0.8263331,-0.78731775,0.47536814,0.17885275,0.41354197,-0.8185395,-0.29254016,0.367517,-0.5032204
151,2587,-0.098270446,0.063953854,-0.1073193,-0.73357326,-0.08303382,0.17662153,-0.066194646,0.6110559,0.37936333,0.39510953,0.22773787,-0.44108838,0.063614726,-0.35574225,0.2963906,0.5074251
151,2598,0.94367385,0.542119,0.19214469,0.028979696,0.200833,-0.370754,-0.43825966,0.033710044,-1.0906442,-0.40259904,-0.12874176,0.39751863,-0.79673743,-0.31653678,-0.7423655,-0.6076628
151,2603,1.0997272,0.754796,0.13003308,0.078735046,0.24767786,-0.47903425,-0.6302816,0.033260047,-1.288863,-0.55261624,-0.07598831,0.4392982,-0.9717062,-0.29804137,-0.91266143,-0.7528272
151,2614,1.0966086,0.5706399,0.24305287,-0.009184055,0.24370971,-0.3776657,-0.49677235,0.24441181,-0.9037034,-0.42308742,-0.14886428,0.32205436,-1.0324084,-0.41517785,-0.8693943,-0.6162499
151,2617,1.0532563,0.71347797,0.12835585,0.068438955,0.23403502,-0.4510367,-0.59032923,0.028863983,-1.2298568,-0.50926983,-0.06799416,0.41826877,-0.9270521,-0.29050374,-0.8666097,-0.7133524
151,2629,-0.016904771,0.45523033,-0.2513614,-0.47110212,0.44427818,0.1840889,-0.5430646,0.06171611,-0.38429812,0.55083746,1.2266054,-0.42665204,0.74888384,0.08448538,0.21346447,-0.17083365
151,2631,0.19249366,-0.6406959,0.6446581,-0.23654068,0.124997616,0.30073485,0.6053531,-0.028609687,-0.18560825,0.35380277,-0.46603793,0.26437193,0.24594036,-0.45510027,0.12315096,0.12059795
151,2658,0.1243945,0.3937392,-0.4367407,0.15214753,-1.1232662,-0.46300775,0.32713795,-0.63928634,-0.69418997,0.402233,0.03160967,0.4042795,-0.6731812,-0.17204781,0.27275658,-0.49412748
151,2668,0.15074742,-0.7189907,0.76405346,0.04369045,-0.04725422,-0.01488784,0.63895255,-0.1516184,-0.38448846,0.19597806,-0.72695124,0.42447716,0.30382097,-0.25533044,0.07882549,-0.22848105
151,2672,-0.025668338,0.41093147,-0.21824977,-0.44243938,0.4477197,0.21615297,-0.50023353,-0.03326718,-0.42696857,0.5149861,1.1699973,-0.37689397,0.78988725,0.07138559,0.23240724,-0.17439839
151,2678,0.034455337,-0.69140464,0.67765534,0.14148122,0.028000869,-0.03143476,0.6258906,-0.19880974,-0.3951963,0.26523554,-0.56547785,0.42583305,0.4178139,-0.003053248,0.0803777,-0.27147606
151,2679,-0.22303656,-0.13995624,-0.20619646,0.5913238,-0.17936078,-0.43448734,0.2758263,0.18711889,0.35234433,0.45728353,0.22382665,0.11784476,-0.20402211,0.8879887,-0.19061446,-0.3633262
151,2680,0.3851738,-0.33393034,0.56892246,0.11356395,0.58584386,0.53007793,0.18691802,-0.78282,-0.6985292,-0.09134939,-0.023541957,0.35871157,0.5917255,-0.3079293,-0.04478321,-0.30319205
151,2685,0.25998497,0.34506887,-0.17055818,-0.6102377,0.38477758,0.24040088,-0.30018222,0.5658886,0.08067219,0.5847411,0.7876305,-0.44837615,0.07850653,-0.13990931,-0.015150598,0.22736427
151,2686,-0.26721928,-0.33072644,0.033243034,0.6555831,0.111064486,-0.46610832,0.27558577,0.38682836,0.31660983,0.413215,0.052978486,0.1433601,0.048529413,1.1020631,-0.28440812,-0.3823866
151,2689,0.1440557,0.6674325,-0.7308214,0.04282186,-1.407791,-0.4174418,0.28362647,-0.8962458,-0.82484543,0.4699716,0.23904297,0.40504822,-0.8905903,-0.38940194,0.39072666,-0.48704115
151,2692,0.06362098,-0.75277096,0.7460559,0.0911947,-0.08284416,-0.07957755,0.6713972,-0.15101537,-0.39055455,0.23085287,-0.73132104,0.44114047,0.36661053,-0.12637249,0.09888359,-0.25867587
151,2693,-0.34582436,0.68939286,-0.5789979,0.3588076,0.12045289,-0.07454556,-0.54075366,-0.5797622,-0.4263073,-0.62888235,-0.74201584,-0.07487132,0.36512977,0.5569421,0.1848408,0.9056091
151,2696,0.6836385,-0.24810016,0.5450162,-0.36522484,0.046829555,0.041954994,0.19712941,0.70086855,0.2858404,0.16543236,-0.4401194,-0.013257455,-0.7903714,-0.7136205,-0.35263103,0.074652515
151,2706,0.19487518,0.3601017,-0.21587211,-0.4690708,0.5756574,0.4113114,-0.19990268,-0.03644349,-0.33260155,0.7193421,0.9903324,-0.2702574,0.5378237,0.025419336,0.12176171,0.10269611
151,2708,0.07672016,0.49025485,-0.58598673,0.1032074,-1.2455367,-0.43499464,0.33286378,-0.7263733,-0.69447803,0.49893862,0.1492181,0.38117224,-0.7267024,-0.21225859,0.3434665,-0.47472432
151,2713,-0.015205771,0.44682738,-0.24712962,-0.46775314,0.43585786,0.18089794,-0.5327704,0.065948755,-0.37335172,0.547593,1.209204,-0.42262837,0.7330969,0.08149417,0.20965187,-0.16570106
151,2749,-0.26721928,-0.33072644,0.033243034,0.6555831,0.111064486,-0.46610832,0.27558577,0.38682836,0.31660983,0.413215,0.052978486,0.14336011,0.048529413,1.1020631,-0.28440812,-0.3823866
151,2750,0.19815049,-0.070733376,0.03394145,-0.7448933,-0.06943079,0.29300418,0.17129655,0.93703544,0.69082475,0.36306536,-0.2766592,-0.38893202,-0.51348734,-0.57053804,0.077841885,0.89038014
151,2764,-0.07676029,-0.2707661,0.08524864,0.59016997,-0.009147823,-0.3556248,0.3310073,0.08536047,0.077416904,0.38298053,0.023888454,0.23398803,-0.020288073,0.7547333,-0.16483761,-0.4343467
151,2772,0.20968643,-0.021295715,0.03533551,-0.61100316,0.40397808,0.55803776,0.22511292,0.062056165,-0.1054008,0.7011152,0.4146901,-0.13666047,0.3332212,-0.30180666,0.20105721,0.42115846
151,2774,-0.0892781,-0.35487318,0.19313845,0.53260326,0.046150528,-0.31139922,0.36372647,0.08473894,0.014799165,0.3722217,-0.06908047,0.25392917,0.09025623,0.7017869,-0.14175442,-0.40259108
151,2788,1.1508749,0.8386094,0.096329615,0.102051176,0.27963522,-0.5045398,-0.7063628,0.014806464,-1.3608804,-0.6022783,-0.027539417,0.44963574,-1.0188608,-0.27981126,-0.9702306,-0.8029761
151,2799,-0.19448027,-0.288442,0.043208864,0.62389034,-0.06798976,-0.52470267,0.3432818,0.287668,0.16018927,0.48324075,-0.030714124,0.19443126,0.002269268,0.9837209,-0.1691414,-0.43723264
151,2805,-0.09006989,-0.2995141,-0.121308096,0.768122,0.74628174,0.4779623,-0.035039805,-0.277532,0.8788455,-0.4622447,0.7620956,0.16620038,-0.3008786,0.4730663,-0.69016385,-0.19063067
151,2808,0.36670172,0.1563181,0.08406787,-0.11586682,0.1724191,-0.0732045,-0.31999716,0.6887443,0.2714453,-0.54043835,-0.7282102,-0.15159558,-0.6272638,-0.15656681,-0.38142872,0.61053985
151,2809,0.06718768,-0.40454814,0.3699052,0.3442524,-0.28039637,-0.38133228,0.49687877,-0.0009617242,-0.2528386,0.3822489,-0.40540528,0.3304063,0.030015301,0.29546347,0.044310898,-0.4214383
151,2815,0.23229665,-0.0838939,0.06959589,-0.70408666,-0.053479634,0.26767498,0.15353656,0.93628126,0.6713564,0.3104231,-0.30202925,-0.36359063,-0.5463668,-0.56549,0.028092254,0.8388346
151,2849,-0.066256925,-0.058470596,-0.09929661,0.3078217,-0.49594575,-0.36530134,0.38161698,-0.18470824,-0.24305731,0.49368805,-0.021124989,0.27406907,-0.18100286,0.34191802,0.097097084,-0.3896217
151,2861,-0.13864204,-0.26597732,0.046019435,0.59769934,-0.05179184,-0.44751507,0.32791305,0.2012667,0.13678613,0.4381255,0.0067733377,0.19933002,-0.024518121,0.8709116,-0.16699634,-0.4245439
151,2872,0.35500285,0.30684438,0.11975668,-0.3645233,0.19799474,-0.4825796,-0.86671484,1.1167285,0.28646395,-0.52255964,0.27053607,-0.44519427,-0.4133245,-0.14013939,-0.53724575,-0.31336972
151,2878,0.18269734,-0.66812944,0.66036636,-0.24827227,0.07106246,0.26217794,0.62486494,0.037344947,-0.13585243,0.35422027,-0.5233605,0.25536886,0.19958815,-0.47082946,0.120915905,0.13530721
151,2881,0.12814753,0.57479125,-0.6383782,0.0897033,-1.3391778,-0.44801462,0.31300694,-0.8209778,-0.7937608,0.46262312,0.16146,0.41657713,-0.8180527,-0.30705866,0.3627865,-0.50625217
151,2883,-0.2097049,0.37395436,-0.34073702,0.115437455,-0.010896847,0.069387056,-0.22213435,-0.21800464,-0.0888921,-0.4535457,-0.85014105,-0.09211463,0.07544838,0.18863948,0.21339309,0.991438
151,2888,-0.030094981,0.057511546,-0.108399786,-0.7558954,-0.05495035,0.24305588,0.0041665435,0.6786836,0.44037113,0.45389915,0.14301743,-0.4409033,-0.05022823,-0.39308307,0.2686593,0.65293425
151,2914,0.0635436,-0.55254364,0.53753626,0.274937,-0.1990751,-0.29793018,0.561385,-0.0365779,-0.30795357,0.31561244,-0.5528464,0.38140175,0.16654122,0.17488457,0.047586255,-0.39114088
151,2918,-0.17969608,-0.27727786,0.04064574,0.59945667,-0.06691752,-0.50142676,0.3339686,0.27302125,0.15584743,0.47599944,-0.020144895,0.18585502,-0.0055256076,0.94352686,-0.16331254,-0.4199818
151,2932,0.36705223,-0.3879535,0.56076723,-0.17972176,0.061348405,0.07180831,0.3735056,0.06758265,-0.35780612,0.15576127,-0.47374213,0.29716346,-0.079637274,-0.4463962,-0.094680086,-0.049688883
151,2955,-0.26386356,-0.090082504,-0.42476478,0.8799391,0.22528401,-0.2133567,0.042648587,0.1462649,0.88324845,0.09494643,0.6626018,0.05330162,-0.3931013,1.0862697,-0.5839708,-0.34859106
151,2959,-0.3387333,0.6749526,-0.5508361,0.42787373,0.12662154,-0.09323354,-0.5465008,-0.63283724,-0.46009356,-0.6940569,-0.79120994,-0.039690048,0.360876,0.5787723,0.15840319,0.8650921
151,2960,-0.07027587,-0.2589425,0.07647619,0.573525,-0.018018134,-0.34963658,0.32397774,0.08488168,0.08087921,0.38312,0.031539664,0.2234836,-0.031265505,0.73507696,-0.16032241,-0.4218087
151,2962,-0.13864204,-0.26597732,0.046019435,0.59769934,-0.05179184,-0.44751507,0.32791305,0.20126674,0.13678613,0.4381255,0.0067733526,0.19933002,-0.024518121,0.8709116,-0.16699633,-0.4245439
151,2989,-0.20326853,0.35757393,-0.3312704,0.08540464,-0.01867441,0.07707299,-0.20584986,-0.18107264,-0.06161323,-0.42573786,-0.8368132,-0.10213283,0.05993821,0.16311176,0.21745521,0.99654734
151,3003,-0.30612403,0.6375426,-0.53590554,0.30622974,0.11948869,-0.05708705,-0.49677992,-0.5133895,-0.38109648,-0.5490757,-0.6623085,-0.08404004,0.32839835,0.5054884,0.16894121,0.8551775
151,3005,-0.20840085,-0.64067715,0.18439338,0.42843765,0.1632928,0.95421857,0.068165846,-0.96201205,0.8929664,-1.3859763,0.4102933,0.36771467,-0.46877867,-0.86416376,-0.2529372,-0.25221822
151,3012,-1.429887,-0.41987976,0.42532945,-0.7981164,-1.3416319,-1.2194779,-1.0861889,0.5114976,0.38490027,-1.459974,0.19619027,-0.61355036,1.2545928,-0.6863354,0.8844458,-1.5299338
151,3016,0.38567787,-0.23948613,0.47938535,0.10349115,0.71847296,0.6684536,0.08023621,-0.95841867,-0.7809898,-0.13036448,0.16706598,0.32978198,0.71880233,-0.28772464,-0.029668376,-0.2782399
151,3024,-0.21659848,0.3887277,-0.3520907,0.13024476,-0.006511286,0.0660901,-0.23390225,-0.24071646,-0.10576737,-0.4679004,-0.8565155,-0.088799365,0.08830874,0.20557153,0.21464437,0.9945331
151,3025,0.056882873,-0.0639429,0.002938062,0.27629006,-0.7118446,-0.5117666,0.41405827,-0.17834093,-0.38090977,0.38019213,-0.27188778,0.3376763,-0.31781766,0.16514966,0.1266983,-0.44568637
151,3026,0.028437123,-0.42352125,0.35892814,0.36854708,-0.38720188,-0.49777,0.5188217,0.09447467,-0.19614606,0.3982411,-0.4896598,0.3188067,-0.015142094,0.36697263,0.046845637,-0.43692657
151,3051,-0.27597442,0.01091142,-0.049774252,-0.7606825,-0.23827282,0.00765606,-0.20239237,0.6022951,0.3752597,0.17059241,0.23850402,-0.46911594,0.2344543,-0.39710048,0.38359177,0.25794587
151,3053,-0.19842926,-0.2908103,0.0457,0.60924435,-0.05339224,-0.5136052,0.33563814,0.29844198,0.16748615,0.48099393,-0.027245298,0.18470065,0.010729868,0.9789649,-0.17197329,-0.42102954
151,3066,-0.01198259,0.10076516,-0.068524696,-0.09735353,-0.053361066,0.085605115,-0.07040902,0.2798568,0.24278192,-0.3580252,-0.8706964,-0.13533089,-0.2777915,-0.13577047,0.071656466,0.92093295
151,3080,-0.22729069,0.4635994,-0.36345556,0.35361,0.06454714,-0.024073616,-0.36064732,-0.45691898,-0.2892233,-0.6566817,-0.89095855,-0.011317618,0.16508882,0.37537977,0.12708637,0.85297847
151,3085,-0.23750204,0.5695223,-0.4751112,0.21858332,0.12975073,-0.03653741,-0.44544238,-0.39384186,-0.31088936,-0.4241466,-0.51888376,-0.10576787,0.26881695,0.4323673,0.13190612,0.77053106
151,3088,0.3805599,-0.231504,0.46758568,0.09958967,0.7057869,0.65788144,0.07222077,-0.94334626,-0.7647132,-0.12901953,0.17382072,0.3186037,0.70587385,-0.28307748,-0.0321608,-0.27249637
151,3105,0.038044028,-0.60887104,0.5851465,0.20663151,-0.14081386,-0.22686782,0.5746958,-0.041815735,-0.2954251,0.2912748,-0.5835294,0.37135366,0.2411209,0.117727414,0.052974872,-0.3236342
151,3106,0.032542825,-0.75303674,0.738357,0.12942237,0.014447566,-0.026435584,0.674061,-0.21591613,-0.42731822,0.25133222,-0.649279,0.46126705,0.45366657,-0.049513724,0.09663436,-0.27587458
151,3117,-0.17934835,-0.25090465,-0.29068747,0.30235103,-0.54229647,0.72036314,0.2933809,-1.0687133,0.6724419,-0.59588677,0.62065274,0.3480977,-0.7974008,-0.8788958,0.068751894,-0.15686241
151,3126,0.24752438,-0.5414469,0.5968912,-0.21918671,0.039152734,0.16184376,0.5068791,0.08483638,-0.17387731,0.27688074,-0.49122328,0.2439589,0.04800157,-0.44727102,0.02773014,0.06913358
151,3130,0.06174378,-0.5649175,0.5494746,0.25004438,-0.18866393,-0.2790887,0.5617336,-0.03472809,-0.3017285,0.30581588,-0.56354415,0.37483734,0.17861515,0.1487988,0.04832501,-0.36934087
151,3131,-0.22729069,0.4635994,-0.3634556,0.35361,0.06454714,-0.024073616,-0.36064732,-0.45691898,-0.2892233,-0.6566817,-0.89095855,-0.011317618,0.16508883,0.37537977,0.12708639,0.85297847
151,3135,-0.21632195,-0.3153982,0.06026449,0.61350286,0.023367733,-0.4753899,0.31658152,0.31542513,0.20200786,0.451277,-0.0065086633,0.17623626,0.042446073,1.0000472,-0.20734765,-0.4012107
151,3143,0.33959833,0.24604446,-0.095891826,-0.655349,0.3084551,0.24200326,-0.18504253,0.76142025,0.28427783,0.5246084,0.5087974,-0.4354161,-0.194635,-0.26648992,-0.08777128,0.38748023
151,3148,-1.3345246,-0.3881369,0.37513193,-0.8114356,-1.2315508,-1.078208,-0.9840909,0.48212248,0.36401638,-1.2917938,0.20651588,-0.5857994,1.1973186,-0.66220754,0.85930777,-1.3504974
151,3162,0.3445897,0.029415548,0.033383712,-0.72609633,0.094078526,0.2612378,0.041191086,0.97996044,0.6022469,0.37899527,-0.04286912,-0.4011694,-0.5293179,-0.5052434,-0.07878844,0.6963347
151,3212,-0.3046493,-0.32873657,-0.0056132376,0.73993397,0.07882996,-0.5465578,0.28556782,0.42997193,0.36966538,0.42734376,0.059676453,0.15210274,0.017923664,1.2245765,-0.3127875,-0.43479016
151,3218,0.12651348,0.46357283,-0.51408863,0.13080019,-1.2055846,-0.4574316,0.32309356,-0.71268004,-0.7354214,0.42572623,0.08269076,0.41154703,-0.72843766,-0.22273447,0.30739272,-0.50188535
151,3220,0.06318483,-0.73793757,0.73000985,0.08811154,-0.07614214,-0.072875336,0.6588621,-0.15039325,-0.38248545,0.23348042,-0.7076124,0.43047675,0.36129168,-0.12110948,0.0966285,-0.25095746
151,3225,-0.20841068,0.36270282,-0.31523827,0.1933271,-0.006498471,0.046719946,-0.2319288,-0.27812195,-0.12641606,-0.53339297,-0.91807604,-0.054118946,0.07334201,0.21510464,0.18896487,0.95864606
151,3230,-0.21431884,-0.65958494,0.1947925,0.44717157,0.19293338,0.980619,0.060692478,-0.98022264,0.918975,-1.4377155,0.41715258,0.37750393,-0.47078192,-0.8729558,-0.27169266,-0.2593672
151,3234,-0.048732623,0.44365284,-0.23956564,-0.4356612,0.4418885,0.1876367,-0.55164236,-0.01485217,-0.44292226,0.5251392,1.2308327,-0.4060803,0.8133524,0.10342719,0.24207571,-0.20215893
151,3244,-0.27597442,0.01091142,-0.049774237,-0.7606826,-0.23827282,0.0076560453,-0.20239237,0.6022951,0.3752597,0.17059241,0.23850401,-0.46911594,0.2344543,-0.39710048,0.38359177,0.25794587
151,3253,0.2925835,-0.5102385,0.66637534,0.08144043,0.3188739,0.30386144,0.3919422,-0.50963235,-0.5631331,0.030615628,-0.34152794,0.3929275,0.4631458,-0.29894188,0.005575549,-0.26828736
151,3257,0.28933516,-0.048652753,0.07036665,-0.7143859,0.00064855814,0.2633065,0.11023935,0.9791424,0.66157365,0.31540006,-0.22938083,-0.37632105,-0.57167447,-0.55608684,-0.029232595,0.7920499
151,3258,-0.24723214,-0.2589074,-0.05869811,0.6800738,0.041867904,-0.48892677,0.24621987,0.3715266,0.38879964,0.3966744,0.12351936,0.1158942,-0.063400626,1.0961859,-0.3012821,-0.39044088
151,3260,0.033274435,-0.695309,0.67937714,0.12506849,0.0328709,-0.015599847,0.6264367,-0.20246029,-0.3924491,0.26202083,-0.5662307,0.42152807,0.42358902,-0.022023179,0.08405466,-0.25490987
151,3264,-1.3534136,-0.3913152,0.38278973,-0.82205397,-1.2573988,-1.1089246,-1.0086138,0.507721,0.3812262,-1.3241525,0.20742288,-0.60083455,1.2023076,-0.6743621,0.86449754,-1.3820459
151,3283,0.23384213,-0.101000085,0.10770897,-0.617946,0.35059026,0.5420547,0.27606046,0.15087315,-0.016010799,0.66339946,0.28395945,-0.12908755,0.22266895,-0.38307548,0.17748795,0.45310116
151,3286,0.18772142,-0.63972473,0.7089187,0.03899867,0.04505643,0.06965607,0.5630531,-0.21700785,-0.4001129,0.17461132,-0.59622276,0.39274088,0.31247035,-0.262698,0.05942931,-0.21352649
151,3288,-0.22835535,0.3965919,-0.36296442,0.13974535,-0.00792104,0.067544974,-0.23445243,-0.2702475,-0.12186684,-0.46501982,-0.85308933,-0.08505109,0.108184546,0.21810082,0.22576635,0.99478865
151,3299,0.12546755,0.34949586,-0.19013494,-0.42633462,0.48790407,0.30398613,-0.30169618,-0.00055367313,-0.31918213,0.60077345,0.99079746,-0.30298424,0.552217,0.02944431,0.13045952,-0.008175567
151,3310,-0.0869658,0.15287748,-0.13778707,-0.051781826,-0.06782629,0.09015486,-0.0842104,0.15035158,0.1740458,-0.37381858,-0.8948976,-0.12482928,-0.17959425,-0.068230204,0.14080605,0.9707721
151,3315,0.26599002,-0.22410372,0.22231448,-0.6105703,0.2541175,0.49080694,0.34396675,0.28788358,0.118048385,0.5961763,0.07870202,-0.11530575,0.047739852,-0.4965228,0.1343227,0.47886175
151,3321,-1.2995207,-0.37754312,0.44170445,-0.77598625,-1.2908301,-1.2684429,-1.1379492,0.6731211,0.4651092,-1.482667,0.2044064,-0.64240193,1.066248,-0.69047755,0.73768616,-1.5438195
151,3323,-0.08781275,-0.23108813,-0.17478457,0.7443535,0.6638116,0.3472856,-0.021110453,-0.17633758,0.820155,-0.27894402,0.74625945,0.1260713,-0.28989783,0.5915937,-0.6564063,-0.18716165
151,3325,-0.99961203,-0.26007372,0.21559519,-0.854473,-0.88656723,-0.65221304,-0.6891822,0.51618165,0.36279672,-0.75641257,0.2018987,-0.54609144,0.9190879,-0.59541744,0.7495613,-0.72428834
151,3327,-0.34182075,0.010163426,0.32515925,-0.5652535,-0.479661,-0.96776277,-1.1320146,1.0838115,0.43262202,-1.1410203,0.24750726,-0.57462645,0.16435619,-0.43010634,-0.08361312,-1.0325115
151,3328,0.26599002,-0.22410372,0.22231445,-0.6105703,0.25411746,0.49080694,0.34396675,0.28788358,0.118048385,0.5961764,0.07870202,-0.11530575,0.047739852,-0.4965228,0.13432269,0.47886178
151,3330,0.23384213,-0.101000085,0.10770897,-0.617946,0.35059023,0.5420547,0.2760605,0.15087314,-0.016010799,0.66339946,0.28395945,-0.12908755,0.22266898,-0.3830755,0.17748795,0.4531012
151,3337,0.46743688,-0.36518082,0.4870015,-0.46947363,0.027030237,0.19377305,0.34407663,0.6055597,0.32993382,0.32556054,-0.38094705,-0.04705916,-0.5138162,-0.69112146,-0.12548475,0.29321948
151,3344,0.010758236,0.28882995,-0.4121394,0.19432074,-1.0104376,-0.4465478,0.37052515,-0.5312512,-0.5534037,0.5125876,0.061373807,0.36125723,-0.5286378,0.012744818,0.26465532,-0.47049806
151,3351,-0.21038884,0.39525858,-0.34841025,0.16356349,0.009450033,0.05535993,-0.24847606,-0.27991557,-0.13918422,-0.47897118,-0.8315495,-0.07493384,0.103278756,0.2325069,0.19588716,0.94927096
151,3354,-0.28933156,0.558862,-0.44437814,0.42485124,0.08091619,-0.057177484,-0.44407845,-0.5675314,-0.37621447,-0.73791975,-0.9352715,-0.0064326674,0.2477327,0.47320518,0.14718482,0.89238346
151,3355,-0.036967933,0.06375847,-0.114556395,-0.74604,-0.04977669,0.24046081,-0.0019714758,0.65357685,0.42063642,0.46006054,0.1698501,-0.43764988,-0.027243389,-0.37691098,0.2722945,0.63217413
151,3363,0.034455337,-0.69140464,0.67765534,0.14148122,0.028000865,-0.03143476,0.6258906,-0.19880973,-0.3951963,0.26523554,-0.56547785,0.42583305,0.4178139,-0.003053248,0.0803777,-0.27147606
151,3370,0.069650695,-0.506786,0.4911387,0.25818774,-0.19189036,-0.28211936,0.5235427,-0.02662982,-0.27893522,0.3204953,-0.49285114,0.34691402,0.13554536,0.17302775,0.04156835,-0.36355743
151,3384,-0.16476044,0.27386257,-0.2586919,0.029283322,-0.044593938,0.08578049,-0.14902538,-0.059412748,0.029749805,-0.39580268,-0.8572757,-0.110042855,-0.025593232,0.07231617,0.19996446,0.9905198
151,3385,0.1472194,0.22877723,-0.16883332,-0.55731887,0.5564444,0.5590169,0.02635543,-0.1783486,-0.3699693,0.7876353,0.8226694,-0.17011593,0.638069,-0.052953634,0.24472025,0.27030656
151,3398,-0.11216205,-0.65957254,0.2459704,0.6607571,0.84157956,1.0385599,-0.07331731,-0.8092151,0.97211295,-1.4018593,0.58702624,0.34596175,-0.2851866,-0.38131395,-0.6210816,-0.23369089
151,3410,0.33090967,-0.38529986,0.40297928,-0.55870974,0.084088914,0.34666678,0.4129123,0.48714402,0.2873858,0.45732284,-0.25114447,-0.07317325,-0.25226632,-0.64749336,0.03736948,0.44453067
151,3416,-0.26643294,-0.06244983,-0.43387228,0.81494635,0.12828638,-0.2808697,0.056484774,0.19675463,0.83695847,0.17491958,0.6101682,0.024407852,-0.39235917,1.0708128,-0.52161336,-0.32958743
151,3424,-0.6555557,-0.116340905,0.06912779,-0.8131525,-0.55549294,-0.31332734,-0.4491853,0.5316166,0.34159082,-0.2739526,0.24701273,-0.50583094,0.61875486,-0.48097718,0.58784676,-0.23380828
151,3432,0.06318483,-0.73793757,0.73000985,0.08811156,-0.07614214,-0.072875336,0.6588621,-0.15039323,-0.38248545,0.23348042,-0.7076124,0.43047675,0.36129168,-0.12110948,0.096628495,-0.2509575
151,3437,0.17683628,0.39812532,-0.21467495,-0.56161654,0.41705742,0.22741255,-0.3756982,0.387823,-0.07615979,0.6048744,0.96924675,-0.4440808,0.30058983,-0.048041634,0.055002794,0.09020833
151,3440,0.07301363,-0.7325243,0.7287771,0.07956705,-0.09070859,-0.07912573,0.6538623,-0.13864888,-0.37445214,0.22938299,-0.71591216,0.42443272,0.3406471,-0.13924749,0.095447466,-0.24613106
151,3442,0.37293673,0.039934084,0.04116809,-0.6981933,0.12510023,0.24461186,0.016873576,0.9589024,0.56572884,0.37813285,0.018294618,-0.38907242,-0.523919,-0.4748567,-0.11770632,0.6227991
151,3457,-0.22362363,0.41132945,-0.3648127,0.16577902,0.0049682036,0.055538923,-0.2575969,-0.28409082,-0.1401562,-0.5001277,-0.8656342,-0.07837924,0.10801777,0.23850888,0.20739748,0.9850421
151,3458,1.1724901,0.8160937,0.12591265,0.08827471,0.27839103,-0.5005561,-0.69155484,0.059021015,-1.3158522,-0.59617066,-0.058495015,0.44023317,-1.0527846,-0.3119914,-0.98039913,-0.795803
151,3459,-0.004347354,-0.4069178,0.31657803,0.37289244,-0.4369443,-0.55548185,0.50667125,0.1634388,-0.13341969,0.41721123,-0.49254876,0.2847789,-0.05107824,0.42669892,0.043931253,-0.42186877
151,3471,0.055092074,0.4268931,-0.5324873,0.12428843,-1.1802979,-0.4380046,0.34624174,-0.66173506,-0.6441871,0.50744814,0.12043004,0.36919045,-0.66715914,-0.14886591,0.32345408,-0.467675
151,3488,-0.046398938,0.43924662,-0.23897484,-0.44063175,0.44908246,0.20081826,-0.539725,-0.028256347,-0.44828156,0.5286213,1.225045,-0.39859194,0.8212269,0.09876865,0.24553877,-0.19287136
151,3494,-0.0869658,0.15287748,-0.13778707,-0.051781826,-0.06782629,0.090154864,-0.0842104,0.15035158,0.1740458,-0.37381858,-0.89489746,-0.12482928,-0.17959425,-0.068230204,0.14080606,0.9707721
151,3503,-0.15152785,0.020856358,-0.5890073,0.1842564,-1.0113914,0.51063275,0.43636218,-1.077915,0.47891146,-0.012476444,0.72458047,0.31184462,-0.97552735,-0.84765786,0.2928384,-0.09052322
151,3509,0.19249365,-0.6406959,0.644658,-0.23654068,0.124997616,0.30073482,0.6053531,-0.028609686,-0.18560824,0.35380277,-0.46603793,0.26437193,0.24594036,-0.45510024,0.123150945,0.12059795
151,3514,0.16828309,0.351093,-0.19839895,-0.43790218,0.52914894,0.3532114,-0.24841705,-0.012055722,-0.31719387,0.654464,0.97953135,-0.28448978,0.52464217,0.027178127,0.11481704,0.047074724
151,3517,0.5514736,-0.073903024,0.4235669,-0.10875945,0.10248234,-0.07395622,0.0989535,0.0599449,-0.57293,-0.020385027,-0.33829987,0.3135998,-0.32406622,-0.39575502,-0.30509636,-0.22696611
151,3526,-0.046398938,0.43924662,-0.23897484,-0.44063175,0.44908246,0.20081824,-0.539725,-0.028256346,-0.44828156,0.5286213,1.225045,-0.3985919,0.8212269,0.09876867,0.24553877,-0.1928713
151,3534,-1.1584513,-0.32597622,0.29740462,-0.8486741,-1.0607443,-0.8608551,-0.8336353,0.5215273,0.38224727,-1.0246043,0.20076472,-0.57226986,1.0407647,-0.6446354,0.79881215,-1.028336
151,3540,-0.25873238,-0.11893846,-0.41457078,0.93949574,0.33613113,-0.12719646,0.024088554,0.08797304,0.93464833,0.0032918453,0.72395545,0.08125113,-0.39370105,1.0889014,-0.6511389,-0.35886464
151,3543,-0.15756896,0.20761237,-0.7868571,0.12038358,-1.307929,0.26894802,0.5050402,-0.99913955,0.3478595,0.39147446,0.747237,0.25948772,-1.0397651,-0.6965635,0.42251354,-0.08912779
151,3545,0.027459167,-0.66103953,0.63774115,0.18234581,-0.07181481,-0.15223765,0.6086671,-0.10357192,-0.3387404,0.28036058,-0.59685093,0.40139204,0.3289181,0.074656874,0.06626509,-0.3057867
151,3557,0.04926344,-0.5875992,0.5674531,0.2195935,-0.16550511,-0.2509954,0.56496084,-0.031532396,-0.29129338,0.2954242,-0.5762127,0.36709574,0.20793971,0.12675765,0.049667865,-0.33788767
151,3577,-0.132799,0.23752037,-0.22187418,0.005022064,-0.039766498,0.08824587,-0.1286315,-0.012396045,0.056931593,-0.35624677,-0.80639374,-0.11280344,-0.05632166,0.041660044,0.1753096,0.94203657
151,3582,0.10670009,-0.78444874,0.7966737,0.047841452,-0.1677216,-0.12282303,0.69466496,-0.0679926,-0.34600413,0.20724732,-0.8554088,0.4380588,0.27280515,-0.23576564,0.09297394,-0.2390503
151,3586,-0.2104846,-0.16239257,-0.3499591,0.9231574,0.48559773,0.050934985,0.002047345,-0.0144390855,0.9407935,-0.121557474,0.76981634,0.10692862,-0.3736475,0.95908725,-0.6913495,-0.314302
151,3591,-0.16039422,-0.074471846,-0.49037623,0.2338444,-0.84805423,0.600266,0.39012626,-1.0946578,0.5524454,-0.22532403,0.70042706,0.33267745,-0.9253491,-0.8705263,0.21325049,-0.11303321
151,3594,0.09364805,-0.77985257,0.7834382,0.048650555,-0.1662103,-0.120161,0.6897445,-0.07565282,-0.3453669,0.21012703,-0.8399186,0.43322447,0.28455985,-0.22119753,0.09856693,-0.23358425
151,3602,-0.27662003,-0.32085657,0.009803496,0.68821496,0.08203,-0.50339574,0.28017962,0.39841086,0.33602875,0.4217052,0.057409987,0.14620616,0.023871694,1.1434747,-0.29059902,-0.40575102
151,3607,0.8722205,0.104804434,0.41814393,-0.1828394,0.14000575,-0.14866948,-0.12069077,0.52703285,-0.1617677,-0.09228182,-0.2970817,0.10631107,-0.9243228,-0.5620331,-0.59931064,-0.24403813
151,3634,-0.011054009,0.38750315,-0.20183727,-0.44046792,0.43900156,0.22072536,-0.4690531,-0.02897384,-0.40329558,0.5039959,1.1222112,-0.3617023,0.7548933,0.052772563,0.22010154,-0.16030699
151,3636,0.07589677,-0.7484825,0.7463462,0.077332936,-0.10814769,-0.090756014,0.6666686,-0.13118245,-0.37671086,0.22428119,-0.74973655,0.432691,0.3363281,-0.1546547,0.09844013,-0.25001013
151,3639,0.052034885,-0.4077726,0.36044618,0.340852,-0.32303596,-0.42255294,0.4977596,0.045192014,-0.21882498,0.385355,-0.43527544,0.31486586,0.006351225,0.31441596,0.04388267,-0.41369846
151,3640,-0.09006989,-0.2995141,-0.12130811,0.768122,0.74628174,0.4779623,-0.03503979,-0.27753198,0.8788455,-0.4622447,0.7620956,0.16620038,-0.3008786,0.4730663,-0.69016397,-0.1906307
151,3642,-0.025668338,0.41093147,-0.2182498,-0.44243938,0.4477197,0.21615297,-0.50023353,-0.03326718,-0.42696857,0.5149861,1.1699973,-0.37689397,0.78988725,0.07138559,0.23240724,-0.17439842
151,3651,-0.12771752,0.22195485,-0.21143198,-0.028987855,-0.051715575,0.09610078,-0.11488011,0.042671904,0.09813349,-0.34701407,-0.82666826,-0.12668061,-0.08557522,0.006697867,0.17923744,0.9724942
151,3652,-0.18728748,-0.7583053,0.32346836,0.5378065,0.5414796,1.0823095,-0.021512233,-0.9446796,0.9852673,-1.6360993,0.4205981,0.38808334,-0.35826492,-0.7751304,-0.43963048,-0.2689741
151,3654,-0.032910198,-0.2719686,0.12022594,0.5147988,0.055585105,-0.24469283,0.30686352,0.025578339,0.045428112,0.33968773,0.045455754,0.22310777,0.003941033,0.6225476,-0.15844244,-0.37793994
151,3658,0.07852718,-0.7527273,0.74929994,0.0661817,-0.13709319,-0.10818067,0.66876346,-0.10625318,-0.3594266,0.22012828,-0.77725255,0.42587537,0.31302628,-0.17173067,0.099511735,-0.24156025
151,3664,0.33403316,-0.30108,0.490154,0.038075693,0.6371744,0.6317727,0.16859297,-0.83970934,-0.7064666,-0.034005612,0.09210461,0.32045886,0.6909415,-0.301672,0.017955273,-0.19747946
151,3684,0.28012282,-0.29992864,0.29137638,-0.60872835,0.1954937,0.46012473,0.38739404,0.36530215,0.19298373,0.56054777,-0.043612674,-0.105099104,-0.046597254,-0.5642587,0.11496979,0.49397168
151,3685,0.5822089,0.39309695,0.044562396,-0.2651181,0.44179237,-0.26331958,-0.7273013,1.0501331,0.20859516,-0.3401252,0.16043356,-0.35480574,-0.598319,-0.038462926,-0.6681951,0.033779368
151,3705,0.25940013,-0.18128437,0.18458214,-0.599956,0.28156632,0.49813962,0.31485173,0.24528654,0.080087274,0.60627216,0.14319548,-0.12013653,0.089182004,-0.45389053,0.13767724,0.4615588
151,3720,-0.22522125,0.39328617,-0.3588596,0.13567829,-0.009399861,0.06690684,-0.23399252,-0.2561497,-0.11297454,-0.47048616,-0.86324537,-0.08686198,0.09830339,0.2114003,0.22291836,1.0011154
151,3735,-0.16708466,0.33223313,-0.26495048,0.2359299,0.019769639,0.02394484,-0.23808533,-0.28778222,-0.14795437,-0.54558414,-0.87172234,-0.028631173,0.053050075,0.22540408,0.12929147,0.8505902
151,3739,-0.22362366,0.41132945,-0.3648127,0.16577902,0.0049682036,0.055538923,-0.2575969,-0.2840908,-0.1401562,-0.5001277,-0.8656342,-0.07837924,0.10801779,0.23850888,0.20739749,0.9850421
151,3757,0.08290066,0.43626568,-0.24080908,-0.552861,0.4287936,0.20949169,-0.4646905,0.26457283,-0.20352732,0.5880671,1.1081864,-0.45601553,0.51623666,-0.00084402785,0.13819985,-0.026400708
151,3760,-0.13563901,0.243646,-0.22736788,0.0130861625,-0.036485814,0.086969845,-0.13247809,-0.029785972,0.04420785,-0.3554045,-0.7969586,-0.109796695,-0.04518807,0.05258851,0.17638549,0.9342271
151,3768,0.31297332,-0.29788196,0.46628815,0.017841361,0.594807,0.60091406,0.18202582,-0.77650714,-0.6569136,0.0070309043,0.087959714,0.2983879,0.64879304,-0.2886003,0.028158642,-0.16525888
151,3770,-0.21480662,0.37044713,-0.32117122,0.20365915,-0.00744392,0.043905094,-0.23864141,-0.28791317,-0.13229506,-0.55261356,-0.94069254,-0.05163551,0.07639395,0.22228181,0.19144747,0.9715206
151,3772,0.070443265,-0.52600324,0.5113531,0.30822685,-0.22209528,-0.32585642,0.5581212,-0.04063651,-0.31560707,0.33136886,-0.53160566,0.38753012,0.13839832,0.20632392,0.048230544,-0.42061803
151,3778,-0.062711015,-0.41489124,0.020679083,0.714397,0.8328985,0.70147,-0.048192285,-0.46503374,0.8740829,-0.7496914,0.71709394,0.22769238,-0.27375197,0.1724894,-0.6750716,-0.18115062
151,3809,0.18709497,0.06273147,-0.037989028,-0.6128368,0.4637974,0.5775416,0.17296204,-0.027043413,-0.20212644,0.7486818,0.5549116,-0.14560825,0.45436776,-0.22324766,0.22899872,0.3886634
151,3816,-0.34958652,0.6726855,-0.54724264,0.45813024,0.11517677,-0.0936196,-0.5430001,-0.6598232,-0.46743667,-0.74461037,-0.86543596,-0.024647523,0.35692823,0.5821251,0.16578206,0.89373034
151,3836,-0.048732623,0.4436529,-0.23956567,-0.4356612,0.4418885,0.1876367,-0.55164224,-0.014852168,-0.44292226,0.5251392,1.2308327,-0.4060803,0.8133524,0.10342719,0.24207571,-0.2021589
151,3837,0.10664325,0.08079789,0.002816543,-0.11170482,-0.004081495,0.043257378,-0.11206662,0.4158771,0.27361685,-0.3918199,-0.8280864,-0.13550276,-0.40023935,-0.16599257,-0.060673792,0.8157229
151,3844,-0.2664329,-0.06244983,-0.43387228,0.8149464,0.12828638,-0.2808697,0.056484774,0.19675463,0.83695847,0.17491956,0.6101682,0.024407852,-0.39235917,1.0708128,-0.52161336,-0.32958743
151,3860,0.34475976,-0.3025285,0.5020258,0.048385866,0.6562808,0.64545244,0.1620054,-0.867961,-0.7287637,-0.054648638,0.09352262,0.33074352,0.70852435,-0.30865896,0.012125816,-0.21349499
151,3865,0.16797951,-0.6655487,0.72021717,0.034688763,0.005044006,0.035990678,0.5905611,-0.1811624,-0.38215673,0.19106013,-0.6394715,0.39734235,0.3016883,-0.25646022,0.06925231,-0.20839027
151,3871,0.0432958,0.06639876,-0.021432877,-0.10524044,-0.028992668,0.07783085,-0.062419392,0.31520206,0.24846922,-0.31807983,-0.78193516,-0.12878868,-0.31137466,-0.1517331,0.017279591,0.82051843
151,3872,-0.004347354,-0.4069178,0.31657803,0.37289244,-0.4369443,-0.55548185,0.50667125,0.1634388,-0.13341969,0.41721123,-0.49254876,0.2847789,-0.05107824,0.42669892,0.04393125,-0.42186877
151,3883,-0.042198777,0.1130519,-0.0917533,-0.09778598,-0.06790132,0.09370385,-0.06596231,0.2541705,0.23792693,-0.35858947,-0.896291,-0.13858566,-0.2524564,-0.12899779,0.10546137,0.9619227
151,3902,0.33613274,-0.4331581,0.6239449,0.093999796,0.42851865,0.39555413,0.30539104,-0.6125256,-0.6109467,-0.017545074,-0.20685627,0.37516007,0.5023093,-0.3045103,-0.02045294,-0.28132373
151,3908,-0.14674136,0.057120122,-0.6208668,0.15622431,-1.0731547,0.4679052,0.45188808,-1.0557848,0.44595394,0.076999575,0.72441745,0.2972664,-0.9868024,-0.83531344,0.325594,-0.077823244
151,3919,0.28092307,-0.5136522,0.65895265,0.072829165,0.29303357,0.28310263,0.40289664,-0.4757526,-0.5386171,0.051099867,-0.3529094,0.38491645,0.4415165,-0.29186365,0.010987187,-0.25469553
151,3931,-0.045090795,0.4454477,-0.24191225,-0.4397544,0.4396296,0.18389732,-0.5509179,-0.0016365508,-0.43199542,0.5288707,1.2302291,-0.40952426,0.8013858,0.10184993,0.23699316,-0.19857442
151,3940,-0.043197572,0.45648846,-0.24821258,-0.44391024,0.4521145,0.18959087,-0.5602496,-0.0042391066,-0.44288585,0.5369729,1.2501798,-0.41432154,0.81465995,0.10612978,0.23897839,-0.20076606
151,3942,0.152033,0.22365713,-0.16346076,-0.5686312,0.56020844,0.5677415,0.033686146,-0.16994865,-0.36595964,0.79297227,0.81658965,-0.17080921,0.6367988,-0.064573444,0.24643701,0.28005743
151,3974,0.17225671,0.15708986,-0.11064143,-0.593874,0.5242206,0.5777162,0.09648331,-0.10695796,-0.29600236,0.77941406,0.7059515,-0.16044505,0.55881435,-0.13525058,0.23828053,0.330826
151,3984,0.22749503,-0.4293012,0.50945866,-0.09326722,0.40645826,0.4946085,0.3568362,-0.5032715,-0.48197877,0.17427906,-0.10511424,0.280086,0.5333537,-0.32666218,0.09948193,-0.026188858
151,3994,-0.26112884,-0.35939437,0.07670907,0.66507995,0.10748808,-0.4729101,0.3092637,0.35811138,0.25243974,0.42825124,0.004027888,0.18144323,0.08608958,1.095392,-0.25994188,-0.4110377
151,4019,0.17743286,-0.64509857,0.63345534,-0.24473742,0.035822667,0.22560975,0.59927106,0.078733474,-0.09292321,0.3476744,-0.5152348,0.22931843,0.14696653,-0.45558062,0.106258385,0.13766839
151,4035,-0.06591159,0.1197908,-0.1088819,-0.06327294,-0.06347456,0.09494099,-0.0592879,0.15600759,0.17847961,-0.3202418,-0.8246949,-0.12002538,-0.1839426,-0.084073484,0.12748471,0.9066451
151,4037,-0.201116,0.3633864,-0.330727,0.11013416,-0.008795805,0.0703915,-0.21524757,-0.2110852,-0.08525835,-0.4373986,-0.8277334,-0.09162131,0.071161136,0.182462,0.20718889,0.9714465
151,4038,0.07995549,-0.45986238,0.44597322,0.3226053,-0.21334216,-0.31800368,0.51797533,-0.047924552,-0.301468,0.3507697,-0.4408412,0.36291945,0.10008977,0.2349596,0.042777345,-0.41820046
151,4039,0.4082512,-0.38096836,0.45578822,-0.50926757,0.044716477,0.25771716,0.37832308,0.56318927,0.3215187,0.37955374,-0.33633268,-0.058838133,-0.41078955,-0.6794521,-0.055363063,0.36302972
151,4044,-0.22929952,0.45750383,-0.35891485,0.343543,0.04889118,-0.01912871,-0.3535506,-0.42012334,-0.25738907,-0.6941362,-0.9695524,-0.015549339,0.13378252,0.35112676,0.13458323,0.912366
151,4046,-0.20298758,-0.5065669,0.013248537,0.38375264,-0.104594566,0.88154906,0.15280968,-1.0174214,0.8215411,-1.1194541,0.48656082,0.36645493,-0.59641904,-0.8928498,-0.13105294,-0.21956304
151,4047,-0.3321981,0.6473562,-0.53749585,0.39543492,0.11982158,-0.07900074,-0.5140156,-0.622047,-0.4461653,-0.62172157,-0.7218889,-0.04518313,0.3661305,0.5560859,0.1687237,0.83098567
151,4050,0.2788291,-0.28494662,0.27849475,-0.59962016,0.20227253,0.4587676,0.3748459,0.35138497,0.18332274,0.5584769,-0.023312256,-0.10693863,-0.039626963,-0.54808235,0.112280846,0.48520914
151,4052,0.9561853,0.59259784,0.15829696,0.041237958,0.20461828,-0.38949245,-0.48198336,0.025493994,-1.1169379,-0.42321503,-0.0936033,0.3928646,-0.82114017,-0.29462954,-0.7649306,-0.62644255
151,4070,-0.04302579,-0.277332,0.11840026,0.53739464,0.047598157,-0.26745054,0.3151857,0.034720268,0.04840108,0.34699693,0.03784588,0.23113717,0.0043054186,0.65504944,-0.16159847,-0.39541665
151,4077,-0.2000331,0.3436987,-0.29151863,0.22610977,-0.0023659468,0.03712458,-0.22679219,-0.30745703,-0.14495638,-0.5453328,-0.91406894,-0.03405047,0.073853776,0.22301206,0.1721654,0.911335
151,4102,0.40118757,-0.271652,0.52642125,0.12156279,0.72338575,0.6605401,0.11490843,-0.9554304,-0.79937196,-0.13071972,0.120229445,0.36007047,0.71580017,-0.30138415,-0.03499066,-0.30574176
151,4104,-0.08860612,-0.288449,0.12911221,0.45919126,-0.107414596,-0.32274422,0.38083258,0.007662457,-0.06842111,0.40883198,-0.0753953,0.26443508,0.03234915,0.5910991,-0.06559567,-0.39466456
151,4108,0.2431608,-0.12531194,0.13210027,-0.59819925,0.32463065,0.5197357,0.28232276,0.17963083,0.01808059,0.6334874,0.23707002,-0.12581183,0.16919714,-0.39840686,0.1562699,0.4471989
151,4111,0.38000458,-0.25284272,0.4856978,0.08904941,0.70542026,0.6633153,0.09797294,-0.9345288,-0.7666981,-0.113645315,0.15137842,0.32876185,0.713249,-0.2962426,-0.023066234,-0.264079
151,4124,1.0582793,0.40951142,0.3290479,-0.07595811,0.21023253,-0.31053758,-0.37157464,0.38115156,-0.6377682,-0.32435793,-0.23205079,0.25151914,-1.04491,-0.49735036,-0.8059938,-0.5020094
151,4126,0.39783502,-0.26840818,0.5183703,0.11840577,0.69983745,0.63796395,0.11467507,-0.91793144,-0.7680782,-0.123562396,0.11460319,0.34792697,0.68177927,-0.29736283,-0.041114748,-0.2989973
151,4129,0.29850632,0.31061363,-0.1469273,-0.61982316,0.3631676,0.24582925,-0.24851504,0.63290507,0.15529631,0.5768448,0.68959516,-0.43976194,-0.032371096,-0.1785209,-0.049275063,0.29114076
151,4134,-0.17442054,0.29372656,-0.27894807,0.043188654,-0.035149544,0.08740687,-0.1572882,-0.10739954,-0.0038315281,-0.38027954,-0.82014173,-0.10579499,0.009852443,0.1007857,0.20785509,0.97232705
151,4144,-0.056351125,-0.3093671,0.1525681,0.5375314,0.06433501,-0.27133587,0.3332731,0.042390972,0.02656582,0.3534909,0.0018443465,0.24601765,0.04647624,0.66885394,-0.15635836,-0.40040055
151,4152,0.032456264,-0.73478633,0.71928644,0.12577176,0.021588579,-0.019913107,0.658567,-0.21280204,-0.41581517,0.25434238,-0.6218241,0.44781137,0.44507086,-0.043386586,0.09328754,-0.26660773
151,4153,0.03804402,-0.60887104,0.5851465,0.20663148,-0.14081386,-0.22686785,0.5746958,-0.04181574,-0.2954251,0.2912748,-0.5835294,0.37135366,0.24112087,0.1177274,0.05297488,-0.3236342
151,4161,-0.25444025,-0.16369039,-0.20127478,0.64487433,-0.16026881,-0.47714514,0.2827787,0.2309079,0.3791012,0.46079832,0.21169893,0.12695572,-0.18780732,0.98109555,-0.21738224,-0.39264038
151,4173,-0.2664329,-0.062449828,-0.43387228,0.8149464,0.12828638,-0.2808697,0.056484774,0.19675463,0.83695847,0.17491956,0.6101682,0.024407852,-0.39235917,1.0708128,-0.52161336,-0.32958743
151,4175,0.2673591,-0.07317294,0.0818162,-0.6854667,-0.022387408,0.25477487,0.12772378,0.939271,0.6497362,0.2967348,-0.26596898,-0.35599488,-0.5598226,-0.55002654,-0.015278506,0.786266
151,4180,-0.09695384,-0.3736916,0.21689487,0.50022465,0.0462925,-0.30611587,0.37170178,0.098639145,0.0047881138,0.37660688,-0.09905158,0.24779738,0.11628312,0.68192905,-0.12859401,-0.380947
151,4183,0.9561853,0.59259784,0.15829696,0.041237958,0.20461828,-0.38949245,-0.48198336,0.025493994,-1.1169379,-0.42321503,-0.0936033,0.3928646,-0.82114017,-0.29462954,-0.7649306,-0.62644255
151,4198,0.029104501,0.45081368,-0.253502,-0.5121204,0.43982312,0.19862331,-0.5036615,0.15220208,-0.30181485,0.5803715,1.1805183,-0.44213012,0.64530414,0.048605647,0.18149349,-0.10159997
151,4205,0.2217088,-0.5906282,0.6867896,0.049617626,0.12986736,0.14292984,0.503483,-0.30070025,-0.4413168,0.13217722,-0.50657874,0.38502097,0.34860247,-0.27319744,0.04032269,-0.22518405
151,4212,-1.2392337,-0.34713435,0.4275966,-0.7701579,-1.2336032,-1.2463393,-1.139648,0.70510715,0.4650224,-1.4471204,0.22420414,-0.64341366,1.014357,-0.67151415,0.6866132,-1.5081298
151,4214,0.07766615,-0.7873602,0.78375083,0.06509874,-0.15532517,-0.11932355,0.6967659,-0.10132295,-0.36805436,0.21388453,-0.8323524,0.4452629,0.32010806,-0.19182283,0.10581042,-0.24813896
151,4215,0.21900544,-0.09050126,0.06918988,-0.6913974,-0.062062226,0.26648718,0.16205479,0.909431,0.6613559,0.3111186,-0.30726993,-0.35569012,-0.531183,-0.55843496,0.040198192,0.8345977
151,4216,-0.0731184,-0.24818498,0.06366802,0.5603115,-0.03282278,-0.35797834,0.31822172,0.0997024,0.09084429,0.39177704,0.034518555,0.21048199,-0.0412015,0.7339886,-0.15565623,-0.41031387
151,4220,0.8181302,-0.023873962,0.47196946,-0.23511541,0.103322655,-0.092696965,-0.016575254,0.6169966,0.042230207,-0.009073466,-0.35237032,0.049962457,-0.9127257,-0.61540407,-0.5300317,-0.14157012
151,4222,0.14408177,0.2625343,-0.1938386,-0.55418307,0.57626086,0.5548285,-0.0045601204,-0.19151771,-0.39327848,0.7990879,0.87680215,-0.18060331,0.6662723,-0.027264927,0.2451942,0.2502494
151,4224,-0.22204441,0.38071787,-0.3301867,0.20966804,-0.008490823,0.042359695,-0.24611416,-0.2945925,-0.13646553,-0.5687976,-0.9610536,-0.051788278,0.08010736,0.22888169,0.19582877,0.9886965
151,4233,0.5438545,0.2256633,0.112785816,-0.15136148,0.3310458,-0.12838504,-0.45915562,0.8582818,0.25457963,-0.50498205,-0.4468022,-0.19113092,-0.71585137,-0.12423934,-0.58672714,0.3910189
151,4239,-0.06347376,-0.024750456,-0.13479003,0.30397138,-0.55579704,-0.37981355,0.3862112,-0.21953824,-0.27175018,0.50447637,-0.01260525,0.2850868,-0.2164748,0.31853375,0.11686762,-0.40473935
151,4240,0.40092668,-0.23927432,0.49288347,0.119723566,0.7274084,0.66591513,0.07768239,-0.9601683,-0.78654504,-0.14499,0.15925774,0.3359413,0.70562196,-0.2906247,-0.042636413,-0.2969437
151,4245,0.591687,-0.32553485,0.5407064,-0.42580304,0.02611237,0.11004521,0.28161794,0.6898635,0.33559763,0.24154411,-0.44521362,-0.030562686,-0.6852529,-0.72977924,-0.25056326,0.18537815
151,4249,0.008374944,0.38420683,-0.20068708,-0.44148946,0.4486625,0.2332283,-0.44854528,-0.024753736,-0.39310163,0.5170712,1.1077859,-0.35474548,0.73085743,0.048072,0.20812733,-0.14133129
151,4252,0.3445897,0.029415548,0.033383705,-0.7260964,0.094078526,0.2612378,0.041191086,0.97996044,0.6022468,0.37899527,-0.042869136,-0.4011694,-0.5293179,-0.5052434,-0.07878843,0.6963347
151,4257,-0.21123385,-0.10150261,-0.2573307,0.54920226,-0.2646169,-0.38510114,0.29139486,0.093960285,0.33717015,0.4696074,0.26864123,0.12564579,-0.26389295,0.77356493,-0.14175755,-0.34124008
151,4275,-0.26697013,-0.068748005,-0.43218857,0.832205,0.14772761,-0.2704987,0.05431962,0.18776555,0.8471887,0.15923528,0.6201676,0.031236779,-0.3924329,1.0791316,-0.5354929,-0.33657032
151,4278,0.10738452,-0.76904684,0.78052807,0.042012326,-0.16315773,-0.11657722,0.68126845,-0.06368911,-0.3344744,0.20921518,-0.8335023,0.4254477,0.2634871,-0.23436758,0.09033573,-0.22865304
151,4282,0.18269736,-0.6681294,0.66036636,-0.24827227,0.07106246,0.26217797,0.62486494,0.037344947,-0.13585243,0.35422027,-0.5233605,0.25536886,0.19958815,-0.47082946,0.120915905,0.13530721
151,4287,-0.3321981,0.6473562,-0.53749585,0.39543492,0.11982158,-0.07900074,-0.5140156,-0.622047,-0.4461653,-0.62172157,-0.7218889,-0.04518313,0.3661305,0.5560859,0.1687237,0.83098567
151,4288,-0.21123385,-0.10150261,-0.2573307,0.54920226,-0.2646169,-0.38510114,0.29139486,0.093960285,0.33717015,0.4696074,0.26864123,0.12564579,-0.26389295,0.77356493,-0.14175755,-0.34124008
151,4296,0.33959836,0.24604449,-0.095891826,-0.6553491,0.3084551,0.24200326,-0.18504256,0.76142025,0.28427783,0.5246084,0.5087974,-0.4354161,-0.19463502,-0.26648992,-0.08777128,0.38748023
151,4315,0.2195873,-0.0612944,0.07047228,-0.58506113,0.36119422,0.52752554,0.24220547,0.10262625,-0.05315492,0.6593265,0.33856076,-0.12941743,0.25494933,-0.32502848,0.1740147,0.4198636
151,4330,0.084663704,0.372036,-0.20022222,-0.44424185,0.48703104,0.28753856,-0.36070853,-0.011036714,-0.35503235,0.58040965,1.0521549,-0.32626557,0.63411254,0.03519089,0.16344306,-0.055649854
151,4332,-0.17162877,0.14659473,-0.7417773,0.16344047,-1.2408901,0.34342468,0.49182105,-1.0445219,0.41301227,0.24528465,0.75326586,0.28763682,-1.0427821,-0.7478534,0.38071677,-0.11035208
151,4345,-0.09775923,-0.35537285,-0.07423071,0.7729889,0.78303427,0.5678519,-0.0447573,-0.35490838,0.9160383,-0.61129725,0.7538336,0.19544815,-0.3052955,0.36733487,-0.6996629,-0.19945607
