window_id,vehicle_id,z_0,z_1,z_2,z_3,z_4,z_5,z_6,z_7,z_8,z_9,z_10,z_11,z_12,z_13,z_14,z_15
123,348,-0.19362876,-0.34980753,-0.8370044,0.8062235,-0.30357695,-0.35215992,0.24825722,-0.2545604,0.6863564,0.1124205,-0.39981866,0.063078836,-0.7479619,-0.10719544,-0.6666199,-0.39569518
123,2203,-0.18557331,-0.33653364,-0.8123507,0.78843015,-0.29433978,-0.3411572,0.23328349,-0.251594,0.66754705,0.105887875,-0.3868919,0.07196008,-0.72931755,-0.10741832,-0.66360223,-0.3851118
123,1137,-0.18557334,-0.33653364,-0.8123507,0.7884301,-0.29433978,-0.3411572,0.23328352,-0.25159407,0.667547,0.105887875,-0.38689184,0.07196008,-0.72931755,-0.10741832,-0.6636022,-0.3851118
123,3830,-0.19362882,-0.34980747,-0.8370044,0.8062234,-0.30357698,-0.35215992,0.24825716,-0.2545604,0.6863565,0.11242049,-0.39981866,0.063078836,-0.7479619,-0.107195444,-0.66662,-0.3956952
123,3667,-0.19362876,-0.34980753,-0.8370045,0.8062235,-0.30357704,-0.35215992,0.24825719,-0.2545604,0.6863565,0.11242049,-0.39981872,0.063078836,-0.747962,-0.10719544,-0.66661996,-0.3956952
123,1546,0.7184577,1.1150588,0.29410446,0.31639957,-0.5181924,-1.0130502,0.7265837,0.07674977,-0.9672036,-0.003787458,0.86126435,0.24269703,-0.36933026,1.0522523,-0.31296617,0.2207596
123,1924,-0.18557331,-0.3365336,-0.8123507,0.78843015,-0.29433975,-0.3411572,0.23328346,-0.251594,0.667547,0.10588787,-0.3868919,0.071960084,-0.72931755,-0.10741832,-0.6636022,-0.38511184
123,1959,-0.19362873,-0.34980756,-0.83700436,0.8062236,-0.30357704,-0.35215992,0.24825722,-0.2545604,0.6863565,0.1124205,-0.39981866,0.06307882,-0.7479619,-0.10719544,-0.66661996,-0.3956952
123,3606,-0.18557331,-0.33653364,-0.81235063,0.78843015,-0.29433978,-0.3411572,0.23328349,-0.25159404,0.66754717,0.105887875,-0.3868919,0.07196008,-0.7293174,-0.10741832,-0.6636022,-0.38511184
123,2837,-0.18557334,-0.33653364,-0.8123507,0.78843015,-0.29433978,-0.34115714,0.23328349,-0.25159404,0.6675469,0.10588787,-0.38689184,0.071960084,-0.7293174,-0.10741832,-0.66360223,-0.3851118
123,3147,-0.18557334,-0.33653364,-0.8123507,0.78843015,-0.29433978,-0.3411572,0.23328352,-0.25159404,0.6675469,0.105887875,-0.38689184,0.07196008,-0.72931755,-0.10741832,-0.66360223,-0.38511178
123,3482,0.7237233,0.43509704,0.10421226,0.13235818,-1.4557353,0.57960296,0.6955994,0.7916752,1.4380944,-0.49101537,-0.67990667,2.2840106,1.2566249,-0.6679521,-1.4083359,0.42055082
123,2630,-0.19362876,-0.34980756,-0.8370043,0.8062235,-0.30357698,-0.35215992,0.24825725,-0.25456044,0.68635654,0.1124205,-0.39981866,0.063078836,-0.747962,-0.10719544,-0.66661996,-0.39569524
123,1362,0.7237233,0.435097,0.10421226,0.13235824,-1.4557354,0.57960296,0.69559944,0.7916752,1.4380944,-0.49101543,-0.6799068,2.284011,1.256625,-0.66795206,-1.4083362,0.42055076
123,1597,-0.18557331,-0.33653364,-0.81235063,0.78843015,-0.29433978,-0.34115714,0.23328349,-0.25159404,0.6675469,0.105887875,-0.38689184,0.071960084,-0.7293174,-0.10741832,-0.66360223,-0.3851118
123,4349,0.15478185,0.16821845,0.34642145,-0.09961116,0.42161974,0.028442293,-0.3992439,-0.016436316,-0.52251214,-0.1705427,0.51572394,0.41323408,0.780072,0.06481378,0.62788594,0.28815448
123,2,0.8104018,0.26665697,0.04708083,-0.3937587,-0.042170614,0.48847115,0.4271813,0.2820912,-0.23536858,1.1852841,-0.1157355,-0.40121356,-0.5422443,0.52539176,-0.5989549,-0.28102627
123,3,-0.38616243,0.1700001,0.43031594,-0.5319986,-0.5905607,-0.009222165,0.21568158,0.08660661,0.28337064,-0.76681536,-0.25286132,-0.7739384,-0.6017487,-0.03342036,-0.12500772,0.18741885
123,5,-0.3743805,0.13841863,0.39408907,-0.57809323,-0.6450763,0.07946506,0.25145414,0.09221069,0.3825317,-0.69666094,-0.36643726,-0.8770808,-0.7313863,-0.04547264,-0.25128347,0.11114814
123,22,-0.22844583,-0.23312694,-0.1878972,0.37879044,0.5115307,-0.17208807,-0.54132956,-0.41843885,-0.3271962,-0.119810924,0.19672859,0.26298204,0.07200303,-0.14001033,-0.2849856,-0.19433182
123,23,-0.2967698,-0.3265895,-0.49557215,0.6281017,0.23519363,-0.3005777,-0.28897506,-0.45745605,0.009009361,-0.07288656,-0.03400922,0.11135699,-0.3913339,-0.1090973,-0.57444865,-0.34453082
123,32,-0.47045687,0.10581572,0.46179405,-0.51646364,-0.4567432,0.0011585057,0.08105314,0.08397406,0.23854718,-0.8497202,-0.18043198,-0.6430163,-0.35639676,-0.15009825,0.068725675,0.26372764
123,35,0.4878744,0.9598207,0.36380112,0.16582344,-0.503597,-0.8702689,0.59293985,0.07231007,-0.78444,-0.25290197,0.7238535,0.13878809,-0.29110727,0.84268093,-0.16150385,0.28676528
123,44,1.0102432,1.0966222,0.13394433,0.3767835,-0.41567954,-0.8512073,0.851073,0.115314566,-1.0353167,0.6491719,0.7996692,0.08571808,-0.605193,1.1966473,-0.7075135,-0.082663015
123,85,0.48697558,0.28327414,0.021823287,0.24069403,-1.003374,0.3592881,0.40563864,0.4759915,1.0059187,-0.45301634,-0.46104497,1.8400662,0.9507172,-0.53319913,-1.2245901,0.27753726
123,88,-0.55368733,0.1796856,0.5143448,-0.5013954,-0.57697093,-0.1665744,0.16333628,0.074024655,0.21588105,-1.0580684,-0.14349799,-0.6971834,-0.4641578,-0.09376072,0.062198624,0.3484513
123,92,0.018923432,-0.061571293,-0.14075974,0.369443,-0.050009906,0.008578584,-0.18782027,-0.109946355,0.16880682,-0.26615113,-0.054976553,0.8772537,0.39995086,-0.2932648,-0.69768757,-0.03699439
123,101,-0.3284527,0.0985984,0.43626767,-0.50050384,-0.32796776,0.09913036,0.028147042,0.09093645,0.1667651,-0.634532,-0.12862237,-0.5489448,-0.21935436,-0.122140646,0.108231306,0.20907182
123,109,-0.37707862,0.15462473,0.41424185,-0.54295594,-0.59384227,0.026529483,0.21635541,0.0885165,0.31161287,-0.73097104,-0.2857076,-0.7932986,-0.6260662,-0.043401185,-0.15662104,0.16049615
123,110,0.8016069,0.2958134,0.05889873,-0.3564822,-0.034322843,0.42149246,0.40057665,0.25877863,-0.2730157,1.1334574,-0.052831218,-0.37452647,-0.50829077,0.5477615,-0.54956686,-0.26143137
123,119,-0.52563226,0.17803559,0.49571142,-0.48337287,-0.5519384,-0.15974902,0.1496214,0.0730015,0.2028366,-1.0104607,-0.13353612,-0.66470784,-0.44494954,-0.09241941,0.06590927,0.33586237
123,122,0.45358607,0.93644905,0.37431028,0.14015816,-0.50698197,-0.8456052,0.5818251,0.07322993,-0.75457466,-0.28347152,0.6979246,0.108382426,-0.2929993,0.8146223,-0.15392312,0.2906196
123,127,-0.25947058,-0.23071885,0.11901952,0.10626587,0.7107252,-0.04031506,-0.6956564,-0.3370435,-0.4994151,-0.25307256,0.34505743,0.2170861,0.44853395,-0.19826798,0.15753308,-0.005669158
123,143,-0.35831198,0.15662092,0.4052461,-0.53203493,-0.5793859,0.028044984,0.21012542,0.08798532,0.3002466,-0.7033942,-0.27638865,-0.77379054,-0.613816,-0.038652986,-0.15319663,0.154441
123,146,-0.29304153,-0.2912808,-0.15407592,0.28682286,0.64918745,-0.11471671,-0.6243434,-0.43204716,-0.41137812,-0.092767134,0.22947046,0.14386062,0.15018168,-0.16115043,-0.10942787,-0.2163353
123,154,0.105378546,-0.12027498,0.30297464,-0.41733205,0.4620379,0.6487345,-0.48110092,0.07469645,-0.13803361,0.16397227,0.08583219,0.005378343,0.67875344,-0.19322091,0.50261635,0.034213178
123,155,-0.3839459,-0.35566664,-0.44584572,0.63442594,0.39838728,-0.3184716,-0.45242012,-0.5690473,-0.16952586,-0.17191066,0.05977417,0.117882274,-0.35120937,-0.11774303,-0.6617411,-0.36493713
123,156,-0.18557334,-0.33653364,-0.8123507,0.78843015,-0.29433978,-0.3411572,0.23328349,-0.25159404,0.667547,0.105887875,-0.38689184,0.071960084,-0.72931755,-0.10741832,-0.66360223,-0.38511178
123,166,-0.31375125,0.06782825,0.44246203,-0.54012674,-0.2990464,0.18271051,0.00944978,0.099920765,0.19036183,-0.5852844,-0.15673222,-0.5705888,-0.18399805,-0.14218113,0.10846917,0.18121392
123,175,0.35901153,0.51364946,0.3432416,-0.104052484,-0.07598622,-0.2923966,0.15155858,0.07375892,-0.5391071,0.023779541,0.47680467,-0.039474882,-0.017347425,0.4974078,0.1819784,0.21297875
123,178,0.33093214,-0.15961882,0.12738751,-0.62620234,0.21426843,1.0426087,-0.21454006,0.19815509,0.22546959,0.7846835,-0.36257738,-0.455224,0.16219388,-0.1308035,-0.07911837,-0.3459993
123,183,0.47281694,-0.025625855,0.09267408,-0.5523816,0.11247749,0.8904505,-0.022058412,0.21243082,0.10707012,0.9179423,-0.30600446,-0.46547988,-0.07168844,0.07045327,-0.27114874,-0.34223062
123,195,-0.20411918,-0.39418647,-0.81031466,0.375691,-0.13866347,-0.44692737,0.8621334,0.4330303,0.49029523,0.6421776,-0.2606312,-0.09401897,0.019631594,-0.020972691,1.409246,0.07286322
123,199,-0.023179308,-0.10651285,-0.21523222,0.44009387,-0.041960195,-0.047987804,-0.18813053,-0.1656438,0.20834818,-0.22310238,-0.08224642,0.7592315,0.20343882,-0.26270467,-0.7222853,-0.0922117
123,205,-0.2438803,-0.23243278,0.10097876,0.11751944,0.719324,-0.040882275,-0.69267654,-0.33800256,-0.49943912,-0.21740969,0.34312457,0.23844817,0.46111682,-0.19095202,0.16452444,-0.020552129
123,206,0.33760202,0.6384506,0.36437732,0.009247556,-0.17863464,-0.5519709,0.28236717,0.062903374,-0.6550618,-0.09541021,0.5882867,-0.05767087,-0.16304222,0.6034697,0.0899131,0.24426931
123,223,-0.30031803,0.15360504,0.46857437,-0.467108,-0.30123827,0.025713444,0.030893713,0.08877504,0.07027955,-0.66222835,-0.028041765,-0.47107187,-0.13415751,-0.06882547,0.17835099,0.25878093
123,224,-0.28394094,-0.29271305,-0.20937914,0.3482492,0.586981,-0.13903172,-0.584466,-0.44613314,-0.35631132,-0.08735941,0.18712315,0.16347584,0.064434364,-0.15610495,-0.2242522,-0.2437213
123,237,0.30774605,0.12571323,0.06790197,0.2840851,0.13967118,-0.038703024,-0.2761139,-0.04656408,-0.017858043,-0.09115629,0.17469858,1.0807828,0.6561947,-0.16405423,-0.22640356,0.16216132
123,243,-0.33849975,-0.33576763,-0.42650765,0.5967685,0.38168377,-0.29476506,-0.42654935,-0.520565,-0.1538567,-0.12589629,0.054828603,0.13186827,-0.29689735,-0.11680411,-0.56783324,-0.3415108
123,258,0.33486143,-0.14877206,0.122804746,-0.6141424,0.20544213,1.0196221,-0.2052014,0.1975124,0.21651685,0.7832599,-0.35385412,-0.448108,0.1505422,-0.120970026,-0.08355576,-0.34149387
123,264,0.7237232,0.435097,0.10421226,0.13235821,-1.4557353,0.57960296,0.69559926,0.7916752,1.4380944,-0.49101537,-0.6799068,2.284011,1.256625,-0.6679521,-1.4083359,0.42055076
123,267,-0.501248,-0.4980768,-0.6627824,0.67756796,0.36293983,-0.36561018,-0.33393177,-0.5816145,-0.05465728,-0.00849928,-0.069364846,-0.23801261,-0.6208817,-0.09464,-0.5030317,-0.5135133
123,283,-0.47344592,0.09490999,0.49579272,-0.547299,-0.42448184,0.040478267,0.06306213,0.0889772,0.22371864,-0.85798806,-0.16536303,-0.6485047,-0.29050872,-0.15763935,0.110233694,0.27547726
123,291,-0.16756853,-0.18145964,0.28239128,-0.17248298,0.6041,0.25954968,-0.6538488,-0.1470159,-0.36033309,-0.26626527,0.27205223,0.15227596,0.68455243,-0.23890205,0.46989155,0.1414434
123,302,-0.18664694,-0.24872136,0.23232996,-0.1785292,0.63477373,0.31943315,-0.6825782,-0.16192085,-0.31454962,-0.18898003,0.19873436,0.09997972,0.6309215,-0.28461623,0.41256893,0.06882947
123,304,-0.18129793,-0.35394755,-0.7497359,0.32197475,-0.12878668,-0.42412603,0.860718,0.46919802,0.45992923,0.63562405,-0.233683,-0.060458936,0.08258116,-0.02248796,1.4554267,0.120373785
123,305,0.105378546,-0.12027497,0.3029746,-0.41733205,0.4620379,0.6487345,-0.48110092,0.07469645,-0.13803361,0.16397227,0.08583219,0.0053783357,0.67875344,-0.19322091,0.50261635,0.034213178
123,306,0.14861669,0.13164403,0.36173618,-0.14243759,0.46044576,0.110011846,-0.42959854,-0.010992363,-0.5098342,-0.15060435,0.4946509,0.38731822,0.8293549,0.04229124,0.65238446,0.2759508
123,309,0.7732873,0.19448973,0.035772696,-0.44583213,-0.038910255,0.595303,0.4087885,0.30221772,-0.14816138,1.1851901,-0.21067561,-0.41856036,-0.5352063,0.42922044,-0.6182154,-0.30034783
123,312,-0.47805455,0.08751475,0.46794653,-0.5416837,-0.45292428,0.04099454,0.075146735,0.08784116,0.26038176,-0.8442858,-0.20327894,-0.6668696,-0.3511674,-0.16621836,0.063647315,0.25325024
123,314,0.18079686,0.03646978,0.31250194,-0.26738894,0.4426762,0.36182755,-0.41976368,0.04643515,-0.34155685,0.06427815,0.2993052,0.204957,0.73056686,-0.037189007,0.57433796,0.14241087
123,325,0.4496311,0.22515523,0.081257224,0.06637439,0.19005111,0.011878327,-0.122252144,0.07990764,-0.3052712,0.17007235,0.30942523,0.6117061,0.684829,0.08568971,0.28609258,0.17094311
123,338,-0.21845028,-0.297158,0.22601,-0.21985325,0.6415974,0.3899647,-0.70105207,-0.15887627,-0.2691837,-0.17960562,0.14139727,0.026231453,0.603963,-0.3294052,0.39637533,0.04083763
123,340,0.6745131,1.0866756,0.31729108,0.2714796,-0.5202149,-0.97866017,0.72179574,0.077323735,-0.9366942,-0.034491763,0.8279385,0.1652554,-0.39868912,1.0347992,-0.31604332,0.21923897
123,342,0.18148398,0.7347118,0.44657978,-0.04922931,-0.4844056,-0.64906555,0.41811872,0.07310743,-0.5139733,-0.55121934,0.51099277,-0.029066019,-0.20564279,0.55219686,0.013235256,0.35386035
123,343,0.30177236,0.14668038,-0.042757787,0.29342234,-0.6104814,0.21110432,0.16110158,0.23543423,0.65903956,-0.36810452,-0.2906047,1.4384023,0.7133713,-0.42771852,-0.99819237,0.15147543
123,362,-0.4297181,0.07768232,0.4549645,-0.5267463,-0.3865985,0.07572661,0.037678838,0.08945931,0.22698441,-0.7640449,-0.17438473,-0.60794884,-0.27226436,-0.16933769,0.09923673,0.23871076
123,363,-0.32532853,0.05242103,0.44304907,-0.54281026,-0.28048587,0.19704433,-0.010324314,0.09952216,0.19300553,-0.588639,-0.15733339,-0.5603271,-0.15673411,-0.1634414,0.12612088,0.18436417
123,364,0.5213696,0.30915743,0.039465323,0.21652381,-1.0568275,0.38623035,0.4419824,0.51946944,1.0490947,-0.45015734,-0.48144305,1.8776839,0.9824456,-0.54281163,-1.2254047,0.29947883
123,366,-0.4385216,-0.44540387,-0.60229933,0.64036095,0.33553565,-0.33661437,-0.32573527,-0.53617215,-0.050705917,-0.014139622,-0.053051487,-0.15641549,-0.5434315,-0.097132996,-0.48484272,-0.4611994
123,367,0.15374087,0.09814844,0.34629393,-0.18288358,0.45633876,0.18981877,-0.42888653,0.0066152513,-0.45704073,-0.08987646,0.4332592,0.32661536,0.79921377,0.012594968,0.63355166,0.23740801
123,394,0.83084357,1.1498667,0.2591719,0.34163857,-0.49858263,-1.0083451,0.79569244,0.084254414,-1.0295708,0.19550619,0.8754121,0.1777712,-0.47700217,1.1565275,-0.44293004,0.1351285
123,396,-0.106588125,-0.15298933,-0.08245186,0.35411793,0.49735188,-0.14463247,-0.53232193,-0.34271094,-0.30120546,-0.15645967,0.24294676,0.5533011,0.35066524,-0.1631379,-0.22477397,-0.07338854
123,404,0.47603306,-0.031656258,0.09263785,-0.56345594,0.11372607,0.91095066,-0.021875665,0.21546154,0.115573004,0.93126523,-0.31743073,-0.47789118,-0.07183471,0.068599224,-0.27836394,-0.35078284
123,405,0.6873145,0.32971466,0.110112675,-0.27119514,-0.007949784,0.26501912,0.27408916,0.19079253,-0.32302487,0.8749355,0.08407404,-0.26361907,-0.3378196,0.5012701,-0.33599967,-0.16760504
123,416,0.15953532,0.09026153,0.3342237,-0.19273429,0.44620618,0.21056274,-0.42143497,0.0143329315,-0.43503642,-0.059887275,0.40786272,0.30208874,0.7714627,0.0047205463,0.6173522,0.21886563
123,422,-0.27117035,-0.2929346,-0.36307508,0.56013185,0.38629535,-0.2692752,-0.43272874,-0.47361112,-0.1721069,-0.11909293,0.08581935,0.23937863,-0.16287774,-0.123247266,-0.49523073,-0.28170088
123,423,-0.017960355,-0.0109866485,0.3233013,-0.14205332,0.51828074,0.1500364,-0.5357373,-0.07868351,-0.43953437,-0.23467372,0.39952272,0.29102856,0.754246,-0.097052895,0.5697707,0.22684893
123,433,-0.16509587,-0.23521551,0.017728306,0.11411843,0.6905166,0.008910745,-0.63787794,-0.29847056,-0.43445632,-0.025854573,0.27320957,0.24626139,0.44856378,-0.17353511,0.20088004,-0.09658619
123,442,0.7972187,0.23815426,0.041131258,-0.41423798,-0.043313175,0.52969205,0.42562103,0.2922813,-0.20211032,1.1882577,-0.1555955,-0.40669933,-0.54661465,0.4879489,-0.612674,-0.28796646
123,444,-0.10169095,-0.19787568,0.01204589,0.122519895,0.63140047,0.016190477,-0.5922824,-0.2620682,-0.38547194,0.0036035925,0.25158823,0.32165554,0.47093427,-0.16827556,0.18267244,-0.0804621
123,448,0.35535786,0.14175479,0.069396265,0.25303215,0.12437104,-0.009655014,-0.2513186,-0.008749336,-0.0012853146,-0.032898724,0.15934308,1.0852342,0.69063663,-0.15625122,-0.1567544,0.16758299
123,461,0.1894534,0.04525548,0.15861446,-0.02839692,0.38453203,0.12212052,-0.36750403,-0.02703096,-0.33096665,0.0106006265,0.29114777,0.43112513,0.67422485,-0.05358674,0.34901237,0.1363337
123,465,0.48337263,0.20835073,0.018765949,0.0899363,0.176604,0.0123977065,-0.09029876,0.08399475,-0.27215907,0.24086303,0.26008874,0.6086257,0.6534642,0.08178279,0.24979456,0.12938632
123,467,-0.50796366,-0.53139925,-0.71203345,0.64582217,0.35295615,-0.35594165,-0.28354356,-0.5458512,-0.019492052,0.088373005,-0.109300196,-0.3616764,-0.65951276,-0.08646979,-0.35162675,-0.54452807
123,469,-0.4053097,0.17337614,0.44045186,-0.53743476,-0.6064261,-0.022650093,0.22362149,0.08620306,0.28790808,-0.8008962,-0.25458598,-0.78796595,-0.6133543,-0.03385567,-0.12438145,0.1987907
123,485,-0.4123868,0.18156204,0.43680125,-0.57962924,-0.70028627,-0.002335459,0.2944048,0.089646176,0.35816187,-0.809056,-0.33471113,-0.90638274,-0.7650856,-0.00753852,-0.23812267,0.16163322
123,496,-0.23921105,-0.42432803,-0.82522655,0.47590196,-0.16030267,-0.3674518,0.59013706,0.17662048,0.5217028,0.48878747,-0.31305158,-0.14844951,-0.24799877,-0.050616767,0.78674555,-0.13329574
123,498,0.8841845,0.8282046,0.12010743,0.21388297,-0.17993397,-0.5575544,0.6001882,0.103151575,-0.8687789,0.7908381,0.6325067,-0.12068888,-0.5655074,1.0028036,-0.5285924,-0.14194497
123,514,0.16893648,0.06484951,0.32904148,-0.22783913,0.45380563,0.2807566,-0.42600042,0.02772528,-0.40128154,-0.008806154,0.36677212,0.26284593,0.7684612,-0.013139851,0.6111187,0.1897566
123,529,0.24944186,-0.21799827,0.1715435,-0.6425859,0.29097483,1.084435,-0.32382783,0.17775562,0.24400097,0.66127336,-0.34818298,-0.4006873,0.305124,-0.23063661,0.052979633,-0.30785802
123,540,-0.27024484,0.20136493,0.46783122,-0.41962278,-0.30018067,-0.053708673,0.045574933,0.08295857,0.0065743923,-0.6665994,0.03660667,-0.41484746,-0.12215561,-0.020499721,0.2010757,0.28482753
123,545,-0.5024885,0.11384579,0.48071045,-0.5290053,-0.49012223,-0.021404535,0.10044545,0.08360641,0.24864581,-0.9092304,-0.18655436,-0.6751844,-0.3852488,-0.1467001,0.0633073,0.28172827
123,548,0.12381101,0.0067809075,0.0108862,0.27983433,0.28116572,-0.068281904,-0.37685764,-0.15756768,-0.13714747,-0.09588091,0.19462895,0.7847387,0.4841529,-0.16250499,-0.19421715,0.054415524
123,552,-0.13361901,-0.21603563,0.0152570605,0.119091555,0.6610608,0.01126904,-0.6154292,-0.28074116,-0.41117215,-0.011482939,0.26357144,0.2845454,0.4594583,-0.17025858,0.19158216,-0.088221036
123,562,0.014602214,0.5561949,0.5166675,-0.085914634,-0.19389606,-0.6006092,0.122745514,0.03813395,-0.5684367,-0.6477969,0.599941,0.0035073757,0.079767205,0.38662225,0.44607258,0.4895561
123,563,0.43820283,-0.04381139,0.09969264,-0.5545332,0.13107951,0.8995828,-0.07132271,0.20108195,0.12449655,0.8743192,-0.30108625,-0.45635524,-0.015561268,0.033545926,-0.22005525,-0.3380803
123,579,-0.31255403,-0.46811408,-0.7726395,0.6223064,0.07232204,-0.31564134,0.018911272,-0.29298273,0.32076663,0.23967895,-0.25272304,-0.15971515,-0.49562314,-0.11336278,-0.14895892,-0.44031045
123,585,-0.5561861,0.1535477,0.50853175,-0.51005155,-0.5472506,-0.1268001,0.13553584,0.07583119,0.22753158,-1.0351574,-0.15481181,-0.6865827,-0.42865053,-0.12328775,0.07602127,0.3384956
123,597,-0.3786715,-0.33337998,-0.42824054,0.6416459,0.36911198,-0.31806123,-0.44898495,-0.5712461,-0.15644573,-0.21417291,0.06250106,0.14830275,-0.3705863,-0.1188997,-0.7411268,-0.34976542
123,603,-0.32532853,0.05242103,0.443049,-0.5428102,-0.28048587,0.19704434,-0.010324299,0.09952216,0.1930055,-0.58863896,-0.15733339,-0.5603272,-0.15673411,-0.16344139,0.12612088,0.18436414
123,604,-0.44447574,0.09844242,0.4799899,-0.52508086,-0.39830044,0.037660107,0.049959928,0.08739004,0.20208842,-0.81561905,-0.14615814,-0.6098372,-0.2660653,-0.15160944,0.12065352,0.26852033
123,610,0.082194045,-0.03624496,0.087729536,0.06987831,0.47877562,0.011588007,-0.4401487,-0.13395841,-0.38619384,-0.026210636,0.29940516,0.3978982,0.5726818,-0.082134485,0.25432402,0.06768699
123,612,-0.3372337,0.054395977,0.45221236,-0.5491286,-0.28956696,0.19148117,-0.0051995665,0.09967734,0.19520059,-0.61077255,-0.15798272,-0.57140857,-0.16144964,-0.16315052,0.12790994,0.19200546
123,615,-0.2355581,-0.23146367,0.09370159,0.11917181,0.71795535,-0.038681492,-0.6878512,-0.33516333,-0.49544188,-0.20002945,0.33925277,0.24272048,0.46161905,-0.18815446,0.167722,-0.026820876
123,618,-0.422927,-0.51448864,-0.7614503,0.65618414,0.21877521,-0.34925175,-0.13506156,-0.4384755,0.14834091,0.16348703,-0.183145,-0.2817297,-0.6102842,-0.09536895,-0.26653785,-0.50905323
123,628,0.31834236,0.13267647,0.12147486,0.01396881,0.29448378,0.072889805,-0.24782763,0.027239151,-0.3225646,0.10021168,0.30264574,0.5114074,0.6768801,0.017563663,0.3273384,0.14847836
123,644,-0.26909426,-0.47166908,-1.0155282,0.89399517,-0.32200497,-0.43830144,0.37604266,-0.23458064,0.7552271,0.21770969,-0.46125948,-0.045732103,-0.7974498,-0.08552776,-0.44171208,-0.44362497
123,655,0.5713286,0.45739314,0.22334301,-0.17054771,-0.0441024,-0.04055956,0.23956126,0.13289568,-0.4726308,0.49803698,0.311185,-0.14658836,-0.19605535,0.5564631,-0.09206337,0.014779594
123,663,-0.068513274,-0.25419587,-0.73503685,0.31810778,-0.1890541,-0.557587,1.143811,0.68507075,0.51718265,0.7135052,-0.2008325,0.12920693,0.26866752,-0.011458337,1.7324746,0.32465404
123,666,0.5450761,0.023116186,0.07483858,-0.52790374,0.067599,0.82672465,0.092258304,0.23627418,0.05548191,0.9857145,-0.29837114,-0.4554297,-0.20308447,0.1500188,-0.3745383,-0.33239326
123,670,0.053105727,-0.040689267,-0.14679676,0.36214298,-0.16419548,0.039490975,-0.120623715,-0.05700945,0.3081868,-0.24442865,-0.12568288,0.882307,0.32217383,-0.30480087,-0.7491289,-0.028371483
123,674,-0.44195476,-0.5090138,-0.72558606,0.63282156,0.26830095,-0.3407752,-0.19184817,-0.46669137,0.07793094,0.1430378,-0.15022735,-0.31575617,-0.6179582,-0.08964935,-0.27485198,-0.512962
123,684,-0.15085804,-0.3143392,-0.7710267,0.29935825,-0.16251281,-0.53271645,1.1558115,0.67875344,0.49104542,0.73408127,-0.21311466,0.012368545,0.21339877,0.008052081,1.822478,0.28351077
123,686,-0.32845274,0.098598406,0.43626767,-0.50050384,-0.32796773,0.099130355,0.028147042,0.09093645,0.16676512,-0.634532,-0.12862238,-0.5489449,-0.21935439,-0.122140646,0.108231306,0.20907182
123,704,-0.3495536,0.056021012,0.45781893,-0.53889287,-0.27936053,0.17224124,-0.015932992,0.096913405,0.179748,-0.6341327,-0.13885503,-0.55156434,-0.13810855,-0.16903177,0.15305302,0.209658
123,714,0.25024596,0.106033914,-0.063859515,0.31250036,-0.49910894,0.16885395,0.09252074,0.16660546,0.562242,-0.34402782,-0.24364866,1.3330969,0.6521988,-0.39928204,-0.93899757,0.114481084
123,728,-0.5561861,0.1535477,0.5085317,-0.51005155,-0.5472506,-0.12680008,0.13553584,0.07583119,0.22753152,-1.0351573,-0.15481181,-0.6865827,-0.42865053,-0.12328776,0.076021284,0.33849564
123,729,0.037341893,0.5435021,0.50790846,-0.08203997,-0.15940073,-0.57232445,0.09720197,0.036586244,-0.57273525,-0.6126211,0.60323477,0.038909525,0.12716126,0.3717876,0.4727484,0.48279992
123,730,0.57077885,0.7411241,0.2772897,0.09703703,-0.1840305,-0.59301025,0.4269253,0.08074254,-0.7669291,0.252442,0.6309613,-0.079647355,-0.3292717,0.7989192,-0.14076662,0.10558625
123,743,-0.51215327,-0.5446583,-0.7367348,0.6608351,0.3447305,-0.3650487,-0.26738065,-0.5458795,-0.0012507066,0.10409941,-0.12364322,-0.3751073,-0.6765839,-0.08478068,-0.3402775,-0.5556428
123,745,0.115315236,0.5349421,0.47238573,-0.09254593,-0.13902852,-0.49879467,0.109368205,0.043841716,-0.5633379,-0.46058095,0.57301396,0.0053398833,0.08894431,0.4057752,0.39861903,0.413551
123,781,0.3440224,0.16786349,-0.052773364,0.31813145,-0.80066395,0.27539426,0.26310658,0.31457788,0.88040394,-0.43527842,-0.40720028,1.6498799,0.7863488,-0.50359946,-1.2011211,0.17846948
123,795,-0.2003339,-0.407862,-0.76122457,0.5485161,-0.05888167,-0.29239112,0.20133615,-0.10505858,0.46291608,0.3404935,-0.2983393,-0.050022967,-0.32671985,-0.12164191,0.118402824,-0.32347485
123,801,0.24944186,-0.21799827,0.1715435,-0.6425858,0.2909748,1.0844352,-0.32382783,0.17775562,0.24400103,0.6612734,-0.34818292,-0.4006873,0.30512404,-0.2306366,0.05297962,-0.30785802
123,804,-0.23753795,-0.4192177,-0.8024471,0.5194805,-0.16222379,-0.31571704,0.41571563,0.029771991,0.506484,0.39451176,-0.31909275,-0.16355428,-0.38599727,-0.06139822,0.41431758,-0.24247056
123,808,-0.30659047,-0.040632866,0.30864286,-0.6998801,-0.5356144,0.46409667,0.15491158,0.117126465,0.56791234,-0.38696373,-0.580653,-0.96015173,-0.69909596,-0.19107363,-0.3622983,-0.08128788
123,810,0.14398251,-0.027119197,0.3081315,-0.32808074,0.44056875,0.47489232,-0.439887,0.05689439,-0.25063217,0.09614998,0.20577432,0.11601581,0.69603086,-0.10529076,0.53705025,0.1004908
123,856,-0.26780286,-0.23662537,0.12279945,0.11164473,0.7270162,-0.046001434,-0.70853645,-0.34642297,-0.5128205,-0.2654047,0.3554564,0.22565399,0.463772,-0.19885592,0.16183235,-0.0023731142
123,869,0.41501147,-0.07938837,0.10651987,-0.58691627,0.15408342,0.9588576,-0.112976894,0.2030046,0.16224006,0.86637944,-0.32632214,-0.47424874,0.03776191,-0.009140842,-0.18561798,-0.35270348
123,873,0.00861007,-0.2635523,-0.72067577,0.39950663,-0.30334303,-0.3346771,0.70171565,0.3762824,0.71253115,0.52930784,-0.33882278,0.26411977,0.13672021,-0.13027182,0.86206746,0.05475784
123,876,0.036376327,0.035778254,0.33427516,-0.13972531,0.50091445,0.13386436,-0.50233835,-0.057052337,-0.46462002,-0.20527776,0.43243867,0.32442194,0.777735,-0.05048447,0.5972917,0.24207428
123,878,0.36754596,-0.11216173,0.110283814,-0.58941686,0.17673181,0.97024196,-0.15963389,0.2003903,0.18513331,0.81047237,-0.33406603,-0.44546828,0.09889895,-0.071193,-0.12372908,-0.33878124
123,880,-0.093973204,-0.088087164,0.30008024,-0.15092605,0.54522514,0.19022433,-0.58541864,-0.110795975,-0.39268646,-0.25667495,0.33404025,0.22416708,0.70314264,-0.16770157,0.5108814,0.1869674
123,897,-0.18557331,-0.33653364,-0.8123507,0.78843015,-0.29433978,-0.34115714,0.23328349,-0.25159404,0.6675469,0.105887875,-0.38689184,0.071960084,-0.7293174,-0.10741832,-0.66360223,-0.38511178
123,906,-0.4827977,0.05627127,0.47452417,-0.57258123,-0.42689797,0.10485114,0.05216837,0.093052,0.28204465,-0.8233243,-0.22624402,-0.6815574,-0.3163808,-0.19579607,0.07242748,0.23893002
123,909,0.22095886,0.07068078,0.04305869,0.28878313,0.20752017,-0.057396412,-0.32643098,-0.102199495,-0.07512538,-0.101934865,0.18763474,0.95554554,0.5809163,-0.16470614,-0.22103414,0.11491361
123,924,0.34499642,0.13673824,0.0695131,0.24045233,0.13068572,-0.005836278,-0.25462157,-0.008931495,-0.010424569,-0.025537431,0.15959892,1.0473716,0.67353624,-0.15404451,-0.13814592,0.16113478
123,925,0.17405128,-0.0043006837,0.030327395,0.18619536,0.34478378,0.013016403,-0.38961926,-0.10679455,-0.16673502,0.024407402,0.19062667,0.7450609,0.6060902,-0.15110312,0.027986959,0.048907734
123,932,0.03637632,0.035778254,0.33427516,-0.13972531,0.50091445,0.13386436,-0.5023383,-0.057052344,-0.46462,-0.2052777,0.43243873,0.3244219,0.777735,-0.050484475,0.5972918,0.24207425
123,951,-0.4615012,0.09472216,0.48788622,-0.5373775,-0.4114534,0.04081974,0.055427283,0.08822914,0.21526778,-0.83851737,-0.15782563,-0.6303896,-0.278235,-0.15733385,0.11546944,0.27195197
123,953,-0.009504929,0.5729931,0.54020524,-0.072519705,-0.19481716,-0.65202576,0.115707844,0.033567123,-0.5957999,-0.72295207,0.6384105,0.042618245,0.12539233,0.38476783,0.5075419,0.5367023
123,954,-0.46720275,0.07814543,0.46720436,-0.5498238,-0.4366556,0.067804135,0.06553632,0.09021504,0.26226,-0.8196247,-0.20724888,-0.66503376,-0.33265767,-0.17169785,0.06721312,0.24340832
123,955,-0.26682398,-0.23327634,0.13484138,0.10449991,0.72927666,-0.042385444,-0.7130121,-0.3435489,-0.5177523,-0.2772457,0.36181146,0.22962753,0.47866938,-0.19919011,0.17357047,0.00964102
123,956,-0.5097201,-0.5179803,-0.6861211,0.6549635,0.36730695,-0.35852516,-0.31456923,-0.5655511,-0.045657657,0.043620974,-0.08670692,-0.31260347,-0.6395836,-0.09053397,-0.41591018,-0.53228396
123,973,-0.5169281,0.12770075,0.48681098,-0.5148698,-0.5008131,-0.061443776,0.10623151,0.08003649,0.23404756,-0.9464317,-0.16795982,-0.6650789,-0.38903537,-0.13982745,0.07542217,0.30274048
123,975,0.5073317,0.001695253,0.08183126,-0.5327775,0.085733,0.84517145,0.040439397,0.22384812,0.077816576,0.9438964,-0.29948336,-0.4511806,-0.14696166,0.10939035,-0.32684225,-0.33110932
123,1001,-0.39227697,0.15843691,0.4092006,-0.57868683,-0.67873585,0.041165546,0.27621162,0.0908359,0.37852687,-0.7470669,-0.3597135,-0.89717144,-0.76210904,-0.027328543,-0.25615102,0.13002995
123,1004,0.7732873,0.19448972,0.03577269,-0.4458322,-0.03891027,0.59530294,0.4087885,0.30221775,-0.14816138,1.1851901,-0.21067567,-0.41856036,-0.5352063,0.42922038,-0.6182153,-0.30034786
123,1006,0.62315077,0.07582252,0.062352225,-0.5089659,0.033981353,0.76631606,0.19629198,0.26016453,-0.0059664473,1.0624207,-0.277026,-0.4537212,-0.3104439,0.24213554,-0.45803088,-0.3284776
123,1012,0.23419835,-0.22936767,0.18723461,-0.6470835,0.3157838,1.0948035,-0.34950823,0.1733248,0.23657718,0.63210213,-0.33650684,-0.38471362,0.3494072,-0.24660558,0.09167747,-0.29464033
123,1018,0.78812337,0.20402645,0.035939142,-0.44623345,-0.042695463,0.59375185,0.42195636,0.30383933,-0.1580779,1.2046975,-0.2069527,-0.42739156,-0.54864323,0.44947606,-0.6324246,-0.3049234
123,1020,0.6063334,0.35969335,0.062224407,0.20811085,-1.2458272,0.46488428,0.5528106,0.63144094,1.2436337,-0.49744684,-0.5774095,2.11135,1.1165442,-0.6109907,-1.3638449,0.35675636
123,1024,-0.47281376,0.04921286,0.46825865,-0.5748588,-0.41696873,0.122915395,0.04590085,0.09431842,0.2861598,-0.7997995,-0.23225673,-0.6786729,-0.309785,-0.20006809,0.06928989,0.22823516
123,1032,0.22861025,0.6202627,0.4252975,-0.024869643,-0.19309798,-0.5776043,0.24083453,0.05407925,-0.63448656,-0.29006606,0.5987975,-0.054014944,-0.09608102,0.545912,0.20104653,0.32949367
123,1037,-0.21126577,-0.2753368,0.23952276,-0.21105294,0.6351601,0.36354294,-0.6938256,-0.15760243,-0.2885395,-0.2019193,0.16886814,0.047162212,0.6181661,-0.31293952,0.41142353,0.06282754
123,1044,0.73234594,0.16129455,0.038721614,-0.45839518,-0.02545029,0.63567436,0.36079913,0.2936687,-0.107117906,1.148383,-0.23503925,-0.41936126,-0.48746684,0.37319726,-0.58398616,-0.30300418
123,1050,-0.015366808,-0.28232852,-0.7121015,0.42419648,-0.26406366,-0.30336648,0.55988544,0.26124308,0.67106533,0.47654837,-0.33487827,0.22025457,0.047341257,-0.13865781,0.650167,-0.033775263
123,1059,-0.07181923,-0.26493296,-0.75461113,0.3317244,-0.20019245,-0.5628184,1.1457814,0.67997485,0.54008514,0.7164748,-0.21460198,0.13640477,0.26905358,-0.015610196,1.7282095,0.31600487
123,1064,-0.38355073,-0.3600284,-0.45604837,0.65232867,0.39563304,-0.3271246,-0.44941694,-0.5746187,-0.16178733,-0.17500348,0.05623243,0.13572808,-0.3503628,-0.11854998,-0.67624265,-0.36711693
123,1071,-0.41955855,0.1059244,0.477669,-0.520439,-0.38764444,0.041876584,0.051297456,0.088056065,0.18719533,-0.78662854,-0.13497688,-0.59948844,-0.25681844,-0.13668118,0.12095686,0.2618726
123,1078,-0.354179,-0.33850282,-0.42747575,0.60644084,0.38568157,-0.30071938,-0.4374634,-0.53737533,-0.16073555,-0.14828111,0.058718156,0.12828857,-0.3173332,-0.11747268,-0.6096363,-0.3469737
123,1096,-0.55473506,0.14948244,0.5094245,-0.51412296,-0.54195714,-0.117000535,0.13183153,0.07671235,0.22913215,-1.0295597,-0.15682174,-0.68723243,-0.42167237,-0.12654679,0.07812224,0.33600911
123,1101,0.40715298,0.1584017,0.026196674,0.076521486,0.23435603,0.017980143,-0.15279604,0.049387675,-0.289582,0.2143922,0.26065752,0.54131,0.62154984,0.05012445,0.27120832,0.10934719
123,1109,0.54080176,0.31811,0.040760756,0.2206326,-1.1064929,0.40609008,0.47062653,0.54575336,1.103828,-0.46624982,-0.5093411,1.9458463,1.0191039,-0.56333303,-1.2721922,0.31235075
123,1113,0.15252224,0.025672533,0.022151172,0.272516,0.257797,-0.05921696,-0.35969654,-0.13598876,-0.11789517,-0.08968334,0.18963492,0.8190543,0.5074645,-0.16320965,-0.18954599,0.07095058
123,1122,-0.2321133,-0.24256262,-0.3898488,0.6226787,0.2134041,-0.2818293,-0.32707006,-0.44826972,-0.016408585,-0.17748813,0.018763795,0.3072396,-0.28788742,-0.12012896,-0.71489817,-0.2636909
123,1123,0.037704244,-0.05624553,-0.16676834,0.38929886,-0.1461443,0.018261164,-0.13048573,-0.08100696,0.29726422,-0.24556394,-0.121874586,0.8729327,0.29982883,-0.29896092,-0.7601579,-0.04228422
123,1129,0.60633343,0.35969335,0.062224403,0.20811085,-1.2458271,0.46488428,0.5528106,0.63144094,1.2436337,-0.49744678,-0.5774095,2.11135,1.1165444,-0.6109907,-1.3638449,0.3567564
123,1151,-0.2600586,-0.4584154,-0.99387026,0.88773894,-0.31596202,-0.4270349,0.34908342,-0.2477516,0.7445005,0.20099828,-0.4530695,-0.037301265,-0.80268335,-0.089121975,-0.49110538,-0.44690302
123,1153,-0.47038093,0.085137114,0.48004252,-0.5347568,-0.4091057,0.044632226,0.047324836,0.08739479,0.2255632,-0.8391014,-0.1666259,-0.6265757,-0.27897608,-0.17180735,0.11441477,0.2695138
123,1173,-0.3581852,0.17380604,0.40109777,-0.532077,-0.62259567,0.005855322,0.24450749,0.08661845,0.3135327,-0.7154117,-0.29260027,-0.8070157,-0.68079007,-0.016023278,-0.19563776,0.14850861
123,1178,-0.093973204,-0.08808715,0.30008024,-0.15092605,0.54522514,0.19022433,-0.58541864,-0.110795975,-0.39268643,-0.256675,0.33404022,0.22416708,0.70314264,-0.16770156,0.5108814,0.1869674
123,1188,-0.470381,0.085137114,0.48004252,-0.5347567,-0.40910563,0.044632226,0.047324777,0.08739479,0.22556323,-0.8391014,-0.1666259,-0.6265757,-0.2789761,-0.17180735,0.11441477,0.2695138
123,1208,-0.21391857,-0.40451393,-0.8062664,0.3874998,-0.13794982,-0.41312915,0.77859306,0.370044,0.498358,0.60422,-0.27582598,-0.10651005,-0.026497185,-0.03554654,1.2754605,0.025075205
123,1212,-0.3799964,-0.3450225,-0.43373454,0.6227578,0.38915783,-0.31107652,-0.4506548,-0.5628726,-0.16792041,-0.17920457,0.06149323,0.11520373,-0.3557991,-0.11752339,-0.6711455,-0.35811573
123,1215,-0.3334999,-0.029010959,0.32476276,-0.7028225,-0.562052,0.43227822,0.17033988,0.11574118,0.5677555,-0.4424343,-0.5760066,-0.9770737,-0.7182281,-0.18516433,-0.35944897,-0.06010562
123,1225,0.039316505,0.56483704,0.51851505,-0.07489614,-0.17221671,-0.603729,0.11203271,0.03566874,-0.592191,-0.6352485,0.6241673,0.04491421,0.124210164,0.39374483,0.4779947,0.49825585
123,1239,-0.19301951,-0.19219512,0.1370468,0.080497846,0.67819107,-0.014719456,-0.66316676,-0.29155272,-0.48600602,-0.22277318,0.3469286,0.2655163,0.5123093,-0.17859945,0.2131471,0.027590167
123,1241,-0.2024745,-0.23448315,0.05580523,0.12767316,0.7146177,-0.024799839,-0.66997516,-0.32455507,-0.47539538,-0.1195216,0.31634283,0.26419738,0.4696885,-0.17818645,0.1816055,-0.059750535
123,1253,-0.39406136,-0.35456806,-0.44759804,0.64886147,0.39167142,-0.3256421,-0.45611823,-0.582479,-0.16678238,-0.19685544,0.060393255,0.12457945,-0.37323102,-0.11830792,-0.7127929,-0.366873
123,1254,0.5944699,0.2976445,0.010095499,0.10196376,0.061122343,-0.010442749,0.017615497,0.14710465,-0.23003384,0.28112146,0.25325316,0.6756262,0.6478423,0.12857942,0.22181976,0.16315079
123,1267,-0.27135924,-0.2435365,0.114064924,0.112150565,0.7286949,-0.0410164,-0.7082553,-0.34898528,-0.5074054,-0.25616556,0.34680903,0.21495488,0.4523108,-0.20192121,0.15498367,-0.013530266
123,1277,-0.11584151,-0.11029828,0.29655254,-0.15386683,0.5581622,0.20195046,-0.60274196,-0.121622235,-0.38544565,-0.26593035,0.3202576,0.20760891,0.69664824,-0.18572524,0.49856943,0.17795199
123,1278,0.41009375,0.67679334,0.33930418,0.04135534,-0.18589252,-0.57747865,0.3351599,0.06980478,-0.6954448,0.0072458833,0.607683,-0.063206814,-0.21618101,0.6693862,0.01840733,0.2060687
123,1282,0.81114686,0.29347703,0.05706784,-0.36591703,-0.037304983,0.43767262,0.4112957,0.2642536,-0.2680561,1.1534823,-0.06490871,-0.38646367,-0.52051055,0.55227023,-0.5665518,-0.26928416
123,1287,-0.2552606,-0.26395795,-0.1938695,0.3402462,0.5532777,-0.13973694,-0.56187606,-0.42268762,-0.3418731,-0.0873238,0.18819004,0.1843021,0.06709837,-0.14955005,-0.22373626,-0.22201386
123,1302,-0.36958757,-0.39208546,-0.55094993,0.61821866,0.29345042,-0.3134433,-0.3053392,-0.48900563,-0.028429382,-0.02132769,-0.04466325,-0.0560387,-0.46857247,-0.10017071,-0.48230237,-0.40757185
123,1307,0.1894534,0.04525547,0.15861446,-0.028396927,0.38453203,0.12212052,-0.36750406,-0.02703096,-0.33096665,0.0106006265,0.29114777,0.43112513,0.67422485,-0.05358674,0.34901237,0.1363337
123,1316,0.3160069,0.111017436,0.06092076,0.2267491,0.16419673,0.0035791993,-0.27525976,-0.022427954,-0.03222224,-0.011605591,0.1592423,0.98859376,0.65878284,-0.15475021,-0.10781348,0.13870747
123,1319,0.1224798,-0.22857603,0.2649446,-0.5720858,0.41349214,0.950355,-0.46476766,0.12044014,0.1107716,0.36210072,-0.17165564,-0.22036812,0.5440675,-0.29145157,0.31986278,-0.14084166
123,1322,-0.47038093,0.085137114,0.48004252,-0.5347568,-0.4091057,0.044632226,0.047324836,0.08739479,0.22556323,-0.83910125,-0.16662587,-0.6265757,-0.27897614,-0.17180736,0.11441478,0.2695138
123,1339,0.14861669,0.13164401,0.36173615,-0.14243758,0.4604458,0.11001184,-0.42959854,-0.010992356,-0.5098341,-0.15060432,0.4946509,0.38731822,0.82935476,0.04229124,0.6523845,0.27595076
123,1342,0.7972187,0.23815426,0.041131265,-0.41423804,-0.04331316,0.5296921,0.42562103,0.29228133,-0.20211032,1.1882578,-0.15559553,-0.40669927,-0.54661477,0.48794883,-0.612674,-0.28796643
123,1346,-0.29523072,-0.28036785,-0.1431965,0.31658024,0.65817595,-0.14970966,-0.63696146,-0.44631714,-0.43437994,-0.13187812,0.25843292,0.1979755,0.17905203,-0.15446089,-0.13129547,-0.1947467
123,1349,0.79181755,0.29699054,0.060477305,-0.34815592,-0.031215861,0.4073184,0.38993543,0.2539478,-0.2766661,1.1140482,-0.042415768,-0.36312255,-0.4960635,0.54192984,-0.5330163,-0.25408185
123,1353,-0.37239394,0.01590079,0.36200643,-0.70380765,-0.6305158,0.34709194,0.22235578,0.112400204,0.5524994,-0.55416805,-0.5545165,-1.0172985,-0.7768583,-0.14440876,-0.36443383,-0.014936652
123,1386,-0.05082278,-0.25732586,-0.71927696,0.3302791,-0.2088421,-0.48327476,0.9729395,0.57437474,0.55445695,0.65233886,-0.23345552,0.16090423,0.24030724,-0.047518793,1.4753575,0.2359547
123,1397,0.45358604,0.9364492,0.37431028,0.14015819,-0.50698197,-0.8456052,0.5818251,0.07322993,-0.75457466,-0.28347152,0.6979246,0.10838242,-0.2929993,0.8146224,-0.15392315,0.29061964
123,1418,0.26574147,0.072963685,0.05104499,0.21071361,0.2255832,0.0043681264,-0.3137439,-0.05104597,-0.081821695,0.0010204017,0.17205031,0.89661765,0.6352453,-0.15107694,-0.05667138,0.1083169
123,1423,-0.53675914,0.17862001,0.50240326,-0.49364382,-0.56764364,-0.15971874,0.15940365,0.07373824,0.2133053,-1.0284222,-0.14355756,-0.6855839,-0.4625294,-0.0916496,0.056423888,0.3375662
123,1429,-0.30580264,0.07806915,0.43776923,-0.52410126,-0.29685697,0.1616793,0.0106496215,0.09745903,0.17504251,-0.582783,-0.14143,-0.5530039,-0.1826855,-0.13271797,0.11302586,0.18630302
123,1432,-0.3681675,0.17899588,0.40853113,-0.53925973,-0.64096403,-0.0018741786,0.2574247,0.086806156,0.31978023,-0.7365165,-0.29835606,-0.82635975,-0.70103323,-0.010450214,-0.20497164,0.15276495
123,1444,-0.07376769,-0.26369715,-0.7536388,0.32905388,-0.19796467,-0.5670327,1.1590624,0.689153,0.5362382,0.7202075,-0.21159272,0.13222244,0.26969722,-0.013216794,1.7479234,0.3242035
123,1463,0.10040132,-0.18516603,0.2979645,-0.50978357,0.44337878,0.81993014,-0.48350522,0.097957194,-0.0053428486,0.24646592,-0.049511522,-0.12107562,0.62699294,-0.25346434,0.42362002,-0.048508056
123,1465,0.46536025,-0.026020825,0.09252517,-0.5463985,0.11240392,0.8804837,-0.02673158,0.20974149,0.10683119,0.90345854,-0.3021471,-0.4562122,-0.0690524,0.06371215,-0.26470256,-0.33628047
123,1467,-0.023049504,0.5194959,0.46848193,-0.1963357,-0.3765991,-0.44468027,0.22977975,0.06431704,-0.32491747,-0.63184726,0.3494447,-0.17062047,-0.14499855,0.3239739,0.17850918,0.36230496
123,1478,0.43820283,-0.04381139,0.09969264,-0.5545332,0.13107951,0.8995828,-0.071322724,0.20108193,0.124496534,0.8743192,-0.30108625,-0.45635524,-0.015561283,0.03354591,-0.22005516,-0.3380803
123,1481,0.22290054,0.08683276,-0.070055075,0.3092991,-0.4303696,0.14738053,0.05298704,0.13128975,0.49653673,-0.31887615,-0.21145408,1.2455059,0.60607564,-0.37619883,-0.8811466,0.09388296
123,1496,-0.15968916,-0.19951782,-0.27256304,0.47233462,0.2398681,-0.17202352,-0.34991556,-0.3415948,-0.06336969,-0.14312173,0.046560004,0.40553474,-0.014334604,-0.16375658,-0.52409023,-0.19275954
123,1501,-0.20181257,-0.26700038,0.23349324,-0.18738289,0.6475043,0.33787757,-0.6970543,-0.16719955,-0.3089292,-0.19614922,0.18818462,0.08594553,0.636003,-0.2990303,0.4115013,0.063888386
123,1503,-0.5169281,0.12770075,0.48681095,-0.51486975,-0.5008131,-0.061443776,0.10623151,0.08003649,0.23404756,-0.9464316,-0.16795985,-0.66507894,-0.38903537,-0.13982745,0.07542217,0.30274048
123,1506,0.18990901,0.5259333,0.4305447,-0.09295345,-0.11466727,-0.435,0.11430934,0.051526602,-0.5539568,-0.31374264,0.54504514,0.00041299313,0.06600105,0.42753363,0.33960164,0.35124713
123,1509,0.5659402,0.2818216,0.024103887,0.103205726,0.097249426,-0.014651552,-0.016354814,0.12762512,-0.2551636,0.25092572,0.27317983,0.6779045,0.67176014,0.12247963,0.24052808,0.16938251
123,1510,0.5659402,0.2818216,0.024103887,0.103205755,0.097249426,-0.014651567,-0.0163548,0.12762512,-0.2551636,0.25092572,0.27317983,0.6779045,0.6717602,0.12247965,0.24052808,0.16938251
123,1518,-0.24521956,-0.27078885,-0.43138504,0.60896814,0.20669864,-0.28015578,-0.29308793,-0.43129694,0.009014219,-0.11469142,-0.011246696,0.21462911,-0.32815143,-0.11397523,-0.62333137,-0.2915527
123,1519,-0.18211275,-0.39221978,-0.74409777,0.5302415,-0.07046531,-0.28088677,0.21000585,-0.08499512,0.46884465,0.34418362,-0.29631436,-0.03393834,-0.30335668,-0.122942604,0.13612089,-0.30700257
123,1529,-0.2193419,-0.2587163,-0.33842352,0.51882935,0.34027076,-0.24047367,-0.39309925,-0.4192984,-0.13826403,-0.08273919,0.07155177,0.24676937,-0.14074856,-0.11931516,-0.43857276,-0.25617293
123,1530,-0.2508614,-0.43636042,-0.85236806,0.52651566,-0.18014145,-0.369797,0.55496913,0.11713454,0.5499464,0.4534827,-0.33526725,-0.1524106,-0.33139583,-0.0545071,0.6211309,-0.18420044
123,1535,0.19615427,-0.23704791,0.20538872,-0.6308707,0.3398468,1.063952,-0.3843841,0.1587094,0.21585107,0.5570903,-0.30357927,-0.34815654,0.3965669,-0.26998526,0.14939463,-0.2577555
123,1549,0.694252,0.79684174,0.23115513,0.14401539,-0.1937567,-0.60743695,0.50769776,0.08767213,-0.82675934,0.4361965,0.6525716,-0.09634901,-0.42557356,0.9031744,-0.28229028,0.025476847
123,1552,-0.37347093,0.15836266,0.41212982,-0.546467,-0.6072496,0.027260661,0.2280663,0.08879683,0.31893268,-0.7273964,-0.29512644,-0.80813307,-0.6494448,-0.03585703,-0.17460507,0.15401165
123,1560,-0.44519523,0.050020225,0.45217115,-0.5562171,-0.39220044,0.1257422,0.033102065,0.093167044,0.26952907,-0.7563126,-0.21838091,-0.64513326,-0.28849697,-0.19638368,0.07606919,0.21869567
123,1561,0.051385857,0.55554044,0.4993176,-0.090318054,-0.1872932,-0.5704789,0.13415173,0.04108405,-0.5669383,-0.57397705,0.5856275,-0.021819703,0.04573585,0.40815926,0.3989042,0.4536938
123,1570,-0.18990785,-0.23435187,0.25357455,-0.19501354,0.61382616,0.32071388,-0.67134404,-0.1500725,-0.31097305,-0.22190623,0.20555453,0.08723762,0.63429636,-0.28286862,0.42825174,0.09233622
123,1577,-0.368053,-0.31539005,-0.4092366,0.63611346,0.35558844,-0.31165892,-0.44943783,-0.5661623,-0.15314478,-0.23398976,0.06772707,0.17269132,-0.36506954,-0.12038094,-0.77264386,-0.3355356
123,1580,0.30774605,0.12571323,0.06790197,0.2840851,0.13967119,-0.038703024,-0.2761139,-0.04656408,-0.017858028,-0.09115629,0.17469858,1.0807828,0.65619475,-0.16405421,-0.2264035,0.16216132
123,1596,0.12324636,0.5607558,0.45640892,-0.07088008,-0.17842439,-0.53975195,0.15985289,0.04708351,-0.57071096,-0.43560416,0.5679607,-0.034880914,-0.0072776377,0.44094092,0.31532538,0.38779604
123,1602,0.48337266,0.20835075,0.018765949,0.089936286,0.176604,0.012397692,-0.09029879,0.08399475,-0.2721591,0.24086304,0.26008877,0.60862577,0.65346414,0.08178276,0.24979456,0.12938634
123,1623,0.79181755,0.29699057,0.060477298,-0.34815592,-0.031215847,0.4073184,0.38993543,0.2539478,-0.2766661,1.1140482,-0.042415738,-0.36312255,-0.49606356,0.54192984,-0.5330163,-0.25408182
123,1637,0.55942154,0.4770742,0.2403737,-0.16276829,-0.0563619,-0.07984747,0.24750608,0.12948978,-0.4922753,0.45048928,0.33693987,-0.13703734,-0.18837452,0.5699719,-0.07126525,0.04001407
123,1642,-0.5252181,0.18564893,0.49953294,-0.4903369,-0.5716039,-0.16352786,0.16674322,0.073735535,0.20918956,-1.0172201,-0.14152266,-0.6861804,-0.47208193,-0.08037177,0.04803984,0.33323437
123,1646,-0.38307992,0.17496279,0.41548803,-0.55327064,-0.65568864,0.004651025,0.26466817,0.087971866,0.33533856,-0.75543797,-0.31317365,-0.8504185,-0.7172831,-0.01513008,-0.2145698,0.15321305
123,1650,-0.01792097,-0.25639063,-0.7125037,0.35426694,-0.2617134,-0.3947072,0.8248131,0.4765905,0.64408696,0.5865202,-0.2934304,0.22518241,0.20396307,-0.09769395,1.1587862,0.14655405
123,1659,0.14421535,0.5242742,0.4496665,-0.089807734,-0.12368673,-0.46677917,0.10170531,0.04612176,-0.5524843,-0.39856952,0.55730385,0.01388891,0.08816032,0.40215945,0.37955648,0.38504526
123,1660,-0.18368664,-0.21379074,0.26972994,-0.1842457,0.61918616,0.2930948,-0.6707455,-0.15251796,-0.34079778,-0.24782474,0.24140705,0.12005965,0.6678494,-0.26301342,0.45320228,0.11653995
123,1670,-0.0041041523,0.5984966,0.55702317,-0.07325253,-0.21647272,-0.6803675,0.14096323,0.034382425,-0.6134007,-0.7443587,0.65559584,0.029891185,0.10849601,0.41614848,0.5049526,0.54946053
123,1679,-0.056760848,-0.045828573,0.3231174,-0.14543313,0.5445555,0.16413984,-0.5680021,-0.09840922,-0.43531343,-0.26176846,0.38601,0.27053946,0.75571036,-0.12496621,0.5598061,0.21965691
123,1683,-0.22659084,-0.40703338,-0.9191282,0.85294795,-0.30887085,-0.39105076,0.29342902,-0.2584516,0.717223,0.15466824,-0.4283899,0.00748837,-0.7864077,-0.099008314,-0.59535617,-0.42886886
123,1702,0.037341893,0.5435021,0.5079085,-0.08203997,-0.15940073,-0.57232434,0.09720203,0.036586247,-0.5727353,-0.6126212,0.60323477,0.038909525,0.12716126,0.37178767,0.4727484,0.48279992
123,1704,0.8427534,1.1287013,0.24260405,0.33841008,-0.48181263,-0.9688466,0.7849016,0.08697029,-1.0138948,0.24135503,0.85437644,0.1746027,-0.47432867,1.1384133,-0.4628793,0.108765386
123,1707,-0.47756615,-0.47755218,-0.6406708,0.6693286,0.35064083,-0.35725242,-0.3312389,-0.567201,-0.05161421,-0.016161129,-0.063003734,-0.19918254,-0.5926362,-0.09589432,-0.5080527,-0.49308446
123,1713,-0.2389693,-0.23651093,-0.19332597,0.40200907,0.51138514,-0.18830599,-0.54678535,-0.43352336,-0.32981294,-0.14443307,0.2005804,0.28168935,0.06512639,-0.14112398,-0.32290953,-0.1935313
123,1716,0.31709084,0.10433701,0.0444578,0.07928477,0.30708617,0.011583231,-0.23461622,-0.004188396,-0.32304654,0.14269635,0.2776293,0.51138633,0.61949486,0.0154250935,0.26784214,0.10135229
123,1733,0.48022956,-0.011139862,0.08652994,-0.53236014,0.097990155,0.8509166,0.004882723,0.21465571,0.09008202,0.91078,-0.29641062,-0.4436647,-0.10765195,0.08188406,-0.29083145,-0.32717854
123,1745,-0.19362876,-0.34980756,-0.8370043,0.8062235,-0.30357695,-0.35215992,0.24825722,-0.2545604,0.6863565,0.1124205,-0.39981866,0.06307883,-0.747962,-0.10719544,-0.66661996,-0.3956952
123,1770,-0.34750792,-0.29731414,-0.39023185,0.6181312,0.34068847,-0.29929996,-0.44070253,-0.5464922,-0.14671162,-0.23132856,0.06938861,0.18674602,-0.34805283,-0.12029652,-0.7604045,-0.3191046
123,1773,0.7502328,1.1310793,0.28959244,0.32210785,-0.5145862,-1.0181645,0.7482386,0.07678932,-0.9912235,0.045275666,0.87146986,0.22006947,-0.40506342,1.091609,-0.34795338,0.1999146
123,1775,-0.2054458,-0.2407009,0.05079177,0.13549499,0.7262918,-0.028854713,-0.6771872,-0.33207604,-0.48151785,-0.11771937,0.31919432,0.27237564,0.47775605,-0.17824653,0.1816421,-0.063971825
123,1779,0.22861025,0.62026274,0.42529756,-0.024869636,-0.19309792,-0.5776044,0.2408345,0.05407925,-0.63448656,-0.29006612,0.5987975,-0.054014944,-0.09608102,0.54591197,0.20104651,0.3294937
123,1787,0.65721273,0.39233208,0.076617695,0.18793948,-1.352375,0.5132439,0.6217163,0.7015882,1.3437295,-0.51091546,-0.6295658,2.2147825,1.184974,-0.6429911,-1.4164333,0.3872188
123,1789,0.5144832,0.2604551,0.055213362,0.10020241,0.15320484,-0.020425037,-0.07209957,0.09730426,-0.29849082,0.19530924,0.31094489,0.67604816,0.7070248,0.1136633,0.27132848,0.1837675
123,1804,0.06534119,-0.08229672,0.02113007,0.16003732,0.46837753,0.012498558,-0.4730965,-0.17020924,-0.26251245,0.02129151,0.2205979,0.57721645,0.5630638,-0.15294904,0.104330316,-0.003080476
123,1820,0.10465524,-0.21266878,0.2922436,-0.54860115,0.44037065,0.8955792,-0.48430288,0.10710904,0.046511978,0.29198486,-0.10520445,-0.17213377,0.60564363,-0.27557805,0.38582498,-0.0871979
123,1830,-0.24653766,-0.22564328,0.14104982,0.08967504,0.7250253,-0.024268448,-0.707196,-0.32716358,-0.51256365,-0.25698197,0.35995853,0.24270108,0.5044825,-0.19452032,0.2006112,0.01557854
123,1844,-0.29421076,0.06671194,0.43204626,-0.5323295,-0.28458992,0.19123757,0.0027083457,0.10019255,0.18393973,-0.55279064,-0.15273298,-0.55448073,-0.17337796,-0.13967124,0.10847163,0.17113459
123,1847,-0.07634483,-0.2604134,-0.7529827,0.32657516,-0.19464979,-0.5784938,1.1865344,0.7058687,0.5273286,0.7291722,-0.20460059,0.12333152,0.26665908,-0.0066298246,1.7817278,0.33779863
123,1848,-0.47434387,0.17936972,0.4727109,-0.50507814,-0.579113,-0.10663018,0.1847857,0.0781492,0.23763171,-0.9244116,-0.18383436,-0.718834,-0.52200985,-0.0638648,-0.017451286,0.27882707
123,1850,0.7972187,0.23815429,0.041131258,-0.41423798,-0.04331316,0.52969205,0.42562097,0.29228133,-0.20211032,1.1882577,-0.15559553,-0.40669927,-0.54661477,0.4879489,-0.61267406,-0.28796643
123,1856,0.14112401,-0.24390686,0.24237764,-0.60354674,0.38785142,1.0114545,-0.4424777,0.1344564,0.167346,0.4355982,-0.23658518,-0.28068247,0.48648337,-0.29778835,0.2528382,-0.19177869
123,1857,0.15478185,0.16821845,0.34642142,-0.09961116,0.42161974,0.028442286,-0.3992439,-0.016436316,-0.52251214,-0.17054267,0.51572394,0.4132341,0.780072,0.06481381,0.62788594,0.28815445
123,1894,-0.07859522,-0.14646593,-0.24522874,0.46677488,0.06035334,-0.10109393,-0.24766144,-0.23762819,0.11417109,-0.19935782,-0.038522616,0.6397111,0.12006253,-0.22838445,-0.66607195,-0.13375863
123,1897,-0.32636482,0.04778979,0.4374235,-0.5295788,-0.26132026,0.19125532,-0.027329847,0.09733493,0.18208009,-0.58541477,-0.14447473,-0.5331868,-0.13090158,-0.17378992,0.14552456,0.19013032
123,1902,-0.29304156,-0.29128084,-0.15407592,0.2868228,0.64918745,-0.11471672,-0.62434334,-0.4320472,-0.41137815,-0.092767134,0.22947046,0.14386062,0.15018168,-0.16115043,-0.1094279,-0.2163353
123,1922,0.037341893,0.54350215,0.5079085,-0.082039975,-0.15940067,-0.57232434,0.097202,0.036586247,-0.5727353,-0.6126211,0.60323477,0.038909517,0.12716126,0.3717876,0.4727484,0.4827999
123,1923,-0.23301709,-0.24542502,0.075093254,0.1330945,0.7401818,-0.038176388,-0.69721043,-0.34575894,-0.5005572,-0.1743161,0.33723414,0.2604365,0.47843695,-0.1871147,0.17215611,-0.0448203
123,1937,-0.11584151,-0.11029827,0.29655254,-0.15386683,0.5581622,0.20195046,-0.60274196,-0.121622205,-0.38544565,-0.2659303,0.3202576,0.20760888,0.69664824,-0.18572526,0.49856943,0.17795199
123,1938,-0.3495536,0.056021012,0.45781896,-0.53889287,-0.27936053,0.17224124,-0.015933007,0.096913405,0.17974797,-0.6341328,-0.13885503,-0.5515644,-0.13810852,-0.16903177,0.15305302,0.209658
123,1953,-0.21479264,-0.21978879,-0.11122394,0.33080572,0.5858804,-0.15278356,-0.5909958,-0.4001901,-0.38232708,-0.14901818,0.25806373,0.3460557,0.24794523,-0.15491068,-0.1695844,-0.1367521
123,1965,-0.09935266,-0.27024364,-0.74249935,0.3035903,-0.16919684,-0.5602786,1.1814154,0.7050298,0.49321455,0.7331246,-0.1940947,0.07642323,0.25199145,0.004427366,1.8118894,0.3263397
123,1971,-0.018544108,0.56679726,0.5409658,-0.08203355,-0.20503625,-0.6417917,0.11943728,0.035634287,-0.5795685,-0.7272918,0.62276363,0.024955928,0.111016765,0.37794977,0.49658513,0.5320072
123,1975,-0.49799004,-0.50668997,-0.6705107,0.636397,0.36375764,-0.34749365,-0.3130905,-0.5523496,-0.04795155,0.04815252,-0.08302878,-0.310746,-0.62537503,-0.09050744,-0.39828753,-0.52220184
123,1980,-0.238053,-0.42451358,-0.944623,0.8649348,-0.31115475,-0.40352374,0.31208217,-0.2552879,0.7262772,0.17028144,-0.43664145,-0.008377619,-0.7927606,-0.095519684,-0.5603624,-0.4353101
123,1989,0.061758026,0.059183918,0.33792752,-0.13576467,0.49046448,0.12168751,-0.48529318,-0.047619082,-0.4758682,-0.19218333,0.44800687,0.3413988,0.7849394,-0.02824501,0.6072314,0.2491734
123,2007,-0.27666035,-0.26146954,-0.39342707,0.643335,0.25514448,-0.29748088,-0.37171936,-0.49659503,-0.056983445,-0.22031899,0.03808198,0.29635987,-0.31118286,-0.12332682,-0.7812496,-0.2823089
123,2020,-0.040751174,-0.123764865,-0.23525155,0.46307886,-0.023518816,-0.06596556,-0.19792339,-0.1879893,0.19801137,-0.22284092,-0.08025052,0.74580616,0.18323724,-0.25873512,-0.72979283,-0.107658006
123,2024,-0.4462491,0.06941347,0.4615744,-0.5441082,-0.3995987,0.08942549,0.042479455,0.09116028,0.24693274,-0.7809623,-0.19361262,-0.63442606,-0.28687158,-0.17843798,0.08906655,0.23690566
123,2033,0.26987877,-0.21078742,0.16471122,-0.64923596,0.27922627,1.0944728,-0.30429888,0.1838381,0.24672723,0.69695425,-0.3585003,-0.42044982,0.2812013,-0.21170954,0.024391487,-0.32258263
123,2038,-0.23897547,-0.42676824,-0.7546685,0.57062024,-0.005730033,-0.28882015,0.112339884,-0.18691033,0.40066212,0.29657513,-0.27801263,-0.09993065,-0.4022362,-0.11837353,-0.012751937,-0.378094
123,2044,-0.37750193,0.1744079,0.4158148,-0.55687124,-0.6541692,0.0124561265,0.2656827,0.08883651,0.33606082,-0.7467996,-0.31530118,-0.85387,-0.7171352,-0.012870602,-0.21768683,0.14898476
123,2048,-0.05855362,-0.2514781,-0.72235924,0.318179,-0.19186935,-0.5317451,1.0754788,0.6445867,0.52059484,0.6894393,-0.20507331,0.14350735,0.26480842,-0.02222398,1.6411994,0.29445636
123,2049,0.030455887,-0.10856398,0.01611673,0.15233947,0.5066577,0.012941569,-0.49901047,-0.19024467,-0.29105932,0.023355573,0.22737724,0.520881,0.54505956,-0.15469718,0.12721287,-0.022081066
123,2053,0.8924594,1.1374775,0.21839574,0.35547024,-0.47234854,-0.9608279,0.8138187,0.09443466,-1.0331792,0.33765692,0.8544331,0.16084436,-0.50747,1.1688862,-0.5229712,0.06733073
123,2055,-0.21629938,-0.24338573,-0.4001634,0.5934823,0.19216014,-0.26689327,-0.29134944,-0.41241872,0.010753736,-0.12524126,-0.0020442829,0.2592116,-0.29321757,-0.11577841,-0.62922424,-0.26534453
123,2057,0.22095886,0.07068078,0.043058682,0.28878313,0.20752017,-0.05739644,-0.32643098,-0.102199465,-0.07512538,-0.101934835,0.18763474,0.9555455,0.5809162,-0.16470614,-0.22103417,0.11491361
123,2068,-0.43794778,0.17107853,0.45310152,-0.5132288,-0.573596,-0.0630403,0.18870929,0.081257895,0.2538892,-0.8549816,-0.20910187,-0.7314272,-0.54144216,-0.057808425,-0.053494036,0.24178836
123,2072,0.14165191,-0.03550957,0.31389025,-0.3399769,0.44845352,0.49552757,-0.44682142,0.058276948,-0.24565439,0.09889235,0.19977303,0.10788065,0.70745075,-0.1107557,0.54145944,0.097988345
123,2093,0.123811014,0.0067809,0.010886207,0.27983433,0.28116572,-0.068281904,-0.37685764,-0.15756768,-0.13714749,-0.09588091,0.19462897,0.7847387,0.48415288,-0.162505,-0.1942172,0.054415524
123,2100,0.8104018,0.26665697,0.047080822,-0.3937587,-0.042170614,0.4884712,0.42718118,0.28209117,-0.23536856,1.185284,-0.115735486,-0.40121362,-0.5422443,0.5253918,-0.5989549,-0.28102627
123,2101,-0.20587644,-0.2030788,0.13567412,0.08800237,0.69680727,-0.020019144,-0.67721,-0.3044719,-0.49748138,-0.23240693,0.35311133,0.266665,0.5184587,-0.18169275,0.21067975,0.02410492
123,2103,-0.37365082,0.14423388,0.39252597,-0.554257,-0.6231129,0.05201535,0.234218,0.08938048,0.35456696,-0.7041386,-0.33422428,-0.8331375,-0.6922115,-0.047540255,-0.21509299,0.12867859
123,2113,-0.38045862,0.113772035,0.45897233,-0.49432826,-0.36009833,0.03745871,0.040719718,0.086241834,0.16029981,-0.73281384,-0.112164125,-0.55710196,-0.2342585,-0.12346259,0.12807831,0.25174102
123,2116,0.7713219,0.8147016,0.18780604,0.17501296,-0.19346255,-0.5950899,0.55166644,0.09452118,-0.8476911,0.5763204,0.6481683,-0.10755562,-0.4858199,0.94787276,-0.3849988,-0.03998115
123,2119,-0.40316084,-0.36033142,-0.45960462,0.6750947,0.3883168,-0.339226,-0.45787096,-0.5983692,-0.16080111,-0.2151226,0.05815782,0.14132151,-0.3877928,-0.11928642,-0.75684994,-0.37218007
123,2125,0.3550991,-0.13975158,0.117709175,-0.6183335,0.19434471,1.0252383,-0.18342343,0.20293172,0.21326557,0.81560415,-0.36022997,-0.4650577,0.12537463,-0.09914063,-0.11229545,-0.35225254
123,2133,-0.23134956,-0.41582888,-0.80296993,0.44721377,-0.14601213,-0.35702455,0.58727694,0.19493723,0.4990173,0.4990698,-0.29855853,-0.14832482,-0.21078637,-0.049360957,0.84415144,-0.11592426
123,2136,0.11531523,0.5349421,0.47238564,-0.09254593,-0.13902852,-0.49879473,0.109368205,0.04384172,-0.563338,-0.460581,0.5730139,0.0053398907,0.08894431,0.40577525,0.39861906,0.41355103
123,2148,-0.38307998,0.17496279,0.415488,-0.5532706,-0.65568864,0.004651025,0.26466817,0.087971866,0.33533856,-0.7554379,-0.31317365,-0.85041845,-0.7172831,-0.01513008,-0.2145698,0.15321305
123,2151,-0.048330292,-0.25307968,-0.7026684,0.3214395,-0.20393461,-0.46334147,0.93383,0.55592996,0.54901946,0.63635063,-0.23248823,0.1636462,0.2406861,-0.054782525,1.4361563,0.22722393
123,2157,-0.4615014,0.09472216,0.48788622,-0.5373775,-0.41145346,0.040819734,0.055427283,0.08822915,0.21526778,-0.83851725,-0.15782563,-0.6303896,-0.278235,-0.15733385,0.115469426,0.27195194
123,2172,-0.300318,0.15360504,0.4685744,-0.467108,-0.3012383,0.025713444,0.030893713,0.08877504,0.07027955,-0.6622283,-0.028041765,-0.47107187,-0.13415751,-0.06882547,0.17835099,0.25878093
123,2196,-0.312554,-0.46811414,-0.77263933,0.6223064,0.072322056,-0.31564128,0.018911242,-0.29298276,0.32076663,0.23967896,-0.25272304,-0.15971515,-0.49562314,-0.11336278,-0.14895892,-0.4403104
123,2197,-0.47038093,0.085137114,0.48004255,-0.5347567,-0.4091057,0.04463221,0.047324806,0.08739479,0.2255632,-0.8391014,-0.16662587,-0.62657565,-0.27897608,-0.17180735,0.11441478,0.2695138
123,2206,0.4496311,0.22515523,0.08125722,0.06637438,0.19005114,0.011878327,-0.12225214,0.07990764,-0.30527118,0.17007235,0.30942523,0.6117061,0.684829,0.08568971,0.28609258,0.17094311
123,2214,-0.07634485,-0.26041338,-0.7529825,0.32657516,-0.19464988,-0.5784938,1.1865343,0.7058687,0.52732867,0.7291723,-0.20460056,0.12333151,0.26665908,-0.0066298097,1.7817278,0.3377986
123,2216,-0.266824,-0.23327634,0.13484138,0.10449992,0.72927666,-0.04238543,-0.71301216,-0.3435489,-0.51775235,-0.27724564,0.36181143,0.22962752,0.47866938,-0.19919011,0.17357047,0.009641018
123,2217,-0.2713592,-0.2435365,0.114064924,0.112150565,0.7286949,-0.0410164,-0.7082553,-0.3489853,-0.50740534,-0.25616556,0.34680903,0.21495488,0.4523108,-0.20192121,0.15498367,-0.013530269
123,2218,-0.52783275,0.1716932,0.49392262,-0.5054454,-0.5771854,-0.13449009,0.1674507,0.07588046,0.23446378,-1.0038091,-0.1689219,-0.70843995,-0.48893324,-0.091792025,0.027483776,0.31703854
123,2224,0.13704182,0.69876796,0.45474237,-0.07468725,-0.47033057,-0.6205959,0.37709063,0.07240136,-0.4750618,-0.5974435,0.4854759,-0.030063339,-0.17193967,0.50198114,0.061028436,0.37148526
123,2237,-0.4712527,-0.46951956,-0.62588,0.64794576,0.35314566,-0.34576434,-0.3337227,-0.55687934,-0.059153717,-0.0103945285,-0.0581495,-0.20765564,-0.58159065,-0.0957832,-0.48635435,-0.48653188
123,2240,-0.43977252,0.05170491,0.44612435,-0.550696,-0.3928322,0.122419424,0.03406799,0.09279138,0.26912668,-0.74783283,-0.2185023,-0.6404878,-0.29346555,-0.19400042,0.07159564,0.21518117
123,2246,0.6934365,0.121864974,0.04792914,-0.48966408,-0.0017160028,0.70912486,0.2970261,0.28319812,-0.05778129,1.1293331,-0.26422602,-0.44693962,-0.4197642,0.32053024,-0.54398745,-0.32230756
123,2249,0.017221808,-0.12103554,0.014295913,0.15630247,0.5270612,0.011343457,-0.51349837,-0.20215464,-0.30314803,0.018581167,0.23261654,0.5169301,0.55091643,-0.15728693,0.12956555,-0.028032467
123,2258,0.07709763,0.5380344,0.4894959,-0.08799794,-0.14824548,-0.53309995,0.10269827,0.040357478,-0.56685615,-0.5338094,0.5865526,0.020505995,0.10719545,0.38800693,0.43472505,0.4464185
123,2270,0.06210486,-0.042113744,0.19425493,-0.07130632,0.47004637,0.17231329,-0.48058283,-0.077132925,-0.33703503,-0.07481012,0.27810073,0.34705326,0.6702783,-0.12428079,0.37226412,0.12406798
123,2277,-0.4123868,0.18156205,0.43680128,-0.57962924,-0.7002864,-0.002335459,0.2944048,0.089646176,0.35816187,-0.80905604,-0.33471113,-0.90638274,-0.7650856,-0.00753852,-0.23812267,0.16163322
123,2278,-0.22781673,-0.26788315,-0.3560401,0.51879805,0.33242798,-0.24156787,-0.38105726,-0.41881263,-0.12593995,-0.066354856,0.0574509,0.20972356,-0.17169559,-0.11610555,-0.42885435,-0.27097782
123,2280,-0.10592422,-0.17188752,0.22662768,-0.12990567,0.5904567,0.24727863,-0.6233597,-0.1425949,-0.34273106,-0.16853692,0.24780588,0.20391044,0.6575978,-0.22170925,0.4080171,0.097553246
123,2283,-0.49618325,-0.5164414,-0.6902643,0.6300414,0.35159197,-0.3457061,-0.28875163,-0.5371382,-0.027014248,0.08164158,-0.10055691,-0.34703442,-0.6410217,-0.087393686,-0.35090953,-0.531163
123,2286,0.1736075,0.063377894,0.32300177,-0.23142537,0.4469147,0.28926468,-0.42056575,0.03188114,-0.39028573,0.005856812,0.35498756,0.25478604,0.7558812,-0.015725538,0.6016862,0.18136245
123,2288,-0.3131731,-0.29734406,-0.15908924,0.2975927,0.65154636,-0.12524776,-0.6302719,-0.4464727,-0.41661984,-0.11440821,0.23251791,0.1292104,0.124526545,-0.16181256,-0.13918537,-0.22174105
123,2291,0.13218866,-0.2479983,0.25645727,-0.60499436,0.40723413,1.0125593,-0.45891917,0.13042624,0.15135866,0.41228026,-0.21919288,-0.2669449,0.5216716,-0.30130363,0.28269237,-0.17649099
123,2293,-0.46538135,0.056591112,0.46787977,-0.5680897,-0.41598335,0.11281382,0.04847002,0.09369366,0.2760766,-0.79648787,-0.22260426,-0.67080784,-0.30809107,-0.19130707,0.07188448,0.23052403
123,2306,-0.023049504,0.5194959,0.46848196,-0.1963357,-0.3765991,-0.4446802,0.22977975,0.06431704,-0.3249175,-0.63184726,0.34944475,-0.1706205,-0.14499852,0.32397383,0.17850918,0.36230496
123,2312,-0.01796034,-0.010986641,0.3233013,-0.14205332,0.5182808,0.1500364,-0.5357372,-0.078683525,-0.4395343,-0.23467375,0.39952266,0.29102856,0.754246,-0.097052895,0.5697706,0.22684893
123,2336,0.053105704,-0.040689282,-0.14679673,0.36214304,-0.16419548,0.039490968,-0.12062371,-0.057009444,0.30818677,-0.24442868,-0.12568288,0.88230693,0.32217383,-0.30480084,-0.7491289,-0.028371487
123,2350,-0.056760862,-0.045828573,0.3231174,-0.14543313,0.5445555,0.16413984,-0.56800216,-0.098409206,-0.43531346,-0.26176846,0.38600993,0.27053946,0.75571036,-0.12496622,0.55980605,0.21965694
123,2355,0.08011646,-0.15120009,0.30154133,-0.44606906,0.4509811,0.6980971,-0.48831895,0.07771898,-0.086392224,0.1629872,0.03556791,-0.044471227,0.6526681,-0.2291203,0.4766611,0.015993387
123,2366,0.38226777,-0.110370345,0.10707433,-0.5992356,0.1701881,0.9870231,-0.14611247,0.20499742,0.1890755,0.8383969,-0.34532207,-0.46455416,0.081646904,-0.05877732,-0.14830667,-0.35123757
123,2369,0.38720232,0.16585602,0.078435004,0.27653366,0.08967827,-0.018259272,-0.2322323,0.002916135,0.028405964,-0.056339324,0.1579437,1.1741737,0.7219529,-0.16122524,-0.20508811,0.19315481
123,2396,-0.42410997,-0.4364102,-0.5976192,0.6460257,0.3232823,-0.3368876,-0.3185847,-0.52918124,-0.0406738,-0.017932624,-0.053872928,-0.12717205,-0.5303663,-0.09780654,-0.49386978,-0.4511908
123,2411,-0.52783287,0.1716932,0.49392268,-0.5054454,-0.5771855,-0.13449015,0.1674507,0.07588047,0.23446375,-1.0038092,-0.16892184,-0.7084398,-0.4889333,-0.091792025,0.027483776,0.31703857
123,2421,-0.20723075,-0.281326,0.21797669,-0.20984404,0.6202428,0.36992908,-0.6825706,-0.15375648,-0.2642472,-0.16893797,0.1405072,0.030565508,0.57873034,-0.32014728,0.38342685,0.039085504
123,2425,-0.18955961,-0.20585191,-0.18385258,0.39712197,0.40301797,-0.14721681,-0.47870237,-0.37037343,-0.22740732,-0.1689188,0.14843568,0.40385675,0.13481268,-0.17413846,-0.3990065,-0.16292956
123,2431,1.0389966,1.0856851,0.11386027,0.38251865,-0.40046313,-0.8254177,0.8603139,0.11968566,-1.0372057,0.73024875,0.78758585,0.059546657,-0.63483346,1.2070954,-0.75365615,-0.12069207
123,2438,0.4435733,-0.055593096,0.10109259,-0.5760162,0.13552679,0.937658,-0.07357529,0.20634085,0.14012492,0.8973993,-0.32010025,-0.47965452,-0.011154443,0.0298616,-0.2283316,-0.35363936
123,2451,-0.14537919,-0.17344707,-0.08931544,0.3350414,0.52358735,-0.14339875,-0.54905057,-0.3572456,-0.3300148,-0.15007089,0.24700244,0.46115234,0.30484155,-0.1580443,-0.1952045,-0.095199294
123,2459,-0.5372155,-0.54911333,-0.7309124,0.68503356,0.36946267,-0.37872195,-0.30383274,-0.58421624,-0.030447617,0.056501873,-0.105277225,-0.3512684,-0.68455446,-0.08827826,-0.4193021,-0.56144345
123,2464,-0.36914614,-0.3926392,-0.56852794,0.6695686,0.27512738,-0.3348912,-0.30011934,-0.50895864,-0.0014933944,-0.05555804,-0.051952243,0.011129342,-0.4736159,-0.10527434,-0.57217133,-0.40737158
123,2468,-0.04504904,-0.23543754,-0.687315,0.30152124,-0.18003151,-0.5036259,1.0160614,0.61717904,0.49390846,0.66651714,-0.19114678,0.14717767,0.26184052,-0.025503129,1.569495,0.27964213
123,2477,-0.30659047,-0.04063288,0.30864286,-0.6998801,-0.5356144,0.46409667,0.15491158,0.117126465,0.56791234,-0.38696367,-0.580653,-0.96015173,-0.69909596,-0.19107363,-0.3622983,-0.08128788
123,2484,0.32038376,-0.17386863,0.13669828,-0.6382959,0.23044163,1.066679,-0.23483014,0.19666012,0.23443884,0.77404886,-0.3674972,-0.4552202,0.18955201,-0.14857423,-0.059276223,-0.3459901
123,2486,-0.43083188,0.06530273,0.45114133,-0.5386015,-0.38617375,0.100885935,0.03473425,0.09151862,0.24490887,-0.7513362,-0.19364403,-0.6214384,-0.27768826,-0.1799508,0.08798742,0.22642812
123,2487,0.7179853,0.14759454,0.040781796,-0.46679497,-0.018902704,0.6572007,0.3406235,0.29039052,-0.089536235,1.138257,-0.24575262,-0.4247463,-0.46693215,0.3527624,-0.5710926,-0.307159
123,2492,0.10040131,-0.185166,0.2979645,-0.50978357,0.44337878,0.8199302,-0.48350522,0.097957194,-0.005342841,0.24646595,-0.049511522,-0.12107561,0.62699294,-0.25346434,0.42362002,-0.04850807
123,2498,-0.38530657,0.16119948,0.42539847,-0.50902987,-0.5449866,-0.016826764,0.17817879,0.084369965,0.2560123,-0.759234,-0.22044368,-0.71482545,-0.53263426,-0.052991867,-0.074172676,0.20179397
123,2500,-0.38783517,0.10801691,0.46450675,-0.50926936,-0.36799952,0.05237907,0.04498723,0.08813529,0.17408693,-0.73887753,-0.12642463,-0.5780725,-0.24364763,-0.1276372,0.1193921,0.2478711
123,2509,-0.06403577,-0.25847077,-0.7393893,0.3266828,-0.19763729,-0.54666144,1.1060761,0.65864795,0.5322917,0.7015062,-0.2108127,0.14191478,0.26586083,-0.019581743,1.6759644,0.30174562
123,2516,-0.2285651,-0.23340535,0.0850021,0.11821154,0.7178117,-0.03203921,-0.68360865,-0.331919,-0.48971948,-0.17919053,0.3323279,0.24228188,0.4607569,-0.18676844,0.17203163,-0.036381103
123,2517,-0.22596288,-0.41093585,-0.7942384,0.4227398,-0.13794455,-0.3628205,0.6233001,0.23755923,0.49050677,0.5236131,-0.28886032,-0.13903627,-0.15620506,-0.047235437,0.9568965,-0.07947507
123,2527,0.34499645,0.13673824,0.0695131,0.24045233,0.13068572,-0.005836293,-0.25462157,-0.008931495,-0.010424584,-0.025537431,0.1595989,1.0473715,0.67353624,-0.15404451,-0.13814595,0.16113478
123,2528,0.40207088,-0.0829475,0.1059093,-0.5796277,0.15640394,0.94782954,-0.12206691,0.20075195,0.1627928,0.84540164,-0.32238483,-0.4593142,0.048795626,-0.022740088,-0.1701392,-0.34422866
123,2542,-0.47756615,-0.47755212,-0.6406708,0.6693286,0.35064083,-0.35725248,-0.3312389,-0.56720096,-0.051614217,-0.016161129,-0.063003704,-0.19918254,-0.5926362,-0.09589432,-0.50805277,-0.49308446
123,2559,-0.14621061,-0.30918375,-0.77565444,0.29944736,-0.16510528,-0.5513321,1.1988789,0.70780563,0.4980473,0.7487906,-0.2109877,0.023900598,0.23088703,0.010547698,1.87327,0.30726716
123,2566,-0.071819246,-0.264933,-0.754611,0.33172435,-0.20019245,-0.5628184,1.1457813,0.6799748,0.5400851,0.71647483,-0.21460198,0.13640477,0.26905358,-0.015610188,1.7282093,0.31600487
123,2579,0.041328877,-0.05508458,-0.030394845,0.31671828,0.36335355,-0.09911767,-0.43501696,-0.23019743,-0.1951738,-0.115384355,0.21089746,0.71364546,0.43968374,-0.16341296,-0.21375287,0.0037280153
123,2582,-0.32851326,-0.31223324,-0.16251999,0.3272779,0.6893718,-0.14794306,-0.65926456,-0.4739684,-0.44400173,-0.13694562,0.25261974,0.17007148,0.16255267,-0.1638332,-0.14650854,-0.22047526
123,2583,-0.37707868,0.15462473,0.41424188,-0.54295594,-0.59384215,0.026529469,0.21635541,0.0885165,0.3116129,-0.73097116,-0.28570753,-0.7932987,-0.6260661,-0.043401185,-0.15662104,0.16049615
123,2585,-0.3088872,0.10453109,0.43806785,-0.4943223,-0.309662,0.10024069,0.022342354,0.091368236,0.14599055,-0.6141419,-0.109586686,-0.5297602,-0.1936579,-0.111972064,0.122839406,0.20968324
123,2610,0.18250678,0.58704764,0.43486336,-0.04795865,-0.18238267,-0.54923195,0.19856435,0.051147155,-0.5984669,-0.3465516,0.57770556,-0.04474195,-0.054464474,0.49196327,0.25131917,0.350183
123,2618,-0.21391854,-0.40451396,-0.80626637,0.38749987,-0.13794985,-0.4131291,0.77859306,0.370044,0.498358,0.6042199,-0.27582598,-0.10651008,-0.02649717,-0.035546534,1.2754605,0.025075203
123,2634,-0.19162023,-0.24302253,0.034183882,0.12288983,0.71183777,-0.0070452243,-0.661026,-0.3175709,-0.45806825,-0.074961975,0.29396617,0.25132602,0.45972228,-0.17907289,0.18907845,-0.08308969
123,2646,0.42355233,-0.063024215,0.10566741,-0.5716666,0.1460715,0.9295976,-0.09862469,0.20014302,0.14447248,0.86491174,-0.31074232,-0.46515933,0.018675283,0.009789608,-0.19504419,-0.34463486
123,2649,-0.2922248,-0.30523974,-0.3946977,0.550302,0.356602,-0.2656194,-0.40242958,-0.4704442,-0.1399448,-0.09241785,0.05270253,0.14229213,-0.253261,-0.115081236,-0.49443614,-0.31309122
123,2652,-0.2456365,-0.27721432,-0.4400509,0.60085666,0.20687939,-0.27716547,-0.2844406,-0.4235309,0.013979748,-0.093291685,-0.018347755,0.19018102,-0.3319573,-0.112345636,-0.5882882,-0.29755282
123,2658,-0.37028292,0.16488336,0.40109444,-0.54967487,-0.64176023,0.023774713,0.25412828,0.08828452,0.34114316,-0.7220373,-0.3212822,-0.8402796,-0.71138597,-0.023555242,-0.22029763,0.13842168
123,2665,0.29873335,-0.19114956,0.14658305,-0.64440244,0.2494998,1.0811203,-0.26296675,0.19193745,0.24306986,0.74445426,-0.3676679,-0.4438152,0.2240865,-0.17660773,-0.028071046,-0.33862504
123,2674,0.1549134,0.12634902,0.3507986,-0.15106855,0.44970518,0.12672585,-0.42096484,-0.003371708,-0.49046284,-0.12336202,0.47260386,0.36521128,0.80320275,0.036583826,0.63876766,0.25995356
123,2683,0.39729184,-0.096987404,0.106271274,-0.59455025,0.16147627,0.9761439,-0.13042939,0.20403929,0.17905104,0.85162205,-0.33884764,-0.47052285,0.0590036,-0.03708323,-0.16883287,-0.35287088
123,2686,-0.32683057,0.08012839,0.4497435,-0.5310008,-0.3106279,0.15022612,0.016889364,0.096761435,0.17883638,-0.6191622,-0.14250503,-0.56758493,-0.19096044,-0.13492842,0.11598751,0.19907424
123,2687,-0.48227826,-0.48180217,-0.63584954,0.63176626,0.36267117,-0.34077686,-0.33032376,-0.5527256,-0.06254469,0.014376655,-0.06408939,-0.25709772,-0.5950464,-0.09372786,-0.44134742,-0.49921104
123,2690,-0.21580482,-0.23869523,-0.39346844,0.5957096,0.19254062,-0.2672071,-0.29718533,-0.41621256,0.0066791177,-0.13728996,0.0026883557,0.2718217,-0.29035643,-0.11665659,-0.6480518,-0.26146838
123,2708,-0.42770955,0.16869202,0.4481068,-0.5194311,-0.57703507,-0.047564074,0.19371885,0.08283093,0.26307967,-0.8350848,-0.2213505,-0.74260324,-0.55434287,-0.054655984,-0.06973219,0.22866288
123,2711,-0.019070357,-0.14535269,0.013028279,0.15064515,0.56203496,0.0097195655,-0.5395099,-0.22299686,-0.3300727,0.010318264,0.24057898,0.4656981,0.5328136,-0.16085081,0.14364785,-0.04271698
123,2721,-0.1437847,-0.30426732,-0.7601204,0.29039067,-0.15920651,-0.5361903,1.1699255,0.694662,0.48774529,0.7370119,-0.20645745,0.022837684,0.22919132,0.007511385,1.8439462,0.30042037
123,2727,0.36465955,-0.13162327,0.11449435,-0.6147511,0.18702674,1.0175817,-0.17107274,0.20429064,0.20715907,0.8264586,-0.35797614,-0.46800688,0.11078937,-0.08612183,-0.12561828,-0.3538709
123,2736,0.16893649,0.06484951,0.32904145,-0.22783913,0.45380563,0.28075656,-0.42600042,0.027725283,-0.40128154,-0.008806139,0.36677212,0.26284596,0.7684612,-0.013139859,0.6111186,0.1897566
123,2742,0.16893648,0.06484951,0.32904148,-0.22783913,0.45380563,0.2807566,-0.42600042,0.027725283,-0.40128154,-0.008806139,0.36677212,0.26284596,0.7684611,-0.013139844,0.6111187,0.1897566
123,2762,-0.27432925,-0.44783694,-0.7637316,0.5979832,0.032921433,-0.30053866,0.062978715,-0.24207512,0.3620917,0.26759598,-0.26634657,-0.12885469,-0.45079687,-0.11627315,-0.08840746,-0.4119549
123,2764,-0.5529884,0.13644561,0.50657517,-0.5253405,-0.5347388,-0.089274004,0.12500551,0.07878402,0.24249044,-1.0129124,-0.17172725,-0.6954363,-0.4173514,-0.13762715,0.072671205,0.32450294
123,2766,-0.009504914,0.5729931,0.5402052,-0.07251971,-0.19481716,-0.6520259,0.115707874,0.033567127,-0.5957999,-0.72295207,0.63841057,0.042618245,0.12539233,0.38476783,0.5075419,0.53670233
123,2768,-0.23753795,-0.4192177,-0.802447,0.51948047,-0.16222379,-0.31571704,0.4157157,0.029771987,0.506484,0.39451176,-0.31909275,-0.16355428,-0.38599733,-0.061398227,0.4143176,-0.24247056
123,2779,-0.47726247,0.1722345,0.46951964,-0.49531972,-0.55753994,-0.10774185,0.16532671,0.07702743,0.22831821,-0.9223283,-0.1717907,-0.69216526,-0.4898531,-0.07724128,0.006001219,0.285091
123,2780,0.082194045,-0.036244966,0.087729536,0.069878295,0.47877562,0.011587992,-0.4401487,-0.13395841,-0.38619384,-0.026210621,0.29940516,0.39789823,0.5726818,-0.082134485,0.25432402,0.06768699
123,2794,-0.30659047,-0.040632866,0.30864286,-0.6998801,-0.5356144,0.46409667,0.15491158,0.117126465,0.56791234,-0.38696373,-0.5806531,-0.96015173,-0.69909596,-0.19107363,-0.3622983,-0.08128788
123,2795,-0.35300574,-0.33271575,-0.18740135,0.32464367,0.69288504,-0.14166693,-0.6579157,-0.4858547,-0.43907264,-0.12120803,0.23604125,0.104549445,0.105800435,-0.16514745,-0.15615147,-0.250936
123,2805,0.14421535,0.5242742,0.44966656,-0.089807734,-0.12368673,-0.46677905,0.10170531,0.046121757,-0.5524843,-0.39856958,0.55730385,0.01388891,0.08816032,0.40215945,0.37955648,0.38504526
123,2812,-0.44445357,0.061690144,0.45885774,-0.5544505,-0.40205243,0.10935223,0.04360813,0.09301941,0.26115403,-0.76892614,-0.20961921,-0.6483865,-0.29576635,-0.18310824,0.076398864,0.22572505
123,2813,0.545076,0.023116186,0.07483858,-0.5279038,0.067599006,0.8267247,0.092258275,0.23627417,0.055481896,0.9857145,-0.29837108,-0.45542982,-0.20308447,0.1500188,-0.37453824,-0.3323933
123,2818,-0.38336042,0.17789492,0.42068896,-0.5599251,-0.6632445,0.00635764,0.27209222,0.088819444,0.33753526,-0.7600108,-0.31619716,-0.86251,-0.72571933,-0.009595767,-0.22028527,0.15292743
123,2832,-0.3143144,-0.31669003,-0.21448332,0.35759342,0.63349915,-0.1486424,-0.61615974,-0.47310156,-0.387969,-0.099564984,0.20354718,0.1517928,0.077239625,-0.15980491,-0.21377584,-0.2552708
123,2835,0.3973987,0.20807442,-0.028910197,0.29415363,-0.9029105,0.32044768,0.32767183,0.38410228,0.96632284,-0.45544195,-0.44902235,1.7572589,0.8622438,-0.5322211,-1.2497149,0.21566755
123,2840,0.093595594,-0.19334725,0.28908378,-0.51328456,0.432036,0.8283677,-0.48014927,0.09892017,0.017088473,0.2508063,-0.069908455,-0.13623446,0.6026924,-0.2669578,0.40346807,-0.059036516
123,2850,0.63574666,1.0567671,0.32571068,0.2496527,-0.50725186,-0.9532258,0.6820958,0.07399599,-0.9044873,-0.08236492,0.8078124,0.17126161,-0.36474052,0.99015605,-0.26887083,0.23607424
123,2853,0.097159296,-0.20007768,0.29031646,-0.525307,0.4351662,0.85131484,-0.48185015,0.10163042,0.027049094,0.26440108,-0.0817465,-0.14817804,0.60416836,-0.27013016,0.39785603,-0.06847957
123,2854,-0.5340457,-0.53920174,-0.71536756,0.69278264,0.37432766,-0.3807518,-0.31956267,-0.59376746,-0.042403027,0.029870078,-0.092651576,-0.31390053,-0.66912496,-0.090811685,-0.4589541,-0.55168384
123,2857,0.45992574,0.26103044,0.0055198446,0.26373458,-0.9567678,0.33482504,0.37471384,0.43857887,0.9690432,-0.45266324,-0.44357395,1.8110204,0.925359,-0.5241315,-1.2211993,0.25866216
123,2861,-0.4806004,0.091592945,0.46839365,-0.53821594,-0.45788333,0.030914873,0.07851088,0.08702786,0.2581768,-0.85204,-0.20040669,-0.6662643,-0.356411,-0.16321772,0.06327702,0.2569485
123,2863,-0.10237512,-0.26675218,-0.7265418,0.28991944,-0.1568763,-0.5436428,1.1567727,0.69350064,0.47335088,0.7241201,-0.18541034,0.061854135,0.24286713,0.0077043474,1.7955544,0.3184373
123,2867,0.16964328,-0.2429735,0.22305651,-0.6218781,0.36309594,1.0454925,-0.4119736,0.14790656,0.19486025,0.5023675,-0.2754612,-0.32190245,0.4392332,-0.28366238,0.19646393,-0.22851273
123,2873,-0.24697307,-0.43909085,-0.89583087,0.6749104,-0.24254218,-0.36806375,0.41983253,-0.065203294,0.6262734,0.3259498,-0.38454276,-0.10373474,-0.5483879,-0.07216715,0.074278176,-0.31641403
123,2886,-0.31406796,-0.30655828,-0.16822809,0.31095845,0.6671797,-0.13100116,-0.6392957,-0.4565503,-0.42323774,-0.10853778,0.2346847,0.1469735,0.1406816,-0.1623036,-0.13721296,-0.22768411
123,2889,-0.123361796,-0.35243547,-0.7253323,0.48842937,-0.13522038,-0.27625751,0.31162786,0.02334617,0.5329028,0.38429898,-0.30797535,0.045858018,-0.19279948,-0.12652816,0.29161337,-0.22341034
123,2897,-0.27452713,-0.25086397,0.13471389,0.10283823,0.7609788,-0.029452935,-0.7345608,-0.3534073,-0.5306157,-0.27401602,0.36578256,0.23669596,0.50951934,-0.203527,0.19079152,0.003599057
123,2904,0.06175802,0.059183918,0.33792752,-0.13576467,0.4904645,0.12168751,-0.48529318,-0.047619075,-0.47586817,-0.19218327,0.4480068,0.3413988,0.7849394,-0.028245017,0.6072314,0.2491734
123,2913,-0.1886257,-0.36898,-0.8101688,0.35202295,-0.15351391,-0.493905,1.0058879,0.54273075,0.4969892,0.6909765,-0.24496533,-0.055267535,0.09768549,-0.004395619,1.6078475,0.16125882
123,2917,-0.03160867,-0.10133668,-0.05303947,0.30122244,0.4228756,-0.10304433,-0.4737471,-0.26962012,-0.24720457,-0.10740848,0.21808776,0.5715155,0.36778522,-0.15815131,-0.17863739,-0.04185664
123,2928,0.093417645,-0.16189593,0.29968414,-0.47297728,0.44492513,0.7485483,-0.48282441,0.08839767,-0.051409334,0.20382915,-0.0005471632,-0.07547029,0.64058083,-0.23579895,0.45340848,-0.0131263435
123,2939,0.2782665,-0.19653702,0.14830811,-0.6343076,0.25439847,1.0653232,-0.2800079,0.18596146,0.24505883,0.70921874,-0.3601823,-0.42294565,0.24037157,-0.19725728,-0.0051366985,-0.325559
123,2956,0.7206105,0.14180481,0.041419663,-0.47801894,-0.017384201,0.6789781,0.33900267,0.29213238,-0.08065224,1.1514858,-0.25677437,-0.43889186,-0.46589544,0.3514275,-0.5779328,-0.3164352
123,2961,-0.025987178,-0.10267577,0.104796074,0.067503825,0.56167215,0.009340525,-0.5314628,-0.1949828,-0.42134702,-0.09438123,0.3120153,0.33485663,0.5447356,-0.12341729,0.24977611,0.046544652
123,2963,-0.37205353,-0.3381306,-0.42012006,0.59738654,0.39191505,-0.29787457,-0.4502645,-0.5485843,-0.17443277,-0.16580729,0.06476967,0.10067929,-0.34283885,-0.11695226,-0.6350942,-0.3520565
123,2965,0.041328877,-0.05508458,-0.030394845,0.31671828,0.36335358,-0.09911767,-0.43501696,-0.23019743,-0.19517381,-0.115384355,0.21089746,0.71364546,0.43968374,-0.16341296,-0.21375287,0.0037280172
123,2966,0.45358604,0.93644917,0.37431028,0.14015816,-0.50698185,-0.8456053,0.58182514,0.07322993,-0.75457466,-0.28347152,0.69792455,0.10838242,-0.29299927,0.8146224,-0.15392315,0.29061964
123,2968,0.1717646,0.012890078,0.31687677,-0.29727703,0.4464758,0.41502905,-0.42858684,0.052038435,-0.30905795,0.0814236,0.26436454,0.16807103,0.7262083,-0.058943298,0.5639702,0.12593749
123,2980,0.6231507,0.075822525,0.062352233,-0.50896597,0.03398136,0.7663161,0.19629201,0.2601645,-0.0059664473,1.0624208,-0.27702594,-0.4537212,-0.3104439,0.24213551,-0.45803082,-0.32847756
123,2984,-0.23134953,-0.41582888,-0.80296993,0.44721383,-0.14601216,-0.35702455,0.58727694,0.19493721,0.49901736,0.4990698,-0.29855853,-0.14832482,-0.21078637,-0.04936096,0.8441514,-0.11592426
123,2985,0.18443894,-0.23745254,0.2147372,-0.62485796,0.35090518,1.0511088,-0.3969521,0.153411,0.20290217,0.52975357,-0.28667927,-0.33335036,0.41811234,-0.27403164,0.1740858,-0.2420029
123,2986,-0.30335054,-0.29882407,-0.15787405,0.30062896,0.66397965,-0.12519945,-0.6362684,-0.44596,-0.4223115,-0.10444768,0.2369796,0.1545575,0.1564618,-0.16190472,-0.1199106,-0.21863171
123,2990,0.2782665,-0.19653702,0.14830811,-0.6343076,0.25439847,1.0653232,-0.2800079,0.18596146,0.24505883,0.7092188,-0.36018223,-0.4229457,0.24037157,-0.19725728,-0.0051366985,-0.32555902
123,3007,0.24440984,0.099571794,-0.08601286,0.34139758,-0.5878037,0.18787414,0.1335895,0.18450095,0.6838058,-0.37896913,-0.30969048,1.3989934,0.62876964,-0.43522966,-1.0589321,0.109230146
123,3008,-0.37028292,0.16488335,0.40109444,-0.5496748,-0.64176023,0.023774728,0.25412828,0.08828452,0.34114316,-0.7220373,-0.3212822,-0.8402796,-0.71138597,-0.023555242,-0.22029766,0.13842168
123,3009,-0.12337375,0.3984012,0.4736492,-0.28277993,-0.3370386,-0.3054934,0.15038353,0.06817424,-0.20584677,-0.65122336,0.23958749,-0.2657687,-0.13056025,0.19652139,0.21324858,0.3427939
123,3015,-0.5054374,-0.50293416,-0.6667829,0.6727952,0.36705703,-0.36439013,-0.33324006,-0.5808361,-0.05625446,7.8976154e-05,-0.07129304,-0.25459972,-0.62512255,-0.093988836,-0.48751664,-0.518278
123,3023,-0.001153633,-0.13223937,0.013176747,0.14496545,0.5408853,0.014395408,-0.5227559,-0.20810875,-0.3161893,0.02392152,0.23383866,0.4723613,0.5302018,-0.15683381,0.14602813,-0.038621254
123,3036,0.0022226423,-0.079430275,-0.17800465,0.38998044,-0.0681431,-0.011112437,-0.1750191,-0.12543526,0.22037524,-0.22051062,-0.08526398,0.76956475,0.24131104,-0.27141136,-0.6978935,-0.06807665
123,3040,0.08067866,-0.16059908,0.30383638,-0.4594409,0.4560908,0.72344416,-0.49285135,0.08034817,-0.07523373,0.1731405,0.023157462,-0.056247257,0.6583346,-0.23569094,0.4746842,0.007294189
123,3042,-0.3284528,0.0985984,0.43626773,-0.50050384,-0.32796773,0.099130355,0.028147042,0.09093645,0.16676506,-0.634532,-0.12862235,-0.5489448,-0.21935433,-0.122140646,0.108231306,0.20907182
123,3047,0.31709084,0.10433701,0.0444578,0.07928477,0.30708617,0.011583239,-0.23461622,-0.004188411,-0.32304654,0.14269635,0.27762926,0.51138633,0.61949486,0.0154250935,0.26784214,0.10135228
123,3078,-0.3285133,-0.3122332,-0.16251999,0.32727784,0.6893718,-0.14794303,-0.6592645,-0.47396833,-0.4440017,-0.13694565,0.25261974,0.17007148,0.16255267,-0.1638332,-0.14650854,-0.22047529
123,3087,-0.38319835,0.1558502,0.4134643,-0.55664563,-0.624171,0.032234862,0.23772481,0.08946949,0.3355354,-0.7379692,-0.3120681,-0.8311757,-0.67388916,-0.03781285,-0.19147065,0.15012589
123,3091,-0.102176726,-0.33520624,-0.70691603,0.4673335,-0.14854553,-0.2636901,0.32366687,0.048081838,0.5407236,0.39078894,-0.30622345,0.06464033,-0.16369161,-0.12805547,0.31759527,-0.20382881
123,3092,-0.1886257,-0.36898,-0.8101688,0.35202295,-0.15351394,-0.493905,1.0058877,0.5427307,0.49698925,0.6909765,-0.24496533,-0.055267535,0.09768549,-0.0043956265,1.6078475,0.16125885
123,3098,-0.5224812,0.17577818,0.49493265,-0.5186142,-0.5989944,-0.12485103,0.18716317,0.07771837,0.24916077,-0.9982497,-0.18734269,-0.7397134,-0.5246979,-0.079877175,-0.0017198622,0.30525732
123,3107,-0.5372155,-0.54911333,-0.7309123,0.68503356,0.36946267,-0.378722,-0.30383274,-0.58421636,-0.030447632,0.056501873,-0.105277225,-0.3512684,-0.68455434,-0.08827826,-0.41930205,-0.5614434
123,3110,-0.43203422,-0.5114156,-0.74345994,0.6444532,0.2425828,-0.34468228,-0.16279092,-0.45205104,0.114213794,0.15317288,-0.16710483,-0.29794765,-0.61391675,-0.092724174,-0.27130544,-0.5107125
123,3111,-0.33849972,-0.33576766,-0.42650765,0.5967685,0.38168377,-0.29476506,-0.42654932,-0.5205649,-0.1538567,-0.12589629,0.054828607,0.13186827,-0.29689738,-0.11680411,-0.5678332,-0.34151083
123,3117,-0.009504929,0.5729931,0.5402052,-0.072519705,-0.19481716,-0.6520259,0.115707874,0.033567123,-0.5957999,-0.72295207,0.6384105,0.042618245,0.12539233,0.38476783,0.5075419,0.53670233
123,3135,-0.5046469,0.122261345,0.48295823,-0.52175283,-0.49498364,-0.039951682,0.104789734,0.08210445,0.23991227,-0.92162603,-0.17671742,-0.6700622,-0.38803127,-0.13990656,0.06724124,0.289909
123,3154,-0.3681675,0.17899589,0.4085311,-0.5392598,-0.64096403,-0.0018741488,0.25742474,0.086806156,0.3197803,-0.73651654,-0.298356,-0.8263596,-0.70103323,-0.010450222,-0.20497164,0.15276495
123,3172,0.72058105,0.1333746,0.04279231,-0.49120098,-0.014123857,0.7040595,0.33302885,0.2932046,-0.06845459,1.1618912,-0.26891345,-0.4539701,-0.46066555,0.34615606,-0.5816339,-0.32637814
123,3173,-0.18557334,-0.33653364,-0.8123507,0.78843015,-0.29433978,-0.34115714,0.23328349,-0.25159407,0.6675469,0.105887875,-0.38689184,0.07196008,-0.7293174,-0.10741832,-0.66360223,-0.38511178
123,3175,0.73263705,0.32855752,0.09975435,-0.30014306,-0.021952078,0.30877203,0.32615048,0.21400848,-0.31538296,0.9567401,0.046389587,-0.30221722,-0.39855638,0.5297206,-0.40854466,-0.1945352
123,3185,-0.18990791,-0.23435187,0.25357455,-0.19501355,0.61382616,0.32071388,-0.67134404,-0.15007249,-0.31097305,-0.22190623,0.20555452,0.08723761,0.63429636,-0.28286862,0.42825174,0.09233622
123,3198,-0.3786715,-0.33338,-0.42824054,0.6416459,0.36911196,-0.31806123,-0.44898495,-0.57124615,-0.15644573,-0.21417291,0.06250106,0.14830276,-0.37058637,-0.1188997,-0.7411268,-0.34976545
123,3212,-0.31027558,0.05396139,0.43423742,-0.53401095,-0.27150768,0.19812894,-0.013832644,0.09925159,0.18654075,-0.5656055,-0.1525252,-0.5464353,-0.15147707,-0.15953618,0.12545596,0.1778858
123,3216,-0.4772624,0.1722345,0.46951964,-0.49531972,-0.55753994,-0.10774185,0.16532668,0.07702743,0.22831824,-0.9223283,-0.1717907,-0.69216526,-0.48985317,-0.07724128,0.006001219,0.28509104
123,3224,0.22903696,0.04901883,0.058372784,0.08394252,0.37742475,0.0056910366,-0.3106877,-0.057292335,-0.3551436,0.075399324,0.29124138,0.4734684,0.6098417,-0.01881735,0.25757262,0.0896419
123,3235,-0.12336177,-0.35243547,-0.72533244,0.4884293,-0.13522041,-0.27625751,0.31162786,0.02334617,0.53290296,0.38429898,-0.3079753,0.045858018,-0.19279948,-0.12652816,0.29161334,-0.22341034
123,3236,0.038698055,-0.06630138,0.091563895,0.08396104,0.52646315,-0.00041288137,-0.4820825,-0.1688202,-0.41561076,-0.06390396,0.31584668,0.39208093,0.5821928,-0.09490497,0.24626768,0.06199332
123,3237,-0.26909426,-0.47166908,-1.0155283,0.89399517,-0.32200497,-0.43830144,0.37604266,-0.2345807,0.7552272,0.21770969,-0.46125954,-0.045732103,-0.7974498,-0.08552776,-0.44171208,-0.44362503
123,3238,-0.3149486,-0.34309164,-0.5156661,0.646229,0.24333051,-0.31269234,-0.2920854,-0.47383928,0.008566782,-0.074401215,-0.038578674,0.096396595,-0.4124588,-0.10862488,-0.5872237,-0.35989112
123,3246,-0.22659084,-0.4070334,-0.9191282,0.85294795,-0.30887088,-0.39105076,0.29342902,-0.2584516,0.717223,0.15466824,-0.4283899,0.0074883625,-0.7864077,-0.099008314,-0.59535617,-0.4288689
123,3251,0.7492193,0.17004749,0.03766658,-0.46060413,-0.029960126,0.6340839,0.3788556,0.298377,-0.11730742,1.1710197,-0.23335709,-0.4276205,-0.505986,0.39324242,-0.6021611,-0.3076724
123,3258,-0.32636485,0.047789782,0.43742347,-0.5295788,-0.2613202,0.1912553,-0.027329817,0.09733493,0.18208009,-0.5854147,-0.14447473,-0.5331868,-0.13090158,-0.1737899,0.14552456,0.19013032
123,3300,0.17838508,0.03775584,0.024497032,0.29057252,0.247214,-0.062750354,-0.35254726,-0.13060504,-0.10354331,-0.09625028,0.19034593,0.8897504,0.5473628,-0.16526978,-0.2086831,0.08532083
123,3304,-0.24923706,-0.28378284,-0.37434983,0.5410683,0.34282312,-0.2556324,-0.38956803,-0.4410603,-0.12988362,-0.077234656,0.05577207,0.20088717,-0.19433051,-0.11635786,-0.45800543,-0.28633046
123,3309,-0.030280545,-0.23176852,-0.65027964,0.29837573,-0.18970087,-0.41207284,0.8235831,0.5032072,0.5236174,0.592898,-0.22155897,0.17685424,0.23891073,-0.07017842,1.30885,0.20179224
123,3311,0.08928594,-0.16674715,0.29180244,-0.47564954,0.43139854,0.7543126,-0.47712588,0.09049538,-0.030272141,0.20925656,-0.019377634,-0.089572795,0.6165608,-0.2457049,0.4344632,-0.023241669
123,3326,-0.4321812,0.105606616,0.4859397,-0.5305907,-0.39996812,0.041901335,0.05816579,0.0888372,0.19560248,-0.806779,-0.14229818,-0.61719275,-0.26764998,-0.13778453,0.11683734,0.2658321
123,3331,0.78812337,0.20402643,0.035939142,-0.4462334,-0.042695493,0.59375185,0.42195642,0.30383933,-0.15807788,1.2046976,-0.20695274,-0.42739162,-0.54864335,0.449476,-0.6324246,-0.30492342
123,3338,0.31951046,0.8449663,0.41367644,0.046998605,-0.5077777,-0.7542026,0.5162484,0.074181795,-0.6412786,-0.41914028,0.608005,0.031298764,-0.26121607,0.693281,-0.087079495,0.3206704
123,3344,-0.4529455,0.1743961,0.46085992,-0.5035714,-0.56664085,-0.086133495,0.17983651,0.079119965,0.23904118,-0.88431746,-0.18935941,-0.71249455,-0.518674,-0.06295597,-0.026694328,0.26193175
123,3348,-0.23819107,-0.27559236,-0.3645552,0.51882803,0.33614123,-0.24321,-0.38130248,-0.42338824,-0.12668383,-0.061893433,0.054058235,0.18759625,-0.18664563,-0.115180686,-0.42491943,-0.279891
123,3350,0.08472787,-0.15284133,0.29946277,-0.45319873,0.44504204,0.7108375,-0.48386794,0.081603244,-0.07321337,0.17655593,0.022859134,-0.054737307,0.6434581,-0.23078434,0.4659412,0.0060346667
123,3361,-0.14106488,-0.17402449,-0.17576054,0.39350867,0.29295516,-0.10860984,-0.40849525,-0.30832875,-0.12793334,-0.19510184,0.097018644,0.52384037,0.20176274,-0.20586874,-0.47837442,-0.13364488
123,3386,-0.29222482,-0.30523974,-0.3946977,0.550302,0.356602,-0.2656194,-0.40242958,-0.4704442,-0.1399448,-0.09241785,0.05270253,0.14229213,-0.253261,-0.115081236,-0.49443614,-0.31309128
123,3394,-0.49324206,0.17376669,0.4784813,-0.50291055,-0.5718421,-0.11469863,0.17278886,0.07718021,0.23495877,-0.9494831,-0.1764613,-0.7079806,-0.5014827,-0.078075066,0.004016727,0.29269996
123,3399,-0.05751854,-0.16938955,0.009840272,0.12803231,0.5917745,0.015611999,-0.5592245,-0.23601484,-0.3575349,0.021048695,0.24314152,0.3742899,0.49139792,-0.16004905,0.17796405,-0.06484135
123,3400,0.43117008,0.23744515,-0.011315785,0.2856062,-0.90876234,0.31131494,0.3429963,0.40098226,0.93152326,-0.45199025,-0.42637742,1.7802807,0.9014493,-0.5158806,-1.2162795,0.23881173
123,3413,-0.21580482,-0.23869523,-0.3934684,0.5957096,0.19254062,-0.26720715,-0.29718533,-0.41621256,0.0066791177,-0.13728999,0.0026883483,0.2718217,-0.29035643,-0.11665659,-0.64805174,-0.26146838
123,3429,0.24117096,-0.22627729,0.18266004,-0.64842737,0.30805492,1.0964508,-0.34066164,0.17542176,0.24048537,0.64603794,-0.3424921,-0.39341536,0.3346725,-0.24023302,0.07712956,-0.30125108
123,3435,-0.393513,0.10628426,0.47019058,-0.5204621,-0.3768485,0.06010229,0.05103612,0.089476414,0.18313721,-0.746613,-0.13584276,-0.5956023,-0.25356302,-0.12777074,0.112046525,0.24637014
123,3438,-0.06486501,-0.24131012,-0.7170167,0.30717403,-0.1781955,-0.5598719,1.1534625,0.69383335,0.4902448,0.71511966,-0.18370526,0.11728126,0.2610283,-0.003157407,1.74212,0.33500046
123,3443,0.1073143,-0.23150885,0.27941006,-0.5692145,0.43159425,0.940596,-0.48138607,0.113567725,0.0886561,0.32696187,-0.14893831,-0.20529461,0.5779464,-0.29408193,0.35163558,-0.11851277
123,3470,-0.14621061,-0.30918372,-0.7756545,0.29944736,-0.16510528,-0.5513321,1.1988788,0.70780575,0.49804735,0.7487906,-0.2109877,0.02390059,0.23088704,0.010547705,1.87327,0.30726713
123,3471,-0.38336048,0.17789492,0.42068893,-0.5599251,-0.6632445,0.00635764,0.27209222,0.088819444,0.33753526,-0.7600108,-0.31619716,-0.86251,-0.72571933,-0.009595759,-0.22028527,0.15292743
123,3477,0.117830805,0.12585542,0.35360587,-0.11168771,0.46662286,0.06226103,-0.44410497,-0.03424994,-0.5243806,-0.19337808,0.50842226,0.3999509,0.8130311,0.034362122,0.63902557,0.2835775
123,3478,0.2574222,-0.21853602,0.17080784,-0.6501743,0.28965256,1.0970951,-0.31857377,0.18082267,0.24702081,0.67773366,-0.35460246,-0.41274628,0.30031413,-0.22452019,0.04346949,-0.31571585
123,3497,0.087541476,-0.17256716,0.29690763,-0.48220587,0.441834,0.7666809,-0.48472,0.09013024,-0.033033594,0.20809896,-0.018168107,-0.090217866,0.63197124,-0.24838486,0.44335502,-0.022132758
123,3498,0.1224798,-0.22857606,0.2649446,-0.5720858,0.41349214,0.950355,-0.46476763,0.12044014,0.11077158,0.3621007,-0.17165564,-0.22036812,0.5440675,-0.29145157,0.31986278,-0.14084166
123,3507,-0.25526056,-0.26395798,-0.19386953,0.34024626,0.5532777,-0.13973694,-0.56187606,-0.42268765,-0.34187308,-0.0873238,0.18819006,0.18430212,0.06709837,-0.14955005,-0.22373629,-0.22201383
123,3519,0.15374088,0.09814845,0.34629393,-0.18288358,0.45633873,0.18981875,-0.42888653,0.0066152476,-0.45704073,-0.08987646,0.4332592,0.3266154,0.79921377,0.0125949755,0.63355166,0.23740801
123,3523,0.14112401,-0.24390686,0.24237764,-0.6035468,0.38785142,1.0114543,-0.4424777,0.1344564,0.16734597,0.4355982,-0.23658518,-0.28068244,0.4864833,-0.29778835,0.25283822,-0.19177869
123,3530,0.12475589,-0.044599213,0.024386004,0.19112362,0.4183265,0.0030469894,-0.43950564,-0.14721406,-0.22027595,0.015250251,0.21420987,0.7020488,0.61265737,-0.1524575,0.057872847,0.027502563
123,3531,-0.18009743,-0.35734543,-0.81102854,0.3423074,-0.1600104,-0.5172187,1.0743828,0.59423715,0.49978554,0.7150877,-0.23720269,-0.036067344,0.13408715,0.0037167668,1.6989424,0.20174584
123,3537,-0.16509584,-0.23521554,0.017728306,0.11411844,0.6905166,0.008910745,-0.63787794,-0.29847053,-0.43445632,-0.025854573,0.27320957,0.24626139,0.4485638,-0.17353511,0.20088004,-0.096586205
123,3538,-0.050250694,-0.25066292,-0.7140826,0.32191074,-0.1994243,-0.4997688,1.0046326,0.598591,0.5336017,0.66447103,-0.21776469,0.1568583,0.25320363,-0.03726148,1.5330353,0.25808373
123,3539,0.39030433,-0.10259982,0.105812185,-0.59522617,0.1653831,0.97887886,-0.13729434,0.20500644,0.18211395,0.8449573,-0.34063065,-0.46549144,0.071327716,-0.046989106,-0.15719292,-0.3513155
123,3540,0.6818392,0.35720778,0.12876599,-0.25820124,-0.019456714,0.21668753,0.2834819,0.18517616,-0.35186738,0.8266149,0.11927091,-0.24971697,-0.3280563,0.5233122,-0.31100893,-0.14048958
123,3543,0.8427533,1.1287012,0.24260402,0.33841008,-0.48181257,-0.9688465,0.7849016,0.08697029,-1.0138947,0.24135503,0.85437644,0.1746027,-0.47432873,1.1384134,-0.46287936,0.108765386
123,3548,-0.21391854,-0.40451396,-0.80626637,0.38749987,-0.13794982,-0.41312915,0.7785932,0.370044,0.49835807,0.60422,-0.27582604,-0.106510065,-0.02649717,-0.035546534,1.2754602,0.025075201
123,3550,-0.368053,-0.31539008,-0.40923655,0.63611346,0.35558844,-0.31165892,-0.44943786,-0.5661622,-0.15314478,-0.23398976,0.067727074,0.17269132,-0.36506954,-0.120380946,-0.77264386,-0.33553556
123,3551,0.1626223,0.0010346845,0.3228117,-0.3083717,0.4560691,0.4339972,-0.43912673,0.051052216,-0.30479106,0.07542883,0.2585444,0.15899903,0.7385236,-0.068575144,0.570697,0.12645724
123,3552,-0.13743189,0.3948734,0.4813959,-0.29423636,-0.34765407,-0.30173892,0.15493792,0.06907405,-0.19494137,-0.6702628,0.22982079,-0.2848954,-0.14060622,0.19212674,0.20972477,0.34576476
123,3574,-0.1606029,-0.37422898,-0.725168,0.51200503,-0.084779605,-0.26889044,0.22037807,-0.06276113,0.47670883,0.34725493,-0.29429448,-0.01214733,-0.27663875,-0.12441203,0.15319014,-0.2879695
123,3581,-0.5313932,0.17366642,0.49800318,-0.51745,-0.5958408,-0.12940781,0.18189883,0.07716826,0.2473244,-1.0107216,-0.1833245,-0.73468876,-0.5152383,-0.08601832,0.00849092,0.31223813
123,3590,-0.4462491,0.06941347,0.46157438,-0.5441082,-0.39959857,0.08942549,0.042479485,0.09116029,0.24693274,-0.7809623,-0.19361265,-0.63442606,-0.28687158,-0.17843798,0.089066565,0.23690566
123,3596,0.6679144,0.11286399,0.052959315,-0.4860357,0.010406092,0.70952094,0.2630319,0.27351683,-0.050839655,1.0970662,-0.25634462,-0.43812194,-0.37969282,0.29815042,-0.50559765,-0.3169963
123,3613,-0.34853348,-0.37478173,-0.547904,0.6529281,0.2649625,-0.3231343,-0.29580885,-0.4915892,0.00063245,-0.05474177,-0.04752323,0.03143716,-0.45025274,-0.105823554,-0.56109947,-0.39037085
123,3615,-0.3088872,0.10453109,0.43806785,-0.4943223,-0.30966204,0.10024069,0.022342354,0.091368236,0.14599055,-0.6141419,-0.109586686,-0.5297601,-0.1936579,-0.111972064,0.1228394,0.20968324
123,3620,0.15795425,-0.01790946,0.028268866,0.19197576,0.36920568,0.007983878,-0.40681988,-0.12180096,-0.18342969,0.017822668,0.19886267,0.7389395,0.611215,-0.15274315,0.031808347,0.042677827
123,3626,-0.30659047,-0.040632866,0.30864286,-0.6998801,-0.5356144,0.46409667,0.15491158,0.117126465,0.56791234,-0.38696373,-0.5806531,-0.96015173,-0.69909596,-0.19107363,-0.3622983,-0.081287876
123,3640,0.59307605,0.7383683,0.26058614,0.1029145,-0.17651445,-0.5782993,0.42942643,0.08222963,-0.7656547,0.29916614,0.62325406,-0.07880863,-0.34056333,0.8038514,-0.164592,0.083694965
123,3641,0.38502207,0.51603836,0.33553946,-0.11224058,-0.078719005,-0.2725894,0.17126277,0.08074859,-0.5403677,0.0735246,0.46433437,-0.05777488,-0.044029012,0.5174057,0.14748661,0.19529518
123,3647,0.18079686,0.036469784,0.31250194,-0.26738894,0.44267616,0.36182755,-0.41976368,0.04643515,-0.34155688,0.06427816,0.2993052,0.204957,0.73056674,-0.03718902,0.57433796,0.14241087
123,3654,-0.5570384,0.15776536,0.508896,-0.5067407,-0.55129457,-0.13571091,0.13882893,0.0751454,0.22468889,-1.0405973,-0.1515963,-0.6856539,-0.43306038,-0.11956185,0.07558194,0.34146422
123,3655,-0.048330292,-0.25307968,-0.7026685,0.3214395,-0.20393464,-0.46334147,0.93383,0.5559299,0.54901946,0.63635063,-0.23248823,0.16364619,0.2406861,-0.054782525,1.4361563,0.22722393
123,3671,1.0148453,0.9308364,0.076495424,0.29976308,-0.23570561,-0.63413745,0.72918963,0.109306246,-0.96702474,0.9390226,0.6914434,-0.09944353,-0.66856325,1.1331462,-0.7048915,-0.20816678
123,3672,0.30243474,-0.18049732,0.14259703,-0.6327087,0.24108607,1.0587738,-0.25425214,0.19115813,0.23440537,0.74241805,-0.35895783,-0.4366459,0.21318524,-0.16717565,-0.031985134,-0.33389723
123,3676,0.8176502,0.26321703,0.0457284,-0.40336603,-0.0444362,0.50607294,0.4347911,0.28639278,-0.22899191,1.2028828,-0.12807433,-0.41344282,-0.55190325,0.5277405,-0.6141796,-0.28909206
123,3681,0.73263705,0.32855752,0.09975435,-0.3001431,-0.021952078,0.30877203,0.32615048,0.21400848,-0.315383,0.9567401,0.046389587,-0.30221716,-0.39855638,0.52972054,-0.40854466,-0.1945352
123,3690,0.49746838,-0.005181268,0.0841476,-0.5363043,0.0917632,0.85416466,0.025082082,0.22078985,0.08514397,0.93477803,-0.30095446,-0.45257768,-0.12937215,0.09823939,-0.31307513,-0.3324936
123,3697,-0.071819246,-0.26493293,-0.754611,0.33172435,-0.20019245,-0.5628184,1.1457814,0.67997485,0.5400851,0.71647483,-0.21460201,0.13640477,0.26905358,-0.015610196,1.7282095,0.31600487
123,3706,0.14112401,-0.24390686,0.24237764,-0.6035468,0.38785142,1.0114543,-0.4424777,0.1344564,0.16734597,0.4355982,-0.23658518,-0.28068244,0.4864833,-0.29778835,0.25283822,-0.19177869
123,3726,0.41009375,0.67679334,0.33930418,0.04135534,-0.18589249,-0.57747877,0.33515996,0.06980478,-0.6954448,0.0072458684,0.60768294,-0.0632068,-0.21618104,0.6693863,0.01840733,0.20606866
123,3732,0.52348125,0.0068058297,0.07966936,-0.5372865,0.08015882,0.85013825,0.059033364,0.22972338,0.073739305,0.9675171,-0.3045659,-0.4606823,-0.16662821,0.124597535,-0.34770095,-0.33683163
123,3747,0.749207,0.8180487,0.20610723,0.1677659,-0.20122772,-0.60971797,0.54835194,0.09294027,-0.8487139,0.5269851,0.6564027,-0.10780013,-0.47258636,0.9435066,-0.35741884,-0.016365204
123,3750,0.6874223,0.4126194,0.09024281,0.16105036,-1.4012458,0.544365,0.65636355,0.7441229,1.3876362,-0.5031146,-0.6528657,2.2464397,1.2187032,-0.6550133,-1.4128094,0.40350017
123,3761,-0.32958004,-0.46324492,-0.7370835,0.60390747,0.124203935,-0.3102358,-0.040087014,-0.32625866,0.24564165,0.21878831,-0.21576808,-0.199972,-0.5129596,-0.10412716,-0.16014618,-0.44653133
123,3766,-0.39853284,0.15568706,0.42227536,-0.5633544,-0.63321877,0.027207077,0.24114162,0.08964947,0.34013432,-0.76285946,-0.3144316,-0.8422007,-0.6778989,-0.04096502,-0.18868387,0.15827248
123,3769,0.60633343,0.35969335,0.062224407,0.20811085,-1.2458271,0.46488428,0.5528106,0.63144094,1.2436337,-0.4974469,-0.5774095,2.11135,1.1165444,-0.6109907,-1.3638449,0.35675642
123,3774,0.40207088,-0.0829475,0.1059093,-0.5796277,0.15640394,0.94782954,-0.1220669,0.20075193,0.1627928,0.84540147,-0.32238483,-0.45931414,0.048795626,-0.022740081,-0.1701392,-0.34422866
123,3792,0.33093208,-0.15961888,0.12738751,-0.62620234,0.21426843,1.0426087,-0.21454008,0.19815509,0.22546962,0.78468347,-0.36257732,-0.45522395,0.16219388,-0.1308035,-0.07911834,-0.3459993
123,3804,-0.102176726,-0.33520624,-0.70691603,0.46733356,-0.1485455,-0.26369017,0.32366693,0.048081838,0.5407236,0.39078894,-0.30622345,0.06464033,-0.16369164,-0.12805547,0.31759527,-0.20382881
123,3821,-0.5340457,-0.5392018,-0.71536756,0.6927827,0.37432766,-0.3807518,-0.31956267,-0.5937674,-0.042403027,0.029870078,-0.092651576,-0.31390056,-0.66912496,-0.090811685,-0.4589541,-0.5516839
123,3824,0.18079686,0.036469784,0.31250194,-0.26738894,0.44267616,0.36182755,-0.41976368,0.046435155,-0.34155688,0.06427816,0.2993052,0.204957,0.73056674,-0.03718902,0.57433796,0.14241087
123,3835,-0.4775661,-0.47755218,-0.6406708,0.6693285,0.35064083,-0.35725248,-0.33123887,-0.5672009,-0.051614217,-0.016161114,-0.06300372,-0.19918257,-0.59263635,-0.09589432,-0.50805277,-0.49308446
123,3838,-0.47045687,0.10581572,0.46179405,-0.51646364,-0.4567432,0.0011584908,0.08105314,0.08397406,0.23854724,-0.8497202,-0.18043195,-0.6430163,-0.35639682,-0.15009825,0.06872566,0.26372766
123,3844,0.7577609,0.30673748,0.078390226,-0.32524267,-0.023701996,0.36430568,0.3511368,0.23258369,-0.28941166,1.0339423,-0.0020922422,-0.33231348,-0.44336942,0.52729076,-0.46900958,-0.226646
123,3850,-0.39026955,0.045781188,0.38264585,-0.70237005,-0.6725136,0.29435724,0.25622427,0.11026353,0.5411045,-0.61544096,-0.5403595,-1.0407194,-0.81556416,-0.11524841,-0.37082303,0.0101755895
123,3855,0.42355233,-0.063024215,0.10566741,-0.5716666,0.1460715,0.92959756,-0.09862469,0.20014302,0.14447248,0.86491174,-0.31074232,-0.4651594,0.018675268,0.009789608,-0.19504419,-0.34463486
123,3874,-0.15014836,-0.14842615,0.29522595,-0.16073588,0.5903749,0.22571756,-0.63701004,-0.14068893,-0.3822124,-0.28264517,0.30456227,0.18563384,0.7029928,-0.21290193,0.4889959,0.16572794
123,3875,-0.23897547,-0.42676824,-0.75466853,0.57062024,-0.005730033,-0.2888202,0.11233994,-0.18691033,0.40066212,0.29657513,-0.2780127,-0.099930696,-0.40223613,-0.11837353,-0.012751967,-0.378094
123,3881,0.8176503,0.26321703,0.0457284,-0.4033661,-0.0444362,0.50607294,0.4347911,0.28639278,-0.22899191,1.2028828,-0.12807433,-0.41344282,-0.55190325,0.5277405,-0.6141796,-0.28909206
123,3898,0.22020328,0.031025868,0.03625422,0.20232512,0.28642464,0.009416372,-0.3522945,-0.08061585,-0.121871516,0.016770065,0.17794186,0.8248192,0.621528,-0.15265097,-0.018133253,0.07470087
123,3903,-0.28598577,-0.26211596,-0.38763404,0.64114267,0.26564398,-0.29727715,-0.38466224,-0.50596696,-0.070167206,-0.2321964,0.045233957,0.29186863,-0.31471956,-0.12418951,-0.7960555,-0.28415355
123,3908,0.7502328,1.1310792,0.28959244,0.32210785,-0.5145862,-1.0181645,0.7482387,0.07678932,-0.9912235,0.045275643,0.8714698,0.22006947,-0.40506348,1.0916088,-0.34795338,0.1999146
123,3911,-0.049330547,-0.12408789,0.21242192,-0.115062475,0.54382515,0.22046015,-0.57159114,-0.115875825,-0.33592674,-0.11812283,0.25476992,0.23528965,0.6338945,-0.18714607,0.40056327,0.09725736
123,3915,-0.07634486,-0.2604134,-0.75298256,0.3265751,-0.19464985,-0.57849383,1.1865343,0.7058687,0.5273286,0.7291723,-0.20460059,0.12333151,0.26665908,-0.0066298246,1.7817276,0.33779863
123,3928,-0.4165928,0.17005208,0.44248417,-0.50596803,-0.55877984,-0.05286266,0.18235353,0.08169432,0.2474246,-0.8198402,-0.2054786,-0.7159015,-0.5310751,-0.05442919,-0.05452004,0.23051432
123,3929,-0.3088872,0.10453109,0.43806785,-0.4943223,-0.30966204,0.10024069,0.022342354,0.091368236,0.14599055,-0.6141419,-0.109586686,-0.5297601,-0.1936579,-0.111972064,0.1228394,0.20968324
123,3933,1.0191904,1.0772083,0.12355635,0.37362742,-0.38290486,-0.83118904,0.8404902,0.113214195,-1.0400711,0.71397305,0.79203343,0.04602074,-0.6313908,1.2034045,-0.7130654,-0.10768869
123,3947,0.5853131,0.33753237,0.035413325,0.22205134,-1.2642295,0.47769415,0.56396174,0.62772685,1.2797945,-0.51091045,-0.6070997,2.1283844,1.1207604,-0.6324036,-1.4200046,0.3354802
123,3970,0.14840564,0.16522165,0.3565412,-0.09681888,0.44165936,0.025011905,-0.41427025,-0.023878321,-0.5411349,-0.18834601,0.53382725,0.42738745,0.8102449,0.06667158,0.64651346,0.2986583
123,3973,0.3911975,-0.09279411,0.10627429,-0.58322734,0.16160078,0.95581156,-0.13331115,0.20112471,0.17141408,0.8350007,-0.32761288,-0.45575932,0.06365193,-0.038897164,-0.1570417,-0.34327912
123,3976,0.7732872,0.19448975,0.03577269,-0.44583213,-0.0389103,0.59530294,0.4087885,0.30221778,-0.14816138,1.18519,-0.21067564,-0.41856036,-0.5352062,0.42922038,-0.6182153,-0.30034792
123,4001,0.47592753,-0.020410635,0.08949878,-0.54452693,0.10564476,0.8746214,-0.00940305,0.21408811,0.10120672,0.915153,-0.30388248,-0.45614,-0.08917937,0.07394263,-0.281653,-0.3359098
123,4006,-0.009504929,0.5729931,0.5402052,-0.072519705,-0.19481716,-0.6520259,0.115707874,0.033567127,-0.5957999,-0.72295207,0.63841057,0.042618245,0.12539233,0.38476783,0.5075419,0.53670233
123,4007,-0.17703289,-0.20353273,0.26709232,-0.18272051,0.6014403,0.28537184,-0.657429,-0.1464254,-0.3330865,-0.24351193,0.23795432,0.118134506,0.6511425,-0.2592609,0.44575638,0.11752045
123,4014,0.18079686,0.036469784,0.31250194,-0.26738894,0.44267616,0.36182755,-0.41976368,0.04643515,-0.34155688,0.06427816,0.2993052,0.204957,0.73056686,-0.03718902,0.57433796,0.14241087
123,4032,0.15374088,0.09814845,0.34629393,-0.18288358,0.4563387,0.18981875,-0.42888653,0.0066152476,-0.4570407,-0.08987646,0.4332592,0.32661536,0.79921377,0.0125949755,0.63355166,0.23740801
123,4043,0.22758031,-0.22643894,0.18861908,-0.63750225,0.31723902,1.0780236,-0.35387725,0.16976464,0.23005003,0.61502576,-0.32637215,-0.37113017,0.35442173,-0.24950406,0.10260947,-0.28540608
123,4066,-0.01213789,-0.2502062,-0.69568956,0.34712756,-0.25821447,-0.37536895,0.7852855,0.45713785,0.63861585,0.57076734,-0.2919857,0.23057416,0.20295799,-0.1043008,1.1112965,0.13621058
123,4070,-0.4650798,0.09620477,0.46063846,-0.5250484,-0.44644114,0.02481065,0.073940486,0.08589256,0.24484605,-0.83219635,-0.18831988,-0.6458954,-0.3461193,-0.15715721,0.06824197,0.25475076
123,4079,-0.09512453,-0.14183223,-0.16777101,0.39177203,0.18564317,-0.0739173,-0.34077138,-0.24994788,-0.03325396,-0.2236702,0.04824102,0.6416923,0.26590163,-0.23583461,-0.558085,-0.105032034
123,4087,0.19615427,-0.23704791,0.2053887,-0.6308707,0.3398468,1.0639518,-0.3843841,0.15870939,0.21585101,0.5570903,-0.30357933,-0.3481566,0.3965669,-0.26998526,0.14939463,-0.2577555
123,4090,-0.07626337,-0.12974676,0.113548264,0.06810771,0.5937637,0.0047765076,-0.5684285,-0.22126335,-0.43761054,-0.12805898,0.31949133,0.30783692,0.52996475,-0.14082056,0.2405174,0.039204698
123,4097,-0.5152255,-0.5119317,-0.6811969,0.6932078,0.36710763,-0.37579137,-0.33353406,-0.59363604,-0.05166798,-0.0077216625,-0.07507107,-0.25074738,-0.6394018,-0.094124116,-0.51195085,-0.52639204
123,4103,0.48302323,0.24923098,0.067625634,0.08427988,0.15688257,-0.009916514,-0.08862032,0.09141868,-0.29432094,0.18142906,0.30590546,0.6387609,0.6772883,0.10000202,0.2660837,0.17737791
123,4104,-0.5205438,0.18484432,0.49672747,-0.4927374,-0.574002,-0.15715782,0.16960302,0.07430328,0.21369717,-1.0081598,-0.14751454,-0.6916245,-0.479651,-0.07866118,0.03952603,0.32703528
123,4117,0.030538246,-0.24134728,-0.6686913,0.3800081,-0.29425505,-0.28004277,0.58956975,0.3180229,0.6877454,0.48303223,-0.32768482,0.27525374,0.119996555,-0.14328465,0.70433533,0.01746791
123,4127,0.19267435,0.012699299,0.033826604,0.18241657,0.31819418,0.01451806,-0.3710477,-0.09125435,-0.15071,0.028572425,0.18476744,0.7562815,0.60265326,-0.14810352,0.023566172,0.05859182
123,4131,-0.5391798,0.18189654,0.5076009,-0.48976594,-0.5620129,-0.16896443,0.15567526,0.07319751,0.2027055,-1.0379207,-0.13128857,-0.6756478,-0.44808194,-0.09057689,0.07060978,0.34655407
123,4138,0.34778464,0.14801434,0.111802846,0.026261091,0.27862126,0.06413058,-0.22156183,0.037389398,-0.32288736,0.116699465,0.3051114,0.5342428,0.68968904,0.032228187,0.31958866,0.15264967
123,4140,0.28661156,0.11612487,0.06762044,0.26886952,0.14676136,-0.0356002,-0.28179199,-0.050310872,-0.028585643,-0.08615078,0.17376,1.0224369,0.62116957,-0.1635027,-0.21241042,0.15099676
123,4157,-0.44662485,0.08116525,0.45021012,-0.52734977,-0.4188678,0.0595124,0.055502415,0.08782124,0.24697402,-0.7879265,-0.19347669,-0.63204026,-0.31988516,-0.16856828,0.072207406,0.2379846
123,4161,-0.19248179,0.34157056,0.48910615,-0.34007037,-0.34949052,-0.23708902,0.13215381,0.07362567,-0.13060917,-0.69918567,0.17018302,-0.3398011,-0.14575505,0.13126354,0.20612429,0.33723903
123,4164,0.82709134,0.80770856,0.14648238,0.18939708,-0.17462057,-0.5568869,0.560639,0.09875729,-0.84615016,0.69593716,0.6289572,-0.10911853,-0.51591253,0.96096456,-0.45024616,-0.096866645
123,4170,-0.35819975,0.14396471,0.38459107,-0.54232734,-0.60365653,0.053231746,0.22285241,0.08870855,0.34130782,-0.68001044,-0.3218705,-0.8081911,-0.6706412,-0.04718413,-0.20410275,0.12574017
123,4173,-0.006055504,0.5931708,0.5504544,-0.066401616,-0.20643687,-0.6803459,0.13030317,0.032653306,-0.61448216,-0.7416677,0.6577299,0.04556127,0.12088075,0.40664124,0.511832,0.55006635
123,4177,-0.16436112,-0.16338855,0.29766876,-0.16298904,0.6079501,0.23396257,-0.6535226,-0.14962874,-0.38642532,-0.29339945,0.30362263,0.18066248,0.7136462,-0.22201744,0.4909216,0.16394567
123,4184,-0.38336042,0.17789492,0.42068893,-0.5599251,-0.6632445,0.00635764,0.27209222,0.088819444,0.33753526,-0.7600108,-0.31619716,-0.86251,-0.72571933,-0.009595759,-0.22028527,0.15292743
123,4187,-0.27024484,0.20136493,0.46783122,-0.41962278,-0.30018067,-0.053708643,0.045574903,0.08295857,0.0065744,-0.66659933,0.03660667,-0.41484746,-0.12215558,-0.020499721,0.2010757,0.2848275
123,4188,-0.42292687,-0.51448864,-0.7614503,0.6561842,0.2187752,-0.3492517,-0.13506158,-0.43847555,0.14834088,0.16348703,-0.183145,-0.28172976,-0.61028445,-0.09536895,-0.26653785,-0.50905323
123,4193,-0.3466884,-0.3018303,-0.41592252,0.66996,0.3182012,-0.32132775,-0.4272613,-0.5625175,-0.11183064,-0.25482994,0.055676516,0.24419022,-0.35824487,-0.124530114,-0.8369754,-0.32258856
123,4203,-0.20033392,-0.40786204,-0.7612247,0.5485161,-0.058881685,-0.29239112,0.20133615,-0.10505855,0.46291602,0.3404935,-0.2983393,-0.050022982,-0.3267199,-0.12164191,0.118402824,-0.3234748
123,4209,-0.1392583,-0.29754955,-0.74422526,0.28208345,-0.15342864,-0.52332705,1.143386,0.6825593,0.4754032,0.7264599,-0.20004834,0.022541307,0.22669828,0.006060526,1.8136153,0.29403007
123,4213,-0.065249085,-0.32115775,-0.73883444,0.45465493,-0.22101128,-0.30397356,0.49138373,0.18358803,0.63642985,0.4556654,-0.3355872,0.1504004,-0.037892208,-0.13421279,0.5583104,-0.10079079
123,4218,0.6231507,0.075822525,0.06235223,-0.50896597,0.03398136,0.7663161,0.19629201,0.2601645,-0.0059664473,1.0624208,-0.27702594,-0.4537212,-0.3104439,0.24213551,-0.45803082,-0.3284776
123,4228,0.3440224,0.16786349,-0.05277335,0.31813145,-0.8006638,0.27539426,0.26310658,0.31457794,0.88040394,-0.43527836,-0.40720022,1.6498798,0.7863488,-0.5035995,-1.2011209,0.17846945
123,4237,-0.5285224,-0.5584004,-0.75306535,0.6774392,0.35249963,-0.37583798,-0.2718542,-0.5616321,-0.0027576834,0.09979533,-0.12653688,-0.385448,-0.6945158,-0.084711224,-0.35636318,-0.568605
123,4239,-0.44802502,0.16853732,0.45689985,-0.51161546,-0.5686941,-0.0682358,0.18178558,0.08062113,0.25083232,-0.8691754,-0.20344655,-0.72436064,-0.5284436,-0.065122694,-0.040239662,0.25027943
123,4257,-0.27024484,0.20136493,0.46783122,-0.41962278,-0.30018067,-0.053708643,0.045574903,0.08295857,0.0065744,-0.66659933,0.03660667,-0.41484746,-0.12215558,-0.020499721,0.2010757,0.2848275
123,4259,0.10465524,-0.21266878,0.29224357,-0.54860115,0.44037068,0.8955793,-0.48430288,0.10710904,0.046511978,0.29198486,-0.10520445,-0.17213371,0.60564363,-0.27557802,0.38582498,-0.08719789
123,4265,-0.29536828,-0.26388288,-0.3825382,0.63825244,0.27803528,-0.2970044,-0.3980434,-0.51505774,-0.08464965,-0.24135478,0.052443918,0.28551552,-0.31677622,-0.12485172,-0.8054972,-0.28676176
123,4283,0.22020328,0.031025868,0.03625422,0.20232512,0.28642464,0.009416372,-0.3522945,-0.08061585,-0.121871516,0.016770065,0.17794186,0.8248192,0.621528,-0.15265097,-0.018133253,0.07470088
123,4311,0.08011646,-0.15120009,0.30154133,-0.44606906,0.4509811,0.698097,-0.48831895,0.07771898,-0.086392224,0.1629872,0.03556791,-0.04447124,0.6526681,-0.22912031,0.4766611,0.01599338
123,4323,-0.2907247,-0.28333047,-0.14978886,0.28848243,0.63618827,-0.117823556,-0.61832714,-0.42906374,-0.40615734,-0.10379742,0.22965455,0.14792559,0.14098763,-0.16038318,-0.12555411,-0.21021062
123,4331,-0.25568387,-0.43370867,-0.7488392,0.5793679,0.020908989,-0.28849286,0.07290873,-0.22147322,0.3693857,0.27560365,-0.2662168,-0.11805322,-0.43036327,-0.11696189,-0.06619409,-0.39778003
123,4332,1.0148453,0.9308364,0.076495424,0.29976308,-0.23570561,-0.63413745,0.72918963,0.109306246,-0.96702474,0.9390226,0.69144344,-0.09944355,-0.66856325,1.1331462,-0.7048915,-0.20816678
123,4334,-0.12586868,-0.15718225,0.12171215,0.09639853,0.6466968,-0.024852112,-0.616135,-0.26530322,-0.48037687,-0.18807416,0.35032275,0.3226368,0.5510821,-0.1499484,0.22093081,0.04230404
123,4345,-0.018544123,0.56679726,0.5409658,-0.08203356,-0.20503631,-0.64179164,0.11943725,0.035634287,-0.5795685,-0.7272918,0.62276363,0.02495592,0.11101676,0.37794977,0.49658513,0.5320072
123,4347,-0.42410997,-0.4364102,-0.59761924,0.6460258,0.32328227,-0.3368876,-0.3185847,-0.52918124,-0.0406738,-0.017932639,-0.053872928,-0.12717205,-0.5303664,-0.09780654,-0.49386984,-0.45119083
