window_id,vehicle_id,z_0,z_1,z_2,z_3,z_4,z_5,z_6,z_7,z_8,z_9,z_10,z_11,z_12,z_13,z_14,z_15
162,3,-0.08496704,-0.298312,0.52806926,1.0158013,-0.4864852,1.1206841,-0.12253341,0.38525146,0.0027900636,0.23110463,-0.2237435,0.11367047,0.059865918,-0.13928327,0.048331633,0.075184464
162,2044,-0.084967025,-0.29831207,0.52806926,1.0158013,-0.4864852,1.1206841,-0.12253338,0.38525143,0.0027900487,0.2311046,-0.2237435,0.11367047,0.059865903,-0.13928321,0.048331648,0.07518446
162,2117,0.38662553,0.45886838,-0.15774971,0.3105853,0.2976405,-0.54095423,0.46803492,0.1333507,-0.37696257,-0.6081271,-0.34798408,0.6587923,0.34980282,0.07181731,0.13182126,0.5196944
162,2583,-0.08231803,-0.30963486,0.54530936,1.0377685,-0.5014391,1.1422707,-0.1357972,0.3896194,0.0036683679,0.23330264,-0.22477314,0.11762726,0.065785915,-0.14875364,0.05168263,0.077781215
162,3471,-0.08231803,-0.30963492,0.5453094,1.0377685,-0.5014391,1.1422707,-0.13579726,0.3896194,0.003668338,0.23330261,-0.22477314,0.11762726,0.0657859,-0.14875367,0.05168262,0.077781215
162,1921,0.15818506,-0.23548064,1.2404081,-0.2237428,-1.0237609,-1.4467964,-1.2659225,0.37654215,2.5111012,-1.1036271,-0.016832978,0.08703959,-1.5849297,-0.52154034,-0.7923878,1.3707155
162,2335,0.2790756,-0.14001176,1.1721324,0.427301,0.84105027,-0.6448619,-0.24934122,0.13299267,-0.23664916,0.08481188,-0.39128906,0.5102601,0.46974117,-0.34895632,-0.037029587,0.2483161
162,4027,0.27808723,-0.12988469,1.1566919,0.42922568,0.81738484,-0.6344698,-0.24377939,0.14061147,-0.21159755,0.07476954,-0.38886082,0.51140976,0.4477807,-0.34971467,-0.040636446,0.2639405
162,375,-0.075741604,-0.32107317,0.56458175,1.0531762,-0.51783335,1.1489882,-0.15373051,0.39087632,0.0003437996,0.22500242,-0.2205852,0.12787072,0.07833719,-0.16376466,0.05794017,0.08419046
162,2519,0.1581851,-0.23548064,1.240408,-0.22374278,-1.0237609,-1.4467964,-1.2659224,0.37654218,2.511101,-1.1036271,-0.016832992,0.08703959,-1.5849296,-0.5215404,-0.7923878,1.3707151
162,2689,-0.08231802,-0.30963486,0.5453093,1.0377684,-0.5014391,1.1422706,-0.13579723,0.3896194,0.003668338,0.23330264,-0.22477315,0.11762726,0.0657859,-0.14875367,0.05168262,0.077781215
162,2881,-0.08231803,-0.30963492,0.54530936,1.0377685,-0.5014391,1.1422707,-0.13579726,0.38961938,0.003668353,0.23330267,-0.22477314,0.11762726,0.0657859,-0.14875367,0.05168262,0.077781215
162,246,0.31512976,0.27651948,0.31005722,0.276451,0.28125092,-0.7604392,0.3389684,0.25719237,-0.096296996,-0.65115595,-0.28976488,0.67713076,0.22452205,-0.095343485,-0.021180417,0.7046323
162,2192,0.1581851,-0.23548064,1.240408,-0.22374278,-1.0237609,-1.4467964,-1.2659224,0.37654218,2.511101,-1.1036271,-0.016833007,0.08703959,-1.5849297,-0.52154034,-0.7923877,1.3707153
162,2598,-0.49120045,-0.37859517,0.918975,-0.24279676,0.19908011,-0.12645543,1.4914978,0.427403,-0.21597914,0.017888188,0.22132958,0.49023914,0.4196706,-0.3075405,-0.065992266,0.8429364
162,3218,-0.08496705,-0.29831207,0.52806926,1.0158013,-0.48648527,1.1206841,-0.12253335,0.38525143,0.0027900338,0.2311046,-0.2237435,0.11367047,0.05986591,-0.13928324,0.04833164,0.07518446
162,509,0.1581851,-0.23548067,1.240408,-0.2237428,-1.023761,-1.4467964,-1.2659228,0.37654218,2.5111008,-1.1036271,-0.016832978,0.08703959,-1.5849297,-0.5215404,-0.7923877,1.3707155
162,2499,-0.07574161,-0.32107317,0.56458175,1.053176,-0.51783335,1.1489882,-0.15373051,0.39087632,0.0003437847,0.22500242,-0.2205852,0.12787072,0.07833719,-0.16376466,0.057940155,0.08419046
162,2852,-0.08231802,-0.30963486,0.5453093,1.0377685,-0.5014392,1.1422708,-0.13579717,0.38961944,0.0036683679,0.23330267,-0.22477314,0.11762726,0.0657859,-0.14875367,0.05168263,0.077781215
162,4212,0.15818512,-0.23548064,1.2404081,-0.22374278,-1.0237608,-1.4467964,-1.2659224,0.37654215,2.511101,-1.1036271,-0.016833007,0.08703958,-1.5849297,-0.5215404,-0.7923878,1.3707151
162,369,0.1581851,-0.23548067,1.240408,-0.22374277,-1.023761,-1.4467964,-1.2659225,0.37654218,2.511101,-1.103627,-0.016832978,0.08703959,-1.5849298,-0.5215404,-0.7923877,1.3707154
162,1093,-0.084967025,-0.29831207,0.5280693,1.0158013,-0.48648515,1.120684,-0.12253341,0.38525143,0.0027900934,0.23110457,-0.2237435,0.11367047,0.059865903,-0.13928324,0.048331648,0.07518446
162,1432,-0.08496704,-0.29831207,0.52806926,1.0158013,-0.48648527,1.1206841,-0.12253338,0.38525143,0.0027900487,0.23110454,-0.2237435,0.11367047,0.059865918,-0.13928324,0.04833164,0.07518446
162,1646,-0.08496704,-0.29831207,0.52806926,1.0158013,-0.48648515,1.1206841,-0.12253338,0.38525143,0.0027900785,0.23110451,-0.2237435,0.11367047,0.05986591,-0.13928324,0.04833164,0.07518446
162,1173,-0.07574162,-0.3210731,0.5645817,1.053176,-0.51783335,1.1489882,-0.15373051,0.3908763,0.0003437847,0.22500242,-0.2205852,0.12787072,0.07833721,-0.16376466,0.05794017,0.08419044
162,9,-0.39760292,0.08809931,-0.48055404,-0.4887416,0.1677263,-0.56819504,0.29860032,0.51337206,-0.21410483,0.28004837,0.76356643,-0.28903788,-0.23950705,0.14025675,-0.5167185,-0.38836408
162,12,0.4529,0.17608099,0.46146291,0.5074029,0.5757203,-0.34182692,-0.20568022,-0.016741984,-0.21748678,-0.1962972,-0.7301242,0.41813362,0.34415573,0.057818666,0.1932355,0.21051581
162,18,-0.0129935555,-0.21843603,0.26634443,-0.25961944,0.8844956,-0.65869766,-0.38343188,-0.1334796,-0.5754771,0.38904,0.024171531,-0.21489833,0.32637158,0.16281867,-0.07747067,-0.61222935
162,31,0.16812035,-0.18230519,1.1484568,-0.16653916,-0.81842995,-1.386617,-1.0261372,0.37918293,2.1354487,-1.029402,-0.024300128,0.17913377,-1.3207618,-0.487341,-0.70512235,1.2861742
162,34,0.39576092,0.6679676,-1.0944988,0.046649963,-0.26155478,-0.035644412,0.24477424,-0.25996655,0.009916395,-0.58034086,-0.33431277,0.25408083,-0.117147535,0.35633987,0.23696025,0.24354689
162,41,-0.043605242,-0.62586415,0.5095313,-0.56046647,0.7240497,-0.119954914,-0.7228149,-0.4970991,0.017829865,0.70858514,-0.06532268,-0.7508006,0.16053233,-0.013550833,-0.008474391,-0.6546117
162,42,0.5498129,0.37645826,-0.030454502,0.4758828,0.506197,-0.16187252,0.033292323,-0.18843105,-0.40344825,-0.35342783,-0.88252705,0.42535228,0.4361676,0.2982869,0.4042864,0.18289994
162,43,0.14324704,-0.19569334,0.11909567,-0.24274792,0.6291508,-0.13728653,-0.41268864,-0.43356085,-0.1211696,0.30936044,-0.3260069,-0.37227207,0.1941725,0.17351481,0.14158724,-0.38989878
162,48,0.07188347,-0.36932176,0.46052146,0.26737753,-0.8280746,0.20968102,-0.84895766,-0.175953,-0.59820044,-0.4464792,0.5836801,0.50621414,0.54522187,-0.69573796,0.20012219,-0.2849647
162,59,0.47550705,0.25277984,0.0991707,0.43933204,0.6269175,-0.25808415,-0.13689137,-0.15112835,-0.45944008,-0.20150182,-0.79144496,0.31155735,0.43759248,0.27468872,0.30868495,-0.002098199
162,64,-0.32292885,0.1351375,-0.37570864,-0.3258384,0.12937811,-0.4476601,0.39728186,0.51306635,-0.2089099,0.18274982,0.579007,-0.15909345,-0.15435271,0.11506985,-0.39141533,-0.21124552
162,65,0.59206533,0.42278743,-0.040763944,0.52190405,0.4834247,-0.1520708,0.08553082,-0.18388188,-0.40865368,-0.41986275,-0.93172103,0.4924484,0.46190137,0.30275074,0.43960992,0.25889266
162,79,0.5231028,0.3093441,0.03337775,0.44636375,0.59988415,-0.22575572,-0.08413905,-0.20103288,-0.44925857,-0.2569158,-0.84468305,0.35134628,0.45477894,0.3030768,0.3676418,0.059905197
162,83,-0.13414168,0.33227184,-0.77246374,-0.2764524,0.080201976,-0.57250905,0.03903185,0.45593232,-0.14896359,0.07664223,0.5255134,-0.26514798,-0.3192187,0.24353345,-0.36426172,-0.37840864
162,94,0.33640087,0.30367035,-0.20291625,0.030060414,0.043736465,0.07272655,0.44789797,-0.48462516,-0.19313219,-0.52542347,-0.55776083,0.45996946,0.35488126,0.13907067,0.46589866,0.44776967
162,114,0.1279808,-0.21078476,0.01663439,-0.40227348,0.33084142,0.36059833,-0.11465779,-0.69386744,0.30151796,0.26375175,-0.4855951,-0.47325683,0.08028196,0.10705957,0.31549668,-0.033583898
162,116,-0.054407723,-0.3801335,-0.062634975,-0.8667256,0.039223477,0.82205313,0.13535714,-1.0423365,0.79482985,0.4022491,-0.37619793,-0.804316,-0.09127231,-0.0066942126,0.40806347,0.19697589
162,124,0.518823,0.32097155,0.019482449,0.44578692,0.58242124,-0.22552733,-0.06130463,-0.18984675,-0.445525,-0.2729338,-0.83629245,0.36443585,0.44770536,0.3010917,0.3643465,0.07738249
162,125,0.44298193,0.6820809,-1.1032871,0.10091492,-0.12603596,-0.018177912,0.07760234,-0.26464063,0.045266777,-0.44044757,-0.46970493,0.10457179,-0.15066831,0.44266844,0.24896927,0.10305919
162,133,-0.5392295,-0.17700583,0.29824954,0.10917882,-0.011432692,0.41378677,0.8048272,0.5311744,-0.12253171,0.4192598,0.292776,0.0058223903,-0.037211977,0.024657637,-0.24498692,0.048328403
162,134,0.43185267,0.62594795,-0.7750021,0.18404922,-0.06592816,-0.223443,0.31261486,-0.12141025,-0.1359596,-0.63535166,-0.3782811,0.43288898,0.0648998,0.26615012,0.22357903,0.3674824
162,141,-0.24374896,-0.028029248,0.10814108,0.8492801,-0.3945525,1.1185721,0.023374096,0.53287876,0.15773183,0.49792194,-0.068628125,-0.16925807,-0.28641823,0.09631601,-0.045497343,-0.16253623
162,152,0.05222116,0.04392144,-0.2623856,-0.5748037,-0.38562134,0.23594849,0.7202764,-0.90967476,-0.08207181,-0.63645506,-0.056143835,0.44805145,0.3614028,-0.13131729,0.48930004,0.5529119
162,153,0.3830281,0.671367,-1.2081379,-0.00042348262,-0.24076939,0.0071130693,0.118901856,-0.2916417,0.08672038,-0.4575336,-0.34244597,0.08216807,-0.21490513,0.41710258,0.21536613,0.10106584
162,158,-0.62280816,-0.19702896,0.15774228,-0.27077013,0.1293503,-0.029626742,0.874941,0.5382347,-0.23346809,0.40982217,0.57842827,-0.047156036,-0.028389633,0.024059072,-0.41735387,-0.04700822
162,170,-0.04940137,0.40293893,-0.8399319,-0.19653623,0.048634693,-0.5429485,-0.030500919,0.42410156,-0.12163994,0.006055668,0.42075354,-0.24386127,-0.33494955,0.26940894,-0.30132025,-0.35606295
162,172,-0.5939323,-0.23096633,0.36414897,0.009555109,0.043540187,0.33773065,0.9259213,0.5202836,-0.17274934,0.42146862,0.3424161,0.039659135,0.016611222,0.00388138,-0.28094265,0.080916986
162,176,-0.019803744,0.01357393,-0.038429275,0.84983736,-0.5327934,0.89839524,-0.46432272,0.37928653,-0.032680117,0.24770658,0.056577444,-0.04027024,-0.14350417,-0.044892266,0.017048659,-0.33159184
162,187,0.15029886,-0.13260409,0.8898195,-0.22068615,-0.90364945,-1.3234514,-1.1695915,0.34935698,2.1475384,-0.97156566,0.031562433,0.024109855,-1.4360244,-0.38894886,-0.7157378,1.0866278
162,190,0.0028135628,-0.2215988,0.41345298,-0.18110469,0.92793334,-0.70498496,-0.33447948,-0.08135548,-0.60269856,0.37155604,0.011473492,-0.09707248,0.38924232,0.08059803,-0.08971003,-0.5229492
162,193,0.15138012,-0.18483397,0.08124487,-0.25016215,0.57019436,-0.05369672,-0.38127092,-0.46322846,-0.045927078,0.28782558,-0.3601175,-0.3866585,0.16012973,0.1703121,0.16373552,-0.33969712
162,197,0.115953624,-0.044365793,-0.097462505,0.56974936,-0.7610098,0.54884946,-0.9468832,0.04518745,-0.3498456,-0.09498307,0.43716258,0.16542035,0.12519945,-0.36863703,0.09420681,-0.5632261
162,200,0.5606914,0.3854177,-0.029447079,0.48844507,0.49859717,-0.15239787,0.046550065,-0.18900028,-0.40068242,-0.3689887,-0.89855,0.44075614,0.44191894,0.29726514,0.4147477,0.20391724
162,212,0.0276522,-0.43043905,0.20311682,-0.25130764,-1.2755393,0.024738058,-1.4472997,-0.66423345,-0.94720197,-0.62957484,1.3695537,0.5899406,0.7290201,-1.1176797,0.23614572,-0.8722479
162,217,0.32249987,0.26276565,0.3475514,0.24856772,0.18492126,-0.81717646,0.23537983,0.26265752,0.09481032,-0.6979127,-0.276617,0.6461498,0.09505907,-0.11829615,-0.07123882,0.7693535
162,228,-0.19186637,-0.12533933,-0.44610545,-1.0562006,-0.7494961,0.32156008,0.87261975,-1.1730044,0.016282901,-0.6987253,0.4238261,0.37580174,0.27631208,-0.31231678,0.43628415,0.5410128
162,232,0.2394695,0.107526965,0.6184246,0.12107112,0.014650196,-1.0169268,-0.045744002,0.3397397,0.5523311,-0.72623986,-0.14883193,0.5283056,-0.22539835,-0.25096712,-0.27095848,0.874906
162,241,-0.06672152,-0.3290354,0.5791168,1.0699513,-0.5353633,1.1539521,-0.17469695,0.39334297,-0.0047698915,0.21545021,-0.21480963,0.13819952,0.09107594,-0.17840016,0.06447332,0.08866495
162,252,-0.041892536,0.4086291,-0.69904864,0.11546888,-0.14609906,-0.08629052,-0.1102967,0.49247336,0.020320341,0.09956618,0.29072273,-0.25409412,-0.37375316,0.22836581,-0.19080392,-0.3143988
162,257,0.48332673,0.23464435,0.25718063,0.49219993,0.56332713,-0.26039594,-0.17552534,-0.09486523,-0.29602757,-0.22388437,-0.8017277,0.36660153,0.36716452,0.17858772,0.2688244,0.13036624
162,263,-0.16021276,0.115413055,-0.13523379,0.75557214,-0.3838605,0.89107996,-0.114528,0.53361976,0.16103733,0.40854895,-0.0057600886,-0.21121912,-0.35587582,0.14250861,-0.058994755,-0.23455562
162,266,-0.008524736,0.42153364,-0.8491834,-0.21760431,0.10646758,-0.67392343,-0.008765295,0.42527437,-0.19372006,-0.040853977,0.45009208,-0.18837015,-0.27635524,0.25439012,-0.31646946,-0.32332292
162,268,0.02726688,0.4878583,-0.9660096,-0.1382326,-0.0006650239,-0.5341446,-0.11061096,0.41569778,-0.09213333,-0.04635632,0.37562394,-0.25131345,-0.37398103,0.30732507,-0.26315778,-0.366302
162,279,-0.26946992,-0.022190243,0.102988645,0.7756066,-0.3482645,1.0643529,0.0990866,0.5197011,0.15904081,0.49308145,-0.0677392,-0.1700489,-0.2925616,0.10984379,-0.05397829,-0.14450708
162,280,-0.4569964,-0.32706076,0.8203826,-0.19839521,0.17609115,-0.10270329,1.3832041,0.42803618,-0.20408952,0.021373734,0.20874263,0.44521022,0.3730434,-0.26922226,-0.06406258,0.7710874
162,297,0.018946022,-0.31279212,-0.026984781,-0.69906974,0.12338984,0.69563556,0.0856286,-0.9412533,0.64015424,0.33499938,-0.4451254,-0.66974926,-0.020689799,0.03010808,0.4011818,0.16394643
162,300,-0.049096175,-0.41021848,-0.023362815,-0.82500654,0.12705211,0.70550174,0.0027198344,-0.97018814,0.7106981,0.45006424,-0.33722055,-0.8200058,-0.0815772,0.0016339421,0.349775,0.06653479
162,313,0.08598327,-0.22353241,-0.009030536,0.14278874,-1.0485396,0.28604925,-1.2592521,-0.34474197,-0.66194046,-0.372293,0.941388,0.37666148,0.42663467,-0.7621955,0.16490783,-0.77179945
162,328,0.11955982,0.0923205,-0.23698919,-0.45199087,-0.29803532,0.20241763,0.6707785,-0.84254855,-0.11656806,-0.62831694,-0.16439925,0.46764642,0.38243127,-0.082808495,0.4992071,0.5438646
162,332,-0.07823589,0.013508946,-0.55174077,-0.85779196,-0.64821887,0.27987432,0.75959384,-1.0303494,0.021303132,-0.6651918,0.2611453,0.34401482,0.21717772,-0.1879403,0.4199456,0.487929
162,337,0.24690413,0.4161017,-0.78535455,-0.21728832,-0.27635568,0.11417143,0.3993299,-0.5324853,0.010752946,-0.52881855,-0.25270578,0.24591221,0.037045788,0.19634786,0.342931,0.3021491
162,358,-0.24183297,-0.0075181723,0.09702997,0.80144334,-0.36087754,1.0499156,0.06992106,0.52596647,0.1446886,0.46957976,-0.069701344,-0.1567222,-0.272674,0.10139063,-0.043150105,-0.13447031
162,379,-0.2745227,0.05342479,0.0041422546,0.55261916,-0.250011,0.73438716,0.22346565,0.54238224,0.08631942,0.39245576,0.053287342,-0.13352825,-0.26002234,0.11351395,-0.090613075,-0.1045793
162,381,0.027599504,-0.47462648,0.38399565,-0.25061908,-1.1733658,-0.0895331,-1.2759758,-0.60885453,-0.94684494,-0.7049802,1.2378496,0.6641322,0.8008561,-1.090863,0.258133,-0.6611938
162,385,-0.3719277,0.11505868,-0.5300726,-0.4824583,0.16217637,-0.58848786,0.2490052,0.51091266,-0.20732448,0.2677806,0.76028705,-0.3043027,-0.26045626,0.15371467,-0.5151189,-0.41016224
162,413,-0.29791838,0.15842651,-0.38251984,-0.28286475,0.11106816,-0.41910577,0.38124853,0.51654136,-0.19585907,0.1666732,0.54348093,-0.15029986,-0.1564505,0.11800474,-0.36706772,-0.19563216
162,417,0.420686,0.5544001,-0.4831852,0.2502397,0.11044858,-0.3915878,0.395065,0.0006077215,-0.2595667,-0.6360666,-0.3600851,0.5590139,0.21238062,0.16866882,0.18197161,0.4534769
162,421,0.37778085,0.5855058,-0.9566948,2.2922643e-05,-0.17326605,0.051051468,0.2340491,-0.36425796,0.030770332,-0.48105198,-0.4192291,0.1798898,-0.061908673,0.3507523,0.30311698,0.21308506
162,435,0.16812035,-0.18230519,1.148457,-0.16653916,-0.81842995,-1.386617,-1.0261372,0.37918293,2.1354487,-1.0294019,-0.024300143,0.17913379,-1.3207618,-0.487341,-0.70512223,1.286174
162,453,-0.52445644,-0.16509104,0.222685,-0.19536498,0.10286991,-0.023797229,0.87706816,0.5064924,-0.18874037,0.2937042,0.4474864,0.036955856,0.016737852,-0.013560861,-0.3076645,0.10922599
162,456,0.010264356,0.45837033,-0.72327346,0.15928069,-0.15718138,-0.111981094,-0.1348005,0.51291883,0.012899682,0.05418697,0.27112556,-0.23236282,-0.35571888,0.22554585,-0.16153581,-0.28319168
162,462,0.16812035,-0.18230522,1.148457,-0.16653918,-0.81843007,-1.3866168,-1.0261372,0.37918293,2.1354487,-1.029402,-0.024300143,0.17913379,-1.3207619,-0.487341,-0.70512223,1.286174
162,486,-0.0033225873,-0.3486367,-0.029905617,-0.76965624,0.09681395,0.75911677,0.09803435,-1.001381,0.7100171,0.37006307,-0.43256027,-0.73228866,-0.04114571,0.015165493,0.4155484,0.1790603
162,491,-0.67894965,-0.25724402,0.22966962,-0.37665042,0.19170292,-0.112113245,0.99700594,0.52079284,-0.28904268,0.40996385,0.6269235,-0.009162948,0.029761266,0.00086303055,-0.45414227,-0.013065197
162,492,0.02307743,-0.43135244,0.22150593,-0.53092104,0.5056818,0.15325002,-0.40431538,-0.6265972,0.20760745,0.5081172,-0.25200897,-0.6612473,0.0899573,0.047301613,0.15973516,-0.3429961
162,495,-0.14380011,0.1434902,-0.17359208,0.7490518,-0.3851324,0.8568943,-0.13627473,0.5423118,0.16343659,0.39392805,0.0033388287,-0.21819855,-0.36676696,0.14831784,-0.05762274,-0.24099557
162,508,0.53766537,0.3527508,-0.006459579,0.4647497,0.5420863,-0.192393,-0.008592576,-0.18895623,-0.4248303,-0.31890965,-0.8640594,0.40046275,0.44424424,0.29964298,0.3874722,0.13721026
162,517,0.17230794,-0.16791174,0.02460529,-0.29413033,0.40701604,0.23117311,-0.1994318,-0.606392,0.17206794,0.23412515,-0.49670756,-0.40288496,0.11703776,0.14086787,0.28336954,-0.11495678
162,525,-0.22410697,-0.16122326,-0.40887344,-1.0852556,-0.7482475,0.3116703,0.8737252,-1.1694716,0.008884221,-0.6853744,0.4633823,0.3692804,0.27930012,-0.33778715,0.41714942,0.52992105
162,526,0.39153486,0.6747031,-1.1984514,0.013645947,-0.22401133,0.00655587,0.112131506,-0.28591332,0.087877214,-0.44967037,-0.3628631,0.0771827,-0.21153152,0.4242029,0.21811385,0.10083543
162,527,-0.053126104,-0.6877136,0.5823192,-0.5971058,0.7976996,-0.16899467,-0.79796505,-0.52064276,-0.020575076,0.7809485,-0.035209045,-0.7981323,0.19885048,-0.022266269,-0.018957105,-0.73006904
162,536,-0.18814838,0.08067131,-0.060598582,0.73097384,-0.35665056,0.88995343,-0.018310174,0.53095275,0.13522503,0.40640342,-0.00985454,-0.17594846,-0.3110504,0.123810396,-0.056084774,-0.18493402
162,543,-0.025416821,-0.22144014,0.27528113,-0.26815325,0.901659,-0.68930644,-0.37255546,-0.12022391,-0.59721196,0.3954019,0.050405115,-0.20472254,0.33521473,0.15497619,-0.092940524,-0.62026864
162,551,0.16811323,-0.19173849,0.06548686,-0.26921165,0.5275441,0.049339697,-0.35676542,-0.5302165,0.03776756,0.2851925,-0.4158675,-0.41697526,0.145192,0.16564327,0.20784754,-0.28621528
162,561,0.419085,0.6462331,-1.0348341,0.07753116,-0.13018596,0.008004352,0.13859493,-0.28537083,0.039144143,-0.44720387,-0.46211654,0.13259827,-0.116867825,0.41106173,0.2654853,0.14814241
162,569,-0.3289675,0.12899613,-0.37946483,-0.34119666,0.13523437,-0.45796502,0.3955972,0.50825715,-0.21115804,0.18673326,0.58864886,-0.1646619,-0.15740396,0.116465166,-0.39941028,-0.22052474
162,570,0.16812035,-0.18230516,1.1484569,-0.16653918,-0.81843007,-1.3866168,-1.0261372,0.37918293,2.1354487,-1.029402,-0.024300143,0.17913379,-1.3207618,-0.48734105,-0.70512223,1.2861742
162,576,-0.24610397,0.03403625,0.033499762,0.6975619,-0.32204303,0.91214556,0.11550975,0.5349338,0.12761745,0.4304741,-0.015913144,-0.15475361,-0.28212294,0.11226737,-0.05938623,-0.1307188
162,578,-0.463934,-0.32074118,0.7990191,-0.18940139,0.16491473,-0.08771792,1.3644711,0.44279435,-0.19885522,0.0414782,0.22559236,0.42433357,0.35492483,-0.26054472,-0.07470596,0.74407566
162,587,0.36102962,0.6702255,-1.2567616,-0.039623197,-0.30055806,0.007383287,0.14043342,-0.30462036,0.08303173,-0.48721212,-0.27616903,0.10142604,-0.23106512,0.39895952,0.20356813,0.10367645
162,590,0.48906046,0.23980646,0.2096773,0.48109502,0.6034634,-0.27087843,-0.17899042,-0.11996174,-0.3679816,-0.21162505,-0.80749017,0.3473692,0.40462598,0.21913192,0.28695467,0.07170729
162,592,-0.22900304,-0.17049304,-0.39021546,-1.0904771,-0.74643564,0.31453848,0.88141096,-1.175186,0.007794589,-0.6850908,0.463143,0.37306762,0.2866125,-0.34415025,0.42034402,0.5368181
162,596,-0.2317799,0.07960902,-0.03908819,0.5937071,-0.27326903,0.7416917,0.13703278,0.5328498,0.09554587,0.37440646,0.032018512,-0.1419775,-0.27337775,0.11973597,-0.07799189,-0.12710221
162,602,0.0028135637,-0.22159883,0.41345292,-0.18110473,0.92793345,-0.704985,-0.33447948,-0.08135551,-0.60269856,0.37155604,0.011473492,-0.09707245,0.38924232,0.08059803,-0.089710034,-0.5229492
162,617,0.08100038,0.54176676,-1.0375377,-0.089383,-0.029245272,-0.51910436,-0.1683737,0.40071893,-0.06879274,-0.087030485,0.3206653,-0.25187558,-0.4005464,0.33468008,-0.22833098,-0.3691019
162,619,-0.11576844,0.0032391846,0.025172696,0.9361881,-0.4748042,1.0772498,-0.24125725,0.5024603,0.08866976,0.40510684,-0.046806335,-0.118857846,-0.23628621,0.053852044,-0.014517279,-0.24362312
162,624,0.4235778,0.64907616,-1.0406806,0.07065298,-0.14239621,0.018638372,0.15283635,-0.30434552,0.041483298,-0.45933676,-0.46518284,0.14179558,-0.10963459,0.40945935,0.27867684,0.16197021
162,631,0.091148674,-0.25087956,0.0073310286,-0.5068494,0.2619306,0.47766507,-0.051410735,-0.78417313,0.4195828,0.29259366,-0.47285014,-0.5453694,0.04745667,0.07933717,0.34671295,0.03141031
162,635,-0.019803751,0.0135739,-0.038429305,0.8498373,-0.5327934,0.89839536,-0.46432266,0.37928653,-0.03268011,0.24770658,0.056577444,-0.040270224,-0.14350417,-0.04489225,0.017048655,-0.33159187
162,646,0.30813205,-0.07909107,1.0431777,0.4420083,0.77616227,-0.59055775,-0.24254608,0.1173683,-0.2044796,0.028731793,-0.44590372,0.49400026,0.42391393,-0.28041902,-0.0049652886,0.25691015
162,650,0.21646994,-0.062591344,0.9809762,-0.025067914,-0.4281452,-1.2938802,-0.5834546,0.38247404,1.42346,-0.92677003,-0.06425703,0.3842348,-0.8038966,-0.4198932,-0.5235746,1.1540275
162,667,0.34033647,0.5366055,-0.8960307,-0.053201813,-0.19220287,0.07077734,0.28405192,-0.4016766,0.02507414,-0.48894453,-0.3811294,0.19813114,-0.033472795,0.308778,0.31427866,0.24025802
162,669,-0.054407723,-0.38013357,-0.062634975,-0.8667255,0.039223447,0.8220531,0.13535714,-1.0423365,0.79482985,0.4022491,-0.37619796,-0.804316,-0.09127232,-0.0066942126,0.40806344,0.19697589
162,675,0.06510824,-0.267015,0.44499886,0.7530237,-0.57566094,0.63256425,-0.48914918,0.19087783,-0.2556853,-0.11736833,0.044701472,0.29801634,0.25806507,-0.33697796,0.121295884,-0.05661555
162,690,0.0052379863,-0.48811626,0.39016998,-0.44837198,0.6538041,-0.09392666,-0.6000794,-0.4495312,0.00552018,0.56581134,-0.14707038,-0.62249595,0.14218682,0.02786348,0.028459297,-0.5405958
162,697,-0.38842493,-0.19467801,0.54535776,-0.09958402,0.10381673,-0.046417907,1.0875014,0.4531314,-0.15724026,0.056798413,0.21478365,0.29696137,0.22367737,-0.16531932,-0.086509,0.55553657
162,719,0.14129555,0.6028478,-1.1236708,-0.036154654,-0.06508088,-0.49856323,-0.23420036,0.381642,-0.039751194,-0.13173728,0.2603954,-0.2547838,-0.43339455,0.3659737,-0.18986134,-0.37423855
162,726,-0.5524742,-0.40281367,0.89895916,-0.2695482,0.20733318,-0.09618988,1.5019923,0.4426257,-0.23475754,0.090776846,0.27804458,0.44708133,0.39423853,-0.2848884,-0.12242798,0.7597526
162,733,-0.06277142,-0.3881384,-0.061815217,-0.8837113,0.029981077,0.8360788,0.14264573,-1.0521144,0.8115765,0.40878457,-0.3699311,-0.81652534,-0.0977584,-0.012199998,0.4087606,0.20360725
162,737,-0.07216395,-0.42481405,-0.04810396,-0.92322457,0.03524673,0.8589546,0.11543468,-1.0864377,0.8434961,0.44751996,-0.3595642,-0.86679053,-0.10491809,-0.020495579,0.41165268,0.18440925
162,763,-0.0057585873,-0.49131268,0.27684444,-0.38786805,-1.2994353,-0.061615124,-1.4348367,-0.752787,-1.0137109,-0.69249195,1.4664984,0.64220697,0.8048446,-1.2023754,0.24929978,-0.872362
162,775,0.30813202,-0.07909104,1.0431781,0.44200826,0.77616227,-0.5905578,-0.24254605,0.1173683,-0.2044796,0.028731793,-0.44590372,0.4940002,0.42391396,-0.28041908,-0.0049652904,0.25691015
162,783,-0.3529176,-0.1346466,0.4190207,-0.0664844,0.082828216,-0.03549388,0.95352507,0.44980404,-0.1419014,0.062542304,0.20776431,0.23694058,0.16101433,-0.1173338,-0.0959634,0.45787486
162,787,-0.58673644,-0.4182107,0.89441717,-0.2782048,0.20755348,-0.07158395,1.5105544,0.45423642,-0.24186866,0.13239224,0.30896938,0.42407095,0.38047826,-0.27408302,-0.15068385,0.71910554
162,796,-0.099662736,0.1698793,-0.4687093,-0.39666617,-0.069937274,-0.89435744,-0.38141695,0.3712911,0.35238603,-0.11204426,0.5065664,-0.287031,-0.64190793,0.12825269,-0.5435186,-0.196193
162,797,0.016546654,0.4267222,-0.6378048,0.098779485,-0.074009314,-0.2036249,-0.04056701,0.463811,-0.044873454,-0.01052244,0.2202992,-0.1550984,-0.27246824,0.20285282,-0.14752638,-0.20242709
162,808,-0.0057585873,-0.49131268,0.27684444,-0.38786808,-1.2994355,-0.061615124,-1.434837,-0.75278705,-1.0137109,-0.692492,1.4664986,0.64220697,0.8048447,-1.2023754,0.24929975,-0.8723619
162,820,0.41451603,0.66137254,-0.9976816,0.10162085,-0.20924348,-0.07978957,0.26224995,-0.21901447,-0.029425785,-0.6069313,-0.36652213,0.31433186,-0.062327776,0.33477965,0.24089114,0.28762206
162,826,0.0884229,-0.23465768,0.39330286,0.6646336,-0.542658,0.50014925,-0.5034822,0.15336013,-0.29090613,-0.18180305,0.071094856,0.32083267,0.27458787,-0.3418877,0.12517586,-0.066121906
162,834,0.3702835,0.663851,-1.1591958,0.0023163687,-0.28916916,-0.013044506,0.21608241,-0.2769972,0.03929411,-0.54340625,-0.297455,0.1957703,-0.16694725,0.36867356,0.21975914,0.19133116
162,836,0.00969604,-0.53570044,0.42014664,-0.5016376,0.6738324,-0.045669615,-0.6218709,-0.5336102,0.04570736,0.61751664,-0.16969585,-0.68297815,0.16522358,0.022679336,0.06355952,-0.5451192
162,854,-0.34964344,0.13338926,-0.43451685,-0.38483405,0.13169956,-0.5011435,0.36522275,0.5351226,-0.20835164,0.2195126,0.6658418,-0.21438925,-0.19132741,0.1263881,-0.44110262,-0.27705097
162,859,-0.08496704,-0.29831207,0.5280694,1.0158013,-0.4864852,1.1206841,-0.12253338,0.38525146,0.0027900636,0.23110454,-0.2237435,0.11367047,0.059865903,-0.13928321,0.048331648,0.07518446
162,882,0.3119613,0.24217877,0.39973766,0.24959432,0.20216452,-0.8347827,0.23894313,0.27775285,0.0928238,-0.6944036,-0.27117166,0.65454334,0.104543954,-0.13563064,-0.08116011,0.7801961
162,887,-0.030584354,-0.4367392,0.019201025,-0.79604375,0.19699103,0.6432375,-0.097384006,-0.95084894,0.6581577,0.48716253,-0.33695003,-0.8365041,-0.058929525,0.00932762,0.3302831,-0.018363606
162,891,0.03566151,0.45824304,-0.69968903,0.12366433,-0.109092355,-0.18541408,-0.104519546,0.47413677,-0.02246505,-0.0041901916,0.23259105,-0.18412195,-0.30761635,0.21658948,-0.14624159,-0.23874722
162,898,-0.05547329,-0.430529,-0.020682663,-0.8776948,0.09361104,0.7871776,0.041008666,-1.0421574,0.7803447,0.4624673,-0.35677898,-0.85641783,-0.08643624,-0.010213807,0.3860493,0.116081476
162,900,0.2394695,0.107526965,0.6184246,0.12107114,0.014650151,-1.0169268,-0.045744002,0.33973968,0.5523311,-0.72623986,-0.14883195,0.52830565,-0.22539835,-0.25096712,-0.27095845,0.874906
162,905,-0.32896745,0.12899613,-0.37946483,-0.34119672,0.13523437,-0.45796502,0.39559722,0.50825727,-0.21115804,0.18673329,0.5886489,-0.16466193,-0.15740396,0.116465166,-0.3994103,-0.22052474
162,919,0.0055365646,-0.2265887,0.2814169,-0.24899408,0.889243,-0.63525873,-0.4072998,-0.15551221,-0.5598018,0.39324123,-0.008530274,-0.22567768,0.33367425,0.16416848,-0.06129773,-0.6110522
162,928,-0.10584322,0.32324517,-0.5186512,-0.052762695,0.008713737,-0.30364817,0.15877418,0.49385452,-0.113421515,0.046317384,0.3420331,-0.13670973,-0.20894732,0.16276434,-0.2291737,-0.17278272
162,936,-0.0057585873,-0.49131268,0.27684438,-0.38786808,-1.2994354,-0.061615124,-1.434837,-0.75278693,-1.013711,-0.69249195,1.4664984,0.6422069,0.80484456,-1.2023754,0.24929978,-0.87236196
162,941,0.4464109,0.15641433,0.53656274,0.5181307,0.58507776,-0.3712436,-0.2163257,0.009967893,-0.19574714,-0.1877347,-0.7118228,0.43973565,0.3420611,0.01775439,0.17009044,0.23847128
162,947,-0.26804596,0.05731897,-0.0040453523,0.5793564,-0.26830378,0.7588909,0.19445805,0.5505433,0.09448397,0.40129846,0.053923443,-0.14289124,-0.26950693,0.11457041,-0.08908462,-0.11668287
162,961,0.056181684,-0.34435433,0.10640435,-0.0825029,-1.196895,0.14126636,-1.389266,-0.53641635,-0.83239925,-0.52438515,1.2013478,0.50419915,0.60589194,-0.97574496,0.20913829,-0.84070694
162,966,0.14759856,-0.20097366,0.031667933,-0.36302072,0.3553592,0.33314335,-0.13577384,-0.6751381,0.26607713,0.25440657,-0.5052882,-0.44767028,0.099300936,0.11521352,0.31574675,-0.04666576
162,968,-0.05349619,-0.33423132,0.5863484,1.0849025,-0.5591359,1.1509151,-0.21578377,0.391269,-0.019062981,0.1989656,-0.20000282,0.15141013,0.106740355,-0.1964305,0.07175348,0.0791709
162,969,0.49681613,0.4056734,-0.14738747,0.33467513,0.29842043,-0.052001245,0.24642403,-0.29122698,-0.29821128,-0.46336037,-0.7965271,0.4684713,0.39409643,0.26031205,0.45207635,0.3475468
162,972,-0.5182354,-0.14900115,0.18027122,-0.19075073,0.10213904,-0.020526797,0.8362907,0.501088,-0.18903875,0.3009795,0.44652617,0.01684539,-0.0037430488,0.0041449666,-0.3160975,0.06820511
162,984,0.4691198,0.28182304,0.009024739,0.38657343,0.58790904,-0.23644057,-0.09643671,-0.1887564,-0.4289491,-0.21586129,-0.7699117,0.29619086,0.40897763,0.29570165,0.32369128,0.012684874
162,987,-0.024412755,-0.67385113,0.559264,-0.57816774,0.7635863,-0.09244039,-0.79262197,-0.5566154,0.03959,0.7586748,-0.09751592,-0.8063895,0.1800141,-0.016007945,0.013820587,-0.68912464
162,990,0.1118441,-0.22291955,0.7473072,0.04958347,0.9690151,-0.70135415,-0.3220395,-0.027125686,-0.53244746,0.30915105,-0.13580792,0.12724353,0.48651278,-0.10218416,-0.05715259,-0.27840045
162,995,0.038035624,-0.23874488,0.5504294,-0.111252286,0.97305965,-0.7260597,-0.3550414,-0.069593474,-0.6012088,0.37470526,-0.030996114,-0.031427518,0.4389654,0.021650523,-0.08142149,-0.46743667
162,998,-0.5688505,-0.16874099,0.15992616,-0.22946581,0.1186717,-0.024524868,0.848238,0.5165262,-0.21460158,0.35605848,0.50894,-0.017287806,-0.0180361,0.0183217,-0.3687219,0.0005627088
162,999,0.48108962,0.25170326,0.104268804,0.44126981,0.65597034,-0.29330564,-0.15822393,-0.15087444,-0.48736736,-0.19573145,-0.78438157,0.3117299,0.4548885,0.2826355,0.30531505,-0.02254526
162,1011,-0.053126104,-0.6877136,0.5823193,-0.59710586,0.7976996,-0.16899467,-0.79796505,-0.5206428,-0.020575076,0.7809485,-0.035209045,-0.79813236,0.19885048,-0.022266269,-0.018957105,-0.730069
162,1034,0.059013415,-0.2845751,-0.006926924,-0.60551465,0.19166996,0.5998929,0.020716086,-0.8759919,0.5382782,0.3152473,-0.4698233,-0.61066896,0.01700531,0.054327063,0.3835913,0.10566618
162,1039,0.5498129,0.3764583,-0.030454487,0.47588283,0.506197,-0.16187252,0.033292353,-0.18843105,-0.40344825,-0.35342783,-0.88252705,0.42535228,0.4361676,0.2982869,0.4042864,0.18289994
162,1052,0.56462324,0.38192496,-0.021458179,0.49197695,0.51326704,-0.16255915,0.03263855,-0.19154406,-0.41115212,-0.3626883,-0.90134764,0.43869215,0.45033103,0.30016935,0.4151773,0.19266964
162,1087,0.46401048,0.3852777,-0.16530634,0.25918442,0.23261487,-0.011952475,0.30196214,-0.35315946,-0.26772588,-0.48331487,-0.7495221,0.46883345,0.38740662,0.23521708,0.46765202,0.3797698
162,1099,0.4968921,0.26708686,0.079450026,0.4435834,0.6492408,-0.27687934,-0.15264186,-0.17058882,-0.48080608,-0.20546865,-0.8045112,0.3150853,0.45501298,0.2942761,0.32428172,-0.015617419
162,1106,-0.23995572,0.017277196,0.078123376,0.6970025,-0.30324638,0.9016188,0.14807741,0.51700836,0.10352382,0.40776008,-0.041603535,-0.12067671,-0.2392921,0.09827108,-0.04769281,-0.09370063
162,1115,-0.013433684,-0.49276048,0.33550775,-0.38619366,-1.2204947,-0.104185164,-1.3106061,-0.71076363,-0.988137,-0.703231,1.3692627,0.65673095,0.8106091,-1.151401,0.24982955,-0.76028955
162,1135,-0.17426181,0.091765225,-0.08191335,0.7156087,-0.3474711,0.8571803,-0.034441948,0.51781285,0.13055176,0.38738698,-0.01422368,-0.17314194,-0.31068993,0.1275542,-0.055431493,-0.18878227
162,1141,-0.39703292,0.08354116,-0.46910852,-0.4765819,0.16213195,-0.54101646,0.30506718,0.5021993,-0.20765626,0.27666664,0.74020636,-0.28142005,-0.23841771,0.14157405,-0.50481385,-0.37888545
162,1144,-0.450391,-0.09807563,0.20320316,0.25003582,-0.08328895,0.51658475,0.625309,0.52959883,-0.05377414,0.40061122,0.20144854,-0.03481345,-0.1091433,0.057495683,-0.18694848,0.006069936
162,1160,0.16811326,-0.19173846,0.06548686,-0.26921168,0.52754414,0.04933971,-0.35676542,-0.5302166,0.037767574,0.28519255,-0.4158675,-0.41697526,0.14519197,0.16564327,0.20784754,-0.28621528
162,1162,-0.024886422,0.083519176,-0.5949155,-0.74474174,-0.5791949,0.24903427,0.68879724,-0.9347774,0.021937862,-0.63326985,0.17503174,0.31826207,0.17814706,-0.118831635,0.39998254,0.44494063
162,1163,0.46002078,0.28215814,0.007853255,0.38350275,0.5793822,-0.23816271,-0.0860067,-0.1777691,-0.42702273,-0.21873607,-0.7586708,0.29925728,0.4024899,0.29149032,0.3159088,0.0176478
162,1168,-0.058383152,-0.044989318,-0.30165204,-0.7833054,-0.52765024,0.27591443,0.7947545,-1.027481,-0.040775664,-0.6558524,0.14039125,0.41895223,0.33800313,-0.21586299,0.47188097,0.5583848
162,1176,-0.12531358,0.14607258,-0.18225949,0.7422603,-0.37503752,0.83488554,-0.15739399,0.51709515,0.15561801,0.37144446,-0.016074792,-0.20820726,-0.35765886,0.14945228,-0.052846324,-0.2407911
162,1179,-0.1853,0.18471399,-0.48665655,-0.38387164,0.277257,-0.74202526,0.21164979,0.4179412,-0.3126706,0.07087712,0.55713755,-0.12551506,-0.12958582,0.13446598,-0.41750386,-0.26707637
162,1192,0.09778662,0.08157779,-0.2468962,-0.4837373,-0.32201102,0.21267496,0.6856099,-0.85261345,-0.10265545,-0.6264428,-0.13492748,0.45797664,0.36884075,-0.09330371,0.49193355,0.5450851
162,1198,0.102548786,-0.22515702,0.008591756,-0.44981587,0.2901227,0.41107744,-0.0720537,-0.72047174,0.35596707,0.27142948,-0.46969342,-0.49933124,0.058129515,0.09092073,0.3214904,0.0033696927
162,1201,-0.053126104,-0.68771356,0.58231926,-0.5971058,0.7976996,-0.16899467,-0.79796493,-0.5206428,-0.020575076,0.78094846,-0.035209045,-0.7981323,0.19885048,-0.022266254,-0.018957105,-0.730069
162,1204,-0.25883996,-0.018155664,0.12232678,0.8027073,-0.3622094,1.0657129,0.105085775,0.54098874,0.14202768,0.48240572,-0.059089787,-0.15233521,-0.2653695,0.09503341,-0.044489354,-0.12157661
162,1210,0.17028636,-0.21054822,0.9704907,0.19915101,0.9396455,-0.6939339,-0.27463785,0.04733917,-0.42151427,0.2338257,-0.21789661,0.29773718,0.49998772,-0.23775843,-0.05976087,-0.051287342
162,1217,-0.04909618,-0.41021836,-0.023362815,-0.8250065,0.12705211,0.7055016,0.0027198493,-0.9701884,0.7106981,0.45006418,-0.33722055,-0.8200058,-0.0815772,0.001633957,0.34977493,0.06653479
162,1220,-0.5387929,-0.16941044,0.31403434,0.21490699,-0.07073049,0.5402977,0.77309525,0.5763903,-0.08480965,0.4630708,0.27750015,-0.016226262,-0.06458694,0.025189295,-0.22352988,0.042276822
162,1224,-0.53879297,-0.16941047,0.31403428,0.21490699,-0.07073051,0.54029775,0.77309525,0.5763904,-0.08480965,0.4630708,0.2775001,-0.016226247,-0.06458694,0.025189288,-0.22352985,0.04227682
162,1245,-0.26124218,-0.02142851,0.13967611,0.8164553,-0.3678623,1.078015,0.118556626,0.55230725,0.13835636,0.48525465,-0.05738136,-0.14644687,-0.25556427,0.08917433,-0.040810205,-0.10904853
162,1248,0.44298196,0.6820809,-1.1032871,0.10091493,-0.12603593,-0.018177912,0.07760236,-0.2646406,0.045266792,-0.44044757,-0.469705,0.10457178,-0.1506683,0.4426684,0.24896927,0.103059195
162,1255,0.5258386,0.3282955,0.020739958,0.45546728,0.5798785,-0.22543831,-0.051033467,-0.18677226,-0.44899228,-0.28503793,-0.84441197,0.37814146,0.45423847,0.30054158,0.36983132,0.09152779
162,1260,0.18490142,-0.12999421,1.0736194,-0.10123051,-0.6101569,-1.3435339,-0.78827405,0.3835414,1.7586513,-0.96853787,-0.033093512,0.28646576,-1.0468881,-0.45994914,-0.6168096,1.2158152
162,1261,-0.03910087,-0.61145425,0.52784187,-0.5336166,0.76809204,-0.1907494,-0.7237731,-0.46643996,-0.05770556,0.70244575,-0.054786414,-0.71046525,0.19813043,-0.0032619834,-0.016286848,-0.67629874
162,1268,-0.43154135,-0.2855253,0.7385745,-0.16385332,0.15686135,-0.08384226,1.293372,0.43039185,-0.19350484,0.026973173,0.20152615,0.40550083,0.33237374,-0.23730698,-0.06592162,0.7089516
162,1269,-0.026474614,-0.3468727,0.6047506,1.0975912,-0.61294127,1.1230421,-0.3118675,0.37742376,-0.061117828,0.15304269,-0.15069562,0.18415682,0.14775108,-0.24483424,0.09008328,0.052970752
162,1270,-0.3754357,-0.12403098,0.3572505,-0.07524408,0.06964955,-0.025972098,0.9081874,0.47208655,-0.13513194,0.10779984,0.25571746,0.18315344,0.11525869,-0.09175956,-0.13390288,0.38077343
162,1274,-0.24319553,-0.0077144504,0.122277215,0.7657827,-0.33432242,0.99324006,0.13137648,0.52732325,0.11336729,0.43859768,-0.061251886,-0.12247065,-0.23282991,0.0884155,-0.03878098,-0.09226091
162,1289,0.15138012,-0.18483397,0.0812449,-0.25016215,0.5701943,-0.05369672,-0.38127097,-0.46322846,-0.045927085,0.28782558,-0.3601175,-0.3866585,0.16012973,0.17031212,0.16373554,-0.3396971
162,1308,-0.16440955,0.25919148,-0.82953966,-0.43168822,0.20273848,-0.7687381,-0.09929776,0.38646877,-0.2173262,0.13219158,0.63217485,-0.33772832,-0.3595441,0.26339275,-0.47954267,-0.53924465
162,1314,-0.09966275,0.1698793,-0.4687093,-0.3966662,-0.0699373,-0.8943574,-0.38141695,0.3712911,0.35238603,-0.11204427,0.5065664,-0.287031,-0.64190793,0.12825269,-0.54351866,-0.196193
162,1326,-0.27339163,0.16712973,-0.36861736,-0.25481346,0.11196615,-0.40161103,0.3766285,0.4962498,-0.19397691,0.13969295,0.49217814,-0.12586041,-0.14305502,0.11659342,-0.339637,-0.17000608
162,1337,0.58879787,0.4343722,-0.068830535,0.50733286,0.45825475,-0.13822803,0.109230034,-0.1941179,-0.39208186,-0.43185735,-0.92329645,0.49270636,0.451636,0.30440074,0.44504866,0.27697626
162,1340,-0.23276424,-0.17111206,-0.39355433,-1.0863017,-0.73932695,0.30428088,0.868031,-1.1581408,0.0053800046,-0.6757647,0.47078174,0.3642562,0.27835736,-0.34269893,0.407175,0.5221948
162,1343,-0.1326744,0.1506129,-0.18906921,0.74006623,-0.3793477,0.83679146,-0.1519202,0.5301601,0.16112828,0.38067347,-0.0028532296,-0.21695305,-0.36752778,0.1513495,-0.056664973,-0.24541773
162,1350,-0.061230406,0.34653392,-0.73890185,-0.26890868,0.15482575,-0.6821204,0.05813794,0.41138092,-0.2254785,-0.008544758,0.47381294,-0.16716947,-0.23248242,0.21694623,-0.3439201,-0.30437338
162,1353,0.022091879,-0.29792267,0.51821685,0.93379176,-0.58547163,0.87695533,-0.39516172,0.29475948,-0.156095,0.022579476,-0.062742405,0.23703963,0.1961461,-0.28092697,0.103867546,-0.0017217584
162,1359,-0.04248814,-0.37857646,-0.031174272,-0.7646858,0.15153155,0.62518585,-0.017394513,-0.8912849,0.63828003,0.42377257,-0.3208301,-0.7682498,-0.07646479,0.013796017,0.31520665,0.031779975
162,1360,-0.52445644,-0.16509104,0.22268502,-0.195365,0.10286992,-0.023797229,0.87706816,0.5064924,-0.18874037,0.2937042,0.44748634,0.036955863,0.016737856,-0.013560861,-0.30766448,0.10922597
162,1376,0.39888582,0.49252844,-0.27090347,0.29035896,0.23052888,-0.4873793,0.44261307,0.08541529,-0.33683708,-0.62071836,-0.35315534,0.62628204,0.30293316,0.105343856,0.15165657,0.4975702
162,1377,0.11628785,-0.111804545,0.7468846,-0.2763262,-0.85524285,-1.3490666,-1.1633173,0.37292624,2.0424829,-0.8868689,0.13729914,-0.046508595,-1.4288496,-0.34388676,-0.7507077,0.9466772
162,1382,0.5478319,0.3569008,-0.0068321973,0.4726763,0.54912007,-0.19471285,-0.01463367,-0.19408327,-0.42995209,-0.3215249,-0.8751815,0.40425605,0.45137826,0.30434394,0.3943204,0.1362377
162,1395,0.3626233,0.6752937,-1.259429,-0.033897214,-0.30269772,-0.00032754242,0.14132926,-0.29578623,0.07834381,-0.49297458,-0.27421096,0.108357266,-0.23227023,0.40000367,0.20056103,0.104842104
162,1401,-0.63714194,-0.20274055,0.15927877,-0.2785817,0.12625402,-0.029551819,0.8857993,0.5516289,-0.23336692,0.42479962,0.6005312,-0.055268988,-0.03251318,0.023068175,-0.42843962,-0.05324207
162,1402,-0.0076747797,-0.40486044,0.028576419,-0.7163699,0.24111989,0.55254275,-0.13496283,-0.8734292,0.56870365,0.4591177,-0.3392812,-0.7740289,-0.036512636,0.026609175,0.3028996,-0.05971461
162,1410,-0.029527951,-0.21069628,0.26443875,-0.26353356,0.88459706,-0.6824798,-0.34916183,-0.108413294,-0.5917251,0.38121563,0.05205293,-0.19168939,0.3271919,0.15283446,-0.095816426,-0.6024613
162,1411,0.48305562,0.2669629,0.06134723,0.42634138,0.63420385,-0.27256903,-0.14412671,-0.16688538,-0.4692919,-0.2029491,-0.7849076,0.30478767,0.4370333,0.29397246,0.31539765,-0.018334758
162,1417,0.58026624,0.41209257,-0.029116273,0.5152981,0.4813402,-0.1488333,0.0869931,-0.1790554,-0.4051119,-0.41185075,-0.9223382,0.48650348,0.45750734,0.295725,0.4321395,0.2572254
162,1421,-0.24183297,-0.0075181574,0.09702997,0.80144334,-0.36087748,1.0499157,0.06992105,0.5259664,0.14468858,0.4695797,-0.06970135,-0.15672223,-0.272674,0.10139063,-0.043150105,-0.1344703
162,1426,0.4751545,0.3966121,-0.16380788,0.29238823,0.26078087,-0.029232249,0.27611965,-0.31843406,-0.27606633,-0.4696489,-0.76796514,0.4620818,0.38131928,0.2491293,0.45550054,0.36176857
162,1427,0.4262195,0.6561804,-0.9376331,0.1260348,-0.16635749,-0.13050671,0.28234965,-0.19381368,-0.06487206,-0.623107,-0.3683374,0.35721958,-0.018391995,0.3134223,0.23880763,0.31855044
162,1439,0.3866255,0.4588684,-0.1577497,0.3105853,0.2976405,-0.54095423,0.4680349,0.1333507,-0.37696257,-0.6081271,-0.3479841,0.6587923,0.34980285,0.07181731,0.13182127,0.5196944
162,1440,0.00115145,-0.36315703,0.6224763,1.1021581,-0.6742474,1.0974007,-0.42045954,0.35490382,-0.11360695,0.10749151,-0.0874884,0.21753532,0.19202477,-0.30204177,0.10885073,0.011361964
162,1450,-0.67261904,-0.23165575,0.18319939,-0.32861778,0.14659911,-0.05995462,0.9363444,0.55481267,-0.2517149,0.4407485,0.64039725,-0.052902535,-0.019294612,0.015719123,-0.45491147,-0.052307714
162,1457,-0.39126602,0.087937884,-0.4789641,-0.49073535,0.1751749,-0.57592136,0.29033095,0.5038737,-0.21735638,0.27343857,0.7549497,-0.28498548,-0.23570386,0.13941297,-0.5144231,-0.38809705
162,1460,0.070211664,-0.3031571,0.24855687,-0.2806809,0.5348772,-0.035902545,-0.4190202,-0.36906603,0.0057768375,0.35972804,-0.27226907,-0.4323185,0.11623956,0.071007825,0.07446689,-0.35708255
162,1474,-0.38273138,0.110235006,-0.5278315,-0.4930148,0.16358446,-0.5966617,0.25908002,0.52140033,-0.21122882,0.27752912,0.7806569,-0.30898124,-0.25971594,0.15108766,-0.52503496,-0.4139553
162,1476,0.099705264,-0.18570107,0.6032679,0.014823684,0.909605,-0.6606671,-0.31773517,-0.042314664,-0.5194621,0.28719872,-0.13074985,0.07597816,0.43304875,-0.03985159,-0.048608385,-0.3162783
162,1488,0.4183091,0.675693,-1.1342353,0.06851016,-0.15605429,-0.01563622,0.082877085,-0.26194853,0.061267182,-0.43515325,-0.4254623,0.086140186,-0.17923765,0.43607467,0.22847919,0.09236653
162,1489,-0.18384477,-0.11046833,-0.4520141,-1.0183913,-0.71829605,0.2994749,0.8402815,-1.122173,0.011074901,-0.6782608,0.40837502,0.36081195,0.25820804,-0.29418397,0.41395202,0.51425385
162,1497,-0.2399557,0.017277181,0.078123435,0.6970025,-0.30324644,0.9016188,0.14807743,0.5170084,0.10352385,0.40776008,-0.04160352,-0.12067671,-0.23929209,0.09827108,-0.047692813,-0.09370065
162,1500,-0.5287199,-0.4011377,0.93951476,-0.26028773,0.20337012,-0.11820465,1.5313843,0.44687068,-0.22870491,0.05147378,0.2607051,0.48277795,0.4243976,-0.31064165,-0.090348646,0.83214194
162,1507,-0.13472536,0.14090297,-0.17390601,0.7266145,-0.36684403,0.82470375,-0.13427162,0.5185038,0.15047282,0.37172228,-0.008550346,-0.20386948,-0.35252064,0.14755954,-0.056322426,-0.2344235
162,1508,0.0042856727,-0.37730116,0.033728436,-0.6612352,0.26045012,0.4959026,-0.14110616,-0.81618494,0.51127243,0.4301952,-0.3406055,-0.7209322,-0.023144607,0.03587594,0.28486332,-0.07106382
162,1512,-0.18703148,0.26085347,-0.45571175,-0.1487557,0.051912464,-0.37143198,0.27214822,0.52750736,-0.15837388,0.09455131,0.44685042,-0.13541932,-0.17376721,0.13638593,-0.290469,-0.16815434
162,1515,-0.65836275,-0.22693506,0.17871113,-0.3733337,0.18113358,-0.1346885,0.9533577,0.5310525,-0.28037143,0.40187597,0.63742226,-0.028539076,0.010019261,0.010435656,-0.45551962,-0.033997964
162,1523,0.15908858,-0.17420107,1.0454681,-0.21200812,-0.9485836,-1.3678172,-1.1975276,0.35822764,2.2888563,-1.0331599,-0.0018947273,0.06405556,-1.4838603,-0.44697082,-0.7382988,1.2168095
162,1534,0.20067763,0.07166658,0.6408002,0.07508949,-0.0051172674,-1.0271424,-0.07462376,0.34506765,0.6025728,-0.69580257,-0.10531001,0.484469,-0.2759699,-0.2665774,-0.30716404,0.8555571
162,1539,-0.39703292,0.08354118,-0.46910858,-0.4765819,0.16213195,-0.54101646,0.30506718,0.5021993,-0.20765626,0.27666664,0.7402062,-0.28142005,-0.23841771,0.14157405,-0.50481385,-0.37888545
162,1544,0.4015124,0.6761608,-1.1754915,0.032195408,-0.20416713,0.005469799,0.11175611,-0.2817443,0.08120717,-0.44776255,-0.38778293,0.08406529,-0.19773191,0.42763415,0.2261989,0.10739288
162,1548,0.49689212,0.26708686,0.079450026,0.44358343,0.64924073,-0.2768793,-0.15264186,-0.17058885,-0.48080608,-0.20546865,-0.80451113,0.3150853,0.45501295,0.29427612,0.32428172,-0.015617415
162,1554,-0.18075076,-0.14593312,-0.31947517,-1.0057592,-0.68667006,0.32225114,0.8935988,-1.1582537,-0.00603956,-0.68942666,0.34937817,0.40998006,0.32711658,-0.317446,0.45971045,0.5826611
162,1559,-0.58019775,-0.20898768,0.33460778,0.08534048,-0.0063563585,0.4212057,0.8578056,0.54723084,-0.1319094,0.45011896,0.33005565,0.0040611327,-0.02840305,0.016482063,-0.2673559,0.050594978
162,1581,0.016546652,0.4267222,-0.63780475,0.098779485,-0.074009314,-0.2036249,-0.04056701,0.463811,-0.044873454,-0.01052244,0.2202992,-0.1550984,-0.27246824,0.2028528,-0.1475264,-0.2024271
162,1601,0.41932636,0.5603637,-0.5131882,0.2446834,0.09185295,-0.36822855,0.38110465,-0.010882765,-0.24503139,-0.63167596,-0.36595947,0.53997844,0.19282909,0.18226585,0.18585208,0.43824616
162,1605,0.06988947,0.19848934,-0.6493531,-0.5531383,-0.4640155,0.19810821,0.5859589,-0.78784484,0.011983156,-0.59463936,0.02045624,0.29614395,0.13261111,-0.0082779825,0.37968478,0.39220956
162,1610,-0.051620472,-0.42027593,-0.021097869,-0.8449194,0.118340075,0.7315172,0.009783745,-0.9957855,0.7342638,0.45809942,-0.34192926,-0.8365911,-0.08348852,-0.0024728477,0.36104083,0.077967964
162,1625,-0.086126134,0.3505357,-0.55570877,-0.022506636,-0.017649323,-0.2885564,0.11485833,0.5081688,-0.0993765,0.045714557,0.34442198,-0.15158115,-0.22774798,0.17124975,-0.22138081,-0.18820296
162,1627,-0.045339596,0.063829795,-0.5767576,-0.77005345,-0.5925056,0.259075,0.7114936,-0.9457104,0.024686635,-0.6338065,0.19766478,0.32102203,0.18252754,-0.13659576,0.39883244,0.4560131
162,1629,-0.65562016,-0.21712255,0.17006998,-0.3056408,0.13684715,-0.047212616,0.91133463,0.55401665,-0.24294487,0.43325698,0.6228517,-0.05479212,-0.026284449,0.019380003,-0.44289488,-0.053621795
162,1644,0.15908861,-0.17420104,1.0454682,-0.21200812,-0.9485837,-1.3678172,-1.1975278,0.35822764,2.2888565,-1.0331599,-0.0018947273,0.064055555,-1.4838601,-0.44697082,-0.7382988,1.2168095
162,1647,-0.560468,-0.41640347,0.93942857,-0.27096176,0.2057274,-0.09981572,1.5450648,0.45720965,-0.23737413,0.08713777,0.28919578,0.46513474,0.41591302,-0.30281147,-0.11566327,0.7999328
162,1648,0.41869557,0.66567165,-1.0944558,0.086812876,-0.12384552,-0.032638237,0.06852074,-0.24311838,0.044470176,-0.42396688,-0.43836737,0.08891818,-0.1665674,0.43430042,0.22343786,0.081644796
162,1656,0.36278734,0.021885306,0.8098233,0.46314937,0.6968553,-0.503795,-0.22375426,0.072633624,-0.20882487,-0.06643447,-0.55435604,0.46102154,0.38756067,-0.13969535,0.06593509,0.23895921
162,1657,0.1073295,-0.21142477,0.70125115,0.037802882,0.9497634,-0.68798006,-0.32035348,-0.031944424,-0.5280924,0.3025722,-0.13361606,0.11039268,0.4690838,-0.08232716,-0.054788247,-0.2908533
162,1686,-0.08496704,-0.29831207,0.5280694,1.0158013,-0.4864852,1.120684,-0.12253338,0.38525146,0.0027900487,0.23110457,-0.2237435,0.11367047,0.059865903,-0.13928327,0.04833164,0.07518446
162,1706,-0.16440955,0.25919145,-0.82953966,-0.43168825,0.20273848,-0.7687381,-0.09929773,0.38646877,-0.21732621,0.13219161,0.63217485,-0.33772832,-0.3595441,0.26339275,-0.47954264,-0.53924465
162,1710,-0.14881659,0.23141767,-0.54736835,-0.34292617,0.24270336,-0.71897584,0.1747309,0.4159847,-0.28636548,0.043291286,0.52113754,-0.13084184,-0.154463,0.1561573,-0.38987797,-0.26804474
162,1732,-0.051384848,0.09145778,-0.15597957,-0.37475467,-0.27426526,-1.0146132,-0.5853435,0.3704605,0.7904217,-0.30700517,0.42049128,-0.23167314,-0.848659,0.0069507062,-0.60233724,0.091992095
162,1735,0.19408533,0.35037464,-0.7304951,-0.3088085,-0.32258767,0.13729225,0.45665,-0.60129416,0.0065399706,-0.54610014,-0.17906536,0.26484138,0.06956507,0.13624874,0.35448933,0.32991064
162,1740,0.05877477,-0.22307009,0.56639856,-0.072583415,0.9583006,-0.709384,-0.3513774,-0.06353608,-0.57926464,0.3510418,-0.06228599,-0.001516059,0.438911,0.0058470815,-0.070446655,-0.4274158
162,1748,-0.39126605,0.087937884,-0.47896412,-0.49073535,0.1751749,-0.5759214,0.29033092,0.5038737,-0.21735638,0.27343863,0.7549497,-0.28498548,-0.23570386,0.13941297,-0.5144231,-0.388097
162,1749,-0.16953811,-0.012681484,0.06596862,0.89339125,-0.42816314,1.0884124,-0.1118291,0.5125456,0.11818713,0.44145638,-0.06713759,-0.13607766,-0.2540983,0.074486874,-0.027869754,-0.19644643
162,1753,0.13022721,-0.17875105,0.11328058,-0.22522253,0.6242582,-0.17560688,-0.3973166,-0.3846376,-0.15063626,0.29129678,-0.29858214,-0.34197533,0.18825567,0.17232618,0.116533026,-0.39153796
162,1774,0.07796662,-0.356183,0.43725824,0.22333148,-0.8249011,0.15471937,-0.86164653,-0.19589955,-0.61902523,-0.47341442,0.61107033,0.51542974,0.55536705,-0.7039037,0.20251739,-0.2977555
162,1785,-0.012451937,-0.35465556,0.61246604,1.1003565,-0.64380383,1.1107942,-0.36741212,0.36606434,-0.08735036,0.1307332,-0.11879794,0.20036164,0.16931035,-0.27332488,0.099328086,0.030789755
162,1816,0.3957609,0.6679677,-1.0944988,0.04664995,-0.26155472,-0.035644427,0.24477424,-0.2599666,0.00991641,-0.58034086,-0.33431277,0.25408086,-0.117147535,0.35633987,0.23696022,0.24354689
162,1819,0.22943148,0.20266783,-0.21083497,-0.19866054,-0.12288344,0.13663857,0.56710565,-0.6512802,-0.15632406,-0.57928765,-0.37197143,0.47151536,0.3689782,0.03044843,0.48197523,0.5048455
162,1821,0.13341929,-0.21146923,0.8337115,0.11844889,0.94557655,-0.6825224,-0.2710134,0.008730486,-0.49008977,0.2657103,-0.17350695,0.21236691,0.4967934,-0.16524225,-0.054723892,-0.16689256
162,1831,-0.045682117,-0.64270234,0.5512233,-0.5602368,0.7893646,-0.1954428,-0.7586113,-0.48602206,-0.054314755,0.73748356,-0.04073967,-0.74517745,0.2031779,-0.008688152,-0.019971205,-0.707236
162,1849,0.3973029,0.61069894,-0.97069275,0.048713367,-0.13964176,0.02517064,0.1930376,-0.3153358,0.024630949,-0.46404195,-0.44732732,0.16735944,-0.07845574,0.37680072,0.28442177,0.18671626
162,1855,-0.5939322,-0.23096633,0.36414897,0.009555105,0.043540172,0.33773065,0.9259212,0.5202835,-0.17274934,0.42146862,0.3424161,0.039659128,0.016611226,0.00388138,-0.28094265,0.08091698
162,1859,0.355491,0.35593593,0.10834931,0.27017295,0.20930663,-0.70047283,0.31014046,0.20260808,-0.0715164,-0.66452193,-0.3090176,0.63577497,0.17273563,-0.02745594,0.010111498,0.66065425
162,1880,0.28644484,-0.089946926,1.0545769,0.424332,0.7639195,-0.59732795,-0.23414335,0.13235253,-0.1863717,0.036516443,-0.4130494,0.4901814,0.40597907,-0.29953727,-0.025786156,0.2635042
162,1881,-0.29791838,0.15842651,-0.38251984,-0.28286475,0.11106817,-0.41910577,0.38124856,0.51654136,-0.19585909,0.16667314,0.543481,-0.15029986,-0.1564505,0.11800474,-0.36706778,-0.19563214
162,1883,-0.24156606,0.124475725,-0.4234674,-0.4566981,0.33234817,-0.81224835,0.25070396,0.44166476,-0.3587691,0.12113924,0.6464104,-0.13505127,-0.10375288,0.109034725,-0.47669086,-0.28842196
162,1887,0.41451603,0.6613725,-0.9976816,0.10162086,-0.20924348,-0.07978958,0.26224995,-0.21901444,-0.029425785,-0.6069313,-0.36652213,0.31433183,-0.062327776,0.33477962,0.24089114,0.28762206
162,1904,-0.007674778,-0.40486038,0.028576419,-0.71636987,0.24111988,0.55254287,-0.13496283,-0.8734291,0.56870365,0.45911765,-0.3392812,-0.7740288,-0.036512632,0.026609167,0.3028996,-0.059714604
162,1935,0.17028633,-0.21054819,0.9704907,0.19915102,0.9396454,-0.6939339,-0.2746379,0.047339164,-0.4215143,0.23382567,-0.21789661,0.29773718,0.49998766,-0.23775843,-0.05976087,-0.051287342
162,1943,0.16360068,-0.17184752,0.030168906,-0.2745879,0.47079858,0.10808949,-0.29440543,-0.53831476,0.086674705,0.2557779,-0.4311481,-0.4063059,0.119164824,0.15826158,0.22275683,-0.22578718
162,1944,-0.25589952,0.21017587,-0.63015884,-0.38402775,0.13264896,-0.5797833,0.15220913,0.4694065,-0.18411615,0.16963236,0.6300298,-0.27476948,-0.2804238,0.1941792,-0.43704775,-0.3867437
162,1948,0.47550702,0.25277984,0.0991707,0.4393321,0.6269175,-0.25808418,-0.13689137,-0.15112838,-0.4594401,-0.20150182,-0.79144496,0.31155735,0.4375925,0.27468872,0.30868495,-0.002098199
162,1950,0.38302806,0.67136693,-1.2081378,-0.00042348262,-0.24076936,0.0071130693,0.11890186,-0.2916417,0.08672038,-0.4575336,-0.34244603,0.08216807,-0.21490514,0.4171026,0.2153661,0.10106584
162,1963,-0.14513072,0.13509971,-0.16322961,0.7376154,-0.37503275,0.8483706,-0.12575462,0.5299601,0.15614563,0.38720655,-0.002939552,-0.2092516,-0.35684314,0.14624766,-0.05780761,-0.23498963
162,1964,-0.26799047,-0.027141973,0.1151316,0.82614326,-0.3794233,1.1180284,0.07379489,0.53986,0.16699588,0.51369303,-0.06489353,-0.17804481,-0.29555336,0.104619905,-0.050386056,-0.15140703
162,1974,0.46401045,0.3852777,-0.16530634,0.25918445,0.23261487,-0.01195246,0.30196217,-0.35315946,-0.26772588,-0.48331487,-0.74952203,0.4688334,0.38740662,0.23521706,0.46765208,0.37976977
162,1996,-0.16227111,0.11339242,-0.13329063,0.7353623,-0.3701909,0.87153226,-0.099497885,0.52414346,0.15531543,0.4002216,-0.008144572,-0.20490812,-0.3502242,0.14264755,-0.060047075,-0.22873347
162,2004,0.14882407,0.59459007,-1.090888,-0.027823456,-0.049405977,-0.4991054,-0.21477681,0.3665816,-0.0526246,-0.14830989,0.23309131,-0.22604875,-0.4080362,0.3576625,-0.17753084,-0.34751564
162,2005,0.57872456,0.42524683,-0.06051518,0.50561583,0.46692184,-0.15128621,0.09742332,-0.1782155,-0.39811343,-0.42110667,-0.9092056,0.48472518,0.44607282,0.3009587,0.42990106,0.2601237
162,2013,0.21646994,-0.062591344,0.9809761,-0.025067918,-0.4281452,-1.2938802,-0.5834546,0.38247406,1.4234599,-0.92677,-0.06425703,0.3842348,-0.8038966,-0.4198932,-0.5235746,1.1540275
162,2017,0.11006522,-0.21872532,0.1786394,-0.24989846,0.6973474,-0.24578157,-0.4171429,-0.3764695,-0.2189208,0.34102976,-0.2548418,-0.34627217,0.23297498,0.16500023,0.0945635,-0.44309744
162,2070,-0.15655175,0.12724787,-0.12806624,0.6990952,-0.34503123,0.79554784,-0.049734563,0.53595495,0.12243593,0.36609805,0.011942998,-0.17419837,-0.31336355,0.13069141,-0.05854877,-0.19193342
162,2075,0.21646994,-0.062591344,0.9809761,-0.025067918,-0.42814526,-1.2938801,-0.5834546,0.38247406,1.42346,-0.92677,-0.06425703,0.3842348,-0.8038966,-0.4198932,-0.5235746,1.1540273
162,2097,-0.11710625,-0.087821186,-0.31208596,-0.8800366,-0.5987028,0.30024517,0.8401761,-1.0750504,-0.017138869,-0.6641806,0.2328297,0.4072895,0.32326907,-0.25878015,0.46080214,0.5695592
162,2098,0.083860226,-0.22156611,0.19646443,-0.25082493,0.7380779,-0.33726716,-0.42464176,-0.31859878,-0.29293436,0.35368633,-0.19044288,-0.32469237,0.24676555,0.16587354,0.04989735,-0.4907838
162,2105,0.41830915,0.67569304,-1.1342355,0.06851015,-0.15605429,-0.01563622,0.0828771,-0.2619486,0.061267167,-0.43515325,-0.4254623,0.086140186,-0.17923765,0.43607464,0.22847916,0.09236653
162,2115,-0.15625578,0.26243567,-0.8297077,-0.41702303,0.19541232,-0.74543965,-0.106508404,0.37174326,-0.20736417,0.123074844,0.6032861,-0.33309573,-0.36199886,0.26781207,-0.4646077,-0.53373855
162,2130,-0.025507666,-0.4246921,0.020936891,-0.77139515,0.20664632,0.61633605,-0.10187453,-0.9243977,0.6316228,0.47517395,-0.3365479,-0.81360006,-0.053350206,0.013644844,0.32124817,-0.02565435
162,2135,0.00969604,-0.53570056,0.4201467,-0.5016376,0.6738324,-0.04566963,-0.621871,-0.5336102,0.04570736,0.61751664,-0.16969585,-0.68297815,0.1652236,0.022679336,0.063559525,-0.5451192
162,2150,0.36102968,0.6702254,-1.2567617,-0.039623197,-0.30055806,0.007383287,0.1404334,-0.30462036,0.08303173,-0.48721212,-0.27616906,0.10142604,-0.23106511,0.39895955,0.20356815,0.10367645
162,2152,-0.58041304,-0.13085726,0.042594716,-0.30345005,0.1276392,-0.13457124,0.80200255,0.55730295,-0.23432449,0.3774675,0.62024695,-0.079531044,-0.055176068,0.04054112,-0.43112403,-0.08509235
162,2153,-0.52445644,-0.16509101,0.22268502,-0.195365,0.10286992,-0.023797229,0.8770683,0.5064924,-0.18874037,0.2937042,0.4474864,0.03695587,0.016737852,-0.013560846,-0.3076645,0.10922599
162,2165,-0.22972813,0.023534179,0.061371192,0.7152147,-0.31575662,0.91484064,0.11206113,0.51602995,0.11204618,0.41113865,-0.04575537,-0.13089277,-0.25115243,0.10234721,-0.0468224,-0.10962747
162,2173,-0.05349619,-0.33423138,0.5863484,1.0849025,-0.5591359,1.1509149,-0.21578377,0.391269,-0.019062966,0.19896562,-0.20000282,0.15141013,0.106740355,-0.19643053,0.07175348,0.0791709
162,2175,-0.672619,-0.23165578,0.18319942,-0.32861778,0.14659911,-0.05995462,0.93634427,0.55481267,-0.2517149,0.4407485,0.64039737,-0.05290252,-0.019294614,0.015719138,-0.4549115,-0.052307714
162,2181,0.21847412,-0.1794818,1.0735986,0.30567008,0.90100694,-0.6789893,-0.25293607,0.09261124,-0.3443895,0.16574349,-0.2922299,0.40493596,0.4932425,-0.2956925,-0.05220525,0.092189714
162,2182,0.35382366,0.30872035,-0.18953611,0.054111097,0.063736714,0.063261405,0.43562233,-0.4799322,-0.20732445,-0.5281114,-0.5799685,0.47010797,0.37052342,0.14427069,0.4727672,0.44740018
162,2189,0.518823,0.32097152,0.019482449,0.44578695,0.5824212,-0.22552733,-0.06130463,-0.18984678,-0.445525,-0.2729338,-0.83629245,0.36443585,0.44770533,0.30109167,0.36434644,0.07738249
162,2211,0.48106244,0.23921087,0.20649175,0.47465828,0.5899944,-0.26439965,-0.16901928,-0.11482304,-0.35592398,-0.21367562,-0.79872805,0.34635997,0.39363763,0.21345115,0.28178716,0.0797178
162,2215,0.4193324,0.35927776,-0.17837392,0.18511975,0.17110705,0.014751613,0.3502128,-0.38934737,-0.24058217,-0.49436116,-0.68469113,0.46286577,0.371772,0.20463929,0.46286672,0.40124375
162,2219,-0.0033225864,-0.3486367,-0.029905602,-0.7696563,0.09681395,0.75911677,0.09803436,-1.0013808,0.7100171,0.37006313,-0.43256027,-0.7322886,-0.04114571,0.015165493,0.41554844,0.1790603
162,2230,-0.0021374794,-0.623653,0.5265534,-0.5297557,0.7455548,-0.08711757,-0.7481048,-0.5386135,0.025629118,0.70610416,-0.13472283,-0.75221395,0.18331091,-0.0012568533,0.030659372,-0.646421
162,2236,-0.16953811,-0.012681469,0.06596862,0.89339125,-0.42816326,1.0884124,-0.1118291,0.5125456,0.1181871,0.44145644,-0.0671376,-0.13607769,-0.25409833,0.07448688,-0.027869754,-0.19644642
162,2245,-0.061230406,0.34653392,-0.73890185,-0.26890868,0.15482575,-0.68212044,0.058137923,0.41138095,-0.22547847,-0.008544743,0.47381294,-0.16716947,-0.23248239,0.21694621,-0.34392008,-0.30437338
162,2250,0.14324707,-0.19569337,0.11909564,-0.24274792,0.62915075,-0.13728651,-0.4126887,-0.43356085,-0.1211696,0.30936044,-0.32600686,-0.37227207,0.19417249,0.17351481,0.14158724,-0.3898988
162,2251,0.46911973,0.28182304,0.009024739,0.3865734,0.58790904,-0.23644058,-0.09643671,-0.18875635,-0.4289491,-0.21586129,-0.76991177,0.29619086,0.40897766,0.29570168,0.32369134,0.0126848705
162,2259,-0.1853,0.18471399,-0.48665655,-0.38387167,0.277257,-0.7420252,0.21164979,0.41794124,-0.3126706,0.07087712,0.5571375,-0.12551506,-0.12958583,0.13446598,-0.41750386,-0.26707634
162,2260,0.14324704,-0.19569337,0.11909567,-0.24274792,0.62915075,-0.13728653,-0.4126887,-0.43356085,-0.1211696,0.30936044,-0.3260069,-0.37227213,0.19417249,0.17351481,0.14158724,-0.38989878
162,2264,-0.67242545,-0.24587229,0.20268051,-0.37512785,0.18411362,-0.11464881,0.970001,0.523198,-0.27965304,0.4119078,0.6321352,-0.024664313,0.012772817,0.008361369,-0.4572442,-0.030891646
162,2266,-0.072163954,-0.424814,-0.048103914,-0.9232245,0.035246715,0.8589545,0.1154347,-1.0864376,0.84349597,0.44752002,-0.3595642,-0.8667906,-0.10491809,-0.020495549,0.4116527,0.18440925
162,2295,0.52129537,0.3420273,-0.0030596107,0.45099884,0.5419122,-0.19845836,-0.013285115,-0.18197882,-0.42308137,-0.30652016,-0.84328806,0.3878891,0.43521637,0.2951728,0.37325045,0.12471056
162,2327,-0.4232081,-0.11273193,0.23515536,-0.1164489,0.07036339,-0.023191914,0.8284911,0.48637003,-0.143899,0.19196065,0.33742338,0.087971665,0.036019627,-0.033955887,-0.21473336,0.21616866
162,2331,0.14924937,0.29603857,-0.67945,-0.3747636,-0.34953967,0.1471994,0.49524283,-0.64072007,-0.00070913136,-0.55287683,-0.11978106,0.27667958,0.09222321,0.08924463,0.35494864,0.3444533
162,2332,0.060934626,0.49885052,-0.7694903,0.18882108,-0.16573736,-0.12018873,-0.19821906,0.49422973,0.02349633,0.015601739,0.22790007,-0.23043413,-0.36520752,0.23644325,-0.13479063,-0.28612652
162,2338,-0.20550123,0.1534223,-0.4267761,-0.397326,0.30103955,-0.7461642,0.24719906,0.41701117,-0.3301411,0.080152705,0.5609854,-0.10839671,-0.102484904,0.11611235,-0.42402676,-0.24873893
162,2340,-0.21274212,-0.17130834,-0.33039644,-1.0623071,-0.7240126,0.3253948,0.9083314,-1.1855925,-0.0026355833,-0.6965117,0.41014105,0.40552413,0.32163504,-0.34292603,0.45048591,0.57650745
162,2341,-0.14881659,0.23141766,-0.54736835,-0.34292617,0.24270336,-0.71897584,0.1747309,0.4159847,-0.28636545,0.0432913,0.5211375,-0.13084184,-0.154463,0.15615728,-0.38987795,-0.26804474
162,2342,-0.38970336,-0.09800467,0.24725945,-0.092019565,0.061503567,-0.025969699,0.8202311,0.47918695,-0.1307551,0.1545571,0.29951674,0.10991402,0.048137065,-0.043655306,-0.18203224,0.26008347
162,2348,-0.6382332,-0.2131742,0.16308253,-0.3654098,0.18205506,-0.14181402,0.9297044,0.51922506,-0.27791116,0.3842836,0.6172805,-0.025312454,0.008290477,0.014025912,-0.44453302,-0.0336177
162,2360,0.3119613,0.24217877,0.39973748,0.24959433,0.2021645,-0.8347827,0.23894313,0.27775288,0.09282377,-0.6944036,-0.27117166,0.65454334,0.104543954,-0.13563067,-0.08116011,0.7801961
162,2363,-0.072163954,-0.42481405,-0.048103943,-0.9232244,0.035246715,0.8589545,0.1154347,-1.0864376,0.84349597,0.44751996,-0.3595642,-0.86679053,-0.10491809,-0.020495549,0.4116527,0.18440923
162,2397,0.29356602,0.4788051,-0.8487697,-0.13425638,-0.23179695,0.09342991,0.33380127,-0.4619307,0.024022728,-0.5015817,-0.31769794,0.21111012,-0.0068747588,0.25704074,0.32482612,0.26337296
162,2400,0.15818512,-0.23548067,1.2404081,-0.22374277,-1.0237609,-1.4467964,-1.2659225,0.37654215,2.511101,-1.103627,-0.016833007,0.08703959,-1.5849298,-0.5215404,-0.79238784,1.3707151
162,2410,-0.0773098,0.13619229,-0.32868767,-0.37855306,-0.15564886,-0.9271139,-0.45833525,0.36213174,0.5375508,-0.19836679,0.45068502,-0.25607985,-0.7224397,0.077154234,-0.55706674,-0.0660367
162,2424,0.37319624,0.6734965,-1.2389083,-0.019597169,-0.27164066,0.0055888146,0.12524632,-0.29739934,0.08610755,-0.47200567,-0.30875033,0.08908395,-0.22627959,0.41034922,0.20807903,0.09868476
162,2428,-0.1853,0.18471399,-0.4866565,-0.38387164,0.27725703,-0.74202526,0.21164979,0.4179412,-0.3126706,0.07087712,0.5571375,-0.12551506,-0.12958583,0.13446598,-0.41750386,-0.26707634
162,2432,0.14324704,-0.19569334,0.1190957,-0.24274792,0.62915075,-0.13728653,-0.4126887,-0.43356085,-0.121169604,0.30936044,-0.32600686,-0.37227207,0.19417249,0.17351481,0.14158724,-0.3898988
162,2448,0.16360068,-0.17184755,0.030168876,-0.2745879,0.47079858,0.10808949,-0.29440543,-0.5383148,0.086674675,0.2557779,-0.4311481,-0.40630597,0.11916484,0.15826158,0.22275682,-0.22578721
162,2454,-0.55028886,-0.18008226,0.30628973,0.14878653,-0.039149508,0.4719785,0.7963065,0.5569909,-0.104461454,0.45029724,0.30009997,-0.011120215,-0.054307327,0.025312424,-0.24412216,0.038498525
162,2458,-0.015514763,-0.20563164,0.25091702,-0.25429335,0.86567366,-0.64972365,-0.3607705,-0.1230655,-0.5677236,0.37308508,0.023872063,-0.20275603,0.31649917,0.1626955,-0.07919351,-0.5941862
162,2463,0.18490142,-0.12999421,1.0736195,-0.10123051,-0.6101569,-1.343534,-0.78827405,0.3835414,1.7586513,-0.96853787,-0.033093527,0.2864658,-1.0468881,-0.45994925,-0.6168096,1.2158151
162,2465,-0.13684663,0.306607,-0.5042387,-0.088028714,0.019802794,-0.33534223,0.1988431,0.52024776,-0.13017616,0.06887974,0.3965134,-0.14228831,-0.19876288,0.15258303,-0.25674242,-0.17528254
162,2473,0.41830912,0.675693,-1.1342354,0.06851016,-0.15605429,-0.015636206,0.082877085,-0.26194856,0.061267182,-0.43515325,-0.4254623,0.086140186,-0.17923765,0.43607464,0.22847919,0.09236653
162,2497,-0.24374896,-0.028029248,0.10814105,0.84928006,-0.3945525,1.1185724,0.02337411,0.53287876,0.15773183,0.49792194,-0.06862812,-0.16925807,-0.2864182,0.09631601,-0.04549734,-0.16253623
162,2504,-0.3956761,0.08247283,-0.45336425,-0.4686607,0.16282953,-0.535335,0.3213366,0.5034553,-0.21123898,0.27091247,0.7303674,-0.2685992,-0.2269943,0.13679089,-0.49748236,-0.36235
162,2506,-0.67242545,-0.24587229,0.20268051,-0.37512785,0.18411362,-0.11464881,0.97000086,0.523198,-0.27965304,0.41190773,0.6321353,-0.024664298,0.012772813,0.008361369,-0.4572442,-0.030891646
162,2508,-0.30079967,0.027966082,0.04885523,0.5005771,-0.21502778,0.69410366,0.30580735,0.5354496,0.057853445,0.3837155,0.0666479,-0.10538517,-0.22424431,0.10092313,-0.09912683,-0.07114248
162,2523,0.17999011,0.33381543,-0.70605856,-0.31890833,-0.31924182,0.13427459,0.46252364,-0.59912235,0.00085550547,-0.5416428,-0.16597016,0.26652247,0.075003564,0.12438302,0.3491957,0.32879514
162,2541,-0.054407723,-0.3801335,-0.062634975,-0.8667255,0.039223462,0.8220531,0.13535716,-1.0423365,0.79482985,0.4022491,-0.37619793,-0.80431604,-0.09127231,-0.0066942424,0.4080635,0.19697589
162,2551,0.15134624,-0.21069491,0.035987124,-0.37200168,0.36264485,0.3412372,-0.14909714,-0.6930328,0.27339715,0.26607424,-0.51095426,-0.46302527,0.10241473,0.116128616,0.32237503,-0.05434159
162,2553,-0.022801016,-0.33656627,-0.05070369,-0.7775736,0.07224576,0.7519157,0.12749022,-0.9758351,0.7127173,0.35595775,-0.4033323,-0.72171384,-0.05995877,0.010757759,0.39854607,0.19108303
162,2554,0.37319615,0.67349654,-1.2389082,-0.019597169,-0.2716407,0.0055887997,0.12524633,-0.29739934,0.08610755,-0.47200572,-0.30875033,0.089083955,-0.22627959,0.41034925,0.20807903,0.09868476
162,2556,-0.2979184,0.15842651,-0.38251984,-0.28286475,0.11106816,-0.41910577,0.38124856,0.51654136,-0.19585907,0.16667314,0.543481,-0.15029986,-0.1564505,0.11800474,-0.36706778,-0.19563216
162,2568,0.5008879,0.26348338,0.096667215,0.45484498,0.66029143,-0.28517652,-0.16035527,-0.16544,-0.49030203,-0.20461012,-0.8103054,0.32070845,0.46493316,0.2918095,0.3235464,-0.01702274
162,2587,-0.14209816,0.22390106,-0.6946302,-0.41853866,0.10286227,-0.8086324,-0.20134705,0.37621844,-0.009030342,0.04304579,0.58155894,-0.31834984,-0.46127397,0.21411297,-0.50039256,-0.4136734
162,2597,-0.024412759,-0.6738512,0.559264,-0.57816774,0.7635864,-0.09244038,-0.79262197,-0.55661553,0.03959,0.75867474,-0.09751591,-0.80638963,0.1800141,-0.01600796,0.01382059,-0.68912464
162,2603,-0.5867365,-0.41821063,0.89441705,-0.2782048,0.20755348,-0.07158396,1.5105548,0.45423636,-0.24186864,0.13239224,0.30896938,0.4240709,0.38047826,-0.27408302,-0.15068384,0.7191056
162,2614,-0.43154135,-0.2855253,0.73857445,-0.16385332,0.15686135,-0.08384226,1.2933719,0.43039185,-0.19350484,0.026973203,0.20152615,0.40550083,0.33237377,-0.23730698,-0.06592162,0.7089516
162,2617,-0.5981562,-0.4198851,0.86947715,-0.29573542,0.22022088,-0.0730199,1.4990468,0.44075674,-0.25024533,0.1489578,0.31432647,0.41104418,0.3668845,-0.26057467,-0.16847524,0.67840916
162,2622,0.518823,0.32097152,0.019482449,0.44578695,0.5824212,-0.22552733,-0.06130463,-0.18984678,-0.445525,-0.2729338,-0.83629245,0.36443582,0.44770536,0.30109167,0.36434647,0.07738249
162,2629,-0.13414171,0.33227184,-0.7724637,-0.2764524,0.08020197,-0.572509,0.03903185,0.45593235,-0.14896359,0.07664223,0.5255135,-0.26514798,-0.31921867,0.24353343,-0.36426175,-0.37840864
162,2631,-0.58019775,-0.20898768,0.33460778,0.08534048,-0.0063563734,0.42120576,0.8578056,0.54723084,-0.1319094,0.4501189,0.3300557,0.0040611327,-0.028403047,0.016482063,-0.2673559,0.050594978
162,2633,0.023077428,-0.43135238,0.22150595,-0.53092104,0.5056819,0.15325002,-0.40431538,-0.6265973,0.20760745,0.50811714,-0.25200897,-0.6612473,0.08995728,0.047301628,0.15973514,-0.3429961
162,2636,0.46911973,0.28182304,0.009024754,0.38657343,0.58790904,-0.23644058,-0.09643668,-0.18875635,-0.42894912,-0.21586129,-0.76991177,0.29619086,0.40897766,0.29570168,0.32369134,0.0126848705
162,2654,-0.07381398,-0.3962894,-0.06843664,-0.9082485,0.016607508,0.8542163,0.15218416,-1.0661294,0.8338337,0.41685843,-0.35931623,-0.8347144,-0.10828981,-0.017447367,0.4096023,0.20980565
162,2656,0.0075541493,-0.52327126,0.37945437,-0.51897025,0.6462343,-0.0136439055,-0.5950432,-0.55427593,0.07835643,0.60734063,-0.17304811,-0.69345176,0.14593394,0.027838252,0.07568836,-0.5225886
162,2671,0.0036178287,-0.23662204,0.28858876,-0.2585615,0.9051392,-0.647568,-0.42439458,-0.16195247,-0.56821567,0.40798366,-0.00021651387,-0.23764227,0.33919105,0.16564511,-0.06360901,-0.6300856
162,2672,-0.4075717,0.08289197,-0.4471014,-0.47211137,0.15825666,-0.5417216,0.34770602,0.528508,-0.21685687,0.28030604,0.7558015,-0.26814944,-0.22059543,0.13092695,-0.50518227,-0.35446668
162,2677,0.16010764,-0.1951335,0.07778339,-0.26636612,0.55334723,0.001434058,-0.37555626,-0.5059815,-0.00067189336,0.29439247,-0.3888639,-0.4107107,0.15469727,0.1670942,0.18848893,-0.31751266
162,2678,-0.24115372,-0.026201472,0.109363094,0.8240186,-0.37666598,1.0846319,0.04233031,0.522476,0.14650357,0.47995108,-0.07138606,-0.15690874,-0.2742174,0.0948816,-0.044548772,-0.14998761
162,2680,-0.13436458,0.14485523,-0.15828973,0.7006034,-0.3452855,0.7783531,-0.086500734,0.52362144,0.12640744,0.3486452,-0.0011520833,-0.17780869,-0.32194293,0.13725533,-0.052557103,-0.20188102
162,2684,-0.08344852,-0.06087944,-0.30468413,-0.8182927,-0.5532757,0.2853244,0.8124651,-1.0385312,-0.029419407,-0.6553949,0.17536213,0.41163528,0.32803777,-0.23140904,0.46394318,0.56191695
162,2685,-0.24308711,0.21635392,-0.6324834,-0.37073362,0.13068375,-0.570382,0.14265233,0.4581693,-0.18025565,0.15765478,0.60613966,-0.26802176,-0.28036827,0.19722939,-0.42487007,-0.3806521
162,2692,-0.22454429,0.020995602,0.06917159,0.7563949,-0.33821842,0.95618945,0.08714032,0.52674794,0.1194464,0.42435384,-0.05129683,-0.136909,-0.25328735,0.09960933,-0.04181769,-0.11456923
162,2693,0.5498129,0.3764583,-0.030454472,0.4758828,0.506197,-0.16187252,0.033292353,-0.18843102,-0.40344828,-0.35342783,-0.882527,0.42535233,0.4361676,0.2982869,0.40428638,0.18289994
162,2696,-0.6268583,-0.21151283,0.20000936,-0.2736192,0.13058609,-0.03321667,0.9154248,0.5429544,-0.23382056,0.4006405,0.57696795,-0.025117695,-0.0066249818,0.0060984194,-0.40709573,-0.0046569817
162,2705,0.070014715,-0.28136098,0.0017040521,-0.58120775,0.2178083,0.5667493,-0.01017341,-0.8572595,0.50647426,0.31654352,-0.47274667,-0.6006934,0.027664673,0.06167367,0.37477353,0.07760832
162,2707,0.02736714,-0.38500166,0.22110848,-0.45980224,0.5236678,0.06230913,-0.3984137,-0.5317904,0.11836901,0.4616652,-0.2331641,-0.5803011,0.10378207,0.057519466,0.12303077,-0.35801896
162,2723,0.36278737,0.021885306,0.8098233,0.46314937,0.6968553,-0.503795,-0.22375426,0.072633624,-0.20882486,-0.06643449,-0.5543561,0.46102166,0.3875607,-0.13969535,0.06593508,0.23895921
162,2737,-0.23343933,0.041589677,0.018484697,0.7226493,-0.3409644,0.9274755,0.07891145,0.5415951,0.13086,0.43301153,-0.012509912,-0.16100858,-0.28814635,0.112076685,-0.057130955,-0.14496544
162,2772,-0.052907802,0.38808882,-0.671493,0.10361417,-0.13263097,-0.08167621,-0.08726025,0.4739015,0.013684809,0.099355385,0.2781412,-0.24109618,-0.36166602,0.22387852,-0.19043912,-0.30406964
162,2788,-0.5524742,-0.40281367,0.89895916,-0.26954824,0.20733318,-0.09618987,1.5019923,0.4426257,-0.23475754,0.090776876,0.27804452,0.44708133,0.3942385,-0.2848884,-0.122427985,0.75975263
162,2808,0.3988858,0.4925284,-0.27090347,0.29035896,0.23052889,-0.48737925,0.44261307,0.08541529,-0.3368371,-0.6207183,-0.35315534,0.62628204,0.3029332,0.10534386,0.1516566,0.49757016
162,2809,-0.01343368,-0.49276048,0.3355077,-0.38619366,-1.2204947,-0.10418517,-1.310606,-0.7107637,-0.988137,-0.703231,1.3692628,0.65673095,0.8106091,-1.1514008,0.24982955,-0.76028955
162,2815,0.009033806,0.43606302,-0.86346155,-0.19298749,0.090679266,-0.64522654,-0.025320351,0.412016,-0.17804445,-0.055787712,0.41422695,-0.18532823,-0.28495649,0.26316568,-0.29542094,-0.31790105
162,2872,0.15818512,-0.23548067,1.2404081,-0.22374277,-1.0237609,-1.4467964,-1.2659224,0.37654215,2.511101,-1.1036271,-0.016833007,0.08703959,-1.5849298,-0.5215404,-0.79238784,1.3707151
162,2880,0.023077428,-0.43135238,0.22150595,-0.53092104,0.5056819,0.15325002,-0.40431532,-0.6265973,0.20760745,0.5081171,-0.25200897,-0.6612474,0.0899573,0.047301613,0.15973517,-0.3429961
162,2883,0.42509535,0.65615374,-1.0495741,0.0899265,-0.12316981,-0.0022703856,0.118838556,-0.27079332,0.039543137,-0.44110036,-0.46619606,0.12355677,-0.12749179,0.42089167,0.2566025,0.13377143
162,2892,0.044897825,-0.46323067,0.4172964,-0.1307344,-1.125312,-0.024586499,-1.2061749,-0.5199202,-0.87929213,-0.66542834,1.112857,0.6456928,0.765512,-1.0288991,0.25481862,-0.57240224
162,2893,-0.29292607,0.14010075,-0.34018683,-0.2856841,0.13355775,-0.41741872,0.4066394,0.48270407,-0.21003857,0.1446086,0.5022967,-0.11615053,-0.12716375,0.109305054,-0.3504768,-0.16499837
162,2914,0.08530932,-0.21703088,-0.002048418,0.24218716,-1.0557669,0.3828811,-1.2553452,-0.28459713,-0.6148837,-0.31457758,0.89120126,0.34218693,0.3870401,-0.72604614,0.15941419,-0.760477
162,2916,0.05901341,-0.2845751,-0.006926939,-0.60551465,0.19166996,0.5998928,0.0207161,-0.8759919,0.5382782,0.31524724,-0.4698233,-0.61066896,0.01700531,0.05432707,0.38359126,0.10566618
162,2947,0.4801918,0.21882606,0.32294846,0.50176907,0.5674267,-0.28469375,-0.1888395,-0.07393363,-0.2676444,-0.2182537,-0.7876375,0.38509488,0.36082488,0.14186111,0.24929555,0.1596764
162,2959,0.5919149,0.41846848,-0.03179398,0.5232865,0.486022,-0.1494955,0.083935335,-0.1853765,-0.40884417,-0.41723883,-0.93507254,0.4922707,0.46479207,0.30065396,0.44069806,0.2598109
162,2970,0.015239825,-0.43266016,0.29661143,-0.46114963,0.59156394,-0.02088216,-0.4910653,-0.49744648,0.05688995,0.51368934,-0.18748781,-0.6003648,0.12921457,0.04738134,0.0795186,-0.4478451
162,2977,-0.7225626,-0.46738642,0.838323,-0.3212516,0.22087148,0.021412581,1.5228918,0.48651582,-0.28062338,0.30853707,0.42733216,0.32374144,0.31204,-0.21481395,-0.27497,0.5145136
162,2989,0.41869554,0.6656716,-1.094456,0.086812876,-0.12384555,-0.032638222,0.068520725,-0.24311835,0.04447016,-0.42396688,-0.43836737,0.08891818,-0.1665674,0.4343004,0.22343786,0.08164479
162,3003,0.54783195,0.3569008,-0.0068321824,0.4726763,0.54912007,-0.19471285,-0.014633685,-0.19408327,-0.42995206,-0.3215249,-0.87518156,0.4042561,0.45137826,0.304344,0.39432037,0.13623771
162,3010,0.024995852,-0.29803932,-0.026401207,-0.6724974,0.13123457,0.67006594,0.08532363,-0.9146774,0.6134336,0.31968617,-0.44698453,-0.64330703,-0.014402078,0.034838974,0.3937021,0.16076691
162,3012,0.09728155,-0.06902388,0.58180153,-0.26511985,-0.749522,-1.2361642,-1.0412581,0.34709984,1.7848945,-0.7913895,0.14280204,-0.058908656,-1.2914169,-0.2740707,-0.6861913,0.7956821
162,3016,-0.27452266,0.05342479,0.0041422397,0.5526191,-0.250011,0.7343873,0.22346565,0.5423821,0.08631942,0.39245576,0.053287372,-0.13352825,-0.26002228,0.11351395,-0.090613075,-0.1045793
162,3022,0.15634719,-0.19538876,0.03460543,-0.34631607,0.36794662,0.31635553,-0.14868543,-0.66553324,0.24755502,0.2502916,-0.5106364,-0.43726367,0.10692343,0.12069154,0.31388727,-0.057459775
162,3024,0.29356602,0.4788051,-0.8487697,-0.13425638,-0.23179695,0.09342991,0.33380127,-0.4619307,0.024022698,-0.5015818,-0.31769794,0.2111101,-0.006874755,0.25704074,0.3248261,0.26337296
162,3025,-0.08231803,-0.30963492,0.54530936,1.0377684,-0.5014391,1.1422707,-0.1357972,0.3896194,0.003668338,0.23330267,-0.22477314,0.11762726,0.0657859,-0.14875364,0.05168262,0.077781215
162,3038,0.16736448,-0.19665322,0.03172119,-0.33792585,0.3997067,0.28036082,-0.19982556,-0.66129494,0.21943897,0.2623905,-0.5049797,-0.44781035,0.11334823,0.13312882,0.30404824,-0.105623275
162,3043,-0.0021374794,-0.623653,0.52655345,-0.52975565,0.7455548,-0.08711757,-0.7481048,-0.53861344,0.025629133,0.7061041,-0.13472283,-0.752214,0.18331091,-0.0012568533,0.030659372,-0.64642113
162,3045,0.0011514444,-0.3631569,0.6224762,1.1021581,-0.6742474,1.0974007,-0.42045954,0.35490382,-0.11360696,0.10749151,-0.0874884,0.21753532,0.19202475,-0.30204177,0.10885072,0.011361968
162,3051,0.14129555,0.6028478,-1.1236708,-0.03615465,-0.06508085,-0.49856317,-0.23420033,0.381642,-0.03975121,-0.13173728,0.26039535,-0.25478387,-0.43339452,0.3659737,-0.18986133,-0.37423855
162,3054,0.4156135,0.5431714,-0.44660658,0.2589699,0.13144472,-0.40415663,0.39797896,0.016953453,-0.2703895,-0.62978864,-0.36260432,0.56530136,0.22386497,0.16079527,0.17597064,0.45628577
162,3058,-0.37112388,-0.024771273,0.11566113,0.3962173,-0.16206503,0.6320805,0.4509008,0.5403569,0.01808691,0.39850295,0.1250584,-0.08082293,-0.18350399,0.08438008,-0.13422695,-0.038507212
162,3066,0.36280712,0.37183672,0.061928794,0.2648131,0.19040352,-0.68439966,0.30593467,0.18670368,-0.064781375,-0.6678479,-0.31019223,0.6264761,0.16123816,-0.014077604,0.017438484,0.65197295
162,3080,0.1574358,0.13642326,-0.23153396,-0.35367104,-0.22847551,0.17550088,0.62714887,-0.75810224,-0.12729049,-0.601764,-0.24163473,0.46078628,0.36730775,-0.036090866,0.48498657,0.5222517
162,3088,-0.32608703,0.00903286,0.07573165,0.44979772,-0.18546352,0.6572518,0.3709458,0.5302745,0.03885518,0.38082176,0.08330445,-0.08980329,-0.20375185,0.09450396,-0.110521615,-0.05187903
162,3089,0.11006523,-0.21872535,0.17863937,-0.24989846,0.6973474,-0.24578159,-0.4171429,-0.37646952,-0.2189208,0.34102976,-0.2548418,-0.3462721,0.23297498,0.16500023,0.0945635,-0.44309744
162,3096,0.09970527,-0.1857011,0.60326785,0.01482368,0.909605,-0.66066706,-0.31773517,-0.04231465,-0.5194621,0.28719872,-0.13074985,0.07597816,0.43304878,-0.03985156,-0.048608385,-0.3162783
162,3105,0.078880586,-0.025881588,-0.090436295,0.66885024,-0.7134055,0.67259485,-0.83768964,0.1465991,-0.2543909,0.015408471,0.33854783,0.09606181,0.03631376,-0.2781288,0.07059582,-0.51966625
162,3106,-0.25787842,-0.016693994,0.09868966,0.80274373,-0.36557785,1.078155,0.07238802,0.5288677,0.15896517,0.49290287,-0.06586871,-0.17132978,-0.29109755,0.106596254,-0.05000609,-0.1486964
162,3120,-0.04628647,-0.6919839,0.58173126,-0.5982802,0.79036796,-0.14348184,-0.8041295,-0.5370068,0.0017191768,0.782757,-0.05169706,-0.81001914,0.19318746,-0.022735953,-0.00960074,-0.72327834
162,3126,-0.654657,-0.305174,0.4960478,-0.10777355,0.10446206,0.23292027,1.1146902,0.5232536,-0.2214333,0.4079106,0.39927512,0.11123528,0.10419692,-0.05440949,-0.30521524,0.18412341
162,3131,0.22943145,0.20266783,-0.21083495,-0.19866052,-0.12288344,0.13663854,0.56710565,-0.6512802,-0.15632406,-0.5792876,-0.37197143,0.4715153,0.36897817,0.030448437,0.48197523,0.5048455
162,3140,0.0047057164,-0.5442352,0.46025538,-0.4730386,0.7023821,-0.10265642,-0.66134775,-0.48036414,-0.0019888878,0.62356573,-0.14519927,-0.6656752,0.17109852,0.015184075,0.029752208,-0.5856058
162,3150,0.07001472,-0.281361,0.0017040521,-0.58120775,0.2178083,0.56674933,-0.01017341,-0.8572596,0.50647414,0.31654346,-0.47274667,-0.6006934,0.027664687,0.061673664,0.37477353,0.07760832
162,3162,0.14666376,0.60050225,-1.1091245,-0.03359261,-0.05276829,-0.5111082,-0.22412199,0.37830964,-0.051487245,-0.14146814,0.25254333,-0.23909737,-0.41819695,0.36189318,-0.18669659,-0.3608943
162,3170,-0.024412755,-0.6738512,0.55926394,-0.5781677,0.7635863,-0.09244038,-0.79262197,-0.5566155,0.039589986,0.7586748,-0.09751591,-0.80638963,0.1800141,-0.01600796,0.01382059,-0.68912464
162,3183,0.3137416,-0.039935276,0.9336927,0.43098578,0.72907186,-0.55511415,-0.2228451,0.106354065,-0.1945154,-0.0078033954,-0.4655276,0.47148877,0.3907992,-0.22582984,0.011382522,0.24895975
162,3220,-0.23847684,-0.0024840236,0.11119674,0.77568245,-0.34167704,1.0018328,0.11261768,0.52881575,0.120473206,0.44218403,-0.06303582,-0.1304874,-0.24239874,0.09161751,-0.03831172,-0.10158332
162,3222,0.48108965,0.25170326,0.104268804,0.44126984,0.65597034,-0.29330564,-0.15822393,-0.15087447,-0.4873674,-0.19573145,-0.7843815,0.3117299,0.45488843,0.28263554,0.30531502,-0.02254526
162,3223,0.13341928,-0.2114692,0.8337116,0.11844888,0.94557655,-0.6825224,-0.2710134,0.008730486,-0.49008974,0.2657103,-0.17350695,0.21236691,0.49679333,-0.16524228,-0.054723892,-0.16689256
162,3225,-0.21198845,-0.16398215,-0.35798112,-1.0651602,-0.72874343,0.3252089,0.8962761,-1.1799567,0.006146863,-0.69012517,0.41758102,0.38998395,0.30585682,-0.3362161,0.44297597,0.56310165
162,3244,0.08100039,0.5417667,-1.0375377,-0.089383,-0.029245257,-0.5191044,-0.16837373,0.4007189,-0.06879274,-0.087030485,0.3206653,-0.25187558,-0.40054646,0.33468008,-0.22833097,-0.36910194
162,3253,-0.11658404,0.15828897,-0.18890168,0.7269971,-0.36324963,0.798273,-0.14415264,0.51876277,0.14403632,0.35184813,-0.013454944,-0.19618453,-0.3453813,0.14678898,-0.049145877,-0.22657175
162,3257,0.08396312,0.5250156,-0.9898473,-0.10574777,0.01651448,-0.57842463,-0.12584749,0.39745164,-0.11401069,-0.1043773,0.32823992,-0.20907559,-0.35092273,0.31368712,-0.23685294,-0.33507082
162,3260,-0.26799044,-0.027141958,0.1151316,0.8261432,-0.3794233,1.1180284,0.07379489,0.53986,0.16699588,0.5136931,-0.06489353,-0.17804481,-0.29555336,0.10461991,-0.050386056,-0.15140705
162,3261,0.36491737,0.6802796,-1.2622501,-0.029648937,-0.30907476,-0.0032325983,0.15003797,-0.2910678,0.07393722,-0.5024873,-0.27234703,0.12013313,-0.23063973,0.3991598,0.2007745,0.11355814
162,3271,0.0052379845,-0.48811626,0.39016998,-0.44837198,0.6538041,-0.09392666,-0.6000794,-0.4495312,0.005520195,0.5658114,-0.14707038,-0.62249595,0.14218682,0.027863488,0.028459297,-0.5405959
162,3274,0.5440424,0.38631263,-0.038164884,0.47539493,0.47613466,-0.15140328,0.07128301,-0.17269912,-0.38904297,-0.3781541,-0.8741182,0.44350415,0.42698592,0.2879592,0.40201747,0.22017218
162,3283,-0.1527437,0.29211932,-0.54499114,0.02891343,-0.08965251,-0.08545221,0.07220499,0.4883144,-0.027423121,0.15492068,0.34287262,-0.21500014,-0.31162468,0.19208117,-0.23668839,-0.26929864
162,3285,-0.005758589,-0.49131268,0.27684444,-0.3878681,-1.2994354,-0.06161513,-1.434837,-0.75278705,-1.013711,-0.69249195,1.4664987,0.6422069,0.8048447,-1.2023755,0.24929975,-0.8723619
162,3286,-0.14464948,0.13585146,-0.16946429,0.7779866,-0.4016566,0.9001846,-0.1613563,0.5412926,0.17670971,0.41163915,-0.0065989345,-0.2296844,-0.3787345,0.15085769,-0.056786627,-0.254696
162,3299,-0.34656325,0.13452965,-0.4386586,-0.38588014,0.1332247,-0.50367486,0.35708177,0.5307368,-0.20751953,0.21754332,0.66308,-0.21602868,-0.19342723,0.12781006,-0.44083634,-0.28079343
162,3310,0.38744408,0.67186534,-1.1368918,0.0258434,-0.2795783,-0.021656051,0.2291645,-0.27281505,0.027328968,-0.564649,-0.31986827,0.22425485,-0.14404522,0.36675403,0.2314942,0.21820374
162,3315,-0.35074556,0.108435914,-0.31965995,-0.13416083,-0.0009263754,-0.11119959,0.36953032,0.5209154,-0.103952914,0.27013713,0.4858811,-0.18403368,-0.2286807,0.13592727,-0.33888555,-0.22164012
162,3321,0.08076511,-0.058081955,0.5105787,-0.29311234,-0.72590303,-1.2515848,-1.0389887,0.36058193,1.7339318,-0.7497671,0.19709547,-0.09434426,-1.289018,-0.2519929,-0.70476866,0.7268003
162,3327,0.29394305,0.22621527,0.40728152,0.23190473,0.20458539,-0.8441674,0.22412205,0.28759044,0.10722539,-0.673951,-0.24793202,0.63289285,0.08512844,-0.14335796,-0.10087313,0.7633601
162,3328,-0.24144915,0.21424505,-0.4571708,-0.042666245,-0.05602175,-0.09216692,0.19350149,0.5049874,-0.053051487,0.21182604,0.40892726,-0.21090426,-0.28713405,0.17123166,-0.28499997,-0.2585609
162,3337,-0.672619,-0.23165578,0.18319939,-0.3286178,0.14659911,-0.05995462,0.93634427,0.55481267,-0.2517149,0.4407485,0.64039737,-0.05290252,-0.019294614,0.015719138,-0.4549115,-0.052307714
162,3340,0.08634529,-0.30926156,0.4315315,0.4158507,-0.7003485,0.29597813,-0.7137811,-0.04334621,-0.48207438,-0.35327846,0.37740988,0.4359945,0.4407069,-0.552835,0.17138451,-0.19524027
162,3351,-0.15694699,-0.07624897,-0.47933692,-0.9718686,-0.6960379,0.29222345,0.8163544,-1.0885667,0.014781788,-0.67035717,0.3690194,0.35261995,0.24245107,-0.2637015,0.410915,0.50337625
162,3354,0.46401045,0.3852777,-0.16530633,0.25918445,0.23261487,-0.011952475,0.30196214,-0.35315946,-0.26772588,-0.48331487,-0.7495221,0.4688334,0.38740662,0.23521706,0.46765205,0.37976977
162,3355,-0.24745157,0.15796109,-0.6250677,-0.50969034,0.29078516,-0.8391495,0.08114995,0.4333449,-0.30753785,0.1751997,0.72513163,-0.27097535,-0.23998219,0.17925578,-0.53014356,-0.45830435
162,3357,-0.039100863,-0.6114543,0.5278418,-0.53361666,0.76809204,-0.1907494,-0.72377324,-0.46644002,-0.05770556,0.7024458,-0.054786414,-0.71046525,0.19813043,-0.0032619685,-0.016286848,-0.6762988
162,3370,0.08598327,-0.22353241,-0.009030551,0.14278872,-1.0485399,0.2860492,-1.259252,-0.344742,-0.66194046,-0.37229306,0.94138825,0.37666142,0.42663464,-0.7621955,0.16490781,-0.77179945
162,3375,0.013622075,-0.48660827,0.36822355,-0.30839843,-1.2087384,-0.10065421,-1.3135308,-0.6576527,-0.9745072,-0.7135382,1.3100605,0.66755325,0.814643,-1.1304293,0.25871176,-0.7118781
162,3380,0.061564855,-0.010069594,-0.080163255,0.7279752,-0.6628406,0.7298339,-0.7465564,0.21355894,-0.19586198,0.0739239,0.2556275,0.060140535,-0.012285784,-0.21231273,0.057908885,-0.46870142
162,3384,0.37655336,0.6716761,-1.2261362,-0.01452906,-0.26146355,0.009080008,0.12632617,-0.2984453,0.08763261,-0.4674204,-0.32173717,0.08723939,-0.22075374,0.41185516,0.21309441,0.10262853
162,3401,-0.07381398,-0.3962894,-0.06843665,-0.9082485,0.016607508,0.8542163,0.15218416,-1.0661296,0.8338337,0.41685843,-0.35931626,-0.8347144,-0.10828981,-0.017447338,0.4096023,0.20980565
162,3423,0.19485569,-0.19262639,1.0313905,0.26010254,0.91841936,-0.68542486,-0.24863845,0.07696783,-0.38404584,0.19309922,-0.25681794,0.36562425,0.5008367,-0.2746408,-0.056047797,0.035889056
162,3427,0.355491,0.35593593,0.10834931,0.27017292,0.20930663,-0.70047295,0.31014046,0.20260806,-0.07151639,-0.66452193,-0.30901763,0.635775,0.17273563,-0.02745597,0.010111494,0.6606543
162,3437,0.08396311,0.5250156,-0.9898473,-0.10574777,0.016514495,-0.5784247,-0.12584752,0.39745164,-0.11401069,-0.1043773,0.32823992,-0.20907561,-0.35092276,0.31368715,-0.23685294,-0.33507082
162,3439,0.061564855,-0.010069594,-0.080163285,0.7279752,-0.6628406,0.72983396,-0.7465564,0.21355894,-0.19586198,0.0739239,0.2556275,0.060140535,-0.012285784,-0.2123127,0.057908885,-0.46870142
162,3440,-0.24319556,-0.0077144653,0.122277245,0.7657827,-0.3343224,0.99324006,0.13137648,0.52732325,0.11336729,0.43859768,-0.061251894,-0.12247066,-0.23282987,0.0884155,-0.03878098,-0.09226091
162,3442,-0.14881659,0.23141766,-0.54736835,-0.3429262,0.24270336,-0.71897584,0.1747309,0.4159847,-0.28636545,0.0432913,0.5211375,-0.13084184,-0.154463,0.15615728,-0.38987797,-0.26804477
162,3446,0.00969604,-0.53570056,0.42014664,-0.5016376,0.6738323,-0.045669615,-0.6218709,-0.5336102,0.04570736,0.6175166,-0.16969585,-0.6829782,0.1652236,0.022679329,0.063559525,-0.5451192
162,3452,0.42835864,0.60926723,-0.7095601,0.19896913,-0.026854753,-0.25899503,0.330013,-0.094463825,-0.16406582,-0.6347064,-0.37516052,0.45999575,0.09735291,0.24525201,0.214598,0.3847528
162,3457,0.034583956,0.15598305,-0.6217893,-0.6188458,-0.5025637,0.21684243,0.628343,-0.837248,0.013450548,-0.60876423,0.07341702,0.3078528,0.1516231,-0.048925146,0.3873813,0.41539493
162,3458,-0.4912005,-0.37859517,0.9189751,-0.24279678,0.19908011,-0.12645543,1.4914979,0.427403,-0.21597914,0.017888203,0.22132958,0.4902392,0.41967064,-0.3075405,-0.065992266,0.8429364
162,3459,0.08715126,-0.29296112,0.4313469,0.5393211,-0.659099,0.4099276,-0.65173507,0.036941424,-0.4050465,-0.2771388,0.25879747,0.39003503,0.37769067,-0.4783286,0.155216,-0.15113907
162,3487,0.10254878,-0.22515708,0.008591771,-0.44981584,0.2901227,0.41107744,-0.07205373,-0.7204717,0.35596707,0.27142942,-0.46969342,-0.49933124,0.058129523,0.09092074,0.32149035,0.003369689
162,3488,-0.28188923,0.1675116,-0.5516907,-0.39804468,0.15634154,-0.56447506,0.20183536,0.45666847,-0.19988184,0.17982508,0.6217178,-0.24932022,-0.24582788,0.17118803,-0.43844286,-0.35904932
162,3494,0.4319137,0.653921,-0.9095058,0.13792464,-0.14680329,-0.15336372,0.29172152,-0.18211892,-0.080743164,-0.6308018,-0.3693931,0.37750262,0.0019628368,0.30310965,0.2379724,0.33347136
162,3514,-0.33135238,0.12381363,-0.37460774,-0.35123816,0.14347655,-0.46952486,0.39840618,0.5046369,-0.2173153,0.18611245,0.5930165,-0.1625532,-0.15218659,0.113835216,-0.4030565,-0.22097223
162,3516,-0.06388814,-0.42646182,-0.033163995,-0.8941453,0.06773073,0.8128963,0.07350661,-1.0548416,0.80341923,0.45372212,-0.3545404,-0.8570429,-0.095233366,-0.01484476,0.39407915,0.14397442
162,3517,-0.73187166,-0.42467123,0.7216231,-0.24534959,0.17622064,0.1275904,1.3918568,0.5173191,-0.26562014,0.38524842,0.44582748,0.22976492,0.22885004,-0.1512346,-0.3103976,0.36520585
162,3526,-0.39703292,0.08354117,-0.46910852,-0.47658187,0.16213195,-0.54101646,0.30506718,0.5021993,-0.20765626,0.27666664,0.74020624,-0.28142005,-0.23841771,0.14157405,-0.50481385,-0.37888545
162,3534,-0.26556504,0.117166646,-0.48014414,-0.50628316,0.33555597,-0.85145056,0.20723847,0.44878975,-0.3570944,0.15892573,0.7137557,-0.18868501,-0.14391567,0.12550704,-0.51975983,-0.3583347
162,3545,-0.031060934,0.031115755,-0.04433897,0.8672428,-0.48364577,0.9128855,-0.38786224,0.4148413,0.007304698,0.2776655,-0.0057169944,-0.06229052,-0.17596142,0.0064427704,0.0063681025,-0.28910428
162,3557,0.115953624,-0.044365793,-0.09746249,0.5697495,-0.7610098,0.5488495,-0.9468832,0.04518745,-0.34984553,-0.09498307,0.43716252,0.16542035,0.12519948,-0.36863703,0.0942068,-0.56322604
162,3569,-0.06388814,-0.42646182,-0.033163995,-0.8941453,0.06773074,0.8128963,0.07350661,-1.0548418,0.80341923,0.45372218,-0.3545404,-0.8570429,-0.095233366,-0.01484476,0.39407915,0.14397442
162,3577,0.38302812,0.671367,-1.2081379,-0.00042348355,-0.24076942,0.0071130693,0.118901856,-0.2916417,0.08672039,-0.4575336,-0.34244597,0.08216807,-0.21490514,0.41710263,0.21536608,0.10106584
162,3582,-0.16021273,0.11541306,-0.13523379,0.7555721,-0.38386056,0.89107996,-0.11452797,0.53361976,0.1610373,0.40854895,-0.0057600737,-0.21121912,-0.35587582,0.14250861,-0.058994755,-0.23455562
162,3594,-0.26373303,0.02454342,0.055624023,0.6455925,-0.28495097,0.8703156,0.18138896,0.52052665,0.115214884,0.4168403,-0.019946784,-0.1378965,-0.26544055,0.111280754,-0.06182348,-0.10329513
162,3597,-0.37905493,0.09638879,-0.4357689,-0.43624943,0.15431884,-0.5175935,0.34357098,0.50907004,-0.21198922,0.24956118,0.6976831,-0.24185564,-0.20829657,0.13096952,-0.472813,-0.32452688
162,3600,0.37643188,0.58381,-0.965951,-0.01657401,-0.18992856,0.06476739,0.24744956,-0.3862507,0.038454577,-0.489201,-0.4137826,0.18149093,-0.0599671,0.34682143,0.31377757,0.22330473
162,3605,0.46427724,0.27052498,0.031043306,0.39549926,0.60092103,-0.25164732,-0.11518273,-0.17237285,-0.44042152,-0.20660628,-0.7622116,0.29352865,0.41168344,0.29042608,0.31101876,-0.0034021065
162,3624,-0.05547329,-0.43052894,-0.020682663,-0.8776949,0.09361104,0.7871776,0.04100865,-1.0421574,0.7803446,0.4624673,-0.35677898,-0.8564179,-0.08643625,-0.010213822,0.38604933,0.116081476
162,3634,-0.4075717,0.082891986,-0.4471014,-0.47211137,0.15825666,-0.5417215,0.34770602,0.528508,-0.21685687,0.28030604,0.7558015,-0.2681495,-0.22059542,0.13092695,-0.50518227,-0.35446668
162,3636,-0.21597588,0.03138347,0.05119945,0.703643,-0.30514246,0.88534945,0.10517399,0.50378704,0.10372165,0.39073944,-0.053994164,-0.1220206,-0.24270509,0.102560446,-0.043213956,-0.10466911
162,3642,-0.33886555,0.13111697,-0.52846736,-0.45317325,0.16525654,-0.58332723,0.23632076,0.4892702,-0.20879573,0.23345222,0.70692956,-0.27867264,-0.2481556,0.15649147,-0.4861289,-0.3861502
162,3651,0.36102968,0.6702254,-1.2567617,-0.039623193,-0.3005581,0.007383302,0.14043342,-0.3046204,0.083031744,-0.48721212,-0.27616906,0.10142604,-0.23106511,0.39895955,0.20356813,0.10367645
162,3658,-0.22454429,0.020995617,0.06917159,0.7563949,-0.33821842,0.9561896,0.08714031,0.52674794,0.1194464,0.42435378,-0.051296815,-0.136909,-0.25328735,0.09960934,-0.04181769,-0.11456923
162,3662,0.09845183,-0.23716581,0.00797914,-0.4760563,0.2780568,0.44320124,-0.06321433,-0.7512637,0.3862476,0.2820179,-0.47307557,-0.521538,0.05373093,0.08595489,0.3341139,0.016641304
162,3664,-0.371597,-0.021904752,0.10638465,0.42205298,-0.18151817,0.6681486,0.42502204,0.54907143,0.035200387,0.4160846,0.12426044,-0.09797634,-0.2037528,0.089475766,-0.13366611,-0.055202913
162,3669,0.4849898,0.25460616,0.10333334,0.44676733,0.6462958,-0.2769039,-0.15139678,-0.15337506,-0.47733998,-0.20050235,-0.7960838,0.31477028,0.45157915,0.281673,0.31153768,-0.0120808
162,3670,0.27155885,-0.15131432,1.1615077,0.40469873,0.8585926,-0.6573902,-0.2673608,0.12144386,-0.25392967,0.10515918,-0.3756706,0.4850616,0.47393763,-0.3363528,-0.039552208,0.2124312
162,3677,-0.026811041,-0.6322352,0.52102107,-0.55278254,0.73108435,-0.09545508,-0.7380998,-0.52175933,0.032167837,0.7135111,-0.09661829,-0.7612547,0.16646911,-0.011259288,0.009968499,-0.65117395
162,3691,-0.16227111,0.11339242,-0.13329063,0.73536235,-0.37019083,0.87153226,-0.099497885,0.52414346,0.1553154,0.40022153,-0.008144587,-0.20490815,-0.35022417,0.14264755,-0.060047075,-0.22873347
162,3701,-0.051620472,-0.420276,-0.021097884,-0.84491944,0.118340075,0.7315173,0.009783745,-0.99578536,0.73426366,0.45809937,-0.34192926,-0.83659124,-0.08348852,-0.0024728477,0.36104083,0.077967964
162,3704,0.3743458,0.6905686,-1.2789375,-0.025476106,-0.31238243,-0.0015106052,0.14460395,-0.29656246,0.077562764,-0.5063469,-0.28019285,0.118476346,-0.23317629,0.40649873,0.20564598,0.11293262
162,3705,-0.24144915,0.21424505,-0.4571708,-0.04266624,-0.05602175,-0.09216692,0.19350149,0.5049874,-0.053051487,0.21182604,0.4089272,-0.21090426,-0.28713405,0.17123166,-0.28499997,-0.25856087
162,3708,0.027599506,-0.47462642,0.3839957,-0.25061908,-1.173366,-0.0895331,-1.2759757,-0.60885453,-0.94684505,-0.7049802,1.2378497,0.6641322,0.8008561,-1.0908631,0.25813302,-0.6611937
162,3720,0.29356602,0.47880507,-0.8487697,-0.13425638,-0.23179695,0.09342991,0.33380127,-0.4619307,0.024022698,-0.5015818,-0.31769794,0.2111101,-0.006874755,0.25704074,0.3248261,0.26337296
162,3735,-0.17608199,-0.1410284,-0.31019905,-0.9846878,-0.66785,0.31203598,0.882746,-1.1351515,-0.011496961,-0.681199,0.33587635,0.4085101,0.32487518,-0.31018445,0.45263568,0.575861
162,3736,0.38773066,0.33620098,-0.18604425,0.121841624,0.11848703,0.039350122,0.39195,-0.433025,-0.22285378,-0.51028156,-0.63477147,0.46538162,0.36946687,0.17668837,0.4677771,0.42357945
162,3739,-0.15694699,-0.07624897,-0.47933692,-0.9718686,-0.6960379,0.29222345,0.8163544,-1.0885665,0.014781803,-0.67035717,0.3690194,0.35261995,0.2424511,-0.26370147,0.410915,0.50337625
162,3740,-0.017467925,-0.22981599,0.29385442,-0.263643,0.9203533,-0.69536245,-0.3917739,-0.1295639,-0.60726523,0.40534872,0.04001634,-0.20846944,0.34949133,0.15603584,-0.08704997,-0.63125145
162,3753,-0.21494722,-0.026089236,0.104904935,0.86779225,-0.40477797,1.1049781,-0.018099323,0.525411,0.13753268,0.47161758,-0.07158098,-0.14948817,-0.26414177,0.083916046,-0.03664846,-0.1645163
162,3755,0.27808723,-0.12988469,1.156692,0.42922565,0.8173847,-0.6344698,-0.24377936,0.14061145,-0.21159753,0.07476954,-0.38886082,0.51140976,0.44778076,-0.3497147,-0.04063645,0.26394054
162,3757,0.14882404,0.59459007,-1.090888,-0.027823456,-0.049405962,-0.4991054,-0.21477678,0.3665816,-0.05262459,-0.14830989,0.23309131,-0.22604872,-0.40803617,0.3576625,-0.17753084,-0.34751567
162,3759,0.040457647,-0.3139342,-0.0071908534,-0.67236054,0.15395659,0.6792633,0.05484435,-0.94254065,0.61556077,0.33812344,-0.47019774,-0.6609517,0.0007995106,0.037831105,0.4087242,0.14608726
162,3760,0.40151244,0.67616075,-1.1754913,0.032195404,-0.20416716,0.005469784,0.1117561,-0.28174427,0.081207186,-0.44776255,-0.38778293,0.08406529,-0.19773191,0.42763418,0.2261989,0.10739286
162,3768,-0.3698351,-0.024188519,0.113227144,0.39889476,-0.16377375,0.6364157,0.4453318,0.5384735,0.020948604,0.39906877,0.12206347,-0.08290194,-0.18686508,0.08590952,-0.13330719,-0.041282166
162,3770,-0.21274212,-0.17130831,-0.33039644,-1.0623071,-0.7240126,0.3253948,0.9083315,-1.1855925,-0.0026355833,-0.6965117,0.41014105,0.40552413,0.321635,-0.34292603,0.45048591,0.57650745
162,3772,0.08286051,-0.2159285,0.005964577,0.28676754,-1.0588489,0.42790186,-1.2475656,-0.25643727,-0.59357834,-0.28795862,0.8685185,0.32747144,0.370899,-0.7107247,0.15703657,-0.7513928
162,3798,0.39713717,0.6593184,-1.1159983,0.055258013,-0.15875456,-0.015172303,0.09564273,-0.25165918,0.062435806,-0.4268912,-0.40451297,0.082894385,-0.18337956,0.42409113,0.21605536,0.093921944
162,3807,0.5887978,0.4343722,-0.068830535,0.5073328,0.45825475,-0.13822803,0.10923003,-0.19411793,-0.39208186,-0.43185735,-0.9232966,0.49270636,0.45163593,0.30440074,0.44504866,0.27697626
162,3816,0.5490792,0.4295346,-0.12536064,0.43481985,0.39536667,-0.105992004,0.15270561,-0.22432283,-0.34592164,-0.43216944,-0.865298,0.46411252,0.41105497,0.29561,0.43740043,0.28921434
162,3833,0.15462688,-0.1942144,0.104606494,-0.2464076,0.597306,-0.0760416,-0.4001831,-0.46379948,-0.06998727,0.3006329,-0.35969287,-0.38592708,0.17873217,0.17096697,0.16293211,-0.3579554
162,3837,0.42782772,0.61673605,-0.7429745,0.19304347,-0.04839152,-0.23366508,0.3150495,-0.10722558,-0.14650074,-0.6312863,-0.38158792,0.44007236,0.0754036,0.25964022,0.21922664,0.37004977
162,3860,-0.43419555,-0.08150172,0.1980908,0.3208964,-0.120257765,0.5874459,0.5855653,0.5506636,-0.027956128,0.41480196,0.1792175,-0.04762742,-0.12867294,0.06066654,-0.16611941,0.00139568
162,3865,-0.14464948,0.13585147,-0.16946429,0.7779866,-0.4016566,0.9001846,-0.1613563,0.5412926,0.17670974,0.41163915,-0.0065989345,-0.22968443,-0.3787345,0.15085769,-0.056786627,-0.25469598
162,3872,0.08634529,-0.30926156,0.4315315,0.4158507,-0.7003486,0.29597813,-0.71378124,-0.04334621,-0.48207438,-0.35327846,0.37740993,0.43599445,0.44070688,-0.552835,0.1713845,-0.19524027
162,3876,-0.07381399,-0.3962894,-0.06843665,-0.9082485,0.016607508,0.8542163,0.15218416,-1.0661296,0.8338337,0.41685843,-0.35931626,-0.8347144,-0.10828981,-0.017447338,0.4096023,0.20980565
162,3883,0.4126957,0.53305614,-0.40631267,0.27185938,0.15505694,-0.41819096,0.40202153,0.034672007,-0.28402922,-0.6252881,-0.36882454,0.5755858,0.23863599,0.15315443,0.17132516,0.46132314
162,3885,0.5064221,0.29055962,0.038518712,0.42855427,0.60630906,-0.22723301,-0.106505305,-0.20284083,-0.44260058,-0.23071015,-0.825556,0.3237285,0.4428227,0.30003732,0.3533766,0.031865627
162,3902,-0.1326744,0.1506129,-0.18906921,0.74006623,-0.37934765,0.8367916,-0.15192017,0.53016007,0.16112825,0.3806734,-0.0028532296,-0.21695302,-0.36752778,0.1513495,-0.056664973,-0.24541776
162,3931,0.14129555,0.6028478,-1.1236708,-0.03615465,-0.06508088,-0.49856323,-0.23420033,0.381642,-0.039751202,-0.13173728,0.26039535,-0.2547838,-0.43339458,0.36597368,-0.18986133,-0.37423855
162,3940,0.06388328,0.5302788,-1.0269772,-0.10893691,-0.021059498,-0.53679115,-0.15346819,0.4144226,-0.07777234,-0.07196637,0.3521108,-0.2576639,-0.3960089,0.32773617,-0.24549755,-0.37445953
162,3966,0.42509535,0.6561537,-1.0495741,0.089926496,-0.12316981,-0.0022703707,0.118838556,-0.2707933,0.039543137,-0.44110036,-0.46619606,0.12355677,-0.12749179,0.42089167,0.2566025,0.13377143
162,3978,0.04354492,-0.23745957,0.2737869,-0.24055108,0.85423946,-0.5317051,-0.44243428,-0.21854156,-0.46852803,0.3894633,-0.08527498,-0.26814073,0.31270006,0.16689306,-0.021284057,-0.5829316
162,3984,-0.37112388,-0.024771273,0.1156611,0.39621726,-0.16206503,0.6320805,0.4509008,0.5403569,0.01808691,0.39850295,0.1250584,-0.080822915,-0.183504,0.08438008,-0.13422695,-0.038507212
162,3986,-0.07190255,-0.41890508,-0.051893473,-0.9217085,0.029876873,0.8628611,0.12638795,-1.0866641,0.84474957,0.4406271,-0.3627017,-0.8604862,-0.10481864,-0.02017045,0.41428828,0.19394249
162,4003,0.13341928,-0.2114692,0.8337116,0.118448876,0.94557655,-0.6825224,-0.2710134,0.008730486,-0.4900897,0.2657103,-0.17350695,0.21236691,0.49679333,-0.16524231,-0.054723896,-0.16689256
162,4019,-0.55622536,-0.19419324,0.31212974,0.058041945,0.015678138,0.36618316,0.8448502,0.5198858,-0.14389318,0.41277707,0.312568,0.017839707,-0.018132515,0.019295938,-0.261268,0.056521103
162,4035,0.3649174,0.6802796,-1.2622501,-0.029648937,-0.3090748,-0.0032325834,0.15003797,-0.29106784,0.07393722,-0.50248724,-0.27234703,0.12013313,-0.23063973,0.3991598,0.2007745,0.11355814
162,4037,0.15818512,-0.23548067,1.2404081,-0.22374277,-1.0237609,-1.4467964,-1.2659224,0.37654215,2.511101,-1.1036271,-0.016833007,0.08703959,-1.5849298,-0.5215404,-0.79238784,1.3707151
162,4038,-0.005758591,-0.49131274,0.27684438,-0.38786808,-1.2994354,-0.06161513,-1.4348371,-0.75278705,-1.013711,-0.692492,1.4664987,0.6422069,0.8048447,-1.2023754,0.24929978,-0.8723619
162,4039,-0.6789496,-0.257244,0.22966962,-0.37665045,0.19170293,-0.112113245,0.9970058,0.5207928,-0.28904268,0.40996385,0.6269235,-0.009162962,0.029761266,0.00086304545,-0.45414227,-0.013065204
162,4041,0.038035624,-0.23874494,0.5504294,-0.11125229,0.9730598,-0.7260597,-0.35504147,-0.06959346,-0.6012088,0.3747052,-0.0309961,-0.031427488,0.43896544,0.021650523,-0.08142149,-0.46743667
162,4044,0.13823855,0.11369515,-0.23300208,-0.4034023,-0.26350218,0.18884243,0.6498134,-0.8011195,-0.12255545,-0.6156835,-0.20269078,0.46520197,0.37588808,-0.060153604,0.49248746,0.5338395
162,4047,0.56069136,0.3854177,-0.029447109,0.48844507,0.49859717,-0.15239787,0.046550065,-0.18900028,-0.40068242,-0.36898872,-0.89854985,0.44075614,0.4419189,0.29726514,0.4147477,0.20391724
162,4050,-0.47991538,-0.041871578,-0.07162224,-0.2413938,0.10089541,-0.14372827,0.65309215,0.52537847,-0.19535464,0.3108129,0.53492826,-0.09361267,-0.09921256,0.07071655,-0.381006,-0.108921915
162,4052,-0.6553739,-0.4482488,0.86202,-0.32753807,0.23262906,-0.050836235,1.5225503,0.4492084,-0.26872146,0.21213059,0.36388224,0.3807845,0.3491537,-0.24506211,-0.21759948,0.61227137
162,4062,0.21847412,-0.1794818,1.0735987,0.30567008,0.90100706,-0.6789893,-0.25293607,0.09261124,-0.3443895,0.16574346,-0.2922299,0.40493602,0.49324244,-0.29569244,-0.05220525,0.09218971
162,4077,-0.18075076,-0.14593315,-0.31947517,-1.0057592,-0.6866702,0.32225114,0.8935987,-1.1582538,-0.006039545,-0.6894266,0.3493781,0.40998006,0.32711658,-0.31744596,0.45971045,0.5826611
162,4095,0.07053505,-0.22943181,0.22491826,-0.24954379,0.77697515,-0.39763644,-0.4281306,-0.28841075,-0.348816,0.36663687,-0.15689403,-0.30693448,0.26990753,0.16454178,0.02680518,-0.51911026
162,4098,0.05516829,-0.22686017,0.25686133,-0.2305979,0.8109125,-0.47026616,-0.41928068,-0.23375499,-0.41846853,0.36604673,-0.12078961,-0.26700664,0.29378214,0.16193177,-0.0021932963,-0.5388546
162,4102,-0.32608706,0.0090328455,0.07573162,0.44979772,-0.18546352,0.6572518,0.3709458,0.53027445,0.03885518,0.38082176,0.08330445,-0.08980328,-0.20375185,0.094503954,-0.110521615,-0.05187903
162,4108,-0.1527437,0.29211932,-0.5449911,0.028913438,-0.08965251,-0.08545221,0.07220499,0.4883144,-0.027423121,0.15492068,0.34287262,-0.21500011,-0.31162468,0.19208117,-0.23668839,-0.26929864
162,4111,-0.4309758,-0.08051053,0.19203739,0.3002569,-0.10757652,0.5600564,0.5884933,0.5386657,-0.035297364,0.4024487,0.17823641,-0.042263478,-0.12346107,0.061475158,-0.16848429,0.0026988573
162,4121,0.04427169,-0.22985849,0.26875788,-0.23246676,0.8346069,-0.5130609,-0.4223127,-0.21302009,-0.4552206,0.37485707,-0.09409283,-0.25745726,0.30572268,0.16305079,-0.01815127,-0.5601554
162,4124,-0.35291764,-0.1346466,0.41902077,-0.06648439,0.08282822,-0.035493866,0.95352507,0.44980407,-0.1419014,0.062542304,0.20776431,0.23694058,0.16101433,-0.11733377,-0.0959634,0.45787483
162,4129,0.14129555,0.6028478,-1.1236708,-0.036154654,-0.06508088,-0.49856323,-0.23420033,0.381642,-0.039751202,-0.13173728,0.26039535,-0.2547838,-0.43339458,0.36597368,-0.18986133,-0.37423855
162,4134,0.40597075,0.68424267,-1.1995423,0.026084576,-0.21893391,0.0112648755,0.11318811,-0.2927313,0.08752616,-0.45530212,-0.38421828,0.08354226,-0.20317467,0.4309614,0.2304083,0.10975686
162,4135,0.17028636,-0.21054822,0.9704907,0.19915104,0.9396454,-0.69393396,-0.2746379,0.047339164,-0.4215143,0.23382567,-0.21789661,0.29773724,0.49998766,-0.2377584,-0.05976087,-0.051287342
162,4137,0.08838898,0.22295824,-0.65406597,-0.5050518,-0.4319804,0.18418632,0.56266415,-0.74429154,0.00853391,-0.5811299,-0.0154761225,0.2902011,0.12078053,0.016752824,0.3705601,0.3789255
162,4142,-0.030584358,-0.43673915,0.019201025,-0.79604375,0.19699101,0.64323753,-0.097384006,-0.95084894,0.6581577,0.48716253,-0.33695006,-0.83650404,-0.05892953,0.009327635,0.33028308,-0.018363606
162,4152,-0.26799044,-0.027141958,0.1151316,0.8261432,-0.3794233,1.1180284,0.07379489,0.53986,0.16699588,0.5136931,-0.06489353,-0.17804478,-0.29555336,0.10461991,-0.050386056,-0.15140705
162,4153,0.07888059,-0.025881588,-0.09043628,0.6688502,-0.7134055,0.67259485,-0.83768964,0.1465991,-0.25439087,0.015408486,0.33854783,0.09606181,0.03631377,-0.2781288,0.07059583,-0.5196663
162,4175,0.14882404,0.59459007,-1.090888,-0.027823456,-0.049405962,-0.4991054,-0.21477678,0.3665816,-0.0526246,-0.14830989,0.23309131,-0.22604872,-0.40803617,0.3576625,-0.17753084,-0.34751567
162,4183,-0.65536284,-0.43762368,0.81469524,-0.3395555,0.23810354,-0.055125393,1.4820501,0.43504342,-0.2693513,0.22335999,0.36499327,0.35698056,0.3231094,-0.22272068,-0.23417547,0.5602864
162,4194,0.06754112,-0.29812413,0.0640323,0.056470655,-1.1579231,0.25438857,-1.3517087,-0.43774056,-0.74580586,-0.43704373,1.0860927,0.43956995,0.51958835,-0.8825495,0.1912718,-0.81640637
162,4198,-0.3719277,0.11505868,-0.5300726,-0.4824583,0.16217637,-0.58848786,0.24900518,0.51091266,-0.20732449,0.2677806,0.7602869,-0.3043028,-0.26045626,0.15371467,-0.5151189,-0.41016224
162,4205,-0.119448714,0.15023996,-0.18873522,0.720121,-0.36049834,0.8022812,-0.15054181,0.5058971,0.14629716,0.35406685,-0.018156916,-0.19922085,-0.34968248,0.14946093,-0.05259267,-0.23495932
162,4207,0.4613001,0.2517947,0.09653811,0.4309419,0.6045949,-0.24501535,-0.11266211,-0.1405875,-0.4452184,-0.20704955,-0.77893794,0.31429583,0.42433968,0.26418576,0.30153075,0.014628243
162,4208,0.3289217,-0.021706074,0.8971418,0.4404356,0.7204678,-0.5397246,-0.22059056,0.095940724,-0.2005322,-0.02610235,-0.49296808,0.469149,0.39167657,-0.19946757,0.028550321,0.24671413
162,4210,0.27155888,-0.15131432,1.1615077,0.40469873,0.8585926,-0.6573902,-0.2673608,0.12144386,-0.25392967,0.10515915,-0.3756706,0.4850616,0.47393763,-0.3363528,-0.039552208,0.2124312
162,4214,-0.26256388,0.017063648,0.070329234,0.7031624,-0.3195347,0.93448776,0.15164511,0.54064083,0.12554076,0.44157618,-0.01968643,-0.14763166,-0.26989946,0.10597914,-0.057806864,-0.11242443
162,4222,0.069841534,0.50037,-0.77438486,0.16227412,-0.14735836,-0.157549,-0.19326651,0.47213045,0.011120632,-0.007934257,0.21928383,-0.21648492,-0.35273927,0.23665753,-0.13368328,-0.2786728
162,4224,-0.21589875,-0.16251186,-0.37955844,-1.0756375,-0.7383679,0.32557708,0.8901342,-1.1809574,0.0121950805,-0.68781143,0.432328,0.3794337,0.29455084,-0.33575013,0.43663442,0.5531741
162,4240,-0.3698351,-0.024188504,0.113227144,0.39889476,-0.16377375,0.6364157,0.4453318,0.5384735,0.020948604,0.39906877,0.12206344,-0.082901955,-0.18686506,0.08590952,-0.13330719,-0.041282166
162,4249,-0.34656328,0.13452965,-0.4386586,-0.3858801,0.1332247,-0.50367486,0.35708177,0.5307368,-0.20751953,0.21754332,0.6630799,-0.21602865,-0.19342723,0.12781006,-0.4408363,-0.28079343
162,4269,0.43185264,0.62594783,-0.775002,0.18404922,-0.06592816,-0.22344302,0.31261483,-0.12141028,-0.1359596,-0.63535166,-0.37828112,0.43288898,0.06489983,0.26615015,0.22357905,0.36748242
162,4278,-0.24610394,0.034036234,0.033499762,0.69756186,-0.322043,0.91214556,0.115509756,0.5349339,0.12761745,0.43047404,-0.015913159,-0.15475358,-0.28212294,0.112267375,-0.059386224,-0.1307188
162,4282,-0.5939323,-0.23096633,0.36414897,0.009555105,0.043540172,0.33773065,0.9259213,0.5202836,-0.17274934,0.42146862,0.3424161,0.039659128,0.01661123,0.00388138,-0.28094265,0.08091698
162,4287,0.58959085,0.4161356,-0.030670136,0.5159615,0.47965503,-0.13575277,0.09301527,-0.1950117,-0.39895296,-0.4161638,-0.9380317,0.48925853,0.46418804,0.29809317,0.44622684,0.2692811
162,4292,-0.13436458,0.14485523,-0.15828973,0.7006034,-0.34528545,0.77835304,-0.086500764,0.52362144,0.12640744,0.3486452,-0.0011520833,-0.17780872,-0.32194293,0.13725533,-0.052557103,-0.201881
162,4295,0.017819118,-0.402449,0.10978584,-0.6157277,0.35876948,0.37823427,-0.24362093,-0.7634083,0.40363887,0.46472996,-0.32111618,-0.7052261,0.026202608,0.041690007,0.24918629,-0.17055486
162,4296,-0.31467345,0.15745722,-0.5706256,-0.43445128,0.15087804,-0.58027786,0.20146541,0.48391545,-0.19617593,0.21824898,0.688663,-0.2863691,-0.26680687,0.1712915,-0.47427335,-0.395887
162,4315,-0.1527437,0.29211932,-0.5449911,0.028913438,-0.08965251,-0.08545221,0.07220499,0.4883144,-0.027423121,0.15492068,0.34287262,-0.21500011,-0.31162468,0.19208117,-0.23668839,-0.26929864
162,4318,0.48108965,0.25170326,0.104268804,0.44126984,0.65597034,-0.29330564,-0.15822393,-0.15087444,-0.48736736,-0.19573145,-0.7843815,0.3117299,0.45488843,0.28263554,0.305315,-0.022545252
162,4330,-0.39786866,0.086628884,-0.4516374,-0.4643407,0.1574659,-0.53470635,0.33423635,0.51672494,-0.21230988,0.272272,0.737635,-0.2663514,-0.2236589,0.13442838,-0.49729386,-0.35476208
162,4342,-0.039221782,-0.35870594,-0.058511674,-0.82285976,0.05631522,0.7854283,0.12874788,-1.0082513,0.75326765,0.38058728,-0.38776544,-0.76512367,-0.07687587,0.0023486465,0.40181062,0.19058327
