window_id,vehicle_id,z_0,z_1,z_2,z_3,z_4,z_5,z_6,z_7,z_8,z_9,z_10,z_11,z_12,z_13,z_14,z_15
80,1368,-0.9399414,-0.6029341,-1.3913157,-0.21433988,-0.065956816,-0.5685145,-0.69360495,-0.3000089,0.70214355,0.03774269,-0.19585098,0.58449996,-0.7033735,0.048257723,0.69068843,0.9429107
80,885,-0.9399414,-0.6029341,-1.3913157,-0.21433988,-0.0659568,-0.56851447,-0.693605,-0.30000892,0.70214343,0.03774268,-0.19585092,0.58449996,-0.70337355,0.04825774,0.6906884,0.9429106
80,1514,0.049517356,-0.009473249,-0.7652786,0.2826989,-1.0558662,-0.32113293,0.30282497,0.15345263,-0.44789052,-0.1245517,0.022554927,-0.43821514,-0.06006664,0.7554914,-0.13725884,-0.043019123
80,2134,0.04951735,-0.009473234,-0.76527846,0.2826989,-1.0558662,-0.3211329,0.30282497,0.15345263,-0.4478907,-0.1245517,0.022554934,-0.43821508,-0.060066648,0.7554914,-0.13725884,-0.043019123
80,4042,-0.93994147,-0.6029342,-1.3913155,-0.21433988,-0.065956816,-0.56851447,-0.69360495,-0.30000892,0.70214343,0.03774268,-0.19585104,0.58449996,-0.7033736,0.04825771,0.6906885,0.94291055
80,392,0.04951735,-0.009473249,-0.76527846,0.28269887,-1.0558661,-0.3211329,0.30282497,0.15345263,-0.44789064,-0.1245517,0.022554927,-0.43821508,-0.060066648,0.7554914,-0.13725886,-0.04301911
80,696,0.049517356,-0.009473249,-0.76527846,0.2826989,-1.0558661,-0.3211329,0.30282497,0.15345263,-0.4478907,-0.1245517,0.022554927,-0.43821496,-0.06006664,0.7554914,-0.13725886,-0.04301911
80,3878,-0.84074324,-0.5238395,-1.4861298,0.08643731,-0.29413453,-0.4788134,-0.23190108,-0.2595366,0.41380078,0.045784988,0.12595336,0.65567285,-0.17010659,0.42204198,0.8991625,0.76005316
80,163,-0.8407433,-0.5238394,-1.4861298,0.08643731,-0.29413456,-0.47881347,-0.23190108,-0.2595366,0.41380078,0.045784988,0.12595336,0.6556728,-0.17010656,0.42204204,0.89916253,0.7600532
80,1298,-0.90986544,-0.5935994,-1.3346167,-0.21150857,-0.049206078,-0.54273975,-0.6776334,-0.29838064,0.70557564,0.030352078,-0.17291017,0.59452164,-0.6737891,0.034879863,0.6753445,0.92511827
80,2324,0.04951735,-0.009473249,-0.76527846,0.2826989,-1.0558661,-0.3211329,0.30282497,0.15345263,-0.44789064,-0.1245517,0.022554949,-0.43821502,-0.06006664,0.7554914,-0.13725886,-0.04301914
80,3511,0.049517356,-0.009473257,-0.7652786,0.2826989,-1.0558661,-0.32113293,0.30282494,0.15345263,-0.44789064,-0.1245517,0.022554934,-0.43821502,-0.060066648,0.7554914,-0.13725886,-0.04301911
80,82,0.04951735,-0.009473249,-0.76527846,0.2826989,-1.0558661,-0.3211329,0.30282494,0.15345263,-0.4478907,-0.1245517,0.022554941,-0.43821502,-0.06006664,0.7554914,-0.13725886,-0.04301911
80,992,0.049517356,-0.009473249,-0.76527846,0.28269884,-1.055866,-0.32113287,0.30282494,0.15345265,-0.44789064,-0.1245517,0.022554934,-0.43821514,-0.060066648,0.7554914,-0.13725886,-0.043019123
80,1345,0.04951735,-0.009473257,-0.7652786,0.28269887,-1.055866,-0.3211329,0.30282494,0.15345263,-0.44789064,-0.124551706,0.022554927,-0.43821502,-0.06006664,0.7554914,-0.13725886,-0.04301911
80,1669,-0.13413401,-0.22488381,-0.14817831,-0.120896,0.34726366,0.06510332,-0.3909159,-0.18501365,0.6912036,-0.084140845,0.29859716,0.7689038,-0.09527799,-0.29475737,0.41698423,0.5203084
80,218,-0.84074324,-0.5238394,-1.4861298,0.08643731,-0.29413456,-0.4788134,-0.23190108,-0.2595366,0.41380078,0.045784988,0.12595336,0.65567285,-0.17010659,0.42204192,0.8991624,0.7600532
80,1425,0.04951735,-0.009473249,-0.7652786,0.2826989,-1.0558661,-0.3211329,0.30282494,0.15345265,-0.44789052,-0.1245517,0.022554934,-0.43821496,-0.060066648,0.7554914,-0.13725886,-0.043019094
80,6,-0.35321826,-0.089356944,0.5029976,-0.25258845,0.5209129,-0.022180848,-0.10260943,-0.24791294,0.125853,0.1345208,-0.4283886,-0.0226205,0.08176273,-0.40284395,-0.15708086,-0.05167689
80,14,0.5523422,-0.438362,0.38419968,-0.24937403,-0.10716444,0.52995163,0.10843172,0.18502404,0.5142119,-0.45715693,0.51610124,0.3047821,0.10082643,0.013708249,-0.45507556,0.06617876
80,19,-0.19989654,0.004405059,1.0302798,0.3448363,0.25904244,-0.21894914,0.12737983,-0.38295946,0.37227654,-0.1517809,0.3345914,0.40349376,0.5983617,-0.4132627,-0.28478432,0.090559036
80,25,-0.2299787,0.4691893,0.23427802,1.0325694,-0.6571999,-0.95468277,0.28326225,-0.24796852,-0.35057592,-0.06828057,0.30385798,-0.09412055,0.56722486,0.28036007,-0.048122473,-0.009115711
80,27,0.47179,0.8487273,-0.4370763,0.10087817,0.414359,0.29209343,-0.11714555,0.3564798,-0.71042037,0.5035391,-0.1429405,-0.27111495,-0.1937097,-0.047258258,0.7482232,-0.34212744
80,45,0.49219188,-0.46218872,0.46119094,-0.23682094,-0.13766241,0.48608208,0.13601103,0.17741711,0.46549088,-0.4553602,0.46180922,0.21832633,0.13545658,0.019204319,-0.5627503,-0.0029574707
80,57,-0.24976312,-0.0072912574,0.16839221,-0.29069257,0.42212176,0.057309132,-0.028935514,-0.07169926,-0.19327985,0.27785707,-0.594211,-0.34962565,-0.10005198,-0.2211689,-0.09629734,-0.22610164
80,69,-0.7524497,-0.5321367,-1.3859696,0.06206032,-0.31773955,-0.4181301,-0.19809496,-0.22197035,0.4060657,0.009278566,0.14306483,0.6062045,-0.16188735,0.4228104,0.7908548,0.70533705
80,75,0.27288324,-0.025412172,-0.13809231,0.31993383,-0.9177015,-0.18008745,0.35878766,0.19152492,-0.32361817,-0.27253702,0.16858107,-0.43519557,0.084991515,0.5827404,-0.47276115,-0.17413577
80,76,-0.5632369,-0.34963018,0.7688906,-0.32590637,0.44143802,-0.08985775,-0.010620847,-0.3690355,0.1862,0.054282434,-0.55278385,-0.123742774,0.20215431,-0.41296503,-0.5171945,-0.102982245
80,97,-0.59149754,0.82490695,0.43801916,1.5890807,-0.52099115,-1.5329674,0.2461133,-0.5394946,-0.3973381,0.07599091,0.4096017,0.15222585,0.89901143,0.116471976,0.26683375,0.106208414
80,98,-0.9123108,-0.5018514,0.6404967,-0.39102337,0.32389495,-0.39161164,0.13804519,-0.51909137,0.038058586,0.19204482,-0.96365654,-0.5259028,0.06826689,-0.30266845,-0.6871892,-0.13864282
80,102,0.30984142,-0.24257708,-0.26891914,0.05198627,-0.8277738,0.071150765,0.30515912,0.25467047,-0.17122103,-0.30154902,0.1584789,-0.35099024,-0.05439254,0.56702125,-0.47791246,-0.10851773
80,104,-0.5115898,-0.24627501,0.1730319,-0.43639323,0.3379848,-0.06804671,0.048417293,-0.17226614,-0.22275265,0.3008077,-0.8886936,-0.6089585,-0.1739417,-0.17367543,-0.35372007,-0.27341273
80,115,0.4141456,0.7215688,-0.01609978,0.12754455,0.57900363,0.30768222,-0.16344303,0.21460335,-0.3407759,0.32093593,0.060086492,0.10000736,0.027504455,-0.24968225,0.6367333,-0.20161709
80,120,0.4960543,0.7160079,0.15952086,0.21994022,0.6221759,0.34742847,-0.19212247,0.19242314,-0.1417857,0.2188997,0.30550146,0.37981114,0.15528964,-0.32110253,0.6592025,-0.081022136
80,128,0.45663363,0.75176364,0.022163719,0.16732216,0.6025815,0.32498425,-0.17659077,0.21924742,-0.29993343,0.3046359,0.1373392,0.1837439,0.062408675,-0.27174562,0.6733333,-0.17341271
80,149,0.45828572,0.7268462,0.058969706,0.17710134,0.59962875,0.3255585,-0.18114816,0.20752822,-0.24838175,0.27503887,0.18179186,0.2378512,0.08455473,-0.28382137,0.6578055,-0.14133194
80,157,0.12488177,0.35178763,0.16016622,-0.050933108,0.5288788,0.20866498,-0.13671139,0.057535544,-0.143759,0.23551974,-0.13361757,0.044902086,0.020859677,-0.28749847,0.2920068,-0.13569993
80,168,0.49844614,0.72709256,0.17688139,0.22272512,0.6460396,0.3505179,-0.2044699,0.18634702,-0.12187396,0.2188575,0.31346893,0.4077242,0.16125555,-0.3409424,0.67506945,-0.07070882
80,179,0.039824046,-0.35423762,-0.039962217,-0.018843856,-0.29271397,0.05910571,0.09046849,0.030036932,0.23154373,-0.2486631,0.26653504,0.14019491,0.07841799,0.18702328,-0.24334088,0.11178832
80,180,0.5216773,-0.41919965,0.33308685,-0.24150997,-0.059967324,0.51364607,0.0709218,0.15653811,0.54597014,-0.4339533,0.52703494,0.37653458,0.08848271,-0.012024835,-0.35918948,0.12341307
80,182,-0.28692317,-0.1599813,0.8171623,-0.16729827,0.51385343,0.049325988,-0.060545847,-0.28420675,0.27293146,-0.007199049,-0.19928901,0.15723021,0.2997891,-0.45845693,-0.2883675,-0.04605823
80,184,-0.5475453,-0.27038288,0.17546906,-0.45296627,0.33313674,-0.08715881,0.06002272,-0.18741184,-0.23063017,0.31104475,-0.9331417,-0.6463593,-0.18299973,-0.16922218,-0.38170776,-0.28197336
80,188,-0.6447399,-0.39155376,0.7185471,-0.3725761,0.42732823,-0.14037207,0.00042837858,-0.39548674,0.15674764,0.09059877,-0.66889495,-0.21550594,0.14858827,-0.39371014,-0.5467291,-0.11043324
80,194,-0.32166743,-0.57994354,-1.0813774,-0.09809039,-0.45759374,-0.09271956,-0.058431473,-0.004796259,0.35385752,-0.14543784,0.19225903,0.36917377,-0.2078554,0.46875492,0.36498928,0.48593676
80,234,-0.01995937,-0.29760984,-0.34412524,-0.117730446,0.06696624,0.081882745,-0.28406674,-0.041311905,0.5866894,-0.17838867,0.31819758,0.591667,-0.167323,-0.08779793,0.26023543,0.49164146
80,247,-0.51182747,0.08317664,1.1987057,0.51731753,0.30964425,-0.5213135,0.14722538,-0.57992107,0.31093103,-0.057512455,0.2136859,0.36602288,0.725006,-0.50398755,-0.28863686,0.092914924
80,249,-0.3998272,-0.15036783,0.16817352,-0.37710378,0.36899775,-0.0132960975,0.014139347,-0.12805052,-0.20762156,0.28624195,-0.7604949,-0.49711466,-0.14436194,-0.19224171,-0.24837467,-0.25142786
80,259,0.04488495,0.014702141,0.78229654,-0.022552274,0.53375995,0.21990529,-0.086876735,-0.16345486,0.35604703,-0.08172031,0.18069309,0.42906106,0.3648899,-0.45330977,-0.05814555,0.028776623
80,269,0.3168003,-0.23728995,-0.30785164,0.074185155,-0.8961984,0.04971989,0.3290909,0.2660621,-0.20393895,-0.30708516,0.15543607,-0.38904256,-0.056890756,0.6174948,-0.49169013,-0.121356435
80,270,-0.3967744,-0.22419594,0.82898915,-0.22304973,0.5075511,-0.003707081,-0.048199225,-0.32600534,0.25110143,0.017398894,-0.33136868,0.06500715,0.27637988,-0.45923832,-0.36996692,-0.06913934
80,296,-0.77467436,-0.5436758,-1.4346498,0.06545853,-0.3311805,-0.43253726,-0.20183408,-0.22755814,0.41246212,0.012902595,0.14273481,0.6184217,-0.1694541,0.44018397,0.8190111,0.72391623
80,319,0.25739226,-0.14314064,-0.2009848,0.17341545,-0.8303791,-0.052327655,0.31218985,0.2046098,-0.22445874,-0.27433282,0.15906987,-0.35865462,0.020792447,0.5495095,-0.4555672,-0.124856524
80,321,-0.7454226,-0.5571111,-1.4497694,0.046081007,-0.35322034,-0.40549314,-0.19463465,-0.20596355,0.41195202,0.0022611022,0.14397441,0.60369724,-0.18818572,0.45707062,0.802824,0.718119
80,323,0.47769013,-0.34005797,-0.06453121,-0.06343151,-0.7743775,0.27142566,0.32236776,0.3373121,-0.07837625,-0.3929643,0.21311292,-0.3564921,-0.06894771,0.5125612,-0.66133934,-0.16838032
80,345,0.2550794,0.59540504,-0.15668404,-0.030444197,0.4759411,0.24875125,-0.10156084,0.19932921,-0.4987899,0.37980226,-0.23380686,-0.23448111,-0.101881914,-0.15284653,0.48282927,-0.3149411
80,347,0.26347074,-0.020797275,0.26191843,-0.02785892,0.43348807,0.32855397,-0.24206915,-0.075182475,0.6227166,-0.15151173,0.5426174,0.8173969,0.14846706,-0.35811037,0.3257817,0.3566476
80,368,-0.038566694,0.19815628,0.16471021,-0.1551232,0.4847878,0.1429771,-0.08807462,0.0015365593,-0.16922642,0.25707343,-0.3380419,-0.1313016,-0.03129603,-0.2584318,0.12379465,-0.17890307
80,370,0.14074817,0.5086764,-0.33208212,-0.14917263,0.37875497,0.1921989,-0.07790507,0.1990944,-0.621527,0.44511637,-0.46105558,-0.4829396,-0.24529314,-0.06808632,0.40493307,-0.3689716
80,377,0.31994605,-0.19089836,0.039905027,-0.08752985,0.09859336,0.31700185,-0.1270552,0.05829615,0.53415436,-0.26428044,0.500484,0.5759373,0.026296273,-0.12510994,0.0809573,0.32069987
80,384,0.24991535,0.603596,-0.17595586,-0.04022961,0.4775226,0.24741387,-0.10065744,0.20297375,-0.5214882,0.39547446,-0.26139718,-0.26336104,-0.116290085,-0.14743344,0.48875302,-0.32869703
80,391,-0.6268341,0.11587955,1.2288754,0.57801473,0.3248797,-0.6325469,0.14402232,-0.6497816,0.28717703,-0.018368073,0.1714798,0.35916182,0.75909716,-0.5316881,-0.26779756,0.10324831
80,395,0.23934792,0.6384663,-0.40319386,-0.0904339,0.38507402,0.22824594,-0.0660327,0.26528656,-0.73324025,0.49933508,-0.43097752,-0.51655567,-0.24886137,-0.033783853,0.5096024,-0.42464435
80,400,-0.27520698,-0.28794688,-0.30972752,-0.1397706,0.29140624,-0.040585257,-0.43346465,-0.21280998,0.68831176,-0.06404491,0.20860529,0.7258839,-0.17958817,-0.25076604,0.43698233,0.5724584
80,414,-0.6609924,-0.46928698,-0.84421194,-0.1894069,0.12890628,-0.33366713,-0.5812311,-0.28683808,0.7223316,-0.009141929,-0.01400812,0.6634973,-0.44529256,-0.11701262,0.5619131,0.7707314
80,424,-0.89815193,-0.58510286,-1.2942213,-0.21427536,-0.029808015,-0.5304623,-0.67607546,-0.30219966,0.7104241,0.02949851,-0.16802998,0.5973868,-0.6606559,0.016506508,0.66534245,0.9139946
80,428,-0.7926778,-0.5403571,-1.4662089,0.066442706,-0.32349104,-0.44200456,-0.21299407,-0.23280446,0.41284627,0.023746729,0.13521422,0.6294422,-0.17851585,0.43918386,0.8498904,0.7384793
80,432,0.44135675,0.8388165,-0.57144225,0.053627893,0.35150817,0.26975736,-0.1023211,0.38024268,-0.8127957,0.5552648,-0.2566045,-0.41944975,-0.28392085,0.016193658,0.7400263,-0.38272673
80,454,0.25762948,-0.45958537,0.26842362,-0.16745228,-0.19400644,0.2993021,0.10948119,0.10262833,0.391094,-0.36402088,0.36906487,0.19039707,0.11227364,0.07863751,-0.46368694,0.0462291
80,455,0.25116727,-0.5623174,-0.4953046,-0.25944692,-0.5749791,0.31160805,0.13651499,0.25167337,0.23422448,-0.3367145,0.244126,0.023318484,-0.20031562,0.45361587,-0.26024058,0.13946581
80,457,0.4986172,-0.34501398,-0.024693549,-0.047574792,-0.7997717,0.27255744,0.34222353,0.34353763,-0.07653038,-0.41114458,0.22997524,-0.37045527,-0.04934746,0.5235431,-0.70330596,-0.18736458
80,458,-0.2111693,0.35305417,-0.48854217,0.9027214,-1.1201731,-0.9236942,0.36824667,-0.09723094,-0.5602634,-0.049532183,0.16090162,-0.3398341,0.31172094,0.70629275,0.017937891,-0.01078967
80,464,0.23185085,-0.40012038,0.12141098,-0.090235285,-0.35588366,0.20667613,0.15769711,0.12076423,0.24224305,-0.33295944,0.31165022,0.05627805,0.075791396,0.20520023,-0.4521869,0.018103905
80,478,-0.976823,-0.7210175,0.2106157,-0.6916996,0.16981873,-0.28379935,0.19357714,-0.35301775,-0.22603945,0.31373248,-1.3776946,-1.029986,-0.29288787,-0.08293801,-0.85063386,-0.3284449
80,489,-0.51128864,0.06782845,1.1314565,0.50081116,0.28992692,-0.5205199,0.13101593,-0.57140535,0.31859282,-0.059138037,0.21549574,0.37570655,0.69294524,-0.48234996,-0.2619105,0.113902085
80,503,-0.6392171,-0.4919865,-1.137543,0.081263565,-0.3185662,-0.37199658,-0.14668001,-0.19435427,0.3743927,-0.032759108,0.17027086,0.5287746,-0.09820818,0.38308594,0.6130044,0.6002603
80,504,0.16589458,0.39810526,0.32017088,0.0010660961,0.6761659,0.22012979,-0.26816982,-0.014178025,0.1394625,0.13418612,0.09082703,0.4198739,0.106354356,-0.45790407,0.4220285,0.04953443
80,506,-0.07917567,0.16013725,0.46469125,-0.12725645,0.6335307,0.12373455,-0.20133324,-0.13385038,0.16505471,0.11887974,-0.14528234,0.24400857,0.12211114,-0.45934427,0.13538328,-0.0017053112
80,507,0.47769016,-0.34005797,-0.06453124,-0.06343151,-0.77437764,0.27142566,0.32236782,0.33731213,-0.07837623,-0.39296427,0.21311292,-0.3564921,-0.068947725,0.5125612,-0.6613394,-0.16838032
80,522,0.6758394,-0.11259982,0.47816458,-0.07052576,0.10702371,0.5648088,0.05805909,0.16692434,0.4761492,-0.372122,0.67834437,0.52004874,0.23501205,-0.15129587,-0.17554794,0.11656319
80,530,-0.9866228,-0.72558296,0.20821825,-0.70476675,0.1731559,-0.28229475,0.19461852,-0.35307586,-0.23774461,0.32109547,-1.402688,-1.05085,-0.29888737,-0.0820841,-0.8593643,-0.34156656
80,539,0.25739226,-0.14314064,-0.20098484,0.17341545,-0.8303791,-0.05232767,0.31218982,0.20460981,-0.22445877,-0.2743328,0.15906987,-0.35865468,0.020792454,0.5495095,-0.45556718,-0.12485654
80,542,-0.1651893,-0.092688695,0.8121847,-0.104912184,0.51914406,0.1079672,-0.063811526,-0.2401417,0.3002972,-0.035260767,-0.05476296,0.25510976,0.33192202,-0.45453814,-0.20721945,-0.022667125
80,556,0.27751905,0.676341,-0.4232122,-0.06295513,0.38084745,0.23949268,-0.06457989,0.28700674,-0.7557648,0.5081518,-0.40035492,-0.5073386,-0.24552903,-0.022886291,0.5441066,-0.42942798
80,558,-0.5776493,-0.3577637,0.7777177,-0.33591554,0.44674295,-0.093581,-0.009573773,-0.3757264,0.18531524,0.058519058,-0.573501,-0.13546626,0.20137647,-0.4168903,-0.528735,-0.10901638
80,567,-0.5914974,0.82490695,0.43801913,1.5890807,-0.5209912,-1.5329674,0.2461133,-0.53949463,-0.3973381,0.07599092,0.4096017,0.15222584,0.8990114,0.116472036,0.26683378,0.106208414
80,571,-0.21752127,0.043054536,0.25979283,-0.25644433,0.5193324,0.055596918,-0.14377852,-0.12548305,0.0035788417,0.20663914,-0.42136186,-0.07221536,-0.05003669,-0.3493033,0.019129284,-0.07845006
80,574,-0.307509,-0.17139937,0.8300196,-0.17833486,0.51855105,0.041891716,-0.05730315,-0.29426005,0.2715578,-0.002466008,-0.22529687,0.14164609,0.30077526,-0.4627987,-0.30556333,-0.053102173
80,588,0.4741613,-0.31950182,0.04158236,-0.0037617087,-0.774158,0.2355771,0.34251103,0.31484494,-0.071198,-0.40514258,0.24230506,-0.35271835,-0.003915608,0.49429497,-0.70716876,-0.19165114
80,594,0.18820192,0.39328843,0.3943506,0.032650664,0.6932594,0.23286211,-0.27372932,-0.026195198,0.20620662,0.09018364,0.17336085,0.5112083,0.1618084,-0.48248324,0.42033815,0.07799624
80,629,0.3935768,0.8482866,-0.6456126,-0.010405809,0.3549143,0.25944152,-0.08982543,0.38551322,-0.9113102,0.6172521,-0.4069075,-0.57208806,-0.3489216,0.04094644,0.73367375,-0.45453864
80,632,0.44135678,0.83881676,-0.57144225,0.053627893,0.3515082,0.26975736,-0.1023211,0.38024262,-0.81279564,0.5552648,-0.2566045,-0.41944963,-0.2839209,0.016193658,0.74002635,-0.38272673
80,639,-0.51799476,-0.39902073,-0.62659657,-0.17108473,0.18257263,-0.22662038,-0.51323766,-0.25558546,0.6855969,-0.029441118,0.05571405,0.6580495,-0.33983034,-0.16351645,0.488841,0.67760944
80,641,-0.8256926,-0.5717165,-1.2347572,-0.19902131,-0.037407815,-0.4842673,-0.64331055,-0.2781642,0.71356237,0.0031374246,-0.11416869,0.61036325,-0.6197791,0.01994823,0.6364605,0.8916704
80,659,0.4564394,0.73370916,0.046401113,0.17259836,0.59969866,0.32504135,-0.1788232,0.21117327,-0.26650977,0.2849632,0.1650253,0.21730185,0.076718,-0.27899432,0.6611229,-0.15300414
80,671,0.1906627,0.54405046,-0.22589189,-0.09209592,0.4393833,0.2187899,-0.09852943,0.18890281,-0.53376985,0.40437308,-0.34017563,-0.33397496,-0.1681439,-0.1254102,0.44245523,-0.32724324
80,672,-0.21752125,0.043054566,0.25979283,-0.2564443,0.51933235,0.05559692,-0.14377852,-0.12548305,0.0035788417,0.20663917,-0.42136168,-0.07221536,-0.050036684,-0.34930333,0.019129276,-0.07845005
80,676,-0.14636245,-0.08193229,0.819453,-0.09668999,0.5271901,0.119954966,-0.06602335,-0.23632596,0.31055188,-0.039417706,-0.032034084,0.27599865,0.34043705,-0.45926568,-0.1926806,-0.01851923
80,691,-0.4337871,-0.4328789,-0.78645325,-0.15663137,0.022148237,-0.20671731,-0.46436182,-0.16565298,0.6463882,-0.08177823,0.09665939,0.6005385,-0.39018178,-0.03804785,0.45229352,0.69026065
80,698,0.4726288,0.10229498,0.37441668,0.038421333,0.4206554,0.44177815,-0.16670188,0.013381245,0.5387863,-0.1857093,0.651359,0.80354416,0.23770106,-0.3412919,0.2953972,0.28594434
80,699,0.47020864,-0.34588838,0.05879213,-0.06544492,-0.68055457,0.28486517,0.30118132,0.3081868,-0.013605103,-0.39921412,0.24382652,-0.29162097,-0.019783378,0.43083045,-0.67794067,-0.16600236
80,700,0.4030841,0.79705346,-0.5740373,0.022479497,0.3354181,0.2573512,-0.09205688,0.36694056,-0.81616455,0.5510347,-0.3015796,-0.46188003,-0.2967012,0.02497831,0.695739,-0.39292294
80,701,0.47179,0.8487273,-0.4370763,0.10087816,0.414359,0.2920934,-0.11714555,0.35647976,-0.71042037,0.5035391,-0.14294054,-0.27111495,-0.1937097,-0.047258243,0.7482231,-0.34212747
80,707,0.17258872,0.5375256,-0.2549679,-0.11274083,0.43169147,0.21092674,-0.09765126,0.18891944,-0.55598146,0.41998687,-0.38241196,-0.3751824,-0.19344276,-0.11567134,0.4373476,-0.33836034
80,709,0.662391,-0.08409575,0.44478875,-0.06125426,0.13228947,0.5535356,0.03531678,0.15774156,0.47364652,-0.34958655,0.6764451,0.545392,0.22401565,-0.16498026,-0.11774297,0.13832374
80,711,-0.544703,-0.22480507,0.5401181,-0.29964566,0.4534954,-0.15331161,-0.021807216,-0.34083208,0.08913008,0.15844718,-0.616834,-0.20091052,0.07113258,-0.3678487,-0.33063114,-0.08182029
80,715,0.029062813,0.23854531,0.43846115,-0.0690877,0.6414981,0.17227326,-0.22503453,-0.08752005,0.17628062,0.09736214,-0.01486668,0.34001386,0.14063795,-0.46165374,0.22915304,0.023749247
80,720,0.54002136,-0.4305024,0.35552236,-0.24798778,-0.09103039,0.5230326,0.092834614,0.17549966,0.52343476,-0.44636914,0.51753557,0.3301241,0.09105456,0.006479174,-0.4144732,0.08991593
80,731,0.17746562,0.52548194,-0.2285068,-0.10132114,0.4294526,0.21239278,-0.097040385,0.18365099,-0.52877325,0.4000953,-0.34946173,-0.34161538,-0.1737459,-0.121932305,0.42666823,-0.32325777
80,735,0.2828283,0.62391084,-0.14344165,-0.006507911,0.49143627,0.2598243,-0.10688196,0.20687813,-0.4920243,0.37868395,-0.19777705,-0.19941942,-0.084804304,-0.16224004,0.51041603,-0.30952853
80,753,-0.9202912,-0.59819424,-1.3398497,-0.21723762,-0.037949845,-0.54604375,-0.69152296,-0.30722532,0.72516215,0.031890146,-0.17430337,0.60876054,-0.6815213,0.02414377,0.68802696,0.93646663
80,754,0.49583572,-0.08893241,0.6097594,0.020214275,0.14004385,0.40228584,0.07839059,0.04757683,0.4626673,-0.32961267,0.61341345,0.5011843,0.31990662,-0.20910272,-0.2033127,0.11219087
80,755,0.5047621,-0.4422531,0.44596216,-0.23567367,-0.10984963,0.49450168,0.121535905,0.1717669,0.4791531,-0.44925267,0.47558063,0.25213578,0.12928227,0.0034525096,-0.5163822,0.021605678
80,756,-0.13413401,-0.2248838,-0.14817831,-0.120896,0.34726366,0.06510332,-0.3909159,-0.18501364,0.69120365,-0.084140845,0.29859716,0.76890373,-0.09527799,-0.29475737,0.41698426,0.5203083
80,759,0.27288324,-0.02541218,-0.13809234,0.31993383,-0.9177015,-0.18008745,0.35878766,0.19152492,-0.32361817,-0.27253702,0.16858107,-0.43519562,0.08499152,0.5827404,-0.47276115,-0.17413574
80,764,-0.06108816,-0.19080234,-0.060415357,-0.108094215,0.37132153,0.11811167,-0.36357406,-0.1689591,0.68597066,-0.09711311,0.3447932,0.78238755,-0.04748117,-0.31378937,0.39789018,0.4887945
80,766,0.5314411,-0.50864136,-0.077583134,-0.344516,-0.37671,0.5286943,0.13728347,0.2908132,0.36334103,-0.41461673,0.38193148,0.10625677,-0.14245161,0.2531811,-0.41176844,0.08308597
80,769,0.51405543,0.15486842,0.50743437,0.07539552,0.44567034,0.46765935,-0.124811366,0.027663799,0.48943,-0.1944475,0.663326,0.76739156,0.31505945,-0.36111552,0.24296254,0.2148372
80,770,-0.44149175,-0.14910513,0.52043295,-0.2777341,0.49708295,-0.07995445,-0.070350446,-0.2911137,0.11226509,0.14805895,-0.5171085,-0.10026972,0.07498806,-0.39123535,-0.23158288,-0.06421975
80,772,0.33567947,-0.46166676,0.41447598,-0.17247048,-0.17574129,0.35392663,0.13516688,0.12424899,0.41001135,-0.4078144,0.4037254,0.17875117,0.15948585,0.048579335,-0.55677015,-0.0060476065
80,782,0.21503597,0.44402218,0.38520998,0.046752915,0.73097646,0.24585262,-0.29348117,-0.016465679,0.2048972,0.10812942,0.18574768,0.5398372,0.15854564,-0.50097495,0.47860944,0.08074239
80,806,-0.5500152,0.77662295,0.32737154,1.5102808,-0.58615506,-1.4654454,0.2582907,-0.48933816,-0.42317706,0.06581619,0.37628525,0.09388394,0.8310949,0.1821711,0.24453396,0.090721786
80,809,0.53181577,0.17776321,0.56410813,0.090861894,0.4530894,0.47785777,-0.10422373,0.03571681,0.46220642,-0.19808203,0.6651046,0.7449196,0.34752634,-0.36724827,0.21562299,0.18088233
80,814,0.2141249,0.42682683,0.34748948,0.043061428,0.69473106,0.24082908,-0.2830905,-0.005914282,0.18561167,0.10718913,0.1796965,0.51214486,0.13980804,-0.47444347,0.4631974,0.080567434
80,817,-0.802867,-0.5592932,-1.1910784,-0.19510618,-0.0294258,-0.46761316,-0.62750953,-0.27321324,0.7013167,0.00016962737,-0.10467921,0.60244614,-0.5979319,0.012979493,0.6168099,0.87043506
80,822,0.29027736,-0.066827536,-0.13375476,0.26262528,-0.88347054,-0.11857981,0.34668067,0.2065878,-0.29063123,-0.2816881,0.1667983,-0.41956514,0.060053594,0.5658586,-0.48930544,-0.17006537
80,830,-0.53258204,-0.3162463,0.8114406,-0.29735282,0.472435,-0.07537774,-0.022099383,-0.36988118,0.20830601,0.0472352,-0.5029002,-0.07240276,0.23242128,-0.43927494,-0.4838791,-0.096377544
80,831,-0.45735067,0.71011627,0.43123606,1.4195117,-0.5627808,-1.3431165,0.267557,-0.44660464,-0.36988306,0.013095625,0.39243382,0.06934826,0.81337637,0.15846545,0.13134176,0.058033157
80,835,0.2971653,0.67774844,-0.4056786,-0.040253237,0.37587482,0.24432215,-0.06494715,0.28978696,-0.73437774,0.49112824,-0.35334855,-0.46667027,-0.22546652,-0.025234804,0.5476514,-0.4125383
80,841,0.42482483,-0.36229587,0.35601056,-0.18112014,-0.0057837963,0.42676356,0.04965257,0.091026306,0.5311457,-0.38576606,0.5025385,0.4071667,0.12347089,-0.0616955,-0.29421702,0.14668407
80,842,0.5465887,-0.4328115,0.36137885,-0.24939281,-0.097274244,0.5269031,0.097845666,0.17997302,0.52031827,-0.4500815,0.51783204,0.3220456,0.09224479,0.010192588,-0.42599985,0.08331923
80,850,0.5280073,-0.5163388,-0.077590555,-0.33989522,-0.39205658,0.5227201,0.1445114,0.2904827,0.3620509,-0.41931885,0.38401455,0.09980612,-0.13748434,0.26424637,-0.42342252,0.078961186
80,853,0.434757,-0.29167718,0.08171145,0.0057732835,-0.69235903,0.21589582,0.31072828,0.2812902,-0.054772705,-0.37948117,0.23651789,-0.3078059,0.016495917,0.43134466,-0.6646051,-0.17422992
80,857,0.49409437,0.7218411,0.17938265,0.22009337,0.64727145,0.34862867,-0.20751601,0.18282567,-0.11357005,0.21643105,0.31307703,0.41316417,0.16000599,-0.34439555,0.6730356,-0.06503127
80,863,0.35795957,0.78699464,-0.61227906,-0.028114181,0.33954138,0.24564901,-0.08758532,0.36060208,-0.8634602,0.58481276,-0.40429848,-0.5548746,-0.339708,0.034127638,0.6797447,-0.43079603
80,864,0.43773416,0.7886562,-0.3902569,0.08603277,0.40501174,0.28080523,-0.11349529,0.32962748,-0.6583858,0.4676943,-0.13405709,-0.24707486,-0.17512923,-0.058505088,0.6923438,-0.32002762
80,874,0.27751905,0.676341,-0.4232122,-0.06295514,0.38084745,0.23949268,-0.06457989,0.2870067,-0.7557648,0.5081518,-0.40035492,-0.50733864,-0.24552903,-0.022886291,0.5441067,-0.42942798
80,888,0.20581065,0.5521048,-0.20933583,-0.076310225,0.44509166,0.22473106,-0.1006856,0.19045132,-0.5191925,0.39505792,-0.30945492,-0.30381942,-0.15243757,-0.13205324,0.45070875,-0.31834942
80,889,0.31247142,-0.46982282,0.37745184,-0.16833523,-0.18797141,0.3360733,0.13213804,0.11653022,0.4118116,-0.4012832,0.4013366,0.18521936,0.15292616,0.06258026,-0.53850436,0.009094827
80,923,0.5041529,0.142914,0.47641632,0.0670724,0.44188765,0.46184173,-0.13619201,0.023350576,0.5037068,-0.19210383,0.6618879,0.7793025,0.29722416,-0.35783252,0.2581353,0.23303235
80,926,0.29027736,-0.066827536,-0.13375476,0.26262528,-0.88347054,-0.11857983,0.3466807,0.2065878,-0.29063123,-0.2816881,0.1667983,-0.41956508,0.060053594,0.5658586,-0.48930544,-0.17006534
80,927,-0.20915547,0.45614624,0.2088553,1.0226787,-0.6984278,-0.94132024,0.29850546,-0.22903103,-0.36454207,-0.078957886,0.30023837,-0.12314515,0.55279595,0.31350365,-0.070677176,-0.021517798
80,935,0.3697567,0.6885706,-0.0689581,0.081479274,0.5452191,0.28963912,-0.14603768,0.21357071,-0.39408666,0.34267902,-0.029040754,-0.0031422526,-0.016721137,-0.21742125,0.59681594,-0.23523703
80,942,0.16447052,-0.06323877,0.7819114,0.14836916,0.19571847,0.122032724,0.09368353,-0.14498523,0.41660893,-0.24498925,0.46330333,0.44052702,0.42866394,-0.29737055,-0.24524018,0.098256044
80,948,0.3826977,0.7652629,-0.40395495,0.02910906,0.4071101,0.2724117,-0.088362314,0.31958482,-0.72061044,0.49510238,-0.2502249,-0.36806613,-0.19919467,-0.042919025,0.644085,-0.38534504
80,952,0.29280168,-0.06310962,-0.13491085,0.26580605,-0.88852715,-0.1210879,0.34851098,0.20813227,-0.29553658,-0.28177872,0.16591033,-0.42446423,0.059830695,0.5688355,-0.4902203,-0.17236483
80,982,-0.7863248,-0.43378407,0.6994083,-0.34897467,0.36634773,-0.29459733,0.09102806,-0.47145924,0.08781719,0.13939005,-0.80677545,-0.37552327,0.13332194,-0.34536642,-0.62125045,-0.12564763
80,983,0.36797118,-0.45385754,0.44334117,-0.17791077,-0.16510671,0.37672454,0.13839069,0.13403207,0.41433978,-0.41754338,0.41384834,0.17980856,0.16328958,0.03765987,-0.5676592,-0.014565825
80,986,-0.2635577,-0.14613847,0.82579017,-0.15690139,0.5226153,0.0636259,-0.062419474,-0.2787905,0.28325278,-0.01206281,-0.1723478,0.18066007,0.31004298,-0.46343583,-0.2717262,-0.042061232
80,991,0.31243783,-0.45674026,0.37564766,-0.16943124,-0.17579156,0.3370609,0.12579232,0.11734488,0.4021082,-0.39319038,0.3920279,0.18216202,0.14699721,0.053550243,-0.5281688,0.008607067
80,994,-0.61429167,-0.28817832,0.5492672,-0.32105592,0.41281307,-0.19820145,0.014020607,-0.3706169,0.07096887,0.16109496,-0.6854487,-0.2769705,0.06563119,-0.34513736,-0.41072765,-0.09616948
80,996,0.30816013,-0.23303676,-0.30181715,0.07010364,-0.87157226,0.049999528,0.318522,0.25912848,-0.1973732,-0.30025753,0.15275064,-0.3756529,-0.05613569,0.59974885,-0.4783082,-0.1150988
80,1003,-0.6426724,0.118670255,1.2533184,0.5903958,0.32925302,-0.64836895,0.149385,-0.6645191,0.29082417,-0.016666502,0.17032379,0.36178493,0.7743592,-0.5401807,-0.27366647,0.103082746
80,1010,0.5376778,-0.5274684,-0.085582525,-0.36165828,-0.36992788,0.54507303,0.13115668,0.29262704,0.39042813,-0.4206398,0.39312625,0.12876682,-0.14951244,0.24925253,-0.40544257,0.09710321
80,1016,-0.66084075,0.9159188,0.6226121,1.7650764,-0.46563834,-1.6816938,0.2529049,-0.62508935,-0.3726067,0.08258746,0.4795022,0.22921368,1.0321409,0.040490463,0.28450924,0.12270884
80,1021,0.13707456,0.49460292,-0.3231636,-0.14833172,0.37215436,0.18970135,-0.07720537,0.19469897,-0.6071458,0.43427762,-0.45052952,-0.4716016,-0.24017084,-0.06870416,0.39326894,-0.35975724
80,1025,0.32533738,0.010266751,0.28269798,-0.011247069,0.43444943,0.36377877,-0.22903696,-0.052822143,0.6175701,-0.16209167,0.5845494,0.83439434,0.16894534,-0.3561725,0.33317828,0.35065088
80,1036,0.49539414,-0.3399911,-0.009747222,-0.02807539,-0.8128772,0.2577427,0.35140264,0.33854008,-0.08059427,-0.41417038,0.23628658,-0.37527996,-0.034392513,0.52968967,-0.71429485,-0.19312102
80,1040,-0.1651893,-0.092688695,0.8121847,-0.104912184,0.5191441,0.1079672,-0.063811526,-0.24014169,0.3002972,-0.03526077,-0.05476302,0.25510976,0.33192202,-0.45453814,-0.20721942,-0.022667125
80,1049,0.36982054,0.6797254,-0.053692013,0.08600547,0.5456338,0.2891874,-0.14842516,0.208528,-0.374007,0.3311429,-0.011754796,0.019022837,-0.007474251,-0.22353642,0.5912341,-0.22301522
80,1054,0.096467584,0.32441223,0.43381563,-0.027974125,0.69233954,0.201074,-0.25607112,-0.066640355,0.1899808,0.10633866,0.053154446,0.42019597,0.15437326,-0.4887429,0.32940573,0.04180203
80,1066,0.3224472,0.6417779,-0.10077977,0.037762374,0.5095531,0.27212107,-0.12464237,0.20689888,-0.43205494,0.35076052,-0.10467745,-0.09392701,-0.047123566,-0.18793584,0.5413524,-0.26471978
80,1075,0.30766127,0.69272524,-0.550421,-0.049303822,0.3170762,0.2263853,-0.08321454,0.32173377,-0.78320247,0.5292657,-0.38701427,-0.516689,-0.31654105,0.02130258,0.5956084,-0.3913633
80,1084,-0.7112897,-0.49572963,-0.93415344,-0.1958864,0.10251948,-0.3728305,-0.6047612,-0.29414818,0.7311439,-0.0020073429,-0.04121974,0.6607537,-0.48860148,-0.09444586,0.58869505,0.80541265
80,1095,0.21772638,0.5454862,-0.17571655,-0.058565013,0.4459559,0.22982875,-0.09918417,0.18681566,-0.49003828,0.372377,-0.26599646,-0.26202548,-0.12551036,-0.14022245,0.44318825,-0.30377078
80,1100,-0.93129885,-0.6444007,0.1908377,-0.67789394,0.20326081,-0.26073554,0.17403987,-0.33157516,-0.26025498,0.3382975,-1.36481,-1.021318,-0.29216826,-0.095097266,-0.77934426,-0.34709844
80,1111,-0.57764935,-0.3577637,0.7777177,-0.3359155,0.44674295,-0.093581,-0.009573773,-0.3757264,0.18531524,0.058519043,-0.5735011,-0.13546629,0.20137647,-0.4168903,-0.528735,-0.10901637
80,1112,0.5051584,-0.457884,0.46089873,-0.23920816,-0.13437009,0.4947805,0.13572869,0.18093652,0.4681542,-0.45751023,0.46750104,0.222792,0.13306826,0.017465621,-0.55758125,-0.0006261617
80,1114,0.04113376,0.2934144,0.27691177,-0.090967625,0.6260352,0.16231376,-0.24940121,-0.05156462,0.09532513,0.16013059,-0.075140804,0.26769602,0.040725797,-0.43121493,0.31268942,0.019736506
80,1118,-0.61953384,-0.33727726,0.17546734,-0.49357647,0.30893284,-0.12205013,0.07995588,-0.21535817,-0.23641093,0.315958,-1.0120645,-0.715041,-0.20417956,-0.15603685,-0.45205903,-0.29244503
80,1133,-0.62074274,-0.48026884,-1.0890741,0.08186371,-0.3058983,-0.36240882,-0.14346558,-0.1907111,0.3684426,-0.036431465,0.17148277,0.5177508,-0.088670634,0.36660436,0.5866336,0.5818611
80,1142,0.085904524,-0.054066375,0.81767654,0.18061566,0.20818634,0.053999223,0.09553895,-0.1915134,0.40554273,-0.22345749,0.43002307,0.42982534,0.45362976,-0.3180806,-0.24905866,0.09861132
80,1148,0.49861726,-0.34501398,-0.024693534,-0.04757479,-0.79977167,0.27255747,0.34222355,0.3435377,-0.07653037,-0.41114455,0.22997525,-0.37045515,-0.04934746,0.5235431,-0.7033059,-0.18736458
80,1152,-0.38632402,0.61629546,0.3780776,1.2541245,-0.5412465,-1.1830348,0.25070596,-0.38486987,-0.33692813,-0.007926367,0.35749876,0.04108174,0.721576,0.1630894,0.083958186,0.047780186
80,1156,0.50274193,0.20057957,0.66407955,0.109997444,0.5041629,0.4667527,-0.1022805,0.012472102,0.45864552,-0.18763581,0.6463455,0.74111587,0.39687583,-0.40628248,0.20157653,0.14457375
80,1157,-0.45624685,0.66481805,0.1710245,1.3225901,-0.6538568,-1.2914027,0.26456353,-0.3928329,-0.4333688,0.039318487,0.31824094,0.0063488334,0.69737744,0.2635201,0.18521988,0.065620296
80,1161,-0.038566694,0.19815628,0.1647102,-0.1551232,0.48478782,0.1429771,-0.088074625,0.0015365593,-0.16922642,0.25707343,-0.33804196,-0.13130163,-0.031296015,-0.25843182,0.12379465,-0.17890307
80,1165,-0.3535771,-0.09971488,0.24725506,-0.3319544,0.4417915,-0.010981344,-0.08231907,-0.16845736,-0.034976408,0.21760994,-0.5804462,-0.24063607,-0.09129561,-0.2959892,-0.14149746,-0.11568376
80,1180,0.4599797,0.69919175,0.11337825,0.18774843,0.6004631,0.3299619,-0.17951778,0.1935785,-0.19523154,0.2404058,0.22997588,0.2919609,0.11918788,-0.29751024,0.6330934,-0.11612301
80,1183,-0.6528947,-0.35957044,0.2377918,-0.48594883,0.3337403,-0.16189542,0.03596311,-0.2756419,-0.11553331,0.27474716,-0.9463701,-0.58949995,-0.1780226,-0.21461838,-0.437163,-0.19649088
80,1194,0.49023375,0.12561226,0.4360332,0.056000076,0.44513515,0.4559454,-0.15713271,0.01310158,0.53702015,-0.18937394,0.6672143,0.8112726,0.27483237,-0.35915852,0.28933942,0.264807
80,1195,0.260554,-0.13314039,-0.16165069,0.17476079,-0.7973295,-0.048209168,0.30421272,0.1993237,-0.21695192,-0.27286988,0.16181298,-0.34759384,0.029396221,0.52103174,-0.45689812,-0.12716714
80,1207,-0.3622712,0.6038224,0.35537195,1.2438803,-0.5848015,-1.1688629,0.2670773,-0.36467037,-0.3522544,-0.019922722,0.35355794,0.0083577335,0.7073282,0.19733843,0.05777567,0.032976188
80,1213,0.1996773,-0.21653712,-0.07034305,-0.093103126,0.094189994,0.23331961,-0.17451797,0.022842633,0.53246194,-0.22832245,0.42763126,0.5654591,-0.03008423,-0.11812019,0.13167849,0.36356056
80,1228,0.44050586,0.8264865,-0.52324796,0.06166669,0.36443835,0.27371696,-0.100945316,0.36829722,-0.77972263,0.53354186,-0.22798686,-0.38270468,-0.25340524,-0.00038330257,0.72420007,-0.37341523
80,1229,0.36225277,-0.47727406,0.001358673,-0.22660765,-0.3807673,0.36187625,0.14815927,0.20523179,0.30429858,-0.37427607,0.3360557,0.074536264,-0.03942991,0.24170265,-0.43942395,0.0518603
80,1230,0.4776902,-0.34005797,-0.06453124,-0.06343151,-0.7743775,0.27142566,0.32236776,0.33731213,-0.07837626,-0.39296433,0.21311292,-0.3564921,-0.068947725,0.5125612,-0.6613394,-0.16838035
80,1244,0.49724433,-0.35189986,0.041176245,-0.048587643,-0.7564184,0.28128484,0.33431938,0.32988825,-0.041355208,-0.4175548,0.24844305,-0.33819228,-0.022490092,0.48483726,-0.71811086,-0.18802318
80,1249,-0.897996,-0.48870087,0.65648085,-0.37896082,0.3315543,-0.38462487,0.13449273,-0.51843226,0.04547359,0.18564501,-0.9397749,-0.5031887,0.08436536,-0.31123024,-0.67628425,-0.1356493
80,1256,-0.46253434,-0.19264358,0.24126926,-0.38768038,0.40341264,-0.06737017,-0.042093452,-0.20830366,-0.061785668,0.2387842,-0.71188897,-0.3635531,-0.124645926,-0.26759315,-0.24481195,-0.1412043
80,1262,0.41842565,-0.32940853,-0.15325072,-0.05336982,-0.7751803,0.22556984,0.3058632,0.311414,-0.08922255,-0.36228576,0.1941779,-0.3374017,-0.08038109,0.5246657,-0.58687264,-0.13296396
80,1273,-0.23966016,-0.27187055,-0.2585882,-0.13546027,0.30416465,-0.013426825,-0.4170972,-0.20438737,0.68067735,-0.06946778,0.22636467,0.72544557,-0.15469539,-0.2618078,0.42020726,0.55027765
80,1275,-0.6568521,-0.5037943,-1.1862899,0.08028119,-0.3316911,-0.380831,-0.14975151,-0.1974941,0.38022396,-0.029367108,0.16908877,0.53955144,-0.10819588,0.39979824,0.6390928,0.618609
80,1301,0.38238037,-0.4778216,0.115493126,-0.25454885,-0.2399103,0.41127634,0.10681709,0.17660283,0.40358907,-0.38349152,0.3910802,0.19127102,-0.00039922446,0.13494685,-0.40923446,0.08341578
80,1304,-0.20815302,-0.58519983,-0.98449755,-0.14085257,-0.48106736,-0.0050910264,-0.02351746,0.048633225,0.3375175,-0.18311599,0.20229459,0.30713737,-0.21642879,0.4690043,0.2509242,0.42569548
80,1312,-0.8555618,-0.57502085,0.22522947,-0.6136109,0.242264,-0.23968485,0.12850621,-0.3281366,-0.18230371,0.30409256,-1.217603,-0.8591708,-0.24837959,-0.14100331,-0.68431777,-0.27654552
80,1317,0.4548638,0.18437044,0.6428352,0.10037581,0.49328116,0.4341606,-0.10478192,0.0026990455,0.43537915,-0.17381144,0.6004034,0.703578,0.37866974,-0.39861053,0.18637437,0.13804412
80,1321,0.20561722,0.59663093,-0.38121262,-0.11170663,0.38294175,0.21656469,-0.06772052,0.24417894,-0.7025827,0.48398408,-0.4467455,-0.51346266,-0.24843782,-0.043274254,0.4736405,-0.41161525
80,1324,-0.81766355,-0.433908,0.6005955,-0.36682317,0.34118384,-0.3359953,0.10506258,-0.47070178,0.034221172,0.18377984,-0.8803977,-0.46344006,0.06392387,-0.3081459,-0.6016838,-0.1304886
80,1329,-0.66084075,0.9159188,0.6226121,1.7650763,-0.46563828,-1.6816939,0.25290486,-0.6250894,-0.3726067,0.08258747,0.4795022,0.22921368,1.0321409,0.040490493,0.28450924,0.12270884
80,1354,-0.7521432,-0.44101,0.23563781,-0.55451465,0.31840414,-0.19509435,0.0725111,-0.30187958,-0.15788244,0.30807972,-1.1011586,-0.72747,-0.21611893,-0.19351393,-0.5367896,-0.24743247
80,1357,0.24803285,0.6375649,-0.40537837,-0.08154401,0.37504032,0.22908562,-0.06381977,0.26938772,-0.7310734,0.49358198,-0.41397333,-0.5078718,-0.24513164,-0.028265163,0.5094183,-0.4194082
80,1369,-0.42003563,-0.24011108,0.81585145,-0.23573169,0.49701965,-0.01754535,-0.046425562,-0.33128542,0.241554,0.021975063,-0.3591435,0.041364506,0.2633896,-0.4528729,-0.38642162,-0.07110476
80,1394,-0.44282174,-0.25153342,0.8283249,-0.24420089,0.499829,-0.028961025,-0.040014695,-0.34322256,0.23901191,0.028015874,-0.38582057,0.023080915,0.2650841,-0.45553902,-0.40397066,-0.077557065
80,1416,0.078264505,-0.54911387,-0.6495447,-0.22526139,-0.48822868,0.20393002,0.060312204,0.1678019,0.27279025,-0.26432815,0.218954,0.14390156,-0.20492896,0.41879746,-0.05200227,0.24990565
80,1430,0.1737911,0.41256917,0.3228143,0.005768478,0.690091,0.22434342,-0.27546033,-0.013235087,0.1442699,0.13768345,0.09723277,0.43462753,0.10874033,-0.4659942,0.4397099,0.05273499
80,1436,-0.53258204,-0.31624627,0.8114406,-0.2973528,0.472435,-0.07537774,-0.022099383,-0.36988118,0.20830601,0.047235213,-0.5029002,-0.07240279,0.23242125,-0.43927494,-0.48387906,-0.096377544
80,1454,0.17256235,0.5576084,-0.36336115,-0.13305315,0.38304043,0.2043967,-0.07350308,0.22318716,-0.6695362,0.47065023,-0.46257663,-0.5064127,-0.25185424,-0.054812253,0.44385952,-0.3945369
80,1458,0.23045099,-0.3974002,0.116481744,-0.098362744,-0.34184253,0.21196482,0.1499145,0.1208254,0.24296567,-0.32778707,0.30626684,0.060922593,0.0688384,0.19623509,-0.44156978,0.022055395
80,1466,-0.8749447,-0.47501624,0.67612356,-0.3697899,0.3417887,-0.36629468,0.12874481,-0.5116895,0.05245369,0.1758942,-0.9122491,-0.47762156,0.10193333,-0.3210996,-0.6668561,-0.13768178
80,1473,-0.041493587,0.18524261,0.4556677,-0.11049315,0.63719106,0.14333238,-0.21114023,-0.116538756,0.16937107,0.11086018,-0.1023806,0.27667204,0.12702304,-0.46078202,0.16593638,0.005818613
80,1475,0.29672587,-0.097851634,-0.13750362,0.22824222,-0.8692851,-0.0822499,0.34056422,0.21486992,-0.26576954,-0.28871268,0.16915086,-0.4061799,0.04646709,0.5609369,-0.49794894,-0.16316152
80,1483,0.49986872,-0.52321255,-0.07596859,-0.31977192,-0.41841435,0.49183422,0.15747666,0.28035343,0.3463391,-0.41967288,0.37780344,0.08063647,-0.12044815,0.28380534,-0.44283035,0.06740622
80,1486,0.45304346,-0.3123026,0.06925745,-0.019899573,-0.69887924,0.24318781,0.31178352,0.29597718,-0.0453697,-0.38897672,0.23812725,-0.3104536,0.00063188374,0.43925008,-0.67579466,-0.1752553
80,1487,0.45663366,0.7517635,0.022163704,0.16732216,0.6025815,0.32498425,-0.17659077,0.2192474,-0.29993343,0.30463585,0.1373392,0.1837439,0.062408675,-0.27174562,0.67333335,-0.17341271
80,1492,0.13293302,0.5017332,-0.32002428,-0.15346551,0.38620913,0.19043005,-0.08163193,0.19181082,-0.6082786,0.44146088,-0.46265805,-0.47398412,-0.24227089,-0.07664369,0.40040562,-0.36343342
80,1502,-0.9312989,-0.6444007,0.1908377,-0.67789394,0.20326081,-0.2607355,0.17403987,-0.33157516,-0.26025498,0.3382975,-1.3648099,-1.0213181,-0.29216823,-0.09509728,-0.7793442,-0.34709847
80,1504,-0.0819206,0.34455246,0.09772235,0.86964184,-0.8165378,-0.77740353,0.33680257,-0.11854286,-0.38558143,-0.13345072,0.2643599,-0.24134098,0.44085824,0.42506126,-0.18784049,-0.0755487
80,1511,0.29350483,0.66122556,-0.52484083,-0.053101555,0.30928427,0.22116548,-0.080331475,0.3089941,-0.754458,0.5078741,-0.3747781,-0.49953485,-0.30397317,0.016857252,0.5662183,-0.3779003
80,1524,0.095287144,0.038866132,0.77002466,-0.0053510964,0.5349576,0.24715075,-0.09304019,-0.1440453,0.36836004,-0.093135975,0.2354511,0.4689141,0.36917707,-0.45121378,-0.022780877,0.04181154
80,1525,0.46179587,-0.3146569,0.035421714,-0.009275436,-0.751125,0.2338154,0.3302064,0.30767146,-0.0674701,-0.39539054,0.2363171,-0.33967358,-0.0078106895,0.47948125,-0.68659556,-0.18218884
80,1527,-0.75244975,-0.5321366,-1.3859696,0.06206032,-0.31773952,-0.4181301,-0.19809496,-0.22197035,0.4060657,0.009278566,0.14306483,0.6062045,-0.16188735,0.42281035,0.7908549,0.70533717
80,1532,-0.34615394,-0.010151379,0.9849726,0.38150072,0.23805675,-0.3558836,0.1112658,-0.4566964,0.36588848,-0.11899772,0.2742533,0.39697498,0.5920262,-0.40833876,-0.25665998,0.12989645
80,1533,-0.12442924,-0.010594279,0.981338,0.30430475,0.24561119,-0.1469971,0.120704524,-0.33488768,0.38448817,-0.17220125,0.36399493,0.41296446,0.5644088,-0.3898584,-0.2769512,0.09246191
80,1536,-0.006351306,0.21105085,0.44709003,-0.090563744,0.6391581,0.15831292,-0.21788251,-0.101768024,0.17247708,0.104065634,-0.05953972,0.30732882,0.13347988,-0.46100414,0.19653106,0.0141608715
80,1545,0.006031748,-0.17911157,0.68780774,0.12087368,0.12597868,0.0012862906,0.077636994,-0.20562658,0.44984233,-0.24427691,0.3820092,0.4120376,0.3760227,-0.24827135,-0.26965633,0.14426725
80,1547,-0.73957425,-0.42092705,0.6953201,-0.35418248,0.37773544,-0.24803945,0.06627763,-0.4444825,0.10595296,0.12402395,-0.7608903,-0.32920742,0.13492242,-0.3535877,-0.5974687,-0.11931523
80,1553,0.39705282,-0.32962298,-0.23145562,-0.058300465,-0.79829836,0.21078503,0.30256173,0.31034312,-0.10657798,-0.34735712,0.1767309,-0.34399688,-0.10229442,0.5509144,-0.5498655,-0.11792285
80,1557,-0.17501494,0.07760875,0.26180455,-0.23049751,0.5285473,0.07390925,-0.15766515,-0.111736566,0.016423315,0.19511774,-0.3629555,-0.021044478,-0.034545705,-0.3582315,0.058584847,-0.06399573
80,1558,0.38137853,0.6906409,-0.04219964,0.09729851,0.5559331,0.2938145,-0.15397106,0.20916516,-0.36185843,0.3277056,0.00888624,0.04455,0.0021391995,-0.23246208,0.6042257,-0.21481961
80,1565,0.3907101,0.6242826,0.17062141,0.1412954,0.61423576,0.30465552,-0.19709828,0.14237274,-0.11575557,0.22072396,0.19272637,0.31889957,0.11903088,-0.33454168,0.5770092,-0.074386515
80,1566,0.16832131,0.5222277,-0.24289924,-0.11171833,0.42614475,0.20839635,-0.097286075,0.18337353,-0.5387383,0.40774637,-0.37028968,-0.36100417,-0.18664262,-0.117729105,0.42466283,-0.32792088
80,1569,0.23185083,-0.40012038,0.12141097,-0.09023528,-0.35588366,0.2066761,0.15769711,0.12076422,0.24224307,-0.33295944,0.31165022,0.056278035,0.075791396,0.20520023,-0.4521869,0.018103905
80,1572,0.33875364,0.72220224,-0.40643588,-0.0072478205,0.3921942,0.25812137,-0.07673067,0.3046963,-0.7296402,0.49486044,-0.3056724,-0.42077172,-0.21408895,-0.03399925,0.59624827,-0.4005583
80,1574,0.35856578,0.73437,-0.3986884,0.011952877,0.3967625,0.26360005,-0.08441957,0.30842486,-0.7110997,0.48659143,-0.26817644,-0.38142735,-0.20357594,-0.040918544,0.61451226,-0.38311583
80,1576,0.68242556,-0.09735157,0.45103663,-0.068634845,0.10981254,0.5664603,0.050691314,0.17147614,0.46907765,-0.3640562,0.6805037,0.52715904,0.22408593,-0.14932083,-0.14861949,0.12691915
80,1585,0.37344688,0.5968941,0.17199017,0.13031444,0.59997165,0.29640862,-0.19397113,0.13441591,-0.105700895,0.21147147,0.18480426,0.3125618,0.11520949,-0.3303954,0.5525151,-0.06777295
80,1586,0.04951735,-0.009473242,-0.76527846,0.28269887,-1.0558662,-0.32113287,0.30282497,0.15345266,-0.44789058,-0.1245517,0.022554934,-0.43821514,-0.060066648,0.7554914,-0.13725886,-0.043019123
80,1592,0.4669279,-0.45834684,0.4579621,-0.23057029,-0.13475743,0.46771058,0.13195592,0.16953546,0.45351487,-0.44465926,0.44638425,0.21024805,0.13663979,0.016529039,-0.5603963,-0.0055754036
80,1593,-0.8332981,-0.45202821,0.69467175,-0.35181296,0.35262775,-0.3373851,0.115814365,-0.49578217,0.067813456,0.15734741,-0.8584251,-0.42866468,0.1242561,-0.33315274,-0.6463836,-0.13274404
80,1594,0.12488178,0.35178763,0.16016623,-0.050933104,0.5288788,0.20866498,-0.1367114,0.05753556,-0.143759,0.23551974,-0.13361765,0.0449021,0.020859666,-0.28749847,0.2920068,-0.13569993
80,1595,0.31505564,0.6460643,-0.1167427,0.026221856,0.508149,0.2709923,-0.11883223,0.21022525,-0.45863098,0.3645599,-0.13523604,-0.13034235,-0.058843896,-0.17971742,0.53928477,-0.2841627
80,1618,-0.37913534,-0.3913718,-0.6268722,0.07882514,-0.27525887,-0.22746298,-0.05292361,-0.12514544,0.2977695,-0.105337426,0.20572215,0.37085447,0.0076450855,0.26870686,0.26431465,0.3893691
80,1619,-0.9202911,-0.59819424,-1.3398497,-0.21723765,-0.03794983,-0.5460437,-0.69152296,-0.30722532,0.725162,0.031890124,-0.17430337,0.60876054,-0.6815213,0.02414374,0.68802696,0.9364665
80,1622,0.15691817,-0.55348736,-0.58118427,-0.24675897,-0.51816666,0.25740555,0.09038327,0.20603815,0.2562046,-0.29426423,0.22746992,0.09239588,-0.20680034,0.4283938,-0.14058462,0.20216832
80,1628,0.18428123,-0.36528343,0.13473436,-0.05390992,-0.32895726,0.15750039,0.14804438,0.08988291,0.21901903,-0.3096409,0.2965699,0.06042321,0.099428274,0.18553346,-0.4240358,0.019857131
80,1643,-0.8383526,-0.55355865,-1.1505455,-0.20956051,0.014813304,-0.47874707,-0.64345944,-0.30020988,0.7027107,0.018960588,-0.13623716,0.5989268,-0.59507304,-0.02320084,0.61782473,0.86199903
80,1645,0.29166198,-0.056448504,-0.13929579,0.2856185,-0.9155545,-0.14004594,0.3598484,0.20698136,-0.30746228,-0.2845303,0.16929756,-0.43679482,0.067975335,0.5866059,-0.4962821,-0.17753962
80,1649,0.41653532,-0.49522293,-0.023745209,-0.25209564,-0.40914917,0.40475637,0.1599403,0.23282765,0.3194387,-0.3962931,0.3586375,0.07312302,-0.06277458,0.26687926,-0.44901967,0.05494769
80,1655,-0.64267236,0.118670255,1.2533185,0.59039587,0.32925302,-0.64836895,0.14938498,-0.6645191,0.29082417,-0.016666502,0.17032379,0.3617849,0.7743592,-0.54018074,-0.27366647,0.103082746
80,1661,0.520002,-0.4163965,0.32919848,-0.23988327,-0.05426109,0.51292026,0.06699259,0.15362832,0.5506318,-0.4320608,0.5304153,0.3862486,0.08840643,-0.015386671,-0.3485232,0.12973651
80,1663,0.66239107,-0.08409575,0.44478875,-0.06125426,0.13228945,0.5535355,0.03531678,0.15774155,0.47364652,-0.34958655,0.67644507,0.545392,0.22401565,-0.16498026,-0.11774297,0.13832375
80,1673,-0.6916151,-0.5098646,-1.2545673,0.06382745,-0.30484825,-0.38709465,-0.17777468,-0.20642944,0.3914641,-0.009943172,0.153673,0.5690799,-0.13392249,0.39268216,0.70259434,0.65155154
80,1681,-0.70359296,-0.40173918,0.23799285,-0.51992255,0.3248436,-0.17898539,0.056644104,-0.28912884,-0.13828717,0.29154113,-1.0253046,-0.661741,-0.1960823,-0.20293178,-0.48986882,-0.2237548
80,1696,0.44135675,0.8388167,-0.5714421,0.0536279,0.35150817,0.26975733,-0.1023211,0.3802427,-0.81279564,0.5552647,-0.2566045,-0.41944963,-0.2839209,0.016193643,0.7400264,-0.38272673
80,1703,-0.7295661,-0.42205054,0.23783407,-0.53643125,0.32088485,-0.18885902,0.06624385,-0.2968422,-0.14864664,0.30021492,-1.0642385,-0.69638354,-0.2053104,-0.19769204,-0.5146894,-0.23582897
80,1714,-0.52814305,-0.20231801,0.54528373,-0.2917256,0.47180426,-0.14320016,-0.03116069,-0.33630675,0.09363842,0.16093639,-0.60164416,-0.18008442,0.07641632,-0.37885347,-0.30621493,-0.08002613
80,1729,-0.70014393,-0.49169874,-0.9168303,-0.19527182,0.11521199,-0.36193806,-0.6059456,-0.29616722,0.7437141,-0.0041054487,-0.027929336,0.6772327,-0.47984114,-0.10434498,0.5943154,0.8062806
80,1739,-0.14351729,-0.3977903,-0.3447961,0.011264518,-0.31361067,-0.059175976,0.032382473,-0.030665668,0.27217662,-0.19439444,0.24519412,0.24484557,0.03173123,0.25087819,-0.013926439,0.24600065
80,1756,-0.051187813,-0.022953957,0.9388269,0.2686503,0.23326716,-0.08023163,0.116248675,-0.28951812,0.39574063,-0.19196668,0.3930996,0.42247912,0.53512204,-0.36821514,-0.27069294,0.0938086
80,1760,0.41629332,0.8057918,-0.41986933,0.053340167,0.41621056,0.2814879,-0.098547935,0.33537465,-0.7285065,0.5064835,-0.22095619,-0.3432114,-0.19982377,-0.044807717,0.6889376,-0.3784911
80,1769,0.4519363,-0.37110692,0.06531179,-0.08573546,-0.64206207,0.2927504,0.28441873,0.2920289,0.03157316,-0.40052214,0.2581957,-0.24496071,-0.014047019,0.40582827,-0.66021305,-0.14314532
80,1782,-0.4183197,0.66164553,0.401169,1.3327354,-0.5552591,-1.2591244,0.25999165,-0.41293377,-0.35509956,0.0018377602,0.3732351,0.051070303,0.7639909,0.16331124,0.10546931,0.051589932
80,1790,0.45391497,0.8231776,-0.4439036,0.088264145,0.40168333,0.28221267,-0.12059813,0.34836248,-0.6957753,0.49677184,-0.1525728,-0.27280974,-0.20558459,-0.04558882,0.7316891,-0.32840708
80,1799,0.26055402,-0.13314039,-0.16165072,0.17476082,-0.79732937,-0.048209183,0.3042127,0.19932371,-0.21695195,-0.27286988,0.16181298,-0.34759384,0.029396221,0.52103174,-0.45689806,-0.12716714
80,1809,-0.04428813,-0.14689046,0.70560074,0.15126139,0.14685112,-0.04626263,0.07264485,-0.233586,0.4223585,-0.2172437,0.35490417,0.40262538,0.3928033,-0.26961842,-0.2539731,0.14141245
80,1812,0.5041529,0.14291398,0.47641632,0.067072384,0.44188765,0.4618417,-0.13619201,0.023350572,0.5037068,-0.19210383,0.6618879,0.7793025,0.29722416,-0.35783252,0.25813532,0.23303235
80,1815,0.41095468,0.87813103,-0.6614449,-0.0016011,0.36332822,0.26605967,-0.09220024,0.39715135,-0.93223596,0.6326526,-0.4072067,-0.57772803,-0.35362542,0.043019906,0.76101774,-0.46422285
80,1824,0.32386342,-0.25276938,-0.25905082,0.040464245,-0.82682884,0.08867268,0.30715916,0.26275712,-0.16428743,-0.30913377,0.16214189,-0.35284168,-0.058548853,0.5660064,-0.49175894,-0.112379916
80,1827,-0.7514261,-0.4241315,0.72218037,-0.36431143,0.39768106,-0.24501655,0.059364684,-0.45464435,0.11441994,0.12696505,-0.7758814,-0.32560366,0.14276335,-0.37096977,-0.6033504,-0.12446722
80,1828,-0.16633697,-0.092613176,0.8407543,0.25330615,0.18310003,-0.17483938,0.09461688,-0.33062634,0.40979844,-0.18310341,0.33297282,0.40726465,0.48663047,-0.32965285,-0.26300812,0.13635564
80,1836,0.34869885,0.67170715,-0.09217167,0.05974167,0.52788687,0.2817638,-0.135246,0.21343367,-0.42139143,0.35205704,-0.07134144,-0.055161074,-0.035649575,-0.20043518,0.57476676,-0.2541191
80,1854,0.4675926,0.7445832,0.054220736,0.18197963,0.6079004,0.32992005,-0.18274483,0.2129804,-0.2589183,0.283521,0.1814391,0.2362448,0.084101245,-0.28507578,0.67328614,-0.14766687
80,1866,0.34645766,-0.54201555,-0.3478314,-0.27784348,-0.5649634,0.3734301,0.16194233,0.28708947,0.21303022,-0.3645507,0.25243333,-0.03278923,-0.18444076,0.4231716,-0.3741921,0.06956742
80,1872,0.46986473,-0.42450982,0.0091531575,-0.19126019,-0.5723034,0.37759256,0.23986742,0.31041506,0.0948859,-0.39870864,0.2539058,-0.18800579,-0.07562975,0.36984727,-0.61515945,-0.10248504
80,1879,-0.6366468,-0.38690758,0.7277553,-0.3693617,0.43226275,-0.13349342,-0.002834335,-0.39316866,0.16170777,0.08638566,-0.6579595,-0.2036591,0.15558565,-0.39886343,-0.5442951,-0.11045476
80,1899,0.49566478,0.7381076,0.13088074,0.21287069,0.6264769,0.3475461,-0.18902424,0.20205598,-0.18321557,0.24316084,0.2703911,0.33731765,0.13808998,-0.31245244,0.6735708,-0.10729725
80,1908,-0.5905245,-0.3680247,0.7371962,-0.3599639,0.44268423,-0.0957085,-0.019832075,-0.37108296,0.17681152,0.068813495,-0.60613936,-0.15703635,0.1690894,-0.4088652,-0.5234566,-0.10666611
80,1918,0.13368112,0.4916277,-0.30100158,-0.14720991,0.38946664,0.19004284,-0.08836257,0.18461959,-0.57728076,0.4259583,-0.437459,-0.43861365,-0.23178118,-0.08731869,0.39763218,-0.34294158
80,1926,0.30816016,-0.23303676,-0.30181715,0.07010365,-0.87157214,0.049999524,0.31852195,0.2591285,-0.19737323,-0.30025753,0.15275064,-0.37565285,-0.05613569,0.59974885,-0.47830826,-0.1150988
80,1941,0.29716527,0.67774844,-0.40567848,-0.040253237,0.37587482,0.24432215,-0.06494715,0.2897869,-0.7343777,0.49112818,-0.35334855,-0.46667027,-0.22546652,-0.025234804,0.54765135,-0.4125383
80,1946,0.20874518,0.4080857,0.32731783,0.038716197,0.66869104,0.23545927,-0.27569458,-0.002375504,0.17771947,0.10318478,0.17534304,0.49500382,0.12929377,-0.4573522,0.44632882,0.08255237
80,1960,-0.0819206,0.34455246,0.09772235,0.86964184,-0.8165378,-0.77740365,0.33680257,-0.11854286,-0.3855815,-0.13345073,0.2643599,-0.24134104,0.44085822,0.42506126,-0.18784049,-0.07554867
80,1973,-0.19576474,-0.07479079,0.8501836,0.2709685,0.19337967,-0.20310742,0.09259332,-0.34684858,0.39383125,-0.16768846,0.3171886,0.4009502,0.49582142,-0.340814,-0.25464514,0.13497108
80,1976,0.29672587,-0.097851634,-0.13750365,0.22824222,-0.8692851,-0.08224992,0.34056422,0.21486992,-0.26576954,-0.28871268,0.16915086,-0.40617996,0.04646709,0.5609369,-0.4979489,-0.16316155
80,2006,0.44595405,-0.3222448,-0.09165937,-0.038365304,-0.7823711,0.2332465,0.3204205,0.32025617,-0.09325977,-0.37780404,0.20593712,-0.35400903,-0.061731167,0.52039313,-0.6318544,-0.15785038
80,2016,-0.9866228,-0.725583,0.20821825,-0.7047668,0.1731559,-0.28229475,0.19461852,-0.35307586,-0.23774461,0.3210955,-1.4026881,-1.0508499,-0.29888728,-0.08208411,-0.8593643,-0.34156656
80,2025,-0.90923077,-0.6293164,0.18920493,-0.6637196,0.20301548,-0.25230733,0.16868237,-0.32387054,-0.25428057,0.33057535,-1.3325692,-0.9962503,-0.28459814,-0.09648215,-0.76143444,-0.3388058
80,2050,-0.40685344,-0.13245913,0.5086843,-0.27125102,0.50013924,-0.055768095,-0.08307491,-0.27219373,0.118161336,0.13976595,-0.4815765,-0.07152216,0.07459026,-0.39213645,-0.20736098,-0.058145292
80,2059,-0.84074324,-0.5238394,-1.4861299,0.08643731,-0.29413456,-0.47881347,-0.23190108,-0.2595366,0.41380078,0.045784988,0.12595336,0.6556728,-0.17010659,0.42204198,0.8991624,0.7600532
80,2063,0.51559675,-0.41370946,0.32611555,-0.2379196,-0.047973484,0.5104664,0.06273658,0.14971907,0.5546492,-0.42944697,0.5321276,0.3952239,0.088934526,-0.019559637,-0.3382063,0.13554613
80,2071,-0.9578488,-0.69399977,0.21803653,-0.6749058,0.18207446,-0.28023013,0.18499854,-0.35222054,-0.21962832,0.3127863,-1.3499055,-1.0020045,-0.28121635,-0.09354886,-0.82277197,-0.31987372
80,2080,0.3283064,-0.46692687,0.3937648,-0.1738286,-0.1835528,0.34953687,0.13404551,0.123533,0.4102267,-0.40530208,0.40190893,0.17978297,0.15288427,0.056865826,-0.5491782,0.0006252751
80,2083,-0.8544627,-0.5734361,0.18582428,-0.6313782,0.22312596,-0.22806889,0.15146089,-0.30357412,-0.25075972,0.3278427,-1.2716761,-0.94270325,-0.26973218,-0.107936546,-0.7018617,-0.32946795
80,2084,0.3387536,0.72220224,-0.40643582,-0.007247813,0.39219424,0.25812137,-0.07673067,0.3046963,-0.72964025,0.49486044,-0.30567247,-0.42077172,-0.21408895,-0.033999264,0.59624827,-0.40055835
80,2086,-0.2092532,0.039336383,0.469859,-0.19221361,0.5807183,0.055260822,-0.16557297,-0.18673904,0.15401645,0.123973526,-0.2775753,0.12733161,0.09332825,-0.43489373,0.0040825903,-0.016596206
80,2090,0.49986872,-0.52321255,-0.07596859,-0.31977192,-0.41841435,0.49183422,0.15747663,0.28035343,0.3463391,-0.4196729,0.37780344,0.08063648,-0.12044812,0.28380534,-0.44283035,0.06740622
80,2099,-0.7056865,-0.41069633,0.71608937,-0.36927778,0.40952915,-0.20005086,0.03292299,-0.4286154,0.13302128,0.112078436,-0.730066,-0.27821153,0.14225993,-0.3797003,-0.57720995,-0.11659617
80,2104,-0.8176636,-0.433908,0.6005956,-0.36682317,0.34118384,-0.33599532,0.10506258,-0.47070175,0.034221165,0.1837798,-0.88039756,-0.46344006,0.06392387,-0.3081459,-0.6016838,-0.1304886
80,2106,0.2515592,-0.45156884,0.34237117,-0.14915408,-0.1738762,0.28963748,0.11572253,0.091280274,0.39033824,-0.36956245,0.37381947,0.18735483,0.15046293,0.056223884,-0.4973908,0.02360648
80,2107,0.2499749,-0.46048635,0.31383866,-0.15586242,-0.18478438,0.29123762,0.114303075,0.09412302,0.39443973,-0.3691236,0.3736797,0.1904219,0.13791944,0.06721079,-0.4875752,0.033197105
80,2108,0.40423092,0.8207386,-0.6051587,0.013630621,0.34202236,0.2588306,-0.09295174,0.37636495,-0.85224694,0.5769863,-0.33634555,-0.49927926,-0.31761152,0.031614408,0.71604383,-0.4135455
80,2114,0.31455824,-0.22594175,-0.31187502,0.09052845,-0.9131448,0.033570796,0.33558372,0.2649343,-0.21815293,-0.30570623,0.15386103,-0.4000647,-0.051662736,0.6283474,-0.4927901,-0.12672973
80,2123,0.4478859,-0.34533876,0.083825745,-0.06040708,-0.6446908,0.27397197,0.2888475,0.28760016,0.00941734,-0.39344272,0.2519834,-0.2594415,-0.0018431991,0.4029232,-0.6633705,-0.15388235
80,2140,0.20534791,0.43355137,0.16409186,0.0017138943,0.55739665,0.24261886,-0.15639968,0.08537824,-0.13835494,0.23237905,-0.041172236,0.12373126,0.049748853,-0.30270854,0.37606898,-0.12264725
80,2146,0.23934792,0.6384662,-0.40319392,-0.0904339,0.38507402,0.22824594,-0.06603271,0.26528654,-0.7332402,0.49933508,-0.43097746,-0.51655567,-0.24886134,-0.033783868,0.50960237,-0.4246443
80,2156,0.433055,-0.46535075,0.48380893,-0.19873828,-0.16045225,0.4285522,0.14846316,0.15409751,0.44610494,-0.44787493,0.44738108,0.19513527,0.1677238,0.030251592,-0.59244716,-0.020465516
80,2166,0.30794176,-0.23149757,-0.30539832,0.07328535,-0.87765646,0.04658693,0.3206022,0.2594985,-0.20089696,-0.30027375,0.15232775,-0.37896526,-0.05583013,0.60415363,-0.4786817,-0.116177954
80,2177,0.5604626,-0.44102573,0.39312923,-0.25083026,-0.11411834,0.5348834,0.11462096,0.19010107,0.5109365,-0.46194884,0.51678294,0.29537597,0.1032626,0.017433569,-0.4694438,0.057837564
80,2179,0.41653532,-0.495223,-0.023745209,-0.2520956,-0.40914917,0.40475637,0.1599403,0.23282765,0.3194387,-0.3962931,0.3586375,0.07312302,-0.06277458,0.26687926,-0.44901967,0.05494769
80,2184,-0.76274717,-0.46156162,0.23343532,-0.5581498,0.3017263,-0.20120433,0.082135625,-0.30416787,-0.15885444,0.30260175,-1.1072198,-0.7407936,-0.21810302,-0.18294856,-0.55869365,-0.24808341
80,2185,-0.6711522,-0.32814538,0.5593587,-0.3338393,0.39112538,-0.2382029,0.03805367,-0.39806145,0.059009433,0.16757473,-0.7404324,-0.32998598,0.062610306,-0.33437032,-0.46265692,-0.10494015
80,2220,0.5465887,-0.4328115,0.36137885,-0.24939278,-0.09727427,0.52690315,0.09784568,0.17997302,0.52031827,-0.4500815,0.51783204,0.32204556,0.09224479,0.010192588,-0.42599988,0.08331923
80,2228,0.54002136,-0.4305024,0.3555224,-0.24798775,-0.09103042,0.52303267,0.092834614,0.1754997,0.5234347,-0.44636908,0.5175355,0.3301241,0.09105456,0.006479189,-0.41447324,0.08991593
80,2244,0.34793168,0.024685629,0.28553444,-0.003113784,0.4192376,0.37142077,-0.21389067,-0.03633607,0.5877523,-0.16358015,0.5857406,0.8115169,0.17378607,-0.3433439,0.31877163,0.3352421
80,2252,-0.16518928,-0.0926887,0.8121847,-0.10491218,0.51914406,0.1079672,-0.063811526,-0.24014172,0.3002972,-0.035260767,-0.054762974,0.25510976,0.33192205,-0.45453814,-0.20721945,-0.022667125
80,2279,0.36975664,0.6885706,-0.06895813,0.081479274,0.5452192,0.28963912,-0.1460377,0.21357071,-0.39408666,0.34267905,-0.029040724,-0.0031422377,-0.016721137,-0.21742125,0.5968159,-0.23523709
80,2287,0.27952042,0.6295727,-0.4966044,-0.05591796,0.3049061,0.21552676,-0.081997305,0.29425052,-0.7166884,0.48464075,-0.35782194,-0.47163367,-0.2913858,0.0076596737,0.5403951,-0.3573405
80,2289,-0.20915546,0.45614624,0.2088553,1.0226787,-0.6984278,-0.94132024,0.29850543,-0.22903106,-0.36454213,-0.078957886,0.30023837,-0.12314515,0.5527959,0.31350365,-0.070677176,-0.021517806
80,2292,0.14810885,0.50270563,-0.2788105,-0.13180079,0.4052683,0.19656038,-0.097294904,0.18274055,-0.55201834,0.41623136,-0.40430236,-0.39569128,-0.21575707,-0.1028757,0.41287172,-0.327425
80,2296,-0.9768229,-0.7210175,0.2106157,-0.69169956,0.16981873,-0.28379938,0.19357711,-0.35301775,-0.22603942,0.31373253,-1.3776945,-1.0299861,-0.29288787,-0.082938,-0.8506339,-0.3284449
80,2298,-0.24976312,-0.0072912574,0.16839221,-0.29069257,0.42212176,0.057309136,-0.02893551,-0.07169926,-0.19327985,0.2778571,-0.5942109,-0.34962565,-0.10005199,-0.2211689,-0.096297346,-0.22610164
80,2301,-0.5905245,-0.36802477,0.7371961,-0.3599639,0.44268423,-0.0957085,-0.019832075,-0.371083,0.17681152,0.068813495,-0.6061393,-0.15703638,0.1690894,-0.4088652,-0.5234566,-0.10666611
80,2313,0.23029529,0.57416034,-0.1855844,-0.05408559,0.45925477,0.23682809,-0.09983872,0.195891,-0.5129171,0.3888021,-0.27429563,-0.27378374,-0.12827113,-0.14046007,0.4662745,-0.31918705
80,2316,-0.8028671,-0.5592932,-1.1910782,-0.19510618,-0.02942583,-0.46761316,-0.6275096,-0.27321327,0.70131683,0.00016962737,-0.10467923,0.60244614,-0.5979319,0.012979478,0.61680996,0.870435
80,2317,-0.6568521,-0.5037944,-1.1862898,0.080281176,-0.33169115,-0.38083097,-0.14975151,-0.1974941,0.38022393,-0.029367112,0.16908877,0.5395515,-0.10819589,0.39979818,0.63909274,0.618609
80,2319,0.4290036,-0.34979552,-0.2131131,-0.0727277,-0.81576896,0.239185,0.31485212,0.3290299,-0.09827614,-0.36740583,0.18756703,-0.35646355,-0.10696163,0.5620128,-0.58680135,-0.13066772
80,2323,0.21503597,0.44402218,0.38520998,0.046752915,0.7309764,0.24585262,-0.2934812,-0.016465679,0.2048972,0.10812936,0.18574768,0.53983724,0.15854564,-0.500975,0.47860944,0.08074238
80,2326,-0.5223789,-0.45682597,-0.8558879,-0.16226527,0.017462954,-0.26776093,-0.49555424,-0.1933544,0.64805144,-0.05979058,0.044174008,0.59085053,-0.4266102,-0.032833427,0.4785126,0.7181973
80,2346,0.04791887,-0.044222426,0.8561232,0.20846215,0.2154553,0.014568396,0.10276426,-0.22150265,0.40612227,-0.21579784,0.42332035,0.43240917,0.4803819,-0.3336015,-0.25451785,0.099513635
80,2364,0.3388172,-0.2669799,-0.25761864,0.023418434,-0.82744336,0.1101628,0.30842966,0.27297235,-0.15624587,-0.31694007,0.16468985,-0.35470366,-0.0675173,0.5675775,-0.50368816,-0.11434648
80,2368,0.4566337,0.7517636,0.022163674,0.16732216,0.60258144,0.32498425,-0.17659077,0.2192474,-0.29993343,0.30463585,0.1373392,0.1837439,0.062408675,-0.27174562,0.6733334,-0.17341274
80,2378,0.34869877,0.6717073,-0.09217164,0.059741654,0.52788687,0.2817638,-0.135246,0.21343367,-0.42139137,0.35205704,-0.071341425,-0.055161044,-0.035649575,-0.20043518,0.5747669,-0.2541191
80,2381,-0.5977062,-0.36930138,0.7663673,-0.35612047,0.4502053,-0.09914794,-0.013275892,-0.38030365,0.1800336,0.068177395,-0.6090241,-0.15717874,0.18556249,-0.41710627,-0.5359773,-0.113270976
80,2390,0.37046528,-0.07486015,0.7003908,0.07952336,0.16306552,0.29200324,0.09135816,-0.031908017,0.4492944,-0.30027327,0.5640417,0.48156732,0.3765128,-0.24857518,-0.22750658,0.10351417
80,2393,0.21980612,0.4433601,0.35094088,0.04598239,0.71004325,0.24464518,-0.28794923,-0.0047259238,0.18319224,0.114590995,0.17857766,0.51733553,0.14114225,-0.48273382,0.4785881,0.07758592
80,2404,0.18731841,-0.06145511,0.23442513,-0.050704136,0.43898204,0.28808346,-0.26407066,-0.10679621,0.6434439,-0.13973215,0.497729,0.81165504,0.12221645,-0.36572435,0.3270648,0.37297496
80,2405,0.40708214,0.77837384,-0.39581606,0.053941138,0.40969202,0.27686626,-0.09967264,0.32379186,-0.6945593,0.4845684,-0.20036869,-0.31535625,-0.18760645,-0.051449046,0.6670502,-0.35851908
80,2408,0.43733934,0.73536193,0.012114793,0.15183184,0.5939114,0.31691492,-0.17250109,0.21475485,-0.3092199,0.3070841,0.10972468,0.15639906,0.05084117,-0.26571214,0.6555336,-0.18117678
80,2414,0.27288324,-0.02541218,-0.13809231,0.31993386,-0.9177015,-0.18008745,0.35878766,0.19152488,-0.32361817,-0.27253702,0.16858107,-0.43519557,0.084991515,0.5827404,-0.47276106,-0.1741358
80,2430,-0.5495674,-0.4685009,-0.8924475,-0.16584933,0.011769906,-0.28748256,-0.50979704,-0.20146911,0.6571846,-0.05500084,0.03199906,0.5953648,-0.4447908,-0.027387857,0.4941877,0.7364657
80,2439,-0.3560801,-0.32563,-0.41756782,-0.15061966,0.25731215,-0.10228454,-0.46298307,-0.22850613,0.6929514,-0.05244751,0.1603863,0.7097703,-0.23403394,-0.22314195,0.4592073,0.6115744
80,2444,-0.12781854,0.23288001,-0.5918586,0.6937536,-1.1039332,-0.72560054,0.3459284,-0.014711544,-0.5270535,-0.07147231,0.11068032,-0.37611055,0.18572044,0.72700775,-0.028318807,-0.020553708
80,2450,-0.2111693,0.35305417,-0.48854217,0.9027214,-1.1201731,-0.9236941,0.3682467,-0.09723093,-0.56026345,-0.04953218,0.1609016,-0.33983415,0.3117209,0.7062926,0.017937899,-0.01078967
80,2453,0.40505457,0.75177425,-0.3704826,0.06260016,0.40114233,0.27258164,-0.10522131,0.31305054,-0.64865744,0.45721945,-0.16169219,-0.26776773,-0.1727674,-0.060283512,0.65112853,-0.32625258
80,2466,-0.74747133,-0.37536263,0.5774374,-0.3497743,0.37173083,-0.2917009,0.067700334,-0.4373612,0.04740368,0.17966715,-0.8141173,-0.3945303,0.0602812,-0.32527453,-0.524142,-0.11468027
80,2469,-0.5094433,-0.5682214,-1.2360108,-0.03194264,-0.41117865,-0.23297668,-0.11714588,-0.094495125,0.37703532,-0.080345,0.17033744,0.46979076,-0.19533738,0.46254507,0.5529736,0.5849874
80,2472,0.36975667,0.6885706,-0.0689581,0.08147929,0.5452191,0.28963912,-0.1460377,0.21357071,-0.39408666,0.34267902,-0.029040739,-0.0031422526,-0.016721137,-0.21742125,0.5968159,-0.23523706
80,2482,-0.6097262,-0.47650224,-1.0558556,0.09373625,-0.3173663,-0.3648822,-0.13058078,-0.19052249,0.36470035,-0.044417948,0.18009132,0.5073686,-0.072799034,0.36893526,0.5595299,0.56846106
80,2488,0.54022884,-0.51967734,-0.08019754,-0.35539967,-0.37492657,0.5415949,0.13506126,0.29484582,0.3784931,-0.4200084,0.38895124,0.11685431,-0.14754984,0.25187278,-0.4118766,0.08911527
80,2489,-0.9335805,-0.60303754,-1.371494,-0.21787065,-0.053175777,-0.55988145,-0.69466454,-0.30460566,0.714883,0.035446383,-0.18786706,0.5957261,-0.69681096,0.036789536,0.69032437,0.9419742
80,2490,-0.77668166,-0.5227553,-1.0283706,-0.20346302,0.05623825,-0.42726612,-0.6166671,-0.29598075,0.70262134,0.008798264,-0.09811066,0.6119048,-0.5372956,-0.05857289,0.5863486,0.8210223
80,2520,-0.2211447,-0.38745725,-0.42853925,0.03267003,-0.28769892,-0.11306391,-0.0007115677,-0.06323146,0.2781286,-0.16066861,0.22801605,0.28740716,0.023308598,0.2455138,0.081078075,0.2922091
80,2521,0.18360674,0.07041481,-0.1041936,0.45745733,-0.9152938,-0.3372565,0.35767627,0.11657994,-0.35373592,-0.23559293,0.18506305,-0.4027658,0.17033976,0.56105876,-0.39754623,-0.1527071
80,2526,-0.5279184,0.7614963,0.4985889,1.5016853,-0.4908756,-1.4267937,0.24607119,-0.50662965,-0.3478726,0.03914012,0.41761678,0.14424677,0.87558514,0.0949184,0.19000724,0.08914851
80,2539,0.2550794,0.595405,-0.15668407,-0.030444197,0.4759411,0.24875125,-0.10156084,0.1993292,-0.4987898,0.3798023,-0.2338069,-0.23448108,-0.10188196,-0.15284653,0.4828292,-0.3149411
80,2548,0.21503597,0.44402224,0.38520998,0.046752915,0.7309764,0.24585259,-0.2934812,-0.016465679,0.2048972,0.10812939,0.18574768,0.53983724,0.15854567,-0.500975,0.47860944,0.08074238
80,2552,-0.35607788,0.034645617,1.1184989,0.42648795,0.28722095,-0.36744493,0.13671362,-0.48288327,0.35194343,-0.108916394,0.2761678,0.39229822,0.6634301,-0.460428,-0.28988132,0.09494588
80,2561,0.16386071,0.38623273,0.41908813,0.01750344,0.706854,0.22494905,-0.27136326,-0.04068035,0.20025016,0.099695705,0.13630657,0.4883647,0.16697891,-0.49384162,0.40227732,0.062639505
80,2565,0.218241,0.6082942,-0.3894367,-0.1028478,0.37964657,0.22014716,-0.06660638,0.25185803,-0.710909,0.48650584,-0.43681753,-0.5119096,-0.24814063,-0.03830743,0.48410445,-0.4134584
80,2580,0.49724433,-0.35189986,0.041176245,-0.048587643,-0.7564184,0.28128484,0.33431938,0.3298882,-0.041355237,-0.4175548,0.24844304,-0.33819228,-0.022490092,0.4848372,-0.71811074,-0.18802318
80,2599,0.45486382,0.18437044,0.6428352,0.10037582,0.49328122,0.4341606,-0.10478192,0.0026990492,0.4353791,-0.17381145,0.6004034,0.70357794,0.37866974,-0.39861053,0.18637434,0.13804412
80,2615,0.46267614,0.72029537,0.07762674,0.18306533,0.5992763,0.3289739,-0.17912617,0.20482269,-0.23263429,0.26354215,0.20132531,0.25596827,0.09811903,-0.28683734,0.65105265,-0.1345053
80,2623,0.43714458,0.1802489,0.6633352,0.095895626,0.5036896,0.42640868,-0.104921535,-0.007837949,0.43518305,-0.1694479,0.5818436,0.6952334,0.38476536,-0.40810096,0.17575073,0.13054207
80,2625,0.4644537,-0.39184284,0.038551003,-0.113474496,-0.6454909,0.3170347,0.2806308,0.30360457,0.04549566,-0.40576723,0.25983268,-0.2390698,-0.03468182,0.4127935,-0.65632874,-0.1344302
80,2628,-0.14351726,-0.39779037,-0.3447961,0.011264518,-0.31361067,-0.059175976,0.032382473,-0.030665666,0.27217662,-0.19439445,0.24519412,0.24484557,0.031731226,0.25087819,-0.013926439,0.24600065
80,2632,0.47991544,-0.4964581,-0.04515864,-0.33106947,-0.2907279,0.501309,0.10173651,0.2420109,0.41273016,-0.3954704,0.39876282,0.18918237,-0.1108833,0.19014388,-0.35017025,0.124098554
80,2645,0.5382783,-0.42159742,0.3415378,-0.24484143,-0.07484025,0.52277815,0.08182005,0.16824426,0.5352528,-0.44076225,0.5263208,0.35605794,0.08834484,-0.0022565126,-0.3824894,0.10874128
80,2664,-0.3971629,-0.1307204,0.24645327,-0.3535964,0.43336934,-0.033593558,-0.06756517,-0.18512063,-0.046951815,0.23034835,-0.6363591,-0.28944856,-0.104709126,-0.2879572,-0.17708422,-0.1273925
80,2673,0.42915872,0.7444406,-0.012910306,0.13751745,0.59275377,0.31534934,-0.16626273,0.22039683,-0.34626222,0.32745197,0.06918226,0.10873158,0.03329289,-0.25486508,0.657037,-0.2063224
80,2709,0.3040568,-0.45022285,0.04629323,-0.17760563,-0.36346924,0.30092102,0.14679179,0.16985752,0.2838304,-0.35511526,0.3228792,0.07231963,0.003875874,0.22179878,-0.43988964,0.042019278
80,2722,-0.06430162,0.14555722,-0.66388416,0.54346466,-1.0957845,-0.5814252,0.33222935,0.046378247,-0.5035483,-0.08950884,0.075645,-0.40527087,0.09503806,0.7437601,-0.06641191,-0.029307373
80,2725,0.38384703,-0.43591172,0.4653996,-0.18045127,-0.13829193,0.3892155,0.13202128,0.13456795,0.415466,-0.415593,0.4154116,0.18826775,0.16545834,0.015527055,-0.55819416,-0.01578942
80,2734,0.18360674,0.07041481,-0.10419357,0.45745733,-0.9152938,-0.3372565,0.35767627,0.11657994,-0.35373592,-0.23559293,0.18506303,-0.4027658,0.17033976,0.56105876,-0.39754623,-0.1527071
80,2744,0.28398424,0.61289525,-0.12586325,-0.00010817498,0.4891709,0.25954324,-0.10757479,0.20201539,-0.4707262,0.36442325,-0.1760856,-0.17538087,-0.07278202,-0.16705878,0.50192,-0.2967424
80,2767,-0.60400665,-0.49174446,-0.96632123,-0.17291242,-0.00037157536,-0.32739007,-0.53833896,-0.21741496,0.675007,-0.045576923,0.0074519217,0.6040642,-0.48135248,-0.015967399,0.52545196,0.7730042
80,2771,0.14810884,0.5027057,-0.2788105,-0.1318008,0.4052683,0.19656038,-0.097294904,0.18274057,-0.55201834,0.41623142,-0.40430236,-0.39569134,-0.2157571,-0.10287569,0.41287172,-0.327425
80,2783,0.17746565,0.52548194,-0.22850683,-0.101321146,0.4294526,0.21239278,-0.097040385,0.18365097,-0.52877325,0.4000953,-0.34946173,-0.34161544,-0.17374593,-0.121932305,0.42666823,-0.32325774
80,2784,0.42764103,0.07473394,0.34214556,0.022865862,0.41553488,0.4154975,-0.18042926,-0.002282234,0.54851604,-0.17784476,0.6232132,0.7968769,0.21376023,-0.33910468,0.2970491,0.29936606
80,2786,0.49986872,-0.52321255,-0.07596859,-0.31977192,-0.41841435,0.49183422,0.1574766,0.28035346,0.3463391,-0.4196729,0.37780344,0.08063648,-0.120448135,0.28380534,-0.44283035,0.06740622
80,2793,0.0995057,0.14526531,-0.04119754,0.551712,-0.8469986,-0.44816738,0.33399588,0.042794704,-0.3493765,-0.19801137,0.19935867,-0.33981025,0.24200845,0.4955254,-0.32310885,-0.12317289
80,2800,0.53750587,-0.11292202,0.3158682,-0.06748743,0.12851404,0.46789542,-0.01908172,0.12004227,0.4822932,-0.3135615,0.6075392,0.54913944,0.16140969,-0.15683977,-0.05019183,0.19412526
80,2801,0.37046528,-0.07486014,0.7003908,0.07952339,0.16306552,0.29200324,0.09135816,-0.031908013,0.4492944,-0.30027327,0.5640417,0.48156732,0.37651277,-0.24857518,-0.22750658,0.10351417
80,2803,0.39259917,-0.33192974,-0.21817508,-0.06860909,-0.7688173,0.21955758,0.29146996,0.30513895,-0.09278986,-0.34395853,0.17709917,-0.3271677,-0.10212948,0.5296062,-0.5417257,-0.11138605
80,2810,-0.7472418,-0.4624071,0.1809336,-0.5667078,0.26190183,-0.18126813,0.1205497,-0.26407722,-0.24739419,0.32313937,-1.1530405,-0.8414897,-0.23830983,-0.12923041,-0.5862836,-0.3143355
80,2822,0.43475696,-0.2916772,0.081711456,0.0057732835,-0.692359,0.21589582,0.31072828,0.28129023,-0.054772735,-0.37948117,0.2365179,-0.3078059,0.016495913,0.43134454,-0.6646051,-0.17422992
80,2826,0.4210596,-0.34014076,-0.18522614,-0.06896109,-0.7851477,0.23595473,0.30506688,0.31909347,-0.09055722,-0.36206013,0.18858188,-0.3414343,-0.09682772,0.53691554,-0.5804054,-0.12835678
80,2828,0.3826977,0.765263,-0.40395507,0.029109053,0.40711004,0.2724117,-0.088362314,0.31958485,-0.7206105,0.49510238,-0.25022483,-0.36806607,-0.19919467,-0.04291901,0.64408505,-0.385345
80,2833,0.4787109,-0.3468114,-0.05321631,-0.0701582,-0.7624601,0.27848005,0.31884065,0.33548406,-0.06561583,-0.39557582,0.21811922,-0.34585667,-0.0660805,0.5032655,-0.6636827,-0.1662933
80,2842,-0.2857817,-0.037633497,0.93082106,0.3372304,0.218909,-0.29436946,0.10356795,-0.41389015,0.38071585,-0.13992172,0.29428703,0.4019814,0.5539018,-0.3810886,-0.2549911,0.13424382
80,2847,-0.45624688,0.664818,0.17102452,1.3225901,-0.6538569,-1.2914027,0.2645635,-0.39283293,-0.4333688,0.039318487,0.31824094,0.0063488185,0.69737744,0.26352015,0.18521985,0.065620296
80,2866,0.35374537,0.15247032,0.71650136,0.07203018,0.53056246,0.38650715,-0.10669946,-0.048270367,0.42758834,-0.14991751,0.4978242,0.6510081,0.39299357,-0.43490034,0.13087723,0.10653689
80,2884,0.31505558,0.64606446,-0.1167427,0.026221849,0.50814897,0.2709923,-0.11883223,0.21022525,-0.45863098,0.36455992,-0.13523601,-0.13034232,-0.058843903,-0.17971742,0.5392848,-0.2841627
80,2902,0.40603545,-0.32999933,-0.2621108,-0.043483846,-0.85529315,0.19793335,0.32328954,0.32156903,-0.13019182,-0.35455772,0.17612374,-0.37498015,-0.105582334,0.5931761,-0.56485516,-0.12854442
80,2905,0.21665466,0.43250078,0.34476417,0.04402408,0.69743794,0.24213377,-0.2839072,-0.0040946566,0.18177542,0.11074405,0.1781742,0.5107498,0.13825089,-0.4750101,0.46837628,0.0789235
80,2929,0.23395608,0.586058,-0.18984866,-0.05392833,0.4655555,0.23938343,-0.09993724,0.19919926,-0.52378964,0.39677054,-0.28128743,-0.28158844,-0.13036242,-0.14081895,0.47525376,-0.32715514
80,2942,0.5043543,-0.44946653,0.4519768,-0.23775336,-0.1221444,0.49417892,0.12815824,0.17676438,0.4721958,-0.4524852,0.46999472,0.23632285,0.13000885,0.010489777,-0.536468,0.01026959
80,2949,0.25338605,-0.45268583,0.25355187,-0.17085558,-0.18643826,0.29856426,0.10250909,0.10217007,0.38546026,-0.35586017,0.36121732,0.19139591,0.10299528,0.07494575,-0.44798025,0.051572807
80,2964,-0.59149754,0.82490695,0.43801913,1.5890806,-0.5209912,-1.5329673,0.2461133,-0.53949463,-0.3973381,0.07599092,0.4096017,0.15222585,0.8990114,0.116472036,0.26683378,0.106208414
80,2967,0.3145582,-0.22594173,-0.31187502,0.09052845,-0.9131448,0.033570804,0.33558378,0.26493436,-0.2181529,-0.30570623,0.15386103,-0.4000647,-0.051662736,0.6283474,-0.49279007,-0.1267297
80,2974,0.32787243,0.5569169,0.1702727,0.09446185,0.59175164,0.28329837,-0.18293354,0.12186638,-0.12116648,0.22132513,0.117693014,0.25539884,0.098153174,-0.32283333,0.5058978,-0.088608526
80,2979,0.23029529,0.57416034,-0.18558443,-0.05408559,0.4592548,0.23682809,-0.09983872,0.195891,-0.51291716,0.38880208,-0.27429557,-0.27378374,-0.12827113,-0.14046007,0.4662745,-0.31918707
80,2991,0.20448315,-0.07402064,0.73673666,0.11766853,0.18736619,0.16447379,0.083854266,-0.113100424,0.41686773,-0.25305668,0.4711634,0.440238,0.39839807,-0.28058842,-0.236375,0.099589765
80,3000,-0.7558179,-0.53622866,-1.1092767,-0.18780382,-0.013558507,-0.43225342,-0.5976169,-0.26248363,0.68116826,-0.006601982,-0.08361335,0.59067494,-0.5572018,-0.000798434,0.58156204,0.83125186
80,3002,0.53181577,0.17776321,0.56410813,0.090861894,0.4530894,0.47785774,-0.10422373,0.03571681,0.46220642,-0.19808203,0.6651046,0.7449196,0.3475263,-0.36724827,0.21562296,0.18088235
80,3020,-0.84074324,-0.5238394,-1.4861299,0.08643732,-0.29413456,-0.47881347,-0.23190108,-0.2595366,0.41380078,0.045784988,0.12595336,0.6556728,-0.17010659,0.42204198,0.8991624,0.7600532
80,3029,0.5382783,-0.42159736,0.34153783,-0.24484143,-0.07484025,0.52277815,0.08182003,0.16824427,0.5352528,-0.44076225,0.52632076,0.35605794,0.08834484,-0.0022564977,-0.38248944,0.10874128
80,3034,0.18428123,-0.36528343,0.13473436,-0.05390992,-0.32895726,0.15750039,0.14804438,0.08988292,0.21901903,-0.3096409,0.29656994,0.06042321,0.09942828,0.18553343,-0.4240358,0.019857131
80,3037,0.2141249,0.42682678,0.34748948,0.043061428,0.694731,0.24082908,-0.2830905,-0.00591428,0.18561167,0.10718913,0.1796965,0.51214486,0.13980806,-0.47444353,0.46319735,0.080567434
80,3041,0.58930784,-0.5380635,-0.08283201,-0.3166057,-0.6562055,0.5185671,0.26242056,0.39869577,0.14918225,-0.45936355,0.28172213,-0.207065,-0.16454494,0.44412413,-0.6756566,-0.10066465
80,3050,0.37117642,0.67174757,-0.04037772,0.09144693,0.54485536,0.2888042,-0.15081418,0.20445183,-0.35485345,0.31993338,0.006612003,0.04121925,0.0011464544,-0.22865652,0.5867842,-0.21047518
80,3052,-0.5500152,0.7766229,0.32737154,1.5102808,-0.5861551,-1.4654454,0.25829074,-0.48933816,-0.42317706,0.06581619,0.3762853,0.09388395,0.83109504,0.18217108,0.2445339,0.09072178
80,3079,0.47020864,-0.34588838,0.05879213,-0.06544492,-0.6805545,0.28486517,0.30118135,0.30818677,-0.013605118,-0.3992141,0.24382654,-0.29162097,-0.01978337,0.4308305,-0.67794067,-0.16600236
80,3093,0.44595405,-0.3222448,-0.09165934,-0.038365304,-0.7823711,0.2332465,0.32042053,0.32025617,-0.09325977,-0.37780404,0.20593713,-0.35400903,-0.061731167,0.52039313,-0.6318544,-0.15785041
80,3101,0.2515592,-0.45156884,0.34237117,-0.1491541,-0.17387623,0.2896375,0.115722544,0.09128027,0.39033824,-0.36956245,0.37381947,0.18735483,0.15046293,0.05622384,-0.4973908,0.02360648
80,3114,-0.8584571,-0.565673,-1.1914221,-0.21248391,0.007849276,-0.49288845,-0.65759736,-0.3050288,0.71651804,0.021291733,-0.1418484,0.6093808,-0.61397684,-0.01657702,0.6381687,0.88256866
80,3115,0.3579596,0.78699464,-0.6122792,-0.028114177,0.33954135,0.24564898,-0.08758532,0.36060208,-0.8634603,0.58481276,-0.40429848,-0.5548746,-0.339708,0.034127638,0.6797447,-0.43079603
80,3116,0.46528563,0.7240353,0.08451624,0.18569022,0.6050708,0.33104607,-0.18030554,0.20417011,-0.22907211,0.26263875,0.20596781,0.2628042,0.102716066,-0.2909491,0.6541707,-0.13408673
80,3119,0.43477967,-0.36600006,0.061145604,-0.08954853,-0.6142839,0.28760928,0.27018976,0.28091866,0.038778655,-0.3894855,0.25352448,-0.22656925,-0.015103929,0.3874531,-0.6357934,-0.13080949
80,3122,0.19349478,0.4191445,0.3946324,0.034050696,0.7222158,0.23682934,-0.2889053,-0.027023023,0.20942283,0.10357685,0.16845083,0.52577573,0.15853474,-0.49950433,0.45196044,0.07988865
80,3132,0.24991539,0.6035961,-0.17595586,-0.04022961,0.47752258,0.2474139,-0.10065744,0.20297377,-0.52148825,0.3954745,-0.26139718,-0.26336098,-0.1162901,-0.14743344,0.48875302,-0.32869703
80,3133,0.68830097,-0.06978351,0.45713934,-0.055750616,0.11851134,0.56461805,0.050587527,0.17453988,0.44768322,-0.3538678,0.67851704,0.52078444,0.2303918,-0.15598184,-0.13882646,0.11903922
80,3139,0.28282827,0.6239109,-0.14344168,-0.006507911,0.49143633,0.2598243,-0.10688196,0.20687816,-0.49202424,0.37868398,-0.1977771,-0.19941942,-0.084804304,-0.16224003,0.51041603,-0.30952853
80,3149,0.21914247,0.55843765,-0.19085664,-0.06211878,0.450299,0.23076236,-0.10045766,0.1915543,-0.5070944,0.38552487,-0.28192967,-0.27848566,-0.13557088,-0.13774127,0.45498323,-0.31306797
80,3160,0.114852935,-0.23002754,0.5765168,0.03016948,0.094250016,0.12116598,0.058764674,-0.12162788,0.46832424,-0.2774083,0.4087718,0.41101503,0.2957331,-0.19726537,-0.26412684,0.14729612
80,3164,-0.82721883,-0.549556,-1.1250708,-0.20961085,0.029422224,-0.46672833,-0.6426425,-0.30311728,0.7143432,0.016209967,-0.12383874,0.613224,-0.5831081,-0.03524819,0.6187082,0.85934764
80,3165,0.25739226,-0.14314064,-0.2009848,0.17341545,-0.8303791,-0.052327655,0.31218982,0.2046098,-0.22445874,-0.27433282,0.15906987,-0.35865468,0.02079245,0.5495095,-0.4555672,-0.124856554
80,3166,-0.134134,-0.22488382,-0.14817834,-0.12089599,0.34726366,0.06510332,-0.3909159,-0.18501364,0.6912036,-0.084140845,0.29859716,0.7689038,-0.09527796,-0.29475737,0.4169843,0.5203083
80,3167,-0.03993223,-0.025210902,0.81398284,-0.04960204,0.53739333,0.17493255,-0.07392273,-0.20034583,0.3409006,-0.06299295,0.09076961,0.36626238,0.36461473,-0.46092576,-0.11770705,0.0063866302
80,3168,-0.3791353,-0.3913718,-0.6268722,0.07882515,-0.27525884,-0.227463,-0.05292361,-0.12514544,0.2977695,-0.105337426,0.20572215,0.37085444,0.007645089,0.2687068,0.26431465,0.38936913
80,3184,0.3629004,-0.5476577,-0.33450845,-0.2710391,-0.5931459,0.37601912,0.17829594,0.29574656,0.20738515,-0.3772826,0.26003423,-0.050746426,-0.17786682,0.4406062,-0.40416855,0.055326447
80,3186,0.4413167,0.8221987,-0.50047815,0.0669167,0.37411112,0.27508387,-0.106219314,0.36133185,-0.75506794,0.52249837,-0.20941089,-0.35351747,-0.24073637,-0.013084143,0.7231815,-0.36057657
80,3189,0.5384934,-0.511234,-0.0976015,-0.37149882,-0.3357414,0.55363625,0.11262236,0.2897845,0.3957724,-0.40735126,0.3886447,0.14898202,-0.16271141,0.22627595,-0.3688385,0.113376066
80,3194,0.54766643,-0.43366897,0.3913336,-0.24680972,-0.10918668,0.5248127,0.11158521,0.18590198,0.50042987,-0.45373893,0.50610423,0.28932756,0.103094526,0.013540864,-0.4648133,0.055850983
80,3204,-0.35357714,-0.09971489,0.24725506,-0.3319544,0.4417915,-0.010981344,-0.08231907,-0.16845736,-0.034976393,0.21760994,-0.5804463,-0.2406361,-0.09129562,-0.2959892,-0.14149746,-0.11568376
80,3207,0.46528563,0.7240353,0.08451625,0.18569022,0.6050708,0.33104607,-0.18030554,0.20417011,-0.22907211,0.26263875,0.20596781,0.26280424,0.102716066,-0.2909491,0.6541706,-0.13408673
80,3211,-0.6766298,-0.40124416,0.7082571,-0.36708543,0.41101408,-0.17667079,0.021851607,-0.41202635,0.13967468,0.10308873,-0.7003765,-0.2540949,0.14226475,-0.38031217,-0.5614178,-0.112280615
80,3215,-0.8579937,-0.46619415,0.69394624,-0.36444247,0.35165417,-0.35051864,0.12197087,-0.5060572,0.061747037,0.16693419,-0.8911439,-0.45447713,0.115898184,-0.3309117,-0.66183645,-0.13828707
80,3219,-0.5946035,0.8593218,0.5470417,1.6778259,-0.54086196,-1.5974758,0.27463135,-0.56695515,-0.39248776,0.056667186,0.4536218,0.1547834,0.9703421,0.10734701,0.22782165,0.094015494
80,3233,0.43773413,0.78865623,-0.3902569,0.086032785,0.4050117,0.28080523,-0.1134953,0.32962748,-0.6583858,0.4676943,-0.13405709,-0.24707489,-0.1751292,-0.058505088,0.6923437,-0.32002762
80,3245,-0.7951596,-0.5339664,-1.0648763,-0.20635122,0.05014971,-0.44030792,-0.62948793,-0.30059192,0.71516085,0.010996178,-0.10345052,0.62105685,-0.5544189,-0.052748844,0.6041599,0.8396089
80,3249,0.41629338,0.80579174,-0.41986927,0.05334016,0.41621053,0.2814879,-0.098547935,0.33537462,-0.7285065,0.50648355,-0.22095619,-0.34321135,-0.19982377,-0.044807717,0.68893754,-0.3784911
80,3256,-0.69768953,0.9559171,0.59498626,1.8299438,-0.50779265,-1.7586155,0.2636793,-0.64818573,-0.40712386,0.09930252,0.4798833,0.22139555,1.0579746,0.06621888,0.31837144,0.12768832
80,3262,0.3423012,-0.44348,0.43710652,-0.16959551,-0.15477541,0.35737693,0.13068289,0.123409666,0.40339726,-0.40364754,0.3995961,0.17854814,0.1639167,0.03028202,-0.55365855,-0.012039602
80,3277,-0.6874062,-0.4224074,0.1762124,-0.53618497,0.26694566,-0.15214455,0.10237522,-0.24009146,-0.23310684,0.30456203,-1.0747728,-0.7773039,-0.22195002,-0.13541096,-0.5391754,-0.29728544
80,3278,0.29739255,-0.55250674,-0.42462352,-0.26855415,-0.5702286,0.3417826,0.14873627,0.26894188,0.22393914,-0.35015628,0.24805698,-0.0037145317,-0.19298112,0.4389744,-0.31499687,0.10591522
80,3281,0.23033077,0.102670476,0.7201569,0.04080399,0.5270041,0.3156536,-0.107240655,-0.08840356,0.39409494,-0.12199861,0.37970245,0.56720245,0.37249064,-0.4371115,0.07224382,0.0804421
80,3293,0.26692772,-0.13475448,-0.17404357,0.1811035,-0.8251766,-0.052430667,0.31499228,0.20571028,-0.22729085,-0.27782917,0.16252181,-0.3628319,0.027810693,0.541556,-0.46681222,-0.1331642
80,3303,-0.8356548,-0.45362878,0.66602236,-0.3489552,0.33678472,-0.348496,0.12203296,-0.49363336,0.056851238,0.1625618,-0.86193925,-0.4438982,0.10912953,-0.318299,-0.64105964,-0.12821993
80,3336,0.40708217,0.77837384,-0.39581612,0.053941153,0.40969202,0.27686626,-0.099672645,0.32379186,-0.6945593,0.48456833,-0.20036869,-0.31535625,-0.18760645,-0.051449046,0.6670501,-0.35851908
80,3352,0.27318436,-0.17767185,-0.25187072,0.136881,-0.85623336,-0.018607378,0.31707653,0.22523277,-0.2184787,-0.2832216,0.15519103,-0.36851263,-0.009671621,0.5772772,-0.46180966,-0.1205023
80,3358,0.15383567,0.5175638,-0.2835815,-0.13042879,0.4120738,0.20014137,-0.096507564,0.18744463,-0.5660291,0.42543128,-0.41112298,-0.4051143,-0.21715415,-0.10250426,0.4234709,-0.33774936
80,3359,-0.11102391,-0.32376653,-0.4345763,-0.12558818,0.06074854,0.019671977,-0.3216891,-0.06836663,0.59328157,-0.15439755,0.26564157,0.58870226,-0.21388954,-0.079656035,0.3003766,0.52970856
80,3362,-0.89814377,-0.49024773,0.61927354,-0.385616,0.31928262,-0.38827905,0.13663769,-0.5106823,0.028898478,0.19424054,-0.9534265,-0.5263171,0.061070006,-0.29680514,-0.6699369,-0.13697389
80,3364,0.55892223,-0.49816477,-0.046917886,-0.2731932,-0.6358877,0.47488084,0.2599543,0.37429282,0.12636527,-0.442539,0.27354884,-0.20885636,-0.13436258,0.42357787,-0.66438484,-0.10746347
80,3365,-0.55657333,0.0931707,1.2033633,0.5334892,0.3167627,-0.56033856,0.14451805,-0.60272795,0.29664478,-0.04030241,0.18904713,0.3560747,0.73064816,-0.5130016,-0.28196064,0.09485407
80,3368,0.27952045,0.6295727,-0.49660435,-0.055917963,0.3049061,0.21552676,-0.081997305,0.29425052,-0.7166884,0.48464075,-0.35782194,-0.47163367,-0.2913858,0.0076596886,0.5403951,-0.3573405
80,3372,0.47262877,0.10229497,0.37441665,0.038421333,0.42065537,0.44177815,-0.16670188,0.013381252,0.5387863,-0.18570931,0.651359,0.8035442,0.23770106,-0.34129187,0.2953972,0.28594434
80,3373,0.46179587,-0.3146569,0.035421714,-0.009275436,-0.751125,0.2338154,0.3302064,0.30767146,-0.0674701,-0.3953905,0.2363171,-0.33967358,-0.007810682,0.4794813,-0.68659556,-0.18218884
80,3382,0.51405543,0.15486844,0.50743437,0.07539549,0.44567034,0.46765938,-0.124811366,0.027663799,0.48943,-0.19444749,0.663326,0.76739156,0.31505945,-0.36111552,0.24296257,0.2148372
80,3383,0.3809354,-0.44973063,0.46029148,-0.17864244,-0.15847293,0.38531956,0.14012551,0.13657966,0.41702294,-0.42194277,0.41914195,0.18143576,0.16792119,0.031029955,-0.57305217,-0.018708907
80,3388,0.06732415,0.3332162,0.2891541,-0.07433947,0.66085994,0.17625359,-0.264776,-0.046879064,0.10706337,0.16638839,-0.05054809,0.30815783,0.052463725,-0.45109516,0.35713148,0.02595435
80,3402,0.15231183,0.51888627,-0.33672723,-0.14087889,0.37496227,0.19627628,-0.073476784,0.20651752,-0.6328715,0.44705662,-0.45286846,-0.48591053,-0.24196982,-0.061886422,0.4108139,-0.37525746
80,3406,0.43305504,-0.46535075,0.48380896,-0.19873828,-0.1604523,0.42855224,0.14846316,0.15409751,0.44610494,-0.4478749,0.44738108,0.19513527,0.1677238,0.030251592,-0.59244716,-0.02046553
80,3420,0.44595405,-0.3222448,-0.09165937,-0.038365304,-0.7823711,0.2332465,0.32042056,0.32025617,-0.09325977,-0.37780404,0.20593713,-0.35400903,-0.061731167,0.52039313,-0.6318544,-0.15785038
80,3426,-0.858688,-0.45115823,0.6225467,-0.37614533,0.3452926,-0.3614341,0.11749358,-0.4945551,0.030924767,0.19477305,-0.9230015,-0.49273753,0.068109564,-0.31265187,-0.6285995,-0.13852954
80,3441,-0.03993223,-0.025210902,0.81398284,-0.04960204,0.53739333,0.17493255,-0.07392273,-0.20034583,0.3409006,-0.06299295,0.09076961,0.36626238,0.36461473,-0.46092576,-0.117707044,0.0063866302
80,3444,0.47262877,0.10229497,0.37441665,0.03842134,0.42065537,0.44177818,-0.16670188,0.013381252,0.5387863,-0.1857093,0.651359,0.8035442,0.23770106,-0.34129187,0.29539722,0.28594434
80,3450,-0.45406204,0.06428598,1.1622005,0.47995785,0.30098483,-0.4629557,0.14169317,-0.5413287,0.32280052,-0.07530254,0.23246899,0.37253743,0.69722855,-0.48611245,-0.28822783,0.09367426
80,3467,-0.7960966,-0.43922788,0.71475947,-0.3559981,0.37420595,-0.29465926,0.09102336,-0.4774763,0.09042833,0.14097178,-0.8195914,-0.3795824,0.13790259,-0.3521243,-0.6311742,-0.13093582
80,3468,-0.64769995,0.8757124,0.55811864,1.6803782,-0.44559604,-1.6139671,0.23122829,-0.6007809,-0.36368978,0.08895845,0.44910216,0.22602475,0.9786366,0.04291907,0.29704988,0.1281361
80,3476,0.24803285,0.63756484,-0.4053783,-0.08154401,0.37504035,0.22908562,-0.06381977,0.2693877,-0.7310735,0.49358204,-0.4139734,-0.5078719,-0.2451317,-0.028265163,0.50941825,-0.41940814
80,3485,-0.64473987,-0.39155376,0.7185472,-0.37257603,0.42732823,-0.14037207,0.00042838603,-0.3954867,0.15674764,0.090598755,-0.6688948,-0.215506,0.14858827,-0.39371014,-0.546729,-0.11043323
80,3493,-0.03993223,-0.025210902,0.81398284,-0.04960204,0.53739333,0.17493255,-0.07392273,-0.20034583,0.3409006,-0.06299295,0.09076961,0.36626238,0.36461475,-0.46092576,-0.11770705,0.0063866302
80,3524,-0.24976312,-0.00729125,0.16839221,-0.29069257,0.42212176,0.057309136,-0.02893551,-0.07169926,-0.19327985,0.27785707,-0.594211,-0.34962565,-0.10005199,-0.2211689,-0.096297346,-0.22610164
80,3529,0.40505457,0.7517742,-0.37048265,0.06260016,0.40114233,0.27258164,-0.10522131,0.3130506,-0.64865744,0.45721945,-0.16169222,-0.26776773,-0.1727674,-0.060283512,0.6511285,-0.32625258
80,3535,0.5305053,-0.46525794,0.45690355,-0.24649203,-0.13295141,0.5148729,0.1350992,0.18560937,0.49308628,-0.46972767,0.49092686,0.24689467,0.13065557,0.018597797,-0.5479538,0.013105907
80,3554,-0.45624688,0.6648179,0.1710245,1.3225902,-0.6538569,-1.2914026,0.2645635,-0.39283293,-0.4333688,0.039318487,0.31824094,0.0063488185,0.6973774,0.26352015,0.18521985,0.0656203
80,3558,0.17256235,0.55760854,-0.3633612,-0.13305315,0.38304043,0.2043967,-0.07350308,0.2231872,-0.6695362,0.47065017,-0.46257663,-0.5064126,-0.2518542,-0.054812253,0.44385952,-0.39453694
80,3560,0.4985972,-0.540802,-0.1758981,-0.30309567,-0.6172565,0.46531203,0.22308764,0.35525677,0.17864242,-0.42447808,0.27383837,-0.13673003,-0.17024854,0.43194237,-0.56282383,-0.03564758
80,3572,0.50761575,0.7371432,0.1661801,0.22837302,0.64258504,0.35303155,-0.2027277,0.1934742,-0.1336324,0.22381559,0.31658882,0.4028742,0.15920506,-0.33488032,0.68372244,-0.07498542
80,3588,-0.7472418,-0.4624071,0.1809336,-0.5667078,0.26190183,-0.18126813,0.1205497,-0.26407722,-0.24739419,0.32313937,-1.1530404,-0.8414897,-0.2383098,-0.12923041,-0.5862836,-0.3143355
80,3595,0.18950586,0.4052804,0.39426857,0.03259419,0.70919377,0.23415512,-0.2836989,-0.027924677,0.21143992,0.09632122,0.17108612,0.5218314,0.15951335,-0.49246114,0.4377944,0.08149402
80,3601,0.22202326,-0.43507993,0.29172528,-0.14494333,-0.16627094,0.26758948,0.10076793,0.081439205,0.37460244,-0.34564903,0.35398862,0.19096014,0.13139112,0.056226805,-0.45163095,0.042373743
80,3612,-0.86992985,-0.47262347,0.6612048,-0.3630553,0.33201253,-0.37009105,0.13120186,-0.50790626,0.049790673,0.17506796,-0.9030031,-0.47730565,0.09704813,-0.31320238,-0.66101456,-0.13208717
80,3631,0.3850562,0.6857944,-0.026330426,0.10478709,0.55831623,0.2946337,-0.15753022,0.20523515,-0.34095895,0.31646773,0.030476853,0.07125874,0.012737013,-0.23978075,0.60299826,-0.20145923
80,3659,-0.12781854,0.23288001,-0.5918586,0.69375354,-1.1039332,-0.72560054,0.34592843,-0.014711544,-0.5270535,-0.07147231,0.11068031,-0.3761105,0.18572041,0.72700775,-0.028318811,-0.020553708
80,3661,-0.01995937,-0.29760987,-0.34412518,-0.11773045,0.066966236,0.08188276,-0.2840667,-0.04131191,0.5866894,-0.17838868,0.31819755,0.59166706,-0.167323,-0.08779795,0.2602355,0.49164146
80,3665,-0.11103822,0.12351735,0.1617325,-0.20455164,0.460857,0.1137914,-0.07356508,-0.023502305,-0.17053448,0.2590538,-0.42116755,-0.19813193,-0.05832298,-0.24726103,0.04860495,-0.18842345
80,3674,0.04951735,-0.009473249,-0.76527846,0.28269887,-1.0558661,-0.3211329,0.30282494,0.15345265,-0.44789064,-0.124551706,0.022554934,-0.43821514,-0.060066648,0.7554914,-0.13725886,-0.04301911
80,3686,-0.2326218,0.01606179,1.069417,0.37453568,0.26509213,-0.2579307,0.13664854,-0.41093904,0.37231553,-0.14535956,0.33031088,0.40659738,0.6263615,-0.42744422,-0.29079404,0.09139462
80,3689,0.34945282,0.6626205,-0.076651454,0.06527535,0.52855545,0.28105223,-0.13941438,0.20797996,-0.3975711,0.3394458,-0.050960854,-0.028123394,-0.026545234,-0.2078357,0.5707265,-0.23838815
80,3700,0.49861726,-0.34501398,-0.024693534,-0.04757479,-0.79977167,0.27255744,0.34222353,0.3435377,-0.07653038,-0.41114458,0.22997524,-0.3704552,-0.049347453,0.52354324,-0.70330596,-0.18736458
80,3702,0.3392663,-0.2855298,-0.24703816,-0.01600562,-0.7746796,0.14768131,0.28662503,0.27347076,-0.12621458,-0.3138041,0.16197939,-0.32596153,-0.0811621,0.5330608,-0.49321097,-0.10149663
80,3707,0.5301015,-0.42005312,0.33890492,-0.24276412,-0.067169815,0.5181767,0.07671071,0.16231486,0.5402677,-0.43743235,0.52668613,0.36587095,0.08920711,-0.0075083077,-0.37174252,0.115360916
80,3716,-0.21752125,0.043054566,0.25979283,-0.2564443,0.5193323,0.05559692,-0.14377852,-0.12548305,0.0035788566,0.20663914,-0.4213618,-0.07221539,-0.050036684,-0.34930336,0.019129276,-0.07845003
80,3717,0.5495014,-0.45082647,0.4168247,-0.24971348,-0.12080458,0.52799183,0.12195847,0.1882109,0.5062319,-0.4654888,0.5081862,0.2791431,0.1134112,0.017567202,-0.49799532,0.041972235
80,3727,0.46563146,-0.46567762,0.46552405,-0.22627509,-0.144326,0.46435395,0.13801548,0.16855454,0.4574973,-0.45042288,0.4518606,0.20879866,0.14403623,0.022447854,-0.57253885,-0.008872785
80,3729,0.46304882,-0.34909934,0.06793532,-0.06126876,-0.6752944,0.2794177,0.30049327,0.30111465,-0.0041020364,-0.4002426,0.24999405,-0.28135908,-0.010921799,0.42614797,-0.67752945,-0.16256085
80,3731,0.30840603,0.13560942,0.7056228,0.06270511,0.52595603,0.358192,-0.109818675,-0.060838588,0.41368413,-0.13899106,0.45753837,0.62204945,0.38046357,-0.43256563,0.11682401,0.1007818
80,3734,0.4965791,-0.44577783,0.45236644,-0.23596683,-0.12345609,0.48776636,0.1289106,0.17636482,0.4609115,-0.4477433,0.46007746,0.22498176,0.12943995,0.010680363,-0.5404108,0.0041590855
80,3738,-0.0063513108,0.21105088,0.44709003,-0.09056375,0.6391581,0.15831292,-0.21788251,-0.10176802,0.17247708,0.104065634,-0.05953972,0.30732882,0.1334799,-0.46100417,0.19653109,0.014160879
80,3743,0.44437608,-0.46241456,0.47186387,-0.21349588,-0.1457636,0.44455636,0.13908526,0.15906882,0.4504642,-0.4449222,0.44536853,0.20399526,0.15367511,0.021737963,-0.5755275,-0.012392141
80,3745,0.4239205,-0.47782242,0.03865266,-0.28717104,-0.25455296,0.44923186,0.100622796,0.2027371,0.4050324,-0.3836216,0.39350462,0.19438677,-0.051718168,0.15546215,-0.3703214,0.10580286
80,3763,0.43516687,0.7911228,-0.38946941,0.082321085,0.40795723,0.2819635,-0.10964888,0.33002904,-0.66838646,0.47190914,-0.14478184,-0.26028466,-0.17473033,-0.0571685,0.68979967,-0.33046755
80,3773,0.14581726,0.059085637,0.7736517,0.005936466,0.54096055,0.2782918,-0.09324818,-0.12981114,0.38595596,-0.10435057,0.28330263,0.5067154,0.37979707,-0.45349506,0.0019702986,0.052979
80,3780,0.218241,0.6082941,-0.3894367,-0.1028478,0.37964657,0.22014716,-0.06660637,0.25185806,-0.710909,0.48650578,-0.43681753,-0.5119096,-0.24814063,-0.038307443,0.48410445,-0.4134584
80,3781,0.45121002,0.69148993,0.10189339,0.18057406,0.59114826,0.32504985,-0.17554288,0.19381733,-0.2063321,0.24318933,0.2146785,0.27196994,0.1108572,-0.28995574,0.6237586,-0.12250576
80,3783,-0.37099424,-0.3312819,-0.42435327,-0.1526944,0.24662277,-0.11398908,-0.45925424,-0.22835957,0.67830205,-0.05083529,0.14313772,0.6875478,-0.23919716,-0.21603706,0.44528896,0.60500157
80,3785,0.34869882,0.6717073,-0.09217164,0.05974164,0.52788687,0.2817638,-0.135246,0.21343367,-0.42139137,0.35205707,-0.07134141,-0.055161074,-0.035649575,-0.20043518,0.5747669,-0.25411913
80,3794,0.53050536,-0.46525794,0.45690358,-0.24649203,-0.13295141,0.51487285,0.1350992,0.18560939,0.49308634,-0.46972767,0.49092686,0.24689467,0.13065556,0.018597782,-0.5479538,0.013105907
80,3797,0.29058227,-0.23327728,-0.2641613,0.054604255,-0.7984554,0.06091731,0.2918581,0.24053605,-0.1647584,-0.29004693,0.15518355,-0.33196622,-0.04890675,0.5458243,-0.45543873,-0.09831936
80,3813,-0.83329815,-0.45202827,0.69467175,-0.35181296,0.35262775,-0.33738512,0.11581435,-0.49578214,0.067813456,0.15734744,-0.8584251,-0.42866468,0.12425609,-0.3331527,-0.6463836,-0.13274401
80,3818,-0.6617096,0.90177625,0.56902397,1.7282943,-0.46889412,-1.6599612,0.2430127,-0.6147311,-0.37944573,0.09163465,0.45858073,0.22144715,1.0032396,0.05242896,0.30211633,0.12684712
80,3820,-0.8555618,-0.57502085,0.22522947,-0.6136109,0.24226402,-0.23968485,0.12850621,-0.32813656,-0.18230371,0.30409256,-1.2176028,-0.8591708,-0.24837962,-0.14100331,-0.68431777,-0.27654546
80,3828,0.5163855,-0.40660447,0.33199906,-0.23855972,-0.06819087,0.50462335,0.07619164,0.16281451,0.5118178,-0.42443582,0.5044877,0.34115437,0.08406732,-0.006632164,-0.37261057,0.10497055
80,3834,0.3514976,-0.3317904,0.40236834,-0.13230237,0.015472174,0.35428244,0.0506149,0.040663674,0.5171234,-0.36024886,0.4808827,0.40959206,0.16198969,-0.09187332,-0.2842315,0.14921036
80,3845,0.19952796,0.046137363,-0.10599947,0.4143773,-0.8905479,-0.29221943,0.3473522,0.1301899,-0.33656305,-0.23976874,0.17882875,-0.3969549,0.14794973,0.54883623,-0.4062574,-0.15187413
80,3851,0.33881724,-0.2669799,-0.25761864,0.023418434,-0.82744336,0.1101628,0.3084297,0.27297232,-0.15624587,-0.31694007,0.16468985,-0.35470372,-0.0675173,0.5675775,-0.50368816,-0.11434647
80,3866,0.38976222,0.046503335,0.3102357,0.0086161345,0.42995924,0.3984046,-0.20847031,-0.025829274,0.59563375,-0.17222407,0.62009174,0.8350632,0.19327474,-0.3499962,0.32910514,0.33367053
80,3869,0.5163054,0.18789949,0.61365235,0.101293184,0.46830118,0.46911988,-0.0954625,0.029081749,0.4451465,-0.19316785,0.6492497,0.7246293,0.3724848,-0.37929606,0.19410473,0.15335155
80,3880,0.20448315,-0.07402064,0.73673666,0.11766855,0.18736619,0.16447379,0.083854266,-0.113100424,0.41686773,-0.25305668,0.4711634,0.440238,0.39839807,-0.2805884,-0.23637503,0.099589765
80,3889,0.13998699,0.50760823,-0.30736992,-0.14558916,0.39719123,0.19374996,-0.0890617,0.18953426,-0.5903653,0.43568692,-0.4437067,-0.4461794,-0.23435608,-0.08758163,0.41072413,-0.351711
80,3892,0.2612596,-0.42076075,0.08688553,-0.12290896,-0.3649829,0.24256769,0.15525416,0.14078864,0.25886524,-0.34267032,0.3178243,0.062204003,0.04676817,0.21625134,-0.4468103,0.028860211
80,3906,0.08729742,0.34169167,0.28750864,-0.059042875,0.658486,0.18338332,-0.2680024,-0.039570935,0.11881678,0.15599898,-0.016129673,0.33619338,0.05894396,-0.4504362,0.37082133,0.03824126
80,3935,-0.6097262,-0.47650224,-1.0558556,0.09373625,-0.3173663,-0.3648822,-0.1305808,-0.19052249,0.36470035,-0.04441795,0.18009132,0.5073686,-0.072799034,0.36893526,0.5595299,0.56846106
80,3943,0.04951735,-0.009473249,-0.76527846,0.28269887,-1.0558661,-0.3211329,0.30282494,0.15345265,-0.44789064,-0.124551706,0.022554934,-0.43821514,-0.060066648,0.7554914,-0.13725886,-0.04301911
80,3944,-0.7474714,-0.37536263,0.5774374,-0.34977427,0.37173083,-0.2917009,0.06770035,-0.43736124,0.04740368,0.17966715,-0.8141174,-0.39453024,0.0602812,-0.32527453,-0.524142,-0.11468027
80,3950,-0.064301625,0.14555722,-0.66388416,0.54346466,-1.0957844,-0.5814252,0.33222935,0.046378247,-0.50354826,-0.08950884,0.075645,-0.4052708,0.09503806,0.7437601,-0.06641191,-0.029307373
80,3955,-0.4183197,0.6616456,0.401169,1.3327354,-0.5552591,-1.2591244,0.25999162,-0.41293377,-0.35509956,0.0018377602,0.3732351,0.051070303,0.76399094,0.16331124,0.10546932,0.051589932
80,3962,0.14074816,0.5086764,-0.33208218,-0.14917263,0.37875494,0.1921989,-0.07790507,0.19909436,-0.621527,0.44511637,-0.46105552,-0.48293966,-0.24529314,-0.068086326,0.40493307,-0.36897156
80,3971,-0.91231084,-0.50185144,0.6404966,-0.39102337,0.32389492,-0.39161173,0.13804519,-0.5190914,0.03805857,0.19204482,-0.96365654,-0.5259028,0.06826689,-0.30266845,-0.68718916,-0.13864282
80,3981,0.6060832,-0.55508864,-0.094397694,-0.32863212,-0.6773359,0.53417814,0.27017468,0.4110889,0.15499984,-0.47043765,0.28782934,-0.21357451,-0.17355257,0.46069476,-0.6899841,-0.102756046
80,3982,-0.62061816,-0.4458304,-0.7686033,-0.18306252,0.14308354,-0.30452672,-0.55536395,-0.27730298,0.699804,-0.014288105,0.000432387,0.6491382,-0.4090433,-0.13007674,0.52828586,0.73361564
80,3989,-0.81216484,-0.44142038,0.68781435,-0.34435087,0.35183325,-0.32546,0.10900798,-0.48511484,0.07200178,0.15037549,-0.83285946,-0.40885472,0.12577207,-0.33289498,-0.63181216,-0.12714782
80,3999,0.20685132,-0.5467393,-0.5179496,-0.26178747,-0.5155636,0.29398647,0.102977686,0.22626199,0.24701278,-0.30836836,0.23086059,0.065525636,-0.20446587,0.41580662,-0.19444376,0.17104807
80,4021,-0.47576013,-0.37952697,-0.5692117,-0.16545269,0.20445648,-0.19377834,-0.500752,-0.2497098,0.6897685,-0.03542139,0.08461697,0.6742452,-0.31058884,-0.18075296,0.48213017,0.6607785
80,4022,0.41095468,0.87813103,-0.6614449,-0.0016011,0.36332825,0.26605967,-0.09220024,0.39715138,-0.93223584,0.6326526,-0.4072067,-0.5777281,-0.3536254,0.04301992,0.7610177,-0.46422285
80,4026,0.19611447,-0.055532817,0.23133555,-0.04781934,0.43232778,0.2904095,-0.25920457,-0.09974116,0.63143337,-0.13945308,0.4975834,0.802897,0.12179233,-0.3599519,0.32339394,0.36827657
80,4028,0.18963145,0.531531,-0.21314278,-0.08844639,0.434883,0.21749064,-0.098973766,0.18433058,-0.51518124,0.3914435,-0.32350153,-0.31544203,-0.16004035,-0.12826955,0.43286788,-0.31550685
80,4030,0.6212469,-0.103174314,0.524713,-0.039151236,0.117914036,0.51355565,0.065911375,0.12798978,0.47412992,-0.3598671,0.66189766,0.51775545,0.26563656,-0.17105672,-0.18418625,0.115987614
80,4031,0.25739226,-0.14314064,-0.2009848,0.17341545,-0.83037925,-0.052327655,0.31218982,0.2046098,-0.22445874,-0.2743328,0.15906987,-0.35865468,0.020792454,0.5495095,-0.45556718,-0.124856554
80,4055,0.529898,0.18595292,0.5983125,0.09808224,0.46054608,0.47725853,-0.09540135,0.034890376,0.4500292,-0.19787256,0.6599188,0.7313686,0.36551708,-0.37341505,0.19894576,0.16165824
80,4069,0.4141456,0.7215688,-0.01609978,0.12754458,0.5790037,0.30768222,-0.16344301,0.21460335,-0.3407759,0.32093593,0.060086492,0.10000736,0.027504448,-0.24968225,0.63673323,-0.20161706
80,4072,-0.58314943,-0.5600274,-1.2913058,-0.0055761337,-0.38694978,-0.28756648,-0.14154756,-0.1312356,0.38568932,-0.053187966,0.16116382,0.5107995,-0.18900669,0.45491323,0.6281031,0.6236723
80,4073,-0.45624688,0.6648179,0.1710245,1.3225902,-0.6538569,-1.2914026,0.2645635,-0.39283293,-0.4333688,0.039318487,0.31824094,0.0063488185,0.6973774,0.26352015,0.18521988,0.065620296
80,4080,0.42531765,-0.31269962,-0.08729175,-0.03359753,-0.75487506,0.22089769,0.3080304,0.30538425,-0.087563485,-0.3663222,0.20295227,-0.33552092,-0.05550777,0.5006504,-0.6093006,-0.14723122
80,4084,0.28712773,-0.20037723,-0.27125826,0.105864204,-0.85654116,0.013193339,0.3150507,0.23941998,-0.20889758,-0.28884292,0.15229985,-0.36960876,-0.030324973,0.5826057,-0.46740818,-0.1180393
80,4089,0.38137853,0.69064087,-0.04219964,0.09729854,0.5559331,0.2938145,-0.15397106,0.20916517,-0.36185837,0.3277056,0.008886233,0.04455,0.0021392033,-0.23246208,0.6042257,-0.21481958
80,4093,-0.32166737,-0.57994354,-1.0813773,-0.09809039,-0.45759368,-0.09271959,-0.058431473,-0.00479625,0.3538575,-0.14543787,0.19225901,0.36917377,-0.2078554,0.46875504,0.36498928,0.48593673
80,4096,0.16589458,0.3981052,0.32017085,0.0010660887,0.6761659,0.22012979,-0.26816982,-0.014178027,0.1394625,0.13418615,0.09082703,0.41987386,0.106354356,-0.45790407,0.4220285,0.049534425
80,4101,0.32686478,-0.16544068,-0.18291986,0.13926208,-0.86005425,0.00950525,0.3315564,0.25028,-0.23239438,-0.3028056,0.1612041,-0.40081298,-0.0059998706,0.5694071,-0.51626647,-0.1549885
80,4116,0.20561719,0.59663093,-0.38121262,-0.11170663,0.38294172,0.21656467,-0.06772052,0.24417894,-0.7025828,0.48398402,-0.44674563,-0.51346266,-0.24843794,-0.04327427,0.4736405,-0.4116152
80,4122,-0.9352544,-0.6625545,0.22181514,-0.6579199,0.1975075,-0.27490836,0.1711593,-0.35021448,-0.20980759,0.311932,-1.3174956,-0.9664699,-0.27151772,-0.10663772,-0.7867442,-0.30702978
80,4125,0.3585658,0.73437,-0.39868847,0.011952877,0.3967625,0.26360002,-0.08441957,0.30842483,-0.71109974,0.4865915,-0.26817644,-0.38142735,-0.20357594,-0.04091853,0.6145123,-0.3831158
80,4132,-0.4349315,0.037559897,1.0526681,0.44463786,0.2663146,-0.4447624,0.11822573,-0.51467013,0.33102825,-0.08232773,0.23742801,0.38067752,0.64049,-0.44679168,-0.25358328,0.120123506
80,4155,0.2146781,-0.27337784,0.5176792,-0.033093963,0.060704038,0.21794233,0.059066363,-0.056467805,0.4930355,-0.31543216,0.44476515,0.41197258,0.24792755,-0.15522075,-0.27941766,0.14527345
80,4158,0.31927568,-0.16733846,-0.18651843,0.13507888,-0.8498235,0.009950794,0.32589334,0.24618556,-0.22672178,-0.2991758,0.15988976,-0.39205414,-0.0066872463,0.5633135,-0.5077443,-0.14922613
80,4159,0.309031,-0.31330764,0.4519338,-0.09408886,0.026767746,0.30783322,0.05893851,0.005177198,0.51591307,-0.34984985,0.477242,0.4142948,0.19777706,-0.11281348,-0.28750747,0.14819174
80,4166,0.18620558,-0.2628603,0.5220939,-0.022288233,0.07263163,0.19537082,0.053617246,-0.07075917,0.48305732,-0.30218083,0.42977333,0.40968585,0.25346982,-0.16602051,-0.270196,0.14591132
80,4169,0.14183447,-0.08619086,0.21146913,-0.06487703,0.4392876,0.26200375,-0.27827027,-0.124557234,0.65511054,-0.13273317,0.46964437,0.8054497,0.10220243,-0.36814952,0.32802218,0.38370574
80,4197,0.28398427,0.6128952,-0.12586325,-0.00010816753,0.48917094,0.25954324,-0.10757479,0.20201537,-0.4707262,0.3644233,-0.17608564,-0.17538081,-0.07278203,-0.16705878,0.5019199,-0.2967424
80,4200,-0.307509,-0.17139938,0.8300197,-0.17833488,0.51855105,0.041891724,-0.057303153,-0.29426005,0.2715578,-0.002466008,-0.22529687,0.14164609,0.3007753,-0.46279874,-0.3055633,-0.053102158
80,4202,0.5001408,-0.40167928,0.3198771,-0.2309803,-0.034014508,0.49913687,0.05401122,0.14093114,0.5508556,-0.4183061,0.52649736,0.40360534,0.08947435,-0.029062703,-0.3180173,0.14254266
80,4204,-0.67824197,-0.5137039,-1.0388325,-0.18056156,-0.006324351,-0.37833807,-0.5683525,-0.2395013,0.6792783,-0.026247814,-0.03657955,0.5993244,-0.51967293,-0.0085816085,0.55542046,0.80323243
80,4217,0.27288327,-0.025412172,-0.13809231,0.31993386,-0.9177015,-0.18008745,0.35878766,0.19152488,-0.32361817,-0.27253702,0.16858107,-0.4351955,0.08499152,0.5827404,-0.4727611,-0.17413577
80,4219,0.23395607,0.5860581,-0.18984869,-0.053928334,0.4655555,0.23938343,-0.09993724,0.19919924,-0.5237897,0.39677054,-0.28128743,-0.28158844,-0.13036242,-0.14081895,0.47525376,-0.32715514
80,4238,-0.20925324,0.039336413,0.469859,-0.19221361,0.5807183,0.055260815,-0.16557297,-0.18673906,0.15401645,0.12397351,-0.27757537,0.12733161,0.09332825,-0.43489376,0.0040825754,-0.016596206
80,4242,0.27952045,0.62957263,-0.4966044,-0.055917963,0.3049061,0.21552676,-0.081997305,0.29425052,-0.7166884,0.48464075,-0.35782194,-0.47163367,-0.29138583,0.0076596886,0.5403951,-0.3573405
80,4255,0.20581059,0.5521049,-0.20933583,-0.076310225,0.44509166,0.22473106,-0.1006856,0.19045131,-0.5191925,0.39505795,-0.30945498,-0.30381942,-0.15243757,-0.13205326,0.45070875,-0.31834942
80,4262,-0.7960966,-0.43922788,0.7147596,-0.3559981,0.37420595,-0.29465923,0.09102336,-0.4774763,0.09042833,0.14097178,-0.8195914,-0.37958235,0.13790259,-0.35212427,-0.6311742,-0.13093582
80,4268,0.17256235,0.5576086,-0.36336115,-0.13305315,0.38304043,0.2043967,-0.07350308,0.2231872,-0.6695362,0.47065017,-0.46257657,-0.5064126,-0.25185418,-0.054812267,0.44385952,-0.39453694
80,4273,-0.89094967,-0.48658448,0.61510694,-0.37354332,0.31004667,-0.39154243,0.14172733,-0.5084051,0.02895151,0.19011092,-0.93699324,-0.5203247,0.064572796,-0.2904657,-0.6661973,-0.13156927
80,4277,0.5501607,-0.5004896,-0.05871728,-0.28960112,-0.60888547,0.48261636,0.2446869,0.37004656,0.13694587,-0.43420866,0.2682858,-0.19116707,-0.14441141,0.407311,-0.64190936,-0.09470522
80,4280,-0.4925062,0.0624699,1.0994196,0.48353627,0.28422406,-0.5001437,0.12334519,-0.55374104,0.3158997,-0.061658308,0.21686608,0.37408257,0.6729066,-0.4717097,-0.25383276,0.11565588
80,4300,-0.3532183,-0.08935694,0.5029976,-0.25258845,0.5209128,-0.022180833,-0.102609426,-0.24791296,0.125853,0.1345208,-0.42838854,-0.0226205,0.08176273,-0.40284395,-0.15708084,-0.051676877
80,4301,0.29810262,0.688749,-0.41574666,-0.04348456,0.38046515,0.24582505,-0.064508535,0.29358044,-0.7500743,0.5019034,-0.36760527,-0.4823711,-0.23198673,-0.02321963,0.55583555,-0.42299598
80,4305,0.29810262,0.688749,-0.41574666,-0.04348456,0.38046515,0.24582505,-0.064508535,0.29358044,-0.7500743,0.5019034,-0.36760527,-0.4823711,-0.23198673,-0.02321963,0.55583555,-0.42299598
80,4309,-0.124429226,-0.0105942935,0.98133814,0.30430475,0.24561119,-0.14699706,0.120704524,-0.33488765,0.38448817,-0.17220123,0.36399493,0.41296446,0.56440884,-0.3898584,-0.27695122,0.09246191
80,4316,0.51559675,-0.41370946,0.32611555,-0.2379196,-0.0479735,0.51046646,0.06273658,0.14971906,0.5546492,-0.429447,0.5321276,0.3952239,0.088934526,-0.019559622,-0.33820626,0.13554613
80,4329,-0.88272303,-0.4788437,0.6522435,-0.36580002,0.32645792,-0.38155285,0.13548583,-0.51278114,0.04579302,0.18056256,-0.9166635,-0.49069864,0.089434505,-0.30797088,-0.66536766,-0.13062987
80,4344,0.18858017,0.56008565,-0.35596713,-0.11693376,0.3734774,0.20923182,-0.06720337,0.22929077,-0.6673018,0.46034738,-0.43348157,-0.4917695,-0.23785347,-0.04898393,0.44249886,-0.39230716
80,4346,0.24683549,-0.44372284,0.21094355,-0.18590555,-0.17099401,0.30289355,0.085508086,0.10416595,0.37648553,-0.33899352,0.34419072,0.19564554,0.076249726,0.06972143,-0.4110364,0.066779286
80,4348,0.45303455,0.8510049,-0.53529036,0.067159005,0.3734066,0.2790915,-0.10315472,0.37695828,-0.7971841,0.5470656,-0.23148493,-0.3889947,-0.25764868,0.00015470386,0.7463342,-0.3825751
