window_id,vehicle_id,z_0,z_1,z_2,z_3,z_4,z_5,z_6,z_7,z_8,z_9,z_10,z_11,z_12,z_13,z_14,z_15
109,3122,0.0030786097,-0.031008424,0.97492045,-0.11829622,0.47350848,-0.077332556,0.4952026,-0.032632403,0.18965358,0.4217861,1.3162346,-0.20063367,-0.01168355,-0.5376179,-0.0567479,-0.25136745
109,4189,-0.39020398,-0.06992959,0.5947024,0.5548929,-0.3587996,0.45389166,-0.9104051,0.8419631,-1.060319,-0.14007515,0.07787642,0.6693107,0.69605,0.24332418,0.31095466,-0.57735074
109,311,0.0030786246,-0.031008426,0.97492045,-0.11829622,0.47350842,-0.07733254,0.49520257,-0.03263241,0.18965358,0.42178604,1.3162346,-0.20063367,-0.01168355,-0.53761804,-0.05674787,-0.25136745
109,1473,0.0030786395,-0.031008426,0.9749206,-0.11829622,0.47350842,-0.07733254,0.49520257,-0.032632403,0.18965358,0.4217861,1.3162347,-0.20063365,-0.011683546,-0.5376179,-0.0567479,-0.25136745
109,3616,-0.41181412,-0.06746352,0.6309491,0.56628424,-0.38137078,0.46878955,-0.949061,0.8864829,-1.1109896,-0.13480976,0.087243944,0.68974024,0.715729,0.24477826,0.29988268,-0.61116254
109,715,0.001835227,-0.03754647,0.9472999,-0.10815048,0.45964658,-0.07550654,0.48870105,-0.027078487,0.1853936,0.41187394,1.2837646,-0.19630218,-0.005335178,-0.51811016,-0.04775919,-0.23602371
109,727,0.80949795,-1.2019796,0.2111875,0.7732052,1.0452328,0.16809557,0.18931341,-0.4428146,0.15336473,-0.396789,0.3598544,0.17847595,0.5916689,-0.00628981,0.84032136,0.31195784
109,1431,-0.19848418,-0.033807855,0.31850004,0.497783,-0.5185195,0.39097202,-0.49849296,0.9308564,-0.7745478,0.062686004,0.047548816,0.45475858,0.5412488,0.50503206,0.009375468,-0.49475724
109,2323,0.0030786246,-0.031008424,0.9749206,-0.11829622,0.47350848,-0.07733254,0.4952026,-0.03263241,0.18965358,0.42178604,1.3162345,-0.20063365,-0.011683546,-0.5376179,-0.05674787,-0.25136742
109,2405,0.7203587,-1.2247528,-0.101607636,0.8318596,0.7399066,-0.018519707,-0.08353093,-0.6305719,0.084604695,-0.7621067,-0.17126215,0.49154955,0.7297889,0.11829665,1.3474841,0.5353872
109,3723,-0.39020404,-0.06992959,0.5947025,0.55489296,-0.35879958,0.45389163,-0.9104051,0.8419631,-1.060319,-0.14007515,0.077876434,0.66931075,0.69605005,0.24332418,0.31095466,-0.5773508
109,285,-0.41181406,-0.06746352,0.63094914,0.56628424,-0.3813708,0.46878958,-0.949061,0.886483,-1.1109893,-0.13480976,0.08724396,0.68974024,0.715729,0.24477826,0.29988268,-0.6111626
109,782,0.0018351823,-0.03754647,0.9472998,-0.1081505,0.45964664,-0.07550654,0.48870105,-0.027078494,0.1853936,0.4118739,1.2837646,-0.19630224,-0.005335182,-0.51811016,-0.04775916,-0.2360237
109,2449,-0.35999444,-0.4731399,-0.17881936,0.7046845,-0.39776003,-0.10027273,0.0009229779,0.37573326,-0.08373657,-0.10814959,0.15941018,0.18672384,0.5955144,0.27272144,0.48652548,0.62437356
109,3527,0.7222221,-1.2435505,-0.10243059,0.8464967,0.7505622,-0.021155022,-0.08320525,-0.63653386,0.08682743,-0.7695715,-0.16726777,0.4923854,0.73969537,0.115024775,1.3609806,0.549859
109,3678,0.0030786246,-0.031008428,0.9749206,-0.11829622,0.47350848,-0.07733254,0.4952026,-0.032632403,0.18965358,0.4217861,1.3162346,-0.20063367,-0.01168355,-0.5376179,-0.0567479,-0.25136745
109,594,0.0030786246,-0.031008428,0.9749206,-0.11829622,0.47350848,-0.077332556,0.49520263,-0.032632418,0.18965359,0.4217861,1.3162346,-0.2006337,-0.011683546,-0.5376179,-0.0567479,-0.25136745
109,1108,-0.3902041,-0.06992959,0.59470254,0.55489296,-0.35879958,0.45389166,-0.9104051,0.84196323,-1.0603187,-0.14007515,0.07787642,0.6693107,0.69605,0.24332418,0.31095466,-0.57735074
109,1505,0.70809567,-1.221835,-0.10403724,0.83245385,0.73213863,-0.018513732,-0.07907538,-0.618995,0.0837144,-0.7550117,-0.16715634,0.483985,0.73008466,0.11961098,1.3383592,0.5428737
109,1667,0.0030786395,-0.031008424,0.97492045,-0.118296236,0.47350848,-0.07733254,0.49520257,-0.03263241,0.18965358,0.4217861,1.3162347,-0.2006337,-0.01168355,-0.5376179,-0.0567479,-0.25136742
109,2905,0.0030785948,-0.031008426,0.9749206,-0.118296236,0.47350848,-0.07733254,0.4952026,-0.03263241,0.18965359,0.4217861,1.3162346,-0.20063373,-0.01168355,-0.5376179,-0.05674787,-0.25136745
109,2298,0.80949795,-1.2019798,0.2111875,0.7732051,1.0452328,0.16809556,0.18931341,-0.4428146,0.15336473,-0.396789,0.3598544,0.17847595,0.59166896,-0.0062898993,0.8403213,0.31195784
109,3529,0.7222221,-1.2435505,-0.10243059,0.84649664,0.75056213,-0.021155033,-0.08320528,-0.6365339,0.08682743,-0.7695714,-0.16726777,0.4923854,0.73969537,0.11502479,1.3609804,0.54985905
109,1744,-0.4931232,-0.2627,1.0779282,-0.5567189,-0.24319792,0.19191712,-0.5003037,0.81705725,-1.0465028,-0.06207838,-0.5491772,-0.10329854,-0.08289148,-0.20966622,-0.563228,-0.1114106
109,2605,0.0030786395,-0.031008426,0.9749206,-0.118296236,0.47350848,-0.07733254,0.49520257,-0.032632403,0.18965358,0.4217861,1.3162347,-0.20063367,-0.011683542,-0.5376179,-0.0567479,-0.25136742
109,383,0.7222221,-1.2435505,-0.10243059,0.84649664,0.75056213,-0.02115503,-0.08320528,-0.6365338,0.08682743,-0.7695715,-0.16726777,0.4923854,0.7396954,0.115024775,1.3609806,0.549859
109,2262,-0.19848418,-0.033807855,0.31849998,0.497783,-0.5185195,0.39097205,-0.49849296,0.9308564,-0.7745478,0.062686004,0.047548816,0.45475858,0.5412488,0.50503206,0.009375468,-0.49475724
109,3572,0.80949795,-1.2019796,0.2111875,0.77320516,1.0452328,0.16809557,0.18931341,-0.44281453,0.15336473,-0.396789,0.35985446,0.17847595,0.59166896,-0.0062898695,0.8403213,0.31195784
109,4235,0.0030786395,-0.031008428,0.9749206,-0.118296236,0.47350848,-0.077332556,0.49520257,-0.032632403,0.18965358,0.42178613,1.3162346,-0.20063365,-0.011683546,-0.5376179,-0.0567479,-0.25136745
109,8,0.6612304,-1.069626,-0.027498603,0.73021835,0.67181224,-0.075187385,-0.062546894,-0.6365113,0.11353305,-0.6999731,-0.08609836,0.4728866,0.6079981,0.04474026,1.2601061,0.40738416
109,15,0.68262255,-1.1461236,-0.046627298,0.78322524,0.711956,-0.064037904,-0.0683772,-0.6476643,0.11018258,-0.73186994,-0.10012228,0.4815439,0.6601692,0.057985812,1.3113488,0.46774727
109,22,0.7953017,-0.008219574,-0.40219778,-0.13269018,0.19743815,0.38940418,0.4793091,0.18239567,0.04301383,0.37093908,-0.25026417,-0.25825667,-0.35423672,0.72317046,-0.165776,-0.162413
109,23,-0.28916028,0.19675742,-0.14014558,0.32521343,-0.6335544,0.020047894,-0.23228663,0.47654086,-0.26031375,0.069489665,-0.06740343,0.34557626,0.27944803,0.48963684,0.25078514,-0.049008846
109,27,0.5390483,-1.027156,-0.076268,0.732772,0.5818148,-0.10820238,-0.0110268,-0.56405115,0.13811475,-0.63228905,-0.05085562,0.41595602,0.6178558,0.06487736,1.2277558,0.5416042
109,28,0.7222221,-1.2435505,-0.10243059,0.84649664,0.75056213,-0.021155026,-0.08320525,-0.63653386,0.08682743,-0.7695715,-0.16726777,0.4923854,0.73969537,0.115024775,1.3609805,0.54985905
109,38,0.9211799,-0.069672056,-0.34497833,-0.19998597,0.34668842,0.48406184,0.51076496,0.17814672,-0.0029915944,0.3969738,-0.26014775,-0.33621314,-0.42826137,0.6912265,-0.25849152,-0.22220829
109,85,0.5811953,0.15072177,-0.5538251,0.022348322,-0.0717583,0.32669547,0.40006447,0.2779432,0.12148881,0.4060219,-0.19030425,-0.16717249,-0.17528638,0.81864774,-0.16498907,-0.11086679
109,92,0.6133956,0.11466028,-0.5105723,-0.004482582,-0.017220326,0.32464266,0.41034722,0.24156964,0.11113915,0.3789807,-0.1972779,-0.17453626,-0.20507051,0.7775614,-0.14473857,-0.11653491
109,99,-0.25143248,0.08312146,0.5883567,-0.05376728,0.053266242,-0.28738442,0.43575227,-0.00564944,0.22628394,0.30855516,0.96845233,-0.14226809,-0.038980473,-0.38614276,0.14304219,0.05668012
109,120,0.66318846,-1.066622,0.32387573,0.67476416,0.9721957,0.10306096,0.24524733,-0.3965337,0.176495,-0.2832139,0.53468174,0.11482341,0.5270695,-0.10958615,0.7529919,0.30089295
109,127,0.07395777,-1.0473986,1.1715801,-1.7271731,0.07547782,-0.63030595,0.15635277,0.19825849,-0.98926383,-0.22152033,-1.839149,-0.5937499,-1.1854724,-0.25068495,-0.02656795,1.0109286
109,128,-0.31170622,0.04615351,0.74530214,-0.06493077,0.15658543,-0.26166242,0.52064824,0.055772252,0.23721613,0.43161294,1.2196374,-0.24387306,0.0068329386,-0.49232724,0.05969633,0.12498082
109,132,0.9374727,-0.07554005,-0.32470208,-0.18377699,0.37367496,0.5484701,0.48812473,0.22220653,-0.034001105,0.41708037,-0.235889,-0.3575019,-0.40737092,0.6858254,-0.33533728,-0.26656568
109,136,0.95662117,-0.07467994,-0.3402014,-0.20741121,0.37608692,0.52735585,0.51504564,0.20051846,-0.02042216,0.42125413,-0.2563759,-0.36096781,-0.44057205,0.7032124,-0.30574608,-0.24892892
109,146,0.9012462,-0.062497318,-0.32123464,-0.14630555,0.3495431,0.567361,0.45273656,0.25392306,-0.045828246,0.41448432,-0.2111367,-0.34401014,-0.36194474,0.6796606,-0.36327076,-0.2853749
109,149,-0.31170622,0.04615351,0.74530226,-0.06493078,0.1565854,-0.26166245,0.5206483,0.055772252,0.23721613,0.43161294,1.2196374,-0.243873,0.0068329424,-0.49232736,0.059696317,0.12498081
109,155,-0.25068915,-0.036696814,0.39274436,0.52061456,-0.515892,0.41562283,-0.60004056,0.9608124,-0.8655119,0.03621622,0.06055826,0.5076562,0.5856085,0.46837327,0.04637508,-0.5367507
109,156,-0.38426068,-0.43310675,-0.18275505,0.6784838,-0.42436528,-0.1286348,0.017383426,0.36394593,-0.059875242,-0.08740382,0.17042065,0.17624587,0.5641427,0.2608964,0.47702116,0.6340605
109,183,-0.4458445,0.012815524,-0.42778122,-0.28854465,0.46548527,-0.06892614,-0.44887006,-0.8012598,0.3037114,-0.41897243,-0.45339283,-0.2375145,0.022810712,-1.0198684,-0.45165318,0.4087243
109,199,0.21893986,0.1291897,-0.34090173,0.23110124,-0.38243636,0.24282028,0.11999512,0.51479566,-0.11762777,0.28800175,-0.122377515,0.085598975,0.1016099,0.7779494,-0.038197234,-0.15017301
109,205,0.36349517,-0.5811988,0.4590206,-0.9727571,0.21903321,-0.076424286,0.23015942,0.16663517,-0.5186884,0.0065704547,-1.0587273,-0.4618768,-0.72419584,0.06872308,-0.2154388,0.4317485
109,208,-0.5105189,0.16464217,-0.40316236,0.31920642,-0.8041077,-0.49118105,0.1724242,0.099129155,0.257825,0.05591137,0.03743227,0.14446357,0.07313507,0.26848587,0.45678872,0.5991426
109,224,0.86904716,-0.049962793,-0.37170082,-0.1965725,0.29245037,0.4029032,0.518116,0.13168119,0.041305177,0.36521843,-0.27168322,-0.29926684,-0.42106777,0.6853911,-0.17141758,-0.1672877
109,237,0.77777326,0.03883564,-0.38621038,-0.059863478,0.38129175,0.7264636,0.29841706,0.29729804,-0.03155896,0.41340837,-0.10304858,-0.38445926,-0.20597969,0.55730784,-0.62836504,-0.38187766
109,243,-0.15491155,-0.0153221935,0.23161982,0.48369676,-0.52955043,0.37827486,-0.4226964,0.9133213,-0.70114785,0.101129286,0.032429144,0.41432557,0.50410146,0.56110656,-0.013747022,-0.4569431
109,249,0.97613,0.7761632,0.33307368,-0.3901782,-0.17051004,-0.6071792,-0.52413416,-1.0367112,0.30003056,-0.8738515,-0.7342042,1.3052026,-0.48982158,0.19361264,0.63995045,-1.7778871
109,254,-0.2737413,0.22148655,0.23797409,0.06484556,-0.0096023455,0.7052452,-0.48759878,0.6216636,-0.52864945,0.09505188,0.07640466,-0.053280063,0.31050807,-0.054894,-0.86420786,-0.5847859
109,258,-0.6609168,0.2981642,-0.48216742,0.016770802,0.26193458,0.14667344,-0.68030274,-0.55233884,0.19573662,-0.3986042,-0.21989179,-0.08022361,0.2796998,-0.908694,-0.6252559,0.048179112
109,264,0.50490403,0.18940292,-0.591942,0.057954036,-0.16523682,0.27045044,0.3830621,0.2844682,0.14826794,0.4014202,-0.18708727,-0.1261703,-0.13169226,0.839409,-0.12071033,-0.07359321
109,267,-0.28085026,0.46179825,-0.65737295,0.07225366,-0.8705137,-0.40972197,0.26910502,0.10890876,0.3556387,0.2066575,-0.18330868,0.111717016,-0.12936504,0.57973206,0.27245435,0.38125694
109,277,0.8042973,-0.022419196,-0.35395968,-0.13541786,0.44703162,0.65678596,0.32579887,0.18301737,-0.0009544343,0.35531905,-0.15023012,-0.3934608,-0.26874828,0.46825868,-0.5571782,-0.31500846
109,304,-0.6031984,0.39045906,-0.5125031,0.1974422,-0.9859792,-0.66819763,0.23771602,-0.0068627447,0.39663336,0.108876415,-0.0034566373,0.1339426,-0.10588691,0.26896256,0.47683686,0.6518488
109,306,0.09767357,0.10537557,-0.57660806,-0.04640469,0.4127683,0.29661205,-0.13951823,-0.38269085,0.23853819,-0.08343082,-0.25334764,-0.24793133,-0.030203741,-0.28182444,-0.49275017,-0.013612997
109,325,-0.33255622,0.078124985,0.50057644,-0.10985361,-0.08803994,0.5605044,-0.48660797,0.698621,-0.68962437,0.054803625,-0.09198113,-0.059754096,0.2025925,-0.085666925,-0.769203,-0.4563234
109,343,0.6402896,0.11194041,-0.51465863,-0.018260375,0.0016310364,0.33989033,0.42317837,0.24329278,0.10812935,0.39264187,-0.20275892,-0.18989816,-0.22492953,0.78892016,-0.15889625,-0.123551175
109,345,-0.2759711,0.10571371,0.5918787,-0.06360412,0.035411373,-0.32096928,0.440946,-0.021226995,0.2430459,0.31029925,0.98810244,-0.14162818,-0.05563287,-0.40951225,0.15830924,0.069549546
109,356,-0.55342317,0.40774724,-0.5357759,0.17543934,-0.97484636,-0.668409,0.24040306,-0.038940936,0.40447217,0.088717304,-0.047315657,0.1474313,-0.13093553,0.29408172,0.49293172,0.61742854
109,364,0.5653256,0.16277574,-0.5675733,0.034749374,-0.096950635,0.3222112,0.39527586,0.291035,0.12504789,0.41287634,-0.18828687,-0.1600376,-0.16198425,0.8337538,-0.16500895,-0.10609333
109,366,-0.3652682,0.5052156,-0.68758595,0.1319687,-0.9953506,-0.37759435,0.22248584,0.25331205,0.3165079,0.26600364,-0.16315919,0.124407195,-0.056626458,0.66275084,0.19744104,0.37365264
109,367,0.13732454,0.09291367,-0.57693654,-0.054182693,0.4215594,0.30336732,-0.11050305,-0.37320048,0.23897834,-0.066930845,-0.25656727,-0.2580791,-0.048373435,-0.25117496,-0.48595047,-0.014551271
109,368,0.66318834,-1.066622,0.32387578,0.6747642,0.97219557,0.10306096,0.24524735,-0.39653367,0.17649497,-0.28321394,0.5346817,0.1148234,0.5270695,-0.10958615,0.7529919,0.300893
109,370,-0.22839373,0.112697646,0.42870957,-0.030704126,-0.037967846,-0.35338777,0.3852033,-0.07773606,0.25498727,0.20947516,0.78388643,-0.067872114,-0.07490051,-0.31937286,0.2527032,0.09015691
109,395,-0.2684445,0.14678532,0.3995052,-0.03709738,-0.08251254,-0.39909062,0.39422828,-0.096467935,0.28494698,0.21299061,0.7793354,-0.06769628,-0.09543528,-0.32488528,0.27478635,0.13066328
109,396,0.68712854,0.028108742,-0.3093472,0.038099393,0.23916087,0.6982587,0.24369612,0.42997965,-0.13168614,0.40894634,-0.0863131,-0.2870065,-0.11995788,0.6381564,-0.5568333,-0.41206646
109,404,-0.39569548,-0.011880737,-0.41173333,-0.29719645,0.46182233,-0.07284473,-0.40401,-0.77905554,0.29776636,-0.39971906,-0.45782685,-0.24018514,0.0019749328,-0.9685365,-0.4194473,0.41254693
109,416,-0.13949737,0.1936728,-0.6279719,-0.030226484,0.42653358,0.28774163,-0.33539551,-0.49048007,0.2633065,-0.18127602,-0.25351608,-0.23627585,0.05886685,-0.526062,-0.6147949,0.00034342334
109,422,-0.04905978,0.0213116,0.033050075,0.43480223,-0.5211865,0.33648217,-0.23476043,0.82618874,-0.5061972,0.16824651,-0.007071674,0.3112267,0.40392575,0.65869045,-0.04861714,-0.35044402
109,423,0.09777082,0.16646639,-0.656561,-0.03379008,0.47536933,0.4140387,-0.18976551,-0.36756417,0.23971109,-0.04888824,-0.23793158,-0.30127704,-0.016527731,-0.29485682,-0.6567029,-0.09190459
109,432,0.4132361,-0.8844485,-0.05458547,0.6594796,0.46884555,-0.173954,0.035497367,-0.5206026,0.17403862,-0.54312325,0.03215292,0.36607376,0.5344842,0.023865193,1.1443642,0.537809
109,433,0.69563097,-0.19486028,-0.14191313,-0.3940102,0.40917516,0.46088278,0.31260264,0.16297144,-0.14324273,0.25681657,-0.4285429,-0.42787713,-0.40853068,0.35704786,-0.47640282,-0.08793484
109,434,-0.37559417,0.5076521,-0.6829366,0.1237935,-0.9933476,-0.38755074,0.22570622,0.24035281,0.3244671,0.26344883,-0.15720566,0.11943932,-0.06279163,0.64290756,0.19888754,0.38264936
109,444,0.69563097,-0.1948603,-0.14191313,-0.39401013,0.4091751,0.46088278,0.31260264,0.16297144,-0.14324272,0.25681657,-0.42854288,-0.42787713,-0.40853068,0.35704786,-0.47640276,-0.08793485
109,461,-0.059746414,0.23779653,-0.24882504,0.10818115,0.15660939,0.59067976,-0.29874557,0.20291546,-0.13035093,0.054214448,-0.02522336,-0.121406354,0.2005854,-0.032408297,-0.71495575,-0.41130495
109,465,-0.16038904,-1.273601,1.6132402,-2.046314,-0.056863625,-0.92975974,0.072398156,0.2623263,-1.2586844,-0.35078198,-2.1698349,-0.6096706,-1.355409,-0.43487665,0.11257266,1.2765967
109,467,-0.029003501,0.3237462,-0.582849,-0.029776335,-0.5606962,-0.48069063,0.35737115,-0.23848557,0.42389575,0.024663761,-0.26982456,0.13050927,-0.28143787,0.42536795,0.5088,0.36420387
109,471,0.9054413,-0.5787678,0.21562092,0.41413963,0.65748423,-0.0888384,-0.062284425,-0.6730398,0.20388693,-0.58788764,-0.053323716,0.5698972,0.23919357,0.0805234,0.8173859,-0.37185365
109,496,-0.50448513,0.11337975,-0.38832062,0.3572124,-0.7792809,-0.45970157,0.15504597,0.12708116,0.228924,0.04331898,0.046937868,0.15060274,0.12009582,0.2734878,0.46055624,0.60416526
109,497,-0.4315934,0.02371778,-0.08470111,0.25893995,-0.47896302,-0.3955244,0.23114334,0.08199171,0.21736912,0.093235396,0.31336823,0.05576807,0.10682337,0.03767237,0.38078356,0.4873426
109,514,0.016373217,0.13697675,-0.59094584,-0.030667678,0.40282667,0.28937548,-0.2021181,-0.4090005,0.24446866,-0.11660154,-0.24838738,-0.2334235,0.006224666,-0.34904328,-0.51890934,-0.013571408
109,515,0.30782446,-0.7279631,-0.0491627,0.5741307,0.34762818,-0.2055683,0.080443755,-0.4444288,0.19015643,-0.44350433,0.0798237,0.30860487,0.44271243,0.01835978,1.0182575,0.5004146
109,523,-0.26198092,0.13292079,0.44566637,-0.040725395,-0.050004933,-0.3862685,0.39852676,-0.09032736,0.27523273,0.22291967,0.82475805,-0.07585878,-0.088316515,-0.35042074,0.26082298,0.108826816
109,529,-0.6933601,0.38549024,-0.5661184,0.1329734,0.19244316,0.21611136,-0.7120726,-0.4706933,0.19415472,-0.38054267,-0.1660397,-0.034588702,0.36194965,-0.79986644,-0.6504746,-0.063423276
109,548,0.6799428,0.060305487,-0.3570453,0.022136532,0.28139597,0.7221263,0.2353634,0.38381878,-0.08205615,0.4047394,-0.07324475,-0.32023874,-0.11620875,0.58749664,-0.6163116,-0.41016674
109,552,0.47817317,-0.4241081,0.21855031,-0.7256119,0.28021073,0.12402974,0.2600247,0.16083278,-0.36183974,0.09587451,-0.7963527,-0.4314559,-0.58139175,0.18107742,-0.29624987,0.22921605
109,556,-0.29111412,0.18194535,0.38744676,-0.052565157,-0.11048649,-0.42511088,0.4030619,-0.10719194,0.30602637,0.22450182,0.7826114,-0.07031263,-0.117196366,-0.32969633,0.27569586,0.1426294
109,563,-0.6034672,0.111058325,-0.4802488,-0.27430618,0.51512337,0.005952513,-0.6205774,-0.8542772,0.30251884,-0.45941076,-0.42909688,-0.26099673,0.0867534,-1.2064185,-0.64749074,0.3582707
109,579,-0.08410311,0.37686118,-0.6349079,-0.0619324,-0.632584,-0.5976192,0.38494205,-0.32276988,0.49395055,0.001882188,-0.296601,0.14529419,-0.3404734,0.4097999,0.601176,0.43996632
109,597,-0.3448725,-0.057883374,0.5475288,0.53599524,-0.41773528,0.43892354,-0.8167189,0.89230704,-1.0146854,-0.077402815,0.06960812,0.61851686,0.6509634,0.3133527,0.21751353,-0.5814649
109,598,-0.5806674,0.053053338,-0.20725206,0.34274703,-0.67657727,-0.4421755,0.20083058,0.17652392,0.2176435,0.122657545,0.2699793,0.07438482,0.1624272,0.12060203,0.3838398,0.64012325
109,610,-0.36963686,-0.87686783,1.5395006,-1.4932848,-0.17562804,-0.45965877,-0.23733723,0.5933133,-1.3034241,-0.2357398,-1.5369087,-0.40232426,-0.8385342,-0.3811123,-0.22737022,0.68460643
109,614,0.81310844,-0.023011975,-0.35818818,-0.13818772,0.44823718,0.6545203,0.33409616,0.1806874,0.0036262963,0.3583702,-0.15142427,-0.3960074,-0.27433246,0.4744199,-0.55246055,-0.31188238
109,615,0.033367217,-1.0887897,1.2610341,-1.7934318,0.06035216,-0.66664875,0.13332136,0.22440535,-1.0519729,-0.23507571,-1.9029236,-0.6089914,-1.2227676,-0.2857494,-0.02989167,1.0490527
109,618,-0.20861986,0.42260742,-0.6437404,0.03598269,-0.7800487,-0.46856776,0.3053112,-0.039311677,0.39670432,0.13289419,-0.21797661,0.12688486,-0.1965556,0.51688474,0.38545895,0.40185374
109,621,-0.44406167,-0.24488895,-0.2673061,0.59337866,-0.577324,-0.23525575,0.048096962,0.31126451,0.026978564,-0.041287612,0.11787012,0.1764588,0.4313318,0.2886566,0.46991485,0.6283797
109,628,-0.13477701,0.23877622,-0.077758074,0.121586606,0.076023325,0.6439443,-0.3622197,0.37727392,-0.2718164,0.075978205,0.033698246,-0.07861253,0.2657826,-0.010810763,-0.76269543,-0.4904214
109,632,0.7116512,-1.213696,-0.08832989,0.82625264,0.73769325,-0.031331252,-0.07992016,-0.63809055,0.09226971,-0.7588328,-0.15161477,0.49035767,0.71770734,0.10191423,1.346127,0.5258679
109,644,-0.52092063,-0.20633264,-0.20024987,0.5406442,-0.57536155,-0.29167202,0.10147733,0.29579493,0.0719823,0.021049485,0.23770294,0.12667844,0.39322457,0.19227833,0.43698195,0.6785929
109,647,0.9188458,1.259814,0.4602673,-0.7040605,-0.3793061,-0.737479,-0.55615896,-1.1094216,0.3787757,-0.8538937,-0.6688707,1.437573,-0.73650163,0.120681405,0.50102717,-2.1918757
109,659,0.80949795,-1.2019796,0.2111875,0.7732051,1.0452328,0.16809557,0.18931341,-0.44281453,0.15336472,-0.396789,0.3598544,0.17847595,0.59166896,-0.0062898695,0.8403213,0.31195784
109,663,-0.55342317,0.4077472,-0.5357759,0.17543934,-0.9748463,-0.66840905,0.24040307,-0.038940936,0.40447223,0.088717304,-0.047315672,0.1474313,-0.13093555,0.29408172,0.49293178,0.61742854
109,670,0.36138162,0.1687564,-0.5148352,0.13156758,-0.2971803,0.20156279,0.29346177,0.3539502,0.071502745,0.34097096,-0.179014,-0.02553542,-0.04578727,0.82611823,-0.031798646,-0.05656083
109,671,-0.2227836,0.12402947,0.46771258,-0.050645187,-0.018532246,-0.33841154,0.3957582,-0.065810986,0.24983318,0.23422724,0.82296777,-0.0820254,-0.08186461,-0.33521262,0.21941079,0.059689537
109,674,-0.0062991977,0.3573919,-0.63489354,-0.09282109,-0.5586692,-0.5768083,0.4098301,-0.36703676,0.5033612,-0.009743206,-0.3188647,0.13686334,-0.36970603,0.41306505,0.6130672,0.41370422
109,684,-0.49843535,-0.033088878,-0.34219494,0.46518713,-0.7139739,-0.36823934,0.10731532,0.21933103,0.14236033,0.015123282,0.082140744,0.16121939,0.25808522,0.28518757,0.4607283,0.62741876
109,695,0.67994285,0.060305465,-0.3570453,0.02213654,0.2813959,0.7221263,0.2353634,0.3838188,-0.08205614,0.4047394,-0.07324475,-0.3202388,-0.11620873,0.58749664,-0.6163115,-0.4101668
109,714,0.5811953,0.15072179,-0.5538251,0.022348322,-0.0717583,0.32669547,0.40006447,0.27794316,0.12148881,0.4060219,-0.19030425,-0.16717246,-0.17528637,0.81864774,-0.16498901,-0.11086679
109,743,-0.02323255,0.33896315,-0.60622627,-0.053022772,-0.5647639,-0.51740724,0.37723953,-0.2837304,0.4549413,0.014563695,-0.28901827,0.13250671,-0.3139257,0.42470238,0.5467801,0.38454217
109,744,0.4889174,-0.9654671,-0.07114284,0.7013626,0.5329606,-0.13178337,0.008675411,-0.5424153,0.15183371,-0.5937396,-0.021492697,0.39450315,0.5822903,0.053438544,1.1884623,0.53738666
109,752,-0.50319123,0.049859,-0.45388806,-0.28058368,0.48361003,-0.044705156,-0.51062244,-0.8262885,0.3085573,-0.43560007,-0.44523972,-0.24513707,0.046268303,-1.0881401,-0.5193161,0.39258397
109,776,0.80949795,-1.2019796,0.2111875,0.77320516,1.0452328,0.16809557,0.1893134,-0.4428146,0.15336472,-0.396789,0.3598544,0.17847595,0.59166896,-0.0062898695,0.8403213,0.31195784
109,781,0.4373719,0.20638369,-0.60325295,0.093832694,-0.24250494,0.23848,0.35512468,0.3162404,0.1413925,0.39637765,-0.18425158,-0.0910446,-0.09110683,0.8584229,-0.09681414,-0.054513875
109,793,-0.504683,0.38872316,-0.5402253,0.18010801,-0.9504613,-0.622971,0.2279788,-0.015908264,0.37601444,0.07865189,-0.082473956,0.1570872,-0.11209056,0.33683032,0.48070323,0.5751017
109,795,-0.16459224,0.36122054,-0.5962963,-0.004871309,-0.6838565,-0.5812416,0.33939618,-0.24373215,0.45003685,0.008783624,-0.25470072,0.15093607,-0.2723637,0.39485294,0.570799,0.44823247
109,801,-0.6933602,0.38549024,-0.5661184,0.1329734,0.19244316,0.21611138,-0.7120727,-0.4706933,0.19415471,-0.38054267,-0.1660397,-0.034588702,0.36194962,-0.7998663,-0.65047467,-0.063423276
109,804,-0.46660396,-0.21841948,-0.27981073,0.58425105,-0.60643,-0.26160163,0.0548867,0.3017713,0.044506967,-0.033126965,0.119543016,0.1754492,0.41376805,0.28545445,0.4746462,0.6435528
109,814,0.0010638386,-0.00028724596,1.0450351,-0.14912452,0.49791294,-0.10026024,0.50652844,-0.06523631,0.2100683,0.43530098,1.4001726,-0.19864956,-0.038207386,-0.59666455,-0.06530677,-0.29848653
109,828,-0.46939138,-0.17644654,0.96798986,-0.4230618,-0.23145536,0.28483117,-0.4998021,0.8214748,-0.97535557,-0.032007784,-0.40144405,-0.06716149,0.016439613,-0.16527227,-0.5929432,-0.2125125
109,835,-0.28912482,0.17737013,0.36473382,-0.043474033,-0.12000517,-0.42880243,0.39738855,-0.112638585,0.30795315,0.21218273,0.75708,-0.06280772,-0.11462504,-0.31656227,0.28931534,0.15388323
109,838,0.60931194,0.12497026,-0.52422225,0.00023895502,-0.029176332,0.32827318,0.4099081,0.2522121,0.11380789,0.3897213,-0.19622134,-0.17586687,-0.20069587,0.79130244,-0.15407966,-0.11624759
109,849,0.44612408,0.20447885,-0.60176134,0.09027305,-0.23067391,0.24516422,0.3574179,0.31238028,0.14220065,0.39710692,-0.18317297,-0.095971726,-0.09386402,0.85446763,-0.1029108,-0.05899196
109,856,0.232618,-0.87107533,0.8732868,-1.4643428,0.17195535,-0.38492772,0.20610529,0.18076737,-0.8033986,-0.11307693,-1.5492877,-0.5768231,-1.0349548,-0.11755514,-0.1407467,0.7834478
109,857,0.031922296,-0.31103927,0.54427165,0.17891803,0.39493313,-0.11345187,0.41509122,-0.06989866,0.20119888,0.17826653,0.90678465,-0.1141256,0.17313404,-0.30572072,0.27214223,0.16833352
109,863,0.16475818,-0.5118306,-0.047893606,0.45773512,0.17841929,-0.25049996,0.15034546,-0.3382885,0.21885605,-0.30209392,0.14586407,0.22480837,0.31288266,0.01584217,0.838951,0.45285016
109,864,0.6875175,-1.2061067,-0.09508407,0.8273757,0.7225043,-0.04595932,-0.07037537,-0.6343768,0.102030806,-0.74839056,-0.14072181,0.48149335,0.7168633,0.09800795,1.3476964,0.5538415
109,874,-0.29111412,0.18194537,0.3874467,-0.052565172,-0.11048649,-0.42511088,0.4030619,-0.10719194,0.30602637,0.22450182,0.78261137,-0.07031263,-0.11719638,-0.32969645,0.27569586,0.14262937
109,878,-0.6078907,0.24645205,-0.449996,-0.019472584,0.26944622,0.10454211,-0.6230715,-0.5655989,0.20067547,-0.3938415,-0.24395275,-0.08774225,0.23824227,-0.8887851,-0.56278974,0.09614928
109,880,0.10842688,0.14254448,-0.63697386,-0.04615523,0.46816123,0.3793334,-0.16860804,-0.38047177,0.24396585,-0.05735965,-0.24851583,-0.2939241,-0.02990197,-0.2942172,-0.6108508,-0.061888233
109,883,0.75335443,-0.0028587691,-0.30794603,-0.01063782,0.25835723,0.6510294,0.30879027,0.38619795,-0.11241989,0.41247085,-0.12590721,-0.2948007,-0.19356279,0.6648376,-0.48405182,-0.37295884
109,888,-0.26133126,0.102655575,0.5505001,-0.051164225,0.019736826,-0.33534768,0.42376837,-0.04518623,0.24853772,0.27595967,0.93562686,-0.1173983,-0.060617443,-0.39125517,0.19400194,0.07504469
109,897,-0.38426074,-0.43310678,-0.18275505,0.6784837,-0.4243653,-0.1286348,0.017383426,0.36394593,-0.059875235,-0.087403834,0.17042062,0.17624587,0.56414276,0.2608964,0.4770211,0.6340605
109,899,-0.0557518,0.018593553,0.047595173,0.44176435,-0.5279705,0.3427565,-0.2494491,0.8435024,-0.5254462,0.16828153,-0.0030694306,0.31955048,0.41373748,0.6592026,-0.05162792,-0.36191404
109,902,0.79047596,1.0851066,0.5280081,-0.62755877,-0.24416447,-0.63255256,-0.38378525,-0.9648805,0.36734343,-0.66140544,-0.33683944,1.1857681,-0.6467305,0.0060631037,0.41585493,-1.9072443
109,909,0.7351887,0.044833515,-0.37311873,-0.03143646,0.3387405,0.70617646,0.27851987,0.3149645,-0.042008355,0.39939222,-0.09429839,-0.3532356,-0.17367588,0.56093323,-0.60131717,-0.38121408
109,924,0.8428006,-0.005694721,-0.38559365,-0.1376505,0.45370442,0.6799991,0.35364717,0.19665313,0.013483645,0.38855505,-0.1445488,-0.41495943,-0.2844557,0.5089278,-0.5790373,-0.3254469
109,925,0.81310844,-0.023011982,-0.3581882,-0.13818775,0.44823718,0.65452033,0.33409613,0.1806874,0.0036262944,0.35837027,-0.15142427,-0.39600742,-0.2743325,0.4744199,-0.5524605,-0.31188238
109,931,-0.27434316,0.17007908,0.34600455,-0.037364796,-0.12140428,-0.4152134,0.39013135,-0.107298605,0.29997557,0.20365962,0.7269061,-0.05750435,-0.1092404,-0.29529342,0.28822148,0.15021929
109,932,0.11391196,0.13345748,-0.62615645,-0.048088327,0.46037173,0.3665919,-0.15816271,-0.37857506,0.24269614,-0.05862537,-0.2502631,-0.2881723,-0.0333403,-0.2862654,-0.5896218,-0.05369008
109,948,0.5647514,-0.92266566,0.014530331,0.63901806,0.5808956,-0.11768736,-0.020477757,-0.5876101,0.13413465,-0.6069586,-0.0044926107,0.42215097,0.5155399,0.0036907196,1.1534635,0.35854042
109,956,-0.16612932,0.41319728,-0.6532123,0.00097094476,-0.7349917,-0.5206324,0.33832338,-0.14508176,0.44081587,0.09121025,-0.24823332,0.13388222,-0.2526539,0.48472717,0.46481758,0.42417806
109,963,-0.5486361,0.31573224,-0.46494538,0.22404943,-0.9023265,-0.5939488,0.21889639,0.024308018,0.3461725,0.09261925,0.0070237666,0.1333845,-0.05485027,0.266317,0.4579116,0.6090363
109,975,-0.39569536,-0.011880737,-0.41173333,-0.29719645,0.46182233,-0.07284473,-0.40401,-0.7790556,0.2977664,-0.39971903,-0.45782682,-0.24018514,0.0019749291,-0.9685365,-0.41944724,0.412547
109,976,-0.26474887,0.089346826,0.6073513,-0.059598953,0.055739135,-0.29869848,0.4427923,-0.009531058,0.23290394,0.317312,0.9978826,-0.14790413,-0.04348294,-0.4061925,0.14262797,0.0591212
109,1006,-0.39569542,-0.011880737,-0.41173333,-0.29719645,0.46182233,-0.07284473,-0.40401,-0.77905554,0.2977664,-0.39971906,-0.45782682,-0.24018514,0.0019749328,-0.9685365,-0.41944724,0.412547
109,1007,-0.33470705,0.15303193,0.6739631,-0.11645652,0.035349086,-0.28258884,0.49074447,0.07005351,0.22629225,0.42221168,1.1051556,-0.21606103,-0.05568749,-0.43728128,0.03709586,0.06534949
109,1012,-0.3352765,0.265847,-0.6020629,0.039083615,0.32922983,0.26595673,-0.4664117,-0.46583056,0.23230253,-0.2481102,-0.21495648,-0.15558782,0.17396408,-0.6030879,-0.6197709,-0.034074157
109,1020,0.53670025,0.17659338,-0.57978755,0.048023365,-0.12891728,0.30304784,0.38782218,0.2926065,0.13534024,0.4094278,-0.18605074,-0.14541212,-0.14420655,0.8379061,-0.1505787,-0.09345609
109,1022,-0.37388673,-0.43306732,-0.20207852,0.6925454,-0.43692946,-0.11837503,0.004083425,0.3712699,-0.06840346,-0.09780294,0.14263695,0.18786374,0.5709385,0.28712076,0.48253816,0.6224872
109,1037,0.05251369,0.2464077,-0.6188499,0.08641678,0.34724018,0.5069527,-0.2241058,-0.16867381,0.15309082,-0.002718456,-0.14471032,-0.22388065,0.087909415,-0.13721219,-0.68160254,-0.25325423
109,1064,-0.22864482,-0.034016203,0.36335945,0.5116037,-0.5222478,0.40767828,-0.5568697,0.95743424,-0.8310044,0.051715106,0.055982083,0.48434457,0.56673396,0.48839933,0.023074254,-0.5234969
109,1066,-0.26133123,0.10265556,0.55050015,-0.051164225,0.019736826,-0.33534765,0.42376837,-0.04518623,0.24853775,0.27595967,0.93562686,-0.117398314,-0.06061745,-0.39125517,0.19400194,0.07504469
109,1070,-0.27287048,0.09867792,0.59965456,-0.062283292,0.043973118,-0.3098965,0.44299218,-0.013034791,0.23772156,0.31590566,0.9942701,-0.14647123,-0.049310405,-0.4078454,0.14871596,0.066447586
109,1103,0.38811344,-0.56969714,0.43584144,-0.9632057,0.23826262,-0.04816633,0.23752767,0.16701913,-0.50693107,0.022826098,-1.0416367,-0.47323048,-0.7244326,0.07964371,-0.2394933,0.41219407
109,1113,0.668507,0.05833142,-0.3454452,0.03717815,0.25814322,0.7169653,0.23007908,0.4051542,-0.09620145,0.4055707,-0.0703184,-0.30534986,-0.10373443,0.60324496,-0.60309756,-0.41369212
109,1122,-0.3925468,-0.030467954,0.49419016,0.543174,-0.41969374,0.40315464,-0.83625585,0.82200116,-0.9701695,-0.10580354,0.06276122,0.6391809,0.6596193,0.2947355,0.30112606,-0.51124835
109,1123,0.39681098,0.19272268,-0.58002794,0.115801156,-0.28724536,0.20806746,0.33516765,0.33557558,0.1195421,0.37462708,-0.18945953,-0.059141733,-0.07346277,0.86200297,-0.054954812,-0.038679026
109,1124,-0.25875634,0.099877134,0.5581156,-0.052373633,0.026207507,-0.326818,0.42593423,-0.038709365,0.24470909,0.28196245,0.94203174,-0.12173586,-0.05771171,-0.39083692,0.18455517,0.070116416
109,1129,0.5197514,0.18211052,-0.5832922,0.058548674,-0.14754319,0.29532555,0.38042498,0.2986446,0.1362159,0.4075189,-0.18370998,-0.1361675,-0.13129783,0.8408632,-0.14483766,-0.08909501
109,1137,-0.60489285,0.09052181,-0.2054925,0.31995702,-0.69969845,-0.4718553,0.21507359,0.16221042,0.24111232,0.14050123,0.28615052,0.06685233,0.13317664,0.10474834,0.38019013,0.64564663
109,1149,0.9615871,1.3051696,0.38552284,-0.70539033,-0.4703962,-0.7725696,-0.6445551,-1.1326362,0.35913587,-0.9408317,-0.88962775,1.5436728,-0.75081795,0.22050953,0.5406168,-2.2725039
109,1151,-0.37599835,-0.35745037,-0.22029516,0.642631,-0.4733252,-0.14646916,0.020623669,0.34745455,-0.038342156,-0.076396115,0.123624235,0.18242595,0.50993806,0.29240137,0.46594924,0.5951725
109,1161,0.9254024,-0.6963655,0.23126625,0.48360473,0.748856,-0.061961997,-0.041956678,-0.678896,0.20664242,-0.5973827,0.0039489865,0.54572767,0.30336508,0.05894658,0.8563597,-0.28984204
109,1178,0.09471606,0.16777815,-0.6259488,-0.0015254319,0.41706622,0.4022064,-0.17476022,-0.31373274,0.2172802,-0.044718508,-0.21789768,-0.26183233,0.0066706836,-0.23206851,-0.6023638,-0.11337242
109,1183,0.6585294,0.9083606,0.5652073,-0.5370634,-0.12119348,-0.5112653,-0.20801839,-0.79789364,0.35622045,-0.46897087,-0.025566496,0.93746066,-0.53828406,-0.07759032,0.33254927,-1.609556
109,1191,-0.32214704,-1.0631948,1.6572092,-1.7666161,-0.15071854,-0.6752504,-0.13869739,0.49689007,-1.350604,-0.29352668,-1.8298624,-0.48856348,-1.0694987,-0.43045178,-0.09243344,0.9403098
109,1209,-0.39049104,0.18533699,0.732604,-0.14423065,0.031212896,-0.308754,0.52120924,0.08308828,0.24108988,0.47072652,1.2017894,-0.24865457,-0.06871703,-0.49256787,0.010754317,0.08062659
109,1212,-0.25068912,-0.036696814,0.39274436,0.52061456,-0.515892,0.41562283,-0.6000406,0.9608124,-0.86551195,0.03621622,0.06055826,0.5076563,0.58560854,0.46837327,0.04637508,-0.5367507
109,1232,0.9383954,-0.07707395,-0.33133447,-0.19881667,0.36749658,0.5172452,0.5047319,0.1976232,-0.020934977,0.40837693,-0.2523641,-0.35029358,-0.42662224,0.68950504,-0.29561234,-0.2453483
109,1237,0.51957166,-0.40705493,0.1899211,-0.71229833,0.3126197,0.17894235,0.2688938,0.17258109,-0.35304257,0.12658304,-0.7685239,-0.45247287,-0.5817372,0.2016943,-0.3457181,0.19040684
109,1241,0.4351946,-0.46835616,0.28868455,-0.7913402,0.25518364,0.05872151,0.24852172,0.16035041,-0.40532538,0.06429907,-0.86957663,-0.43275088,-0.61564565,0.14600188,-0.26303434,0.2907375
109,1250,-0.03385642,0.15371239,-0.594531,-0.032033816,0.4080677,0.29012194,-0.24494228,-0.42870995,0.24497962,-0.13590209,-0.24852791,-0.23333791,0.023471635,-0.40406308,-0.5499167,-0.011205655
109,1253,-0.26463136,-0.04127977,0.41673142,0.5201625,-0.49579197,0.41506842,-0.63379943,0.9401875,-0.8855376,0.014296927,0.059800655,0.52555954,0.59327203,0.43860412,0.080878556,-0.54043204
109,1266,-0.56711113,0.2577787,-0.45376295,0.27757755,-0.8937414,-0.5769732,0.19819707,0.056080244,0.31915104,0.0777524,0.02665177,0.14249158,0.0039189085,0.26577052,0.4748302,0.64015156
109,1267,0.1748192,-0.94632685,0.9795578,-1.5784643,0.13659126,-0.49697396,0.1983961,0.17054902,-0.8657753,-0.16344932,-1.6743907,-0.5839673,-1.1012135,-0.17163628,-0.079760686,0.892185
109,1277,0.05415018,0.19921286,-0.6218447,0.03429219,0.38342577,0.42485598,-0.20764306,-0.27395445,0.19717509,-0.045397203,-0.19254017,-0.2381159,0.04599121,-0.21880338,-0.6209247,-0.15469342
109,1287,0.86904716,-0.04996279,-0.37170082,-0.1965725,0.29245037,0.4029032,0.518116,0.13168119,0.041305177,0.36521843,-0.27168322,-0.2992668,-0.4210678,0.6853911,-0.17141755,-0.1672877
109,1302,-0.29556635,0.3926772,-0.52172095,0.17822173,-0.84099376,-0.24796909,0.10477511,0.29213393,0.15189514,0.19530967,-0.14346853,0.18485874,0.031400107,0.60729814,0.22062819,0.23542403
109,1307,-0.16038904,-1.2736008,1.6132405,-2.0463145,-0.056863625,-0.92975974,0.07239815,0.2623263,-1.2586842,-0.35078198,-2.1698349,-0.6096706,-1.355409,-0.43487665,0.112572655,1.2765964
109,1316,0.84499395,0.013783257,-0.39316586,-0.117384,0.44550258,0.72472894,0.34243423,0.24524596,-0.006218184,0.41777366,-0.12745835,-0.42301512,-0.26763028,0.5407708,-0.628216,-0.3603719
109,1319,-0.7091235,0.4078882,-0.6032293,0.13716522,0.21601874,0.24119288,-0.73858255,-0.48945296,0.20655951,-0.3823487,-0.1661103,-0.050295435,0.36889088,-0.82797074,-0.7000304,-0.07549511
109,1336,-0.374154,-0.031946108,0.46650064,0.5366921,-0.4169488,0.39232355,-0.8031246,0.8040109,-0.93714917,-0.100961074,0.059163526,0.62529325,0.64647925,0.30320618,0.2982331,-0.4947192
109,1346,0.7362859,0.0051307157,-0.30574685,0.006714098,0.25321993,0.673245,0.28682262,0.408806,-0.12576094,0.41578892,-0.11294751,-0.2937643,-0.17034951,0.6617598,-0.5136901,-0.3909809
109,1357,-0.25475237,0.138002,0.39736706,-0.03423159,-0.07508968,-0.38314608,0.38994342,-0.0882118,0.2747613,0.21037856,0.767466,-0.06671005,-0.0891929,-0.31394055,0.26762173,0.12103392
109,1386,-0.43347064,0.36838096,-0.5446817,0.1640018,-0.89974415,-0.5819733,0.23078673,-0.020108953,0.3616292,0.06566377,-0.120960996,0.16142908,-0.11222859,0.370717,0.47704154,0.5289787
109,1418,0.8428005,-0.0056947134,-0.3855936,-0.13765045,0.45370436,0.6799991,0.35364717,0.19665313,0.013483647,0.38855508,-0.1445488,-0.41495943,-0.28445572,0.5089278,-0.5790373,-0.32544684
109,1420,0.048405677,-0.37957838,-0.034490064,0.3924384,0.06705701,-0.3135628,0.18976475,-0.2979064,0.25160757,-0.2215808,0.21447244,0.18154138,0.23452783,-0.017814577,0.76232237,0.45082086
109,1435,0.96834064,1.3261193,0.407425,-0.72694546,-0.4551834,-0.77581036,-0.63749844,-1.1519182,0.37171572,-0.9399428,-0.8510702,1.5456547,-0.76461256,0.19711497,0.53771305,-2.299248
109,1437,-0.033908606,0.23644252,-0.3047126,0.10449019,0.1824038,0.5729994,-0.2772042,0.14699887,-0.08473436,0.047597244,-0.044176795,-0.13519233,0.17930438,-0.037797242,-0.69801766,-0.38523984
109,1444,-0.55342317,0.4077472,-0.5357759,0.17543933,-0.97484624,-0.668409,0.24040306,-0.03894093,0.40447223,0.08871735,-0.047315687,0.1474313,-0.13093555,0.29408172,0.49293172,0.6174286
109,1454,-0.26066938,0.13122818,0.45539808,-0.042564094,-0.043567955,-0.38224036,0.39991766,-0.087394424,0.27277526,0.22662482,0.8342497,-0.078439735,-0.08702272,-0.35482988,0.25543603,0.10353008
109,1465,-0.39569542,-0.011880737,-0.41173333,-0.29719645,0.46182227,-0.07284473,-0.40401,-0.7790556,0.2977664,-0.39971903,-0.45782685,-0.24018514,0.0019749291,-0.9685365,-0.41944724,0.412547
109,1478,-0.39569542,-0.011880733,-0.41173333,-0.29719645,0.46182227,-0.07284473,-0.40401,-0.7790556,0.29776636,-0.39971903,-0.45782685,-0.24018511,0.0019749291,-0.9685365,-0.41944724,0.412547
109,1481,0.7286242,0.054095816,-0.46028918,-0.07682571,0.10284045,0.37160286,0.45526156,0.2158562,0.07440749,0.3877601,-0.22621152,-0.22768602,-0.29623473,0.7643408,-0.16620772,-0.14796644
109,1487,-0.22692385,0.0077686645,0.643736,-0.029751912,0.15567005,-0.2156682,0.4801908,0.048735168,0.21355125,0.3688814,1.0634146,-0.2027396,0.023957588,-0.3962299,0.08598241,0.10895635
109,1496,0.11677854,0.10229549,-0.21809858,0.31199002,-0.45197132,0.28580528,-0.011508778,0.6521712,-0.26483098,0.26146448,-0.07921769,0.16782948,0.21619101,0.75977206,-0.054625675,-0.22606851
109,1509,-0.43169996,-0.14222069,0.8668855,-0.40417117,-0.18011385,0.3231684,-0.48894334,0.77057105,-0.9145675,-0.016423276,-0.38810518,-0.09582656,0.01181462,-0.16637215,-0.6391081,-0.22864735
109,1510,-0.14602181,-1.2712175,1.570515,-2.042591,-0.060401496,-0.94497603,0.08458976,0.23408535,-1.2307479,-0.3598461,-2.1863291,-0.60266054,-1.3604354,-0.422196,0.13173698,1.293799
109,1511,0.048405677,-0.37957838,-0.034490056,0.3924384,0.06705703,-0.31356278,0.18976475,-0.29790637,0.25160757,-0.22158077,0.2144725,0.18154138,0.23452786,-0.017814577,0.76232237,0.45082086
109,1518,-0.35735205,0.050996695,0.24516053,0.47610068,-0.50697756,0.2655224,-0.60974437,0.70298713,-0.7014026,-0.037805717,0.018433377,0.53215283,0.532854,0.37938866,0.27995312,-0.33238506
109,1519,-0.1400365,0.36368996,-0.6034818,-0.02274032,-0.6646957,-0.58407587,0.35175472,-0.2676463,0.46168745,0.005433671,-0.26581302,0.14854753,-0.29116222,0.39500177,0.57802224,0.44290417
109,1535,-0.7091234,0.4078882,-0.6032293,0.13716522,0.21601874,0.24119288,-0.73858255,-0.48945302,0.2065595,-0.3823487,-0.1661103,-0.05029545,0.3688909,-0.82797074,-0.70003045,-0.07549511
109,1537,0.84200656,0.0037536547,-0.39098385,-0.12807857,0.44760144,0.69492793,0.34992892,0.21471235,0.008239161,0.39942065,-0.1372744,-0.41659665,-0.276689,0.52254194,-0.5951173,-0.33779025
109,1540,0.24437144,-0.42809168,0.12671788,0.3410362,0.26847327,-0.24923953,0.14788902,-0.40515447,0.21765283,-0.277125,0.26067865,0.23214191,0.20556493,-0.102031946,0.77214706,0.21454363
109,1557,0.01856877,0.044862125,1.1034902,-0.18659277,0.51927906,-0.1275879,0.5072704,-0.117744915,0.23606399,0.43124872,1.4639504,-0.17733848,-0.07549031,-0.6503519,-0.06575929,-0.3676942
109,1558,-0.22692388,0.0077686645,0.643736,-0.029751927,0.15567002,-0.21566817,0.4801908,0.048735164,0.21355124,0.3688814,1.0634147,-0.20273963,0.023957592,-0.3962299,0.0859824,0.10895635
109,1563,0.95346,0.7179098,0.31506646,-0.35608524,-0.15355729,-0.5833759,-0.49935228,-1.0020188,0.28670976,-0.84772044,-0.714526,1.2558436,-0.45993719,0.19546182,0.636683,-1.6944828
109,1570,-0.26018935,0.2539591,0.16030039,0.10904902,-0.012708567,0.7201271,-0.48594093,0.5956473,-0.4824959,0.09273172,0.099086285,-0.034718387,0.3368447,-0.03360179,-0.8636478,-0.6008362
109,1573,0.6701115,0.060198914,-0.35597718,0.022605427,0.27525252,0.70738983,0.234635,0.37290195,-0.0754958,0.3949591,-0.07433963,-0.31308678,-0.11354092,0.5792228,-0.600262,-0.40124863
109,1575,-0.023497313,-1.1456337,1.3565996,-1.8708144,0.022312716,-0.7552634,0.118835464,0.22606209,-1.1064332,-0.27494502,-1.9909421,-0.6062435,-1.2652856,-0.32873216,0.023103341,1.1268619
109,1577,-0.33880284,-0.0527608,0.5259903,0.5514701,-0.4638842,0.44882777,-0.78957826,0.9507686,-1.0115249,-0.042841904,0.07621591,0.6068124,0.6586526,0.36454585,0.16420908,-0.58904713
109,1580,0.7620971,0.03927892,-0.37953335,-0.05151944,0.366459,0.7154388,0.29217923,0.29977018,-0.03408338,0.405562,-0.101068884,-0.37218016,-0.19566424,0.55571723,-0.6139724,-0.37909406
109,1595,-0.3273166,0.1382647,0.6700741,-0.103327334,0.042532325,-0.29649734,0.48243576,0.045119774,0.23327133,0.399195,1.0990219,-0.20123383,-0.054174047,-0.44489768,0.06769906,0.06817795
109,1602,-0.4483216,-0.5285636,1.2857182,-0.9754894,-0.20581976,-0.0775606,-0.3945369,0.72932905,-1.1698546,-0.13511448,-0.9800151,-0.24241075,-0.41001537,-0.29408005,-0.44329733,0.232042
109,1630,-0.7568059,0.38780102,-0.55656534,0.09782922,0.2259953,0.20109224,-0.76756823,-0.52844733,0.19978404,-0.41368014,-0.18289106,-0.051598884,0.36279657,-0.915118,-0.69605803,-0.028574793
109,1634,-0.3004782,0.1250926,0.6409061,-0.09083025,0.04347016,-0.28937605,0.46745148,0.033015616,0.22916487,0.3729591,1.0519946,-0.183361,-0.05131187,-0.42087474,0.08549139,0.060409762
109,1650,-0.48341373,0.3804646,-0.5437813,0.18106098,-0.93972266,-0.6029262,0.22352466,-0.0049471036,0.36450043,0.075778335,-0.09762369,0.16031003,-0.10411641,0.35620567,0.4733966,0.5575035
109,1660,0.04738973,0.2015016,-0.6116184,0.04506281,0.3644135,0.42019513,-0.20751753,-0.2589798,0.1899849,-0.04653858,-0.18552119,-0.2244843,0.055484354,-0.20482501,-0.6054898,-0.16115256
109,1679,0.09471606,0.16777815,-0.6259488,-0.0015254319,0.41706622,0.40220636,-0.17476022,-0.31373277,0.21728018,-0.04471851,-0.21789768,-0.2618323,0.0066706836,-0.23206839,-0.60236377,-0.113372415
109,1681,0.34068578,0.47678643,0.77014035,-0.36410856,0.1933502,-0.26953742,0.18601269,-0.42042562,0.2941304,0.008688092,0.72064924,0.33125466,-0.31187516,-0.33179262,0.105078965,-0.94086057
109,1696,-0.14892972,-0.18342441,-0.015175924,0.301002,-0.12562744,-0.38124698,0.23785564,-0.1840373,0.27072012,-0.0834475,0.31234175,0.11055733,0.13720523,-0.04895976,0.610985,0.4475211
109,1703,0.96834064,1.3261192,0.407425,-0.7269454,-0.45518333,-0.7758102,-0.63749844,-1.1519182,0.37171572,-0.9399428,-0.85107017,1.5456548,-0.7646126,0.19711497,0.53771305,-2.2992477
109,1707,-0.34600565,0.48919028,-0.6673915,0.11913478,-0.9578144,-0.37294418,0.22717336,0.22915828,0.3167771,0.25256932,-0.16084994,0.118451335,-0.06448653,0.6347153,0.20085876,0.36466545
109,1713,0.8413527,-0.03891764,-0.37674797,-0.17414571,0.26180473,0.39752603,0.502022,0.14775088,0.039479524,0.3630196,-0.26363105,-0.2835906,-0.39604124,0.6924883,-0.16808043,-0.16645947
109,1716,-0.14602178,-1.2712176,1.570515,-2.042591,-0.0604015,-0.94497603,0.084589764,0.23408532,-1.2307479,-0.35984612,-2.1863291,-0.6026604,-1.3604352,-0.422196,0.13173698,1.293799
109,1730,0.6484453,0.049858686,-0.32503885,0.05348017,0.22926381,0.6978753,0.22124402,0.42016205,-0.11307055,0.3956585,-0.07046101,-0.28137663,-0.08937284,0.6111401,-0.5719655,-0.41078103
109,1733,-0.39569542,-0.011880737,-0.41173333,-0.2971965,0.46182233,-0.07284473,-0.40401,-0.7790556,0.29776636,-0.39971903,-0.45782685,-0.24018511,0.0019749291,-0.9685365,-0.41944724,0.412547
109,1743,-0.04425028,-1.1644409,1.3846102,-1.8932357,0.0062027797,-0.79189163,0.115923725,0.2204619,-1.1194315,-0.29281655,-2.0191822,-0.6000746,-1.2765185,-0.3434272,0.051578194,1.156764
109,1750,0.06711322,0.23235203,-0.58162075,0.09668304,0.30955663,0.49152765,-0.19787666,-0.12876716,0.13360402,0.004952319,-0.13521121,-0.19984463,0.09147523,-0.087105006,-0.63171685,-0.2585125
109,1760,0.30119932,-0.47663596,0.08652252,0.37237883,0.29203305,-0.21196212,0.1220478,-0.40919086,0.19619569,-0.31687656,0.18547031,0.25591034,0.23441277,-0.05487901,0.79348296,0.2087069
109,1787,0.5077336,0.19464318,-0.6015893,0.0590394,-0.17189458,0.27311662,0.38625968,0.2919965,0.14901963,0.41068938,-0.18876284,-0.12821534,-0.13394558,0.853474,-0.12453203,-0.072762206
109,1789,-0.25955483,-1.1451586,1.6417515,-1.8590362,-0.13048866,-0.8025511,-0.04964398,0.39202976,-1.3003492,-0.32444522,-1.9559752,-0.51976615,-1.1800863,-0.42962697,0.03108424,1.0776534
109,1794,-0.5497937,0.112916276,-0.16984302,0.26603764,-0.6466988,-0.45470408,0.23241295,0.13089488,0.24650154,0.14677855,0.28618273,0.0544623,0.08822355,0.08627272,0.3564635,0.57219905
109,1804,-0.059746444,0.2377965,-0.24882506,0.10818115,0.15660936,0.5906798,-0.29874557,0.20291543,-0.13035095,0.054214455,-0.02522336,-0.121406324,0.20058544,-0.032408327,-0.7149557,-0.411305
109,1815,0.39481622,-0.8526077,-0.054285325,0.6410458,0.44453824,-0.17576167,0.042782366,-0.50184953,0.17364122,-0.52283335,0.03720598,0.3544979,0.51621556,0.02610761,1.115301,0.52596945
109,1820,-0.58442616,0.36510372,-0.58306974,0.12063311,0.2264027,0.25833055,-0.6441156,-0.44113094,0.19503453,-0.32873544,-0.16799998,-0.06912006,0.3175661,-0.7166171,-0.662162,-0.084982954
109,1830,0.0333672,-1.0887896,1.2610343,-1.7934319,0.06035216,-0.6666488,0.13332137,0.22440535,-1.0519729,-0.23507571,-1.9029235,-0.6089915,-1.2227677,-0.28574947,-0.02989167,1.0490528
109,1836,-0.30492964,0.123202026,0.65377694,-0.090403125,0.049836114,-0.29968214,0.46952572,0.02229942,0.23521934,0.3713898,1.0700725,-0.18244234,-0.053368438,-0.43649837,0.0942036,0.06087517
109,1841,-0.2630878,0.09813328,0.5750513,-0.057734013,0.034391075,-0.30673307,0.4350515,-0.013912879,0.23480864,0.30412775,0.9609977,-0.13822454,-0.04935061,-0.38901696,0.15527944,0.067327484
109,1846,0.834115,-0.018349882,-0.36852676,-0.14534096,0.4655851,0.6783714,0.34068948,0.18753618,0.0035924595,0.37504977,-0.15017003,-0.41371304,-0.2845126,0.48388016,-0.5815318,-0.32342523
109,1847,-0.5317147,0.39778018,-0.5316951,0.17610258,-0.95801854,-0.6488198,0.23604819,-0.033009186,0.39291188,0.08380425,-0.05703193,0.14957212,-0.124399394,0.30434003,0.48740065,0.598352
109,1856,-0.6933602,0.38549024,-0.5661184,0.1329734,0.19244313,0.21611138,-0.7120727,-0.4706933,0.19415471,-0.38054264,-0.1660397,-0.034588717,0.36194962,-0.79986656,-0.65047455,-0.063423276
109,1857,0.17829044,0.07685946,-0.59819895,-0.09504318,0.48463267,0.32359576,-0.097007185,-0.40831771,0.2545487,-0.05306358,-0.27890068,-0.3060194,-0.087534785,-0.27961174,-0.5334655,0.0032066554
109,1862,0.41323608,-0.8844485,-0.05458548,0.65947956,0.46884555,-0.173954,0.035497367,-0.5206025,0.1740386,-0.54312325,0.03215292,0.36607376,0.53448427,0.023865163,1.1443641,0.5378091
109,1890,-0.50334394,0.39192668,-0.54669917,0.17888191,-0.9551423,-0.62246215,0.2279267,-0.0134790465,0.3762709,0.079645954,-0.088614956,0.15834935,-0.11258097,0.34481043,0.4799139,0.5744271
109,1891,-0.39934918,-0.43469387,-0.20091397,0.7007887,-0.4514396,-0.13086805,0.004614845,0.3772344,-0.06551901,-0.09302474,0.15727922,0.18591608,0.577517,0.27883527,0.48653,0.64475715
109,1894,0.31932572,0.1524995,-0.46037567,0.15696245,-0.31615877,0.20481123,0.24605426,0.38704175,0.022437975,0.31681597,-0.16435143,0.006868489,-0.006907571,0.8006706,-0.02474834,-0.07841125
109,1899,-0.22692388,0.0077686645,0.643736,-0.029751927,0.15567005,-0.2156682,0.48019078,0.048735164,0.21355125,0.36888137,1.0634147,-0.20273963,0.02395759,-0.39622995,0.08598241,0.10895635
109,1902,0.82757103,0.0152313,-0.3887295,-0.10890411,0.4301923,0.710718,0.3360632,0.24399877,-0.006085813,0.40811425,-0.12585181,-0.4099471,-0.25727198,0.5371179,-0.6112528,-0.35566825
109,1918,-0.30661473,0.13214517,0.6334852,-0.09559497,0.033113003,-0.27669707,0.47086245,0.055497814,0.22134125,0.38658008,1.0448954,-0.192895,-0.047886614,-0.40726718,0.065095425,0.06542809
109,1932,0.50490403,0.18940297,-0.5919421,0.057954043,-0.16523682,0.27045047,0.38306212,0.2844682,0.14826792,0.4014202,-0.18708725,-0.1261703,-0.13169226,0.839409,-0.12071036,-0.07359321
109,1934,0.6669098,0.030720275,-0.30725205,0.045707747,0.2268284,0.684912,0.23519798,0.42453238,-0.12784538,0.3969356,-0.08366179,-0.27567434,-0.107654825,0.6279325,-0.54362154,-0.4057774
109,1940,0.05081418,-0.16879801,0.20883997,0.18401027,0.103484705,-0.3236207,0.2370214,-0.2999199,0.25578168,-0.09509313,0.43073112,0.1261302,0.050703693,-0.17807022,0.57246757,0.14783226
109,1941,-0.18891025,0.09307028,0.31842297,0.017493576,-0.06397496,-0.4006013,0.35118362,-0.16702089,0.2958469,0.12365883,0.66007674,-0.007201977,-0.08404599,-0.2753599,0.3586696,0.1271028
109,1949,-0.16436374,-0.025248354,0.25807637,0.486547,-0.52355367,0.37880492,-0.43885154,0.91367626,-0.71788853,0.086660765,0.037808403,0.4248153,0.5140153,0.54020154,-0.0071976036,-0.46686864
109,1953,0.72875655,0.011561472,-0.3067066,0.015008427,0.2552417,0.6918861,0.27389377,0.42155796,-0.13211505,0.41979456,-0.10403819,-0.29747665,-0.15742376,0.65810925,-0.5390359,-0.40393686
109,1959,-0.5450722,-0.07908172,-0.20701611,0.44367522,-0.62247056,-0.3746387,0.14979258,0.22245368,0.14956021,0.061331607,0.2487753,0.10565184,0.275053,0.15298082,0.4240055,0.6592629
109,1975,-0.2808502,0.46179825,-0.657373,0.072253674,-0.8705136,-0.40972197,0.26910502,0.10890876,0.35563868,0.2066575,-0.18330868,0.111717016,-0.12936501,0.57973206,0.27245435,0.381257
109,1978,-0.26742283,0.13948886,0.41894603,-0.037536547,-0.06906235,-0.39315954,0.39671904,-0.09206895,0.28029263,0.21804792,0.799283,-0.072369985,-0.09074628,-0.33531967,0.26846024,0.12418331
109,1989,0.16455992,0.083478585,-0.5924305,-0.08342433,0.46800518,0.32183507,-0.10405788,-0.39664233,0.24854974,-0.056318827,-0.27174813,-0.2936696,-0.075059995,-0.27331802,-0.5261267,-0.004773129
109,2007,-0.41181406,-0.06746352,0.63094914,0.56628424,-0.3813708,0.46878955,-0.9490612,0.886483,-1.1109893,-0.13480976,0.08724399,0.68974024,0.715729,0.24477825,0.29988268,-0.61116254
109,2016,0.9615872,1.3051695,0.38552284,-0.7053904,-0.4703962,-0.77256966,-0.64455515,-1.1326363,0.35913593,-0.94083166,-0.88962775,1.5436727,-0.75081795,0.22050954,0.5406168,-2.2725036
109,2021,0.45114934,0.6006304,0.598011,-0.39097196,0.050834432,-0.327548,0.04864315,-0.52472,0.3052962,-0.17559579,0.38201845,0.5323998,-0.37243477,-0.18191567,0.20274235,-1.1057231
109,2028,-0.4329327,-0.0070498735,-0.1272954,0.29770613,-0.51184213,-0.34525862,0.20502457,0.1501215,0.17439722,0.09602044,0.25573874,0.062946215,0.1531251,0.10406315,0.35046226,0.50232357
109,2033,-0.68843997,0.31464112,-0.49827832,0.02244918,0.26722175,0.15452966,-0.7066528,-0.5644063,0.20068634,-0.4076563,-0.2183567,-0.08191065,0.29231724,-0.9358343,-0.65056574,0.042998776
109,2037,0.17481922,-0.94632685,0.97955793,-1.578464,0.13659126,-0.49697396,0.1983961,0.170549,-0.86577517,-0.16344932,-1.6743909,-0.5839673,-1.1012136,-0.17163625,-0.079760745,0.892185
109,2038,-0.09531343,0.36559796,-0.61663926,-0.049828783,-0.6311776,-0.5852768,0.3722169,-0.30469212,0.47885275,0.00019126385,-0.2852928,0.14534321,-0.32093084,0.40031582,0.5903311,0.43298048
109,2048,-0.5255947,0.3979953,-0.53796816,0.1781058,-0.96126413,-0.64346355,0.23298773,-0.027546674,0.38857597,0.08202417,-0.06741767,0.15367453,-0.1210116,0.31778356,0.48773998,0.5927259
109,2055,-0.36526075,0.01858418,0.32945114,0.502837,-0.4747138,0.3155715,-0.68614143,0.7451068,-0.79396635,-0.0619962,0.034298107,0.56991565,0.5798697,0.35315254,0.28781524,-0.3946076
109,2057,0.7351887,0.044833515,-0.3731187,-0.03143646,0.33874047,0.7061764,0.2785199,0.3149645,-0.042008348,0.39939225,-0.0942984,-0.3532356,-0.17367588,0.56093323,-0.60131717,-0.38121402
109,2072,-0.1941762,0.20291592,-0.59195673,0.00087367743,0.36203858,0.2556718,-0.35506058,-0.4610842,0.24392368,-0.20336223,-0.23649874,-0.18683836,0.09832756,-0.5156511,-0.5623103,-0.0050971657
109,2084,-0.27434313,0.1700791,0.34600455,-0.037364796,-0.12140428,-0.4152134,0.39013132,-0.10729862,0.29997557,0.2036596,0.7269062,-0.057504363,-0.1092404,-0.29529342,0.28822148,0.1502193
109,2101,-0.28783378,-1.1163849,1.6589061,-1.8284913,-0.14377023,-0.75945497,-0.086245775,0.4364992,-1.3277171,-0.31533512,-1.9104465,-0.50454533,-1.1395403,-0.43164268,-0.010801807,1.0269119
109,2108,-0.007838979,-0.2849365,-0.030584969,0.33810568,-0.0033426434,-0.32761246,0.2132217,-0.251224,0.25694752,-0.16245282,0.23704019,0.14854789,0.17747048,-0.01860416,0.68266207,0.41985506
109,2119,-0.3040739,-0.048079573,0.4737711,0.5379176,-0.48071903,0.4330653,-0.7158871,0.94760036,-0.95254225,-0.01478862,0.068857774,0.5691426,0.6290356,0.40126288,0.12421823,-0.5663842
109,2125,-0.6078907,0.24645208,-0.449996,-0.01947257,0.26944622,0.10454211,-0.62307155,-0.5655989,0.20067546,-0.39384153,-0.24395277,-0.08774225,0.23824227,-0.8887851,-0.56278974,0.096149266
109,2133,-0.49843535,-0.033088878,-0.3421949,0.46518713,-0.713974,-0.3682393,0.107315324,0.21933103,0.14236033,0.015123278,0.082140744,0.16121939,0.2580852,0.28518757,0.4607283,0.6274188
109,2151,-0.4834138,0.3804646,-0.5437814,0.18106097,-0.9397227,-0.6029262,0.22352466,-0.004947111,0.3645004,0.07577832,-0.09762369,0.16031003,-0.10411641,0.35620567,0.4733966,0.5575036
109,2171,0.01856877,0.04486214,1.1034904,-0.18659277,0.519279,-0.1275879,0.50727034,-0.117744915,0.236064,0.43124872,1.4639505,-0.17733851,-0.07549031,-0.65035176,-0.06575929,-0.3676942
109,2183,0.7904761,1.0851068,0.52800804,-0.6275588,-0.24416447,-0.63255256,-0.3837853,-0.9648804,0.36734346,-0.6614053,-0.3368394,1.1857681,-0.6467304,0.006063074,0.41585493,-1.9072441
109,2196,-0.05802536,0.37336788,-0.63966286,-0.074767485,-0.6102306,-0.59536445,0.3961658,-0.34188125,0.50122297,-0.001594346,-0.3064361,0.14244781,-0.3546878,0.41268584,0.6090062,0.43482792
109,2203,-0.5806674,0.05305333,-0.20725206,0.34274703,-0.67657727,-0.44217548,0.20083058,0.17652392,0.21764351,0.122657545,0.26997933,0.07438482,0.16242719,0.12060204,0.3838398,0.64012337
109,2216,0.03336723,-1.0887896,1.261034,-1.7934319,0.060352206,-0.6666488,0.13332137,0.22440535,-1.0519729,-0.23507571,-1.9029236,-0.6089914,-1.2227677,-0.28574935,-0.02989167,1.0490527
109,2217,-0.04425028,-1.1644409,1.38461,-1.8932357,0.0062027723,-0.79189163,0.115923725,0.2204619,-1.1194315,-0.29281655,-2.0191824,-0.6000746,-1.2765185,-0.34342727,0.05157818,1.1567641
109,2237,-0.2808502,0.46179825,-0.657373,0.072253674,-0.8705136,-0.40972194,0.26910502,0.10890876,0.35563868,0.2066575,-0.18330868,0.111717016,-0.12936504,0.57973206,0.27245435,0.38125694
109,2253,0.0030786246,-0.03100843,0.97492045,-0.118296236,0.47350854,-0.077332556,0.49520257,-0.03263241,0.18965358,0.4217861,1.3162347,-0.20063367,-0.011683546,-0.5376179,-0.05674787,-0.25136745
109,2254,0.0064006746,0.012799282,1.0653251,-0.16048853,0.50599617,-0.10863766,0.50722307,-0.081656344,0.2181852,0.4346499,1.422429,-0.19264287,-0.049476665,-0.61470866,-0.06562568,-0.32026917
109,2265,-0.27451047,0.33074582,-0.42478663,0.2145721,-0.7698886,-0.17503835,0.029585272,0.3295803,0.05249118,0.15856966,-0.1271981,0.22050151,0.09176776,0.57716936,0.22923255,0.16137639
109,2278,0.008021742,0.058108043,-0.06647514,0.39170492,-0.5063262,0.31869557,-0.15343815,0.7712002,-0.4177911,0.20968148,-0.03352405,0.25848618,0.33634338,0.70589846,-0.055385098,-0.30405736
109,2279,-0.3941467,0.18716227,0.7437805,-0.14600839,0.035296828,-0.319308,0.52290493,0.07234149,0.24750723,0.46969023,1.2175694,-0.24722844,-0.07334736,-0.5069704,0.018085435,0.07880764
109,2280,0.067113206,0.232352,-0.58162075,0.09668304,0.30955666,0.49152762,-0.19787669,-0.12876713,0.13360402,0.0049523115,-0.13521121,-0.19984469,0.09147524,-0.087105006,-0.6317167,-0.2585125
109,2283,-0.16673902,0.39590406,-0.6289453,0.021662615,-0.7266767,-0.4818791,0.31868935,-0.10018911,0.40768453,0.0985435,-0.23251744,0.13210468,-0.220021,0.4886732,0.43030995,0.39998895
109,2286,-0.21328294,0.21751581,-0.60805863,0.002957955,0.37299377,0.2688735,-0.37756544,-0.47132516,0.24786,-0.20783803,-0.23557198,-0.19357187,0.10632023,-0.5397655,-0.5932012,-0.01204478
109,2288,0.9012462,-0.062497314,-0.32123464,-0.14630552,0.3495431,0.56736094,0.4527366,0.25392306,-0.045828253,0.41448432,-0.2111367,-0.34401014,-0.36194476,0.6796606,-0.36327076,-0.2853749
109,2291,-0.5404775,0.35612574,-0.62419033,0.117556,0.25028902,0.25429624,-0.6122831,-0.4701956,0.22561982,-0.32069004,-0.18081537,-0.08546261,0.2937279,-0.6988745,-0.6505121,-0.069835156
109,2292,-0.2337142,0.12285197,0.49042362,-0.05304882,-0.009846143,-0.34431016,0.40288,-0.06720192,0.253679,0.2432194,0.8549782,-0.08883818,-0.08111557,-0.354749,0.2173384,0.061991043
109,2303,0.025681019,0.23779188,-0.43250614,0.09245249,0.25119042,0.5494984,-0.23548186,0.025316682,0.013342325,0.038652822,-0.085096985,-0.17554048,0.13051821,-0.05524683,-0.68445385,-0.3357249
109,2312,0.12912595,0.112606466,-0.6041501,-0.0542382,0.44643784,0.33926937,-0.13369456,-0.37659764,0.2412019,-0.06061109,-0.2552808,-0.27790508,-0.043319117,-0.26933178,-0.54431367,-0.034671962
109,2336,0.39011008,0.18006177,-0.56012076,0.11228464,-0.28055626,0.19243382,0.3318334,0.31775263,0.11786089,0.35357553,-0.19078346,-0.050731443,-0.07466701,0.8380908,-0.03258206,-0.03330656
109,2343,0.5871668,-0.97286105,0.30978984,0.6190647,0.8762798,0.0934054,0.25800052,-0.3335997,0.16661839,-0.23462033,0.528234,0.090084836,0.48906103,-0.094843686,0.6840379,0.2905907
109,2350,0.034708694,0.2398159,-0.6129347,0.08658751,0.33397335,0.4749159,-0.22577822,-0.1873146,0.16102771,-0.020588487,-0.15064526,-0.2102234,0.091398306,-0.15249655,-0.6477669,-0.23045962
109,2355,-0.58442616,0.36510372,-0.58306974,0.12063311,0.2264027,0.25833052,-0.6441156,-0.44113094,0.19503453,-0.32873544,-0.16799998,-0.06912006,0.31756607,-0.7166171,-0.662162,-0.08498296
109,2366,-0.6078907,0.24645208,-0.449996,-0.01947257,0.26944622,0.10454211,-0.6230716,-0.56559885,0.20067546,-0.39384153,-0.24395275,-0.08774225,0.23824227,-0.88878524,-0.5627898,0.09614928
109,2369,0.7777734,0.03883564,-0.38621038,-0.059863508,0.38129178,0.72646356,0.29841706,0.29729804,-0.031558968,0.4134083,-0.10304857,-0.38445926,-0.20597966,0.5573079,-0.62836504,-0.38187766
109,2371,0.57886636,0.17559044,-0.5906796,0.028105132,-0.1013738,0.32527208,0.40984425,0.29364306,0.1360957,0.43203878,-0.19277778,-0.16961002,-0.17518456,0.8572502,-0.17205317,-0.10192268
109,2380,-0.26132235,0.101362675,0.54599994,-0.04867536,0.01770655,-0.33903104,0.42185253,-0.04913269,0.24995087,0.2711284,0.93093467,-0.11434946,-0.06071191,-0.3907769,0.2004799,0.07794235
109,2396,-0.27609986,0.40962237,-0.5710175,0.14997256,-0.8484356,-0.2821571,0.16396554,0.25385982,0.21611623,0.20868403,-0.15762891,0.15319629,-0.011847582,0.6171963,0.21335357,0.27092296
109,2413,0.3634952,-0.5811989,0.4590206,-0.9727571,0.21903324,-0.076424286,0.23015943,0.16663519,-0.5186884,0.0065704547,-1.0587273,-0.4618768,-0.72419584,0.06872308,-0.21543886,0.43174857
109,2419,-0.35788122,0.093934014,0.010542452,0.14865062,-0.36303398,-0.45610458,0.285671,-0.067829706,0.29329246,0.08168123,0.40034813,0.04149859,-0.006846335,-0.0808692,0.41910452,0.3864162
109,2421,0.08709915,0.24247079,-0.59853655,0.09403993,0.3242229,0.5159299,-0.19079173,-0.12185549,0.1364523,0.022592314,-0.13122478,-0.21539149,0.08324458,-0.0738298,-0.660016,-0.27446574
109,2425,0.71362436,0.0044297464,-0.29772493,0.017752707,0.23969737,0.66244256,0.2737087,0.4089991,-0.12862492,0.40270367,-0.10903591,-0.2803774,-0.15383875,0.65056396,-0.5022626,-0.38799745
109,2436,-0.3273166,0.1382647,0.67007416,-0.103327304,0.042532295,-0.29649734,0.48243576,0.045119774,0.23327136,0.39919496,1.0990218,-0.2012338,-0.05417404,-0.44489774,0.06769906,0.06817795
109,2437,-0.5855113,0.21004538,-0.21099608,0.22264126,-0.7246196,-0.50447446,0.25094667,0.11426778,0.28998834,0.1798318,0.2693394,0.049624495,0.025569154,0.09884527,0.34136307,0.5778963
109,2438,-0.44584438,0.012815516,-0.42778122,-0.28854465,0.46548533,-0.068926156,-0.44887018,-0.8012598,0.3037114,-0.4189724,-0.4533928,-0.2375145,0.022810707,-1.0198684,-0.45165318,0.4087243
109,2453,0.66819763,-1.0929865,-0.029747091,0.7467625,0.6862429,-0.07601248,-0.06451799,-0.6456552,0.11513311,-0.71177614,-0.086262256,0.47718287,0.6217972,0.04361996,1.2794101,0.42316705
109,2464,-0.36526814,0.5052156,-0.687586,0.1319687,-0.99535066,-0.37759438,0.22248584,0.25331205,0.3165079,0.2660036,-0.16315919,0.124407195,-0.056626458,0.66275084,0.19744104,0.37365258
109,2472,0.5871668,-0.972861,0.30978984,0.6190647,0.8762798,0.09340541,0.25800052,-0.33359966,0.1666184,-0.23462033,0.528234,0.090084836,0.48906103,-0.094843686,0.6840379,0.2905907
109,2475,0.9054413,-0.57876784,0.21562092,0.41413963,0.65748423,-0.0888384,-0.06228441,-0.6730398,0.20388694,-0.5878876,-0.0533237,0.56989723,0.23919359,0.0805234,0.8173859,-0.37185365
109,2478,-0.13477704,0.23877622,-0.07775808,0.121586606,0.076023325,0.6439444,-0.3622197,0.37727392,-0.27181637,0.07597821,0.033698276,-0.078612514,0.2657826,-0.010810733,-0.7626954,-0.49042147
109,2484,-0.68843997,0.3146411,-0.49827838,0.02244918,0.26722175,0.15452965,-0.7066529,-0.56440634,0.20068634,-0.4076563,-0.2183567,-0.08191066,0.2923172,-0.93583405,-0.6505657,0.04299877
109,2492,-0.3316684,0.25789034,-0.5720504,0.05545368,0.28787977,0.2486607,-0.44806957,-0.43028712,0.21616681,-0.24595574,-0.20453069,-0.12756854,0.184338,-0.55827177,-0.5697322,-0.040205646
109,2496,0.096433535,0.16818233,-0.63591146,-0.01065281,0.43483722,0.40809965,-0.17930019,-0.32804167,0.22339001,-0.044789325,-0.22342408,-0.27425662,6.772205e-05,-0.24911448,-0.6207789,-0.10893394
109,2501,0.75196266,0.04349601,-0.37748647,-0.040061772,0.35371274,0.7188604,0.28492296,0.31494123,-0.04148668,0.4081139,-0.09600318,-0.3656729,-0.1840541,0.5638035,-0.61672854,-0.38530827
109,2503,0.9394647,1.2083095,0.34701192,-0.6417982,-0.45964107,-0.7419209,-0.6332729,-1.0787976,0.32285628,-0.9154413,-0.912731,1.4863958,-0.70233124,0.24202275,0.5397718,-2.159363
109,2510,-0.56486845,0.33023405,-0.4769523,0.22150888,-0.923475,-0.61262536,0.2222983,0.018232912,0.35754958,0.095663,0.0060478,0.13458216,-0.06333503,0.26664582,0.4651671,0.62400293
109,2516,0.0333672,-1.0887896,1.2610341,-1.7934319,0.060352206,-0.66664875,0.13332136,0.22440535,-1.0519729,-0.23507574,-1.9029237,-0.60899144,-1.2227676,-0.28574947,-0.02989167,1.0490528
109,2517,-0.5278895,0.18357383,-0.41546673,0.31343484,-0.8270094,-0.51240057,0.17742589,0.09083499,0.27169028,0.06063927,0.037124336,0.14480217,0.06079448,0.2674247,0.4634331,0.61375445
109,2524,0.3239334,-0.5222545,0.082243815,0.39956075,0.32224908,-0.20737378,0.110489026,-0.4306258,0.19391534,-0.34504697,0.1739051,0.2715298,0.26323652,-0.054248422,0.8336567,0.22959374
109,2527,0.75196266,0.043496,-0.37748647,-0.040061772,0.35371274,0.71886045,0.28492296,0.31494123,-0.04148668,0.4081139,-0.09600319,-0.36567286,-0.18405412,0.5638035,-0.61672854,-0.38530827
109,2529,-0.5913056,0.16861631,-0.2070476,0.25479883,-0.71429425,-0.49160603,0.23797351,0.13230407,0.27101594,0.16634989,0.27509212,0.055020187,0.062413253,0.09965131,0.35256362,0.5983336
109,2539,-0.27287042,0.09867792,0.5996545,-0.062283278,0.043973103,-0.30989647,0.44299218,-0.013034798,0.23772155,0.31590566,0.9942701,-0.14647123,-0.049310412,-0.4078454,0.14871597,0.06644761
109,2542,-0.2808502,0.46179825,-0.657373,0.07225367,-0.8705136,-0.40972197,0.26910502,0.10890876,0.35563868,0.2066575,-0.18330868,0.111717016,-0.12936504,0.57973206,0.27245435,0.38125694
109,2563,-0.14602181,-1.2712176,1.570515,-2.0425909,-0.060401496,-0.94497603,0.084589764,0.23408535,-1.2307479,-0.35984603,-2.1863294,-0.60266066,-1.3604355,-0.42219618,0.13173695,1.2937992
109,2566,-0.5068518,0.3873033,-0.5313066,0.17759149,-0.94237775,-0.62725747,0.23065391,-0.02513624,0.379801,0.07785044,-0.07227446,0.15372044,-0.1164576,0.32102758,0.4825861,0.57739705
109,2574,0.832428,-0.032816235,-0.31831288,-0.079764605,0.3027903,0.6078598,0.386107,0.32177073,-0.07733598,0.417684,-0.17098452,-0.32031885,-0.2816157,0.68019044,-0.42170638,-0.32704854
109,2576,-0.2978879,0.10311289,0.65770733,-0.07651144,0.064249456,-0.30829883,0.46454662,0.0019762814,0.23963073,0.35287687,1.0723734,-0.17238328,-0.047148947,-0.44599256,0.11947271,0.06400765
109,2579,0.68854976,0.05304509,-0.34159333,0.03250879,0.2670115,0.7321189,0.2368662,0.41838056,-0.107428506,0.4189771,-0.0726228,-0.31412977,-0.114280015,0.617965,-0.6154473,-0.4234323
109,2582,0.896142,-0.054082956,-0.326303,-0.13648312,0.34666047,0.5853658,0.44279253,0.27149534,-0.052625507,0.4235216,-0.20380388,-0.3469031,-0.3506792,0.685998,-0.38723546,-0.29798293
109,2596,0.03604752,0.23222081,-0.6074643,0.086196795,0.3249326,0.45642895,-0.21719822,-0.1929535,0.16442144,-0.026500214,-0.1539602,-0.20240828,0.08926572,-0.14870748,-0.6209888,-0.21836576
109,2613,-0.52092063,-0.20633262,-0.20024987,0.5406442,-0.5753616,-0.29167205,0.10147734,0.29579496,0.0719823,0.021049485,0.23770294,0.12667844,0.39322454,0.19227831,0.43698198,0.6785929
109,2615,-0.39417717,0.1934453,0.72616225,-0.14929052,0.02251853,-0.3030705,0.5233989,0.095429644,0.23747577,0.4788753,1.1954026,-0.25395492,-0.06956111,-0.48391578,-0.001357004,0.08262235
109,2618,-0.5278895,0.18357384,-0.41546673,0.31343484,-0.8270093,-0.5124006,0.17742589,0.09083499,0.27169028,0.06063927,0.037124336,0.14480217,0.06079448,0.2674247,0.4634331,0.61375445
109,2630,-0.60489297,0.0905218,-0.2054925,0.31995702,-0.69969845,-0.4718553,0.21507359,0.16221042,0.24111232,0.14050123,0.2861505,0.06685233,0.13317664,0.10474834,0.3801902,0.6456466
109,2634,0.709901,-0.064309955,-0.26576874,-0.17606251,0.39811254,0.5906001,0.28034163,0.19616261,-0.0622031,0.3034737,-0.21512389,-0.366553,-0.26315022,0.41731018,-0.5229526,-0.26151073
109,2646,-0.44584438,0.012815524,-0.42778122,-0.28854465,0.46548533,-0.068926156,-0.44887018,-0.8012598,0.30371138,-0.41897243,-0.4533928,-0.2375145,0.022810709,-1.0198683,-0.45165312,0.4087243
109,2649,-0.07099518,0.007238675,0.07511997,0.45165098,-0.5283799,0.3449948,-0.26953122,0.8521699,-0.54536057,0.15336633,0.003872946,0.33269152,0.43127334,0.64102,-0.047963127,-0.3722797
109,2651,-0.18389654,-1.2491256,1.6354921,-2.0233233,-0.06634958,-0.89152145,0.041279867,0.30129272,-1.2844996,-0.3419235,-2.127934,-0.5976887,-1.3221711,-0.43963698,0.07577863,1.2312824
109,2652,-0.3760366,0.10470468,0.1499698,0.45204675,-0.57588834,0.20302656,-0.54157996,0.67628205,-0.610364,-0.002838552,0.002172321,0.5006447,0.48545313,0.41782263,0.27166718,-0.2620825
109,2653,-0.27374136,0.22148655,0.23797409,0.06484556,-0.009602331,0.70524526,-0.48759866,0.6216636,-0.52864945,0.09505188,0.07640466,-0.053280063,0.31050807,-0.054894,-0.86420786,-0.5847859
109,2664,0.3141042,0.45286703,0.8311547,-0.36315483,0.23362693,-0.26387486,0.21647917,-0.40409845,0.29557937,0.051519632,0.81577903,0.2903643,-0.29963586,-0.38016215,0.0831216,-0.9162293
109,2665,-0.6933602,0.38549027,-0.56611836,0.1329734,0.19244313,0.21611138,-0.7120727,-0.4706933,0.19415471,-0.38054264,-0.1660397,-0.034588717,0.36194965,-0.79986644,-0.6504746,-0.063423276
109,2667,-0.4083645,-0.72356987,1.4327322,-1.266055,-0.19255626,-0.2892964,-0.31184134,0.6602249,-1.2519877,-0.1912384,-1.2940621,-0.33126938,-0.6485613,-0.34273311,-0.32784617,0.48252738
109,2673,-0.38497356,0.18429942,0.72572625,-0.1419353,0.030136436,-0.311409,0.51718354,0.07614641,0.24249078,0.46277782,1.191584,-0.24269897,-0.07060623,-0.4896483,0.01856108,0.07853847
109,2674,0.073703974,0.11705078,-0.59123456,-0.048921213,0.42618567,0.302064,-0.16417927,-0.4027298,0.24554211,-0.093073085,-0.2560045,-0.25511625,-0.024123322,-0.31774995,-0.5203698,-0.011692286
109,2683,-0.5957514,0.22419606,-0.45118624,-0.049199298,0.29502696,0.0856467,-0.61061347,-0.59924304,0.21467823,-0.39975712,-0.26651722,-0.10567304,0.21515024,-0.9149357,-0.55690616,0.13147694
109,2687,-0.34215173,0.49316645,-0.6745385,0.10239815,-0.9488104,-0.39628875,0.24297611,0.19130167,0.33793795,0.24439877,-0.16582337,0.11476919,-0.088906154,0.6182794,0.22352915,0.383196
109,2690,-0.3635361,-0.007607963,0.3880452,0.51784545,-0.4427719,0.35104865,-0.73334634,0.76677066,-0.85324514,-0.080833554,0.04529342,0.5922827,0.60947174,0.33055872,0.29275817,-0.4373849
109,2691,0.3287536,0.15862818,-0.47318745,0.15448682,-0.31595573,0.21099761,0.25357974,0.3909699,0.027391741,0.3285488,-0.16600281,-0.0001642108,-0.01263253,0.8142712,-0.03349583,-0.078618854
109,2711,0.784274,-0.015856352,-0.33745152,-0.12545107,0.44923764,0.69004804,0.2971276,0.21162298,-0.026587121,0.36044902,-0.14045846,-0.39402223,-0.24960215,0.4598744,-0.6016249,-0.34310663
109,2721,-0.57150817,0.4113856,-0.5303314,0.17639509,-0.9827405,-0.67287207,0.24220262,-0.032224834,0.40695107,0.09820821,-0.033252,0.14172585,-0.13001879,0.2846483,0.48584688,0.62824154
109,2724,0.90853894,-0.045097478,-0.38576967,-0.20938571,0.31744635,0.43708822,0.53418934,0.14396441,0.04037338,0.39424166,-0.2720486,-0.32612434,-0.44270042,0.7073982,-0.21037947,-0.18339355
109,2727,-0.7711545,0.38232735,-0.5428802,0.06714798,0.25687248,0.20640853,-0.78856534,-0.5507117,0.19534393,-0.41961578,-0.19282618,-0.0728611,0.35151526,-0.9707298,-0.7348903,-0.014539331
109,2736,0.06954129,0.116505444,-0.58073324,-0.03961256,0.40732008,0.29356384,-0.160658,-0.39026988,0.24005115,-0.09483461,-0.25075445,-0.24141163,-0.016848076,-0.30303225,-0.4997337,-0.014335653
109,2739,0.7544507,0.0026515462,-0.31172103,-0.006560549,0.2610257,0.66728854,0.30362028,0.3980193,-0.11737691,0.4207261,-0.12107972,-0.30035833,-0.18901128,0.6693782,-0.5046669,-0.38336444
109,2742,-0.006520018,0.14339763,-0.58948624,-0.027967036,0.39817625,0.2851428,-0.21849498,-0.41431266,0.24377142,-0.12609851,-0.24725497,-0.22825861,0.01593642,-0.367404,-0.5230069,-0.012119513
109,2744,-0.2978879,0.103112906,0.6577073,-0.07651141,0.06424944,-0.30829883,0.46454665,0.0019762814,0.23963074,0.35287684,1.0723733,-0.17238328,-0.047148947,-0.44599268,0.119472705,0.06400765
109,2755,0.423822,0.20795073,-0.60430706,0.09890627,-0.2620213,0.22561622,0.35209212,0.3216666,0.13922718,0.3940042,-0.18734251,-0.0822402,-0.088642746,0.8651854,-0.08326487,-0.04607271
109,2762,-0.08410311,0.3768612,-0.63490784,-0.06193237,-0.632584,-0.5976192,0.38494205,-0.32276988,0.49395055,0.0018821917,-0.29660103,0.14529419,-0.34047338,0.40979987,0.601176,0.43996632
109,2768,-0.47044054,-0.10517047,-0.3142887,0.5051806,-0.6602263,-0.31477982,0.0870867,0.25200143,0.100194424,-0.003216017,0.09084241,0.16559824,0.31555635,0.28945333,0.4580126,0.6173057
109,2770,0.025681019,0.23779191,-0.4325062,0.0924525,0.25119042,0.5494984,-0.23548183,0.025316685,0.013342328,0.038652822,-0.085096985,-0.17554048,0.13051821,-0.0552468,-0.68445385,-0.3357249
109,2771,-0.24172017,0.13252296,0.47604483,-0.05394934,-0.025078155,-0.35756007,0.40162876,-0.07351559,0.26044074,0.23890421,0.8443357,-0.08495212,-0.087609544,-0.35288486,0.22732607,0.0720583
109,2780,-0.14602181,-1.2712176,1.570515,-2.0425909,-0.0604015,-0.94497603,0.08458976,0.23408532,-1.2307479,-0.35984606,-2.1863294,-0.60266054,-1.3604354,-0.42219612,0.13173696,1.2937989
109,2795,0.92470086,-0.07602058,-0.32281008,-0.18201812,0.36409575,0.53077465,0.4868162,0.21239525,-0.02853237,0.4062257,-0.23790821,-0.34770092,-0.4035781,0.6789333,-0.3153832,-0.2564596
109,2811,0.01856877,0.04486214,1.1034901,-0.18659274,0.519279,-0.1275879,0.50727034,-0.117744915,0.23606402,0.43124872,1.4639506,-0.17733848,-0.075490296,-0.65035176,-0.06575929,-0.3676942
109,2820,-0.39712593,0.031098474,-0.054525934,0.23202147,-0.43130034,-0.40932325,0.24344596,0.03102833,0.23612252,0.078301124,0.33403793,0.056124028,0.077876344,0.0017879605,0.40174866,0.45236623
109,2825,0.92118,-0.069672056,-0.34497833,-0.19998594,0.34668845,0.48406184,0.51076496,0.17814673,-0.002991598,0.3969738,-0.26014778,-0.33621314,-0.42826137,0.6912265,-0.25849158,-0.22220829
109,2827,0.68854976,0.05304509,-0.34159333,0.03250879,0.2670115,0.7321189,0.2368662,0.41838056,-0.107428506,0.4189771,-0.072622806,-0.31412977,-0.11428,0.617965,-0.6154473,-0.4234323
109,2828,-0.08930451,-0.010375056,0.27682412,0.089058094,0.006026089,-0.38073698,0.30653906,-0.2352497,0.289557,0.029343382,0.57502174,0.05107603,-0.038867872,-0.24411902,0.4532218,0.12715435
109,2832,0.6669098,0.030720275,-0.30725205,0.045707755,0.2268284,0.68491215,0.23519796,0.42453238,-0.1278454,0.39693567,-0.08366178,-0.2756743,-0.10765481,0.6279325,-0.5436218,-0.40577745
109,2835,0.4404561,0.21292286,-0.61440796,0.09259718,-0.24884291,0.23900646,0.36012515,0.32056424,0.1447202,0.4054918,-0.18659928,-0.09404283,-0.095978305,0.8713517,-0.09951727,-0.051936224
109,2837,-0.5267726,-0.13200851,-0.2022993,0.4788044,-0.59607327,-0.33448833,0.13102998,0.25245768,0.115476854,0.04502984,0.24090374,0.11247434,0.321446,0.17033823,0.42428368,0.6598847
109,2840,-0.3838896,0.28620383,-0.59345394,0.07152876,0.28414392,0.25563207,-0.49224722,-0.44389707,0.22158673,-0.26381868,-0.19890727,-0.12105053,0.21169241,-0.59680915,-0.5994272,-0.0500606
109,2853,-0.38388965,0.28620386,-0.59345394,0.07152876,0.28414392,0.25563204,-0.49224728,-0.44389707,0.22158673,-0.26381868,-0.19890727,-0.121050514,0.21169241,-0.59680915,-0.59942734,-0.0500606
109,2857,0.52532816,0.18761016,-0.5937406,0.056985676,-0.1511919,0.29750982,0.38605282,0.30263042,0.13934952,0.4169675,-0.18577164,-0.1398204,-0.13624503,0.8536978,-0.14838801,-0.087739654
109,2863,-0.58855295,0.41753238,-0.5278324,0.17479233,-0.9923079,-0.68131566,0.24555454,-0.029586747,0.41210726,0.10688455,-0.022053242,0.1368733,-0.13265601,0.2760935,0.48177028,0.6399224
109,2865,0.17829044,0.07685946,-0.598199,-0.09504318,0.4846326,0.32359576,-0.097007155,-0.40831774,0.2545487,-0.05306358,-0.27890068,-0.3060194,-0.08753477,-0.27961168,-0.53346556,0.0032066554
109,2867,-0.7091235,0.40788814,-0.6032293,0.1371652,0.2160187,0.24119288,-0.7385826,-0.48945302,0.2065595,-0.3823487,-0.1661103,-0.05029545,0.36889088,-0.8279706,-0.70003045,-0.07549511
109,2869,0.2942421,-0.69472075,0.5140711,0.42141634,0.71340376,-0.036509577,0.3644752,-0.23701969,0.2098277,-0.01308446,0.8509905,-0.03236086,0.3574901,-0.28545985,0.5107931,0.2703873
109,2873,-0.38426074,-0.43310678,-0.18275505,0.6784837,-0.4243653,-0.1286348,0.017383441,0.36394593,-0.059875235,-0.087403834,0.17042068,0.17624585,0.56414276,0.2608964,0.4770211,0.6340605
109,2876,-0.344431,0.07925695,0.004895434,0.1568113,-0.3566104,-0.4380307,0.2788685,-0.05661516,0.28013968,0.076368526,0.38395405,0.043923985,0.004384849,-0.06633356,0.41412812,0.3807379
109,2884,-0.2694528,0.099283025,0.60158485,-0.0635761,0.04635842,-0.30862075,0.4426269,-0.01455415,0.23776095,0.31580207,0.99469554,-0.14571854,-0.050798338,-0.4081767,0.14759351,0.06158208
109,2886,0.83242786,-0.032816235,-0.31831288,-0.07976459,0.3027903,0.6078598,0.386107,0.32177073,-0.07733598,0.417684,-0.17098452,-0.32031888,-0.2816157,0.68019044,-0.42170638,-0.3270486
109,2897,-0.04425031,-1.1644409,1.38461,-1.8932357,0.0062027797,-0.7918917,0.115923725,0.22046188,-1.1194317,-0.29281655,-2.0191824,-0.60007465,-1.2765185,-0.3434272,0.051578194,1.1567639
109,2904,0.11391195,0.13345748,-0.62615645,-0.048088342,0.4603718,0.36659184,-0.15816271,-0.3785751,0.24269614,-0.058625367,-0.2502631,-0.28817233,-0.03334031,-0.2862654,-0.5896217,-0.053690076
109,2913,-0.46660402,-0.21841948,-0.27981073,0.584251,-0.60643005,-0.26160163,0.054886684,0.3017713,0.044506975,-0.033126965,0.119543016,0.17544919,0.4137681,0.28545445,0.4746462,0.64355266
109,2917,-0.33816716,-1.0153672,1.6327146,-1.699035,-0.15635121,-0.6149628,-0.16768438,0.52811676,-1.344702,-0.27719617,-1.7537543,-0.46840334,-1.0087616,-0.41998723,-0.13519393,0.87231475
109,2938,0.35462967,0.4880793,0.7372817,-0.36343545,0.1723189,-0.2728581,0.16944674,-0.42945948,0.2933783,-0.015048005,0.6696306,0.3534745,-0.3172802,-0.30607364,0.118102275,-0.9526323
109,2939,-0.7568058,0.387801,-0.55656534,0.09782922,0.22599533,0.20109224,-0.7675682,-0.5284473,0.19978403,-0.41368014,-0.18289106,-0.051598854,0.36279652,-0.915118,-0.6960581,-0.02857479
109,2957,-0.33470705,0.15303193,0.6739631,-0.11645652,0.0353491,-0.28258887,0.49074447,0.07005351,0.22629227,0.42221168,1.1051556,-0.21606106,-0.055687476,-0.43728128,0.03709586,0.06534949
109,2961,-0.33816716,-1.0153672,1.6327146,-1.699035,-0.15635121,-0.6149629,-0.16768438,0.52811676,-1.3447022,-0.27719617,-1.7537543,-0.46840328,-1.0087616,-0.41998723,-0.1351939,0.87231475
109,2963,-0.30407396,-0.048079573,0.47377104,0.5379176,-0.480719,0.4330652,-0.7158871,0.94760036,-0.9525423,-0.01478862,0.068857774,0.56914264,0.6290357,0.40126288,0.12421823,-0.5663842
109,2965,0.66971135,0.056237984,-0.341382,0.039490752,0.25506142,0.7186612,0.22976536,0.41217595,-0.10215613,0.40777543,-0.07054533,-0.30345824,-0.10327305,0.60893,-0.6022208,-0.41645598
109,2984,-0.37388673,-0.43306732,-0.20207852,0.6925454,-0.4369295,-0.11837503,0.004083425,0.37126994,-0.06840345,-0.09780294,0.14263692,0.18786374,0.5709385,0.28712076,0.48253816,0.6224872
109,2985,-0.5495621,0.36052847,-0.6323543,0.110211335,0.26562542,0.26043418,-0.6253789,-0.48463362,0.22980233,-0.32421866,-0.1845089,-0.095454656,0.29228434,-0.7237916,-0.6731093,-0.06708013
109,2990,-0.7568058,0.387801,-0.55656534,0.09782922,0.22599533,0.20109226,-0.7675682,-0.5284473,0.19978403,-0.41368014,-0.18289106,-0.05159887,0.36279655,-0.915118,-0.6960581,-0.028574793
109,3007,0.40965596,0.199039,-0.58939284,0.10568659,-0.27117953,0.21498068,0.34322923,0.32362297,0.13058323,0.38070163,-0.18782537,-0.070471026,-0.08108725,0.85717356,-0.067362174,-0.042333376
109,3015,-0.25232294,0.44574594,-0.653472,0.05853096,-0.83587015,-0.43971568,0.28442964,0.043567985,0.37381908,0.17298868,-0.19985326,0.12103934,-0.15918621,0.55399126,0.3262732,0.39368415
109,3017,-0.28916028,0.19675745,-0.1401456,0.32521343,-0.6335544,0.020047894,-0.23228663,0.47654086,-0.26031375,0.069489665,-0.067403436,0.34557626,0.27944806,0.48963684,0.25078514,-0.049008843
109,3023,0.025681019,0.23779188,-0.43250614,0.0924525,0.25119042,0.5494984,-0.23548183,0.025316685,0.013342328,0.038652815,-0.085096985,-0.17554048,0.13051821,-0.0552468,-0.6844539,-0.3357249
109,3031,0.19107983,-0.3321221,0.13832177,0.28348434,0.20296177,-0.25984013,0.17175394,-0.35772687,0.22100237,-0.21657005,0.28843287,0.19827797,0.14709191,-0.106067896,0.6884555,0.17357635
109,3036,0.38539517,0.1725459,-0.5484405,0.112579286,-0.2784812,0.18550545,0.32835788,0.31162882,0.11461936,0.3425635,-0.19102733,-0.04520542,-0.07310845,0.8267915,-0.021474347,-0.031561647
109,3037,0.23409857,0.32876083,0.8215601,-0.2988683,0.2850359,-0.19906461,0.30467942,-0.30171242,0.27092558,0.15177056,0.93681157,0.14187579,-0.2337804,-0.405607,0.0450397,-0.7122151
109,3039,-0.37117365,0.16505548,0.7311082,-0.13113444,0.04715036,-0.30646163,0.51198995,0.06612613,0.24075519,0.45068002,1.1907654,-0.23563612,-0.06279574,-0.49127373,0.029366583,0.07232008
109,3040,-0.27541515,0.24004723,-0.6064906,0.012923308,0.36174235,0.26808318,-0.42569304,-0.4785868,0.24256793,-0.2296094,-0.2292752,-0.18167526,0.13545151,-0.5861112,-0.6161394,-0.01752028
109,3056,-0.37559417,0.5076522,-0.6829366,0.1237935,-0.9933475,-0.38755068,0.22570622,0.24035281,0.3244671,0.2634488,-0.15720566,0.11943932,-0.06279163,0.6429076,0.19888754,0.38264936
109,3061,0.17829044,0.07685946,-0.59819895,-0.09504318,0.4846326,0.32359576,-0.097007155,-0.40831774,0.2545487,-0.05306358,-0.27890068,-0.30601937,-0.087534785,-0.27961174,-0.53346556,0.0032066554
109,3073,0.50737417,-0.99695915,-0.06965653,0.7182499,0.55741554,-0.131179,-0.00038716197,-0.5628486,0.15156141,-0.61495614,-0.026600853,0.40700468,0.5996802,0.04883957,1.218633,0.5479828
109,3078,0.83242786,-0.032816235,-0.31831288,-0.07976459,0.3027903,0.6078598,0.386107,0.32177073,-0.07733598,0.417684,-0.17098452,-0.32031888,-0.2816157,0.68019044,-0.42170638,-0.3270486
109,3092,-0.5702871,0.37066108,-0.4929126,0.19307387,-0.94594806,-0.6388175,0.23602614,-0.0042007864,0.3816513,0.10472616,-0.004026234,0.1307824,-0.099894494,0.26611522,0.46422428,0.62340826
109,3110,-0.0062992275,0.3573919,-0.63489354,-0.09282109,-0.5586692,-0.5768083,0.40983012,-0.36703676,0.5033612,-0.009743206,-0.31886476,0.13686334,-0.36970603,0.41306505,0.6130672,0.41370422
109,3111,-0.12479442,-0.006768912,0.17326479,0.4758163,-0.5360449,0.36850616,-0.36807734,0.8999544,-0.6484832,0.12433972,0.024078012,0.3869402,0.481466,0.5963502,-0.030221924,-0.43037242
109,3116,-0.022800878,-0.27162233,0.5962817,0.14818466,0.3798802,-0.13900264,0.43882474,-0.05649916,0.21239078,0.22169563,0.9880161,-0.14030111,0.15552452,-0.35381237,0.24485457,0.17214692
109,3146,0.9012462,-0.062497318,-0.32123464,-0.14630552,0.3495431,0.567361,0.45273662,0.25392306,-0.045828246,0.41448438,-0.2111367,-0.3440101,-0.36194474,0.6796606,-0.36327082,-0.28537488
109,3147,-0.5346348,-0.051474042,-0.20657791,0.41560698,-0.62190247,-0.380973,0.16060144,0.20736897,0.16163607,0.0699146,0.24334574,0.09958632,0.24605994,0.1492856,0.41293025,0.6400336
109,3161,0.5390483,-1.027156,-0.076268,0.73277193,0.5818149,-0.10820237,-0.011026815,-0.56405115,0.13811475,-0.6322891,-0.05085563,0.41595602,0.6178558,0.06487739,1.2277557,0.54160416
109,3169,0.68505234,0.06195895,-0.3651825,0.014714956,0.28917918,0.7174283,0.24132486,0.3689726,-0.07083381,0.40279108,-0.07589492,-0.32520714,-0.12365219,0.58119726,-0.6138513,-0.403857
109,3173,-0.46332875,-0.28659958,-0.19596441,0.58686674,-0.51744306,-0.22712442,0.07133146,0.32049027,0.02309599,-0.017848874,0.20706591,0.14451994,0.45230037,0.22217126,0.4474753,0.6554309
109,3174,0.68854976,0.05304509,-0.34159333,0.03250879,0.2670115,0.7321189,0.2368662,0.41838056,-0.107428506,0.4189771,-0.072622806,-0.31412977,-0.11428,0.617965,-0.6154473,-0.4234323
109,3181,0.1748192,-0.94632685,0.9795578,-1.578464,0.13659126,-0.49697396,0.19839612,0.170549,-0.8657754,-0.16344932,-1.674391,-0.58396745,-1.1012137,-0.17163625,-0.079760686,0.892185
109,3185,0.036047533,0.23222081,-0.6074643,0.086196795,0.3249326,0.45642895,-0.2171982,-0.1929535,0.16442144,-0.026500214,-0.1539602,-0.20240831,0.08926572,-0.14870748,-0.6209888,-0.21836577
109,3186,0.6875175,-1.2061065,-0.09508407,0.8273757,0.72250426,-0.04595932,-0.07037537,-0.6343768,0.102030806,-0.74839056,-0.14072181,0.48149335,0.71686316,0.09800795,1.3476964,0.5538415
109,3198,-0.34067687,-0.055594765,0.53669274,0.54284525,-0.44046822,0.4430173,-0.8020578,0.920597,-1.0123727,-0.060188375,0.072664276,0.61217886,0.65380913,0.33859,0.19095331,-0.58517313
109,3204,0.23409857,0.32876083,0.82156,-0.2988683,0.28503588,-0.19906461,0.30467942,-0.30171242,0.27092555,0.15177056,0.93681157,0.14187577,-0.2337804,-0.40560707,0.0450397,-0.7122151
109,3207,-0.22692385,0.007768657,0.643736,-0.029751927,0.15567008,-0.2156682,0.48019078,0.048735168,0.21355124,0.3688814,1.0634147,-0.20273966,0.023957592,-0.3962299,0.08598241,0.10895635
109,3224,-0.47370288,-0.40984476,1.1997478,-0.79759604,-0.21842343,0.04889659,-0.4477957,0.7728104,-1.1224728,-0.10205309,-0.79086715,-0.18546179,-0.26508343,-0.26398835,-0.51127326,0.077808715
109,3233,0.69349605,-1.1751698,-0.06133367,0.8024791,0.72412294,-0.05379082,-0.07265131,-0.64687395,0.104880646,-0.74427927,-0.11689827,0.4856525,0.68333346,0.07219374,1.3286059,0.4922769
109,3235,-0.3685142,0.36077517,-0.55339557,0.12662071,-0.8449683,-0.57783043,0.2544945,-0.07053975,0.37815702,0.047831334,-0.15310529,0.15945521,-0.14471403,0.377846,0.50289416,0.50834334
109,3236,-0.19478413,-1.230203,1.6296134,-1.9887211,-0.078088686,-0.87928134,0.028419241,0.31161326,-1.2796912,-0.33969697,-2.0963163,-0.582263,-1.2961743,-0.43579736,0.07454778,1.2055956
109,3238,-0.22864479,-0.0340162,0.36335945,0.5116037,-0.5222478,0.4076783,-0.5568696,0.9574342,-0.8310043,0.051715106,0.05598207,0.48434454,0.5667339,0.48839933,0.02307427,-0.5234969
109,3239,0.9615872,1.3051695,0.38552278,-0.70539033,-0.4703962,-0.7725696,-0.6445551,-1.1326362,0.35913587,-0.94083166,-0.88962775,1.5436728,-0.75081795,0.22050956,0.5406168,-2.2725039
109,3249,0.21846822,-0.38157877,0.13202803,0.31338903,0.23664644,-0.25414023,0.15985866,-0.3817687,0.2194118,-0.24750558,0.27422974,0.21550992,0.17738983,-0.103524834,0.73132044,0.19498801
109,3263,0.8045738,0.019850325,-0.38710493,-0.092836216,0.40628123,0.6951469,0.32740098,0.24823666,-0.0064065754,0.39900056,-0.12180308,-0.39260516,-0.24088533,0.5385332,-0.5916293,-0.3515424
109,3272,-0.12479442,-0.006768912,0.17326479,0.4758163,-0.5360449,0.36850616,-0.36807734,0.8999544,-0.6484833,0.12433974,0.024078012,0.3869402,0.481466,0.5963502,-0.030221924,-0.43037242
109,3277,0.9761301,0.7761633,0.33307368,-0.39017814,-0.17051004,-0.60717916,-0.5241342,-1.0367112,0.30003056,-0.87385166,-0.73420423,1.3052026,-0.48982158,0.19361265,0.63995045,-1.7778872
109,3294,0.0010638386,-0.00028724596,1.0450351,-0.14912452,0.49791294,-0.10026021,0.50652844,-0.06523631,0.21006829,0.43530098,1.4001726,-0.19864959,-0.038207393,-0.5966644,-0.06530674,-0.29848653
109,3297,0.82757103,0.015231308,-0.3887295,-0.10890409,0.4301923,0.710718,0.3360632,0.24399877,-0.006085813,0.40811428,-0.12585181,-0.4099471,-0.25727195,0.5371179,-0.61125284,-0.35566825
109,3300,0.68505234,0.06195895,-0.3651825,0.014714956,0.28917918,0.7174283,0.24132486,0.3689726,-0.07083381,0.40279108,-0.07589493,-0.32520714,-0.12365219,0.58119726,-0.6138513,-0.403857
109,3311,-0.35551503,0.2781753,-0.6308332,0.028626531,0.361157,0.27615544,-0.49389267,-0.5031083,0.24850659,-0.25801158,-0.2236225,-0.17532009,0.17260434,-0.65497744,-0.6638541,-0.02660951
109,3346,0.053424776,0.10653107,1.1269698,-0.22910188,0.51874375,-0.15694971,0.48624557,-0.17977786,0.26018494,0.3966559,1.466041,-0.12654132,-0.11605173,-0.6714183,-0.051281556,-0.4588369
109,3348,-0.02631244,0.043656144,-0.018227339,0.42175555,-0.5271975,0.33490518,-0.20170638,0.8192922,-0.47272992,0.19800884,-0.018318184,0.28867653,0.37779048,0.69643235,-0.059805855,-0.3325619
109,3350,-0.3069261,0.2509733,-0.5999463,0.02382581,0.3448819,0.26426014,-0.44634157,-0.47279692,0.23618464,-0.24012387,-0.22279914,-0.16803128,0.15413257,-0.59744585,-0.61585385,-0.023267217
109,3361,0.729079,0.063743636,-0.4742409,-0.07452996,0.09492189,0.37514657,0.45799056,0.22259927,0.07937039,0.3983918,-0.2257339,-0.23054492,-0.29530975,0.77751565,-0.1739917,-0.14714766
109,3368,0.048405677,-0.3795784,-0.034490056,0.3924384,0.06705701,-0.3135628,0.18976475,-0.2979064,0.25160757,-0.22158077,0.21447253,0.18154138,0.23452784,-0.017814606,0.76232237,0.45082086
109,3374,0.93946457,1.2083094,0.34701192,-0.6417982,-0.45964107,-0.7419208,-0.6332729,-1.0787977,0.32285625,-0.9154413,-0.912731,1.4863958,-0.7023312,0.24202275,0.5397718,-2.159363
109,3387,-0.23837388,-0.02084728,-0.0009872317,0.20164418,-0.24307498,-0.41378456,0.2659082,-0.1298325,0.28288656,0.004569337,0.3463169,0.072658405,0.04251117,-0.06194219,0.497877,0.38506907
109,3391,0.95662117,-0.07467994,-0.34020138,-0.20741118,0.37608692,0.52735585,0.51504564,0.20051846,-0.02042216,0.4212541,-0.2563759,-0.36096784,-0.44057205,0.7032124,-0.30574608,-0.24892889
109,3399,0.7847247,-0.022896256,-0.34129083,-0.12687322,0.43404734,0.65123945,0.31383276,0.18978685,-0.009330735,0.3472775,-0.14724666,-0.38134584,-0.25568005,0.46246845,-0.55070466,-0.31658113
109,3400,0.60493183,0.1484565,-0.5575122,0.011311851,-0.0556745,0.34049445,0.41108537,0.28025275,0.11882139,0.4184033,-0.1944139,-0.18050721,-0.19224018,0.8291178,-0.17784147,-0.117190786
109,3412,-0.39049104,0.18533696,0.7326041,-0.14423065,0.031212896,-0.308754,0.5212093,0.08308828,0.24108988,0.47072646,1.2017891,-0.24865457,-0.06871702,-0.49256793,0.010754287,0.08062659
109,3413,-0.3635361,-0.007607963,0.3880452,0.51784545,-0.44277194,0.35104862,-0.73334634,0.76677066,-0.85324514,-0.08083355,0.04529342,0.5922827,0.60947174,0.33055872,0.29275817,-0.4373849
109,3429,-0.7313322,0.34927052,-0.5168042,0.029162921,0.2834534,0.1964586,-0.7591578,-0.5622026,0.19270007,-0.41009668,-0.2083017,-0.09385196,0.31536466,-0.9770129,-0.7273221,0.011920225
109,3443,-0.6865659,0.40486676,-0.60920715,0.13601506,0.22300172,0.25078,-0.7247583,-0.48352104,0.20767576,-0.37148106,-0.16620459,-0.057373323,0.36036617,-0.80978656,-0.7030615,-0.080938995
109,3466,-0.3040739,-0.048079573,0.47377104,0.5379177,-0.48071903,0.43306524,-0.7158871,0.94760036,-0.9525423,-0.014788622,0.068857774,0.56914264,0.6290358,0.40126288,0.12421823,-0.5663842
109,3470,-0.6041304,0.42455336,-0.53608996,0.17956671,-1.0107689,-0.69324106,0.24479795,-0.028467909,0.41709936,0.10824596,-0.021202274,0.13930933,-0.13246861,0.2782985,0.48777115,0.6527372
109,3473,-0.5671333,0.22792356,-0.4360836,-0.025353387,0.26675642,0.10202254,-0.5880829,-0.5483205,0.19548357,-0.37820652,-0.24519119,-0.089310415,0.22111641,-0.84924746,-0.5378652,0.09767985
109,3476,-0.27931443,0.17302607,0.36669517,-0.044453368,-0.11371522,-0.41264412,0.39631283,-0.100799896,0.29818413,0.21597901,0.75180435,-0.06585433,-0.11015007,-0.30774155,0.27621737,0.14415738
109,3477,0.0747195,0.18746367,-0.6274867,0.012583084,0.41175342,0.42805645,-0.19805303,-0.2927981,0.20486552,-0.040551733,-0.20471889,-0.25924274,0.025246907,-0.23298874,-0.6353812,-0.14092708
109,3478,-0.44459918,0.31336787,-0.6026958,0.08591853,0.27500317,0.25955546,-0.5411765,-0.45283502,0.22043142,-0.28433546,-0.1918589,-0.11062496,0.24227783,-0.64027643,-0.62719125,-0.059425093
109,3482,0.39681098,0.1927227,-0.5800279,0.115801156,-0.28724533,0.20806749,0.33516765,0.33557564,0.119542114,0.37462702,-0.18945953,-0.059141733,-0.073462784,0.86200297,-0.054954812,-0.038679026
109,3497,-0.35551497,0.27817526,-0.63083327,0.028626524,0.361157,0.27615544,-0.49389267,-0.5031083,0.24850659,-0.25801158,-0.2236225,-0.17532012,0.17260434,-0.65497744,-0.6638541,-0.02660951
109,3498,-0.27612486,0.23491071,-0.5841345,0.019419454,0.33901826,0.25920278,-0.41805023,-0.45697272,0.23013079,-0.228665,-0.22318986,-0.16649887,0.14142306,-0.56503856,-0.591199,-0.02111027
109,3507,0.8805547,-0.056668743,-0.3616302,-0.19765083,0.30907702,0.4230031,0.51475585,0.14061406,0.030830787,0.36978862,-0.26774448,-0.30848807,-0.4209055,0.6805644,-0.19360088,-0.18123439
109,3508,-0.24901056,0.11337207,0.51591474,-0.05062367,0.0015840009,-0.3450301,0.41192263,-0.060523964,0.2535038,0.25548017,0.8915434,-0.10030829,-0.07203491,-0.37337443,0.21212564,0.072056875
109,3519,0.11391195,0.13345748,-0.62615645,-0.048088342,0.4603718,0.36659187,-0.15816268,-0.3785751,0.24269614,-0.058625367,-0.2502631,-0.2881723,-0.033340316,-0.28626546,-0.5896218,-0.053690076
109,3524,0.9761301,0.7761633,0.33307368,-0.39017814,-0.17051004,-0.60717916,-0.5241342,-1.0367112,0.30003056,-0.87385166,-0.73420423,1.3052026,-0.48982158,0.19361265,0.63995045,-1.7778872
109,3537,0.7280406,-0.06348984,-0.27265728,-0.18191461,0.41237563,0.605821,0.287237,0.19826987,-0.06090723,0.31439552,-0.21427804,-0.3790203,-0.27212027,0.4233339,-0.539947,-0.26806307
109,3538,-0.52702534,0.39673573,-0.53429717,0.17730077,-0.95796025,-0.6456978,0.23434529,-0.031255834,0.3904062,0.08180459,-0.06256681,0.15195975,-0.122604236,0.3106533,0.48836553,0.5946865
109,3539,-0.68843997,0.31464112,-0.49827838,0.02244918,0.26722172,0.15452965,-0.70665294,-0.5644063,0.20068634,-0.4076563,-0.2183567,-0.08191066,0.2923172,-0.9358343,-0.6505656,0.042998776
109,3547,-0.1400365,0.36369,-0.6034818,-0.022740304,-0.6646956,-0.58407587,0.35175472,-0.26764634,0.46168745,0.005433671,-0.26581302,0.14854753,-0.29116222,0.39500177,0.57802224,0.4429041
109,3550,-0.34487244,-0.057883374,0.54752886,0.53599524,-0.4177353,0.43892354,-0.816719,0.89230704,-1.0146854,-0.077402815,0.06960811,0.6185168,0.65096354,0.3133527,0.21751353,-0.5814649
109,3551,-0.2510463,0.23192869,-0.6093595,0.0043552816,0.37438905,0.27317533,-0.4103213,-0.47999644,0.2452579,-0.22036716,-0.23333104,-0.19234166,0.12147735,-0.57632935,-0.61842,-0.015194889
109,3564,-0.2873098,0.1140244,0.62947154,-0.08105159,0.047441334,-0.29172885,0.45876008,0.018814392,0.23023632,0.35445628,1.0329571,-0.17109624,-0.049471606,-0.41526213,0.10369288,0.058066294
109,3574,-0.27922663,0.34327543,-0.5530389,0.08341451,-0.7649879,-0.55915743,0.27880684,-0.12487548,0.38845217,0.026881874,-0.18988015,0.1569355,-0.17864153,0.38397434,0.5236517,0.46888435
109,3578,-0.5724515,0.41064194,-0.51952773,0.16957566,-0.97352767,-0.66923803,0.2464592,-0.03085474,0.4071022,0.10557877,-0.023179144,0.1343795,-0.13314633,0.27403542,0.4756266,0.62667924
109,3588,0.93946457,1.2083094,0.34701192,-0.6417982,-0.45964107,-0.7419208,-0.6332729,-1.0787977,0.32285625,-0.9154413,-0.912731,1.4863958,-0.7023312,0.24202275,0.5397718,-2.159363
109,3598,-0.22851962,0.36854658,-0.5936254,0.027210496,-0.7392435,-0.5977257,0.32072145,-0.208505,0.4413406,0.01677965,-0.23128432,0.15513878,-0.24558772,0.38945824,0.5663831,0.4767052
109,3606,-0.5727694,0.19279331,-0.20901325,0.23044428,-0.70996046,-0.49252072,0.24583669,0.11718684,0.28070158,0.17092553,0.26435626,0.0525408,0.036904864,0.10191962,0.34406278,0.574298
109,3613,-0.27609986,0.40962237,-0.57101744,0.14997257,-0.8484356,-0.28215706,0.16396554,0.25385985,0.21611623,0.20868403,-0.15762891,0.15319629,-0.011847578,0.6171963,0.21335357,0.2709229
109,3620,0.8042973,-0.022419196,-0.35395965,-0.13541786,0.44703162,0.656786,0.32579887,0.18301737,-0.00095443055,0.35531896,-0.15023012,-0.3934608,-0.26874834,0.46825868,-0.55717814,-0.3150084
109,3631,-0.37117365,0.1650555,0.7311082,-0.13113444,0.047150373,-0.30646163,0.51198995,0.06612613,0.24075519,0.45068002,1.1907654,-0.23563612,-0.06279574,-0.49127373,0.029366568,0.07232008
109,3647,-0.148271,0.19085984,-0.61226606,-0.021697178,0.40347904,0.27303764,-0.33240432,-0.47846997,0.25674188,-0.18622491,-0.24922499,-0.21925598,0.0674692,-0.51361334,-0.58729005,0.0017159842
109,3675,0.78693116,-0.017772708,-0.34411126,-0.12652469,0.4425398,0.6702693,0.30782422,0.19838786,-0.014513526,0.3550132,-0.14423738,-0.38921946,-0.25432843,0.46271557,-0.5759763,-0.3287828
109,3689,-0.2978879,0.10311289,0.65770733,-0.07651143,0.06424944,-0.30829883,0.46454662,0.0019762814,0.23963073,0.3528769,1.0723733,-0.17238328,-0.047148947,-0.44599268,0.119472705,0.06400765
109,3697,-0.5255947,0.3979953,-0.53796816,0.1781058,-0.9612641,-0.6434636,0.23298773,-0.027546674,0.38857603,0.08202417,-0.06741767,0.15367453,-0.1210116,0.31778356,0.48773998,0.59272575
109,3714,-0.3118557,0.3051924,-0.3309394,0.25906235,-0.75629824,-0.116953835,-0.08014636,0.3953207,-0.06496116,0.13394696,-0.104198426,0.27642438,0.16215874,0.5535178,0.24309114,0.09474665
109,3716,0.069487125,0.11584392,1.0836114,-0.2268898,0.4947135,-0.15320191,0.47102597,-0.1817685,0.25589156,0.3763273,1.4054532,-0.10967969,-0.12165843,-0.63694286,-0.04304613,-0.4657433
109,3724,-0.3888416,-0.0057896785,0.68265915,-0.19991834,-0.1644073,0.45942146,-0.49023247,0.7628441,-0.7976426,0.024323411,-0.17565805,-0.03924551,0.1580221,-0.09782368,-0.6835081,-0.38270622
109,3761,-0.08400643,0.3875012,-0.6503141,-0.070541516,-0.6398759,-0.61201507,0.39486808,-0.33659583,0.50791776,0.0043880716,-0.30312657,0.14425188,-0.35519624,0.4147507,0.61138105,0.4518209
109,3767,-0.41763058,-0.09900963,0.80790514,-0.3391856,-0.17463166,0.36658815,-0.48868984,0.76791745,-0.8769152,-0.0032743216,-0.32009983,-0.07800376,0.05830934,-0.14436129,-0.65291995,-0.27735972
109,3769,0.5197515,0.18211052,-0.58329225,0.05854867,-0.14754319,0.29532555,0.38042498,0.2986446,0.1362159,0.40751892,-0.18370998,-0.13616753,-0.13129781,0.8408632,-0.14483763,-0.08909501
109,3780,-0.26844454,0.14678533,0.39950526,-0.037097335,-0.08251254,-0.39909062,0.39422828,-0.09646795,0.28494695,0.21299064,0.7793354,-0.06769631,-0.09543526,-0.32488522,0.27478635,0.13066329
109,3781,0.2942421,-0.6947208,0.51407117,0.42141634,0.71340376,-0.036509562,0.3644752,-0.23701969,0.2098277,-0.013084462,0.8509905,-0.03236086,0.35749015,-0.28545985,0.51079315,0.27038723
109,3792,-0.7344693,0.38114122,-0.5493276,0.10563144,0.21169457,0.19961457,-0.7453116,-0.5075533,0.19471145,-0.4035487,-0.17835501,-0.0437259,0.36013624,-0.8763925,-0.67201984,-0.035253722
109,3804,-0.20458132,0.35927168,-0.5861255,0.020062067,-0.7141092,-0.582425,0.32266343,-0.21254921,0.43611208,0.0133989975,-0.23625316,0.15314257,-0.24709184,0.38988253,0.56176215,0.45981717
109,3812,-0.37064955,-0.060891844,0.58469206,0.544067,-0.4004038,0.44914168,-0.8707177,0.8864422,-1.0541244,-0.10202868,0.07532689,0.64638686,0.67280895,0.28133807,0.25186586,-0.59524024
109,3817,0.45390853,-0.78981423,0.06656185,0.5587592,0.50295997,-0.18236311,0.035993546,-0.56012434,0.17699093,-0.51283115,0.11245686,0.3677608,0.43404084,-0.0594365,1.0749059,0.34900993
109,3820,0.52610534,0.7194701,0.6149876,-0.45364177,0.002960667,-0.39363706,-0.037211835,-0.62505186,0.32861382,-0.27058408,0.27002352,0.6756044,-0.43597403,-0.16285315,0.23916,-1.3041619
109,3821,-0.02323255,0.33896315,-0.60622627,-0.053022772,-0.5647639,-0.51740724,0.37723953,-0.28373036,0.4549413,0.014563698,-0.28901827,0.13250671,-0.3139257,0.42470238,0.5467801,0.38454217
109,3830,-0.5806674,0.05305333,-0.20725206,0.34274703,-0.67657727,-0.4421755,0.20083058,0.17652392,0.21764351,0.122657545,0.26997936,0.07438482,0.16242719,0.12060206,0.38383982,0.6401233
109,3835,-0.34215173,0.49316645,-0.6745385,0.10239815,-0.9488104,-0.39628875,0.24297611,0.19130167,0.33793795,0.24439874,-0.16582336,0.11476919,-0.088906154,0.61827934,0.22352915,0.38319606
109,3855,-0.62895596,0.19565274,-0.4532318,-0.12700163,0.3703012,0.06216239,-0.6412594,-0.6896122,0.23739743,-0.42958426,-0.31830105,-0.1574587,0.18255343,-1.0459012,-0.6088717,0.20502211
109,3856,0.5647514,-0.9226658,0.014530331,0.63901806,0.5808956,-0.117687345,-0.020477757,-0.58760995,0.13413465,-0.60695857,-0.0044926256,0.42215094,0.5155399,0.0036907196,1.1534635,0.35854036
109,3861,0.58526886,0.15713646,-0.5648002,0.022057757,-0.076578274,0.32965395,0.40477008,0.2832582,0.12485744,0.4157674,-0.1915926,-0.17061713,-0.17819686,0.83152616,-0.17015399,-0.10997424
109,3862,0.16530521,0.11575857,-0.27822644,0.27364388,-0.4193096,0.26548588,0.05206491,0.58679336,-0.19364403,0.27477238,-0.0998323,0.12815668,0.16147602,0.76965547,-0.04721789,-0.18913698
109,3870,-0.37975815,-0.06307634,0.6045271,0.5394438,-0.3779964,0.44878083,-0.8960951,0.8632993,-1.0671802,-0.12206756,0.07555997,0.65869856,0.6763316,0.2523554,0.28055415,-0.59775585
109,3874,0.04738973,0.2015016,-0.6116184,0.045062795,0.3644135,0.4201951,-0.2075175,-0.25897974,0.1899849,-0.04653858,-0.18552119,-0.22448424,0.055484354,-0.20482495,-0.6054898,-0.16115257
109,3875,-0.16863978,0.3734699,-0.61107934,-0.011947781,-0.69513553,-0.59786266,0.34732172,-0.25704464,0.4641887,0.010590445,-0.25989172,0.15143916,-0.28571075,0.39762086,0.58072567,0.4607321
109,3889,-0.23917046,0.13280164,0.4827876,-0.05640711,-0.020280674,-0.3544201,0.40286136,-0.07247234,0.2593874,0.24183881,0.85029995,-0.08657833,-0.08815254,-0.35534838,0.2226183,0.066084385
109,3890,-0.485243,-0.2198381,1.0279012,-0.48944956,-0.24003366,0.23754717,-0.5029801,0.8221589,-1.0139787,-0.04742829,-0.47568172,-0.084387295,-0.03241006,-0.18870154,-0.57843876,-0.16261756
109,3898,0.8428006,-0.0056947134,-0.3855936,-0.13765047,0.45370442,0.679999,0.35364717,0.19665313,0.013483645,0.38855508,-0.1445488,-0.41495943,-0.2844557,0.5089278,-0.5790373,-0.32544684
109,3903,-0.39591733,-0.06544136,0.6195628,0.55499786,-0.38465664,0.46080074,-0.92350477,0.8833875,-1.0934017,-0.12531029,0.08244817,0.6748326,0.69782966,0.25286573,0.28518987,-0.60808057
109,3905,-0.33255622,0.078124985,0.50057644,-0.10985364,-0.08803994,0.5605043,-0.48660797,0.698621,-0.68962437,0.054803625,-0.09198111,-0.05975411,0.20259252,-0.085666955,-0.769203,-0.45632344
109,3911,0.15515438,0.08892049,-0.58424586,-0.067783624,0.44445282,0.31920624,-0.105345756,-0.3768986,0.24037321,-0.057162847,-0.26277703,-0.277235,-0.0612514,-0.2540252,-0.5102609,-0.01563057
109,3912,0.75734913,0.048012745,-0.4621709,-0.09434968,0.12570813,0.38531524,0.4701398,0.21460146,0.07110816,0.40021604,-0.23435944,-0.24443382,-0.3187559,0.77325666,-0.17879118,-0.15328705
109,3918,0.1329899,0.10535763,-0.23925966,0.29725286,-0.43786302,0.27470708,0.012985572,0.62214667,-0.2351914,0.26190534,-0.08722161,0.15331584,0.19587836,0.7579334,-0.048504606,-0.20949619
109,3947,0.50517064,0.18301609,-0.58063,0.057908915,-0.15519418,0.27530223,0.3784547,0.28255323,0.1440335,0.39459237,-0.18432651,-0.12689129,-0.12838101,0.82675946,-0.12481345,-0.078732125
109,3961,-0.5404774,0.35612574,-0.62419033,0.117556,0.25028902,0.25429624,-0.6122831,-0.4701956,0.22561985,-0.32069,-0.18081537,-0.08546259,0.2937279,-0.6988746,-0.6505121,-0.069835156
109,3962,-0.24559313,0.11857319,0.45256913,-0.03736815,-0.0343647,-0.3629768,0.39485854,-0.07698605,0.26047587,0.2231507,0.8204799,-0.07747892,-0.07746786,-0.34166965,0.24769586,0.094633535
109,3970,0.15104595,0.089373484,-0.58217025,-0.061823055,0.43439084,0.3128111,-0.10426244,-0.3735942,0.24007037,-0.05982839,-0.26090944,-0.26951382,-0.056618232,-0.24788162,-0.49801356,-0.015347647
109,3975,-0.19478413,-1.2302029,1.6296134,-1.9887211,-0.078088686,-0.87928134,0.028419226,0.31161326,-1.2796912,-0.339697,-2.0963163,-0.582263,-1.2961743,-0.43579736,0.07454778,1.2055956
109,3980,0.01856877,0.044862133,1.1034904,-0.18659274,0.519279,-0.1275879,0.5072704,-0.1177449,0.23606402,0.43124872,1.4639506,-0.17733848,-0.07549031,-0.65035176,-0.06575929,-0.3676942
109,4007,0.03708157,0.23104365,-0.61943406,0.076754674,0.3424124,0.456756,-0.22047389,-0.21278003,0.17403832,-0.029343065,-0.16150334,-0.21382105,0.08180014,-0.16803402,-0.6335559,-0.20893107
109,4012,-0.344431,0.07925695,0.004895434,0.1568113,-0.35661042,-0.4380307,0.2788685,-0.056615166,0.28013968,0.076368526,0.38395405,0.04392399,0.004384853,-0.06633356,0.41412812,0.3807379
109,4014,-0.19417623,0.20291589,-0.59195673,0.0008736849,0.36203858,0.2556718,-0.35506058,-0.4610842,0.24392365,-0.20336223,-0.23649874,-0.18683839,0.09832757,-0.515651,-0.5623103,-0.0050971657
109,4022,0.3461253,-0.796594,-0.047245048,0.6123265,0.39906526,-0.2000591,0.059916213,-0.48304886,0.18609425,-0.48828885,0.06675349,0.33520257,0.4835732,0.012023032,1.0812674,0.52326477
109,4032,0.15104595,0.089373484,-0.5821702,-0.061823055,0.43439084,0.3128111,-0.10426247,-0.3735942,0.24007037,-0.059828386,-0.26090944,-0.26951382,-0.056618232,-0.24788162,-0.49801356,-0.015347648
109,4043,-0.6865659,0.40486676,-0.6092071,0.13601506,0.22300172,0.25078,-0.7247583,-0.48352104,0.20767576,-0.37148106,-0.16620459,-0.057373323,0.36036617,-0.80978656,-0.7030615,-0.080938995
109,4045,0.2942421,-0.69472075,0.51407117,0.42141634,0.71340376,-0.03650957,0.3644752,-0.23701972,0.2098277,-0.013084462,0.8509905,-0.03236086,0.35749015,-0.2854599,0.51079315,0.27038723
109,4054,0.25802562,0.13947485,-0.38577592,0.20258327,-0.35824096,0.23077029,0.16703813,0.46996748,-0.066866,0.3017086,-0.13801844,0.055478133,0.05981014,0.78905344,-0.036056027,-0.1256432
109,4058,-0.41181412,-0.06746352,0.63094914,0.5662843,-0.3813708,0.46878955,-0.9490612,0.8864829,-1.1109896,-0.13480975,0.08724396,0.68974024,0.71572906,0.24477825,0.29988268,-0.6111626
109,4059,-0.1072399,-0.18215835,-0.020343289,0.28844854,-0.10163174,-0.3641175,0.23722704,-0.19778526,0.26839796,-0.09331086,0.28612357,0.11429406,0.12593041,-0.03617066,0.60850835,0.41620785
109,4061,0.8373126,-0.01326685,-0.37723786,-0.14112039,0.45430857,0.66897374,0.35122806,0.18746135,0.012775078,0.37837592,-0.14866047,-0.41014546,-0.28511176,0.49760044,-0.5668067,-0.31803346
109,4066,-0.506042,0.38620886,-0.534533,0.18106703,-0.94637996,-0.6240311,0.22809388,-0.018780716,0.3761697,0.07759516,-0.076861165,0.15605733,-0.11209768,0.32929796,0.48192734,0.57590675
109,4069,-0.31170622,0.046153527,0.74530226,-0.06493077,0.1565854,-0.26166245,0.52064836,0.055772252,0.23721611,0.43161294,1.2196375,-0.243873,0.0068329424,-0.4923273,0.05969633,0.12498084
109,4074,0.80949795,-1.2019798,0.21118747,0.7732051,1.0452328,0.16809557,0.18931341,-0.44281453,0.15336472,-0.396789,0.35985437,0.17847595,0.5916689,-0.0062898993,0.8403213,0.31195784
109,4079,0.7573265,0.027172443,-0.43310273,-0.09921482,0.14104204,0.37773424,0.46529132,0.20234999,0.05959066,0.3790913,-0.23643076,-0.23825404,-0.32172516,0.7486629,-0.16155873,-0.154679
109,4087,-0.7091235,0.40788817,-0.6032292,0.1371652,0.2160187,0.24119286,-0.7385826,-0.48945302,0.2065595,-0.38234866,-0.1661103,-0.050295435,0.3688909,-0.8279706,-0.70003045,-0.07549511
109,4090,-0.14602181,-1.2712176,1.570515,-2.0425909,-0.060401496,-0.94497603,0.084589764,0.23408532,-1.2307479,-0.35984603,-2.1863294,-0.6026606,-1.3604355,-0.42219612,0.13173696,1.2937989
109,4100,-0.26308778,0.09813328,0.57505137,-0.057734028,0.034391075,-0.3067331,0.4350515,-0.0139128715,0.23480862,0.30412778,0.9609977,-0.13822454,-0.049350616,-0.38901702,0.15527944,0.067327484
109,4103,-0.35746524,0.015740748,0.60293376,-0.19100972,-0.11479445,0.49287245,-0.48465538,0.7185192,-0.7513986,0.035030797,-0.17299154,-0.06830891,0.14963432,-0.10572052,-0.7285585,-0.39225745
109,4116,-0.24902135,0.12967879,0.4170053,-0.03475368,-0.058961324,-0.37490562,0.39084947,-0.085178114,0.26923358,0.21360993,0.7849631,-0.069538064,-0.08480023,-0.3231546,0.2611444,0.109793305
109,4122,0.6585294,0.90836066,0.56520724,-0.5370633,-0.1211935,-0.5112652,-0.20801839,-0.7978936,0.35622042,-0.46897087,-0.025566518,0.93746066,-0.5382841,-0.07759029,0.33254927,-1.6095562
109,4125,-0.08930448,-0.010375056,0.27682412,0.0890581,0.0060260966,-0.38073698,0.30653906,-0.2352497,0.289557,0.029343382,0.57502174,0.05107603,-0.03886788,-0.24411902,0.4532218,0.12715435
109,4127,0.84326637,-0.015386324,-0.37279263,-0.1476207,0.4727491,0.6912794,0.34297204,0.19324228,0.002341358,0.38390064,-0.14870496,-0.4218245,-0.28810605,0.48947608,-0.59700495,-0.33044034
109,4138,-0.16038904,-1.2736009,1.6132404,-2.0463142,-0.05686363,-0.92975974,0.07239814,0.2623263,-1.2586842,-0.35078195,-2.1698346,-0.6096705,-1.3554091,-0.43487665,0.11257265,1.2765964
109,4140,-0.40836456,-0.72357,1.4327322,-1.2660547,-0.19255628,-0.28929636,-0.31184137,0.66022485,-1.2519879,-0.19123837,-1.2940624,-0.3312694,-0.6485613,-0.34273306,-0.3278461,0.48252743
109,4146,-0.5957514,0.22419606,-0.45118624,-0.049199313,0.29502696,0.0856467,-0.61061347,-0.59924304,0.21467821,-0.39975712,-0.26651722,-0.10567304,0.21515025,-0.9149357,-0.55690616,0.13147691
109,4177,0.054150164,0.1992129,-0.6218447,0.03429219,0.3834258,0.42485586,-0.20764306,-0.27395448,0.19717507,-0.045397203,-0.19254017,-0.2381159,0.045991212,-0.21880338,-0.62092465,-0.15469342
109,4188,-0.3755941,0.50765216,-0.68293655,0.1237935,-0.9933475,-0.3875507,0.22570622,0.24035281,0.3244671,0.2634488,-0.15720566,0.11943932,-0.06279163,0.64290756,0.19888754,0.38264936
109,4193,-0.38600698,-0.062571526,0.60205865,0.5567625,-0.40490654,0.45999476,-0.89864427,0.9038238,-1.0805817,-0.106209494,0.08099657,0.6617128,0.6910679,0.27882385,0.25731796,-0.606757
109,4203,-0.25126618,0.3664772,-0.58769524,0.043209553,-0.7559555,-0.5958123,0.31059697,-0.18797284,0.43202224,0.020532638,-0.21935768,0.15608343,-0.2294484,0.38760346,0.55918854,0.48325157
109,4209,-0.5939522,0.42087838,-0.5375602,0.18006021,-1.0046828,-0.6892576,0.24325965,-0.03137514,0.41474432,0.10279859,-0.027667724,0.14210531,-0.13170415,0.2824042,0.49091947,0.6463715
109,4213,-0.38794973,0.3711997,-0.56175125,0.12889975,-0.8657768,-0.59503174,0.2556029,-0.07305717,0.3867697,0.050393097,-0.14986771,0.16061112,-0.14837885,0.37564522,0.509463,0.5245426
109,4219,-0.24842116,0.0920749,0.5563829,-0.052379638,0.032633662,-0.29420856,0.4279104,-0.00974486,0.22777693,0.29566848,0.93114793,-0.1325888,-0.045090105,-0.3683404,0.15455206,0.06317182
109,4228,0.46309924,0.20119764,-0.6005571,0.08035332,-0.21232878,0.25090834,0.3657149,0.30242133,0.1457094,0.39844406,-0.18471014,-0.10446564,-0.105463624,0.8503748,-0.106444284,-0.062018193
109,4231,-0.08930448,-0.010375056,0.27682412,0.0890581,0.0060260966,-0.38073698,0.30653906,-0.2352497,0.289557,0.029343382,0.57502174,0.05107603,-0.03886788,-0.24411902,0.4532218,0.12715435
109,4237,0.02198124,0.3423197,-0.6236058,-0.09863122,-0.525643,-0.56027013,0.41246274,-0.37542912,0.49780256,-0.01659238,-0.32238156,0.13426092,-0.37088665,0.40914544,0.61165386,0.3966735
109,4253,0.050814196,-0.168798,0.20883997,0.18401027,0.103484705,-0.32362068,0.2370214,-0.29991993,0.25578168,-0.09509313,0.43073118,0.1261302,0.050703693,-0.17807022,0.57246757,0.14783229
109,4255,-0.37117365,0.1650555,0.7311082,-0.13113444,0.047150373,-0.30646163,0.51198995,0.06612613,0.24075519,0.45068002,1.1907654,-0.23563612,-0.06279574,-0.49127373,0.029366568,0.07232008
109,4264,-0.36094972,0.031433303,-0.03956373,0.21394372,-0.39522615,-0.40016174,0.2482531,0.009017434,0.23805498,0.06939783,0.3326374,0.055532947,0.06326054,-0.0072486997,0.40301567,0.41898042
109,4281,0.39320964,0.549577,0.74369013,-0.39570254,0.14794591,-0.3045116,0.12722054,-0.47919685,0.30605072,-0.06322691,0.6132373,0.4256909,-0.34976056,-0.29470763,0.1359739,-1.0530255
109,4305,-0.18891022,0.09307028,0.3184229,0.017493576,-0.063974954,-0.4006013,0.3511836,-0.16702086,0.2958469,0.12365883,0.6600768,-0.0072019845,-0.08404599,-0.2753599,0.3586696,0.1271028
109,4320,-0.25914162,0.097736165,0.5547975,-0.049765468,0.025012106,-0.32886836,0.4246105,-0.040735416,0.24525148,0.27852884,0.9386848,-0.11987472,-0.056640495,-0.39014575,0.18917066,0.07330342
109,4322,0.03192228,-0.3110393,0.5442717,0.17891803,0.3949331,-0.11345188,0.41509128,-0.06989864,0.20119885,0.17826653,0.9067848,-0.11412563,0.17313404,-0.30572072,0.27214223,0.16833355
109,4325,-0.6245903,0.19431968,-0.20185383,0.24354619,-0.7387294,-0.5185971,0.24971,0.12721124,0.28959963,0.18475291,0.29950914,0.047141902,0.046540488,0.083246395,0.35045815,0.6149385
109,4331,-0.0953134,0.36559796,-0.61663926,-0.049828783,-0.63117766,-0.58527684,0.37221688,-0.30469215,0.47885278,0.00019126013,-0.28529283,0.14534321,-0.3209308,0.40031582,0.5903311,0.43298054
109,4334,-0.18389654,-1.2491256,1.6354921,-2.0233235,-0.06634958,-0.89152145,0.041279852,0.30129272,-1.2844999,-0.3419235,-2.127934,-0.5976887,-1.322171,-0.43963698,0.0757786,1.2312825
109,4344,-0.24558839,0.13176657,0.4678473,-0.050464734,-0.031043835,-0.36190432,0.40042394,-0.07499925,0.2621069,0.23533389,0.8376469,-0.083167635,-0.08657193,-0.35020146,0.23357701,0.08048692
109,4349,0.17588863,0.08217101,-0.605859,-0.09560265,0.49234402,0.33262148,-0.10369456,-0.411213,0.25592297,-0.051913556,-0.27868432,-0.31170017,-0.08679606,-0.28667137,-0.5494572,-0.0012597293
