window_id,vehicle_id,z_0,z_1,z_2,z_3,z_4,z_5,z_6,z_7,z_8,z_9,z_10,z_11,z_12,z_13,z_14,z_15
78,274,0.1750717,0.0267477,-0.19873807,-0.016180977,-0.37616366,-0.10427363,-0.19250628,-0.6150424,-1.1983334,0.67426765,0.4982867,0.38227624,0.4437096,0.12623656,0.56207603,-0.4671125
78,1526,-1.3745986,-0.75065625,-0.24618676,-0.6690302,1.0412498,0.3090953,-0.11234387,-0.26741552,-0.29677373,0.72279716,-0.25266775,-0.04737178,-0.1508381,-0.9810264,-0.97244537,-0.47224745
78,2409,0.19200996,0.049305104,-0.18501315,0.037723474,-0.34976935,-0.11364505,-0.16838431,-0.6342406,-1.2277275,0.70830905,0.5217389,0.39137846,0.45320553,0.12603535,0.5827466,-0.47610864
78,494,0.19200996,0.049305104,-0.18501312,0.037723474,-0.34976935,-0.11364505,-0.16838433,-0.6342406,-1.2277273,0.70830905,0.521739,0.39137846,0.45320553,0.12603533,0.5827466,-0.47610864
78,680,-0.8667066,-0.5069273,-0.013772249,-0.634279,0.6573192,0.13473094,-0.1656249,-0.023058414,0.11045252,0.23214307,-0.40990558,-0.08373088,-0.36362088,-0.619986,-0.8557866,-0.12798855
78,791,-1.357423,-0.7373659,-0.2386513,-0.64598197,1.0239645,0.29591885,-0.10801635,-0.27448165,-0.2979585,0.71426094,-0.2523351,-0.047251984,-0.1464177,-0.9739979,-0.95429367,-0.47171065
78,1367,0.17507172,0.026747704,-0.19873804,-0.016180985,-0.37616366,-0.10427363,-0.19250627,-0.6150423,-1.1983335,0.6742679,0.49828663,0.3822763,0.44370955,0.12623654,0.56207615,-0.4671124
78,1408,0.19200996,0.049305107,-0.18501315,0.037723474,-0.34976935,-0.11364505,-0.16838433,-0.63424057,-1.2277275,0.70830905,0.521739,0.39137846,0.45320547,0.12603536,0.58274657,-0.4761087
78,1412,0.19200996,0.04930511,-0.18501315,0.03772349,-0.34976935,-0.11364504,-0.16838431,-0.6342407,-1.2277275,0.70830905,0.521739,0.39137846,0.45320547,0.12603536,0.5827466,-0.47610864
78,2573,-0.5913673,0.03498962,-0.2581798,-0.10321614,0.03257917,-0.0843499,0.2173937,-0.40612978,-0.7845486,1.2873627,0.18084526,-0.08955448,0.020446703,-0.4623426,-0.23354267,-0.26268303
78,2841,-0.31996715,-0.24418303,0.2163688,-0.20249489,0.047029242,-0.17790218,0.39668047,-0.082569994,0.6308762,0.06523028,0.007880807,-0.3175154,-0.27251092,-0.34619394,-0.38766515,-0.15170068
78,2900,-0.5913673,0.034989618,-0.25817984,-0.103216134,0.032579184,-0.0843499,0.2173937,-0.40612972,-0.78454864,1.2873626,0.18084523,-0.08955448,0.020446748,-0.4623426,-0.23354268,-0.2626831
78,3645,0.18243347,0.034941368,-0.19484115,0.004640132,-0.36860204,-0.10860157,-0.18291499,-0.6266536,-1.2164181,0.6924732,0.51187694,0.38873693,0.4514923,0.12687093,0.57432437,-0.47472677
78,226,0.19200994,0.049305107,-0.18501315,0.03772349,-0.34976935,-0.11364505,-0.16838433,-0.6342407,-1.2277275,0.70830905,0.5217389,0.39137846,0.45320547,0.12603536,0.58274657,-0.47610864
78,829,-0.8667066,-0.5069273,-0.013772257,-0.634279,0.6573192,0.1347309,-0.1656249,-0.023058407,0.11045252,0.23214307,-0.4099056,-0.08373088,-0.36362088,-0.619986,-0.8557866,-0.12798852
78,1177,-1.3574231,-0.73736596,-0.23865125,-0.645982,1.0239645,0.29591885,-0.10801635,-0.27448168,-0.29795843,0.71426094,-0.2523351,-0.047251992,-0.1464177,-0.973998,-0.95429385,-0.4717107
78,2688,0.19200994,0.049305107,-0.18501315,0.037723474,-0.34976935,-0.113645054,-0.16838431,-0.63424057,-1.2277274,0.70830905,0.521739,0.39137852,0.45320547,0.12603533,0.5827465,-0.47610864
78,2992,0.17507173,0.026747704,-0.19873804,-0.016180977,-0.37616372,-0.10427363,-0.19250627,-0.6150423,-1.1983335,0.67426765,0.49828663,0.38227627,0.44370955,0.12623653,0.56207615,-0.4671125
78,3158,0.18243347,0.03494136,-0.19484115,0.004640147,-0.36860204,-0.10860157,-0.18291499,-0.6266537,-1.2164181,0.6924732,0.5118768,0.3887369,0.4514923,0.12687095,0.57432437,-0.47472677
78,3316,0.17507172,0.026747696,-0.1987381,-0.016180962,-0.37616372,-0.10427363,-0.19250628,-0.6150424,-1.1983334,0.67426765,0.4982867,0.38227627,0.4437096,0.12623651,0.562076,-0.4671125
78,2011,0.17507175,0.0267477,-0.19873804,-0.01618097,-0.37616372,-0.10427363,-0.19250625,-0.6150423,-1.1983334,0.67426765,0.49828663,0.38227627,0.4437096,0.12623653,0.5620761,-0.4671125
78,2592,-1.3745987,-0.75065625,-0.24618676,-0.6690302,1.0412498,0.30909526,-0.11234387,-0.26741555,-0.2967738,0.72279716,-0.25266775,-0.047371782,-0.1508381,-0.9810263,-0.9724454,-0.47224745
78,2704,0.17507175,0.026747707,-0.1987381,-0.016180985,-0.37616372,-0.10427363,-0.19250627,-0.61504245,-1.1983334,0.67426765,0.49828663,0.38227627,0.4437096,0.12623651,0.56207603,-0.46711257
78,2650,0.17507173,0.026747704,-0.19873807,-0.01618097,-0.37616372,-0.10427363,-0.19250627,-0.6150424,-1.1983334,0.67426765,0.49828652,0.38227627,0.4437096,0.12623651,0.56207615,-0.4671125
78,6,-0.0073433593,-0.010652415,0.10700949,-0.037237085,-0.22304972,-0.13202699,0.21966642,0.1679164,0.7320192,-0.33611444,-0.11284301,-0.2319237,-0.22521049,-0.068499416,-0.1546237,0.07896969
78,14,0.05915206,0.326435,0.7607404,0.7664967,0.48647583,-0.6044534,0.025563262,-0.25186804,-0.015829891,0.04763344,-0.62297577,0.009732112,-0.53941864,-0.2591592,-0.16938059,0.2931156
78,19,-1.0329752,-0.59054995,-0.2185739,-0.6120231,0.89185,0.36369088,-0.22736076,-0.021120735,-0.16116737,0.356657,-0.28782344,-0.01461336,-0.1061661,-0.68058115,-0.82417154,-0.20242435
78,25,-0.048166722,-0.051264174,-0.31199855,-0.27806348,-0.2778961,0.10765767,-0.34306562,-0.291699,-0.9932174,0.50830543,0.23539713,0.28243294,0.35280865,0.13520177,0.2756393,-0.18742108
78,45,0.2515561,0.19250806,0.24429259,0.24849379,0.18895976,-0.09033663,-0.39233255,0.16296975,-0.032600716,-0.48338413,-0.48460773,0.15752268,-0.16955361,0.14984073,-0.025709257,0.4034102
78,57,0.15724654,-0.0051082373,-0.10709544,-0.052715324,0.19564275,0.45118025,0.5399119,0.4279552,0.7260126,-0.24738872,0.56483746,-0.2841544,0.32352942,0.22066477,0.014310271,0.06828542
78,69,0.31050706,0.09484414,-0.08057543,-0.060743198,-0.05537208,0.16264632,-0.64608157,0.108312145,-0.52874523,-0.41917697,-0.20495239,0.38369867,0.19734584,0.39379886,0.22244948,0.23440231
78,75,0.2064335,-0.024619557,-0.30694953,-0.23161513,-0.28355432,0.20850086,-0.5667886,-0.2023513,-1.0950339,0.18730134,0.24011424,0.4497532,0.49434793,0.39793423,0.48023915,-0.09422854
78,76,-0.08404082,0.029762145,0.26016086,0.20169395,-1.0585147,-0.98826504,0.13498625,-0.5878301,0.35863858,0.08305016,-0.44891208,-0.093947105,-0.72133553,-0.36387193,0.18747863,-0.3651406
78,82,-0.29039168,0.30846274,0.036734592,0.49708107,0.4973337,-0.17270893,0.33668065,-0.2894668,-0.625123,1.0608612,0.047652632,-0.121265315,-0.10178573,-0.4115158,-0.1814887,-0.047156014
78,98,-0.039031133,-0.028479248,0.14035752,-0.06844415,-0.060632482,-0.073640525,0.16282123,0.27282995,0.82234913,-0.4452229,-0.20776649,-0.24423113,-0.27702302,-0.09320812,-0.298614,0.175139
78,102,0.19332428,0.007843897,-0.22921783,-0.18163262,-0.22281013,0.15123901,-0.54187125,-0.15013692,-0.8900179,0.059572965,0.100231916,0.40569982,0.35453087,0.3254906,0.356364,-0.03317126
78,104,0.15745382,-0.006196432,-0.11045628,-0.068451874,0.3293146,0.54819906,0.54555714,0.49656552,0.7509369,-0.28912997,0.59609663,-0.29073444,0.3696375,0.23904943,-0.031023785,0.11740711
78,115,0.106705196,-0.07426026,-0.13425454,-0.05902633,0.0012419522,0.33401093,0.7348049,0.21360022,0.65154755,0.053654224,0.76911163,-0.32253727,0.34881002,0.17183849,0.14177662,-0.18154514
78,120,0.12346719,-0.01955317,-0.084057055,-0.027673885,-0.17758185,0.1506753,0.52398455,0.19083425,0.6206261,-0.08503577,0.46778646,-0.2683722,0.17030425,0.13500682,0.12035993,-0.09935474
78,128,0.09985102,-0.06760252,-0.11689562,-0.050222162,-0.09770523,0.24281403,0.68858874,0.16885945,0.6327744,0.05040112,0.68561435,-0.30972177,0.28062516,0.14614,0.14919436,-0.1920495
78,149,0.09764226,-0.05991546,-0.103678934,-0.047393303,-0.12451943,0.20718017,0.64821494,0.16312778,0.62797135,0.024926811,0.6244545,-0.30037382,0.24280955,0.13402173,0.13715565,-0.17635402
78,157,0.14705424,-0.006875314,-0.09577366,-0.04101806,0.051801354,0.3331369,0.5237813,0.34234685,0.6890405,-0.19781254,0.51355755,-0.27551848,0.25918943,0.18857822,0.05147025,0.012619801
78,163,0.36304665,0.113886304,-0.07582746,-0.015701003,-0.08512427,0.14612532,-0.6595902,0.068414785,-0.6042164,-0.41277885,-0.16655882,0.42760995,0.2379541,0.43496525,0.3065679,0.20693399
78,168,0.13170165,-0.015140034,-0.086347826,-0.02167195,-0.17567891,0.16122839,0.5259683,0.21179324,0.64683354,-0.10840252,0.4671034,-0.26934305,0.173903,0.14592662,0.12063718,-0.08529108
78,179,0.18795499,0.03499075,-0.12148116,-0.18889752,0.0026074648,0.22553375,-0.6398903,0.18915758,-0.43095887,-0.40097445,-0.2554092,0.31354725,0.15179716,0.32886237,0.0644701,0.28211352
78,180,-0.07727189,0.27470964,0.778859,0.6844079,0.56066567,-0.5791038,0.08736517,-0.24761015,-0.007989481,0.16260013,-0.60742426,-0.059156515,-0.52622324,-0.32868162,-0.2833996,0.28976142
78,182,-0.024353273,0.06415922,0.21954091,0.22398305,-1.0260377,-0.92683566,0.10183477,-0.5332973,0.3336215,0.022817671,-0.43733582,-0.070178166,-0.68148756,-0.31471217,0.23921871,-0.33870968
78,184,0.15745384,-0.0061964393,-0.11045625,-0.068451874,0.3293146,0.54819906,0.54555714,0.49656558,0.7509369,-0.28912997,0.5960965,-0.29073444,0.36963755,0.23904943,-0.031023793,0.11740712
78,188,-0.100293025,-0.01746495,0.24876976,0.05521635,-0.68305606,-0.6731882,0.121779,-0.2532822,0.57300305,-0.1331177,-0.4151261,-0.17368895,-0.596346,-0.28963804,-0.08180679,-0.13704747
78,194,0.3628568,0.11636418,-0.071062945,-0.011280015,-0.08456036,0.13991866,-0.65654624,0.06669509,-0.5957691,-0.41535956,-0.17188236,0.42558005,0.23063941,0.43025517,0.3029085,0.20616712
78,218,0.356803,0.11265458,-0.07689216,-0.020402558,-0.07389661,0.15211347,-0.66789114,0.07812282,-0.5949938,-0.42119786,-0.18073446,0.42802414,0.23018609,0.4318028,0.2907284,0.21649899
78,234,-0.7019021,-0.40978608,0.019040577,-0.5296823,0.524299,0.06963956,-0.1986068,0.030925527,0.1950385,0.073920846,-0.46673,-0.069427356,-0.3953848,-0.51575494,-0.766545,-0.038020827
78,247,-0.5605488,-0.363013,-0.16411814,-0.51164263,0.68694556,0.4332014,-0.33759055,0.28157884,-0.0049850196,-0.10805769,-0.2821686,0.010521308,-0.0059407204,-0.27185857,-0.5817057,0.1377415
78,249,0.15745384,-0.006196432,-0.11045625,-0.068451874,0.3293146,0.54819906,0.54555714,0.49656558,0.75093687,-0.28912997,0.59609663,-0.29073444,0.36963755,0.2390494,-0.0310238,0.11740711
78,259,0.03917917,0.09240407,0.20673312,0.23030555,-0.9805489,-0.8578397,0.040673725,-0.39500004,0.4183069,-0.1271477,-0.48993176,-0.071771175,-0.66712695,-0.2438859,0.20078409,-0.2170946
78,269,0.16404057,-0.024843037,-0.2886893,-0.2537058,-0.23262198,0.21530783,-0.58366454,-0.13430035,-0.96243745,0.098288685,0.12925026,0.4223908,0.40394825,0.35406312,0.36306578,-0.02722875
78,270,-0.057618663,0.046676572,0.24497747,0.23491588,-1.10458,-1.0106348,0.13401419,-0.6098132,0.34430432,0.08124304,-0.4452548,-0.07645522,-0.72887456,-0.3573022,0.24870765,-0.3922179
78,296,0.3222475,0.09433481,-0.091614254,-0.061451204,-0.05390121,0.17903379,-0.6712597,0.10939555,-0.5666542,-0.42187253,-0.19778487,0.4071752,0.21944158,0.4166504,0.24215475,0.23860627
78,319,0.12588456,-0.06851428,-0.35284573,-0.35647103,-0.23046455,0.30691108,-0.6228555,-0.07278537,-0.99249655,0.10570243,0.15238652,0.41143736,0.45537406,0.39259437,0.34826553,0.008912139
78,321,0.34255916,0.10313794,-0.08692082,-0.04167068,-0.060898364,0.1717613,-0.6758728,0.09750582,-0.5875334,-0.42472452,-0.18817373,0.42203018,0.23049678,0.4304169,0.26932362,0.23132634
78,323,0.33760417,0.06692709,-0.15796474,-0.0818069,-0.15953466,0.1811938,-0.62423265,-0.019239351,-0.8022486,-0.21042714,0.011968046,0.44045386,0.3661086,0.45467097,0.40794426,0.10382219
78,345,0.12836318,-0.088257484,-0.18550861,-0.10899007,0.4568463,0.70248854,0.8463223,0.39660352,0.6642689,0.03867492,1.033725,-0.35472262,0.6032012,0.25884572,0.06972028,-0.10141904
78,347,0.2148573,0.14578177,0.11914088,0.06477385,-0.20465708,-0.15547177,-0.21733584,0.39702898,0.67423546,-0.77212965,-0.53374326,-0.082943045,-0.33500236,0.075080305,-0.16252752,0.4189378
78,368,0.15614232,-0.0036586449,-0.10262308,-0.041416533,0.09393829,0.37432978,0.532199,0.3737582,0.7046233,-0.21661484,0.5358983,-0.277666,0.2858079,0.20529488,0.0463873,0.030964606
78,370,0.078891575,-0.122216575,-0.1653567,-0.07864717,-0.1150924,0.2775984,0.8749652,0.041738864,0.5189778,0.3044586,0.9599978,-0.33280978,0.41939348,0.14448735,0.2579949,-0.3753697
78,377,-0.9488351,-0.5449993,-0.029052503,-0.64304787,0.72197664,0.1513164,-0.16291183,-0.05725027,0.06816858,0.29985818,-0.411288,-0.07540749,-0.3544495,-0.6768258,-0.89061874,-0.1665931
78,384,0.12703183,-0.09455565,-0.19097555,-0.10796415,0.44605583,0.7035687,0.8721977,0.38827476,0.6711709,0.059474856,1.0625855,-0.36062837,0.61354554,0.2607002,0.08241022,-0.11981922
78,391,-0.32831162,-0.24456716,-0.12629303,-0.45256844,0.57071304,0.44627646,-0.3816112,0.4137645,0.076066315,-0.32641247,-0.28584796,0.01936432,0.029274955,-0.080539405,-0.46240497,0.29638052
78,392,0.46274114,0.8336284,0.5916916,1.7418973,1.3185086,-0.31814638,0.50924027,-0.21029428,-0.62732315,0.65012145,-0.042055994,-0.032442026,-0.15986642,-0.15010625,0.25474215,0.2304602
78,395,0.064915195,-0.14744702,-0.19411421,-0.058656797,-0.4627797,0.07394263,0.95533276,-0.16754001,0.43759346,0.49410537,1.0094681,-0.32255507,0.38017797,0.11051835,0.41681558,-0.5699964
78,400,0.26307887,0.16612989,0.10764046,0.06988592,-0.11784592,-0.0842959,-0.27567238,0.4636258,0.6449434,-0.8428196,-0.54255986,-0.05384785,-0.2879568,0.12668219,-0.16414636,0.48736638
78,414,0.29951447,0.19247466,0.12541936,0.13073313,-0.22376856,-0.18419006,-0.2944425,0.3821488,0.60355276,-0.8246554,-0.5831289,-0.030113295,-0.34395105,0.1238136,-0.111347705,0.4505531
78,424,0.14154956,0.11060927,0.14869441,0.07898421,-0.20062304,-0.26478347,-0.28649354,0.22155178,0.5055442,-0.6392457,-0.62577534,-0.019006401,-0.4305691,-0.0072126277,-0.19499503,0.3246985
78,428,0.3366148,0.10257372,-0.08242377,-0.04287182,-0.061435506,0.16562167,-0.6636114,0.098658904,-0.56915015,-0.42369032,-0.19073474,0.40983894,0.22109665,0.42007518,0.25960338,0.23044692
78,454,0.21953253,0.06080585,-0.04254923,-0.1277141,0.07867165,0.20747635,-0.6256728,0.3212834,-0.20351668,-0.5739026,-0.3889434,0.25663355,0.057861343,0.31795895,-0.02649077,0.40510103
78,455,0.2674005,0.07363878,-0.116498865,-0.09285983,-0.099801324,0.15089613,-0.62851024,0.03513902,-0.62553734,-0.288995,-0.1485502,0.39671054,0.22185473,0.36803716,0.2474921,0.1686137
78,457,0.2567293,0.016159788,-0.22682744,-0.19208048,-0.14832054,0.24949834,-0.65945596,0.0055836663,-0.8432097,-0.14980015,0.01649046,0.43826166,0.3857202,0.44181406,0.35128546,0.11385888
78,458,0.48462105,0.98388267,0.7561995,2.0890403,1.7559005,-0.36390537,0.64063394,-0.13473982,-0.6278566,0.73826265,-0.20221862,-0.13268237,-0.27595088,-0.23798223,0.21116239,0.3827338
78,464,0.18878391,0.022777312,-0.13597023,-0.21247402,0.051744506,0.2819267,-0.66322273,0.25076658,-0.4231639,-0.43995425,-0.2549384,0.31265733,0.18319272,0.35860568,0.049391925,0.3273883
78,478,0.110798076,-0.028159894,-0.082585506,-0.10521026,0.48378313,0.6059842,0.51420015,0.5471339,0.7825614,-0.33647594,0.54920506,-0.302354,0.34970546,0.20171991,-0.14267199,0.17854682
78,489,-0.19518068,-0.17563793,-0.102384694,-0.41450074,0.51354533,0.46051505,-0.41427708,0.49577528,0.12193776,-0.4591677,-0.29466385,0.030035995,0.05316989,0.03359352,-0.3953323,0.39702043
78,503,0.2953902,0.09018383,-0.081587605,-0.07276056,-0.049005598,0.16598165,-0.6463507,0.11983442,-0.5060997,-0.42421997,-0.22208312,0.37365738,0.18213142,0.38224858,0.19762236,0.2439194
78,504,-0.28142685,-0.19536388,0.2463418,-0.11272499,-0.4558422,-0.52878106,0.3316067,-0.27697098,0.5962251,0.101017356,-0.1724568,-0.26979467,-0.4585489,-0.37890288,-0.21183379,-0.25462273
78,506,-0.07174356,-0.03980425,0.16131976,-0.0044929907,-0.5983344,-0.46268222,0.24245071,-0.102775045,0.6745951,-0.15536344,-0.20972794,-0.22482312,-0.40556583,-0.18801636,-0.06225398,-0.10608856
78,507,0.3376041,0.06692708,-0.1579647,-0.0818069,-0.15953466,0.1811938,-0.62423265,-0.019239359,-0.80224854,-0.21042714,0.011968017,0.44045386,0.3661086,0.45467097,0.40794426,0.10382219
78,522,-1.2119739,-0.660248,-0.1597597,-0.6199348,0.9143584,0.2351436,-0.12710062,-0.21166623,-0.18300445,0.57354915,-0.31437033,-0.050593816,-0.21560663,-0.8716779,-0.91968405,-0.36718503
78,530,0.15108088,-0.008872159,-0.11067904,-0.092776775,0.52124554,0.6806922,0.53276104,0.604234,0.79693353,-0.36844093,0.6102048,-0.3008061,0.41576666,0.2557464,-0.11143804,0.20588115
78,534,-0.007172182,-0.021467887,-0.1888394,-0.27428377,-0.15499187,0.09465401,-0.49406117,-0.08793644,-0.6018289,0.048139393,-0.12861909,0.2807437,0.11019261,0.12747048,0.054765865,0.033309475
78,539,0.12588456,-0.06851428,-0.3528458,-0.35647103,-0.23046455,0.30691108,-0.62285554,-0.07278537,-0.99249655,0.10570243,0.15238652,0.41143736,0.45537406,0.3925944,0.34826553,0.008912139
78,542,-0.017252639,0.06756427,0.21974173,0.22898644,-1.0328652,-0.9288055,0.09687296,-0.5232865,0.34723943,0.0075466335,-0.4465546,-0.07030578,-0.6862524,-0.30875868,0.23899266,-0.32865947
78,546,0.29619682,0.28459543,0.03266702,0.5412868,0.086367086,-0.17579249,0.034854643,-0.52318364,-1.0170789,0.6661391,0.4018617,0.2826187,0.27968347,0.06277993,0.4840564,-0.28695592
78,556,0.04750352,-0.15598577,-0.18869373,-0.044021614,-0.693666,-0.0943001,0.948316,-0.29375586,0.3991239,0.5651388,0.946537,-0.30847242,0.29631913,0.067705125,0.48057032,-0.6579763
78,558,-0.24512456,-0.12997699,0.30469352,0.007948272,-1.061298,-0.97811186,0.25941628,-0.5530683,0.5232742,0.17011076,-0.39003676,-0.20977509,-0.6882485,-0.43366873,-0.00022235513,-0.39221284
78,567,-0.4508162,0.14950939,-0.1391133,0.14724594,0.22125278,-0.11732638,0.26046878,-0.35817546,-0.7215172,1.1825304,0.13419145,-0.09577323,-0.023844361,-0.42883068,-0.20608911,-0.17180249
78,571,-0.21322887,-0.20096812,0.119603746,-0.19696689,0.24390693,0.100405455,0.45347172,0.13206688,0.7096886,-0.05322309,0.19562057,-0.33176875,-0.075860426,-0.19404498,-0.35459816,-0.047388293
78,574,-0.04065104,0.05550758,0.22891861,0.22824788,-1.0624017,-0.9645194,0.11888348,-0.5732095,0.33164704,0.055881232,-0.43548533,-0.07167019,-0.70008993,-0.33558887,0.24850199,-0.36922723
78,588,0.113897726,-0.032126166,-0.26300624,-0.29115418,-0.16080435,0.2326509,-0.6104186,-0.033851773,-0.81133103,-0.008677721,-0.0024613738,0.38232028,0.31662363,0.3227927,0.23246211,0.068864554
78,594,-0.14056367,-0.06947509,0.21750629,0.010168947,-0.9095293,-0.75994384,0.23378873,-0.35882974,0.5665763,0.021457195,-0.31212932,-0.20816761,-0.56454396,-0.30658746,0.009329081,-0.26915947
78,639,0.29012448,0.1877193,0.12404522,0.1210826,-0.21598613,-0.17801446,-0.28878927,0.37958735,0.59741104,-0.81282926,-0.5747099,-0.0337442,-0.33833426,0.11844,-0.1162304,0.44499752
78,641,-0.07173647,-0.01979474,0.12892011,-0.067831255,-0.040950753,-0.21004577,-0.26440287,0.14976281,0.42501265,-0.44838795,-0.60085136,-0.030594759,-0.44526798,-0.14424786,-0.33827934,0.22239086
78,659,0.09770403,-0.060283773,-0.10489886,-0.048844695,-0.11808809,0.21211931,0.64960134,0.16294926,0.6228707,0.028494865,0.6299441,-0.300372,0.24767433,0.13476035,0.13744456,-0.17730844
78,671,0.10466345,-0.10860909,-0.18027797,-0.10234181,0.28517872,0.57496095,0.8806516,0.27937338,0.62851375,0.1425423,1.0355066,-0.35673115,0.55193454,0.21876854,0.12805703,-0.20262581
78,672,-0.22725536,-0.2063432,0.12951806,-0.20250607,0.23448904,0.07580641,0.4405821,0.11172528,0.69524825,-0.042259425,0.1713807,-0.33029538,-0.097962946,-0.2131738,-0.36587512,-0.054326005
78,676,0.0040131435,0.07825196,0.21837254,0.2392776,-1.0379299,-0.9226464,0.078330345,-0.4878664,0.38031858,-0.039153174,-0.47130075,-0.06986876,-0.69365823,-0.28898546,0.23361099,-0.29457876
78,688,0.23772478,0.12743896,-0.12752515,0.21752453,-0.2281464,-0.132599,-0.107913114,-0.64833087,-1.2491784,0.75485504,0.5371313,0.3941523,0.43949157,0.12007102,0.60086316,-0.45600274
78,691,-0.49547833,-0.28540027,0.060013488,-0.40100214,0.34789735,-0.012684628,-0.2164544,0.076855,0.27564132,-0.09453562,-0.50378567,-0.06253971,-0.4143452,-0.3908717,-0.63740057,0.051816367
78,696,0.478283,0.8660477,0.61424476,1.8191272,1.3882035,-0.3252053,0.5345996,-0.21559972,-0.6544221,0.6834868,-0.043858066,-0.034443572,-0.1649622,-0.15645593,0.26770592,0.24101302
78,698,0.2099713,0.15255053,0.14161104,0.11588185,-0.39206558,-0.31372255,-0.18590125,0.26148206,0.65567225,-0.689999,-0.5611923,-0.08494777,-0.42406657,0.03136728,-0.09838271,0.32324708
78,699,-0.07970647,-0.08219918,-0.27604586,-0.39163837,-0.16908483,0.16776353,-0.5063721,-0.09616227,-0.7044695,0.16909873,-0.051746055,0.28110564,0.17867462,0.12534775,0.045473397,0.0028968528
78,707,0.09636088,-0.11152693,-0.17336988,-0.09746128,0.20045196,0.5062473,0.8730036,0.22945437,0.60982376,0.17181188,1.0069155,-0.35254458,0.51430136,0.19885668,0.148588,-0.23514098
78,709,-0.9693163,-0.5542772,-0.066940404,-0.6414778,0.75446236,0.1881307,-0.15245786,-0.0666737,0.016759142,0.33817992,-0.36516604,-0.07520752,-0.3056622,-0.6917121,-0.87545145,-0.19526291
78,711,0.018944252,-0.0033597127,0.07946312,-0.06017992,-0.008145019,0.052216113,0.21568567,0.322476,0.78542113,-0.43760484,-0.06028405,-0.24170208,-0.13339484,-0.009513207,-0.21915641,0.18001091
78,715,-0.09911409,-0.053173862,0.18374762,0.007382542,-0.77531147,-0.6170716,0.24604753,-0.22989088,0.63413304,-0.06845084,-0.2558696,-0.21884575,-0.48767406,-0.24231063,-0.015985593,-0.19311532
78,720,0.0029879585,0.32355723,0.80053985,0.78413486,0.52256584,-0.6484525,0.10551084,-0.29878193,-0.00064857304,0.14191544,-0.60791504,-0.03834614,-0.57466966,-0.33037674,-0.20763497,0.26104513
78,731,0.100197814,-0.1027819,-0.16847798,-0.101299234,0.24850728,0.5316446,0.84251034,0.25901756,0.60687685,0.13433185,0.9804872,-0.34647846,0.515022,0.20318678,0.12323263,-0.19917545
78,735,0.12750837,-0.08352541,-0.1784189,-0.102615885,0.40158927,0.6562631,0.82315475,0.37596646,0.657471,0.03437355,0.9922819,-0.3479882,0.56945664,0.24868533,0.07709107,-0.10580882
78,753,0.08818127,0.08156064,0.14886454,0.049764596,-0.1790615,-0.269904,-0.27789748,0.18177637,0.47176546,-0.5774112,-0.6212938,-0.021251656,-0.44112515,-0.047247984,-0.22322902,0.28609216
78,754,-1.3370724,-0.73064196,-0.21027789,-0.6601506,1.0105629,0.2810939,-0.12105339,-0.25209284,-0.25287867,0.67731357,-0.28731355,-0.046031937,-0.18569127,-0.95474404,-0.9720787,-0.43809614
78,755,0.14591879,0.2692754,0.5244439,0.53124064,0.32432127,-0.39149594,-0.14776592,-0.078752704,-0.005430579,-0.18606415,-0.5595968,0.06606633,-0.39015448,-0.08924474,-0.10388184,0.32425418
78,756,0.23823595,0.1520836,0.105461575,0.04525838,-0.082482465,-0.05475674,-0.25796068,0.4829487,0.66458094,-0.8372623,-0.5247649,-0.06646061,-0.27370387,0.11773719,-0.18901357,0.49014336
78,759,0.20386773,-0.023889706,-0.29948467,-0.23351604,-0.27989724,0.2067309,-0.5590806,-0.18762386,-1.0624266,0.16915905,0.2277821,0.43438163,0.4817087,0.3931413,0.4664408,-0.08301427
78,764,0.21656197,0.14120123,0.102698736,0.023869254,-0.061679468,-0.03882864,-0.2457178,0.47693667,0.64952314,-0.8106196,-0.5049976,-0.07330863,-0.26026472,0.10527085,-0.19961534,0.47747082
78,766,0.17867975,0.014339834,-0.12644711,-0.22600886,0.106503025,0.31495315,-0.6505581,0.32222852,-0.34567404,-0.49165112,-0.27364463,0.27797,0.17840527,0.35770312,0.0050528646,0.3775518
78,767,-0.8667067,-0.5069273,-0.013772242,-0.634279,0.6573192,0.13473096,-0.16562492,-0.023058414,0.11045252,0.23214313,-0.4099056,-0.08373088,-0.36362088,-0.619986,-0.85578674,-0.12798855
78,769,0.2041294,0.15495864,0.1548251,0.14767116,-0.5170446,-0.41602114,-0.16675055,0.17107335,0.6391158,-0.6322707,-0.57762146,-0.084550604,-0.48019737,0.002904132,-0.052810058,0.2590966
78,770,-0.0039299577,-0.012285672,0.09929877,-0.04689891,-0.13504909,-0.060374536,0.22623506,0.2282457,0.7661174,-0.37450716,-0.090037465,-0.23995417,-0.1925853,-0.05049039,-0.18678248,0.1170256
78,772,0.30464154,0.07548683,-0.038818635,-0.09355415,0.14018022,0.2889242,-0.66239834,0.44394845,-0.16565667,-0.7159028,-0.38162503,0.25544187,0.1357405,0.4194326,0.016712427,0.51696014
78,782,-0.21618958,-0.114832886,0.28229886,0.012883708,-1.0190451,-0.9151019,0.26308653,-0.49492925,0.54972506,0.12756017,-0.3618232,-0.2120949,-0.65055096,-0.39571974,0.004518226,-0.3580997
78,809,0.1869276,0.15041071,0.16468605,0.16348746,-0.61024696,-0.498058,-0.14295845,0.077406056,0.598608,-0.55606884,-0.573908,-0.08428559,-0.51759416,-0.03128952,-0.013388306,0.18618886
78,814,-0.25135446,-0.1433,0.29028228,-0.022046663,-0.92567986,-0.8752885,0.26635998,-0.48685795,0.53474206,0.15015912,-0.34778586,-0.22029352,-0.6370464,-0.41964012,-0.04875689,-0.3563323
78,817,-0.071736485,-0.019794747,0.12892011,-0.06783125,-0.040950738,-0.21004577,-0.26440287,0.14976281,0.42501268,-0.44838798,-0.60085136,-0.030594759,-0.44526798,-0.14424786,-0.3382793,0.22239086
78,822,0.1938386,-0.026210114,-0.3011534,-0.24307981,-0.27188098,0.21286502,-0.5673632,-0.17370081,-1.0439472,0.15444174,0.20776188,0.4317734,0.4684078,0.38771108,0.4454068,-0.0696447
78,830,-0.06505645,0.041242104,0.24296328,0.2101461,-1.0493655,-0.96811295,0.12743163,-0.58016646,0.33563,0.07503769,-0.43569493,-0.08263109,-0.7030092,-0.3496984,0.21523571,-0.36726046
78,831,-0.30814493,-0.082615666,-0.37278402,-0.33430564,-0.24513882,0.07347183,-0.17333917,-0.36761484,-1.0016469,0.8678764,0.2586644,0.16437945,0.2726223,-0.0820785,0.104368284,-0.2671606
78,835,0.037912,-0.16188806,-0.18351844,-0.035271548,-0.79577625,-0.16951214,0.95091045,-0.34233072,0.40403378,0.5884862,0.9159781,-0.3066479,0.25294286,0.047863975,0.50309896,-0.6932857
78,841,-0.0870529,0.13325682,0.4713488,0.2964651,0.55011874,-0.17574245,-0.12177831,0.058132585,0.029714137,-0.10344039,-0.503528,-0.009985365,-0.28800434,-0.14791636,-0.30520472,0.38005728
78,842,0.0029879622,0.32355723,0.80053985,0.78413486,0.52256584,-0.6484525,0.10551084,-0.29878193,-0.00064858794,0.14191544,-0.60791504,-0.03834614,-0.57466966,-0.33037674,-0.20763497,0.2610451
78,850,0.18400958,0.014282193,-0.13218412,-0.22665328,0.10934098,0.3239886,-0.66805524,0.32391822,-0.36514598,-0.49513927,-0.2751697,0.29267445,0.18715559,0.3696744,0.01204817,0.38188577
78,853,0.075478464,-0.03782387,-0.24633735,-0.30546722,-0.15683123,0.20842764,-0.56410694,-0.026271053,-0.72660965,-0.0028837025,-0.027609527,0.33059078,0.26537043,0.26946032,0.1731677,0.06920323
78,857,0.1342825,-0.013093434,-0.08691008,-0.022322081,-0.16008362,0.17326713,0.5231238,0.22259122,0.6497195,-0.117991,0.46761206,-0.2687452,0.17963351,0.15006313,0.11591712,-0.07612953
78,871,0.2644256,0.17945907,-0.09028552,0.33584064,-0.13219534,-0.14155924,-0.06742379,-0.64156944,-1.2486104,0.7770742,0.533803,0.38535,0.42183334,0.11433418,0.60015947,-0.4281644
78,874,0.04750352,-0.1559858,-0.1886937,-0.04402163,-0.693666,-0.0943001,0.94831586,-0.29375586,0.39912385,0.56513894,0.946537,-0.30847248,0.296319,0.06770511,0.48057026,-0.6579763
78,885,-0.83513147,-0.48865315,-0.009463616,-0.61120176,0.6340634,0.12368691,-0.1739757,-0.010884464,0.12668684,0.19921133,-0.4221874,-0.07950552,-0.3682154,-0.5997457,-0.8383048,-0.109682135
78,888,0.107658744,-0.09923556,-0.17298809,-0.102600835,0.29452682,0.5709797,0.84495854,0.29044083,0.6203511,0.11279845,0.99479663,-0.34801495,0.5369562,0.21707201,0.11294848,-0.17768079
78,889,0.27583587,0.06472816,-0.050673224,-0.115886316,0.13340987,0.28229988,-0.67140096,0.41678286,-0.19607611,-0.67497087,-0.38633916,0.2690227,0.12236492,0.39873976,-0.00011186302,0.490594
78,895,0.21454588,0.08804351,-0.15636685,0.1266737,-0.29009315,-0.12368558,-0.13802713,-0.64217126,-1.2390201,0.7323533,0.52977824,0.3931943,0.44625193,0.122680694,0.59196013,-0.46693924
78,904,0.35965294,0.50646996,0.27849445,0.99258745,0.56744266,-0.23668244,0.23866254,-0.31915376,-0.6708892,0.5293218,0.1599308,0.101569615,0.03333746,-0.03698816,0.30212563,-0.021052055
78,923,0.2041294,0.15495864,0.1548251,0.14767113,-0.5170446,-0.41602114,-0.16675055,0.17107335,0.63911587,-0.6322707,-0.5776214,-0.084550604,-0.48019743,0.002904132,-0.052810058,0.2590966
78,926,0.1938386,-0.026210114,-0.3011534,-0.24307981,-0.27188095,0.21286502,-0.5673632,-0.17370081,-1.0439473,0.15444168,0.20776182,0.4317734,0.46840775,0.38771105,0.4454068,-0.0696447
78,927,0.029006358,-0.046728447,-0.32825023,-0.26535788,-0.288588,0.14497933,-0.4196097,-0.28911674,-1.0846604,0.45300516,0.26617947,0.3542164,0.42300326,0.224276,0.3648299,-0.18018657
78,935,0.10935781,-0.07984292,-0.14742753,-0.07491614,0.11792551,0.425581,0.7642782,0.25033587,0.6405724,0.062856674,0.8414402,-0.33011588,0.41600603,0.19032973,0.12532017,-0.1688089
78,942,-1.3257145,-0.72311515,-0.2355851,-0.662787,1.0064292,0.3041092,-0.1249982,-0.23740143,-0.2690971,0.6745652,-0.26558837,-0.04568065,-0.15833297,-0.94222665,-0.9558627,-0.43428996
78,948,0.025294319,-0.1333901,-0.13964048,-0.032804616,-0.8905688,-0.30223662,0.78877157,-0.38304055,0.34328932,0.5142286,0.6876942,-0.265878,0.11774577,-0.0021732375,0.46047705,-0.644309
78,952,0.2016161,-0.02215036,-0.29647484,-0.23282114,-0.27363577,0.2065444,-0.564924,-0.17986113,-1.0484793,0.15466297,0.21170786,0.43491963,0.47076434,0.39002103,0.4545185,-0.074090205
78,982,-0.09072527,-0.03072583,0.2218906,-0.0030364916,-0.45327514,-0.4647838,0.1316948,-0.0550382,0.68244237,-0.25282842,-0.36174136,-0.20886892,-0.49716383,-0.22773643,-0.19388758,-0.013958804
78,983,0.32275718,0.08668828,-0.026508816,-0.070171565,0.13227908,0.27439594,-0.6664339,0.44237086,-0.15556733,-0.73491,-0.39479548,0.26047605,0.12651439,0.42582616,0.027392432,0.5238766
78,986,-0.035472095,0.05875023,0.23278269,0.2403588,-1.0909089,-0.9862529,0.118696384,-0.57844794,0.3493958,0.047896266,-0.44939902,-0.07169303,-0.71783656,-0.3366029,0.2566714,-0.37121704
78,991,0.28345996,0.0661325,-0.049009494,-0.11225801,0.13929038,0.28956422,-0.6675594,0.42896658,-0.18706287,-0.6878723,-0.38069665,0.26298976,0.1310813,0.4064177,0.00474824,0.5001084
78,992,0.5057336,1.0008903,0.74915904,2.1289563,1.7640613,-0.35743642,0.64944875,-0.14409807,-0.64178103,0.74824727,-0.17063501,-0.11913881,-0.26271102,-0.2221862,0.22818255,0.37550128
78,994,0.039035186,0.0027789548,0.06086458,-0.07828281,0.1270696,0.16944912,0.20463163,0.4209968,0.8092592,-0.50215685,-0.031582564,-0.24471745,-0.07538962,0.02961731,-0.26007226,0.24550006
78,996,0.15493819,-0.033132352,-0.30198523,-0.2722985,-0.23482038,0.22979596,-0.5909935,-0.12902921,-0.97401875,0.10694811,0.13465965,0.42273888,0.4129635,0.35839748,0.3612708,-0.025055476
78,1010,0.17101026,0.013642963,-0.12270523,-0.22774816,0.11442526,0.31321228,-0.6550964,0.3281031,-0.33149868,-0.4976864,-0.29105777,0.2780047,0.16455768,0.35094118,-0.010604918,0.38448456
78,1016,-0.5913673,0.034989618,-0.25817978,-0.10321614,0.03257917,-0.08434989,0.2173937,-0.40612978,-0.78454864,1.2873626,0.18084526,-0.08955448,0.020446718,-0.46234256,-0.23354267,-0.26268306
78,1021,0.07776736,-0.118809305,-0.16046128,-0.08050999,-0.109556705,0.27292907,0.8559883,0.042601638,0.5093311,0.29436114,0.9382868,-0.32832596,0.41000438,0.14024524,0.24876624,-0.36552534
78,1025,0.2148573,0.14578177,0.11914088,0.064773865,-0.20465708,-0.15547177,-0.21733582,0.397029,0.67423546,-0.77212965,-0.5337432,-0.08294305,-0.33500236,0.07508032,-0.16252752,0.41893777
78,1036,0.2029144,-0.0013366416,-0.24275073,-0.22569208,-0.15550694,0.24005365,-0.64370275,-0.021893822,-0.8507448,-0.08192441,0.014620781,0.4265528,0.36359918,0.39649206,0.3136618,0.088171266
78,1040,0.0077695213,0.07994542,0.21458545,0.23332837,-1.015711,-0.90257394,0.071981244,-0.47106856,0.37706035,-0.04935254,-0.46861416,-0.06993526,-0.6820009,-0.2812876,0.2256782,-0.2817744
78,1049,0.10587977,-0.07639714,-0.13877013,-0.07279284,0.086688474,0.39201352,0.74003404,0.23618475,0.6321608,0.05596423,0.8019984,-0.32410598,0.38726783,0.17909914,0.122501284,-0.16728345
78,1054,-0.09911409,-0.053173877,0.18374762,0.0073825344,-0.77531147,-0.6170716,0.24604753,-0.22989091,0.63413304,-0.06845081,-0.2558696,-0.21884575,-0.48767406,-0.2423106,-0.015985608,-0.19311532
78,1066,0.119837396,-0.079240896,-0.16236791,-0.09097375,0.2785905,0.5525584,0.786085,0.3221876,0.64453787,0.039692074,0.9135643,-0.33695138,0.4972608,0.22175756,0.094337225,-0.12728941
78,1077,0.23772481,0.12743896,-0.12752512,0.21752453,-0.22814643,-0.132599,-0.10791311,-0.6483308,-1.2491784,0.75485504,0.5371313,0.3941523,0.43949157,0.120070994,0.60086316,-0.45600274
78,1084,0.31899893,0.20559305,0.1335289,0.1594593,-0.2673195,-0.22684869,-0.3067966,0.34971964,0.58662397,-0.8227166,-0.6048877,-0.018342987,-0.36952072,0.12613131,-0.09084993,0.4390673
78,1095,0.11230096,-0.099550076,-0.17886657,-0.10374888,0.3307516,0.6050104,0.85823524,0.31306997,0.63447875,0.104647696,1.0192413,-0.3525989,0.5591749,0.22861761,0.10830006,-0.16764137
78,1100,0.16118464,0.0060492456,-0.10439504,-0.08475426,0.46327937,0.6309564,0.49342918,0.57375884,0.75320035,-0.36833394,0.5639181,-0.2837206,0.38893872,0.25127017,-0.09268689,0.20014289
78,1111,-0.079730086,0.033266544,0.25707793,0.20877466,-1.065675,-0.99273765,0.13550967,-0.5971266,0.34740108,0.08854896,-0.44447613,-0.08918898,-0.7201737,-0.363744,0.20180756,-0.3738593
78,1112,0.24449763,0.19770887,0.25847048,0.26169565,0.17625232,-0.120493315,-0.3678975,0.13927767,-0.018292904,-0.46340662,-0.48717147,0.14475805,-0.19250655,0.12629908,-0.030210614,0.38577583
78,1117,-0.26740104,-0.10989273,-0.2590444,-0.44300914,-0.21100876,0.033706635,-0.3636319,-0.21574411,-0.57899725,0.37184277,-0.10548827,0.1746243,0.0015653521,-0.10753469,-0.1273806,-0.108222
78,1118,0.15879764,-0.0076764375,-0.11409368,-0.07329629,0.3816707,0.5906513,0.5549617,0.5270589,0.7683943,-0.30524468,0.6165062,-0.29570508,0.3916353,0.2489014,-0.046064027,0.13594274
78,1133,0.28615856,0.08311094,-0.09045813,-0.08814377,-0.041067123,0.18044066,-0.6549198,0.13151288,-0.5074977,-0.42483783,-0.22527227,0.3733118,0.18561415,0.38403523,0.18643048,0.25246257
78,1142,-1.3152941,-0.7182234,-0.23314515,-0.6668828,1.0023881,0.30754468,-0.13495944,-0.2221348,-0.2573526,0.6566093,-0.2756995,-0.04297279,-0.16406256,-0.93139434,-0.9594066,-0.41724297
78,1148,0.25672927,0.016159795,-0.2268275,-0.19208047,-0.14832056,0.24949837,-0.65945596,0.00558367,-0.8432098,-0.14980015,0.01649046,0.43826172,0.38572013,0.44181406,0.35128543,0.11385888
78,1152,-0.10389002,-0.06267648,-0.32144666,-0.30028677,-0.28100425,0.09565994,-0.30205786,-0.30993435,-0.98593944,0.5818472,0.24117973,0.2507694,0.33432287,0.08596234,0.23648798,-0.20770207
78,1156,0.16381279,0.14177686,0.17551044,0.18697163,-0.7289723,-0.6006738,-0.10691655,-0.033165365,0.5700218,-0.46957368,-0.56865096,-0.08192097,-0.5658618,-0.07631055,0.045235544,0.09449831
78,1157,-0.29039168,0.30846274,0.036734596,0.49708107,0.49733377,-0.17270893,0.3366807,-0.2894668,-0.62512296,1.0608615,0.047652632,-0.121265315,-0.10178573,-0.41151583,-0.1814887,-0.047156014
78,1161,0.15614231,-0.0036586449,-0.10262308,-0.041416533,0.09393829,0.37432978,0.53219897,0.37375823,0.70462334,-0.21661486,0.5358983,-0.277666,0.28580797,0.20529485,0.046387315,0.030964598
78,1165,-0.1158431,-0.15659475,0.031692058,-0.19427145,0.43800336,0.35718754,0.48604238,0.32364285,0.75626314,-0.16101886,0.35319713,-0.33830735,0.10014905,-0.05734887,-0.33090523,0.053866364
78,1180,0.1134956,-0.03573461,-0.0920658,-0.034149863,-0.16297661,0.16975817,0.5750203,0.17878714,0.62694705,-0.041146457,0.5298095,-0.28161672,0.19721188,0.13474178,0.12916288,-0.13153875
78,1194,0.20997131,0.15255055,0.14161104,0.11588184,-0.3920656,-0.31372255,-0.18590125,0.2614821,0.6556723,-0.689999,-0.5611923,-0.08494778,-0.42406654,0.031367265,-0.09838271,0.32324708
78,1195,0.13431059,-0.04840631,-0.31230497,-0.30992684,-0.23413414,0.2508515,-0.57927805,-0.09711958,-0.9378473,0.099915475,0.13610202,0.38999686,0.41335434,0.35635737,0.338218,-0.008696057
78,1207,-0.10389,-0.06267648,-0.32144663,-0.30028677,-0.28100425,0.09565993,-0.30205786,-0.30993438,-0.98593944,0.5818473,0.24117973,0.2507694,0.33432293,0.08596234,0.23648795,-0.20770204
78,1213,-0.8667067,-0.5069273,-0.013772249,-0.634279,0.6573192,0.1347309,-0.16562492,-0.023058414,0.110452525,0.23214307,-0.4099056,-0.08373088,-0.36362088,-0.61998594,-0.8557866,-0.12798855
78,1214,0.26442564,0.17945907,-0.09028553,0.33584067,-0.13219534,-0.14155924,-0.06742379,-0.6415694,-1.2486104,0.7770742,0.53380287,0.38534996,0.42183328,0.11433418,0.60015947,-0.42816445
78,1227,0.17507173,0.026747704,-0.19873807,-0.016180977,-0.37616372,-0.10427363,-0.19250627,-0.6150423,-1.1983333,0.67426753,0.49828658,0.38227627,0.4437096,0.1262365,0.5620761,-0.46711257
78,1229,0.16111037,-0.00068616867,-0.15843979,-0.25780982,0.09913458,0.3353149,-0.68022263,0.30009305,-0.41595167,-0.4509575,-0.25409782,0.30606326,0.20396994,0.3664625,0.013439104,0.3577916
78,1230,0.3376041,0.06692709,-0.15796474,-0.08180689,-0.15953468,0.18119374,-0.6242326,-0.019239344,-0.80224854,-0.21042714,0.011968017,0.4404538,0.36610854,0.4546709,0.4079442,0.10382219
78,1244,-0.0130134225,-0.06873388,-0.28339273,-0.36419457,-0.16703983,0.20219937,-0.5567292,-0.07828004,-0.7725899,0.11944634,-0.02572003,0.33025655,0.24188437,0.2046181,0.120704144,0.023493625
78,1249,-0.025338061,-0.021584392,0.12542489,-0.07773646,-0.0012011081,-0.014816999,0.15614396,0.31278947,0.81060034,-0.46705037,-0.18382114,-0.24294531,-0.23609984,-0.070298426,-0.30473512,0.2007602
78,1256,-0.08801383,-0.14189458,0.0072473437,-0.19277094,0.4922998,0.42924026,0.49124056,0.3763526,0.76377714,-0.19176392,0.39450374,-0.33867493,0.14986421,-0.018625934,-0.3225792,0.08417222
78,1262,0.29407477,0.082511134,-0.111279,-0.031784035,-0.18810545,0.062232316,-0.5163894,-0.12368127,-0.74373895,-0.11060393,0.0133861005,0.39710906,0.27896523,0.33338088,0.36691737,0.012142859
78,1273,0.2630789,0.16612987,0.10764046,0.06988593,-0.11784593,-0.0842959,-0.2756724,0.46362582,0.64494336,-0.8428196,-0.54255986,-0.053847857,-0.2879568,0.12668219,-0.16414636,0.48736638
78,1275,0.3122533,0.095916346,-0.08295561,-0.05975628,-0.049153656,0.16831884,-0.6631939,0.11128895,-0.5377231,-0.4264835,-0.21594846,0.39635327,0.19662975,0.39967543,0.22054827,0.240798
78,1298,-0.47308218,-0.27197373,0.063385546,-0.38169175,0.32727027,-0.02457022,-0.22202381,0.08231023,0.2878798,-0.11717257,-0.5141518,-0.059144616,-0.42047313,-0.37829027,-0.62294483,0.06264901
78,1301,0.19701897,0.04755095,-0.059339114,-0.15618537,0.087764055,0.22651082,-0.625645,0.31985107,-0.22334985,-0.5486915,-0.3712349,0.2554959,0.07163416,0.3132855,-0.03519059,0.39577866
78,1304,0.3572119,0.112117454,-0.07398606,-0.019151703,-0.08637904,0.14300054,-0.6494807,0.07015683,-0.59062845,-0.4104922,-0.16678184,0.41696802,0.23228137,0.4271031,0.2989545,0.20631719
78,1312,0.056488834,-0.053864665,-0.0495409,-0.12746342,0.46594012,0.53186643,0.48487788,0.48612243,0.7580742,-0.30032212,0.47589,-0.30504045,0.2746716,0.13353735,-0.19274949,0.15457621
78,1317,0.15858471,0.139817,0.17966153,0.19441369,-0.75405,-0.6246089,-0.09862481,-0.05661948,0.5690974,-0.45341313,-0.5696993,-0.08078484,-0.5792126,-0.086885765,0.05664873,0.07585755
78,1321,0.07685833,-0.13718969,-0.19106558,-0.06833288,-0.29604614,0.18548226,0.93822086,-0.0721203,0.46607,0.42458466,1.0236605,-0.3290816,0.4234771,0.13612694,0.35907537,-0.49212286
78,1324,0.02839548,0.00051822513,0.07800223,-0.07341513,0.09464143,0.12558344,0.18811634,0.40700537,0.8257737,-0.5118625,-0.07902372,-0.24414256,-0.118632436,0.009336345,-0.27333927,0.24612603
78,1329,-0.4483912,-0.088566355,-0.3926886,-0.34123868,-0.2151885,0.042627096,-0.06691426,-0.40867978,-0.9876662,1.0612779,0.2631561,0.09336089,0.21442445,-0.21056372,0.0049372464,-0.3080325
78,1345,0.50500387,0.9771295,0.72181565,2.0765538,1.6830944,-0.35094464,0.62524533,-0.16757995,-0.6523256,0.7384665,-0.135764,-0.093803465,-0.23826888,-0.20468758,0.24554229,0.34085664
78,1354,-0.009492878,-0.10274268,-0.028170303,-0.15545577,0.50423133,0.51497877,0.5297541,0.45386016,0.80168384,-0.24790284,0.4832622,-0.33392334,0.23949908,0.07318734,-0.25373083,0.1184653
78,1357,0.04888945,-0.1596624,-0.19400734,-0.04394859,-0.68264323,-0.078169316,0.9689045,-0.28788963,0.40943426,0.5731549,0.9741025,-0.314009,0.3121394,0.07390946,0.48538876,-0.6635876
78,1368,-0.9287319,-0.53593165,-0.020820655,-0.64098054,0.7040956,0.14286894,-0.16452295,-0.049013235,0.08396338,0.28049365,-0.41667435,-0.07744778,-0.3625996,-0.66305506,-0.8851085,-0.15495166
78,1369,-0.040651023,0.05550758,0.22891861,0.22824785,-1.0624017,-0.9645194,0.11888348,-0.5732096,0.33164704,0.055881202,-0.43548536,-0.07167019,-0.7000898,-0.33558893,0.24850196,-0.36922723
78,1394,-0.061029434,0.044370607,0.24228618,0.2220403,-1.069927,-0.9844327,0.1304492,-0.59583884,0.3322314,0.080988735,-0.43581665,-0.07767794,-0.71129036,-0.35313153,0.23377872,-0.38127568
78,1416,0.35811275,0.10608201,-0.0858139,-0.03074617,-0.08533873,0.16057816,-0.6599072,0.07716335,-0.6108515,-0.40710527,-0.15616561,0.42301843,0.25009674,0.4399767,0.30642757,0.21126539
78,1425,0.48683685,0.9800594,0.7451668,2.0802917,1.745748,-0.3579532,0.6373341,-0.13496906,-0.62928194,0.7331133,-0.19530116,-0.12938552,-0.2693734,-0.23158841,0.21886396,0.37649414
78,1430,-0.28526837,-0.19665465,0.25098312,-0.106214,-0.49781996,-0.56077194,0.33733684,-0.2986615,0.6025232,0.11260024,-0.18102312,-0.27016112,-0.47682148,-0.38772398,-0.2005558,-0.26987296
78,1436,-0.060468107,0.044956874,0.24407986,0.2286531,-1.0881301,-0.99920535,0.13332134,-0.6059289,0.33664817,0.08408937,-0.43958312,-0.076656915,-0.72072846,-0.3567686,0.24209768,-0.3892366
78,1454,0.08120398,-0.1341629,-0.18303508,-0.07782718,-0.13701706,0.28679624,0.933421,0.018164184,0.5130774,0.36076662,1.0383308,-0.34145746,0.4571435,0.15374778,0.2967587,-0.42167303
78,1458,0.19275634,0.01788535,-0.14755908,-0.22223821,0.06931439,0.30956134,-0.6845046,0.269726,-0.44229895,-0.45159087,-0.2507291,0.32525092,0.20489986,0.3787687,0.053474754,0.34292325
78,1466,-0.039031133,-0.028479256,0.14035752,-0.06844414,-0.060632482,-0.07364053,0.16282123,0.27282995,0.82234913,-0.4452229,-0.20776649,-0.24423113,-0.27702302,-0.09320813,-0.29861397,0.17513898
78,1473,-0.071743555,-0.03980425,0.16131976,-0.004492983,-0.5983344,-0.46268222,0.24245071,-0.102775075,0.6745952,-0.15536343,-0.20972794,-0.22482312,-0.40556583,-0.18801636,-0.062253974,-0.10608856
78,1475,0.16365579,-0.035493866,-0.29858592,-0.27322555,-0.247296,0.2266776,-0.5642468,-0.12945694,-0.96954006,0.11770737,0.16661152,0.40149584,0.43223315,0.3662533,0.38288075,-0.035647623
78,1483,0.17691629,0.0037569478,-0.15073428,-0.24801704,0.11530428,0.34650937,-0.6815039,0.3294496,-0.39294606,-0.48439863,-0.2607481,0.30013138,0.20869543,0.38048446,0.013370156,0.3824523
78,1486,0.019500375,-0.058678128,-0.26833278,-0.34658197,-0.16179298,0.20681271,-0.5566119,-0.04902549,-0.73839325,0.06171441,-0.02976656,0.32255837,0.24723907,0.22791451,0.13368267,0.04643988
78,1487,0.09985102,-0.06760251,-0.11689567,-0.050222162,-0.09770523,0.24281403,0.68858874,0.16885945,0.6327744,0.05040106,0.68561435,-0.30972177,0.28062516,0.14614,0.14919442,-0.19204944
78,1492,0.081268325,-0.11379831,-0.15832779,-0.0812757,-0.058817856,0.3066045,0.8439526,0.0815207,0.5341749,0.25617394,0.9270674,-0.33116338,0.41441816,0.14873146,0.22359443,-0.33088768
78,1502,0.16118462,0.006049238,-0.10439501,-0.08475426,0.4632793,0.6309563,0.49342912,0.57375884,0.7532004,-0.36833394,0.563918,-0.2837206,0.38893867,0.25127017,-0.09268689,0.20014289
78,1504,0.17818002,-0.049137793,-0.35174295,-0.2774866,-0.30457824,0.23585463,-0.5796314,-0.22662199,-1.1735991,0.2608749,0.2830471,0.46421918,0.5333209,0.4020604,0.49628198,-0.12215377
78,1514,0.41221696,0.67271125,0.43838334,1.3710821,0.94664276,-0.2786442,0.3786988,-0.2617486,-0.6436994,0.58891547,0.059033185,0.03135342,-0.06382753,-0.09468064,0.27601394,0.10747126
78,1524,0.07500966,0.107397616,0.19650295,0.2083624,-0.89465606,-0.7712897,-0.009079002,-0.28492796,0.45095068,-0.22649322,-0.51113933,-0.076030895,-0.6304757,-0.1932298,0.1479803,-0.12119662
78,1525,0.16002288,-0.01290182,-0.23645619,-0.2546295,-0.15229188,0.23001754,-0.606528,-0.004838422,-0.7720634,-0.07757737,-0.009111315,0.37545815,0.3200248,0.35048664,0.25334233,0.094964065
78,1527,0.31588626,0.09390831,-0.08704733,-0.062488563,-0.054393373,0.17234153,-0.65922946,0.10982637,-0.5483708,-0.42035523,-0.20095286,0.3953577,0.20930101,0.40571332,0.23199159,0.23722671
78,1532,-0.012775902,-0.091858484,-0.088172995,-0.3738074,0.4988665,0.5530155,-0.50289124,0.66536134,0.16967039,-0.68544817,-0.3071576,0.06940887,0.13512902,0.22621784,-0.30640295,0.58289355
78,1533,-1.1259048,-0.6281274,-0.21927175,-0.62794316,0.9057516,0.323123,-0.18636641,-0.10423017,-0.18961062,0.46910015,-0.28593796,-0.030138038,-0.14135231,-0.77465624,-0.86985046,-0.28697848
78,1536,-0.07827306,-0.042550378,0.16902135,0.00220941,-0.666445,-0.51991683,0.24322781,-0.14872065,0.65965116,-0.12554593,-0.22676308,-0.22182053,-0.4349252,-0.20524256,-0.042072646,-0.13751608
78,1545,-0.031907275,-0.063613184,-0.040019847,-0.3111045,0.47072607,0.46943596,-0.45134583,0.56844026,0.12595138,-0.59451544,-0.3094982,0.056988887,0.10936557,0.18371949,-0.29133928,0.532202
78,1547,-0.09680718,-0.025267765,0.23929325,0.03263191,-0.5942403,-0.59053445,0.13218495,-0.16778946,0.6350787,-0.18643765,-0.3935209,-0.19207358,-0.55983377,-0.26423627,-0.13041078,-0.086304836
78,1553,0.25980353,0.063001186,-0.14330679,-0.06564695,-0.20444739,0.070785165,-0.51363635,-0.1573984,-0.7993105,-0.034276217,0.045220405,0.4041932,0.29529238,0.31501105,0.36580527,-0.021948121
78,1557,-0.21322887,-0.20096809,0.11960375,-0.19696689,0.24390693,0.100405425,0.45347166,0.13206688,0.7096886,-0.05322309,0.19562057,-0.33176875,-0.07586041,-0.19404498,-0.35459816,-0.047388278
78,1558,0.104110196,-0.0755327,-0.13482821,-0.06903658,0.0546083,0.36584815,0.7322607,0.22410604,0.63335246,0.055809557,0.78241,-0.32216784,0.3683321,0.17278194,0.12674001,-0.17229477
78,1565,0.1365854,-0.010320164,-0.085322715,-0.028341234,-0.09426482,0.21659774,0.5163265,0.25847903,0.66177964,-0.14730902,0.4692817,-0.26925278,0.19694789,0.15821421,0.09021914,-0.04570233
78,1566,0.09383795,-0.102690525,-0.16015938,-0.09884374,0.1944413,0.48165932,0.8255897,0.22688517,0.59162146,0.1458452,0.94610584,-0.3411488,0.48260975,0.186937,0.13025278,-0.21399868
78,1569,0.19275633,0.01788535,-0.14755905,-0.22223821,0.06931439,0.30956134,-0.6845046,0.269726,-0.44229895,-0.4515909,-0.2507291,0.32525092,0.20489992,0.37876874,0.05347474,0.34292325
78,1572,0.032061204,-0.15079567,-0.16511387,-0.034522623,-0.8366462,-0.22607988,0.88512063,-0.3615472,0.37749207,0.56053543,0.82279384,-0.2898009,0.19688289,0.026214413,0.48626,-0.6752955
78,1574,0.025294319,-0.1333901,-0.13964051,-0.032804616,-0.89056885,-0.30223662,0.7887716,-0.38304058,0.34328932,0.5142286,0.6876942,-0.265878,0.11774577,-0.0021732375,0.46047705,-0.6443089
78,1576,-1.2069259,-0.6808515,-0.14094448,-0.6971835,0.94581854,0.2628965,-0.1411129,-0.15001655,-0.10645898,0.53006446,-0.33625454,-0.06140079,-0.2615085,-0.85189396,-0.9789446,-0.31980214
78,1585,0.13658541,-0.010320164,-0.08532273,-0.028341234,-0.09426482,0.21659774,0.5163265,0.25847903,0.66177964,-0.14730902,0.46928158,-0.26925278,0.19694792,0.15821424,0.09021914,-0.0457023
78,1586,0.50008655,1.001657,0.7619667,2.12883,1.7854959,-0.3642413,0.6519016,-0.13612872,-0.63587517,0.7479166,-0.19337606,-0.12990074,-0.27607247,-0.2341913,0.21523222,0.38907063
78,1592,0.29220647,0.16239661,0.13486934,0.13990512,0.117929384,0.0132287145,-0.4772626,0.24322534,-0.041581452,-0.59038717,-0.453092,0.18879732,-0.09000872,0.23469853,0.011519536,0.41852722
78,1594,0.14705423,-0.0068753064,-0.095773645,-0.041018054,0.051801354,0.33313692,0.52378136,0.34234685,0.6890405,-0.19781256,0.51355755,-0.27551845,0.25918943,0.18857822,0.051470235,0.012619801
78,1595,0.12292869,-0.079400055,-0.1669254,-0.09367834,0.31185484,0.5810082,0.7941072,0.3380395,0.64768964,0.036104202,0.9332403,-0.33939305,0.516665,0.22992891,0.08982533,-0.119754665
78,1618,0.25086147,0.067500174,-0.09873403,-0.12186303,-0.030020125,0.19180283,-0.64451134,0.15014464,-0.47319573,-0.41602075,-0.238348,0.34746492,0.16813488,0.36009195,0.14156336,0.2625529
78,1619,0.098560445,0.08640542,0.14867628,0.05563069,-0.17878738,-0.26608562,-0.2819967,0.19597062,0.48523432,-0.5962012,-0.6262338,-0.01985553,-0.44012323,-0.03804753,-0.22100706,0.29861856
78,1622,0.34292907,0.10123947,-0.08333983,-0.040577434,-0.08773254,0.15479401,-0.63940334,0.0804293,-0.5829646,-0.39981958,-0.15757218,0.40067735,0.23706518,0.42169672,0.28787154,0.20972243
78,1628,0.19015338,0.0329687,-0.12314559,-0.19278087,0.017736688,0.23960277,-0.64999074,0.21018487,-0.4232033,-0.41849047,-0.26359457,0.31446907,0.15526654,0.33766496,0.056563288,0.29937997
78,1635,0.21454588,0.08804351,-0.15636683,0.1266737,-0.29009315,-0.12368558,-0.13802713,-0.64217126,-1.2390201,0.7323533,0.52977824,0.3931943,0.44625205,0.122680694,0.59196013,-0.46693918
78,1643,0.215826,0.15079415,0.14406559,0.11427436,-0.22839883,-0.2501055,-0.2959819,0.27675134,0.54332113,-0.7193018,-0.62066245,-0.018195659,-0.40706855,0.048851416,-0.15274763,0.37509382
78,1645,0.1938386,-0.026210114,-0.3011534,-0.24307981,-0.27188095,0.212865,-0.5673632,-0.17370084,-1.0439472,0.15444168,0.20776182,0.4317734,0.46840775,0.38771108,0.4454068,-0.06964471
78,1649,0.17160802,-0.0007169992,-0.16451147,-0.25791973,0.10904582,0.352343,-0.7022095,0.31349725,-0.4329086,-0.46560788,-0.2566845,0.321363,0.21794052,0.3861018,0.020960376,0.37173012
78,1655,-0.3894828,-0.2780962,-0.13991007,-0.4737835,0.60985464,0.454344,-0.3738541,0.3880552,0.05394773,-0.27378985,-0.28155133,0.018100195,0.027002811,-0.125946,-0.49501032,0.2603428
78,1661,-0.078726776,0.29187447,0.8086678,0.7269139,0.55590636,-0.6277814,0.117872514,-0.28997314,-0.0073006153,0.19798496,-0.61670893,-0.06637869,-0.56075305,-0.35721672,-0.27903107,0.26866263
78,1663,-1.0054506,-0.573857,-0.076414354,-0.6511656,0.78338873,0.1984134,-0.15149656,-0.07842631,0.00073701143,0.36587074,-0.3633177,-0.073135406,-0.30164796,-0.7157526,-0.8931548,-0.21269569
78,1669,0.28839728,0.1845397,0.11998634,0.11218869,-0.19153151,-0.15325692,-0.28818062,0.40964937,0.6205094,-0.8327403,-0.57182163,-0.037856266,-0.3273881,0.12476008,-0.12778148,0.4634389
78,1673,0.30900806,0.09736924,-0.076384045,-0.05639479,-0.05395163,0.15687537,-0.6473689,0.10673271,-0.52110165,-0.42278764,-0.21535057,0.38448846,0.18722679,0.38856834,0.21608472,0.23508719
78,1681,-0.028360076,-0.10475255,-0.009548746,-0.16141841,0.46165514,0.45109555,0.4890434,0.40765795,0.7602325,-0.23158453,0.41933325,-0.32404163,0.18890043,0.039133325,-0.26559868,0.10549675
78,1703,-0.028360076,-0.10475253,-0.009548746,-0.16141841,0.46165514,0.45109555,0.48904347,0.40765798,0.7602325,-0.23158452,0.41933337,-0.32404163,0.18890043,0.03913331,-0.26559868,0.10549675
78,1714,0.018944254,-0.0033597127,0.07946312,-0.060179923,-0.00814499,0.052216128,0.21568567,0.322476,0.78542113,-0.43760487,-0.060284063,-0.24170208,-0.13339484,-0.0095132105,-0.21915641,0.18001091
78,1729,0.31060773,0.19951236,0.12923369,0.1455904,-0.24305211,-0.20267275,-0.30109847,0.3717568,0.6014525,-0.8296987,-0.59527755,-0.024552338,-0.35633135,0.12681396,-0.10224424,0.44915763
78,1739,0.21499828,0.03979709,-0.12996069,-0.17820174,0.0002926439,0.24177024,-0.66457075,0.18930478,-0.47683907,-0.4105482,-0.23918681,0.3401674,0.18398805,0.36240095,0.101333454,0.28652513
78,1747,-1.2119737,-0.66024804,-0.1597597,-0.6199348,0.91435826,0.2351436,-0.12710062,-0.21166623,-0.18300451,0.57354915,-0.31437033,-0.050593816,-0.21560663,-0.8716778,-0.9196841,-0.367185
78,1756,-1.1836698,-0.6531376,-0.22015724,-0.64097214,0.92572546,0.3097072,-0.16699211,-0.14518973,-0.20666496,0.53060067,-0.28551957,-0.036675252,-0.15615371,-0.82580334,-0.89890903,-0.32947937
78,1760,0.025294319,-0.1333901,-0.13964051,-0.03280461,-0.89056885,-0.30223662,0.7887716,-0.38304058,0.34328932,0.5142286,0.6876942,-0.26587796,0.1177458,-0.002173245,0.46047705,-0.644309
78,1769,-0.21642308,-0.09985108,-0.2647606,-0.4236971,-0.1999955,0.06675202,-0.4127057,-0.19270676,-0.6286873,0.32240656,-0.09673397,0.2165708,0.04769157,-0.0441688,-0.07753725,-0.08145892
78,1782,-0.14583063,-0.068804376,-0.33891186,-0.3092772,-0.27853873,0.09509584,-0.2781373,-0.33010325,-1.0134107,0.65690076,0.25818232,0.240538,0.3341998,0.056523845,0.22058159,-0.2273362
78,1799,0.13759083,-0.053220965,-0.32650298,-0.31930706,-0.23521149,0.2679032,-0.59630024,-0.09720225,-0.97203857,0.10810712,0.14894557,0.40522864,0.43473864,0.37306133,0.35290313,-0.008840017
78,1809,-0.016088247,-0.06066247,-0.04338514,-0.3068442,0.47932804,0.48521063,-0.46769634,0.5910477,0.13017088,-0.62350214,-0.31405568,0.06543393,0.12022601,0.20444068,-0.2839219,0.5536583
78,1812,0.2041294,0.15495864,0.15482512,0.14767116,-0.51704466,-0.41602117,-0.16675055,0.17107335,0.6391158,-0.6322708,-0.57762146,-0.084550604,-0.48019737,0.0029041246,-0.052810073,0.2590966
78,1824,0.1683268,0.00044416636,-0.22676289,-0.20161761,-0.22127807,0.14874896,-0.5226981,-0.13461483,-0.8401136,0.055960745,0.08381316,0.37440595,0.3291102,0.30144492,0.320101,-0.024907045
78,1827,-0.09296422,-0.03046941,0.22581309,0.007467836,-0.48909372,-0.4954184,0.13697323,-0.08147163,0.6794954,-0.23766348,-0.36701432,-0.20623147,-0.5132692,-0.23705888,-0.17736283,-0.032928757
78,1828,0.026929017,-0.0637398,-0.076276414,-0.32693967,0.48288465,0.5413772,-0.5083752,0.65834457,0.14554735,-0.7030955,-0.3047293,0.079906665,0.1567489,0.26058808,-0.2619763,0.5964535
78,1836,0.11823968,-0.08059148,-0.16121826,-0.08538017,0.23267196,0.5214261,0.78894603,0.30340147,0.64816445,0.04986754,0.9047736,-0.33716658,0.48029077,0.21615309,0.10763025,-0.14248347
78,1854,0.09764224,-0.05991546,-0.10367895,-0.047393307,-0.12451943,0.2071802,0.648215,0.16312778,0.6279714,0.024926782,0.6244546,-0.3003738,0.24280958,0.1340217,0.13715562,-0.17635405
78,1866,0.24616562,0.06603399,-0.11752137,-0.10901794,-0.10253231,0.14744788,-0.6090999,0.038985543,-0.5981703,-0.27737775,-0.15124036,0.37325028,0.20773603,0.3471457,0.22428271,0.16713198
78,1872,-0.08836149,-0.04753845,-0.20227993,-0.32570672,-0.16740726,0.073703885,-0.4452987,-0.11544674,-0.5674413,0.13380843,-0.13077195,0.23431459,0.06643082,0.05050142,-0.012743458,-0.00082582235
78,1879,-0.10306127,-0.0058470517,0.25923237,0.104396515,-0.8364506,-0.80669165,0.12597668,-0.3880698,0.49797487,-0.0468442,-0.43696213,-0.1470605,-0.65584046,-0.32728323,0.010606721,-0.22746131
78,1899,0.12353614,-0.032409266,-0.09865003,-0.026549213,-0.17238268,0.17692801,0.584235,0.19110176,0.64574254,-0.050795212,0.5410092,-0.28358147,0.20528938,0.1465349,0.14066514,-0.12791514
78,1908,-0.08784585,0.021514636,0.25865057,0.16783988,-0.99511343,-0.93515515,0.12266453,-0.5345515,0.3766042,0.05117926,-0.4464594,-0.106353,-0.69637656,-0.3510467,0.13724941,-0.3240103
78,1918,0.08126832,-0.11379833,-0.15832782,-0.0812757,-0.05881785,0.3066045,0.84395266,0.08152069,0.53417486,0.25617388,0.9270674,-0.3311634,0.41441816,0.14873147,0.22359443,-0.33088762
78,1926,0.15493819,-0.033132352,-0.30198526,-0.2722985,-0.23482037,0.2297959,-0.5909935,-0.12902921,-0.97401863,0.10694814,0.13465965,0.42273888,0.41296345,0.35839757,0.3612708,-0.025055476
78,1941,0.035698242,-0.15854308,-0.17742631,-0.035504185,-0.8057071,-0.18589382,0.92991555,-0.3474202,0.39586258,0.5790429,0.8864895,-0.30148292,0.23558415,0.04084517,0.49631536,-0.686687
78,1946,-0.26900095,-0.17049849,0.26786125,-0.07670474,-0.6609139,-0.6854677,0.28324214,-0.3705381,0.5504273,0.11910859,-0.26686406,-0.24130496,-0.54138666,-0.39967573,-0.14422737,-0.2934892
78,1960,0.17818002,-0.049137793,-0.35174295,-0.2774866,-0.30457824,0.23585463,-0.5796314,-0.22662199,-1.1735991,0.2608749,0.2830471,0.46421918,0.53332084,0.4020604,0.49628192,-0.12215377
78,1973,0.013345221,-0.08160185,-0.088711016,-0.35890415,0.49573517,0.56059873,-0.5172463,0.67822784,0.16165273,-0.7113085,-0.30661651,0.07906925,0.15099193,0.25261596,-0.28533334,0.5995321
78,1976,0.1726447,-0.041395165,-0.319209,-0.28304982,-0.25312173,0.24934101,-0.58759165,-0.13519952,-1.0278398,0.13486728,0.19194326,0.42580077,0.46849024,0.39342433,0.41320288,-0.040581964
78,2006,0.32282966,0.07796262,-0.1315589,-0.051095985,-0.17638567,0.119582176,-0.5711513,-0.07035396,-0.7710694,-0.16847712,0.01251781,0.419991,0.3236168,0.39961916,0.39429432,0.059051953
78,2016,0.15108088,-0.008872151,-0.11067904,-0.092776775,0.5212455,0.6806922,0.5327611,0.6042341,0.7969336,-0.36844096,0.61020494,-0.3008061,0.41576666,0.2557464,-0.11143805,0.20588115
78,2025,0.16706422,-0.0014030039,-0.11752061,-0.08072572,0.4789626,0.66504264,0.54472613,0.590472,0.79036206,-0.35635602,0.625685,-0.2968468,0.42370194,0.26866278,-0.078809515,0.1877491
78,2031,-1.2527193,-0.70172834,-0.16119301,-0.69670105,0.975847,0.27431473,-0.13695566,-0.17592275,-0.14535753,0.5744828,-0.32398865,-0.056951288,-0.24299154,-0.8848603,-0.9870836,-0.3529297
78,2050,-0.001915548,-0.009290867,0.100936264,-0.04417942,-0.15634981,-0.078257434,0.21966445,0.21140283,0.7473474,-0.36422196,-0.096927,-0.23551518,-0.1988213,-0.053304188,-0.17662501,0.10793593
78,2059,0.329459,0.10082045,-0.079822995,-0.046897035,-0.06127028,0.16238561,-0.65366054,0.10197021,-0.5517834,-0.4232456,-0.19399926,0.39807704,0.21272214,0.41075397,0.24868897,0.23141262
78,2063,-0.08298297,0.2289862,0.68421584,0.5646021,0.5691685,-0.44824937,0.01640267,-0.14794117,0.00021468103,0.07880816,-0.5800177,-0.039255865,-0.45150626,-0.27095932,-0.29309633,0.3239387
78,2071,0.09203361,-0.039145082,-0.07312199,-0.112961225,0.48505002,0.5891446,0.5136948,0.53136027,0.78335184,-0.32343197,0.53508556,-0.3064499,0.3301376,0.18084323,-0.16032453,0.16979568
78,2080,0.29702157,0.068583325,-0.05084785,-0.10725431,0.14730136,0.30228868,-0.6839503,0.44400832,-0.19292207,-0.707865,-0.38454822,0.27270764,0.14219178,0.4250114,0.012753531,0.5165137
78,2083,0.1643725,-0.0010527894,-0.11377581,-0.07969134,0.4536088,0.64044166,0.5372284,0.5712068,0.7764076,-0.34569836,0.61158633,-0.29346114,0.41014105,0.26070994,-0.073613316,0.1770409
78,2084,0.032061204,-0.15079567,-0.16511387,-0.03452263,-0.83664626,-0.2260799,0.8851206,-0.3615472,0.37749207,0.56053543,0.82279384,-0.28980094,0.19688289,0.026214413,0.48626,-0.6752955
78,2086,-0.053146124,-0.028756097,0.14640823,-0.019221246,-0.44965315,-0.34355718,0.22589424,-0.010604605,0.67961985,-0.2167345,-0.18073072,-0.22533521,-0.34210017,-0.1504202,-0.10432915,-0.037724726
78,2090,0.1727008,-0.0025385767,-0.16221091,-0.26006407,0.12237047,0.36200354,-0.6974811,0.334255,-0.41319764,-0.48137277,-0.25789928,0.31078908,0.2204095,0.388931,0.012939945,0.38585076
78,2099,-0.102465466,-0.003006786,0.25992304,0.10706616,-0.8532503,-0.8219261,0.119281255,-0.40635222,0.47555137,-0.034311473,-0.4415365,-0.14170647,-0.66039777,-0.33108377,0.021314949,-0.2369749
78,2104,0.011638515,-0.0058860257,0.092485316,-0.076532796,0.07661025,0.09044382,0.17537853,0.38556758,0.82340556,-0.5047451,-0.112604484,-0.24398977,-0.15255362,-0.014035191,-0.28845206,0.23890798
78,2106,0.25369358,0.06064514,-0.051094435,-0.12518233,0.1174645,0.26132894,-0.6570549,0.38742894,-0.2000704,-0.63936806,-0.3856554,0.26404884,0.10306446,0.3717242,-0.011964157,0.46264327
78,2107,0.24505301,0.059944827,-0.05175378,-0.12759137,0.1092789,0.25097814,-0.659168,0.37072054,-0.2100697,-0.6230335,-0.39064872,0.2703311,0.09244959,0.36175442,-0.015718311,0.44970778
78,2114,0.13755152,-0.06178046,-0.35532975,-0.3360896,-0.23531014,0.29638788,-0.635748,-0.10447111,-1.0421413,0.12810579,0.1636815,0.44274125,0.4673307,0.3969759,0.37298262,-0.012102865
78,2123,-0.17599954,-0.102303915,-0.27614814,-0.4306991,-0.18437219,0.115234405,-0.4439152,-0.14514321,-0.6465243,0.26606563,-0.075578615,0.22995707,0.099380985,0.015891232,-0.043772355,-0.046109267
78,2134,0.39471972,0.6180723,0.38623175,1.2458551,0.8213407,-0.26506543,0.33397356,-0.279652,-0.650148,0.5687332,0.09272009,0.05332514,-0.031872913,-0.07601917,0.28313148,0.065817684
78,2140,0.14770392,-0.011106208,-0.10052241,-0.034829974,0.012754917,0.31516436,0.5457697,0.32594642,0.6980548,-0.17719111,0.5312444,-0.27999136,0.25784713,0.18908048,0.072189584,-0.010317512
78,2146,0.064915195,-0.14744705,-0.19411418,-0.058656804,-0.4627797,0.07394263,0.95533264,-0.16754004,0.43759346,0.49410543,1.0094681,-0.3225551,0.38017792,0.110518366,0.41681552,-0.5699965
78,2156,0.33553934,0.13771722,0.054007452,0.06130623,0.096918315,0.1207518,-0.57999104,0.3287815,-0.08649294,-0.68873763,-0.43599007,0.23830831,-0.0006378889,0.33318952,0.044170216,0.46255577
78,2166,0.13700306,-0.056000568,-0.33952528,-0.3249475,-0.23358795,0.27961847,-0.6185517,-0.10216112,-1.0056709,0.11580509,0.15059501,0.42685464,0.44647437,0.38245398,0.3597147,-0.009988032
78,2177,0.065053776,0.3204733,0.73490006,0.74093556,0.46274006,-0.5878736,0.01557789,-0.24054152,-0.011797354,0.030710965,-0.6133891,0.011140339,-0.5281165,-0.24840404,-0.1619289,0.28748643
78,2179,0.17160802,-0.0007169992,-0.16451147,-0.25791973,0.10904582,0.352343,-0.7022095,0.31349725,-0.4329086,-0.46560788,-0.2566845,0.321363,0.21794058,0.3861018,0.02096039,0.37173012
78,2184,0.008826509,-0.088388376,-0.03223189,-0.1464627,0.48530352,0.5117898,0.5147698,0.4584125,0.7879928,-0.26188657,0.4752759,-0.32504693,0.24378149,0.088176206,-0.23560537,0.12670395
78,2185,0.031151414,0.0030024424,0.07487156,-0.075363845,0.10009982,0.13168019,0.18287101,0.40681097,0.8110723,-0.50966275,-0.075714186,-0.24122953,-0.11133745,0.0125111565,-0.2702216,0.24738666
78,2220,0.0029879622,0.32355723,0.8005398,0.7841348,0.5225658,-0.6484525,0.10551084,-0.29878193,-0.00064858794,0.14191544,-0.60791504,-0.038346134,-0.5746696,-0.33037677,-0.20763497,0.2610451
78,2228,-0.049919456,0.30454516,0.7985241,0.7506474,0.5344931,-0.6416642,0.1011978,-0.3038623,-0.0063578933,0.17357156,-0.6264771,-0.04341864,-0.5776541,-0.35173494,-0.25095093,0.25860572
78,2244,0.20895617,0.14659962,0.124607295,0.06954681,-0.2356857,-0.18751639,-0.20679076,0.3577413,0.6530578,-0.74011314,-0.5323623,-0.08464117,-0.34992927,0.060316563,-0.15368149,0.39008787
78,2252,-0.024353273,0.06415922,0.21954092,0.22398308,-1.0260375,-0.92683566,0.10183475,-0.53329724,0.3336215,0.022817641,-0.43733582,-0.07017817,-0.68148756,-0.31471217,0.23921871,-0.33870974
78,2279,0.10935782,-0.07984292,-0.14742747,-0.07491614,0.11792548,0.425581,0.7642783,0.25033587,0.6405725,0.062856704,0.8414402,-0.33011588,0.41600603,0.19032973,0.1253202,-0.1688089
78,2289,0.018051695,-0.043969385,-0.31509733,-0.2612824,-0.28398484,0.13033971,-0.3986223,-0.2844586,-1.0427713,0.44745967,0.250823,0.33276483,0.39756435,0.20234823,0.3406339,-0.1770407
78,2292,0.08895372,-0.11737145,-0.17099345,-0.08845134,0.068112165,0.41278526,0.88037705,0.15361303,0.5809621,0.22720781,0.99256253,-0.34697348,0.47571397,0.17742105,0.19492751,-0.29478037
78,2296,0.09583459,-0.04042419,-0.078738324,-0.11192108,0.49708027,0.60705733,0.52965254,0.5417107,0.7951444,-0.32285452,0.5578122,-0.31042904,0.34575897,0.18934941,-0.15631118,0.1694636
78,2298,0.15724656,-0.00510823,-0.10709544,-0.052715324,0.19564275,0.45118025,0.53991205,0.4279552,0.7260126,-0.24738872,0.56483746,-0.28415436,0.32352942,0.22066477,0.014310271,0.06828542
78,2301,-0.102465466,-0.003006786,0.25992304,0.10706616,-0.8532503,-0.8219261,0.119281255,-0.40635222,0.47555137,-0.034311473,-0.4415365,-0.14170647,-0.66039777,-0.33108377,0.021314949,-0.23697487
78,2313,0.117905065,-0.093722455,-0.17883211,-0.103741795,0.35891056,0.62509894,0.84571975,0.33598015,0.64133346,0.07989642,1.010684,-0.35081014,0.5643251,0.23611769,0.09672539,-0.14526886
78,2316,-0.10461621,-0.036876574,0.12737745,-0.09220436,-0.021049015,-0.2026645,-0.25307575,0.12879369,0.39949602,-0.40615654,-0.58519995,-0.035418563,-0.43997413,-0.16694084,-0.35359508,0.19839202
78,2317,0.3122533,0.095916346,-0.08295558,-0.05975627,-0.049153656,0.16831887,-0.6631939,0.11128895,-0.53772306,-0.4264835,-0.21594846,0.39635327,0.19662975,0.3996754,0.22054827,0.240798
78,2319,0.29549724,0.076542914,-0.13224939,-0.039992712,-0.19553334,0.07637739,-0.5366282,-0.14185366,-0.8058638,-0.07972203,0.036949813,0.4240081,0.3080942,0.34844214,0.39149594,-0.0025038347
78,2323,-0.21618958,-0.114832886,0.2822989,0.012883715,-1.0190451,-0.9151019,0.26308653,-0.49492925,0.549725,0.12756017,-0.3618232,-0.2120949,-0.650551,-0.39571974,0.0045182407,-0.3580997
78,2324,0.50500387,0.9771294,0.7218157,2.0765536,1.6830944,-0.35094464,0.6252453,-0.16757992,-0.65232545,0.7384664,-0.13576402,-0.093803465,-0.23826888,-0.2046876,0.24554226,0.34085664
78,2326,-0.4228679,-0.24168709,0.069669925,-0.34518966,0.28482515,-0.04360605,-0.22672644,0.09276081,0.30496585,-0.15825595,-0.5215123,-0.056151103,-0.4216091,-0.3485659,-0.58755314,0.0824174
78,2346,-1.2681853,-0.69089514,-0.22074813,-0.6584591,0.96599853,0.2981925,-0.14726487,-0.19644418,-0.23093788,0.6114454,-0.29107013,-0.040945947,-0.17456342,-0.8956519,-0.9435662,-0.38155034
78,2364,0.1939701,0.014337115,-0.21249476,-0.16885015,-0.21968772,0.13401556,-0.52527153,-0.14788443,-0.8538142,0.045901716,0.086750865,0.39107284,0.33367783,0.31146106,0.34343573,-0.030899145
78,2368,0.09985102,-0.06760252,-0.11689567,-0.050222166,-0.09770523,0.24281406,0.68858874,0.16885948,0.6327744,0.05040112,0.68561435,-0.3097218,0.28062516,0.14614,0.14919436,-0.19204941
78,2378,0.11823968,-0.08059148,-0.16121826,-0.085380174,0.23267199,0.5214261,0.78894615,0.30340147,0.6481645,0.04986751,0.9047735,-0.33716655,0.48029083,0.21615309,0.10763025,-0.14248347
78,2381,-0.09210904,0.016796589,0.2615192,0.16592732,-0.99641216,-0.9375664,0.12659624,-0.5283482,0.39581746,0.045658916,-0.45082152,-0.11120019,-0.70356905,-0.3537608,0.1280534,-0.32118794
78,2390,-1.3802625,-0.75428265,-0.23699343,-0.6708196,1.0438539,0.30250832,-0.11498735,-0.2690289,-0.28804296,0.71985114,-0.26492518,-0.04588862,-0.16249985,-0.98429656,-0.9815933,-0.47014108
78,2391,0.31280476,0.3400831,0.091022104,0.6529918,0.20521708,-0.19012678,0.08728976,-0.47212434,-0.92760557,0.63231575,0.34443685,0.23611325,0.21719973,0.037538253,0.43574953,-0.22112224
78,2393,-0.24107851,-0.13964501,0.28201663,-0.032945,-0.8564996,-0.8206618,0.25245845,-0.44654292,0.5227762,0.12635103,-0.3365266,-0.21733254,-0.606332,-0.40172967,-0.06620371,-0.3277434
78,2404,0.21550299,0.14103046,0.109143294,0.037307985,-0.0988695,-0.06832031,-0.23599458,0.46839112,0.6801007,-0.8144815,-0.51831925,-0.078316495,-0.28532296,0.09844871,-0.1954074,0.4704073
78,2405,0.014786229,-0.113488294,-0.106959544,-0.030823112,-0.9490025,-0.39141935,0.67289585,-0.40252066,0.31430042,0.45078793,0.519752,-0.23937967,0.01835528,-0.037604317,0.4217857,-0.60160685
78,2408,0.098319866,-0.069061585,-0.11705095,-0.05281993,-0.08406152,0.25114188,0.6910822,0.17127204,0.6308537,0.052459985,0.69139135,-0.3107498,0.28580856,0.14595124,0.14520237,-0.19118714
78,2414,0.20386775,-0.02388972,-0.2994846,-0.23351604,-0.27989727,0.20673093,-0.5590806,-0.18762389,-1.0624267,0.169159,0.2277821,0.43438157,0.4817087,0.39314124,0.46644092,-0.08301426
78,2430,-0.40354776,-0.22977838,0.073317684,-0.32748428,0.26400387,-0.056693323,-0.23117888,0.09550625,0.31589895,-0.17693037,-0.53150904,-0.053228788,-0.42876786,-0.33868727,-0.5740712,0.09055732
78,2439,0.26565078,0.1700485,0.11227769,0.080520324,-0.1480537,-0.11392315,-0.2766772,0.42943308,0.61914915,-0.820606,-0.5466883,-0.048554365,-0.30096158,0.11975579,-0.14944042,0.466366
78,2444,0.51528054,1.020653,0.76985884,2.171064,1.8190145,-0.36542112,0.664233,-0.13698602,-0.6446797,0.7595103,-0.1864575,-0.12803955,-0.27750474,-0.23187849,0.21849087,0.3967339
78,2450,0.015894946,0.58193624,0.32516262,1.1177251,0.97971237,-0.2559372,0.45639914,-0.22110116,-0.59182703,0.9148009,-0.05913496,-0.1270892,-0.18001091,-0.34892923,-0.051657297,0.1294604
78,2466,0.026040716,-0.0041984245,0.07579094,-0.075126715,0.110633895,0.14122468,0.20527825,0.41616312,0.8430831,-0.5111952,-0.060736418,-0.25024167,-0.10910984,0.012299344,-0.2775472,0.24544266
78,2469,0.3584469,0.11348109,-0.07640738,-0.018262193,-0.07746009,0.14915162,-0.66682965,0.073339954,-0.59937435,-0.41808552,-0.17767116,0.42987713,0.23160608,0.43230605,0.2955906,0.21258903
78,2472,0.10935783,-0.07984292,-0.14742747,-0.07491614,0.11792551,0.425581,0.7642781,0.25033587,0.6405725,0.062856674,0.8414401,-0.33011585,0.41600603,0.19032973,0.12532023,-0.16880888
78,2482,0.28615856,0.08311094,-0.09045812,-0.08814377,-0.041067116,0.18044063,-0.6549198,0.13151288,-0.5074977,-0.42483783,-0.22527227,0.3733118,0.18561418,0.38403523,0.18643045,0.25246254
78,2488,0.17997909,0.014994673,-0.12457777,-0.22478506,0.11278309,0.3178674,-0.65603405,0.330214,-0.33986855,-0.50090706,-0.282031,0.27982908,0.17550714,0.36017203,0.0005517453,0.38572222
78,2489,0.008464985,0.031484403,0.14049459,-0.006750658,-0.113568544,-0.24406132,-0.2714571,0.163012,0.4477964,-0.5122199,-0.6133796,-0.025526024,-0.44534433,-0.096381344,-0.28002357,0.2533374
78,2490,0.31899887,0.20559305,0.1335289,0.1594593,-0.2673195,-0.22684869,-0.30679658,0.34971964,0.58662397,-0.8227166,-0.6048877,-0.01834298,-0.36952072,0.12613131,-0.09084992,0.43906727
78,2520,0.21499829,0.03979709,-0.12996069,-0.17820174,0.0002926588,0.24177021,-0.66457075,0.18930478,-0.47683907,-0.4105482,-0.23918681,0.3401674,0.18398805,0.36240095,0.101333454,0.2865251
78,2521,0.19479077,-0.03549502,-0.32443964,-0.254623,-0.29063648,0.22390506,-0.5725024,-0.20114788,-1.1145674,0.20579663,0.25266948,0.44944206,0.5085271,0.4026148,0.48264605,-0.097165056
78,2539,0.12836318,-0.088257484,-0.18550864,-0.10899007,0.4568463,0.7024884,0.84632236,0.3966035,0.6642689,0.03867492,1.033725,-0.35472262,0.60320127,0.2588457,0.06972028,-0.10141907
78,2548,-0.21618958,-0.1148329,0.2822989,0.012883715,-1.0190451,-0.9151019,0.26308653,-0.4949293,0.54972506,0.12756017,-0.36182317,-0.2120949,-0.650551,-0.3957197,0.004518226,-0.35809973
78,2552,-0.80726767,-0.47234848,-0.18079147,-0.54645735,0.7490076,0.34504145,-0.26211524,0.08324051,-0.08293642,0.15958062,-0.29642162,-0.00929106,-0.091565825,-0.50899875,-0.70492345,-0.06906178
78,2561,-0.12882647,-0.067627095,0.2088441,0.011815622,-0.8630487,-0.7106333,0.24910176,-0.31042784,0.60910004,-0.011645049,-0.28859594,-0.21565276,-0.5388102,-0.28505516,-0.0014584512,-0.24344686
78,2565,0.06748501,-0.14165178,-0.18912658,-0.06182769,-0.42085582,0.09542146,0.9352077,-0.14386588,0.43716455,0.46835622,0.9942609,-0.32025924,0.38203692,0.113601774,0.39640903,-0.54312015
78,2580,0.0023786128,-0.06500686,-0.2775033,-0.357961,-0.16544235,0.20560127,-0.5581797,-0.06371204,-0.7566443,0.09099263,-0.02736801,0.32715848,0.24508302,0.21647671,0.1270378,0.03453081
78,2599,0.12757984,0.12741402,0.18226841,0.1919941,-0.81383455,-0.6789473,-0.067258626,-0.14761147,0.51203257,-0.36101598,-0.54230237,-0.08015336,-0.5927353,-0.12634799,0.09479436,-0.0033582076
78,2615,0.10171542,-0.049299516,-0.0962004,-0.045274258,-0.13133195,0.19206983,0.60895765,0.16814557,0.61718535,-0.0033671856,0.57732236,-0.29026118,0.22161587,0.13099062,0.12727278,-0.15445381
78,2623,0.12757984,0.12741402,0.18226841,0.1919941,-0.8138346,-0.67894745,-0.067258626,-0.1476115,0.51203257,-0.36101595,-0.54230237,-0.08015336,-0.59273523,-0.126348,0.09479436,-0.003358215
78,2625,-0.17329143,-0.07792344,-0.23430753,-0.3812147,-0.19110402,0.05621159,-0.41372257,-0.17301348,-0.5973009,0.2610719,-0.11319423,0.21709928,0.043253243,-0.02066017,-0.058031127,-0.057949625
78,2628,0.20606713,0.037862442,-0.12671566,-0.18204713,-0.00045610964,0.23571527,-0.6512473,0.1897271,-0.4584325,-0.40634868,-0.24101378,0.3269608,0.17415659,0.3500586,0.08962512,0.28422293
78,2632,0.15229294,0.025807414,-0.083582364,-0.20176522,0.08567178,0.23826534,-0.61259025,0.29857567,-0.2485597,-0.49078724,-0.3420982,0.2459178,0.08013283,0.2895862,-0.05305551,0.3650866
78,2645,-0.0772719,0.27470964,0.7788591,0.6844079,0.5606657,-0.5791038,0.08736516,-0.24761012,-0.007989481,0.16260013,-0.60742426,-0.05915651,-0.52622324,-0.32868162,-0.28339964,0.28976145
78,2664,-0.08801383,-0.14189455,0.0072473437,-0.19277096,0.4922998,0.42924026,0.49124044,0.37635264,0.7637772,-0.19176391,0.39450368,-0.33867496,0.14986418,-0.018625941,-0.32257923,0.08417222
78,2673,0.106705196,-0.07426024,-0.13425454,-0.059026342,0.0012419373,0.33401093,0.7348049,0.21360022,0.65154755,0.053654194,0.76911163,-0.32253724,0.34881002,0.17183848,0.14177665,-0.18154514
78,2703,0.25010002,0.15137191,-0.10986032,0.27271548,-0.18642691,-0.13667943,-0.08926115,-0.6467981,-1.2496502,0.76562595,0.5378326,0.3909042,0.4325195,0.11793628,0.6019512,-0.44493094
78,2709,0.16708031,0.0048782527,-0.15383899,-0.24813148,0.085185155,0.32087168,-0.6768664,0.28723776,-0.4180889,-0.44686264,-0.25583827,0.30739623,0.19754638,0.36423814,0.020868927,0.35018066
78,2722,0.4979568,0.99377817,0.7486838,2.1110308,1.7639688,-0.3582427,0.64585674,-0.13685244,-0.6340799,0.74098337,-0.18606645,-0.12586343,-0.26876,-0.22778024,0.22139263,0.380171
78,2725,0.3309164,0.10235291,0.00082512945,-0.03736466,0.102859765,0.22450629,-0.6332935,0.41776514,-0.112319246,-0.736254,-0.40734538,0.24066302,0.0896257,0.40152872,0.030231938,0.50917804
78,2734,0.19479077,-0.035495013,-0.32443964,-0.254623,-0.29063648,0.22390506,-0.5725024,-0.20114788,-1.1145675,0.20579663,0.25266954,0.44944206,0.5085271,0.40261477,0.4826461,-0.09716504
78,2744,0.12708633,-0.08218887,-0.1760965,-0.100894816,0.3867423,0.6433451,0.8161993,0.37067035,0.6561886,0.03232193,0.97974324,-0.34610727,0.5594923,0.24562675,0.07835545,-0.10639235
78,2767,-0.3845809,-0.21891904,0.07555218,-0.31259006,0.24976574,-0.063660644,-0.23639557,0.10437596,0.32895094,-0.19895484,-0.54037476,-0.050956678,-0.43265393,-0.32670283,-0.564304,0.10257007
78,2771,0.084705845,-0.110613756,-0.15833685,-0.08642651,0.02136141,0.3615786,0.83850336,0.12892716,0.55650073,0.21933535,0.93155134,-0.33517906,0.43410563,0.16041459,0.19249064,-0.29284787
78,2783,0.09612982,-0.10069876,-0.1608811,-0.10058136,0.22117825,0.50094473,0.8223444,0.2425068,0.5950477,0.13362285,0.9481528,-0.3411809,0.4908889,0.19186181,0.12144932,-0.20118815
78,2784,0.21202324,0.15127745,0.13574256,0.09754536,-0.31185547,-0.250849,-0.20099798,0.31809044,0.6682302,-0.72855973,-0.5568036,-0.08226357,-0.39260668,0.047837265,-0.12767842,0.36605114
78,2786,0.1727008,-0.0025385767,-0.16221091,-0.2600641,0.12237047,0.36200354,-0.6974811,0.334255,-0.41319764,-0.48137277,-0.25789928,0.31078908,0.22040953,0.388931,0.012939945,0.38585073
78,2793,0.16922778,-0.03906858,-0.31282982,-0.26735055,-0.2858339,0.21206829,-0.545943,-0.18425235,-1.0441668,0.19359693,0.22597542,0.4116182,0.46952307,0.3695318,0.43661714,-0.08673162
78,2800,-0.95846504,-0.5503155,-0.0517577,-0.6443258,0.7426562,0.17566645,-0.1571865,-0.059552632,0.03878562,0.32053086,-0.38280538,-0.07545053,-0.32493126,-0.6836026,-0.8818375,-0.1814453
78,2801,-1.3901889,-0.76267195,-0.23598483,-0.6843018,1.053706,0.3062872,-0.11848464,-0.26453325,-0.28169703,0.72142744,-0.27117214,-0.045801837,-0.1709035,-0.9885577,-0.9959302,-0.46787557
78,2803,0.25954294,0.070246376,-0.12507546,-0.050921407,-0.20177448,0.050100103,-0.49497062,-0.15783104,-0.7613601,-0.04627092,0.030602127,0.38904527,0.27159524,0.29774317,0.35150787,-0.021696158
78,2804,-0.13940106,-0.06585515,-0.22265998,-0.35868847,-0.18107451,0.064052284,-0.42915022,-0.15285248,-0.5937561,0.21495417,-0.119151935,0.22808066,0.054792687,0.009252511,-0.03747619,-0.036353596
78,2810,0.15715621,-0.0006761998,-0.10694832,-0.08434709,0.4446823,0.6197313,0.5154237,0.55302054,0.74871516,-0.33836958,0.5859102,-0.28791797,0.3927278,0.2472446,-0.079603106,0.1744838
78,2822,0.075478464,-0.03782388,-0.24633732,-0.30546722,-0.15683123,0.20842767,-0.564107,-0.026271053,-0.7266097,-0.0028837621,-0.027609527,0.33059084,0.2653705,0.26946032,0.1731677,0.06920323
78,2826,0.29549724,0.076542914,-0.13224941,-0.03999272,-0.19553334,0.07637739,-0.5366282,-0.14185366,-0.8058638,-0.07972203,0.036949784,0.4240081,0.30809426,0.34844217,0.39149594,-0.002503842
78,2828,0.025294317,-0.1333901,-0.13964051,-0.03280461,-0.8905688,-0.30223662,0.7887716,-0.3830406,0.34328932,0.5142287,0.6876943,-0.265878,0.11774577,-0.002173245,0.46047705,-0.644309
78,2833,0.34645736,0.055479527,-0.18609926,-0.106548645,-0.14344035,0.23071638,-0.6695065,0.0048965886,-0.85827667,-0.21878335,0.02618745,0.47016993,0.41132367,0.4967512,0.4258535,0.12475461
78,2842,-0.0127758905,-0.091858484,-0.08817301,-0.37380737,0.4988665,0.5530156,-0.50289124,0.6653613,0.16967039,-0.68544817,-0.30715758,0.06940884,0.13512902,0.22621787,-0.30640292,0.58289355
78,2847,-0.35585105,0.23526862,-0.0430763,0.33183235,0.36263716,-0.14677317,0.296044,-0.3128032,-0.64970034,1.0908769,0.081632376,-0.11003192,-0.070342734,-0.41394147,-0.19524503,-0.09932468
78,2866,0.12237995,0.12593919,0.18546003,0.20134634,-0.83924806,-0.70305216,-0.05784752,-0.17191485,0.5096999,-0.34327072,-0.5425833,-0.07820074,-0.6058516,-0.1367329,0.10877016,-0.02333299
78,2884,0.123752,-0.08364078,-0.1725854,-0.09463359,0.32900393,0.60126615,0.81572235,0.34580663,0.65860283,0.043619692,0.9626334,-0.34529364,0.5347364,0.23634994,0.092442214,-0.12425917
78,2902,0.21356244,0.037962236,-0.17025706,-0.11938556,-0.21083042,0.090440005,-0.50160784,-0.15247616,-0.7949203,0.007958144,0.055899918,0.3796828,0.2936374,0.2918593,0.33292794,-0.028162234
78,2905,-0.26016223,-0.1574718,0.27656037,-0.050789315,-0.79073805,-0.7762933,0.27383184,-0.4246778,0.5440892,0.1327501,-0.30701977,-0.23097602,-0.5877892,-0.40855658,-0.09681692,-0.32325602
78,2929,0.11915183,-0.09648175,-0.18321371,-0.10303474,0.36377233,0.6356145,0.86175257,0.3398775,0.6507487,0.08562967,1.0308449,-0.3550162,0.575331,0.24094394,0.101377204,-0.15011927
78,2942,0.18347202,0.24150652,0.42457697,0.4297596,0.2825176,-0.27911225,-0.23666058,0.011959996,-0.015478298,-0.29433343,-0.53216183,0.09900846,-0.30830234,-0.0015700758,-0.07717726,0.35701227
78,2949,0.21953253,0.060805846,-0.04254923,-0.1277141,0.078671664,0.20747632,-0.6256728,0.3212834,-0.20351668,-0.5739026,-0.3889434,0.25663352,0.057861343,0.31795892,-0.026490763,0.40510103
78,2964,-0.4508162,0.14950939,-0.1391133,0.14724594,0.22125278,-0.11732638,0.2604688,-0.3581754,-0.7215172,1.1825304,0.13419145,-0.09577323,-0.023844332,-0.4288307,-0.2060891,-0.17180252
78,2967,0.13755149,-0.06178046,-0.35532978,-0.3360896,-0.23531012,0.29638788,-0.635748,-0.10447108,-1.0421413,0.12810579,0.1636815,0.44274125,0.46733063,0.39697593,0.37298256,-0.012102865
78,2974,0.1379712,-0.0052973405,-0.08181124,-0.029877536,-0.0853027,0.21642473,0.49602407,0.26271734,0.6506455,-0.16004862,0.44928816,-0.26386723,0.19139107,0.15688947,0.0821829,-0.033135004
78,2979,0.114916325,-0.09182208,-0.17326918,-0.10460336,0.34951985,0.6095183,0.82925975,0.32827845,0.63108766,0.07656437,0.987767,-0.34671926,0.5496057,0.2287142,0.0918566,-0.14278466
78,2991,-1.1970202,-0.65749115,-0.22310892,-0.64925325,0.913296,0.2963276,-0.147634,-0.16706419,-0.21184202,0.560449,-0.27237272,-0.048045933,-0.1635227,-0.8461885,-0.90319604,-0.35580894
78,3000,-0.13945189,-0.060031928,0.12082711,-0.119034916,0.013002217,-0.18579127,-0.25254926,0.1274275,0.39391142,-0.38297856,-0.5825171,-0.03672781,-0.4413767,-0.18682575,-0.38103947,0.18796304
78,3002,0.18692757,0.15041071,0.16468605,0.16348746,-0.6102469,-0.498058,-0.14295846,0.077406056,0.5986081,-0.5560688,-0.573908,-0.08428559,-0.5175941,-0.031289525,-0.013388291,0.18618885
78,3020,0.3366148,0.10257372,-0.082423784,-0.04287182,-0.061435506,0.16562167,-0.6636114,0.09865892,-0.56915027,-0.42369032,-0.19073474,0.40983889,0.22109659,0.4200752,0.25960338,0.23044692
78,3029,-0.0772719,0.27470964,0.7788591,0.6844079,0.5606657,-0.5791038,0.08736516,-0.24761012,-0.007989466,0.16260013,-0.60742426,-0.05915651,-0.52622324,-0.3286816,-0.28339964,0.28976142
78,3034,0.19015339,0.0329687,-0.12314559,-0.19278085,0.017736673,0.23960274,-0.64999074,0.21018487,-0.42320335,-0.41849047,-0.26359457,0.3144691,0.15526654,0.3376649,0.056563273,0.29937994
78,3037,-0.25135446,-0.1433,0.29028228,-0.02204667,-0.9256799,-0.87528837,0.26635998,-0.48685795,0.53474206,0.15015918,-0.34778583,-0.22029352,-0.6370464,-0.4196401,-0.04875689,-0.3563323
78,3041,0.07893078,0.012463201,-0.15960026,-0.20903644,-0.13981111,0.101263225,-0.5301176,-0.057282433,-0.6038933,-0.054241672,-0.13897024,0.315525,0.13632257,0.19587976,0.113993436,0.070721716
78,3050,0.104110196,-0.07553271,-0.13482824,-0.06903659,0.054608315,0.36584815,0.73226064,0.22410607,0.63335246,0.055809587,0.78241,-0.3221678,0.36833215,0.17278196,0.12674001,-0.17229477
78,3052,-0.355851,0.23526862,-0.0430763,0.33183238,0.36263716,-0.14677317,0.296044,-0.3128032,-0.64970034,1.0908769,0.081632406,-0.11003192,-0.070342734,-0.41394147,-0.19524503,-0.09932468
78,3072,0.1926894,0.04389791,-0.14360958,-0.15134129,-0.112067476,0.14870489,-0.6037707,0.011175029,-0.62678003,-0.20298377,-0.14392105,0.36979222,0.19930856,0.31164843,0.19540611,0.14027154
78,3079,-0.079706445,-0.08219919,-0.2760459,-0.39163837,-0.16908483,0.16776356,-0.5063721,-0.09616227,-0.7044695,0.16909873,-0.05174607,0.28110567,0.17867468,0.12534778,0.045473382,0.0028968453
78,3093,0.32282966,0.07796262,-0.1315589,-0.051095985,-0.17638567,0.119582176,-0.5711513,-0.07035398,-0.7710694,-0.1684771,0.01251781,0.419991,0.3236168,0.39961916,0.39429432,0.059051953
78,3101,0.25369358,0.06064514,-0.051094435,-0.12518233,0.1174645,0.2613289,-0.65705484,0.38742897,-0.2000704,-0.639368,-0.3856554,0.26404884,0.10306443,0.37172416,-0.011964172,0.4626433
78,3114,0.18111587,0.13316424,0.14845537,0.10064148,-0.2200431,-0.26284558,-0.29110375,0.2461429,0.5248944,-0.68009233,-0.6258869,-0.017979294,-0.42158598,0.021302998,-0.17135239,0.34950045
78,3116,0.10718642,-0.04591597,-0.0984947,-0.042506784,-0.12808621,0.19908512,0.6068558,0.1781227,0.6235765,-0.013790041,0.5773103,-0.2897784,0.2253039,0.13718556,0.12862605,-0.14673463
78,3119,-0.20598032,-0.091013364,-0.24798852,-0.4064483,-0.19830734,0.053885043,-0.401657,-0.18808684,-0.6016398,0.30299875,-0.106685966,0.20695734,0.035169765,-0.04663326,-0.078640744,-0.07564711
78,3122,-0.17899041,-0.09150346,0.2525831,0.01407592,-0.9703957,-0.84401,0.24782565,-0.43229726,0.555588,0.07719535,-0.3404335,-0.2086212,-0.6106605,-0.3524564,0.009420395,-0.31556588
78,3132,0.1279853,-0.089729,-0.18700328,-0.1090396,0.45410138,0.70247316,0.8520682,0.39339656,0.66341174,0.045131713,1.0410151,-0.3558507,0.606048,0.25906846,0.07332754,-0.106587626
78,3133,-1.0301753,-0.5849683,-0.08733914,-0.65101963,0.80180925,0.20628783,-0.14865212,-0.09156572,-0.019742504,0.3898259,-0.35584617,-0.07101123,-0.290816,-0.733396,-0.89768606,-0.22989058
78,3139,0.12835032,-0.08800512,-0.18448284,-0.10368086,0.41899425,0.6771387,0.84585965,0.38336617,0.66790056,0.04313305,1.0234462,-0.35408252,0.5885387,0.25531688,0.08033401,-0.111138396
78,3149,0.11250526,-0.09450192,-0.17346835,-0.10450306,0.33554226,0.5998963,0.83539546,0.3172347,0.627604,0.088502556,0.99223256,-0.34743723,0.5474992,0.22539407,0.09792307,-0.15366027
78,3160,-0.042069525,-0.06255261,-0.03365644,-0.3080292,0.45305306,0.44415137,-0.43559146,0.54144174,0.122866325,-0.5678613,-0.30979732,0.049745567,0.09321676,0.16372852,-0.29508704,0.5098093
78,3164,0.2528444,0.16781569,0.13678741,0.12497837,-0.22258309,-0.22163482,-0.30365124,0.32702732,0.574421,-0.77368,-0.6145976,-0.019063167,-0.38494045,0.083223775,-0.13838005,0.41414967
78,3165,0.12588456,-0.068514265,-0.35284573,-0.35647103,-0.23046456,0.30691105,-0.62285554,-0.072785355,-0.99249655,0.10570243,0.15238649,0.41143736,0.45537418,0.3925944,0.34826553,0.008912139
78,3166,0.23823595,0.1520836,0.105461575,0.04525838,-0.08248247,-0.05475673,-0.25796065,0.48294872,0.664581,-0.8372623,-0.5247649,-0.06646061,-0.27370384,0.117737204,-0.18901357,0.49014336
78,3167,0.021511497,0.084728226,0.20924726,0.22814006,-0.9943954,-0.8766643,0.05738195,-0.43432677,0.39300707,-0.08446501,-0.47450343,-0.0710226,-0.67072916,-0.26368088,0.21298552,-0.2522474
78,3168,0.25086147,0.067500174,-0.09873403,-0.12186303,-0.030020118,0.19180283,-0.64451134,0.15014464,-0.4731958,-0.41602072,-0.238348,0.34746492,0.16813491,0.36009195,0.14156336,0.2625529
78,3184,0.21224816,0.052224293,-0.13170913,-0.1361898,-0.10766274,0.14793333,-0.6021265,0.026487645,-0.605619,-0.23629813,-0.14891918,0.36543998,0.19962017,0.3235462,0.20246536,0.1535337
78,3189,0.15090436,0.012031857,-0.11069294,-0.23064432,0.10861258,0.2906261,-0.6184081,0.32030067,-0.2873668,-0.48421985,-0.29415876,0.24689317,0.13788946,0.3177736,-0.03412488,0.3723025
78,3194,0.05915206,0.32643497,0.76074034,0.76649666,0.48647583,-0.60445344,0.025563248,-0.25186804,-0.015829876,0.04763332,-0.6229758,0.00973212,-0.53941864,-0.25915918,-0.16938059,0.2931156
78,3204,-0.13554889,-0.16180271,0.048379578,-0.20007342,0.40236348,0.30215394,0.4577436,0.283421,0.7286662,-0.14421973,0.3019087,-0.33249477,0.055903003,-0.089012004,-0.34352916,0.03957767
78,3207,0.10718642,-0.04591597,-0.0984947,-0.042506784,-0.12808621,0.19908512,0.6068558,0.1781227,0.6235765,-0.013790071,0.5773103,-0.2897784,0.2253039,0.13718556,0.12862608,-0.14673463
78,3211,-0.10297705,-0.016715325,0.25220665,0.06813679,-0.7116703,-0.7000147,0.12946114,-0.27874658,0.56767213,-0.11568618,-0.41791227,-0.17035618,-0.6103564,-0.29851678,-0.0644247,-0.15597144
78,3215,-0.069598764,-0.033291698,0.18359128,-0.040367797,-0.24672112,-0.26328284,0.14973709,0.117946565,0.7669447,-0.35518232,-0.28686664,-0.23126118,-0.3886623,-0.16171142,-0.25961834,0.087338984
78,3219,-0.41206443,-0.095941536,-0.41945606,-0.35243976,-0.23209396,0.074857056,-0.11954618,-0.41892853,-1.0783021,1.05795,0.29920718,0.14464787,0.27415258,-0.15389304,0.06678997,-0.31575742
78,3245,0.31899887,0.20559305,0.1335289,0.1594593,-0.2673195,-0.22684869,-0.30679658,0.34971967,0.58662397,-0.8227166,-0.6048878,-0.018342987,-0.36952072,0.12613131,-0.09084992,0.4390673
78,3249,0.01478623,-0.11348828,-0.106959544,-0.030823112,-0.9490025,-0.39141935,0.67289585,-0.40252066,0.31430042,0.45078793,0.519752,-0.23937967,0.018355265,-0.037604317,0.4217857,-0.60160685
78,3256,-0.4508162,0.14950939,-0.1391133,0.14724594,0.22125278,-0.11732638,0.2604688,-0.3581754,-0.7215172,1.1825304,0.13419145,-0.09577323,-0.023844346,-0.4288307,-0.2060891,-0.17180255
78,3262,0.31069702,0.07943353,-0.033354603,-0.08556191,0.13709418,0.28341052,-0.65806854,0.44574845,-0.15447678,-0.723788,-0.38413432,0.25100893,0.13243504,0.42025813,0.019243345,0.520547
78,3277,0.16096815,-0.0054052174,-0.115312554,-0.079377726,0.43588185,0.6292275,0.54837245,0.5561194,0.77217466,-0.32671228,0.6218077,-0.29589623,0.4086756,0.25669813,-0.06452755,0.16070554
78,3278,0.2674005,0.073638774,-0.116498865,-0.09285983,-0.09980132,0.15089613,-0.6285103,0.035139024,-0.6255372,-0.288995,-0.14855021,0.39671054,0.22185467,0.36803722,0.2474921,0.16861372
78,3281,0.07500966,0.107397616,0.19650294,0.20836243,-0.89465606,-0.7712897,-0.009079002,-0.28492796,0.45095068,-0.22649322,-0.51113933,-0.076030895,-0.63047564,-0.1932298,0.14798027,-0.121196605
78,3293,0.13759083,-0.053220965,-0.32650298,-0.31930703,-0.23521149,0.26790324,-0.59630024,-0.09720225,-0.97203857,0.10810706,0.14894557,0.40522864,0.43473864,0.37306133,0.3529031,-0.008840017
78,3303,-0.09072527,-0.030725837,0.2218906,-0.0030364916,-0.45327514,-0.46478385,0.1316948,-0.055038206,0.6824424,-0.25282842,-0.36174136,-0.20886892,-0.49716383,-0.22773641,-0.19388758,-0.013958804
78,3336,0.014786232,-0.11348828,-0.106959544,-0.030823112,-0.9490025,-0.39141935,0.67289585,-0.40252066,0.31430042,0.45078787,0.519752,-0.23937967,0.018355265,-0.03760432,0.4217857,-0.60160685
78,3352,0.11806246,-0.069788925,-0.35195526,-0.3599282,-0.22943583,0.30390212,-0.6187687,-0.07225297,-0.98133177,0.107105464,0.14607552,0.40592584,0.44619942,0.38331854,0.3370185,0.009054132
78,3358,0.08745696,-0.113694824,-0.16518131,-0.087183625,0.044154316,0.387565,0.85962415,0.14140649,0.5683161,0.22338393,0.9629241,-0.340936,0.4557181,0.16962181,0.19472629,-0.29393318
78,3359,-0.5926126,-0.34605205,0.043692585,-0.4755697,0.433761,0.030246675,-0.20839888,0.061604932,0.2416304,-0.015357882,-0.48601857,-0.06807482,-0.40810817,-0.446093,-0.7058524,0.014805786
78,3362,-0.033471495,-0.026676998,0.13302943,-0.074958265,-0.024519987,-0.040527016,0.16017926,0.2962958,0.8189416,-0.4576215,-0.19488023,-0.2445767,-0.2556341,-0.082078286,-0.30575794,0.18946712
78,3364,0.010832086,-0.012633026,-0.17485273,-0.25792366,-0.15009812,0.09084329,-0.4896656,-0.0741641,-0.57703865,0.016162246,-0.13531396,0.2744925,0.10678865,0.1358663,0.059175298,0.045512423
78,3365,-0.51016,-0.33551365,-0.15379316,-0.49467003,0.6538064,0.42642042,-0.3433611,0.30237237,0.012744859,-0.15038121,-0.2845341,0.011123389,-0.003859371,-0.23495163,-0.5545607,0.16646913
78,3372,0.2099713,0.15255055,0.14161105,0.11588185,-0.3920656,-0.31372255,-0.18590127,0.26148206,0.6556723,-0.689999,-0.5611923,-0.08494778,-0.42406654,0.031367265,-0.098382704,0.32324705
78,3373,0.1600229,-0.01290182,-0.23645619,-0.25462952,-0.15229188,0.23001754,-0.606528,-0.004838437,-0.7720634,-0.07757737,-0.009111315,0.37545815,0.3200248,0.35048664,0.25334236,0.094964065
78,3382,0.2041294,0.15495864,0.15482512,0.14767116,-0.51704466,-0.41602114,-0.16675055,0.17107335,0.63911587,-0.6322707,-0.57762146,-0.084550604,-0.48019737,0.002904147,-0.052810065,0.25909656
78,3383,0.33602017,0.09858926,-0.010808416,-0.045656763,0.11579646,0.24793378,-0.6574785,0.42947668,-0.13976829,-0.742628,-0.40498295,0.25865826,0.1090949,0.42061839,0.036225483,0.5191385
78,3388,-0.31321293,-0.23417327,0.23109657,-0.169112,-0.14907397,-0.3183075,0.39027452,-0.1619569,0.63835126,0.08795026,-0.0526727,-0.30648482,-0.3502734,-0.36629882,-0.32522058,-0.20128441
78,3402,0.08095595,-0.12376615,-0.17093512,-0.0796172,-0.11640653,0.28297856,0.8859503,0.035002,0.5076687,0.32024923,0.9808718,-0.3329335,0.43278825,0.147979,0.26899257,-0.3863134
78,3406,0.34291142,0.13693197,0.04830236,0.059147812,0.10333246,0.13447934,-0.59866345,0.33910036,-0.10098134,-0.6998225,-0.43870747,0.25108698,0.01055561,0.34860292,0.049075484,0.4729308
78,3420,0.32282966,0.07796262,-0.1315589,-0.051095985,-0.17638567,0.119582176,-0.5711513,-0.07035398,-0.7710694,-0.1684771,0.01251781,0.419991,0.3236168,0.39961916,0.39429432,0.059051953
78,3426,0.010917991,-0.008213215,0.09276232,-0.07487182,0.07674761,0.09238942,0.18534571,0.38948184,0.83902717,-0.5063822,-0.10696286,-0.24766886,-0.15231241,-0.013212323,-0.28950223,0.23776028
78,3441,0.043017372,0.09393309,0.20353681,0.22373196,-0.95748997,-0.83729374,0.033815198,-0.37663746,0.41662693,-0.13887331,-0.48813424,-0.07242338,-0.6555785,-0.23577444,0.19098729,-0.20250908
78,3444,0.2099713,0.15255055,0.14161104,0.11588185,-0.3920656,-0.31372252,-0.18590125,0.26148206,0.6556723,-0.689999,-0.5611923,-0.08494778,-0.42406654,0.031367257,-0.098382704,0.32324705
78,3450,-0.6279125,-0.39173692,-0.16732532,-0.51978064,0.69594806,0.40088233,-0.31380135,0.22123495,-0.025100857,-0.030971289,-0.28710264,0.0034254417,-0.034965858,-0.3404576,-0.61516726,0.07604246
78,3467,-0.100293025,-0.017464958,0.24876976,0.055216335,-0.683056,-0.6731882,0.12177902,-0.2532822,0.57300305,-0.13311768,-0.41512606,-0.17368895,-0.5963461,-0.28963804,-0.08180678,-0.13704747
78,3468,-0.355851,0.23526862,-0.0430763,0.3318324,0.36263716,-0.14677317,0.29604402,-0.3128032,-0.6497004,1.0908768,0.081632406,-0.11003192,-0.070342734,-0.41394147,-0.19524503,-0.09932468
78,3476,0.04888945,-0.1596624,-0.19400734,-0.043948594,-0.6826433,-0.078169316,0.9689045,-0.28788963,0.40943426,0.5731549,0.9741025,-0.31400898,0.3121394,0.07390945,0.48538882,-0.6635876
78,3485,-0.09784381,0.010861117,0.2634813,0.16029337,-0.9781789,-0.92582047,0.13322759,-0.51291895,0.41931462,0.0359917,-0.44957852,-0.11792094,-0.7036405,-0.3550499,0.111483514,-0.3133715
78,3493,0.029321384,0.08809702,0.20890921,0.23251197,-0.99694455,-0.8753642,0.052067913,-0.4213965,0.40707988,-0.10171974,-0.4827395,-0.070937365,-0.67340493,-0.25652552,0.21154979,-0.24037614
78,3511,0.5068156,0.9428204,0.6774781,1.9990032,1.5646552,-0.34219402,0.5939752,-0.20772249,-0.6825278,0.737679,-0.07542099,-0.05425321,-0.19734047,-0.17879082,0.27660784,0.28503132
78,3524,0.15724656,-0.00510823,-0.10709544,-0.052715324,0.19564272,0.4511803,0.5399121,0.4279552,0.7260126,-0.24738872,0.56483746,-0.28415436,0.32352942,0.22066474,0.014310271,0.06828542
78,3535,0.17574629,0.24967363,0.4545981,0.46212754,0.30967885,-0.30092663,-0.22041926,-0.004822843,-0.021046087,-0.26892492,-0.54207957,0.09574575,-0.32356983,-0.017216206,-0.08371359,0.35945114
78,3554,0.015894946,0.5819363,0.3251626,1.1177253,0.9797125,-0.2559372,0.45639908,-0.22110116,-0.5918271,0.9148009,-0.059134945,-0.12708919,-0.18001091,-0.34892926,-0.051657297,0.1294604
78,3558,0.08120398,-0.13416287,-0.1830351,-0.07782718,-0.13701706,0.2867962,0.933421,0.018164184,0.5130774,0.36076674,1.0383308,-0.34145746,0.45714355,0.15374778,0.2967587,-0.42167303
78,3560,0.15237737,0.03675947,-0.14212674,-0.16356933,-0.12344573,0.121014625,-0.5691091,-0.019031666,-0.6101951,-0.14859201,-0.14494331,0.34661442,0.16889785,0.26365256,0.16503626,0.11109047
78,3572,0.1271187,-0.019863546,-0.08727003,-0.024005994,-0.17936367,0.15747449,0.5354457,0.1998446,0.639065,-0.0902586,0.47851232,-0.27169085,0.1759092,0.14146245,0.12441322,-0.09829833
78,3585,0.26442564,0.17945907,-0.0902855,0.33584067,-0.13219532,-0.14155924,-0.06742379,-0.6415694,-1.2486104,0.7770742,0.53380287,0.38535,0.42183334,0.11433418,0.60015947,-0.4281644
78,3588,0.16096815,-0.0054052174,-0.115312584,-0.079377726,0.43588185,0.6292275,0.54837245,0.5561194,0.7721746,-0.32671228,0.6218077,-0.29589623,0.4086756,0.25669813,-0.06452754,0.16070554
78,3595,-0.15947157,-0.08079245,0.23557737,0.012874015,-0.9235181,-0.78940845,0.24499685,-0.3850629,0.5709137,0.04240933,-0.32150584,-0.20984364,-0.5822134,-0.3258159,0.0040930957,-0.28542143
78,3601,0.22386642,0.06001331,-0.04220701,-0.12805042,0.08358884,0.21344858,-0.6227407,0.33465946,-0.19226317,-0.58523583,-0.38719374,0.24930245,0.06265937,0.3228579,-0.027965307,0.4147317
78,3612,-0.07514676,-0.034267306,0.1892179,-0.04046233,-0.26996076,-0.2900759,0.14157188,0.09395705,0.7480574,-0.33999273,-0.30165094,-0.22782928,-0.40460473,-0.17313261,-0.25642443,0.07437624
78,3631,0.1006078,-0.072348915,-0.12635061,-0.066949874,0.024596378,0.33349693,0.70920444,0.21074265,0.6261878,0.048861057,0.7443085,-0.31655806,0.34039873,0.16187021,0.12370756,-0.17071298
78,3659,0.42672968,0.9684508,0.74477243,2.0356498,1.7150213,-0.37112862,0.6524994,-0.14797625,-0.6302847,0.79722786,-0.19108799,-0.1406031,-0.26998198,-0.27287596,0.16448495,0.367314
78,3661,-0.6232974,-0.36442536,0.037036717,-0.49235392,0.45874774,0.04075089,-0.2096906,0.056142587,0.23321028,0.0050673783,-0.48612797,-0.066605225,-0.40942174,-0.4641239,-0.72535866,0.0031676888
78,3665,0.15750721,-0.005488813,-0.10704177,-0.047859833,0.15902291,0.4265438,0.54291385,0.41053197,0.7238615,-0.23556176,0.5607679,-0.2835156,0.31296486,0.21699873,0.027718738,0.05363164
78,3674,0.4868369,0.9800594,0.7451668,2.0802917,1.745748,-0.3579532,0.637334,-0.13496906,-0.6292819,0.7331134,-0.19530115,-0.12938552,-0.2693734,-0.23158841,0.21886396,0.37649417
78,3686,-1.0329752,-0.59054995,-0.2185739,-0.6120231,0.89185,0.36369082,-0.22736074,-0.021120735,-0.16116734,0.35665694,-0.28782344,-0.014613353,-0.10616612,-0.68058115,-0.82417154,-0.20242429
78,3689,0.11176118,-0.07795074,-0.14921483,-0.081589945,0.17309777,0.46340057,0.76052004,0.27302334,0.6354789,0.05066687,0.8524244,-0.32970035,0.4370327,0.19753015,0.10990363,-0.15037271
78,3700,0.2567293,0.016159795,-0.22682747,-0.19208047,-0.14832054,0.24949837,-0.6594559,0.0055836625,-0.8432098,-0.14980015,0.01649046,0.43826172,0.38572013,0.44181406,0.35128543,0.11385888
78,3702,0.21356244,0.03796223,-0.17025706,-0.11938556,-0.21083042,0.09043999,-0.50160784,-0.15247616,-0.7949203,0.007958144,0.055899918,0.3796828,0.2936374,0.2918593,0.33292794,-0.028162234
78,3707,-0.078639396,0.25260615,0.7319567,0.6258585,0.5638215,-0.5146655,0.051824935,-0.19827545,-0.004136294,0.11992204,-0.5938907,-0.048970617,-0.48896646,-0.29902837,-0.28681087,0.3069109
78,3716,-0.2574435,-0.21867043,0.1611857,-0.19758755,0.1691191,-0.00966458,0.4323256,0.047108874,0.68051845,-0.006700337,0.12045869,-0.325938,-0.15428002,-0.2551004,-0.36881876,-0.08673502
78,3717,0.08488202,0.30883628,0.68742144,0.69543004,0.43831283,-0.53852344,-0.02668427,-0.19951409,-0.015414834,-0.020967871,-0.6031674,0.027185686,-0.49299532,-0.20755911,-0.14779228,0.3012769
78,3727,0.31254905,0.15002105,0.08939835,0.0968977,0.0983883,0.06390944,-0.5229845,0.28293246,-0.05464445,-0.639797,-0.44335663,0.20922908,-0.051334187,0.278537,0.028326526,0.43363145
78,3729,-0.16525887,-0.097157784,-0.2666668,-0.4210223,-0.18192284,0.11221939,-0.4372202,-0.13555413,-0.6271168,0.24633655,-0.078080714,0.2224592,0.097130015,0.01986882,-0.041758507,-0.038756482
78,3731,0.12757984,0.12741402,0.18226841,0.1919941,-0.8138346,-0.6789473,-0.067258626,-0.14761147,0.51203257,-0.36101595,-0.54230237,-0.08015336,-0.5927353,-0.126348,0.09479436,-0.003358215
78,3734,0.23327452,0.20155057,0.27240744,0.27266544,0.16438802,-0.15140769,-0.34128866,0.11328974,-0.0040041655,-0.43870765,-0.48914772,0.13094214,-0.21724781,0.0988287,-0.03758339,0.3653127
78,3738,-0.07827306,-0.042550378,0.16902134,0.0022094026,-0.666445,-0.51991683,0.24322781,-0.14872065,0.65965116,-0.12554592,-0.22676308,-0.22182053,-0.43492517,-0.20524257,-0.04207264,-0.13751605
78,3741,0.18243346,0.034941364,-0.19484115,0.0046401396,-0.36860198,-0.10860157,-0.18291499,-0.62665373,-1.2164183,0.6924732,0.5118768,0.3887369,0.45149225,0.12687092,0.57432437,-0.4747269
78,3743,0.320823,0.1497196,0.084017396,0.095375665,0.1030668,0.07658605,-0.54181284,0.29260498,-0.0686418,-0.6517667,-0.4464883,0.2222892,-0.040587753,0.29410055,0.034000188,0.44354358
78,3745,0.16489738,0.030011717,-0.07536291,-0.19088405,0.09864028,0.24395299,-0.6127037,0.3202025,-0.22786383,-0.5187031,-0.3501388,0.24143264,0.08112703,0.29800543,-0.053859673,0.38397825
78,3773,0.052443765,0.098441795,0.20167503,0.22324741,-0.94472253,-0.8232746,0.023196988,-0.35449505,0.42596948,-0.16130574,-0.4954618,-0.072414875,-0.651254,-0.22467573,0.18307343,-0.1826492
78,3780,0.06748501,-0.14165175,-0.18912658,-0.06182769,-0.42085588,0.09542146,0.9352077,-0.14386588,0.43716455,0.46835622,0.994261,-0.32025924,0.38203686,0.11360179,0.39640903,-0.54312015
78,3781,0.10718642,-0.04591597,-0.0984947,-0.042506784,-0.12808621,0.19908512,0.6068558,0.1781227,0.6235765,-0.013790041,0.5773103,-0.2897784,0.2253039,0.13718556,0.12862605,-0.14673463
78,3783,0.2751636,0.17529689,0.11388547,0.09149111,-0.16004027,-0.123548426,-0.28177807,0.42892674,0.62448287,-0.8306656,-0.5558891,-0.044825125,-0.30843675,0.12403309,-0.14265037,0.46976063
78,3785,0.11823968,-0.08059148,-0.16121826,-0.085380174,0.23267199,0.5214261,0.78894615,0.30340147,0.64816445,0.04986754,0.9047737,-0.33716652,0.4802909,0.21615306,0.10763025,-0.14248347
78,3794,0.1757463,0.24967363,0.4545981,0.46212748,0.30967885,-0.30092663,-0.22041926,-0.004822843,-0.021046087,-0.26892492,-0.54207957,0.095745765,-0.32356983,-0.01721621,-0.08371359,0.35945114
78,3797,0.16995193,-0.0037837997,-0.24041912,-0.20898628,-0.22523859,0.16087964,-0.53749245,-0.14060074,-0.8758479,0.06965849,0.0967201,0.38996562,0.34814626,0.31402877,0.33499518,-0.029741697
78,3802,0.3223163,0.39700767,0.17518704,0.7494395,0.32657903,-0.20754069,0.14203003,-0.36057863,-0.70944434,0.499774,0.22310284,0.15214255,0.10266434,0.0030988455,0.33060682,-0.10627084
78,3813,-0.10033281,-0.02355463,0.24445733,0.04275749,-0.6328795,-0.6274693,0.13150308,-0.205484,0.6130892,-0.16195016,-0.4017533,-0.18561172,-0.57720464,-0.27685404,-0.11059907,-0.10988047
78,3818,-0.54077536,0.02535005,-0.28582078,-0.1171401,0.0038181245,-0.05122876,0.15200114,-0.41914445,-0.8834,1.2672352,0.22041747,-0.026942953,0.088503346,-0.3919671,-0.1554686,-0.273756
78,3820,0.029283391,-0.07656141,-0.04360693,-0.13963056,0.49493563,0.538988,0.5153174,0.4810981,0.78673965,-0.27827173,0.494388,-0.32128176,0.26957327,0.11254281,-0.21912766,0.14033833
78,3828,-0.012364179,0.32205546,0.8057167,0.7838543,0.52616614,-0.6541008,0.10259723,-0.30672422,-0.0024008602,0.15128309,-0.62137794,-0.03558498,-0.58105254,-0.3395695,-0.22029015,0.26019338
78,3834,-0.08934495,0.10512422,0.41299966,0.22099757,0.5629363,-0.087502114,-0.1605632,0.12434648,0.03672248,-0.15617134,-0.47750568,-0.0021355748,-0.23462763,-0.11027379,-0.3111403,0.40329012
78,3845,0.194141,-0.030072056,-0.30826938,-0.24613568,-0.28398076,0.2119984,-0.55881613,-0.18989623,-1.0703593,0.1832979,0.23373559,0.43233892,0.48559427,0.39027685,0.4639154,-0.08721369
78,3851,0.20364372,0.017306149,-0.21444288,-0.16058263,-0.22000077,0.13514498,-0.5350782,-0.15607625,-0.8779488,0.049312204,0.09318638,0.40646622,0.34424537,0.32103127,0.35838896,-0.035259344
78,3866,0.21202324,0.15127745,0.13574256,0.09754536,-0.31185544,-0.250849,-0.20099796,0.31809044,0.6682302,-0.72855973,-0.5568036,-0.08226357,-0.39260668,0.047837257,-0.12767842,0.36605114
78,3869,0.16872063,0.1436241,0.17182449,0.17963496,-0.7031451,-0.5768455,-0.11526415,-0.009952411,0.57087564,-0.4854923,-0.567786,-0.082977,-0.5528105,-0.066048786,0.03315839,0.11329634
78,3878,0.35868758,0.11020434,-0.07836638,-0.022535458,-0.08682128,0.14921868,-0.6536326,0.07192982,-0.59994763,-0.40901268,-0.16178873,0.42014667,0.23999442,0.43289798,0.3037171,0.20751181
78,3880,-1.3745987,-0.7506563,-0.24618676,-0.6690302,1.0412498,0.3090953,-0.11234387,-0.26741552,-0.2967738,0.72279716,-0.25266775,-0.04737178,-0.1508381,-0.9810264,-0.97244537,-0.4722474
78,3889,0.08397034,-0.11145965,-0.15857878,-0.08452107,-0.0056384653,0.3435421,0.84037656,0.11346465,0.5491806,0.23130152,0.9303806,-0.3337442,0.42796546,0.15699144,0.203332,-0.3053686
78,3892,0.1648075,0.007585399,-0.14592874,-0.24246189,0.076458305,0.30588084,-0.65700084,0.27871105,-0.4009863,-0.44077697,-0.25292212,0.2937034,0.1873899,0.35136136,0.019081682,0.34124863
78,3906,-0.30116343,-0.21772072,0.2375488,-0.15096068,-0.24780816,-0.38904274,0.3564086,-0.19833279,0.61285496,0.08590186,-0.1042822,-0.28991467,-0.3879304,-0.3702468,-0.29013255,-0.21191663
78,3935,0.28615856,0.08311094,-0.09045812,-0.08814377,-0.041067116,0.18044063,-0.6549198,0.13151288,-0.5074977,-0.42483783,-0.22527227,0.3733118,0.18561418,0.38403523,0.18643045,0.25246254
78,3941,0.35965294,0.50646996,0.27849445,0.99258745,0.56744266,-0.23668246,0.23866257,-0.31915373,-0.6708892,0.5293218,0.15993088,0.10156963,0.033337474,-0.03698816,0.30212563,-0.02105207
78,3943,0.50573355,1.0008901,0.74915904,2.1289563,1.7640612,-0.35743642,0.6494487,-0.14409807,-0.64178103,0.74824727,-0.17063501,-0.11913881,-0.26271102,-0.22218618,0.22818261,0.37550128
78,3944,0.028525196,-0.0007141605,0.07488454,-0.075809285,0.10898788,0.13944998,0.19427139,0.4134054,0.827548,-0.5113611,-0.06694122,-0.24599957,-0.10873348,0.012900248,-0.27492797,0.24771515
78,3950,0.48462105,0.9838827,0.75619954,2.0890403,1.7559004,-0.36390537,0.6406339,-0.13473979,-0.6278567,0.73826265,-0.20221862,-0.13268237,-0.27595088,-0.23798224,0.21116239,0.3827338
78,3955,-0.14583063,-0.068804376,-0.33891183,-0.30927724,-0.27853873,0.09509584,-0.27813727,-0.33010325,-1.0134108,0.65690076,0.25818232,0.24053803,0.3341998,0.05652383,0.22058156,-0.22733617
78,3962,0.07776736,-0.11880932,-0.16046125,-0.08050999,-0.109556705,0.27292904,0.8559883,0.04260164,0.5093311,0.29436108,0.938287,-0.32832593,0.41000438,0.14024526,0.2487663,-0.36552528
78,3971,-0.018722527,-0.019636549,0.11532775,-0.08315831,0.045712113,0.031995878,0.16279235,0.34530786,0.81977636,-0.4834481,-0.15929832,-0.24567771,-0.20564114,-0.0542045,-0.31162155,0.21931061
78,3981,0.0945047,0.017125983,-0.15958795,-0.19962698,-0.13769004,0.10647169,-0.5442243,-0.055429414,-0.6200849,-0.06670265,-0.13727057,0.3301518,0.14758651,0.21268827,0.1299474,0.07501705
78,3982,0.31060773,0.19951239,0.12923369,0.1455904,-0.2430521,-0.20267275,-0.30109847,0.3717568,0.6014525,-0.8296987,-0.59527755,-0.024552338,-0.35633135,0.12681396,-0.10224424,0.4491576
78,3985,-0.51333946,-0.045595348,-0.37070918,-0.2545723,-0.122452974,0.0069455206,0.033864997,-0.43250597,-0.97458917,1.20441,0.26185063,0.0459866,0.16667332,-0.3027465,-0.066526674,-0.31329766
78,3989,-0.0793574,-0.034832872,0.19573265,-0.030321725,-0.3084314,-0.32514587,0.14661303,0.064670436,0.74528855,-0.32290828,-0.3096421,-0.22590254,-0.42373198,-0.18454686,-0.24244094,0.054994047
78,3999,0.33750027,0.10058033,-0.079658754,-0.041875802,-0.08875869,0.14927083,-0.6282269,0.080850735,-0.5674397,-0.39790627,-0.1590841,0.38988325,0.22911684,0.4124531,0.27973506,0.20832366
78,4021,0.28275552,0.179924,0.1163355,0.10159197,-0.1714645,-0.13392904,-0.2861264,0.4269727,0.62970006,-0.8388119,-0.56546986,-0.041663982,-0.316998,0.12652062,-0.13749905,0.47218105
78,4026,0.20713641,0.13710016,0.10848273,0.030767508,-0.09726643,-0.067867965,-0.23072293,0.45984468,0.67080075,-0.7999362,-0.5109674,-0.081106186,-0.28309742,0.09180713,-0.19736926,0.46130592
78,4028,0.10170291,-0.09989072,-0.1665738,-0.10328343,0.27218413,0.5453088,0.8330044,0.2732574,0.6092018,0.11851385,0.9728898,-0.34486264,0.5178431,0.20568967,0.11178672,-0.18397602
78,4030,-1.2372979,-0.67231196,-0.17145169,-0.6204939,0.93013585,0.24132687,-0.124569744,-0.22579956,-0.20426457,0.59820044,-0.30693883,-0.04864657,-0.20531611,-0.8900979,-0.92434883,-0.38596436
78,4031,0.12660265,-0.06487984,-0.34743968,-0.34547523,-0.23379964,0.2929562,-0.6140045,-0.08863514,-0.9963475,0.11817488,0.15610325,0.41306928,0.4508617,0.3832635,0.35136604,-0.0037378669
78,4042,-0.7019021,-0.40978605,0.01904057,-0.5296823,0.52429914,0.06963956,-0.1986068,0.030925531,0.1950385,0.073920846,-0.46673,-0.069427356,-0.3953848,-0.51575494,-0.766545,-0.038020827
78,4053,0.3223163,0.39700767,0.17518704,0.7494395,0.32657903,-0.20754069,0.14203003,-0.36057863,-0.70944434,0.499774,0.22310284,0.15214255,0.10266434,0.0030988455,0.33060682,-0.10627084
78,4055,0.18394968,0.14964546,0.16785005,0.17095092,-0.6367313,-0.52076066,-0.1361202,0.05811155,0.6004303,-0.5444898,-0.57677877,-0.083956294,-0.530473,-0.039406322,-0.001766026,0.17044663
78,4060,-0.30814487,-0.08261568,-0.37278408,-0.33430564,-0.24513882,0.07347183,-0.17333917,-0.36761484,-1.001647,0.8678764,0.2586644,0.16437942,0.27262223,-0.0820785,0.104368284,-0.26716062
78,4069,0.1067052,-0.07426023,-0.13425454,-0.059026342,0.0012419373,0.33401093,0.7348049,0.21360022,0.65154755,0.053654194,0.76911163,-0.32253724,0.34881002,0.17183849,0.14177662,-0.18154511
78,4072,0.35082686,0.11343432,-0.07072712,-0.018597648,-0.07884606,0.13972208,-0.6524947,0.07181026,-0.57864857,-0.41498756,-0.18155456,0.416684,0.21883608,0.41859317,0.28408727,0.2094099
78,4073,0.27778557,0.864647,0.6188361,1.7857645,1.5212184,-0.34474987,0.61989367,-0.18919846,-0.6450917,0.9008299,-0.14274326,-0.13822012,-0.24414496,-0.32258612,0.08811715,0.2846036
78,4080,0.3186744,0.080802135,-0.130029,-0.038147323,-0.18350749,0.0995975,-0.5612552,-0.105394416,-0.79670703,-0.13190545,0.024724603,0.43054256,0.3206662,0.38314214,0.40163958,0.031046398
78,4084,0.12615772,-0.06445449,-0.34831542,-0.3465457,-0.23048647,0.29599947,-0.6219775,-0.08360479,-0.99429375,0.1096552,0.14747754,0.41690227,0.44789296,0.38501146,0.34704039,0.002274491
78,4089,0.104110196,-0.07553271,-0.13482824,-0.06903659,0.054608315,0.36584815,0.73226064,0.22410607,0.63335246,0.055809557,0.78241,-0.32216784,0.36833215,0.17278196,0.12674001,-0.17229474
78,4093,0.3628568,0.11636418,-0.07106296,-0.011280015,-0.08456036,0.13991866,-0.65654624,0.06669509,-0.59576905,-0.41535956,-0.17188236,0.42558005,0.23063941,0.43025517,0.30290848,0.2061671
78,4096,-0.28142685,-0.19536388,0.2463418,-0.11272499,-0.4558422,-0.52878106,0.3316067,-0.27697092,0.5962251,0.1010173,-0.1724568,-0.2697947,-0.4585489,-0.3789029,-0.21183379,-0.25462276
78,4101,0.16714887,-0.0347682,-0.3020149,-0.2732907,-0.2432003,0.23376414,-0.5786355,-0.12512952,-0.9787411,0.10913628,0.16079772,0.4123573,0.43546516,0.3741971,0.38458943,-0.029216327
78,4116,0.07685833,-0.13718969,-0.19106558,-0.06833288,-0.29604617,0.18548226,0.93822086,-0.07212029,0.46607,0.42458466,1.0236605,-0.3290816,0.42347717,0.13612697,0.3590753,-0.4921228
78,4122,0.073194645,-0.053725146,-0.067621775,-0.121405095,0.49929076,0.5874897,0.528742,0.52363527,0.7969314,-0.3080944,0.5406736,-0.31514785,0.32271504,0.16434506,-0.17796114,0.15962157
78,4125,0.02853337,-0.14258808,-0.15269119,-0.03390307,-0.86342746,-0.26373443,0.8386531,-0.37322372,0.35956275,0.53946984,0.7577468,-0.2780509,0.15856598,0.012008093,0.47417295,-0.6612952
78,4132,-0.057751194,-0.110542886,-0.08573114,-0.38482702,0.48668236,0.51128495,-0.46714565,0.60997623,0.16574591,-0.6174116,-0.3028815,0.050707884,0.099305406,0.16906053,-0.3297764,0.5250512
78,4155,-0.055836245,-0.041488625,0.029842675,-0.23969111,0.46518618,0.36559483,-0.3895201,0.475075,0.11114574,-0.49980524,-0.32816365,0.037264325,0.045163646,0.11711568,-0.30249536,0.48646128
78,4158,0.16220605,-0.035201415,-0.3003177,-0.27558708,-0.240631,0.2325896,-0.5768305,-0.12125068,-0.9665111,0.104974,0.15313798,0.40777805,0.4272732,0.36829808,0.37450147,-0.02579198
78,4159,-0.078018054,0.049336057,0.26797086,0.04393574,0.51430213,0.07605037,-0.24526891,0.25072786,0.067439646,-0.28382936,-0.42194614,0.010855734,-0.13367751,-0.028342977,-0.30953345,0.42891926
78,4166,-0.0592871,-0.02214747,0.084209844,-0.17577934,0.49278665,0.31300437,-0.36178032,0.43611604,0.10088953,-0.45895875,-0.34785274,0.03353756,0.012849048,0.09122048,-0.30527163,0.48464593
78,4169,0.21550299,0.14103046,0.109143294,0.03730797,-0.0988695,-0.06832031,-0.23599458,0.46839112,0.6801007,-0.8144814,-0.51831925,-0.0783165,-0.28532296,0.09844872,-0.1954074,0.4704073
78,4192,-1.3727212,-0.74789715,-0.23958945,-0.65955126,1.0370566,0.30110806,-0.11139439,-0.27308762,-0.29541308,0.7199278,-0.25719744,-0.046193555,-0.15312186,-0.98133266,-0.96889305,-0.47349247
78,4197,0.12708633,-0.08218888,-0.1760965,-0.100894816,0.38674223,0.6433451,0.8161993,0.37067038,0.6561886,0.0323219,0.9797431,-0.34610727,0.5594923,0.24562672,0.07835545,-0.10639235
78,4200,-0.04065104,0.05550758,0.22891861,0.22824788,-1.0624015,-0.9645195,0.11888348,-0.5732094,0.33164704,0.055881202,-0.43548533,-0.07167019,-0.7000899,-0.3355889,0.24850199,-0.36922723
78,4204,-0.35899305,-0.20230472,0.07908672,-0.2945183,0.22698914,-0.073068306,-0.23589686,0.106493056,0.33262858,-0.21571296,-0.5393479,-0.050636422,-0.42941463,-0.31168947,-0.54389143,0.10996744
78,4217,0.20643349,-0.024619564,-0.3069495,-0.23161516,-0.28355435,0.20850083,-0.5667886,-0.2023513,-1.0950338,0.18730137,0.2401143,0.44975325,0.49434787,0.39793423,0.48023915,-0.09422854
78,4219,0.11915182,-0.09648175,-0.18321371,-0.10303474,0.36377233,0.6356145,0.86175257,0.33987746,0.6507487,0.08562961,1.0308448,-0.35501617,0.575331,0.24094397,0.101377204,-0.15011927
78,4225,-0.05149702,-0.12250354,-0.0075832084,-0.17491868,0.4911859,0.461881,0.5041236,0.40741944,0.77519435,-0.2166633,0.42927876,-0.33446553,0.18712492,0.022056445,-0.2893223,0.09890409
78,4238,-0.03851527,-0.022739224,0.13342752,-0.025094897,-0.37429723,-0.27359435,0.22411314,0.047649395,0.69610417,-0.2554007,-0.15771309,-0.22763664,-0.30305633,-0.12363959,-0.12094201,0.0005586669
78,4255,0.10396476,-0.10260647,-0.17235485,-0.1030963,0.2840352,0.5624138,0.85125357,0.2804796,0.61878586,0.12402159,0.9984391,-0.3495513,0.53391385,0.2127361,0.11626071,-0.18758234
78,4262,-0.09420866,-0.027261473,0.23350361,0.022092067,-0.5504682,-0.5500396,0.13442251,-0.12927526,0.65629137,-0.21013148,-0.38295862,-0.19843423,-0.5402638,-0.25180262,-0.1504058,-0.06296963
78,4268,0.08120398,-0.13416287,-0.18303508,-0.07782718,-0.13701706,0.2867962,0.933421,0.01816418,0.5130774,0.36076674,1.0383308,-0.34145746,0.4571435,0.15374778,0.2967587,-0.42167303
78,4273,0.0113576725,-0.004029751,0.092956394,-0.07866945,0.0777982,0.088311225,0.16521546,0.38176852,0.80866265,-0.503501,-0.11939822,-0.24055696,-0.15384735,-0.015794292,-0.28914332,0.24041954
78,4277,0.010832086,-0.012633026,-0.17485273,-0.25792366,-0.15009812,0.09084329,-0.4896656,-0.0741641,-0.57703865,0.016162246,-0.13531396,0.2744925,0.10678865,0.1358663,0.059175298,0.045512423
78,4280,-0.19338219,-0.18029857,-0.11042345,-0.42591023,0.5398433,0.49340793,-0.43110287,0.5240229,0.120182194,-0.4788045,-0.29257226,0.03768029,0.071894154,0.05085981,-0.39856386,0.4193983
78,4300,-0.007343348,-0.010652423,0.10700949,-0.037237078,-0.22304973,-0.13202699,0.21966639,0.1679164,0.7320191,-0.33611444,-0.11284299,-0.2319237,-0.22521049,-0.06849942,-0.1546237,0.07896969
78,4301,0.037912,-0.1618881,-0.1835185,-0.035271548,-0.79577637,-0.16951214,0.9509102,-0.34233066,0.40403378,0.5884863,0.9159781,-0.3066479,0.25294286,0.047863968,0.50309896,-0.69328576
78,4305,0.037912,-0.1618881,-0.1835185,-0.035271548,-0.79577637,-0.16951214,0.9509102,-0.34233066,0.40403378,0.5884863,0.9159781,-0.3066479,0.25294286,0.047863968,0.50309896,-0.69328576
78,4309,-1.1259048,-0.6281274,-0.21927178,-0.62794316,0.9057516,0.323123,-0.18636641,-0.10423016,-0.18961065,0.46910015,-0.28593796,-0.030138038,-0.14135231,-0.77465624,-0.8698505,-0.28697845
78,4316,-0.08468507,0.28475815,0.80522895,0.7126837,0.5550322,-0.61952245,0.1188566,-0.28374338,-0.008745238,0.19943157,-0.6084713,-0.07171941,-0.54900086,-0.3549315,-0.28355038,0.2695637
78,4329,-0.07514676,-0.034267306,0.1892179,-0.04046233,-0.26996076,-0.2900759,0.14157188,0.09395705,0.74805737,-0.33999273,-0.30165094,-0.22782928,-0.40460473,-0.1731326,-0.25642443,0.07437624
78,4344,0.07905329,-0.13601628,-0.19003212,-0.07125691,-0.24562168,0.21954086,0.93824327,-0.043437473,0.47984475,0.40571454,1.0316234,-0.33301675,0.43682587,0.14311439,0.34130102,-0.47075436
78,4346,0.19241908,0.055928852,-0.038500346,-0.13880791,0.06558487,0.18547606,-0.58946085,0.29751128,-0.18301646,-0.53869873,-0.3795935,0.23145887,0.037840858,0.2822654,-0.043763407,0.37758985
